Copyright 1986-2022 Xilinx, Inc. All Rights Reserved. Copyright 2022-2025 Advanced Micro Devices, Inc. All Rights Reserved.
---------------------------------------------------------------------------------------------------------------------------------------------------------------------------
| Tool Version : Vivado v.2025.2 (win64) Build 6299465 Fri Nov 14 19:35:11 GMT 2025
| Date         : Sat Sep 26 21:49:29 2026
| Host         : OMENMAX running 64-bit major release  (build 9200)
| Command      : report_timing -delay_type max -max_paths 100 -nworst 1 -file V:/_synth_bc/postroute200_v2_pressure000_try2/reports/after_physopt_pressure/setup_paths.rpt
| Design       : c_synth_top
| Device       : 7a200t-fbg484
| Speed File   : -2  PRODUCTION 1.23 2018-06-13
| Design State : Physopt postRoute
---------------------------------------------------------------------------------------------------------------------------------------------------------------------------

Timing Report

Slack (VIOLATED) :        -0.403ns  (required time - arrival time)
  Source:                 u_top/u_core/u_b/u_b_core/core/core/l5/gk.frontend/win/col_d_reg[9]/C
                            (rising edge-triggered cell FDRE clocked by u_top_n_1646  {rise@0.000ns fall@2.500ns period=5.000ns})
  Destination:            u_top/u_core/u_b/u_b_core/core/core/l5/gk.frontend/win/shift_reg[5][221]/R
                            (rising edge-triggered cell FDRE clocked by u_top_n_1646  {rise@0.000ns fall@2.500ns period=5.000ns})
  Path Group:             u_top_n_1646
  Path Type:              Setup (Max at Slow Process Corner)
  Requirement:            5.000ns  (u_top_n_1646 rise@5.000ns - u_top_n_1646 rise@0.000ns)
  Data Path Delay:        4.667ns  (logic 0.694ns (14.871%)  route 3.973ns (85.129%))
  Logic Levels:           3  (LUT4=1 LUT5=2)
  Clock Path Skew:        -0.244ns (DCD - SCD + CPR)
    Destination Clock Delay (DCD):    5.484ns = ( 10.484 - 5.000 ) 
    Source Clock Delay      (SCD):    5.951ns
    Clock Pessimism Removal (CPR):    0.223ns
  Clock Uncertainty:      0.069ns  ((TSJ^2 + DJ^2)^1/2) / 2 + PE + UU
    Total System Jitter     (TSJ):    0.071ns
    Discrete Jitter          (DJ):    0.118ns
    Phase Error              (PE):    0.000ns
    User Uncertainty         (UU):    0.000ns

    Location             Delay type                Incr(ns)  Path(ns)    Netlist Resource(s)
  -------------------------------------------------------------------    -------------------
                         (clock u_top_n_1646 rise edge)
                                                      0.000     0.000 r  
    W19                                               0.000     0.000 r  sys_clk (IN)
                         net (fo=0)                   0.000     0.000    sys_clk
    W19                  IBUF (Prop_ibuf_I_O)         1.440     1.440 r  sys_clk_IBUF_inst/O
                         net (fo=1, routed)           1.065     2.505    u_top/sys_clk_IBUF
    MMCME2_ADV_X0Y2      MMCME2_ADV (Prop_mmcme2_adv_CLKIN1_CLKOUT0)
                                                      0.077     2.582 r  u_top/g_mmcm.u_mmcm/CLKOUT0
                         net (fo=1, routed)           1.559     4.141    u_top_n_1646
    BUFGCTRL_X0Y1        BUFG (Prop_bufg_I_O)         0.081     4.222 r  multiplier_s1_reg[29]_i_2_replica/O
                         net (fo=3, routed)           0.118     4.340    clk_200_repN
    BUFGCTRL_X0Y0        BUFG (Prop_bufg_I_O)         0.081     4.421 r  multiplier_s1_reg[29]_i_2/O
                         net (fo=62262, routed)       1.530     5.951    u_top/u_core/u_b/u_b_core/core/core/l5/gk.frontend/win/clk_200
    SLICE_X81Y98         FDRE                                         r  u_top/u_core/u_b/u_b_core/core/core/l5/gk.frontend/win/col_d_reg[9]/C
  -------------------------------------------------------------------    -------------------
    SLICE_X81Y98         FDRE (Prop_fdre_C_Q)         0.379     6.330 f  u_top/u_core/u_b/u_b_core/core/core/l5/gk.frontend/win/col_d_reg[9]/Q
                         net (fo=2, routed)           0.908     7.238    u_top/u_core/u_b/u_b_core/core/core/l5/gk.frontend/win/col_d[9]
    SLICE_X69Y100        LUT4 (Prop_lut4_I2_O)        0.105     7.343 f  u_top/u_core/u_b/u_b_core/core/core/l5/gk.frontend/win/window_valid_i_2__1_replica/O
                         net (fo=1, routed)           0.709     8.052    u_top/u_core/u_b/u_b_core/core/core/l5/gk.frontend/win/window_valid_i_2__1_n_0_repN
    SLICE_X57Y102        LUT5 (Prop_lut5_I0_O)        0.105     8.157 f  u_top/u_core/u_b/u_b_core/core/core/l5/gk.frontend/win/shift[3][255]_i_2/O
                         net (fo=1, routed)           0.327     8.484    u_top/u_core/u_b/u_b_core/core/core/l5/gk.frontend/win/shift[3][255]_i_2_n_0
    SLICE_X55Y103        LUT5 (Prop_lut5_I1_O)        0.105     8.589 r  u_top/u_core/u_b/u_b_core/core/core/l5/gk.frontend/win/shift[3][255]_i_1/O
                         net (fo=5120, routed)        2.029    10.618    u_top/u_core/u_b/u_b_core/core/core/l5/gk.frontend/win/shift[3][255]_i_1_n_0
    SLICE_X66Y128        FDRE                                         r  u_top/u_core/u_b/u_b_core/core/core/l5/gk.frontend/win/shift_reg[5][221]/R
  -------------------------------------------------------------------    -------------------

                         (clock u_top_n_1646 rise edge)
                                                      5.000     5.000 r  
    W19                                               0.000     5.000 r  sys_clk (IN)
                         net (fo=0)                   0.000     5.000    sys_clk
    W19                  IBUF (Prop_ibuf_I_O)         1.374     6.374 r  sys_clk_IBUF_inst/O
                         net (fo=1, routed)           1.004     7.378    u_top/sys_clk_IBUF
    MMCME2_ADV_X0Y2      MMCME2_ADV (Prop_mmcme2_adv_CLKIN1_CLKOUT0)
                                                      0.073     7.451 r  u_top/g_mmcm.u_mmcm/CLKOUT0
                         net (fo=1, routed)           1.488     8.938    u_top_n_1646
    BUFGCTRL_X0Y1        BUFG (Prop_bufg_I_O)         0.077     9.015 r  multiplier_s1_reg[29]_i_2_replica/O
                         net (fo=3, routed)           0.112     9.127    clk_200_repN
    BUFGCTRL_X0Y0        BUFG (Prop_bufg_I_O)         0.077     9.204 r  multiplier_s1_reg[29]_i_2/O
                         net (fo=62262, routed)       1.280    10.484    u_top/u_core/u_b/u_b_core/core/core/l5/gk.frontend/win/clk_200
    SLICE_X66Y128        FDRE                                         r  u_top/u_core/u_b/u_b_core/core/core/l5/gk.frontend/win/shift_reg[5][221]/C
                         clock pessimism              0.223    10.707    
                         clock uncertainty           -0.069    10.638    
    SLICE_X66Y128        FDRE (Setup_fdre_C_R)       -0.423    10.215    u_top/u_core/u_b/u_b_core/core/core/l5/gk.frontend/win/shift_reg[5][221]
  -------------------------------------------------------------------
                         required time                         10.215    
                         arrival time                         -10.618    
  -------------------------------------------------------------------
                         slack                                 -0.403    

Slack (VIOLATED) :        -0.389ns  (required time - arrival time)
  Source:                 u_top/u_core/u_b/u_b_core/core/core/l5/gk.frontend/fifo/count_reg[2]_replica/C
                            (rising edge-triggered cell FDRE clocked by u_top_n_1646  {rise@0.000ns fall@2.500ns period=5.000ns})
  Destination:            u_top/u_core/u_b/u_b_core/core/core/l5/mac/issue/out_window_reg[6098]/CE
                            (rising edge-triggered cell FDRE clocked by u_top_n_1646  {rise@0.000ns fall@2.500ns period=5.000ns})
  Path Group:             u_top_n_1646
  Path Type:              Setup (Max at Slow Process Corner)
  Requirement:            5.000ns  (u_top_n_1646 rise@5.000ns - u_top_n_1646 rise@0.000ns)
  Data Path Delay:        5.069ns  (logic 0.589ns (11.619%)  route 4.480ns (88.381%))
  Logic Levels:           2  (LUT3=1 LUT6=1)
  Clock Path Skew:        -0.115ns (DCD - SCD + CPR)
    Destination Clock Delay (DCD):    5.494ns = ( 10.494 - 5.000 ) 
    Source Clock Delay      (SCD):    5.832ns
    Clock Pessimism Removal (CPR):    0.223ns
  Clock Uncertainty:      0.069ns  ((TSJ^2 + DJ^2)^1/2) / 2 + PE + UU
    Total System Jitter     (TSJ):    0.071ns
    Discrete Jitter          (DJ):    0.118ns
    Phase Error              (PE):    0.000ns
    User Uncertainty         (UU):    0.000ns

    Location             Delay type                Incr(ns)  Path(ns)    Netlist Resource(s)
  -------------------------------------------------------------------    -------------------
                         (clock u_top_n_1646 rise edge)
                                                      0.000     0.000 r  
    W19                                               0.000     0.000 r  sys_clk (IN)
                         net (fo=0)                   0.000     0.000    sys_clk
    W19                  IBUF (Prop_ibuf_I_O)         1.440     1.440 r  sys_clk_IBUF_inst/O
                         net (fo=1, routed)           1.065     2.505    u_top/sys_clk_IBUF
    MMCME2_ADV_X0Y2      MMCME2_ADV (Prop_mmcme2_adv_CLKIN1_CLKOUT0)
                                                      0.077     2.582 r  u_top/g_mmcm.u_mmcm/CLKOUT0
                         net (fo=1, routed)           1.559     4.141    u_top_n_1646
    BUFGCTRL_X0Y1        BUFG (Prop_bufg_I_O)         0.081     4.222 r  multiplier_s1_reg[29]_i_2_replica/O
                         net (fo=3, routed)           0.118     4.340    clk_200_repN
    BUFGCTRL_X0Y0        BUFG (Prop_bufg_I_O)         0.081     4.421 r  multiplier_s1_reg[29]_i_2/O
                         net (fo=62262, routed)       1.411     5.832    u_top/u_core/u_b/u_b_core/core/core/l5/gk.frontend/fifo/clk_200
    SLICE_X55Y104        FDRE                                         r  u_top/u_core/u_b/u_b_core/core/core/l5/gk.frontend/fifo/count_reg[2]_replica/C
  -------------------------------------------------------------------    -------------------
    SLICE_X55Y104        FDRE (Prop_fdre_C_Q)         0.379     6.211 r  u_top/u_core/u_b/u_b_core/core/core/l5/gk.frontend/fifo/count_reg[2]_replica/Q
                         net (fo=11, routed)          1.172     7.383    u_top/u_core/u_b/u_b_core/core/core/l5/gk.frontend/fifo/count_reg[2]_0[0]_repN
    SLICE_X48Y127        LUT3 (Prop_lut3_I0_O)        0.105     7.488 r  u_top/u_core/u_b/u_b_core/core/core/l5/gk.frontend/fifo/out_phase[0]_i_3/O
                         net (fo=22, routed)          0.717     8.206    u_top/u_core/u_b/u_b_core/core/core/l5/mac/issue/window_valid
    SLICE_X49Y140        LUT6 (Prop_lut6_I2_O)        0.105     8.311 r  u_top/u_core/u_b/u_b_core/core/core/l5/mac/issue/out_window[6399]_i_1/O
                         net (fo=6400, routed)        2.591    10.901    u_top/u_core/u_b/u_b_core/core/core/l5/mac/issue/out_window[6399]_i_1_n_0
    SLICE_X88Y101        FDRE                                         r  u_top/u_core/u_b/u_b_core/core/core/l5/mac/issue/out_window_reg[6098]/CE
  -------------------------------------------------------------------    -------------------

                         (clock u_top_n_1646 rise edge)
                                                      5.000     5.000 r  
    W19                                               0.000     5.000 r  sys_clk (IN)
                         net (fo=0)                   0.000     5.000    sys_clk
    W19                  IBUF (Prop_ibuf_I_O)         1.374     6.374 r  sys_clk_IBUF_inst/O
                         net (fo=1, routed)           1.004     7.378    u_top/sys_clk_IBUF
    MMCME2_ADV_X0Y2      MMCME2_ADV (Prop_mmcme2_adv_CLKIN1_CLKOUT0)
                                                      0.073     7.451 r  u_top/g_mmcm.u_mmcm/CLKOUT0
                         net (fo=1, routed)           1.488     8.938    u_top_n_1646
    BUFGCTRL_X0Y1        BUFG (Prop_bufg_I_O)         0.077     9.015 r  multiplier_s1_reg[29]_i_2_replica/O
                         net (fo=3, routed)           0.112     9.127    clk_200_repN
    BUFGCTRL_X0Y0        BUFG (Prop_bufg_I_O)         0.077     9.204 r  multiplier_s1_reg[29]_i_2/O
                         net (fo=62262, routed)       1.290    10.494    u_top/u_core/u_b/u_b_core/core/core/l5/mac/issue/clk_200
    SLICE_X88Y101        FDRE                                         r  u_top/u_core/u_b/u_b_core/core/core/l5/mac/issue/out_window_reg[6098]/C
                         clock pessimism              0.223    10.717    
                         clock uncertainty           -0.069    10.648    
    SLICE_X88Y101        FDRE (Setup_fdre_C_CE)      -0.136    10.512    u_top/u_core/u_b/u_b_core/core/core/l5/mac/issue/out_window_reg[6098]
  -------------------------------------------------------------------
                         required time                         10.512    
                         arrival time                         -10.901    
  -------------------------------------------------------------------
                         slack                                 -0.389    

Slack (VIOLATED) :        -0.389ns  (required time - arrival time)
  Source:                 u_top/u_core/u_b/u_b_core/core/core/l5/gk.frontend/fifo/count_reg[2]_replica/C
                            (rising edge-triggered cell FDRE clocked by u_top_n_1646  {rise@0.000ns fall@2.500ns period=5.000ns})
  Destination:            u_top/u_core/u_b/u_b_core/core/core/l5/mac/issue/out_window_reg[6099]/CE
                            (rising edge-triggered cell FDRE clocked by u_top_n_1646  {rise@0.000ns fall@2.500ns period=5.000ns})
  Path Group:             u_top_n_1646
  Path Type:              Setup (Max at Slow Process Corner)
  Requirement:            5.000ns  (u_top_n_1646 rise@5.000ns - u_top_n_1646 rise@0.000ns)
  Data Path Delay:        5.069ns  (logic 0.589ns (11.619%)  route 4.480ns (88.381%))
  Logic Levels:           2  (LUT3=1 LUT6=1)
  Clock Path Skew:        -0.115ns (DCD - SCD + CPR)
    Destination Clock Delay (DCD):    5.494ns = ( 10.494 - 5.000 ) 
    Source Clock Delay      (SCD):    5.832ns
    Clock Pessimism Removal (CPR):    0.223ns
  Clock Uncertainty:      0.069ns  ((TSJ^2 + DJ^2)^1/2) / 2 + PE + UU
    Total System Jitter     (TSJ):    0.071ns
    Discrete Jitter          (DJ):    0.118ns
    Phase Error              (PE):    0.000ns
    User Uncertainty         (UU):    0.000ns

    Location             Delay type                Incr(ns)  Path(ns)    Netlist Resource(s)
  -------------------------------------------------------------------    -------------------
                         (clock u_top_n_1646 rise edge)
                                                      0.000     0.000 r  
    W19                                               0.000     0.000 r  sys_clk (IN)
                         net (fo=0)                   0.000     0.000    sys_clk
    W19                  IBUF (Prop_ibuf_I_O)         1.440     1.440 r  sys_clk_IBUF_inst/O
                         net (fo=1, routed)           1.065     2.505    u_top/sys_clk_IBUF
    MMCME2_ADV_X0Y2      MMCME2_ADV (Prop_mmcme2_adv_CLKIN1_CLKOUT0)
                                                      0.077     2.582 r  u_top/g_mmcm.u_mmcm/CLKOUT0
                         net (fo=1, routed)           1.559     4.141    u_top_n_1646
    BUFGCTRL_X0Y1        BUFG (Prop_bufg_I_O)         0.081     4.222 r  multiplier_s1_reg[29]_i_2_replica/O
                         net (fo=3, routed)           0.118     4.340    clk_200_repN
    BUFGCTRL_X0Y0        BUFG (Prop_bufg_I_O)         0.081     4.421 r  multiplier_s1_reg[29]_i_2/O
                         net (fo=62262, routed)       1.411     5.832    u_top/u_core/u_b/u_b_core/core/core/l5/gk.frontend/fifo/clk_200
    SLICE_X55Y104        FDRE                                         r  u_top/u_core/u_b/u_b_core/core/core/l5/gk.frontend/fifo/count_reg[2]_replica/C
  -------------------------------------------------------------------    -------------------
    SLICE_X55Y104        FDRE (Prop_fdre_C_Q)         0.379     6.211 r  u_top/u_core/u_b/u_b_core/core/core/l5/gk.frontend/fifo/count_reg[2]_replica/Q
                         net (fo=11, routed)          1.172     7.383    u_top/u_core/u_b/u_b_core/core/core/l5/gk.frontend/fifo/count_reg[2]_0[0]_repN
    SLICE_X48Y127        LUT3 (Prop_lut3_I0_O)        0.105     7.488 r  u_top/u_core/u_b/u_b_core/core/core/l5/gk.frontend/fifo/out_phase[0]_i_3/O
                         net (fo=22, routed)          0.717     8.206    u_top/u_core/u_b/u_b_core/core/core/l5/mac/issue/window_valid
    SLICE_X49Y140        LUT6 (Prop_lut6_I2_O)        0.105     8.311 r  u_top/u_core/u_b/u_b_core/core/core/l5/mac/issue/out_window[6399]_i_1/O
                         net (fo=6400, routed)        2.591    10.901    u_top/u_core/u_b/u_b_core/core/core/l5/mac/issue/out_window[6399]_i_1_n_0
    SLICE_X88Y101        FDRE                                         r  u_top/u_core/u_b/u_b_core/core/core/l5/mac/issue/out_window_reg[6099]/CE
  -------------------------------------------------------------------    -------------------

                         (clock u_top_n_1646 rise edge)
                                                      5.000     5.000 r  
    W19                                               0.000     5.000 r  sys_clk (IN)
                         net (fo=0)                   0.000     5.000    sys_clk
    W19                  IBUF (Prop_ibuf_I_O)         1.374     6.374 r  sys_clk_IBUF_inst/O
                         net (fo=1, routed)           1.004     7.378    u_top/sys_clk_IBUF
    MMCME2_ADV_X0Y2      MMCME2_ADV (Prop_mmcme2_adv_CLKIN1_CLKOUT0)
                                                      0.073     7.451 r  u_top/g_mmcm.u_mmcm/CLKOUT0
                         net (fo=1, routed)           1.488     8.938    u_top_n_1646
    BUFGCTRL_X0Y1        BUFG (Prop_bufg_I_O)         0.077     9.015 r  multiplier_s1_reg[29]_i_2_replica/O
                         net (fo=3, routed)           0.112     9.127    clk_200_repN
    BUFGCTRL_X0Y0        BUFG (Prop_bufg_I_O)         0.077     9.204 r  multiplier_s1_reg[29]_i_2/O
                         net (fo=62262, routed)       1.290    10.494    u_top/u_core/u_b/u_b_core/core/core/l5/mac/issue/clk_200
    SLICE_X88Y101        FDRE                                         r  u_top/u_core/u_b/u_b_core/core/core/l5/mac/issue/out_window_reg[6099]/C
                         clock pessimism              0.223    10.717    
                         clock uncertainty           -0.069    10.648    
    SLICE_X88Y101        FDRE (Setup_fdre_C_CE)      -0.136    10.512    u_top/u_core/u_b/u_b_core/core/core/l5/mac/issue/out_window_reg[6099]
  -------------------------------------------------------------------
                         required time                         10.512    
                         arrival time                         -10.901    
  -------------------------------------------------------------------
                         slack                                 -0.389    

Slack (VIOLATED) :        -0.389ns  (required time - arrival time)
  Source:                 u_top/u_core/u_b/u_b_core/core/core/l5/gk.frontend/fifo/count_reg[2]_replica/C
                            (rising edge-triggered cell FDRE clocked by u_top_n_1646  {rise@0.000ns fall@2.500ns period=5.000ns})
  Destination:            u_top/u_core/u_b/u_b_core/core/core/l5/mac/issue/out_window_reg[6100]/CE
                            (rising edge-triggered cell FDRE clocked by u_top_n_1646  {rise@0.000ns fall@2.500ns period=5.000ns})
  Path Group:             u_top_n_1646
  Path Type:              Setup (Max at Slow Process Corner)
  Requirement:            5.000ns  (u_top_n_1646 rise@5.000ns - u_top_n_1646 rise@0.000ns)
  Data Path Delay:        5.069ns  (logic 0.589ns (11.619%)  route 4.480ns (88.381%))
  Logic Levels:           2  (LUT3=1 LUT6=1)
  Clock Path Skew:        -0.115ns (DCD - SCD + CPR)
    Destination Clock Delay (DCD):    5.494ns = ( 10.494 - 5.000 ) 
    Source Clock Delay      (SCD):    5.832ns
    Clock Pessimism Removal (CPR):    0.223ns
  Clock Uncertainty:      0.069ns  ((TSJ^2 + DJ^2)^1/2) / 2 + PE + UU
    Total System Jitter     (TSJ):    0.071ns
    Discrete Jitter          (DJ):    0.118ns
    Phase Error              (PE):    0.000ns
    User Uncertainty         (UU):    0.000ns

    Location             Delay type                Incr(ns)  Path(ns)    Netlist Resource(s)
  -------------------------------------------------------------------    -------------------
                         (clock u_top_n_1646 rise edge)
                                                      0.000     0.000 r  
    W19                                               0.000     0.000 r  sys_clk (IN)
                         net (fo=0)                   0.000     0.000    sys_clk
    W19                  IBUF (Prop_ibuf_I_O)         1.440     1.440 r  sys_clk_IBUF_inst/O
                         net (fo=1, routed)           1.065     2.505    u_top/sys_clk_IBUF
    MMCME2_ADV_X0Y2      MMCME2_ADV (Prop_mmcme2_adv_CLKIN1_CLKOUT0)
                                                      0.077     2.582 r  u_top/g_mmcm.u_mmcm/CLKOUT0
                         net (fo=1, routed)           1.559     4.141    u_top_n_1646
    BUFGCTRL_X0Y1        BUFG (Prop_bufg_I_O)         0.081     4.222 r  multiplier_s1_reg[29]_i_2_replica/O
                         net (fo=3, routed)           0.118     4.340    clk_200_repN
    BUFGCTRL_X0Y0        BUFG (Prop_bufg_I_O)         0.081     4.421 r  multiplier_s1_reg[29]_i_2/O
                         net (fo=62262, routed)       1.411     5.832    u_top/u_core/u_b/u_b_core/core/core/l5/gk.frontend/fifo/clk_200
    SLICE_X55Y104        FDRE                                         r  u_top/u_core/u_b/u_b_core/core/core/l5/gk.frontend/fifo/count_reg[2]_replica/C
  -------------------------------------------------------------------    -------------------
    SLICE_X55Y104        FDRE (Prop_fdre_C_Q)         0.379     6.211 r  u_top/u_core/u_b/u_b_core/core/core/l5/gk.frontend/fifo/count_reg[2]_replica/Q
                         net (fo=11, routed)          1.172     7.383    u_top/u_core/u_b/u_b_core/core/core/l5/gk.frontend/fifo/count_reg[2]_0[0]_repN
    SLICE_X48Y127        LUT3 (Prop_lut3_I0_O)        0.105     7.488 r  u_top/u_core/u_b/u_b_core/core/core/l5/gk.frontend/fifo/out_phase[0]_i_3/O
                         net (fo=22, routed)          0.717     8.206    u_top/u_core/u_b/u_b_core/core/core/l5/mac/issue/window_valid
    SLICE_X49Y140        LUT6 (Prop_lut6_I2_O)        0.105     8.311 r  u_top/u_core/u_b/u_b_core/core/core/l5/mac/issue/out_window[6399]_i_1/O
                         net (fo=6400, routed)        2.591    10.901    u_top/u_core/u_b/u_b_core/core/core/l5/mac/issue/out_window[6399]_i_1_n_0
    SLICE_X88Y101        FDRE                                         r  u_top/u_core/u_b/u_b_core/core/core/l5/mac/issue/out_window_reg[6100]/CE
  -------------------------------------------------------------------    -------------------

                         (clock u_top_n_1646 rise edge)
                                                      5.000     5.000 r  
    W19                                               0.000     5.000 r  sys_clk (IN)
                         net (fo=0)                   0.000     5.000    sys_clk
    W19                  IBUF (Prop_ibuf_I_O)         1.374     6.374 r  sys_clk_IBUF_inst/O
                         net (fo=1, routed)           1.004     7.378    u_top/sys_clk_IBUF
    MMCME2_ADV_X0Y2      MMCME2_ADV (Prop_mmcme2_adv_CLKIN1_CLKOUT0)
                                                      0.073     7.451 r  u_top/g_mmcm.u_mmcm/CLKOUT0
                         net (fo=1, routed)           1.488     8.938    u_top_n_1646
    BUFGCTRL_X0Y1        BUFG (Prop_bufg_I_O)         0.077     9.015 r  multiplier_s1_reg[29]_i_2_replica/O
                         net (fo=3, routed)           0.112     9.127    clk_200_repN
    BUFGCTRL_X0Y0        BUFG (Prop_bufg_I_O)         0.077     9.204 r  multiplier_s1_reg[29]_i_2/O
                         net (fo=62262, routed)       1.290    10.494    u_top/u_core/u_b/u_b_core/core/core/l5/mac/issue/clk_200
    SLICE_X88Y101        FDRE                                         r  u_top/u_core/u_b/u_b_core/core/core/l5/mac/issue/out_window_reg[6100]/C
                         clock pessimism              0.223    10.717    
                         clock uncertainty           -0.069    10.648    
    SLICE_X88Y101        FDRE (Setup_fdre_C_CE)      -0.136    10.512    u_top/u_core/u_b/u_b_core/core/core/l5/mac/issue/out_window_reg[6100]
  -------------------------------------------------------------------
                         required time                         10.512    
                         arrival time                         -10.901    
  -------------------------------------------------------------------
                         slack                                 -0.389    

Slack (VIOLATED) :        -0.389ns  (required time - arrival time)
  Source:                 u_top/u_core/u_b/u_b_core/core/core/l5/gk.frontend/fifo/count_reg[2]_replica/C
                            (rising edge-triggered cell FDRE clocked by u_top_n_1646  {rise@0.000ns fall@2.500ns period=5.000ns})
  Destination:            u_top/u_core/u_b/u_b_core/core/core/l5/mac/issue/out_window_reg[6101]/CE
                            (rising edge-triggered cell FDRE clocked by u_top_n_1646  {rise@0.000ns fall@2.500ns period=5.000ns})
  Path Group:             u_top_n_1646
  Path Type:              Setup (Max at Slow Process Corner)
  Requirement:            5.000ns  (u_top_n_1646 rise@5.000ns - u_top_n_1646 rise@0.000ns)
  Data Path Delay:        5.069ns  (logic 0.589ns (11.619%)  route 4.480ns (88.381%))
  Logic Levels:           2  (LUT3=1 LUT6=1)
  Clock Path Skew:        -0.115ns (DCD - SCD + CPR)
    Destination Clock Delay (DCD):    5.494ns = ( 10.494 - 5.000 ) 
    Source Clock Delay      (SCD):    5.832ns
    Clock Pessimism Removal (CPR):    0.223ns
  Clock Uncertainty:      0.069ns  ((TSJ^2 + DJ^2)^1/2) / 2 + PE + UU
    Total System Jitter     (TSJ):    0.071ns
    Discrete Jitter          (DJ):    0.118ns
    Phase Error              (PE):    0.000ns
    User Uncertainty         (UU):    0.000ns

    Location             Delay type                Incr(ns)  Path(ns)    Netlist Resource(s)
  -------------------------------------------------------------------    -------------------
                         (clock u_top_n_1646 rise edge)
                                                      0.000     0.000 r  
    W19                                               0.000     0.000 r  sys_clk (IN)
                         net (fo=0)                   0.000     0.000    sys_clk
    W19                  IBUF (Prop_ibuf_I_O)         1.440     1.440 r  sys_clk_IBUF_inst/O
                         net (fo=1, routed)           1.065     2.505    u_top/sys_clk_IBUF
    MMCME2_ADV_X0Y2      MMCME2_ADV (Prop_mmcme2_adv_CLKIN1_CLKOUT0)
                                                      0.077     2.582 r  u_top/g_mmcm.u_mmcm/CLKOUT0
                         net (fo=1, routed)           1.559     4.141    u_top_n_1646
    BUFGCTRL_X0Y1        BUFG (Prop_bufg_I_O)         0.081     4.222 r  multiplier_s1_reg[29]_i_2_replica/O
                         net (fo=3, routed)           0.118     4.340    clk_200_repN
    BUFGCTRL_X0Y0        BUFG (Prop_bufg_I_O)         0.081     4.421 r  multiplier_s1_reg[29]_i_2/O
                         net (fo=62262, routed)       1.411     5.832    u_top/u_core/u_b/u_b_core/core/core/l5/gk.frontend/fifo/clk_200
    SLICE_X55Y104        FDRE                                         r  u_top/u_core/u_b/u_b_core/core/core/l5/gk.frontend/fifo/count_reg[2]_replica/C
  -------------------------------------------------------------------    -------------------
    SLICE_X55Y104        FDRE (Prop_fdre_C_Q)         0.379     6.211 r  u_top/u_core/u_b/u_b_core/core/core/l5/gk.frontend/fifo/count_reg[2]_replica/Q
                         net (fo=11, routed)          1.172     7.383    u_top/u_core/u_b/u_b_core/core/core/l5/gk.frontend/fifo/count_reg[2]_0[0]_repN
    SLICE_X48Y127        LUT3 (Prop_lut3_I0_O)        0.105     7.488 r  u_top/u_core/u_b/u_b_core/core/core/l5/gk.frontend/fifo/out_phase[0]_i_3/O
                         net (fo=22, routed)          0.717     8.206    u_top/u_core/u_b/u_b_core/core/core/l5/mac/issue/window_valid
    SLICE_X49Y140        LUT6 (Prop_lut6_I2_O)        0.105     8.311 r  u_top/u_core/u_b/u_b_core/core/core/l5/mac/issue/out_window[6399]_i_1/O
                         net (fo=6400, routed)        2.591    10.901    u_top/u_core/u_b/u_b_core/core/core/l5/mac/issue/out_window[6399]_i_1_n_0
    SLICE_X88Y101        FDRE                                         r  u_top/u_core/u_b/u_b_core/core/core/l5/mac/issue/out_window_reg[6101]/CE
  -------------------------------------------------------------------    -------------------

                         (clock u_top_n_1646 rise edge)
                                                      5.000     5.000 r  
    W19                                               0.000     5.000 r  sys_clk (IN)
                         net (fo=0)                   0.000     5.000    sys_clk
    W19                  IBUF (Prop_ibuf_I_O)         1.374     6.374 r  sys_clk_IBUF_inst/O
                         net (fo=1, routed)           1.004     7.378    u_top/sys_clk_IBUF
    MMCME2_ADV_X0Y2      MMCME2_ADV (Prop_mmcme2_adv_CLKIN1_CLKOUT0)
                                                      0.073     7.451 r  u_top/g_mmcm.u_mmcm/CLKOUT0
                         net (fo=1, routed)           1.488     8.938    u_top_n_1646
    BUFGCTRL_X0Y1        BUFG (Prop_bufg_I_O)         0.077     9.015 r  multiplier_s1_reg[29]_i_2_replica/O
                         net (fo=3, routed)           0.112     9.127    clk_200_repN
    BUFGCTRL_X0Y0        BUFG (Prop_bufg_I_O)         0.077     9.204 r  multiplier_s1_reg[29]_i_2/O
                         net (fo=62262, routed)       1.290    10.494    u_top/u_core/u_b/u_b_core/core/core/l5/mac/issue/clk_200
    SLICE_X88Y101        FDRE                                         r  u_top/u_core/u_b/u_b_core/core/core/l5/mac/issue/out_window_reg[6101]/C
                         clock pessimism              0.223    10.717    
                         clock uncertainty           -0.069    10.648    
    SLICE_X88Y101        FDRE (Setup_fdre_C_CE)      -0.136    10.512    u_top/u_core/u_b/u_b_core/core/core/l5/mac/issue/out_window_reg[6101]
  -------------------------------------------------------------------
                         required time                         10.512    
                         arrival time                         -10.901    
  -------------------------------------------------------------------
                         slack                                 -0.389    

Slack (VIOLATED) :        -0.389ns  (required time - arrival time)
  Source:                 u_top/u_core/u_b/u_b_core/core/core/l5/gk.frontend/fifo/count_reg[2]_replica/C
                            (rising edge-triggered cell FDRE clocked by u_top_n_1646  {rise@0.000ns fall@2.500ns period=5.000ns})
  Destination:            u_top/u_core/u_b/u_b_core/core/core/l5/mac/issue/out_window_reg[6102]/CE
                            (rising edge-triggered cell FDRE clocked by u_top_n_1646  {rise@0.000ns fall@2.500ns period=5.000ns})
  Path Group:             u_top_n_1646
  Path Type:              Setup (Max at Slow Process Corner)
  Requirement:            5.000ns  (u_top_n_1646 rise@5.000ns - u_top_n_1646 rise@0.000ns)
  Data Path Delay:        5.069ns  (logic 0.589ns (11.619%)  route 4.480ns (88.381%))
  Logic Levels:           2  (LUT3=1 LUT6=1)
  Clock Path Skew:        -0.115ns (DCD - SCD + CPR)
    Destination Clock Delay (DCD):    5.494ns = ( 10.494 - 5.000 ) 
    Source Clock Delay      (SCD):    5.832ns
    Clock Pessimism Removal (CPR):    0.223ns
  Clock Uncertainty:      0.069ns  ((TSJ^2 + DJ^2)^1/2) / 2 + PE + UU
    Total System Jitter     (TSJ):    0.071ns
    Discrete Jitter          (DJ):    0.118ns
    Phase Error              (PE):    0.000ns
    User Uncertainty         (UU):    0.000ns

    Location             Delay type                Incr(ns)  Path(ns)    Netlist Resource(s)
  -------------------------------------------------------------------    -------------------
                         (clock u_top_n_1646 rise edge)
                                                      0.000     0.000 r  
    W19                                               0.000     0.000 r  sys_clk (IN)
                         net (fo=0)                   0.000     0.000    sys_clk
    W19                  IBUF (Prop_ibuf_I_O)         1.440     1.440 r  sys_clk_IBUF_inst/O
                         net (fo=1, routed)           1.065     2.505    u_top/sys_clk_IBUF
    MMCME2_ADV_X0Y2      MMCME2_ADV (Prop_mmcme2_adv_CLKIN1_CLKOUT0)
                                                      0.077     2.582 r  u_top/g_mmcm.u_mmcm/CLKOUT0
                         net (fo=1, routed)           1.559     4.141    u_top_n_1646
    BUFGCTRL_X0Y1        BUFG (Prop_bufg_I_O)         0.081     4.222 r  multiplier_s1_reg[29]_i_2_replica/O
                         net (fo=3, routed)           0.118     4.340    clk_200_repN
    BUFGCTRL_X0Y0        BUFG (Prop_bufg_I_O)         0.081     4.421 r  multiplier_s1_reg[29]_i_2/O
                         net (fo=62262, routed)       1.411     5.832    u_top/u_core/u_b/u_b_core/core/core/l5/gk.frontend/fifo/clk_200
    SLICE_X55Y104        FDRE                                         r  u_top/u_core/u_b/u_b_core/core/core/l5/gk.frontend/fifo/count_reg[2]_replica/C
  -------------------------------------------------------------------    -------------------
    SLICE_X55Y104        FDRE (Prop_fdre_C_Q)         0.379     6.211 r  u_top/u_core/u_b/u_b_core/core/core/l5/gk.frontend/fifo/count_reg[2]_replica/Q
                         net (fo=11, routed)          1.172     7.383    u_top/u_core/u_b/u_b_core/core/core/l5/gk.frontend/fifo/count_reg[2]_0[0]_repN
    SLICE_X48Y127        LUT3 (Prop_lut3_I0_O)        0.105     7.488 r  u_top/u_core/u_b/u_b_core/core/core/l5/gk.frontend/fifo/out_phase[0]_i_3/O
                         net (fo=22, routed)          0.717     8.206    u_top/u_core/u_b/u_b_core/core/core/l5/mac/issue/window_valid
    SLICE_X49Y140        LUT6 (Prop_lut6_I2_O)        0.105     8.311 r  u_top/u_core/u_b/u_b_core/core/core/l5/mac/issue/out_window[6399]_i_1/O
                         net (fo=6400, routed)        2.591    10.901    u_top/u_core/u_b/u_b_core/core/core/l5/mac/issue/out_window[6399]_i_1_n_0
    SLICE_X88Y101        FDRE                                         r  u_top/u_core/u_b/u_b_core/core/core/l5/mac/issue/out_window_reg[6102]/CE
  -------------------------------------------------------------------    -------------------

                         (clock u_top_n_1646 rise edge)
                                                      5.000     5.000 r  
    W19                                               0.000     5.000 r  sys_clk (IN)
                         net (fo=0)                   0.000     5.000    sys_clk
    W19                  IBUF (Prop_ibuf_I_O)         1.374     6.374 r  sys_clk_IBUF_inst/O
                         net (fo=1, routed)           1.004     7.378    u_top/sys_clk_IBUF
    MMCME2_ADV_X0Y2      MMCME2_ADV (Prop_mmcme2_adv_CLKIN1_CLKOUT0)
                                                      0.073     7.451 r  u_top/g_mmcm.u_mmcm/CLKOUT0
                         net (fo=1, routed)           1.488     8.938    u_top_n_1646
    BUFGCTRL_X0Y1        BUFG (Prop_bufg_I_O)         0.077     9.015 r  multiplier_s1_reg[29]_i_2_replica/O
                         net (fo=3, routed)           0.112     9.127    clk_200_repN
    BUFGCTRL_X0Y0        BUFG (Prop_bufg_I_O)         0.077     9.204 r  multiplier_s1_reg[29]_i_2/O
                         net (fo=62262, routed)       1.290    10.494    u_top/u_core/u_b/u_b_core/core/core/l5/mac/issue/clk_200
    SLICE_X88Y101        FDRE                                         r  u_top/u_core/u_b/u_b_core/core/core/l5/mac/issue/out_window_reg[6102]/C
                         clock pessimism              0.223    10.717    
                         clock uncertainty           -0.069    10.648    
    SLICE_X88Y101        FDRE (Setup_fdre_C_CE)      -0.136    10.512    u_top/u_core/u_b/u_b_core/core/core/l5/mac/issue/out_window_reg[6102]
  -------------------------------------------------------------------
                         required time                         10.512    
                         arrival time                         -10.901    
  -------------------------------------------------------------------
                         slack                                 -0.389    

Slack (VIOLATED) :        -0.389ns  (required time - arrival time)
  Source:                 u_top/u_core/u_b/u_b_core/core/core/l5/gk.frontend/fifo/count_reg[2]_replica/C
                            (rising edge-triggered cell FDRE clocked by u_top_n_1646  {rise@0.000ns fall@2.500ns period=5.000ns})
  Destination:            u_top/u_core/u_b/u_b_core/core/core/l5/mac/issue/out_window_reg[6103]/CE
                            (rising edge-triggered cell FDRE clocked by u_top_n_1646  {rise@0.000ns fall@2.500ns period=5.000ns})
  Path Group:             u_top_n_1646
  Path Type:              Setup (Max at Slow Process Corner)
  Requirement:            5.000ns  (u_top_n_1646 rise@5.000ns - u_top_n_1646 rise@0.000ns)
  Data Path Delay:        5.069ns  (logic 0.589ns (11.619%)  route 4.480ns (88.381%))
  Logic Levels:           2  (LUT3=1 LUT6=1)
  Clock Path Skew:        -0.115ns (DCD - SCD + CPR)
    Destination Clock Delay (DCD):    5.494ns = ( 10.494 - 5.000 ) 
    Source Clock Delay      (SCD):    5.832ns
    Clock Pessimism Removal (CPR):    0.223ns
  Clock Uncertainty:      0.069ns  ((TSJ^2 + DJ^2)^1/2) / 2 + PE + UU
    Total System Jitter     (TSJ):    0.071ns
    Discrete Jitter          (DJ):    0.118ns
    Phase Error              (PE):    0.000ns
    User Uncertainty         (UU):    0.000ns

    Location             Delay type                Incr(ns)  Path(ns)    Netlist Resource(s)
  -------------------------------------------------------------------    -------------------
                         (clock u_top_n_1646 rise edge)
                                                      0.000     0.000 r  
    W19                                               0.000     0.000 r  sys_clk (IN)
                         net (fo=0)                   0.000     0.000    sys_clk
    W19                  IBUF (Prop_ibuf_I_O)         1.440     1.440 r  sys_clk_IBUF_inst/O
                         net (fo=1, routed)           1.065     2.505    u_top/sys_clk_IBUF
    MMCME2_ADV_X0Y2      MMCME2_ADV (Prop_mmcme2_adv_CLKIN1_CLKOUT0)
                                                      0.077     2.582 r  u_top/g_mmcm.u_mmcm/CLKOUT0
                         net (fo=1, routed)           1.559     4.141    u_top_n_1646
    BUFGCTRL_X0Y1        BUFG (Prop_bufg_I_O)         0.081     4.222 r  multiplier_s1_reg[29]_i_2_replica/O
                         net (fo=3, routed)           0.118     4.340    clk_200_repN
    BUFGCTRL_X0Y0        BUFG (Prop_bufg_I_O)         0.081     4.421 r  multiplier_s1_reg[29]_i_2/O
                         net (fo=62262, routed)       1.411     5.832    u_top/u_core/u_b/u_b_core/core/core/l5/gk.frontend/fifo/clk_200
    SLICE_X55Y104        FDRE                                         r  u_top/u_core/u_b/u_b_core/core/core/l5/gk.frontend/fifo/count_reg[2]_replica/C
  -------------------------------------------------------------------    -------------------
    SLICE_X55Y104        FDRE (Prop_fdre_C_Q)         0.379     6.211 r  u_top/u_core/u_b/u_b_core/core/core/l5/gk.frontend/fifo/count_reg[2]_replica/Q
                         net (fo=11, routed)          1.172     7.383    u_top/u_core/u_b/u_b_core/core/core/l5/gk.frontend/fifo/count_reg[2]_0[0]_repN
    SLICE_X48Y127        LUT3 (Prop_lut3_I0_O)        0.105     7.488 r  u_top/u_core/u_b/u_b_core/core/core/l5/gk.frontend/fifo/out_phase[0]_i_3/O
                         net (fo=22, routed)          0.717     8.206    u_top/u_core/u_b/u_b_core/core/core/l5/mac/issue/window_valid
    SLICE_X49Y140        LUT6 (Prop_lut6_I2_O)        0.105     8.311 r  u_top/u_core/u_b/u_b_core/core/core/l5/mac/issue/out_window[6399]_i_1/O
                         net (fo=6400, routed)        2.591    10.901    u_top/u_core/u_b/u_b_core/core/core/l5/mac/issue/out_window[6399]_i_1_n_0
    SLICE_X88Y101        FDRE                                         r  u_top/u_core/u_b/u_b_core/core/core/l5/mac/issue/out_window_reg[6103]/CE
  -------------------------------------------------------------------    -------------------

                         (clock u_top_n_1646 rise edge)
                                                      5.000     5.000 r  
    W19                                               0.000     5.000 r  sys_clk (IN)
                         net (fo=0)                   0.000     5.000    sys_clk
    W19                  IBUF (Prop_ibuf_I_O)         1.374     6.374 r  sys_clk_IBUF_inst/O
                         net (fo=1, routed)           1.004     7.378    u_top/sys_clk_IBUF
    MMCME2_ADV_X0Y2      MMCME2_ADV (Prop_mmcme2_adv_CLKIN1_CLKOUT0)
                                                      0.073     7.451 r  u_top/g_mmcm.u_mmcm/CLKOUT0
                         net (fo=1, routed)           1.488     8.938    u_top_n_1646
    BUFGCTRL_X0Y1        BUFG (Prop_bufg_I_O)         0.077     9.015 r  multiplier_s1_reg[29]_i_2_replica/O
                         net (fo=3, routed)           0.112     9.127    clk_200_repN
    BUFGCTRL_X0Y0        BUFG (Prop_bufg_I_O)         0.077     9.204 r  multiplier_s1_reg[29]_i_2/O
                         net (fo=62262, routed)       1.290    10.494    u_top/u_core/u_b/u_b_core/core/core/l5/mac/issue/clk_200
    SLICE_X88Y101        FDRE                                         r  u_top/u_core/u_b/u_b_core/core/core/l5/mac/issue/out_window_reg[6103]/C
                         clock pessimism              0.223    10.717    
                         clock uncertainty           -0.069    10.648    
    SLICE_X88Y101        FDRE (Setup_fdre_C_CE)      -0.136    10.512    u_top/u_core/u_b/u_b_core/core/core/l5/mac/issue/out_window_reg[6103]
  -------------------------------------------------------------------
                         required time                         10.512    
                         arrival time                         -10.901    
  -------------------------------------------------------------------
                         slack                                 -0.389    

Slack (VIOLATED) :        -0.389ns  (required time - arrival time)
  Source:                 u_top/u_core/u_b/u_b_core/core/core/l5/gk.frontend/fifo/count_reg[2]_replica/C
                            (rising edge-triggered cell FDRE clocked by u_top_n_1646  {rise@0.000ns fall@2.500ns period=5.000ns})
  Destination:            u_top/u_core/u_b/u_b_core/core/core/l5/mac/issue/out_window_reg[5948]/CE
                            (rising edge-triggered cell FDRE clocked by u_top_n_1646  {rise@0.000ns fall@2.500ns period=5.000ns})
  Path Group:             u_top_n_1646
  Path Type:              Setup (Max at Slow Process Corner)
  Requirement:            5.000ns  (u_top_n_1646 rise@5.000ns - u_top_n_1646 rise@0.000ns)
  Data Path Delay:        5.072ns  (logic 0.589ns (11.613%)  route 4.483ns (88.387%))
  Logic Levels:           2  (LUT3=1 LUT6=1)
  Clock Path Skew:        -0.112ns (DCD - SCD + CPR)
    Destination Clock Delay (DCD):    5.497ns = ( 10.497 - 5.000 ) 
    Source Clock Delay      (SCD):    5.832ns
    Clock Pessimism Removal (CPR):    0.223ns
  Clock Uncertainty:      0.069ns  ((TSJ^2 + DJ^2)^1/2) / 2 + PE + UU
    Total System Jitter     (TSJ):    0.071ns
    Discrete Jitter          (DJ):    0.118ns
    Phase Error              (PE):    0.000ns
    User Uncertainty         (UU):    0.000ns

    Location             Delay type                Incr(ns)  Path(ns)    Netlist Resource(s)
  -------------------------------------------------------------------    -------------------
                         (clock u_top_n_1646 rise edge)
                                                      0.000     0.000 r  
    W19                                               0.000     0.000 r  sys_clk (IN)
                         net (fo=0)                   0.000     0.000    sys_clk
    W19                  IBUF (Prop_ibuf_I_O)         1.440     1.440 r  sys_clk_IBUF_inst/O
                         net (fo=1, routed)           1.065     2.505    u_top/sys_clk_IBUF
    MMCME2_ADV_X0Y2      MMCME2_ADV (Prop_mmcme2_adv_CLKIN1_CLKOUT0)
                                                      0.077     2.582 r  u_top/g_mmcm.u_mmcm/CLKOUT0
                         net (fo=1, routed)           1.559     4.141    u_top_n_1646
    BUFGCTRL_X0Y1        BUFG (Prop_bufg_I_O)         0.081     4.222 r  multiplier_s1_reg[29]_i_2_replica/O
                         net (fo=3, routed)           0.118     4.340    clk_200_repN
    BUFGCTRL_X0Y0        BUFG (Prop_bufg_I_O)         0.081     4.421 r  multiplier_s1_reg[29]_i_2/O
                         net (fo=62262, routed)       1.411     5.832    u_top/u_core/u_b/u_b_core/core/core/l5/gk.frontend/fifo/clk_200
    SLICE_X55Y104        FDRE                                         r  u_top/u_core/u_b/u_b_core/core/core/l5/gk.frontend/fifo/count_reg[2]_replica/C
  -------------------------------------------------------------------    -------------------
    SLICE_X55Y104        FDRE (Prop_fdre_C_Q)         0.379     6.211 r  u_top/u_core/u_b/u_b_core/core/core/l5/gk.frontend/fifo/count_reg[2]_replica/Q
                         net (fo=11, routed)          1.172     7.383    u_top/u_core/u_b/u_b_core/core/core/l5/gk.frontend/fifo/count_reg[2]_0[0]_repN
    SLICE_X48Y127        LUT3 (Prop_lut3_I0_O)        0.105     7.488 r  u_top/u_core/u_b/u_b_core/core/core/l5/gk.frontend/fifo/out_phase[0]_i_3/O
                         net (fo=22, routed)          0.717     8.206    u_top/u_core/u_b/u_b_core/core/core/l5/mac/issue/window_valid
    SLICE_X49Y140        LUT6 (Prop_lut6_I2_O)        0.105     8.311 r  u_top/u_core/u_b/u_b_core/core/core/l5/mac/issue/out_window[6399]_i_1/O
                         net (fo=6400, routed)        2.593    10.904    u_top/u_core/u_b/u_b_core/core/core/l5/mac/issue/out_window[6399]_i_1_n_0
    SLICE_X90Y101        FDRE                                         r  u_top/u_core/u_b/u_b_core/core/core/l5/mac/issue/out_window_reg[5948]/CE
  -------------------------------------------------------------------    -------------------

                         (clock u_top_n_1646 rise edge)
                                                      5.000     5.000 r  
    W19                                               0.000     5.000 r  sys_clk (IN)
                         net (fo=0)                   0.000     5.000    sys_clk
    W19                  IBUF (Prop_ibuf_I_O)         1.374     6.374 r  sys_clk_IBUF_inst/O
                         net (fo=1, routed)           1.004     7.378    u_top/sys_clk_IBUF
    MMCME2_ADV_X0Y2      MMCME2_ADV (Prop_mmcme2_adv_CLKIN1_CLKOUT0)
                                                      0.073     7.451 r  u_top/g_mmcm.u_mmcm/CLKOUT0
                         net (fo=1, routed)           1.488     8.938    u_top_n_1646
    BUFGCTRL_X0Y1        BUFG (Prop_bufg_I_O)         0.077     9.015 r  multiplier_s1_reg[29]_i_2_replica/O
                         net (fo=3, routed)           0.112     9.127    clk_200_repN
    BUFGCTRL_X0Y0        BUFG (Prop_bufg_I_O)         0.077     9.204 r  multiplier_s1_reg[29]_i_2/O
                         net (fo=62262, routed)       1.293    10.497    u_top/u_core/u_b/u_b_core/core/core/l5/mac/issue/clk_200
    SLICE_X90Y101        FDRE                                         r  u_top/u_core/u_b/u_b_core/core/core/l5/mac/issue/out_window_reg[5948]/C
                         clock pessimism              0.223    10.720    
                         clock uncertainty           -0.069    10.651    
    SLICE_X90Y101        FDRE (Setup_fdre_C_CE)      -0.136    10.515    u_top/u_core/u_b/u_b_core/core/core/l5/mac/issue/out_window_reg[5948]
  -------------------------------------------------------------------
                         required time                         10.515    
                         arrival time                         -10.904    
  -------------------------------------------------------------------
                         slack                                 -0.389    

Slack (VIOLATED) :        -0.389ns  (required time - arrival time)
  Source:                 u_top/u_core/u_b/u_b_core/core/core/l5/gk.frontend/fifo/count_reg[2]_replica/C
                            (rising edge-triggered cell FDRE clocked by u_top_n_1646  {rise@0.000ns fall@2.500ns period=5.000ns})
  Destination:            u_top/u_core/u_b/u_b_core/core/core/l5/mac/issue/out_window_reg[5949]/CE
                            (rising edge-triggered cell FDRE clocked by u_top_n_1646  {rise@0.000ns fall@2.500ns period=5.000ns})
  Path Group:             u_top_n_1646
  Path Type:              Setup (Max at Slow Process Corner)
  Requirement:            5.000ns  (u_top_n_1646 rise@5.000ns - u_top_n_1646 rise@0.000ns)
  Data Path Delay:        5.072ns  (logic 0.589ns (11.613%)  route 4.483ns (88.387%))
  Logic Levels:           2  (LUT3=1 LUT6=1)
  Clock Path Skew:        -0.112ns (DCD - SCD + CPR)
    Destination Clock Delay (DCD):    5.497ns = ( 10.497 - 5.000 ) 
    Source Clock Delay      (SCD):    5.832ns
    Clock Pessimism Removal (CPR):    0.223ns
  Clock Uncertainty:      0.069ns  ((TSJ^2 + DJ^2)^1/2) / 2 + PE + UU
    Total System Jitter     (TSJ):    0.071ns
    Discrete Jitter          (DJ):    0.118ns
    Phase Error              (PE):    0.000ns
    User Uncertainty         (UU):    0.000ns

    Location             Delay type                Incr(ns)  Path(ns)    Netlist Resource(s)
  -------------------------------------------------------------------    -------------------
                         (clock u_top_n_1646 rise edge)
                                                      0.000     0.000 r  
    W19                                               0.000     0.000 r  sys_clk (IN)
                         net (fo=0)                   0.000     0.000    sys_clk
    W19                  IBUF (Prop_ibuf_I_O)         1.440     1.440 r  sys_clk_IBUF_inst/O
                         net (fo=1, routed)           1.065     2.505    u_top/sys_clk_IBUF
    MMCME2_ADV_X0Y2      MMCME2_ADV (Prop_mmcme2_adv_CLKIN1_CLKOUT0)
                                                      0.077     2.582 r  u_top/g_mmcm.u_mmcm/CLKOUT0
                         net (fo=1, routed)           1.559     4.141    u_top_n_1646
    BUFGCTRL_X0Y1        BUFG (Prop_bufg_I_O)         0.081     4.222 r  multiplier_s1_reg[29]_i_2_replica/O
                         net (fo=3, routed)           0.118     4.340    clk_200_repN
    BUFGCTRL_X0Y0        BUFG (Prop_bufg_I_O)         0.081     4.421 r  multiplier_s1_reg[29]_i_2/O
                         net (fo=62262, routed)       1.411     5.832    u_top/u_core/u_b/u_b_core/core/core/l5/gk.frontend/fifo/clk_200
    SLICE_X55Y104        FDRE                                         r  u_top/u_core/u_b/u_b_core/core/core/l5/gk.frontend/fifo/count_reg[2]_replica/C
  -------------------------------------------------------------------    -------------------
    SLICE_X55Y104        FDRE (Prop_fdre_C_Q)         0.379     6.211 r  u_top/u_core/u_b/u_b_core/core/core/l5/gk.frontend/fifo/count_reg[2]_replica/Q
                         net (fo=11, routed)          1.172     7.383    u_top/u_core/u_b/u_b_core/core/core/l5/gk.frontend/fifo/count_reg[2]_0[0]_repN
    SLICE_X48Y127        LUT3 (Prop_lut3_I0_O)        0.105     7.488 r  u_top/u_core/u_b/u_b_core/core/core/l5/gk.frontend/fifo/out_phase[0]_i_3/O
                         net (fo=22, routed)          0.717     8.206    u_top/u_core/u_b/u_b_core/core/core/l5/mac/issue/window_valid
    SLICE_X49Y140        LUT6 (Prop_lut6_I2_O)        0.105     8.311 r  u_top/u_core/u_b/u_b_core/core/core/l5/mac/issue/out_window[6399]_i_1/O
                         net (fo=6400, routed)        2.593    10.904    u_top/u_core/u_b/u_b_core/core/core/l5/mac/issue/out_window[6399]_i_1_n_0
    SLICE_X90Y101        FDRE                                         r  u_top/u_core/u_b/u_b_core/core/core/l5/mac/issue/out_window_reg[5949]/CE
  -------------------------------------------------------------------    -------------------

                         (clock u_top_n_1646 rise edge)
                                                      5.000     5.000 r  
    W19                                               0.000     5.000 r  sys_clk (IN)
                         net (fo=0)                   0.000     5.000    sys_clk
    W19                  IBUF (Prop_ibuf_I_O)         1.374     6.374 r  sys_clk_IBUF_inst/O
                         net (fo=1, routed)           1.004     7.378    u_top/sys_clk_IBUF
    MMCME2_ADV_X0Y2      MMCME2_ADV (Prop_mmcme2_adv_CLKIN1_CLKOUT0)
                                                      0.073     7.451 r  u_top/g_mmcm.u_mmcm/CLKOUT0
                         net (fo=1, routed)           1.488     8.938    u_top_n_1646
    BUFGCTRL_X0Y1        BUFG (Prop_bufg_I_O)         0.077     9.015 r  multiplier_s1_reg[29]_i_2_replica/O
                         net (fo=3, routed)           0.112     9.127    clk_200_repN
    BUFGCTRL_X0Y0        BUFG (Prop_bufg_I_O)         0.077     9.204 r  multiplier_s1_reg[29]_i_2/O
                         net (fo=62262, routed)       1.293    10.497    u_top/u_core/u_b/u_b_core/core/core/l5/mac/issue/clk_200
    SLICE_X90Y101        FDRE                                         r  u_top/u_core/u_b/u_b_core/core/core/l5/mac/issue/out_window_reg[5949]/C
                         clock pessimism              0.223    10.720    
                         clock uncertainty           -0.069    10.651    
    SLICE_X90Y101        FDRE (Setup_fdre_C_CE)      -0.136    10.515    u_top/u_core/u_b/u_b_core/core/core/l5/mac/issue/out_window_reg[5949]
  -------------------------------------------------------------------
                         required time                         10.515    
                         arrival time                         -10.904    
  -------------------------------------------------------------------
                         slack                                 -0.389    

Slack (VIOLATED) :        -0.389ns  (required time - arrival time)
  Source:                 u_top/u_core/u_b/u_b_core/core/core/l5/gk.frontend/fifo/count_reg[2]_replica/C
                            (rising edge-triggered cell FDRE clocked by u_top_n_1646  {rise@0.000ns fall@2.500ns period=5.000ns})
  Destination:            u_top/u_core/u_b/u_b_core/core/core/l5/mac/issue/out_window_reg[5950]/CE
                            (rising edge-triggered cell FDRE clocked by u_top_n_1646  {rise@0.000ns fall@2.500ns period=5.000ns})
  Path Group:             u_top_n_1646
  Path Type:              Setup (Max at Slow Process Corner)
  Requirement:            5.000ns  (u_top_n_1646 rise@5.000ns - u_top_n_1646 rise@0.000ns)
  Data Path Delay:        5.072ns  (logic 0.589ns (11.613%)  route 4.483ns (88.387%))
  Logic Levels:           2  (LUT3=1 LUT6=1)
  Clock Path Skew:        -0.112ns (DCD - SCD + CPR)
    Destination Clock Delay (DCD):    5.497ns = ( 10.497 - 5.000 ) 
    Source Clock Delay      (SCD):    5.832ns
    Clock Pessimism Removal (CPR):    0.223ns
  Clock Uncertainty:      0.069ns  ((TSJ^2 + DJ^2)^1/2) / 2 + PE + UU
    Total System Jitter     (TSJ):    0.071ns
    Discrete Jitter          (DJ):    0.118ns
    Phase Error              (PE):    0.000ns
    User Uncertainty         (UU):    0.000ns

    Location             Delay type                Incr(ns)  Path(ns)    Netlist Resource(s)
  -------------------------------------------------------------------    -------------------
                         (clock u_top_n_1646 rise edge)
                                                      0.000     0.000 r  
    W19                                               0.000     0.000 r  sys_clk (IN)
                         net (fo=0)                   0.000     0.000    sys_clk
    W19                  IBUF (Prop_ibuf_I_O)         1.440     1.440 r  sys_clk_IBUF_inst/O
                         net (fo=1, routed)           1.065     2.505    u_top/sys_clk_IBUF
    MMCME2_ADV_X0Y2      MMCME2_ADV (Prop_mmcme2_adv_CLKIN1_CLKOUT0)
                                                      0.077     2.582 r  u_top/g_mmcm.u_mmcm/CLKOUT0
                         net (fo=1, routed)           1.559     4.141    u_top_n_1646
    BUFGCTRL_X0Y1        BUFG (Prop_bufg_I_O)         0.081     4.222 r  multiplier_s1_reg[29]_i_2_replica/O
                         net (fo=3, routed)           0.118     4.340    clk_200_repN
    BUFGCTRL_X0Y0        BUFG (Prop_bufg_I_O)         0.081     4.421 r  multiplier_s1_reg[29]_i_2/O
                         net (fo=62262, routed)       1.411     5.832    u_top/u_core/u_b/u_b_core/core/core/l5/gk.frontend/fifo/clk_200
    SLICE_X55Y104        FDRE                                         r  u_top/u_core/u_b/u_b_core/core/core/l5/gk.frontend/fifo/count_reg[2]_replica/C
  -------------------------------------------------------------------    -------------------
    SLICE_X55Y104        FDRE (Prop_fdre_C_Q)         0.379     6.211 r  u_top/u_core/u_b/u_b_core/core/core/l5/gk.frontend/fifo/count_reg[2]_replica/Q
                         net (fo=11, routed)          1.172     7.383    u_top/u_core/u_b/u_b_core/core/core/l5/gk.frontend/fifo/count_reg[2]_0[0]_repN
    SLICE_X48Y127        LUT3 (Prop_lut3_I0_O)        0.105     7.488 r  u_top/u_core/u_b/u_b_core/core/core/l5/gk.frontend/fifo/out_phase[0]_i_3/O
                         net (fo=22, routed)          0.717     8.206    u_top/u_core/u_b/u_b_core/core/core/l5/mac/issue/window_valid
    SLICE_X49Y140        LUT6 (Prop_lut6_I2_O)        0.105     8.311 r  u_top/u_core/u_b/u_b_core/core/core/l5/mac/issue/out_window[6399]_i_1/O
                         net (fo=6400, routed)        2.593    10.904    u_top/u_core/u_b/u_b_core/core/core/l5/mac/issue/out_window[6399]_i_1_n_0
    SLICE_X90Y101        FDRE                                         r  u_top/u_core/u_b/u_b_core/core/core/l5/mac/issue/out_window_reg[5950]/CE
  -------------------------------------------------------------------    -------------------

                         (clock u_top_n_1646 rise edge)
                                                      5.000     5.000 r  
    W19                                               0.000     5.000 r  sys_clk (IN)
                         net (fo=0)                   0.000     5.000    sys_clk
    W19                  IBUF (Prop_ibuf_I_O)         1.374     6.374 r  sys_clk_IBUF_inst/O
                         net (fo=1, routed)           1.004     7.378    u_top/sys_clk_IBUF
    MMCME2_ADV_X0Y2      MMCME2_ADV (Prop_mmcme2_adv_CLKIN1_CLKOUT0)
                                                      0.073     7.451 r  u_top/g_mmcm.u_mmcm/CLKOUT0
                         net (fo=1, routed)           1.488     8.938    u_top_n_1646
    BUFGCTRL_X0Y1        BUFG (Prop_bufg_I_O)         0.077     9.015 r  multiplier_s1_reg[29]_i_2_replica/O
                         net (fo=3, routed)           0.112     9.127    clk_200_repN
    BUFGCTRL_X0Y0        BUFG (Prop_bufg_I_O)         0.077     9.204 r  multiplier_s1_reg[29]_i_2/O
                         net (fo=62262, routed)       1.293    10.497    u_top/u_core/u_b/u_b_core/core/core/l5/mac/issue/clk_200
    SLICE_X90Y101        FDRE                                         r  u_top/u_core/u_b/u_b_core/core/core/l5/mac/issue/out_window_reg[5950]/C
                         clock pessimism              0.223    10.720    
                         clock uncertainty           -0.069    10.651    
    SLICE_X90Y101        FDRE (Setup_fdre_C_CE)      -0.136    10.515    u_top/u_core/u_b/u_b_core/core/core/l5/mac/issue/out_window_reg[5950]
  -------------------------------------------------------------------
                         required time                         10.515    
                         arrival time                         -10.904    
  -------------------------------------------------------------------
                         slack                                 -0.389    

Slack (VIOLATED) :        -0.389ns  (required time - arrival time)
  Source:                 u_top/u_core/u_b/u_b_core/core/core/l5/gk.frontend/fifo/count_reg[2]_replica/C
                            (rising edge-triggered cell FDRE clocked by u_top_n_1646  {rise@0.000ns fall@2.500ns period=5.000ns})
  Destination:            u_top/u_core/u_b/u_b_core/core/core/l5/mac/issue/out_window_reg[5951]/CE
                            (rising edge-triggered cell FDRE clocked by u_top_n_1646  {rise@0.000ns fall@2.500ns period=5.000ns})
  Path Group:             u_top_n_1646
  Path Type:              Setup (Max at Slow Process Corner)
  Requirement:            5.000ns  (u_top_n_1646 rise@5.000ns - u_top_n_1646 rise@0.000ns)
  Data Path Delay:        5.072ns  (logic 0.589ns (11.613%)  route 4.483ns (88.387%))
  Logic Levels:           2  (LUT3=1 LUT6=1)
  Clock Path Skew:        -0.112ns (DCD - SCD + CPR)
    Destination Clock Delay (DCD):    5.497ns = ( 10.497 - 5.000 ) 
    Source Clock Delay      (SCD):    5.832ns
    Clock Pessimism Removal (CPR):    0.223ns
  Clock Uncertainty:      0.069ns  ((TSJ^2 + DJ^2)^1/2) / 2 + PE + UU
    Total System Jitter     (TSJ):    0.071ns
    Discrete Jitter          (DJ):    0.118ns
    Phase Error              (PE):    0.000ns
    User Uncertainty         (UU):    0.000ns

    Location             Delay type                Incr(ns)  Path(ns)    Netlist Resource(s)
  -------------------------------------------------------------------    -------------------
                         (clock u_top_n_1646 rise edge)
                                                      0.000     0.000 r  
    W19                                               0.000     0.000 r  sys_clk (IN)
                         net (fo=0)                   0.000     0.000    sys_clk
    W19                  IBUF (Prop_ibuf_I_O)         1.440     1.440 r  sys_clk_IBUF_inst/O
                         net (fo=1, routed)           1.065     2.505    u_top/sys_clk_IBUF
    MMCME2_ADV_X0Y2      MMCME2_ADV (Prop_mmcme2_adv_CLKIN1_CLKOUT0)
                                                      0.077     2.582 r  u_top/g_mmcm.u_mmcm/CLKOUT0
                         net (fo=1, routed)           1.559     4.141    u_top_n_1646
    BUFGCTRL_X0Y1        BUFG (Prop_bufg_I_O)         0.081     4.222 r  multiplier_s1_reg[29]_i_2_replica/O
                         net (fo=3, routed)           0.118     4.340    clk_200_repN
    BUFGCTRL_X0Y0        BUFG (Prop_bufg_I_O)         0.081     4.421 r  multiplier_s1_reg[29]_i_2/O
                         net (fo=62262, routed)       1.411     5.832    u_top/u_core/u_b/u_b_core/core/core/l5/gk.frontend/fifo/clk_200
    SLICE_X55Y104        FDRE                                         r  u_top/u_core/u_b/u_b_core/core/core/l5/gk.frontend/fifo/count_reg[2]_replica/C
  -------------------------------------------------------------------    -------------------
    SLICE_X55Y104        FDRE (Prop_fdre_C_Q)         0.379     6.211 r  u_top/u_core/u_b/u_b_core/core/core/l5/gk.frontend/fifo/count_reg[2]_replica/Q
                         net (fo=11, routed)          1.172     7.383    u_top/u_core/u_b/u_b_core/core/core/l5/gk.frontend/fifo/count_reg[2]_0[0]_repN
    SLICE_X48Y127        LUT3 (Prop_lut3_I0_O)        0.105     7.488 r  u_top/u_core/u_b/u_b_core/core/core/l5/gk.frontend/fifo/out_phase[0]_i_3/O
                         net (fo=22, routed)          0.717     8.206    u_top/u_core/u_b/u_b_core/core/core/l5/mac/issue/window_valid
    SLICE_X49Y140        LUT6 (Prop_lut6_I2_O)        0.105     8.311 r  u_top/u_core/u_b/u_b_core/core/core/l5/mac/issue/out_window[6399]_i_1/O
                         net (fo=6400, routed)        2.593    10.904    u_top/u_core/u_b/u_b_core/core/core/l5/mac/issue/out_window[6399]_i_1_n_0
    SLICE_X90Y101        FDRE                                         r  u_top/u_core/u_b/u_b_core/core/core/l5/mac/issue/out_window_reg[5951]/CE
  -------------------------------------------------------------------    -------------------

                         (clock u_top_n_1646 rise edge)
                                                      5.000     5.000 r  
    W19                                               0.000     5.000 r  sys_clk (IN)
                         net (fo=0)                   0.000     5.000    sys_clk
    W19                  IBUF (Prop_ibuf_I_O)         1.374     6.374 r  sys_clk_IBUF_inst/O
                         net (fo=1, routed)           1.004     7.378    u_top/sys_clk_IBUF
    MMCME2_ADV_X0Y2      MMCME2_ADV (Prop_mmcme2_adv_CLKIN1_CLKOUT0)
                                                      0.073     7.451 r  u_top/g_mmcm.u_mmcm/CLKOUT0
                         net (fo=1, routed)           1.488     8.938    u_top_n_1646
    BUFGCTRL_X0Y1        BUFG (Prop_bufg_I_O)         0.077     9.015 r  multiplier_s1_reg[29]_i_2_replica/O
                         net (fo=3, routed)           0.112     9.127    clk_200_repN
    BUFGCTRL_X0Y0        BUFG (Prop_bufg_I_O)         0.077     9.204 r  multiplier_s1_reg[29]_i_2/O
                         net (fo=62262, routed)       1.293    10.497    u_top/u_core/u_b/u_b_core/core/core/l5/mac/issue/clk_200
    SLICE_X90Y101        FDRE                                         r  u_top/u_core/u_b/u_b_core/core/core/l5/mac/issue/out_window_reg[5951]/C
                         clock pessimism              0.223    10.720    
                         clock uncertainty           -0.069    10.651    
    SLICE_X90Y101        FDRE (Setup_fdre_C_CE)      -0.136    10.515    u_top/u_core/u_b/u_b_core/core/core/l5/mac/issue/out_window_reg[5951]
  -------------------------------------------------------------------
                         required time                         10.515    
                         arrival time                         -10.904    
  -------------------------------------------------------------------
                         slack                                 -0.389    

Slack (VIOLATED) :        -0.388ns  (required time - arrival time)
  Source:                 u_top/u_core/u_b/u_b_core/core/core/l5/gk.frontend/pad/y_reg[3]/C
                            (rising edge-triggered cell FDRE clocked by u_top_n_1646  {rise@0.000ns fall@2.500ns period=5.000ns})
  Destination:            u_top/u_core/u_b/u_b_core/core/core/l5/gk.frontend/win/bank_gen[1].mem_reg_3/DIPADIP[0]
                            (rising edge-triggered cell RAMB36E1 clocked by u_top_n_1646  {rise@0.000ns fall@2.500ns period=5.000ns})
  Path Group:             u_top_n_1646
  Path Type:              Setup (Max at Slow Process Corner)
  Requirement:            5.000ns  (u_top_n_1646 rise@5.000ns - u_top_n_1646 rise@0.000ns)
  Data Path Delay:        4.933ns  (logic 0.694ns (14.070%)  route 4.239ns (85.930%))
  Logic Levels:           3  (LUT2=1 LUT5=1 LUT6=1)
  Clock Path Skew:        -0.173ns (DCD - SCD + CPR)
    Destination Clock Delay (DCD):    5.549ns = ( 10.549 - 5.000 ) 
    Source Clock Delay      (SCD):    5.944ns
    Clock Pessimism Removal (CPR):    0.223ns
  Clock Uncertainty:      0.069ns  ((TSJ^2 + DJ^2)^1/2) / 2 + PE + UU
    Total System Jitter     (TSJ):    0.071ns
    Discrete Jitter          (DJ):    0.118ns
    Phase Error              (PE):    0.000ns
    User Uncertainty         (UU):    0.000ns

    Location             Delay type                Incr(ns)  Path(ns)    Netlist Resource(s)
  -------------------------------------------------------------------    -------------------
                         (clock u_top_n_1646 rise edge)
                                                      0.000     0.000 r  
    W19                                               0.000     0.000 r  sys_clk (IN)
                         net (fo=0)                   0.000     0.000    sys_clk
    W19                  IBUF (Prop_ibuf_I_O)         1.440     1.440 r  sys_clk_IBUF_inst/O
                         net (fo=1, routed)           1.065     2.505    u_top/sys_clk_IBUF
    MMCME2_ADV_X0Y2      MMCME2_ADV (Prop_mmcme2_adv_CLKIN1_CLKOUT0)
                                                      0.077     2.582 r  u_top/g_mmcm.u_mmcm/CLKOUT0
                         net (fo=1, routed)           1.559     4.141    u_top_n_1646
    BUFGCTRL_X0Y1        BUFG (Prop_bufg_I_O)         0.081     4.222 r  multiplier_s1_reg[29]_i_2_replica/O
                         net (fo=3, routed)           0.118     4.340    clk_200_repN
    BUFGCTRL_X0Y0        BUFG (Prop_bufg_I_O)         0.081     4.421 r  multiplier_s1_reg[29]_i_2/O
                         net (fo=62262, routed)       1.523     5.944    u_top/u_core/u_b/u_b_core/core/core/l5/gk.frontend/pad/clk_200
    SLICE_X83Y91         FDRE                                         r  u_top/u_core/u_b/u_b_core/core/core/l5/gk.frontend/pad/y_reg[3]/C
  -------------------------------------------------------------------    -------------------
    SLICE_X83Y91         FDRE (Prop_fdre_C_Q)         0.379     6.323 r  u_top/u_core/u_b/u_b_core/core/core/l5/gk.frontend/pad/y_reg[3]/Q
                         net (fo=11, routed)          0.830     7.153    u_top/u_core/u_b/u_b_core/core/core/l5/gk.frontend/pad/y_reg[3]
    SLICE_X82Y94         LUT5 (Prop_lut5_I3_O)        0.105     7.258 f  u_top/u_core/u_b/u_b_core/core/core/l5/gk.frontend/pad/bank_gen[3].mem_reg_0_i_45_rewire/O
                         net (fo=9, routed)           0.634     7.891    u_top/u_core/u_b/u_b_core/core/core/l5/gk.frontend/pad/bank_gen[3].mem_reg_0_i_45_n_0
    SLICE_X83Y94         LUT6 (Prop_lut6_I5_O)        0.105     7.996 f  u_top/u_core/u_b/u_b_core/core/core/l5/gk.frontend/pad/bank_gen[3].mem_reg_1_i_37_rewire/O
                         net (fo=183, routed)         0.890     8.886    u_top/u_core/u_b/u_b_core/core/core/f45/pixel_d_reg[36]
    SLICE_X85Y93         LUT2 (Prop_lut2_I1_O)        0.105     8.991 r  u_top/u_core/u_b/u_b_core/core/core/f45/bank_gen[3].mem_reg_3_i_36/O
                         net (fo=5, routed)           1.886    10.877    u_top/u_core/u_b/u_b_core/core/core/l5/gk.frontend/win/pixel_in[140]
    RAMB36_X6Y28         RAMB36E1                                     r  u_top/u_core/u_b/u_b_core/core/core/l5/gk.frontend/win/bank_gen[1].mem_reg_3/DIPADIP[0]
  -------------------------------------------------------------------    -------------------

                         (clock u_top_n_1646 rise edge)
                                                      5.000     5.000 r  
    W19                                               0.000     5.000 r  sys_clk (IN)
                         net (fo=0)                   0.000     5.000    sys_clk
    W19                  IBUF (Prop_ibuf_I_O)         1.374     6.374 r  sys_clk_IBUF_inst/O
                         net (fo=1, routed)           1.004     7.378    u_top/sys_clk_IBUF
    MMCME2_ADV_X0Y2      MMCME2_ADV (Prop_mmcme2_adv_CLKIN1_CLKOUT0)
                                                      0.073     7.451 r  u_top/g_mmcm.u_mmcm/CLKOUT0
                         net (fo=1, routed)           1.488     8.938    u_top_n_1646
    BUFGCTRL_X0Y1        BUFG (Prop_bufg_I_O)         0.077     9.015 r  multiplier_s1_reg[29]_i_2_replica/O
                         net (fo=3, routed)           0.112     9.127    clk_200_repN
    BUFGCTRL_X0Y0        BUFG (Prop_bufg_I_O)         0.077     9.204 r  multiplier_s1_reg[29]_i_2/O
                         net (fo=62262, routed)       1.344    10.549    u_top/u_core/u_b/u_b_core/core/core/l5/gk.frontend/win/clk_200
    RAMB36_X6Y28         RAMB36E1                                     r  u_top/u_core/u_b/u_b_core/core/core/l5/gk.frontend/win/bank_gen[1].mem_reg_3/CLKARDCLK
                         clock pessimism              0.223    10.772    
                         clock uncertainty           -0.069    10.703    
    RAMB36_X6Y28         RAMB36E1 (Setup_ramb36e1_CLKARDCLK_DIPADIP[0])
                                                     -0.214    10.489    u_top/u_core/u_b/u_b_core/core/core/l5/gk.frontend/win/bank_gen[1].mem_reg_3
  -------------------------------------------------------------------
                         required time                         10.489    
                         arrival time                         -10.877    
  -------------------------------------------------------------------
                         slack                                 -0.388    

Slack (VIOLATED) :        -0.372ns  (required time - arrival time)
  Source:                 u_top/u_core/u_b/u_b_core/core/core/l5/mac/issue/out_phase_reg[1]_replica_1/C
                            (rising edge-triggered cell FDRE clocked by u_top_n_1646  {rise@0.000ns fall@2.500ns period=5.000ns})
  Destination:            u_top/u_core/u_b/u_b_core/core/core/l5/gk.frontend/fifo/g_wide_read.g_read_slice[92].mem_slice_reg_0_3_60_63/RAMA/WE
                            (rising edge-triggered cell RAMD32 clocked by u_top_n_1646  {rise@0.000ns fall@2.500ns period=5.000ns})
  Path Group:             u_top_n_1646
  Path Type:              Setup (Max at Slow Process Corner)
  Requirement:            5.000ns  (u_top_n_1646 rise@5.000ns - u_top_n_1646 rise@0.000ns)
  Data Path Delay:        4.768ns  (logic 0.589ns (12.354%)  route 4.179ns (87.646%))
  Logic Levels:           2  (LUT3=1 LUT6=1)
  Clock Path Skew:        -0.105ns (DCD - SCD + CPR)
    Destination Clock Delay (DCD):    5.497ns = ( 10.497 - 5.000 ) 
    Source Clock Delay      (SCD):    5.825ns
    Clock Pessimism Removal (CPR):    0.223ns
  Clock Uncertainty:      0.069ns  ((TSJ^2 + DJ^2)^1/2) / 2 + PE + UU
    Total System Jitter     (TSJ):    0.071ns
    Discrete Jitter          (DJ):    0.118ns
    Phase Error              (PE):    0.000ns
    User Uncertainty         (UU):    0.000ns

    Location             Delay type                Incr(ns)  Path(ns)    Netlist Resource(s)
  -------------------------------------------------------------------    -------------------
                         (clock u_top_n_1646 rise edge)
                                                      0.000     0.000 r  
    W19                                               0.000     0.000 r  sys_clk (IN)
                         net (fo=0)                   0.000     0.000    sys_clk
    W19                  IBUF (Prop_ibuf_I_O)         1.440     1.440 r  sys_clk_IBUF_inst/O
                         net (fo=1, routed)           1.065     2.505    u_top/sys_clk_IBUF
    MMCME2_ADV_X0Y2      MMCME2_ADV (Prop_mmcme2_adv_CLKIN1_CLKOUT0)
                                                      0.077     2.582 r  u_top/g_mmcm.u_mmcm/CLKOUT0
                         net (fo=1, routed)           1.559     4.141    u_top_n_1646
    BUFGCTRL_X0Y1        BUFG (Prop_bufg_I_O)         0.081     4.222 r  multiplier_s1_reg[29]_i_2_replica/O
                         net (fo=3, routed)           0.118     4.340    clk_200_repN
    BUFGCTRL_X0Y0        BUFG (Prop_bufg_I_O)         0.081     4.421 r  multiplier_s1_reg[29]_i_2/O
                         net (fo=62262, routed)       1.404     5.825    u_top/u_core/u_b/u_b_core/core/core/l5/mac/issue/clk_200
    SLICE_X65Y143        FDRE                                         r  u_top/u_core/u_b/u_b_core/core/core/l5/mac/issue/out_phase_reg[1]_replica_1/C
  -------------------------------------------------------------------    -------------------
    SLICE_X65Y143        FDRE (Prop_fdre_C_Q)         0.379     6.204 r  u_top/u_core/u_b/u_b_core/core/core/l5/mac/issue/out_phase_reg[1]_replica_1/Q
                         net (fo=195, routed)         1.081     7.285    u_top/u_core/u_b/u_b_core/core/core/l5/mac/issue/issue_phase[1]_repN_1
    SLICE_X52Y148        LUT6 (Prop_lut6_I1_O)        0.105     7.390 r  u_top/u_core/u_b/u_b_core/core/core/l5/mac/issue/wr_ptr[1]_i_2_rewire/O
                         net (fo=56, routed)          1.167     8.558    u_top/u_core/u_b/u_b_core/core/core/l5/gk.frontend/win/window_ready
    SLICE_X71Y137        LUT3 (Prop_lut3_I1_O)        0.105     8.663 r  u_top/u_core/u_b/u_b_core/core/core/l5/gk.frontend/win/g_wide_read.g_read_slice[84].mem_slice_reg_0_3_0_5_i_1/O
                         net (fo=1056, routed)        1.930    10.592    u_top/u_core/u_b/u_b_core/core/core/l5/gk.frontend/fifo/g_wide_read.g_read_slice[92].mem_slice_reg_0_3_60_63/WE
    SLICE_X90Y101        RAMD32                                       r  u_top/u_core/u_b/u_b_core/core/core/l5/gk.frontend/fifo/g_wide_read.g_read_slice[92].mem_slice_reg_0_3_60_63/RAMA/WE
  -------------------------------------------------------------------    -------------------

                         (clock u_top_n_1646 rise edge)
                                                      5.000     5.000 r  
    W19                                               0.000     5.000 r  sys_clk (IN)
                         net (fo=0)                   0.000     5.000    sys_clk
    W19                  IBUF (Prop_ibuf_I_O)         1.374     6.374 r  sys_clk_IBUF_inst/O
                         net (fo=1, routed)           1.004     7.378    u_top/sys_clk_IBUF
    MMCME2_ADV_X0Y2      MMCME2_ADV (Prop_mmcme2_adv_CLKIN1_CLKOUT0)
                                                      0.073     7.451 r  u_top/g_mmcm.u_mmcm/CLKOUT0
                         net (fo=1, routed)           1.488     8.938    u_top_n_1646
    BUFGCTRL_X0Y1        BUFG (Prop_bufg_I_O)         0.077     9.015 r  multiplier_s1_reg[29]_i_2_replica/O
                         net (fo=3, routed)           0.112     9.127    clk_200_repN
    BUFGCTRL_X0Y0        BUFG (Prop_bufg_I_O)         0.077     9.204 r  multiplier_s1_reg[29]_i_2/O
                         net (fo=62262, routed)       1.293    10.497    u_top/u_core/u_b/u_b_core/core/core/l5/gk.frontend/fifo/g_wide_read.g_read_slice[92].mem_slice_reg_0_3_60_63/WCLK
    SLICE_X90Y101        RAMD32                                       r  u_top/u_core/u_b/u_b_core/core/core/l5/gk.frontend/fifo/g_wide_read.g_read_slice[92].mem_slice_reg_0_3_60_63/RAMA/CLK
                         clock pessimism              0.223    10.720    
                         clock uncertainty           -0.069    10.651    
    SLICE_X90Y101        RAMD32 (Setup_ramd32_CLK_WE)
                                                     -0.431    10.220    u_top/u_core/u_b/u_b_core/core/core/l5/gk.frontend/fifo/g_wide_read.g_read_slice[92].mem_slice_reg_0_3_60_63/RAMA
  -------------------------------------------------------------------
                         required time                         10.220    
                         arrival time                         -10.592    
  -------------------------------------------------------------------
                         slack                                 -0.372    

Slack (VIOLATED) :        -0.372ns  (required time - arrival time)
  Source:                 u_top/u_core/u_b/u_b_core/core/core/l5/mac/issue/out_phase_reg[1]_replica_1/C
                            (rising edge-triggered cell FDRE clocked by u_top_n_1646  {rise@0.000ns fall@2.500ns period=5.000ns})
  Destination:            u_top/u_core/u_b/u_b_core/core/core/l5/gk.frontend/fifo/g_wide_read.g_read_slice[92].mem_slice_reg_0_3_60_63/RAMA_D1/WE
                            (rising edge-triggered cell RAMD32 clocked by u_top_n_1646  {rise@0.000ns fall@2.500ns period=5.000ns})
  Path Group:             u_top_n_1646
  Path Type:              Setup (Max at Slow Process Corner)
  Requirement:            5.000ns  (u_top_n_1646 rise@5.000ns - u_top_n_1646 rise@0.000ns)
  Data Path Delay:        4.768ns  (logic 0.589ns (12.354%)  route 4.179ns (87.646%))
  Logic Levels:           2  (LUT3=1 LUT6=1)
  Clock Path Skew:        -0.105ns (DCD - SCD + CPR)
    Destination Clock Delay (DCD):    5.497ns = ( 10.497 - 5.000 ) 
    Source Clock Delay      (SCD):    5.825ns
    Clock Pessimism Removal (CPR):    0.223ns
  Clock Uncertainty:      0.069ns  ((TSJ^2 + DJ^2)^1/2) / 2 + PE + UU
    Total System Jitter     (TSJ):    0.071ns
    Discrete Jitter          (DJ):    0.118ns
    Phase Error              (PE):    0.000ns
    User Uncertainty         (UU):    0.000ns

    Location             Delay type                Incr(ns)  Path(ns)    Netlist Resource(s)
  -------------------------------------------------------------------    -------------------
                         (clock u_top_n_1646 rise edge)
                                                      0.000     0.000 r  
    W19                                               0.000     0.000 r  sys_clk (IN)
                         net (fo=0)                   0.000     0.000    sys_clk
    W19                  IBUF (Prop_ibuf_I_O)         1.440     1.440 r  sys_clk_IBUF_inst/O
                         net (fo=1, routed)           1.065     2.505    u_top/sys_clk_IBUF
    MMCME2_ADV_X0Y2      MMCME2_ADV (Prop_mmcme2_adv_CLKIN1_CLKOUT0)
                                                      0.077     2.582 r  u_top/g_mmcm.u_mmcm/CLKOUT0
                         net (fo=1, routed)           1.559     4.141    u_top_n_1646
    BUFGCTRL_X0Y1        BUFG (Prop_bufg_I_O)         0.081     4.222 r  multiplier_s1_reg[29]_i_2_replica/O
                         net (fo=3, routed)           0.118     4.340    clk_200_repN
    BUFGCTRL_X0Y0        BUFG (Prop_bufg_I_O)         0.081     4.421 r  multiplier_s1_reg[29]_i_2/O
                         net (fo=62262, routed)       1.404     5.825    u_top/u_core/u_b/u_b_core/core/core/l5/mac/issue/clk_200
    SLICE_X65Y143        FDRE                                         r  u_top/u_core/u_b/u_b_core/core/core/l5/mac/issue/out_phase_reg[1]_replica_1/C
  -------------------------------------------------------------------    -------------------
    SLICE_X65Y143        FDRE (Prop_fdre_C_Q)         0.379     6.204 r  u_top/u_core/u_b/u_b_core/core/core/l5/mac/issue/out_phase_reg[1]_replica_1/Q
                         net (fo=195, routed)         1.081     7.285    u_top/u_core/u_b/u_b_core/core/core/l5/mac/issue/issue_phase[1]_repN_1
    SLICE_X52Y148        LUT6 (Prop_lut6_I1_O)        0.105     7.390 r  u_top/u_core/u_b/u_b_core/core/core/l5/mac/issue/wr_ptr[1]_i_2_rewire/O
                         net (fo=56, routed)          1.167     8.558    u_top/u_core/u_b/u_b_core/core/core/l5/gk.frontend/win/window_ready
    SLICE_X71Y137        LUT3 (Prop_lut3_I1_O)        0.105     8.663 r  u_top/u_core/u_b/u_b_core/core/core/l5/gk.frontend/win/g_wide_read.g_read_slice[84].mem_slice_reg_0_3_0_5_i_1/O
                         net (fo=1056, routed)        1.930    10.592    u_top/u_core/u_b/u_b_core/core/core/l5/gk.frontend/fifo/g_wide_read.g_read_slice[92].mem_slice_reg_0_3_60_63/WE
    SLICE_X90Y101        RAMD32                                       r  u_top/u_core/u_b/u_b_core/core/core/l5/gk.frontend/fifo/g_wide_read.g_read_slice[92].mem_slice_reg_0_3_60_63/RAMA_D1/WE
  -------------------------------------------------------------------    -------------------

                         (clock u_top_n_1646 rise edge)
                                                      5.000     5.000 r  
    W19                                               0.000     5.000 r  sys_clk (IN)
                         net (fo=0)                   0.000     5.000    sys_clk
    W19                  IBUF (Prop_ibuf_I_O)         1.374     6.374 r  sys_clk_IBUF_inst/O
                         net (fo=1, routed)           1.004     7.378    u_top/sys_clk_IBUF
    MMCME2_ADV_X0Y2      MMCME2_ADV (Prop_mmcme2_adv_CLKIN1_CLKOUT0)
                                                      0.073     7.451 r  u_top/g_mmcm.u_mmcm/CLKOUT0
                         net (fo=1, routed)           1.488     8.938    u_top_n_1646
    BUFGCTRL_X0Y1        BUFG (Prop_bufg_I_O)         0.077     9.015 r  multiplier_s1_reg[29]_i_2_replica/O
                         net (fo=3, routed)           0.112     9.127    clk_200_repN
    BUFGCTRL_X0Y0        BUFG (Prop_bufg_I_O)         0.077     9.204 r  multiplier_s1_reg[29]_i_2/O
                         net (fo=62262, routed)       1.293    10.497    u_top/u_core/u_b/u_b_core/core/core/l5/gk.frontend/fifo/g_wide_read.g_read_slice[92].mem_slice_reg_0_3_60_63/WCLK
    SLICE_X90Y101        RAMD32                                       r  u_top/u_core/u_b/u_b_core/core/core/l5/gk.frontend/fifo/g_wide_read.g_read_slice[92].mem_slice_reg_0_3_60_63/RAMA_D1/CLK
                         clock pessimism              0.223    10.720    
                         clock uncertainty           -0.069    10.651    
    SLICE_X90Y101        RAMD32 (Setup_ramd32_CLK_WE)
                                                     -0.431    10.220    u_top/u_core/u_b/u_b_core/core/core/l5/gk.frontend/fifo/g_wide_read.g_read_slice[92].mem_slice_reg_0_3_60_63/RAMA_D1
  -------------------------------------------------------------------
                         required time                         10.220    
                         arrival time                         -10.592    
  -------------------------------------------------------------------
                         slack                                 -0.372    

Slack (VIOLATED) :        -0.372ns  (required time - arrival time)
  Source:                 u_top/u_core/u_b/u_b_core/core/core/l5/mac/issue/out_phase_reg[1]_replica_1/C
                            (rising edge-triggered cell FDRE clocked by u_top_n_1646  {rise@0.000ns fall@2.500ns period=5.000ns})
  Destination:            u_top/u_core/u_b/u_b_core/core/core/l5/gk.frontend/fifo/g_wide_read.g_read_slice[92].mem_slice_reg_0_3_60_63/RAMB/WE
                            (rising edge-triggered cell RAMD32 clocked by u_top_n_1646  {rise@0.000ns fall@2.500ns period=5.000ns})
  Path Group:             u_top_n_1646
  Path Type:              Setup (Max at Slow Process Corner)
  Requirement:            5.000ns  (u_top_n_1646 rise@5.000ns - u_top_n_1646 rise@0.000ns)
  Data Path Delay:        4.768ns  (logic 0.589ns (12.354%)  route 4.179ns (87.646%))
  Logic Levels:           2  (LUT3=1 LUT6=1)
  Clock Path Skew:        -0.105ns (DCD - SCD + CPR)
    Destination Clock Delay (DCD):    5.497ns = ( 10.497 - 5.000 ) 
    Source Clock Delay      (SCD):    5.825ns
    Clock Pessimism Removal (CPR):    0.223ns
  Clock Uncertainty:      0.069ns  ((TSJ^2 + DJ^2)^1/2) / 2 + PE + UU
    Total System Jitter     (TSJ):    0.071ns
    Discrete Jitter          (DJ):    0.118ns
    Phase Error              (PE):    0.000ns
    User Uncertainty         (UU):    0.000ns

    Location             Delay type                Incr(ns)  Path(ns)    Netlist Resource(s)
  -------------------------------------------------------------------    -------------------
                         (clock u_top_n_1646 rise edge)
                                                      0.000     0.000 r  
    W19                                               0.000     0.000 r  sys_clk (IN)
                         net (fo=0)                   0.000     0.000    sys_clk
    W19                  IBUF (Prop_ibuf_I_O)         1.440     1.440 r  sys_clk_IBUF_inst/O
                         net (fo=1, routed)           1.065     2.505    u_top/sys_clk_IBUF
    MMCME2_ADV_X0Y2      MMCME2_ADV (Prop_mmcme2_adv_CLKIN1_CLKOUT0)
                                                      0.077     2.582 r  u_top/g_mmcm.u_mmcm/CLKOUT0
                         net (fo=1, routed)           1.559     4.141    u_top_n_1646
    BUFGCTRL_X0Y1        BUFG (Prop_bufg_I_O)         0.081     4.222 r  multiplier_s1_reg[29]_i_2_replica/O
                         net (fo=3, routed)           0.118     4.340    clk_200_repN
    BUFGCTRL_X0Y0        BUFG (Prop_bufg_I_O)         0.081     4.421 r  multiplier_s1_reg[29]_i_2/O
                         net (fo=62262, routed)       1.404     5.825    u_top/u_core/u_b/u_b_core/core/core/l5/mac/issue/clk_200
    SLICE_X65Y143        FDRE                                         r  u_top/u_core/u_b/u_b_core/core/core/l5/mac/issue/out_phase_reg[1]_replica_1/C
  -------------------------------------------------------------------    -------------------
    SLICE_X65Y143        FDRE (Prop_fdre_C_Q)         0.379     6.204 r  u_top/u_core/u_b/u_b_core/core/core/l5/mac/issue/out_phase_reg[1]_replica_1/Q
                         net (fo=195, routed)         1.081     7.285    u_top/u_core/u_b/u_b_core/core/core/l5/mac/issue/issue_phase[1]_repN_1
    SLICE_X52Y148        LUT6 (Prop_lut6_I1_O)        0.105     7.390 r  u_top/u_core/u_b/u_b_core/core/core/l5/mac/issue/wr_ptr[1]_i_2_rewire/O
                         net (fo=56, routed)          1.167     8.558    u_top/u_core/u_b/u_b_core/core/core/l5/gk.frontend/win/window_ready
    SLICE_X71Y137        LUT3 (Prop_lut3_I1_O)        0.105     8.663 r  u_top/u_core/u_b/u_b_core/core/core/l5/gk.frontend/win/g_wide_read.g_read_slice[84].mem_slice_reg_0_3_0_5_i_1/O
                         net (fo=1056, routed)        1.930    10.592    u_top/u_core/u_b/u_b_core/core/core/l5/gk.frontend/fifo/g_wide_read.g_read_slice[92].mem_slice_reg_0_3_60_63/WE
    SLICE_X90Y101        RAMD32                                       r  u_top/u_core/u_b/u_b_core/core/core/l5/gk.frontend/fifo/g_wide_read.g_read_slice[92].mem_slice_reg_0_3_60_63/RAMB/WE
  -------------------------------------------------------------------    -------------------

                         (clock u_top_n_1646 rise edge)
                                                      5.000     5.000 r  
    W19                                               0.000     5.000 r  sys_clk (IN)
                         net (fo=0)                   0.000     5.000    sys_clk
    W19                  IBUF (Prop_ibuf_I_O)         1.374     6.374 r  sys_clk_IBUF_inst/O
                         net (fo=1, routed)           1.004     7.378    u_top/sys_clk_IBUF
    MMCME2_ADV_X0Y2      MMCME2_ADV (Prop_mmcme2_adv_CLKIN1_CLKOUT0)
                                                      0.073     7.451 r  u_top/g_mmcm.u_mmcm/CLKOUT0
                         net (fo=1, routed)           1.488     8.938    u_top_n_1646
    BUFGCTRL_X0Y1        BUFG (Prop_bufg_I_O)         0.077     9.015 r  multiplier_s1_reg[29]_i_2_replica/O
                         net (fo=3, routed)           0.112     9.127    clk_200_repN
    BUFGCTRL_X0Y0        BUFG (Prop_bufg_I_O)         0.077     9.204 r  multiplier_s1_reg[29]_i_2/O
                         net (fo=62262, routed)       1.293    10.497    u_top/u_core/u_b/u_b_core/core/core/l5/gk.frontend/fifo/g_wide_read.g_read_slice[92].mem_slice_reg_0_3_60_63/WCLK
    SLICE_X90Y101        RAMD32                                       r  u_top/u_core/u_b/u_b_core/core/core/l5/gk.frontend/fifo/g_wide_read.g_read_slice[92].mem_slice_reg_0_3_60_63/RAMB/CLK
                         clock pessimism              0.223    10.720    
                         clock uncertainty           -0.069    10.651    
    SLICE_X90Y101        RAMD32 (Setup_ramd32_CLK_WE)
                                                     -0.431    10.220    u_top/u_core/u_b/u_b_core/core/core/l5/gk.frontend/fifo/g_wide_read.g_read_slice[92].mem_slice_reg_0_3_60_63/RAMB
  -------------------------------------------------------------------
                         required time                         10.220    
                         arrival time                         -10.592    
  -------------------------------------------------------------------
                         slack                                 -0.372    

Slack (VIOLATED) :        -0.372ns  (required time - arrival time)
  Source:                 u_top/u_core/u_b/u_b_core/core/core/l5/mac/issue/out_phase_reg[1]_replica_1/C
                            (rising edge-triggered cell FDRE clocked by u_top_n_1646  {rise@0.000ns fall@2.500ns period=5.000ns})
  Destination:            u_top/u_core/u_b/u_b_core/core/core/l5/gk.frontend/fifo/g_wide_read.g_read_slice[92].mem_slice_reg_0_3_60_63/RAMB_D1/WE
                            (rising edge-triggered cell RAMD32 clocked by u_top_n_1646  {rise@0.000ns fall@2.500ns period=5.000ns})
  Path Group:             u_top_n_1646
  Path Type:              Setup (Max at Slow Process Corner)
  Requirement:            5.000ns  (u_top_n_1646 rise@5.000ns - u_top_n_1646 rise@0.000ns)
  Data Path Delay:        4.768ns  (logic 0.589ns (12.354%)  route 4.179ns (87.646%))
  Logic Levels:           2  (LUT3=1 LUT6=1)
  Clock Path Skew:        -0.105ns (DCD - SCD + CPR)
    Destination Clock Delay (DCD):    5.497ns = ( 10.497 - 5.000 ) 
    Source Clock Delay      (SCD):    5.825ns
    Clock Pessimism Removal (CPR):    0.223ns
  Clock Uncertainty:      0.069ns  ((TSJ^2 + DJ^2)^1/2) / 2 + PE + UU
    Total System Jitter     (TSJ):    0.071ns
    Discrete Jitter          (DJ):    0.118ns
    Phase Error              (PE):    0.000ns
    User Uncertainty         (UU):    0.000ns

    Location             Delay type                Incr(ns)  Path(ns)    Netlist Resource(s)
  -------------------------------------------------------------------    -------------------
                         (clock u_top_n_1646 rise edge)
                                                      0.000     0.000 r  
    W19                                               0.000     0.000 r  sys_clk (IN)
                         net (fo=0)                   0.000     0.000    sys_clk
    W19                  IBUF (Prop_ibuf_I_O)         1.440     1.440 r  sys_clk_IBUF_inst/O
                         net (fo=1, routed)           1.065     2.505    u_top/sys_clk_IBUF
    MMCME2_ADV_X0Y2      MMCME2_ADV (Prop_mmcme2_adv_CLKIN1_CLKOUT0)
                                                      0.077     2.582 r  u_top/g_mmcm.u_mmcm/CLKOUT0
                         net (fo=1, routed)           1.559     4.141    u_top_n_1646
    BUFGCTRL_X0Y1        BUFG (Prop_bufg_I_O)         0.081     4.222 r  multiplier_s1_reg[29]_i_2_replica/O
                         net (fo=3, routed)           0.118     4.340    clk_200_repN
    BUFGCTRL_X0Y0        BUFG (Prop_bufg_I_O)         0.081     4.421 r  multiplier_s1_reg[29]_i_2/O
                         net (fo=62262, routed)       1.404     5.825    u_top/u_core/u_b/u_b_core/core/core/l5/mac/issue/clk_200
    SLICE_X65Y143        FDRE                                         r  u_top/u_core/u_b/u_b_core/core/core/l5/mac/issue/out_phase_reg[1]_replica_1/C
  -------------------------------------------------------------------    -------------------
    SLICE_X65Y143        FDRE (Prop_fdre_C_Q)         0.379     6.204 r  u_top/u_core/u_b/u_b_core/core/core/l5/mac/issue/out_phase_reg[1]_replica_1/Q
                         net (fo=195, routed)         1.081     7.285    u_top/u_core/u_b/u_b_core/core/core/l5/mac/issue/issue_phase[1]_repN_1
    SLICE_X52Y148        LUT6 (Prop_lut6_I1_O)        0.105     7.390 r  u_top/u_core/u_b/u_b_core/core/core/l5/mac/issue/wr_ptr[1]_i_2_rewire/O
                         net (fo=56, routed)          1.167     8.558    u_top/u_core/u_b/u_b_core/core/core/l5/gk.frontend/win/window_ready
    SLICE_X71Y137        LUT3 (Prop_lut3_I1_O)        0.105     8.663 r  u_top/u_core/u_b/u_b_core/core/core/l5/gk.frontend/win/g_wide_read.g_read_slice[84].mem_slice_reg_0_3_0_5_i_1/O
                         net (fo=1056, routed)        1.930    10.592    u_top/u_core/u_b/u_b_core/core/core/l5/gk.frontend/fifo/g_wide_read.g_read_slice[92].mem_slice_reg_0_3_60_63/WE
    SLICE_X90Y101        RAMD32                                       r  u_top/u_core/u_b/u_b_core/core/core/l5/gk.frontend/fifo/g_wide_read.g_read_slice[92].mem_slice_reg_0_3_60_63/RAMB_D1/WE
  -------------------------------------------------------------------    -------------------

                         (clock u_top_n_1646 rise edge)
                                                      5.000     5.000 r  
    W19                                               0.000     5.000 r  sys_clk (IN)
                         net (fo=0)                   0.000     5.000    sys_clk
    W19                  IBUF (Prop_ibuf_I_O)         1.374     6.374 r  sys_clk_IBUF_inst/O
                         net (fo=1, routed)           1.004     7.378    u_top/sys_clk_IBUF
    MMCME2_ADV_X0Y2      MMCME2_ADV (Prop_mmcme2_adv_CLKIN1_CLKOUT0)
                                                      0.073     7.451 r  u_top/g_mmcm.u_mmcm/CLKOUT0
                         net (fo=1, routed)           1.488     8.938    u_top_n_1646
    BUFGCTRL_X0Y1        BUFG (Prop_bufg_I_O)         0.077     9.015 r  multiplier_s1_reg[29]_i_2_replica/O
                         net (fo=3, routed)           0.112     9.127    clk_200_repN
    BUFGCTRL_X0Y0        BUFG (Prop_bufg_I_O)         0.077     9.204 r  multiplier_s1_reg[29]_i_2/O
                         net (fo=62262, routed)       1.293    10.497    u_top/u_core/u_b/u_b_core/core/core/l5/gk.frontend/fifo/g_wide_read.g_read_slice[92].mem_slice_reg_0_3_60_63/WCLK
    SLICE_X90Y101        RAMD32                                       r  u_top/u_core/u_b/u_b_core/core/core/l5/gk.frontend/fifo/g_wide_read.g_read_slice[92].mem_slice_reg_0_3_60_63/RAMB_D1/CLK
                         clock pessimism              0.223    10.720    
                         clock uncertainty           -0.069    10.651    
    SLICE_X90Y101        RAMD32 (Setup_ramd32_CLK_WE)
                                                     -0.431    10.220    u_top/u_core/u_b/u_b_core/core/core/l5/gk.frontend/fifo/g_wide_read.g_read_slice[92].mem_slice_reg_0_3_60_63/RAMB_D1
  -------------------------------------------------------------------
                         required time                         10.220    
                         arrival time                         -10.592    
  -------------------------------------------------------------------
                         slack                                 -0.372    

Slack (VIOLATED) :        -0.372ns  (required time - arrival time)
  Source:                 u_top/u_core/u_b/u_b_core/core/core/l5/mac/issue/out_phase_reg[1]_replica_1/C
                            (rising edge-triggered cell FDRE clocked by u_top_n_1646  {rise@0.000ns fall@2.500ns period=5.000ns})
  Destination:            u_top/u_core/u_b/u_b_core/core/core/l5/gk.frontend/fifo/g_wide_read.g_read_slice[92].mem_slice_reg_0_3_60_63/RAMC/WE
                            (rising edge-triggered cell RAMD32 clocked by u_top_n_1646  {rise@0.000ns fall@2.500ns period=5.000ns})
  Path Group:             u_top_n_1646
  Path Type:              Setup (Max at Slow Process Corner)
  Requirement:            5.000ns  (u_top_n_1646 rise@5.000ns - u_top_n_1646 rise@0.000ns)
  Data Path Delay:        4.768ns  (logic 0.589ns (12.354%)  route 4.179ns (87.646%))
  Logic Levels:           2  (LUT3=1 LUT6=1)
  Clock Path Skew:        -0.105ns (DCD - SCD + CPR)
    Destination Clock Delay (DCD):    5.497ns = ( 10.497 - 5.000 ) 
    Source Clock Delay      (SCD):    5.825ns
    Clock Pessimism Removal (CPR):    0.223ns
  Clock Uncertainty:      0.069ns  ((TSJ^2 + DJ^2)^1/2) / 2 + PE + UU
    Total System Jitter     (TSJ):    0.071ns
    Discrete Jitter          (DJ):    0.118ns
    Phase Error              (PE):    0.000ns
    User Uncertainty         (UU):    0.000ns

    Location             Delay type                Incr(ns)  Path(ns)    Netlist Resource(s)
  -------------------------------------------------------------------    -------------------
                         (clock u_top_n_1646 rise edge)
                                                      0.000     0.000 r  
    W19                                               0.000     0.000 r  sys_clk (IN)
                         net (fo=0)                   0.000     0.000    sys_clk
    W19                  IBUF (Prop_ibuf_I_O)         1.440     1.440 r  sys_clk_IBUF_inst/O
                         net (fo=1, routed)           1.065     2.505    u_top/sys_clk_IBUF
    MMCME2_ADV_X0Y2      MMCME2_ADV (Prop_mmcme2_adv_CLKIN1_CLKOUT0)
                                                      0.077     2.582 r  u_top/g_mmcm.u_mmcm/CLKOUT0
                         net (fo=1, routed)           1.559     4.141    u_top_n_1646
    BUFGCTRL_X0Y1        BUFG (Prop_bufg_I_O)         0.081     4.222 r  multiplier_s1_reg[29]_i_2_replica/O
                         net (fo=3, routed)           0.118     4.340    clk_200_repN
    BUFGCTRL_X0Y0        BUFG (Prop_bufg_I_O)         0.081     4.421 r  multiplier_s1_reg[29]_i_2/O
                         net (fo=62262, routed)       1.404     5.825    u_top/u_core/u_b/u_b_core/core/core/l5/mac/issue/clk_200
    SLICE_X65Y143        FDRE                                         r  u_top/u_core/u_b/u_b_core/core/core/l5/mac/issue/out_phase_reg[1]_replica_1/C
  -------------------------------------------------------------------    -------------------
    SLICE_X65Y143        FDRE (Prop_fdre_C_Q)         0.379     6.204 r  u_top/u_core/u_b/u_b_core/core/core/l5/mac/issue/out_phase_reg[1]_replica_1/Q
                         net (fo=195, routed)         1.081     7.285    u_top/u_core/u_b/u_b_core/core/core/l5/mac/issue/issue_phase[1]_repN_1
    SLICE_X52Y148        LUT6 (Prop_lut6_I1_O)        0.105     7.390 r  u_top/u_core/u_b/u_b_core/core/core/l5/mac/issue/wr_ptr[1]_i_2_rewire/O
                         net (fo=56, routed)          1.167     8.558    u_top/u_core/u_b/u_b_core/core/core/l5/gk.frontend/win/window_ready
    SLICE_X71Y137        LUT3 (Prop_lut3_I1_O)        0.105     8.663 r  u_top/u_core/u_b/u_b_core/core/core/l5/gk.frontend/win/g_wide_read.g_read_slice[84].mem_slice_reg_0_3_0_5_i_1/O
                         net (fo=1056, routed)        1.930    10.592    u_top/u_core/u_b/u_b_core/core/core/l5/gk.frontend/fifo/g_wide_read.g_read_slice[92].mem_slice_reg_0_3_60_63/WE
    SLICE_X90Y101        RAMD32                                       r  u_top/u_core/u_b/u_b_core/core/core/l5/gk.frontend/fifo/g_wide_read.g_read_slice[92].mem_slice_reg_0_3_60_63/RAMC/WE
  -------------------------------------------------------------------    -------------------

                         (clock u_top_n_1646 rise edge)
                                                      5.000     5.000 r  
    W19                                               0.000     5.000 r  sys_clk (IN)
                         net (fo=0)                   0.000     5.000    sys_clk
    W19                  IBUF (Prop_ibuf_I_O)         1.374     6.374 r  sys_clk_IBUF_inst/O
                         net (fo=1, routed)           1.004     7.378    u_top/sys_clk_IBUF
    MMCME2_ADV_X0Y2      MMCME2_ADV (Prop_mmcme2_adv_CLKIN1_CLKOUT0)
                                                      0.073     7.451 r  u_top/g_mmcm.u_mmcm/CLKOUT0
                         net (fo=1, routed)           1.488     8.938    u_top_n_1646
    BUFGCTRL_X0Y1        BUFG (Prop_bufg_I_O)         0.077     9.015 r  multiplier_s1_reg[29]_i_2_replica/O
                         net (fo=3, routed)           0.112     9.127    clk_200_repN
    BUFGCTRL_X0Y0        BUFG (Prop_bufg_I_O)         0.077     9.204 r  multiplier_s1_reg[29]_i_2/O
                         net (fo=62262, routed)       1.293    10.497    u_top/u_core/u_b/u_b_core/core/core/l5/gk.frontend/fifo/g_wide_read.g_read_slice[92].mem_slice_reg_0_3_60_63/WCLK
    SLICE_X90Y101        RAMD32                                       r  u_top/u_core/u_b/u_b_core/core/core/l5/gk.frontend/fifo/g_wide_read.g_read_slice[92].mem_slice_reg_0_3_60_63/RAMC/CLK
                         clock pessimism              0.223    10.720    
                         clock uncertainty           -0.069    10.651    
    SLICE_X90Y101        RAMD32 (Setup_ramd32_CLK_WE)
                                                     -0.431    10.220    u_top/u_core/u_b/u_b_core/core/core/l5/gk.frontend/fifo/g_wide_read.g_read_slice[92].mem_slice_reg_0_3_60_63/RAMC
  -------------------------------------------------------------------
                         required time                         10.220    
                         arrival time                         -10.592    
  -------------------------------------------------------------------
                         slack                                 -0.372    

Slack (VIOLATED) :        -0.372ns  (required time - arrival time)
  Source:                 u_top/u_core/u_b/u_b_core/core/core/l5/mac/issue/out_phase_reg[1]_replica_1/C
                            (rising edge-triggered cell FDRE clocked by u_top_n_1646  {rise@0.000ns fall@2.500ns period=5.000ns})
  Destination:            u_top/u_core/u_b/u_b_core/core/core/l5/gk.frontend/fifo/g_wide_read.g_read_slice[92].mem_slice_reg_0_3_60_63/RAMC_D1/WE
                            (rising edge-triggered cell RAMD32 clocked by u_top_n_1646  {rise@0.000ns fall@2.500ns period=5.000ns})
  Path Group:             u_top_n_1646
  Path Type:              Setup (Max at Slow Process Corner)
  Requirement:            5.000ns  (u_top_n_1646 rise@5.000ns - u_top_n_1646 rise@0.000ns)
  Data Path Delay:        4.768ns  (logic 0.589ns (12.354%)  route 4.179ns (87.646%))
  Logic Levels:           2  (LUT3=1 LUT6=1)
  Clock Path Skew:        -0.105ns (DCD - SCD + CPR)
    Destination Clock Delay (DCD):    5.497ns = ( 10.497 - 5.000 ) 
    Source Clock Delay      (SCD):    5.825ns
    Clock Pessimism Removal (CPR):    0.223ns
  Clock Uncertainty:      0.069ns  ((TSJ^2 + DJ^2)^1/2) / 2 + PE + UU
    Total System Jitter     (TSJ):    0.071ns
    Discrete Jitter          (DJ):    0.118ns
    Phase Error              (PE):    0.000ns
    User Uncertainty         (UU):    0.000ns

    Location             Delay type                Incr(ns)  Path(ns)    Netlist Resource(s)
  -------------------------------------------------------------------    -------------------
                         (clock u_top_n_1646 rise edge)
                                                      0.000     0.000 r  
    W19                                               0.000     0.000 r  sys_clk (IN)
                         net (fo=0)                   0.000     0.000    sys_clk
    W19                  IBUF (Prop_ibuf_I_O)         1.440     1.440 r  sys_clk_IBUF_inst/O
                         net (fo=1, routed)           1.065     2.505    u_top/sys_clk_IBUF
    MMCME2_ADV_X0Y2      MMCME2_ADV (Prop_mmcme2_adv_CLKIN1_CLKOUT0)
                                                      0.077     2.582 r  u_top/g_mmcm.u_mmcm/CLKOUT0
                         net (fo=1, routed)           1.559     4.141    u_top_n_1646
    BUFGCTRL_X0Y1        BUFG (Prop_bufg_I_O)         0.081     4.222 r  multiplier_s1_reg[29]_i_2_replica/O
                         net (fo=3, routed)           0.118     4.340    clk_200_repN
    BUFGCTRL_X0Y0        BUFG (Prop_bufg_I_O)         0.081     4.421 r  multiplier_s1_reg[29]_i_2/O
                         net (fo=62262, routed)       1.404     5.825    u_top/u_core/u_b/u_b_core/core/core/l5/mac/issue/clk_200
    SLICE_X65Y143        FDRE                                         r  u_top/u_core/u_b/u_b_core/core/core/l5/mac/issue/out_phase_reg[1]_replica_1/C
  -------------------------------------------------------------------    -------------------
    SLICE_X65Y143        FDRE (Prop_fdre_C_Q)         0.379     6.204 r  u_top/u_core/u_b/u_b_core/core/core/l5/mac/issue/out_phase_reg[1]_replica_1/Q
                         net (fo=195, routed)         1.081     7.285    u_top/u_core/u_b/u_b_core/core/core/l5/mac/issue/issue_phase[1]_repN_1
    SLICE_X52Y148        LUT6 (Prop_lut6_I1_O)        0.105     7.390 r  u_top/u_core/u_b/u_b_core/core/core/l5/mac/issue/wr_ptr[1]_i_2_rewire/O
                         net (fo=56, routed)          1.167     8.558    u_top/u_core/u_b/u_b_core/core/core/l5/gk.frontend/win/window_ready
    SLICE_X71Y137        LUT3 (Prop_lut3_I1_O)        0.105     8.663 r  u_top/u_core/u_b/u_b_core/core/core/l5/gk.frontend/win/g_wide_read.g_read_slice[84].mem_slice_reg_0_3_0_5_i_1/O
                         net (fo=1056, routed)        1.930    10.592    u_top/u_core/u_b/u_b_core/core/core/l5/gk.frontend/fifo/g_wide_read.g_read_slice[92].mem_slice_reg_0_3_60_63/WE
    SLICE_X90Y101        RAMD32                                       r  u_top/u_core/u_b/u_b_core/core/core/l5/gk.frontend/fifo/g_wide_read.g_read_slice[92].mem_slice_reg_0_3_60_63/RAMC_D1/WE
  -------------------------------------------------------------------    -------------------

                         (clock u_top_n_1646 rise edge)
                                                      5.000     5.000 r  
    W19                                               0.000     5.000 r  sys_clk (IN)
                         net (fo=0)                   0.000     5.000    sys_clk
    W19                  IBUF (Prop_ibuf_I_O)         1.374     6.374 r  sys_clk_IBUF_inst/O
                         net (fo=1, routed)           1.004     7.378    u_top/sys_clk_IBUF
    MMCME2_ADV_X0Y2      MMCME2_ADV (Prop_mmcme2_adv_CLKIN1_CLKOUT0)
                                                      0.073     7.451 r  u_top/g_mmcm.u_mmcm/CLKOUT0
                         net (fo=1, routed)           1.488     8.938    u_top_n_1646
    BUFGCTRL_X0Y1        BUFG (Prop_bufg_I_O)         0.077     9.015 r  multiplier_s1_reg[29]_i_2_replica/O
                         net (fo=3, routed)           0.112     9.127    clk_200_repN
    BUFGCTRL_X0Y0        BUFG (Prop_bufg_I_O)         0.077     9.204 r  multiplier_s1_reg[29]_i_2/O
                         net (fo=62262, routed)       1.293    10.497    u_top/u_core/u_b/u_b_core/core/core/l5/gk.frontend/fifo/g_wide_read.g_read_slice[92].mem_slice_reg_0_3_60_63/WCLK
    SLICE_X90Y101        RAMD32                                       r  u_top/u_core/u_b/u_b_core/core/core/l5/gk.frontend/fifo/g_wide_read.g_read_slice[92].mem_slice_reg_0_3_60_63/RAMC_D1/CLK
                         clock pessimism              0.223    10.720    
                         clock uncertainty           -0.069    10.651    
    SLICE_X90Y101        RAMD32 (Setup_ramd32_CLK_WE)
                                                     -0.431    10.220    u_top/u_core/u_b/u_b_core/core/core/l5/gk.frontend/fifo/g_wide_read.g_read_slice[92].mem_slice_reg_0_3_60_63/RAMC_D1
  -------------------------------------------------------------------
                         required time                         10.220    
                         arrival time                         -10.592    
  -------------------------------------------------------------------
                         slack                                 -0.372    

Slack (VIOLATED) :        -0.372ns  (required time - arrival time)
  Source:                 u_top/u_core/u_b/u_b_core/core/core/l5/mac/issue/out_phase_reg[1]_replica_1/C
                            (rising edge-triggered cell FDRE clocked by u_top_n_1646  {rise@0.000ns fall@2.500ns period=5.000ns})
  Destination:            u_top/u_core/u_b/u_b_core/core/core/l5/gk.frontend/fifo/g_wide_read.g_read_slice[92].mem_slice_reg_0_3_60_63/RAMD/WE
                            (rising edge-triggered cell RAMS32 clocked by u_top_n_1646  {rise@0.000ns fall@2.500ns period=5.000ns})
  Path Group:             u_top_n_1646
  Path Type:              Setup (Max at Slow Process Corner)
  Requirement:            5.000ns  (u_top_n_1646 rise@5.000ns - u_top_n_1646 rise@0.000ns)
  Data Path Delay:        4.768ns  (logic 0.589ns (12.354%)  route 4.179ns (87.646%))
  Logic Levels:           2  (LUT3=1 LUT6=1)
  Clock Path Skew:        -0.105ns (DCD - SCD + CPR)
    Destination Clock Delay (DCD):    5.497ns = ( 10.497 - 5.000 ) 
    Source Clock Delay      (SCD):    5.825ns
    Clock Pessimism Removal (CPR):    0.223ns
  Clock Uncertainty:      0.069ns  ((TSJ^2 + DJ^2)^1/2) / 2 + PE + UU
    Total System Jitter     (TSJ):    0.071ns
    Discrete Jitter          (DJ):    0.118ns
    Phase Error              (PE):    0.000ns
    User Uncertainty         (UU):    0.000ns

    Location             Delay type                Incr(ns)  Path(ns)    Netlist Resource(s)
  -------------------------------------------------------------------    -------------------
                         (clock u_top_n_1646 rise edge)
                                                      0.000     0.000 r  
    W19                                               0.000     0.000 r  sys_clk (IN)
                         net (fo=0)                   0.000     0.000    sys_clk
    W19                  IBUF (Prop_ibuf_I_O)         1.440     1.440 r  sys_clk_IBUF_inst/O
                         net (fo=1, routed)           1.065     2.505    u_top/sys_clk_IBUF
    MMCME2_ADV_X0Y2      MMCME2_ADV (Prop_mmcme2_adv_CLKIN1_CLKOUT0)
                                                      0.077     2.582 r  u_top/g_mmcm.u_mmcm/CLKOUT0
                         net (fo=1, routed)           1.559     4.141    u_top_n_1646
    BUFGCTRL_X0Y1        BUFG (Prop_bufg_I_O)         0.081     4.222 r  multiplier_s1_reg[29]_i_2_replica/O
                         net (fo=3, routed)           0.118     4.340    clk_200_repN
    BUFGCTRL_X0Y0        BUFG (Prop_bufg_I_O)         0.081     4.421 r  multiplier_s1_reg[29]_i_2/O
                         net (fo=62262, routed)       1.404     5.825    u_top/u_core/u_b/u_b_core/core/core/l5/mac/issue/clk_200
    SLICE_X65Y143        FDRE                                         r  u_top/u_core/u_b/u_b_core/core/core/l5/mac/issue/out_phase_reg[1]_replica_1/C
  -------------------------------------------------------------------    -------------------
    SLICE_X65Y143        FDRE (Prop_fdre_C_Q)         0.379     6.204 r  u_top/u_core/u_b/u_b_core/core/core/l5/mac/issue/out_phase_reg[1]_replica_1/Q
                         net (fo=195, routed)         1.081     7.285    u_top/u_core/u_b/u_b_core/core/core/l5/mac/issue/issue_phase[1]_repN_1
    SLICE_X52Y148        LUT6 (Prop_lut6_I1_O)        0.105     7.390 r  u_top/u_core/u_b/u_b_core/core/core/l5/mac/issue/wr_ptr[1]_i_2_rewire/O
                         net (fo=56, routed)          1.167     8.558    u_top/u_core/u_b/u_b_core/core/core/l5/gk.frontend/win/window_ready
    SLICE_X71Y137        LUT3 (Prop_lut3_I1_O)        0.105     8.663 r  u_top/u_core/u_b/u_b_core/core/core/l5/gk.frontend/win/g_wide_read.g_read_slice[84].mem_slice_reg_0_3_0_5_i_1/O
                         net (fo=1056, routed)        1.930    10.592    u_top/u_core/u_b/u_b_core/core/core/l5/gk.frontend/fifo/g_wide_read.g_read_slice[92].mem_slice_reg_0_3_60_63/WE
    SLICE_X90Y101        RAMS32                                       r  u_top/u_core/u_b/u_b_core/core/core/l5/gk.frontend/fifo/g_wide_read.g_read_slice[92].mem_slice_reg_0_3_60_63/RAMD/WE
  -------------------------------------------------------------------    -------------------

                         (clock u_top_n_1646 rise edge)
                                                      5.000     5.000 r  
    W19                                               0.000     5.000 r  sys_clk (IN)
                         net (fo=0)                   0.000     5.000    sys_clk
    W19                  IBUF (Prop_ibuf_I_O)         1.374     6.374 r  sys_clk_IBUF_inst/O
                         net (fo=1, routed)           1.004     7.378    u_top/sys_clk_IBUF
    MMCME2_ADV_X0Y2      MMCME2_ADV (Prop_mmcme2_adv_CLKIN1_CLKOUT0)
                                                      0.073     7.451 r  u_top/g_mmcm.u_mmcm/CLKOUT0
                         net (fo=1, routed)           1.488     8.938    u_top_n_1646
    BUFGCTRL_X0Y1        BUFG (Prop_bufg_I_O)         0.077     9.015 r  multiplier_s1_reg[29]_i_2_replica/O
                         net (fo=3, routed)           0.112     9.127    clk_200_repN
    BUFGCTRL_X0Y0        BUFG (Prop_bufg_I_O)         0.077     9.204 r  multiplier_s1_reg[29]_i_2/O
                         net (fo=62262, routed)       1.293    10.497    u_top/u_core/u_b/u_b_core/core/core/l5/gk.frontend/fifo/g_wide_read.g_read_slice[92].mem_slice_reg_0_3_60_63/WCLK
    SLICE_X90Y101        RAMS32                                       r  u_top/u_core/u_b/u_b_core/core/core/l5/gk.frontend/fifo/g_wide_read.g_read_slice[92].mem_slice_reg_0_3_60_63/RAMD/CLK
                         clock pessimism              0.223    10.720    
                         clock uncertainty           -0.069    10.651    
    SLICE_X90Y101        RAMS32 (Setup_rams32_CLK_WE)
                                                     -0.431    10.220    u_top/u_core/u_b/u_b_core/core/core/l5/gk.frontend/fifo/g_wide_read.g_read_slice[92].mem_slice_reg_0_3_60_63/RAMD
  -------------------------------------------------------------------
                         required time                         10.220    
                         arrival time                         -10.592    
  -------------------------------------------------------------------
                         slack                                 -0.372    

Slack (VIOLATED) :        -0.372ns  (required time - arrival time)
  Source:                 u_top/u_core/u_b/u_b_core/core/core/l5/mac/issue/out_phase_reg[1]_replica_1/C
                            (rising edge-triggered cell FDRE clocked by u_top_n_1646  {rise@0.000ns fall@2.500ns period=5.000ns})
  Destination:            u_top/u_core/u_b/u_b_core/core/core/l5/gk.frontend/fifo/g_wide_read.g_read_slice[92].mem_slice_reg_0_3_60_63/RAMD_D1/WE
                            (rising edge-triggered cell RAMS32 clocked by u_top_n_1646  {rise@0.000ns fall@2.500ns period=5.000ns})
  Path Group:             u_top_n_1646
  Path Type:              Setup (Max at Slow Process Corner)
  Requirement:            5.000ns  (u_top_n_1646 rise@5.000ns - u_top_n_1646 rise@0.000ns)
  Data Path Delay:        4.768ns  (logic 0.589ns (12.354%)  route 4.179ns (87.646%))
  Logic Levels:           2  (LUT3=1 LUT6=1)
  Clock Path Skew:        -0.105ns (DCD - SCD + CPR)
    Destination Clock Delay (DCD):    5.497ns = ( 10.497 - 5.000 ) 
    Source Clock Delay      (SCD):    5.825ns
    Clock Pessimism Removal (CPR):    0.223ns
  Clock Uncertainty:      0.069ns  ((TSJ^2 + DJ^2)^1/2) / 2 + PE + UU
    Total System Jitter     (TSJ):    0.071ns
    Discrete Jitter          (DJ):    0.118ns
    Phase Error              (PE):    0.000ns
    User Uncertainty         (UU):    0.000ns

    Location             Delay type                Incr(ns)  Path(ns)    Netlist Resource(s)
  -------------------------------------------------------------------    -------------------
                         (clock u_top_n_1646 rise edge)
                                                      0.000     0.000 r  
    W19                                               0.000     0.000 r  sys_clk (IN)
                         net (fo=0)                   0.000     0.000    sys_clk
    W19                  IBUF (Prop_ibuf_I_O)         1.440     1.440 r  sys_clk_IBUF_inst/O
                         net (fo=1, routed)           1.065     2.505    u_top/sys_clk_IBUF
    MMCME2_ADV_X0Y2      MMCME2_ADV (Prop_mmcme2_adv_CLKIN1_CLKOUT0)
                                                      0.077     2.582 r  u_top/g_mmcm.u_mmcm/CLKOUT0
                         net (fo=1, routed)           1.559     4.141    u_top_n_1646
    BUFGCTRL_X0Y1        BUFG (Prop_bufg_I_O)         0.081     4.222 r  multiplier_s1_reg[29]_i_2_replica/O
                         net (fo=3, routed)           0.118     4.340    clk_200_repN
    BUFGCTRL_X0Y0        BUFG (Prop_bufg_I_O)         0.081     4.421 r  multiplier_s1_reg[29]_i_2/O
                         net (fo=62262, routed)       1.404     5.825    u_top/u_core/u_b/u_b_core/core/core/l5/mac/issue/clk_200
    SLICE_X65Y143        FDRE                                         r  u_top/u_core/u_b/u_b_core/core/core/l5/mac/issue/out_phase_reg[1]_replica_1/C
  -------------------------------------------------------------------    -------------------
    SLICE_X65Y143        FDRE (Prop_fdre_C_Q)         0.379     6.204 r  u_top/u_core/u_b/u_b_core/core/core/l5/mac/issue/out_phase_reg[1]_replica_1/Q
                         net (fo=195, routed)         1.081     7.285    u_top/u_core/u_b/u_b_core/core/core/l5/mac/issue/issue_phase[1]_repN_1
    SLICE_X52Y148        LUT6 (Prop_lut6_I1_O)        0.105     7.390 r  u_top/u_core/u_b/u_b_core/core/core/l5/mac/issue/wr_ptr[1]_i_2_rewire/O
                         net (fo=56, routed)          1.167     8.558    u_top/u_core/u_b/u_b_core/core/core/l5/gk.frontend/win/window_ready
    SLICE_X71Y137        LUT3 (Prop_lut3_I1_O)        0.105     8.663 r  u_top/u_core/u_b/u_b_core/core/core/l5/gk.frontend/win/g_wide_read.g_read_slice[84].mem_slice_reg_0_3_0_5_i_1/O
                         net (fo=1056, routed)        1.930    10.592    u_top/u_core/u_b/u_b_core/core/core/l5/gk.frontend/fifo/g_wide_read.g_read_slice[92].mem_slice_reg_0_3_60_63/WE
    SLICE_X90Y101        RAMS32                                       r  u_top/u_core/u_b/u_b_core/core/core/l5/gk.frontend/fifo/g_wide_read.g_read_slice[92].mem_slice_reg_0_3_60_63/RAMD_D1/WE
  -------------------------------------------------------------------    -------------------

                         (clock u_top_n_1646 rise edge)
                                                      5.000     5.000 r  
    W19                                               0.000     5.000 r  sys_clk (IN)
                         net (fo=0)                   0.000     5.000    sys_clk
    W19                  IBUF (Prop_ibuf_I_O)         1.374     6.374 r  sys_clk_IBUF_inst/O
                         net (fo=1, routed)           1.004     7.378    u_top/sys_clk_IBUF
    MMCME2_ADV_X0Y2      MMCME2_ADV (Prop_mmcme2_adv_CLKIN1_CLKOUT0)
                                                      0.073     7.451 r  u_top/g_mmcm.u_mmcm/CLKOUT0
                         net (fo=1, routed)           1.488     8.938    u_top_n_1646
    BUFGCTRL_X0Y1        BUFG (Prop_bufg_I_O)         0.077     9.015 r  multiplier_s1_reg[29]_i_2_replica/O
                         net (fo=3, routed)           0.112     9.127    clk_200_repN
    BUFGCTRL_X0Y0        BUFG (Prop_bufg_I_O)         0.077     9.204 r  multiplier_s1_reg[29]_i_2/O
                         net (fo=62262, routed)       1.293    10.497    u_top/u_core/u_b/u_b_core/core/core/l5/gk.frontend/fifo/g_wide_read.g_read_slice[92].mem_slice_reg_0_3_60_63/WCLK
    SLICE_X90Y101        RAMS32                                       r  u_top/u_core/u_b/u_b_core/core/core/l5/gk.frontend/fifo/g_wide_read.g_read_slice[92].mem_slice_reg_0_3_60_63/RAMD_D1/CLK
                         clock pessimism              0.223    10.720    
                         clock uncertainty           -0.069    10.651    
    SLICE_X90Y101        RAMS32 (Setup_rams32_CLK_WE)
                                                     -0.431    10.220    u_top/u_core/u_b/u_b_core/core/core/l5/gk.frontend/fifo/g_wide_read.g_read_slice[92].mem_slice_reg_0_3_60_63/RAMD_D1
  -------------------------------------------------------------------
                         required time                         10.220    
                         arrival time                         -10.592    
  -------------------------------------------------------------------
                         slack                                 -0.372    

Slack (VIOLATED) :        -0.358ns  (required time - arrival time)
  Source:                 u_top/u_core/u_b/u_b_core/core/core/l5/gk.frontend/fifo/count_reg[2]_replica/C
                            (rising edge-triggered cell FDRE clocked by u_top_n_1646  {rise@0.000ns fall@2.500ns period=5.000ns})
  Destination:            u_top/u_core/u_b/u_b_core/core/core/l5/mac/issue/out_window_reg[6076]/CE
                            (rising edge-triggered cell FDRE clocked by u_top_n_1646  {rise@0.000ns fall@2.500ns period=5.000ns})
  Path Group:             u_top_n_1646
  Path Type:              Setup (Max at Slow Process Corner)
  Requirement:            5.000ns  (u_top_n_1646 rise@5.000ns - u_top_n_1646 rise@0.000ns)
  Data Path Delay:        5.041ns  (logic 0.589ns (11.685%)  route 4.452ns (88.315%))
  Logic Levels:           2  (LUT3=1 LUT6=1)
  Clock Path Skew:        -0.112ns (DCD - SCD + CPR)
    Destination Clock Delay (DCD):    5.497ns = ( 10.497 - 5.000 ) 
    Source Clock Delay      (SCD):    5.832ns
    Clock Pessimism Removal (CPR):    0.223ns
  Clock Uncertainty:      0.069ns  ((TSJ^2 + DJ^2)^1/2) / 2 + PE + UU
    Total System Jitter     (TSJ):    0.071ns
    Discrete Jitter          (DJ):    0.118ns
    Phase Error              (PE):    0.000ns
    User Uncertainty         (UU):    0.000ns

    Location             Delay type                Incr(ns)  Path(ns)    Netlist Resource(s)
  -------------------------------------------------------------------    -------------------
                         (clock u_top_n_1646 rise edge)
                                                      0.000     0.000 r  
    W19                                               0.000     0.000 r  sys_clk (IN)
                         net (fo=0)                   0.000     0.000    sys_clk
    W19                  IBUF (Prop_ibuf_I_O)         1.440     1.440 r  sys_clk_IBUF_inst/O
                         net (fo=1, routed)           1.065     2.505    u_top/sys_clk_IBUF
    MMCME2_ADV_X0Y2      MMCME2_ADV (Prop_mmcme2_adv_CLKIN1_CLKOUT0)
                                                      0.077     2.582 r  u_top/g_mmcm.u_mmcm/CLKOUT0
                         net (fo=1, routed)           1.559     4.141    u_top_n_1646
    BUFGCTRL_X0Y1        BUFG (Prop_bufg_I_O)         0.081     4.222 r  multiplier_s1_reg[29]_i_2_replica/O
                         net (fo=3, routed)           0.118     4.340    clk_200_repN
    BUFGCTRL_X0Y0        BUFG (Prop_bufg_I_O)         0.081     4.421 r  multiplier_s1_reg[29]_i_2/O
                         net (fo=62262, routed)       1.411     5.832    u_top/u_core/u_b/u_b_core/core/core/l5/gk.frontend/fifo/clk_200
    SLICE_X55Y104        FDRE                                         r  u_top/u_core/u_b/u_b_core/core/core/l5/gk.frontend/fifo/count_reg[2]_replica/C
  -------------------------------------------------------------------    -------------------
    SLICE_X55Y104        FDRE (Prop_fdre_C_Q)         0.379     6.211 r  u_top/u_core/u_b/u_b_core/core/core/l5/gk.frontend/fifo/count_reg[2]_replica/Q
                         net (fo=11, routed)          1.172     7.383    u_top/u_core/u_b/u_b_core/core/core/l5/gk.frontend/fifo/count_reg[2]_0[0]_repN
    SLICE_X48Y127        LUT3 (Prop_lut3_I0_O)        0.105     7.488 r  u_top/u_core/u_b/u_b_core/core/core/l5/gk.frontend/fifo/out_phase[0]_i_3/O
                         net (fo=22, routed)          0.717     8.206    u_top/u_core/u_b/u_b_core/core/core/l5/mac/issue/window_valid
    SLICE_X49Y140        LUT6 (Prop_lut6_I2_O)        0.105     8.311 r  u_top/u_core/u_b/u_b_core/core/core/l5/mac/issue/out_window[6399]_i_1/O
                         net (fo=6400, routed)        2.562    10.873    u_top/u_core/u_b/u_b_core/core/core/l5/mac/issue/out_window[6399]_i_1_n_0
    SLICE_X90Y104        FDRE                                         r  u_top/u_core/u_b/u_b_core/core/core/l5/mac/issue/out_window_reg[6076]/CE
  -------------------------------------------------------------------    -------------------

                         (clock u_top_n_1646 rise edge)
                                                      5.000     5.000 r  
    W19                                               0.000     5.000 r  sys_clk (IN)
                         net (fo=0)                   0.000     5.000    sys_clk
    W19                  IBUF (Prop_ibuf_I_O)         1.374     6.374 r  sys_clk_IBUF_inst/O
                         net (fo=1, routed)           1.004     7.378    u_top/sys_clk_IBUF
    MMCME2_ADV_X0Y2      MMCME2_ADV (Prop_mmcme2_adv_CLKIN1_CLKOUT0)
                                                      0.073     7.451 r  u_top/g_mmcm.u_mmcm/CLKOUT0
                         net (fo=1, routed)           1.488     8.938    u_top_n_1646
    BUFGCTRL_X0Y1        BUFG (Prop_bufg_I_O)         0.077     9.015 r  multiplier_s1_reg[29]_i_2_replica/O
                         net (fo=3, routed)           0.112     9.127    clk_200_repN
    BUFGCTRL_X0Y0        BUFG (Prop_bufg_I_O)         0.077     9.204 r  multiplier_s1_reg[29]_i_2/O
                         net (fo=62262, routed)       1.293    10.497    u_top/u_core/u_b/u_b_core/core/core/l5/mac/issue/clk_200
    SLICE_X90Y104        FDRE                                         r  u_top/u_core/u_b/u_b_core/core/core/l5/mac/issue/out_window_reg[6076]/C
                         clock pessimism              0.223    10.720    
                         clock uncertainty           -0.069    10.651    
    SLICE_X90Y104        FDRE (Setup_fdre_C_CE)      -0.136    10.515    u_top/u_core/u_b/u_b_core/core/core/l5/mac/issue/out_window_reg[6076]
  -------------------------------------------------------------------
                         required time                         10.515    
                         arrival time                         -10.873    
  -------------------------------------------------------------------
                         slack                                 -0.358    

Slack (VIOLATED) :        -0.358ns  (required time - arrival time)
  Source:                 u_top/u_core/u_b/u_b_core/core/core/l5/gk.frontend/fifo/count_reg[2]_replica/C
                            (rising edge-triggered cell FDRE clocked by u_top_n_1646  {rise@0.000ns fall@2.500ns period=5.000ns})
  Destination:            u_top/u_core/u_b/u_b_core/core/core/l5/mac/issue/out_window_reg[6077]/CE
                            (rising edge-triggered cell FDRE clocked by u_top_n_1646  {rise@0.000ns fall@2.500ns period=5.000ns})
  Path Group:             u_top_n_1646
  Path Type:              Setup (Max at Slow Process Corner)
  Requirement:            5.000ns  (u_top_n_1646 rise@5.000ns - u_top_n_1646 rise@0.000ns)
  Data Path Delay:        5.041ns  (logic 0.589ns (11.685%)  route 4.452ns (88.315%))
  Logic Levels:           2  (LUT3=1 LUT6=1)
  Clock Path Skew:        -0.112ns (DCD - SCD + CPR)
    Destination Clock Delay (DCD):    5.497ns = ( 10.497 - 5.000 ) 
    Source Clock Delay      (SCD):    5.832ns
    Clock Pessimism Removal (CPR):    0.223ns
  Clock Uncertainty:      0.069ns  ((TSJ^2 + DJ^2)^1/2) / 2 + PE + UU
    Total System Jitter     (TSJ):    0.071ns
    Discrete Jitter          (DJ):    0.118ns
    Phase Error              (PE):    0.000ns
    User Uncertainty         (UU):    0.000ns

    Location             Delay type                Incr(ns)  Path(ns)    Netlist Resource(s)
  -------------------------------------------------------------------    -------------------
                         (clock u_top_n_1646 rise edge)
                                                      0.000     0.000 r  
    W19                                               0.000     0.000 r  sys_clk (IN)
                         net (fo=0)                   0.000     0.000    sys_clk
    W19                  IBUF (Prop_ibuf_I_O)         1.440     1.440 r  sys_clk_IBUF_inst/O
                         net (fo=1, routed)           1.065     2.505    u_top/sys_clk_IBUF
    MMCME2_ADV_X0Y2      MMCME2_ADV (Prop_mmcme2_adv_CLKIN1_CLKOUT0)
                                                      0.077     2.582 r  u_top/g_mmcm.u_mmcm/CLKOUT0
                         net (fo=1, routed)           1.559     4.141    u_top_n_1646
    BUFGCTRL_X0Y1        BUFG (Prop_bufg_I_O)         0.081     4.222 r  multiplier_s1_reg[29]_i_2_replica/O
                         net (fo=3, routed)           0.118     4.340    clk_200_repN
    BUFGCTRL_X0Y0        BUFG (Prop_bufg_I_O)         0.081     4.421 r  multiplier_s1_reg[29]_i_2/O
                         net (fo=62262, routed)       1.411     5.832    u_top/u_core/u_b/u_b_core/core/core/l5/gk.frontend/fifo/clk_200
    SLICE_X55Y104        FDRE                                         r  u_top/u_core/u_b/u_b_core/core/core/l5/gk.frontend/fifo/count_reg[2]_replica/C
  -------------------------------------------------------------------    -------------------
    SLICE_X55Y104        FDRE (Prop_fdre_C_Q)         0.379     6.211 r  u_top/u_core/u_b/u_b_core/core/core/l5/gk.frontend/fifo/count_reg[2]_replica/Q
                         net (fo=11, routed)          1.172     7.383    u_top/u_core/u_b/u_b_core/core/core/l5/gk.frontend/fifo/count_reg[2]_0[0]_repN
    SLICE_X48Y127        LUT3 (Prop_lut3_I0_O)        0.105     7.488 r  u_top/u_core/u_b/u_b_core/core/core/l5/gk.frontend/fifo/out_phase[0]_i_3/O
                         net (fo=22, routed)          0.717     8.206    u_top/u_core/u_b/u_b_core/core/core/l5/mac/issue/window_valid
    SLICE_X49Y140        LUT6 (Prop_lut6_I2_O)        0.105     8.311 r  u_top/u_core/u_b/u_b_core/core/core/l5/mac/issue/out_window[6399]_i_1/O
                         net (fo=6400, routed)        2.562    10.873    u_top/u_core/u_b/u_b_core/core/core/l5/mac/issue/out_window[6399]_i_1_n_0
    SLICE_X90Y104        FDRE                                         r  u_top/u_core/u_b/u_b_core/core/core/l5/mac/issue/out_window_reg[6077]/CE
  -------------------------------------------------------------------    -------------------

                         (clock u_top_n_1646 rise edge)
                                                      5.000     5.000 r  
    W19                                               0.000     5.000 r  sys_clk (IN)
                         net (fo=0)                   0.000     5.000    sys_clk
    W19                  IBUF (Prop_ibuf_I_O)         1.374     6.374 r  sys_clk_IBUF_inst/O
                         net (fo=1, routed)           1.004     7.378    u_top/sys_clk_IBUF
    MMCME2_ADV_X0Y2      MMCME2_ADV (Prop_mmcme2_adv_CLKIN1_CLKOUT0)
                                                      0.073     7.451 r  u_top/g_mmcm.u_mmcm/CLKOUT0
                         net (fo=1, routed)           1.488     8.938    u_top_n_1646
    BUFGCTRL_X0Y1        BUFG (Prop_bufg_I_O)         0.077     9.015 r  multiplier_s1_reg[29]_i_2_replica/O
                         net (fo=3, routed)           0.112     9.127    clk_200_repN
    BUFGCTRL_X0Y0        BUFG (Prop_bufg_I_O)         0.077     9.204 r  multiplier_s1_reg[29]_i_2/O
                         net (fo=62262, routed)       1.293    10.497    u_top/u_core/u_b/u_b_core/core/core/l5/mac/issue/clk_200
    SLICE_X90Y104        FDRE                                         r  u_top/u_core/u_b/u_b_core/core/core/l5/mac/issue/out_window_reg[6077]/C
                         clock pessimism              0.223    10.720    
                         clock uncertainty           -0.069    10.651    
    SLICE_X90Y104        FDRE (Setup_fdre_C_CE)      -0.136    10.515    u_top/u_core/u_b/u_b_core/core/core/l5/mac/issue/out_window_reg[6077]
  -------------------------------------------------------------------
                         required time                         10.515    
                         arrival time                         -10.873    
  -------------------------------------------------------------------
                         slack                                 -0.358    

Slack (VIOLATED) :        -0.358ns  (required time - arrival time)
  Source:                 u_top/u_core/u_b/u_b_core/core/core/l5/gk.frontend/fifo/count_reg[2]_replica/C
                            (rising edge-triggered cell FDRE clocked by u_top_n_1646  {rise@0.000ns fall@2.500ns period=5.000ns})
  Destination:            u_top/u_core/u_b/u_b_core/core/core/l5/mac/issue/out_window_reg[6078]/CE
                            (rising edge-triggered cell FDRE clocked by u_top_n_1646  {rise@0.000ns fall@2.500ns period=5.000ns})
  Path Group:             u_top_n_1646
  Path Type:              Setup (Max at Slow Process Corner)
  Requirement:            5.000ns  (u_top_n_1646 rise@5.000ns - u_top_n_1646 rise@0.000ns)
  Data Path Delay:        5.041ns  (logic 0.589ns (11.685%)  route 4.452ns (88.315%))
  Logic Levels:           2  (LUT3=1 LUT6=1)
  Clock Path Skew:        -0.112ns (DCD - SCD + CPR)
    Destination Clock Delay (DCD):    5.497ns = ( 10.497 - 5.000 ) 
    Source Clock Delay      (SCD):    5.832ns
    Clock Pessimism Removal (CPR):    0.223ns
  Clock Uncertainty:      0.069ns  ((TSJ^2 + DJ^2)^1/2) / 2 + PE + UU
    Total System Jitter     (TSJ):    0.071ns
    Discrete Jitter          (DJ):    0.118ns
    Phase Error              (PE):    0.000ns
    User Uncertainty         (UU):    0.000ns

    Location             Delay type                Incr(ns)  Path(ns)    Netlist Resource(s)
  -------------------------------------------------------------------    -------------------
                         (clock u_top_n_1646 rise edge)
                                                      0.000     0.000 r  
    W19                                               0.000     0.000 r  sys_clk (IN)
                         net (fo=0)                   0.000     0.000    sys_clk
    W19                  IBUF (Prop_ibuf_I_O)         1.440     1.440 r  sys_clk_IBUF_inst/O
                         net (fo=1, routed)           1.065     2.505    u_top/sys_clk_IBUF
    MMCME2_ADV_X0Y2      MMCME2_ADV (Prop_mmcme2_adv_CLKIN1_CLKOUT0)
                                                      0.077     2.582 r  u_top/g_mmcm.u_mmcm/CLKOUT0
                         net (fo=1, routed)           1.559     4.141    u_top_n_1646
    BUFGCTRL_X0Y1        BUFG (Prop_bufg_I_O)         0.081     4.222 r  multiplier_s1_reg[29]_i_2_replica/O
                         net (fo=3, routed)           0.118     4.340    clk_200_repN
    BUFGCTRL_X0Y0        BUFG (Prop_bufg_I_O)         0.081     4.421 r  multiplier_s1_reg[29]_i_2/O
                         net (fo=62262, routed)       1.411     5.832    u_top/u_core/u_b/u_b_core/core/core/l5/gk.frontend/fifo/clk_200
    SLICE_X55Y104        FDRE                                         r  u_top/u_core/u_b/u_b_core/core/core/l5/gk.frontend/fifo/count_reg[2]_replica/C
  -------------------------------------------------------------------    -------------------
    SLICE_X55Y104        FDRE (Prop_fdre_C_Q)         0.379     6.211 r  u_top/u_core/u_b/u_b_core/core/core/l5/gk.frontend/fifo/count_reg[2]_replica/Q
                         net (fo=11, routed)          1.172     7.383    u_top/u_core/u_b/u_b_core/core/core/l5/gk.frontend/fifo/count_reg[2]_0[0]_repN
    SLICE_X48Y127        LUT3 (Prop_lut3_I0_O)        0.105     7.488 r  u_top/u_core/u_b/u_b_core/core/core/l5/gk.frontend/fifo/out_phase[0]_i_3/O
                         net (fo=22, routed)          0.717     8.206    u_top/u_core/u_b/u_b_core/core/core/l5/mac/issue/window_valid
    SLICE_X49Y140        LUT6 (Prop_lut6_I2_O)        0.105     8.311 r  u_top/u_core/u_b/u_b_core/core/core/l5/mac/issue/out_window[6399]_i_1/O
                         net (fo=6400, routed)        2.562    10.873    u_top/u_core/u_b/u_b_core/core/core/l5/mac/issue/out_window[6399]_i_1_n_0
    SLICE_X90Y104        FDRE                                         r  u_top/u_core/u_b/u_b_core/core/core/l5/mac/issue/out_window_reg[6078]/CE
  -------------------------------------------------------------------    -------------------

                         (clock u_top_n_1646 rise edge)
                                                      5.000     5.000 r  
    W19                                               0.000     5.000 r  sys_clk (IN)
                         net (fo=0)                   0.000     5.000    sys_clk
    W19                  IBUF (Prop_ibuf_I_O)         1.374     6.374 r  sys_clk_IBUF_inst/O
                         net (fo=1, routed)           1.004     7.378    u_top/sys_clk_IBUF
    MMCME2_ADV_X0Y2      MMCME2_ADV (Prop_mmcme2_adv_CLKIN1_CLKOUT0)
                                                      0.073     7.451 r  u_top/g_mmcm.u_mmcm/CLKOUT0
                         net (fo=1, routed)           1.488     8.938    u_top_n_1646
    BUFGCTRL_X0Y1        BUFG (Prop_bufg_I_O)         0.077     9.015 r  multiplier_s1_reg[29]_i_2_replica/O
                         net (fo=3, routed)           0.112     9.127    clk_200_repN
    BUFGCTRL_X0Y0        BUFG (Prop_bufg_I_O)         0.077     9.204 r  multiplier_s1_reg[29]_i_2/O
                         net (fo=62262, routed)       1.293    10.497    u_top/u_core/u_b/u_b_core/core/core/l5/mac/issue/clk_200
    SLICE_X90Y104        FDRE                                         r  u_top/u_core/u_b/u_b_core/core/core/l5/mac/issue/out_window_reg[6078]/C
                         clock pessimism              0.223    10.720    
                         clock uncertainty           -0.069    10.651    
    SLICE_X90Y104        FDRE (Setup_fdre_C_CE)      -0.136    10.515    u_top/u_core/u_b/u_b_core/core/core/l5/mac/issue/out_window_reg[6078]
  -------------------------------------------------------------------
                         required time                         10.515    
                         arrival time                         -10.873    
  -------------------------------------------------------------------
                         slack                                 -0.358    

Slack (VIOLATED) :        -0.358ns  (required time - arrival time)
  Source:                 u_top/u_core/u_b/u_b_core/core/core/l5/gk.frontend/fifo/count_reg[2]_replica/C
                            (rising edge-triggered cell FDRE clocked by u_top_n_1646  {rise@0.000ns fall@2.500ns period=5.000ns})
  Destination:            u_top/u_core/u_b/u_b_core/core/core/l5/mac/issue/out_window_reg[6079]/CE
                            (rising edge-triggered cell FDRE clocked by u_top_n_1646  {rise@0.000ns fall@2.500ns period=5.000ns})
  Path Group:             u_top_n_1646
  Path Type:              Setup (Max at Slow Process Corner)
  Requirement:            5.000ns  (u_top_n_1646 rise@5.000ns - u_top_n_1646 rise@0.000ns)
  Data Path Delay:        5.041ns  (logic 0.589ns (11.685%)  route 4.452ns (88.315%))
  Logic Levels:           2  (LUT3=1 LUT6=1)
  Clock Path Skew:        -0.112ns (DCD - SCD + CPR)
    Destination Clock Delay (DCD):    5.497ns = ( 10.497 - 5.000 ) 
    Source Clock Delay      (SCD):    5.832ns
    Clock Pessimism Removal (CPR):    0.223ns
  Clock Uncertainty:      0.069ns  ((TSJ^2 + DJ^2)^1/2) / 2 + PE + UU
    Total System Jitter     (TSJ):    0.071ns
    Discrete Jitter          (DJ):    0.118ns
    Phase Error              (PE):    0.000ns
    User Uncertainty         (UU):    0.000ns

    Location             Delay type                Incr(ns)  Path(ns)    Netlist Resource(s)
  -------------------------------------------------------------------    -------------------
                         (clock u_top_n_1646 rise edge)
                                                      0.000     0.000 r  
    W19                                               0.000     0.000 r  sys_clk (IN)
                         net (fo=0)                   0.000     0.000    sys_clk
    W19                  IBUF (Prop_ibuf_I_O)         1.440     1.440 r  sys_clk_IBUF_inst/O
                         net (fo=1, routed)           1.065     2.505    u_top/sys_clk_IBUF
    MMCME2_ADV_X0Y2      MMCME2_ADV (Prop_mmcme2_adv_CLKIN1_CLKOUT0)
                                                      0.077     2.582 r  u_top/g_mmcm.u_mmcm/CLKOUT0
                         net (fo=1, routed)           1.559     4.141    u_top_n_1646
    BUFGCTRL_X0Y1        BUFG (Prop_bufg_I_O)         0.081     4.222 r  multiplier_s1_reg[29]_i_2_replica/O
                         net (fo=3, routed)           0.118     4.340    clk_200_repN
    BUFGCTRL_X0Y0        BUFG (Prop_bufg_I_O)         0.081     4.421 r  multiplier_s1_reg[29]_i_2/O
                         net (fo=62262, routed)       1.411     5.832    u_top/u_core/u_b/u_b_core/core/core/l5/gk.frontend/fifo/clk_200
    SLICE_X55Y104        FDRE                                         r  u_top/u_core/u_b/u_b_core/core/core/l5/gk.frontend/fifo/count_reg[2]_replica/C
  -------------------------------------------------------------------    -------------------
    SLICE_X55Y104        FDRE (Prop_fdre_C_Q)         0.379     6.211 r  u_top/u_core/u_b/u_b_core/core/core/l5/gk.frontend/fifo/count_reg[2]_replica/Q
                         net (fo=11, routed)          1.172     7.383    u_top/u_core/u_b/u_b_core/core/core/l5/gk.frontend/fifo/count_reg[2]_0[0]_repN
    SLICE_X48Y127        LUT3 (Prop_lut3_I0_O)        0.105     7.488 r  u_top/u_core/u_b/u_b_core/core/core/l5/gk.frontend/fifo/out_phase[0]_i_3/O
                         net (fo=22, routed)          0.717     8.206    u_top/u_core/u_b/u_b_core/core/core/l5/mac/issue/window_valid
    SLICE_X49Y140        LUT6 (Prop_lut6_I2_O)        0.105     8.311 r  u_top/u_core/u_b/u_b_core/core/core/l5/mac/issue/out_window[6399]_i_1/O
                         net (fo=6400, routed)        2.562    10.873    u_top/u_core/u_b/u_b_core/core/core/l5/mac/issue/out_window[6399]_i_1_n_0
    SLICE_X90Y104        FDRE                                         r  u_top/u_core/u_b/u_b_core/core/core/l5/mac/issue/out_window_reg[6079]/CE
  -------------------------------------------------------------------    -------------------

                         (clock u_top_n_1646 rise edge)
                                                      5.000     5.000 r  
    W19                                               0.000     5.000 r  sys_clk (IN)
                         net (fo=0)                   0.000     5.000    sys_clk
    W19                  IBUF (Prop_ibuf_I_O)         1.374     6.374 r  sys_clk_IBUF_inst/O
                         net (fo=1, routed)           1.004     7.378    u_top/sys_clk_IBUF
    MMCME2_ADV_X0Y2      MMCME2_ADV (Prop_mmcme2_adv_CLKIN1_CLKOUT0)
                                                      0.073     7.451 r  u_top/g_mmcm.u_mmcm/CLKOUT0
                         net (fo=1, routed)           1.488     8.938    u_top_n_1646
    BUFGCTRL_X0Y1        BUFG (Prop_bufg_I_O)         0.077     9.015 r  multiplier_s1_reg[29]_i_2_replica/O
                         net (fo=3, routed)           0.112     9.127    clk_200_repN
    BUFGCTRL_X0Y0        BUFG (Prop_bufg_I_O)         0.077     9.204 r  multiplier_s1_reg[29]_i_2/O
                         net (fo=62262, routed)       1.293    10.497    u_top/u_core/u_b/u_b_core/core/core/l5/mac/issue/clk_200
    SLICE_X90Y104        FDRE                                         r  u_top/u_core/u_b/u_b_core/core/core/l5/mac/issue/out_window_reg[6079]/C
                         clock pessimism              0.223    10.720    
                         clock uncertainty           -0.069    10.651    
    SLICE_X90Y104        FDRE (Setup_fdre_C_CE)      -0.136    10.515    u_top/u_core/u_b/u_b_core/core/core/l5/mac/issue/out_window_reg[6079]
  -------------------------------------------------------------------
                         required time                         10.515    
                         arrival time                         -10.873    
  -------------------------------------------------------------------
                         slack                                 -0.358    

Slack (VIOLATED) :        -0.345ns  (required time - arrival time)
  Source:                 u_top/u_core/u_b/u_b_core/core/core/l5/gk.frontend/fifo/count_reg[2]_replica/C
                            (rising edge-triggered cell FDRE clocked by u_top_n_1646  {rise@0.000ns fall@2.500ns period=5.000ns})
  Destination:            u_top/u_core/u_b/u_b_core/core/core/l5/mac/issue/out_window_reg[5912]/CE
                            (rising edge-triggered cell FDRE clocked by u_top_n_1646  {rise@0.000ns fall@2.500ns period=5.000ns})
  Path Group:             u_top_n_1646
  Path Type:              Setup (Max at Slow Process Corner)
  Requirement:            5.000ns  (u_top_n_1646 rise@5.000ns - u_top_n_1646 rise@0.000ns)
  Data Path Delay:        5.025ns  (logic 0.589ns (11.721%)  route 4.436ns (88.279%))
  Logic Levels:           2  (LUT3=1 LUT6=1)
  Clock Path Skew:        -0.115ns (DCD - SCD + CPR)
    Destination Clock Delay (DCD):    5.494ns = ( 10.494 - 5.000 ) 
    Source Clock Delay      (SCD):    5.832ns
    Clock Pessimism Removal (CPR):    0.223ns
  Clock Uncertainty:      0.069ns  ((TSJ^2 + DJ^2)^1/2) / 2 + PE + UU
    Total System Jitter     (TSJ):    0.071ns
    Discrete Jitter          (DJ):    0.118ns
    Phase Error              (PE):    0.000ns
    User Uncertainty         (UU):    0.000ns

    Location             Delay type                Incr(ns)  Path(ns)    Netlist Resource(s)
  -------------------------------------------------------------------    -------------------
                         (clock u_top_n_1646 rise edge)
                                                      0.000     0.000 r  
    W19                                               0.000     0.000 r  sys_clk (IN)
                         net (fo=0)                   0.000     0.000    sys_clk
    W19                  IBUF (Prop_ibuf_I_O)         1.440     1.440 r  sys_clk_IBUF_inst/O
                         net (fo=1, routed)           1.065     2.505    u_top/sys_clk_IBUF
    MMCME2_ADV_X0Y2      MMCME2_ADV (Prop_mmcme2_adv_CLKIN1_CLKOUT0)
                                                      0.077     2.582 r  u_top/g_mmcm.u_mmcm/CLKOUT0
                         net (fo=1, routed)           1.559     4.141    u_top_n_1646
    BUFGCTRL_X0Y1        BUFG (Prop_bufg_I_O)         0.081     4.222 r  multiplier_s1_reg[29]_i_2_replica/O
                         net (fo=3, routed)           0.118     4.340    clk_200_repN
    BUFGCTRL_X0Y0        BUFG (Prop_bufg_I_O)         0.081     4.421 r  multiplier_s1_reg[29]_i_2/O
                         net (fo=62262, routed)       1.411     5.832    u_top/u_core/u_b/u_b_core/core/core/l5/gk.frontend/fifo/clk_200
    SLICE_X55Y104        FDRE                                         r  u_top/u_core/u_b/u_b_core/core/core/l5/gk.frontend/fifo/count_reg[2]_replica/C
  -------------------------------------------------------------------    -------------------
    SLICE_X55Y104        FDRE (Prop_fdre_C_Q)         0.379     6.211 r  u_top/u_core/u_b/u_b_core/core/core/l5/gk.frontend/fifo/count_reg[2]_replica/Q
                         net (fo=11, routed)          1.172     7.383    u_top/u_core/u_b/u_b_core/core/core/l5/gk.frontend/fifo/count_reg[2]_0[0]_repN
    SLICE_X48Y127        LUT3 (Prop_lut3_I0_O)        0.105     7.488 r  u_top/u_core/u_b/u_b_core/core/core/l5/gk.frontend/fifo/out_phase[0]_i_3/O
                         net (fo=22, routed)          0.717     8.206    u_top/u_core/u_b/u_b_core/core/core/l5/mac/issue/window_valid
    SLICE_X49Y140        LUT6 (Prop_lut6_I2_O)        0.105     8.311 r  u_top/u_core/u_b/u_b_core/core/core/l5/mac/issue/out_window[6399]_i_1/O
                         net (fo=6400, routed)        2.547    10.857    u_top/u_core/u_b/u_b_core/core/core/l5/mac/issue/out_window[6399]_i_1_n_0
    SLICE_X88Y100        FDRE                                         r  u_top/u_core/u_b/u_b_core/core/core/l5/mac/issue/out_window_reg[5912]/CE
  -------------------------------------------------------------------    -------------------

                         (clock u_top_n_1646 rise edge)
                                                      5.000     5.000 r  
    W19                                               0.000     5.000 r  sys_clk (IN)
                         net (fo=0)                   0.000     5.000    sys_clk
    W19                  IBUF (Prop_ibuf_I_O)         1.374     6.374 r  sys_clk_IBUF_inst/O
                         net (fo=1, routed)           1.004     7.378    u_top/sys_clk_IBUF
    MMCME2_ADV_X0Y2      MMCME2_ADV (Prop_mmcme2_adv_CLKIN1_CLKOUT0)
                                                      0.073     7.451 r  u_top/g_mmcm.u_mmcm/CLKOUT0
                         net (fo=1, routed)           1.488     8.938    u_top_n_1646
    BUFGCTRL_X0Y1        BUFG (Prop_bufg_I_O)         0.077     9.015 r  multiplier_s1_reg[29]_i_2_replica/O
                         net (fo=3, routed)           0.112     9.127    clk_200_repN
    BUFGCTRL_X0Y0        BUFG (Prop_bufg_I_O)         0.077     9.204 r  multiplier_s1_reg[29]_i_2/O
                         net (fo=62262, routed)       1.290    10.494    u_top/u_core/u_b/u_b_core/core/core/l5/mac/issue/clk_200
    SLICE_X88Y100        FDRE                                         r  u_top/u_core/u_b/u_b_core/core/core/l5/mac/issue/out_window_reg[5912]/C
                         clock pessimism              0.223    10.717    
                         clock uncertainty           -0.069    10.648    
    SLICE_X88Y100        FDRE (Setup_fdre_C_CE)      -0.136    10.512    u_top/u_core/u_b/u_b_core/core/core/l5/mac/issue/out_window_reg[5912]
  -------------------------------------------------------------------
                         required time                         10.512    
                         arrival time                         -10.857    
  -------------------------------------------------------------------
                         slack                                 -0.345    

Slack (VIOLATED) :        -0.345ns  (required time - arrival time)
  Source:                 u_top/u_core/u_b/u_b_core/core/core/l5/gk.frontend/fifo/count_reg[2]_replica/C
                            (rising edge-triggered cell FDRE clocked by u_top_n_1646  {rise@0.000ns fall@2.500ns period=5.000ns})
  Destination:            u_top/u_core/u_b/u_b_core/core/core/l5/mac/issue/out_window_reg[5913]/CE
                            (rising edge-triggered cell FDRE clocked by u_top_n_1646  {rise@0.000ns fall@2.500ns period=5.000ns})
  Path Group:             u_top_n_1646
  Path Type:              Setup (Max at Slow Process Corner)
  Requirement:            5.000ns  (u_top_n_1646 rise@5.000ns - u_top_n_1646 rise@0.000ns)
  Data Path Delay:        5.025ns  (logic 0.589ns (11.721%)  route 4.436ns (88.279%))
  Logic Levels:           2  (LUT3=1 LUT6=1)
  Clock Path Skew:        -0.115ns (DCD - SCD + CPR)
    Destination Clock Delay (DCD):    5.494ns = ( 10.494 - 5.000 ) 
    Source Clock Delay      (SCD):    5.832ns
    Clock Pessimism Removal (CPR):    0.223ns
  Clock Uncertainty:      0.069ns  ((TSJ^2 + DJ^2)^1/2) / 2 + PE + UU
    Total System Jitter     (TSJ):    0.071ns
    Discrete Jitter          (DJ):    0.118ns
    Phase Error              (PE):    0.000ns
    User Uncertainty         (UU):    0.000ns

    Location             Delay type                Incr(ns)  Path(ns)    Netlist Resource(s)
  -------------------------------------------------------------------    -------------------
                         (clock u_top_n_1646 rise edge)
                                                      0.000     0.000 r  
    W19                                               0.000     0.000 r  sys_clk (IN)
                         net (fo=0)                   0.000     0.000    sys_clk
    W19                  IBUF (Prop_ibuf_I_O)         1.440     1.440 r  sys_clk_IBUF_inst/O
                         net (fo=1, routed)           1.065     2.505    u_top/sys_clk_IBUF
    MMCME2_ADV_X0Y2      MMCME2_ADV (Prop_mmcme2_adv_CLKIN1_CLKOUT0)
                                                      0.077     2.582 r  u_top/g_mmcm.u_mmcm/CLKOUT0
                         net (fo=1, routed)           1.559     4.141    u_top_n_1646
    BUFGCTRL_X0Y1        BUFG (Prop_bufg_I_O)         0.081     4.222 r  multiplier_s1_reg[29]_i_2_replica/O
                         net (fo=3, routed)           0.118     4.340    clk_200_repN
    BUFGCTRL_X0Y0        BUFG (Prop_bufg_I_O)         0.081     4.421 r  multiplier_s1_reg[29]_i_2/O
                         net (fo=62262, routed)       1.411     5.832    u_top/u_core/u_b/u_b_core/core/core/l5/gk.frontend/fifo/clk_200
    SLICE_X55Y104        FDRE                                         r  u_top/u_core/u_b/u_b_core/core/core/l5/gk.frontend/fifo/count_reg[2]_replica/C
  -------------------------------------------------------------------    -------------------
    SLICE_X55Y104        FDRE (Prop_fdre_C_Q)         0.379     6.211 r  u_top/u_core/u_b/u_b_core/core/core/l5/gk.frontend/fifo/count_reg[2]_replica/Q
                         net (fo=11, routed)          1.172     7.383    u_top/u_core/u_b/u_b_core/core/core/l5/gk.frontend/fifo/count_reg[2]_0[0]_repN
    SLICE_X48Y127        LUT3 (Prop_lut3_I0_O)        0.105     7.488 r  u_top/u_core/u_b/u_b_core/core/core/l5/gk.frontend/fifo/out_phase[0]_i_3/O
                         net (fo=22, routed)          0.717     8.206    u_top/u_core/u_b/u_b_core/core/core/l5/mac/issue/window_valid
    SLICE_X49Y140        LUT6 (Prop_lut6_I2_O)        0.105     8.311 r  u_top/u_core/u_b/u_b_core/core/core/l5/mac/issue/out_window[6399]_i_1/O
                         net (fo=6400, routed)        2.547    10.857    u_top/u_core/u_b/u_b_core/core/core/l5/mac/issue/out_window[6399]_i_1_n_0
    SLICE_X88Y100        FDRE                                         r  u_top/u_core/u_b/u_b_core/core/core/l5/mac/issue/out_window_reg[5913]/CE
  -------------------------------------------------------------------    -------------------

                         (clock u_top_n_1646 rise edge)
                                                      5.000     5.000 r  
    W19                                               0.000     5.000 r  sys_clk (IN)
                         net (fo=0)                   0.000     5.000    sys_clk
    W19                  IBUF (Prop_ibuf_I_O)         1.374     6.374 r  sys_clk_IBUF_inst/O
                         net (fo=1, routed)           1.004     7.378    u_top/sys_clk_IBUF
    MMCME2_ADV_X0Y2      MMCME2_ADV (Prop_mmcme2_adv_CLKIN1_CLKOUT0)
                                                      0.073     7.451 r  u_top/g_mmcm.u_mmcm/CLKOUT0
                         net (fo=1, routed)           1.488     8.938    u_top_n_1646
    BUFGCTRL_X0Y1        BUFG (Prop_bufg_I_O)         0.077     9.015 r  multiplier_s1_reg[29]_i_2_replica/O
                         net (fo=3, routed)           0.112     9.127    clk_200_repN
    BUFGCTRL_X0Y0        BUFG (Prop_bufg_I_O)         0.077     9.204 r  multiplier_s1_reg[29]_i_2/O
                         net (fo=62262, routed)       1.290    10.494    u_top/u_core/u_b/u_b_core/core/core/l5/mac/issue/clk_200
    SLICE_X88Y100        FDRE                                         r  u_top/u_core/u_b/u_b_core/core/core/l5/mac/issue/out_window_reg[5913]/C
                         clock pessimism              0.223    10.717    
                         clock uncertainty           -0.069    10.648    
    SLICE_X88Y100        FDRE (Setup_fdre_C_CE)      -0.136    10.512    u_top/u_core/u_b/u_b_core/core/core/l5/mac/issue/out_window_reg[5913]
  -------------------------------------------------------------------
                         required time                         10.512    
                         arrival time                         -10.857    
  -------------------------------------------------------------------
                         slack                                 -0.345    

Slack (VIOLATED) :        -0.345ns  (required time - arrival time)
  Source:                 u_top/u_core/u_b/u_b_core/core/core/l5/gk.frontend/fifo/count_reg[2]_replica/C
                            (rising edge-triggered cell FDRE clocked by u_top_n_1646  {rise@0.000ns fall@2.500ns period=5.000ns})
  Destination:            u_top/u_core/u_b/u_b_core/core/core/l5/mac/issue/out_window_reg[5914]/CE
                            (rising edge-triggered cell FDRE clocked by u_top_n_1646  {rise@0.000ns fall@2.500ns period=5.000ns})
  Path Group:             u_top_n_1646
  Path Type:              Setup (Max at Slow Process Corner)
  Requirement:            5.000ns  (u_top_n_1646 rise@5.000ns - u_top_n_1646 rise@0.000ns)
  Data Path Delay:        5.025ns  (logic 0.589ns (11.721%)  route 4.436ns (88.279%))
  Logic Levels:           2  (LUT3=1 LUT6=1)
  Clock Path Skew:        -0.115ns (DCD - SCD + CPR)
    Destination Clock Delay (DCD):    5.494ns = ( 10.494 - 5.000 ) 
    Source Clock Delay      (SCD):    5.832ns
    Clock Pessimism Removal (CPR):    0.223ns
  Clock Uncertainty:      0.069ns  ((TSJ^2 + DJ^2)^1/2) / 2 + PE + UU
    Total System Jitter     (TSJ):    0.071ns
    Discrete Jitter          (DJ):    0.118ns
    Phase Error              (PE):    0.000ns
    User Uncertainty         (UU):    0.000ns

    Location             Delay type                Incr(ns)  Path(ns)    Netlist Resource(s)
  -------------------------------------------------------------------    -------------------
                         (clock u_top_n_1646 rise edge)
                                                      0.000     0.000 r  
    W19                                               0.000     0.000 r  sys_clk (IN)
                         net (fo=0)                   0.000     0.000    sys_clk
    W19                  IBUF (Prop_ibuf_I_O)         1.440     1.440 r  sys_clk_IBUF_inst/O
                         net (fo=1, routed)           1.065     2.505    u_top/sys_clk_IBUF
    MMCME2_ADV_X0Y2      MMCME2_ADV (Prop_mmcme2_adv_CLKIN1_CLKOUT0)
                                                      0.077     2.582 r  u_top/g_mmcm.u_mmcm/CLKOUT0
                         net (fo=1, routed)           1.559     4.141    u_top_n_1646
    BUFGCTRL_X0Y1        BUFG (Prop_bufg_I_O)         0.081     4.222 r  multiplier_s1_reg[29]_i_2_replica/O
                         net (fo=3, routed)           0.118     4.340    clk_200_repN
    BUFGCTRL_X0Y0        BUFG (Prop_bufg_I_O)         0.081     4.421 r  multiplier_s1_reg[29]_i_2/O
                         net (fo=62262, routed)       1.411     5.832    u_top/u_core/u_b/u_b_core/core/core/l5/gk.frontend/fifo/clk_200
    SLICE_X55Y104        FDRE                                         r  u_top/u_core/u_b/u_b_core/core/core/l5/gk.frontend/fifo/count_reg[2]_replica/C
  -------------------------------------------------------------------    -------------------
    SLICE_X55Y104        FDRE (Prop_fdre_C_Q)         0.379     6.211 r  u_top/u_core/u_b/u_b_core/core/core/l5/gk.frontend/fifo/count_reg[2]_replica/Q
                         net (fo=11, routed)          1.172     7.383    u_top/u_core/u_b/u_b_core/core/core/l5/gk.frontend/fifo/count_reg[2]_0[0]_repN
    SLICE_X48Y127        LUT3 (Prop_lut3_I0_O)        0.105     7.488 r  u_top/u_core/u_b/u_b_core/core/core/l5/gk.frontend/fifo/out_phase[0]_i_3/O
                         net (fo=22, routed)          0.717     8.206    u_top/u_core/u_b/u_b_core/core/core/l5/mac/issue/window_valid
    SLICE_X49Y140        LUT6 (Prop_lut6_I2_O)        0.105     8.311 r  u_top/u_core/u_b/u_b_core/core/core/l5/mac/issue/out_window[6399]_i_1/O
                         net (fo=6400, routed)        2.547    10.857    u_top/u_core/u_b/u_b_core/core/core/l5/mac/issue/out_window[6399]_i_1_n_0
    SLICE_X88Y100        FDRE                                         r  u_top/u_core/u_b/u_b_core/core/core/l5/mac/issue/out_window_reg[5914]/CE
  -------------------------------------------------------------------    -------------------

                         (clock u_top_n_1646 rise edge)
                                                      5.000     5.000 r  
    W19                                               0.000     5.000 r  sys_clk (IN)
                         net (fo=0)                   0.000     5.000    sys_clk
    W19                  IBUF (Prop_ibuf_I_O)         1.374     6.374 r  sys_clk_IBUF_inst/O
                         net (fo=1, routed)           1.004     7.378    u_top/sys_clk_IBUF
    MMCME2_ADV_X0Y2      MMCME2_ADV (Prop_mmcme2_adv_CLKIN1_CLKOUT0)
                                                      0.073     7.451 r  u_top/g_mmcm.u_mmcm/CLKOUT0
                         net (fo=1, routed)           1.488     8.938    u_top_n_1646
    BUFGCTRL_X0Y1        BUFG (Prop_bufg_I_O)         0.077     9.015 r  multiplier_s1_reg[29]_i_2_replica/O
                         net (fo=3, routed)           0.112     9.127    clk_200_repN
    BUFGCTRL_X0Y0        BUFG (Prop_bufg_I_O)         0.077     9.204 r  multiplier_s1_reg[29]_i_2/O
                         net (fo=62262, routed)       1.290    10.494    u_top/u_core/u_b/u_b_core/core/core/l5/mac/issue/clk_200
    SLICE_X88Y100        FDRE                                         r  u_top/u_core/u_b/u_b_core/core/core/l5/mac/issue/out_window_reg[5914]/C
                         clock pessimism              0.223    10.717    
                         clock uncertainty           -0.069    10.648    
    SLICE_X88Y100        FDRE (Setup_fdre_C_CE)      -0.136    10.512    u_top/u_core/u_b/u_b_core/core/core/l5/mac/issue/out_window_reg[5914]
  -------------------------------------------------------------------
                         required time                         10.512    
                         arrival time                         -10.857    
  -------------------------------------------------------------------
                         slack                                 -0.345    

Slack (VIOLATED) :        -0.345ns  (required time - arrival time)
  Source:                 u_top/u_core/u_b/u_b_core/core/core/l5/gk.frontend/fifo/count_reg[2]_replica/C
                            (rising edge-triggered cell FDRE clocked by u_top_n_1646  {rise@0.000ns fall@2.500ns period=5.000ns})
  Destination:            u_top/u_core/u_b/u_b_core/core/core/l5/mac/issue/out_window_reg[5915]/CE
                            (rising edge-triggered cell FDRE clocked by u_top_n_1646  {rise@0.000ns fall@2.500ns period=5.000ns})
  Path Group:             u_top_n_1646
  Path Type:              Setup (Max at Slow Process Corner)
  Requirement:            5.000ns  (u_top_n_1646 rise@5.000ns - u_top_n_1646 rise@0.000ns)
  Data Path Delay:        5.025ns  (logic 0.589ns (11.721%)  route 4.436ns (88.279%))
  Logic Levels:           2  (LUT3=1 LUT6=1)
  Clock Path Skew:        -0.115ns (DCD - SCD + CPR)
    Destination Clock Delay (DCD):    5.494ns = ( 10.494 - 5.000 ) 
    Source Clock Delay      (SCD):    5.832ns
    Clock Pessimism Removal (CPR):    0.223ns
  Clock Uncertainty:      0.069ns  ((TSJ^2 + DJ^2)^1/2) / 2 + PE + UU
    Total System Jitter     (TSJ):    0.071ns
    Discrete Jitter          (DJ):    0.118ns
    Phase Error              (PE):    0.000ns
    User Uncertainty         (UU):    0.000ns

    Location             Delay type                Incr(ns)  Path(ns)    Netlist Resource(s)
  -------------------------------------------------------------------    -------------------
                         (clock u_top_n_1646 rise edge)
                                                      0.000     0.000 r  
    W19                                               0.000     0.000 r  sys_clk (IN)
                         net (fo=0)                   0.000     0.000    sys_clk
    W19                  IBUF (Prop_ibuf_I_O)         1.440     1.440 r  sys_clk_IBUF_inst/O
                         net (fo=1, routed)           1.065     2.505    u_top/sys_clk_IBUF
    MMCME2_ADV_X0Y2      MMCME2_ADV (Prop_mmcme2_adv_CLKIN1_CLKOUT0)
                                                      0.077     2.582 r  u_top/g_mmcm.u_mmcm/CLKOUT0
                         net (fo=1, routed)           1.559     4.141    u_top_n_1646
    BUFGCTRL_X0Y1        BUFG (Prop_bufg_I_O)         0.081     4.222 r  multiplier_s1_reg[29]_i_2_replica/O
                         net (fo=3, routed)           0.118     4.340    clk_200_repN
    BUFGCTRL_X0Y0        BUFG (Prop_bufg_I_O)         0.081     4.421 r  multiplier_s1_reg[29]_i_2/O
                         net (fo=62262, routed)       1.411     5.832    u_top/u_core/u_b/u_b_core/core/core/l5/gk.frontend/fifo/clk_200
    SLICE_X55Y104        FDRE                                         r  u_top/u_core/u_b/u_b_core/core/core/l5/gk.frontend/fifo/count_reg[2]_replica/C
  -------------------------------------------------------------------    -------------------
    SLICE_X55Y104        FDRE (Prop_fdre_C_Q)         0.379     6.211 r  u_top/u_core/u_b/u_b_core/core/core/l5/gk.frontend/fifo/count_reg[2]_replica/Q
                         net (fo=11, routed)          1.172     7.383    u_top/u_core/u_b/u_b_core/core/core/l5/gk.frontend/fifo/count_reg[2]_0[0]_repN
    SLICE_X48Y127        LUT3 (Prop_lut3_I0_O)        0.105     7.488 r  u_top/u_core/u_b/u_b_core/core/core/l5/gk.frontend/fifo/out_phase[0]_i_3/O
                         net (fo=22, routed)          0.717     8.206    u_top/u_core/u_b/u_b_core/core/core/l5/mac/issue/window_valid
    SLICE_X49Y140        LUT6 (Prop_lut6_I2_O)        0.105     8.311 r  u_top/u_core/u_b/u_b_core/core/core/l5/mac/issue/out_window[6399]_i_1/O
                         net (fo=6400, routed)        2.547    10.857    u_top/u_core/u_b/u_b_core/core/core/l5/mac/issue/out_window[6399]_i_1_n_0
    SLICE_X88Y100        FDRE                                         r  u_top/u_core/u_b/u_b_core/core/core/l5/mac/issue/out_window_reg[5915]/CE
  -------------------------------------------------------------------    -------------------

                         (clock u_top_n_1646 rise edge)
                                                      5.000     5.000 r  
    W19                                               0.000     5.000 r  sys_clk (IN)
                         net (fo=0)                   0.000     5.000    sys_clk
    W19                  IBUF (Prop_ibuf_I_O)         1.374     6.374 r  sys_clk_IBUF_inst/O
                         net (fo=1, routed)           1.004     7.378    u_top/sys_clk_IBUF
    MMCME2_ADV_X0Y2      MMCME2_ADV (Prop_mmcme2_adv_CLKIN1_CLKOUT0)
                                                      0.073     7.451 r  u_top/g_mmcm.u_mmcm/CLKOUT0
                         net (fo=1, routed)           1.488     8.938    u_top_n_1646
    BUFGCTRL_X0Y1        BUFG (Prop_bufg_I_O)         0.077     9.015 r  multiplier_s1_reg[29]_i_2_replica/O
                         net (fo=3, routed)           0.112     9.127    clk_200_repN
    BUFGCTRL_X0Y0        BUFG (Prop_bufg_I_O)         0.077     9.204 r  multiplier_s1_reg[29]_i_2/O
                         net (fo=62262, routed)       1.290    10.494    u_top/u_core/u_b/u_b_core/core/core/l5/mac/issue/clk_200
    SLICE_X88Y100        FDRE                                         r  u_top/u_core/u_b/u_b_core/core/core/l5/mac/issue/out_window_reg[5915]/C
                         clock pessimism              0.223    10.717    
                         clock uncertainty           -0.069    10.648    
    SLICE_X88Y100        FDRE (Setup_fdre_C_CE)      -0.136    10.512    u_top/u_core/u_b/u_b_core/core/core/l5/mac/issue/out_window_reg[5915]
  -------------------------------------------------------------------
                         required time                         10.512    
                         arrival time                         -10.857    
  -------------------------------------------------------------------
                         slack                                 -0.345    

Slack (VIOLATED) :        -0.345ns  (required time - arrival time)
  Source:                 u_top/u_core/u_b/u_b_core/core/core/l5/gk.frontend/fifo/count_reg[2]_replica/C
                            (rising edge-triggered cell FDRE clocked by u_top_n_1646  {rise@0.000ns fall@2.500ns period=5.000ns})
  Destination:            u_top/u_core/u_b/u_b_core/core/core/l5/mac/issue/out_window_reg[5916]/CE
                            (rising edge-triggered cell FDRE clocked by u_top_n_1646  {rise@0.000ns fall@2.500ns period=5.000ns})
  Path Group:             u_top_n_1646
  Path Type:              Setup (Max at Slow Process Corner)
  Requirement:            5.000ns  (u_top_n_1646 rise@5.000ns - u_top_n_1646 rise@0.000ns)
  Data Path Delay:        5.025ns  (logic 0.589ns (11.721%)  route 4.436ns (88.279%))
  Logic Levels:           2  (LUT3=1 LUT6=1)
  Clock Path Skew:        -0.115ns (DCD - SCD + CPR)
    Destination Clock Delay (DCD):    5.494ns = ( 10.494 - 5.000 ) 
    Source Clock Delay      (SCD):    5.832ns
    Clock Pessimism Removal (CPR):    0.223ns
  Clock Uncertainty:      0.069ns  ((TSJ^2 + DJ^2)^1/2) / 2 + PE + UU
    Total System Jitter     (TSJ):    0.071ns
    Discrete Jitter          (DJ):    0.118ns
    Phase Error              (PE):    0.000ns
    User Uncertainty         (UU):    0.000ns

    Location             Delay type                Incr(ns)  Path(ns)    Netlist Resource(s)
  -------------------------------------------------------------------    -------------------
                         (clock u_top_n_1646 rise edge)
                                                      0.000     0.000 r  
    W19                                               0.000     0.000 r  sys_clk (IN)
                         net (fo=0)                   0.000     0.000    sys_clk
    W19                  IBUF (Prop_ibuf_I_O)         1.440     1.440 r  sys_clk_IBUF_inst/O
                         net (fo=1, routed)           1.065     2.505    u_top/sys_clk_IBUF
    MMCME2_ADV_X0Y2      MMCME2_ADV (Prop_mmcme2_adv_CLKIN1_CLKOUT0)
                                                      0.077     2.582 r  u_top/g_mmcm.u_mmcm/CLKOUT0
                         net (fo=1, routed)           1.559     4.141    u_top_n_1646
    BUFGCTRL_X0Y1        BUFG (Prop_bufg_I_O)         0.081     4.222 r  multiplier_s1_reg[29]_i_2_replica/O
                         net (fo=3, routed)           0.118     4.340    clk_200_repN
    BUFGCTRL_X0Y0        BUFG (Prop_bufg_I_O)         0.081     4.421 r  multiplier_s1_reg[29]_i_2/O
                         net (fo=62262, routed)       1.411     5.832    u_top/u_core/u_b/u_b_core/core/core/l5/gk.frontend/fifo/clk_200
    SLICE_X55Y104        FDRE                                         r  u_top/u_core/u_b/u_b_core/core/core/l5/gk.frontend/fifo/count_reg[2]_replica/C
  -------------------------------------------------------------------    -------------------
    SLICE_X55Y104        FDRE (Prop_fdre_C_Q)         0.379     6.211 r  u_top/u_core/u_b/u_b_core/core/core/l5/gk.frontend/fifo/count_reg[2]_replica/Q
                         net (fo=11, routed)          1.172     7.383    u_top/u_core/u_b/u_b_core/core/core/l5/gk.frontend/fifo/count_reg[2]_0[0]_repN
    SLICE_X48Y127        LUT3 (Prop_lut3_I0_O)        0.105     7.488 r  u_top/u_core/u_b/u_b_core/core/core/l5/gk.frontend/fifo/out_phase[0]_i_3/O
                         net (fo=22, routed)          0.717     8.206    u_top/u_core/u_b/u_b_core/core/core/l5/mac/issue/window_valid
    SLICE_X49Y140        LUT6 (Prop_lut6_I2_O)        0.105     8.311 r  u_top/u_core/u_b/u_b_core/core/core/l5/mac/issue/out_window[6399]_i_1/O
                         net (fo=6400, routed)        2.547    10.857    u_top/u_core/u_b/u_b_core/core/core/l5/mac/issue/out_window[6399]_i_1_n_0
    SLICE_X88Y100        FDRE                                         r  u_top/u_core/u_b/u_b_core/core/core/l5/mac/issue/out_window_reg[5916]/CE
  -------------------------------------------------------------------    -------------------

                         (clock u_top_n_1646 rise edge)
                                                      5.000     5.000 r  
    W19                                               0.000     5.000 r  sys_clk (IN)
                         net (fo=0)                   0.000     5.000    sys_clk
    W19                  IBUF (Prop_ibuf_I_O)         1.374     6.374 r  sys_clk_IBUF_inst/O
                         net (fo=1, routed)           1.004     7.378    u_top/sys_clk_IBUF
    MMCME2_ADV_X0Y2      MMCME2_ADV (Prop_mmcme2_adv_CLKIN1_CLKOUT0)
                                                      0.073     7.451 r  u_top/g_mmcm.u_mmcm/CLKOUT0
                         net (fo=1, routed)           1.488     8.938    u_top_n_1646
    BUFGCTRL_X0Y1        BUFG (Prop_bufg_I_O)         0.077     9.015 r  multiplier_s1_reg[29]_i_2_replica/O
                         net (fo=3, routed)           0.112     9.127    clk_200_repN
    BUFGCTRL_X0Y0        BUFG (Prop_bufg_I_O)         0.077     9.204 r  multiplier_s1_reg[29]_i_2/O
                         net (fo=62262, routed)       1.290    10.494    u_top/u_core/u_b/u_b_core/core/core/l5/mac/issue/clk_200
    SLICE_X88Y100        FDRE                                         r  u_top/u_core/u_b/u_b_core/core/core/l5/mac/issue/out_window_reg[5916]/C
                         clock pessimism              0.223    10.717    
                         clock uncertainty           -0.069    10.648    
    SLICE_X88Y100        FDRE (Setup_fdre_C_CE)      -0.136    10.512    u_top/u_core/u_b/u_b_core/core/core/l5/mac/issue/out_window_reg[5916]
  -------------------------------------------------------------------
                         required time                         10.512    
                         arrival time                         -10.857    
  -------------------------------------------------------------------
                         slack                                 -0.345    

Slack (VIOLATED) :        -0.345ns  (required time - arrival time)
  Source:                 u_top/u_core/u_b/u_b_core/core/core/l5/gk.frontend/fifo/count_reg[2]_replica/C
                            (rising edge-triggered cell FDRE clocked by u_top_n_1646  {rise@0.000ns fall@2.500ns period=5.000ns})
  Destination:            u_top/u_core/u_b/u_b_core/core/core/l5/mac/issue/out_window_reg[5917]/CE
                            (rising edge-triggered cell FDRE clocked by u_top_n_1646  {rise@0.000ns fall@2.500ns period=5.000ns})
  Path Group:             u_top_n_1646
  Path Type:              Setup (Max at Slow Process Corner)
  Requirement:            5.000ns  (u_top_n_1646 rise@5.000ns - u_top_n_1646 rise@0.000ns)
  Data Path Delay:        5.025ns  (logic 0.589ns (11.721%)  route 4.436ns (88.279%))
  Logic Levels:           2  (LUT3=1 LUT6=1)
  Clock Path Skew:        -0.115ns (DCD - SCD + CPR)
    Destination Clock Delay (DCD):    5.494ns = ( 10.494 - 5.000 ) 
    Source Clock Delay      (SCD):    5.832ns
    Clock Pessimism Removal (CPR):    0.223ns
  Clock Uncertainty:      0.069ns  ((TSJ^2 + DJ^2)^1/2) / 2 + PE + UU
    Total System Jitter     (TSJ):    0.071ns
    Discrete Jitter          (DJ):    0.118ns
    Phase Error              (PE):    0.000ns
    User Uncertainty         (UU):    0.000ns

    Location             Delay type                Incr(ns)  Path(ns)    Netlist Resource(s)
  -------------------------------------------------------------------    -------------------
                         (clock u_top_n_1646 rise edge)
                                                      0.000     0.000 r  
    W19                                               0.000     0.000 r  sys_clk (IN)
                         net (fo=0)                   0.000     0.000    sys_clk
    W19                  IBUF (Prop_ibuf_I_O)         1.440     1.440 r  sys_clk_IBUF_inst/O
                         net (fo=1, routed)           1.065     2.505    u_top/sys_clk_IBUF
    MMCME2_ADV_X0Y2      MMCME2_ADV (Prop_mmcme2_adv_CLKIN1_CLKOUT0)
                                                      0.077     2.582 r  u_top/g_mmcm.u_mmcm/CLKOUT0
                         net (fo=1, routed)           1.559     4.141    u_top_n_1646
    BUFGCTRL_X0Y1        BUFG (Prop_bufg_I_O)         0.081     4.222 r  multiplier_s1_reg[29]_i_2_replica/O
                         net (fo=3, routed)           0.118     4.340    clk_200_repN
    BUFGCTRL_X0Y0        BUFG (Prop_bufg_I_O)         0.081     4.421 r  multiplier_s1_reg[29]_i_2/O
                         net (fo=62262, routed)       1.411     5.832    u_top/u_core/u_b/u_b_core/core/core/l5/gk.frontend/fifo/clk_200
    SLICE_X55Y104        FDRE                                         r  u_top/u_core/u_b/u_b_core/core/core/l5/gk.frontend/fifo/count_reg[2]_replica/C
  -------------------------------------------------------------------    -------------------
    SLICE_X55Y104        FDRE (Prop_fdre_C_Q)         0.379     6.211 r  u_top/u_core/u_b/u_b_core/core/core/l5/gk.frontend/fifo/count_reg[2]_replica/Q
                         net (fo=11, routed)          1.172     7.383    u_top/u_core/u_b/u_b_core/core/core/l5/gk.frontend/fifo/count_reg[2]_0[0]_repN
    SLICE_X48Y127        LUT3 (Prop_lut3_I0_O)        0.105     7.488 r  u_top/u_core/u_b/u_b_core/core/core/l5/gk.frontend/fifo/out_phase[0]_i_3/O
                         net (fo=22, routed)          0.717     8.206    u_top/u_core/u_b/u_b_core/core/core/l5/mac/issue/window_valid
    SLICE_X49Y140        LUT6 (Prop_lut6_I2_O)        0.105     8.311 r  u_top/u_core/u_b/u_b_core/core/core/l5/mac/issue/out_window[6399]_i_1/O
                         net (fo=6400, routed)        2.547    10.857    u_top/u_core/u_b/u_b_core/core/core/l5/mac/issue/out_window[6399]_i_1_n_0
    SLICE_X88Y100        FDRE                                         r  u_top/u_core/u_b/u_b_core/core/core/l5/mac/issue/out_window_reg[5917]/CE
  -------------------------------------------------------------------    -------------------

                         (clock u_top_n_1646 rise edge)
                                                      5.000     5.000 r  
    W19                                               0.000     5.000 r  sys_clk (IN)
                         net (fo=0)                   0.000     5.000    sys_clk
    W19                  IBUF (Prop_ibuf_I_O)         1.374     6.374 r  sys_clk_IBUF_inst/O
                         net (fo=1, routed)           1.004     7.378    u_top/sys_clk_IBUF
    MMCME2_ADV_X0Y2      MMCME2_ADV (Prop_mmcme2_adv_CLKIN1_CLKOUT0)
                                                      0.073     7.451 r  u_top/g_mmcm.u_mmcm/CLKOUT0
                         net (fo=1, routed)           1.488     8.938    u_top_n_1646
    BUFGCTRL_X0Y1        BUFG (Prop_bufg_I_O)         0.077     9.015 r  multiplier_s1_reg[29]_i_2_replica/O
                         net (fo=3, routed)           0.112     9.127    clk_200_repN
    BUFGCTRL_X0Y0        BUFG (Prop_bufg_I_O)         0.077     9.204 r  multiplier_s1_reg[29]_i_2/O
                         net (fo=62262, routed)       1.290    10.494    u_top/u_core/u_b/u_b_core/core/core/l5/mac/issue/clk_200
    SLICE_X88Y100        FDRE                                         r  u_top/u_core/u_b/u_b_core/core/core/l5/mac/issue/out_window_reg[5917]/C
                         clock pessimism              0.223    10.717    
                         clock uncertainty           -0.069    10.648    
    SLICE_X88Y100        FDRE (Setup_fdre_C_CE)      -0.136    10.512    u_top/u_core/u_b/u_b_core/core/core/l5/mac/issue/out_window_reg[5917]
  -------------------------------------------------------------------
                         required time                         10.512    
                         arrival time                         -10.857    
  -------------------------------------------------------------------
                         slack                                 -0.345    

Slack (VIOLATED) :        -0.343ns  (required time - arrival time)
  Source:                 u_top/u_core/u_b/u_b_core/core/core/l5/gk.frontend/pad/y_reg[3]/C
                            (rising edge-triggered cell FDRE clocked by u_top_n_1646  {rise@0.000ns fall@2.500ns period=5.000ns})
  Destination:            u_top/u_core/u_b/u_b_core/core/core/l5/gk.frontend/win/bank_gen[2].mem_reg_3/DIPADIP[0]
                            (rising edge-triggered cell RAMB36E1 clocked by u_top_n_1646  {rise@0.000ns fall@2.500ns period=5.000ns})
  Path Group:             u_top_n_1646
  Path Type:              Setup (Max at Slow Process Corner)
  Requirement:            5.000ns  (u_top_n_1646 rise@5.000ns - u_top_n_1646 rise@0.000ns)
  Data Path Delay:        4.852ns  (logic 0.694ns (14.304%)  route 4.158ns (85.697%))
  Logic Levels:           3  (LUT2=1 LUT5=1 LUT6=1)
  Clock Path Skew:        -0.208ns (DCD - SCD + CPR)
    Destination Clock Delay (DCD):    5.519ns = ( 10.519 - 5.000 ) 
    Source Clock Delay      (SCD):    5.944ns
    Clock Pessimism Removal (CPR):    0.217ns
  Clock Uncertainty:      0.069ns  ((TSJ^2 + DJ^2)^1/2) / 2 + PE + UU
    Total System Jitter     (TSJ):    0.071ns
    Discrete Jitter          (DJ):    0.118ns
    Phase Error              (PE):    0.000ns
    User Uncertainty         (UU):    0.000ns

    Location             Delay type                Incr(ns)  Path(ns)    Netlist Resource(s)
  -------------------------------------------------------------------    -------------------
                         (clock u_top_n_1646 rise edge)
                                                      0.000     0.000 r  
    W19                                               0.000     0.000 r  sys_clk (IN)
                         net (fo=0)                   0.000     0.000    sys_clk
    W19                  IBUF (Prop_ibuf_I_O)         1.440     1.440 r  sys_clk_IBUF_inst/O
                         net (fo=1, routed)           1.065     2.505    u_top/sys_clk_IBUF
    MMCME2_ADV_X0Y2      MMCME2_ADV (Prop_mmcme2_adv_CLKIN1_CLKOUT0)
                                                      0.077     2.582 r  u_top/g_mmcm.u_mmcm/CLKOUT0
                         net (fo=1, routed)           1.559     4.141    u_top_n_1646
    BUFGCTRL_X0Y1        BUFG (Prop_bufg_I_O)         0.081     4.222 r  multiplier_s1_reg[29]_i_2_replica/O
                         net (fo=3, routed)           0.118     4.340    clk_200_repN
    BUFGCTRL_X0Y0        BUFG (Prop_bufg_I_O)         0.081     4.421 r  multiplier_s1_reg[29]_i_2/O
                         net (fo=62262, routed)       1.523     5.944    u_top/u_core/u_b/u_b_core/core/core/l5/gk.frontend/pad/clk_200
    SLICE_X83Y91         FDRE                                         r  u_top/u_core/u_b/u_b_core/core/core/l5/gk.frontend/pad/y_reg[3]/C
  -------------------------------------------------------------------    -------------------
    SLICE_X83Y91         FDRE (Prop_fdre_C_Q)         0.379     6.323 r  u_top/u_core/u_b/u_b_core/core/core/l5/gk.frontend/pad/y_reg[3]/Q
                         net (fo=11, routed)          0.830     7.153    u_top/u_core/u_b/u_b_core/core/core/l5/gk.frontend/pad/y_reg[3]
    SLICE_X82Y94         LUT5 (Prop_lut5_I3_O)        0.105     7.258 f  u_top/u_core/u_b/u_b_core/core/core/l5/gk.frontend/pad/bank_gen[3].mem_reg_0_i_45_rewire/O
                         net (fo=9, routed)           0.634     7.891    u_top/u_core/u_b/u_b_core/core/core/l5/gk.frontend/pad/bank_gen[3].mem_reg_0_i_45_n_0
    SLICE_X83Y94         LUT6 (Prop_lut6_I5_O)        0.105     7.996 f  u_top/u_core/u_b/u_b_core/core/core/l5/gk.frontend/pad/bank_gen[3].mem_reg_1_i_37_rewire/O
                         net (fo=183, routed)         0.890     8.886    u_top/u_core/u_b/u_b_core/core/core/f45/pixel_d_reg[36]
    SLICE_X85Y93         LUT2 (Prop_lut2_I1_O)        0.105     8.991 r  u_top/u_core/u_b/u_b_core/core/core/f45/bank_gen[3].mem_reg_3_i_36/O
                         net (fo=5, routed)           1.805    10.796    u_top/u_core/u_b/u_b_core/core/core/l5/gk.frontend/win/pixel_in[140]
    RAMB36_X5Y30         RAMB36E1                                     r  u_top/u_core/u_b/u_b_core/core/core/l5/gk.frontend/win/bank_gen[2].mem_reg_3/DIPADIP[0]
  -------------------------------------------------------------------    -------------------

                         (clock u_top_n_1646 rise edge)
                                                      5.000     5.000 r  
    W19                                               0.000     5.000 r  sys_clk (IN)
                         net (fo=0)                   0.000     5.000    sys_clk
    W19                  IBUF (Prop_ibuf_I_O)         1.374     6.374 r  sys_clk_IBUF_inst/O
                         net (fo=1, routed)           1.004     7.378    u_top/sys_clk_IBUF
    MMCME2_ADV_X0Y2      MMCME2_ADV (Prop_mmcme2_adv_CLKIN1_CLKOUT0)
                                                      0.073     7.451 r  u_top/g_mmcm.u_mmcm/CLKOUT0
                         net (fo=1, routed)           1.488     8.938    u_top_n_1646
    BUFGCTRL_X0Y1        BUFG (Prop_bufg_I_O)         0.077     9.015 r  multiplier_s1_reg[29]_i_2_replica/O
                         net (fo=3, routed)           0.112     9.127    clk_200_repN
    BUFGCTRL_X0Y0        BUFG (Prop_bufg_I_O)         0.077     9.204 r  multiplier_s1_reg[29]_i_2/O
                         net (fo=62262, routed)       1.315    10.519    u_top/u_core/u_b/u_b_core/core/core/l5/gk.frontend/win/clk_200
    RAMB36_X5Y30         RAMB36E1                                     r  u_top/u_core/u_b/u_b_core/core/core/l5/gk.frontend/win/bank_gen[2].mem_reg_3/CLKARDCLK
                         clock pessimism              0.217    10.736    
                         clock uncertainty           -0.069    10.667    
    RAMB36_X5Y30         RAMB36E1 (Setup_ramb36e1_CLKARDCLK_DIPADIP[0])
                                                     -0.214    10.453    u_top/u_core/u_b/u_b_core/core/core/l5/gk.frontend/win/bank_gen[2].mem_reg_3
  -------------------------------------------------------------------
                         required time                         10.453    
                         arrival time                         -10.796    
  -------------------------------------------------------------------
                         slack                                 -0.343    

Slack (VIOLATED) :        -0.332ns  (required time - arrival time)
  Source:                 u_top/u_core/u_b/u_b_core/core/core/l5/gk.frontend/win/col_d_reg[9]/C
                            (rising edge-triggered cell FDRE clocked by u_top_n_1646  {rise@0.000ns fall@2.500ns period=5.000ns})
  Destination:            u_top/u_core/u_b/u_b_core/core/core/l5/gk.frontend/win/shift_reg[16][145]/R
                            (rising edge-triggered cell FDRE clocked by u_top_n_1646  {rise@0.000ns fall@2.500ns period=5.000ns})
  Path Group:             u_top_n_1646
  Path Type:              Setup (Max at Slow Process Corner)
  Requirement:            5.000ns  (u_top_n_1646 rise@5.000ns - u_top_n_1646 rise@0.000ns)
  Data Path Delay:        4.667ns  (logic 0.694ns (14.871%)  route 3.973ns (85.129%))
  Logic Levels:           3  (LUT4=1 LUT5=2)
  Clock Path Skew:        -0.244ns (DCD - SCD + CPR)
    Destination Clock Delay (DCD):    5.484ns = ( 10.484 - 5.000 ) 
    Source Clock Delay      (SCD):    5.951ns
    Clock Pessimism Removal (CPR):    0.223ns
  Clock Uncertainty:      0.069ns  ((TSJ^2 + DJ^2)^1/2) / 2 + PE + UU
    Total System Jitter     (TSJ):    0.071ns
    Discrete Jitter          (DJ):    0.118ns
    Phase Error              (PE):    0.000ns
    User Uncertainty         (UU):    0.000ns

    Location             Delay type                Incr(ns)  Path(ns)    Netlist Resource(s)
  -------------------------------------------------------------------    -------------------
                         (clock u_top_n_1646 rise edge)
                                                      0.000     0.000 r  
    W19                                               0.000     0.000 r  sys_clk (IN)
                         net (fo=0)                   0.000     0.000    sys_clk
    W19                  IBUF (Prop_ibuf_I_O)         1.440     1.440 r  sys_clk_IBUF_inst/O
                         net (fo=1, routed)           1.065     2.505    u_top/sys_clk_IBUF
    MMCME2_ADV_X0Y2      MMCME2_ADV (Prop_mmcme2_adv_CLKIN1_CLKOUT0)
                                                      0.077     2.582 r  u_top/g_mmcm.u_mmcm/CLKOUT0
                         net (fo=1, routed)           1.559     4.141    u_top_n_1646
    BUFGCTRL_X0Y1        BUFG (Prop_bufg_I_O)         0.081     4.222 r  multiplier_s1_reg[29]_i_2_replica/O
                         net (fo=3, routed)           0.118     4.340    clk_200_repN
    BUFGCTRL_X0Y0        BUFG (Prop_bufg_I_O)         0.081     4.421 r  multiplier_s1_reg[29]_i_2/O
                         net (fo=62262, routed)       1.530     5.951    u_top/u_core/u_b/u_b_core/core/core/l5/gk.frontend/win/clk_200
    SLICE_X81Y98         FDRE                                         r  u_top/u_core/u_b/u_b_core/core/core/l5/gk.frontend/win/col_d_reg[9]/C
  -------------------------------------------------------------------    -------------------
    SLICE_X81Y98         FDRE (Prop_fdre_C_Q)         0.379     6.330 f  u_top/u_core/u_b/u_b_core/core/core/l5/gk.frontend/win/col_d_reg[9]/Q
                         net (fo=2, routed)           0.908     7.238    u_top/u_core/u_b/u_b_core/core/core/l5/gk.frontend/win/col_d[9]
    SLICE_X69Y100        LUT4 (Prop_lut4_I2_O)        0.105     7.343 f  u_top/u_core/u_b/u_b_core/core/core/l5/gk.frontend/win/window_valid_i_2__1_replica/O
                         net (fo=1, routed)           0.709     8.052    u_top/u_core/u_b/u_b_core/core/core/l5/gk.frontend/win/window_valid_i_2__1_n_0_repN
    SLICE_X57Y102        LUT5 (Prop_lut5_I0_O)        0.105     8.157 f  u_top/u_core/u_b/u_b_core/core/core/l5/gk.frontend/win/shift[3][255]_i_2/O
                         net (fo=1, routed)           0.327     8.484    u_top/u_core/u_b/u_b_core/core/core/l5/gk.frontend/win/shift[3][255]_i_2_n_0
    SLICE_X55Y103        LUT5 (Prop_lut5_I1_O)        0.105     8.589 r  u_top/u_core/u_b/u_b_core/core/core/l5/gk.frontend/win/shift[3][255]_i_1/O
                         net (fo=5120, routed)        2.029    10.618    u_top/u_core/u_b/u_b_core/core/core/l5/gk.frontend/win/shift[3][255]_i_1_n_0
    SLICE_X67Y128        FDRE                                         r  u_top/u_core/u_b/u_b_core/core/core/l5/gk.frontend/win/shift_reg[16][145]/R
  -------------------------------------------------------------------    -------------------

                         (clock u_top_n_1646 rise edge)
                                                      5.000     5.000 r  
    W19                                               0.000     5.000 r  sys_clk (IN)
                         net (fo=0)                   0.000     5.000    sys_clk
    W19                  IBUF (Prop_ibuf_I_O)         1.374     6.374 r  sys_clk_IBUF_inst/O
                         net (fo=1, routed)           1.004     7.378    u_top/sys_clk_IBUF
    MMCME2_ADV_X0Y2      MMCME2_ADV (Prop_mmcme2_adv_CLKIN1_CLKOUT0)
                                                      0.073     7.451 r  u_top/g_mmcm.u_mmcm/CLKOUT0
                         net (fo=1, routed)           1.488     8.938    u_top_n_1646
    BUFGCTRL_X0Y1        BUFG (Prop_bufg_I_O)         0.077     9.015 r  multiplier_s1_reg[29]_i_2_replica/O
                         net (fo=3, routed)           0.112     9.127    clk_200_repN
    BUFGCTRL_X0Y0        BUFG (Prop_bufg_I_O)         0.077     9.204 r  multiplier_s1_reg[29]_i_2/O
                         net (fo=62262, routed)       1.280    10.484    u_top/u_core/u_b/u_b_core/core/core/l5/gk.frontend/win/clk_200
    SLICE_X67Y128        FDRE                                         r  u_top/u_core/u_b/u_b_core/core/core/l5/gk.frontend/win/shift_reg[16][145]/C
                         clock pessimism              0.223    10.707    
                         clock uncertainty           -0.069    10.638    
    SLICE_X67Y128        FDRE (Setup_fdre_C_R)       -0.352    10.286    u_top/u_core/u_b/u_b_core/core/core/l5/gk.frontend/win/shift_reg[16][145]
  -------------------------------------------------------------------
                         required time                         10.286    
                         arrival time                         -10.618    
  -------------------------------------------------------------------
                         slack                                 -0.332    

Slack (VIOLATED) :        -0.332ns  (required time - arrival time)
  Source:                 u_top/u_core/u_b/u_b_core/core/core/l5/gk.frontend/win/col_d_reg[9]/C
                            (rising edge-triggered cell FDRE clocked by u_top_n_1646  {rise@0.000ns fall@2.500ns period=5.000ns})
  Destination:            u_top/u_core/u_b/u_b_core/core/core/l5/gk.frontend/win/shift_reg[16][222]/R
                            (rising edge-triggered cell FDRE clocked by u_top_n_1646  {rise@0.000ns fall@2.500ns period=5.000ns})
  Path Group:             u_top_n_1646
  Path Type:              Setup (Max at Slow Process Corner)
  Requirement:            5.000ns  (u_top_n_1646 rise@5.000ns - u_top_n_1646 rise@0.000ns)
  Data Path Delay:        4.667ns  (logic 0.694ns (14.871%)  route 3.973ns (85.129%))
  Logic Levels:           3  (LUT4=1 LUT5=2)
  Clock Path Skew:        -0.244ns (DCD - SCD + CPR)
    Destination Clock Delay (DCD):    5.484ns = ( 10.484 - 5.000 ) 
    Source Clock Delay      (SCD):    5.951ns
    Clock Pessimism Removal (CPR):    0.223ns
  Clock Uncertainty:      0.069ns  ((TSJ^2 + DJ^2)^1/2) / 2 + PE + UU
    Total System Jitter     (TSJ):    0.071ns
    Discrete Jitter          (DJ):    0.118ns
    Phase Error              (PE):    0.000ns
    User Uncertainty         (UU):    0.000ns

    Location             Delay type                Incr(ns)  Path(ns)    Netlist Resource(s)
  -------------------------------------------------------------------    -------------------
                         (clock u_top_n_1646 rise edge)
                                                      0.000     0.000 r  
    W19                                               0.000     0.000 r  sys_clk (IN)
                         net (fo=0)                   0.000     0.000    sys_clk
    W19                  IBUF (Prop_ibuf_I_O)         1.440     1.440 r  sys_clk_IBUF_inst/O
                         net (fo=1, routed)           1.065     2.505    u_top/sys_clk_IBUF
    MMCME2_ADV_X0Y2      MMCME2_ADV (Prop_mmcme2_adv_CLKIN1_CLKOUT0)
                                                      0.077     2.582 r  u_top/g_mmcm.u_mmcm/CLKOUT0
                         net (fo=1, routed)           1.559     4.141    u_top_n_1646
    BUFGCTRL_X0Y1        BUFG (Prop_bufg_I_O)         0.081     4.222 r  multiplier_s1_reg[29]_i_2_replica/O
                         net (fo=3, routed)           0.118     4.340    clk_200_repN
    BUFGCTRL_X0Y0        BUFG (Prop_bufg_I_O)         0.081     4.421 r  multiplier_s1_reg[29]_i_2/O
                         net (fo=62262, routed)       1.530     5.951    u_top/u_core/u_b/u_b_core/core/core/l5/gk.frontend/win/clk_200
    SLICE_X81Y98         FDRE                                         r  u_top/u_core/u_b/u_b_core/core/core/l5/gk.frontend/win/col_d_reg[9]/C
  -------------------------------------------------------------------    -------------------
    SLICE_X81Y98         FDRE (Prop_fdre_C_Q)         0.379     6.330 f  u_top/u_core/u_b/u_b_core/core/core/l5/gk.frontend/win/col_d_reg[9]/Q
                         net (fo=2, routed)           0.908     7.238    u_top/u_core/u_b/u_b_core/core/core/l5/gk.frontend/win/col_d[9]
    SLICE_X69Y100        LUT4 (Prop_lut4_I2_O)        0.105     7.343 f  u_top/u_core/u_b/u_b_core/core/core/l5/gk.frontend/win/window_valid_i_2__1_replica/O
                         net (fo=1, routed)           0.709     8.052    u_top/u_core/u_b/u_b_core/core/core/l5/gk.frontend/win/window_valid_i_2__1_n_0_repN
    SLICE_X57Y102        LUT5 (Prop_lut5_I0_O)        0.105     8.157 f  u_top/u_core/u_b/u_b_core/core/core/l5/gk.frontend/win/shift[3][255]_i_2/O
                         net (fo=1, routed)           0.327     8.484    u_top/u_core/u_b/u_b_core/core/core/l5/gk.frontend/win/shift[3][255]_i_2_n_0
    SLICE_X55Y103        LUT5 (Prop_lut5_I1_O)        0.105     8.589 r  u_top/u_core/u_b/u_b_core/core/core/l5/gk.frontend/win/shift[3][255]_i_1/O
                         net (fo=5120, routed)        2.029    10.618    u_top/u_core/u_b/u_b_core/core/core/l5/gk.frontend/win/shift[3][255]_i_1_n_0
    SLICE_X67Y128        FDRE                                         r  u_top/u_core/u_b/u_b_core/core/core/l5/gk.frontend/win/shift_reg[16][222]/R
  -------------------------------------------------------------------    -------------------

                         (clock u_top_n_1646 rise edge)
                                                      5.000     5.000 r  
    W19                                               0.000     5.000 r  sys_clk (IN)
                         net (fo=0)                   0.000     5.000    sys_clk
    W19                  IBUF (Prop_ibuf_I_O)         1.374     6.374 r  sys_clk_IBUF_inst/O
                         net (fo=1, routed)           1.004     7.378    u_top/sys_clk_IBUF
    MMCME2_ADV_X0Y2      MMCME2_ADV (Prop_mmcme2_adv_CLKIN1_CLKOUT0)
                                                      0.073     7.451 r  u_top/g_mmcm.u_mmcm/CLKOUT0
                         net (fo=1, routed)           1.488     8.938    u_top_n_1646
    BUFGCTRL_X0Y1        BUFG (Prop_bufg_I_O)         0.077     9.015 r  multiplier_s1_reg[29]_i_2_replica/O
                         net (fo=3, routed)           0.112     9.127    clk_200_repN
    BUFGCTRL_X0Y0        BUFG (Prop_bufg_I_O)         0.077     9.204 r  multiplier_s1_reg[29]_i_2/O
                         net (fo=62262, routed)       1.280    10.484    u_top/u_core/u_b/u_b_core/core/core/l5/gk.frontend/win/clk_200
    SLICE_X67Y128        FDRE                                         r  u_top/u_core/u_b/u_b_core/core/core/l5/gk.frontend/win/shift_reg[16][222]/C
                         clock pessimism              0.223    10.707    
                         clock uncertainty           -0.069    10.638    
    SLICE_X67Y128        FDRE (Setup_fdre_C_R)       -0.352    10.286    u_top/u_core/u_b/u_b_core/core/core/l5/gk.frontend/win/shift_reg[16][222]
  -------------------------------------------------------------------
                         required time                         10.286    
                         arrival time                         -10.618    
  -------------------------------------------------------------------
                         slack                                 -0.332    

Slack (VIOLATED) :        -0.332ns  (required time - arrival time)
  Source:                 u_top/u_core/u_b/u_b_core/core/core/l5/gk.frontend/win/col_d_reg[9]/C
                            (rising edge-triggered cell FDRE clocked by u_top_n_1646  {rise@0.000ns fall@2.500ns period=5.000ns})
  Destination:            u_top/u_core/u_b/u_b_core/core/core/l5/gk.frontend/win/shift_reg[16][34]/R
                            (rising edge-triggered cell FDRE clocked by u_top_n_1646  {rise@0.000ns fall@2.500ns period=5.000ns})
  Path Group:             u_top_n_1646
  Path Type:              Setup (Max at Slow Process Corner)
  Requirement:            5.000ns  (u_top_n_1646 rise@5.000ns - u_top_n_1646 rise@0.000ns)
  Data Path Delay:        4.667ns  (logic 0.694ns (14.871%)  route 3.973ns (85.129%))
  Logic Levels:           3  (LUT4=1 LUT5=2)
  Clock Path Skew:        -0.244ns (DCD - SCD + CPR)
    Destination Clock Delay (DCD):    5.484ns = ( 10.484 - 5.000 ) 
    Source Clock Delay      (SCD):    5.951ns
    Clock Pessimism Removal (CPR):    0.223ns
  Clock Uncertainty:      0.069ns  ((TSJ^2 + DJ^2)^1/2) / 2 + PE + UU
    Total System Jitter     (TSJ):    0.071ns
    Discrete Jitter          (DJ):    0.118ns
    Phase Error              (PE):    0.000ns
    User Uncertainty         (UU):    0.000ns

    Location             Delay type                Incr(ns)  Path(ns)    Netlist Resource(s)
  -------------------------------------------------------------------    -------------------
                         (clock u_top_n_1646 rise edge)
                                                      0.000     0.000 r  
    W19                                               0.000     0.000 r  sys_clk (IN)
                         net (fo=0)                   0.000     0.000    sys_clk
    W19                  IBUF (Prop_ibuf_I_O)         1.440     1.440 r  sys_clk_IBUF_inst/O
                         net (fo=1, routed)           1.065     2.505    u_top/sys_clk_IBUF
    MMCME2_ADV_X0Y2      MMCME2_ADV (Prop_mmcme2_adv_CLKIN1_CLKOUT0)
                                                      0.077     2.582 r  u_top/g_mmcm.u_mmcm/CLKOUT0
                         net (fo=1, routed)           1.559     4.141    u_top_n_1646
    BUFGCTRL_X0Y1        BUFG (Prop_bufg_I_O)         0.081     4.222 r  multiplier_s1_reg[29]_i_2_replica/O
                         net (fo=3, routed)           0.118     4.340    clk_200_repN
    BUFGCTRL_X0Y0        BUFG (Prop_bufg_I_O)         0.081     4.421 r  multiplier_s1_reg[29]_i_2/O
                         net (fo=62262, routed)       1.530     5.951    u_top/u_core/u_b/u_b_core/core/core/l5/gk.frontend/win/clk_200
    SLICE_X81Y98         FDRE                                         r  u_top/u_core/u_b/u_b_core/core/core/l5/gk.frontend/win/col_d_reg[9]/C
  -------------------------------------------------------------------    -------------------
    SLICE_X81Y98         FDRE (Prop_fdre_C_Q)         0.379     6.330 f  u_top/u_core/u_b/u_b_core/core/core/l5/gk.frontend/win/col_d_reg[9]/Q
                         net (fo=2, routed)           0.908     7.238    u_top/u_core/u_b/u_b_core/core/core/l5/gk.frontend/win/col_d[9]
    SLICE_X69Y100        LUT4 (Prop_lut4_I2_O)        0.105     7.343 f  u_top/u_core/u_b/u_b_core/core/core/l5/gk.frontend/win/window_valid_i_2__1_replica/O
                         net (fo=1, routed)           0.709     8.052    u_top/u_core/u_b/u_b_core/core/core/l5/gk.frontend/win/window_valid_i_2__1_n_0_repN
    SLICE_X57Y102        LUT5 (Prop_lut5_I0_O)        0.105     8.157 f  u_top/u_core/u_b/u_b_core/core/core/l5/gk.frontend/win/shift[3][255]_i_2/O
                         net (fo=1, routed)           0.327     8.484    u_top/u_core/u_b/u_b_core/core/core/l5/gk.frontend/win/shift[3][255]_i_2_n_0
    SLICE_X55Y103        LUT5 (Prop_lut5_I1_O)        0.105     8.589 r  u_top/u_core/u_b/u_b_core/core/core/l5/gk.frontend/win/shift[3][255]_i_1/O
                         net (fo=5120, routed)        2.029    10.618    u_top/u_core/u_b/u_b_core/core/core/l5/gk.frontend/win/shift[3][255]_i_1_n_0
    SLICE_X67Y128        FDRE                                         r  u_top/u_core/u_b/u_b_core/core/core/l5/gk.frontend/win/shift_reg[16][34]/R
  -------------------------------------------------------------------    -------------------

                         (clock u_top_n_1646 rise edge)
                                                      5.000     5.000 r  
    W19                                               0.000     5.000 r  sys_clk (IN)
                         net (fo=0)                   0.000     5.000    sys_clk
    W19                  IBUF (Prop_ibuf_I_O)         1.374     6.374 r  sys_clk_IBUF_inst/O
                         net (fo=1, routed)           1.004     7.378    u_top/sys_clk_IBUF
    MMCME2_ADV_X0Y2      MMCME2_ADV (Prop_mmcme2_adv_CLKIN1_CLKOUT0)
                                                      0.073     7.451 r  u_top/g_mmcm.u_mmcm/CLKOUT0
                         net (fo=1, routed)           1.488     8.938    u_top_n_1646
    BUFGCTRL_X0Y1        BUFG (Prop_bufg_I_O)         0.077     9.015 r  multiplier_s1_reg[29]_i_2_replica/O
                         net (fo=3, routed)           0.112     9.127    clk_200_repN
    BUFGCTRL_X0Y0        BUFG (Prop_bufg_I_O)         0.077     9.204 r  multiplier_s1_reg[29]_i_2/O
                         net (fo=62262, routed)       1.280    10.484    u_top/u_core/u_b/u_b_core/core/core/l5/gk.frontend/win/clk_200
    SLICE_X67Y128        FDRE                                         r  u_top/u_core/u_b/u_b_core/core/core/l5/gk.frontend/win/shift_reg[16][34]/C
                         clock pessimism              0.223    10.707    
                         clock uncertainty           -0.069    10.638    
    SLICE_X67Y128        FDRE (Setup_fdre_C_R)       -0.352    10.286    u_top/u_core/u_b/u_b_core/core/core/l5/gk.frontend/win/shift_reg[16][34]
  -------------------------------------------------------------------
                         required time                         10.286    
                         arrival time                         -10.618    
  -------------------------------------------------------------------
                         slack                                 -0.332    

Slack (VIOLATED) :        -0.332ns  (required time - arrival time)
  Source:                 u_top/u_core/u_b/u_b_core/core/core/l5/gk.frontend/win/col_d_reg[9]/C
                            (rising edge-triggered cell FDRE clocked by u_top_n_1646  {rise@0.000ns fall@2.500ns period=5.000ns})
  Destination:            u_top/u_core/u_b/u_b_core/core/core/l5/gk.frontend/win/shift_reg[16][99]/R
                            (rising edge-triggered cell FDRE clocked by u_top_n_1646  {rise@0.000ns fall@2.500ns period=5.000ns})
  Path Group:             u_top_n_1646
  Path Type:              Setup (Max at Slow Process Corner)
  Requirement:            5.000ns  (u_top_n_1646 rise@5.000ns - u_top_n_1646 rise@0.000ns)
  Data Path Delay:        4.667ns  (logic 0.694ns (14.871%)  route 3.973ns (85.129%))
  Logic Levels:           3  (LUT4=1 LUT5=2)
  Clock Path Skew:        -0.244ns (DCD - SCD + CPR)
    Destination Clock Delay (DCD):    5.484ns = ( 10.484 - 5.000 ) 
    Source Clock Delay      (SCD):    5.951ns
    Clock Pessimism Removal (CPR):    0.223ns
  Clock Uncertainty:      0.069ns  ((TSJ^2 + DJ^2)^1/2) / 2 + PE + UU
    Total System Jitter     (TSJ):    0.071ns
    Discrete Jitter          (DJ):    0.118ns
    Phase Error              (PE):    0.000ns
    User Uncertainty         (UU):    0.000ns

    Location             Delay type                Incr(ns)  Path(ns)    Netlist Resource(s)
  -------------------------------------------------------------------    -------------------
                         (clock u_top_n_1646 rise edge)
                                                      0.000     0.000 r  
    W19                                               0.000     0.000 r  sys_clk (IN)
                         net (fo=0)                   0.000     0.000    sys_clk
    W19                  IBUF (Prop_ibuf_I_O)         1.440     1.440 r  sys_clk_IBUF_inst/O
                         net (fo=1, routed)           1.065     2.505    u_top/sys_clk_IBUF
    MMCME2_ADV_X0Y2      MMCME2_ADV (Prop_mmcme2_adv_CLKIN1_CLKOUT0)
                                                      0.077     2.582 r  u_top/g_mmcm.u_mmcm/CLKOUT0
                         net (fo=1, routed)           1.559     4.141    u_top_n_1646
    BUFGCTRL_X0Y1        BUFG (Prop_bufg_I_O)         0.081     4.222 r  multiplier_s1_reg[29]_i_2_replica/O
                         net (fo=3, routed)           0.118     4.340    clk_200_repN
    BUFGCTRL_X0Y0        BUFG (Prop_bufg_I_O)         0.081     4.421 r  multiplier_s1_reg[29]_i_2/O
                         net (fo=62262, routed)       1.530     5.951    u_top/u_core/u_b/u_b_core/core/core/l5/gk.frontend/win/clk_200
    SLICE_X81Y98         FDRE                                         r  u_top/u_core/u_b/u_b_core/core/core/l5/gk.frontend/win/col_d_reg[9]/C
  -------------------------------------------------------------------    -------------------
    SLICE_X81Y98         FDRE (Prop_fdre_C_Q)         0.379     6.330 f  u_top/u_core/u_b/u_b_core/core/core/l5/gk.frontend/win/col_d_reg[9]/Q
                         net (fo=2, routed)           0.908     7.238    u_top/u_core/u_b/u_b_core/core/core/l5/gk.frontend/win/col_d[9]
    SLICE_X69Y100        LUT4 (Prop_lut4_I2_O)        0.105     7.343 f  u_top/u_core/u_b/u_b_core/core/core/l5/gk.frontend/win/window_valid_i_2__1_replica/O
                         net (fo=1, routed)           0.709     8.052    u_top/u_core/u_b/u_b_core/core/core/l5/gk.frontend/win/window_valid_i_2__1_n_0_repN
    SLICE_X57Y102        LUT5 (Prop_lut5_I0_O)        0.105     8.157 f  u_top/u_core/u_b/u_b_core/core/core/l5/gk.frontend/win/shift[3][255]_i_2/O
                         net (fo=1, routed)           0.327     8.484    u_top/u_core/u_b/u_b_core/core/core/l5/gk.frontend/win/shift[3][255]_i_2_n_0
    SLICE_X55Y103        LUT5 (Prop_lut5_I1_O)        0.105     8.589 r  u_top/u_core/u_b/u_b_core/core/core/l5/gk.frontend/win/shift[3][255]_i_1/O
                         net (fo=5120, routed)        2.029    10.618    u_top/u_core/u_b/u_b_core/core/core/l5/gk.frontend/win/shift[3][255]_i_1_n_0
    SLICE_X67Y128        FDRE                                         r  u_top/u_core/u_b/u_b_core/core/core/l5/gk.frontend/win/shift_reg[16][99]/R
  -------------------------------------------------------------------    -------------------

                         (clock u_top_n_1646 rise edge)
                                                      5.000     5.000 r  
    W19                                               0.000     5.000 r  sys_clk (IN)
                         net (fo=0)                   0.000     5.000    sys_clk
    W19                  IBUF (Prop_ibuf_I_O)         1.374     6.374 r  sys_clk_IBUF_inst/O
                         net (fo=1, routed)           1.004     7.378    u_top/sys_clk_IBUF
    MMCME2_ADV_X0Y2      MMCME2_ADV (Prop_mmcme2_adv_CLKIN1_CLKOUT0)
                                                      0.073     7.451 r  u_top/g_mmcm.u_mmcm/CLKOUT0
                         net (fo=1, routed)           1.488     8.938    u_top_n_1646
    BUFGCTRL_X0Y1        BUFG (Prop_bufg_I_O)         0.077     9.015 r  multiplier_s1_reg[29]_i_2_replica/O
                         net (fo=3, routed)           0.112     9.127    clk_200_repN
    BUFGCTRL_X0Y0        BUFG (Prop_bufg_I_O)         0.077     9.204 r  multiplier_s1_reg[29]_i_2/O
                         net (fo=62262, routed)       1.280    10.484    u_top/u_core/u_b/u_b_core/core/core/l5/gk.frontend/win/clk_200
    SLICE_X67Y128        FDRE                                         r  u_top/u_core/u_b/u_b_core/core/core/l5/gk.frontend/win/shift_reg[16][99]/C
                         clock pessimism              0.223    10.707    
                         clock uncertainty           -0.069    10.638    
    SLICE_X67Y128        FDRE (Setup_fdre_C_R)       -0.352    10.286    u_top/u_core/u_b/u_b_core/core/core/l5/gk.frontend/win/shift_reg[16][99]
  -------------------------------------------------------------------
                         required time                         10.286    
                         arrival time                         -10.618    
  -------------------------------------------------------------------
                         slack                                 -0.332    

Slack (VIOLATED) :        -0.332ns  (required time - arrival time)
  Source:                 u_top/u_core/u_b/u_b_core/core/core/l5/gk.frontend/win/col_d_reg[9]/C
                            (rising edge-triggered cell FDRE clocked by u_top_n_1646  {rise@0.000ns fall@2.500ns period=5.000ns})
  Destination:            u_top/u_core/u_b/u_b_core/core/core/l5/gk.frontend/win/shift_reg[17][175]/R
                            (rising edge-triggered cell FDRE clocked by u_top_n_1646  {rise@0.000ns fall@2.500ns period=5.000ns})
  Path Group:             u_top_n_1646
  Path Type:              Setup (Max at Slow Process Corner)
  Requirement:            5.000ns  (u_top_n_1646 rise@5.000ns - u_top_n_1646 rise@0.000ns)
  Data Path Delay:        4.667ns  (logic 0.694ns (14.871%)  route 3.973ns (85.129%))
  Logic Levels:           3  (LUT4=1 LUT5=2)
  Clock Path Skew:        -0.244ns (DCD - SCD + CPR)
    Destination Clock Delay (DCD):    5.484ns = ( 10.484 - 5.000 ) 
    Source Clock Delay      (SCD):    5.951ns
    Clock Pessimism Removal (CPR):    0.223ns
  Clock Uncertainty:      0.069ns  ((TSJ^2 + DJ^2)^1/2) / 2 + PE + UU
    Total System Jitter     (TSJ):    0.071ns
    Discrete Jitter          (DJ):    0.118ns
    Phase Error              (PE):    0.000ns
    User Uncertainty         (UU):    0.000ns

    Location             Delay type                Incr(ns)  Path(ns)    Netlist Resource(s)
  -------------------------------------------------------------------    -------------------
                         (clock u_top_n_1646 rise edge)
                                                      0.000     0.000 r  
    W19                                               0.000     0.000 r  sys_clk (IN)
                         net (fo=0)                   0.000     0.000    sys_clk
    W19                  IBUF (Prop_ibuf_I_O)         1.440     1.440 r  sys_clk_IBUF_inst/O
                         net (fo=1, routed)           1.065     2.505    u_top/sys_clk_IBUF
    MMCME2_ADV_X0Y2      MMCME2_ADV (Prop_mmcme2_adv_CLKIN1_CLKOUT0)
                                                      0.077     2.582 r  u_top/g_mmcm.u_mmcm/CLKOUT0
                         net (fo=1, routed)           1.559     4.141    u_top_n_1646
    BUFGCTRL_X0Y1        BUFG (Prop_bufg_I_O)         0.081     4.222 r  multiplier_s1_reg[29]_i_2_replica/O
                         net (fo=3, routed)           0.118     4.340    clk_200_repN
    BUFGCTRL_X0Y0        BUFG (Prop_bufg_I_O)         0.081     4.421 r  multiplier_s1_reg[29]_i_2/O
                         net (fo=62262, routed)       1.530     5.951    u_top/u_core/u_b/u_b_core/core/core/l5/gk.frontend/win/clk_200
    SLICE_X81Y98         FDRE                                         r  u_top/u_core/u_b/u_b_core/core/core/l5/gk.frontend/win/col_d_reg[9]/C
  -------------------------------------------------------------------    -------------------
    SLICE_X81Y98         FDRE (Prop_fdre_C_Q)         0.379     6.330 f  u_top/u_core/u_b/u_b_core/core/core/l5/gk.frontend/win/col_d_reg[9]/Q
                         net (fo=2, routed)           0.908     7.238    u_top/u_core/u_b/u_b_core/core/core/l5/gk.frontend/win/col_d[9]
    SLICE_X69Y100        LUT4 (Prop_lut4_I2_O)        0.105     7.343 f  u_top/u_core/u_b/u_b_core/core/core/l5/gk.frontend/win/window_valid_i_2__1_replica/O
                         net (fo=1, routed)           0.709     8.052    u_top/u_core/u_b/u_b_core/core/core/l5/gk.frontend/win/window_valid_i_2__1_n_0_repN
    SLICE_X57Y102        LUT5 (Prop_lut5_I0_O)        0.105     8.157 f  u_top/u_core/u_b/u_b_core/core/core/l5/gk.frontend/win/shift[3][255]_i_2/O
                         net (fo=1, routed)           0.327     8.484    u_top/u_core/u_b/u_b_core/core/core/l5/gk.frontend/win/shift[3][255]_i_2_n_0
    SLICE_X55Y103        LUT5 (Prop_lut5_I1_O)        0.105     8.589 r  u_top/u_core/u_b/u_b_core/core/core/l5/gk.frontend/win/shift[3][255]_i_1/O
                         net (fo=5120, routed)        2.029    10.618    u_top/u_core/u_b/u_b_core/core/core/l5/gk.frontend/win/shift[3][255]_i_1_n_0
    SLICE_X67Y128        FDRE                                         r  u_top/u_core/u_b/u_b_core/core/core/l5/gk.frontend/win/shift_reg[17][175]/R
  -------------------------------------------------------------------    -------------------

                         (clock u_top_n_1646 rise edge)
                                                      5.000     5.000 r  
    W19                                               0.000     5.000 r  sys_clk (IN)
                         net (fo=0)                   0.000     5.000    sys_clk
    W19                  IBUF (Prop_ibuf_I_O)         1.374     6.374 r  sys_clk_IBUF_inst/O
                         net (fo=1, routed)           1.004     7.378    u_top/sys_clk_IBUF
    MMCME2_ADV_X0Y2      MMCME2_ADV (Prop_mmcme2_adv_CLKIN1_CLKOUT0)
                                                      0.073     7.451 r  u_top/g_mmcm.u_mmcm/CLKOUT0
                         net (fo=1, routed)           1.488     8.938    u_top_n_1646
    BUFGCTRL_X0Y1        BUFG (Prop_bufg_I_O)         0.077     9.015 r  multiplier_s1_reg[29]_i_2_replica/O
                         net (fo=3, routed)           0.112     9.127    clk_200_repN
    BUFGCTRL_X0Y0        BUFG (Prop_bufg_I_O)         0.077     9.204 r  multiplier_s1_reg[29]_i_2/O
                         net (fo=62262, routed)       1.280    10.484    u_top/u_core/u_b/u_b_core/core/core/l5/gk.frontend/win/clk_200
    SLICE_X67Y128        FDRE                                         r  u_top/u_core/u_b/u_b_core/core/core/l5/gk.frontend/win/shift_reg[17][175]/C
                         clock pessimism              0.223    10.707    
                         clock uncertainty           -0.069    10.638    
    SLICE_X67Y128        FDRE (Setup_fdre_C_R)       -0.352    10.286    u_top/u_core/u_b/u_b_core/core/core/l5/gk.frontend/win/shift_reg[17][175]
  -------------------------------------------------------------------
                         required time                         10.286    
                         arrival time                         -10.618    
  -------------------------------------------------------------------
                         slack                                 -0.332    

Slack (VIOLATED) :        -0.332ns  (required time - arrival time)
  Source:                 u_top/u_core/u_b/u_b_core/core/core/l5/gk.frontend/win/col_d_reg[9]/C
                            (rising edge-triggered cell FDRE clocked by u_top_n_1646  {rise@0.000ns fall@2.500ns period=5.000ns})
  Destination:            u_top/u_core/u_b/u_b_core/core/core/l5/gk.frontend/win/shift_reg[17][237]/R
                            (rising edge-triggered cell FDRE clocked by u_top_n_1646  {rise@0.000ns fall@2.500ns period=5.000ns})
  Path Group:             u_top_n_1646
  Path Type:              Setup (Max at Slow Process Corner)
  Requirement:            5.000ns  (u_top_n_1646 rise@5.000ns - u_top_n_1646 rise@0.000ns)
  Data Path Delay:        4.667ns  (logic 0.694ns (14.871%)  route 3.973ns (85.129%))
  Logic Levels:           3  (LUT4=1 LUT5=2)
  Clock Path Skew:        -0.244ns (DCD - SCD + CPR)
    Destination Clock Delay (DCD):    5.484ns = ( 10.484 - 5.000 ) 
    Source Clock Delay      (SCD):    5.951ns
    Clock Pessimism Removal (CPR):    0.223ns
  Clock Uncertainty:      0.069ns  ((TSJ^2 + DJ^2)^1/2) / 2 + PE + UU
    Total System Jitter     (TSJ):    0.071ns
    Discrete Jitter          (DJ):    0.118ns
    Phase Error              (PE):    0.000ns
    User Uncertainty         (UU):    0.000ns

    Location             Delay type                Incr(ns)  Path(ns)    Netlist Resource(s)
  -------------------------------------------------------------------    -------------------
                         (clock u_top_n_1646 rise edge)
                                                      0.000     0.000 r  
    W19                                               0.000     0.000 r  sys_clk (IN)
                         net (fo=0)                   0.000     0.000    sys_clk
    W19                  IBUF (Prop_ibuf_I_O)         1.440     1.440 r  sys_clk_IBUF_inst/O
                         net (fo=1, routed)           1.065     2.505    u_top/sys_clk_IBUF
    MMCME2_ADV_X0Y2      MMCME2_ADV (Prop_mmcme2_adv_CLKIN1_CLKOUT0)
                                                      0.077     2.582 r  u_top/g_mmcm.u_mmcm/CLKOUT0
                         net (fo=1, routed)           1.559     4.141    u_top_n_1646
    BUFGCTRL_X0Y1        BUFG (Prop_bufg_I_O)         0.081     4.222 r  multiplier_s1_reg[29]_i_2_replica/O
                         net (fo=3, routed)           0.118     4.340    clk_200_repN
    BUFGCTRL_X0Y0        BUFG (Prop_bufg_I_O)         0.081     4.421 r  multiplier_s1_reg[29]_i_2/O
                         net (fo=62262, routed)       1.530     5.951    u_top/u_core/u_b/u_b_core/core/core/l5/gk.frontend/win/clk_200
    SLICE_X81Y98         FDRE                                         r  u_top/u_core/u_b/u_b_core/core/core/l5/gk.frontend/win/col_d_reg[9]/C
  -------------------------------------------------------------------    -------------------
    SLICE_X81Y98         FDRE (Prop_fdre_C_Q)         0.379     6.330 f  u_top/u_core/u_b/u_b_core/core/core/l5/gk.frontend/win/col_d_reg[9]/Q
                         net (fo=2, routed)           0.908     7.238    u_top/u_core/u_b/u_b_core/core/core/l5/gk.frontend/win/col_d[9]
    SLICE_X69Y100        LUT4 (Prop_lut4_I2_O)        0.105     7.343 f  u_top/u_core/u_b/u_b_core/core/core/l5/gk.frontend/win/window_valid_i_2__1_replica/O
                         net (fo=1, routed)           0.709     8.052    u_top/u_core/u_b/u_b_core/core/core/l5/gk.frontend/win/window_valid_i_2__1_n_0_repN
    SLICE_X57Y102        LUT5 (Prop_lut5_I0_O)        0.105     8.157 f  u_top/u_core/u_b/u_b_core/core/core/l5/gk.frontend/win/shift[3][255]_i_2/O
                         net (fo=1, routed)           0.327     8.484    u_top/u_core/u_b/u_b_core/core/core/l5/gk.frontend/win/shift[3][255]_i_2_n_0
    SLICE_X55Y103        LUT5 (Prop_lut5_I1_O)        0.105     8.589 r  u_top/u_core/u_b/u_b_core/core/core/l5/gk.frontend/win/shift[3][255]_i_1/O
                         net (fo=5120, routed)        2.029    10.618    u_top/u_core/u_b/u_b_core/core/core/l5/gk.frontend/win/shift[3][255]_i_1_n_0
    SLICE_X67Y128        FDRE                                         r  u_top/u_core/u_b/u_b_core/core/core/l5/gk.frontend/win/shift_reg[17][237]/R
  -------------------------------------------------------------------    -------------------

                         (clock u_top_n_1646 rise edge)
                                                      5.000     5.000 r  
    W19                                               0.000     5.000 r  sys_clk (IN)
                         net (fo=0)                   0.000     5.000    sys_clk
    W19                  IBUF (Prop_ibuf_I_O)         1.374     6.374 r  sys_clk_IBUF_inst/O
                         net (fo=1, routed)           1.004     7.378    u_top/sys_clk_IBUF
    MMCME2_ADV_X0Y2      MMCME2_ADV (Prop_mmcme2_adv_CLKIN1_CLKOUT0)
                                                      0.073     7.451 r  u_top/g_mmcm.u_mmcm/CLKOUT0
                         net (fo=1, routed)           1.488     8.938    u_top_n_1646
    BUFGCTRL_X0Y1        BUFG (Prop_bufg_I_O)         0.077     9.015 r  multiplier_s1_reg[29]_i_2_replica/O
                         net (fo=3, routed)           0.112     9.127    clk_200_repN
    BUFGCTRL_X0Y0        BUFG (Prop_bufg_I_O)         0.077     9.204 r  multiplier_s1_reg[29]_i_2/O
                         net (fo=62262, routed)       1.280    10.484    u_top/u_core/u_b/u_b_core/core/core/l5/gk.frontend/win/clk_200
    SLICE_X67Y128        FDRE                                         r  u_top/u_core/u_b/u_b_core/core/core/l5/gk.frontend/win/shift_reg[17][237]/C
                         clock pessimism              0.223    10.707    
                         clock uncertainty           -0.069    10.638    
    SLICE_X67Y128        FDRE (Setup_fdre_C_R)       -0.352    10.286    u_top/u_core/u_b/u_b_core/core/core/l5/gk.frontend/win/shift_reg[17][237]
  -------------------------------------------------------------------
                         required time                         10.286    
                         arrival time                         -10.618    
  -------------------------------------------------------------------
                         slack                                 -0.332    

Slack (VIOLATED) :        -0.319ns  (required time - arrival time)
  Source:                 u_top/u_core/u_b/u_b_core/core/core/l5/mac/issue/out_phase_reg[1]_replica_1/C
                            (rising edge-triggered cell FDRE clocked by u_top_n_1646  {rise@0.000ns fall@2.500ns period=5.000ns})
  Destination:            u_top/u_core/u_b/u_b_core/core/core/l5/gk.frontend/fifo/g_wide_read.g_read_slice[93].mem_slice_reg_0_3_48_53/RAMA/WE
                            (rising edge-triggered cell RAMD32 clocked by u_top_n_1646  {rise@0.000ns fall@2.500ns period=5.000ns})
  Path Group:             u_top_n_1646
  Path Type:              Setup (Max at Slow Process Corner)
  Requirement:            5.000ns  (u_top_n_1646 rise@5.000ns - u_top_n_1646 rise@0.000ns)
  Data Path Delay:        4.711ns  (logic 0.589ns (12.503%)  route 4.122ns (87.497%))
  Logic Levels:           2  (LUT3=1 LUT6=1)
  Clock Path Skew:        -0.108ns (DCD - SCD + CPR)
    Destination Clock Delay (DCD):    5.494ns = ( 10.494 - 5.000 ) 
    Source Clock Delay      (SCD):    5.825ns
    Clock Pessimism Removal (CPR):    0.223ns
  Clock Uncertainty:      0.069ns  ((TSJ^2 + DJ^2)^1/2) / 2 + PE + UU
    Total System Jitter     (TSJ):    0.071ns
    Discrete Jitter          (DJ):    0.118ns
    Phase Error              (PE):    0.000ns
    User Uncertainty         (UU):    0.000ns

    Location             Delay type                Incr(ns)  Path(ns)    Netlist Resource(s)
  -------------------------------------------------------------------    -------------------
                         (clock u_top_n_1646 rise edge)
                                                      0.000     0.000 r  
    W19                                               0.000     0.000 r  sys_clk (IN)
                         net (fo=0)                   0.000     0.000    sys_clk
    W19                  IBUF (Prop_ibuf_I_O)         1.440     1.440 r  sys_clk_IBUF_inst/O
                         net (fo=1, routed)           1.065     2.505    u_top/sys_clk_IBUF
    MMCME2_ADV_X0Y2      MMCME2_ADV (Prop_mmcme2_adv_CLKIN1_CLKOUT0)
                                                      0.077     2.582 r  u_top/g_mmcm.u_mmcm/CLKOUT0
                         net (fo=1, routed)           1.559     4.141    u_top_n_1646
    BUFGCTRL_X0Y1        BUFG (Prop_bufg_I_O)         0.081     4.222 r  multiplier_s1_reg[29]_i_2_replica/O
                         net (fo=3, routed)           0.118     4.340    clk_200_repN
    BUFGCTRL_X0Y0        BUFG (Prop_bufg_I_O)         0.081     4.421 r  multiplier_s1_reg[29]_i_2/O
                         net (fo=62262, routed)       1.404     5.825    u_top/u_core/u_b/u_b_core/core/core/l5/mac/issue/clk_200
    SLICE_X65Y143        FDRE                                         r  u_top/u_core/u_b/u_b_core/core/core/l5/mac/issue/out_phase_reg[1]_replica_1/C
  -------------------------------------------------------------------    -------------------
    SLICE_X65Y143        FDRE (Prop_fdre_C_Q)         0.379     6.204 r  u_top/u_core/u_b/u_b_core/core/core/l5/mac/issue/out_phase_reg[1]_replica_1/Q
                         net (fo=195, routed)         1.081     7.285    u_top/u_core/u_b/u_b_core/core/core/l5/mac/issue/issue_phase[1]_repN_1
    SLICE_X52Y148        LUT6 (Prop_lut6_I1_O)        0.105     7.390 r  u_top/u_core/u_b/u_b_core/core/core/l5/mac/issue/wr_ptr[1]_i_2_rewire/O
                         net (fo=56, routed)          1.167     8.558    u_top/u_core/u_b/u_b_core/core/core/l5/gk.frontend/win/window_ready
    SLICE_X71Y137        LUT3 (Prop_lut3_I1_O)        0.105     8.663 r  u_top/u_core/u_b/u_b_core/core/core/l5/gk.frontend/win/g_wide_read.g_read_slice[84].mem_slice_reg_0_3_0_5_i_1/O
                         net (fo=1056, routed)        1.873    10.536    u_top/u_core/u_b/u_b_core/core/core/l5/gk.frontend/fifo/g_wide_read.g_read_slice[93].mem_slice_reg_0_3_48_53/WE
    SLICE_X88Y102        RAMD32                                       r  u_top/u_core/u_b/u_b_core/core/core/l5/gk.frontend/fifo/g_wide_read.g_read_slice[93].mem_slice_reg_0_3_48_53/RAMA/WE
  -------------------------------------------------------------------    -------------------

                         (clock u_top_n_1646 rise edge)
                                                      5.000     5.000 r  
    W19                                               0.000     5.000 r  sys_clk (IN)
                         net (fo=0)                   0.000     5.000    sys_clk
    W19                  IBUF (Prop_ibuf_I_O)         1.374     6.374 r  sys_clk_IBUF_inst/O
                         net (fo=1, routed)           1.004     7.378    u_top/sys_clk_IBUF
    MMCME2_ADV_X0Y2      MMCME2_ADV (Prop_mmcme2_adv_CLKIN1_CLKOUT0)
                                                      0.073     7.451 r  u_top/g_mmcm.u_mmcm/CLKOUT0
                         net (fo=1, routed)           1.488     8.938    u_top_n_1646
    BUFGCTRL_X0Y1        BUFG (Prop_bufg_I_O)         0.077     9.015 r  multiplier_s1_reg[29]_i_2_replica/O
                         net (fo=3, routed)           0.112     9.127    clk_200_repN
    BUFGCTRL_X0Y0        BUFG (Prop_bufg_I_O)         0.077     9.204 r  multiplier_s1_reg[29]_i_2/O
                         net (fo=62262, routed)       1.290    10.494    u_top/u_core/u_b/u_b_core/core/core/l5/gk.frontend/fifo/g_wide_read.g_read_slice[93].mem_slice_reg_0_3_48_53/WCLK
    SLICE_X88Y102        RAMD32                                       r  u_top/u_core/u_b/u_b_core/core/core/l5/gk.frontend/fifo/g_wide_read.g_read_slice[93].mem_slice_reg_0_3_48_53/RAMA/CLK
                         clock pessimism              0.223    10.717    
                         clock uncertainty           -0.069    10.648    
    SLICE_X88Y102        RAMD32 (Setup_ramd32_CLK_WE)
                                                     -0.431    10.217    u_top/u_core/u_b/u_b_core/core/core/l5/gk.frontend/fifo/g_wide_read.g_read_slice[93].mem_slice_reg_0_3_48_53/RAMA
  -------------------------------------------------------------------
                         required time                         10.217    
                         arrival time                         -10.536    
  -------------------------------------------------------------------
                         slack                                 -0.319    

Slack (VIOLATED) :        -0.319ns  (required time - arrival time)
  Source:                 u_top/u_core/u_b/u_b_core/core/core/l5/mac/issue/out_phase_reg[1]_replica_1/C
                            (rising edge-triggered cell FDRE clocked by u_top_n_1646  {rise@0.000ns fall@2.500ns period=5.000ns})
  Destination:            u_top/u_core/u_b/u_b_core/core/core/l5/gk.frontend/fifo/g_wide_read.g_read_slice[93].mem_slice_reg_0_3_48_53/RAMA_D1/WE
                            (rising edge-triggered cell RAMD32 clocked by u_top_n_1646  {rise@0.000ns fall@2.500ns period=5.000ns})
  Path Group:             u_top_n_1646
  Path Type:              Setup (Max at Slow Process Corner)
  Requirement:            5.000ns  (u_top_n_1646 rise@5.000ns - u_top_n_1646 rise@0.000ns)
  Data Path Delay:        4.711ns  (logic 0.589ns (12.503%)  route 4.122ns (87.497%))
  Logic Levels:           2  (LUT3=1 LUT6=1)
  Clock Path Skew:        -0.108ns (DCD - SCD + CPR)
    Destination Clock Delay (DCD):    5.494ns = ( 10.494 - 5.000 ) 
    Source Clock Delay      (SCD):    5.825ns
    Clock Pessimism Removal (CPR):    0.223ns
  Clock Uncertainty:      0.069ns  ((TSJ^2 + DJ^2)^1/2) / 2 + PE + UU
    Total System Jitter     (TSJ):    0.071ns
    Discrete Jitter          (DJ):    0.118ns
    Phase Error              (PE):    0.000ns
    User Uncertainty         (UU):    0.000ns

    Location             Delay type                Incr(ns)  Path(ns)    Netlist Resource(s)
  -------------------------------------------------------------------    -------------------
                         (clock u_top_n_1646 rise edge)
                                                      0.000     0.000 r  
    W19                                               0.000     0.000 r  sys_clk (IN)
                         net (fo=0)                   0.000     0.000    sys_clk
    W19                  IBUF (Prop_ibuf_I_O)         1.440     1.440 r  sys_clk_IBUF_inst/O
                         net (fo=1, routed)           1.065     2.505    u_top/sys_clk_IBUF
    MMCME2_ADV_X0Y2      MMCME2_ADV (Prop_mmcme2_adv_CLKIN1_CLKOUT0)
                                                      0.077     2.582 r  u_top/g_mmcm.u_mmcm/CLKOUT0
                         net (fo=1, routed)           1.559     4.141    u_top_n_1646
    BUFGCTRL_X0Y1        BUFG (Prop_bufg_I_O)         0.081     4.222 r  multiplier_s1_reg[29]_i_2_replica/O
                         net (fo=3, routed)           0.118     4.340    clk_200_repN
    BUFGCTRL_X0Y0        BUFG (Prop_bufg_I_O)         0.081     4.421 r  multiplier_s1_reg[29]_i_2/O
                         net (fo=62262, routed)       1.404     5.825    u_top/u_core/u_b/u_b_core/core/core/l5/mac/issue/clk_200
    SLICE_X65Y143        FDRE                                         r  u_top/u_core/u_b/u_b_core/core/core/l5/mac/issue/out_phase_reg[1]_replica_1/C
  -------------------------------------------------------------------    -------------------
    SLICE_X65Y143        FDRE (Prop_fdre_C_Q)         0.379     6.204 r  u_top/u_core/u_b/u_b_core/core/core/l5/mac/issue/out_phase_reg[1]_replica_1/Q
                         net (fo=195, routed)         1.081     7.285    u_top/u_core/u_b/u_b_core/core/core/l5/mac/issue/issue_phase[1]_repN_1
    SLICE_X52Y148        LUT6 (Prop_lut6_I1_O)        0.105     7.390 r  u_top/u_core/u_b/u_b_core/core/core/l5/mac/issue/wr_ptr[1]_i_2_rewire/O
                         net (fo=56, routed)          1.167     8.558    u_top/u_core/u_b/u_b_core/core/core/l5/gk.frontend/win/window_ready
    SLICE_X71Y137        LUT3 (Prop_lut3_I1_O)        0.105     8.663 r  u_top/u_core/u_b/u_b_core/core/core/l5/gk.frontend/win/g_wide_read.g_read_slice[84].mem_slice_reg_0_3_0_5_i_1/O
                         net (fo=1056, routed)        1.873    10.536    u_top/u_core/u_b/u_b_core/core/core/l5/gk.frontend/fifo/g_wide_read.g_read_slice[93].mem_slice_reg_0_3_48_53/WE
    SLICE_X88Y102        RAMD32                                       r  u_top/u_core/u_b/u_b_core/core/core/l5/gk.frontend/fifo/g_wide_read.g_read_slice[93].mem_slice_reg_0_3_48_53/RAMA_D1/WE
  -------------------------------------------------------------------    -------------------

                         (clock u_top_n_1646 rise edge)
                                                      5.000     5.000 r  
    W19                                               0.000     5.000 r  sys_clk (IN)
                         net (fo=0)                   0.000     5.000    sys_clk
    W19                  IBUF (Prop_ibuf_I_O)         1.374     6.374 r  sys_clk_IBUF_inst/O
                         net (fo=1, routed)           1.004     7.378    u_top/sys_clk_IBUF
    MMCME2_ADV_X0Y2      MMCME2_ADV (Prop_mmcme2_adv_CLKIN1_CLKOUT0)
                                                      0.073     7.451 r  u_top/g_mmcm.u_mmcm/CLKOUT0
                         net (fo=1, routed)           1.488     8.938    u_top_n_1646
    BUFGCTRL_X0Y1        BUFG (Prop_bufg_I_O)         0.077     9.015 r  multiplier_s1_reg[29]_i_2_replica/O
                         net (fo=3, routed)           0.112     9.127    clk_200_repN
    BUFGCTRL_X0Y0        BUFG (Prop_bufg_I_O)         0.077     9.204 r  multiplier_s1_reg[29]_i_2/O
                         net (fo=62262, routed)       1.290    10.494    u_top/u_core/u_b/u_b_core/core/core/l5/gk.frontend/fifo/g_wide_read.g_read_slice[93].mem_slice_reg_0_3_48_53/WCLK
    SLICE_X88Y102        RAMD32                                       r  u_top/u_core/u_b/u_b_core/core/core/l5/gk.frontend/fifo/g_wide_read.g_read_slice[93].mem_slice_reg_0_3_48_53/RAMA_D1/CLK
                         clock pessimism              0.223    10.717    
                         clock uncertainty           -0.069    10.648    
    SLICE_X88Y102        RAMD32 (Setup_ramd32_CLK_WE)
                                                     -0.431    10.217    u_top/u_core/u_b/u_b_core/core/core/l5/gk.frontend/fifo/g_wide_read.g_read_slice[93].mem_slice_reg_0_3_48_53/RAMA_D1
  -------------------------------------------------------------------
                         required time                         10.217    
                         arrival time                         -10.536    
  -------------------------------------------------------------------
                         slack                                 -0.319    

Slack (VIOLATED) :        -0.319ns  (required time - arrival time)
  Source:                 u_top/u_core/u_b/u_b_core/core/core/l5/mac/issue/out_phase_reg[1]_replica_1/C
                            (rising edge-triggered cell FDRE clocked by u_top_n_1646  {rise@0.000ns fall@2.500ns period=5.000ns})
  Destination:            u_top/u_core/u_b/u_b_core/core/core/l5/gk.frontend/fifo/g_wide_read.g_read_slice[93].mem_slice_reg_0_3_48_53/RAMB/WE
                            (rising edge-triggered cell RAMD32 clocked by u_top_n_1646  {rise@0.000ns fall@2.500ns period=5.000ns})
  Path Group:             u_top_n_1646
  Path Type:              Setup (Max at Slow Process Corner)
  Requirement:            5.000ns  (u_top_n_1646 rise@5.000ns - u_top_n_1646 rise@0.000ns)
  Data Path Delay:        4.711ns  (logic 0.589ns (12.503%)  route 4.122ns (87.497%))
  Logic Levels:           2  (LUT3=1 LUT6=1)
  Clock Path Skew:        -0.108ns (DCD - SCD + CPR)
    Destination Clock Delay (DCD):    5.494ns = ( 10.494 - 5.000 ) 
    Source Clock Delay      (SCD):    5.825ns
    Clock Pessimism Removal (CPR):    0.223ns
  Clock Uncertainty:      0.069ns  ((TSJ^2 + DJ^2)^1/2) / 2 + PE + UU
    Total System Jitter     (TSJ):    0.071ns
    Discrete Jitter          (DJ):    0.118ns
    Phase Error              (PE):    0.000ns
    User Uncertainty         (UU):    0.000ns

    Location             Delay type                Incr(ns)  Path(ns)    Netlist Resource(s)
  -------------------------------------------------------------------    -------------------
                         (clock u_top_n_1646 rise edge)
                                                      0.000     0.000 r  
    W19                                               0.000     0.000 r  sys_clk (IN)
                         net (fo=0)                   0.000     0.000    sys_clk
    W19                  IBUF (Prop_ibuf_I_O)         1.440     1.440 r  sys_clk_IBUF_inst/O
                         net (fo=1, routed)           1.065     2.505    u_top/sys_clk_IBUF
    MMCME2_ADV_X0Y2      MMCME2_ADV (Prop_mmcme2_adv_CLKIN1_CLKOUT0)
                                                      0.077     2.582 r  u_top/g_mmcm.u_mmcm/CLKOUT0
                         net (fo=1, routed)           1.559     4.141    u_top_n_1646
    BUFGCTRL_X0Y1        BUFG (Prop_bufg_I_O)         0.081     4.222 r  multiplier_s1_reg[29]_i_2_replica/O
                         net (fo=3, routed)           0.118     4.340    clk_200_repN
    BUFGCTRL_X0Y0        BUFG (Prop_bufg_I_O)         0.081     4.421 r  multiplier_s1_reg[29]_i_2/O
                         net (fo=62262, routed)       1.404     5.825    u_top/u_core/u_b/u_b_core/core/core/l5/mac/issue/clk_200
    SLICE_X65Y143        FDRE                                         r  u_top/u_core/u_b/u_b_core/core/core/l5/mac/issue/out_phase_reg[1]_replica_1/C
  -------------------------------------------------------------------    -------------------
    SLICE_X65Y143        FDRE (Prop_fdre_C_Q)         0.379     6.204 r  u_top/u_core/u_b/u_b_core/core/core/l5/mac/issue/out_phase_reg[1]_replica_1/Q
                         net (fo=195, routed)         1.081     7.285    u_top/u_core/u_b/u_b_core/core/core/l5/mac/issue/issue_phase[1]_repN_1
    SLICE_X52Y148        LUT6 (Prop_lut6_I1_O)        0.105     7.390 r  u_top/u_core/u_b/u_b_core/core/core/l5/mac/issue/wr_ptr[1]_i_2_rewire/O
                         net (fo=56, routed)          1.167     8.558    u_top/u_core/u_b/u_b_core/core/core/l5/gk.frontend/win/window_ready
    SLICE_X71Y137        LUT3 (Prop_lut3_I1_O)        0.105     8.663 r  u_top/u_core/u_b/u_b_core/core/core/l5/gk.frontend/win/g_wide_read.g_read_slice[84].mem_slice_reg_0_3_0_5_i_1/O
                         net (fo=1056, routed)        1.873    10.536    u_top/u_core/u_b/u_b_core/core/core/l5/gk.frontend/fifo/g_wide_read.g_read_slice[93].mem_slice_reg_0_3_48_53/WE
    SLICE_X88Y102        RAMD32                                       r  u_top/u_core/u_b/u_b_core/core/core/l5/gk.frontend/fifo/g_wide_read.g_read_slice[93].mem_slice_reg_0_3_48_53/RAMB/WE
  -------------------------------------------------------------------    -------------------

                         (clock u_top_n_1646 rise edge)
                                                      5.000     5.000 r  
    W19                                               0.000     5.000 r  sys_clk (IN)
                         net (fo=0)                   0.000     5.000    sys_clk
    W19                  IBUF (Prop_ibuf_I_O)         1.374     6.374 r  sys_clk_IBUF_inst/O
                         net (fo=1, routed)           1.004     7.378    u_top/sys_clk_IBUF
    MMCME2_ADV_X0Y2      MMCME2_ADV (Prop_mmcme2_adv_CLKIN1_CLKOUT0)
                                                      0.073     7.451 r  u_top/g_mmcm.u_mmcm/CLKOUT0
                         net (fo=1, routed)           1.488     8.938    u_top_n_1646
    BUFGCTRL_X0Y1        BUFG (Prop_bufg_I_O)         0.077     9.015 r  multiplier_s1_reg[29]_i_2_replica/O
                         net (fo=3, routed)           0.112     9.127    clk_200_repN
    BUFGCTRL_X0Y0        BUFG (Prop_bufg_I_O)         0.077     9.204 r  multiplier_s1_reg[29]_i_2/O
                         net (fo=62262, routed)       1.290    10.494    u_top/u_core/u_b/u_b_core/core/core/l5/gk.frontend/fifo/g_wide_read.g_read_slice[93].mem_slice_reg_0_3_48_53/WCLK
    SLICE_X88Y102        RAMD32                                       r  u_top/u_core/u_b/u_b_core/core/core/l5/gk.frontend/fifo/g_wide_read.g_read_slice[93].mem_slice_reg_0_3_48_53/RAMB/CLK
                         clock pessimism              0.223    10.717    
                         clock uncertainty           -0.069    10.648    
    SLICE_X88Y102        RAMD32 (Setup_ramd32_CLK_WE)
                                                     -0.431    10.217    u_top/u_core/u_b/u_b_core/core/core/l5/gk.frontend/fifo/g_wide_read.g_read_slice[93].mem_slice_reg_0_3_48_53/RAMB
  -------------------------------------------------------------------
                         required time                         10.217    
                         arrival time                         -10.536    
  -------------------------------------------------------------------
                         slack                                 -0.319    

Slack (VIOLATED) :        -0.319ns  (required time - arrival time)
  Source:                 u_top/u_core/u_b/u_b_core/core/core/l5/mac/issue/out_phase_reg[1]_replica_1/C
                            (rising edge-triggered cell FDRE clocked by u_top_n_1646  {rise@0.000ns fall@2.500ns period=5.000ns})
  Destination:            u_top/u_core/u_b/u_b_core/core/core/l5/gk.frontend/fifo/g_wide_read.g_read_slice[93].mem_slice_reg_0_3_48_53/RAMB_D1/WE
                            (rising edge-triggered cell RAMD32 clocked by u_top_n_1646  {rise@0.000ns fall@2.500ns period=5.000ns})
  Path Group:             u_top_n_1646
  Path Type:              Setup (Max at Slow Process Corner)
  Requirement:            5.000ns  (u_top_n_1646 rise@5.000ns - u_top_n_1646 rise@0.000ns)
  Data Path Delay:        4.711ns  (logic 0.589ns (12.503%)  route 4.122ns (87.497%))
  Logic Levels:           2  (LUT3=1 LUT6=1)
  Clock Path Skew:        -0.108ns (DCD - SCD + CPR)
    Destination Clock Delay (DCD):    5.494ns = ( 10.494 - 5.000 ) 
    Source Clock Delay      (SCD):    5.825ns
    Clock Pessimism Removal (CPR):    0.223ns
  Clock Uncertainty:      0.069ns  ((TSJ^2 + DJ^2)^1/2) / 2 + PE + UU
    Total System Jitter     (TSJ):    0.071ns
    Discrete Jitter          (DJ):    0.118ns
    Phase Error              (PE):    0.000ns
    User Uncertainty         (UU):    0.000ns

    Location             Delay type                Incr(ns)  Path(ns)    Netlist Resource(s)
  -------------------------------------------------------------------    -------------------
                         (clock u_top_n_1646 rise edge)
                                                      0.000     0.000 r  
    W19                                               0.000     0.000 r  sys_clk (IN)
                         net (fo=0)                   0.000     0.000    sys_clk
    W19                  IBUF (Prop_ibuf_I_O)         1.440     1.440 r  sys_clk_IBUF_inst/O
                         net (fo=1, routed)           1.065     2.505    u_top/sys_clk_IBUF
    MMCME2_ADV_X0Y2      MMCME2_ADV (Prop_mmcme2_adv_CLKIN1_CLKOUT0)
                                                      0.077     2.582 r  u_top/g_mmcm.u_mmcm/CLKOUT0
                         net (fo=1, routed)           1.559     4.141    u_top_n_1646
    BUFGCTRL_X0Y1        BUFG (Prop_bufg_I_O)         0.081     4.222 r  multiplier_s1_reg[29]_i_2_replica/O
                         net (fo=3, routed)           0.118     4.340    clk_200_repN
    BUFGCTRL_X0Y0        BUFG (Prop_bufg_I_O)         0.081     4.421 r  multiplier_s1_reg[29]_i_2/O
                         net (fo=62262, routed)       1.404     5.825    u_top/u_core/u_b/u_b_core/core/core/l5/mac/issue/clk_200
    SLICE_X65Y143        FDRE                                         r  u_top/u_core/u_b/u_b_core/core/core/l5/mac/issue/out_phase_reg[1]_replica_1/C
  -------------------------------------------------------------------    -------------------
    SLICE_X65Y143        FDRE (Prop_fdre_C_Q)         0.379     6.204 r  u_top/u_core/u_b/u_b_core/core/core/l5/mac/issue/out_phase_reg[1]_replica_1/Q
                         net (fo=195, routed)         1.081     7.285    u_top/u_core/u_b/u_b_core/core/core/l5/mac/issue/issue_phase[1]_repN_1
    SLICE_X52Y148        LUT6 (Prop_lut6_I1_O)        0.105     7.390 r  u_top/u_core/u_b/u_b_core/core/core/l5/mac/issue/wr_ptr[1]_i_2_rewire/O
                         net (fo=56, routed)          1.167     8.558    u_top/u_core/u_b/u_b_core/core/core/l5/gk.frontend/win/window_ready
    SLICE_X71Y137        LUT3 (Prop_lut3_I1_O)        0.105     8.663 r  u_top/u_core/u_b/u_b_core/core/core/l5/gk.frontend/win/g_wide_read.g_read_slice[84].mem_slice_reg_0_3_0_5_i_1/O
                         net (fo=1056, routed)        1.873    10.536    u_top/u_core/u_b/u_b_core/core/core/l5/gk.frontend/fifo/g_wide_read.g_read_slice[93].mem_slice_reg_0_3_48_53/WE
    SLICE_X88Y102        RAMD32                                       r  u_top/u_core/u_b/u_b_core/core/core/l5/gk.frontend/fifo/g_wide_read.g_read_slice[93].mem_slice_reg_0_3_48_53/RAMB_D1/WE
  -------------------------------------------------------------------    -------------------

                         (clock u_top_n_1646 rise edge)
                                                      5.000     5.000 r  
    W19                                               0.000     5.000 r  sys_clk (IN)
                         net (fo=0)                   0.000     5.000    sys_clk
    W19                  IBUF (Prop_ibuf_I_O)         1.374     6.374 r  sys_clk_IBUF_inst/O
                         net (fo=1, routed)           1.004     7.378    u_top/sys_clk_IBUF
    MMCME2_ADV_X0Y2      MMCME2_ADV (Prop_mmcme2_adv_CLKIN1_CLKOUT0)
                                                      0.073     7.451 r  u_top/g_mmcm.u_mmcm/CLKOUT0
                         net (fo=1, routed)           1.488     8.938    u_top_n_1646
    BUFGCTRL_X0Y1        BUFG (Prop_bufg_I_O)         0.077     9.015 r  multiplier_s1_reg[29]_i_2_replica/O
                         net (fo=3, routed)           0.112     9.127    clk_200_repN
    BUFGCTRL_X0Y0        BUFG (Prop_bufg_I_O)         0.077     9.204 r  multiplier_s1_reg[29]_i_2/O
                         net (fo=62262, routed)       1.290    10.494    u_top/u_core/u_b/u_b_core/core/core/l5/gk.frontend/fifo/g_wide_read.g_read_slice[93].mem_slice_reg_0_3_48_53/WCLK
    SLICE_X88Y102        RAMD32                                       r  u_top/u_core/u_b/u_b_core/core/core/l5/gk.frontend/fifo/g_wide_read.g_read_slice[93].mem_slice_reg_0_3_48_53/RAMB_D1/CLK
                         clock pessimism              0.223    10.717    
                         clock uncertainty           -0.069    10.648    
    SLICE_X88Y102        RAMD32 (Setup_ramd32_CLK_WE)
                                                     -0.431    10.217    u_top/u_core/u_b/u_b_core/core/core/l5/gk.frontend/fifo/g_wide_read.g_read_slice[93].mem_slice_reg_0_3_48_53/RAMB_D1
  -------------------------------------------------------------------
                         required time                         10.217    
                         arrival time                         -10.536    
  -------------------------------------------------------------------
                         slack                                 -0.319    

Slack (VIOLATED) :        -0.319ns  (required time - arrival time)
  Source:                 u_top/u_core/u_b/u_b_core/core/core/l5/mac/issue/out_phase_reg[1]_replica_1/C
                            (rising edge-triggered cell FDRE clocked by u_top_n_1646  {rise@0.000ns fall@2.500ns period=5.000ns})
  Destination:            u_top/u_core/u_b/u_b_core/core/core/l5/gk.frontend/fifo/g_wide_read.g_read_slice[93].mem_slice_reg_0_3_48_53/RAMC/WE
                            (rising edge-triggered cell RAMD32 clocked by u_top_n_1646  {rise@0.000ns fall@2.500ns period=5.000ns})
  Path Group:             u_top_n_1646
  Path Type:              Setup (Max at Slow Process Corner)
  Requirement:            5.000ns  (u_top_n_1646 rise@5.000ns - u_top_n_1646 rise@0.000ns)
  Data Path Delay:        4.711ns  (logic 0.589ns (12.503%)  route 4.122ns (87.497%))
  Logic Levels:           2  (LUT3=1 LUT6=1)
  Clock Path Skew:        -0.108ns (DCD - SCD + CPR)
    Destination Clock Delay (DCD):    5.494ns = ( 10.494 - 5.000 ) 
    Source Clock Delay      (SCD):    5.825ns
    Clock Pessimism Removal (CPR):    0.223ns
  Clock Uncertainty:      0.069ns  ((TSJ^2 + DJ^2)^1/2) / 2 + PE + UU
    Total System Jitter     (TSJ):    0.071ns
    Discrete Jitter          (DJ):    0.118ns
    Phase Error              (PE):    0.000ns
    User Uncertainty         (UU):    0.000ns

    Location             Delay type                Incr(ns)  Path(ns)    Netlist Resource(s)
  -------------------------------------------------------------------    -------------------
                         (clock u_top_n_1646 rise edge)
                                                      0.000     0.000 r  
    W19                                               0.000     0.000 r  sys_clk (IN)
                         net (fo=0)                   0.000     0.000    sys_clk
    W19                  IBUF (Prop_ibuf_I_O)         1.440     1.440 r  sys_clk_IBUF_inst/O
                         net (fo=1, routed)           1.065     2.505    u_top/sys_clk_IBUF
    MMCME2_ADV_X0Y2      MMCME2_ADV (Prop_mmcme2_adv_CLKIN1_CLKOUT0)
                                                      0.077     2.582 r  u_top/g_mmcm.u_mmcm/CLKOUT0
                         net (fo=1, routed)           1.559     4.141    u_top_n_1646
    BUFGCTRL_X0Y1        BUFG (Prop_bufg_I_O)         0.081     4.222 r  multiplier_s1_reg[29]_i_2_replica/O
                         net (fo=3, routed)           0.118     4.340    clk_200_repN
    BUFGCTRL_X0Y0        BUFG (Prop_bufg_I_O)         0.081     4.421 r  multiplier_s1_reg[29]_i_2/O
                         net (fo=62262, routed)       1.404     5.825    u_top/u_core/u_b/u_b_core/core/core/l5/mac/issue/clk_200
    SLICE_X65Y143        FDRE                                         r  u_top/u_core/u_b/u_b_core/core/core/l5/mac/issue/out_phase_reg[1]_replica_1/C
  -------------------------------------------------------------------    -------------------
    SLICE_X65Y143        FDRE (Prop_fdre_C_Q)         0.379     6.204 r  u_top/u_core/u_b/u_b_core/core/core/l5/mac/issue/out_phase_reg[1]_replica_1/Q
                         net (fo=195, routed)         1.081     7.285    u_top/u_core/u_b/u_b_core/core/core/l5/mac/issue/issue_phase[1]_repN_1
    SLICE_X52Y148        LUT6 (Prop_lut6_I1_O)        0.105     7.390 r  u_top/u_core/u_b/u_b_core/core/core/l5/mac/issue/wr_ptr[1]_i_2_rewire/O
                         net (fo=56, routed)          1.167     8.558    u_top/u_core/u_b/u_b_core/core/core/l5/gk.frontend/win/window_ready
    SLICE_X71Y137        LUT3 (Prop_lut3_I1_O)        0.105     8.663 r  u_top/u_core/u_b/u_b_core/core/core/l5/gk.frontend/win/g_wide_read.g_read_slice[84].mem_slice_reg_0_3_0_5_i_1/O
                         net (fo=1056, routed)        1.873    10.536    u_top/u_core/u_b/u_b_core/core/core/l5/gk.frontend/fifo/g_wide_read.g_read_slice[93].mem_slice_reg_0_3_48_53/WE
    SLICE_X88Y102        RAMD32                                       r  u_top/u_core/u_b/u_b_core/core/core/l5/gk.frontend/fifo/g_wide_read.g_read_slice[93].mem_slice_reg_0_3_48_53/RAMC/WE
  -------------------------------------------------------------------    -------------------

                         (clock u_top_n_1646 rise edge)
                                                      5.000     5.000 r  
    W19                                               0.000     5.000 r  sys_clk (IN)
                         net (fo=0)                   0.000     5.000    sys_clk
    W19                  IBUF (Prop_ibuf_I_O)         1.374     6.374 r  sys_clk_IBUF_inst/O
                         net (fo=1, routed)           1.004     7.378    u_top/sys_clk_IBUF
    MMCME2_ADV_X0Y2      MMCME2_ADV (Prop_mmcme2_adv_CLKIN1_CLKOUT0)
                                                      0.073     7.451 r  u_top/g_mmcm.u_mmcm/CLKOUT0
                         net (fo=1, routed)           1.488     8.938    u_top_n_1646
    BUFGCTRL_X0Y1        BUFG (Prop_bufg_I_O)         0.077     9.015 r  multiplier_s1_reg[29]_i_2_replica/O
                         net (fo=3, routed)           0.112     9.127    clk_200_repN
    BUFGCTRL_X0Y0        BUFG (Prop_bufg_I_O)         0.077     9.204 r  multiplier_s1_reg[29]_i_2/O
                         net (fo=62262, routed)       1.290    10.494    u_top/u_core/u_b/u_b_core/core/core/l5/gk.frontend/fifo/g_wide_read.g_read_slice[93].mem_slice_reg_0_3_48_53/WCLK
    SLICE_X88Y102        RAMD32                                       r  u_top/u_core/u_b/u_b_core/core/core/l5/gk.frontend/fifo/g_wide_read.g_read_slice[93].mem_slice_reg_0_3_48_53/RAMC/CLK
                         clock pessimism              0.223    10.717    
                         clock uncertainty           -0.069    10.648    
    SLICE_X88Y102        RAMD32 (Setup_ramd32_CLK_WE)
                                                     -0.431    10.217    u_top/u_core/u_b/u_b_core/core/core/l5/gk.frontend/fifo/g_wide_read.g_read_slice[93].mem_slice_reg_0_3_48_53/RAMC
  -------------------------------------------------------------------
                         required time                         10.217    
                         arrival time                         -10.536    
  -------------------------------------------------------------------
                         slack                                 -0.319    

Slack (VIOLATED) :        -0.319ns  (required time - arrival time)
  Source:                 u_top/u_core/u_b/u_b_core/core/core/l5/mac/issue/out_phase_reg[1]_replica_1/C
                            (rising edge-triggered cell FDRE clocked by u_top_n_1646  {rise@0.000ns fall@2.500ns period=5.000ns})
  Destination:            u_top/u_core/u_b/u_b_core/core/core/l5/gk.frontend/fifo/g_wide_read.g_read_slice[93].mem_slice_reg_0_3_48_53/RAMC_D1/WE
                            (rising edge-triggered cell RAMD32 clocked by u_top_n_1646  {rise@0.000ns fall@2.500ns period=5.000ns})
  Path Group:             u_top_n_1646
  Path Type:              Setup (Max at Slow Process Corner)
  Requirement:            5.000ns  (u_top_n_1646 rise@5.000ns - u_top_n_1646 rise@0.000ns)
  Data Path Delay:        4.711ns  (logic 0.589ns (12.503%)  route 4.122ns (87.497%))
  Logic Levels:           2  (LUT3=1 LUT6=1)
  Clock Path Skew:        -0.108ns (DCD - SCD + CPR)
    Destination Clock Delay (DCD):    5.494ns = ( 10.494 - 5.000 ) 
    Source Clock Delay      (SCD):    5.825ns
    Clock Pessimism Removal (CPR):    0.223ns
  Clock Uncertainty:      0.069ns  ((TSJ^2 + DJ^2)^1/2) / 2 + PE + UU
    Total System Jitter     (TSJ):    0.071ns
    Discrete Jitter          (DJ):    0.118ns
    Phase Error              (PE):    0.000ns
    User Uncertainty         (UU):    0.000ns

    Location             Delay type                Incr(ns)  Path(ns)    Netlist Resource(s)
  -------------------------------------------------------------------    -------------------
                         (clock u_top_n_1646 rise edge)
                                                      0.000     0.000 r  
    W19                                               0.000     0.000 r  sys_clk (IN)
                         net (fo=0)                   0.000     0.000    sys_clk
    W19                  IBUF (Prop_ibuf_I_O)         1.440     1.440 r  sys_clk_IBUF_inst/O
                         net (fo=1, routed)           1.065     2.505    u_top/sys_clk_IBUF
    MMCME2_ADV_X0Y2      MMCME2_ADV (Prop_mmcme2_adv_CLKIN1_CLKOUT0)
                                                      0.077     2.582 r  u_top/g_mmcm.u_mmcm/CLKOUT0
                         net (fo=1, routed)           1.559     4.141    u_top_n_1646
    BUFGCTRL_X0Y1        BUFG (Prop_bufg_I_O)         0.081     4.222 r  multiplier_s1_reg[29]_i_2_replica/O
                         net (fo=3, routed)           0.118     4.340    clk_200_repN
    BUFGCTRL_X0Y0        BUFG (Prop_bufg_I_O)         0.081     4.421 r  multiplier_s1_reg[29]_i_2/O
                         net (fo=62262, routed)       1.404     5.825    u_top/u_core/u_b/u_b_core/core/core/l5/mac/issue/clk_200
    SLICE_X65Y143        FDRE                                         r  u_top/u_core/u_b/u_b_core/core/core/l5/mac/issue/out_phase_reg[1]_replica_1/C
  -------------------------------------------------------------------    -------------------
    SLICE_X65Y143        FDRE (Prop_fdre_C_Q)         0.379     6.204 r  u_top/u_core/u_b/u_b_core/core/core/l5/mac/issue/out_phase_reg[1]_replica_1/Q
                         net (fo=195, routed)         1.081     7.285    u_top/u_core/u_b/u_b_core/core/core/l5/mac/issue/issue_phase[1]_repN_1
    SLICE_X52Y148        LUT6 (Prop_lut6_I1_O)        0.105     7.390 r  u_top/u_core/u_b/u_b_core/core/core/l5/mac/issue/wr_ptr[1]_i_2_rewire/O
                         net (fo=56, routed)          1.167     8.558    u_top/u_core/u_b/u_b_core/core/core/l5/gk.frontend/win/window_ready
    SLICE_X71Y137        LUT3 (Prop_lut3_I1_O)        0.105     8.663 r  u_top/u_core/u_b/u_b_core/core/core/l5/gk.frontend/win/g_wide_read.g_read_slice[84].mem_slice_reg_0_3_0_5_i_1/O
                         net (fo=1056, routed)        1.873    10.536    u_top/u_core/u_b/u_b_core/core/core/l5/gk.frontend/fifo/g_wide_read.g_read_slice[93].mem_slice_reg_0_3_48_53/WE
    SLICE_X88Y102        RAMD32                                       r  u_top/u_core/u_b/u_b_core/core/core/l5/gk.frontend/fifo/g_wide_read.g_read_slice[93].mem_slice_reg_0_3_48_53/RAMC_D1/WE
  -------------------------------------------------------------------    -------------------

                         (clock u_top_n_1646 rise edge)
                                                      5.000     5.000 r  
    W19                                               0.000     5.000 r  sys_clk (IN)
                         net (fo=0)                   0.000     5.000    sys_clk
    W19                  IBUF (Prop_ibuf_I_O)         1.374     6.374 r  sys_clk_IBUF_inst/O
                         net (fo=1, routed)           1.004     7.378    u_top/sys_clk_IBUF
    MMCME2_ADV_X0Y2      MMCME2_ADV (Prop_mmcme2_adv_CLKIN1_CLKOUT0)
                                                      0.073     7.451 r  u_top/g_mmcm.u_mmcm/CLKOUT0
                         net (fo=1, routed)           1.488     8.938    u_top_n_1646
    BUFGCTRL_X0Y1        BUFG (Prop_bufg_I_O)         0.077     9.015 r  multiplier_s1_reg[29]_i_2_replica/O
                         net (fo=3, routed)           0.112     9.127    clk_200_repN
    BUFGCTRL_X0Y0        BUFG (Prop_bufg_I_O)         0.077     9.204 r  multiplier_s1_reg[29]_i_2/O
                         net (fo=62262, routed)       1.290    10.494    u_top/u_core/u_b/u_b_core/core/core/l5/gk.frontend/fifo/g_wide_read.g_read_slice[93].mem_slice_reg_0_3_48_53/WCLK
    SLICE_X88Y102        RAMD32                                       r  u_top/u_core/u_b/u_b_core/core/core/l5/gk.frontend/fifo/g_wide_read.g_read_slice[93].mem_slice_reg_0_3_48_53/RAMC_D1/CLK
                         clock pessimism              0.223    10.717    
                         clock uncertainty           -0.069    10.648    
    SLICE_X88Y102        RAMD32 (Setup_ramd32_CLK_WE)
                                                     -0.431    10.217    u_top/u_core/u_b/u_b_core/core/core/l5/gk.frontend/fifo/g_wide_read.g_read_slice[93].mem_slice_reg_0_3_48_53/RAMC_D1
  -------------------------------------------------------------------
                         required time                         10.217    
                         arrival time                         -10.536    
  -------------------------------------------------------------------
                         slack                                 -0.319    

Slack (VIOLATED) :        -0.319ns  (required time - arrival time)
  Source:                 u_top/u_core/u_b/u_b_core/core/core/l5/mac/issue/out_phase_reg[1]_replica_1/C
                            (rising edge-triggered cell FDRE clocked by u_top_n_1646  {rise@0.000ns fall@2.500ns period=5.000ns})
  Destination:            u_top/u_core/u_b/u_b_core/core/core/l5/gk.frontend/fifo/g_wide_read.g_read_slice[93].mem_slice_reg_0_3_48_53/RAMD/WE
                            (rising edge-triggered cell RAMS32 clocked by u_top_n_1646  {rise@0.000ns fall@2.500ns period=5.000ns})
  Path Group:             u_top_n_1646
  Path Type:              Setup (Max at Slow Process Corner)
  Requirement:            5.000ns  (u_top_n_1646 rise@5.000ns - u_top_n_1646 rise@0.000ns)
  Data Path Delay:        4.711ns  (logic 0.589ns (12.503%)  route 4.122ns (87.497%))
  Logic Levels:           2  (LUT3=1 LUT6=1)
  Clock Path Skew:        -0.108ns (DCD - SCD + CPR)
    Destination Clock Delay (DCD):    5.494ns = ( 10.494 - 5.000 ) 
    Source Clock Delay      (SCD):    5.825ns
    Clock Pessimism Removal (CPR):    0.223ns
  Clock Uncertainty:      0.069ns  ((TSJ^2 + DJ^2)^1/2) / 2 + PE + UU
    Total System Jitter     (TSJ):    0.071ns
    Discrete Jitter          (DJ):    0.118ns
    Phase Error              (PE):    0.000ns
    User Uncertainty         (UU):    0.000ns

    Location             Delay type                Incr(ns)  Path(ns)    Netlist Resource(s)
  -------------------------------------------------------------------    -------------------
                         (clock u_top_n_1646 rise edge)
                                                      0.000     0.000 r  
    W19                                               0.000     0.000 r  sys_clk (IN)
                         net (fo=0)                   0.000     0.000    sys_clk
    W19                  IBUF (Prop_ibuf_I_O)         1.440     1.440 r  sys_clk_IBUF_inst/O
                         net (fo=1, routed)           1.065     2.505    u_top/sys_clk_IBUF
    MMCME2_ADV_X0Y2      MMCME2_ADV (Prop_mmcme2_adv_CLKIN1_CLKOUT0)
                                                      0.077     2.582 r  u_top/g_mmcm.u_mmcm/CLKOUT0
                         net (fo=1, routed)           1.559     4.141    u_top_n_1646
    BUFGCTRL_X0Y1        BUFG (Prop_bufg_I_O)         0.081     4.222 r  multiplier_s1_reg[29]_i_2_replica/O
                         net (fo=3, routed)           0.118     4.340    clk_200_repN
    BUFGCTRL_X0Y0        BUFG (Prop_bufg_I_O)         0.081     4.421 r  multiplier_s1_reg[29]_i_2/O
                         net (fo=62262, routed)       1.404     5.825    u_top/u_core/u_b/u_b_core/core/core/l5/mac/issue/clk_200
    SLICE_X65Y143        FDRE                                         r  u_top/u_core/u_b/u_b_core/core/core/l5/mac/issue/out_phase_reg[1]_replica_1/C
  -------------------------------------------------------------------    -------------------
    SLICE_X65Y143        FDRE (Prop_fdre_C_Q)         0.379     6.204 r  u_top/u_core/u_b/u_b_core/core/core/l5/mac/issue/out_phase_reg[1]_replica_1/Q
                         net (fo=195, routed)         1.081     7.285    u_top/u_core/u_b/u_b_core/core/core/l5/mac/issue/issue_phase[1]_repN_1
    SLICE_X52Y148        LUT6 (Prop_lut6_I1_O)        0.105     7.390 r  u_top/u_core/u_b/u_b_core/core/core/l5/mac/issue/wr_ptr[1]_i_2_rewire/O
                         net (fo=56, routed)          1.167     8.558    u_top/u_core/u_b/u_b_core/core/core/l5/gk.frontend/win/window_ready
    SLICE_X71Y137        LUT3 (Prop_lut3_I1_O)        0.105     8.663 r  u_top/u_core/u_b/u_b_core/core/core/l5/gk.frontend/win/g_wide_read.g_read_slice[84].mem_slice_reg_0_3_0_5_i_1/O
                         net (fo=1056, routed)        1.873    10.536    u_top/u_core/u_b/u_b_core/core/core/l5/gk.frontend/fifo/g_wide_read.g_read_slice[93].mem_slice_reg_0_3_48_53/WE
    SLICE_X88Y102        RAMS32                                       r  u_top/u_core/u_b/u_b_core/core/core/l5/gk.frontend/fifo/g_wide_read.g_read_slice[93].mem_slice_reg_0_3_48_53/RAMD/WE
  -------------------------------------------------------------------    -------------------

                         (clock u_top_n_1646 rise edge)
                                                      5.000     5.000 r  
    W19                                               0.000     5.000 r  sys_clk (IN)
                         net (fo=0)                   0.000     5.000    sys_clk
    W19                  IBUF (Prop_ibuf_I_O)         1.374     6.374 r  sys_clk_IBUF_inst/O
                         net (fo=1, routed)           1.004     7.378    u_top/sys_clk_IBUF
    MMCME2_ADV_X0Y2      MMCME2_ADV (Prop_mmcme2_adv_CLKIN1_CLKOUT0)
                                                      0.073     7.451 r  u_top/g_mmcm.u_mmcm/CLKOUT0
                         net (fo=1, routed)           1.488     8.938    u_top_n_1646
    BUFGCTRL_X0Y1        BUFG (Prop_bufg_I_O)         0.077     9.015 r  multiplier_s1_reg[29]_i_2_replica/O
                         net (fo=3, routed)           0.112     9.127    clk_200_repN
    BUFGCTRL_X0Y0        BUFG (Prop_bufg_I_O)         0.077     9.204 r  multiplier_s1_reg[29]_i_2/O
                         net (fo=62262, routed)       1.290    10.494    u_top/u_core/u_b/u_b_core/core/core/l5/gk.frontend/fifo/g_wide_read.g_read_slice[93].mem_slice_reg_0_3_48_53/WCLK
    SLICE_X88Y102        RAMS32                                       r  u_top/u_core/u_b/u_b_core/core/core/l5/gk.frontend/fifo/g_wide_read.g_read_slice[93].mem_slice_reg_0_3_48_53/RAMD/CLK
                         clock pessimism              0.223    10.717    
                         clock uncertainty           -0.069    10.648    
    SLICE_X88Y102        RAMS32 (Setup_rams32_CLK_WE)
                                                     -0.431    10.217    u_top/u_core/u_b/u_b_core/core/core/l5/gk.frontend/fifo/g_wide_read.g_read_slice[93].mem_slice_reg_0_3_48_53/RAMD
  -------------------------------------------------------------------
                         required time                         10.217    
                         arrival time                         -10.536    
  -------------------------------------------------------------------
                         slack                                 -0.319    

Slack (VIOLATED) :        -0.319ns  (required time - arrival time)
  Source:                 u_top/u_core/u_b/u_b_core/core/core/l5/mac/issue/out_phase_reg[1]_replica_1/C
                            (rising edge-triggered cell FDRE clocked by u_top_n_1646  {rise@0.000ns fall@2.500ns period=5.000ns})
  Destination:            u_top/u_core/u_b/u_b_core/core/core/l5/gk.frontend/fifo/g_wide_read.g_read_slice[93].mem_slice_reg_0_3_48_53/RAMD_D1/WE
                            (rising edge-triggered cell RAMS32 clocked by u_top_n_1646  {rise@0.000ns fall@2.500ns period=5.000ns})
  Path Group:             u_top_n_1646
  Path Type:              Setup (Max at Slow Process Corner)
  Requirement:            5.000ns  (u_top_n_1646 rise@5.000ns - u_top_n_1646 rise@0.000ns)
  Data Path Delay:        4.711ns  (logic 0.589ns (12.503%)  route 4.122ns (87.497%))
  Logic Levels:           2  (LUT3=1 LUT6=1)
  Clock Path Skew:        -0.108ns (DCD - SCD + CPR)
    Destination Clock Delay (DCD):    5.494ns = ( 10.494 - 5.000 ) 
    Source Clock Delay      (SCD):    5.825ns
    Clock Pessimism Removal (CPR):    0.223ns
  Clock Uncertainty:      0.069ns  ((TSJ^2 + DJ^2)^1/2) / 2 + PE + UU
    Total System Jitter     (TSJ):    0.071ns
    Discrete Jitter          (DJ):    0.118ns
    Phase Error              (PE):    0.000ns
    User Uncertainty         (UU):    0.000ns

    Location             Delay type                Incr(ns)  Path(ns)    Netlist Resource(s)
  -------------------------------------------------------------------    -------------------
                         (clock u_top_n_1646 rise edge)
                                                      0.000     0.000 r  
    W19                                               0.000     0.000 r  sys_clk (IN)
                         net (fo=0)                   0.000     0.000    sys_clk
    W19                  IBUF (Prop_ibuf_I_O)         1.440     1.440 r  sys_clk_IBUF_inst/O
                         net (fo=1, routed)           1.065     2.505    u_top/sys_clk_IBUF
    MMCME2_ADV_X0Y2      MMCME2_ADV (Prop_mmcme2_adv_CLKIN1_CLKOUT0)
                                                      0.077     2.582 r  u_top/g_mmcm.u_mmcm/CLKOUT0
                         net (fo=1, routed)           1.559     4.141    u_top_n_1646
    BUFGCTRL_X0Y1        BUFG (Prop_bufg_I_O)         0.081     4.222 r  multiplier_s1_reg[29]_i_2_replica/O
                         net (fo=3, routed)           0.118     4.340    clk_200_repN
    BUFGCTRL_X0Y0        BUFG (Prop_bufg_I_O)         0.081     4.421 r  multiplier_s1_reg[29]_i_2/O
                         net (fo=62262, routed)       1.404     5.825    u_top/u_core/u_b/u_b_core/core/core/l5/mac/issue/clk_200
    SLICE_X65Y143        FDRE                                         r  u_top/u_core/u_b/u_b_core/core/core/l5/mac/issue/out_phase_reg[1]_replica_1/C
  -------------------------------------------------------------------    -------------------
    SLICE_X65Y143        FDRE (Prop_fdre_C_Q)         0.379     6.204 r  u_top/u_core/u_b/u_b_core/core/core/l5/mac/issue/out_phase_reg[1]_replica_1/Q
                         net (fo=195, routed)         1.081     7.285    u_top/u_core/u_b/u_b_core/core/core/l5/mac/issue/issue_phase[1]_repN_1
    SLICE_X52Y148        LUT6 (Prop_lut6_I1_O)        0.105     7.390 r  u_top/u_core/u_b/u_b_core/core/core/l5/mac/issue/wr_ptr[1]_i_2_rewire/O
                         net (fo=56, routed)          1.167     8.558    u_top/u_core/u_b/u_b_core/core/core/l5/gk.frontend/win/window_ready
    SLICE_X71Y137        LUT3 (Prop_lut3_I1_O)        0.105     8.663 r  u_top/u_core/u_b/u_b_core/core/core/l5/gk.frontend/win/g_wide_read.g_read_slice[84].mem_slice_reg_0_3_0_5_i_1/O
                         net (fo=1056, routed)        1.873    10.536    u_top/u_core/u_b/u_b_core/core/core/l5/gk.frontend/fifo/g_wide_read.g_read_slice[93].mem_slice_reg_0_3_48_53/WE
    SLICE_X88Y102        RAMS32                                       r  u_top/u_core/u_b/u_b_core/core/core/l5/gk.frontend/fifo/g_wide_read.g_read_slice[93].mem_slice_reg_0_3_48_53/RAMD_D1/WE
  -------------------------------------------------------------------    -------------------

                         (clock u_top_n_1646 rise edge)
                                                      5.000     5.000 r  
    W19                                               0.000     5.000 r  sys_clk (IN)
                         net (fo=0)                   0.000     5.000    sys_clk
    W19                  IBUF (Prop_ibuf_I_O)         1.374     6.374 r  sys_clk_IBUF_inst/O
                         net (fo=1, routed)           1.004     7.378    u_top/sys_clk_IBUF
    MMCME2_ADV_X0Y2      MMCME2_ADV (Prop_mmcme2_adv_CLKIN1_CLKOUT0)
                                                      0.073     7.451 r  u_top/g_mmcm.u_mmcm/CLKOUT0
                         net (fo=1, routed)           1.488     8.938    u_top_n_1646
    BUFGCTRL_X0Y1        BUFG (Prop_bufg_I_O)         0.077     9.015 r  multiplier_s1_reg[29]_i_2_replica/O
                         net (fo=3, routed)           0.112     9.127    clk_200_repN
    BUFGCTRL_X0Y0        BUFG (Prop_bufg_I_O)         0.077     9.204 r  multiplier_s1_reg[29]_i_2/O
                         net (fo=62262, routed)       1.290    10.494    u_top/u_core/u_b/u_b_core/core/core/l5/gk.frontend/fifo/g_wide_read.g_read_slice[93].mem_slice_reg_0_3_48_53/WCLK
    SLICE_X88Y102        RAMS32                                       r  u_top/u_core/u_b/u_b_core/core/core/l5/gk.frontend/fifo/g_wide_read.g_read_slice[93].mem_slice_reg_0_3_48_53/RAMD_D1/CLK
                         clock pessimism              0.223    10.717    
                         clock uncertainty           -0.069    10.648    
    SLICE_X88Y102        RAMS32 (Setup_rams32_CLK_WE)
                                                     -0.431    10.217    u_top/u_core/u_b/u_b_core/core/core/l5/gk.frontend/fifo/g_wide_read.g_read_slice[93].mem_slice_reg_0_3_48_53/RAMD_D1
  -------------------------------------------------------------------
                         required time                         10.217    
                         arrival time                         -10.536    
  -------------------------------------------------------------------
                         slack                                 -0.319    

Slack (VIOLATED) :        -0.311ns  (required time - arrival time)
  Source:                 u_top/u_core/u_b/u_b_core/core/core/f45/g_narrow_read.rd_ptr_local_reg[2]/C
                            (rising edge-triggered cell FDRE clocked by u_top_n_1646  {rise@0.000ns fall@2.500ns period=5.000ns})
  Destination:            u_top/u_core/u_b/u_b_core/core/core/l5/gk.frontend/win/bank_gen[2].mem_reg_7/DIADI[2]
                            (rising edge-triggered cell RAMB18E1 clocked by u_top_n_1646  {rise@0.000ns fall@2.500ns period=5.000ns})
  Path Group:             u_top_n_1646
  Path Type:              Setup (Max at Slow Process Corner)
  Requirement:            5.000ns  (u_top_n_1646 rise@5.000ns - u_top_n_1646 rise@0.000ns)
  Data Path Delay:        4.975ns  (logic 0.788ns (15.839%)  route 4.187ns (84.161%))
  Logic Levels:           2  (LUT2=1 RAMD32=1)
  Clock Path Skew:        -0.053ns (DCD - SCD + CPR)
    Destination Clock Delay (DCD):    5.544ns = ( 10.544 - 5.000 ) 
    Source Clock Delay      (SCD):    5.820ns
    Clock Pessimism Removal (CPR):    0.223ns
  Clock Uncertainty:      0.069ns  ((TSJ^2 + DJ^2)^1/2) / 2 + PE + UU
    Total System Jitter     (TSJ):    0.071ns
    Discrete Jitter          (DJ):    0.118ns
    Phase Error              (PE):    0.000ns
    User Uncertainty         (UU):    0.000ns

    Location             Delay type                Incr(ns)  Path(ns)    Netlist Resource(s)
  -------------------------------------------------------------------    -------------------
                         (clock u_top_n_1646 rise edge)
                                                      0.000     0.000 r  
    W19                                               0.000     0.000 r  sys_clk (IN)
                         net (fo=0)                   0.000     0.000    sys_clk
    W19                  IBUF (Prop_ibuf_I_O)         1.440     1.440 r  sys_clk_IBUF_inst/O
                         net (fo=1, routed)           1.065     2.505    u_top/sys_clk_IBUF
    MMCME2_ADV_X0Y2      MMCME2_ADV (Prop_mmcme2_adv_CLKIN1_CLKOUT0)
                                                      0.077     2.582 r  u_top/g_mmcm.u_mmcm/CLKOUT0
                         net (fo=1, routed)           1.559     4.141    u_top_n_1646
    BUFGCTRL_X0Y1        BUFG (Prop_bufg_I_O)         0.081     4.222 r  multiplier_s1_reg[29]_i_2_replica/O
                         net (fo=3, routed)           0.118     4.340    clk_200_repN
    BUFGCTRL_X0Y0        BUFG (Prop_bufg_I_O)         0.081     4.421 r  multiplier_s1_reg[29]_i_2/O
                         net (fo=62262, routed)       1.399     5.820    u_top/u_core/u_b/u_b_core/core/core/f45/clk_200
    SLICE_X89Y100        FDRE                                         r  u_top/u_core/u_b/u_b_core/core/core/f45/g_narrow_read.rd_ptr_local_reg[2]/C
  -------------------------------------------------------------------    -------------------
    SLICE_X89Y100        FDRE (Prop_fdre_C_Q)         0.379     6.199 r  u_top/u_core/u_b/u_b_core/core/core/f45/g_narrow_read.rd_ptr_local_reg[2]/Q
                         net (fo=261, routed)         1.704     7.903    u_top/u_core/u_b/u_b_core/core/core/f45/g_narrow_read.mem_reg_0_31_252_255/ADDRB2
    SLICE_X60Y95         RAMD32 (Prop_ramd32_RADR2_O)
                                                      0.126     8.029 r  u_top/u_core/u_b/u_b_core/core/core/f45/g_narrow_read.mem_reg_0_31_252_255/RAMB/O
                         net (fo=1, routed)           1.112     9.141    u_top/u_core/u_b/u_b_core/core/core/f45/d45[254]
    SLICE_X73Y108        LUT2 (Prop_lut2_I0_O)        0.283     9.424 r  u_top/u_core/u_b/u_b_core/core/core/f45/bank_gen[3].mem_reg_7_i_2/O
                         net (fo=5, routed)           1.371    10.795    u_top/u_core/u_b/u_b_core/core/core/l5/gk.frontend/win/pixel_in[254]
    RAMB18_X2Y42         RAMB18E1                                     r  u_top/u_core/u_b/u_b_core/core/core/l5/gk.frontend/win/bank_gen[2].mem_reg_7/DIADI[2]
  -------------------------------------------------------------------    -------------------

                         (clock u_top_n_1646 rise edge)
                                                      5.000     5.000 r  
    W19                                               0.000     5.000 r  sys_clk (IN)
                         net (fo=0)                   0.000     5.000    sys_clk
    W19                  IBUF (Prop_ibuf_I_O)         1.374     6.374 r  sys_clk_IBUF_inst/O
                         net (fo=1, routed)           1.004     7.378    u_top/sys_clk_IBUF
    MMCME2_ADV_X0Y2      MMCME2_ADV (Prop_mmcme2_adv_CLKIN1_CLKOUT0)
                                                      0.073     7.451 r  u_top/g_mmcm.u_mmcm/CLKOUT0
                         net (fo=1, routed)           1.488     8.938    u_top_n_1646
    BUFGCTRL_X0Y1        BUFG (Prop_bufg_I_O)         0.077     9.015 r  multiplier_s1_reg[29]_i_2_replica/O
                         net (fo=3, routed)           0.112     9.127    clk_200_repN
    BUFGCTRL_X0Y0        BUFG (Prop_bufg_I_O)         0.077     9.204 r  multiplier_s1_reg[29]_i_2/O
                         net (fo=62262, routed)       1.339    10.544    u_top/u_core/u_b/u_b_core/core/core/l5/gk.frontend/win/clk_200
    RAMB18_X2Y42         RAMB18E1                                     r  u_top/u_core/u_b/u_b_core/core/core/l5/gk.frontend/win/bank_gen[2].mem_reg_7/CLKARDCLK
                         clock pessimism              0.223    10.767    
                         clock uncertainty           -0.069    10.698    
    RAMB18_X2Y42         RAMB18E1 (Setup_ramb18e1_CLKARDCLK_DIADI[2])
                                                     -0.214    10.484    u_top/u_core/u_b/u_b_core/core/core/l5/gk.frontend/win/bank_gen[2].mem_reg_7
  -------------------------------------------------------------------
                         required time                         10.484    
                         arrival time                         -10.795    
  -------------------------------------------------------------------
                         slack                                 -0.311    

Slack (VIOLATED) :        -0.307ns  (required time - arrival time)
  Source:                 u_top/u_core/u_b/u_b_core/core/core/l5/gk.frontend/pad/y_reg[3]/C
                            (rising edge-triggered cell FDRE clocked by u_top_n_1646  {rise@0.000ns fall@2.500ns period=5.000ns})
  Destination:            u_top/u_core/u_b/u_b_core/core/core/l5/gk.frontend/win/bank_gen[3].mem_reg_4/DIADI[31]
                            (rising edge-triggered cell RAMB36E1 clocked by u_top_n_1646  {rise@0.000ns fall@2.500ns period=5.000ns})
  Path Group:             u_top_n_1646
  Path Type:              Setup (Max at Slow Process Corner)
  Requirement:            5.000ns  (u_top_n_1646 rise@5.000ns - u_top_n_1646 rise@0.000ns)
  Data Path Delay:        4.830ns  (logic 0.694ns (14.369%)  route 4.136ns (85.631%))
  Logic Levels:           3  (LUT2=1 LUT5=1 LUT6=1)
  Clock Path Skew:        -0.195ns (DCD - SCD + CPR)
    Destination Clock Delay (DCD):    5.527ns = ( 10.527 - 5.000 ) 
    Source Clock Delay      (SCD):    5.944ns
    Clock Pessimism Removal (CPR):    0.223ns
  Clock Uncertainty:      0.069ns  ((TSJ^2 + DJ^2)^1/2) / 2 + PE + UU
    Total System Jitter     (TSJ):    0.071ns
    Discrete Jitter          (DJ):    0.118ns
    Phase Error              (PE):    0.000ns
    User Uncertainty         (UU):    0.000ns

    Location             Delay type                Incr(ns)  Path(ns)    Netlist Resource(s)
  -------------------------------------------------------------------    -------------------
                         (clock u_top_n_1646 rise edge)
                                                      0.000     0.000 r  
    W19                                               0.000     0.000 r  sys_clk (IN)
                         net (fo=0)                   0.000     0.000    sys_clk
    W19                  IBUF (Prop_ibuf_I_O)         1.440     1.440 r  sys_clk_IBUF_inst/O
                         net (fo=1, routed)           1.065     2.505    u_top/sys_clk_IBUF
    MMCME2_ADV_X0Y2      MMCME2_ADV (Prop_mmcme2_adv_CLKIN1_CLKOUT0)
                                                      0.077     2.582 r  u_top/g_mmcm.u_mmcm/CLKOUT0
                         net (fo=1, routed)           1.559     4.141    u_top_n_1646
    BUFGCTRL_X0Y1        BUFG (Prop_bufg_I_O)         0.081     4.222 r  multiplier_s1_reg[29]_i_2_replica/O
                         net (fo=3, routed)           0.118     4.340    clk_200_repN
    BUFGCTRL_X0Y0        BUFG (Prop_bufg_I_O)         0.081     4.421 r  multiplier_s1_reg[29]_i_2/O
                         net (fo=62262, routed)       1.523     5.944    u_top/u_core/u_b/u_b_core/core/core/l5/gk.frontend/pad/clk_200
    SLICE_X83Y91         FDRE                                         r  u_top/u_core/u_b/u_b_core/core/core/l5/gk.frontend/pad/y_reg[3]/C
  -------------------------------------------------------------------    -------------------
    SLICE_X83Y91         FDRE (Prop_fdre_C_Q)         0.379     6.323 r  u_top/u_core/u_b/u_b_core/core/core/l5/gk.frontend/pad/y_reg[3]/Q
                         net (fo=11, routed)          0.830     7.153    u_top/u_core/u_b/u_b_core/core/core/l5/gk.frontend/pad/y_reg[3]
    SLICE_X82Y94         LUT5 (Prop_lut5_I3_O)        0.105     7.258 f  u_top/u_core/u_b/u_b_core/core/core/l5/gk.frontend/pad/bank_gen[3].mem_reg_0_i_45_rewire/O
                         net (fo=9, routed)           0.634     7.891    u_top/u_core/u_b/u_b_core/core/core/l5/gk.frontend/pad/bank_gen[3].mem_reg_0_i_45_n_0
    SLICE_X83Y94         LUT6 (Prop_lut6_I5_O)        0.105     7.996 f  u_top/u_core/u_b/u_b_core/core/core/l5/gk.frontend/pad/bank_gen[3].mem_reg_1_i_37_rewire/O
                         net (fo=183, routed)         0.896     8.892    u_top/u_core/u_b/u_b_core/core/core/f45/pixel_d_reg[36]
    SLICE_X85Y96         LUT2 (Prop_lut2_I1_O)        0.105     8.997 r  u_top/u_core/u_b/u_b_core/core/core/f45/bank_gen[3].mem_reg_4_i_1/O
                         net (fo=5, routed)           1.777    10.774    u_top/u_core/u_b/u_b_core/core/core/l5/gk.frontend/win/pixel_in[175]
    RAMB36_X4Y29         RAMB36E1                                     r  u_top/u_core/u_b/u_b_core/core/core/l5/gk.frontend/win/bank_gen[3].mem_reg_4/DIADI[31]
  -------------------------------------------------------------------    -------------------

                         (clock u_top_n_1646 rise edge)
                                                      5.000     5.000 r  
    W19                                               0.000     5.000 r  sys_clk (IN)
                         net (fo=0)                   0.000     5.000    sys_clk
    W19                  IBUF (Prop_ibuf_I_O)         1.374     6.374 r  sys_clk_IBUF_inst/O
                         net (fo=1, routed)           1.004     7.378    u_top/sys_clk_IBUF
    MMCME2_ADV_X0Y2      MMCME2_ADV (Prop_mmcme2_adv_CLKIN1_CLKOUT0)
                                                      0.073     7.451 r  u_top/g_mmcm.u_mmcm/CLKOUT0
                         net (fo=1, routed)           1.488     8.938    u_top_n_1646
    BUFGCTRL_X0Y1        BUFG (Prop_bufg_I_O)         0.077     9.015 r  multiplier_s1_reg[29]_i_2_replica/O
                         net (fo=3, routed)           0.112     9.127    clk_200_repN
    BUFGCTRL_X0Y0        BUFG (Prop_bufg_I_O)         0.077     9.204 r  multiplier_s1_reg[29]_i_2/O
                         net (fo=62262, routed)       1.322    10.527    u_top/u_core/u_b/u_b_core/core/core/l5/gk.frontend/win/clk_200
    RAMB36_X4Y29         RAMB36E1                                     r  u_top/u_core/u_b/u_b_core/core/core/l5/gk.frontend/win/bank_gen[3].mem_reg_4/CLKARDCLK
                         clock pessimism              0.223    10.750    
                         clock uncertainty           -0.069    10.681    
    RAMB36_X4Y29         RAMB36E1 (Setup_ramb36e1_CLKARDCLK_DIADI[31])
                                                     -0.214    10.467    u_top/u_core/u_b/u_b_core/core/core/l5/gk.frontend/win/bank_gen[3].mem_reg_4
  -------------------------------------------------------------------
                         required time                         10.467    
                         arrival time                         -10.774    
  -------------------------------------------------------------------
                         slack                                 -0.307    

Slack (VIOLATED) :        -0.297ns  (required time - arrival time)
  Source:                 u_top/u_core/u_b/u_b_core/core/core/l5/gk.frontend/fifo/count_reg[2]_replica/C
                            (rising edge-triggered cell FDRE clocked by u_top_n_1646  {rise@0.000ns fall@2.500ns period=5.000ns})
  Destination:            u_top/u_core/u_b/u_b_core/core/core/l5/mac/issue/out_window_reg[6028]/CE
                            (rising edge-triggered cell FDRE clocked by u_top_n_1646  {rise@0.000ns fall@2.500ns period=5.000ns})
  Path Group:             u_top_n_1646
  Path Type:              Setup (Max at Slow Process Corner)
  Requirement:            5.000ns  (u_top_n_1646 rise@5.000ns - u_top_n_1646 rise@0.000ns)
  Data Path Delay:        4.981ns  (logic 0.589ns (11.826%)  route 4.392ns (88.174%))
  Logic Levels:           2  (LUT3=1 LUT6=1)
  Clock Path Skew:        -0.112ns (DCD - SCD + CPR)
    Destination Clock Delay (DCD):    5.497ns = ( 10.497 - 5.000 ) 
    Source Clock Delay      (SCD):    5.832ns
    Clock Pessimism Removal (CPR):    0.223ns
  Clock Uncertainty:      0.069ns  ((TSJ^2 + DJ^2)^1/2) / 2 + PE + UU
    Total System Jitter     (TSJ):    0.071ns
    Discrete Jitter          (DJ):    0.118ns
    Phase Error              (PE):    0.000ns
    User Uncertainty         (UU):    0.000ns

    Location             Delay type                Incr(ns)  Path(ns)    Netlist Resource(s)
  -------------------------------------------------------------------    -------------------
                         (clock u_top_n_1646 rise edge)
                                                      0.000     0.000 r  
    W19                                               0.000     0.000 r  sys_clk (IN)
                         net (fo=0)                   0.000     0.000    sys_clk
    W19                  IBUF (Prop_ibuf_I_O)         1.440     1.440 r  sys_clk_IBUF_inst/O
                         net (fo=1, routed)           1.065     2.505    u_top/sys_clk_IBUF
    MMCME2_ADV_X0Y2      MMCME2_ADV (Prop_mmcme2_adv_CLKIN1_CLKOUT0)
                                                      0.077     2.582 r  u_top/g_mmcm.u_mmcm/CLKOUT0
                         net (fo=1, routed)           1.559     4.141    u_top_n_1646
    BUFGCTRL_X0Y1        BUFG (Prop_bufg_I_O)         0.081     4.222 r  multiplier_s1_reg[29]_i_2_replica/O
                         net (fo=3, routed)           0.118     4.340    clk_200_repN
    BUFGCTRL_X0Y0        BUFG (Prop_bufg_I_O)         0.081     4.421 r  multiplier_s1_reg[29]_i_2/O
                         net (fo=62262, routed)       1.411     5.832    u_top/u_core/u_b/u_b_core/core/core/l5/gk.frontend/fifo/clk_200
    SLICE_X55Y104        FDRE                                         r  u_top/u_core/u_b/u_b_core/core/core/l5/gk.frontend/fifo/count_reg[2]_replica/C
  -------------------------------------------------------------------    -------------------
    SLICE_X55Y104        FDRE (Prop_fdre_C_Q)         0.379     6.211 r  u_top/u_core/u_b/u_b_core/core/core/l5/gk.frontend/fifo/count_reg[2]_replica/Q
                         net (fo=11, routed)          1.172     7.383    u_top/u_core/u_b/u_b_core/core/core/l5/gk.frontend/fifo/count_reg[2]_0[0]_repN
    SLICE_X48Y127        LUT3 (Prop_lut3_I0_O)        0.105     7.488 r  u_top/u_core/u_b/u_b_core/core/core/l5/gk.frontend/fifo/out_phase[0]_i_3/O
                         net (fo=22, routed)          0.717     8.206    u_top/u_core/u_b/u_b_core/core/core/l5/mac/issue/window_valid
    SLICE_X49Y140        LUT6 (Prop_lut6_I2_O)        0.105     8.311 r  u_top/u_core/u_b/u_b_core/core/core/l5/mac/issue/out_window[6399]_i_1/O
                         net (fo=6400, routed)        2.502    10.812    u_top/u_core/u_b/u_b_core/core/core/l5/mac/issue/out_window[6399]_i_1_n_0
    SLICE_X90Y103        FDRE                                         r  u_top/u_core/u_b/u_b_core/core/core/l5/mac/issue/out_window_reg[6028]/CE
  -------------------------------------------------------------------    -------------------

                         (clock u_top_n_1646 rise edge)
                                                      5.000     5.000 r  
    W19                                               0.000     5.000 r  sys_clk (IN)
                         net (fo=0)                   0.000     5.000    sys_clk
    W19                  IBUF (Prop_ibuf_I_O)         1.374     6.374 r  sys_clk_IBUF_inst/O
                         net (fo=1, routed)           1.004     7.378    u_top/sys_clk_IBUF
    MMCME2_ADV_X0Y2      MMCME2_ADV (Prop_mmcme2_adv_CLKIN1_CLKOUT0)
                                                      0.073     7.451 r  u_top/g_mmcm.u_mmcm/CLKOUT0
                         net (fo=1, routed)           1.488     8.938    u_top_n_1646
    BUFGCTRL_X0Y1        BUFG (Prop_bufg_I_O)         0.077     9.015 r  multiplier_s1_reg[29]_i_2_replica/O
                         net (fo=3, routed)           0.112     9.127    clk_200_repN
    BUFGCTRL_X0Y0        BUFG (Prop_bufg_I_O)         0.077     9.204 r  multiplier_s1_reg[29]_i_2/O
                         net (fo=62262, routed)       1.293    10.497    u_top/u_core/u_b/u_b_core/core/core/l5/mac/issue/clk_200
    SLICE_X90Y103        FDRE                                         r  u_top/u_core/u_b/u_b_core/core/core/l5/mac/issue/out_window_reg[6028]/C
                         clock pessimism              0.223    10.720    
                         clock uncertainty           -0.069    10.651    
    SLICE_X90Y103        FDRE (Setup_fdre_C_CE)      -0.136    10.515    u_top/u_core/u_b/u_b_core/core/core/l5/mac/issue/out_window_reg[6028]
  -------------------------------------------------------------------
                         required time                         10.515    
                         arrival time                         -10.812    
  -------------------------------------------------------------------
                         slack                                 -0.297    

Slack (VIOLATED) :        -0.297ns  (required time - arrival time)
  Source:                 u_top/u_core/u_b/u_b_core/core/core/l5/gk.frontend/fifo/count_reg[2]_replica/C
                            (rising edge-triggered cell FDRE clocked by u_top_n_1646  {rise@0.000ns fall@2.500ns period=5.000ns})
  Destination:            u_top/u_core/u_b/u_b_core/core/core/l5/mac/issue/out_window_reg[6029]/CE
                            (rising edge-triggered cell FDRE clocked by u_top_n_1646  {rise@0.000ns fall@2.500ns period=5.000ns})
  Path Group:             u_top_n_1646
  Path Type:              Setup (Max at Slow Process Corner)
  Requirement:            5.000ns  (u_top_n_1646 rise@5.000ns - u_top_n_1646 rise@0.000ns)
  Data Path Delay:        4.981ns  (logic 0.589ns (11.826%)  route 4.392ns (88.174%))
  Logic Levels:           2  (LUT3=1 LUT6=1)
  Clock Path Skew:        -0.112ns (DCD - SCD + CPR)
    Destination Clock Delay (DCD):    5.497ns = ( 10.497 - 5.000 ) 
    Source Clock Delay      (SCD):    5.832ns
    Clock Pessimism Removal (CPR):    0.223ns
  Clock Uncertainty:      0.069ns  ((TSJ^2 + DJ^2)^1/2) / 2 + PE + UU
    Total System Jitter     (TSJ):    0.071ns
    Discrete Jitter          (DJ):    0.118ns
    Phase Error              (PE):    0.000ns
    User Uncertainty         (UU):    0.000ns

    Location             Delay type                Incr(ns)  Path(ns)    Netlist Resource(s)
  -------------------------------------------------------------------    -------------------
                         (clock u_top_n_1646 rise edge)
                                                      0.000     0.000 r  
    W19                                               0.000     0.000 r  sys_clk (IN)
                         net (fo=0)                   0.000     0.000    sys_clk
    W19                  IBUF (Prop_ibuf_I_O)         1.440     1.440 r  sys_clk_IBUF_inst/O
                         net (fo=1, routed)           1.065     2.505    u_top/sys_clk_IBUF
    MMCME2_ADV_X0Y2      MMCME2_ADV (Prop_mmcme2_adv_CLKIN1_CLKOUT0)
                                                      0.077     2.582 r  u_top/g_mmcm.u_mmcm/CLKOUT0
                         net (fo=1, routed)           1.559     4.141    u_top_n_1646
    BUFGCTRL_X0Y1        BUFG (Prop_bufg_I_O)         0.081     4.222 r  multiplier_s1_reg[29]_i_2_replica/O
                         net (fo=3, routed)           0.118     4.340    clk_200_repN
    BUFGCTRL_X0Y0        BUFG (Prop_bufg_I_O)         0.081     4.421 r  multiplier_s1_reg[29]_i_2/O
                         net (fo=62262, routed)       1.411     5.832    u_top/u_core/u_b/u_b_core/core/core/l5/gk.frontend/fifo/clk_200
    SLICE_X55Y104        FDRE                                         r  u_top/u_core/u_b/u_b_core/core/core/l5/gk.frontend/fifo/count_reg[2]_replica/C
  -------------------------------------------------------------------    -------------------
    SLICE_X55Y104        FDRE (Prop_fdre_C_Q)         0.379     6.211 r  u_top/u_core/u_b/u_b_core/core/core/l5/gk.frontend/fifo/count_reg[2]_replica/Q
                         net (fo=11, routed)          1.172     7.383    u_top/u_core/u_b/u_b_core/core/core/l5/gk.frontend/fifo/count_reg[2]_0[0]_repN
    SLICE_X48Y127        LUT3 (Prop_lut3_I0_O)        0.105     7.488 r  u_top/u_core/u_b/u_b_core/core/core/l5/gk.frontend/fifo/out_phase[0]_i_3/O
                         net (fo=22, routed)          0.717     8.206    u_top/u_core/u_b/u_b_core/core/core/l5/mac/issue/window_valid
    SLICE_X49Y140        LUT6 (Prop_lut6_I2_O)        0.105     8.311 r  u_top/u_core/u_b/u_b_core/core/core/l5/mac/issue/out_window[6399]_i_1/O
                         net (fo=6400, routed)        2.502    10.812    u_top/u_core/u_b/u_b_core/core/core/l5/mac/issue/out_window[6399]_i_1_n_0
    SLICE_X90Y103        FDRE                                         r  u_top/u_core/u_b/u_b_core/core/core/l5/mac/issue/out_window_reg[6029]/CE
  -------------------------------------------------------------------    -------------------

                         (clock u_top_n_1646 rise edge)
                                                      5.000     5.000 r  
    W19                                               0.000     5.000 r  sys_clk (IN)
                         net (fo=0)                   0.000     5.000    sys_clk
    W19                  IBUF (Prop_ibuf_I_O)         1.374     6.374 r  sys_clk_IBUF_inst/O
                         net (fo=1, routed)           1.004     7.378    u_top/sys_clk_IBUF
    MMCME2_ADV_X0Y2      MMCME2_ADV (Prop_mmcme2_adv_CLKIN1_CLKOUT0)
                                                      0.073     7.451 r  u_top/g_mmcm.u_mmcm/CLKOUT0
                         net (fo=1, routed)           1.488     8.938    u_top_n_1646
    BUFGCTRL_X0Y1        BUFG (Prop_bufg_I_O)         0.077     9.015 r  multiplier_s1_reg[29]_i_2_replica/O
                         net (fo=3, routed)           0.112     9.127    clk_200_repN
    BUFGCTRL_X0Y0        BUFG (Prop_bufg_I_O)         0.077     9.204 r  multiplier_s1_reg[29]_i_2/O
                         net (fo=62262, routed)       1.293    10.497    u_top/u_core/u_b/u_b_core/core/core/l5/mac/issue/clk_200
    SLICE_X90Y103        FDRE                                         r  u_top/u_core/u_b/u_b_core/core/core/l5/mac/issue/out_window_reg[6029]/C
                         clock pessimism              0.223    10.720    
                         clock uncertainty           -0.069    10.651    
    SLICE_X90Y103        FDRE (Setup_fdre_C_CE)      -0.136    10.515    u_top/u_core/u_b/u_b_core/core/core/l5/mac/issue/out_window_reg[6029]
  -------------------------------------------------------------------
                         required time                         10.515    
                         arrival time                         -10.812    
  -------------------------------------------------------------------
                         slack                                 -0.297    

Slack (VIOLATED) :        -0.297ns  (required time - arrival time)
  Source:                 u_top/u_core/u_b/u_b_core/core/core/l5/gk.frontend/fifo/count_reg[2]_replica/C
                            (rising edge-triggered cell FDRE clocked by u_top_n_1646  {rise@0.000ns fall@2.500ns period=5.000ns})
  Destination:            u_top/u_core/u_b/u_b_core/core/core/l5/mac/issue/out_window_reg[6030]/CE
                            (rising edge-triggered cell FDRE clocked by u_top_n_1646  {rise@0.000ns fall@2.500ns period=5.000ns})
  Path Group:             u_top_n_1646
  Path Type:              Setup (Max at Slow Process Corner)
  Requirement:            5.000ns  (u_top_n_1646 rise@5.000ns - u_top_n_1646 rise@0.000ns)
  Data Path Delay:        4.981ns  (logic 0.589ns (11.826%)  route 4.392ns (88.174%))
  Logic Levels:           2  (LUT3=1 LUT6=1)
  Clock Path Skew:        -0.112ns (DCD - SCD + CPR)
    Destination Clock Delay (DCD):    5.497ns = ( 10.497 - 5.000 ) 
    Source Clock Delay      (SCD):    5.832ns
    Clock Pessimism Removal (CPR):    0.223ns
  Clock Uncertainty:      0.069ns  ((TSJ^2 + DJ^2)^1/2) / 2 + PE + UU
    Total System Jitter     (TSJ):    0.071ns
    Discrete Jitter          (DJ):    0.118ns
    Phase Error              (PE):    0.000ns
    User Uncertainty         (UU):    0.000ns

    Location             Delay type                Incr(ns)  Path(ns)    Netlist Resource(s)
  -------------------------------------------------------------------    -------------------
                         (clock u_top_n_1646 rise edge)
                                                      0.000     0.000 r  
    W19                                               0.000     0.000 r  sys_clk (IN)
                         net (fo=0)                   0.000     0.000    sys_clk
    W19                  IBUF (Prop_ibuf_I_O)         1.440     1.440 r  sys_clk_IBUF_inst/O
                         net (fo=1, routed)           1.065     2.505    u_top/sys_clk_IBUF
    MMCME2_ADV_X0Y2      MMCME2_ADV (Prop_mmcme2_adv_CLKIN1_CLKOUT0)
                                                      0.077     2.582 r  u_top/g_mmcm.u_mmcm/CLKOUT0
                         net (fo=1, routed)           1.559     4.141    u_top_n_1646
    BUFGCTRL_X0Y1        BUFG (Prop_bufg_I_O)         0.081     4.222 r  multiplier_s1_reg[29]_i_2_replica/O
                         net (fo=3, routed)           0.118     4.340    clk_200_repN
    BUFGCTRL_X0Y0        BUFG (Prop_bufg_I_O)         0.081     4.421 r  multiplier_s1_reg[29]_i_2/O
                         net (fo=62262, routed)       1.411     5.832    u_top/u_core/u_b/u_b_core/core/core/l5/gk.frontend/fifo/clk_200
    SLICE_X55Y104        FDRE                                         r  u_top/u_core/u_b/u_b_core/core/core/l5/gk.frontend/fifo/count_reg[2]_replica/C
  -------------------------------------------------------------------    -------------------
    SLICE_X55Y104        FDRE (Prop_fdre_C_Q)         0.379     6.211 r  u_top/u_core/u_b/u_b_core/core/core/l5/gk.frontend/fifo/count_reg[2]_replica/Q
                         net (fo=11, routed)          1.172     7.383    u_top/u_core/u_b/u_b_core/core/core/l5/gk.frontend/fifo/count_reg[2]_0[0]_repN
    SLICE_X48Y127        LUT3 (Prop_lut3_I0_O)        0.105     7.488 r  u_top/u_core/u_b/u_b_core/core/core/l5/gk.frontend/fifo/out_phase[0]_i_3/O
                         net (fo=22, routed)          0.717     8.206    u_top/u_core/u_b/u_b_core/core/core/l5/mac/issue/window_valid
    SLICE_X49Y140        LUT6 (Prop_lut6_I2_O)        0.105     8.311 r  u_top/u_core/u_b/u_b_core/core/core/l5/mac/issue/out_window[6399]_i_1/O
                         net (fo=6400, routed)        2.502    10.812    u_top/u_core/u_b/u_b_core/core/core/l5/mac/issue/out_window[6399]_i_1_n_0
    SLICE_X90Y103        FDRE                                         r  u_top/u_core/u_b/u_b_core/core/core/l5/mac/issue/out_window_reg[6030]/CE
  -------------------------------------------------------------------    -------------------

                         (clock u_top_n_1646 rise edge)
                                                      5.000     5.000 r  
    W19                                               0.000     5.000 r  sys_clk (IN)
                         net (fo=0)                   0.000     5.000    sys_clk
    W19                  IBUF (Prop_ibuf_I_O)         1.374     6.374 r  sys_clk_IBUF_inst/O
                         net (fo=1, routed)           1.004     7.378    u_top/sys_clk_IBUF
    MMCME2_ADV_X0Y2      MMCME2_ADV (Prop_mmcme2_adv_CLKIN1_CLKOUT0)
                                                      0.073     7.451 r  u_top/g_mmcm.u_mmcm/CLKOUT0
                         net (fo=1, routed)           1.488     8.938    u_top_n_1646
    BUFGCTRL_X0Y1        BUFG (Prop_bufg_I_O)         0.077     9.015 r  multiplier_s1_reg[29]_i_2_replica/O
                         net (fo=3, routed)           0.112     9.127    clk_200_repN
    BUFGCTRL_X0Y0        BUFG (Prop_bufg_I_O)         0.077     9.204 r  multiplier_s1_reg[29]_i_2/O
                         net (fo=62262, routed)       1.293    10.497    u_top/u_core/u_b/u_b_core/core/core/l5/mac/issue/clk_200
    SLICE_X90Y103        FDRE                                         r  u_top/u_core/u_b/u_b_core/core/core/l5/mac/issue/out_window_reg[6030]/C
                         clock pessimism              0.223    10.720    
                         clock uncertainty           -0.069    10.651    
    SLICE_X90Y103        FDRE (Setup_fdre_C_CE)      -0.136    10.515    u_top/u_core/u_b/u_b_core/core/core/l5/mac/issue/out_window_reg[6030]
  -------------------------------------------------------------------
                         required time                         10.515    
                         arrival time                         -10.812    
  -------------------------------------------------------------------
                         slack                                 -0.297    

Slack (VIOLATED) :        -0.297ns  (required time - arrival time)
  Source:                 u_top/u_core/u_b/u_b_core/core/core/l5/gk.frontend/fifo/count_reg[2]_replica/C
                            (rising edge-triggered cell FDRE clocked by u_top_n_1646  {rise@0.000ns fall@2.500ns period=5.000ns})
  Destination:            u_top/u_core/u_b/u_b_core/core/core/l5/mac/issue/out_window_reg[6031]/CE
                            (rising edge-triggered cell FDRE clocked by u_top_n_1646  {rise@0.000ns fall@2.500ns period=5.000ns})
  Path Group:             u_top_n_1646
  Path Type:              Setup (Max at Slow Process Corner)
  Requirement:            5.000ns  (u_top_n_1646 rise@5.000ns - u_top_n_1646 rise@0.000ns)
  Data Path Delay:        4.981ns  (logic 0.589ns (11.826%)  route 4.392ns (88.174%))
  Logic Levels:           2  (LUT3=1 LUT6=1)
  Clock Path Skew:        -0.112ns (DCD - SCD + CPR)
    Destination Clock Delay (DCD):    5.497ns = ( 10.497 - 5.000 ) 
    Source Clock Delay      (SCD):    5.832ns
    Clock Pessimism Removal (CPR):    0.223ns
  Clock Uncertainty:      0.069ns  ((TSJ^2 + DJ^2)^1/2) / 2 + PE + UU
    Total System Jitter     (TSJ):    0.071ns
    Discrete Jitter          (DJ):    0.118ns
    Phase Error              (PE):    0.000ns
    User Uncertainty         (UU):    0.000ns

    Location             Delay type                Incr(ns)  Path(ns)    Netlist Resource(s)
  -------------------------------------------------------------------    -------------------
                         (clock u_top_n_1646 rise edge)
                                                      0.000     0.000 r  
    W19                                               0.000     0.000 r  sys_clk (IN)
                         net (fo=0)                   0.000     0.000    sys_clk
    W19                  IBUF (Prop_ibuf_I_O)         1.440     1.440 r  sys_clk_IBUF_inst/O
                         net (fo=1, routed)           1.065     2.505    u_top/sys_clk_IBUF
    MMCME2_ADV_X0Y2      MMCME2_ADV (Prop_mmcme2_adv_CLKIN1_CLKOUT0)
                                                      0.077     2.582 r  u_top/g_mmcm.u_mmcm/CLKOUT0
                         net (fo=1, routed)           1.559     4.141    u_top_n_1646
    BUFGCTRL_X0Y1        BUFG (Prop_bufg_I_O)         0.081     4.222 r  multiplier_s1_reg[29]_i_2_replica/O
                         net (fo=3, routed)           0.118     4.340    clk_200_repN
    BUFGCTRL_X0Y0        BUFG (Prop_bufg_I_O)         0.081     4.421 r  multiplier_s1_reg[29]_i_2/O
                         net (fo=62262, routed)       1.411     5.832    u_top/u_core/u_b/u_b_core/core/core/l5/gk.frontend/fifo/clk_200
    SLICE_X55Y104        FDRE                                         r  u_top/u_core/u_b/u_b_core/core/core/l5/gk.frontend/fifo/count_reg[2]_replica/C
  -------------------------------------------------------------------    -------------------
    SLICE_X55Y104        FDRE (Prop_fdre_C_Q)         0.379     6.211 r  u_top/u_core/u_b/u_b_core/core/core/l5/gk.frontend/fifo/count_reg[2]_replica/Q
                         net (fo=11, routed)          1.172     7.383    u_top/u_core/u_b/u_b_core/core/core/l5/gk.frontend/fifo/count_reg[2]_0[0]_repN
    SLICE_X48Y127        LUT3 (Prop_lut3_I0_O)        0.105     7.488 r  u_top/u_core/u_b/u_b_core/core/core/l5/gk.frontend/fifo/out_phase[0]_i_3/O
                         net (fo=22, routed)          0.717     8.206    u_top/u_core/u_b/u_b_core/core/core/l5/mac/issue/window_valid
    SLICE_X49Y140        LUT6 (Prop_lut6_I2_O)        0.105     8.311 r  u_top/u_core/u_b/u_b_core/core/core/l5/mac/issue/out_window[6399]_i_1/O
                         net (fo=6400, routed)        2.502    10.812    u_top/u_core/u_b/u_b_core/core/core/l5/mac/issue/out_window[6399]_i_1_n_0
    SLICE_X90Y103        FDRE                                         r  u_top/u_core/u_b/u_b_core/core/core/l5/mac/issue/out_window_reg[6031]/CE
  -------------------------------------------------------------------    -------------------

                         (clock u_top_n_1646 rise edge)
                                                      5.000     5.000 r  
    W19                                               0.000     5.000 r  sys_clk (IN)
                         net (fo=0)                   0.000     5.000    sys_clk
    W19                  IBUF (Prop_ibuf_I_O)         1.374     6.374 r  sys_clk_IBUF_inst/O
                         net (fo=1, routed)           1.004     7.378    u_top/sys_clk_IBUF
    MMCME2_ADV_X0Y2      MMCME2_ADV (Prop_mmcme2_adv_CLKIN1_CLKOUT0)
                                                      0.073     7.451 r  u_top/g_mmcm.u_mmcm/CLKOUT0
                         net (fo=1, routed)           1.488     8.938    u_top_n_1646
    BUFGCTRL_X0Y1        BUFG (Prop_bufg_I_O)         0.077     9.015 r  multiplier_s1_reg[29]_i_2_replica/O
                         net (fo=3, routed)           0.112     9.127    clk_200_repN
    BUFGCTRL_X0Y0        BUFG (Prop_bufg_I_O)         0.077     9.204 r  multiplier_s1_reg[29]_i_2/O
                         net (fo=62262, routed)       1.293    10.497    u_top/u_core/u_b/u_b_core/core/core/l5/mac/issue/clk_200
    SLICE_X90Y103        FDRE                                         r  u_top/u_core/u_b/u_b_core/core/core/l5/mac/issue/out_window_reg[6031]/C
                         clock pessimism              0.223    10.720    
                         clock uncertainty           -0.069    10.651    
    SLICE_X90Y103        FDRE (Setup_fdre_C_CE)      -0.136    10.515    u_top/u_core/u_b/u_b_core/core/core/l5/mac/issue/out_window_reg[6031]
  -------------------------------------------------------------------
                         required time                         10.515    
                         arrival time                         -10.812    
  -------------------------------------------------------------------
                         slack                                 -0.297    

Slack (VIOLATED) :        -0.297ns  (required time - arrival time)
  Source:                 u_top/u_core/u_b/u_b_core/core/core/l5/gk.frontend/fifo/count_reg[2]_replica/C
                            (rising edge-triggered cell FDRE clocked by u_top_n_1646  {rise@0.000ns fall@2.500ns period=5.000ns})
  Destination:            u_top/u_core/u_b/u_b_core/core/core/l5/mac/issue/out_window_reg[6032]/CE
                            (rising edge-triggered cell FDRE clocked by u_top_n_1646  {rise@0.000ns fall@2.500ns period=5.000ns})
  Path Group:             u_top_n_1646
  Path Type:              Setup (Max at Slow Process Corner)
  Requirement:            5.000ns  (u_top_n_1646 rise@5.000ns - u_top_n_1646 rise@0.000ns)
  Data Path Delay:        4.981ns  (logic 0.589ns (11.826%)  route 4.392ns (88.174%))
  Logic Levels:           2  (LUT3=1 LUT6=1)
  Clock Path Skew:        -0.112ns (DCD - SCD + CPR)
    Destination Clock Delay (DCD):    5.497ns = ( 10.497 - 5.000 ) 
    Source Clock Delay      (SCD):    5.832ns
    Clock Pessimism Removal (CPR):    0.223ns
  Clock Uncertainty:      0.069ns  ((TSJ^2 + DJ^2)^1/2) / 2 + PE + UU
    Total System Jitter     (TSJ):    0.071ns
    Discrete Jitter          (DJ):    0.118ns
    Phase Error              (PE):    0.000ns
    User Uncertainty         (UU):    0.000ns

    Location             Delay type                Incr(ns)  Path(ns)    Netlist Resource(s)
  -------------------------------------------------------------------    -------------------
                         (clock u_top_n_1646 rise edge)
                                                      0.000     0.000 r  
    W19                                               0.000     0.000 r  sys_clk (IN)
                         net (fo=0)                   0.000     0.000    sys_clk
    W19                  IBUF (Prop_ibuf_I_O)         1.440     1.440 r  sys_clk_IBUF_inst/O
                         net (fo=1, routed)           1.065     2.505    u_top/sys_clk_IBUF
    MMCME2_ADV_X0Y2      MMCME2_ADV (Prop_mmcme2_adv_CLKIN1_CLKOUT0)
                                                      0.077     2.582 r  u_top/g_mmcm.u_mmcm/CLKOUT0
                         net (fo=1, routed)           1.559     4.141    u_top_n_1646
    BUFGCTRL_X0Y1        BUFG (Prop_bufg_I_O)         0.081     4.222 r  multiplier_s1_reg[29]_i_2_replica/O
                         net (fo=3, routed)           0.118     4.340    clk_200_repN
    BUFGCTRL_X0Y0        BUFG (Prop_bufg_I_O)         0.081     4.421 r  multiplier_s1_reg[29]_i_2/O
                         net (fo=62262, routed)       1.411     5.832    u_top/u_core/u_b/u_b_core/core/core/l5/gk.frontend/fifo/clk_200
    SLICE_X55Y104        FDRE                                         r  u_top/u_core/u_b/u_b_core/core/core/l5/gk.frontend/fifo/count_reg[2]_replica/C
  -------------------------------------------------------------------    -------------------
    SLICE_X55Y104        FDRE (Prop_fdre_C_Q)         0.379     6.211 r  u_top/u_core/u_b/u_b_core/core/core/l5/gk.frontend/fifo/count_reg[2]_replica/Q
                         net (fo=11, routed)          1.172     7.383    u_top/u_core/u_b/u_b_core/core/core/l5/gk.frontend/fifo/count_reg[2]_0[0]_repN
    SLICE_X48Y127        LUT3 (Prop_lut3_I0_O)        0.105     7.488 r  u_top/u_core/u_b/u_b_core/core/core/l5/gk.frontend/fifo/out_phase[0]_i_3/O
                         net (fo=22, routed)          0.717     8.206    u_top/u_core/u_b/u_b_core/core/core/l5/mac/issue/window_valid
    SLICE_X49Y140        LUT6 (Prop_lut6_I2_O)        0.105     8.311 r  u_top/u_core/u_b/u_b_core/core/core/l5/mac/issue/out_window[6399]_i_1/O
                         net (fo=6400, routed)        2.502    10.812    u_top/u_core/u_b/u_b_core/core/core/l5/mac/issue/out_window[6399]_i_1_n_0
    SLICE_X90Y103        FDRE                                         r  u_top/u_core/u_b/u_b_core/core/core/l5/mac/issue/out_window_reg[6032]/CE
  -------------------------------------------------------------------    -------------------

                         (clock u_top_n_1646 rise edge)
                                                      5.000     5.000 r  
    W19                                               0.000     5.000 r  sys_clk (IN)
                         net (fo=0)                   0.000     5.000    sys_clk
    W19                  IBUF (Prop_ibuf_I_O)         1.374     6.374 r  sys_clk_IBUF_inst/O
                         net (fo=1, routed)           1.004     7.378    u_top/sys_clk_IBUF
    MMCME2_ADV_X0Y2      MMCME2_ADV (Prop_mmcme2_adv_CLKIN1_CLKOUT0)
                                                      0.073     7.451 r  u_top/g_mmcm.u_mmcm/CLKOUT0
                         net (fo=1, routed)           1.488     8.938    u_top_n_1646
    BUFGCTRL_X0Y1        BUFG (Prop_bufg_I_O)         0.077     9.015 r  multiplier_s1_reg[29]_i_2_replica/O
                         net (fo=3, routed)           0.112     9.127    clk_200_repN
    BUFGCTRL_X0Y0        BUFG (Prop_bufg_I_O)         0.077     9.204 r  multiplier_s1_reg[29]_i_2/O
                         net (fo=62262, routed)       1.293    10.497    u_top/u_core/u_b/u_b_core/core/core/l5/mac/issue/clk_200
    SLICE_X90Y103        FDRE                                         r  u_top/u_core/u_b/u_b_core/core/core/l5/mac/issue/out_window_reg[6032]/C
                         clock pessimism              0.223    10.720    
                         clock uncertainty           -0.069    10.651    
    SLICE_X90Y103        FDRE (Setup_fdre_C_CE)      -0.136    10.515    u_top/u_core/u_b/u_b_core/core/core/l5/mac/issue/out_window_reg[6032]
  -------------------------------------------------------------------
                         required time                         10.515    
                         arrival time                         -10.812    
  -------------------------------------------------------------------
                         slack                                 -0.297    

Slack (VIOLATED) :        -0.297ns  (required time - arrival time)
  Source:                 u_top/u_core/u_b/u_b_core/core/core/l5/gk.frontend/fifo/count_reg[2]_replica/C
                            (rising edge-triggered cell FDRE clocked by u_top_n_1646  {rise@0.000ns fall@2.500ns period=5.000ns})
  Destination:            u_top/u_core/u_b/u_b_core/core/core/l5/mac/issue/out_window_reg[6033]/CE
                            (rising edge-triggered cell FDRE clocked by u_top_n_1646  {rise@0.000ns fall@2.500ns period=5.000ns})
  Path Group:             u_top_n_1646
  Path Type:              Setup (Max at Slow Process Corner)
  Requirement:            5.000ns  (u_top_n_1646 rise@5.000ns - u_top_n_1646 rise@0.000ns)
  Data Path Delay:        4.981ns  (logic 0.589ns (11.826%)  route 4.392ns (88.174%))
  Logic Levels:           2  (LUT3=1 LUT6=1)
  Clock Path Skew:        -0.112ns (DCD - SCD + CPR)
    Destination Clock Delay (DCD):    5.497ns = ( 10.497 - 5.000 ) 
    Source Clock Delay      (SCD):    5.832ns
    Clock Pessimism Removal (CPR):    0.223ns
  Clock Uncertainty:      0.069ns  ((TSJ^2 + DJ^2)^1/2) / 2 + PE + UU
    Total System Jitter     (TSJ):    0.071ns
    Discrete Jitter          (DJ):    0.118ns
    Phase Error              (PE):    0.000ns
    User Uncertainty         (UU):    0.000ns

    Location             Delay type                Incr(ns)  Path(ns)    Netlist Resource(s)
  -------------------------------------------------------------------    -------------------
                         (clock u_top_n_1646 rise edge)
                                                      0.000     0.000 r  
    W19                                               0.000     0.000 r  sys_clk (IN)
                         net (fo=0)                   0.000     0.000    sys_clk
    W19                  IBUF (Prop_ibuf_I_O)         1.440     1.440 r  sys_clk_IBUF_inst/O
                         net (fo=1, routed)           1.065     2.505    u_top/sys_clk_IBUF
    MMCME2_ADV_X0Y2      MMCME2_ADV (Prop_mmcme2_adv_CLKIN1_CLKOUT0)
                                                      0.077     2.582 r  u_top/g_mmcm.u_mmcm/CLKOUT0
                         net (fo=1, routed)           1.559     4.141    u_top_n_1646
    BUFGCTRL_X0Y1        BUFG (Prop_bufg_I_O)         0.081     4.222 r  multiplier_s1_reg[29]_i_2_replica/O
                         net (fo=3, routed)           0.118     4.340    clk_200_repN
    BUFGCTRL_X0Y0        BUFG (Prop_bufg_I_O)         0.081     4.421 r  multiplier_s1_reg[29]_i_2/O
                         net (fo=62262, routed)       1.411     5.832    u_top/u_core/u_b/u_b_core/core/core/l5/gk.frontend/fifo/clk_200
    SLICE_X55Y104        FDRE                                         r  u_top/u_core/u_b/u_b_core/core/core/l5/gk.frontend/fifo/count_reg[2]_replica/C
  -------------------------------------------------------------------    -------------------
    SLICE_X55Y104        FDRE (Prop_fdre_C_Q)         0.379     6.211 r  u_top/u_core/u_b/u_b_core/core/core/l5/gk.frontend/fifo/count_reg[2]_replica/Q
                         net (fo=11, routed)          1.172     7.383    u_top/u_core/u_b/u_b_core/core/core/l5/gk.frontend/fifo/count_reg[2]_0[0]_repN
    SLICE_X48Y127        LUT3 (Prop_lut3_I0_O)        0.105     7.488 r  u_top/u_core/u_b/u_b_core/core/core/l5/gk.frontend/fifo/out_phase[0]_i_3/O
                         net (fo=22, routed)          0.717     8.206    u_top/u_core/u_b/u_b_core/core/core/l5/mac/issue/window_valid
    SLICE_X49Y140        LUT6 (Prop_lut6_I2_O)        0.105     8.311 r  u_top/u_core/u_b/u_b_core/core/core/l5/mac/issue/out_window[6399]_i_1/O
                         net (fo=6400, routed)        2.502    10.812    u_top/u_core/u_b/u_b_core/core/core/l5/mac/issue/out_window[6399]_i_1_n_0
    SLICE_X90Y103        FDRE                                         r  u_top/u_core/u_b/u_b_core/core/core/l5/mac/issue/out_window_reg[6033]/CE
  -------------------------------------------------------------------    -------------------

                         (clock u_top_n_1646 rise edge)
                                                      5.000     5.000 r  
    W19                                               0.000     5.000 r  sys_clk (IN)
                         net (fo=0)                   0.000     5.000    sys_clk
    W19                  IBUF (Prop_ibuf_I_O)         1.374     6.374 r  sys_clk_IBUF_inst/O
                         net (fo=1, routed)           1.004     7.378    u_top/sys_clk_IBUF
    MMCME2_ADV_X0Y2      MMCME2_ADV (Prop_mmcme2_adv_CLKIN1_CLKOUT0)
                                                      0.073     7.451 r  u_top/g_mmcm.u_mmcm/CLKOUT0
                         net (fo=1, routed)           1.488     8.938    u_top_n_1646
    BUFGCTRL_X0Y1        BUFG (Prop_bufg_I_O)         0.077     9.015 r  multiplier_s1_reg[29]_i_2_replica/O
                         net (fo=3, routed)           0.112     9.127    clk_200_repN
    BUFGCTRL_X0Y0        BUFG (Prop_bufg_I_O)         0.077     9.204 r  multiplier_s1_reg[29]_i_2/O
                         net (fo=62262, routed)       1.293    10.497    u_top/u_core/u_b/u_b_core/core/core/l5/mac/issue/clk_200
    SLICE_X90Y103        FDRE                                         r  u_top/u_core/u_b/u_b_core/core/core/l5/mac/issue/out_window_reg[6033]/C
                         clock pessimism              0.223    10.720    
                         clock uncertainty           -0.069    10.651    
    SLICE_X90Y103        FDRE (Setup_fdre_C_CE)      -0.136    10.515    u_top/u_core/u_b/u_b_core/core/core/l5/mac/issue/out_window_reg[6033]
  -------------------------------------------------------------------
                         required time                         10.515    
                         arrival time                         -10.812    
  -------------------------------------------------------------------
                         slack                                 -0.297    

Slack (VIOLATED) :        -0.294ns  (required time - arrival time)
  Source:                 u_top/u_core/u_b/u_b_core/core/core/l2/post/units[0].post/prelu_rounded_magnitude_s3_reg[1]/C
                            (rising edge-triggered cell FDRE clocked by u_top_n_1646  {rise@0.000ns fall@2.500ns period=5.000ns})
  Destination:            u_top/u_core/u_b/u_b_core/core/core/l2/post/units[0].post/requant_product_s50/B[13]
                            (rising edge-triggered cell DSP48E1 clocked by u_top_n_1646  {rise@0.000ns fall@2.500ns period=5.000ns})
  Path Group:             u_top_n_1646
  Path Type:              Setup (Max at Slow Process Corner)
  Requirement:            5.000ns  (u_top_n_1646 rise@5.000ns - u_top_n_1646 rise@0.000ns)
  Data Path Delay:        4.816ns  (logic 0.853ns (17.711%)  route 3.963ns (82.289%))
  Logic Levels:           4  (LUT4=1 LUT6=3)
  Clock Path Skew:        -0.034ns (DCD - SCD + CPR)
    Destination Clock Delay (DCD):    5.713ns = ( 10.713 - 5.000 ) 
    Source Clock Delay      (SCD):    5.977ns
    Clock Pessimism Removal (CPR):    0.230ns
  Clock Uncertainty:      0.069ns  ((TSJ^2 + DJ^2)^1/2) / 2 + PE + UU
    Total System Jitter     (TSJ):    0.071ns
    Discrete Jitter          (DJ):    0.118ns
    Phase Error              (PE):    0.000ns
    User Uncertainty         (UU):    0.000ns

    Location             Delay type                Incr(ns)  Path(ns)    Netlist Resource(s)
  -------------------------------------------------------------------    -------------------
                         (clock u_top_n_1646 rise edge)
                                                      0.000     0.000 r  
    W19                                               0.000     0.000 r  sys_clk (IN)
                         net (fo=0)                   0.000     0.000    sys_clk
    W19                  IBUF (Prop_ibuf_I_O)         1.440     1.440 r  sys_clk_IBUF_inst/O
                         net (fo=1, routed)           1.065     2.505    u_top/sys_clk_IBUF
    MMCME2_ADV_X0Y2      MMCME2_ADV (Prop_mmcme2_adv_CLKIN1_CLKOUT0)
                                                      0.077     2.582 r  u_top/g_mmcm.u_mmcm/CLKOUT0
                         net (fo=1, routed)           1.559     4.141    u_top_n_1646
    BUFGCTRL_X0Y1        BUFG (Prop_bufg_I_O)         0.081     4.222 r  multiplier_s1_reg[29]_i_2_replica/O
                         net (fo=3, routed)           0.118     4.340    clk_200_repN
    BUFGCTRL_X0Y0        BUFG (Prop_bufg_I_O)         0.081     4.421 r  multiplier_s1_reg[29]_i_2/O
                         net (fo=62262, routed)       1.556     5.977    u_top/u_core/u_b/u_b_core/core/core/l2/post/units[0].post/clk_200
    SLICE_X44Y56         FDRE                                         r  u_top/u_core/u_b/u_b_core/core/core/l2/post/units[0].post/prelu_rounded_magnitude_s3_reg[1]/C
  -------------------------------------------------------------------    -------------------
    SLICE_X44Y56         FDRE (Prop_fdre_C_Q)         0.433     6.410 f  u_top/u_core/u_b/u_b_core/core/core/l2/post/units[0].post/prelu_rounded_magnitude_s3_reg[1]/Q
                         net (fo=3, routed)           0.550     6.960    u_top/u_core/u_b/u_b_core/core/core/l2/post/units[0].post/prelu_rounded_magnitude_s3[1]
    SLICE_X43Y56         LUT4 (Prop_lut4_I2_O)        0.105     7.065 f  u_top/u_core/u_b/u_b_core/core/core/l2/post/units[0].post/i___2_i_9/O
                         net (fo=1, routed)           0.754     7.819    u_top/u_core/u_b/u_b_core/core/core/l2/post/units[0].post/i___2_i_9_n_0
    SLICE_X42Y60         LUT6 (Prop_lut6_I2_O)        0.105     7.924 f  u_top/u_core/u_b/u_b_core/core/core/l2/post/units[0].post/i___2_i_7/O
                         net (fo=2, routed)           0.365     8.289    u_top/u_core/u_b/u_b_core/core/core/l2/post/units[0].post/i___2_i_7_n_0
    SLICE_X42Y63         LUT6 (Prop_lut6_I4_O)        0.105     8.394 r  u_top/u_core/u_b/u_b_core/core/core/l2/post/units[0].post/requant_product_s50_i_17__1/O
                         net (fo=30, routed)          0.597     8.991    u_top/u_core/u_b/u_b_core/core/core/l2/post/units[0].post/requant_product_s50_i_17__1_n_0
    SLICE_X42Y64         LUT6 (Prop_lut6_I3_O)        0.105     9.096 r  u_top/u_core/u_b/u_b_core/core/core/l2/post/units[0].post/requant_product_s50_i_2__2/O
                         net (fo=2, routed)           1.697    10.793    u_top/u_core/u_b/u_b_core/core/core/l2/post/units[0].post/p_1_in__0[30]
    DSP48_X5Y24          DSP48E1                                      r  u_top/u_core/u_b/u_b_core/core/core/l2/post/units[0].post/requant_product_s50/B[13]
  -------------------------------------------------------------------    -------------------

                         (clock u_top_n_1646 rise edge)
                                                      5.000     5.000 r  
    W19                                               0.000     5.000 r  sys_clk (IN)
                         net (fo=0)                   0.000     5.000    sys_clk
    W19                  IBUF (Prop_ibuf_I_O)         1.374     6.374 r  sys_clk_IBUF_inst/O
                         net (fo=1, routed)           1.004     7.378    u_top/sys_clk_IBUF
    MMCME2_ADV_X0Y2      MMCME2_ADV (Prop_mmcme2_adv_CLKIN1_CLKOUT0)
                                                      0.073     7.451 r  u_top/g_mmcm.u_mmcm/CLKOUT0
                         net (fo=1, routed)           1.488     8.938    u_top_n_1646
    BUFGCTRL_X0Y1        BUFG (Prop_bufg_I_O)         0.077     9.015 r  multiplier_s1_reg[29]_i_2_replica/O
                         net (fo=3, routed)           0.112     9.127    clk_200_repN
    BUFGCTRL_X0Y0        BUFG (Prop_bufg_I_O)         0.077     9.204 r  multiplier_s1_reg[29]_i_2/O
                         net (fo=62262, routed)       1.509    10.713    u_top/u_core/u_b/u_b_core/core/core/l2/post/units[0].post/clk_200
    DSP48_X5Y24          DSP48E1                                      r  u_top/u_core/u_b/u_b_core/core/core/l2/post/units[0].post/requant_product_s50/CLK
                         clock pessimism              0.230    10.943    
                         clock uncertainty           -0.069    10.874    
    DSP48_X5Y24          DSP48E1 (Setup_dsp48e1_CLK_B[13])
                                                     -0.374    10.500    u_top/u_core/u_b/u_b_core/core/core/l2/post/units[0].post/requant_product_s50
  -------------------------------------------------------------------
                         required time                         10.500    
                         arrival time                         -10.793    
  -------------------------------------------------------------------
                         slack                                 -0.294    

Slack (VIOLATED) :        -0.292ns  (required time - arrival time)
  Source:                 u_top/u_core/u_b/u_b_core/core/core/l5/mac/issue/out_phase_reg[1]_replica_1/C
                            (rising edge-triggered cell FDRE clocked by u_top_n_1646  {rise@0.000ns fall@2.500ns period=5.000ns})
  Destination:            u_top/u_core/u_b/u_b_core/core/core/l5/gk.frontend/fifo/g_wide_read.g_read_slice[95].mem_slice_reg_0_3_18_23/RAMA/WE
                            (rising edge-triggered cell RAMD32 clocked by u_top_n_1646  {rise@0.000ns fall@2.500ns period=5.000ns})
  Path Group:             u_top_n_1646
  Path Type:              Setup (Max at Slow Process Corner)
  Requirement:            5.000ns  (u_top_n_1646 rise@5.000ns - u_top_n_1646 rise@0.000ns)
  Data Path Delay:        4.684ns  (logic 0.589ns (12.574%)  route 4.095ns (87.426%))
  Logic Levels:           2  (LUT3=1 LUT6=1)
  Clock Path Skew:        -0.108ns (DCD - SCD + CPR)
    Destination Clock Delay (DCD):    5.494ns = ( 10.494 - 5.000 ) 
    Source Clock Delay      (SCD):    5.825ns
    Clock Pessimism Removal (CPR):    0.223ns
  Clock Uncertainty:      0.069ns  ((TSJ^2 + DJ^2)^1/2) / 2 + PE + UU
    Total System Jitter     (TSJ):    0.071ns
    Discrete Jitter          (DJ):    0.118ns
    Phase Error              (PE):    0.000ns
    User Uncertainty         (UU):    0.000ns

    Location             Delay type                Incr(ns)  Path(ns)    Netlist Resource(s)
  -------------------------------------------------------------------    -------------------
                         (clock u_top_n_1646 rise edge)
                                                      0.000     0.000 r  
    W19                                               0.000     0.000 r  sys_clk (IN)
                         net (fo=0)                   0.000     0.000    sys_clk
    W19                  IBUF (Prop_ibuf_I_O)         1.440     1.440 r  sys_clk_IBUF_inst/O
                         net (fo=1, routed)           1.065     2.505    u_top/sys_clk_IBUF
    MMCME2_ADV_X0Y2      MMCME2_ADV (Prop_mmcme2_adv_CLKIN1_CLKOUT0)
                                                      0.077     2.582 r  u_top/g_mmcm.u_mmcm/CLKOUT0
                         net (fo=1, routed)           1.559     4.141    u_top_n_1646
    BUFGCTRL_X0Y1        BUFG (Prop_bufg_I_O)         0.081     4.222 r  multiplier_s1_reg[29]_i_2_replica/O
                         net (fo=3, routed)           0.118     4.340    clk_200_repN
    BUFGCTRL_X0Y0        BUFG (Prop_bufg_I_O)         0.081     4.421 r  multiplier_s1_reg[29]_i_2/O
                         net (fo=62262, routed)       1.404     5.825    u_top/u_core/u_b/u_b_core/core/core/l5/mac/issue/clk_200
    SLICE_X65Y143        FDRE                                         r  u_top/u_core/u_b/u_b_core/core/core/l5/mac/issue/out_phase_reg[1]_replica_1/C
  -------------------------------------------------------------------    -------------------
    SLICE_X65Y143        FDRE (Prop_fdre_C_Q)         0.379     6.204 r  u_top/u_core/u_b/u_b_core/core/core/l5/mac/issue/out_phase_reg[1]_replica_1/Q
                         net (fo=195, routed)         1.081     7.285    u_top/u_core/u_b/u_b_core/core/core/l5/mac/issue/issue_phase[1]_repN_1
    SLICE_X52Y148        LUT6 (Prop_lut6_I1_O)        0.105     7.390 r  u_top/u_core/u_b/u_b_core/core/core/l5/mac/issue/wr_ptr[1]_i_2_rewire/O
                         net (fo=56, routed)          1.167     8.558    u_top/u_core/u_b/u_b_core/core/core/l5/gk.frontend/win/window_ready
    SLICE_X71Y137        LUT3 (Prop_lut3_I1_O)        0.105     8.663 r  u_top/u_core/u_b/u_b_core/core/core/l5/gk.frontend/win/g_wide_read.g_read_slice[84].mem_slice_reg_0_3_0_5_i_1/O
                         net (fo=1056, routed)        1.847    10.509    u_top/u_core/u_b/u_b_core/core/core/l5/gk.frontend/fifo/g_wide_read.g_read_slice[95].mem_slice_reg_0_3_18_23/WE
    SLICE_X88Y101        RAMD32                                       r  u_top/u_core/u_b/u_b_core/core/core/l5/gk.frontend/fifo/g_wide_read.g_read_slice[95].mem_slice_reg_0_3_18_23/RAMA/WE
  -------------------------------------------------------------------    -------------------

                         (clock u_top_n_1646 rise edge)
                                                      5.000     5.000 r  
    W19                                               0.000     5.000 r  sys_clk (IN)
                         net (fo=0)                   0.000     5.000    sys_clk
    W19                  IBUF (Prop_ibuf_I_O)         1.374     6.374 r  sys_clk_IBUF_inst/O
                         net (fo=1, routed)           1.004     7.378    u_top/sys_clk_IBUF
    MMCME2_ADV_X0Y2      MMCME2_ADV (Prop_mmcme2_adv_CLKIN1_CLKOUT0)
                                                      0.073     7.451 r  u_top/g_mmcm.u_mmcm/CLKOUT0
                         net (fo=1, routed)           1.488     8.938    u_top_n_1646
    BUFGCTRL_X0Y1        BUFG (Prop_bufg_I_O)         0.077     9.015 r  multiplier_s1_reg[29]_i_2_replica/O
                         net (fo=3, routed)           0.112     9.127    clk_200_repN
    BUFGCTRL_X0Y0        BUFG (Prop_bufg_I_O)         0.077     9.204 r  multiplier_s1_reg[29]_i_2/O
                         net (fo=62262, routed)       1.290    10.494    u_top/u_core/u_b/u_b_core/core/core/l5/gk.frontend/fifo/g_wide_read.g_read_slice[95].mem_slice_reg_0_3_18_23/WCLK
    SLICE_X88Y101        RAMD32                                       r  u_top/u_core/u_b/u_b_core/core/core/l5/gk.frontend/fifo/g_wide_read.g_read_slice[95].mem_slice_reg_0_3_18_23/RAMA/CLK
                         clock pessimism              0.223    10.717    
                         clock uncertainty           -0.069    10.648    
    SLICE_X88Y101        RAMD32 (Setup_ramd32_CLK_WE)
                                                     -0.431    10.217    u_top/u_core/u_b/u_b_core/core/core/l5/gk.frontend/fifo/g_wide_read.g_read_slice[95].mem_slice_reg_0_3_18_23/RAMA
  -------------------------------------------------------------------
                         required time                         10.217    
                         arrival time                         -10.509    
  -------------------------------------------------------------------
                         slack                                 -0.292    

Slack (VIOLATED) :        -0.292ns  (required time - arrival time)
  Source:                 u_top/u_core/u_b/u_b_core/core/core/l5/mac/issue/out_phase_reg[1]_replica_1/C
                            (rising edge-triggered cell FDRE clocked by u_top_n_1646  {rise@0.000ns fall@2.500ns period=5.000ns})
  Destination:            u_top/u_core/u_b/u_b_core/core/core/l5/gk.frontend/fifo/g_wide_read.g_read_slice[95].mem_slice_reg_0_3_18_23/RAMA_D1/WE
                            (rising edge-triggered cell RAMD32 clocked by u_top_n_1646  {rise@0.000ns fall@2.500ns period=5.000ns})
  Path Group:             u_top_n_1646
  Path Type:              Setup (Max at Slow Process Corner)
  Requirement:            5.000ns  (u_top_n_1646 rise@5.000ns - u_top_n_1646 rise@0.000ns)
  Data Path Delay:        4.684ns  (logic 0.589ns (12.574%)  route 4.095ns (87.426%))
  Logic Levels:           2  (LUT3=1 LUT6=1)
  Clock Path Skew:        -0.108ns (DCD - SCD + CPR)
    Destination Clock Delay (DCD):    5.494ns = ( 10.494 - 5.000 ) 
    Source Clock Delay      (SCD):    5.825ns
    Clock Pessimism Removal (CPR):    0.223ns
  Clock Uncertainty:      0.069ns  ((TSJ^2 + DJ^2)^1/2) / 2 + PE + UU
    Total System Jitter     (TSJ):    0.071ns
    Discrete Jitter          (DJ):    0.118ns
    Phase Error              (PE):    0.000ns
    User Uncertainty         (UU):    0.000ns

    Location             Delay type                Incr(ns)  Path(ns)    Netlist Resource(s)
  -------------------------------------------------------------------    -------------------
                         (clock u_top_n_1646 rise edge)
                                                      0.000     0.000 r  
    W19                                               0.000     0.000 r  sys_clk (IN)
                         net (fo=0)                   0.000     0.000    sys_clk
    W19                  IBUF (Prop_ibuf_I_O)         1.440     1.440 r  sys_clk_IBUF_inst/O
                         net (fo=1, routed)           1.065     2.505    u_top/sys_clk_IBUF
    MMCME2_ADV_X0Y2      MMCME2_ADV (Prop_mmcme2_adv_CLKIN1_CLKOUT0)
                                                      0.077     2.582 r  u_top/g_mmcm.u_mmcm/CLKOUT0
                         net (fo=1, routed)           1.559     4.141    u_top_n_1646
    BUFGCTRL_X0Y1        BUFG (Prop_bufg_I_O)         0.081     4.222 r  multiplier_s1_reg[29]_i_2_replica/O
                         net (fo=3, routed)           0.118     4.340    clk_200_repN
    BUFGCTRL_X0Y0        BUFG (Prop_bufg_I_O)         0.081     4.421 r  multiplier_s1_reg[29]_i_2/O
                         net (fo=62262, routed)       1.404     5.825    u_top/u_core/u_b/u_b_core/core/core/l5/mac/issue/clk_200
    SLICE_X65Y143        FDRE                                         r  u_top/u_core/u_b/u_b_core/core/core/l5/mac/issue/out_phase_reg[1]_replica_1/C
  -------------------------------------------------------------------    -------------------
    SLICE_X65Y143        FDRE (Prop_fdre_C_Q)         0.379     6.204 r  u_top/u_core/u_b/u_b_core/core/core/l5/mac/issue/out_phase_reg[1]_replica_1/Q
                         net (fo=195, routed)         1.081     7.285    u_top/u_core/u_b/u_b_core/core/core/l5/mac/issue/issue_phase[1]_repN_1
    SLICE_X52Y148        LUT6 (Prop_lut6_I1_O)        0.105     7.390 r  u_top/u_core/u_b/u_b_core/core/core/l5/mac/issue/wr_ptr[1]_i_2_rewire/O
                         net (fo=56, routed)          1.167     8.558    u_top/u_core/u_b/u_b_core/core/core/l5/gk.frontend/win/window_ready
    SLICE_X71Y137        LUT3 (Prop_lut3_I1_O)        0.105     8.663 r  u_top/u_core/u_b/u_b_core/core/core/l5/gk.frontend/win/g_wide_read.g_read_slice[84].mem_slice_reg_0_3_0_5_i_1/O
                         net (fo=1056, routed)        1.847    10.509    u_top/u_core/u_b/u_b_core/core/core/l5/gk.frontend/fifo/g_wide_read.g_read_slice[95].mem_slice_reg_0_3_18_23/WE
    SLICE_X88Y101        RAMD32                                       r  u_top/u_core/u_b/u_b_core/core/core/l5/gk.frontend/fifo/g_wide_read.g_read_slice[95].mem_slice_reg_0_3_18_23/RAMA_D1/WE
  -------------------------------------------------------------------    -------------------

                         (clock u_top_n_1646 rise edge)
                                                      5.000     5.000 r  
    W19                                               0.000     5.000 r  sys_clk (IN)
                         net (fo=0)                   0.000     5.000    sys_clk
    W19                  IBUF (Prop_ibuf_I_O)         1.374     6.374 r  sys_clk_IBUF_inst/O
                         net (fo=1, routed)           1.004     7.378    u_top/sys_clk_IBUF
    MMCME2_ADV_X0Y2      MMCME2_ADV (Prop_mmcme2_adv_CLKIN1_CLKOUT0)
                                                      0.073     7.451 r  u_top/g_mmcm.u_mmcm/CLKOUT0
                         net (fo=1, routed)           1.488     8.938    u_top_n_1646
    BUFGCTRL_X0Y1        BUFG (Prop_bufg_I_O)         0.077     9.015 r  multiplier_s1_reg[29]_i_2_replica/O
                         net (fo=3, routed)           0.112     9.127    clk_200_repN
    BUFGCTRL_X0Y0        BUFG (Prop_bufg_I_O)         0.077     9.204 r  multiplier_s1_reg[29]_i_2/O
                         net (fo=62262, routed)       1.290    10.494    u_top/u_core/u_b/u_b_core/core/core/l5/gk.frontend/fifo/g_wide_read.g_read_slice[95].mem_slice_reg_0_3_18_23/WCLK
    SLICE_X88Y101        RAMD32                                       r  u_top/u_core/u_b/u_b_core/core/core/l5/gk.frontend/fifo/g_wide_read.g_read_slice[95].mem_slice_reg_0_3_18_23/RAMA_D1/CLK
                         clock pessimism              0.223    10.717    
                         clock uncertainty           -0.069    10.648    
    SLICE_X88Y101        RAMD32 (Setup_ramd32_CLK_WE)
                                                     -0.431    10.217    u_top/u_core/u_b/u_b_core/core/core/l5/gk.frontend/fifo/g_wide_read.g_read_slice[95].mem_slice_reg_0_3_18_23/RAMA_D1
  -------------------------------------------------------------------
                         required time                         10.217    
                         arrival time                         -10.509    
  -------------------------------------------------------------------
                         slack                                 -0.292    

Slack (VIOLATED) :        -0.292ns  (required time - arrival time)
  Source:                 u_top/u_core/u_b/u_b_core/core/core/l5/mac/issue/out_phase_reg[1]_replica_1/C
                            (rising edge-triggered cell FDRE clocked by u_top_n_1646  {rise@0.000ns fall@2.500ns period=5.000ns})
  Destination:            u_top/u_core/u_b/u_b_core/core/core/l5/gk.frontend/fifo/g_wide_read.g_read_slice[95].mem_slice_reg_0_3_18_23/RAMB/WE
                            (rising edge-triggered cell RAMD32 clocked by u_top_n_1646  {rise@0.000ns fall@2.500ns period=5.000ns})
  Path Group:             u_top_n_1646
  Path Type:              Setup (Max at Slow Process Corner)
  Requirement:            5.000ns  (u_top_n_1646 rise@5.000ns - u_top_n_1646 rise@0.000ns)
  Data Path Delay:        4.684ns  (logic 0.589ns (12.574%)  route 4.095ns (87.426%))
  Logic Levels:           2  (LUT3=1 LUT6=1)
  Clock Path Skew:        -0.108ns (DCD - SCD + CPR)
    Destination Clock Delay (DCD):    5.494ns = ( 10.494 - 5.000 ) 
    Source Clock Delay      (SCD):    5.825ns
    Clock Pessimism Removal (CPR):    0.223ns
  Clock Uncertainty:      0.069ns  ((TSJ^2 + DJ^2)^1/2) / 2 + PE + UU
    Total System Jitter     (TSJ):    0.071ns
    Discrete Jitter          (DJ):    0.118ns
    Phase Error              (PE):    0.000ns
    User Uncertainty         (UU):    0.000ns

    Location             Delay type                Incr(ns)  Path(ns)    Netlist Resource(s)
  -------------------------------------------------------------------    -------------------
                         (clock u_top_n_1646 rise edge)
                                                      0.000     0.000 r  
    W19                                               0.000     0.000 r  sys_clk (IN)
                         net (fo=0)                   0.000     0.000    sys_clk
    W19                  IBUF (Prop_ibuf_I_O)         1.440     1.440 r  sys_clk_IBUF_inst/O
                         net (fo=1, routed)           1.065     2.505    u_top/sys_clk_IBUF
    MMCME2_ADV_X0Y2      MMCME2_ADV (Prop_mmcme2_adv_CLKIN1_CLKOUT0)
                                                      0.077     2.582 r  u_top/g_mmcm.u_mmcm/CLKOUT0
                         net (fo=1, routed)           1.559     4.141    u_top_n_1646
    BUFGCTRL_X0Y1        BUFG (Prop_bufg_I_O)         0.081     4.222 r  multiplier_s1_reg[29]_i_2_replica/O
                         net (fo=3, routed)           0.118     4.340    clk_200_repN
    BUFGCTRL_X0Y0        BUFG (Prop_bufg_I_O)         0.081     4.421 r  multiplier_s1_reg[29]_i_2/O
                         net (fo=62262, routed)       1.404     5.825    u_top/u_core/u_b/u_b_core/core/core/l5/mac/issue/clk_200
    SLICE_X65Y143        FDRE                                         r  u_top/u_core/u_b/u_b_core/core/core/l5/mac/issue/out_phase_reg[1]_replica_1/C
  -------------------------------------------------------------------    -------------------
    SLICE_X65Y143        FDRE (Prop_fdre_C_Q)         0.379     6.204 r  u_top/u_core/u_b/u_b_core/core/core/l5/mac/issue/out_phase_reg[1]_replica_1/Q
                         net (fo=195, routed)         1.081     7.285    u_top/u_core/u_b/u_b_core/core/core/l5/mac/issue/issue_phase[1]_repN_1
    SLICE_X52Y148        LUT6 (Prop_lut6_I1_O)        0.105     7.390 r  u_top/u_core/u_b/u_b_core/core/core/l5/mac/issue/wr_ptr[1]_i_2_rewire/O
                         net (fo=56, routed)          1.167     8.558    u_top/u_core/u_b/u_b_core/core/core/l5/gk.frontend/win/window_ready
    SLICE_X71Y137        LUT3 (Prop_lut3_I1_O)        0.105     8.663 r  u_top/u_core/u_b/u_b_core/core/core/l5/gk.frontend/win/g_wide_read.g_read_slice[84].mem_slice_reg_0_3_0_5_i_1/O
                         net (fo=1056, routed)        1.847    10.509    u_top/u_core/u_b/u_b_core/core/core/l5/gk.frontend/fifo/g_wide_read.g_read_slice[95].mem_slice_reg_0_3_18_23/WE
    SLICE_X88Y101        RAMD32                                       r  u_top/u_core/u_b/u_b_core/core/core/l5/gk.frontend/fifo/g_wide_read.g_read_slice[95].mem_slice_reg_0_3_18_23/RAMB/WE
  -------------------------------------------------------------------    -------------------

                         (clock u_top_n_1646 rise edge)
                                                      5.000     5.000 r  
    W19                                               0.000     5.000 r  sys_clk (IN)
                         net (fo=0)                   0.000     5.000    sys_clk
    W19                  IBUF (Prop_ibuf_I_O)         1.374     6.374 r  sys_clk_IBUF_inst/O
                         net (fo=1, routed)           1.004     7.378    u_top/sys_clk_IBUF
    MMCME2_ADV_X0Y2      MMCME2_ADV (Prop_mmcme2_adv_CLKIN1_CLKOUT0)
                                                      0.073     7.451 r  u_top/g_mmcm.u_mmcm/CLKOUT0
                         net (fo=1, routed)           1.488     8.938    u_top_n_1646
    BUFGCTRL_X0Y1        BUFG (Prop_bufg_I_O)         0.077     9.015 r  multiplier_s1_reg[29]_i_2_replica/O
                         net (fo=3, routed)           0.112     9.127    clk_200_repN
    BUFGCTRL_X0Y0        BUFG (Prop_bufg_I_O)         0.077     9.204 r  multiplier_s1_reg[29]_i_2/O
                         net (fo=62262, routed)       1.290    10.494    u_top/u_core/u_b/u_b_core/core/core/l5/gk.frontend/fifo/g_wide_read.g_read_slice[95].mem_slice_reg_0_3_18_23/WCLK
    SLICE_X88Y101        RAMD32                                       r  u_top/u_core/u_b/u_b_core/core/core/l5/gk.frontend/fifo/g_wide_read.g_read_slice[95].mem_slice_reg_0_3_18_23/RAMB/CLK
                         clock pessimism              0.223    10.717    
                         clock uncertainty           -0.069    10.648    
    SLICE_X88Y101        RAMD32 (Setup_ramd32_CLK_WE)
                                                     -0.431    10.217    u_top/u_core/u_b/u_b_core/core/core/l5/gk.frontend/fifo/g_wide_read.g_read_slice[95].mem_slice_reg_0_3_18_23/RAMB
  -------------------------------------------------------------------
                         required time                         10.217    
                         arrival time                         -10.509    
  -------------------------------------------------------------------
                         slack                                 -0.292    

Slack (VIOLATED) :        -0.292ns  (required time - arrival time)
  Source:                 u_top/u_core/u_b/u_b_core/core/core/l5/mac/issue/out_phase_reg[1]_replica_1/C
                            (rising edge-triggered cell FDRE clocked by u_top_n_1646  {rise@0.000ns fall@2.500ns period=5.000ns})
  Destination:            u_top/u_core/u_b/u_b_core/core/core/l5/gk.frontend/fifo/g_wide_read.g_read_slice[95].mem_slice_reg_0_3_18_23/RAMB_D1/WE
                            (rising edge-triggered cell RAMD32 clocked by u_top_n_1646  {rise@0.000ns fall@2.500ns period=5.000ns})
  Path Group:             u_top_n_1646
  Path Type:              Setup (Max at Slow Process Corner)
  Requirement:            5.000ns  (u_top_n_1646 rise@5.000ns - u_top_n_1646 rise@0.000ns)
  Data Path Delay:        4.684ns  (logic 0.589ns (12.574%)  route 4.095ns (87.426%))
  Logic Levels:           2  (LUT3=1 LUT6=1)
  Clock Path Skew:        -0.108ns (DCD - SCD + CPR)
    Destination Clock Delay (DCD):    5.494ns = ( 10.494 - 5.000 ) 
    Source Clock Delay      (SCD):    5.825ns
    Clock Pessimism Removal (CPR):    0.223ns
  Clock Uncertainty:      0.069ns  ((TSJ^2 + DJ^2)^1/2) / 2 + PE + UU
    Total System Jitter     (TSJ):    0.071ns
    Discrete Jitter          (DJ):    0.118ns
    Phase Error              (PE):    0.000ns
    User Uncertainty         (UU):    0.000ns

    Location             Delay type                Incr(ns)  Path(ns)    Netlist Resource(s)
  -------------------------------------------------------------------    -------------------
                         (clock u_top_n_1646 rise edge)
                                                      0.000     0.000 r  
    W19                                               0.000     0.000 r  sys_clk (IN)
                         net (fo=0)                   0.000     0.000    sys_clk
    W19                  IBUF (Prop_ibuf_I_O)         1.440     1.440 r  sys_clk_IBUF_inst/O
                         net (fo=1, routed)           1.065     2.505    u_top/sys_clk_IBUF
    MMCME2_ADV_X0Y2      MMCME2_ADV (Prop_mmcme2_adv_CLKIN1_CLKOUT0)
                                                      0.077     2.582 r  u_top/g_mmcm.u_mmcm/CLKOUT0
                         net (fo=1, routed)           1.559     4.141    u_top_n_1646
    BUFGCTRL_X0Y1        BUFG (Prop_bufg_I_O)         0.081     4.222 r  multiplier_s1_reg[29]_i_2_replica/O
                         net (fo=3, routed)           0.118     4.340    clk_200_repN
    BUFGCTRL_X0Y0        BUFG (Prop_bufg_I_O)         0.081     4.421 r  multiplier_s1_reg[29]_i_2/O
                         net (fo=62262, routed)       1.404     5.825    u_top/u_core/u_b/u_b_core/core/core/l5/mac/issue/clk_200
    SLICE_X65Y143        FDRE                                         r  u_top/u_core/u_b/u_b_core/core/core/l5/mac/issue/out_phase_reg[1]_replica_1/C
  -------------------------------------------------------------------    -------------------
    SLICE_X65Y143        FDRE (Prop_fdre_C_Q)         0.379     6.204 r  u_top/u_core/u_b/u_b_core/core/core/l5/mac/issue/out_phase_reg[1]_replica_1/Q
                         net (fo=195, routed)         1.081     7.285    u_top/u_core/u_b/u_b_core/core/core/l5/mac/issue/issue_phase[1]_repN_1
    SLICE_X52Y148        LUT6 (Prop_lut6_I1_O)        0.105     7.390 r  u_top/u_core/u_b/u_b_core/core/core/l5/mac/issue/wr_ptr[1]_i_2_rewire/O
                         net (fo=56, routed)          1.167     8.558    u_top/u_core/u_b/u_b_core/core/core/l5/gk.frontend/win/window_ready
    SLICE_X71Y137        LUT3 (Prop_lut3_I1_O)        0.105     8.663 r  u_top/u_core/u_b/u_b_core/core/core/l5/gk.frontend/win/g_wide_read.g_read_slice[84].mem_slice_reg_0_3_0_5_i_1/O
                         net (fo=1056, routed)        1.847    10.509    u_top/u_core/u_b/u_b_core/core/core/l5/gk.frontend/fifo/g_wide_read.g_read_slice[95].mem_slice_reg_0_3_18_23/WE
    SLICE_X88Y101        RAMD32                                       r  u_top/u_core/u_b/u_b_core/core/core/l5/gk.frontend/fifo/g_wide_read.g_read_slice[95].mem_slice_reg_0_3_18_23/RAMB_D1/WE
  -------------------------------------------------------------------    -------------------

                         (clock u_top_n_1646 rise edge)
                                                      5.000     5.000 r  
    W19                                               0.000     5.000 r  sys_clk (IN)
                         net (fo=0)                   0.000     5.000    sys_clk
    W19                  IBUF (Prop_ibuf_I_O)         1.374     6.374 r  sys_clk_IBUF_inst/O
                         net (fo=1, routed)           1.004     7.378    u_top/sys_clk_IBUF
    MMCME2_ADV_X0Y2      MMCME2_ADV (Prop_mmcme2_adv_CLKIN1_CLKOUT0)
                                                      0.073     7.451 r  u_top/g_mmcm.u_mmcm/CLKOUT0
                         net (fo=1, routed)           1.488     8.938    u_top_n_1646
    BUFGCTRL_X0Y1        BUFG (Prop_bufg_I_O)         0.077     9.015 r  multiplier_s1_reg[29]_i_2_replica/O
                         net (fo=3, routed)           0.112     9.127    clk_200_repN
    BUFGCTRL_X0Y0        BUFG (Prop_bufg_I_O)         0.077     9.204 r  multiplier_s1_reg[29]_i_2/O
                         net (fo=62262, routed)       1.290    10.494    u_top/u_core/u_b/u_b_core/core/core/l5/gk.frontend/fifo/g_wide_read.g_read_slice[95].mem_slice_reg_0_3_18_23/WCLK
    SLICE_X88Y101        RAMD32                                       r  u_top/u_core/u_b/u_b_core/core/core/l5/gk.frontend/fifo/g_wide_read.g_read_slice[95].mem_slice_reg_0_3_18_23/RAMB_D1/CLK
                         clock pessimism              0.223    10.717    
                         clock uncertainty           -0.069    10.648    
    SLICE_X88Y101        RAMD32 (Setup_ramd32_CLK_WE)
                                                     -0.431    10.217    u_top/u_core/u_b/u_b_core/core/core/l5/gk.frontend/fifo/g_wide_read.g_read_slice[95].mem_slice_reg_0_3_18_23/RAMB_D1
  -------------------------------------------------------------------
                         required time                         10.217    
                         arrival time                         -10.509    
  -------------------------------------------------------------------
                         slack                                 -0.292    

Slack (VIOLATED) :        -0.292ns  (required time - arrival time)
  Source:                 u_top/u_core/u_b/u_b_core/core/core/l5/mac/issue/out_phase_reg[1]_replica_1/C
                            (rising edge-triggered cell FDRE clocked by u_top_n_1646  {rise@0.000ns fall@2.500ns period=5.000ns})
  Destination:            u_top/u_core/u_b/u_b_core/core/core/l5/gk.frontend/fifo/g_wide_read.g_read_slice[95].mem_slice_reg_0_3_18_23/RAMC/WE
                            (rising edge-triggered cell RAMD32 clocked by u_top_n_1646  {rise@0.000ns fall@2.500ns period=5.000ns})
  Path Group:             u_top_n_1646
  Path Type:              Setup (Max at Slow Process Corner)
  Requirement:            5.000ns  (u_top_n_1646 rise@5.000ns - u_top_n_1646 rise@0.000ns)
  Data Path Delay:        4.684ns  (logic 0.589ns (12.574%)  route 4.095ns (87.426%))
  Logic Levels:           2  (LUT3=1 LUT6=1)
  Clock Path Skew:        -0.108ns (DCD - SCD + CPR)
    Destination Clock Delay (DCD):    5.494ns = ( 10.494 - 5.000 ) 
    Source Clock Delay      (SCD):    5.825ns
    Clock Pessimism Removal (CPR):    0.223ns
  Clock Uncertainty:      0.069ns  ((TSJ^2 + DJ^2)^1/2) / 2 + PE + UU
    Total System Jitter     (TSJ):    0.071ns
    Discrete Jitter          (DJ):    0.118ns
    Phase Error              (PE):    0.000ns
    User Uncertainty         (UU):    0.000ns

    Location             Delay type                Incr(ns)  Path(ns)    Netlist Resource(s)
  -------------------------------------------------------------------    -------------------
                         (clock u_top_n_1646 rise edge)
                                                      0.000     0.000 r  
    W19                                               0.000     0.000 r  sys_clk (IN)
                         net (fo=0)                   0.000     0.000    sys_clk
    W19                  IBUF (Prop_ibuf_I_O)         1.440     1.440 r  sys_clk_IBUF_inst/O
                         net (fo=1, routed)           1.065     2.505    u_top/sys_clk_IBUF
    MMCME2_ADV_X0Y2      MMCME2_ADV (Prop_mmcme2_adv_CLKIN1_CLKOUT0)
                                                      0.077     2.582 r  u_top/g_mmcm.u_mmcm/CLKOUT0
                         net (fo=1, routed)           1.559     4.141    u_top_n_1646
    BUFGCTRL_X0Y1        BUFG (Prop_bufg_I_O)         0.081     4.222 r  multiplier_s1_reg[29]_i_2_replica/O
                         net (fo=3, routed)           0.118     4.340    clk_200_repN
    BUFGCTRL_X0Y0        BUFG (Prop_bufg_I_O)         0.081     4.421 r  multiplier_s1_reg[29]_i_2/O
                         net (fo=62262, routed)       1.404     5.825    u_top/u_core/u_b/u_b_core/core/core/l5/mac/issue/clk_200
    SLICE_X65Y143        FDRE                                         r  u_top/u_core/u_b/u_b_core/core/core/l5/mac/issue/out_phase_reg[1]_replica_1/C
  -------------------------------------------------------------------    -------------------
    SLICE_X65Y143        FDRE (Prop_fdre_C_Q)         0.379     6.204 r  u_top/u_core/u_b/u_b_core/core/core/l5/mac/issue/out_phase_reg[1]_replica_1/Q
                         net (fo=195, routed)         1.081     7.285    u_top/u_core/u_b/u_b_core/core/core/l5/mac/issue/issue_phase[1]_repN_1
    SLICE_X52Y148        LUT6 (Prop_lut6_I1_O)        0.105     7.390 r  u_top/u_core/u_b/u_b_core/core/core/l5/mac/issue/wr_ptr[1]_i_2_rewire/O
                         net (fo=56, routed)          1.167     8.558    u_top/u_core/u_b/u_b_core/core/core/l5/gk.frontend/win/window_ready
    SLICE_X71Y137        LUT3 (Prop_lut3_I1_O)        0.105     8.663 r  u_top/u_core/u_b/u_b_core/core/core/l5/gk.frontend/win/g_wide_read.g_read_slice[84].mem_slice_reg_0_3_0_5_i_1/O
                         net (fo=1056, routed)        1.847    10.509    u_top/u_core/u_b/u_b_core/core/core/l5/gk.frontend/fifo/g_wide_read.g_read_slice[95].mem_slice_reg_0_3_18_23/WE
    SLICE_X88Y101        RAMD32                                       r  u_top/u_core/u_b/u_b_core/core/core/l5/gk.frontend/fifo/g_wide_read.g_read_slice[95].mem_slice_reg_0_3_18_23/RAMC/WE
  -------------------------------------------------------------------    -------------------

                         (clock u_top_n_1646 rise edge)
                                                      5.000     5.000 r  
    W19                                               0.000     5.000 r  sys_clk (IN)
                         net (fo=0)                   0.000     5.000    sys_clk
    W19                  IBUF (Prop_ibuf_I_O)         1.374     6.374 r  sys_clk_IBUF_inst/O
                         net (fo=1, routed)           1.004     7.378    u_top/sys_clk_IBUF
    MMCME2_ADV_X0Y2      MMCME2_ADV (Prop_mmcme2_adv_CLKIN1_CLKOUT0)
                                                      0.073     7.451 r  u_top/g_mmcm.u_mmcm/CLKOUT0
                         net (fo=1, routed)           1.488     8.938    u_top_n_1646
    BUFGCTRL_X0Y1        BUFG (Prop_bufg_I_O)         0.077     9.015 r  multiplier_s1_reg[29]_i_2_replica/O
                         net (fo=3, routed)           0.112     9.127    clk_200_repN
    BUFGCTRL_X0Y0        BUFG (Prop_bufg_I_O)         0.077     9.204 r  multiplier_s1_reg[29]_i_2/O
                         net (fo=62262, routed)       1.290    10.494    u_top/u_core/u_b/u_b_core/core/core/l5/gk.frontend/fifo/g_wide_read.g_read_slice[95].mem_slice_reg_0_3_18_23/WCLK
    SLICE_X88Y101        RAMD32                                       r  u_top/u_core/u_b/u_b_core/core/core/l5/gk.frontend/fifo/g_wide_read.g_read_slice[95].mem_slice_reg_0_3_18_23/RAMC/CLK
                         clock pessimism              0.223    10.717    
                         clock uncertainty           -0.069    10.648    
    SLICE_X88Y101        RAMD32 (Setup_ramd32_CLK_WE)
                                                     -0.431    10.217    u_top/u_core/u_b/u_b_core/core/core/l5/gk.frontend/fifo/g_wide_read.g_read_slice[95].mem_slice_reg_0_3_18_23/RAMC
  -------------------------------------------------------------------
                         required time                         10.217    
                         arrival time                         -10.509    
  -------------------------------------------------------------------
                         slack                                 -0.292    

Slack (VIOLATED) :        -0.292ns  (required time - arrival time)
  Source:                 u_top/u_core/u_b/u_b_core/core/core/l5/mac/issue/out_phase_reg[1]_replica_1/C
                            (rising edge-triggered cell FDRE clocked by u_top_n_1646  {rise@0.000ns fall@2.500ns period=5.000ns})
  Destination:            u_top/u_core/u_b/u_b_core/core/core/l5/gk.frontend/fifo/g_wide_read.g_read_slice[95].mem_slice_reg_0_3_18_23/RAMC_D1/WE
                            (rising edge-triggered cell RAMD32 clocked by u_top_n_1646  {rise@0.000ns fall@2.500ns period=5.000ns})
  Path Group:             u_top_n_1646
  Path Type:              Setup (Max at Slow Process Corner)
  Requirement:            5.000ns  (u_top_n_1646 rise@5.000ns - u_top_n_1646 rise@0.000ns)
  Data Path Delay:        4.684ns  (logic 0.589ns (12.574%)  route 4.095ns (87.426%))
  Logic Levels:           2  (LUT3=1 LUT6=1)
  Clock Path Skew:        -0.108ns (DCD - SCD + CPR)
    Destination Clock Delay (DCD):    5.494ns = ( 10.494 - 5.000 ) 
    Source Clock Delay      (SCD):    5.825ns
    Clock Pessimism Removal (CPR):    0.223ns
  Clock Uncertainty:      0.069ns  ((TSJ^2 + DJ^2)^1/2) / 2 + PE + UU
    Total System Jitter     (TSJ):    0.071ns
    Discrete Jitter          (DJ):    0.118ns
    Phase Error              (PE):    0.000ns
    User Uncertainty         (UU):    0.000ns

    Location             Delay type                Incr(ns)  Path(ns)    Netlist Resource(s)
  -------------------------------------------------------------------    -------------------
                         (clock u_top_n_1646 rise edge)
                                                      0.000     0.000 r  
    W19                                               0.000     0.000 r  sys_clk (IN)
                         net (fo=0)                   0.000     0.000    sys_clk
    W19                  IBUF (Prop_ibuf_I_O)         1.440     1.440 r  sys_clk_IBUF_inst/O
                         net (fo=1, routed)           1.065     2.505    u_top/sys_clk_IBUF
    MMCME2_ADV_X0Y2      MMCME2_ADV (Prop_mmcme2_adv_CLKIN1_CLKOUT0)
                                                      0.077     2.582 r  u_top/g_mmcm.u_mmcm/CLKOUT0
                         net (fo=1, routed)           1.559     4.141    u_top_n_1646
    BUFGCTRL_X0Y1        BUFG (Prop_bufg_I_O)         0.081     4.222 r  multiplier_s1_reg[29]_i_2_replica/O
                         net (fo=3, routed)           0.118     4.340    clk_200_repN
    BUFGCTRL_X0Y0        BUFG (Prop_bufg_I_O)         0.081     4.421 r  multiplier_s1_reg[29]_i_2/O
                         net (fo=62262, routed)       1.404     5.825    u_top/u_core/u_b/u_b_core/core/core/l5/mac/issue/clk_200
    SLICE_X65Y143        FDRE                                         r  u_top/u_core/u_b/u_b_core/core/core/l5/mac/issue/out_phase_reg[1]_replica_1/C
  -------------------------------------------------------------------    -------------------
    SLICE_X65Y143        FDRE (Prop_fdre_C_Q)         0.379     6.204 r  u_top/u_core/u_b/u_b_core/core/core/l5/mac/issue/out_phase_reg[1]_replica_1/Q
                         net (fo=195, routed)         1.081     7.285    u_top/u_core/u_b/u_b_core/core/core/l5/mac/issue/issue_phase[1]_repN_1
    SLICE_X52Y148        LUT6 (Prop_lut6_I1_O)        0.105     7.390 r  u_top/u_core/u_b/u_b_core/core/core/l5/mac/issue/wr_ptr[1]_i_2_rewire/O
                         net (fo=56, routed)          1.167     8.558    u_top/u_core/u_b/u_b_core/core/core/l5/gk.frontend/win/window_ready
    SLICE_X71Y137        LUT3 (Prop_lut3_I1_O)        0.105     8.663 r  u_top/u_core/u_b/u_b_core/core/core/l5/gk.frontend/win/g_wide_read.g_read_slice[84].mem_slice_reg_0_3_0_5_i_1/O
                         net (fo=1056, routed)        1.847    10.509    u_top/u_core/u_b/u_b_core/core/core/l5/gk.frontend/fifo/g_wide_read.g_read_slice[95].mem_slice_reg_0_3_18_23/WE
    SLICE_X88Y101        RAMD32                                       r  u_top/u_core/u_b/u_b_core/core/core/l5/gk.frontend/fifo/g_wide_read.g_read_slice[95].mem_slice_reg_0_3_18_23/RAMC_D1/WE
  -------------------------------------------------------------------    -------------------

                         (clock u_top_n_1646 rise edge)
                                                      5.000     5.000 r  
    W19                                               0.000     5.000 r  sys_clk (IN)
                         net (fo=0)                   0.000     5.000    sys_clk
    W19                  IBUF (Prop_ibuf_I_O)         1.374     6.374 r  sys_clk_IBUF_inst/O
                         net (fo=1, routed)           1.004     7.378    u_top/sys_clk_IBUF
    MMCME2_ADV_X0Y2      MMCME2_ADV (Prop_mmcme2_adv_CLKIN1_CLKOUT0)
                                                      0.073     7.451 r  u_top/g_mmcm.u_mmcm/CLKOUT0
                         net (fo=1, routed)           1.488     8.938    u_top_n_1646
    BUFGCTRL_X0Y1        BUFG (Prop_bufg_I_O)         0.077     9.015 r  multiplier_s1_reg[29]_i_2_replica/O
                         net (fo=3, routed)           0.112     9.127    clk_200_repN
    BUFGCTRL_X0Y0        BUFG (Prop_bufg_I_O)         0.077     9.204 r  multiplier_s1_reg[29]_i_2/O
                         net (fo=62262, routed)       1.290    10.494    u_top/u_core/u_b/u_b_core/core/core/l5/gk.frontend/fifo/g_wide_read.g_read_slice[95].mem_slice_reg_0_3_18_23/WCLK
    SLICE_X88Y101        RAMD32                                       r  u_top/u_core/u_b/u_b_core/core/core/l5/gk.frontend/fifo/g_wide_read.g_read_slice[95].mem_slice_reg_0_3_18_23/RAMC_D1/CLK
                         clock pessimism              0.223    10.717    
                         clock uncertainty           -0.069    10.648    
    SLICE_X88Y101        RAMD32 (Setup_ramd32_CLK_WE)
                                                     -0.431    10.217    u_top/u_core/u_b/u_b_core/core/core/l5/gk.frontend/fifo/g_wide_read.g_read_slice[95].mem_slice_reg_0_3_18_23/RAMC_D1
  -------------------------------------------------------------------
                         required time                         10.217    
                         arrival time                         -10.509    
  -------------------------------------------------------------------
                         slack                                 -0.292    

Slack (VIOLATED) :        -0.292ns  (required time - arrival time)
  Source:                 u_top/u_core/u_b/u_b_core/core/core/l5/mac/issue/out_phase_reg[1]_replica_1/C
                            (rising edge-triggered cell FDRE clocked by u_top_n_1646  {rise@0.000ns fall@2.500ns period=5.000ns})
  Destination:            u_top/u_core/u_b/u_b_core/core/core/l5/gk.frontend/fifo/g_wide_read.g_read_slice[95].mem_slice_reg_0_3_18_23/RAMD/WE
                            (rising edge-triggered cell RAMS32 clocked by u_top_n_1646  {rise@0.000ns fall@2.500ns period=5.000ns})
  Path Group:             u_top_n_1646
  Path Type:              Setup (Max at Slow Process Corner)
  Requirement:            5.000ns  (u_top_n_1646 rise@5.000ns - u_top_n_1646 rise@0.000ns)
  Data Path Delay:        4.684ns  (logic 0.589ns (12.574%)  route 4.095ns (87.426%))
  Logic Levels:           2  (LUT3=1 LUT6=1)
  Clock Path Skew:        -0.108ns (DCD - SCD + CPR)
    Destination Clock Delay (DCD):    5.494ns = ( 10.494 - 5.000 ) 
    Source Clock Delay      (SCD):    5.825ns
    Clock Pessimism Removal (CPR):    0.223ns
  Clock Uncertainty:      0.069ns  ((TSJ^2 + DJ^2)^1/2) / 2 + PE + UU
    Total System Jitter     (TSJ):    0.071ns
    Discrete Jitter          (DJ):    0.118ns
    Phase Error              (PE):    0.000ns
    User Uncertainty         (UU):    0.000ns

    Location             Delay type                Incr(ns)  Path(ns)    Netlist Resource(s)
  -------------------------------------------------------------------    -------------------
                         (clock u_top_n_1646 rise edge)
                                                      0.000     0.000 r  
    W19                                               0.000     0.000 r  sys_clk (IN)
                         net (fo=0)                   0.000     0.000    sys_clk
    W19                  IBUF (Prop_ibuf_I_O)         1.440     1.440 r  sys_clk_IBUF_inst/O
                         net (fo=1, routed)           1.065     2.505    u_top/sys_clk_IBUF
    MMCME2_ADV_X0Y2      MMCME2_ADV (Prop_mmcme2_adv_CLKIN1_CLKOUT0)
                                                      0.077     2.582 r  u_top/g_mmcm.u_mmcm/CLKOUT0
                         net (fo=1, routed)           1.559     4.141    u_top_n_1646
    BUFGCTRL_X0Y1        BUFG (Prop_bufg_I_O)         0.081     4.222 r  multiplier_s1_reg[29]_i_2_replica/O
                         net (fo=3, routed)           0.118     4.340    clk_200_repN
    BUFGCTRL_X0Y0        BUFG (Prop_bufg_I_O)         0.081     4.421 r  multiplier_s1_reg[29]_i_2/O
                         net (fo=62262, routed)       1.404     5.825    u_top/u_core/u_b/u_b_core/core/core/l5/mac/issue/clk_200
    SLICE_X65Y143        FDRE                                         r  u_top/u_core/u_b/u_b_core/core/core/l5/mac/issue/out_phase_reg[1]_replica_1/C
  -------------------------------------------------------------------    -------------------
    SLICE_X65Y143        FDRE (Prop_fdre_C_Q)         0.379     6.204 r  u_top/u_core/u_b/u_b_core/core/core/l5/mac/issue/out_phase_reg[1]_replica_1/Q
                         net (fo=195, routed)         1.081     7.285    u_top/u_core/u_b/u_b_core/core/core/l5/mac/issue/issue_phase[1]_repN_1
    SLICE_X52Y148        LUT6 (Prop_lut6_I1_O)        0.105     7.390 r  u_top/u_core/u_b/u_b_core/core/core/l5/mac/issue/wr_ptr[1]_i_2_rewire/O
                         net (fo=56, routed)          1.167     8.558    u_top/u_core/u_b/u_b_core/core/core/l5/gk.frontend/win/window_ready
    SLICE_X71Y137        LUT3 (Prop_lut3_I1_O)        0.105     8.663 r  u_top/u_core/u_b/u_b_core/core/core/l5/gk.frontend/win/g_wide_read.g_read_slice[84].mem_slice_reg_0_3_0_5_i_1/O
                         net (fo=1056, routed)        1.847    10.509    u_top/u_core/u_b/u_b_core/core/core/l5/gk.frontend/fifo/g_wide_read.g_read_slice[95].mem_slice_reg_0_3_18_23/WE
    SLICE_X88Y101        RAMS32                                       r  u_top/u_core/u_b/u_b_core/core/core/l5/gk.frontend/fifo/g_wide_read.g_read_slice[95].mem_slice_reg_0_3_18_23/RAMD/WE
  -------------------------------------------------------------------    -------------------

                         (clock u_top_n_1646 rise edge)
                                                      5.000     5.000 r  
    W19                                               0.000     5.000 r  sys_clk (IN)
                         net (fo=0)                   0.000     5.000    sys_clk
    W19                  IBUF (Prop_ibuf_I_O)         1.374     6.374 r  sys_clk_IBUF_inst/O
                         net (fo=1, routed)           1.004     7.378    u_top/sys_clk_IBUF
    MMCME2_ADV_X0Y2      MMCME2_ADV (Prop_mmcme2_adv_CLKIN1_CLKOUT0)
                                                      0.073     7.451 r  u_top/g_mmcm.u_mmcm/CLKOUT0
                         net (fo=1, routed)           1.488     8.938    u_top_n_1646
    BUFGCTRL_X0Y1        BUFG (Prop_bufg_I_O)         0.077     9.015 r  multiplier_s1_reg[29]_i_2_replica/O
                         net (fo=3, routed)           0.112     9.127    clk_200_repN
    BUFGCTRL_X0Y0        BUFG (Prop_bufg_I_O)         0.077     9.204 r  multiplier_s1_reg[29]_i_2/O
                         net (fo=62262, routed)       1.290    10.494    u_top/u_core/u_b/u_b_core/core/core/l5/gk.frontend/fifo/g_wide_read.g_read_slice[95].mem_slice_reg_0_3_18_23/WCLK
    SLICE_X88Y101        RAMS32                                       r  u_top/u_core/u_b/u_b_core/core/core/l5/gk.frontend/fifo/g_wide_read.g_read_slice[95].mem_slice_reg_0_3_18_23/RAMD/CLK
                         clock pessimism              0.223    10.717    
                         clock uncertainty           -0.069    10.648    
    SLICE_X88Y101        RAMS32 (Setup_rams32_CLK_WE)
                                                     -0.431    10.217    u_top/u_core/u_b/u_b_core/core/core/l5/gk.frontend/fifo/g_wide_read.g_read_slice[95].mem_slice_reg_0_3_18_23/RAMD
  -------------------------------------------------------------------
                         required time                         10.217    
                         arrival time                         -10.509    
  -------------------------------------------------------------------
                         slack                                 -0.292    

Slack (VIOLATED) :        -0.292ns  (required time - arrival time)
  Source:                 u_top/u_core/u_b/u_b_core/core/core/l5/mac/issue/out_phase_reg[1]_replica_1/C
                            (rising edge-triggered cell FDRE clocked by u_top_n_1646  {rise@0.000ns fall@2.500ns period=5.000ns})
  Destination:            u_top/u_core/u_b/u_b_core/core/core/l5/gk.frontend/fifo/g_wide_read.g_read_slice[95].mem_slice_reg_0_3_18_23/RAMD_D1/WE
                            (rising edge-triggered cell RAMS32 clocked by u_top_n_1646  {rise@0.000ns fall@2.500ns period=5.000ns})
  Path Group:             u_top_n_1646
  Path Type:              Setup (Max at Slow Process Corner)
  Requirement:            5.000ns  (u_top_n_1646 rise@5.000ns - u_top_n_1646 rise@0.000ns)
  Data Path Delay:        4.684ns  (logic 0.589ns (12.574%)  route 4.095ns (87.426%))
  Logic Levels:           2  (LUT3=1 LUT6=1)
  Clock Path Skew:        -0.108ns (DCD - SCD + CPR)
    Destination Clock Delay (DCD):    5.494ns = ( 10.494 - 5.000 ) 
    Source Clock Delay      (SCD):    5.825ns
    Clock Pessimism Removal (CPR):    0.223ns
  Clock Uncertainty:      0.069ns  ((TSJ^2 + DJ^2)^1/2) / 2 + PE + UU
    Total System Jitter     (TSJ):    0.071ns
    Discrete Jitter          (DJ):    0.118ns
    Phase Error              (PE):    0.000ns
    User Uncertainty         (UU):    0.000ns

    Location             Delay type                Incr(ns)  Path(ns)    Netlist Resource(s)
  -------------------------------------------------------------------    -------------------
                         (clock u_top_n_1646 rise edge)
                                                      0.000     0.000 r  
    W19                                               0.000     0.000 r  sys_clk (IN)
                         net (fo=0)                   0.000     0.000    sys_clk
    W19                  IBUF (Prop_ibuf_I_O)         1.440     1.440 r  sys_clk_IBUF_inst/O
                         net (fo=1, routed)           1.065     2.505    u_top/sys_clk_IBUF
    MMCME2_ADV_X0Y2      MMCME2_ADV (Prop_mmcme2_adv_CLKIN1_CLKOUT0)
                                                      0.077     2.582 r  u_top/g_mmcm.u_mmcm/CLKOUT0
                         net (fo=1, routed)           1.559     4.141    u_top_n_1646
    BUFGCTRL_X0Y1        BUFG (Prop_bufg_I_O)         0.081     4.222 r  multiplier_s1_reg[29]_i_2_replica/O
                         net (fo=3, routed)           0.118     4.340    clk_200_repN
    BUFGCTRL_X0Y0        BUFG (Prop_bufg_I_O)         0.081     4.421 r  multiplier_s1_reg[29]_i_2/O
                         net (fo=62262, routed)       1.404     5.825    u_top/u_core/u_b/u_b_core/core/core/l5/mac/issue/clk_200
    SLICE_X65Y143        FDRE                                         r  u_top/u_core/u_b/u_b_core/core/core/l5/mac/issue/out_phase_reg[1]_replica_1/C
  -------------------------------------------------------------------    -------------------
    SLICE_X65Y143        FDRE (Prop_fdre_C_Q)         0.379     6.204 r  u_top/u_core/u_b/u_b_core/core/core/l5/mac/issue/out_phase_reg[1]_replica_1/Q
                         net (fo=195, routed)         1.081     7.285    u_top/u_core/u_b/u_b_core/core/core/l5/mac/issue/issue_phase[1]_repN_1
    SLICE_X52Y148        LUT6 (Prop_lut6_I1_O)        0.105     7.390 r  u_top/u_core/u_b/u_b_core/core/core/l5/mac/issue/wr_ptr[1]_i_2_rewire/O
                         net (fo=56, routed)          1.167     8.558    u_top/u_core/u_b/u_b_core/core/core/l5/gk.frontend/win/window_ready
    SLICE_X71Y137        LUT3 (Prop_lut3_I1_O)        0.105     8.663 r  u_top/u_core/u_b/u_b_core/core/core/l5/gk.frontend/win/g_wide_read.g_read_slice[84].mem_slice_reg_0_3_0_5_i_1/O
                         net (fo=1056, routed)        1.847    10.509    u_top/u_core/u_b/u_b_core/core/core/l5/gk.frontend/fifo/g_wide_read.g_read_slice[95].mem_slice_reg_0_3_18_23/WE
    SLICE_X88Y101        RAMS32                                       r  u_top/u_core/u_b/u_b_core/core/core/l5/gk.frontend/fifo/g_wide_read.g_read_slice[95].mem_slice_reg_0_3_18_23/RAMD_D1/WE
  -------------------------------------------------------------------    -------------------

                         (clock u_top_n_1646 rise edge)
                                                      5.000     5.000 r  
    W19                                               0.000     5.000 r  sys_clk (IN)
                         net (fo=0)                   0.000     5.000    sys_clk
    W19                  IBUF (Prop_ibuf_I_O)         1.374     6.374 r  sys_clk_IBUF_inst/O
                         net (fo=1, routed)           1.004     7.378    u_top/sys_clk_IBUF
    MMCME2_ADV_X0Y2      MMCME2_ADV (Prop_mmcme2_adv_CLKIN1_CLKOUT0)
                                                      0.073     7.451 r  u_top/g_mmcm.u_mmcm/CLKOUT0
                         net (fo=1, routed)           1.488     8.938    u_top_n_1646
    BUFGCTRL_X0Y1        BUFG (Prop_bufg_I_O)         0.077     9.015 r  multiplier_s1_reg[29]_i_2_replica/O
                         net (fo=3, routed)           0.112     9.127    clk_200_repN
    BUFGCTRL_X0Y0        BUFG (Prop_bufg_I_O)         0.077     9.204 r  multiplier_s1_reg[29]_i_2/O
                         net (fo=62262, routed)       1.290    10.494    u_top/u_core/u_b/u_b_core/core/core/l5/gk.frontend/fifo/g_wide_read.g_read_slice[95].mem_slice_reg_0_3_18_23/WCLK
    SLICE_X88Y101        RAMS32                                       r  u_top/u_core/u_b/u_b_core/core/core/l5/gk.frontend/fifo/g_wide_read.g_read_slice[95].mem_slice_reg_0_3_18_23/RAMD_D1/CLK
                         clock pessimism              0.223    10.717    
                         clock uncertainty           -0.069    10.648    
    SLICE_X88Y101        RAMS32 (Setup_rams32_CLK_WE)
                                                     -0.431    10.217    u_top/u_core/u_b/u_b_core/core/core/l5/gk.frontend/fifo/g_wide_read.g_read_slice[95].mem_slice_reg_0_3_18_23/RAMD_D1
  -------------------------------------------------------------------
                         required time                         10.217    
                         arrival time                         -10.509    
  -------------------------------------------------------------------
                         slack                                 -0.292    

Slack (VIOLATED) :        -0.292ns  (required time - arrival time)
  Source:                 u_top/u_core/u_b/u_b_core/core/core/l5/gk.frontend/fifo/count_reg[2]_replica/C
                            (rising edge-triggered cell FDRE clocked by u_top_n_1646  {rise@0.000ns fall@2.500ns period=5.000ns})
  Destination:            u_top/u_core/u_b/u_b_core/core/core/l5/mac/issue/out_window_reg[6034]/CE
                            (rising edge-triggered cell FDRE clocked by u_top_n_1646  {rise@0.000ns fall@2.500ns period=5.000ns})
  Path Group:             u_top_n_1646
  Path Type:              Setup (Max at Slow Process Corner)
  Requirement:            5.000ns  (u_top_n_1646 rise@5.000ns - u_top_n_1646 rise@0.000ns)
  Data Path Delay:        4.975ns  (logic 0.589ns (11.840%)  route 4.386ns (88.160%))
  Logic Levels:           2  (LUT3=1 LUT6=1)
  Clock Path Skew:        -0.112ns (DCD - SCD + CPR)
    Destination Clock Delay (DCD):    5.497ns = ( 10.497 - 5.000 ) 
    Source Clock Delay      (SCD):    5.832ns
    Clock Pessimism Removal (CPR):    0.223ns
  Clock Uncertainty:      0.069ns  ((TSJ^2 + DJ^2)^1/2) / 2 + PE + UU
    Total System Jitter     (TSJ):    0.071ns
    Discrete Jitter          (DJ):    0.118ns
    Phase Error              (PE):    0.000ns
    User Uncertainty         (UU):    0.000ns

    Location             Delay type                Incr(ns)  Path(ns)    Netlist Resource(s)
  -------------------------------------------------------------------    -------------------
                         (clock u_top_n_1646 rise edge)
                                                      0.000     0.000 r  
    W19                                               0.000     0.000 r  sys_clk (IN)
                         net (fo=0)                   0.000     0.000    sys_clk
    W19                  IBUF (Prop_ibuf_I_O)         1.440     1.440 r  sys_clk_IBUF_inst/O
                         net (fo=1, routed)           1.065     2.505    u_top/sys_clk_IBUF
    MMCME2_ADV_X0Y2      MMCME2_ADV (Prop_mmcme2_adv_CLKIN1_CLKOUT0)
                                                      0.077     2.582 r  u_top/g_mmcm.u_mmcm/CLKOUT0
                         net (fo=1, routed)           1.559     4.141    u_top_n_1646
    BUFGCTRL_X0Y1        BUFG (Prop_bufg_I_O)         0.081     4.222 r  multiplier_s1_reg[29]_i_2_replica/O
                         net (fo=3, routed)           0.118     4.340    clk_200_repN
    BUFGCTRL_X0Y0        BUFG (Prop_bufg_I_O)         0.081     4.421 r  multiplier_s1_reg[29]_i_2/O
                         net (fo=62262, routed)       1.411     5.832    u_top/u_core/u_b/u_b_core/core/core/l5/gk.frontend/fifo/clk_200
    SLICE_X55Y104        FDRE                                         r  u_top/u_core/u_b/u_b_core/core/core/l5/gk.frontend/fifo/count_reg[2]_replica/C
  -------------------------------------------------------------------    -------------------
    SLICE_X55Y104        FDRE (Prop_fdre_C_Q)         0.379     6.211 r  u_top/u_core/u_b/u_b_core/core/core/l5/gk.frontend/fifo/count_reg[2]_replica/Q
                         net (fo=11, routed)          1.172     7.383    u_top/u_core/u_b/u_b_core/core/core/l5/gk.frontend/fifo/count_reg[2]_0[0]_repN
    SLICE_X48Y127        LUT3 (Prop_lut3_I0_O)        0.105     7.488 r  u_top/u_core/u_b/u_b_core/core/core/l5/gk.frontend/fifo/out_phase[0]_i_3/O
                         net (fo=22, routed)          0.717     8.206    u_top/u_core/u_b/u_b_core/core/core/l5/mac/issue/window_valid
    SLICE_X49Y140        LUT6 (Prop_lut6_I2_O)        0.105     8.311 r  u_top/u_core/u_b/u_b_core/core/core/l5/mac/issue/out_window[6399]_i_1/O
                         net (fo=6400, routed)        2.496    10.807    u_top/u_core/u_b/u_b_core/core/core/l5/mac/issue/out_window[6399]_i_1_n_0
    SLICE_X90Y105        FDRE                                         r  u_top/u_core/u_b/u_b_core/core/core/l5/mac/issue/out_window_reg[6034]/CE
  -------------------------------------------------------------------    -------------------

                         (clock u_top_n_1646 rise edge)
                                                      5.000     5.000 r  
    W19                                               0.000     5.000 r  sys_clk (IN)
                         net (fo=0)                   0.000     5.000    sys_clk
    W19                  IBUF (Prop_ibuf_I_O)         1.374     6.374 r  sys_clk_IBUF_inst/O
                         net (fo=1, routed)           1.004     7.378    u_top/sys_clk_IBUF
    MMCME2_ADV_X0Y2      MMCME2_ADV (Prop_mmcme2_adv_CLKIN1_CLKOUT0)
                                                      0.073     7.451 r  u_top/g_mmcm.u_mmcm/CLKOUT0
                         net (fo=1, routed)           1.488     8.938    u_top_n_1646
    BUFGCTRL_X0Y1        BUFG (Prop_bufg_I_O)         0.077     9.015 r  multiplier_s1_reg[29]_i_2_replica/O
                         net (fo=3, routed)           0.112     9.127    clk_200_repN
    BUFGCTRL_X0Y0        BUFG (Prop_bufg_I_O)         0.077     9.204 r  multiplier_s1_reg[29]_i_2/O
                         net (fo=62262, routed)       1.293    10.497    u_top/u_core/u_b/u_b_core/core/core/l5/mac/issue/clk_200
    SLICE_X90Y105        FDRE                                         r  u_top/u_core/u_b/u_b_core/core/core/l5/mac/issue/out_window_reg[6034]/C
                         clock pessimism              0.223    10.720    
                         clock uncertainty           -0.069    10.651    
    SLICE_X90Y105        FDRE (Setup_fdre_C_CE)      -0.136    10.515    u_top/u_core/u_b/u_b_core/core/core/l5/mac/issue/out_window_reg[6034]
  -------------------------------------------------------------------
                         required time                         10.515    
                         arrival time                         -10.807    
  -------------------------------------------------------------------
                         slack                                 -0.292    

Slack (VIOLATED) :        -0.292ns  (required time - arrival time)
  Source:                 u_top/u_core/u_b/u_b_core/core/core/l5/gk.frontend/fifo/count_reg[2]_replica/C
                            (rising edge-triggered cell FDRE clocked by u_top_n_1646  {rise@0.000ns fall@2.500ns period=5.000ns})
  Destination:            u_top/u_core/u_b/u_b_core/core/core/l5/mac/issue/out_window_reg[6035]/CE
                            (rising edge-triggered cell FDRE clocked by u_top_n_1646  {rise@0.000ns fall@2.500ns period=5.000ns})
  Path Group:             u_top_n_1646
  Path Type:              Setup (Max at Slow Process Corner)
  Requirement:            5.000ns  (u_top_n_1646 rise@5.000ns - u_top_n_1646 rise@0.000ns)
  Data Path Delay:        4.975ns  (logic 0.589ns (11.840%)  route 4.386ns (88.160%))
  Logic Levels:           2  (LUT3=1 LUT6=1)
  Clock Path Skew:        -0.112ns (DCD - SCD + CPR)
    Destination Clock Delay (DCD):    5.497ns = ( 10.497 - 5.000 ) 
    Source Clock Delay      (SCD):    5.832ns
    Clock Pessimism Removal (CPR):    0.223ns
  Clock Uncertainty:      0.069ns  ((TSJ^2 + DJ^2)^1/2) / 2 + PE + UU
    Total System Jitter     (TSJ):    0.071ns
    Discrete Jitter          (DJ):    0.118ns
    Phase Error              (PE):    0.000ns
    User Uncertainty         (UU):    0.000ns

    Location             Delay type                Incr(ns)  Path(ns)    Netlist Resource(s)
  -------------------------------------------------------------------    -------------------
                         (clock u_top_n_1646 rise edge)
                                                      0.000     0.000 r  
    W19                                               0.000     0.000 r  sys_clk (IN)
                         net (fo=0)                   0.000     0.000    sys_clk
    W19                  IBUF (Prop_ibuf_I_O)         1.440     1.440 r  sys_clk_IBUF_inst/O
                         net (fo=1, routed)           1.065     2.505    u_top/sys_clk_IBUF
    MMCME2_ADV_X0Y2      MMCME2_ADV (Prop_mmcme2_adv_CLKIN1_CLKOUT0)
                                                      0.077     2.582 r  u_top/g_mmcm.u_mmcm/CLKOUT0
                         net (fo=1, routed)           1.559     4.141    u_top_n_1646
    BUFGCTRL_X0Y1        BUFG (Prop_bufg_I_O)         0.081     4.222 r  multiplier_s1_reg[29]_i_2_replica/O
                         net (fo=3, routed)           0.118     4.340    clk_200_repN
    BUFGCTRL_X0Y0        BUFG (Prop_bufg_I_O)         0.081     4.421 r  multiplier_s1_reg[29]_i_2/O
                         net (fo=62262, routed)       1.411     5.832    u_top/u_core/u_b/u_b_core/core/core/l5/gk.frontend/fifo/clk_200
    SLICE_X55Y104        FDRE                                         r  u_top/u_core/u_b/u_b_core/core/core/l5/gk.frontend/fifo/count_reg[2]_replica/C
  -------------------------------------------------------------------    -------------------
    SLICE_X55Y104        FDRE (Prop_fdre_C_Q)         0.379     6.211 r  u_top/u_core/u_b/u_b_core/core/core/l5/gk.frontend/fifo/count_reg[2]_replica/Q
                         net (fo=11, routed)          1.172     7.383    u_top/u_core/u_b/u_b_core/core/core/l5/gk.frontend/fifo/count_reg[2]_0[0]_repN
    SLICE_X48Y127        LUT3 (Prop_lut3_I0_O)        0.105     7.488 r  u_top/u_core/u_b/u_b_core/core/core/l5/gk.frontend/fifo/out_phase[0]_i_3/O
                         net (fo=22, routed)          0.717     8.206    u_top/u_core/u_b/u_b_core/core/core/l5/mac/issue/window_valid
    SLICE_X49Y140        LUT6 (Prop_lut6_I2_O)        0.105     8.311 r  u_top/u_core/u_b/u_b_core/core/core/l5/mac/issue/out_window[6399]_i_1/O
                         net (fo=6400, routed)        2.496    10.807    u_top/u_core/u_b/u_b_core/core/core/l5/mac/issue/out_window[6399]_i_1_n_0
    SLICE_X90Y105        FDRE                                         r  u_top/u_core/u_b/u_b_core/core/core/l5/mac/issue/out_window_reg[6035]/CE
  -------------------------------------------------------------------    -------------------

                         (clock u_top_n_1646 rise edge)
                                                      5.000     5.000 r  
    W19                                               0.000     5.000 r  sys_clk (IN)
                         net (fo=0)                   0.000     5.000    sys_clk
    W19                  IBUF (Prop_ibuf_I_O)         1.374     6.374 r  sys_clk_IBUF_inst/O
                         net (fo=1, routed)           1.004     7.378    u_top/sys_clk_IBUF
    MMCME2_ADV_X0Y2      MMCME2_ADV (Prop_mmcme2_adv_CLKIN1_CLKOUT0)
                                                      0.073     7.451 r  u_top/g_mmcm.u_mmcm/CLKOUT0
                         net (fo=1, routed)           1.488     8.938    u_top_n_1646
    BUFGCTRL_X0Y1        BUFG (Prop_bufg_I_O)         0.077     9.015 r  multiplier_s1_reg[29]_i_2_replica/O
                         net (fo=3, routed)           0.112     9.127    clk_200_repN
    BUFGCTRL_X0Y0        BUFG (Prop_bufg_I_O)         0.077     9.204 r  multiplier_s1_reg[29]_i_2/O
                         net (fo=62262, routed)       1.293    10.497    u_top/u_core/u_b/u_b_core/core/core/l5/mac/issue/clk_200
    SLICE_X90Y105        FDRE                                         r  u_top/u_core/u_b/u_b_core/core/core/l5/mac/issue/out_window_reg[6035]/C
                         clock pessimism              0.223    10.720    
                         clock uncertainty           -0.069    10.651    
    SLICE_X90Y105        FDRE (Setup_fdre_C_CE)      -0.136    10.515    u_top/u_core/u_b/u_b_core/core/core/l5/mac/issue/out_window_reg[6035]
  -------------------------------------------------------------------
                         required time                         10.515    
                         arrival time                         -10.807    
  -------------------------------------------------------------------
                         slack                                 -0.292    

Slack (VIOLATED) :        -0.292ns  (required time - arrival time)
  Source:                 u_top/u_core/u_b/u_b_core/core/core/l5/gk.frontend/fifo/count_reg[2]_replica/C
                            (rising edge-triggered cell FDRE clocked by u_top_n_1646  {rise@0.000ns fall@2.500ns period=5.000ns})
  Destination:            u_top/u_core/u_b/u_b_core/core/core/l5/mac/issue/out_window_reg[6036]/CE
                            (rising edge-triggered cell FDRE clocked by u_top_n_1646  {rise@0.000ns fall@2.500ns period=5.000ns})
  Path Group:             u_top_n_1646
  Path Type:              Setup (Max at Slow Process Corner)
  Requirement:            5.000ns  (u_top_n_1646 rise@5.000ns - u_top_n_1646 rise@0.000ns)
  Data Path Delay:        4.975ns  (logic 0.589ns (11.840%)  route 4.386ns (88.160%))
  Logic Levels:           2  (LUT3=1 LUT6=1)
  Clock Path Skew:        -0.112ns (DCD - SCD + CPR)
    Destination Clock Delay (DCD):    5.497ns = ( 10.497 - 5.000 ) 
    Source Clock Delay      (SCD):    5.832ns
    Clock Pessimism Removal (CPR):    0.223ns
  Clock Uncertainty:      0.069ns  ((TSJ^2 + DJ^2)^1/2) / 2 + PE + UU
    Total System Jitter     (TSJ):    0.071ns
    Discrete Jitter          (DJ):    0.118ns
    Phase Error              (PE):    0.000ns
    User Uncertainty         (UU):    0.000ns

    Location             Delay type                Incr(ns)  Path(ns)    Netlist Resource(s)
  -------------------------------------------------------------------    -------------------
                         (clock u_top_n_1646 rise edge)
                                                      0.000     0.000 r  
    W19                                               0.000     0.000 r  sys_clk (IN)
                         net (fo=0)                   0.000     0.000    sys_clk
    W19                  IBUF (Prop_ibuf_I_O)         1.440     1.440 r  sys_clk_IBUF_inst/O
                         net (fo=1, routed)           1.065     2.505    u_top/sys_clk_IBUF
    MMCME2_ADV_X0Y2      MMCME2_ADV (Prop_mmcme2_adv_CLKIN1_CLKOUT0)
                                                      0.077     2.582 r  u_top/g_mmcm.u_mmcm/CLKOUT0
                         net (fo=1, routed)           1.559     4.141    u_top_n_1646
    BUFGCTRL_X0Y1        BUFG (Prop_bufg_I_O)         0.081     4.222 r  multiplier_s1_reg[29]_i_2_replica/O
                         net (fo=3, routed)           0.118     4.340    clk_200_repN
    BUFGCTRL_X0Y0        BUFG (Prop_bufg_I_O)         0.081     4.421 r  multiplier_s1_reg[29]_i_2/O
                         net (fo=62262, routed)       1.411     5.832    u_top/u_core/u_b/u_b_core/core/core/l5/gk.frontend/fifo/clk_200
    SLICE_X55Y104        FDRE                                         r  u_top/u_core/u_b/u_b_core/core/core/l5/gk.frontend/fifo/count_reg[2]_replica/C
  -------------------------------------------------------------------    -------------------
    SLICE_X55Y104        FDRE (Prop_fdre_C_Q)         0.379     6.211 r  u_top/u_core/u_b/u_b_core/core/core/l5/gk.frontend/fifo/count_reg[2]_replica/Q
                         net (fo=11, routed)          1.172     7.383    u_top/u_core/u_b/u_b_core/core/core/l5/gk.frontend/fifo/count_reg[2]_0[0]_repN
    SLICE_X48Y127        LUT3 (Prop_lut3_I0_O)        0.105     7.488 r  u_top/u_core/u_b/u_b_core/core/core/l5/gk.frontend/fifo/out_phase[0]_i_3/O
                         net (fo=22, routed)          0.717     8.206    u_top/u_core/u_b/u_b_core/core/core/l5/mac/issue/window_valid
    SLICE_X49Y140        LUT6 (Prop_lut6_I2_O)        0.105     8.311 r  u_top/u_core/u_b/u_b_core/core/core/l5/mac/issue/out_window[6399]_i_1/O
                         net (fo=6400, routed)        2.496    10.807    u_top/u_core/u_b/u_b_core/core/core/l5/mac/issue/out_window[6399]_i_1_n_0
    SLICE_X90Y105        FDRE                                         r  u_top/u_core/u_b/u_b_core/core/core/l5/mac/issue/out_window_reg[6036]/CE
  -------------------------------------------------------------------    -------------------

                         (clock u_top_n_1646 rise edge)
                                                      5.000     5.000 r  
    W19                                               0.000     5.000 r  sys_clk (IN)
                         net (fo=0)                   0.000     5.000    sys_clk
    W19                  IBUF (Prop_ibuf_I_O)         1.374     6.374 r  sys_clk_IBUF_inst/O
                         net (fo=1, routed)           1.004     7.378    u_top/sys_clk_IBUF
    MMCME2_ADV_X0Y2      MMCME2_ADV (Prop_mmcme2_adv_CLKIN1_CLKOUT0)
                                                      0.073     7.451 r  u_top/g_mmcm.u_mmcm/CLKOUT0
                         net (fo=1, routed)           1.488     8.938    u_top_n_1646
    BUFGCTRL_X0Y1        BUFG (Prop_bufg_I_O)         0.077     9.015 r  multiplier_s1_reg[29]_i_2_replica/O
                         net (fo=3, routed)           0.112     9.127    clk_200_repN
    BUFGCTRL_X0Y0        BUFG (Prop_bufg_I_O)         0.077     9.204 r  multiplier_s1_reg[29]_i_2/O
                         net (fo=62262, routed)       1.293    10.497    u_top/u_core/u_b/u_b_core/core/core/l5/mac/issue/clk_200
    SLICE_X90Y105        FDRE                                         r  u_top/u_core/u_b/u_b_core/core/core/l5/mac/issue/out_window_reg[6036]/C
                         clock pessimism              0.223    10.720    
                         clock uncertainty           -0.069    10.651    
    SLICE_X90Y105        FDRE (Setup_fdre_C_CE)      -0.136    10.515    u_top/u_core/u_b/u_b_core/core/core/l5/mac/issue/out_window_reg[6036]
  -------------------------------------------------------------------
                         required time                         10.515    
                         arrival time                         -10.807    
  -------------------------------------------------------------------
                         slack                                 -0.292    

Slack (VIOLATED) :        -0.292ns  (required time - arrival time)
  Source:                 u_top/u_core/u_b/u_b_core/core/core/l5/gk.frontend/fifo/count_reg[2]_replica/C
                            (rising edge-triggered cell FDRE clocked by u_top_n_1646  {rise@0.000ns fall@2.500ns period=5.000ns})
  Destination:            u_top/u_core/u_b/u_b_core/core/core/l5/mac/issue/out_window_reg[6037]/CE
                            (rising edge-triggered cell FDRE clocked by u_top_n_1646  {rise@0.000ns fall@2.500ns period=5.000ns})
  Path Group:             u_top_n_1646
  Path Type:              Setup (Max at Slow Process Corner)
  Requirement:            5.000ns  (u_top_n_1646 rise@5.000ns - u_top_n_1646 rise@0.000ns)
  Data Path Delay:        4.975ns  (logic 0.589ns (11.840%)  route 4.386ns (88.160%))
  Logic Levels:           2  (LUT3=1 LUT6=1)
  Clock Path Skew:        -0.112ns (DCD - SCD + CPR)
    Destination Clock Delay (DCD):    5.497ns = ( 10.497 - 5.000 ) 
    Source Clock Delay      (SCD):    5.832ns
    Clock Pessimism Removal (CPR):    0.223ns
  Clock Uncertainty:      0.069ns  ((TSJ^2 + DJ^2)^1/2) / 2 + PE + UU
    Total System Jitter     (TSJ):    0.071ns
    Discrete Jitter          (DJ):    0.118ns
    Phase Error              (PE):    0.000ns
    User Uncertainty         (UU):    0.000ns

    Location             Delay type                Incr(ns)  Path(ns)    Netlist Resource(s)
  -------------------------------------------------------------------    -------------------
                         (clock u_top_n_1646 rise edge)
                                                      0.000     0.000 r  
    W19                                               0.000     0.000 r  sys_clk (IN)
                         net (fo=0)                   0.000     0.000    sys_clk
    W19                  IBUF (Prop_ibuf_I_O)         1.440     1.440 r  sys_clk_IBUF_inst/O
                         net (fo=1, routed)           1.065     2.505    u_top/sys_clk_IBUF
    MMCME2_ADV_X0Y2      MMCME2_ADV (Prop_mmcme2_adv_CLKIN1_CLKOUT0)
                                                      0.077     2.582 r  u_top/g_mmcm.u_mmcm/CLKOUT0
                         net (fo=1, routed)           1.559     4.141    u_top_n_1646
    BUFGCTRL_X0Y1        BUFG (Prop_bufg_I_O)         0.081     4.222 r  multiplier_s1_reg[29]_i_2_replica/O
                         net (fo=3, routed)           0.118     4.340    clk_200_repN
    BUFGCTRL_X0Y0        BUFG (Prop_bufg_I_O)         0.081     4.421 r  multiplier_s1_reg[29]_i_2/O
                         net (fo=62262, routed)       1.411     5.832    u_top/u_core/u_b/u_b_core/core/core/l5/gk.frontend/fifo/clk_200
    SLICE_X55Y104        FDRE                                         r  u_top/u_core/u_b/u_b_core/core/core/l5/gk.frontend/fifo/count_reg[2]_replica/C
  -------------------------------------------------------------------    -------------------
    SLICE_X55Y104        FDRE (Prop_fdre_C_Q)         0.379     6.211 r  u_top/u_core/u_b/u_b_core/core/core/l5/gk.frontend/fifo/count_reg[2]_replica/Q
                         net (fo=11, routed)          1.172     7.383    u_top/u_core/u_b/u_b_core/core/core/l5/gk.frontend/fifo/count_reg[2]_0[0]_repN
    SLICE_X48Y127        LUT3 (Prop_lut3_I0_O)        0.105     7.488 r  u_top/u_core/u_b/u_b_core/core/core/l5/gk.frontend/fifo/out_phase[0]_i_3/O
                         net (fo=22, routed)          0.717     8.206    u_top/u_core/u_b/u_b_core/core/core/l5/mac/issue/window_valid
    SLICE_X49Y140        LUT6 (Prop_lut6_I2_O)        0.105     8.311 r  u_top/u_core/u_b/u_b_core/core/core/l5/mac/issue/out_window[6399]_i_1/O
                         net (fo=6400, routed)        2.496    10.807    u_top/u_core/u_b/u_b_core/core/core/l5/mac/issue/out_window[6399]_i_1_n_0
    SLICE_X90Y105        FDRE                                         r  u_top/u_core/u_b/u_b_core/core/core/l5/mac/issue/out_window_reg[6037]/CE
  -------------------------------------------------------------------    -------------------

                         (clock u_top_n_1646 rise edge)
                                                      5.000     5.000 r  
    W19                                               0.000     5.000 r  sys_clk (IN)
                         net (fo=0)                   0.000     5.000    sys_clk
    W19                  IBUF (Prop_ibuf_I_O)         1.374     6.374 r  sys_clk_IBUF_inst/O
                         net (fo=1, routed)           1.004     7.378    u_top/sys_clk_IBUF
    MMCME2_ADV_X0Y2      MMCME2_ADV (Prop_mmcme2_adv_CLKIN1_CLKOUT0)
                                                      0.073     7.451 r  u_top/g_mmcm.u_mmcm/CLKOUT0
                         net (fo=1, routed)           1.488     8.938    u_top_n_1646
    BUFGCTRL_X0Y1        BUFG (Prop_bufg_I_O)         0.077     9.015 r  multiplier_s1_reg[29]_i_2_replica/O
                         net (fo=3, routed)           0.112     9.127    clk_200_repN
    BUFGCTRL_X0Y0        BUFG (Prop_bufg_I_O)         0.077     9.204 r  multiplier_s1_reg[29]_i_2/O
                         net (fo=62262, routed)       1.293    10.497    u_top/u_core/u_b/u_b_core/core/core/l5/mac/issue/clk_200
    SLICE_X90Y105        FDRE                                         r  u_top/u_core/u_b/u_b_core/core/core/l5/mac/issue/out_window_reg[6037]/C
                         clock pessimism              0.223    10.720    
                         clock uncertainty           -0.069    10.651    
    SLICE_X90Y105        FDRE (Setup_fdre_C_CE)      -0.136    10.515    u_top/u_core/u_b/u_b_core/core/core/l5/mac/issue/out_window_reg[6037]
  -------------------------------------------------------------------
                         required time                         10.515    
                         arrival time                         -10.807    
  -------------------------------------------------------------------
                         slack                                 -0.292    

Slack (VIOLATED) :        -0.292ns  (required time - arrival time)
  Source:                 u_top/u_core/u_b/u_b_core/core/core/l5/gk.frontend/fifo/count_reg[2]_replica/C
                            (rising edge-triggered cell FDRE clocked by u_top_n_1646  {rise@0.000ns fall@2.500ns period=5.000ns})
  Destination:            u_top/u_core/u_b/u_b_core/core/core/l5/mac/issue/out_window_reg[6038]/CE
                            (rising edge-triggered cell FDRE clocked by u_top_n_1646  {rise@0.000ns fall@2.500ns period=5.000ns})
  Path Group:             u_top_n_1646
  Path Type:              Setup (Max at Slow Process Corner)
  Requirement:            5.000ns  (u_top_n_1646 rise@5.000ns - u_top_n_1646 rise@0.000ns)
  Data Path Delay:        4.975ns  (logic 0.589ns (11.840%)  route 4.386ns (88.160%))
  Logic Levels:           2  (LUT3=1 LUT6=1)
  Clock Path Skew:        -0.112ns (DCD - SCD + CPR)
    Destination Clock Delay (DCD):    5.497ns = ( 10.497 - 5.000 ) 
    Source Clock Delay      (SCD):    5.832ns
    Clock Pessimism Removal (CPR):    0.223ns
  Clock Uncertainty:      0.069ns  ((TSJ^2 + DJ^2)^1/2) / 2 + PE + UU
    Total System Jitter     (TSJ):    0.071ns
    Discrete Jitter          (DJ):    0.118ns
    Phase Error              (PE):    0.000ns
    User Uncertainty         (UU):    0.000ns

    Location             Delay type                Incr(ns)  Path(ns)    Netlist Resource(s)
  -------------------------------------------------------------------    -------------------
                         (clock u_top_n_1646 rise edge)
                                                      0.000     0.000 r  
    W19                                               0.000     0.000 r  sys_clk (IN)
                         net (fo=0)                   0.000     0.000    sys_clk
    W19                  IBUF (Prop_ibuf_I_O)         1.440     1.440 r  sys_clk_IBUF_inst/O
                         net (fo=1, routed)           1.065     2.505    u_top/sys_clk_IBUF
    MMCME2_ADV_X0Y2      MMCME2_ADV (Prop_mmcme2_adv_CLKIN1_CLKOUT0)
                                                      0.077     2.582 r  u_top/g_mmcm.u_mmcm/CLKOUT0
                         net (fo=1, routed)           1.559     4.141    u_top_n_1646
    BUFGCTRL_X0Y1        BUFG (Prop_bufg_I_O)         0.081     4.222 r  multiplier_s1_reg[29]_i_2_replica/O
                         net (fo=3, routed)           0.118     4.340    clk_200_repN
    BUFGCTRL_X0Y0        BUFG (Prop_bufg_I_O)         0.081     4.421 r  multiplier_s1_reg[29]_i_2/O
                         net (fo=62262, routed)       1.411     5.832    u_top/u_core/u_b/u_b_core/core/core/l5/gk.frontend/fifo/clk_200
    SLICE_X55Y104        FDRE                                         r  u_top/u_core/u_b/u_b_core/core/core/l5/gk.frontend/fifo/count_reg[2]_replica/C
  -------------------------------------------------------------------    -------------------
    SLICE_X55Y104        FDRE (Prop_fdre_C_Q)         0.379     6.211 r  u_top/u_core/u_b/u_b_core/core/core/l5/gk.frontend/fifo/count_reg[2]_replica/Q
                         net (fo=11, routed)          1.172     7.383    u_top/u_core/u_b/u_b_core/core/core/l5/gk.frontend/fifo/count_reg[2]_0[0]_repN
    SLICE_X48Y127        LUT3 (Prop_lut3_I0_O)        0.105     7.488 r  u_top/u_core/u_b/u_b_core/core/core/l5/gk.frontend/fifo/out_phase[0]_i_3/O
                         net (fo=22, routed)          0.717     8.206    u_top/u_core/u_b/u_b_core/core/core/l5/mac/issue/window_valid
    SLICE_X49Y140        LUT6 (Prop_lut6_I2_O)        0.105     8.311 r  u_top/u_core/u_b/u_b_core/core/core/l5/mac/issue/out_window[6399]_i_1/O
                         net (fo=6400, routed)        2.496    10.807    u_top/u_core/u_b/u_b_core/core/core/l5/mac/issue/out_window[6399]_i_1_n_0
    SLICE_X90Y105        FDRE                                         r  u_top/u_core/u_b/u_b_core/core/core/l5/mac/issue/out_window_reg[6038]/CE
  -------------------------------------------------------------------    -------------------

                         (clock u_top_n_1646 rise edge)
                                                      5.000     5.000 r  
    W19                                               0.000     5.000 r  sys_clk (IN)
                         net (fo=0)                   0.000     5.000    sys_clk
    W19                  IBUF (Prop_ibuf_I_O)         1.374     6.374 r  sys_clk_IBUF_inst/O
                         net (fo=1, routed)           1.004     7.378    u_top/sys_clk_IBUF
    MMCME2_ADV_X0Y2      MMCME2_ADV (Prop_mmcme2_adv_CLKIN1_CLKOUT0)
                                                      0.073     7.451 r  u_top/g_mmcm.u_mmcm/CLKOUT0
                         net (fo=1, routed)           1.488     8.938    u_top_n_1646
    BUFGCTRL_X0Y1        BUFG (Prop_bufg_I_O)         0.077     9.015 r  multiplier_s1_reg[29]_i_2_replica/O
                         net (fo=3, routed)           0.112     9.127    clk_200_repN
    BUFGCTRL_X0Y0        BUFG (Prop_bufg_I_O)         0.077     9.204 r  multiplier_s1_reg[29]_i_2/O
                         net (fo=62262, routed)       1.293    10.497    u_top/u_core/u_b/u_b_core/core/core/l5/mac/issue/clk_200
    SLICE_X90Y105        FDRE                                         r  u_top/u_core/u_b/u_b_core/core/core/l5/mac/issue/out_window_reg[6038]/C
                         clock pessimism              0.223    10.720    
                         clock uncertainty           -0.069    10.651    
    SLICE_X90Y105        FDRE (Setup_fdre_C_CE)      -0.136    10.515    u_top/u_core/u_b/u_b_core/core/core/l5/mac/issue/out_window_reg[6038]
  -------------------------------------------------------------------
                         required time                         10.515    
                         arrival time                         -10.807    
  -------------------------------------------------------------------
                         slack                                 -0.292    

Slack (VIOLATED) :        -0.292ns  (required time - arrival time)
  Source:                 u_top/u_core/u_b/u_b_core/core/core/l5/gk.frontend/fifo/count_reg[2]_replica/C
                            (rising edge-triggered cell FDRE clocked by u_top_n_1646  {rise@0.000ns fall@2.500ns period=5.000ns})
  Destination:            u_top/u_core/u_b/u_b_core/core/core/l5/mac/issue/out_window_reg[6039]/CE
                            (rising edge-triggered cell FDRE clocked by u_top_n_1646  {rise@0.000ns fall@2.500ns period=5.000ns})
  Path Group:             u_top_n_1646
  Path Type:              Setup (Max at Slow Process Corner)
  Requirement:            5.000ns  (u_top_n_1646 rise@5.000ns - u_top_n_1646 rise@0.000ns)
  Data Path Delay:        4.975ns  (logic 0.589ns (11.840%)  route 4.386ns (88.160%))
  Logic Levels:           2  (LUT3=1 LUT6=1)
  Clock Path Skew:        -0.112ns (DCD - SCD + CPR)
    Destination Clock Delay (DCD):    5.497ns = ( 10.497 - 5.000 ) 
    Source Clock Delay      (SCD):    5.832ns
    Clock Pessimism Removal (CPR):    0.223ns
  Clock Uncertainty:      0.069ns  ((TSJ^2 + DJ^2)^1/2) / 2 + PE + UU
    Total System Jitter     (TSJ):    0.071ns
    Discrete Jitter          (DJ):    0.118ns
    Phase Error              (PE):    0.000ns
    User Uncertainty         (UU):    0.000ns

    Location             Delay type                Incr(ns)  Path(ns)    Netlist Resource(s)
  -------------------------------------------------------------------    -------------------
                         (clock u_top_n_1646 rise edge)
                                                      0.000     0.000 r  
    W19                                               0.000     0.000 r  sys_clk (IN)
                         net (fo=0)                   0.000     0.000    sys_clk
    W19                  IBUF (Prop_ibuf_I_O)         1.440     1.440 r  sys_clk_IBUF_inst/O
                         net (fo=1, routed)           1.065     2.505    u_top/sys_clk_IBUF
    MMCME2_ADV_X0Y2      MMCME2_ADV (Prop_mmcme2_adv_CLKIN1_CLKOUT0)
                                                      0.077     2.582 r  u_top/g_mmcm.u_mmcm/CLKOUT0
                         net (fo=1, routed)           1.559     4.141    u_top_n_1646
    BUFGCTRL_X0Y1        BUFG (Prop_bufg_I_O)         0.081     4.222 r  multiplier_s1_reg[29]_i_2_replica/O
                         net (fo=3, routed)           0.118     4.340    clk_200_repN
    BUFGCTRL_X0Y0        BUFG (Prop_bufg_I_O)         0.081     4.421 r  multiplier_s1_reg[29]_i_2/O
                         net (fo=62262, routed)       1.411     5.832    u_top/u_core/u_b/u_b_core/core/core/l5/gk.frontend/fifo/clk_200
    SLICE_X55Y104        FDRE                                         r  u_top/u_core/u_b/u_b_core/core/core/l5/gk.frontend/fifo/count_reg[2]_replica/C
  -------------------------------------------------------------------    -------------------
    SLICE_X55Y104        FDRE (Prop_fdre_C_Q)         0.379     6.211 r  u_top/u_core/u_b/u_b_core/core/core/l5/gk.frontend/fifo/count_reg[2]_replica/Q
                         net (fo=11, routed)          1.172     7.383    u_top/u_core/u_b/u_b_core/core/core/l5/gk.frontend/fifo/count_reg[2]_0[0]_repN
    SLICE_X48Y127        LUT3 (Prop_lut3_I0_O)        0.105     7.488 r  u_top/u_core/u_b/u_b_core/core/core/l5/gk.frontend/fifo/out_phase[0]_i_3/O
                         net (fo=22, routed)          0.717     8.206    u_top/u_core/u_b/u_b_core/core/core/l5/mac/issue/window_valid
    SLICE_X49Y140        LUT6 (Prop_lut6_I2_O)        0.105     8.311 r  u_top/u_core/u_b/u_b_core/core/core/l5/mac/issue/out_window[6399]_i_1/O
                         net (fo=6400, routed)        2.496    10.807    u_top/u_core/u_b/u_b_core/core/core/l5/mac/issue/out_window[6399]_i_1_n_0
    SLICE_X90Y105        FDRE                                         r  u_top/u_core/u_b/u_b_core/core/core/l5/mac/issue/out_window_reg[6039]/CE
  -------------------------------------------------------------------    -------------------

                         (clock u_top_n_1646 rise edge)
                                                      5.000     5.000 r  
    W19                                               0.000     5.000 r  sys_clk (IN)
                         net (fo=0)                   0.000     5.000    sys_clk
    W19                  IBUF (Prop_ibuf_I_O)         1.374     6.374 r  sys_clk_IBUF_inst/O
                         net (fo=1, routed)           1.004     7.378    u_top/sys_clk_IBUF
    MMCME2_ADV_X0Y2      MMCME2_ADV (Prop_mmcme2_adv_CLKIN1_CLKOUT0)
                                                      0.073     7.451 r  u_top/g_mmcm.u_mmcm/CLKOUT0
                         net (fo=1, routed)           1.488     8.938    u_top_n_1646
    BUFGCTRL_X0Y1        BUFG (Prop_bufg_I_O)         0.077     9.015 r  multiplier_s1_reg[29]_i_2_replica/O
                         net (fo=3, routed)           0.112     9.127    clk_200_repN
    BUFGCTRL_X0Y0        BUFG (Prop_bufg_I_O)         0.077     9.204 r  multiplier_s1_reg[29]_i_2/O
                         net (fo=62262, routed)       1.293    10.497    u_top/u_core/u_b/u_b_core/core/core/l5/mac/issue/clk_200
    SLICE_X90Y105        FDRE                                         r  u_top/u_core/u_b/u_b_core/core/core/l5/mac/issue/out_window_reg[6039]/C
                         clock pessimism              0.223    10.720    
                         clock uncertainty           -0.069    10.651    
    SLICE_X90Y105        FDRE (Setup_fdre_C_CE)      -0.136    10.515    u_top/u_core/u_b/u_b_core/core/core/l5/mac/issue/out_window_reg[6039]
  -------------------------------------------------------------------
                         required time                         10.515    
                         arrival time                         -10.807    
  -------------------------------------------------------------------
                         slack                                 -0.292    

Slack (VIOLATED) :        -0.291ns  (required time - arrival time)
  Source:                 u_top/u_core/u_b/u_b_core/core/core/l5/mac/issue/out_phase_reg[1]_replica_1/C
                            (rising edge-triggered cell FDRE clocked by u_top_n_1646  {rise@0.000ns fall@2.500ns period=5.000ns})
  Destination:            u_top/u_core/u_b/u_b_core/core/core/l5/gk.frontend/fifo/g_wide_read.g_read_slice[94].mem_slice_reg_0_3_48_53/RAMA/WE
                            (rising edge-triggered cell RAMD32 clocked by u_top_n_1646  {rise@0.000ns fall@2.500ns period=5.000ns})
  Path Group:             u_top_n_1646
  Path Type:              Setup (Max at Slow Process Corner)
  Requirement:            5.000ns  (u_top_n_1646 rise@5.000ns - u_top_n_1646 rise@0.000ns)
  Data Path Delay:        4.820ns  (logic 0.589ns (12.219%)  route 4.231ns (87.781%))
  Logic Levels:           2  (LUT3=1 LUT6=1)
  Clock Path Skew:        0.029ns (DCD - SCD + CPR)
    Destination Clock Delay (DCD):    5.631ns = ( 10.631 - 5.000 ) 
    Source Clock Delay      (SCD):    5.825ns
    Clock Pessimism Removal (CPR):    0.223ns
  Clock Uncertainty:      0.069ns  ((TSJ^2 + DJ^2)^1/2) / 2 + PE + UU
    Total System Jitter     (TSJ):    0.071ns
    Discrete Jitter          (DJ):    0.118ns
    Phase Error              (PE):    0.000ns
    User Uncertainty         (UU):    0.000ns

    Location             Delay type                Incr(ns)  Path(ns)    Netlist Resource(s)
  -------------------------------------------------------------------    -------------------
                         (clock u_top_n_1646 rise edge)
                                                      0.000     0.000 r  
    W19                                               0.000     0.000 r  sys_clk (IN)
                         net (fo=0)                   0.000     0.000    sys_clk
    W19                  IBUF (Prop_ibuf_I_O)         1.440     1.440 r  sys_clk_IBUF_inst/O
                         net (fo=1, routed)           1.065     2.505    u_top/sys_clk_IBUF
    MMCME2_ADV_X0Y2      MMCME2_ADV (Prop_mmcme2_adv_CLKIN1_CLKOUT0)
                                                      0.077     2.582 r  u_top/g_mmcm.u_mmcm/CLKOUT0
                         net (fo=1, routed)           1.559     4.141    u_top_n_1646
    BUFGCTRL_X0Y1        BUFG (Prop_bufg_I_O)         0.081     4.222 r  multiplier_s1_reg[29]_i_2_replica/O
                         net (fo=3, routed)           0.118     4.340    clk_200_repN
    BUFGCTRL_X0Y0        BUFG (Prop_bufg_I_O)         0.081     4.421 r  multiplier_s1_reg[29]_i_2/O
                         net (fo=62262, routed)       1.404     5.825    u_top/u_core/u_b/u_b_core/core/core/l5/mac/issue/clk_200
    SLICE_X65Y143        FDRE                                         r  u_top/u_core/u_b/u_b_core/core/core/l5/mac/issue/out_phase_reg[1]_replica_1/C
  -------------------------------------------------------------------    -------------------
    SLICE_X65Y143        FDRE (Prop_fdre_C_Q)         0.379     6.204 r  u_top/u_core/u_b/u_b_core/core/core/l5/mac/issue/out_phase_reg[1]_replica_1/Q
                         net (fo=195, routed)         1.081     7.285    u_top/u_core/u_b/u_b_core/core/core/l5/mac/issue/issue_phase[1]_repN_1
    SLICE_X52Y148        LUT6 (Prop_lut6_I1_O)        0.105     7.390 r  u_top/u_core/u_b/u_b_core/core/core/l5/mac/issue/wr_ptr[1]_i_2_rewire/O
                         net (fo=56, routed)          1.167     8.558    u_top/u_core/u_b/u_b_core/core/core/l5/gk.frontend/win/window_ready
    SLICE_X71Y137        LUT3 (Prop_lut3_I1_O)        0.105     8.663 r  u_top/u_core/u_b/u_b_core/core/core/l5/gk.frontend/win/g_wide_read.g_read_slice[84].mem_slice_reg_0_3_0_5_i_1/O
                         net (fo=1056, routed)        1.983    10.645    u_top/u_core/u_b/u_b_core/core/core/l5/gk.frontend/fifo/g_wide_read.g_read_slice[94].mem_slice_reg_0_3_48_53/WE
    SLICE_X88Y97         RAMD32                                       r  u_top/u_core/u_b/u_b_core/core/core/l5/gk.frontend/fifo/g_wide_read.g_read_slice[94].mem_slice_reg_0_3_48_53/RAMA/WE
  -------------------------------------------------------------------    -------------------

                         (clock u_top_n_1646 rise edge)
                                                      5.000     5.000 r  
    W19                                               0.000     5.000 r  sys_clk (IN)
                         net (fo=0)                   0.000     5.000    sys_clk
    W19                  IBUF (Prop_ibuf_I_O)         1.374     6.374 r  sys_clk_IBUF_inst/O
                         net (fo=1, routed)           1.004     7.378    u_top/sys_clk_IBUF
    MMCME2_ADV_X0Y2      MMCME2_ADV (Prop_mmcme2_adv_CLKIN1_CLKOUT0)
                                                      0.073     7.451 r  u_top/g_mmcm.u_mmcm/CLKOUT0
                         net (fo=1, routed)           1.488     8.938    u_top_n_1646
    BUFGCTRL_X0Y1        BUFG (Prop_bufg_I_O)         0.077     9.015 r  multiplier_s1_reg[29]_i_2_replica/O
                         net (fo=3, routed)           0.112     9.127    clk_200_repN
    BUFGCTRL_X0Y0        BUFG (Prop_bufg_I_O)         0.077     9.204 r  multiplier_s1_reg[29]_i_2/O
                         net (fo=62262, routed)       1.427    10.631    u_top/u_core/u_b/u_b_core/core/core/l5/gk.frontend/fifo/g_wide_read.g_read_slice[94].mem_slice_reg_0_3_48_53/WCLK
    SLICE_X88Y97         RAMD32                                       r  u_top/u_core/u_b/u_b_core/core/core/l5/gk.frontend/fifo/g_wide_read.g_read_slice[94].mem_slice_reg_0_3_48_53/RAMA/CLK
                         clock pessimism              0.223    10.854    
                         clock uncertainty           -0.069    10.785    
    SLICE_X88Y97         RAMD32 (Setup_ramd32_CLK_WE)
                                                     -0.431    10.354    u_top/u_core/u_b/u_b_core/core/core/l5/gk.frontend/fifo/g_wide_read.g_read_slice[94].mem_slice_reg_0_3_48_53/RAMA
  -------------------------------------------------------------------
                         required time                         10.354    
                         arrival time                         -10.645    
  -------------------------------------------------------------------
                         slack                                 -0.291    

Slack (VIOLATED) :        -0.291ns  (required time - arrival time)
  Source:                 u_top/u_core/u_b/u_b_core/core/core/l5/mac/issue/out_phase_reg[1]_replica_1/C
                            (rising edge-triggered cell FDRE clocked by u_top_n_1646  {rise@0.000ns fall@2.500ns period=5.000ns})
  Destination:            u_top/u_core/u_b/u_b_core/core/core/l5/gk.frontend/fifo/g_wide_read.g_read_slice[94].mem_slice_reg_0_3_48_53/RAMA_D1/WE
                            (rising edge-triggered cell RAMD32 clocked by u_top_n_1646  {rise@0.000ns fall@2.500ns period=5.000ns})
  Path Group:             u_top_n_1646
  Path Type:              Setup (Max at Slow Process Corner)
  Requirement:            5.000ns  (u_top_n_1646 rise@5.000ns - u_top_n_1646 rise@0.000ns)
  Data Path Delay:        4.820ns  (logic 0.589ns (12.219%)  route 4.231ns (87.781%))
  Logic Levels:           2  (LUT3=1 LUT6=1)
  Clock Path Skew:        0.029ns (DCD - SCD + CPR)
    Destination Clock Delay (DCD):    5.631ns = ( 10.631 - 5.000 ) 
    Source Clock Delay      (SCD):    5.825ns
    Clock Pessimism Removal (CPR):    0.223ns
  Clock Uncertainty:      0.069ns  ((TSJ^2 + DJ^2)^1/2) / 2 + PE + UU
    Total System Jitter     (TSJ):    0.071ns
    Discrete Jitter          (DJ):    0.118ns
    Phase Error              (PE):    0.000ns
    User Uncertainty         (UU):    0.000ns

    Location             Delay type                Incr(ns)  Path(ns)    Netlist Resource(s)
  -------------------------------------------------------------------    -------------------
                         (clock u_top_n_1646 rise edge)
                                                      0.000     0.000 r  
    W19                                               0.000     0.000 r  sys_clk (IN)
                         net (fo=0)                   0.000     0.000    sys_clk
    W19                  IBUF (Prop_ibuf_I_O)         1.440     1.440 r  sys_clk_IBUF_inst/O
                         net (fo=1, routed)           1.065     2.505    u_top/sys_clk_IBUF
    MMCME2_ADV_X0Y2      MMCME2_ADV (Prop_mmcme2_adv_CLKIN1_CLKOUT0)
                                                      0.077     2.582 r  u_top/g_mmcm.u_mmcm/CLKOUT0
                         net (fo=1, routed)           1.559     4.141    u_top_n_1646
    BUFGCTRL_X0Y1        BUFG (Prop_bufg_I_O)         0.081     4.222 r  multiplier_s1_reg[29]_i_2_replica/O
                         net (fo=3, routed)           0.118     4.340    clk_200_repN
    BUFGCTRL_X0Y0        BUFG (Prop_bufg_I_O)         0.081     4.421 r  multiplier_s1_reg[29]_i_2/O
                         net (fo=62262, routed)       1.404     5.825    u_top/u_core/u_b/u_b_core/core/core/l5/mac/issue/clk_200
    SLICE_X65Y143        FDRE                                         r  u_top/u_core/u_b/u_b_core/core/core/l5/mac/issue/out_phase_reg[1]_replica_1/C
  -------------------------------------------------------------------    -------------------
    SLICE_X65Y143        FDRE (Prop_fdre_C_Q)         0.379     6.204 r  u_top/u_core/u_b/u_b_core/core/core/l5/mac/issue/out_phase_reg[1]_replica_1/Q
                         net (fo=195, routed)         1.081     7.285    u_top/u_core/u_b/u_b_core/core/core/l5/mac/issue/issue_phase[1]_repN_1
    SLICE_X52Y148        LUT6 (Prop_lut6_I1_O)        0.105     7.390 r  u_top/u_core/u_b/u_b_core/core/core/l5/mac/issue/wr_ptr[1]_i_2_rewire/O
                         net (fo=56, routed)          1.167     8.558    u_top/u_core/u_b/u_b_core/core/core/l5/gk.frontend/win/window_ready
    SLICE_X71Y137        LUT3 (Prop_lut3_I1_O)        0.105     8.663 r  u_top/u_core/u_b/u_b_core/core/core/l5/gk.frontend/win/g_wide_read.g_read_slice[84].mem_slice_reg_0_3_0_5_i_1/O
                         net (fo=1056, routed)        1.983    10.645    u_top/u_core/u_b/u_b_core/core/core/l5/gk.frontend/fifo/g_wide_read.g_read_slice[94].mem_slice_reg_0_3_48_53/WE
    SLICE_X88Y97         RAMD32                                       r  u_top/u_core/u_b/u_b_core/core/core/l5/gk.frontend/fifo/g_wide_read.g_read_slice[94].mem_slice_reg_0_3_48_53/RAMA_D1/WE
  -------------------------------------------------------------------    -------------------

                         (clock u_top_n_1646 rise edge)
                                                      5.000     5.000 r  
    W19                                               0.000     5.000 r  sys_clk (IN)
                         net (fo=0)                   0.000     5.000    sys_clk
    W19                  IBUF (Prop_ibuf_I_O)         1.374     6.374 r  sys_clk_IBUF_inst/O
                         net (fo=1, routed)           1.004     7.378    u_top/sys_clk_IBUF
    MMCME2_ADV_X0Y2      MMCME2_ADV (Prop_mmcme2_adv_CLKIN1_CLKOUT0)
                                                      0.073     7.451 r  u_top/g_mmcm.u_mmcm/CLKOUT0
                         net (fo=1, routed)           1.488     8.938    u_top_n_1646
    BUFGCTRL_X0Y1        BUFG (Prop_bufg_I_O)         0.077     9.015 r  multiplier_s1_reg[29]_i_2_replica/O
                         net (fo=3, routed)           0.112     9.127    clk_200_repN
    BUFGCTRL_X0Y0        BUFG (Prop_bufg_I_O)         0.077     9.204 r  multiplier_s1_reg[29]_i_2/O
                         net (fo=62262, routed)       1.427    10.631    u_top/u_core/u_b/u_b_core/core/core/l5/gk.frontend/fifo/g_wide_read.g_read_slice[94].mem_slice_reg_0_3_48_53/WCLK
    SLICE_X88Y97         RAMD32                                       r  u_top/u_core/u_b/u_b_core/core/core/l5/gk.frontend/fifo/g_wide_read.g_read_slice[94].mem_slice_reg_0_3_48_53/RAMA_D1/CLK
                         clock pessimism              0.223    10.854    
                         clock uncertainty           -0.069    10.785    
    SLICE_X88Y97         RAMD32 (Setup_ramd32_CLK_WE)
                                                     -0.431    10.354    u_top/u_core/u_b/u_b_core/core/core/l5/gk.frontend/fifo/g_wide_read.g_read_slice[94].mem_slice_reg_0_3_48_53/RAMA_D1
  -------------------------------------------------------------------
                         required time                         10.354    
                         arrival time                         -10.645    
  -------------------------------------------------------------------
                         slack                                 -0.291    

Slack (VIOLATED) :        -0.291ns  (required time - arrival time)
  Source:                 u_top/u_core/u_b/u_b_core/core/core/l5/mac/issue/out_phase_reg[1]_replica_1/C
                            (rising edge-triggered cell FDRE clocked by u_top_n_1646  {rise@0.000ns fall@2.500ns period=5.000ns})
  Destination:            u_top/u_core/u_b/u_b_core/core/core/l5/gk.frontend/fifo/g_wide_read.g_read_slice[94].mem_slice_reg_0_3_48_53/RAMB/WE
                            (rising edge-triggered cell RAMD32 clocked by u_top_n_1646  {rise@0.000ns fall@2.500ns period=5.000ns})
  Path Group:             u_top_n_1646
  Path Type:              Setup (Max at Slow Process Corner)
  Requirement:            5.000ns  (u_top_n_1646 rise@5.000ns - u_top_n_1646 rise@0.000ns)
  Data Path Delay:        4.820ns  (logic 0.589ns (12.219%)  route 4.231ns (87.781%))
  Logic Levels:           2  (LUT3=1 LUT6=1)
  Clock Path Skew:        0.029ns (DCD - SCD + CPR)
    Destination Clock Delay (DCD):    5.631ns = ( 10.631 - 5.000 ) 
    Source Clock Delay      (SCD):    5.825ns
    Clock Pessimism Removal (CPR):    0.223ns
  Clock Uncertainty:      0.069ns  ((TSJ^2 + DJ^2)^1/2) / 2 + PE + UU
    Total System Jitter     (TSJ):    0.071ns
    Discrete Jitter          (DJ):    0.118ns
    Phase Error              (PE):    0.000ns
    User Uncertainty         (UU):    0.000ns

    Location             Delay type                Incr(ns)  Path(ns)    Netlist Resource(s)
  -------------------------------------------------------------------    -------------------
                         (clock u_top_n_1646 rise edge)
                                                      0.000     0.000 r  
    W19                                               0.000     0.000 r  sys_clk (IN)
                         net (fo=0)                   0.000     0.000    sys_clk
    W19                  IBUF (Prop_ibuf_I_O)         1.440     1.440 r  sys_clk_IBUF_inst/O
                         net (fo=1, routed)           1.065     2.505    u_top/sys_clk_IBUF
    MMCME2_ADV_X0Y2      MMCME2_ADV (Prop_mmcme2_adv_CLKIN1_CLKOUT0)
                                                      0.077     2.582 r  u_top/g_mmcm.u_mmcm/CLKOUT0
                         net (fo=1, routed)           1.559     4.141    u_top_n_1646
    BUFGCTRL_X0Y1        BUFG (Prop_bufg_I_O)         0.081     4.222 r  multiplier_s1_reg[29]_i_2_replica/O
                         net (fo=3, routed)           0.118     4.340    clk_200_repN
    BUFGCTRL_X0Y0        BUFG (Prop_bufg_I_O)         0.081     4.421 r  multiplier_s1_reg[29]_i_2/O
                         net (fo=62262, routed)       1.404     5.825    u_top/u_core/u_b/u_b_core/core/core/l5/mac/issue/clk_200
    SLICE_X65Y143        FDRE                                         r  u_top/u_core/u_b/u_b_core/core/core/l5/mac/issue/out_phase_reg[1]_replica_1/C
  -------------------------------------------------------------------    -------------------
    SLICE_X65Y143        FDRE (Prop_fdre_C_Q)         0.379     6.204 r  u_top/u_core/u_b/u_b_core/core/core/l5/mac/issue/out_phase_reg[1]_replica_1/Q
                         net (fo=195, routed)         1.081     7.285    u_top/u_core/u_b/u_b_core/core/core/l5/mac/issue/issue_phase[1]_repN_1
    SLICE_X52Y148        LUT6 (Prop_lut6_I1_O)        0.105     7.390 r  u_top/u_core/u_b/u_b_core/core/core/l5/mac/issue/wr_ptr[1]_i_2_rewire/O
                         net (fo=56, routed)          1.167     8.558    u_top/u_core/u_b/u_b_core/core/core/l5/gk.frontend/win/window_ready
    SLICE_X71Y137        LUT3 (Prop_lut3_I1_O)        0.105     8.663 r  u_top/u_core/u_b/u_b_core/core/core/l5/gk.frontend/win/g_wide_read.g_read_slice[84].mem_slice_reg_0_3_0_5_i_1/O
                         net (fo=1056, routed)        1.983    10.645    u_top/u_core/u_b/u_b_core/core/core/l5/gk.frontend/fifo/g_wide_read.g_read_slice[94].mem_slice_reg_0_3_48_53/WE
    SLICE_X88Y97         RAMD32                                       r  u_top/u_core/u_b/u_b_core/core/core/l5/gk.frontend/fifo/g_wide_read.g_read_slice[94].mem_slice_reg_0_3_48_53/RAMB/WE
  -------------------------------------------------------------------    -------------------

                         (clock u_top_n_1646 rise edge)
                                                      5.000     5.000 r  
    W19                                               0.000     5.000 r  sys_clk (IN)
                         net (fo=0)                   0.000     5.000    sys_clk
    W19                  IBUF (Prop_ibuf_I_O)         1.374     6.374 r  sys_clk_IBUF_inst/O
                         net (fo=1, routed)           1.004     7.378    u_top/sys_clk_IBUF
    MMCME2_ADV_X0Y2      MMCME2_ADV (Prop_mmcme2_adv_CLKIN1_CLKOUT0)
                                                      0.073     7.451 r  u_top/g_mmcm.u_mmcm/CLKOUT0
                         net (fo=1, routed)           1.488     8.938    u_top_n_1646
    BUFGCTRL_X0Y1        BUFG (Prop_bufg_I_O)         0.077     9.015 r  multiplier_s1_reg[29]_i_2_replica/O
                         net (fo=3, routed)           0.112     9.127    clk_200_repN
    BUFGCTRL_X0Y0        BUFG (Prop_bufg_I_O)         0.077     9.204 r  multiplier_s1_reg[29]_i_2/O
                         net (fo=62262, routed)       1.427    10.631    u_top/u_core/u_b/u_b_core/core/core/l5/gk.frontend/fifo/g_wide_read.g_read_slice[94].mem_slice_reg_0_3_48_53/WCLK
    SLICE_X88Y97         RAMD32                                       r  u_top/u_core/u_b/u_b_core/core/core/l5/gk.frontend/fifo/g_wide_read.g_read_slice[94].mem_slice_reg_0_3_48_53/RAMB/CLK
                         clock pessimism              0.223    10.854    
                         clock uncertainty           -0.069    10.785    
    SLICE_X88Y97         RAMD32 (Setup_ramd32_CLK_WE)
                                                     -0.431    10.354    u_top/u_core/u_b/u_b_core/core/core/l5/gk.frontend/fifo/g_wide_read.g_read_slice[94].mem_slice_reg_0_3_48_53/RAMB
  -------------------------------------------------------------------
                         required time                         10.354    
                         arrival time                         -10.645    
  -------------------------------------------------------------------
                         slack                                 -0.291    

Slack (VIOLATED) :        -0.291ns  (required time - arrival time)
  Source:                 u_top/u_core/u_b/u_b_core/core/core/l5/mac/issue/out_phase_reg[1]_replica_1/C
                            (rising edge-triggered cell FDRE clocked by u_top_n_1646  {rise@0.000ns fall@2.500ns period=5.000ns})
  Destination:            u_top/u_core/u_b/u_b_core/core/core/l5/gk.frontend/fifo/g_wide_read.g_read_slice[94].mem_slice_reg_0_3_48_53/RAMB_D1/WE
                            (rising edge-triggered cell RAMD32 clocked by u_top_n_1646  {rise@0.000ns fall@2.500ns period=5.000ns})
  Path Group:             u_top_n_1646
  Path Type:              Setup (Max at Slow Process Corner)
  Requirement:            5.000ns  (u_top_n_1646 rise@5.000ns - u_top_n_1646 rise@0.000ns)
  Data Path Delay:        4.820ns  (logic 0.589ns (12.219%)  route 4.231ns (87.781%))
  Logic Levels:           2  (LUT3=1 LUT6=1)
  Clock Path Skew:        0.029ns (DCD - SCD + CPR)
    Destination Clock Delay (DCD):    5.631ns = ( 10.631 - 5.000 ) 
    Source Clock Delay      (SCD):    5.825ns
    Clock Pessimism Removal (CPR):    0.223ns
  Clock Uncertainty:      0.069ns  ((TSJ^2 + DJ^2)^1/2) / 2 + PE + UU
    Total System Jitter     (TSJ):    0.071ns
    Discrete Jitter          (DJ):    0.118ns
    Phase Error              (PE):    0.000ns
    User Uncertainty         (UU):    0.000ns

    Location             Delay type                Incr(ns)  Path(ns)    Netlist Resource(s)
  -------------------------------------------------------------------    -------------------
                         (clock u_top_n_1646 rise edge)
                                                      0.000     0.000 r  
    W19                                               0.000     0.000 r  sys_clk (IN)
                         net (fo=0)                   0.000     0.000    sys_clk
    W19                  IBUF (Prop_ibuf_I_O)         1.440     1.440 r  sys_clk_IBUF_inst/O
                         net (fo=1, routed)           1.065     2.505    u_top/sys_clk_IBUF
    MMCME2_ADV_X0Y2      MMCME2_ADV (Prop_mmcme2_adv_CLKIN1_CLKOUT0)
                                                      0.077     2.582 r  u_top/g_mmcm.u_mmcm/CLKOUT0
                         net (fo=1, routed)           1.559     4.141    u_top_n_1646
    BUFGCTRL_X0Y1        BUFG (Prop_bufg_I_O)         0.081     4.222 r  multiplier_s1_reg[29]_i_2_replica/O
                         net (fo=3, routed)           0.118     4.340    clk_200_repN
    BUFGCTRL_X0Y0        BUFG (Prop_bufg_I_O)         0.081     4.421 r  multiplier_s1_reg[29]_i_2/O
                         net (fo=62262, routed)       1.404     5.825    u_top/u_core/u_b/u_b_core/core/core/l5/mac/issue/clk_200
    SLICE_X65Y143        FDRE                                         r  u_top/u_core/u_b/u_b_core/core/core/l5/mac/issue/out_phase_reg[1]_replica_1/C
  -------------------------------------------------------------------    -------------------
    SLICE_X65Y143        FDRE (Prop_fdre_C_Q)         0.379     6.204 r  u_top/u_core/u_b/u_b_core/core/core/l5/mac/issue/out_phase_reg[1]_replica_1/Q
                         net (fo=195, routed)         1.081     7.285    u_top/u_core/u_b/u_b_core/core/core/l5/mac/issue/issue_phase[1]_repN_1
    SLICE_X52Y148        LUT6 (Prop_lut6_I1_O)        0.105     7.390 r  u_top/u_core/u_b/u_b_core/core/core/l5/mac/issue/wr_ptr[1]_i_2_rewire/O
                         net (fo=56, routed)          1.167     8.558    u_top/u_core/u_b/u_b_core/core/core/l5/gk.frontend/win/window_ready
    SLICE_X71Y137        LUT3 (Prop_lut3_I1_O)        0.105     8.663 r  u_top/u_core/u_b/u_b_core/core/core/l5/gk.frontend/win/g_wide_read.g_read_slice[84].mem_slice_reg_0_3_0_5_i_1/O
                         net (fo=1056, routed)        1.983    10.645    u_top/u_core/u_b/u_b_core/core/core/l5/gk.frontend/fifo/g_wide_read.g_read_slice[94].mem_slice_reg_0_3_48_53/WE
    SLICE_X88Y97         RAMD32                                       r  u_top/u_core/u_b/u_b_core/core/core/l5/gk.frontend/fifo/g_wide_read.g_read_slice[94].mem_slice_reg_0_3_48_53/RAMB_D1/WE
  -------------------------------------------------------------------    -------------------

                         (clock u_top_n_1646 rise edge)
                                                      5.000     5.000 r  
    W19                                               0.000     5.000 r  sys_clk (IN)
                         net (fo=0)                   0.000     5.000    sys_clk
    W19                  IBUF (Prop_ibuf_I_O)         1.374     6.374 r  sys_clk_IBUF_inst/O
                         net (fo=1, routed)           1.004     7.378    u_top/sys_clk_IBUF
    MMCME2_ADV_X0Y2      MMCME2_ADV (Prop_mmcme2_adv_CLKIN1_CLKOUT0)
                                                      0.073     7.451 r  u_top/g_mmcm.u_mmcm/CLKOUT0
                         net (fo=1, routed)           1.488     8.938    u_top_n_1646
    BUFGCTRL_X0Y1        BUFG (Prop_bufg_I_O)         0.077     9.015 r  multiplier_s1_reg[29]_i_2_replica/O
                         net (fo=3, routed)           0.112     9.127    clk_200_repN
    BUFGCTRL_X0Y0        BUFG (Prop_bufg_I_O)         0.077     9.204 r  multiplier_s1_reg[29]_i_2/O
                         net (fo=62262, routed)       1.427    10.631    u_top/u_core/u_b/u_b_core/core/core/l5/gk.frontend/fifo/g_wide_read.g_read_slice[94].mem_slice_reg_0_3_48_53/WCLK
    SLICE_X88Y97         RAMD32                                       r  u_top/u_core/u_b/u_b_core/core/core/l5/gk.frontend/fifo/g_wide_read.g_read_slice[94].mem_slice_reg_0_3_48_53/RAMB_D1/CLK
                         clock pessimism              0.223    10.854    
                         clock uncertainty           -0.069    10.785    
    SLICE_X88Y97         RAMD32 (Setup_ramd32_CLK_WE)
                                                     -0.431    10.354    u_top/u_core/u_b/u_b_core/core/core/l5/gk.frontend/fifo/g_wide_read.g_read_slice[94].mem_slice_reg_0_3_48_53/RAMB_D1
  -------------------------------------------------------------------
                         required time                         10.354    
                         arrival time                         -10.645    
  -------------------------------------------------------------------
                         slack                                 -0.291    

Slack (VIOLATED) :        -0.291ns  (required time - arrival time)
  Source:                 u_top/u_core/u_b/u_b_core/core/core/l5/mac/issue/out_phase_reg[1]_replica_1/C
                            (rising edge-triggered cell FDRE clocked by u_top_n_1646  {rise@0.000ns fall@2.500ns period=5.000ns})
  Destination:            u_top/u_core/u_b/u_b_core/core/core/l5/gk.frontend/fifo/g_wide_read.g_read_slice[94].mem_slice_reg_0_3_48_53/RAMC/WE
                            (rising edge-triggered cell RAMD32 clocked by u_top_n_1646  {rise@0.000ns fall@2.500ns period=5.000ns})
  Path Group:             u_top_n_1646
  Path Type:              Setup (Max at Slow Process Corner)
  Requirement:            5.000ns  (u_top_n_1646 rise@5.000ns - u_top_n_1646 rise@0.000ns)
  Data Path Delay:        4.820ns  (logic 0.589ns (12.219%)  route 4.231ns (87.781%))
  Logic Levels:           2  (LUT3=1 LUT6=1)
  Clock Path Skew:        0.029ns (DCD - SCD + CPR)
    Destination Clock Delay (DCD):    5.631ns = ( 10.631 - 5.000 ) 
    Source Clock Delay      (SCD):    5.825ns
    Clock Pessimism Removal (CPR):    0.223ns
  Clock Uncertainty:      0.069ns  ((TSJ^2 + DJ^2)^1/2) / 2 + PE + UU
    Total System Jitter     (TSJ):    0.071ns
    Discrete Jitter          (DJ):    0.118ns
    Phase Error              (PE):    0.000ns
    User Uncertainty         (UU):    0.000ns

    Location             Delay type                Incr(ns)  Path(ns)    Netlist Resource(s)
  -------------------------------------------------------------------    -------------------
                         (clock u_top_n_1646 rise edge)
                                                      0.000     0.000 r  
    W19                                               0.000     0.000 r  sys_clk (IN)
                         net (fo=0)                   0.000     0.000    sys_clk
    W19                  IBUF (Prop_ibuf_I_O)         1.440     1.440 r  sys_clk_IBUF_inst/O
                         net (fo=1, routed)           1.065     2.505    u_top/sys_clk_IBUF
    MMCME2_ADV_X0Y2      MMCME2_ADV (Prop_mmcme2_adv_CLKIN1_CLKOUT0)
                                                      0.077     2.582 r  u_top/g_mmcm.u_mmcm/CLKOUT0
                         net (fo=1, routed)           1.559     4.141    u_top_n_1646
    BUFGCTRL_X0Y1        BUFG (Prop_bufg_I_O)         0.081     4.222 r  multiplier_s1_reg[29]_i_2_replica/O
                         net (fo=3, routed)           0.118     4.340    clk_200_repN
    BUFGCTRL_X0Y0        BUFG (Prop_bufg_I_O)         0.081     4.421 r  multiplier_s1_reg[29]_i_2/O
                         net (fo=62262, routed)       1.404     5.825    u_top/u_core/u_b/u_b_core/core/core/l5/mac/issue/clk_200
    SLICE_X65Y143        FDRE                                         r  u_top/u_core/u_b/u_b_core/core/core/l5/mac/issue/out_phase_reg[1]_replica_1/C
  -------------------------------------------------------------------    -------------------
    SLICE_X65Y143        FDRE (Prop_fdre_C_Q)         0.379     6.204 r  u_top/u_core/u_b/u_b_core/core/core/l5/mac/issue/out_phase_reg[1]_replica_1/Q
                         net (fo=195, routed)         1.081     7.285    u_top/u_core/u_b/u_b_core/core/core/l5/mac/issue/issue_phase[1]_repN_1
    SLICE_X52Y148        LUT6 (Prop_lut6_I1_O)        0.105     7.390 r  u_top/u_core/u_b/u_b_core/core/core/l5/mac/issue/wr_ptr[1]_i_2_rewire/O
                         net (fo=56, routed)          1.167     8.558    u_top/u_core/u_b/u_b_core/core/core/l5/gk.frontend/win/window_ready
    SLICE_X71Y137        LUT3 (Prop_lut3_I1_O)        0.105     8.663 r  u_top/u_core/u_b/u_b_core/core/core/l5/gk.frontend/win/g_wide_read.g_read_slice[84].mem_slice_reg_0_3_0_5_i_1/O
                         net (fo=1056, routed)        1.983    10.645    u_top/u_core/u_b/u_b_core/core/core/l5/gk.frontend/fifo/g_wide_read.g_read_slice[94].mem_slice_reg_0_3_48_53/WE
    SLICE_X88Y97         RAMD32                                       r  u_top/u_core/u_b/u_b_core/core/core/l5/gk.frontend/fifo/g_wide_read.g_read_slice[94].mem_slice_reg_0_3_48_53/RAMC/WE
  -------------------------------------------------------------------    -------------------

                         (clock u_top_n_1646 rise edge)
                                                      5.000     5.000 r  
    W19                                               0.000     5.000 r  sys_clk (IN)
                         net (fo=0)                   0.000     5.000    sys_clk
    W19                  IBUF (Prop_ibuf_I_O)         1.374     6.374 r  sys_clk_IBUF_inst/O
                         net (fo=1, routed)           1.004     7.378    u_top/sys_clk_IBUF
    MMCME2_ADV_X0Y2      MMCME2_ADV (Prop_mmcme2_adv_CLKIN1_CLKOUT0)
                                                      0.073     7.451 r  u_top/g_mmcm.u_mmcm/CLKOUT0
                         net (fo=1, routed)           1.488     8.938    u_top_n_1646
    BUFGCTRL_X0Y1        BUFG (Prop_bufg_I_O)         0.077     9.015 r  multiplier_s1_reg[29]_i_2_replica/O
                         net (fo=3, routed)           0.112     9.127    clk_200_repN
    BUFGCTRL_X0Y0        BUFG (Prop_bufg_I_O)         0.077     9.204 r  multiplier_s1_reg[29]_i_2/O
                         net (fo=62262, routed)       1.427    10.631    u_top/u_core/u_b/u_b_core/core/core/l5/gk.frontend/fifo/g_wide_read.g_read_slice[94].mem_slice_reg_0_3_48_53/WCLK
    SLICE_X88Y97         RAMD32                                       r  u_top/u_core/u_b/u_b_core/core/core/l5/gk.frontend/fifo/g_wide_read.g_read_slice[94].mem_slice_reg_0_3_48_53/RAMC/CLK
                         clock pessimism              0.223    10.854    
                         clock uncertainty           -0.069    10.785    
    SLICE_X88Y97         RAMD32 (Setup_ramd32_CLK_WE)
                                                     -0.431    10.354    u_top/u_core/u_b/u_b_core/core/core/l5/gk.frontend/fifo/g_wide_read.g_read_slice[94].mem_slice_reg_0_3_48_53/RAMC
  -------------------------------------------------------------------
                         required time                         10.354    
                         arrival time                         -10.645    
  -------------------------------------------------------------------
                         slack                                 -0.291    

Slack (VIOLATED) :        -0.291ns  (required time - arrival time)
  Source:                 u_top/u_core/u_b/u_b_core/core/core/l5/mac/issue/out_phase_reg[1]_replica_1/C
                            (rising edge-triggered cell FDRE clocked by u_top_n_1646  {rise@0.000ns fall@2.500ns period=5.000ns})
  Destination:            u_top/u_core/u_b/u_b_core/core/core/l5/gk.frontend/fifo/g_wide_read.g_read_slice[94].mem_slice_reg_0_3_48_53/RAMC_D1/WE
                            (rising edge-triggered cell RAMD32 clocked by u_top_n_1646  {rise@0.000ns fall@2.500ns period=5.000ns})
  Path Group:             u_top_n_1646
  Path Type:              Setup (Max at Slow Process Corner)
  Requirement:            5.000ns  (u_top_n_1646 rise@5.000ns - u_top_n_1646 rise@0.000ns)
  Data Path Delay:        4.820ns  (logic 0.589ns (12.219%)  route 4.231ns (87.781%))
  Logic Levels:           2  (LUT3=1 LUT6=1)
  Clock Path Skew:        0.029ns (DCD - SCD + CPR)
    Destination Clock Delay (DCD):    5.631ns = ( 10.631 - 5.000 ) 
    Source Clock Delay      (SCD):    5.825ns
    Clock Pessimism Removal (CPR):    0.223ns
  Clock Uncertainty:      0.069ns  ((TSJ^2 + DJ^2)^1/2) / 2 + PE + UU
    Total System Jitter     (TSJ):    0.071ns
    Discrete Jitter          (DJ):    0.118ns
    Phase Error              (PE):    0.000ns
    User Uncertainty         (UU):    0.000ns

    Location             Delay type                Incr(ns)  Path(ns)    Netlist Resource(s)
  -------------------------------------------------------------------    -------------------
                         (clock u_top_n_1646 rise edge)
                                                      0.000     0.000 r  
    W19                                               0.000     0.000 r  sys_clk (IN)
                         net (fo=0)                   0.000     0.000    sys_clk
    W19                  IBUF (Prop_ibuf_I_O)         1.440     1.440 r  sys_clk_IBUF_inst/O
                         net (fo=1, routed)           1.065     2.505    u_top/sys_clk_IBUF
    MMCME2_ADV_X0Y2      MMCME2_ADV (Prop_mmcme2_adv_CLKIN1_CLKOUT0)
                                                      0.077     2.582 r  u_top/g_mmcm.u_mmcm/CLKOUT0
                         net (fo=1, routed)           1.559     4.141    u_top_n_1646
    BUFGCTRL_X0Y1        BUFG (Prop_bufg_I_O)         0.081     4.222 r  multiplier_s1_reg[29]_i_2_replica/O
                         net (fo=3, routed)           0.118     4.340    clk_200_repN
    BUFGCTRL_X0Y0        BUFG (Prop_bufg_I_O)         0.081     4.421 r  multiplier_s1_reg[29]_i_2/O
                         net (fo=62262, routed)       1.404     5.825    u_top/u_core/u_b/u_b_core/core/core/l5/mac/issue/clk_200
    SLICE_X65Y143        FDRE                                         r  u_top/u_core/u_b/u_b_core/core/core/l5/mac/issue/out_phase_reg[1]_replica_1/C
  -------------------------------------------------------------------    -------------------
    SLICE_X65Y143        FDRE (Prop_fdre_C_Q)         0.379     6.204 r  u_top/u_core/u_b/u_b_core/core/core/l5/mac/issue/out_phase_reg[1]_replica_1/Q
                         net (fo=195, routed)         1.081     7.285    u_top/u_core/u_b/u_b_core/core/core/l5/mac/issue/issue_phase[1]_repN_1
    SLICE_X52Y148        LUT6 (Prop_lut6_I1_O)        0.105     7.390 r  u_top/u_core/u_b/u_b_core/core/core/l5/mac/issue/wr_ptr[1]_i_2_rewire/O
                         net (fo=56, routed)          1.167     8.558    u_top/u_core/u_b/u_b_core/core/core/l5/gk.frontend/win/window_ready
    SLICE_X71Y137        LUT3 (Prop_lut3_I1_O)        0.105     8.663 r  u_top/u_core/u_b/u_b_core/core/core/l5/gk.frontend/win/g_wide_read.g_read_slice[84].mem_slice_reg_0_3_0_5_i_1/O
                         net (fo=1056, routed)        1.983    10.645    u_top/u_core/u_b/u_b_core/core/core/l5/gk.frontend/fifo/g_wide_read.g_read_slice[94].mem_slice_reg_0_3_48_53/WE
    SLICE_X88Y97         RAMD32                                       r  u_top/u_core/u_b/u_b_core/core/core/l5/gk.frontend/fifo/g_wide_read.g_read_slice[94].mem_slice_reg_0_3_48_53/RAMC_D1/WE
  -------------------------------------------------------------------    -------------------

                         (clock u_top_n_1646 rise edge)
                                                      5.000     5.000 r  
    W19                                               0.000     5.000 r  sys_clk (IN)
                         net (fo=0)                   0.000     5.000    sys_clk
    W19                  IBUF (Prop_ibuf_I_O)         1.374     6.374 r  sys_clk_IBUF_inst/O
                         net (fo=1, routed)           1.004     7.378    u_top/sys_clk_IBUF
    MMCME2_ADV_X0Y2      MMCME2_ADV (Prop_mmcme2_adv_CLKIN1_CLKOUT0)
                                                      0.073     7.451 r  u_top/g_mmcm.u_mmcm/CLKOUT0
                         net (fo=1, routed)           1.488     8.938    u_top_n_1646
    BUFGCTRL_X0Y1        BUFG (Prop_bufg_I_O)         0.077     9.015 r  multiplier_s1_reg[29]_i_2_replica/O
                         net (fo=3, routed)           0.112     9.127    clk_200_repN
    BUFGCTRL_X0Y0        BUFG (Prop_bufg_I_O)         0.077     9.204 r  multiplier_s1_reg[29]_i_2/O
                         net (fo=62262, routed)       1.427    10.631    u_top/u_core/u_b/u_b_core/core/core/l5/gk.frontend/fifo/g_wide_read.g_read_slice[94].mem_slice_reg_0_3_48_53/WCLK
    SLICE_X88Y97         RAMD32                                       r  u_top/u_core/u_b/u_b_core/core/core/l5/gk.frontend/fifo/g_wide_read.g_read_slice[94].mem_slice_reg_0_3_48_53/RAMC_D1/CLK
                         clock pessimism              0.223    10.854    
                         clock uncertainty           -0.069    10.785    
    SLICE_X88Y97         RAMD32 (Setup_ramd32_CLK_WE)
                                                     -0.431    10.354    u_top/u_core/u_b/u_b_core/core/core/l5/gk.frontend/fifo/g_wide_read.g_read_slice[94].mem_slice_reg_0_3_48_53/RAMC_D1
  -------------------------------------------------------------------
                         required time                         10.354    
                         arrival time                         -10.645    
  -------------------------------------------------------------------
                         slack                                 -0.291    

Slack (VIOLATED) :        -0.291ns  (required time - arrival time)
  Source:                 u_top/u_core/u_b/u_b_core/core/core/l5/mac/issue/out_phase_reg[1]_replica_1/C
                            (rising edge-triggered cell FDRE clocked by u_top_n_1646  {rise@0.000ns fall@2.500ns period=5.000ns})
  Destination:            u_top/u_core/u_b/u_b_core/core/core/l5/gk.frontend/fifo/g_wide_read.g_read_slice[94].mem_slice_reg_0_3_48_53/RAMD/WE
                            (rising edge-triggered cell RAMS32 clocked by u_top_n_1646  {rise@0.000ns fall@2.500ns period=5.000ns})
  Path Group:             u_top_n_1646
  Path Type:              Setup (Max at Slow Process Corner)
  Requirement:            5.000ns  (u_top_n_1646 rise@5.000ns - u_top_n_1646 rise@0.000ns)
  Data Path Delay:        4.820ns  (logic 0.589ns (12.219%)  route 4.231ns (87.781%))
  Logic Levels:           2  (LUT3=1 LUT6=1)
  Clock Path Skew:        0.029ns (DCD - SCD + CPR)
    Destination Clock Delay (DCD):    5.631ns = ( 10.631 - 5.000 ) 
    Source Clock Delay      (SCD):    5.825ns
    Clock Pessimism Removal (CPR):    0.223ns
  Clock Uncertainty:      0.069ns  ((TSJ^2 + DJ^2)^1/2) / 2 + PE + UU
    Total System Jitter     (TSJ):    0.071ns
    Discrete Jitter          (DJ):    0.118ns
    Phase Error              (PE):    0.000ns
    User Uncertainty         (UU):    0.000ns

    Location             Delay type                Incr(ns)  Path(ns)    Netlist Resource(s)
  -------------------------------------------------------------------    -------------------
                         (clock u_top_n_1646 rise edge)
                                                      0.000     0.000 r  
    W19                                               0.000     0.000 r  sys_clk (IN)
                         net (fo=0)                   0.000     0.000    sys_clk
    W19                  IBUF (Prop_ibuf_I_O)         1.440     1.440 r  sys_clk_IBUF_inst/O
                         net (fo=1, routed)           1.065     2.505    u_top/sys_clk_IBUF
    MMCME2_ADV_X0Y2      MMCME2_ADV (Prop_mmcme2_adv_CLKIN1_CLKOUT0)
                                                      0.077     2.582 r  u_top/g_mmcm.u_mmcm/CLKOUT0
                         net (fo=1, routed)           1.559     4.141    u_top_n_1646
    BUFGCTRL_X0Y1        BUFG (Prop_bufg_I_O)         0.081     4.222 r  multiplier_s1_reg[29]_i_2_replica/O
                         net (fo=3, routed)           0.118     4.340    clk_200_repN
    BUFGCTRL_X0Y0        BUFG (Prop_bufg_I_O)         0.081     4.421 r  multiplier_s1_reg[29]_i_2/O
                         net (fo=62262, routed)       1.404     5.825    u_top/u_core/u_b/u_b_core/core/core/l5/mac/issue/clk_200
    SLICE_X65Y143        FDRE                                         r  u_top/u_core/u_b/u_b_core/core/core/l5/mac/issue/out_phase_reg[1]_replica_1/C
  -------------------------------------------------------------------    -------------------
    SLICE_X65Y143        FDRE (Prop_fdre_C_Q)         0.379     6.204 r  u_top/u_core/u_b/u_b_core/core/core/l5/mac/issue/out_phase_reg[1]_replica_1/Q
                         net (fo=195, routed)         1.081     7.285    u_top/u_core/u_b/u_b_core/core/core/l5/mac/issue/issue_phase[1]_repN_1
    SLICE_X52Y148        LUT6 (Prop_lut6_I1_O)        0.105     7.390 r  u_top/u_core/u_b/u_b_core/core/core/l5/mac/issue/wr_ptr[1]_i_2_rewire/O
                         net (fo=56, routed)          1.167     8.558    u_top/u_core/u_b/u_b_core/core/core/l5/gk.frontend/win/window_ready
    SLICE_X71Y137        LUT3 (Prop_lut3_I1_O)        0.105     8.663 r  u_top/u_core/u_b/u_b_core/core/core/l5/gk.frontend/win/g_wide_read.g_read_slice[84].mem_slice_reg_0_3_0_5_i_1/O
                         net (fo=1056, routed)        1.983    10.645    u_top/u_core/u_b/u_b_core/core/core/l5/gk.frontend/fifo/g_wide_read.g_read_slice[94].mem_slice_reg_0_3_48_53/WE
    SLICE_X88Y97         RAMS32                                       r  u_top/u_core/u_b/u_b_core/core/core/l5/gk.frontend/fifo/g_wide_read.g_read_slice[94].mem_slice_reg_0_3_48_53/RAMD/WE
  -------------------------------------------------------------------    -------------------

                         (clock u_top_n_1646 rise edge)
                                                      5.000     5.000 r  
    W19                                               0.000     5.000 r  sys_clk (IN)
                         net (fo=0)                   0.000     5.000    sys_clk
    W19                  IBUF (Prop_ibuf_I_O)         1.374     6.374 r  sys_clk_IBUF_inst/O
                         net (fo=1, routed)           1.004     7.378    u_top/sys_clk_IBUF
    MMCME2_ADV_X0Y2      MMCME2_ADV (Prop_mmcme2_adv_CLKIN1_CLKOUT0)
                                                      0.073     7.451 r  u_top/g_mmcm.u_mmcm/CLKOUT0
                         net (fo=1, routed)           1.488     8.938    u_top_n_1646
    BUFGCTRL_X0Y1        BUFG (Prop_bufg_I_O)         0.077     9.015 r  multiplier_s1_reg[29]_i_2_replica/O
                         net (fo=3, routed)           0.112     9.127    clk_200_repN
    BUFGCTRL_X0Y0        BUFG (Prop_bufg_I_O)         0.077     9.204 r  multiplier_s1_reg[29]_i_2/O
                         net (fo=62262, routed)       1.427    10.631    u_top/u_core/u_b/u_b_core/core/core/l5/gk.frontend/fifo/g_wide_read.g_read_slice[94].mem_slice_reg_0_3_48_53/WCLK
    SLICE_X88Y97         RAMS32                                       r  u_top/u_core/u_b/u_b_core/core/core/l5/gk.frontend/fifo/g_wide_read.g_read_slice[94].mem_slice_reg_0_3_48_53/RAMD/CLK
                         clock pessimism              0.223    10.854    
                         clock uncertainty           -0.069    10.785    
    SLICE_X88Y97         RAMS32 (Setup_rams32_CLK_WE)
                                                     -0.431    10.354    u_top/u_core/u_b/u_b_core/core/core/l5/gk.frontend/fifo/g_wide_read.g_read_slice[94].mem_slice_reg_0_3_48_53/RAMD
  -------------------------------------------------------------------
                         required time                         10.354    
                         arrival time                         -10.645    
  -------------------------------------------------------------------
                         slack                                 -0.291    

Slack (VIOLATED) :        -0.291ns  (required time - arrival time)
  Source:                 u_top/u_core/u_b/u_b_core/core/core/l5/mac/issue/out_phase_reg[1]_replica_1/C
                            (rising edge-triggered cell FDRE clocked by u_top_n_1646  {rise@0.000ns fall@2.500ns period=5.000ns})
  Destination:            u_top/u_core/u_b/u_b_core/core/core/l5/gk.frontend/fifo/g_wide_read.g_read_slice[94].mem_slice_reg_0_3_48_53/RAMD_D1/WE
                            (rising edge-triggered cell RAMS32 clocked by u_top_n_1646  {rise@0.000ns fall@2.500ns period=5.000ns})
  Path Group:             u_top_n_1646
  Path Type:              Setup (Max at Slow Process Corner)
  Requirement:            5.000ns  (u_top_n_1646 rise@5.000ns - u_top_n_1646 rise@0.000ns)
  Data Path Delay:        4.820ns  (logic 0.589ns (12.219%)  route 4.231ns (87.781%))
  Logic Levels:           2  (LUT3=1 LUT6=1)
  Clock Path Skew:        0.029ns (DCD - SCD + CPR)
    Destination Clock Delay (DCD):    5.631ns = ( 10.631 - 5.000 ) 
    Source Clock Delay      (SCD):    5.825ns
    Clock Pessimism Removal (CPR):    0.223ns
  Clock Uncertainty:      0.069ns  ((TSJ^2 + DJ^2)^1/2) / 2 + PE + UU
    Total System Jitter     (TSJ):    0.071ns
    Discrete Jitter          (DJ):    0.118ns
    Phase Error              (PE):    0.000ns
    User Uncertainty         (UU):    0.000ns

    Location             Delay type                Incr(ns)  Path(ns)    Netlist Resource(s)
  -------------------------------------------------------------------    -------------------
                         (clock u_top_n_1646 rise edge)
                                                      0.000     0.000 r  
    W19                                               0.000     0.000 r  sys_clk (IN)
                         net (fo=0)                   0.000     0.000    sys_clk
    W19                  IBUF (Prop_ibuf_I_O)         1.440     1.440 r  sys_clk_IBUF_inst/O
                         net (fo=1, routed)           1.065     2.505    u_top/sys_clk_IBUF
    MMCME2_ADV_X0Y2      MMCME2_ADV (Prop_mmcme2_adv_CLKIN1_CLKOUT0)
                                                      0.077     2.582 r  u_top/g_mmcm.u_mmcm/CLKOUT0
                         net (fo=1, routed)           1.559     4.141    u_top_n_1646
    BUFGCTRL_X0Y1        BUFG (Prop_bufg_I_O)         0.081     4.222 r  multiplier_s1_reg[29]_i_2_replica/O
                         net (fo=3, routed)           0.118     4.340    clk_200_repN
    BUFGCTRL_X0Y0        BUFG (Prop_bufg_I_O)         0.081     4.421 r  multiplier_s1_reg[29]_i_2/O
                         net (fo=62262, routed)       1.404     5.825    u_top/u_core/u_b/u_b_core/core/core/l5/mac/issue/clk_200
    SLICE_X65Y143        FDRE                                         r  u_top/u_core/u_b/u_b_core/core/core/l5/mac/issue/out_phase_reg[1]_replica_1/C
  -------------------------------------------------------------------    -------------------
    SLICE_X65Y143        FDRE (Prop_fdre_C_Q)         0.379     6.204 r  u_top/u_core/u_b/u_b_core/core/core/l5/mac/issue/out_phase_reg[1]_replica_1/Q
                         net (fo=195, routed)         1.081     7.285    u_top/u_core/u_b/u_b_core/core/core/l5/mac/issue/issue_phase[1]_repN_1
    SLICE_X52Y148        LUT6 (Prop_lut6_I1_O)        0.105     7.390 r  u_top/u_core/u_b/u_b_core/core/core/l5/mac/issue/wr_ptr[1]_i_2_rewire/O
                         net (fo=56, routed)          1.167     8.558    u_top/u_core/u_b/u_b_core/core/core/l5/gk.frontend/win/window_ready
    SLICE_X71Y137        LUT3 (Prop_lut3_I1_O)        0.105     8.663 r  u_top/u_core/u_b/u_b_core/core/core/l5/gk.frontend/win/g_wide_read.g_read_slice[84].mem_slice_reg_0_3_0_5_i_1/O
                         net (fo=1056, routed)        1.983    10.645    u_top/u_core/u_b/u_b_core/core/core/l5/gk.frontend/fifo/g_wide_read.g_read_slice[94].mem_slice_reg_0_3_48_53/WE
    SLICE_X88Y97         RAMS32                                       r  u_top/u_core/u_b/u_b_core/core/core/l5/gk.frontend/fifo/g_wide_read.g_read_slice[94].mem_slice_reg_0_3_48_53/RAMD_D1/WE
  -------------------------------------------------------------------    -------------------

                         (clock u_top_n_1646 rise edge)
                                                      5.000     5.000 r  
    W19                                               0.000     5.000 r  sys_clk (IN)
                         net (fo=0)                   0.000     5.000    sys_clk
    W19                  IBUF (Prop_ibuf_I_O)         1.374     6.374 r  sys_clk_IBUF_inst/O
                         net (fo=1, routed)           1.004     7.378    u_top/sys_clk_IBUF
    MMCME2_ADV_X0Y2      MMCME2_ADV (Prop_mmcme2_adv_CLKIN1_CLKOUT0)
                                                      0.073     7.451 r  u_top/g_mmcm.u_mmcm/CLKOUT0
                         net (fo=1, routed)           1.488     8.938    u_top_n_1646
    BUFGCTRL_X0Y1        BUFG (Prop_bufg_I_O)         0.077     9.015 r  multiplier_s1_reg[29]_i_2_replica/O
                         net (fo=3, routed)           0.112     9.127    clk_200_repN
    BUFGCTRL_X0Y0        BUFG (Prop_bufg_I_O)         0.077     9.204 r  multiplier_s1_reg[29]_i_2/O
                         net (fo=62262, routed)       1.427    10.631    u_top/u_core/u_b/u_b_core/core/core/l5/gk.frontend/fifo/g_wide_read.g_read_slice[94].mem_slice_reg_0_3_48_53/WCLK
    SLICE_X88Y97         RAMS32                                       r  u_top/u_core/u_b/u_b_core/core/core/l5/gk.frontend/fifo/g_wide_read.g_read_slice[94].mem_slice_reg_0_3_48_53/RAMD_D1/CLK
                         clock pessimism              0.223    10.854    
                         clock uncertainty           -0.069    10.785    
    SLICE_X88Y97         RAMS32 (Setup_rams32_CLK_WE)
                                                     -0.431    10.354    u_top/u_core/u_b/u_b_core/core/core/l5/gk.frontend/fifo/g_wide_read.g_read_slice[94].mem_slice_reg_0_3_48_53/RAMD_D1
  -------------------------------------------------------------------
                         required time                         10.354    
                         arrival time                         -10.645    
  -------------------------------------------------------------------
                         slack                                 -0.291    

Slack (VIOLATED) :        -0.284ns  (required time - arrival time)
  Source:                 u_top/u_core/u_b/u_b_core/core/core/l5/gk.frontend/fifo/count_reg[2]_replica/C
                            (rising edge-triggered cell FDRE clocked by u_top_n_1646  {rise@0.000ns fall@2.500ns period=5.000ns})
  Destination:            u_top/u_core/u_b/u_b_core/core/core/l5/mac/issue/out_window_reg[6000]/CE
                            (rising edge-triggered cell FDRE clocked by u_top_n_1646  {rise@0.000ns fall@2.500ns period=5.000ns})
  Path Group:             u_top_n_1646
  Path Type:              Setup (Max at Slow Process Corner)
  Requirement:            5.000ns  (u_top_n_1646 rise@5.000ns - u_top_n_1646 rise@0.000ns)
  Data Path Delay:        4.964ns  (logic 0.589ns (11.865%)  route 4.375ns (88.135%))
  Logic Levels:           2  (LUT3=1 LUT6=1)
  Clock Path Skew:        -0.115ns (DCD - SCD + CPR)
    Destination Clock Delay (DCD):    5.494ns = ( 10.494 - 5.000 ) 
    Source Clock Delay      (SCD):    5.832ns
    Clock Pessimism Removal (CPR):    0.223ns
  Clock Uncertainty:      0.069ns  ((TSJ^2 + DJ^2)^1/2) / 2 + PE + UU
    Total System Jitter     (TSJ):    0.071ns
    Discrete Jitter          (DJ):    0.118ns
    Phase Error              (PE):    0.000ns
    User Uncertainty         (UU):    0.000ns

    Location             Delay type                Incr(ns)  Path(ns)    Netlist Resource(s)
  -------------------------------------------------------------------    -------------------
                         (clock u_top_n_1646 rise edge)
                                                      0.000     0.000 r  
    W19                                               0.000     0.000 r  sys_clk (IN)
                         net (fo=0)                   0.000     0.000    sys_clk
    W19                  IBUF (Prop_ibuf_I_O)         1.440     1.440 r  sys_clk_IBUF_inst/O
                         net (fo=1, routed)           1.065     2.505    u_top/sys_clk_IBUF
    MMCME2_ADV_X0Y2      MMCME2_ADV (Prop_mmcme2_adv_CLKIN1_CLKOUT0)
                                                      0.077     2.582 r  u_top/g_mmcm.u_mmcm/CLKOUT0
                         net (fo=1, routed)           1.559     4.141    u_top_n_1646
    BUFGCTRL_X0Y1        BUFG (Prop_bufg_I_O)         0.081     4.222 r  multiplier_s1_reg[29]_i_2_replica/O
                         net (fo=3, routed)           0.118     4.340    clk_200_repN
    BUFGCTRL_X0Y0        BUFG (Prop_bufg_I_O)         0.081     4.421 r  multiplier_s1_reg[29]_i_2/O
                         net (fo=62262, routed)       1.411     5.832    u_top/u_core/u_b/u_b_core/core/core/l5/gk.frontend/fifo/clk_200
    SLICE_X55Y104        FDRE                                         r  u_top/u_core/u_b/u_b_core/core/core/l5/gk.frontend/fifo/count_reg[2]_replica/C
  -------------------------------------------------------------------    -------------------
    SLICE_X55Y104        FDRE (Prop_fdre_C_Q)         0.379     6.211 r  u_top/u_core/u_b/u_b_core/core/core/l5/gk.frontend/fifo/count_reg[2]_replica/Q
                         net (fo=11, routed)          1.172     7.383    u_top/u_core/u_b/u_b_core/core/core/l5/gk.frontend/fifo/count_reg[2]_0[0]_repN
    SLICE_X48Y127        LUT3 (Prop_lut3_I0_O)        0.105     7.488 r  u_top/u_core/u_b/u_b_core/core/core/l5/gk.frontend/fifo/out_phase[0]_i_3/O
                         net (fo=22, routed)          0.717     8.206    u_top/u_core/u_b/u_b_core/core/core/l5/mac/issue/window_valid
    SLICE_X49Y140        LUT6 (Prop_lut6_I2_O)        0.105     8.311 r  u_top/u_core/u_b/u_b_core/core/core/l5/mac/issue/out_window[6399]_i_1/O
                         net (fo=6400, routed)        2.485    10.796    u_top/u_core/u_b/u_b_core/core/core/l5/mac/issue/out_window[6399]_i_1_n_0
    SLICE_X88Y102        FDRE                                         r  u_top/u_core/u_b/u_b_core/core/core/l5/mac/issue/out_window_reg[6000]/CE
  -------------------------------------------------------------------    -------------------

                         (clock u_top_n_1646 rise edge)
                                                      5.000     5.000 r  
    W19                                               0.000     5.000 r  sys_clk (IN)
                         net (fo=0)                   0.000     5.000    sys_clk
    W19                  IBUF (Prop_ibuf_I_O)         1.374     6.374 r  sys_clk_IBUF_inst/O
                         net (fo=1, routed)           1.004     7.378    u_top/sys_clk_IBUF
    MMCME2_ADV_X0Y2      MMCME2_ADV (Prop_mmcme2_adv_CLKIN1_CLKOUT0)
                                                      0.073     7.451 r  u_top/g_mmcm.u_mmcm/CLKOUT0
                         net (fo=1, routed)           1.488     8.938    u_top_n_1646
    BUFGCTRL_X0Y1        BUFG (Prop_bufg_I_O)         0.077     9.015 r  multiplier_s1_reg[29]_i_2_replica/O
                         net (fo=3, routed)           0.112     9.127    clk_200_repN
    BUFGCTRL_X0Y0        BUFG (Prop_bufg_I_O)         0.077     9.204 r  multiplier_s1_reg[29]_i_2/O
                         net (fo=62262, routed)       1.290    10.494    u_top/u_core/u_b/u_b_core/core/core/l5/mac/issue/clk_200
    SLICE_X88Y102        FDRE                                         r  u_top/u_core/u_b/u_b_core/core/core/l5/mac/issue/out_window_reg[6000]/C
                         clock pessimism              0.223    10.717    
                         clock uncertainty           -0.069    10.648    
    SLICE_X88Y102        FDRE (Setup_fdre_C_CE)      -0.136    10.512    u_top/u_core/u_b/u_b_core/core/core/l5/mac/issue/out_window_reg[6000]
  -------------------------------------------------------------------
                         required time                         10.512    
                         arrival time                         -10.796    
  -------------------------------------------------------------------
                         slack                                 -0.284    

Slack (VIOLATED) :        -0.284ns  (required time - arrival time)
  Source:                 u_top/u_core/u_b/u_b_core/core/core/l5/gk.frontend/fifo/count_reg[2]_replica/C
                            (rising edge-triggered cell FDRE clocked by u_top_n_1646  {rise@0.000ns fall@2.500ns period=5.000ns})
  Destination:            u_top/u_core/u_b/u_b_core/core/core/l5/mac/issue/out_window_reg[6001]/CE
                            (rising edge-triggered cell FDRE clocked by u_top_n_1646  {rise@0.000ns fall@2.500ns period=5.000ns})
  Path Group:             u_top_n_1646
  Path Type:              Setup (Max at Slow Process Corner)
  Requirement:            5.000ns  (u_top_n_1646 rise@5.000ns - u_top_n_1646 rise@0.000ns)
  Data Path Delay:        4.964ns  (logic 0.589ns (11.865%)  route 4.375ns (88.135%))
  Logic Levels:           2  (LUT3=1 LUT6=1)
  Clock Path Skew:        -0.115ns (DCD - SCD + CPR)
    Destination Clock Delay (DCD):    5.494ns = ( 10.494 - 5.000 ) 
    Source Clock Delay      (SCD):    5.832ns
    Clock Pessimism Removal (CPR):    0.223ns
  Clock Uncertainty:      0.069ns  ((TSJ^2 + DJ^2)^1/2) / 2 + PE + UU
    Total System Jitter     (TSJ):    0.071ns
    Discrete Jitter          (DJ):    0.118ns
    Phase Error              (PE):    0.000ns
    User Uncertainty         (UU):    0.000ns

    Location             Delay type                Incr(ns)  Path(ns)    Netlist Resource(s)
  -------------------------------------------------------------------    -------------------
                         (clock u_top_n_1646 rise edge)
                                                      0.000     0.000 r  
    W19                                               0.000     0.000 r  sys_clk (IN)
                         net (fo=0)                   0.000     0.000    sys_clk
    W19                  IBUF (Prop_ibuf_I_O)         1.440     1.440 r  sys_clk_IBUF_inst/O
                         net (fo=1, routed)           1.065     2.505    u_top/sys_clk_IBUF
    MMCME2_ADV_X0Y2      MMCME2_ADV (Prop_mmcme2_adv_CLKIN1_CLKOUT0)
                                                      0.077     2.582 r  u_top/g_mmcm.u_mmcm/CLKOUT0
                         net (fo=1, routed)           1.559     4.141    u_top_n_1646
    BUFGCTRL_X0Y1        BUFG (Prop_bufg_I_O)         0.081     4.222 r  multiplier_s1_reg[29]_i_2_replica/O
                         net (fo=3, routed)           0.118     4.340    clk_200_repN
    BUFGCTRL_X0Y0        BUFG (Prop_bufg_I_O)         0.081     4.421 r  multiplier_s1_reg[29]_i_2/O
                         net (fo=62262, routed)       1.411     5.832    u_top/u_core/u_b/u_b_core/core/core/l5/gk.frontend/fifo/clk_200
    SLICE_X55Y104        FDRE                                         r  u_top/u_core/u_b/u_b_core/core/core/l5/gk.frontend/fifo/count_reg[2]_replica/C
  -------------------------------------------------------------------    -------------------
    SLICE_X55Y104        FDRE (Prop_fdre_C_Q)         0.379     6.211 r  u_top/u_core/u_b/u_b_core/core/core/l5/gk.frontend/fifo/count_reg[2]_replica/Q
                         net (fo=11, routed)          1.172     7.383    u_top/u_core/u_b/u_b_core/core/core/l5/gk.frontend/fifo/count_reg[2]_0[0]_repN
    SLICE_X48Y127        LUT3 (Prop_lut3_I0_O)        0.105     7.488 r  u_top/u_core/u_b/u_b_core/core/core/l5/gk.frontend/fifo/out_phase[0]_i_3/O
                         net (fo=22, routed)          0.717     8.206    u_top/u_core/u_b/u_b_core/core/core/l5/mac/issue/window_valid
    SLICE_X49Y140        LUT6 (Prop_lut6_I2_O)        0.105     8.311 r  u_top/u_core/u_b/u_b_core/core/core/l5/mac/issue/out_window[6399]_i_1/O
                         net (fo=6400, routed)        2.485    10.796    u_top/u_core/u_b/u_b_core/core/core/l5/mac/issue/out_window[6399]_i_1_n_0
    SLICE_X88Y102        FDRE                                         r  u_top/u_core/u_b/u_b_core/core/core/l5/mac/issue/out_window_reg[6001]/CE
  -------------------------------------------------------------------    -------------------

                         (clock u_top_n_1646 rise edge)
                                                      5.000     5.000 r  
    W19                                               0.000     5.000 r  sys_clk (IN)
                         net (fo=0)                   0.000     5.000    sys_clk
    W19                  IBUF (Prop_ibuf_I_O)         1.374     6.374 r  sys_clk_IBUF_inst/O
                         net (fo=1, routed)           1.004     7.378    u_top/sys_clk_IBUF
    MMCME2_ADV_X0Y2      MMCME2_ADV (Prop_mmcme2_adv_CLKIN1_CLKOUT0)
                                                      0.073     7.451 r  u_top/g_mmcm.u_mmcm/CLKOUT0
                         net (fo=1, routed)           1.488     8.938    u_top_n_1646
    BUFGCTRL_X0Y1        BUFG (Prop_bufg_I_O)         0.077     9.015 r  multiplier_s1_reg[29]_i_2_replica/O
                         net (fo=3, routed)           0.112     9.127    clk_200_repN
    BUFGCTRL_X0Y0        BUFG (Prop_bufg_I_O)         0.077     9.204 r  multiplier_s1_reg[29]_i_2/O
                         net (fo=62262, routed)       1.290    10.494    u_top/u_core/u_b/u_b_core/core/core/l5/mac/issue/clk_200
    SLICE_X88Y102        FDRE                                         r  u_top/u_core/u_b/u_b_core/core/core/l5/mac/issue/out_window_reg[6001]/C
                         clock pessimism              0.223    10.717    
                         clock uncertainty           -0.069    10.648    
    SLICE_X88Y102        FDRE (Setup_fdre_C_CE)      -0.136    10.512    u_top/u_core/u_b/u_b_core/core/core/l5/mac/issue/out_window_reg[6001]
  -------------------------------------------------------------------
                         required time                         10.512    
                         arrival time                         -10.796    
  -------------------------------------------------------------------
                         slack                                 -0.284    

Slack (VIOLATED) :        -0.284ns  (required time - arrival time)
  Source:                 u_top/u_core/u_b/u_b_core/core/core/l5/gk.frontend/fifo/count_reg[2]_replica/C
                            (rising edge-triggered cell FDRE clocked by u_top_n_1646  {rise@0.000ns fall@2.500ns period=5.000ns})
  Destination:            u_top/u_core/u_b/u_b_core/core/core/l5/mac/issue/out_window_reg[6002]/CE
                            (rising edge-triggered cell FDRE clocked by u_top_n_1646  {rise@0.000ns fall@2.500ns period=5.000ns})
  Path Group:             u_top_n_1646
  Path Type:              Setup (Max at Slow Process Corner)
  Requirement:            5.000ns  (u_top_n_1646 rise@5.000ns - u_top_n_1646 rise@0.000ns)
  Data Path Delay:        4.964ns  (logic 0.589ns (11.865%)  route 4.375ns (88.135%))
  Logic Levels:           2  (LUT3=1 LUT6=1)
  Clock Path Skew:        -0.115ns (DCD - SCD + CPR)
    Destination Clock Delay (DCD):    5.494ns = ( 10.494 - 5.000 ) 
    Source Clock Delay      (SCD):    5.832ns
    Clock Pessimism Removal (CPR):    0.223ns
  Clock Uncertainty:      0.069ns  ((TSJ^2 + DJ^2)^1/2) / 2 + PE + UU
    Total System Jitter     (TSJ):    0.071ns
    Discrete Jitter          (DJ):    0.118ns
    Phase Error              (PE):    0.000ns
    User Uncertainty         (UU):    0.000ns

    Location             Delay type                Incr(ns)  Path(ns)    Netlist Resource(s)
  -------------------------------------------------------------------    -------------------
                         (clock u_top_n_1646 rise edge)
                                                      0.000     0.000 r  
    W19                                               0.000     0.000 r  sys_clk (IN)
                         net (fo=0)                   0.000     0.000    sys_clk
    W19                  IBUF (Prop_ibuf_I_O)         1.440     1.440 r  sys_clk_IBUF_inst/O
                         net (fo=1, routed)           1.065     2.505    u_top/sys_clk_IBUF
    MMCME2_ADV_X0Y2      MMCME2_ADV (Prop_mmcme2_adv_CLKIN1_CLKOUT0)
                                                      0.077     2.582 r  u_top/g_mmcm.u_mmcm/CLKOUT0
                         net (fo=1, routed)           1.559     4.141    u_top_n_1646
    BUFGCTRL_X0Y1        BUFG (Prop_bufg_I_O)         0.081     4.222 r  multiplier_s1_reg[29]_i_2_replica/O
                         net (fo=3, routed)           0.118     4.340    clk_200_repN
    BUFGCTRL_X0Y0        BUFG (Prop_bufg_I_O)         0.081     4.421 r  multiplier_s1_reg[29]_i_2/O
                         net (fo=62262, routed)       1.411     5.832    u_top/u_core/u_b/u_b_core/core/core/l5/gk.frontend/fifo/clk_200
    SLICE_X55Y104        FDRE                                         r  u_top/u_core/u_b/u_b_core/core/core/l5/gk.frontend/fifo/count_reg[2]_replica/C
  -------------------------------------------------------------------    -------------------
    SLICE_X55Y104        FDRE (Prop_fdre_C_Q)         0.379     6.211 r  u_top/u_core/u_b/u_b_core/core/core/l5/gk.frontend/fifo/count_reg[2]_replica/Q
                         net (fo=11, routed)          1.172     7.383    u_top/u_core/u_b/u_b_core/core/core/l5/gk.frontend/fifo/count_reg[2]_0[0]_repN
    SLICE_X48Y127        LUT3 (Prop_lut3_I0_O)        0.105     7.488 r  u_top/u_core/u_b/u_b_core/core/core/l5/gk.frontend/fifo/out_phase[0]_i_3/O
                         net (fo=22, routed)          0.717     8.206    u_top/u_core/u_b/u_b_core/core/core/l5/mac/issue/window_valid
    SLICE_X49Y140        LUT6 (Prop_lut6_I2_O)        0.105     8.311 r  u_top/u_core/u_b/u_b_core/core/core/l5/mac/issue/out_window[6399]_i_1/O
                         net (fo=6400, routed)        2.485    10.796    u_top/u_core/u_b/u_b_core/core/core/l5/mac/issue/out_window[6399]_i_1_n_0
    SLICE_X88Y102        FDRE                                         r  u_top/u_core/u_b/u_b_core/core/core/l5/mac/issue/out_window_reg[6002]/CE
  -------------------------------------------------------------------    -------------------

                         (clock u_top_n_1646 rise edge)
                                                      5.000     5.000 r  
    W19                                               0.000     5.000 r  sys_clk (IN)
                         net (fo=0)                   0.000     5.000    sys_clk
    W19                  IBUF (Prop_ibuf_I_O)         1.374     6.374 r  sys_clk_IBUF_inst/O
                         net (fo=1, routed)           1.004     7.378    u_top/sys_clk_IBUF
    MMCME2_ADV_X0Y2      MMCME2_ADV (Prop_mmcme2_adv_CLKIN1_CLKOUT0)
                                                      0.073     7.451 r  u_top/g_mmcm.u_mmcm/CLKOUT0
                         net (fo=1, routed)           1.488     8.938    u_top_n_1646
    BUFGCTRL_X0Y1        BUFG (Prop_bufg_I_O)         0.077     9.015 r  multiplier_s1_reg[29]_i_2_replica/O
                         net (fo=3, routed)           0.112     9.127    clk_200_repN
    BUFGCTRL_X0Y0        BUFG (Prop_bufg_I_O)         0.077     9.204 r  multiplier_s1_reg[29]_i_2/O
                         net (fo=62262, routed)       1.290    10.494    u_top/u_core/u_b/u_b_core/core/core/l5/mac/issue/clk_200
    SLICE_X88Y102        FDRE                                         r  u_top/u_core/u_b/u_b_core/core/core/l5/mac/issue/out_window_reg[6002]/C
                         clock pessimism              0.223    10.717    
                         clock uncertainty           -0.069    10.648    
    SLICE_X88Y102        FDRE (Setup_fdre_C_CE)      -0.136    10.512    u_top/u_core/u_b/u_b_core/core/core/l5/mac/issue/out_window_reg[6002]
  -------------------------------------------------------------------
                         required time                         10.512    
                         arrival time                         -10.796    
  -------------------------------------------------------------------
                         slack                                 -0.284    

Slack (VIOLATED) :        -0.284ns  (required time - arrival time)
  Source:                 u_top/u_core/u_b/u_b_core/core/core/l5/gk.frontend/fifo/count_reg[2]_replica/C
                            (rising edge-triggered cell FDRE clocked by u_top_n_1646  {rise@0.000ns fall@2.500ns period=5.000ns})
  Destination:            u_top/u_core/u_b/u_b_core/core/core/l5/mac/issue/out_window_reg[6003]/CE
                            (rising edge-triggered cell FDRE clocked by u_top_n_1646  {rise@0.000ns fall@2.500ns period=5.000ns})
  Path Group:             u_top_n_1646
  Path Type:              Setup (Max at Slow Process Corner)
  Requirement:            5.000ns  (u_top_n_1646 rise@5.000ns - u_top_n_1646 rise@0.000ns)
  Data Path Delay:        4.964ns  (logic 0.589ns (11.865%)  route 4.375ns (88.135%))
  Logic Levels:           2  (LUT3=1 LUT6=1)
  Clock Path Skew:        -0.115ns (DCD - SCD + CPR)
    Destination Clock Delay (DCD):    5.494ns = ( 10.494 - 5.000 ) 
    Source Clock Delay      (SCD):    5.832ns
    Clock Pessimism Removal (CPR):    0.223ns
  Clock Uncertainty:      0.069ns  ((TSJ^2 + DJ^2)^1/2) / 2 + PE + UU
    Total System Jitter     (TSJ):    0.071ns
    Discrete Jitter          (DJ):    0.118ns
    Phase Error              (PE):    0.000ns
    User Uncertainty         (UU):    0.000ns

    Location             Delay type                Incr(ns)  Path(ns)    Netlist Resource(s)
  -------------------------------------------------------------------    -------------------
                         (clock u_top_n_1646 rise edge)
                                                      0.000     0.000 r  
    W19                                               0.000     0.000 r  sys_clk (IN)
                         net (fo=0)                   0.000     0.000    sys_clk
    W19                  IBUF (Prop_ibuf_I_O)         1.440     1.440 r  sys_clk_IBUF_inst/O
                         net (fo=1, routed)           1.065     2.505    u_top/sys_clk_IBUF
    MMCME2_ADV_X0Y2      MMCME2_ADV (Prop_mmcme2_adv_CLKIN1_CLKOUT0)
                                                      0.077     2.582 r  u_top/g_mmcm.u_mmcm/CLKOUT0
                         net (fo=1, routed)           1.559     4.141    u_top_n_1646
    BUFGCTRL_X0Y1        BUFG (Prop_bufg_I_O)         0.081     4.222 r  multiplier_s1_reg[29]_i_2_replica/O
                         net (fo=3, routed)           0.118     4.340    clk_200_repN
    BUFGCTRL_X0Y0        BUFG (Prop_bufg_I_O)         0.081     4.421 r  multiplier_s1_reg[29]_i_2/O
                         net (fo=62262, routed)       1.411     5.832    u_top/u_core/u_b/u_b_core/core/core/l5/gk.frontend/fifo/clk_200
    SLICE_X55Y104        FDRE                                         r  u_top/u_core/u_b/u_b_core/core/core/l5/gk.frontend/fifo/count_reg[2]_replica/C
  -------------------------------------------------------------------    -------------------
    SLICE_X55Y104        FDRE (Prop_fdre_C_Q)         0.379     6.211 r  u_top/u_core/u_b/u_b_core/core/core/l5/gk.frontend/fifo/count_reg[2]_replica/Q
                         net (fo=11, routed)          1.172     7.383    u_top/u_core/u_b/u_b_core/core/core/l5/gk.frontend/fifo/count_reg[2]_0[0]_repN
    SLICE_X48Y127        LUT3 (Prop_lut3_I0_O)        0.105     7.488 r  u_top/u_core/u_b/u_b_core/core/core/l5/gk.frontend/fifo/out_phase[0]_i_3/O
                         net (fo=22, routed)          0.717     8.206    u_top/u_core/u_b/u_b_core/core/core/l5/mac/issue/window_valid
    SLICE_X49Y140        LUT6 (Prop_lut6_I2_O)        0.105     8.311 r  u_top/u_core/u_b/u_b_core/core/core/l5/mac/issue/out_window[6399]_i_1/O
                         net (fo=6400, routed)        2.485    10.796    u_top/u_core/u_b/u_b_core/core/core/l5/mac/issue/out_window[6399]_i_1_n_0
    SLICE_X88Y102        FDRE                                         r  u_top/u_core/u_b/u_b_core/core/core/l5/mac/issue/out_window_reg[6003]/CE
  -------------------------------------------------------------------    -------------------

                         (clock u_top_n_1646 rise edge)
                                                      5.000     5.000 r  
    W19                                               0.000     5.000 r  sys_clk (IN)
                         net (fo=0)                   0.000     5.000    sys_clk
    W19                  IBUF (Prop_ibuf_I_O)         1.374     6.374 r  sys_clk_IBUF_inst/O
                         net (fo=1, routed)           1.004     7.378    u_top/sys_clk_IBUF
    MMCME2_ADV_X0Y2      MMCME2_ADV (Prop_mmcme2_adv_CLKIN1_CLKOUT0)
                                                      0.073     7.451 r  u_top/g_mmcm.u_mmcm/CLKOUT0
                         net (fo=1, routed)           1.488     8.938    u_top_n_1646
    BUFGCTRL_X0Y1        BUFG (Prop_bufg_I_O)         0.077     9.015 r  multiplier_s1_reg[29]_i_2_replica/O
                         net (fo=3, routed)           0.112     9.127    clk_200_repN
    BUFGCTRL_X0Y0        BUFG (Prop_bufg_I_O)         0.077     9.204 r  multiplier_s1_reg[29]_i_2/O
                         net (fo=62262, routed)       1.290    10.494    u_top/u_core/u_b/u_b_core/core/core/l5/mac/issue/clk_200
    SLICE_X88Y102        FDRE                                         r  u_top/u_core/u_b/u_b_core/core/core/l5/mac/issue/out_window_reg[6003]/C
                         clock pessimism              0.223    10.717    
                         clock uncertainty           -0.069    10.648    
    SLICE_X88Y102        FDRE (Setup_fdre_C_CE)      -0.136    10.512    u_top/u_core/u_b/u_b_core/core/core/l5/mac/issue/out_window_reg[6003]
  -------------------------------------------------------------------
                         required time                         10.512    
                         arrival time                         -10.796    
  -------------------------------------------------------------------
                         slack                                 -0.284    

Slack (VIOLATED) :        -0.284ns  (required time - arrival time)
  Source:                 u_top/u_core/u_b/u_b_core/core/core/l5/gk.frontend/fifo/count_reg[2]_replica/C
                            (rising edge-triggered cell FDRE clocked by u_top_n_1646  {rise@0.000ns fall@2.500ns period=5.000ns})
  Destination:            u_top/u_core/u_b/u_b_core/core/core/l5/mac/issue/out_window_reg[6004]/CE
                            (rising edge-triggered cell FDRE clocked by u_top_n_1646  {rise@0.000ns fall@2.500ns period=5.000ns})
  Path Group:             u_top_n_1646
  Path Type:              Setup (Max at Slow Process Corner)
  Requirement:            5.000ns  (u_top_n_1646 rise@5.000ns - u_top_n_1646 rise@0.000ns)
  Data Path Delay:        4.964ns  (logic 0.589ns (11.865%)  route 4.375ns (88.135%))
  Logic Levels:           2  (LUT3=1 LUT6=1)
  Clock Path Skew:        -0.115ns (DCD - SCD + CPR)
    Destination Clock Delay (DCD):    5.494ns = ( 10.494 - 5.000 ) 
    Source Clock Delay      (SCD):    5.832ns
    Clock Pessimism Removal (CPR):    0.223ns
  Clock Uncertainty:      0.069ns  ((TSJ^2 + DJ^2)^1/2) / 2 + PE + UU
    Total System Jitter     (TSJ):    0.071ns
    Discrete Jitter          (DJ):    0.118ns
    Phase Error              (PE):    0.000ns
    User Uncertainty         (UU):    0.000ns

    Location             Delay type                Incr(ns)  Path(ns)    Netlist Resource(s)
  -------------------------------------------------------------------    -------------------
                         (clock u_top_n_1646 rise edge)
                                                      0.000     0.000 r  
    W19                                               0.000     0.000 r  sys_clk (IN)
                         net (fo=0)                   0.000     0.000    sys_clk
    W19                  IBUF (Prop_ibuf_I_O)         1.440     1.440 r  sys_clk_IBUF_inst/O
                         net (fo=1, routed)           1.065     2.505    u_top/sys_clk_IBUF
    MMCME2_ADV_X0Y2      MMCME2_ADV (Prop_mmcme2_adv_CLKIN1_CLKOUT0)
                                                      0.077     2.582 r  u_top/g_mmcm.u_mmcm/CLKOUT0
                         net (fo=1, routed)           1.559     4.141    u_top_n_1646
    BUFGCTRL_X0Y1        BUFG (Prop_bufg_I_O)         0.081     4.222 r  multiplier_s1_reg[29]_i_2_replica/O
                         net (fo=3, routed)           0.118     4.340    clk_200_repN
    BUFGCTRL_X0Y0        BUFG (Prop_bufg_I_O)         0.081     4.421 r  multiplier_s1_reg[29]_i_2/O
                         net (fo=62262, routed)       1.411     5.832    u_top/u_core/u_b/u_b_core/core/core/l5/gk.frontend/fifo/clk_200
    SLICE_X55Y104        FDRE                                         r  u_top/u_core/u_b/u_b_core/core/core/l5/gk.frontend/fifo/count_reg[2]_replica/C
  -------------------------------------------------------------------    -------------------
    SLICE_X55Y104        FDRE (Prop_fdre_C_Q)         0.379     6.211 r  u_top/u_core/u_b/u_b_core/core/core/l5/gk.frontend/fifo/count_reg[2]_replica/Q
                         net (fo=11, routed)          1.172     7.383    u_top/u_core/u_b/u_b_core/core/core/l5/gk.frontend/fifo/count_reg[2]_0[0]_repN
    SLICE_X48Y127        LUT3 (Prop_lut3_I0_O)        0.105     7.488 r  u_top/u_core/u_b/u_b_core/core/core/l5/gk.frontend/fifo/out_phase[0]_i_3/O
                         net (fo=22, routed)          0.717     8.206    u_top/u_core/u_b/u_b_core/core/core/l5/mac/issue/window_valid
    SLICE_X49Y140        LUT6 (Prop_lut6_I2_O)        0.105     8.311 r  u_top/u_core/u_b/u_b_core/core/core/l5/mac/issue/out_window[6399]_i_1/O
                         net (fo=6400, routed)        2.485    10.796    u_top/u_core/u_b/u_b_core/core/core/l5/mac/issue/out_window[6399]_i_1_n_0
    SLICE_X88Y102        FDRE                                         r  u_top/u_core/u_b/u_b_core/core/core/l5/mac/issue/out_window_reg[6004]/CE
  -------------------------------------------------------------------    -------------------

                         (clock u_top_n_1646 rise edge)
                                                      5.000     5.000 r  
    W19                                               0.000     5.000 r  sys_clk (IN)
                         net (fo=0)                   0.000     5.000    sys_clk
    W19                  IBUF (Prop_ibuf_I_O)         1.374     6.374 r  sys_clk_IBUF_inst/O
                         net (fo=1, routed)           1.004     7.378    u_top/sys_clk_IBUF
    MMCME2_ADV_X0Y2      MMCME2_ADV (Prop_mmcme2_adv_CLKIN1_CLKOUT0)
                                                      0.073     7.451 r  u_top/g_mmcm.u_mmcm/CLKOUT0
                         net (fo=1, routed)           1.488     8.938    u_top_n_1646
    BUFGCTRL_X0Y1        BUFG (Prop_bufg_I_O)         0.077     9.015 r  multiplier_s1_reg[29]_i_2_replica/O
                         net (fo=3, routed)           0.112     9.127    clk_200_repN
    BUFGCTRL_X0Y0        BUFG (Prop_bufg_I_O)         0.077     9.204 r  multiplier_s1_reg[29]_i_2/O
                         net (fo=62262, routed)       1.290    10.494    u_top/u_core/u_b/u_b_core/core/core/l5/mac/issue/clk_200
    SLICE_X88Y102        FDRE                                         r  u_top/u_core/u_b/u_b_core/core/core/l5/mac/issue/out_window_reg[6004]/C
                         clock pessimism              0.223    10.717    
                         clock uncertainty           -0.069    10.648    
    SLICE_X88Y102        FDRE (Setup_fdre_C_CE)      -0.136    10.512    u_top/u_core/u_b/u_b_core/core/core/l5/mac/issue/out_window_reg[6004]
  -------------------------------------------------------------------
                         required time                         10.512    
                         arrival time                         -10.796    
  -------------------------------------------------------------------
                         slack                                 -0.284    

Slack (VIOLATED) :        -0.284ns  (required time - arrival time)
  Source:                 u_top/u_core/u_b/u_b_core/core/core/l5/gk.frontend/fifo/count_reg[2]_replica/C
                            (rising edge-triggered cell FDRE clocked by u_top_n_1646  {rise@0.000ns fall@2.500ns period=5.000ns})
  Destination:            u_top/u_core/u_b/u_b_core/core/core/l5/mac/issue/out_window_reg[6005]/CE
                            (rising edge-triggered cell FDRE clocked by u_top_n_1646  {rise@0.000ns fall@2.500ns period=5.000ns})
  Path Group:             u_top_n_1646
  Path Type:              Setup (Max at Slow Process Corner)
  Requirement:            5.000ns  (u_top_n_1646 rise@5.000ns - u_top_n_1646 rise@0.000ns)
  Data Path Delay:        4.964ns  (logic 0.589ns (11.865%)  route 4.375ns (88.135%))
  Logic Levels:           2  (LUT3=1 LUT6=1)
  Clock Path Skew:        -0.115ns (DCD - SCD + CPR)
    Destination Clock Delay (DCD):    5.494ns = ( 10.494 - 5.000 ) 
    Source Clock Delay      (SCD):    5.832ns
    Clock Pessimism Removal (CPR):    0.223ns
  Clock Uncertainty:      0.069ns  ((TSJ^2 + DJ^2)^1/2) / 2 + PE + UU
    Total System Jitter     (TSJ):    0.071ns
    Discrete Jitter          (DJ):    0.118ns
    Phase Error              (PE):    0.000ns
    User Uncertainty         (UU):    0.000ns

    Location             Delay type                Incr(ns)  Path(ns)    Netlist Resource(s)
  -------------------------------------------------------------------    -------------------
                         (clock u_top_n_1646 rise edge)
                                                      0.000     0.000 r  
    W19                                               0.000     0.000 r  sys_clk (IN)
                         net (fo=0)                   0.000     0.000    sys_clk
    W19                  IBUF (Prop_ibuf_I_O)         1.440     1.440 r  sys_clk_IBUF_inst/O
                         net (fo=1, routed)           1.065     2.505    u_top/sys_clk_IBUF
    MMCME2_ADV_X0Y2      MMCME2_ADV (Prop_mmcme2_adv_CLKIN1_CLKOUT0)
                                                      0.077     2.582 r  u_top/g_mmcm.u_mmcm/CLKOUT0
                         net (fo=1, routed)           1.559     4.141    u_top_n_1646
    BUFGCTRL_X0Y1        BUFG (Prop_bufg_I_O)         0.081     4.222 r  multiplier_s1_reg[29]_i_2_replica/O
                         net (fo=3, routed)           0.118     4.340    clk_200_repN
    BUFGCTRL_X0Y0        BUFG (Prop_bufg_I_O)         0.081     4.421 r  multiplier_s1_reg[29]_i_2/O
                         net (fo=62262, routed)       1.411     5.832    u_top/u_core/u_b/u_b_core/core/core/l5/gk.frontend/fifo/clk_200
    SLICE_X55Y104        FDRE                                         r  u_top/u_core/u_b/u_b_core/core/core/l5/gk.frontend/fifo/count_reg[2]_replica/C
  -------------------------------------------------------------------    -------------------
    SLICE_X55Y104        FDRE (Prop_fdre_C_Q)         0.379     6.211 r  u_top/u_core/u_b/u_b_core/core/core/l5/gk.frontend/fifo/count_reg[2]_replica/Q
                         net (fo=11, routed)          1.172     7.383    u_top/u_core/u_b/u_b_core/core/core/l5/gk.frontend/fifo/count_reg[2]_0[0]_repN
    SLICE_X48Y127        LUT3 (Prop_lut3_I0_O)        0.105     7.488 r  u_top/u_core/u_b/u_b_core/core/core/l5/gk.frontend/fifo/out_phase[0]_i_3/O
                         net (fo=22, routed)          0.717     8.206    u_top/u_core/u_b/u_b_core/core/core/l5/mac/issue/window_valid
    SLICE_X49Y140        LUT6 (Prop_lut6_I2_O)        0.105     8.311 r  u_top/u_core/u_b/u_b_core/core/core/l5/mac/issue/out_window[6399]_i_1/O
                         net (fo=6400, routed)        2.485    10.796    u_top/u_core/u_b/u_b_core/core/core/l5/mac/issue/out_window[6399]_i_1_n_0
    SLICE_X88Y102        FDRE                                         r  u_top/u_core/u_b/u_b_core/core/core/l5/mac/issue/out_window_reg[6005]/CE
  -------------------------------------------------------------------    -------------------

                         (clock u_top_n_1646 rise edge)
                                                      5.000     5.000 r  
    W19                                               0.000     5.000 r  sys_clk (IN)
                         net (fo=0)                   0.000     5.000    sys_clk
    W19                  IBUF (Prop_ibuf_I_O)         1.374     6.374 r  sys_clk_IBUF_inst/O
                         net (fo=1, routed)           1.004     7.378    u_top/sys_clk_IBUF
    MMCME2_ADV_X0Y2      MMCME2_ADV (Prop_mmcme2_adv_CLKIN1_CLKOUT0)
                                                      0.073     7.451 r  u_top/g_mmcm.u_mmcm/CLKOUT0
                         net (fo=1, routed)           1.488     8.938    u_top_n_1646
    BUFGCTRL_X0Y1        BUFG (Prop_bufg_I_O)         0.077     9.015 r  multiplier_s1_reg[29]_i_2_replica/O
                         net (fo=3, routed)           0.112     9.127    clk_200_repN
    BUFGCTRL_X0Y0        BUFG (Prop_bufg_I_O)         0.077     9.204 r  multiplier_s1_reg[29]_i_2/O
                         net (fo=62262, routed)       1.290    10.494    u_top/u_core/u_b/u_b_core/core/core/l5/mac/issue/clk_200
    SLICE_X88Y102        FDRE                                         r  u_top/u_core/u_b/u_b_core/core/core/l5/mac/issue/out_window_reg[6005]/C
                         clock pessimism              0.223    10.717    
                         clock uncertainty           -0.069    10.648    
    SLICE_X88Y102        FDRE (Setup_fdre_C_CE)      -0.136    10.512    u_top/u_core/u_b/u_b_core/core/core/l5/mac/issue/out_window_reg[6005]
  -------------------------------------------------------------------
                         required time                         10.512    
                         arrival time                         -10.796    
  -------------------------------------------------------------------
                         slack                                 -0.284    

Slack (VIOLATED) :        -0.283ns  (required time - arrival time)
  Source:                 u_top/u_core/u_b/u_b_core/core/core/l3/mac/g_l5_partial_buffer.partial_fifo/rd_ptr_reg_replica/C
                            (rising edge-triggered cell FDRE clocked by u_top_n_1646  {rise@0.000ns fall@2.500ns period=5.000ns})
  Destination:            u_top/u_core/u_b/u_b_core/core/core/l3/mac/acc/sum_stage_reg[4][33]/D
                            (rising edge-triggered cell FDRE clocked by u_top_n_1646  {rise@0.000ns fall@2.500ns period=5.000ns})
  Path Group:             u_top_n_1646
  Path Type:              Setup (Max at Slow Process Corner)
  Requirement:            5.000ns  (u_top_n_1646 rise@5.000ns - u_top_n_1646 rise@0.000ns)
  Data Path Delay:        4.902ns  (logic 2.071ns (42.248%)  route 2.831ns (57.752%))
  Logic Levels:           10  (CARRY4=8 LUT5=1 RAMD32=1)
  Clock Path Skew:        -0.123ns (DCD - SCD + CPR)
    Destination Clock Delay (DCD):    5.634ns = ( 10.634 - 5.000 ) 
    Source Clock Delay      (SCD):    6.047ns
    Clock Pessimism Removal (CPR):    0.290ns
  Clock Uncertainty:      0.069ns  ((TSJ^2 + DJ^2)^1/2) / 2 + PE + UU
    Total System Jitter     (TSJ):    0.071ns
    Discrete Jitter          (DJ):    0.118ns
    Phase Error              (PE):    0.000ns
    User Uncertainty         (UU):    0.000ns

    Location             Delay type                Incr(ns)  Path(ns)    Netlist Resource(s)
  -------------------------------------------------------------------    -------------------
                         (clock u_top_n_1646 rise edge)
                                                      0.000     0.000 r  
    W19                                               0.000     0.000 r  sys_clk (IN)
                         net (fo=0)                   0.000     0.000    sys_clk
    W19                  IBUF (Prop_ibuf_I_O)         1.440     1.440 r  sys_clk_IBUF_inst/O
                         net (fo=1, routed)           1.065     2.505    u_top/sys_clk_IBUF
    MMCME2_ADV_X0Y2      MMCME2_ADV (Prop_mmcme2_adv_CLKIN1_CLKOUT0)
                                                      0.077     2.582 r  u_top/g_mmcm.u_mmcm/CLKOUT0
                         net (fo=1, routed)           1.559     4.141    u_top_n_1646
    BUFGCTRL_X0Y1        BUFG (Prop_bufg_I_O)         0.081     4.222 r  multiplier_s1_reg[29]_i_2_replica/O
                         net (fo=3, routed)           0.118     4.340    clk_200_repN
    BUFGCTRL_X0Y0        BUFG (Prop_bufg_I_O)         0.081     4.421 r  multiplier_s1_reg[29]_i_2/O
                         net (fo=62262, routed)       1.626     6.047    u_top/u_core/u_b/u_b_core/core/core/l3/mac/g_l5_partial_buffer.partial_fifo/clk_200
    SLICE_X28Y82         FDRE                                         r  u_top/u_core/u_b/u_b_core/core/core/l3/mac/g_l5_partial_buffer.partial_fifo/rd_ptr_reg_replica/C
  -------------------------------------------------------------------    -------------------
    SLICE_X28Y82         FDRE (Prop_fdre_C_Q)         0.379     6.426 r  u_top/u_core/u_b/u_b_core/core/core/l3/mac/g_l5_partial_buffer.partial_fifo/rd_ptr_reg_replica/Q
                         net (fo=36, routed)          0.958     7.384    u_top/u_core/u_b/u_b_core/core/core/l3/mac/g_l5_partial_buffer.partial_fifo/data_q_reg_0_1_252_257/ADDRC0
    SLICE_X36Y81         RAMD32 (Prop_ramd32_RADR0_O)
                                                      0.119     7.503 r  u_top/u_core/u_b/u_b_core/core/core/l3/mac/g_l5_partial_buffer.partial_fifo/data_q_reg_0_1_252_257/RAMC/O
                         net (fo=305, routed)         1.384     8.887    u_top/u_core/u_b/u_b_core/core/core/l3/mac/g_l5_partial_buffer.partial_fifo/acc_partial_phase[0]
    SLICE_X57Y76         LUT5 (Prop_lut5_I2_O)        0.268     9.155 r  u_top/u_core/u_b/u_b_core/core/core/l3/mac/g_l5_partial_buffer.partial_fifo/i__carry__0_i_4__2/O
                         net (fo=1, routed)           0.000     9.155    u_top/u_core/u_b/u_b_core/core/core/l3/mac/acc/sum_stage_reg[4][7]_0[0]
    SLICE_X57Y76         CARRY4 (Prop_carry4_S[0]_CO[3])
                                                      0.440     9.595 r  u_top/u_core/u_b/u_b_core/core/core/l3/mac/acc/_inferred__8/i__carry__0/CO[3]
                         net (fo=1, routed)           0.000     9.595    u_top/u_core/u_b/u_b_core/core/core/l3/mac/acc/_inferred__8/i__carry__0_n_0
    SLICE_X57Y77         CARRY4 (Prop_carry4_CI_CO[3])
                                                      0.098     9.693 r  u_top/u_core/u_b/u_b_core/core/core/l3/mac/acc/_inferred__8/i__carry__1/CO[3]
                         net (fo=1, routed)           0.000     9.693    u_top/u_core/u_b/u_b_core/core/core/l3/mac/acc/_inferred__8/i__carry__1_n_0
    SLICE_X57Y78         CARRY4 (Prop_carry4_CI_CO[3])
                                                      0.098     9.791 r  u_top/u_core/u_b/u_b_core/core/core/l3/mac/acc/_inferred__8/i__carry__2/CO[3]
                         net (fo=1, routed)           0.000     9.791    u_top/u_core/u_b/u_b_core/core/core/l3/mac/acc/_inferred__8/i__carry__2_n_0
    SLICE_X57Y79         CARRY4 (Prop_carry4_CI_CO[3])
                                                      0.098     9.889 r  u_top/u_core/u_b/u_b_core/core/core/l3/mac/acc/_inferred__8/i__carry__3/CO[3]
                         net (fo=1, routed)           0.000     9.889    u_top/u_core/u_b/u_b_core/core/core/l3/mac/acc/_inferred__8/i__carry__3_n_0
    SLICE_X57Y80         CARRY4 (Prop_carry4_CI_CO[3])
                                                      0.098     9.987 r  u_top/u_core/u_b/u_b_core/core/core/l3/mac/acc/_inferred__8/i__carry__4/CO[3]
                         net (fo=1, routed)           0.000     9.987    u_top/u_core/u_b/u_b_core/core/core/l3/mac/acc/_inferred__8/i__carry__4_n_0
    SLICE_X57Y81         CARRY4 (Prop_carry4_CI_CO[3])
                                                      0.098    10.085 r  u_top/u_core/u_b/u_b_core/core/core/l3/mac/acc/_inferred__8/i__carry__5/CO[3]
                         net (fo=1, routed)           0.000    10.085    u_top/u_core/u_b/u_b_core/core/core/l3/mac/acc/_inferred__8/i__carry__5_n_0
    SLICE_X57Y82         CARRY4 (Prop_carry4_CI_CO[3])
                                                      0.098    10.183 r  u_top/u_core/u_b/u_b_core/core/core/l3/mac/acc/_inferred__8/i__carry__6/CO[3]
                         net (fo=1, routed)           0.000    10.183    u_top/u_core/u_b/u_b_core/core/core/l3/mac/acc/_inferred__8/i__carry__6_n_0
    SLICE_X57Y83         CARRY4 (Prop_carry4_CI_O[1])
                                                      0.277    10.460 r  u_top/u_core/u_b/u_b_core/core/core/l3/mac/acc/_inferred__8/i__carry__7/O[1]
                         net (fo=2, routed)           0.489    10.949    u_top/u_core/u_b/u_b_core/core/core/l3/mac/acc/_inferred__8/i__carry__7_n_6
    SLICE_X54Y81         FDRE                                         r  u_top/u_core/u_b/u_b_core/core/core/l3/mac/acc/sum_stage_reg[4][33]/D
  -------------------------------------------------------------------    -------------------

                         (clock u_top_n_1646 rise edge)
                                                      5.000     5.000 r  
    W19                                               0.000     5.000 r  sys_clk (IN)
                         net (fo=0)                   0.000     5.000    sys_clk
    W19                  IBUF (Prop_ibuf_I_O)         1.374     6.374 r  sys_clk_IBUF_inst/O
                         net (fo=1, routed)           1.004     7.378    u_top/sys_clk_IBUF
    MMCME2_ADV_X0Y2      MMCME2_ADV (Prop_mmcme2_adv_CLKIN1_CLKOUT0)
                                                      0.073     7.451 r  u_top/g_mmcm.u_mmcm/CLKOUT0
                         net (fo=1, routed)           1.488     8.938    u_top_n_1646
    BUFGCTRL_X0Y1        BUFG (Prop_bufg_I_O)         0.077     9.015 r  multiplier_s1_reg[29]_i_2_replica/O
                         net (fo=3, routed)           0.112     9.127    clk_200_repN
    BUFGCTRL_X0Y0        BUFG (Prop_bufg_I_O)         0.077     9.204 r  multiplier_s1_reg[29]_i_2/O
                         net (fo=62262, routed)       1.430    10.634    u_top/u_core/u_b/u_b_core/core/core/l3/mac/acc/clk_200
    SLICE_X54Y81         FDRE                                         r  u_top/u_core/u_b/u_b_core/core/core/l3/mac/acc/sum_stage_reg[4][33]/C
                         clock pessimism              0.290    10.924    
                         clock uncertainty           -0.069    10.855    
    SLICE_X54Y81         FDRE (Setup_fdre_C_D)       -0.189    10.666    u_top/u_core/u_b/u_b_core/core/core/l3/mac/acc/sum_stage_reg[4][33]
  -------------------------------------------------------------------
                         required time                         10.666    
                         arrival time                         -10.949    
  -------------------------------------------------------------------
                         slack                                 -0.283    

Slack (VIOLATED) :        -0.281ns  (required time - arrival time)
  Source:                 u_top/u_core/u_b/u_b_core/core/core/l5/gk.frontend/fifo/count_reg[2]_replica/C
                            (rising edge-triggered cell FDRE clocked by u_top_n_1646  {rise@0.000ns fall@2.500ns period=5.000ns})
  Destination:            u_top/u_core/u_b/u_b_core/core/core/l5/mac/issue/out_window_reg[6244]/CE
                            (rising edge-triggered cell FDRE clocked by u_top_n_1646  {rise@0.000ns fall@2.500ns period=5.000ns})
  Path Group:             u_top_n_1646
  Path Type:              Setup (Max at Slow Process Corner)
  Requirement:            5.000ns  (u_top_n_1646 rise@5.000ns - u_top_n_1646 rise@0.000ns)
  Data Path Delay:        4.949ns  (logic 0.589ns (11.902%)  route 4.360ns (88.098%))
  Logic Levels:           2  (LUT3=1 LUT6=1)
  Clock Path Skew:        -0.127ns (DCD - SCD + CPR)
    Destination Clock Delay (DCD):    5.482ns = ( 10.482 - 5.000 ) 
    Source Clock Delay      (SCD):    5.832ns
    Clock Pessimism Removal (CPR):    0.223ns
  Clock Uncertainty:      0.069ns  ((TSJ^2 + DJ^2)^1/2) / 2 + PE + UU
    Total System Jitter     (TSJ):    0.071ns
    Discrete Jitter          (DJ):    0.118ns
    Phase Error              (PE):    0.000ns
    User Uncertainty         (UU):    0.000ns

    Location             Delay type                Incr(ns)  Path(ns)    Netlist Resource(s)
  -------------------------------------------------------------------    -------------------
                         (clock u_top_n_1646 rise edge)
                                                      0.000     0.000 r  
    W19                                               0.000     0.000 r  sys_clk (IN)
                         net (fo=0)                   0.000     0.000    sys_clk
    W19                  IBUF (Prop_ibuf_I_O)         1.440     1.440 r  sys_clk_IBUF_inst/O
                         net (fo=1, routed)           1.065     2.505    u_top/sys_clk_IBUF
    MMCME2_ADV_X0Y2      MMCME2_ADV (Prop_mmcme2_adv_CLKIN1_CLKOUT0)
                                                      0.077     2.582 r  u_top/g_mmcm.u_mmcm/CLKOUT0
                         net (fo=1, routed)           1.559     4.141    u_top_n_1646
    BUFGCTRL_X0Y1        BUFG (Prop_bufg_I_O)         0.081     4.222 r  multiplier_s1_reg[29]_i_2_replica/O
                         net (fo=3, routed)           0.118     4.340    clk_200_repN
    BUFGCTRL_X0Y0        BUFG (Prop_bufg_I_O)         0.081     4.421 r  multiplier_s1_reg[29]_i_2/O
                         net (fo=62262, routed)       1.411     5.832    u_top/u_core/u_b/u_b_core/core/core/l5/gk.frontend/fifo/clk_200
    SLICE_X55Y104        FDRE                                         r  u_top/u_core/u_b/u_b_core/core/core/l5/gk.frontend/fifo/count_reg[2]_replica/C
  -------------------------------------------------------------------    -------------------
    SLICE_X55Y104        FDRE (Prop_fdre_C_Q)         0.379     6.211 r  u_top/u_core/u_b/u_b_core/core/core/l5/gk.frontend/fifo/count_reg[2]_replica/Q
                         net (fo=11, routed)          1.172     7.383    u_top/u_core/u_b/u_b_core/core/core/l5/gk.frontend/fifo/count_reg[2]_0[0]_repN
    SLICE_X48Y127        LUT3 (Prop_lut3_I0_O)        0.105     7.488 r  u_top/u_core/u_b/u_b_core/core/core/l5/gk.frontend/fifo/out_phase[0]_i_3/O
                         net (fo=22, routed)          0.717     8.206    u_top/u_core/u_b/u_b_core/core/core/l5/mac/issue/window_valid
    SLICE_X49Y140        LUT6 (Prop_lut6_I2_O)        0.105     8.311 r  u_top/u_core/u_b/u_b_core/core/core/l5/mac/issue/out_window[6399]_i_1/O
                         net (fo=6400, routed)        2.470    10.781    u_top/u_core/u_b/u_b_core/core/core/l5/mac/issue/out_window[6399]_i_1_n_0
    SLICE_X84Y101        FDRE                                         r  u_top/u_core/u_b/u_b_core/core/core/l5/mac/issue/out_window_reg[6244]/CE
  -------------------------------------------------------------------    -------------------

                         (clock u_top_n_1646 rise edge)
                                                      5.000     5.000 r  
    W19                                               0.000     5.000 r  sys_clk (IN)
                         net (fo=0)                   0.000     5.000    sys_clk
    W19                  IBUF (Prop_ibuf_I_O)         1.374     6.374 r  sys_clk_IBUF_inst/O
                         net (fo=1, routed)           1.004     7.378    u_top/sys_clk_IBUF
    MMCME2_ADV_X0Y2      MMCME2_ADV (Prop_mmcme2_adv_CLKIN1_CLKOUT0)
                                                      0.073     7.451 r  u_top/g_mmcm.u_mmcm/CLKOUT0
                         net (fo=1, routed)           1.488     8.938    u_top_n_1646
    BUFGCTRL_X0Y1        BUFG (Prop_bufg_I_O)         0.077     9.015 r  multiplier_s1_reg[29]_i_2_replica/O
                         net (fo=3, routed)           0.112     9.127    clk_200_repN
    BUFGCTRL_X0Y0        BUFG (Prop_bufg_I_O)         0.077     9.204 r  multiplier_s1_reg[29]_i_2/O
                         net (fo=62262, routed)       1.278    10.482    u_top/u_core/u_b/u_b_core/core/core/l5/mac/issue/clk_200
    SLICE_X84Y101        FDRE                                         r  u_top/u_core/u_b/u_b_core/core/core/l5/mac/issue/out_window_reg[6244]/C
                         clock pessimism              0.223    10.705    
                         clock uncertainty           -0.069    10.636    
    SLICE_X84Y101        FDRE (Setup_fdre_C_CE)      -0.136    10.500    u_top/u_core/u_b/u_b_core/core/core/l5/mac/issue/out_window_reg[6244]
  -------------------------------------------------------------------
                         required time                         10.500    
                         arrival time                         -10.781    
  -------------------------------------------------------------------
                         slack                                 -0.281    

Slack (VIOLATED) :        -0.281ns  (required time - arrival time)
  Source:                 u_top/u_core/u_b/u_b_core/core/core/l5/gk.frontend/fifo/count_reg[2]_replica/C
                            (rising edge-triggered cell FDRE clocked by u_top_n_1646  {rise@0.000ns fall@2.500ns period=5.000ns})
  Destination:            u_top/u_core/u_b/u_b_core/core/core/l5/mac/issue/out_window_reg[6245]/CE
                            (rising edge-triggered cell FDRE clocked by u_top_n_1646  {rise@0.000ns fall@2.500ns period=5.000ns})
  Path Group:             u_top_n_1646
  Path Type:              Setup (Max at Slow Process Corner)
  Requirement:            5.000ns  (u_top_n_1646 rise@5.000ns - u_top_n_1646 rise@0.000ns)
  Data Path Delay:        4.949ns  (logic 0.589ns (11.902%)  route 4.360ns (88.098%))
  Logic Levels:           2  (LUT3=1 LUT6=1)
  Clock Path Skew:        -0.127ns (DCD - SCD + CPR)
    Destination Clock Delay (DCD):    5.482ns = ( 10.482 - 5.000 ) 
    Source Clock Delay      (SCD):    5.832ns
    Clock Pessimism Removal (CPR):    0.223ns
  Clock Uncertainty:      0.069ns  ((TSJ^2 + DJ^2)^1/2) / 2 + PE + UU
    Total System Jitter     (TSJ):    0.071ns
    Discrete Jitter          (DJ):    0.118ns
    Phase Error              (PE):    0.000ns
    User Uncertainty         (UU):    0.000ns

    Location             Delay type                Incr(ns)  Path(ns)    Netlist Resource(s)
  -------------------------------------------------------------------    -------------------
                         (clock u_top_n_1646 rise edge)
                                                      0.000     0.000 r  
    W19                                               0.000     0.000 r  sys_clk (IN)
                         net (fo=0)                   0.000     0.000    sys_clk
    W19                  IBUF (Prop_ibuf_I_O)         1.440     1.440 r  sys_clk_IBUF_inst/O
                         net (fo=1, routed)           1.065     2.505    u_top/sys_clk_IBUF
    MMCME2_ADV_X0Y2      MMCME2_ADV (Prop_mmcme2_adv_CLKIN1_CLKOUT0)
                                                      0.077     2.582 r  u_top/g_mmcm.u_mmcm/CLKOUT0
                         net (fo=1, routed)           1.559     4.141    u_top_n_1646
    BUFGCTRL_X0Y1        BUFG (Prop_bufg_I_O)         0.081     4.222 r  multiplier_s1_reg[29]_i_2_replica/O
                         net (fo=3, routed)           0.118     4.340    clk_200_repN
    BUFGCTRL_X0Y0        BUFG (Prop_bufg_I_O)         0.081     4.421 r  multiplier_s1_reg[29]_i_2/O
                         net (fo=62262, routed)       1.411     5.832    u_top/u_core/u_b/u_b_core/core/core/l5/gk.frontend/fifo/clk_200
    SLICE_X55Y104        FDRE                                         r  u_top/u_core/u_b/u_b_core/core/core/l5/gk.frontend/fifo/count_reg[2]_replica/C
  -------------------------------------------------------------------    -------------------
    SLICE_X55Y104        FDRE (Prop_fdre_C_Q)         0.379     6.211 r  u_top/u_core/u_b/u_b_core/core/core/l5/gk.frontend/fifo/count_reg[2]_replica/Q
                         net (fo=11, routed)          1.172     7.383    u_top/u_core/u_b/u_b_core/core/core/l5/gk.frontend/fifo/count_reg[2]_0[0]_repN
    SLICE_X48Y127        LUT3 (Prop_lut3_I0_O)        0.105     7.488 r  u_top/u_core/u_b/u_b_core/core/core/l5/gk.frontend/fifo/out_phase[0]_i_3/O
                         net (fo=22, routed)          0.717     8.206    u_top/u_core/u_b/u_b_core/core/core/l5/mac/issue/window_valid
    SLICE_X49Y140        LUT6 (Prop_lut6_I2_O)        0.105     8.311 r  u_top/u_core/u_b/u_b_core/core/core/l5/mac/issue/out_window[6399]_i_1/O
                         net (fo=6400, routed)        2.470    10.781    u_top/u_core/u_b/u_b_core/core/core/l5/mac/issue/out_window[6399]_i_1_n_0
    SLICE_X84Y101        FDRE                                         r  u_top/u_core/u_b/u_b_core/core/core/l5/mac/issue/out_window_reg[6245]/CE
  -------------------------------------------------------------------    -------------------

                         (clock u_top_n_1646 rise edge)
                                                      5.000     5.000 r  
    W19                                               0.000     5.000 r  sys_clk (IN)
                         net (fo=0)                   0.000     5.000    sys_clk
    W19                  IBUF (Prop_ibuf_I_O)         1.374     6.374 r  sys_clk_IBUF_inst/O
                         net (fo=1, routed)           1.004     7.378    u_top/sys_clk_IBUF
    MMCME2_ADV_X0Y2      MMCME2_ADV (Prop_mmcme2_adv_CLKIN1_CLKOUT0)
                                                      0.073     7.451 r  u_top/g_mmcm.u_mmcm/CLKOUT0
                         net (fo=1, routed)           1.488     8.938    u_top_n_1646
    BUFGCTRL_X0Y1        BUFG (Prop_bufg_I_O)         0.077     9.015 r  multiplier_s1_reg[29]_i_2_replica/O
                         net (fo=3, routed)           0.112     9.127    clk_200_repN
    BUFGCTRL_X0Y0        BUFG (Prop_bufg_I_O)         0.077     9.204 r  multiplier_s1_reg[29]_i_2/O
                         net (fo=62262, routed)       1.278    10.482    u_top/u_core/u_b/u_b_core/core/core/l5/mac/issue/clk_200
    SLICE_X84Y101        FDRE                                         r  u_top/u_core/u_b/u_b_core/core/core/l5/mac/issue/out_window_reg[6245]/C
                         clock pessimism              0.223    10.705    
                         clock uncertainty           -0.069    10.636    
    SLICE_X84Y101        FDRE (Setup_fdre_C_CE)      -0.136    10.500    u_top/u_core/u_b/u_b_core/core/core/l5/mac/issue/out_window_reg[6245]
  -------------------------------------------------------------------
                         required time                         10.500    
                         arrival time                         -10.781    
  -------------------------------------------------------------------
                         slack                                 -0.281    

Slack (VIOLATED) :        -0.281ns  (required time - arrival time)
  Source:                 u_top/u_core/u_b/u_b_core/core/core/l5/gk.frontend/fifo/count_reg[2]_replica/C
                            (rising edge-triggered cell FDRE clocked by u_top_n_1646  {rise@0.000ns fall@2.500ns period=5.000ns})
  Destination:            u_top/u_core/u_b/u_b_core/core/core/l5/mac/issue/out_window_reg[6246]/CE
                            (rising edge-triggered cell FDRE clocked by u_top_n_1646  {rise@0.000ns fall@2.500ns period=5.000ns})
  Path Group:             u_top_n_1646
  Path Type:              Setup (Max at Slow Process Corner)
  Requirement:            5.000ns  (u_top_n_1646 rise@5.000ns - u_top_n_1646 rise@0.000ns)
  Data Path Delay:        4.949ns  (logic 0.589ns (11.902%)  route 4.360ns (88.098%))
  Logic Levels:           2  (LUT3=1 LUT6=1)
  Clock Path Skew:        -0.127ns (DCD - SCD + CPR)
    Destination Clock Delay (DCD):    5.482ns = ( 10.482 - 5.000 ) 
    Source Clock Delay      (SCD):    5.832ns
    Clock Pessimism Removal (CPR):    0.223ns
  Clock Uncertainty:      0.069ns  ((TSJ^2 + DJ^2)^1/2) / 2 + PE + UU
    Total System Jitter     (TSJ):    0.071ns
    Discrete Jitter          (DJ):    0.118ns
    Phase Error              (PE):    0.000ns
    User Uncertainty         (UU):    0.000ns

    Location             Delay type                Incr(ns)  Path(ns)    Netlist Resource(s)
  -------------------------------------------------------------------    -------------------
                         (clock u_top_n_1646 rise edge)
                                                      0.000     0.000 r  
    W19                                               0.000     0.000 r  sys_clk (IN)
                         net (fo=0)                   0.000     0.000    sys_clk
    W19                  IBUF (Prop_ibuf_I_O)         1.440     1.440 r  sys_clk_IBUF_inst/O
                         net (fo=1, routed)           1.065     2.505    u_top/sys_clk_IBUF
    MMCME2_ADV_X0Y2      MMCME2_ADV (Prop_mmcme2_adv_CLKIN1_CLKOUT0)
                                                      0.077     2.582 r  u_top/g_mmcm.u_mmcm/CLKOUT0
                         net (fo=1, routed)           1.559     4.141    u_top_n_1646
    BUFGCTRL_X0Y1        BUFG (Prop_bufg_I_O)         0.081     4.222 r  multiplier_s1_reg[29]_i_2_replica/O
                         net (fo=3, routed)           0.118     4.340    clk_200_repN
    BUFGCTRL_X0Y0        BUFG (Prop_bufg_I_O)         0.081     4.421 r  multiplier_s1_reg[29]_i_2/O
                         net (fo=62262, routed)       1.411     5.832    u_top/u_core/u_b/u_b_core/core/core/l5/gk.frontend/fifo/clk_200
    SLICE_X55Y104        FDRE                                         r  u_top/u_core/u_b/u_b_core/core/core/l5/gk.frontend/fifo/count_reg[2]_replica/C
  -------------------------------------------------------------------    -------------------
    SLICE_X55Y104        FDRE (Prop_fdre_C_Q)         0.379     6.211 r  u_top/u_core/u_b/u_b_core/core/core/l5/gk.frontend/fifo/count_reg[2]_replica/Q
                         net (fo=11, routed)          1.172     7.383    u_top/u_core/u_b/u_b_core/core/core/l5/gk.frontend/fifo/count_reg[2]_0[0]_repN
    SLICE_X48Y127        LUT3 (Prop_lut3_I0_O)        0.105     7.488 r  u_top/u_core/u_b/u_b_core/core/core/l5/gk.frontend/fifo/out_phase[0]_i_3/O
                         net (fo=22, routed)          0.717     8.206    u_top/u_core/u_b/u_b_core/core/core/l5/mac/issue/window_valid
    SLICE_X49Y140        LUT6 (Prop_lut6_I2_O)        0.105     8.311 r  u_top/u_core/u_b/u_b_core/core/core/l5/mac/issue/out_window[6399]_i_1/O
                         net (fo=6400, routed)        2.470    10.781    u_top/u_core/u_b/u_b_core/core/core/l5/mac/issue/out_window[6399]_i_1_n_0
    SLICE_X84Y101        FDRE                                         r  u_top/u_core/u_b/u_b_core/core/core/l5/mac/issue/out_window_reg[6246]/CE
  -------------------------------------------------------------------    -------------------

                         (clock u_top_n_1646 rise edge)
                                                      5.000     5.000 r  
    W19                                               0.000     5.000 r  sys_clk (IN)
                         net (fo=0)                   0.000     5.000    sys_clk
    W19                  IBUF (Prop_ibuf_I_O)         1.374     6.374 r  sys_clk_IBUF_inst/O
                         net (fo=1, routed)           1.004     7.378    u_top/sys_clk_IBUF
    MMCME2_ADV_X0Y2      MMCME2_ADV (Prop_mmcme2_adv_CLKIN1_CLKOUT0)
                                                      0.073     7.451 r  u_top/g_mmcm.u_mmcm/CLKOUT0
                         net (fo=1, routed)           1.488     8.938    u_top_n_1646
    BUFGCTRL_X0Y1        BUFG (Prop_bufg_I_O)         0.077     9.015 r  multiplier_s1_reg[29]_i_2_replica/O
                         net (fo=3, routed)           0.112     9.127    clk_200_repN
    BUFGCTRL_X0Y0        BUFG (Prop_bufg_I_O)         0.077     9.204 r  multiplier_s1_reg[29]_i_2/O
                         net (fo=62262, routed)       1.278    10.482    u_top/u_core/u_b/u_b_core/core/core/l5/mac/issue/clk_200
    SLICE_X84Y101        FDRE                                         r  u_top/u_core/u_b/u_b_core/core/core/l5/mac/issue/out_window_reg[6246]/C
                         clock pessimism              0.223    10.705    
                         clock uncertainty           -0.069    10.636    
    SLICE_X84Y101        FDRE (Setup_fdre_C_CE)      -0.136    10.500    u_top/u_core/u_b/u_b_core/core/core/l5/mac/issue/out_window_reg[6246]
  -------------------------------------------------------------------
                         required time                         10.500    
                         arrival time                         -10.781    
  -------------------------------------------------------------------
                         slack                                 -0.281    

Slack (VIOLATED) :        -0.281ns  (required time - arrival time)
  Source:                 u_top/u_core/u_b/u_b_core/core/core/l5/gk.frontend/fifo/count_reg[2]_replica/C
                            (rising edge-triggered cell FDRE clocked by u_top_n_1646  {rise@0.000ns fall@2.500ns period=5.000ns})
  Destination:            u_top/u_core/u_b/u_b_core/core/core/l5/mac/issue/out_window_reg[6247]/CE
                            (rising edge-triggered cell FDRE clocked by u_top_n_1646  {rise@0.000ns fall@2.500ns period=5.000ns})
  Path Group:             u_top_n_1646
  Path Type:              Setup (Max at Slow Process Corner)
  Requirement:            5.000ns  (u_top_n_1646 rise@5.000ns - u_top_n_1646 rise@0.000ns)
  Data Path Delay:        4.949ns  (logic 0.589ns (11.902%)  route 4.360ns (88.098%))
  Logic Levels:           2  (LUT3=1 LUT6=1)
  Clock Path Skew:        -0.127ns (DCD - SCD + CPR)
    Destination Clock Delay (DCD):    5.482ns = ( 10.482 - 5.000 ) 
    Source Clock Delay      (SCD):    5.832ns
    Clock Pessimism Removal (CPR):    0.223ns
  Clock Uncertainty:      0.069ns  ((TSJ^2 + DJ^2)^1/2) / 2 + PE + UU
    Total System Jitter     (TSJ):    0.071ns
    Discrete Jitter          (DJ):    0.118ns
    Phase Error              (PE):    0.000ns
    User Uncertainty         (UU):    0.000ns

    Location             Delay type                Incr(ns)  Path(ns)    Netlist Resource(s)
  -------------------------------------------------------------------    -------------------
                         (clock u_top_n_1646 rise edge)
                                                      0.000     0.000 r  
    W19                                               0.000     0.000 r  sys_clk (IN)
                         net (fo=0)                   0.000     0.000    sys_clk
    W19                  IBUF (Prop_ibuf_I_O)         1.440     1.440 r  sys_clk_IBUF_inst/O
                         net (fo=1, routed)           1.065     2.505    u_top/sys_clk_IBUF
    MMCME2_ADV_X0Y2      MMCME2_ADV (Prop_mmcme2_adv_CLKIN1_CLKOUT0)
                                                      0.077     2.582 r  u_top/g_mmcm.u_mmcm/CLKOUT0
                         net (fo=1, routed)           1.559     4.141    u_top_n_1646
    BUFGCTRL_X0Y1        BUFG (Prop_bufg_I_O)         0.081     4.222 r  multiplier_s1_reg[29]_i_2_replica/O
                         net (fo=3, routed)           0.118     4.340    clk_200_repN
    BUFGCTRL_X0Y0        BUFG (Prop_bufg_I_O)         0.081     4.421 r  multiplier_s1_reg[29]_i_2/O
                         net (fo=62262, routed)       1.411     5.832    u_top/u_core/u_b/u_b_core/core/core/l5/gk.frontend/fifo/clk_200
    SLICE_X55Y104        FDRE                                         r  u_top/u_core/u_b/u_b_core/core/core/l5/gk.frontend/fifo/count_reg[2]_replica/C
  -------------------------------------------------------------------    -------------------
    SLICE_X55Y104        FDRE (Prop_fdre_C_Q)         0.379     6.211 r  u_top/u_core/u_b/u_b_core/core/core/l5/gk.frontend/fifo/count_reg[2]_replica/Q
                         net (fo=11, routed)          1.172     7.383    u_top/u_core/u_b/u_b_core/core/core/l5/gk.frontend/fifo/count_reg[2]_0[0]_repN
    SLICE_X48Y127        LUT3 (Prop_lut3_I0_O)        0.105     7.488 r  u_top/u_core/u_b/u_b_core/core/core/l5/gk.frontend/fifo/out_phase[0]_i_3/O
                         net (fo=22, routed)          0.717     8.206    u_top/u_core/u_b/u_b_core/core/core/l5/mac/issue/window_valid
    SLICE_X49Y140        LUT6 (Prop_lut6_I2_O)        0.105     8.311 r  u_top/u_core/u_b/u_b_core/core/core/l5/mac/issue/out_window[6399]_i_1/O
                         net (fo=6400, routed)        2.470    10.781    u_top/u_core/u_b/u_b_core/core/core/l5/mac/issue/out_window[6399]_i_1_n_0
    SLICE_X84Y101        FDRE                                         r  u_top/u_core/u_b/u_b_core/core/core/l5/mac/issue/out_window_reg[6247]/CE
  -------------------------------------------------------------------    -------------------

                         (clock u_top_n_1646 rise edge)
                                                      5.000     5.000 r  
    W19                                               0.000     5.000 r  sys_clk (IN)
                         net (fo=0)                   0.000     5.000    sys_clk
    W19                  IBUF (Prop_ibuf_I_O)         1.374     6.374 r  sys_clk_IBUF_inst/O
                         net (fo=1, routed)           1.004     7.378    u_top/sys_clk_IBUF
    MMCME2_ADV_X0Y2      MMCME2_ADV (Prop_mmcme2_adv_CLKIN1_CLKOUT0)
                                                      0.073     7.451 r  u_top/g_mmcm.u_mmcm/CLKOUT0
                         net (fo=1, routed)           1.488     8.938    u_top_n_1646
    BUFGCTRL_X0Y1        BUFG (Prop_bufg_I_O)         0.077     9.015 r  multiplier_s1_reg[29]_i_2_replica/O
                         net (fo=3, routed)           0.112     9.127    clk_200_repN
    BUFGCTRL_X0Y0        BUFG (Prop_bufg_I_O)         0.077     9.204 r  multiplier_s1_reg[29]_i_2/O
                         net (fo=62262, routed)       1.278    10.482    u_top/u_core/u_b/u_b_core/core/core/l5/mac/issue/clk_200
    SLICE_X84Y101        FDRE                                         r  u_top/u_core/u_b/u_b_core/core/core/l5/mac/issue/out_window_reg[6247]/C
                         clock pessimism              0.223    10.705    
                         clock uncertainty           -0.069    10.636    
    SLICE_X84Y101        FDRE (Setup_fdre_C_CE)      -0.136    10.500    u_top/u_core/u_b/u_b_core/core/core/l5/mac/issue/out_window_reg[6247]
  -------------------------------------------------------------------
                         required time                         10.500    
                         arrival time                         -10.781    
  -------------------------------------------------------------------
                         slack                                 -0.281    

Slack (VIOLATED) :        -0.281ns  (required time - arrival time)
  Source:                 u_top/u_core/u_b/u_b_core/core/core/l5/gk.frontend/fifo/count_reg[2]_replica/C
                            (rising edge-triggered cell FDRE clocked by u_top_n_1646  {rise@0.000ns fall@2.500ns period=5.000ns})
  Destination:            u_top/u_core/u_b/u_b_core/core/core/l5/mac/issue/out_window_reg[6248]/CE
                            (rising edge-triggered cell FDRE clocked by u_top_n_1646  {rise@0.000ns fall@2.500ns period=5.000ns})
  Path Group:             u_top_n_1646
  Path Type:              Setup (Max at Slow Process Corner)
  Requirement:            5.000ns  (u_top_n_1646 rise@5.000ns - u_top_n_1646 rise@0.000ns)
  Data Path Delay:        4.949ns  (logic 0.589ns (11.902%)  route 4.360ns (88.098%))
  Logic Levels:           2  (LUT3=1 LUT6=1)
  Clock Path Skew:        -0.127ns (DCD - SCD + CPR)
    Destination Clock Delay (DCD):    5.482ns = ( 10.482 - 5.000 ) 
    Source Clock Delay      (SCD):    5.832ns
    Clock Pessimism Removal (CPR):    0.223ns
  Clock Uncertainty:      0.069ns  ((TSJ^2 + DJ^2)^1/2) / 2 + PE + UU
    Total System Jitter     (TSJ):    0.071ns
    Discrete Jitter          (DJ):    0.118ns
    Phase Error              (PE):    0.000ns
    User Uncertainty         (UU):    0.000ns

    Location             Delay type                Incr(ns)  Path(ns)    Netlist Resource(s)
  -------------------------------------------------------------------    -------------------
                         (clock u_top_n_1646 rise edge)
                                                      0.000     0.000 r  
    W19                                               0.000     0.000 r  sys_clk (IN)
                         net (fo=0)                   0.000     0.000    sys_clk
    W19                  IBUF (Prop_ibuf_I_O)         1.440     1.440 r  sys_clk_IBUF_inst/O
                         net (fo=1, routed)           1.065     2.505    u_top/sys_clk_IBUF
    MMCME2_ADV_X0Y2      MMCME2_ADV (Prop_mmcme2_adv_CLKIN1_CLKOUT0)
                                                      0.077     2.582 r  u_top/g_mmcm.u_mmcm/CLKOUT0
                         net (fo=1, routed)           1.559     4.141    u_top_n_1646
    BUFGCTRL_X0Y1        BUFG (Prop_bufg_I_O)         0.081     4.222 r  multiplier_s1_reg[29]_i_2_replica/O
                         net (fo=3, routed)           0.118     4.340    clk_200_repN
    BUFGCTRL_X0Y0        BUFG (Prop_bufg_I_O)         0.081     4.421 r  multiplier_s1_reg[29]_i_2/O
                         net (fo=62262, routed)       1.411     5.832    u_top/u_core/u_b/u_b_core/core/core/l5/gk.frontend/fifo/clk_200
    SLICE_X55Y104        FDRE                                         r  u_top/u_core/u_b/u_b_core/core/core/l5/gk.frontend/fifo/count_reg[2]_replica/C
  -------------------------------------------------------------------    -------------------
    SLICE_X55Y104        FDRE (Prop_fdre_C_Q)         0.379     6.211 r  u_top/u_core/u_b/u_b_core/core/core/l5/gk.frontend/fifo/count_reg[2]_replica/Q
                         net (fo=11, routed)          1.172     7.383    u_top/u_core/u_b/u_b_core/core/core/l5/gk.frontend/fifo/count_reg[2]_0[0]_repN
    SLICE_X48Y127        LUT3 (Prop_lut3_I0_O)        0.105     7.488 r  u_top/u_core/u_b/u_b_core/core/core/l5/gk.frontend/fifo/out_phase[0]_i_3/O
                         net (fo=22, routed)          0.717     8.206    u_top/u_core/u_b/u_b_core/core/core/l5/mac/issue/window_valid
    SLICE_X49Y140        LUT6 (Prop_lut6_I2_O)        0.105     8.311 r  u_top/u_core/u_b/u_b_core/core/core/l5/mac/issue/out_window[6399]_i_1/O
                         net (fo=6400, routed)        2.470    10.781    u_top/u_core/u_b/u_b_core/core/core/l5/mac/issue/out_window[6399]_i_1_n_0
    SLICE_X84Y101        FDRE                                         r  u_top/u_core/u_b/u_b_core/core/core/l5/mac/issue/out_window_reg[6248]/CE
  -------------------------------------------------------------------    -------------------

                         (clock u_top_n_1646 rise edge)
                                                      5.000     5.000 r  
    W19                                               0.000     5.000 r  sys_clk (IN)
                         net (fo=0)                   0.000     5.000    sys_clk
    W19                  IBUF (Prop_ibuf_I_O)         1.374     6.374 r  sys_clk_IBUF_inst/O
                         net (fo=1, routed)           1.004     7.378    u_top/sys_clk_IBUF
    MMCME2_ADV_X0Y2      MMCME2_ADV (Prop_mmcme2_adv_CLKIN1_CLKOUT0)
                                                      0.073     7.451 r  u_top/g_mmcm.u_mmcm/CLKOUT0
                         net (fo=1, routed)           1.488     8.938    u_top_n_1646
    BUFGCTRL_X0Y1        BUFG (Prop_bufg_I_O)         0.077     9.015 r  multiplier_s1_reg[29]_i_2_replica/O
                         net (fo=3, routed)           0.112     9.127    clk_200_repN
    BUFGCTRL_X0Y0        BUFG (Prop_bufg_I_O)         0.077     9.204 r  multiplier_s1_reg[29]_i_2/O
                         net (fo=62262, routed)       1.278    10.482    u_top/u_core/u_b/u_b_core/core/core/l5/mac/issue/clk_200
    SLICE_X84Y101        FDRE                                         r  u_top/u_core/u_b/u_b_core/core/core/l5/mac/issue/out_window_reg[6248]/C
                         clock pessimism              0.223    10.705    
                         clock uncertainty           -0.069    10.636    
    SLICE_X84Y101        FDRE (Setup_fdre_C_CE)      -0.136    10.500    u_top/u_core/u_b/u_b_core/core/core/l5/mac/issue/out_window_reg[6248]
  -------------------------------------------------------------------
                         required time                         10.500    
                         arrival time                         -10.781    
  -------------------------------------------------------------------
                         slack                                 -0.281    

Slack (VIOLATED) :        -0.281ns  (required time - arrival time)
  Source:                 u_top/u_core/u_b/u_b_core/core/core/l5/gk.frontend/fifo/count_reg[2]_replica/C
                            (rising edge-triggered cell FDRE clocked by u_top_n_1646  {rise@0.000ns fall@2.500ns period=5.000ns})
  Destination:            u_top/u_core/u_b/u_b_core/core/core/l5/mac/issue/out_window_reg[6249]/CE
                            (rising edge-triggered cell FDRE clocked by u_top_n_1646  {rise@0.000ns fall@2.500ns period=5.000ns})
  Path Group:             u_top_n_1646
  Path Type:              Setup (Max at Slow Process Corner)
  Requirement:            5.000ns  (u_top_n_1646 rise@5.000ns - u_top_n_1646 rise@0.000ns)
  Data Path Delay:        4.949ns  (logic 0.589ns (11.902%)  route 4.360ns (88.098%))
  Logic Levels:           2  (LUT3=1 LUT6=1)
  Clock Path Skew:        -0.127ns (DCD - SCD + CPR)
    Destination Clock Delay (DCD):    5.482ns = ( 10.482 - 5.000 ) 
    Source Clock Delay      (SCD):    5.832ns
    Clock Pessimism Removal (CPR):    0.223ns
  Clock Uncertainty:      0.069ns  ((TSJ^2 + DJ^2)^1/2) / 2 + PE + UU
    Total System Jitter     (TSJ):    0.071ns
    Discrete Jitter          (DJ):    0.118ns
    Phase Error              (PE):    0.000ns
    User Uncertainty         (UU):    0.000ns

    Location             Delay type                Incr(ns)  Path(ns)    Netlist Resource(s)
  -------------------------------------------------------------------    -------------------
                         (clock u_top_n_1646 rise edge)
                                                      0.000     0.000 r  
    W19                                               0.000     0.000 r  sys_clk (IN)
                         net (fo=0)                   0.000     0.000    sys_clk
    W19                  IBUF (Prop_ibuf_I_O)         1.440     1.440 r  sys_clk_IBUF_inst/O
                         net (fo=1, routed)           1.065     2.505    u_top/sys_clk_IBUF
    MMCME2_ADV_X0Y2      MMCME2_ADV (Prop_mmcme2_adv_CLKIN1_CLKOUT0)
                                                      0.077     2.582 r  u_top/g_mmcm.u_mmcm/CLKOUT0
                         net (fo=1, routed)           1.559     4.141    u_top_n_1646
    BUFGCTRL_X0Y1        BUFG (Prop_bufg_I_O)         0.081     4.222 r  multiplier_s1_reg[29]_i_2_replica/O
                         net (fo=3, routed)           0.118     4.340    clk_200_repN
    BUFGCTRL_X0Y0        BUFG (Prop_bufg_I_O)         0.081     4.421 r  multiplier_s1_reg[29]_i_2/O
                         net (fo=62262, routed)       1.411     5.832    u_top/u_core/u_b/u_b_core/core/core/l5/gk.frontend/fifo/clk_200
    SLICE_X55Y104        FDRE                                         r  u_top/u_core/u_b/u_b_core/core/core/l5/gk.frontend/fifo/count_reg[2]_replica/C
  -------------------------------------------------------------------    -------------------
    SLICE_X55Y104        FDRE (Prop_fdre_C_Q)         0.379     6.211 r  u_top/u_core/u_b/u_b_core/core/core/l5/gk.frontend/fifo/count_reg[2]_replica/Q
                         net (fo=11, routed)          1.172     7.383    u_top/u_core/u_b/u_b_core/core/core/l5/gk.frontend/fifo/count_reg[2]_0[0]_repN
    SLICE_X48Y127        LUT3 (Prop_lut3_I0_O)        0.105     7.488 r  u_top/u_core/u_b/u_b_core/core/core/l5/gk.frontend/fifo/out_phase[0]_i_3/O
                         net (fo=22, routed)          0.717     8.206    u_top/u_core/u_b/u_b_core/core/core/l5/mac/issue/window_valid
    SLICE_X49Y140        LUT6 (Prop_lut6_I2_O)        0.105     8.311 r  u_top/u_core/u_b/u_b_core/core/core/l5/mac/issue/out_window[6399]_i_1/O
                         net (fo=6400, routed)        2.470    10.781    u_top/u_core/u_b/u_b_core/core/core/l5/mac/issue/out_window[6399]_i_1_n_0
    SLICE_X84Y101        FDRE                                         r  u_top/u_core/u_b/u_b_core/core/core/l5/mac/issue/out_window_reg[6249]/CE
  -------------------------------------------------------------------    -------------------

                         (clock u_top_n_1646 rise edge)
                                                      5.000     5.000 r  
    W19                                               0.000     5.000 r  sys_clk (IN)
                         net (fo=0)                   0.000     5.000    sys_clk
    W19                  IBUF (Prop_ibuf_I_O)         1.374     6.374 r  sys_clk_IBUF_inst/O
                         net (fo=1, routed)           1.004     7.378    u_top/sys_clk_IBUF
    MMCME2_ADV_X0Y2      MMCME2_ADV (Prop_mmcme2_adv_CLKIN1_CLKOUT0)
                                                      0.073     7.451 r  u_top/g_mmcm.u_mmcm/CLKOUT0
                         net (fo=1, routed)           1.488     8.938    u_top_n_1646
    BUFGCTRL_X0Y1        BUFG (Prop_bufg_I_O)         0.077     9.015 r  multiplier_s1_reg[29]_i_2_replica/O
                         net (fo=3, routed)           0.112     9.127    clk_200_repN
    BUFGCTRL_X0Y0        BUFG (Prop_bufg_I_O)         0.077     9.204 r  multiplier_s1_reg[29]_i_2/O
                         net (fo=62262, routed)       1.278    10.482    u_top/u_core/u_b/u_b_core/core/core/l5/mac/issue/clk_200
    SLICE_X84Y101        FDRE                                         r  u_top/u_core/u_b/u_b_core/core/core/l5/mac/issue/out_window_reg[6249]/C
                         clock pessimism              0.223    10.705    
                         clock uncertainty           -0.069    10.636    
    SLICE_X84Y101        FDRE (Setup_fdre_C_CE)      -0.136    10.500    u_top/u_core/u_b/u_b_core/core/core/l5/mac/issue/out_window_reg[6249]
  -------------------------------------------------------------------
                         required time                         10.500    
                         arrival time                         -10.781    
  -------------------------------------------------------------------
                         slack                                 -0.281    

Slack (VIOLATED) :        -0.280ns  (required time - arrival time)
  Source:                 u_top/u_core/u_b/u_b_core/core/core/l5/mac/mac/out_lane[2].mult_lane[5].operand_pipe.act_q_reg[4]/C
                            (rising edge-triggered cell FDRE clocked by u_top_n_1646  {rise@0.000ns fall@2.500ns period=5.000ns})
  Destination:            u_top/u_core/u_b/u_b_core/core/core/l5/mac/mac/out_lane[2].mult_lane[5].operand_pipe.sums_q_reg[0][2][5]/A[4]
                            (rising edge-triggered cell DSP48E1 clocked by u_top_n_1646  {rise@0.000ns fall@2.500ns period=5.000ns})
  Path Group:             u_top_n_1646
  Path Type:              Setup (Max at Slow Process Corner)
  Requirement:            5.000ns  (u_top_n_1646 rise@5.000ns - u_top_n_1646 rise@0.000ns)
  Data Path Delay:        2.050ns  (logic 0.379ns (18.490%)  route 1.671ns (81.510%))
  Logic Levels:           0  
  Clock Path Skew:        -0.030ns (DCD - SCD + CPR)
    Destination Clock Delay (DCD):    5.568ns = ( 10.568 - 5.000 ) 
    Source Clock Delay      (SCD):    5.814ns
    Clock Pessimism Removal (CPR):    0.217ns
  Clock Uncertainty:      0.069ns  ((TSJ^2 + DJ^2)^1/2) / 2 + PE + UU
    Total System Jitter     (TSJ):    0.071ns
    Discrete Jitter          (DJ):    0.118ns
    Phase Error              (PE):    0.000ns
    User Uncertainty         (UU):    0.000ns

    Location             Delay type                Incr(ns)  Path(ns)    Netlist Resource(s)
  -------------------------------------------------------------------    -------------------
                         (clock u_top_n_1646 rise edge)
                                                      0.000     0.000 r  
    W19                                               0.000     0.000 r  sys_clk (IN)
                         net (fo=0)                   0.000     0.000    sys_clk
    W19                  IBUF (Prop_ibuf_I_O)         1.440     1.440 r  sys_clk_IBUF_inst/O
                         net (fo=1, routed)           1.065     2.505    u_top/sys_clk_IBUF
    MMCME2_ADV_X0Y2      MMCME2_ADV (Prop_mmcme2_adv_CLKIN1_CLKOUT0)
                                                      0.077     2.582 r  u_top/g_mmcm.u_mmcm/CLKOUT0
                         net (fo=1, routed)           1.559     4.141    u_top_n_1646
    BUFGCTRL_X0Y1        BUFG (Prop_bufg_I_O)         0.081     4.222 r  multiplier_s1_reg[29]_i_2_replica/O
                         net (fo=3, routed)           0.118     4.340    clk_200_repN
    BUFGCTRL_X0Y0        BUFG (Prop_bufg_I_O)         0.081     4.421 r  multiplier_s1_reg[29]_i_2/O
                         net (fo=62262, routed)       1.393     5.814    u_top/u_core/u_b/u_b_core/core/core/l5/mac/mac/clk_200
    SLICE_X51Y163        FDRE                                         r  u_top/u_core/u_b/u_b_core/core/core/l5/mac/mac/out_lane[2].mult_lane[5].operand_pipe.act_q_reg[4]/C
  -------------------------------------------------------------------    -------------------
    SLICE_X51Y163        FDRE (Prop_fdre_C_Q)         0.379     6.193 r  u_top/u_core/u_b/u_b_core/core/core/l5/mac/mac/out_lane[2].mult_lane[5].operand_pipe.act_q_reg[4]/Q
                         net (fo=1, routed)           1.671     7.864    u_top/u_core/u_b/u_b_core/core/core/l5/mac/mac/out_lane[2].mult_lane[5].operand_pipe.act_q[4]
    DSP48_X3Y51          DSP48E1                                      r  u_top/u_core/u_b/u_b_core/core/core/l5/mac/mac/out_lane[2].mult_lane[5].operand_pipe.sums_q_reg[0][2][5]/A[4]
  -------------------------------------------------------------------    -------------------

                         (clock u_top_n_1646 rise edge)
                                                      5.000     5.000 r  
    W19                                               0.000     5.000 r  sys_clk (IN)
                         net (fo=0)                   0.000     5.000    sys_clk
    W19                  IBUF (Prop_ibuf_I_O)         1.374     6.374 r  sys_clk_IBUF_inst/O
                         net (fo=1, routed)           1.004     7.378    u_top/sys_clk_IBUF
    MMCME2_ADV_X0Y2      MMCME2_ADV (Prop_mmcme2_adv_CLKIN1_CLKOUT0)
                                                      0.073     7.451 r  u_top/g_mmcm.u_mmcm/CLKOUT0
                         net (fo=1, routed)           1.488     8.938    u_top_n_1646
    BUFGCTRL_X0Y1        BUFG (Prop_bufg_I_O)         0.077     9.015 r  multiplier_s1_reg[29]_i_2_replica/O
                         net (fo=3, routed)           0.112     9.127    clk_200_repN
    BUFGCTRL_X0Y0        BUFG (Prop_bufg_I_O)         0.077     9.204 r  multiplier_s1_reg[29]_i_2/O
                         net (fo=62262, routed)       1.363    10.568    u_top/u_core/u_b/u_b_core/core/core/l5/mac/mac/clk_200
    DSP48_X3Y51          DSP48E1                                      r  u_top/u_core/u_b/u_b_core/core/core/l5/mac/mac/out_lane[2].mult_lane[5].operand_pipe.sums_q_reg[0][2][5]/CLK
                         clock pessimism              0.217    10.785    
                         clock uncertainty           -0.069    10.716    
    DSP48_X3Y51          DSP48E1 (Setup_dsp48e1_CLK_A[4])
                                                     -3.132     7.584    u_top/u_core/u_b/u_b_core/core/core/l5/mac/mac/out_lane[2].mult_lane[5].operand_pipe.sums_q_reg[0][2][5]
  -------------------------------------------------------------------
                         required time                          7.584    
                         arrival time                          -7.864    
  -------------------------------------------------------------------
                         slack                                 -0.280    

Slack (VIOLATED) :        -0.280ns  (required time - arrival time)
  Source:                 u_top/u_core/u_b/u_b_core/core/core/l5/gk.frontend/fifo/count_reg[2]_replica/C
                            (rising edge-triggered cell FDRE clocked by u_top_n_1646  {rise@0.000ns fall@2.500ns period=5.000ns})
  Destination:            u_top/u_core/u_b/u_b_core/core/core/l5/mac/issue/out_window_reg[6128]/CE
                            (rising edge-triggered cell FDRE clocked by u_top_n_1646  {rise@0.000ns fall@2.500ns period=5.000ns})
  Path Group:             u_top_n_1646
  Path Type:              Setup (Max at Slow Process Corner)
  Requirement:            5.000ns  (u_top_n_1646 rise@5.000ns - u_top_n_1646 rise@0.000ns)
  Data Path Delay:        4.961ns  (logic 0.589ns (11.874%)  route 4.372ns (88.126%))
  Logic Levels:           2  (LUT3=1 LUT6=1)
  Clock Path Skew:        -0.115ns (DCD - SCD + CPR)
    Destination Clock Delay (DCD):    5.494ns = ( 10.494 - 5.000 ) 
    Source Clock Delay      (SCD):    5.832ns
    Clock Pessimism Removal (CPR):    0.223ns
  Clock Uncertainty:      0.069ns  ((TSJ^2 + DJ^2)^1/2) / 2 + PE + UU
    Total System Jitter     (TSJ):    0.071ns
    Discrete Jitter          (DJ):    0.118ns
    Phase Error              (PE):    0.000ns
    User Uncertainty         (UU):    0.000ns

    Location             Delay type                Incr(ns)  Path(ns)    Netlist Resource(s)
  -------------------------------------------------------------------    -------------------
                         (clock u_top_n_1646 rise edge)
                                                      0.000     0.000 r  
    W19                                               0.000     0.000 r  sys_clk (IN)
                         net (fo=0)                   0.000     0.000    sys_clk
    W19                  IBUF (Prop_ibuf_I_O)         1.440     1.440 r  sys_clk_IBUF_inst/O
                         net (fo=1, routed)           1.065     2.505    u_top/sys_clk_IBUF
    MMCME2_ADV_X0Y2      MMCME2_ADV (Prop_mmcme2_adv_CLKIN1_CLKOUT0)
                                                      0.077     2.582 r  u_top/g_mmcm.u_mmcm/CLKOUT0
                         net (fo=1, routed)           1.559     4.141    u_top_n_1646
    BUFGCTRL_X0Y1        BUFG (Prop_bufg_I_O)         0.081     4.222 r  multiplier_s1_reg[29]_i_2_replica/O
                         net (fo=3, routed)           0.118     4.340    clk_200_repN
    BUFGCTRL_X0Y0        BUFG (Prop_bufg_I_O)         0.081     4.421 r  multiplier_s1_reg[29]_i_2/O
                         net (fo=62262, routed)       1.411     5.832    u_top/u_core/u_b/u_b_core/core/core/l5/gk.frontend/fifo/clk_200
    SLICE_X55Y104        FDRE                                         r  u_top/u_core/u_b/u_b_core/core/core/l5/gk.frontend/fifo/count_reg[2]_replica/C
  -------------------------------------------------------------------    -------------------
    SLICE_X55Y104        FDRE (Prop_fdre_C_Q)         0.379     6.211 r  u_top/u_core/u_b/u_b_core/core/core/l5/gk.frontend/fifo/count_reg[2]_replica/Q
                         net (fo=11, routed)          1.172     7.383    u_top/u_core/u_b/u_b_core/core/core/l5/gk.frontend/fifo/count_reg[2]_0[0]_repN
    SLICE_X48Y127        LUT3 (Prop_lut3_I0_O)        0.105     7.488 r  u_top/u_core/u_b/u_b_core/core/core/l5/gk.frontend/fifo/out_phase[0]_i_3/O
                         net (fo=22, routed)          0.717     8.206    u_top/u_core/u_b/u_b_core/core/core/l5/mac/issue/window_valid
    SLICE_X49Y140        LUT6 (Prop_lut6_I2_O)        0.105     8.311 r  u_top/u_core/u_b/u_b_core/core/core/l5/mac/issue/out_window[6399]_i_1/O
                         net (fo=6400, routed)        2.482    10.792    u_top/u_core/u_b/u_b_core/core/core/l5/mac/issue/out_window[6399]_i_1_n_0
    SLICE_X88Y105        FDRE                                         r  u_top/u_core/u_b/u_b_core/core/core/l5/mac/issue/out_window_reg[6128]/CE
  -------------------------------------------------------------------    -------------------

                         (clock u_top_n_1646 rise edge)
                                                      5.000     5.000 r  
    W19                                               0.000     5.000 r  sys_clk (IN)
                         net (fo=0)                   0.000     5.000    sys_clk
    W19                  IBUF (Prop_ibuf_I_O)         1.374     6.374 r  sys_clk_IBUF_inst/O
                         net (fo=1, routed)           1.004     7.378    u_top/sys_clk_IBUF
    MMCME2_ADV_X0Y2      MMCME2_ADV (Prop_mmcme2_adv_CLKIN1_CLKOUT0)
                                                      0.073     7.451 r  u_top/g_mmcm.u_mmcm/CLKOUT0
                         net (fo=1, routed)           1.488     8.938    u_top_n_1646
    BUFGCTRL_X0Y1        BUFG (Prop_bufg_I_O)         0.077     9.015 r  multiplier_s1_reg[29]_i_2_replica/O
                         net (fo=3, routed)           0.112     9.127    clk_200_repN
    BUFGCTRL_X0Y0        BUFG (Prop_bufg_I_O)         0.077     9.204 r  multiplier_s1_reg[29]_i_2/O
                         net (fo=62262, routed)       1.290    10.494    u_top/u_core/u_b/u_b_core/core/core/l5/mac/issue/clk_200
    SLICE_X88Y105        FDRE                                         r  u_top/u_core/u_b/u_b_core/core/core/l5/mac/issue/out_window_reg[6128]/C
                         clock pessimism              0.223    10.717    
                         clock uncertainty           -0.069    10.648    
    SLICE_X88Y105        FDRE (Setup_fdre_C_CE)      -0.136    10.512    u_top/u_core/u_b/u_b_core/core/core/l5/mac/issue/out_window_reg[6128]
  -------------------------------------------------------------------
                         required time                         10.512    
                         arrival time                         -10.792    
  -------------------------------------------------------------------
                         slack                                 -0.280    

Slack (VIOLATED) :        -0.280ns  (required time - arrival time)
  Source:                 u_top/u_core/u_b/u_b_core/core/core/l5/gk.frontend/fifo/count_reg[2]_replica/C
                            (rising edge-triggered cell FDRE clocked by u_top_n_1646  {rise@0.000ns fall@2.500ns period=5.000ns})
  Destination:            u_top/u_core/u_b/u_b_core/core/core/l5/mac/issue/out_window_reg[6129]/CE
                            (rising edge-triggered cell FDRE clocked by u_top_n_1646  {rise@0.000ns fall@2.500ns period=5.000ns})
  Path Group:             u_top_n_1646
  Path Type:              Setup (Max at Slow Process Corner)
  Requirement:            5.000ns  (u_top_n_1646 rise@5.000ns - u_top_n_1646 rise@0.000ns)
  Data Path Delay:        4.961ns  (logic 0.589ns (11.874%)  route 4.372ns (88.126%))
  Logic Levels:           2  (LUT3=1 LUT6=1)
  Clock Path Skew:        -0.115ns (DCD - SCD + CPR)
    Destination Clock Delay (DCD):    5.494ns = ( 10.494 - 5.000 ) 
    Source Clock Delay      (SCD):    5.832ns
    Clock Pessimism Removal (CPR):    0.223ns
  Clock Uncertainty:      0.069ns  ((TSJ^2 + DJ^2)^1/2) / 2 + PE + UU
    Total System Jitter     (TSJ):    0.071ns
    Discrete Jitter          (DJ):    0.118ns
    Phase Error              (PE):    0.000ns
    User Uncertainty         (UU):    0.000ns

    Location             Delay type                Incr(ns)  Path(ns)    Netlist Resource(s)
  -------------------------------------------------------------------    -------------------
                         (clock u_top_n_1646 rise edge)
                                                      0.000     0.000 r  
    W19                                               0.000     0.000 r  sys_clk (IN)
                         net (fo=0)                   0.000     0.000    sys_clk
    W19                  IBUF (Prop_ibuf_I_O)         1.440     1.440 r  sys_clk_IBUF_inst/O
                         net (fo=1, routed)           1.065     2.505    u_top/sys_clk_IBUF
    MMCME2_ADV_X0Y2      MMCME2_ADV (Prop_mmcme2_adv_CLKIN1_CLKOUT0)
                                                      0.077     2.582 r  u_top/g_mmcm.u_mmcm/CLKOUT0
                         net (fo=1, routed)           1.559     4.141    u_top_n_1646
    BUFGCTRL_X0Y1        BUFG (Prop_bufg_I_O)         0.081     4.222 r  multiplier_s1_reg[29]_i_2_replica/O
                         net (fo=3, routed)           0.118     4.340    clk_200_repN
    BUFGCTRL_X0Y0        BUFG (Prop_bufg_I_O)         0.081     4.421 r  multiplier_s1_reg[29]_i_2/O
                         net (fo=62262, routed)       1.411     5.832    u_top/u_core/u_b/u_b_core/core/core/l5/gk.frontend/fifo/clk_200
    SLICE_X55Y104        FDRE                                         r  u_top/u_core/u_b/u_b_core/core/core/l5/gk.frontend/fifo/count_reg[2]_replica/C
  -------------------------------------------------------------------    -------------------
    SLICE_X55Y104        FDRE (Prop_fdre_C_Q)         0.379     6.211 r  u_top/u_core/u_b/u_b_core/core/core/l5/gk.frontend/fifo/count_reg[2]_replica/Q
                         net (fo=11, routed)          1.172     7.383    u_top/u_core/u_b/u_b_core/core/core/l5/gk.frontend/fifo/count_reg[2]_0[0]_repN
    SLICE_X48Y127        LUT3 (Prop_lut3_I0_O)        0.105     7.488 r  u_top/u_core/u_b/u_b_core/core/core/l5/gk.frontend/fifo/out_phase[0]_i_3/O
                         net (fo=22, routed)          0.717     8.206    u_top/u_core/u_b/u_b_core/core/core/l5/mac/issue/window_valid
    SLICE_X49Y140        LUT6 (Prop_lut6_I2_O)        0.105     8.311 r  u_top/u_core/u_b/u_b_core/core/core/l5/mac/issue/out_window[6399]_i_1/O
                         net (fo=6400, routed)        2.482    10.792    u_top/u_core/u_b/u_b_core/core/core/l5/mac/issue/out_window[6399]_i_1_n_0
    SLICE_X88Y105        FDRE                                         r  u_top/u_core/u_b/u_b_core/core/core/l5/mac/issue/out_window_reg[6129]/CE
  -------------------------------------------------------------------    -------------------

                         (clock u_top_n_1646 rise edge)
                                                      5.000     5.000 r  
    W19                                               0.000     5.000 r  sys_clk (IN)
                         net (fo=0)                   0.000     5.000    sys_clk
    W19                  IBUF (Prop_ibuf_I_O)         1.374     6.374 r  sys_clk_IBUF_inst/O
                         net (fo=1, routed)           1.004     7.378    u_top/sys_clk_IBUF
    MMCME2_ADV_X0Y2      MMCME2_ADV (Prop_mmcme2_adv_CLKIN1_CLKOUT0)
                                                      0.073     7.451 r  u_top/g_mmcm.u_mmcm/CLKOUT0
                         net (fo=1, routed)           1.488     8.938    u_top_n_1646
    BUFGCTRL_X0Y1        BUFG (Prop_bufg_I_O)         0.077     9.015 r  multiplier_s1_reg[29]_i_2_replica/O
                         net (fo=3, routed)           0.112     9.127    clk_200_repN
    BUFGCTRL_X0Y0        BUFG (Prop_bufg_I_O)         0.077     9.204 r  multiplier_s1_reg[29]_i_2/O
                         net (fo=62262, routed)       1.290    10.494    u_top/u_core/u_b/u_b_core/core/core/l5/mac/issue/clk_200
    SLICE_X88Y105        FDRE                                         r  u_top/u_core/u_b/u_b_core/core/core/l5/mac/issue/out_window_reg[6129]/C
                         clock pessimism              0.223    10.717    
                         clock uncertainty           -0.069    10.648    
    SLICE_X88Y105        FDRE (Setup_fdre_C_CE)      -0.136    10.512    u_top/u_core/u_b/u_b_core/core/core/l5/mac/issue/out_window_reg[6129]
  -------------------------------------------------------------------
                         required time                         10.512    
                         arrival time                         -10.792    
  -------------------------------------------------------------------
                         slack                                 -0.280    

Slack (VIOLATED) :        -0.280ns  (required time - arrival time)
  Source:                 u_top/u_core/u_b/u_b_core/core/core/l5/gk.frontend/fifo/count_reg[2]_replica/C
                            (rising edge-triggered cell FDRE clocked by u_top_n_1646  {rise@0.000ns fall@2.500ns period=5.000ns})
  Destination:            u_top/u_core/u_b/u_b_core/core/core/l5/mac/issue/out_window_reg[6130]/CE
                            (rising edge-triggered cell FDRE clocked by u_top_n_1646  {rise@0.000ns fall@2.500ns period=5.000ns})
  Path Group:             u_top_n_1646
  Path Type:              Setup (Max at Slow Process Corner)
  Requirement:            5.000ns  (u_top_n_1646 rise@5.000ns - u_top_n_1646 rise@0.000ns)
  Data Path Delay:        4.961ns  (logic 0.589ns (11.874%)  route 4.372ns (88.126%))
  Logic Levels:           2  (LUT3=1 LUT6=1)
  Clock Path Skew:        -0.115ns (DCD - SCD + CPR)
    Destination Clock Delay (DCD):    5.494ns = ( 10.494 - 5.000 ) 
    Source Clock Delay      (SCD):    5.832ns
    Clock Pessimism Removal (CPR):    0.223ns
  Clock Uncertainty:      0.069ns  ((TSJ^2 + DJ^2)^1/2) / 2 + PE + UU
    Total System Jitter     (TSJ):    0.071ns
    Discrete Jitter          (DJ):    0.118ns
    Phase Error              (PE):    0.000ns
    User Uncertainty         (UU):    0.000ns

    Location             Delay type                Incr(ns)  Path(ns)    Netlist Resource(s)
  -------------------------------------------------------------------    -------------------
                         (clock u_top_n_1646 rise edge)
                                                      0.000     0.000 r  
    W19                                               0.000     0.000 r  sys_clk (IN)
                         net (fo=0)                   0.000     0.000    sys_clk
    W19                  IBUF (Prop_ibuf_I_O)         1.440     1.440 r  sys_clk_IBUF_inst/O
                         net (fo=1, routed)           1.065     2.505    u_top/sys_clk_IBUF
    MMCME2_ADV_X0Y2      MMCME2_ADV (Prop_mmcme2_adv_CLKIN1_CLKOUT0)
                                                      0.077     2.582 r  u_top/g_mmcm.u_mmcm/CLKOUT0
                         net (fo=1, routed)           1.559     4.141    u_top_n_1646
    BUFGCTRL_X0Y1        BUFG (Prop_bufg_I_O)         0.081     4.222 r  multiplier_s1_reg[29]_i_2_replica/O
                         net (fo=3, routed)           0.118     4.340    clk_200_repN
    BUFGCTRL_X0Y0        BUFG (Prop_bufg_I_O)         0.081     4.421 r  multiplier_s1_reg[29]_i_2/O
                         net (fo=62262, routed)       1.411     5.832    u_top/u_core/u_b/u_b_core/core/core/l5/gk.frontend/fifo/clk_200
    SLICE_X55Y104        FDRE                                         r  u_top/u_core/u_b/u_b_core/core/core/l5/gk.frontend/fifo/count_reg[2]_replica/C
  -------------------------------------------------------------------    -------------------
    SLICE_X55Y104        FDRE (Prop_fdre_C_Q)         0.379     6.211 r  u_top/u_core/u_b/u_b_core/core/core/l5/gk.frontend/fifo/count_reg[2]_replica/Q
                         net (fo=11, routed)          1.172     7.383    u_top/u_core/u_b/u_b_core/core/core/l5/gk.frontend/fifo/count_reg[2]_0[0]_repN
    SLICE_X48Y127        LUT3 (Prop_lut3_I0_O)        0.105     7.488 r  u_top/u_core/u_b/u_b_core/core/core/l5/gk.frontend/fifo/out_phase[0]_i_3/O
                         net (fo=22, routed)          0.717     8.206    u_top/u_core/u_b/u_b_core/core/core/l5/mac/issue/window_valid
    SLICE_X49Y140        LUT6 (Prop_lut6_I2_O)        0.105     8.311 r  u_top/u_core/u_b/u_b_core/core/core/l5/mac/issue/out_window[6399]_i_1/O
                         net (fo=6400, routed)        2.482    10.792    u_top/u_core/u_b/u_b_core/core/core/l5/mac/issue/out_window[6399]_i_1_n_0
    SLICE_X88Y105        FDRE                                         r  u_top/u_core/u_b/u_b_core/core/core/l5/mac/issue/out_window_reg[6130]/CE
  -------------------------------------------------------------------    -------------------

                         (clock u_top_n_1646 rise edge)
                                                      5.000     5.000 r  
    W19                                               0.000     5.000 r  sys_clk (IN)
                         net (fo=0)                   0.000     5.000    sys_clk
    W19                  IBUF (Prop_ibuf_I_O)         1.374     6.374 r  sys_clk_IBUF_inst/O
                         net (fo=1, routed)           1.004     7.378    u_top/sys_clk_IBUF
    MMCME2_ADV_X0Y2      MMCME2_ADV (Prop_mmcme2_adv_CLKIN1_CLKOUT0)
                                                      0.073     7.451 r  u_top/g_mmcm.u_mmcm/CLKOUT0
                         net (fo=1, routed)           1.488     8.938    u_top_n_1646
    BUFGCTRL_X0Y1        BUFG (Prop_bufg_I_O)         0.077     9.015 r  multiplier_s1_reg[29]_i_2_replica/O
                         net (fo=3, routed)           0.112     9.127    clk_200_repN
    BUFGCTRL_X0Y0        BUFG (Prop_bufg_I_O)         0.077     9.204 r  multiplier_s1_reg[29]_i_2/O
                         net (fo=62262, routed)       1.290    10.494    u_top/u_core/u_b/u_b_core/core/core/l5/mac/issue/clk_200
    SLICE_X88Y105        FDRE                                         r  u_top/u_core/u_b/u_b_core/core/core/l5/mac/issue/out_window_reg[6130]/C
                         clock pessimism              0.223    10.717    
                         clock uncertainty           -0.069    10.648    
    SLICE_X88Y105        FDRE (Setup_fdre_C_CE)      -0.136    10.512    u_top/u_core/u_b/u_b_core/core/core/l5/mac/issue/out_window_reg[6130]
  -------------------------------------------------------------------
                         required time                         10.512    
                         arrival time                         -10.792    
  -------------------------------------------------------------------
                         slack                                 -0.280    

Slack (VIOLATED) :        -0.280ns  (required time - arrival time)
  Source:                 u_top/u_core/u_b/u_b_core/core/core/l5/gk.frontend/fifo/count_reg[2]_replica/C
                            (rising edge-triggered cell FDRE clocked by u_top_n_1646  {rise@0.000ns fall@2.500ns period=5.000ns})
  Destination:            u_top/u_core/u_b/u_b_core/core/core/l5/mac/issue/out_window_reg[6131]/CE
                            (rising edge-triggered cell FDRE clocked by u_top_n_1646  {rise@0.000ns fall@2.500ns period=5.000ns})
  Path Group:             u_top_n_1646
  Path Type:              Setup (Max at Slow Process Corner)
  Requirement:            5.000ns  (u_top_n_1646 rise@5.000ns - u_top_n_1646 rise@0.000ns)
  Data Path Delay:        4.961ns  (logic 0.589ns (11.874%)  route 4.372ns (88.126%))
  Logic Levels:           2  (LUT3=1 LUT6=1)
  Clock Path Skew:        -0.115ns (DCD - SCD + CPR)
    Destination Clock Delay (DCD):    5.494ns = ( 10.494 - 5.000 ) 
    Source Clock Delay      (SCD):    5.832ns
    Clock Pessimism Removal (CPR):    0.223ns
  Clock Uncertainty:      0.069ns  ((TSJ^2 + DJ^2)^1/2) / 2 + PE + UU
    Total System Jitter     (TSJ):    0.071ns
    Discrete Jitter          (DJ):    0.118ns
    Phase Error              (PE):    0.000ns
    User Uncertainty         (UU):    0.000ns

    Location             Delay type                Incr(ns)  Path(ns)    Netlist Resource(s)
  -------------------------------------------------------------------    -------------------
                         (clock u_top_n_1646 rise edge)
                                                      0.000     0.000 r  
    W19                                               0.000     0.000 r  sys_clk (IN)
                         net (fo=0)                   0.000     0.000    sys_clk
    W19                  IBUF (Prop_ibuf_I_O)         1.440     1.440 r  sys_clk_IBUF_inst/O
                         net (fo=1, routed)           1.065     2.505    u_top/sys_clk_IBUF
    MMCME2_ADV_X0Y2      MMCME2_ADV (Prop_mmcme2_adv_CLKIN1_CLKOUT0)
                                                      0.077     2.582 r  u_top/g_mmcm.u_mmcm/CLKOUT0
                         net (fo=1, routed)           1.559     4.141    u_top_n_1646
    BUFGCTRL_X0Y1        BUFG (Prop_bufg_I_O)         0.081     4.222 r  multiplier_s1_reg[29]_i_2_replica/O
                         net (fo=3, routed)           0.118     4.340    clk_200_repN
    BUFGCTRL_X0Y0        BUFG (Prop_bufg_I_O)         0.081     4.421 r  multiplier_s1_reg[29]_i_2/O
                         net (fo=62262, routed)       1.411     5.832    u_top/u_core/u_b/u_b_core/core/core/l5/gk.frontend/fifo/clk_200
    SLICE_X55Y104        FDRE                                         r  u_top/u_core/u_b/u_b_core/core/core/l5/gk.frontend/fifo/count_reg[2]_replica/C
  -------------------------------------------------------------------    -------------------
    SLICE_X55Y104        FDRE (Prop_fdre_C_Q)         0.379     6.211 r  u_top/u_core/u_b/u_b_core/core/core/l5/gk.frontend/fifo/count_reg[2]_replica/Q
                         net (fo=11, routed)          1.172     7.383    u_top/u_core/u_b/u_b_core/core/core/l5/gk.frontend/fifo/count_reg[2]_0[0]_repN
    SLICE_X48Y127        LUT3 (Prop_lut3_I0_O)        0.105     7.488 r  u_top/u_core/u_b/u_b_core/core/core/l5/gk.frontend/fifo/out_phase[0]_i_3/O
                         net (fo=22, routed)          0.717     8.206    u_top/u_core/u_b/u_b_core/core/core/l5/mac/issue/window_valid
    SLICE_X49Y140        LUT6 (Prop_lut6_I2_O)        0.105     8.311 r  u_top/u_core/u_b/u_b_core/core/core/l5/mac/issue/out_window[6399]_i_1/O
                         net (fo=6400, routed)        2.482    10.792    u_top/u_core/u_b/u_b_core/core/core/l5/mac/issue/out_window[6399]_i_1_n_0
    SLICE_X88Y105        FDRE                                         r  u_top/u_core/u_b/u_b_core/core/core/l5/mac/issue/out_window_reg[6131]/CE
  -------------------------------------------------------------------    -------------------

                         (clock u_top_n_1646 rise edge)
                                                      5.000     5.000 r  
    W19                                               0.000     5.000 r  sys_clk (IN)
                         net (fo=0)                   0.000     5.000    sys_clk
    W19                  IBUF (Prop_ibuf_I_O)         1.374     6.374 r  sys_clk_IBUF_inst/O
                         net (fo=1, routed)           1.004     7.378    u_top/sys_clk_IBUF
    MMCME2_ADV_X0Y2      MMCME2_ADV (Prop_mmcme2_adv_CLKIN1_CLKOUT0)
                                                      0.073     7.451 r  u_top/g_mmcm.u_mmcm/CLKOUT0
                         net (fo=1, routed)           1.488     8.938    u_top_n_1646
    BUFGCTRL_X0Y1        BUFG (Prop_bufg_I_O)         0.077     9.015 r  multiplier_s1_reg[29]_i_2_replica/O
                         net (fo=3, routed)           0.112     9.127    clk_200_repN
    BUFGCTRL_X0Y0        BUFG (Prop_bufg_I_O)         0.077     9.204 r  multiplier_s1_reg[29]_i_2/O
                         net (fo=62262, routed)       1.290    10.494    u_top/u_core/u_b/u_b_core/core/core/l5/mac/issue/clk_200
    SLICE_X88Y105        FDRE                                         r  u_top/u_core/u_b/u_b_core/core/core/l5/mac/issue/out_window_reg[6131]/C
                         clock pessimism              0.223    10.717    
                         clock uncertainty           -0.069    10.648    
    SLICE_X88Y105        FDRE (Setup_fdre_C_CE)      -0.136    10.512    u_top/u_core/u_b/u_b_core/core/core/l5/mac/issue/out_window_reg[6131]
  -------------------------------------------------------------------
                         required time                         10.512    
                         arrival time                         -10.792    
  -------------------------------------------------------------------
                         slack                                 -0.280    

Slack (VIOLATED) :        -0.280ns  (required time - arrival time)
  Source:                 u_top/u_core/u_b/u_b_core/core/core/l5/gk.frontend/fifo/count_reg[2]_replica/C
                            (rising edge-triggered cell FDRE clocked by u_top_n_1646  {rise@0.000ns fall@2.500ns period=5.000ns})
  Destination:            u_top/u_core/u_b/u_b_core/core/core/l5/mac/issue/out_window_reg[6132]/CE
                            (rising edge-triggered cell FDRE clocked by u_top_n_1646  {rise@0.000ns fall@2.500ns period=5.000ns})
  Path Group:             u_top_n_1646
  Path Type:              Setup (Max at Slow Process Corner)
  Requirement:            5.000ns  (u_top_n_1646 rise@5.000ns - u_top_n_1646 rise@0.000ns)
  Data Path Delay:        4.961ns  (logic 0.589ns (11.874%)  route 4.372ns (88.126%))
  Logic Levels:           2  (LUT3=1 LUT6=1)
  Clock Path Skew:        -0.115ns (DCD - SCD + CPR)
    Destination Clock Delay (DCD):    5.494ns = ( 10.494 - 5.000 ) 
    Source Clock Delay      (SCD):    5.832ns
    Clock Pessimism Removal (CPR):    0.223ns
  Clock Uncertainty:      0.069ns  ((TSJ^2 + DJ^2)^1/2) / 2 + PE + UU
    Total System Jitter     (TSJ):    0.071ns
    Discrete Jitter          (DJ):    0.118ns
    Phase Error              (PE):    0.000ns
    User Uncertainty         (UU):    0.000ns

    Location             Delay type                Incr(ns)  Path(ns)    Netlist Resource(s)
  -------------------------------------------------------------------    -------------------
                         (clock u_top_n_1646 rise edge)
                                                      0.000     0.000 r  
    W19                                               0.000     0.000 r  sys_clk (IN)
                         net (fo=0)                   0.000     0.000    sys_clk
    W19                  IBUF (Prop_ibuf_I_O)         1.440     1.440 r  sys_clk_IBUF_inst/O
                         net (fo=1, routed)           1.065     2.505    u_top/sys_clk_IBUF
    MMCME2_ADV_X0Y2      MMCME2_ADV (Prop_mmcme2_adv_CLKIN1_CLKOUT0)
                                                      0.077     2.582 r  u_top/g_mmcm.u_mmcm/CLKOUT0
                         net (fo=1, routed)           1.559     4.141    u_top_n_1646
    BUFGCTRL_X0Y1        BUFG (Prop_bufg_I_O)         0.081     4.222 r  multiplier_s1_reg[29]_i_2_replica/O
                         net (fo=3, routed)           0.118     4.340    clk_200_repN
    BUFGCTRL_X0Y0        BUFG (Prop_bufg_I_O)         0.081     4.421 r  multiplier_s1_reg[29]_i_2/O
                         net (fo=62262, routed)       1.411     5.832    u_top/u_core/u_b/u_b_core/core/core/l5/gk.frontend/fifo/clk_200
    SLICE_X55Y104        FDRE                                         r  u_top/u_core/u_b/u_b_core/core/core/l5/gk.frontend/fifo/count_reg[2]_replica/C
  -------------------------------------------------------------------    -------------------
    SLICE_X55Y104        FDRE (Prop_fdre_C_Q)         0.379     6.211 r  u_top/u_core/u_b/u_b_core/core/core/l5/gk.frontend/fifo/count_reg[2]_replica/Q
                         net (fo=11, routed)          1.172     7.383    u_top/u_core/u_b/u_b_core/core/core/l5/gk.frontend/fifo/count_reg[2]_0[0]_repN
    SLICE_X48Y127        LUT3 (Prop_lut3_I0_O)        0.105     7.488 r  u_top/u_core/u_b/u_b_core/core/core/l5/gk.frontend/fifo/out_phase[0]_i_3/O
                         net (fo=22, routed)          0.717     8.206    u_top/u_core/u_b/u_b_core/core/core/l5/mac/issue/window_valid
    SLICE_X49Y140        LUT6 (Prop_lut6_I2_O)        0.105     8.311 r  u_top/u_core/u_b/u_b_core/core/core/l5/mac/issue/out_window[6399]_i_1/O
                         net (fo=6400, routed)        2.482    10.792    u_top/u_core/u_b/u_b_core/core/core/l5/mac/issue/out_window[6399]_i_1_n_0
    SLICE_X88Y105        FDRE                                         r  u_top/u_core/u_b/u_b_core/core/core/l5/mac/issue/out_window_reg[6132]/CE
  -------------------------------------------------------------------    -------------------

                         (clock u_top_n_1646 rise edge)
                                                      5.000     5.000 r  
    W19                                               0.000     5.000 r  sys_clk (IN)
                         net (fo=0)                   0.000     5.000    sys_clk
    W19                  IBUF (Prop_ibuf_I_O)         1.374     6.374 r  sys_clk_IBUF_inst/O
                         net (fo=1, routed)           1.004     7.378    u_top/sys_clk_IBUF
    MMCME2_ADV_X0Y2      MMCME2_ADV (Prop_mmcme2_adv_CLKIN1_CLKOUT0)
                                                      0.073     7.451 r  u_top/g_mmcm.u_mmcm/CLKOUT0
                         net (fo=1, routed)           1.488     8.938    u_top_n_1646
    BUFGCTRL_X0Y1        BUFG (Prop_bufg_I_O)         0.077     9.015 r  multiplier_s1_reg[29]_i_2_replica/O
                         net (fo=3, routed)           0.112     9.127    clk_200_repN
    BUFGCTRL_X0Y0        BUFG (Prop_bufg_I_O)         0.077     9.204 r  multiplier_s1_reg[29]_i_2/O
                         net (fo=62262, routed)       1.290    10.494    u_top/u_core/u_b/u_b_core/core/core/l5/mac/issue/clk_200
    SLICE_X88Y105        FDRE                                         r  u_top/u_core/u_b/u_b_core/core/core/l5/mac/issue/out_window_reg[6132]/C
                         clock pessimism              0.223    10.717    
                         clock uncertainty           -0.069    10.648    
    SLICE_X88Y105        FDRE (Setup_fdre_C_CE)      -0.136    10.512    u_top/u_core/u_b/u_b_core/core/core/l5/mac/issue/out_window_reg[6132]
  -------------------------------------------------------------------
                         required time                         10.512    
                         arrival time                         -10.792    
  -------------------------------------------------------------------
                         slack                                 -0.280    

Slack (VIOLATED) :        -0.280ns  (required time - arrival time)
  Source:                 u_top/u_core/u_b/u_b_core/core/core/l5/gk.frontend/fifo/count_reg[2]_replica/C
                            (rising edge-triggered cell FDRE clocked by u_top_n_1646  {rise@0.000ns fall@2.500ns period=5.000ns})
  Destination:            u_top/u_core/u_b/u_b_core/core/core/l5/mac/issue/out_window_reg[6133]/CE
                            (rising edge-triggered cell FDRE clocked by u_top_n_1646  {rise@0.000ns fall@2.500ns period=5.000ns})
  Path Group:             u_top_n_1646
  Path Type:              Setup (Max at Slow Process Corner)
  Requirement:            5.000ns  (u_top_n_1646 rise@5.000ns - u_top_n_1646 rise@0.000ns)
  Data Path Delay:        4.961ns  (logic 0.589ns (11.874%)  route 4.372ns (88.126%))
  Logic Levels:           2  (LUT3=1 LUT6=1)
  Clock Path Skew:        -0.115ns (DCD - SCD + CPR)
    Destination Clock Delay (DCD):    5.494ns = ( 10.494 - 5.000 ) 
    Source Clock Delay      (SCD):    5.832ns
    Clock Pessimism Removal (CPR):    0.223ns
  Clock Uncertainty:      0.069ns  ((TSJ^2 + DJ^2)^1/2) / 2 + PE + UU
    Total System Jitter     (TSJ):    0.071ns
    Discrete Jitter          (DJ):    0.118ns
    Phase Error              (PE):    0.000ns
    User Uncertainty         (UU):    0.000ns

    Location             Delay type                Incr(ns)  Path(ns)    Netlist Resource(s)
  -------------------------------------------------------------------    -------------------
                         (clock u_top_n_1646 rise edge)
                                                      0.000     0.000 r  
    W19                                               0.000     0.000 r  sys_clk (IN)
                         net (fo=0)                   0.000     0.000    sys_clk
    W19                  IBUF (Prop_ibuf_I_O)         1.440     1.440 r  sys_clk_IBUF_inst/O
                         net (fo=1, routed)           1.065     2.505    u_top/sys_clk_IBUF
    MMCME2_ADV_X0Y2      MMCME2_ADV (Prop_mmcme2_adv_CLKIN1_CLKOUT0)
                                                      0.077     2.582 r  u_top/g_mmcm.u_mmcm/CLKOUT0
                         net (fo=1, routed)           1.559     4.141    u_top_n_1646
    BUFGCTRL_X0Y1        BUFG (Prop_bufg_I_O)         0.081     4.222 r  multiplier_s1_reg[29]_i_2_replica/O
                         net (fo=3, routed)           0.118     4.340    clk_200_repN
    BUFGCTRL_X0Y0        BUFG (Prop_bufg_I_O)         0.081     4.421 r  multiplier_s1_reg[29]_i_2/O
                         net (fo=62262, routed)       1.411     5.832    u_top/u_core/u_b/u_b_core/core/core/l5/gk.frontend/fifo/clk_200
    SLICE_X55Y104        FDRE                                         r  u_top/u_core/u_b/u_b_core/core/core/l5/gk.frontend/fifo/count_reg[2]_replica/C
  -------------------------------------------------------------------    -------------------
    SLICE_X55Y104        FDRE (Prop_fdre_C_Q)         0.379     6.211 r  u_top/u_core/u_b/u_b_core/core/core/l5/gk.frontend/fifo/count_reg[2]_replica/Q
                         net (fo=11, routed)          1.172     7.383    u_top/u_core/u_b/u_b_core/core/core/l5/gk.frontend/fifo/count_reg[2]_0[0]_repN
    SLICE_X48Y127        LUT3 (Prop_lut3_I0_O)        0.105     7.488 r  u_top/u_core/u_b/u_b_core/core/core/l5/gk.frontend/fifo/out_phase[0]_i_3/O
                         net (fo=22, routed)          0.717     8.206    u_top/u_core/u_b/u_b_core/core/core/l5/mac/issue/window_valid
    SLICE_X49Y140        LUT6 (Prop_lut6_I2_O)        0.105     8.311 r  u_top/u_core/u_b/u_b_core/core/core/l5/mac/issue/out_window[6399]_i_1/O
                         net (fo=6400, routed)        2.482    10.792    u_top/u_core/u_b/u_b_core/core/core/l5/mac/issue/out_window[6399]_i_1_n_0
    SLICE_X88Y105        FDRE                                         r  u_top/u_core/u_b/u_b_core/core/core/l5/mac/issue/out_window_reg[6133]/CE
  -------------------------------------------------------------------    -------------------

                         (clock u_top_n_1646 rise edge)
                                                      5.000     5.000 r  
    W19                                               0.000     5.000 r  sys_clk (IN)
                         net (fo=0)                   0.000     5.000    sys_clk
    W19                  IBUF (Prop_ibuf_I_O)         1.374     6.374 r  sys_clk_IBUF_inst/O
                         net (fo=1, routed)           1.004     7.378    u_top/sys_clk_IBUF
    MMCME2_ADV_X0Y2      MMCME2_ADV (Prop_mmcme2_adv_CLKIN1_CLKOUT0)
                                                      0.073     7.451 r  u_top/g_mmcm.u_mmcm/CLKOUT0
                         net (fo=1, routed)           1.488     8.938    u_top_n_1646
    BUFGCTRL_X0Y1        BUFG (Prop_bufg_I_O)         0.077     9.015 r  multiplier_s1_reg[29]_i_2_replica/O
                         net (fo=3, routed)           0.112     9.127    clk_200_repN
    BUFGCTRL_X0Y0        BUFG (Prop_bufg_I_O)         0.077     9.204 r  multiplier_s1_reg[29]_i_2/O
                         net (fo=62262, routed)       1.290    10.494    u_top/u_core/u_b/u_b_core/core/core/l5/mac/issue/clk_200
    SLICE_X88Y105        FDRE                                         r  u_top/u_core/u_b/u_b_core/core/core/l5/mac/issue/out_window_reg[6133]/C
                         clock pessimism              0.223    10.717    
                         clock uncertainty           -0.069    10.648    
    SLICE_X88Y105        FDRE (Setup_fdre_C_CE)      -0.136    10.512    u_top/u_core/u_b/u_b_core/core/core/l5/mac/issue/out_window_reg[6133]
  -------------------------------------------------------------------
                         required time                         10.512    
                         arrival time                         -10.792    
  -------------------------------------------------------------------
                         slack                                 -0.280    

Slack (VIOLATED) :        -0.280ns  (required time - arrival time)
  Source:                 u_top/u_core/u_b/u_b_core/core/core/l5/gk.frontend/pad/y_reg[3]/C
                            (rising edge-triggered cell FDRE clocked by u_top_n_1646  {rise@0.000ns fall@2.500ns period=5.000ns})
  Destination:            u_top/u_core/u_b/u_b_core/core/core/l5/gk.frontend/win/bank_gen[2].mem_reg_3/DIPADIP[3]
                            (rising edge-triggered cell RAMB36E1 clocked by u_top_n_1646  {rise@0.000ns fall@2.500ns period=5.000ns})
  Path Group:             u_top_n_1646
  Path Type:              Setup (Max at Slow Process Corner)
  Requirement:            5.000ns  (u_top_n_1646 rise@5.000ns - u_top_n_1646 rise@0.000ns)
  Data Path Delay:        4.789ns  (logic 0.694ns (14.491%)  route 4.095ns (85.509%))
  Logic Levels:           3  (LUT2=1 LUT5=1 LUT6=1)
  Clock Path Skew:        -0.208ns (DCD - SCD + CPR)
    Destination Clock Delay (DCD):    5.519ns = ( 10.519 - 5.000 ) 
    Source Clock Delay      (SCD):    5.944ns
    Clock Pessimism Removal (CPR):    0.217ns
  Clock Uncertainty:      0.069ns  ((TSJ^2 + DJ^2)^1/2) / 2 + PE + UU
    Total System Jitter     (TSJ):    0.071ns
    Discrete Jitter          (DJ):    0.118ns
    Phase Error              (PE):    0.000ns
    User Uncertainty         (UU):    0.000ns

    Location             Delay type                Incr(ns)  Path(ns)    Netlist Resource(s)
  -------------------------------------------------------------------    -------------------
                         (clock u_top_n_1646 rise edge)
                                                      0.000     0.000 r  
    W19                                               0.000     0.000 r  sys_clk (IN)
                         net (fo=0)                   0.000     0.000    sys_clk
    W19                  IBUF (Prop_ibuf_I_O)         1.440     1.440 r  sys_clk_IBUF_inst/O
                         net (fo=1, routed)           1.065     2.505    u_top/sys_clk_IBUF
    MMCME2_ADV_X0Y2      MMCME2_ADV (Prop_mmcme2_adv_CLKIN1_CLKOUT0)
                                                      0.077     2.582 r  u_top/g_mmcm.u_mmcm/CLKOUT0
                         net (fo=1, routed)           1.559     4.141    u_top_n_1646
    BUFGCTRL_X0Y1        BUFG (Prop_bufg_I_O)         0.081     4.222 r  multiplier_s1_reg[29]_i_2_replica/O
                         net (fo=3, routed)           0.118     4.340    clk_200_repN
    BUFGCTRL_X0Y0        BUFG (Prop_bufg_I_O)         0.081     4.421 r  multiplier_s1_reg[29]_i_2/O
                         net (fo=62262, routed)       1.523     5.944    u_top/u_core/u_b/u_b_core/core/core/l5/gk.frontend/pad/clk_200
    SLICE_X83Y91         FDRE                                         r  u_top/u_core/u_b/u_b_core/core/core/l5/gk.frontend/pad/y_reg[3]/C
  -------------------------------------------------------------------    -------------------
    SLICE_X83Y91         FDRE (Prop_fdre_C_Q)         0.379     6.323 r  u_top/u_core/u_b/u_b_core/core/core/l5/gk.frontend/pad/y_reg[3]/Q
                         net (fo=11, routed)          0.830     7.153    u_top/u_core/u_b/u_b_core/core/core/l5/gk.frontend/pad/y_reg[3]
    SLICE_X82Y94         LUT5 (Prop_lut5_I3_O)        0.105     7.258 f  u_top/u_core/u_b/u_b_core/core/core/l5/gk.frontend/pad/bank_gen[3].mem_reg_0_i_45_rewire/O
                         net (fo=9, routed)           0.634     7.891    u_top/u_core/u_b/u_b_core/core/core/l5/gk.frontend/pad/bank_gen[3].mem_reg_0_i_45_n_0
    SLICE_X83Y94         LUT6 (Prop_lut6_I5_O)        0.105     7.996 f  u_top/u_core/u_b/u_b_core/core/core/l5/gk.frontend/pad/bank_gen[3].mem_reg_1_i_37_rewire/O
                         net (fo=183, routed)         0.872     8.868    u_top/u_core/u_b/u_b_core/core/core/f45/pixel_d_reg[36]
    SLICE_X89Y99         LUT2 (Prop_lut2_I1_O)        0.105     8.973 r  u_top/u_core/u_b/u_b_core/core/core/f45/bank_gen[3].mem_reg_3_i_33/O
                         net (fo=5, routed)           1.760    10.733    u_top/u_core/u_b/u_b_core/core/core/l5/gk.frontend/win/pixel_in[143]
    RAMB36_X5Y30         RAMB36E1                                     r  u_top/u_core/u_b/u_b_core/core/core/l5/gk.frontend/win/bank_gen[2].mem_reg_3/DIPADIP[3]
  -------------------------------------------------------------------    -------------------

                         (clock u_top_n_1646 rise edge)
                                                      5.000     5.000 r  
    W19                                               0.000     5.000 r  sys_clk (IN)
                         net (fo=0)                   0.000     5.000    sys_clk
    W19                  IBUF (Prop_ibuf_I_O)         1.374     6.374 r  sys_clk_IBUF_inst/O
                         net (fo=1, routed)           1.004     7.378    u_top/sys_clk_IBUF
    MMCME2_ADV_X0Y2      MMCME2_ADV (Prop_mmcme2_adv_CLKIN1_CLKOUT0)
                                                      0.073     7.451 r  u_top/g_mmcm.u_mmcm/CLKOUT0
                         net (fo=1, routed)           1.488     8.938    u_top_n_1646
    BUFGCTRL_X0Y1        BUFG (Prop_bufg_I_O)         0.077     9.015 r  multiplier_s1_reg[29]_i_2_replica/O
                         net (fo=3, routed)           0.112     9.127    clk_200_repN
    BUFGCTRL_X0Y0        BUFG (Prop_bufg_I_O)         0.077     9.204 r  multiplier_s1_reg[29]_i_2/O
                         net (fo=62262, routed)       1.315    10.519    u_top/u_core/u_b/u_b_core/core/core/l5/gk.frontend/win/clk_200
    RAMB36_X5Y30         RAMB36E1                                     r  u_top/u_core/u_b/u_b_core/core/core/l5/gk.frontend/win/bank_gen[2].mem_reg_3/CLKARDCLK
                         clock pessimism              0.217    10.736    
                         clock uncertainty           -0.069    10.667    
    RAMB36_X5Y30         RAMB36E1 (Setup_ramb36e1_CLKARDCLK_DIPADIP[3])
                                                     -0.214    10.453    u_top/u_core/u_b/u_b_core/core/core/l5/gk.frontend/win/bank_gen[2].mem_reg_3
  -------------------------------------------------------------------
                         required time                         10.453    
                         arrival time                         -10.733    
  -------------------------------------------------------------------
                         slack                                 -0.280    

Slack (VIOLATED) :        -0.276ns  (required time - arrival time)
  Source:                 u_top/u_core/u_b/u_b_core/core/core/l1/post/write_slot_reg/C
                            (rising edge-triggered cell FDRE clocked by u_top_n_1646  {rise@0.000ns fall@2.500ns period=5.000ns})
  Destination:            u_top/u_core/u_b/u_b_core/core/core/l1/mac/mac/out_lane[0].mult_lane[21].operand_pipe.weight_q_reg[0]/R
                            (rising edge-triggered cell FDRE clocked by u_top_n_1646  {rise@0.000ns fall@2.500ns period=5.000ns})
  Path Group:             u_top_n_1646
  Path Type:              Setup (Max at Slow Process Corner)
  Requirement:            5.000ns  (u_top_n_1646 rise@5.000ns - u_top_n_1646 rise@0.000ns)
  Data Path Delay:        4.597ns  (logic 0.905ns (19.685%)  route 3.692ns (80.315%))
  Logic Levels:           4  (LUT2=1 LUT3=1 LUT6=2)
  Clock Path Skew:        -0.258ns (DCD - SCD + CPR)
    Destination Clock Delay (DCD):    5.631ns = ( 10.631 - 5.000 ) 
    Source Clock Delay      (SCD):    6.119ns
    Clock Pessimism Removal (CPR):    0.230ns
  Clock Uncertainty:      0.069ns  ((TSJ^2 + DJ^2)^1/2) / 2 + PE + UU
    Total System Jitter     (TSJ):    0.071ns
    Discrete Jitter          (DJ):    0.118ns
    Phase Error              (PE):    0.000ns
    User Uncertainty         (UU):    0.000ns

    Location             Delay type                Incr(ns)  Path(ns)    Netlist Resource(s)
  -------------------------------------------------------------------    -------------------
                         (clock u_top_n_1646 rise edge)
                                                      0.000     0.000 r  
    W19                                               0.000     0.000 r  sys_clk (IN)
                         net (fo=0)                   0.000     0.000    sys_clk
    W19                  IBUF (Prop_ibuf_I_O)         1.440     1.440 r  sys_clk_IBUF_inst/O
                         net (fo=1, routed)           1.065     2.505    u_top/sys_clk_IBUF
    MMCME2_ADV_X0Y2      MMCME2_ADV (Prop_mmcme2_adv_CLKIN1_CLKOUT0)
                                                      0.077     2.582 r  u_top/g_mmcm.u_mmcm/CLKOUT0
                         net (fo=1, routed)           1.559     4.141    u_top_n_1646
    BUFGCTRL_X0Y1        BUFG (Prop_bufg_I_O)         0.081     4.222 r  multiplier_s1_reg[29]_i_2_replica/O
                         net (fo=3, routed)           0.118     4.340    clk_200_repN
    BUFGCTRL_X0Y0        BUFG (Prop_bufg_I_O)         0.081     4.421 r  multiplier_s1_reg[29]_i_2/O
                         net (fo=62262, routed)       1.698     6.119    u_top/u_core/u_b/u_b_core/core/core/l1/post/clk_200
    SLICE_X50Y30         FDRE                                         r  u_top/u_core/u_b/u_b_core/core/core/l1/post/write_slot_reg/C
  -------------------------------------------------------------------    -------------------
    SLICE_X50Y30         FDRE (Prop_fdre_C_Q)         0.348     6.467 r  u_top/u_core/u_b/u_b_core/core/core/l1/post/write_slot_reg/Q
                         net (fo=20, routed)          0.389     6.857    u_top/u_core/u_b/u_b_core/core/core/l1/post/write_slot
    SLICE_X50Y30         LUT3 (Prop_lut3_I2_O)        0.242     7.099 r  u_top/u_core/u_b/u_b_core/core/core/l1/post/tree_stage[4].channel[0].node[1].pair.sums_q[4][0][1][31]_i_3__0/O
                         net (fo=11, routed)          0.566     7.664    u_top/u_core/u_b/u_b_core/core/core/l1/mac/mac/result_ready
    SLICE_X51Y29         LUT6 (Prop_lut6_I2_O)        0.105     7.769 r  u_top/u_core/u_b/u_b_core/core/core/l1/mac/mac/tree_stage[2].phase_q[3][2]_i_2/O
                         net (fo=17, routed)          0.709     8.478    u_top/u_core/u_b/u_b_core/core/core/l1/mac/mac/tree_stage[2].phase_q[3][2]_i_2_n_0
    SLICE_X50Y44         LUT6 (Prop_lut6_I1_O)        0.105     8.583 r  u_top/u_core/u_b/u_b_core/core/core/l1/mac/mac/phase_q[0][2]_i_2/O
                         net (fo=816, routed)         0.686     9.269    u_top/u_core/u_b/u_b_core/core/core/l1/mac/issue/out_lane[1].mult_lane[0].operand_pipe.weight_q_reg[5]
    SLICE_X49Y37         LUT2 (Prop_lut2_I1_O)        0.105     9.374 r  u_top/u_core/u_b/u_b_core/core/core/l1/mac/issue/out_lane[0].mult_lane[24].operand_pipe.weight_q[5]_i_1/O
                         net (fo=50, routed)          1.343    10.717    u_top/u_core/u_b/u_b_core/core/core/l1/mac/mac/out_lane[0].mult_lane[24].operand_pipe.weight_q_reg[5]_0
    SLICE_X73Y50         FDRE                                         r  u_top/u_core/u_b/u_b_core/core/core/l1/mac/mac/out_lane[0].mult_lane[21].operand_pipe.weight_q_reg[0]/R
  -------------------------------------------------------------------    -------------------

                         (clock u_top_n_1646 rise edge)
                                                      5.000     5.000 r  
    W19                                               0.000     5.000 r  sys_clk (IN)
                         net (fo=0)                   0.000     5.000    sys_clk
    W19                  IBUF (Prop_ibuf_I_O)         1.374     6.374 r  sys_clk_IBUF_inst/O
                         net (fo=1, routed)           1.004     7.378    u_top/sys_clk_IBUF
    MMCME2_ADV_X0Y2      MMCME2_ADV (Prop_mmcme2_adv_CLKIN1_CLKOUT0)
                                                      0.073     7.451 r  u_top/g_mmcm.u_mmcm/CLKOUT0
                         net (fo=1, routed)           1.488     8.938    u_top_n_1646
    BUFGCTRL_X0Y1        BUFG (Prop_bufg_I_O)         0.077     9.015 r  multiplier_s1_reg[29]_i_2_replica/O
                         net (fo=3, routed)           0.112     9.127    clk_200_repN
    BUFGCTRL_X0Y0        BUFG (Prop_bufg_I_O)         0.077     9.204 r  multiplier_s1_reg[29]_i_2/O
                         net (fo=62262, routed)       1.427    10.631    u_top/u_core/u_b/u_b_core/core/core/l1/mac/mac/clk_200
    SLICE_X73Y50         FDRE                                         r  u_top/u_core/u_b/u_b_core/core/core/l1/mac/mac/out_lane[0].mult_lane[21].operand_pipe.weight_q_reg[0]/C
                         clock pessimism              0.230    10.861    
                         clock uncertainty           -0.069    10.792    
    SLICE_X73Y50         FDRE (Setup_fdre_C_R)       -0.352    10.440    u_top/u_core/u_b/u_b_core/core/core/l1/mac/mac/out_lane[0].mult_lane[21].operand_pipe.weight_q_reg[0]
  -------------------------------------------------------------------
                         required time                         10.440    
                         arrival time                         -10.717    
  -------------------------------------------------------------------
                         slack                                 -0.276    

Slack (VIOLATED) :        -0.276ns  (required time - arrival time)
  Source:                 u_top/u_core/u_b/u_b_core/core/core/l1/post/write_slot_reg/C
                            (rising edge-triggered cell FDRE clocked by u_top_n_1646  {rise@0.000ns fall@2.500ns period=5.000ns})
  Destination:            u_top/u_core/u_b/u_b_core/core/core/l1/mac/mac/out_lane[0].mult_lane[21].operand_pipe.weight_q_reg[6]/R
                            (rising edge-triggered cell FDRE clocked by u_top_n_1646  {rise@0.000ns fall@2.500ns period=5.000ns})
  Path Group:             u_top_n_1646
  Path Type:              Setup (Max at Slow Process Corner)
  Requirement:            5.000ns  (u_top_n_1646 rise@5.000ns - u_top_n_1646 rise@0.000ns)
  Data Path Delay:        4.597ns  (logic 0.905ns (19.685%)  route 3.692ns (80.315%))
  Logic Levels:           4  (LUT2=1 LUT3=1 LUT6=2)
  Clock Path Skew:        -0.258ns (DCD - SCD + CPR)
    Destination Clock Delay (DCD):    5.631ns = ( 10.631 - 5.000 ) 
    Source Clock Delay      (SCD):    6.119ns
    Clock Pessimism Removal (CPR):    0.230ns
  Clock Uncertainty:      0.069ns  ((TSJ^2 + DJ^2)^1/2) / 2 + PE + UU
    Total System Jitter     (TSJ):    0.071ns
    Discrete Jitter          (DJ):    0.118ns
    Phase Error              (PE):    0.000ns
    User Uncertainty         (UU):    0.000ns

    Location             Delay type                Incr(ns)  Path(ns)    Netlist Resource(s)
  -------------------------------------------------------------------    -------------------
                         (clock u_top_n_1646 rise edge)
                                                      0.000     0.000 r  
    W19                                               0.000     0.000 r  sys_clk (IN)
                         net (fo=0)                   0.000     0.000    sys_clk
    W19                  IBUF (Prop_ibuf_I_O)         1.440     1.440 r  sys_clk_IBUF_inst/O
                         net (fo=1, routed)           1.065     2.505    u_top/sys_clk_IBUF
    MMCME2_ADV_X0Y2      MMCME2_ADV (Prop_mmcme2_adv_CLKIN1_CLKOUT0)
                                                      0.077     2.582 r  u_top/g_mmcm.u_mmcm/CLKOUT0
                         net (fo=1, routed)           1.559     4.141    u_top_n_1646
    BUFGCTRL_X0Y1        BUFG (Prop_bufg_I_O)         0.081     4.222 r  multiplier_s1_reg[29]_i_2_replica/O
                         net (fo=3, routed)           0.118     4.340    clk_200_repN
    BUFGCTRL_X0Y0        BUFG (Prop_bufg_I_O)         0.081     4.421 r  multiplier_s1_reg[29]_i_2/O
                         net (fo=62262, routed)       1.698     6.119    u_top/u_core/u_b/u_b_core/core/core/l1/post/clk_200
    SLICE_X50Y30         FDRE                                         r  u_top/u_core/u_b/u_b_core/core/core/l1/post/write_slot_reg/C
  -------------------------------------------------------------------    -------------------
    SLICE_X50Y30         FDRE (Prop_fdre_C_Q)         0.348     6.467 r  u_top/u_core/u_b/u_b_core/core/core/l1/post/write_slot_reg/Q
                         net (fo=20, routed)          0.389     6.857    u_top/u_core/u_b/u_b_core/core/core/l1/post/write_slot
    SLICE_X50Y30         LUT3 (Prop_lut3_I2_O)        0.242     7.099 r  u_top/u_core/u_b/u_b_core/core/core/l1/post/tree_stage[4].channel[0].node[1].pair.sums_q[4][0][1][31]_i_3__0/O
                         net (fo=11, routed)          0.566     7.664    u_top/u_core/u_b/u_b_core/core/core/l1/mac/mac/result_ready
    SLICE_X51Y29         LUT6 (Prop_lut6_I2_O)        0.105     7.769 r  u_top/u_core/u_b/u_b_core/core/core/l1/mac/mac/tree_stage[2].phase_q[3][2]_i_2/O
                         net (fo=17, routed)          0.709     8.478    u_top/u_core/u_b/u_b_core/core/core/l1/mac/mac/tree_stage[2].phase_q[3][2]_i_2_n_0
    SLICE_X50Y44         LUT6 (Prop_lut6_I1_O)        0.105     8.583 r  u_top/u_core/u_b/u_b_core/core/core/l1/mac/mac/phase_q[0][2]_i_2/O
                         net (fo=816, routed)         0.686     9.269    u_top/u_core/u_b/u_b_core/core/core/l1/mac/issue/out_lane[1].mult_lane[0].operand_pipe.weight_q_reg[5]
    SLICE_X49Y37         LUT2 (Prop_lut2_I1_O)        0.105     9.374 r  u_top/u_core/u_b/u_b_core/core/core/l1/mac/issue/out_lane[0].mult_lane[24].operand_pipe.weight_q[5]_i_1/O
                         net (fo=50, routed)          1.343    10.717    u_top/u_core/u_b/u_b_core/core/core/l1/mac/mac/out_lane[0].mult_lane[24].operand_pipe.weight_q_reg[5]_0
    SLICE_X73Y50         FDRE                                         r  u_top/u_core/u_b/u_b_core/core/core/l1/mac/mac/out_lane[0].mult_lane[21].operand_pipe.weight_q_reg[6]/R
  -------------------------------------------------------------------    -------------------

                         (clock u_top_n_1646 rise edge)
                                                      5.000     5.000 r  
    W19                                               0.000     5.000 r  sys_clk (IN)
                         net (fo=0)                   0.000     5.000    sys_clk
    W19                  IBUF (Prop_ibuf_I_O)         1.374     6.374 r  sys_clk_IBUF_inst/O
                         net (fo=1, routed)           1.004     7.378    u_top/sys_clk_IBUF
    MMCME2_ADV_X0Y2      MMCME2_ADV (Prop_mmcme2_adv_CLKIN1_CLKOUT0)
                                                      0.073     7.451 r  u_top/g_mmcm.u_mmcm/CLKOUT0
                         net (fo=1, routed)           1.488     8.938    u_top_n_1646
    BUFGCTRL_X0Y1        BUFG (Prop_bufg_I_O)         0.077     9.015 r  multiplier_s1_reg[29]_i_2_replica/O
                         net (fo=3, routed)           0.112     9.127    clk_200_repN
    BUFGCTRL_X0Y0        BUFG (Prop_bufg_I_O)         0.077     9.204 r  multiplier_s1_reg[29]_i_2/O
                         net (fo=62262, routed)       1.427    10.631    u_top/u_core/u_b/u_b_core/core/core/l1/mac/mac/clk_200
    SLICE_X73Y50         FDRE                                         r  u_top/u_core/u_b/u_b_core/core/core/l1/mac/mac/out_lane[0].mult_lane[21].operand_pipe.weight_q_reg[6]/C
                         clock pessimism              0.230    10.861    
                         clock uncertainty           -0.069    10.792    
    SLICE_X73Y50         FDRE (Setup_fdre_C_R)       -0.352    10.440    u_top/u_core/u_b/u_b_core/core/core/l1/mac/mac/out_lane[0].mult_lane[21].operand_pipe.weight_q_reg[6]
  -------------------------------------------------------------------
                         required time                         10.440    
                         arrival time                         -10.717    
  -------------------------------------------------------------------
                         slack                                 -0.276    

Slack (VIOLATED) :        -0.276ns  (required time - arrival time)
  Source:                 u_top/u_core/u_b/u_b_core/core/core/l5/gk.frontend/fifo/count_reg[2]_replica/C
                            (rising edge-triggered cell FDRE clocked by u_top_n_1646  {rise@0.000ns fall@2.500ns period=5.000ns})
  Destination:            u_top/u_core/u_b/u_b_core/core/core/l5/mac/issue/out_window_reg[5942]/CE
                            (rising edge-triggered cell FDRE clocked by u_top_n_1646  {rise@0.000ns fall@2.500ns period=5.000ns})
  Path Group:             u_top_n_1646
  Path Type:              Setup (Max at Slow Process Corner)
  Requirement:            5.000ns  (u_top_n_1646 rise@5.000ns - u_top_n_1646 rise@0.000ns)
  Data Path Delay:        4.956ns  (logic 0.589ns (11.884%)  route 4.367ns (88.116%))
  Logic Levels:           2  (LUT3=1 LUT6=1)
  Clock Path Skew:        -0.115ns (DCD - SCD + CPR)
    Destination Clock Delay (DCD):    5.494ns = ( 10.494 - 5.000 ) 
    Source Clock Delay      (SCD):    5.832ns
    Clock Pessimism Removal (CPR):    0.223ns
  Clock Uncertainty:      0.069ns  ((TSJ^2 + DJ^2)^1/2) / 2 + PE + UU
    Total System Jitter     (TSJ):    0.071ns
    Discrete Jitter          (DJ):    0.118ns
    Phase Error              (PE):    0.000ns
    User Uncertainty         (UU):    0.000ns

    Location             Delay type                Incr(ns)  Path(ns)    Netlist Resource(s)
  -------------------------------------------------------------------    -------------------
                         (clock u_top_n_1646 rise edge)
                                                      0.000     0.000 r  
    W19                                               0.000     0.000 r  sys_clk (IN)
                         net (fo=0)                   0.000     0.000    sys_clk
    W19                  IBUF (Prop_ibuf_I_O)         1.440     1.440 r  sys_clk_IBUF_inst/O
                         net (fo=1, routed)           1.065     2.505    u_top/sys_clk_IBUF
    MMCME2_ADV_X0Y2      MMCME2_ADV (Prop_mmcme2_adv_CLKIN1_CLKOUT0)
                                                      0.077     2.582 r  u_top/g_mmcm.u_mmcm/CLKOUT0
                         net (fo=1, routed)           1.559     4.141    u_top_n_1646
    BUFGCTRL_X0Y1        BUFG (Prop_bufg_I_O)         0.081     4.222 r  multiplier_s1_reg[29]_i_2_replica/O
                         net (fo=3, routed)           0.118     4.340    clk_200_repN
    BUFGCTRL_X0Y0        BUFG (Prop_bufg_I_O)         0.081     4.421 r  multiplier_s1_reg[29]_i_2/O
                         net (fo=62262, routed)       1.411     5.832    u_top/u_core/u_b/u_b_core/core/core/l5/gk.frontend/fifo/clk_200
    SLICE_X55Y104        FDRE                                         r  u_top/u_core/u_b/u_b_core/core/core/l5/gk.frontend/fifo/count_reg[2]_replica/C
  -------------------------------------------------------------------    -------------------
    SLICE_X55Y104        FDRE (Prop_fdre_C_Q)         0.379     6.211 r  u_top/u_core/u_b/u_b_core/core/core/l5/gk.frontend/fifo/count_reg[2]_replica/Q
                         net (fo=11, routed)          1.172     7.383    u_top/u_core/u_b/u_b_core/core/core/l5/gk.frontend/fifo/count_reg[2]_0[0]_repN
    SLICE_X48Y127        LUT3 (Prop_lut3_I0_O)        0.105     7.488 r  u_top/u_core/u_b/u_b_core/core/core/l5/gk.frontend/fifo/out_phase[0]_i_3/O
                         net (fo=22, routed)          0.717     8.206    u_top/u_core/u_b/u_b_core/core/core/l5/mac/issue/window_valid
    SLICE_X49Y140        LUT6 (Prop_lut6_I2_O)        0.105     8.311 r  u_top/u_core/u_b/u_b_core/core/core/l5/mac/issue/out_window[6399]_i_1/O
                         net (fo=6400, routed)        2.478    10.788    u_top/u_core/u_b/u_b_core/core/core/l5/mac/issue/out_window[6399]_i_1_n_0
    SLICE_X88Y104        FDRE                                         r  u_top/u_core/u_b/u_b_core/core/core/l5/mac/issue/out_window_reg[5942]/CE
  -------------------------------------------------------------------    -------------------

                         (clock u_top_n_1646 rise edge)
                                                      5.000     5.000 r  
    W19                                               0.000     5.000 r  sys_clk (IN)
                         net (fo=0)                   0.000     5.000    sys_clk
    W19                  IBUF (Prop_ibuf_I_O)         1.374     6.374 r  sys_clk_IBUF_inst/O
                         net (fo=1, routed)           1.004     7.378    u_top/sys_clk_IBUF
    MMCME2_ADV_X0Y2      MMCME2_ADV (Prop_mmcme2_adv_CLKIN1_CLKOUT0)
                                                      0.073     7.451 r  u_top/g_mmcm.u_mmcm/CLKOUT0
                         net (fo=1, routed)           1.488     8.938    u_top_n_1646
    BUFGCTRL_X0Y1        BUFG (Prop_bufg_I_O)         0.077     9.015 r  multiplier_s1_reg[29]_i_2_replica/O
                         net (fo=3, routed)           0.112     9.127    clk_200_repN
    BUFGCTRL_X0Y0        BUFG (Prop_bufg_I_O)         0.077     9.204 r  multiplier_s1_reg[29]_i_2/O
                         net (fo=62262, routed)       1.290    10.494    u_top/u_core/u_b/u_b_core/core/core/l5/mac/issue/clk_200
    SLICE_X88Y104        FDRE                                         r  u_top/u_core/u_b/u_b_core/core/core/l5/mac/issue/out_window_reg[5942]/C
                         clock pessimism              0.223    10.717    
                         clock uncertainty           -0.069    10.648    
    SLICE_X88Y104        FDRE (Setup_fdre_C_CE)      -0.136    10.512    u_top/u_core/u_b/u_b_core/core/core/l5/mac/issue/out_window_reg[5942]
  -------------------------------------------------------------------
                         required time                         10.512    
                         arrival time                         -10.788    
  -------------------------------------------------------------------
                         slack                                 -0.276    




