Copyright 1986-2022 Xilinx, Inc. All Rights Reserved. Copyright 2022-2025 Advanced Micro Devices, Inc. All Rights Reserved.
---------------------------------------------------------------------------------------------------------------------------------------------------------
| Tool Version : Vivado v.2025.2 (win64) Build 6299465 Fri Nov 14 19:35:11 GMT 2025
| Date         : Thu Sep 24 16:47:14 2026
| Host         : OMENMAX running 64-bit major release  (build 9200)
| Command      : report_timing_summary -file V://_synth_bc/acc36_realrom_120_member_b_ascii_ramdecomp/reports/timing_summary_postroute.rpt -max_paths 20
| Design       : c_synth_top
| Device       : 7a200t-fbg484
| Speed File   : -2  PRODUCTION 1.23 2018-06-13
| Design State : Routed
---------------------------------------------------------------------------------------------------------------------------------------------------------

Timing Summary Report

------------------------------------------------------------------------------------------------
| Timer Settings
| --------------
------------------------------------------------------------------------------------------------

  Enable Multi Corner Analysis               :  Yes
  Enable Pessimism Removal                   :  Yes
  Pessimism Removal Resolution               :  Nearest Common Node
  Enable Input Delay Default Clock           :  No
  Enable Preset / Clear Arcs                 :  No
  Disable Flight Delays                      :  No
  Ignore I/O Paths                           :  No
  Timing Early Launch at Borrowing Latches   :  No
  Borrow Time for Max Delay Exceptions       :  Yes
  Merge Timing Exceptions                    :  Yes
  Inter-SLR Compensation                     :  Conservative

  Corner  Analyze    Analyze    
  Name    Max Paths  Min Paths  
  ------  ---------  ---------  
  Slow    Yes        Yes        
  Fast    Yes        Yes        


------------------------------------------------------------------------------------------------
| Report Methodology
| ------------------
------------------------------------------------------------------------------------------------

No report available as report_methodology has not been run prior. Run report_methodology on the current design for the summary of methodology violations.



check_timing report

Table of Contents
-----------------
1. checking no_clock (0)
2. checking constant_clock (0)
3. checking pulse_width_clock (0)
4. checking unconstrained_internal_endpoints (0)
5. checking no_input_delay (1)
6. checking no_output_delay (9)
7. checking multiple_clock (0)
8. checking generated_clocks (0)
9. checking loops (0)
10. checking partial_input_delay (0)
11. checking partial_output_delay (0)
12. checking latch_loops (0)

1. checking no_clock (0)
------------------------
 There are 0 register/latch pins with no clock.


2. checking constant_clock (0)
------------------------------
 There are 0 register/latch pins with constant_clock.


3. checking pulse_width_clock (0)
---------------------------------
 There are 0 register/latch pins which need pulse_width check


4. checking unconstrained_internal_endpoints (0)
------------------------------------------------
 There are 0 pins that are not constrained for maximum delay.

 There are 0 pins that are not constrained for maximum delay due to constant clock.


5. checking no_input_delay (1)
------------------------------
 There are 0 input ports with no input delay specified.

 There is 1 input port with no input delay but user has a false path constraint. (MEDIUM)


6. checking no_output_delay (9)
-------------------------------
 There are 9 ports with no output delay specified. (HIGH)

 There are 0 ports with no output delay but user has a false path constraint

 There are 0 ports with no output delay but with a timing clock defined on it or propagating through it


7. checking multiple_clock (0)
------------------------------
 There are 0 register/latch pins with multiple clocks.


8. checking generated_clocks (0)
--------------------------------
 There are 0 generated clocks that are not connected to a clock source.


9. checking loops (0)
---------------------
 There are 0 combinational loops in the design.


10. checking partial_input_delay (0)
------------------------------------
 There are 0 input ports with partial input delay specified.


11. checking partial_output_delay (0)
-------------------------------------
 There are 0 ports with partial output delay specified.


12. checking latch_loops (0)
----------------------------
 There are 0 combinational latch loops in the design through latch input



------------------------------------------------------------------------------------------------
| Design Timing Summary
| ---------------------
------------------------------------------------------------------------------------------------

    WNS(ns)      TNS(ns)  TNS Failing Endpoints  TNS Total Endpoints      WHS(ns)      THS(ns)  THS Failing Endpoints  THS Total Endpoints     WPWS(ns)     TPWS(ns)  TPWS Failing Endpoints  TPWS Total Endpoints  
    -------      -------  ---------------------  -------------------      -------      -------  ---------------------  -------------------     --------     --------  ----------------------  --------------------  
      0.127        0.000                      0               178027        0.016        0.000                      0               178027        3.037        0.000                       0                 60843  


All user specified timing constraints are met.


------------------------------------------------------------------------------------------------
| Clock Summary
| -------------
------------------------------------------------------------------------------------------------

Clock           Waveform(ns)         Period(ns)      Frequency(MHz)
-----           ------------         ----------      --------------
sys_clk         {0.000 10.000}       20.000          50.000          
  g_mmcm.clkfb  {0.000 10.000}       20.000          50.000          
  u_top_n_1799  {0.000 4.167}        8.333           120.000         


------------------------------------------------------------------------------------------------
| Intra Clock Table
| -----------------
------------------------------------------------------------------------------------------------

Clock               WNS(ns)      TNS(ns)  TNS Failing Endpoints  TNS Total Endpoints      WHS(ns)      THS(ns)  THS Failing Endpoints  THS Total Endpoints     WPWS(ns)     TPWS(ns)  TPWS Failing Endpoints  TPWS Total Endpoints  
-----               -------      -------  ---------------------  -------------------      -------      -------  ---------------------  -------------------     --------     --------  ----------------------  --------------------  
sys_clk                                                                                                                                                           7.000        0.000                       0                     1  
  g_mmcm.clkfb                                                                                                                                                   18.751        0.000                       0                     2  
  u_top_n_1799        0.127        0.000                      0               178027        0.016        0.000                      0               178027        3.037        0.000                       0                 60840  


------------------------------------------------------------------------------------------------
| Inter Clock Table
| -----------------
------------------------------------------------------------------------------------------------

From Clock    To Clock          WNS(ns)      TNS(ns)  TNS Failing Endpoints  TNS Total Endpoints      WHS(ns)      THS(ns)  THS Failing Endpoints  THS Total Endpoints  
----------    --------          -------      -------  ---------------------  -------------------      -------      -------  ---------------------  -------------------  


------------------------------------------------------------------------------------------------
| Other Path Groups Table
| -----------------------
------------------------------------------------------------------------------------------------

Path Group    From Clock    To Clock          WNS(ns)      TNS(ns)  TNS Failing Endpoints  TNS Total Endpoints      WHS(ns)      THS(ns)  THS Failing Endpoints  THS Total Endpoints  
----------    ----------    --------          -------      -------  ---------------------  -------------------      -------      -------  ---------------------  -------------------  


------------------------------------------------------------------------------------------------
| Timing Details
| --------------
------------------------------------------------------------------------------------------------


---------------------------------------------------------------------------------------------------
From Clock:  sys_clk
  To Clock:  sys_clk

Setup :           NA  Failing Endpoints,  Worst Slack           NA  ,  Total Violation           NA
Hold  :           NA  Failing Endpoints,  Worst Slack           NA  ,  Total Violation           NA
PW    :            0  Failing Endpoints,  Worst Slack        7.000ns,  Total Violation        0.000ns
---------------------------------------------------------------------------------------------------


Pulse Width Checks
--------------------------------------------------------------------------------------
Clock Name:         sys_clk
Waveform(ns):       { 0.000 10.000 }
Period(ns):         20.000
Sources:            { sys_clk }

Check Type        Corner  Lib Pin            Reference Pin  Required(ns)  Actual(ns)  Slack(ns)  Location         Pin
Min Period        n/a     MMCME2_ADV/CLKIN1  n/a            1.249         20.000      18.751     MMCME2_ADV_X0Y2  u_top/g_mmcm.u_mmcm/CLKIN1
Max Period        n/a     MMCME2_ADV/CLKIN1  n/a            100.000       20.000      80.000     MMCME2_ADV_X0Y2  u_top/g_mmcm.u_mmcm/CLKIN1
Low Pulse Width   Slow    MMCME2_ADV/CLKIN1  n/a            3.000         10.000      7.000      MMCME2_ADV_X0Y2  u_top/g_mmcm.u_mmcm/CLKIN1
Low Pulse Width   Fast    MMCME2_ADV/CLKIN1  n/a            3.000         10.000      7.000      MMCME2_ADV_X0Y2  u_top/g_mmcm.u_mmcm/CLKIN1
High Pulse Width  Slow    MMCME2_ADV/CLKIN1  n/a            3.000         10.000      7.000      MMCME2_ADV_X0Y2  u_top/g_mmcm.u_mmcm/CLKIN1
High Pulse Width  Fast    MMCME2_ADV/CLKIN1  n/a            3.000         10.000      7.000      MMCME2_ADV_X0Y2  u_top/g_mmcm.u_mmcm/CLKIN1



---------------------------------------------------------------------------------------------------
From Clock:  g_mmcm.clkfb
  To Clock:  g_mmcm.clkfb

Setup :           NA  Failing Endpoints,  Worst Slack           NA  ,  Total Violation           NA
Hold  :           NA  Failing Endpoints,  Worst Slack           NA  ,  Total Violation           NA
PW    :            0  Failing Endpoints,  Worst Slack       18.751ns,  Total Violation        0.000ns
---------------------------------------------------------------------------------------------------


Pulse Width Checks
--------------------------------------------------------------------------------------
Clock Name:         g_mmcm.clkfb
Waveform(ns):       { 0.000 10.000 }
Period(ns):         20.000
Sources:            { u_top/g_mmcm.u_mmcm/CLKFBOUT }

Check Type  Corner  Lib Pin              Reference Pin  Required(ns)  Actual(ns)  Slack(ns)  Location         Pin
Min Period  n/a     MMCME2_ADV/CLKFBOUT  n/a            1.249         20.000      18.751     MMCME2_ADV_X0Y2  u_top/g_mmcm.u_mmcm/CLKFBOUT
Min Period  n/a     MMCME2_ADV/CLKFBIN   n/a            1.249         20.000      18.751     MMCME2_ADV_X0Y2  u_top/g_mmcm.u_mmcm/CLKFBIN
Max Period  n/a     MMCME2_ADV/CLKFBIN   n/a            100.000       20.000      80.000     MMCME2_ADV_X0Y2  u_top/g_mmcm.u_mmcm/CLKFBIN
Max Period  n/a     MMCME2_ADV/CLKFBOUT  n/a            213.360       20.000      193.360    MMCME2_ADV_X0Y2  u_top/g_mmcm.u_mmcm/CLKFBOUT



---------------------------------------------------------------------------------------------------
From Clock:  u_top_n_1799
  To Clock:  u_top_n_1799

Setup :            0  Failing Endpoints,  Worst Slack        0.127ns,  Total Violation        0.000ns
Hold  :            0  Failing Endpoints,  Worst Slack        0.016ns,  Total Violation        0.000ns
PW    :            0  Failing Endpoints,  Worst Slack        3.037ns,  Total Violation        0.000ns
---------------------------------------------------------------------------------------------------


Max Delay Paths
--------------------------------------------------------------------------------------
Slack (MET) :             0.127ns  (required time - arrival time)
  Source:                 u_top/u_core/u_b/u_b_core/core/core/l5/gk.frontend/pending1_reg/C
                            (rising edge-triggered cell FDRE clocked by u_top_n_1799  {rise@0.000ns fall@4.167ns period=8.333ns})
  Destination:            u_top/u_core/u_b/u_b_core/core/core/l5/gk.frontend/win/shift_reg[12][144]/CE
                            (rising edge-triggered cell FDRE clocked by u_top_n_1799  {rise@0.000ns fall@4.167ns period=8.333ns})
  Path Group:             u_top_n_1799
  Path Type:              Setup (Max at Slow Process Corner)
  Requirement:            8.333ns  (u_top_n_1799 rise@8.333ns - u_top_n_1799 rise@0.000ns)
  Data Path Delay:        7.865ns  (logic 0.379ns (4.819%)  route 7.486ns (95.181%))
  Logic Levels:           0  
  Clock Path Skew:        -0.100ns (DCD - SCD + CPR)
    Destination Clock Delay (DCD):    5.307ns = ( 13.640 - 8.333 ) 
    Source Clock Delay      (SCD):    5.620ns
    Clock Pessimism Removal (CPR):    0.213ns
  Clock Uncertainty:      0.074ns  ((TSJ^2 + DJ^2)^1/2) / 2 + PE
    Total System Jitter     (TSJ):    0.071ns
    Discrete Jitter          (DJ):    0.129ns
    Phase Error              (PE):    0.000ns

    Location             Delay type                Incr(ns)  Path(ns)    Netlist Resource(s)
  -------------------------------------------------------------------    -------------------
                         (clock u_top_n_1799 rise edge)
                                                      0.000     0.000 r  
    W19                                               0.000     0.000 r  sys_clk (IN)
                         net (fo=0)                   0.000     0.000    sys_clk
    W19                  IBUF (Prop_ibuf_I_O)         1.440     1.440 r  sys_clk_IBUF_inst/O
                         net (fo=1, routed)           1.065     2.505    u_top/sys_clk_IBUF
    MMCME2_ADV_X0Y2      MMCME2_ADV (Prop_mmcme2_adv_CLKIN1_CLKOUT0)
                                                      0.077     2.582 r  u_top/g_mmcm.u_mmcm/CLKOUT0
                         net (fo=1, routed)           1.559     4.141    u_top_n_1799
    BUFGCTRL_X0Y0        BUFG (Prop_bufg_I_O)         0.081     4.222 r  bank_gen[3].mem_reg_i_1/O
                         net (fo=60844, routed)       1.398     5.620    u_top/u_core/u_b/u_b_core/core/core/l5/gk.frontend/clk_200
    SLICE_X95Y116        FDRE                                         r  u_top/u_core/u_b/u_b_core/core/core/l5/gk.frontend/pending1_reg/C
  -------------------------------------------------------------------    -------------------
    SLICE_X95Y116        FDRE (Prop_fdre_C_Q)         0.379     5.999 r  u_top/u_core/u_b/u_b_core/core/core/l5/gk.frontend/pending1_reg/Q
                         net (fo=6406, routed)        7.486    13.485    u_top/u_core/u_b/u_b_core/core/core/l5/gk.frontend/win/E[0]
    SLICE_X63Y113        FDRE                                         r  u_top/u_core/u_b/u_b_core/core/core/l5/gk.frontend/win/shift_reg[12][144]/CE
  -------------------------------------------------------------------    -------------------

                         (clock u_top_n_1799 rise edge)
                                                      8.333     8.333 r  
    W19                                               0.000     8.333 r  sys_clk (IN)
                         net (fo=0)                   0.000     8.333    sys_clk
    W19                  IBUF (Prop_ibuf_I_O)         1.374     9.708 r  sys_clk_IBUF_inst/O
                         net (fo=1, routed)           1.004    10.711    u_top/sys_clk_IBUF
    MMCME2_ADV_X0Y2      MMCME2_ADV (Prop_mmcme2_adv_CLKIN1_CLKOUT0)
                                                      0.073    10.784 r  u_top/g_mmcm.u_mmcm/CLKOUT0
                         net (fo=1, routed)           1.488    12.272    u_top_n_1799
    BUFGCTRL_X0Y0        BUFG (Prop_bufg_I_O)         0.077    12.349 r  bank_gen[3].mem_reg_i_1/O
                         net (fo=60844, routed)       1.292    13.640    u_top/u_core/u_b/u_b_core/core/core/l5/gk.frontend/win/clk_200
    SLICE_X63Y113        FDRE                                         r  u_top/u_core/u_b/u_b_core/core/core/l5/gk.frontend/win/shift_reg[12][144]/C
                         clock pessimism              0.213    13.853    
                         clock uncertainty           -0.074    13.780    
    SLICE_X63Y113        FDRE (Setup_fdre_C_CE)      -0.168    13.612    u_top/u_core/u_b/u_b_core/core/core/l5/gk.frontend/win/shift_reg[12][144]
  -------------------------------------------------------------------
                         required time                         13.612    
                         arrival time                         -13.485    
  -------------------------------------------------------------------
                         slack                                  0.127    

Slack (MET) :             0.127ns  (required time - arrival time)
  Source:                 u_top/u_core/u_b/u_b_core/core/core/l5/gk.frontend/pending1_reg/C
                            (rising edge-triggered cell FDRE clocked by u_top_n_1799  {rise@0.000ns fall@4.167ns period=8.333ns})
  Destination:            u_top/u_core/u_b/u_b_core/core/core/l5/gk.frontend/win/shift_reg[12][145]/CE
                            (rising edge-triggered cell FDRE clocked by u_top_n_1799  {rise@0.000ns fall@4.167ns period=8.333ns})
  Path Group:             u_top_n_1799
  Path Type:              Setup (Max at Slow Process Corner)
  Requirement:            8.333ns  (u_top_n_1799 rise@8.333ns - u_top_n_1799 rise@0.000ns)
  Data Path Delay:        7.865ns  (logic 0.379ns (4.819%)  route 7.486ns (95.181%))
  Logic Levels:           0  
  Clock Path Skew:        -0.100ns (DCD - SCD + CPR)
    Destination Clock Delay (DCD):    5.307ns = ( 13.640 - 8.333 ) 
    Source Clock Delay      (SCD):    5.620ns
    Clock Pessimism Removal (CPR):    0.213ns
  Clock Uncertainty:      0.074ns  ((TSJ^2 + DJ^2)^1/2) / 2 + PE
    Total System Jitter     (TSJ):    0.071ns
    Discrete Jitter          (DJ):    0.129ns
    Phase Error              (PE):    0.000ns

    Location             Delay type                Incr(ns)  Path(ns)    Netlist Resource(s)
  -------------------------------------------------------------------    -------------------
                         (clock u_top_n_1799 rise edge)
                                                      0.000     0.000 r  
    W19                                               0.000     0.000 r  sys_clk (IN)
                         net (fo=0)                   0.000     0.000    sys_clk
    W19                  IBUF (Prop_ibuf_I_O)         1.440     1.440 r  sys_clk_IBUF_inst/O
                         net (fo=1, routed)           1.065     2.505    u_top/sys_clk_IBUF
    MMCME2_ADV_X0Y2      MMCME2_ADV (Prop_mmcme2_adv_CLKIN1_CLKOUT0)
                                                      0.077     2.582 r  u_top/g_mmcm.u_mmcm/CLKOUT0
                         net (fo=1, routed)           1.559     4.141    u_top_n_1799
    BUFGCTRL_X0Y0        BUFG (Prop_bufg_I_O)         0.081     4.222 r  bank_gen[3].mem_reg_i_1/O
                         net (fo=60844, routed)       1.398     5.620    u_top/u_core/u_b/u_b_core/core/core/l5/gk.frontend/clk_200
    SLICE_X95Y116        FDRE                                         r  u_top/u_core/u_b/u_b_core/core/core/l5/gk.frontend/pending1_reg/C
  -------------------------------------------------------------------    -------------------
    SLICE_X95Y116        FDRE (Prop_fdre_C_Q)         0.379     5.999 r  u_top/u_core/u_b/u_b_core/core/core/l5/gk.frontend/pending1_reg/Q
                         net (fo=6406, routed)        7.486    13.485    u_top/u_core/u_b/u_b_core/core/core/l5/gk.frontend/win/E[0]
    SLICE_X63Y113        FDRE                                         r  u_top/u_core/u_b/u_b_core/core/core/l5/gk.frontend/win/shift_reg[12][145]/CE
  -------------------------------------------------------------------    -------------------

                         (clock u_top_n_1799 rise edge)
                                                      8.333     8.333 r  
    W19                                               0.000     8.333 r  sys_clk (IN)
                         net (fo=0)                   0.000     8.333    sys_clk
    W19                  IBUF (Prop_ibuf_I_O)         1.374     9.708 r  sys_clk_IBUF_inst/O
                         net (fo=1, routed)           1.004    10.711    u_top/sys_clk_IBUF
    MMCME2_ADV_X0Y2      MMCME2_ADV (Prop_mmcme2_adv_CLKIN1_CLKOUT0)
                                                      0.073    10.784 r  u_top/g_mmcm.u_mmcm/CLKOUT0
                         net (fo=1, routed)           1.488    12.272    u_top_n_1799
    BUFGCTRL_X0Y0        BUFG (Prop_bufg_I_O)         0.077    12.349 r  bank_gen[3].mem_reg_i_1/O
                         net (fo=60844, routed)       1.292    13.640    u_top/u_core/u_b/u_b_core/core/core/l5/gk.frontend/win/clk_200
    SLICE_X63Y113        FDRE                                         r  u_top/u_core/u_b/u_b_core/core/core/l5/gk.frontend/win/shift_reg[12][145]/C
                         clock pessimism              0.213    13.853    
                         clock uncertainty           -0.074    13.780    
    SLICE_X63Y113        FDRE (Setup_fdre_C_CE)      -0.168    13.612    u_top/u_core/u_b/u_b_core/core/core/l5/gk.frontend/win/shift_reg[12][145]
  -------------------------------------------------------------------
                         required time                         13.612    
                         arrival time                         -13.485    
  -------------------------------------------------------------------
                         slack                                  0.127    

Slack (MET) :             0.127ns  (required time - arrival time)
  Source:                 u_top/u_core/u_b/u_b_core/core/core/l5/gk.frontend/pending1_reg/C
                            (rising edge-triggered cell FDRE clocked by u_top_n_1799  {rise@0.000ns fall@4.167ns period=8.333ns})
  Destination:            u_top/u_core/u_b/u_b_core/core/core/l5/gk.frontend/win/shift_reg[13][140]/CE
                            (rising edge-triggered cell FDRE clocked by u_top_n_1799  {rise@0.000ns fall@4.167ns period=8.333ns})
  Path Group:             u_top_n_1799
  Path Type:              Setup (Max at Slow Process Corner)
  Requirement:            8.333ns  (u_top_n_1799 rise@8.333ns - u_top_n_1799 rise@0.000ns)
  Data Path Delay:        7.865ns  (logic 0.379ns (4.819%)  route 7.486ns (95.181%))
  Logic Levels:           0  
  Clock Path Skew:        -0.100ns (DCD - SCD + CPR)
    Destination Clock Delay (DCD):    5.307ns = ( 13.640 - 8.333 ) 
    Source Clock Delay      (SCD):    5.620ns
    Clock Pessimism Removal (CPR):    0.213ns
  Clock Uncertainty:      0.074ns  ((TSJ^2 + DJ^2)^1/2) / 2 + PE
    Total System Jitter     (TSJ):    0.071ns
    Discrete Jitter          (DJ):    0.129ns
    Phase Error              (PE):    0.000ns

    Location             Delay type                Incr(ns)  Path(ns)    Netlist Resource(s)
  -------------------------------------------------------------------    -------------------
                         (clock u_top_n_1799 rise edge)
                                                      0.000     0.000 r  
    W19                                               0.000     0.000 r  sys_clk (IN)
                         net (fo=0)                   0.000     0.000    sys_clk
    W19                  IBUF (Prop_ibuf_I_O)         1.440     1.440 r  sys_clk_IBUF_inst/O
                         net (fo=1, routed)           1.065     2.505    u_top/sys_clk_IBUF
    MMCME2_ADV_X0Y2      MMCME2_ADV (Prop_mmcme2_adv_CLKIN1_CLKOUT0)
                                                      0.077     2.582 r  u_top/g_mmcm.u_mmcm/CLKOUT0
                         net (fo=1, routed)           1.559     4.141    u_top_n_1799
    BUFGCTRL_X0Y0        BUFG (Prop_bufg_I_O)         0.081     4.222 r  bank_gen[3].mem_reg_i_1/O
                         net (fo=60844, routed)       1.398     5.620    u_top/u_core/u_b/u_b_core/core/core/l5/gk.frontend/clk_200
    SLICE_X95Y116        FDRE                                         r  u_top/u_core/u_b/u_b_core/core/core/l5/gk.frontend/pending1_reg/C
  -------------------------------------------------------------------    -------------------
    SLICE_X95Y116        FDRE (Prop_fdre_C_Q)         0.379     5.999 r  u_top/u_core/u_b/u_b_core/core/core/l5/gk.frontend/pending1_reg/Q
                         net (fo=6406, routed)        7.486    13.485    u_top/u_core/u_b/u_b_core/core/core/l5/gk.frontend/win/E[0]
    SLICE_X63Y113        FDRE                                         r  u_top/u_core/u_b/u_b_core/core/core/l5/gk.frontend/win/shift_reg[13][140]/CE
  -------------------------------------------------------------------    -------------------

                         (clock u_top_n_1799 rise edge)
                                                      8.333     8.333 r  
    W19                                               0.000     8.333 r  sys_clk (IN)
                         net (fo=0)                   0.000     8.333    sys_clk
    W19                  IBUF (Prop_ibuf_I_O)         1.374     9.708 r  sys_clk_IBUF_inst/O
                         net (fo=1, routed)           1.004    10.711    u_top/sys_clk_IBUF
    MMCME2_ADV_X0Y2      MMCME2_ADV (Prop_mmcme2_adv_CLKIN1_CLKOUT0)
                                                      0.073    10.784 r  u_top/g_mmcm.u_mmcm/CLKOUT0
                         net (fo=1, routed)           1.488    12.272    u_top_n_1799
    BUFGCTRL_X0Y0        BUFG (Prop_bufg_I_O)         0.077    12.349 r  bank_gen[3].mem_reg_i_1/O
                         net (fo=60844, routed)       1.292    13.640    u_top/u_core/u_b/u_b_core/core/core/l5/gk.frontend/win/clk_200
    SLICE_X63Y113        FDRE                                         r  u_top/u_core/u_b/u_b_core/core/core/l5/gk.frontend/win/shift_reg[13][140]/C
                         clock pessimism              0.213    13.853    
                         clock uncertainty           -0.074    13.780    
    SLICE_X63Y113        FDRE (Setup_fdre_C_CE)      -0.168    13.612    u_top/u_core/u_b/u_b_core/core/core/l5/gk.frontend/win/shift_reg[13][140]
  -------------------------------------------------------------------
                         required time                         13.612    
                         arrival time                         -13.485    
  -------------------------------------------------------------------
                         slack                                  0.127    

Slack (MET) :             0.127ns  (required time - arrival time)
  Source:                 u_top/u_core/u_b/u_b_core/core/core/l5/gk.frontend/pending1_reg/C
                            (rising edge-triggered cell FDRE clocked by u_top_n_1799  {rise@0.000ns fall@4.167ns period=8.333ns})
  Destination:            u_top/u_core/u_b/u_b_core/core/core/l5/gk.frontend/win/shift_reg[13][141]/CE
                            (rising edge-triggered cell FDRE clocked by u_top_n_1799  {rise@0.000ns fall@4.167ns period=8.333ns})
  Path Group:             u_top_n_1799
  Path Type:              Setup (Max at Slow Process Corner)
  Requirement:            8.333ns  (u_top_n_1799 rise@8.333ns - u_top_n_1799 rise@0.000ns)
  Data Path Delay:        7.865ns  (logic 0.379ns (4.819%)  route 7.486ns (95.181%))
  Logic Levels:           0  
  Clock Path Skew:        -0.100ns (DCD - SCD + CPR)
    Destination Clock Delay (DCD):    5.307ns = ( 13.640 - 8.333 ) 
    Source Clock Delay      (SCD):    5.620ns
    Clock Pessimism Removal (CPR):    0.213ns
  Clock Uncertainty:      0.074ns  ((TSJ^2 + DJ^2)^1/2) / 2 + PE
    Total System Jitter     (TSJ):    0.071ns
    Discrete Jitter          (DJ):    0.129ns
    Phase Error              (PE):    0.000ns

    Location             Delay type                Incr(ns)  Path(ns)    Netlist Resource(s)
  -------------------------------------------------------------------    -------------------
                         (clock u_top_n_1799 rise edge)
                                                      0.000     0.000 r  
    W19                                               0.000     0.000 r  sys_clk (IN)
                         net (fo=0)                   0.000     0.000    sys_clk
    W19                  IBUF (Prop_ibuf_I_O)         1.440     1.440 r  sys_clk_IBUF_inst/O
                         net (fo=1, routed)           1.065     2.505    u_top/sys_clk_IBUF
    MMCME2_ADV_X0Y2      MMCME2_ADV (Prop_mmcme2_adv_CLKIN1_CLKOUT0)
                                                      0.077     2.582 r  u_top/g_mmcm.u_mmcm/CLKOUT0
                         net (fo=1, routed)           1.559     4.141    u_top_n_1799
    BUFGCTRL_X0Y0        BUFG (Prop_bufg_I_O)         0.081     4.222 r  bank_gen[3].mem_reg_i_1/O
                         net (fo=60844, routed)       1.398     5.620    u_top/u_core/u_b/u_b_core/core/core/l5/gk.frontend/clk_200
    SLICE_X95Y116        FDRE                                         r  u_top/u_core/u_b/u_b_core/core/core/l5/gk.frontend/pending1_reg/C
  -------------------------------------------------------------------    -------------------
    SLICE_X95Y116        FDRE (Prop_fdre_C_Q)         0.379     5.999 r  u_top/u_core/u_b/u_b_core/core/core/l5/gk.frontend/pending1_reg/Q
                         net (fo=6406, routed)        7.486    13.485    u_top/u_core/u_b/u_b_core/core/core/l5/gk.frontend/win/E[0]
    SLICE_X63Y113        FDRE                                         r  u_top/u_core/u_b/u_b_core/core/core/l5/gk.frontend/win/shift_reg[13][141]/CE
  -------------------------------------------------------------------    -------------------

                         (clock u_top_n_1799 rise edge)
                                                      8.333     8.333 r  
    W19                                               0.000     8.333 r  sys_clk (IN)
                         net (fo=0)                   0.000     8.333    sys_clk
    W19                  IBUF (Prop_ibuf_I_O)         1.374     9.708 r  sys_clk_IBUF_inst/O
                         net (fo=1, routed)           1.004    10.711    u_top/sys_clk_IBUF
    MMCME2_ADV_X0Y2      MMCME2_ADV (Prop_mmcme2_adv_CLKIN1_CLKOUT0)
                                                      0.073    10.784 r  u_top/g_mmcm.u_mmcm/CLKOUT0
                         net (fo=1, routed)           1.488    12.272    u_top_n_1799
    BUFGCTRL_X0Y0        BUFG (Prop_bufg_I_O)         0.077    12.349 r  bank_gen[3].mem_reg_i_1/O
                         net (fo=60844, routed)       1.292    13.640    u_top/u_core/u_b/u_b_core/core/core/l5/gk.frontend/win/clk_200
    SLICE_X63Y113        FDRE                                         r  u_top/u_core/u_b/u_b_core/core/core/l5/gk.frontend/win/shift_reg[13][141]/C
                         clock pessimism              0.213    13.853    
                         clock uncertainty           -0.074    13.780    
    SLICE_X63Y113        FDRE (Setup_fdre_C_CE)      -0.168    13.612    u_top/u_core/u_b/u_b_core/core/core/l5/gk.frontend/win/shift_reg[13][141]
  -------------------------------------------------------------------
                         required time                         13.612    
                         arrival time                         -13.485    
  -------------------------------------------------------------------
                         slack                                  0.127    

Slack (MET) :             0.127ns  (required time - arrival time)
  Source:                 u_top/u_core/u_b/u_b_core/core/core/l5/gk.frontend/pending1_reg/C
                            (rising edge-triggered cell FDRE clocked by u_top_n_1799  {rise@0.000ns fall@4.167ns period=8.333ns})
  Destination:            u_top/u_core/u_b/u_b_core/core/core/l5/gk.frontend/win/shift_reg[13][142]/CE
                            (rising edge-triggered cell FDRE clocked by u_top_n_1799  {rise@0.000ns fall@4.167ns period=8.333ns})
  Path Group:             u_top_n_1799
  Path Type:              Setup (Max at Slow Process Corner)
  Requirement:            8.333ns  (u_top_n_1799 rise@8.333ns - u_top_n_1799 rise@0.000ns)
  Data Path Delay:        7.865ns  (logic 0.379ns (4.819%)  route 7.486ns (95.181%))
  Logic Levels:           0  
  Clock Path Skew:        -0.100ns (DCD - SCD + CPR)
    Destination Clock Delay (DCD):    5.307ns = ( 13.640 - 8.333 ) 
    Source Clock Delay      (SCD):    5.620ns
    Clock Pessimism Removal (CPR):    0.213ns
  Clock Uncertainty:      0.074ns  ((TSJ^2 + DJ^2)^1/2) / 2 + PE
    Total System Jitter     (TSJ):    0.071ns
    Discrete Jitter          (DJ):    0.129ns
    Phase Error              (PE):    0.000ns

    Location             Delay type                Incr(ns)  Path(ns)    Netlist Resource(s)
  -------------------------------------------------------------------    -------------------
                         (clock u_top_n_1799 rise edge)
                                                      0.000     0.000 r  
    W19                                               0.000     0.000 r  sys_clk (IN)
                         net (fo=0)                   0.000     0.000    sys_clk
    W19                  IBUF (Prop_ibuf_I_O)         1.440     1.440 r  sys_clk_IBUF_inst/O
                         net (fo=1, routed)           1.065     2.505    u_top/sys_clk_IBUF
    MMCME2_ADV_X0Y2      MMCME2_ADV (Prop_mmcme2_adv_CLKIN1_CLKOUT0)
                                                      0.077     2.582 r  u_top/g_mmcm.u_mmcm/CLKOUT0
                         net (fo=1, routed)           1.559     4.141    u_top_n_1799
    BUFGCTRL_X0Y0        BUFG (Prop_bufg_I_O)         0.081     4.222 r  bank_gen[3].mem_reg_i_1/O
                         net (fo=60844, routed)       1.398     5.620    u_top/u_core/u_b/u_b_core/core/core/l5/gk.frontend/clk_200
    SLICE_X95Y116        FDRE                                         r  u_top/u_core/u_b/u_b_core/core/core/l5/gk.frontend/pending1_reg/C
  -------------------------------------------------------------------    -------------------
    SLICE_X95Y116        FDRE (Prop_fdre_C_Q)         0.379     5.999 r  u_top/u_core/u_b/u_b_core/core/core/l5/gk.frontend/pending1_reg/Q
                         net (fo=6406, routed)        7.486    13.485    u_top/u_core/u_b/u_b_core/core/core/l5/gk.frontend/win/E[0]
    SLICE_X63Y113        FDRE                                         r  u_top/u_core/u_b/u_b_core/core/core/l5/gk.frontend/win/shift_reg[13][142]/CE
  -------------------------------------------------------------------    -------------------

                         (clock u_top_n_1799 rise edge)
                                                      8.333     8.333 r  
    W19                                               0.000     8.333 r  sys_clk (IN)
                         net (fo=0)                   0.000     8.333    sys_clk
    W19                  IBUF (Prop_ibuf_I_O)         1.374     9.708 r  sys_clk_IBUF_inst/O
                         net (fo=1, routed)           1.004    10.711    u_top/sys_clk_IBUF
    MMCME2_ADV_X0Y2      MMCME2_ADV (Prop_mmcme2_adv_CLKIN1_CLKOUT0)
                                                      0.073    10.784 r  u_top/g_mmcm.u_mmcm/CLKOUT0
                         net (fo=1, routed)           1.488    12.272    u_top_n_1799
    BUFGCTRL_X0Y0        BUFG (Prop_bufg_I_O)         0.077    12.349 r  bank_gen[3].mem_reg_i_1/O
                         net (fo=60844, routed)       1.292    13.640    u_top/u_core/u_b/u_b_core/core/core/l5/gk.frontend/win/clk_200
    SLICE_X63Y113        FDRE                                         r  u_top/u_core/u_b/u_b_core/core/core/l5/gk.frontend/win/shift_reg[13][142]/C
                         clock pessimism              0.213    13.853    
                         clock uncertainty           -0.074    13.780    
    SLICE_X63Y113        FDRE (Setup_fdre_C_CE)      -0.168    13.612    u_top/u_core/u_b/u_b_core/core/core/l5/gk.frontend/win/shift_reg[13][142]
  -------------------------------------------------------------------
                         required time                         13.612    
                         arrival time                         -13.485    
  -------------------------------------------------------------------
                         slack                                  0.127    

Slack (MET) :             0.127ns  (required time - arrival time)
  Source:                 u_top/u_core/u_b/u_b_core/core/core/l5/gk.frontend/pending1_reg/C
                            (rising edge-triggered cell FDRE clocked by u_top_n_1799  {rise@0.000ns fall@4.167ns period=8.333ns})
  Destination:            u_top/u_core/u_b/u_b_core/core/core/l5/gk.frontend/win/shift_reg[13][143]/CE
                            (rising edge-triggered cell FDRE clocked by u_top_n_1799  {rise@0.000ns fall@4.167ns period=8.333ns})
  Path Group:             u_top_n_1799
  Path Type:              Setup (Max at Slow Process Corner)
  Requirement:            8.333ns  (u_top_n_1799 rise@8.333ns - u_top_n_1799 rise@0.000ns)
  Data Path Delay:        7.865ns  (logic 0.379ns (4.819%)  route 7.486ns (95.181%))
  Logic Levels:           0  
  Clock Path Skew:        -0.100ns (DCD - SCD + CPR)
    Destination Clock Delay (DCD):    5.307ns = ( 13.640 - 8.333 ) 
    Source Clock Delay      (SCD):    5.620ns
    Clock Pessimism Removal (CPR):    0.213ns
  Clock Uncertainty:      0.074ns  ((TSJ^2 + DJ^2)^1/2) / 2 + PE
    Total System Jitter     (TSJ):    0.071ns
    Discrete Jitter          (DJ):    0.129ns
    Phase Error              (PE):    0.000ns

    Location             Delay type                Incr(ns)  Path(ns)    Netlist Resource(s)
  -------------------------------------------------------------------    -------------------
                         (clock u_top_n_1799 rise edge)
                                                      0.000     0.000 r  
    W19                                               0.000     0.000 r  sys_clk (IN)
                         net (fo=0)                   0.000     0.000    sys_clk
    W19                  IBUF (Prop_ibuf_I_O)         1.440     1.440 r  sys_clk_IBUF_inst/O
                         net (fo=1, routed)           1.065     2.505    u_top/sys_clk_IBUF
    MMCME2_ADV_X0Y2      MMCME2_ADV (Prop_mmcme2_adv_CLKIN1_CLKOUT0)
                                                      0.077     2.582 r  u_top/g_mmcm.u_mmcm/CLKOUT0
                         net (fo=1, routed)           1.559     4.141    u_top_n_1799
    BUFGCTRL_X0Y0        BUFG (Prop_bufg_I_O)         0.081     4.222 r  bank_gen[3].mem_reg_i_1/O
                         net (fo=60844, routed)       1.398     5.620    u_top/u_core/u_b/u_b_core/core/core/l5/gk.frontend/clk_200
    SLICE_X95Y116        FDRE                                         r  u_top/u_core/u_b/u_b_core/core/core/l5/gk.frontend/pending1_reg/C
  -------------------------------------------------------------------    -------------------
    SLICE_X95Y116        FDRE (Prop_fdre_C_Q)         0.379     5.999 r  u_top/u_core/u_b/u_b_core/core/core/l5/gk.frontend/pending1_reg/Q
                         net (fo=6406, routed)        7.486    13.485    u_top/u_core/u_b/u_b_core/core/core/l5/gk.frontend/win/E[0]
    SLICE_X63Y113        FDRE                                         r  u_top/u_core/u_b/u_b_core/core/core/l5/gk.frontend/win/shift_reg[13][143]/CE
  -------------------------------------------------------------------    -------------------

                         (clock u_top_n_1799 rise edge)
                                                      8.333     8.333 r  
    W19                                               0.000     8.333 r  sys_clk (IN)
                         net (fo=0)                   0.000     8.333    sys_clk
    W19                  IBUF (Prop_ibuf_I_O)         1.374     9.708 r  sys_clk_IBUF_inst/O
                         net (fo=1, routed)           1.004    10.711    u_top/sys_clk_IBUF
    MMCME2_ADV_X0Y2      MMCME2_ADV (Prop_mmcme2_adv_CLKIN1_CLKOUT0)
                                                      0.073    10.784 r  u_top/g_mmcm.u_mmcm/CLKOUT0
                         net (fo=1, routed)           1.488    12.272    u_top_n_1799
    BUFGCTRL_X0Y0        BUFG (Prop_bufg_I_O)         0.077    12.349 r  bank_gen[3].mem_reg_i_1/O
                         net (fo=60844, routed)       1.292    13.640    u_top/u_core/u_b/u_b_core/core/core/l5/gk.frontend/win/clk_200
    SLICE_X63Y113        FDRE                                         r  u_top/u_core/u_b/u_b_core/core/core/l5/gk.frontend/win/shift_reg[13][143]/C
                         clock pessimism              0.213    13.853    
                         clock uncertainty           -0.074    13.780    
    SLICE_X63Y113        FDRE (Setup_fdre_C_CE)      -0.168    13.612    u_top/u_core/u_b/u_b_core/core/core/l5/gk.frontend/win/shift_reg[13][143]
  -------------------------------------------------------------------
                         required time                         13.612    
                         arrival time                         -13.485    
  -------------------------------------------------------------------
                         slack                                  0.127    

Slack (MET) :             0.127ns  (required time - arrival time)
  Source:                 u_top/u_core/u_b/u_b_core/core/core/l5/gk.frontend/pending1_reg/C
                            (rising edge-triggered cell FDRE clocked by u_top_n_1799  {rise@0.000ns fall@4.167ns period=8.333ns})
  Destination:            u_top/u_core/u_b/u_b_core/core/core/l5/gk.frontend/win/shift_reg[13][144]/CE
                            (rising edge-triggered cell FDRE clocked by u_top_n_1799  {rise@0.000ns fall@4.167ns period=8.333ns})
  Path Group:             u_top_n_1799
  Path Type:              Setup (Max at Slow Process Corner)
  Requirement:            8.333ns  (u_top_n_1799 rise@8.333ns - u_top_n_1799 rise@0.000ns)
  Data Path Delay:        7.865ns  (logic 0.379ns (4.819%)  route 7.486ns (95.181%))
  Logic Levels:           0  
  Clock Path Skew:        -0.100ns (DCD - SCD + CPR)
    Destination Clock Delay (DCD):    5.307ns = ( 13.640 - 8.333 ) 
    Source Clock Delay      (SCD):    5.620ns
    Clock Pessimism Removal (CPR):    0.213ns
  Clock Uncertainty:      0.074ns  ((TSJ^2 + DJ^2)^1/2) / 2 + PE
    Total System Jitter     (TSJ):    0.071ns
    Discrete Jitter          (DJ):    0.129ns
    Phase Error              (PE):    0.000ns

    Location             Delay type                Incr(ns)  Path(ns)    Netlist Resource(s)
  -------------------------------------------------------------------    -------------------
                         (clock u_top_n_1799 rise edge)
                                                      0.000     0.000 r  
    W19                                               0.000     0.000 r  sys_clk (IN)
                         net (fo=0)                   0.000     0.000    sys_clk
    W19                  IBUF (Prop_ibuf_I_O)         1.440     1.440 r  sys_clk_IBUF_inst/O
                         net (fo=1, routed)           1.065     2.505    u_top/sys_clk_IBUF
    MMCME2_ADV_X0Y2      MMCME2_ADV (Prop_mmcme2_adv_CLKIN1_CLKOUT0)
                                                      0.077     2.582 r  u_top/g_mmcm.u_mmcm/CLKOUT0
                         net (fo=1, routed)           1.559     4.141    u_top_n_1799
    BUFGCTRL_X0Y0        BUFG (Prop_bufg_I_O)         0.081     4.222 r  bank_gen[3].mem_reg_i_1/O
                         net (fo=60844, routed)       1.398     5.620    u_top/u_core/u_b/u_b_core/core/core/l5/gk.frontend/clk_200
    SLICE_X95Y116        FDRE                                         r  u_top/u_core/u_b/u_b_core/core/core/l5/gk.frontend/pending1_reg/C
  -------------------------------------------------------------------    -------------------
    SLICE_X95Y116        FDRE (Prop_fdre_C_Q)         0.379     5.999 r  u_top/u_core/u_b/u_b_core/core/core/l5/gk.frontend/pending1_reg/Q
                         net (fo=6406, routed)        7.486    13.485    u_top/u_core/u_b/u_b_core/core/core/l5/gk.frontend/win/E[0]
    SLICE_X63Y113        FDRE                                         r  u_top/u_core/u_b/u_b_core/core/core/l5/gk.frontend/win/shift_reg[13][144]/CE
  -------------------------------------------------------------------    -------------------

                         (clock u_top_n_1799 rise edge)
                                                      8.333     8.333 r  
    W19                                               0.000     8.333 r  sys_clk (IN)
                         net (fo=0)                   0.000     8.333    sys_clk
    W19                  IBUF (Prop_ibuf_I_O)         1.374     9.708 r  sys_clk_IBUF_inst/O
                         net (fo=1, routed)           1.004    10.711    u_top/sys_clk_IBUF
    MMCME2_ADV_X0Y2      MMCME2_ADV (Prop_mmcme2_adv_CLKIN1_CLKOUT0)
                                                      0.073    10.784 r  u_top/g_mmcm.u_mmcm/CLKOUT0
                         net (fo=1, routed)           1.488    12.272    u_top_n_1799
    BUFGCTRL_X0Y0        BUFG (Prop_bufg_I_O)         0.077    12.349 r  bank_gen[3].mem_reg_i_1/O
                         net (fo=60844, routed)       1.292    13.640    u_top/u_core/u_b/u_b_core/core/core/l5/gk.frontend/win/clk_200
    SLICE_X63Y113        FDRE                                         r  u_top/u_core/u_b/u_b_core/core/core/l5/gk.frontend/win/shift_reg[13][144]/C
                         clock pessimism              0.213    13.853    
                         clock uncertainty           -0.074    13.780    
    SLICE_X63Y113        FDRE (Setup_fdre_C_CE)      -0.168    13.612    u_top/u_core/u_b/u_b_core/core/core/l5/gk.frontend/win/shift_reg[13][144]
  -------------------------------------------------------------------
                         required time                         13.612    
                         arrival time                         -13.485    
  -------------------------------------------------------------------
                         slack                                  0.127    

Slack (MET) :             0.127ns  (required time - arrival time)
  Source:                 u_top/u_core/u_b/u_b_core/core/core/l5/gk.frontend/pending1_reg/C
                            (rising edge-triggered cell FDRE clocked by u_top_n_1799  {rise@0.000ns fall@4.167ns period=8.333ns})
  Destination:            u_top/u_core/u_b/u_b_core/core/core/l5/gk.frontend/win/shift_reg[13][160]/CE
                            (rising edge-triggered cell FDRE clocked by u_top_n_1799  {rise@0.000ns fall@4.167ns period=8.333ns})
  Path Group:             u_top_n_1799
  Path Type:              Setup (Max at Slow Process Corner)
  Requirement:            8.333ns  (u_top_n_1799 rise@8.333ns - u_top_n_1799 rise@0.000ns)
  Data Path Delay:        7.865ns  (logic 0.379ns (4.819%)  route 7.486ns (95.181%))
  Logic Levels:           0  
  Clock Path Skew:        -0.100ns (DCD - SCD + CPR)
    Destination Clock Delay (DCD):    5.307ns = ( 13.640 - 8.333 ) 
    Source Clock Delay      (SCD):    5.620ns
    Clock Pessimism Removal (CPR):    0.213ns
  Clock Uncertainty:      0.074ns  ((TSJ^2 + DJ^2)^1/2) / 2 + PE
    Total System Jitter     (TSJ):    0.071ns
    Discrete Jitter          (DJ):    0.129ns
    Phase Error              (PE):    0.000ns

    Location             Delay type                Incr(ns)  Path(ns)    Netlist Resource(s)
  -------------------------------------------------------------------    -------------------
                         (clock u_top_n_1799 rise edge)
                                                      0.000     0.000 r  
    W19                                               0.000     0.000 r  sys_clk (IN)
                         net (fo=0)                   0.000     0.000    sys_clk
    W19                  IBUF (Prop_ibuf_I_O)         1.440     1.440 r  sys_clk_IBUF_inst/O
                         net (fo=1, routed)           1.065     2.505    u_top/sys_clk_IBUF
    MMCME2_ADV_X0Y2      MMCME2_ADV (Prop_mmcme2_adv_CLKIN1_CLKOUT0)
                                                      0.077     2.582 r  u_top/g_mmcm.u_mmcm/CLKOUT0
                         net (fo=1, routed)           1.559     4.141    u_top_n_1799
    BUFGCTRL_X0Y0        BUFG (Prop_bufg_I_O)         0.081     4.222 r  bank_gen[3].mem_reg_i_1/O
                         net (fo=60844, routed)       1.398     5.620    u_top/u_core/u_b/u_b_core/core/core/l5/gk.frontend/clk_200
    SLICE_X95Y116        FDRE                                         r  u_top/u_core/u_b/u_b_core/core/core/l5/gk.frontend/pending1_reg/C
  -------------------------------------------------------------------    -------------------
    SLICE_X95Y116        FDRE (Prop_fdre_C_Q)         0.379     5.999 r  u_top/u_core/u_b/u_b_core/core/core/l5/gk.frontend/pending1_reg/Q
                         net (fo=6406, routed)        7.486    13.485    u_top/u_core/u_b/u_b_core/core/core/l5/gk.frontend/win/E[0]
    SLICE_X63Y113        FDRE                                         r  u_top/u_core/u_b/u_b_core/core/core/l5/gk.frontend/win/shift_reg[13][160]/CE
  -------------------------------------------------------------------    -------------------

                         (clock u_top_n_1799 rise edge)
                                                      8.333     8.333 r  
    W19                                               0.000     8.333 r  sys_clk (IN)
                         net (fo=0)                   0.000     8.333    sys_clk
    W19                  IBUF (Prop_ibuf_I_O)         1.374     9.708 r  sys_clk_IBUF_inst/O
                         net (fo=1, routed)           1.004    10.711    u_top/sys_clk_IBUF
    MMCME2_ADV_X0Y2      MMCME2_ADV (Prop_mmcme2_adv_CLKIN1_CLKOUT0)
                                                      0.073    10.784 r  u_top/g_mmcm.u_mmcm/CLKOUT0
                         net (fo=1, routed)           1.488    12.272    u_top_n_1799
    BUFGCTRL_X0Y0        BUFG (Prop_bufg_I_O)         0.077    12.349 r  bank_gen[3].mem_reg_i_1/O
                         net (fo=60844, routed)       1.292    13.640    u_top/u_core/u_b/u_b_core/core/core/l5/gk.frontend/win/clk_200
    SLICE_X63Y113        FDRE                                         r  u_top/u_core/u_b/u_b_core/core/core/l5/gk.frontend/win/shift_reg[13][160]/C
                         clock pessimism              0.213    13.853    
                         clock uncertainty           -0.074    13.780    
    SLICE_X63Y113        FDRE (Setup_fdre_C_CE)      -0.168    13.612    u_top/u_core/u_b/u_b_core/core/core/l5/gk.frontend/win/shift_reg[13][160]
  -------------------------------------------------------------------
                         required time                         13.612    
                         arrival time                         -13.485    
  -------------------------------------------------------------------
                         slack                                  0.127    

Slack (MET) :             0.132ns  (required time - arrival time)
  Source:                 u_top/u_core/u_b/u_b_core/core/core/l5/gk.frontend/pending1_reg/C
                            (rising edge-triggered cell FDRE clocked by u_top_n_1799  {rise@0.000ns fall@4.167ns period=8.333ns})
  Destination:            u_top/u_core/u_b/u_b_core/core/core/l5/gk.frontend/win/shift_reg[11][36]/CE
                            (rising edge-triggered cell FDRE clocked by u_top_n_1799  {rise@0.000ns fall@4.167ns period=8.333ns})
  Path Group:             u_top_n_1799
  Path Type:              Setup (Max at Slow Process Corner)
  Requirement:            8.333ns  (u_top_n_1799 rise@8.333ns - u_top_n_1799 rise@0.000ns)
  Data Path Delay:        7.861ns  (logic 0.379ns (4.821%)  route 7.482ns (95.179%))
  Logic Levels:           0  
  Clock Path Skew:        -0.098ns (DCD - SCD + CPR)
    Destination Clock Delay (DCD):    5.309ns = ( 13.642 - 8.333 ) 
    Source Clock Delay      (SCD):    5.620ns
    Clock Pessimism Removal (CPR):    0.213ns
  Clock Uncertainty:      0.074ns  ((TSJ^2 + DJ^2)^1/2) / 2 + PE
    Total System Jitter     (TSJ):    0.071ns
    Discrete Jitter          (DJ):    0.129ns
    Phase Error              (PE):    0.000ns

    Location             Delay type                Incr(ns)  Path(ns)    Netlist Resource(s)
  -------------------------------------------------------------------    -------------------
                         (clock u_top_n_1799 rise edge)
                                                      0.000     0.000 r  
    W19                                               0.000     0.000 r  sys_clk (IN)
                         net (fo=0)                   0.000     0.000    sys_clk
    W19                  IBUF (Prop_ibuf_I_O)         1.440     1.440 r  sys_clk_IBUF_inst/O
                         net (fo=1, routed)           1.065     2.505    u_top/sys_clk_IBUF
    MMCME2_ADV_X0Y2      MMCME2_ADV (Prop_mmcme2_adv_CLKIN1_CLKOUT0)
                                                      0.077     2.582 r  u_top/g_mmcm.u_mmcm/CLKOUT0
                         net (fo=1, routed)           1.559     4.141    u_top_n_1799
    BUFGCTRL_X0Y0        BUFG (Prop_bufg_I_O)         0.081     4.222 r  bank_gen[3].mem_reg_i_1/O
                         net (fo=60844, routed)       1.398     5.620    u_top/u_core/u_b/u_b_core/core/core/l5/gk.frontend/clk_200
    SLICE_X95Y116        FDRE                                         r  u_top/u_core/u_b/u_b_core/core/core/l5/gk.frontend/pending1_reg/C
  -------------------------------------------------------------------    -------------------
    SLICE_X95Y116        FDRE (Prop_fdre_C_Q)         0.379     5.999 r  u_top/u_core/u_b/u_b_core/core/core/l5/gk.frontend/pending1_reg/Q
                         net (fo=6406, routed)        7.482    13.481    u_top/u_core/u_b/u_b_core/core/core/l5/gk.frontend/win/E[0]
    SLICE_X50Y118        FDRE                                         r  u_top/u_core/u_b/u_b_core/core/core/l5/gk.frontend/win/shift_reg[11][36]/CE
  -------------------------------------------------------------------    -------------------

                         (clock u_top_n_1799 rise edge)
                                                      8.333     8.333 r  
    W19                                               0.000     8.333 r  sys_clk (IN)
                         net (fo=0)                   0.000     8.333    sys_clk
    W19                  IBUF (Prop_ibuf_I_O)         1.374     9.708 r  sys_clk_IBUF_inst/O
                         net (fo=1, routed)           1.004    10.711    u_top/sys_clk_IBUF
    MMCME2_ADV_X0Y2      MMCME2_ADV (Prop_mmcme2_adv_CLKIN1_CLKOUT0)
                                                      0.073    10.784 r  u_top/g_mmcm.u_mmcm/CLKOUT0
                         net (fo=1, routed)           1.488    12.272    u_top_n_1799
    BUFGCTRL_X0Y0        BUFG (Prop_bufg_I_O)         0.077    12.349 r  bank_gen[3].mem_reg_i_1/O
                         net (fo=60844, routed)       1.294    13.642    u_top/u_core/u_b/u_b_core/core/core/l5/gk.frontend/win/clk_200
    SLICE_X50Y118        FDRE                                         r  u_top/u_core/u_b/u_b_core/core/core/l5/gk.frontend/win/shift_reg[11][36]/C
                         clock pessimism              0.213    13.855    
                         clock uncertainty           -0.074    13.782    
    SLICE_X50Y118        FDRE (Setup_fdre_C_CE)      -0.168    13.614    u_top/u_core/u_b/u_b_core/core/core/l5/gk.frontend/win/shift_reg[11][36]
  -------------------------------------------------------------------
                         required time                         13.614    
                         arrival time                         -13.481    
  -------------------------------------------------------------------
                         slack                                  0.132    

Slack (MET) :             0.132ns  (required time - arrival time)
  Source:                 u_top/u_core/u_b/u_b_core/core/core/l5/gk.frontend/pending1_reg/C
                            (rising edge-triggered cell FDRE clocked by u_top_n_1799  {rise@0.000ns fall@4.167ns period=8.333ns})
  Destination:            u_top/u_core/u_b/u_b_core/core/core/l5/gk.frontend/win/shift_reg[11][37]/CE
                            (rising edge-triggered cell FDRE clocked by u_top_n_1799  {rise@0.000ns fall@4.167ns period=8.333ns})
  Path Group:             u_top_n_1799
  Path Type:              Setup (Max at Slow Process Corner)
  Requirement:            8.333ns  (u_top_n_1799 rise@8.333ns - u_top_n_1799 rise@0.000ns)
  Data Path Delay:        7.861ns  (logic 0.379ns (4.821%)  route 7.482ns (95.179%))
  Logic Levels:           0  
  Clock Path Skew:        -0.098ns (DCD - SCD + CPR)
    Destination Clock Delay (DCD):    5.309ns = ( 13.642 - 8.333 ) 
    Source Clock Delay      (SCD):    5.620ns
    Clock Pessimism Removal (CPR):    0.213ns
  Clock Uncertainty:      0.074ns  ((TSJ^2 + DJ^2)^1/2) / 2 + PE
    Total System Jitter     (TSJ):    0.071ns
    Discrete Jitter          (DJ):    0.129ns
    Phase Error              (PE):    0.000ns

    Location             Delay type                Incr(ns)  Path(ns)    Netlist Resource(s)
  -------------------------------------------------------------------    -------------------
                         (clock u_top_n_1799 rise edge)
                                                      0.000     0.000 r  
    W19                                               0.000     0.000 r  sys_clk (IN)
                         net (fo=0)                   0.000     0.000    sys_clk
    W19                  IBUF (Prop_ibuf_I_O)         1.440     1.440 r  sys_clk_IBUF_inst/O
                         net (fo=1, routed)           1.065     2.505    u_top/sys_clk_IBUF
    MMCME2_ADV_X0Y2      MMCME2_ADV (Prop_mmcme2_adv_CLKIN1_CLKOUT0)
                                                      0.077     2.582 r  u_top/g_mmcm.u_mmcm/CLKOUT0
                         net (fo=1, routed)           1.559     4.141    u_top_n_1799
    BUFGCTRL_X0Y0        BUFG (Prop_bufg_I_O)         0.081     4.222 r  bank_gen[3].mem_reg_i_1/O
                         net (fo=60844, routed)       1.398     5.620    u_top/u_core/u_b/u_b_core/core/core/l5/gk.frontend/clk_200
    SLICE_X95Y116        FDRE                                         r  u_top/u_core/u_b/u_b_core/core/core/l5/gk.frontend/pending1_reg/C
  -------------------------------------------------------------------    -------------------
    SLICE_X95Y116        FDRE (Prop_fdre_C_Q)         0.379     5.999 r  u_top/u_core/u_b/u_b_core/core/core/l5/gk.frontend/pending1_reg/Q
                         net (fo=6406, routed)        7.482    13.481    u_top/u_core/u_b/u_b_core/core/core/l5/gk.frontend/win/E[0]
    SLICE_X51Y118        FDRE                                         r  u_top/u_core/u_b/u_b_core/core/core/l5/gk.frontend/win/shift_reg[11][37]/CE
  -------------------------------------------------------------------    -------------------

                         (clock u_top_n_1799 rise edge)
                                                      8.333     8.333 r  
    W19                                               0.000     8.333 r  sys_clk (IN)
                         net (fo=0)                   0.000     8.333    sys_clk
    W19                  IBUF (Prop_ibuf_I_O)         1.374     9.708 r  sys_clk_IBUF_inst/O
                         net (fo=1, routed)           1.004    10.711    u_top/sys_clk_IBUF
    MMCME2_ADV_X0Y2      MMCME2_ADV (Prop_mmcme2_adv_CLKIN1_CLKOUT0)
                                                      0.073    10.784 r  u_top/g_mmcm.u_mmcm/CLKOUT0
                         net (fo=1, routed)           1.488    12.272    u_top_n_1799
    BUFGCTRL_X0Y0        BUFG (Prop_bufg_I_O)         0.077    12.349 r  bank_gen[3].mem_reg_i_1/O
                         net (fo=60844, routed)       1.294    13.642    u_top/u_core/u_b/u_b_core/core/core/l5/gk.frontend/win/clk_200
    SLICE_X51Y118        FDRE                                         r  u_top/u_core/u_b/u_b_core/core/core/l5/gk.frontend/win/shift_reg[11][37]/C
                         clock pessimism              0.213    13.855    
                         clock uncertainty           -0.074    13.782    
    SLICE_X51Y118        FDRE (Setup_fdre_C_CE)      -0.168    13.614    u_top/u_core/u_b/u_b_core/core/core/l5/gk.frontend/win/shift_reg[11][37]
  -------------------------------------------------------------------
                         required time                         13.614    
                         arrival time                         -13.481    
  -------------------------------------------------------------------
                         slack                                  0.132    

Slack (MET) :             0.132ns  (required time - arrival time)
  Source:                 u_top/u_core/u_b/u_b_core/core/core/l5/gk.frontend/pending1_reg/C
                            (rising edge-triggered cell FDRE clocked by u_top_n_1799  {rise@0.000ns fall@4.167ns period=8.333ns})
  Destination:            u_top/u_core/u_b/u_b_core/core/core/l5/gk.frontend/win/shift_reg[11][38]/CE
                            (rising edge-triggered cell FDRE clocked by u_top_n_1799  {rise@0.000ns fall@4.167ns period=8.333ns})
  Path Group:             u_top_n_1799
  Path Type:              Setup (Max at Slow Process Corner)
  Requirement:            8.333ns  (u_top_n_1799 rise@8.333ns - u_top_n_1799 rise@0.000ns)
  Data Path Delay:        7.861ns  (logic 0.379ns (4.821%)  route 7.482ns (95.179%))
  Logic Levels:           0  
  Clock Path Skew:        -0.098ns (DCD - SCD + CPR)
    Destination Clock Delay (DCD):    5.309ns = ( 13.642 - 8.333 ) 
    Source Clock Delay      (SCD):    5.620ns
    Clock Pessimism Removal (CPR):    0.213ns
  Clock Uncertainty:      0.074ns  ((TSJ^2 + DJ^2)^1/2) / 2 + PE
    Total System Jitter     (TSJ):    0.071ns
    Discrete Jitter          (DJ):    0.129ns
    Phase Error              (PE):    0.000ns

    Location             Delay type                Incr(ns)  Path(ns)    Netlist Resource(s)
  -------------------------------------------------------------------    -------------------
                         (clock u_top_n_1799 rise edge)
                                                      0.000     0.000 r  
    W19                                               0.000     0.000 r  sys_clk (IN)
                         net (fo=0)                   0.000     0.000    sys_clk
    W19                  IBUF (Prop_ibuf_I_O)         1.440     1.440 r  sys_clk_IBUF_inst/O
                         net (fo=1, routed)           1.065     2.505    u_top/sys_clk_IBUF
    MMCME2_ADV_X0Y2      MMCME2_ADV (Prop_mmcme2_adv_CLKIN1_CLKOUT0)
                                                      0.077     2.582 r  u_top/g_mmcm.u_mmcm/CLKOUT0
                         net (fo=1, routed)           1.559     4.141    u_top_n_1799
    BUFGCTRL_X0Y0        BUFG (Prop_bufg_I_O)         0.081     4.222 r  bank_gen[3].mem_reg_i_1/O
                         net (fo=60844, routed)       1.398     5.620    u_top/u_core/u_b/u_b_core/core/core/l5/gk.frontend/clk_200
    SLICE_X95Y116        FDRE                                         r  u_top/u_core/u_b/u_b_core/core/core/l5/gk.frontend/pending1_reg/C
  -------------------------------------------------------------------    -------------------
    SLICE_X95Y116        FDRE (Prop_fdre_C_Q)         0.379     5.999 r  u_top/u_core/u_b/u_b_core/core/core/l5/gk.frontend/pending1_reg/Q
                         net (fo=6406, routed)        7.482    13.481    u_top/u_core/u_b/u_b_core/core/core/l5/gk.frontend/win/E[0]
    SLICE_X51Y118        FDRE                                         r  u_top/u_core/u_b/u_b_core/core/core/l5/gk.frontend/win/shift_reg[11][38]/CE
  -------------------------------------------------------------------    -------------------

                         (clock u_top_n_1799 rise edge)
                                                      8.333     8.333 r  
    W19                                               0.000     8.333 r  sys_clk (IN)
                         net (fo=0)                   0.000     8.333    sys_clk
    W19                  IBUF (Prop_ibuf_I_O)         1.374     9.708 r  sys_clk_IBUF_inst/O
                         net (fo=1, routed)           1.004    10.711    u_top/sys_clk_IBUF
    MMCME2_ADV_X0Y2      MMCME2_ADV (Prop_mmcme2_adv_CLKIN1_CLKOUT0)
                                                      0.073    10.784 r  u_top/g_mmcm.u_mmcm/CLKOUT0
                         net (fo=1, routed)           1.488    12.272    u_top_n_1799
    BUFGCTRL_X0Y0        BUFG (Prop_bufg_I_O)         0.077    12.349 r  bank_gen[3].mem_reg_i_1/O
                         net (fo=60844, routed)       1.294    13.642    u_top/u_core/u_b/u_b_core/core/core/l5/gk.frontend/win/clk_200
    SLICE_X51Y118        FDRE                                         r  u_top/u_core/u_b/u_b_core/core/core/l5/gk.frontend/win/shift_reg[11][38]/C
                         clock pessimism              0.213    13.855    
                         clock uncertainty           -0.074    13.782    
    SLICE_X51Y118        FDRE (Setup_fdre_C_CE)      -0.168    13.614    u_top/u_core/u_b/u_b_core/core/core/l5/gk.frontend/win/shift_reg[11][38]
  -------------------------------------------------------------------
                         required time                         13.614    
                         arrival time                         -13.481    
  -------------------------------------------------------------------
                         slack                                  0.132    

Slack (MET) :             0.132ns  (required time - arrival time)
  Source:                 u_top/u_core/u_b/u_b_core/core/core/l5/gk.frontend/pending1_reg/C
                            (rising edge-triggered cell FDRE clocked by u_top_n_1799  {rise@0.000ns fall@4.167ns period=8.333ns})
  Destination:            u_top/u_core/u_b/u_b_core/core/core/l5/gk.frontend/win/shift_reg[11][39]/CE
                            (rising edge-triggered cell FDRE clocked by u_top_n_1799  {rise@0.000ns fall@4.167ns period=8.333ns})
  Path Group:             u_top_n_1799
  Path Type:              Setup (Max at Slow Process Corner)
  Requirement:            8.333ns  (u_top_n_1799 rise@8.333ns - u_top_n_1799 rise@0.000ns)
  Data Path Delay:        7.861ns  (logic 0.379ns (4.821%)  route 7.482ns (95.179%))
  Logic Levels:           0  
  Clock Path Skew:        -0.098ns (DCD - SCD + CPR)
    Destination Clock Delay (DCD):    5.309ns = ( 13.642 - 8.333 ) 
    Source Clock Delay      (SCD):    5.620ns
    Clock Pessimism Removal (CPR):    0.213ns
  Clock Uncertainty:      0.074ns  ((TSJ^2 + DJ^2)^1/2) / 2 + PE
    Total System Jitter     (TSJ):    0.071ns
    Discrete Jitter          (DJ):    0.129ns
    Phase Error              (PE):    0.000ns

    Location             Delay type                Incr(ns)  Path(ns)    Netlist Resource(s)
  -------------------------------------------------------------------    -------------------
                         (clock u_top_n_1799 rise edge)
                                                      0.000     0.000 r  
    W19                                               0.000     0.000 r  sys_clk (IN)
                         net (fo=0)                   0.000     0.000    sys_clk
    W19                  IBUF (Prop_ibuf_I_O)         1.440     1.440 r  sys_clk_IBUF_inst/O
                         net (fo=1, routed)           1.065     2.505    u_top/sys_clk_IBUF
    MMCME2_ADV_X0Y2      MMCME2_ADV (Prop_mmcme2_adv_CLKIN1_CLKOUT0)
                                                      0.077     2.582 r  u_top/g_mmcm.u_mmcm/CLKOUT0
                         net (fo=1, routed)           1.559     4.141    u_top_n_1799
    BUFGCTRL_X0Y0        BUFG (Prop_bufg_I_O)         0.081     4.222 r  bank_gen[3].mem_reg_i_1/O
                         net (fo=60844, routed)       1.398     5.620    u_top/u_core/u_b/u_b_core/core/core/l5/gk.frontend/clk_200
    SLICE_X95Y116        FDRE                                         r  u_top/u_core/u_b/u_b_core/core/core/l5/gk.frontend/pending1_reg/C
  -------------------------------------------------------------------    -------------------
    SLICE_X95Y116        FDRE (Prop_fdre_C_Q)         0.379     5.999 r  u_top/u_core/u_b/u_b_core/core/core/l5/gk.frontend/pending1_reg/Q
                         net (fo=6406, routed)        7.482    13.481    u_top/u_core/u_b/u_b_core/core/core/l5/gk.frontend/win/E[0]
    SLICE_X50Y118        FDRE                                         r  u_top/u_core/u_b/u_b_core/core/core/l5/gk.frontend/win/shift_reg[11][39]/CE
  -------------------------------------------------------------------    -------------------

                         (clock u_top_n_1799 rise edge)
                                                      8.333     8.333 r  
    W19                                               0.000     8.333 r  sys_clk (IN)
                         net (fo=0)                   0.000     8.333    sys_clk
    W19                  IBUF (Prop_ibuf_I_O)         1.374     9.708 r  sys_clk_IBUF_inst/O
                         net (fo=1, routed)           1.004    10.711    u_top/sys_clk_IBUF
    MMCME2_ADV_X0Y2      MMCME2_ADV (Prop_mmcme2_adv_CLKIN1_CLKOUT0)
                                                      0.073    10.784 r  u_top/g_mmcm.u_mmcm/CLKOUT0
                         net (fo=1, routed)           1.488    12.272    u_top_n_1799
    BUFGCTRL_X0Y0        BUFG (Prop_bufg_I_O)         0.077    12.349 r  bank_gen[3].mem_reg_i_1/O
                         net (fo=60844, routed)       1.294    13.642    u_top/u_core/u_b/u_b_core/core/core/l5/gk.frontend/win/clk_200
    SLICE_X50Y118        FDRE                                         r  u_top/u_core/u_b/u_b_core/core/core/l5/gk.frontend/win/shift_reg[11][39]/C
                         clock pessimism              0.213    13.855    
                         clock uncertainty           -0.074    13.782    
    SLICE_X50Y118        FDRE (Setup_fdre_C_CE)      -0.168    13.614    u_top/u_core/u_b/u_b_core/core/core/l5/gk.frontend/win/shift_reg[11][39]
  -------------------------------------------------------------------
                         required time                         13.614    
                         arrival time                         -13.481    
  -------------------------------------------------------------------
                         slack                                  0.132    

Slack (MET) :             0.132ns  (required time - arrival time)
  Source:                 u_top/u_core/u_b/u_b_core/core/core/l5/gk.frontend/pending1_reg/C
                            (rising edge-triggered cell FDRE clocked by u_top_n_1799  {rise@0.000ns fall@4.167ns period=8.333ns})
  Destination:            u_top/u_core/u_b/u_b_core/core/core/l5/gk.frontend/win/shift_reg[11][40]/CE
                            (rising edge-triggered cell FDRE clocked by u_top_n_1799  {rise@0.000ns fall@4.167ns period=8.333ns})
  Path Group:             u_top_n_1799
  Path Type:              Setup (Max at Slow Process Corner)
  Requirement:            8.333ns  (u_top_n_1799 rise@8.333ns - u_top_n_1799 rise@0.000ns)
  Data Path Delay:        7.861ns  (logic 0.379ns (4.821%)  route 7.482ns (95.179%))
  Logic Levels:           0  
  Clock Path Skew:        -0.098ns (DCD - SCD + CPR)
    Destination Clock Delay (DCD):    5.309ns = ( 13.642 - 8.333 ) 
    Source Clock Delay      (SCD):    5.620ns
    Clock Pessimism Removal (CPR):    0.213ns
  Clock Uncertainty:      0.074ns  ((TSJ^2 + DJ^2)^1/2) / 2 + PE
    Total System Jitter     (TSJ):    0.071ns
    Discrete Jitter          (DJ):    0.129ns
    Phase Error              (PE):    0.000ns

    Location             Delay type                Incr(ns)  Path(ns)    Netlist Resource(s)
  -------------------------------------------------------------------    -------------------
                         (clock u_top_n_1799 rise edge)
                                                      0.000     0.000 r  
    W19                                               0.000     0.000 r  sys_clk (IN)
                         net (fo=0)                   0.000     0.000    sys_clk
    W19                  IBUF (Prop_ibuf_I_O)         1.440     1.440 r  sys_clk_IBUF_inst/O
                         net (fo=1, routed)           1.065     2.505    u_top/sys_clk_IBUF
    MMCME2_ADV_X0Y2      MMCME2_ADV (Prop_mmcme2_adv_CLKIN1_CLKOUT0)
                                                      0.077     2.582 r  u_top/g_mmcm.u_mmcm/CLKOUT0
                         net (fo=1, routed)           1.559     4.141    u_top_n_1799
    BUFGCTRL_X0Y0        BUFG (Prop_bufg_I_O)         0.081     4.222 r  bank_gen[3].mem_reg_i_1/O
                         net (fo=60844, routed)       1.398     5.620    u_top/u_core/u_b/u_b_core/core/core/l5/gk.frontend/clk_200
    SLICE_X95Y116        FDRE                                         r  u_top/u_core/u_b/u_b_core/core/core/l5/gk.frontend/pending1_reg/C
  -------------------------------------------------------------------    -------------------
    SLICE_X95Y116        FDRE (Prop_fdre_C_Q)         0.379     5.999 r  u_top/u_core/u_b/u_b_core/core/core/l5/gk.frontend/pending1_reg/Q
                         net (fo=6406, routed)        7.482    13.481    u_top/u_core/u_b/u_b_core/core/core/l5/gk.frontend/win/E[0]
    SLICE_X50Y118        FDRE                                         r  u_top/u_core/u_b/u_b_core/core/core/l5/gk.frontend/win/shift_reg[11][40]/CE
  -------------------------------------------------------------------    -------------------

                         (clock u_top_n_1799 rise edge)
                                                      8.333     8.333 r  
    W19                                               0.000     8.333 r  sys_clk (IN)
                         net (fo=0)                   0.000     8.333    sys_clk
    W19                  IBUF (Prop_ibuf_I_O)         1.374     9.708 r  sys_clk_IBUF_inst/O
                         net (fo=1, routed)           1.004    10.711    u_top/sys_clk_IBUF
    MMCME2_ADV_X0Y2      MMCME2_ADV (Prop_mmcme2_adv_CLKIN1_CLKOUT0)
                                                      0.073    10.784 r  u_top/g_mmcm.u_mmcm/CLKOUT0
                         net (fo=1, routed)           1.488    12.272    u_top_n_1799
    BUFGCTRL_X0Y0        BUFG (Prop_bufg_I_O)         0.077    12.349 r  bank_gen[3].mem_reg_i_1/O
                         net (fo=60844, routed)       1.294    13.642    u_top/u_core/u_b/u_b_core/core/core/l5/gk.frontend/win/clk_200
    SLICE_X50Y118        FDRE                                         r  u_top/u_core/u_b/u_b_core/core/core/l5/gk.frontend/win/shift_reg[11][40]/C
                         clock pessimism              0.213    13.855    
                         clock uncertainty           -0.074    13.782    
    SLICE_X50Y118        FDRE (Setup_fdre_C_CE)      -0.168    13.614    u_top/u_core/u_b/u_b_core/core/core/l5/gk.frontend/win/shift_reg[11][40]
  -------------------------------------------------------------------
                         required time                         13.614    
                         arrival time                         -13.481    
  -------------------------------------------------------------------
                         slack                                  0.132    

Slack (MET) :             0.132ns  (required time - arrival time)
  Source:                 u_top/u_core/u_b/u_b_core/core/core/l5/gk.frontend/pending1_reg/C
                            (rising edge-triggered cell FDRE clocked by u_top_n_1799  {rise@0.000ns fall@4.167ns period=8.333ns})
  Destination:            u_top/u_core/u_b/u_b_core/core/core/l5/gk.frontend/win/shift_reg[11][41]/CE
                            (rising edge-triggered cell FDRE clocked by u_top_n_1799  {rise@0.000ns fall@4.167ns period=8.333ns})
  Path Group:             u_top_n_1799
  Path Type:              Setup (Max at Slow Process Corner)
  Requirement:            8.333ns  (u_top_n_1799 rise@8.333ns - u_top_n_1799 rise@0.000ns)
  Data Path Delay:        7.861ns  (logic 0.379ns (4.821%)  route 7.482ns (95.179%))
  Logic Levels:           0  
  Clock Path Skew:        -0.098ns (DCD - SCD + CPR)
    Destination Clock Delay (DCD):    5.309ns = ( 13.642 - 8.333 ) 
    Source Clock Delay      (SCD):    5.620ns
    Clock Pessimism Removal (CPR):    0.213ns
  Clock Uncertainty:      0.074ns  ((TSJ^2 + DJ^2)^1/2) / 2 + PE
    Total System Jitter     (TSJ):    0.071ns
    Discrete Jitter          (DJ):    0.129ns
    Phase Error              (PE):    0.000ns

    Location             Delay type                Incr(ns)  Path(ns)    Netlist Resource(s)
  -------------------------------------------------------------------    -------------------
                         (clock u_top_n_1799 rise edge)
                                                      0.000     0.000 r  
    W19                                               0.000     0.000 r  sys_clk (IN)
                         net (fo=0)                   0.000     0.000    sys_clk
    W19                  IBUF (Prop_ibuf_I_O)         1.440     1.440 r  sys_clk_IBUF_inst/O
                         net (fo=1, routed)           1.065     2.505    u_top/sys_clk_IBUF
    MMCME2_ADV_X0Y2      MMCME2_ADV (Prop_mmcme2_adv_CLKIN1_CLKOUT0)
                                                      0.077     2.582 r  u_top/g_mmcm.u_mmcm/CLKOUT0
                         net (fo=1, routed)           1.559     4.141    u_top_n_1799
    BUFGCTRL_X0Y0        BUFG (Prop_bufg_I_O)         0.081     4.222 r  bank_gen[3].mem_reg_i_1/O
                         net (fo=60844, routed)       1.398     5.620    u_top/u_core/u_b/u_b_core/core/core/l5/gk.frontend/clk_200
    SLICE_X95Y116        FDRE                                         r  u_top/u_core/u_b/u_b_core/core/core/l5/gk.frontend/pending1_reg/C
  -------------------------------------------------------------------    -------------------
    SLICE_X95Y116        FDRE (Prop_fdre_C_Q)         0.379     5.999 r  u_top/u_core/u_b/u_b_core/core/core/l5/gk.frontend/pending1_reg/Q
                         net (fo=6406, routed)        7.482    13.481    u_top/u_core/u_b/u_b_core/core/core/l5/gk.frontend/win/E[0]
    SLICE_X50Y118        FDRE                                         r  u_top/u_core/u_b/u_b_core/core/core/l5/gk.frontend/win/shift_reg[11][41]/CE
  -------------------------------------------------------------------    -------------------

                         (clock u_top_n_1799 rise edge)
                                                      8.333     8.333 r  
    W19                                               0.000     8.333 r  sys_clk (IN)
                         net (fo=0)                   0.000     8.333    sys_clk
    W19                  IBUF (Prop_ibuf_I_O)         1.374     9.708 r  sys_clk_IBUF_inst/O
                         net (fo=1, routed)           1.004    10.711    u_top/sys_clk_IBUF
    MMCME2_ADV_X0Y2      MMCME2_ADV (Prop_mmcme2_adv_CLKIN1_CLKOUT0)
                                                      0.073    10.784 r  u_top/g_mmcm.u_mmcm/CLKOUT0
                         net (fo=1, routed)           1.488    12.272    u_top_n_1799
    BUFGCTRL_X0Y0        BUFG (Prop_bufg_I_O)         0.077    12.349 r  bank_gen[3].mem_reg_i_1/O
                         net (fo=60844, routed)       1.294    13.642    u_top/u_core/u_b/u_b_core/core/core/l5/gk.frontend/win/clk_200
    SLICE_X50Y118        FDRE                                         r  u_top/u_core/u_b/u_b_core/core/core/l5/gk.frontend/win/shift_reg[11][41]/C
                         clock pessimism              0.213    13.855    
                         clock uncertainty           -0.074    13.782    
    SLICE_X50Y118        FDRE (Setup_fdre_C_CE)      -0.168    13.614    u_top/u_core/u_b/u_b_core/core/core/l5/gk.frontend/win/shift_reg[11][41]
  -------------------------------------------------------------------
                         required time                         13.614    
                         arrival time                         -13.481    
  -------------------------------------------------------------------
                         slack                                  0.132    

Slack (MET) :             0.132ns  (required time - arrival time)
  Source:                 u_top/u_core/u_b/u_b_core/core/core/l5/gk.frontend/pending1_reg/C
                            (rising edge-triggered cell FDRE clocked by u_top_n_1799  {rise@0.000ns fall@4.167ns period=8.333ns})
  Destination:            u_top/u_core/u_b/u_b_core/core/core/l5/gk.frontend/win/shift_reg[11][70]/CE
                            (rising edge-triggered cell FDRE clocked by u_top_n_1799  {rise@0.000ns fall@4.167ns period=8.333ns})
  Path Group:             u_top_n_1799
  Path Type:              Setup (Max at Slow Process Corner)
  Requirement:            8.333ns  (u_top_n_1799 rise@8.333ns - u_top_n_1799 rise@0.000ns)
  Data Path Delay:        7.861ns  (logic 0.379ns (4.821%)  route 7.482ns (95.179%))
  Logic Levels:           0  
  Clock Path Skew:        -0.098ns (DCD - SCD + CPR)
    Destination Clock Delay (DCD):    5.309ns = ( 13.642 - 8.333 ) 
    Source Clock Delay      (SCD):    5.620ns
    Clock Pessimism Removal (CPR):    0.213ns
  Clock Uncertainty:      0.074ns  ((TSJ^2 + DJ^2)^1/2) / 2 + PE
    Total System Jitter     (TSJ):    0.071ns
    Discrete Jitter          (DJ):    0.129ns
    Phase Error              (PE):    0.000ns

    Location             Delay type                Incr(ns)  Path(ns)    Netlist Resource(s)
  -------------------------------------------------------------------    -------------------
                         (clock u_top_n_1799 rise edge)
                                                      0.000     0.000 r  
    W19                                               0.000     0.000 r  sys_clk (IN)
                         net (fo=0)                   0.000     0.000    sys_clk
    W19                  IBUF (Prop_ibuf_I_O)         1.440     1.440 r  sys_clk_IBUF_inst/O
                         net (fo=1, routed)           1.065     2.505    u_top/sys_clk_IBUF
    MMCME2_ADV_X0Y2      MMCME2_ADV (Prop_mmcme2_adv_CLKIN1_CLKOUT0)
                                                      0.077     2.582 r  u_top/g_mmcm.u_mmcm/CLKOUT0
                         net (fo=1, routed)           1.559     4.141    u_top_n_1799
    BUFGCTRL_X0Y0        BUFG (Prop_bufg_I_O)         0.081     4.222 r  bank_gen[3].mem_reg_i_1/O
                         net (fo=60844, routed)       1.398     5.620    u_top/u_core/u_b/u_b_core/core/core/l5/gk.frontend/clk_200
    SLICE_X95Y116        FDRE                                         r  u_top/u_core/u_b/u_b_core/core/core/l5/gk.frontend/pending1_reg/C
  -------------------------------------------------------------------    -------------------
    SLICE_X95Y116        FDRE (Prop_fdre_C_Q)         0.379     5.999 r  u_top/u_core/u_b/u_b_core/core/core/l5/gk.frontend/pending1_reg/Q
                         net (fo=6406, routed)        7.482    13.481    u_top/u_core/u_b/u_b_core/core/core/l5/gk.frontend/win/E[0]
    SLICE_X51Y118        FDRE                                         r  u_top/u_core/u_b/u_b_core/core/core/l5/gk.frontend/win/shift_reg[11][70]/CE
  -------------------------------------------------------------------    -------------------

                         (clock u_top_n_1799 rise edge)
                                                      8.333     8.333 r  
    W19                                               0.000     8.333 r  sys_clk (IN)
                         net (fo=0)                   0.000     8.333    sys_clk
    W19                  IBUF (Prop_ibuf_I_O)         1.374     9.708 r  sys_clk_IBUF_inst/O
                         net (fo=1, routed)           1.004    10.711    u_top/sys_clk_IBUF
    MMCME2_ADV_X0Y2      MMCME2_ADV (Prop_mmcme2_adv_CLKIN1_CLKOUT0)
                                                      0.073    10.784 r  u_top/g_mmcm.u_mmcm/CLKOUT0
                         net (fo=1, routed)           1.488    12.272    u_top_n_1799
    BUFGCTRL_X0Y0        BUFG (Prop_bufg_I_O)         0.077    12.349 r  bank_gen[3].mem_reg_i_1/O
                         net (fo=60844, routed)       1.294    13.642    u_top/u_core/u_b/u_b_core/core/core/l5/gk.frontend/win/clk_200
    SLICE_X51Y118        FDRE                                         r  u_top/u_core/u_b/u_b_core/core/core/l5/gk.frontend/win/shift_reg[11][70]/C
                         clock pessimism              0.213    13.855    
                         clock uncertainty           -0.074    13.782    
    SLICE_X51Y118        FDRE (Setup_fdre_C_CE)      -0.168    13.614    u_top/u_core/u_b/u_b_core/core/core/l5/gk.frontend/win/shift_reg[11][70]
  -------------------------------------------------------------------
                         required time                         13.614    
                         arrival time                         -13.481    
  -------------------------------------------------------------------
                         slack                                  0.132    

Slack (MET) :             0.132ns  (required time - arrival time)
  Source:                 u_top/u_core/u_b/u_b_core/core/core/l5/gk.frontend/pending1_reg/C
                            (rising edge-triggered cell FDRE clocked by u_top_n_1799  {rise@0.000ns fall@4.167ns period=8.333ns})
  Destination:            u_top/u_core/u_b/u_b_core/core/core/l5/gk.frontend/win/shift_reg[11][71]/CE
                            (rising edge-triggered cell FDRE clocked by u_top_n_1799  {rise@0.000ns fall@4.167ns period=8.333ns})
  Path Group:             u_top_n_1799
  Path Type:              Setup (Max at Slow Process Corner)
  Requirement:            8.333ns  (u_top_n_1799 rise@8.333ns - u_top_n_1799 rise@0.000ns)
  Data Path Delay:        7.861ns  (logic 0.379ns (4.821%)  route 7.482ns (95.179%))
  Logic Levels:           0  
  Clock Path Skew:        -0.098ns (DCD - SCD + CPR)
    Destination Clock Delay (DCD):    5.309ns = ( 13.642 - 8.333 ) 
    Source Clock Delay      (SCD):    5.620ns
    Clock Pessimism Removal (CPR):    0.213ns
  Clock Uncertainty:      0.074ns  ((TSJ^2 + DJ^2)^1/2) / 2 + PE
    Total System Jitter     (TSJ):    0.071ns
    Discrete Jitter          (DJ):    0.129ns
    Phase Error              (PE):    0.000ns

    Location             Delay type                Incr(ns)  Path(ns)    Netlist Resource(s)
  -------------------------------------------------------------------    -------------------
                         (clock u_top_n_1799 rise edge)
                                                      0.000     0.000 r  
    W19                                               0.000     0.000 r  sys_clk (IN)
                         net (fo=0)                   0.000     0.000    sys_clk
    W19                  IBUF (Prop_ibuf_I_O)         1.440     1.440 r  sys_clk_IBUF_inst/O
                         net (fo=1, routed)           1.065     2.505    u_top/sys_clk_IBUF
    MMCME2_ADV_X0Y2      MMCME2_ADV (Prop_mmcme2_adv_CLKIN1_CLKOUT0)
                                                      0.077     2.582 r  u_top/g_mmcm.u_mmcm/CLKOUT0
                         net (fo=1, routed)           1.559     4.141    u_top_n_1799
    BUFGCTRL_X0Y0        BUFG (Prop_bufg_I_O)         0.081     4.222 r  bank_gen[3].mem_reg_i_1/O
                         net (fo=60844, routed)       1.398     5.620    u_top/u_core/u_b/u_b_core/core/core/l5/gk.frontend/clk_200
    SLICE_X95Y116        FDRE                                         r  u_top/u_core/u_b/u_b_core/core/core/l5/gk.frontend/pending1_reg/C
  -------------------------------------------------------------------    -------------------
    SLICE_X95Y116        FDRE (Prop_fdre_C_Q)         0.379     5.999 r  u_top/u_core/u_b/u_b_core/core/core/l5/gk.frontend/pending1_reg/Q
                         net (fo=6406, routed)        7.482    13.481    u_top/u_core/u_b/u_b_core/core/core/l5/gk.frontend/win/E[0]
    SLICE_X50Y118        FDRE                                         r  u_top/u_core/u_b/u_b_core/core/core/l5/gk.frontend/win/shift_reg[11][71]/CE
  -------------------------------------------------------------------    -------------------

                         (clock u_top_n_1799 rise edge)
                                                      8.333     8.333 r  
    W19                                               0.000     8.333 r  sys_clk (IN)
                         net (fo=0)                   0.000     8.333    sys_clk
    W19                  IBUF (Prop_ibuf_I_O)         1.374     9.708 r  sys_clk_IBUF_inst/O
                         net (fo=1, routed)           1.004    10.711    u_top/sys_clk_IBUF
    MMCME2_ADV_X0Y2      MMCME2_ADV (Prop_mmcme2_adv_CLKIN1_CLKOUT0)
                                                      0.073    10.784 r  u_top/g_mmcm.u_mmcm/CLKOUT0
                         net (fo=1, routed)           1.488    12.272    u_top_n_1799
    BUFGCTRL_X0Y0        BUFG (Prop_bufg_I_O)         0.077    12.349 r  bank_gen[3].mem_reg_i_1/O
                         net (fo=60844, routed)       1.294    13.642    u_top/u_core/u_b/u_b_core/core/core/l5/gk.frontend/win/clk_200
    SLICE_X50Y118        FDRE                                         r  u_top/u_core/u_b/u_b_core/core/core/l5/gk.frontend/win/shift_reg[11][71]/C
                         clock pessimism              0.213    13.855    
                         clock uncertainty           -0.074    13.782    
    SLICE_X50Y118        FDRE (Setup_fdre_C_CE)      -0.168    13.614    u_top/u_core/u_b/u_b_core/core/core/l5/gk.frontend/win/shift_reg[11][71]
  -------------------------------------------------------------------
                         required time                         13.614    
                         arrival time                         -13.481    
  -------------------------------------------------------------------
                         slack                                  0.132    

Slack (MET) :             0.132ns  (required time - arrival time)
  Source:                 u_top/u_core/u_b/u_b_core/core/core/l5/gk.frontend/pending1_reg/C
                            (rising edge-triggered cell FDRE clocked by u_top_n_1799  {rise@0.000ns fall@4.167ns period=8.333ns})
  Destination:            u_top/u_core/u_b/u_b_core/core/core/l5/gk.frontend/win/shift_reg[11][72]/CE
                            (rising edge-triggered cell FDRE clocked by u_top_n_1799  {rise@0.000ns fall@4.167ns period=8.333ns})
  Path Group:             u_top_n_1799
  Path Type:              Setup (Max at Slow Process Corner)
  Requirement:            8.333ns  (u_top_n_1799 rise@8.333ns - u_top_n_1799 rise@0.000ns)
  Data Path Delay:        7.861ns  (logic 0.379ns (4.821%)  route 7.482ns (95.179%))
  Logic Levels:           0  
  Clock Path Skew:        -0.098ns (DCD - SCD + CPR)
    Destination Clock Delay (DCD):    5.309ns = ( 13.642 - 8.333 ) 
    Source Clock Delay      (SCD):    5.620ns
    Clock Pessimism Removal (CPR):    0.213ns
  Clock Uncertainty:      0.074ns  ((TSJ^2 + DJ^2)^1/2) / 2 + PE
    Total System Jitter     (TSJ):    0.071ns
    Discrete Jitter          (DJ):    0.129ns
    Phase Error              (PE):    0.000ns

    Location             Delay type                Incr(ns)  Path(ns)    Netlist Resource(s)
  -------------------------------------------------------------------    -------------------
                         (clock u_top_n_1799 rise edge)
                                                      0.000     0.000 r  
    W19                                               0.000     0.000 r  sys_clk (IN)
                         net (fo=0)                   0.000     0.000    sys_clk
    W19                  IBUF (Prop_ibuf_I_O)         1.440     1.440 r  sys_clk_IBUF_inst/O
                         net (fo=1, routed)           1.065     2.505    u_top/sys_clk_IBUF
    MMCME2_ADV_X0Y2      MMCME2_ADV (Prop_mmcme2_adv_CLKIN1_CLKOUT0)
                                                      0.077     2.582 r  u_top/g_mmcm.u_mmcm/CLKOUT0
                         net (fo=1, routed)           1.559     4.141    u_top_n_1799
    BUFGCTRL_X0Y0        BUFG (Prop_bufg_I_O)         0.081     4.222 r  bank_gen[3].mem_reg_i_1/O
                         net (fo=60844, routed)       1.398     5.620    u_top/u_core/u_b/u_b_core/core/core/l5/gk.frontend/clk_200
    SLICE_X95Y116        FDRE                                         r  u_top/u_core/u_b/u_b_core/core/core/l5/gk.frontend/pending1_reg/C
  -------------------------------------------------------------------    -------------------
    SLICE_X95Y116        FDRE (Prop_fdre_C_Q)         0.379     5.999 r  u_top/u_core/u_b/u_b_core/core/core/l5/gk.frontend/pending1_reg/Q
                         net (fo=6406, routed)        7.482    13.481    u_top/u_core/u_b/u_b_core/core/core/l5/gk.frontend/win/E[0]
    SLICE_X50Y118        FDRE                                         r  u_top/u_core/u_b/u_b_core/core/core/l5/gk.frontend/win/shift_reg[11][72]/CE
  -------------------------------------------------------------------    -------------------

                         (clock u_top_n_1799 rise edge)
                                                      8.333     8.333 r  
    W19                                               0.000     8.333 r  sys_clk (IN)
                         net (fo=0)                   0.000     8.333    sys_clk
    W19                  IBUF (Prop_ibuf_I_O)         1.374     9.708 r  sys_clk_IBUF_inst/O
                         net (fo=1, routed)           1.004    10.711    u_top/sys_clk_IBUF
    MMCME2_ADV_X0Y2      MMCME2_ADV (Prop_mmcme2_adv_CLKIN1_CLKOUT0)
                                                      0.073    10.784 r  u_top/g_mmcm.u_mmcm/CLKOUT0
                         net (fo=1, routed)           1.488    12.272    u_top_n_1799
    BUFGCTRL_X0Y0        BUFG (Prop_bufg_I_O)         0.077    12.349 r  bank_gen[3].mem_reg_i_1/O
                         net (fo=60844, routed)       1.294    13.642    u_top/u_core/u_b/u_b_core/core/core/l5/gk.frontend/win/clk_200
    SLICE_X50Y118        FDRE                                         r  u_top/u_core/u_b/u_b_core/core/core/l5/gk.frontend/win/shift_reg[11][72]/C
                         clock pessimism              0.213    13.855    
                         clock uncertainty           -0.074    13.782    
    SLICE_X50Y118        FDRE (Setup_fdre_C_CE)      -0.168    13.614    u_top/u_core/u_b/u_b_core/core/core/l5/gk.frontend/win/shift_reg[11][72]
  -------------------------------------------------------------------
                         required time                         13.614    
                         arrival time                         -13.481    
  -------------------------------------------------------------------
                         slack                                  0.132    

Slack (MET) :             0.132ns  (required time - arrival time)
  Source:                 u_top/u_core/u_b/u_b_core/core/core/l5/gk.frontend/pending1_reg/C
                            (rising edge-triggered cell FDRE clocked by u_top_n_1799  {rise@0.000ns fall@4.167ns period=8.333ns})
  Destination:            u_top/u_core/u_b/u_b_core/core/core/l5/gk.frontend/win/shift_reg[11][73]/CE
                            (rising edge-triggered cell FDRE clocked by u_top_n_1799  {rise@0.000ns fall@4.167ns period=8.333ns})
  Path Group:             u_top_n_1799
  Path Type:              Setup (Max at Slow Process Corner)
  Requirement:            8.333ns  (u_top_n_1799 rise@8.333ns - u_top_n_1799 rise@0.000ns)
  Data Path Delay:        7.861ns  (logic 0.379ns (4.821%)  route 7.482ns (95.179%))
  Logic Levels:           0  
  Clock Path Skew:        -0.098ns (DCD - SCD + CPR)
    Destination Clock Delay (DCD):    5.309ns = ( 13.642 - 8.333 ) 
    Source Clock Delay      (SCD):    5.620ns
    Clock Pessimism Removal (CPR):    0.213ns
  Clock Uncertainty:      0.074ns  ((TSJ^2 + DJ^2)^1/2) / 2 + PE
    Total System Jitter     (TSJ):    0.071ns
    Discrete Jitter          (DJ):    0.129ns
    Phase Error              (PE):    0.000ns

    Location             Delay type                Incr(ns)  Path(ns)    Netlist Resource(s)
  -------------------------------------------------------------------    -------------------
                         (clock u_top_n_1799 rise edge)
                                                      0.000     0.000 r  
    W19                                               0.000     0.000 r  sys_clk (IN)
                         net (fo=0)                   0.000     0.000    sys_clk
    W19                  IBUF (Prop_ibuf_I_O)         1.440     1.440 r  sys_clk_IBUF_inst/O
                         net (fo=1, routed)           1.065     2.505    u_top/sys_clk_IBUF
    MMCME2_ADV_X0Y2      MMCME2_ADV (Prop_mmcme2_adv_CLKIN1_CLKOUT0)
                                                      0.077     2.582 r  u_top/g_mmcm.u_mmcm/CLKOUT0
                         net (fo=1, routed)           1.559     4.141    u_top_n_1799
    BUFGCTRL_X0Y0        BUFG (Prop_bufg_I_O)         0.081     4.222 r  bank_gen[3].mem_reg_i_1/O
                         net (fo=60844, routed)       1.398     5.620    u_top/u_core/u_b/u_b_core/core/core/l5/gk.frontend/clk_200
    SLICE_X95Y116        FDRE                                         r  u_top/u_core/u_b/u_b_core/core/core/l5/gk.frontend/pending1_reg/C
  -------------------------------------------------------------------    -------------------
    SLICE_X95Y116        FDRE (Prop_fdre_C_Q)         0.379     5.999 r  u_top/u_core/u_b/u_b_core/core/core/l5/gk.frontend/pending1_reg/Q
                         net (fo=6406, routed)        7.482    13.481    u_top/u_core/u_b/u_b_core/core/core/l5/gk.frontend/win/E[0]
    SLICE_X51Y118        FDRE                                         r  u_top/u_core/u_b/u_b_core/core/core/l5/gk.frontend/win/shift_reg[11][73]/CE
  -------------------------------------------------------------------    -------------------

                         (clock u_top_n_1799 rise edge)
                                                      8.333     8.333 r  
    W19                                               0.000     8.333 r  sys_clk (IN)
                         net (fo=0)                   0.000     8.333    sys_clk
    W19                  IBUF (Prop_ibuf_I_O)         1.374     9.708 r  sys_clk_IBUF_inst/O
                         net (fo=1, routed)           1.004    10.711    u_top/sys_clk_IBUF
    MMCME2_ADV_X0Y2      MMCME2_ADV (Prop_mmcme2_adv_CLKIN1_CLKOUT0)
                                                      0.073    10.784 r  u_top/g_mmcm.u_mmcm/CLKOUT0
                         net (fo=1, routed)           1.488    12.272    u_top_n_1799
    BUFGCTRL_X0Y0        BUFG (Prop_bufg_I_O)         0.077    12.349 r  bank_gen[3].mem_reg_i_1/O
                         net (fo=60844, routed)       1.294    13.642    u_top/u_core/u_b/u_b_core/core/core/l5/gk.frontend/win/clk_200
    SLICE_X51Y118        FDRE                                         r  u_top/u_core/u_b/u_b_core/core/core/l5/gk.frontend/win/shift_reg[11][73]/C
                         clock pessimism              0.213    13.855    
                         clock uncertainty           -0.074    13.782    
    SLICE_X51Y118        FDRE (Setup_fdre_C_CE)      -0.168    13.614    u_top/u_core/u_b/u_b_core/core/core/l5/gk.frontend/win/shift_reg[11][73]
  -------------------------------------------------------------------
                         required time                         13.614    
                         arrival time                         -13.481    
  -------------------------------------------------------------------
                         slack                                  0.132    

Slack (MET) :             0.132ns  (required time - arrival time)
  Source:                 u_top/u_core/u_b/u_b_core/core/core/l5/gk.frontend/pending1_reg/C
                            (rising edge-triggered cell FDRE clocked by u_top_n_1799  {rise@0.000ns fall@4.167ns period=8.333ns})
  Destination:            u_top/u_core/u_b/u_b_core/core/core/l5/gk.frontend/win/shift_reg[11][75]/CE
                            (rising edge-triggered cell FDRE clocked by u_top_n_1799  {rise@0.000ns fall@4.167ns period=8.333ns})
  Path Group:             u_top_n_1799
  Path Type:              Setup (Max at Slow Process Corner)
  Requirement:            8.333ns  (u_top_n_1799 rise@8.333ns - u_top_n_1799 rise@0.000ns)
  Data Path Delay:        7.861ns  (logic 0.379ns (4.821%)  route 7.482ns (95.179%))
  Logic Levels:           0  
  Clock Path Skew:        -0.098ns (DCD - SCD + CPR)
    Destination Clock Delay (DCD):    5.309ns = ( 13.642 - 8.333 ) 
    Source Clock Delay      (SCD):    5.620ns
    Clock Pessimism Removal (CPR):    0.213ns
  Clock Uncertainty:      0.074ns  ((TSJ^2 + DJ^2)^1/2) / 2 + PE
    Total System Jitter     (TSJ):    0.071ns
    Discrete Jitter          (DJ):    0.129ns
    Phase Error              (PE):    0.000ns

    Location             Delay type                Incr(ns)  Path(ns)    Netlist Resource(s)
  -------------------------------------------------------------------    -------------------
                         (clock u_top_n_1799 rise edge)
                                                      0.000     0.000 r  
    W19                                               0.000     0.000 r  sys_clk (IN)
                         net (fo=0)                   0.000     0.000    sys_clk
    W19                  IBUF (Prop_ibuf_I_O)         1.440     1.440 r  sys_clk_IBUF_inst/O
                         net (fo=1, routed)           1.065     2.505    u_top/sys_clk_IBUF
    MMCME2_ADV_X0Y2      MMCME2_ADV (Prop_mmcme2_adv_CLKIN1_CLKOUT0)
                                                      0.077     2.582 r  u_top/g_mmcm.u_mmcm/CLKOUT0
                         net (fo=1, routed)           1.559     4.141    u_top_n_1799
    BUFGCTRL_X0Y0        BUFG (Prop_bufg_I_O)         0.081     4.222 r  bank_gen[3].mem_reg_i_1/O
                         net (fo=60844, routed)       1.398     5.620    u_top/u_core/u_b/u_b_core/core/core/l5/gk.frontend/clk_200
    SLICE_X95Y116        FDRE                                         r  u_top/u_core/u_b/u_b_core/core/core/l5/gk.frontend/pending1_reg/C
  -------------------------------------------------------------------    -------------------
    SLICE_X95Y116        FDRE (Prop_fdre_C_Q)         0.379     5.999 r  u_top/u_core/u_b/u_b_core/core/core/l5/gk.frontend/pending1_reg/Q
                         net (fo=6406, routed)        7.482    13.481    u_top/u_core/u_b/u_b_core/core/core/l5/gk.frontend/win/E[0]
    SLICE_X50Y118        FDRE                                         r  u_top/u_core/u_b/u_b_core/core/core/l5/gk.frontend/win/shift_reg[11][75]/CE
  -------------------------------------------------------------------    -------------------

                         (clock u_top_n_1799 rise edge)
                                                      8.333     8.333 r  
    W19                                               0.000     8.333 r  sys_clk (IN)
                         net (fo=0)                   0.000     8.333    sys_clk
    W19                  IBUF (Prop_ibuf_I_O)         1.374     9.708 r  sys_clk_IBUF_inst/O
                         net (fo=1, routed)           1.004    10.711    u_top/sys_clk_IBUF
    MMCME2_ADV_X0Y2      MMCME2_ADV (Prop_mmcme2_adv_CLKIN1_CLKOUT0)
                                                      0.073    10.784 r  u_top/g_mmcm.u_mmcm/CLKOUT0
                         net (fo=1, routed)           1.488    12.272    u_top_n_1799
    BUFGCTRL_X0Y0        BUFG (Prop_bufg_I_O)         0.077    12.349 r  bank_gen[3].mem_reg_i_1/O
                         net (fo=60844, routed)       1.294    13.642    u_top/u_core/u_b/u_b_core/core/core/l5/gk.frontend/win/clk_200
    SLICE_X50Y118        FDRE                                         r  u_top/u_core/u_b/u_b_core/core/core/l5/gk.frontend/win/shift_reg[11][75]/C
                         clock pessimism              0.213    13.855    
                         clock uncertainty           -0.074    13.782    
    SLICE_X50Y118        FDRE (Setup_fdre_C_CE)      -0.168    13.614    u_top/u_core/u_b/u_b_core/core/core/l5/gk.frontend/win/shift_reg[11][75]
  -------------------------------------------------------------------
                         required time                         13.614    
                         arrival time                         -13.481    
  -------------------------------------------------------------------
                         slack                                  0.132    

Slack (MET) :             0.132ns  (required time - arrival time)
  Source:                 u_top/u_core/u_b/u_b_core/core/core/l5/gk.frontend/pending1_reg/C
                            (rising edge-triggered cell FDRE clocked by u_top_n_1799  {rise@0.000ns fall@4.167ns period=8.333ns})
  Destination:            u_top/u_core/u_b/u_b_core/core/core/l5/gk.frontend/win/shift_reg[12][41]/CE
                            (rising edge-triggered cell FDRE clocked by u_top_n_1799  {rise@0.000ns fall@4.167ns period=8.333ns})
  Path Group:             u_top_n_1799
  Path Type:              Setup (Max at Slow Process Corner)
  Requirement:            8.333ns  (u_top_n_1799 rise@8.333ns - u_top_n_1799 rise@0.000ns)
  Data Path Delay:        7.861ns  (logic 0.379ns (4.821%)  route 7.482ns (95.179%))
  Logic Levels:           0  
  Clock Path Skew:        -0.098ns (DCD - SCD + CPR)
    Destination Clock Delay (DCD):    5.309ns = ( 13.642 - 8.333 ) 
    Source Clock Delay      (SCD):    5.620ns
    Clock Pessimism Removal (CPR):    0.213ns
  Clock Uncertainty:      0.074ns  ((TSJ^2 + DJ^2)^1/2) / 2 + PE
    Total System Jitter     (TSJ):    0.071ns
    Discrete Jitter          (DJ):    0.129ns
    Phase Error              (PE):    0.000ns

    Location             Delay type                Incr(ns)  Path(ns)    Netlist Resource(s)
  -------------------------------------------------------------------    -------------------
                         (clock u_top_n_1799 rise edge)
                                                      0.000     0.000 r  
    W19                                               0.000     0.000 r  sys_clk (IN)
                         net (fo=0)                   0.000     0.000    sys_clk
    W19                  IBUF (Prop_ibuf_I_O)         1.440     1.440 r  sys_clk_IBUF_inst/O
                         net (fo=1, routed)           1.065     2.505    u_top/sys_clk_IBUF
    MMCME2_ADV_X0Y2      MMCME2_ADV (Prop_mmcme2_adv_CLKIN1_CLKOUT0)
                                                      0.077     2.582 r  u_top/g_mmcm.u_mmcm/CLKOUT0
                         net (fo=1, routed)           1.559     4.141    u_top_n_1799
    BUFGCTRL_X0Y0        BUFG (Prop_bufg_I_O)         0.081     4.222 r  bank_gen[3].mem_reg_i_1/O
                         net (fo=60844, routed)       1.398     5.620    u_top/u_core/u_b/u_b_core/core/core/l5/gk.frontend/clk_200
    SLICE_X95Y116        FDRE                                         r  u_top/u_core/u_b/u_b_core/core/core/l5/gk.frontend/pending1_reg/C
  -------------------------------------------------------------------    -------------------
    SLICE_X95Y116        FDRE (Prop_fdre_C_Q)         0.379     5.999 r  u_top/u_core/u_b/u_b_core/core/core/l5/gk.frontend/pending1_reg/Q
                         net (fo=6406, routed)        7.482    13.481    u_top/u_core/u_b/u_b_core/core/core/l5/gk.frontend/win/E[0]
    SLICE_X50Y118        FDRE                                         r  u_top/u_core/u_b/u_b_core/core/core/l5/gk.frontend/win/shift_reg[12][41]/CE
  -------------------------------------------------------------------    -------------------

                         (clock u_top_n_1799 rise edge)
                                                      8.333     8.333 r  
    W19                                               0.000     8.333 r  sys_clk (IN)
                         net (fo=0)                   0.000     8.333    sys_clk
    W19                  IBUF (Prop_ibuf_I_O)         1.374     9.708 r  sys_clk_IBUF_inst/O
                         net (fo=1, routed)           1.004    10.711    u_top/sys_clk_IBUF
    MMCME2_ADV_X0Y2      MMCME2_ADV (Prop_mmcme2_adv_CLKIN1_CLKOUT0)
                                                      0.073    10.784 r  u_top/g_mmcm.u_mmcm/CLKOUT0
                         net (fo=1, routed)           1.488    12.272    u_top_n_1799
    BUFGCTRL_X0Y0        BUFG (Prop_bufg_I_O)         0.077    12.349 r  bank_gen[3].mem_reg_i_1/O
                         net (fo=60844, routed)       1.294    13.642    u_top/u_core/u_b/u_b_core/core/core/l5/gk.frontend/win/clk_200
    SLICE_X50Y118        FDRE                                         r  u_top/u_core/u_b/u_b_core/core/core/l5/gk.frontend/win/shift_reg[12][41]/C
                         clock pessimism              0.213    13.855    
                         clock uncertainty           -0.074    13.782    
    SLICE_X50Y118        FDRE (Setup_fdre_C_CE)      -0.168    13.614    u_top/u_core/u_b/u_b_core/core/core/l5/gk.frontend/win/shift_reg[12][41]
  -------------------------------------------------------------------
                         required time                         13.614    
                         arrival time                         -13.481    
  -------------------------------------------------------------------
                         slack                                  0.132    





Min Delay Paths
--------------------------------------------------------------------------------------
Slack (MET) :             0.016ns  (arrival time - required time)
  Source:                 u_top/u_core/u_b/u_b_core/core/core/l5/mac/mac/tree_stage[1].channel[3].node[3].pair.sums_q_reg[1][3][3][11]/C
                            (rising edge-triggered cell FDRE clocked by u_top_n_1799  {rise@0.000ns fall@4.167ns period=8.333ns})
  Destination:            u_top/u_core/u_b/u_b_core/core/core/l5/mac/mac/tree_stage[2].channel[3].node[1].pair.sums_q_reg[2][3][1][20]/D
                            (rising edge-triggered cell FDRE clocked by u_top_n_1799  {rise@0.000ns fall@4.167ns period=8.333ns})
  Path Group:             u_top_n_1799
  Path Type:              Hold (Min at Fast Process Corner)
  Requirement:            0.000ns  (u_top_n_1799 rise@0.000ns - u_top_n_1799 rise@0.000ns)
  Data Path Delay:        0.508ns  (logic 0.428ns (84.229%)  route 0.080ns (15.771%))
  Logic Levels:           5  (CARRY4=4 LUT2=1)
  Clock Path Skew:        0.358ns (DCD - SCD - CPR)
    Destination Clock Delay (DCD):    2.570ns
    Source Clock Delay      (SCD):    1.923ns
    Clock Pessimism Removal (CPR):    0.289ns

    Location             Delay type                Incr(ns)  Path(ns)    Netlist Resource(s)
  -------------------------------------------------------------------    -------------------
                         (clock u_top_n_1799 rise edge)
                                                      0.000     0.000 r  
    W19                                               0.000     0.000 r  sys_clk (IN)
                         net (fo=0)                   0.000     0.000    sys_clk
    W19                  IBUF (Prop_ibuf_I_O)         0.277     0.277 r  sys_clk_IBUF_inst/O
                         net (fo=1, routed)           0.440     0.717    u_top/sys_clk_IBUF
    MMCME2_ADV_X0Y2      MMCME2_ADV (Prop_mmcme2_adv_CLKIN1_CLKOUT0)
                                                      0.050     0.767 r  u_top/g_mmcm.u_mmcm/CLKOUT0
                         net (fo=1, routed)           0.545     1.312    u_top_n_1799
    BUFGCTRL_X0Y0        BUFG (Prop_bufg_I_O)         0.026     1.338 r  bank_gen[3].mem_reg_i_1/O
                         net (fo=60844, routed)       0.585     1.923    u_top/u_core/u_b/u_b_core/core/core/l5/mac/mac/clk_200
    SLICE_X45Y197        FDRE                                         r  u_top/u_core/u_b/u_b_core/core/core/l5/mac/mac/tree_stage[1].channel[3].node[3].pair.sums_q_reg[1][3][3][11]/C
  -------------------------------------------------------------------    -------------------
    SLICE_X45Y197        FDRE (Prop_fdre_C_Q)         0.141     2.064 r  u_top/u_core/u_b/u_b_core/core/core/l5/mac/mac/tree_stage[1].channel[3].node[3].pair.sums_q_reg[1][3][3][11]/Q
                         net (fo=1, routed)           0.079     2.143    u_top/u_core/u_b/u_b_core/core/core/l5/mac/mac/tree_stage[1].channel[3].node[3].pair.sums_q_reg[1][3][3]_471[11]
    SLICE_X44Y197        LUT2 (Prop_lut2_I1_O)        0.045     2.188 r  u_top/u_core/u_b/u_b_core/core/core/l5/mac/mac/tree_stage[2].channel[3].node[1].pair.sums_q[2][3][1][11]_i_2/O
                         net (fo=1, routed)           0.000     2.188    u_top/u_core/u_b/u_b_core/core/core/l5/mac/mac/tree_stage[2].channel[3].node[1].pair.sums_q[2][3][1][11]_i_2_n_0
    SLICE_X44Y197        CARRY4 (Prop_carry4_S[3]_CO[3])
                                                      0.109     2.297 r  u_top/u_core/u_b/u_b_core/core/core/l5/mac/mac/tree_stage[2].channel[3].node[1].pair.sums_q_reg[2][3][1][11]_i_1/CO[3]
                         net (fo=1, routed)           0.000     2.297    u_top/u_core/u_b/u_b_core/core/core/l5/mac/mac/tree_stage[2].channel[3].node[1].pair.sums_q_reg[2][3][1][11]_i_1_n_0
    SLICE_X44Y198        CARRY4 (Prop_carry4_CI_CO[3])
                                                      0.040     2.337 r  u_top/u_core/u_b/u_b_core/core/core/l5/mac/mac/tree_stage[2].channel[3].node[1].pair.sums_q_reg[2][3][1][15]_i_1/CO[3]
                         net (fo=1, routed)           0.000     2.337    u_top/u_core/u_b/u_b_core/core/core/l5/mac/mac/tree_stage[2].channel[3].node[1].pair.sums_q_reg[2][3][1][15]_i_1_n_0
    SLICE_X44Y199        CARRY4 (Prop_carry4_CI_CO[3])
                                                      0.040     2.377 r  u_top/u_core/u_b/u_b_core/core/core/l5/mac/mac/tree_stage[2].channel[3].node[1].pair.sums_q_reg[2][3][1][19]_i_1/CO[3]
                         net (fo=1, routed)           0.001     2.378    u_top/u_core/u_b/u_b_core/core/core/l5/mac/mac/tree_stage[2].channel[3].node[1].pair.sums_q_reg[2][3][1][19]_i_1_n_0
    SLICE_X44Y200        CARRY4 (Prop_carry4_CI_O[0])
                                                      0.053     2.431 r  u_top/u_core/u_b/u_b_core/core/core/l5/mac/mac/tree_stage[2].channel[3].node[1].pair.sums_q_reg[2][3][1][23]_i_1/O[0]
                         net (fo=1, routed)           0.000     2.431    u_top/u_core/u_b/u_b_core/core/core/l5/mac/mac/tree_stage[2].channel[3].node[1].pair.added[20]
    SLICE_X44Y200        FDRE                                         r  u_top/u_core/u_b/u_b_core/core/core/l5/mac/mac/tree_stage[2].channel[3].node[1].pair.sums_q_reg[2][3][1][20]/D
  -------------------------------------------------------------------    -------------------

                         (clock u_top_n_1799 rise edge)
                                                      0.000     0.000 r  
    W19                                               0.000     0.000 r  sys_clk (IN)
                         net (fo=0)                   0.000     0.000    sys_clk
    W19                  IBUF (Prop_ibuf_I_O)         0.465     0.465 r  sys_clk_IBUF_inst/O
                         net (fo=1, routed)           0.480     0.945    u_top/sys_clk_IBUF
    MMCME2_ADV_X0Y2      MMCME2_ADV (Prop_mmcme2_adv_CLKIN1_CLKOUT0)
                                                      0.053     0.998 r  u_top/g_mmcm.u_mmcm/CLKOUT0
                         net (fo=1, routed)           0.595     1.593    u_top_n_1799
    BUFGCTRL_X0Y0        BUFG (Prop_bufg_I_O)         0.029     1.622 r  bank_gen[3].mem_reg_i_1/O
                         net (fo=60844, routed)       0.948     2.570    u_top/u_core/u_b/u_b_core/core/core/l5/mac/mac/clk_200
    SLICE_X44Y200        FDRE                                         r  u_top/u_core/u_b/u_b_core/core/core/l5/mac/mac/tree_stage[2].channel[3].node[1].pair.sums_q_reg[2][3][1][20]/C
                         clock pessimism             -0.289     2.281    
    SLICE_X44Y200        FDRE (Hold_fdre_C_D)         0.134     2.415    u_top/u_core/u_b/u_b_core/core/core/l5/mac/mac/tree_stage[2].channel[3].node[1].pair.sums_q_reg[2][3][1][20]
  -------------------------------------------------------------------
                         required time                         -2.415    
                         arrival time                           2.431    
  -------------------------------------------------------------------
                         slack                                  0.016    

Slack (MET) :             0.018ns  (arrival time - required time)
  Source:                 u_top/u_core/u_b/u_b_core/core/core/l1/mac/acc/out_data_reg[165]/C
                            (rising edge-triggered cell FDSE clocked by u_top_n_1799  {rise@0.000ns fall@4.167ns period=8.333ns})
  Destination:            u_top/u_core/u_b/u_b_core/core/core/l1/post/input_slot_reg[0][165]/D
                            (rising edge-triggered cell FDRE clocked by u_top_n_1799  {rise@0.000ns fall@4.167ns period=8.333ns})
  Path Group:             u_top_n_1799
  Path Type:              Hold (Min at Fast Process Corner)
  Requirement:            0.000ns  (u_top_n_1799 rise@0.000ns - u_top_n_1799 rise@0.000ns)
  Data Path Delay:        0.378ns  (logic 0.128ns (33.855%)  route 0.250ns (66.145%))
  Logic Levels:           0  
  Clock Path Skew:        0.343ns (DCD - SCD - CPR)
    Destination Clock Delay (DCD):    2.655ns
    Source Clock Delay      (SCD):    2.020ns
    Clock Pessimism Removal (CPR):    0.292ns

    Location             Delay type                Incr(ns)  Path(ns)    Netlist Resource(s)
  -------------------------------------------------------------------    -------------------
                         (clock u_top_n_1799 rise edge)
                                                      0.000     0.000 r  
    W19                                               0.000     0.000 r  sys_clk (IN)
                         net (fo=0)                   0.000     0.000    sys_clk
    W19                  IBUF (Prop_ibuf_I_O)         0.277     0.277 r  sys_clk_IBUF_inst/O
                         net (fo=1, routed)           0.440     0.717    u_top/sys_clk_IBUF
    MMCME2_ADV_X0Y2      MMCME2_ADV (Prop_mmcme2_adv_CLKIN1_CLKOUT0)
                                                      0.050     0.767 r  u_top/g_mmcm.u_mmcm/CLKOUT0
                         net (fo=1, routed)           0.545     1.312    u_top_n_1799
    BUFGCTRL_X0Y0        BUFG (Prop_bufg_I_O)         0.026     1.338 r  bank_gen[3].mem_reg_i_1/O
                         net (fo=60844, routed)       0.682     2.020    u_top/u_core/u_b/u_b_core/core/core/l1/mac/acc/clk_200
    SLICE_X39Y54         FDSE                                         r  u_top/u_core/u_b/u_b_core/core/core/l1/mac/acc/out_data_reg[165]/C
  -------------------------------------------------------------------    -------------------
    SLICE_X39Y54         FDSE (Prop_fdse_C_Q)         0.128     2.148 r  u_top/u_core/u_b/u_b_core/core/core/l1/mac/acc/out_data_reg[165]/Q
                         net (fo=2, routed)           0.250     2.398    u_top/u_core/u_b/u_b_core/core/core/l1/post/D[165]
    SLICE_X41Y48         FDRE                                         r  u_top/u_core/u_b/u_b_core/core/core/l1/post/input_slot_reg[0][165]/D
  -------------------------------------------------------------------    -------------------

                         (clock u_top_n_1799 rise edge)
                                                      0.000     0.000 r  
    W19                                               0.000     0.000 r  sys_clk (IN)
                         net (fo=0)                   0.000     0.000    sys_clk
    W19                  IBUF (Prop_ibuf_I_O)         0.465     0.465 r  sys_clk_IBUF_inst/O
                         net (fo=1, routed)           0.480     0.945    u_top/sys_clk_IBUF
    MMCME2_ADV_X0Y2      MMCME2_ADV (Prop_mmcme2_adv_CLKIN1_CLKOUT0)
                                                      0.053     0.998 r  u_top/g_mmcm.u_mmcm/CLKOUT0
                         net (fo=1, routed)           0.595     1.593    u_top_n_1799
    BUFGCTRL_X0Y0        BUFG (Prop_bufg_I_O)         0.029     1.622 r  bank_gen[3].mem_reg_i_1/O
                         net (fo=60844, routed)       1.034     2.655    u_top/u_core/u_b/u_b_core/core/core/l1/post/clk_200
    SLICE_X41Y48         FDRE                                         r  u_top/u_core/u_b/u_b_core/core/core/l1/post/input_slot_reg[0][165]/C
                         clock pessimism             -0.292     2.363    
    SLICE_X41Y48         FDRE (Hold_fdre_C_D)         0.017     2.380    u_top/u_core/u_b/u_b_core/core/core/l1/post/input_slot_reg[0][165]
  -------------------------------------------------------------------
                         required time                         -2.380    
                         arrival time                           2.398    
  -------------------------------------------------------------------
                         slack                                  0.018    

Slack (MET) :             0.019ns  (arrival time - required time)
  Source:                 u_top/u_core/u_b/u_b_core/core/core/l3/post/units[0].post/prelu_magnitude_s2_reg[28]/C
                            (rising edge-triggered cell FDRE clocked by u_top_n_1799  {rise@0.000ns fall@4.167ns period=8.333ns})
  Destination:            u_top/u_core/u_b/u_b_core/core/core/l3/post/units[0].post/prelu_rounded_magnitude_s3_reg[13]/D
                            (rising edge-triggered cell FDRE clocked by u_top_n_1799  {rise@0.000ns fall@4.167ns period=8.333ns})
  Path Group:             u_top_n_1799
  Path Type:              Hold (Min at Fast Process Corner)
  Requirement:            0.000ns  (u_top_n_1799 rise@0.000ns - u_top_n_1799 rise@0.000ns)
  Data Path Delay:        0.460ns  (logic 0.272ns (59.188%)  route 0.188ns (40.812%))
  Logic Levels:           1  (CARRY4=1)
  Clock Path Skew:        0.336ns (DCD - SCD - CPR)
    Destination Clock Delay (DCD):    2.541ns
    Source Clock Delay      (SCD):    1.917ns
    Clock Pessimism Removal (CPR):    0.289ns

    Location             Delay type                Incr(ns)  Path(ns)    Netlist Resource(s)
  -------------------------------------------------------------------    -------------------
                         (clock u_top_n_1799 rise edge)
                                                      0.000     0.000 r  
    W19                                               0.000     0.000 r  sys_clk (IN)
                         net (fo=0)                   0.000     0.000    sys_clk
    W19                  IBUF (Prop_ibuf_I_O)         0.277     0.277 r  sys_clk_IBUF_inst/O
                         net (fo=1, routed)           0.440     0.717    u_top/sys_clk_IBUF
    MMCME2_ADV_X0Y2      MMCME2_ADV (Prop_mmcme2_adv_CLKIN1_CLKOUT0)
                                                      0.050     0.767 r  u_top/g_mmcm.u_mmcm/CLKOUT0
                         net (fo=1, routed)           0.545     1.312    u_top_n_1799
    BUFGCTRL_X0Y0        BUFG (Prop_bufg_I_O)         0.026     1.338 r  bank_gen[3].mem_reg_i_1/O
                         net (fo=60844, routed)       0.579     1.917    u_top/u_core/u_b/u_b_core/core/core/l3/post/units[0].post/clk_200
    SLICE_X66Y100        FDRE                                         r  u_top/u_core/u_b/u_b_core/core/core/l3/post/units[0].post/prelu_magnitude_s2_reg[28]/C
  -------------------------------------------------------------------    -------------------
    SLICE_X66Y100        FDRE (Prop_fdre_C_Q)         0.164     2.081 r  u_top/u_core/u_b/u_b_core/core/core/l3/post/units[0].post/prelu_magnitude_s2_reg[28]/Q
                         net (fo=1, routed)           0.188     2.268    u_top_n_5719
    SLICE_X67Y99         CARRY4 (Prop_carry4_S[3]_O[3])
                                                      0.108     2.376 r  units[0].post/prelu_rounded_magnitude_s3_reg[13]_i_1__0/O[3]
                         net (fo=1, routed)           0.000     2.376    u_top/u_core/u_b/u_b_core/core/core/l3/post/units[0].post/prelu_rounded_magnitude_s3_reg[29]_0[13]
    SLICE_X67Y99         FDRE                                         r  u_top/u_core/u_b/u_b_core/core/core/l3/post/units[0].post/prelu_rounded_magnitude_s3_reg[13]/D
  -------------------------------------------------------------------    -------------------

                         (clock u_top_n_1799 rise edge)
                                                      0.000     0.000 r  
    W19                                               0.000     0.000 r  sys_clk (IN)
                         net (fo=0)                   0.000     0.000    sys_clk
    W19                  IBUF (Prop_ibuf_I_O)         0.465     0.465 r  sys_clk_IBUF_inst/O
                         net (fo=1, routed)           0.480     0.945    u_top/sys_clk_IBUF
    MMCME2_ADV_X0Y2      MMCME2_ADV (Prop_mmcme2_adv_CLKIN1_CLKOUT0)
                                                      0.053     0.998 r  u_top/g_mmcm.u_mmcm/CLKOUT0
                         net (fo=1, routed)           0.595     1.593    u_top_n_1799
    BUFGCTRL_X0Y0        BUFG (Prop_bufg_I_O)         0.029     1.622 r  bank_gen[3].mem_reg_i_1/O
                         net (fo=60844, routed)       0.920     2.541    u_top/u_core/u_b/u_b_core/core/core/l3/post/units[0].post/clk_200
    SLICE_X67Y99         FDRE                                         r  u_top/u_core/u_b/u_b_core/core/core/l3/post/units[0].post/prelu_rounded_magnitude_s3_reg[13]/C
                         clock pessimism             -0.289     2.253    
    SLICE_X67Y99         FDRE (Hold_fdre_C_D)         0.105     2.358    u_top/u_core/u_b/u_b_core/core/core/l3/post/units[0].post/prelu_rounded_magnitude_s3_reg[13]
  -------------------------------------------------------------------
                         required time                         -2.358    
                         arrival time                           2.376    
  -------------------------------------------------------------------
                         slack                                  0.019    

Slack (MET) :             0.024ns  (arrival time - required time)
  Source:                 u_top/u_core/u_b/u_b_core/core/core/l5/mac/mac/tree_stage[1].channel[3].node[11].pair.sums_q_reg[1][3][11][19]/C
                            (rising edge-triggered cell FDRE clocked by u_top_n_1799  {rise@0.000ns fall@4.167ns period=8.333ns})
  Destination:            u_top/u_core/u_b/u_b_core/core/core/l5/mac/mac/tree_stage[2].channel[3].node[5].pair.sums_q_reg[2][3][5][20]/D
                            (rising edge-triggered cell FDRE clocked by u_top_n_1799  {rise@0.000ns fall@4.167ns period=8.333ns})
  Path Group:             u_top_n_1799
  Path Type:              Hold (Min at Fast Process Corner)
  Requirement:            0.000ns  (u_top_n_1799 rise@0.000ns - u_top_n_1799 rise@0.000ns)
  Data Path Delay:        0.428ns  (logic 0.348ns (81.282%)  route 0.080ns (18.718%))
  Logic Levels:           3  (CARRY4=2 LUT2=1)
  Clock Path Skew:        0.270ns (DCD - SCD - CPR)
    Destination Clock Delay (DCD):    2.519ns
    Source Clock Delay      (SCD):    1.966ns
    Clock Pessimism Removal (CPR):    0.284ns

    Location             Delay type                Incr(ns)  Path(ns)    Netlist Resource(s)
  -------------------------------------------------------------------    -------------------
                         (clock u_top_n_1799 rise edge)
                                                      0.000     0.000 r  
    W19                                               0.000     0.000 r  sys_clk (IN)
                         net (fo=0)                   0.000     0.000    sys_clk
    W19                  IBUF (Prop_ibuf_I_O)         0.277     0.277 r  sys_clk_IBUF_inst/O
                         net (fo=1, routed)           0.440     0.717    u_top/sys_clk_IBUF
    MMCME2_ADV_X0Y2      MMCME2_ADV (Prop_mmcme2_adv_CLKIN1_CLKOUT0)
                                                      0.050     0.767 r  u_top/g_mmcm.u_mmcm/CLKOUT0
                         net (fo=1, routed)           0.545     1.312    u_top_n_1799
    BUFGCTRL_X0Y0        BUFG (Prop_bufg_I_O)         0.026     1.338 r  bank_gen[3].mem_reg_i_1/O
                         net (fo=60844, routed)       0.628     1.966    u_top/u_core/u_b/u_b_core/core/core/l5/mac/mac/clk_200
    SLICE_X15Y149        FDRE                                         r  u_top/u_core/u_b/u_b_core/core/core/l5/mac/mac/tree_stage[1].channel[3].node[11].pair.sums_q_reg[1][3][11][19]/C
  -------------------------------------------------------------------    -------------------
    SLICE_X15Y149        FDRE (Prop_fdre_C_Q)         0.141     2.107 r  u_top/u_core/u_b/u_b_core/core/core/l5/mac/mac/tree_stage[1].channel[3].node[11].pair.sums_q_reg[1][3][11][19]/Q
                         net (fo=1, routed)           0.079     2.186    u_top/u_core/u_b/u_b_core/core/core/l5/mac/mac/tree_stage[1].channel[3].node[11].pair.sums_q_reg[1][3][11]_342[19]
    SLICE_X14Y149        LUT2 (Prop_lut2_I1_O)        0.045     2.231 r  u_top/u_core/u_b/u_b_core/core/core/l5/mac/mac/tree_stage[2].channel[3].node[5].pair.sums_q[2][3][5][19]_i_2/O
                         net (fo=1, routed)           0.000     2.231    u_top/u_core/u_b/u_b_core/core/core/l5/mac/mac/tree_stage[2].channel[3].node[5].pair.sums_q[2][3][5][19]_i_2_n_0
    SLICE_X14Y149        CARRY4 (Prop_carry4_S[3]_CO[3])
                                                      0.109     2.340 r  u_top/u_core/u_b/u_b_core/core/core/l5/mac/mac/tree_stage[2].channel[3].node[5].pair.sums_q_reg[2][3][5][19]_i_1/CO[3]
                         net (fo=1, routed)           0.001     2.341    u_top/u_core/u_b/u_b_core/core/core/l5/mac/mac/tree_stage[2].channel[3].node[5].pair.sums_q_reg[2][3][5][19]_i_1_n_0
    SLICE_X14Y150        CARRY4 (Prop_carry4_CI_O[0])
                                                      0.053     2.394 r  u_top/u_core/u_b/u_b_core/core/core/l5/mac/mac/tree_stage[2].channel[3].node[5].pair.sums_q_reg[2][3][5][23]_i_1/O[0]
                         net (fo=1, routed)           0.000     2.394    u_top/u_core/u_b/u_b_core/core/core/l5/mac/mac/tree_stage[2].channel[3].node[5].pair.added[20]
    SLICE_X14Y150        FDRE                                         r  u_top/u_core/u_b/u_b_core/core/core/l5/mac/mac/tree_stage[2].channel[3].node[5].pair.sums_q_reg[2][3][5][20]/D
  -------------------------------------------------------------------    -------------------

                         (clock u_top_n_1799 rise edge)
                                                      0.000     0.000 r  
    W19                                               0.000     0.000 r  sys_clk (IN)
                         net (fo=0)                   0.000     0.000    sys_clk
    W19                  IBUF (Prop_ibuf_I_O)         0.465     0.465 r  sys_clk_IBUF_inst/O
                         net (fo=1, routed)           0.480     0.945    u_top/sys_clk_IBUF
    MMCME2_ADV_X0Y2      MMCME2_ADV (Prop_mmcme2_adv_CLKIN1_CLKOUT0)
                                                      0.053     0.998 r  u_top/g_mmcm.u_mmcm/CLKOUT0
                         net (fo=1, routed)           0.595     1.593    u_top_n_1799
    BUFGCTRL_X0Y0        BUFG (Prop_bufg_I_O)         0.029     1.622 r  bank_gen[3].mem_reg_i_1/O
                         net (fo=60844, routed)       0.898     2.519    u_top/u_core/u_b/u_b_core/core/core/l5/mac/mac/clk_200
    SLICE_X14Y150        FDRE                                         r  u_top/u_core/u_b/u_b_core/core/core/l5/mac/mac/tree_stage[2].channel[3].node[5].pair.sums_q_reg[2][3][5][20]/C
                         clock pessimism             -0.284     2.235    
    SLICE_X14Y150        FDRE (Hold_fdre_C_D)         0.134     2.369    u_top/u_core/u_b/u_b_core/core/core/l5/mac/mac/tree_stage[2].channel[3].node[5].pair.sums_q_reg[2][3][5][20]
  -------------------------------------------------------------------
                         required time                         -2.369    
                         arrival time                           2.394    
  -------------------------------------------------------------------
                         slack                                  0.024    

Slack (MET) :             0.029ns  (arrival time - required time)
  Source:                 u_top/u_core/u_b/u_b_core/core/core/l5/mac/mac/tree_stage[1].channel[3].node[3].pair.sums_q_reg[1][3][3][11]/C
                            (rising edge-triggered cell FDRE clocked by u_top_n_1799  {rise@0.000ns fall@4.167ns period=8.333ns})
  Destination:            u_top/u_core/u_b/u_b_core/core/core/l5/mac/mac/tree_stage[2].channel[3].node[1].pair.sums_q_reg[2][3][1][22]/D
                            (rising edge-triggered cell FDRE clocked by u_top_n_1799  {rise@0.000ns fall@4.167ns period=8.333ns})
  Path Group:             u_top_n_1799
  Path Type:              Hold (Min at Fast Process Corner)
  Requirement:            0.000ns  (u_top_n_1799 rise@0.000ns - u_top_n_1799 rise@0.000ns)
  Data Path Delay:        0.521ns  (logic 0.441ns (84.622%)  route 0.080ns (15.378%))
  Logic Levels:           5  (CARRY4=4 LUT2=1)
  Clock Path Skew:        0.358ns (DCD - SCD - CPR)
    Destination Clock Delay (DCD):    2.570ns
    Source Clock Delay      (SCD):    1.923ns
    Clock Pessimism Removal (CPR):    0.289ns

    Location             Delay type                Incr(ns)  Path(ns)    Netlist Resource(s)
  -------------------------------------------------------------------    -------------------
                         (clock u_top_n_1799 rise edge)
                                                      0.000     0.000 r  
    W19                                               0.000     0.000 r  sys_clk (IN)
                         net (fo=0)                   0.000     0.000    sys_clk
    W19                  IBUF (Prop_ibuf_I_O)         0.277     0.277 r  sys_clk_IBUF_inst/O
                         net (fo=1, routed)           0.440     0.717    u_top/sys_clk_IBUF
    MMCME2_ADV_X0Y2      MMCME2_ADV (Prop_mmcme2_adv_CLKIN1_CLKOUT0)
                                                      0.050     0.767 r  u_top/g_mmcm.u_mmcm/CLKOUT0
                         net (fo=1, routed)           0.545     1.312    u_top_n_1799
    BUFGCTRL_X0Y0        BUFG (Prop_bufg_I_O)         0.026     1.338 r  bank_gen[3].mem_reg_i_1/O
                         net (fo=60844, routed)       0.585     1.923    u_top/u_core/u_b/u_b_core/core/core/l5/mac/mac/clk_200
    SLICE_X45Y197        FDRE                                         r  u_top/u_core/u_b/u_b_core/core/core/l5/mac/mac/tree_stage[1].channel[3].node[3].pair.sums_q_reg[1][3][3][11]/C
  -------------------------------------------------------------------    -------------------
    SLICE_X45Y197        FDRE (Prop_fdre_C_Q)         0.141     2.064 r  u_top/u_core/u_b/u_b_core/core/core/l5/mac/mac/tree_stage[1].channel[3].node[3].pair.sums_q_reg[1][3][3][11]/Q
                         net (fo=1, routed)           0.079     2.143    u_top/u_core/u_b/u_b_core/core/core/l5/mac/mac/tree_stage[1].channel[3].node[3].pair.sums_q_reg[1][3][3]_471[11]
    SLICE_X44Y197        LUT2 (Prop_lut2_I1_O)        0.045     2.188 r  u_top/u_core/u_b/u_b_core/core/core/l5/mac/mac/tree_stage[2].channel[3].node[1].pair.sums_q[2][3][1][11]_i_2/O
                         net (fo=1, routed)           0.000     2.188    u_top/u_core/u_b/u_b_core/core/core/l5/mac/mac/tree_stage[2].channel[3].node[1].pair.sums_q[2][3][1][11]_i_2_n_0
    SLICE_X44Y197        CARRY4 (Prop_carry4_S[3]_CO[3])
                                                      0.109     2.297 r  u_top/u_core/u_b/u_b_core/core/core/l5/mac/mac/tree_stage[2].channel[3].node[1].pair.sums_q_reg[2][3][1][11]_i_1/CO[3]
                         net (fo=1, routed)           0.000     2.297    u_top/u_core/u_b/u_b_core/core/core/l5/mac/mac/tree_stage[2].channel[3].node[1].pair.sums_q_reg[2][3][1][11]_i_1_n_0
    SLICE_X44Y198        CARRY4 (Prop_carry4_CI_CO[3])
                                                      0.040     2.337 r  u_top/u_core/u_b/u_b_core/core/core/l5/mac/mac/tree_stage[2].channel[3].node[1].pair.sums_q_reg[2][3][1][15]_i_1/CO[3]
                         net (fo=1, routed)           0.000     2.337    u_top/u_core/u_b/u_b_core/core/core/l5/mac/mac/tree_stage[2].channel[3].node[1].pair.sums_q_reg[2][3][1][15]_i_1_n_0
    SLICE_X44Y199        CARRY4 (Prop_carry4_CI_CO[3])
                                                      0.040     2.377 r  u_top/u_core/u_b/u_b_core/core/core/l5/mac/mac/tree_stage[2].channel[3].node[1].pair.sums_q_reg[2][3][1][19]_i_1/CO[3]
                         net (fo=1, routed)           0.001     2.378    u_top/u_core/u_b/u_b_core/core/core/l5/mac/mac/tree_stage[2].channel[3].node[1].pair.sums_q_reg[2][3][1][19]_i_1_n_0
    SLICE_X44Y200        CARRY4 (Prop_carry4_CI_O[2])
                                                      0.066     2.444 r  u_top/u_core/u_b/u_b_core/core/core/l5/mac/mac/tree_stage[2].channel[3].node[1].pair.sums_q_reg[2][3][1][23]_i_1/O[2]
                         net (fo=1, routed)           0.000     2.444    u_top/u_core/u_b/u_b_core/core/core/l5/mac/mac/tree_stage[2].channel[3].node[1].pair.added[22]
    SLICE_X44Y200        FDRE                                         r  u_top/u_core/u_b/u_b_core/core/core/l5/mac/mac/tree_stage[2].channel[3].node[1].pair.sums_q_reg[2][3][1][22]/D
  -------------------------------------------------------------------    -------------------

                         (clock u_top_n_1799 rise edge)
                                                      0.000     0.000 r  
    W19                                               0.000     0.000 r  sys_clk (IN)
                         net (fo=0)                   0.000     0.000    sys_clk
    W19                  IBUF (Prop_ibuf_I_O)         0.465     0.465 r  sys_clk_IBUF_inst/O
                         net (fo=1, routed)           0.480     0.945    u_top/sys_clk_IBUF
    MMCME2_ADV_X0Y2      MMCME2_ADV (Prop_mmcme2_adv_CLKIN1_CLKOUT0)
                                                      0.053     0.998 r  u_top/g_mmcm.u_mmcm/CLKOUT0
                         net (fo=1, routed)           0.595     1.593    u_top_n_1799
    BUFGCTRL_X0Y0        BUFG (Prop_bufg_I_O)         0.029     1.622 r  bank_gen[3].mem_reg_i_1/O
                         net (fo=60844, routed)       0.948     2.570    u_top/u_core/u_b/u_b_core/core/core/l5/mac/mac/clk_200
    SLICE_X44Y200        FDRE                                         r  u_top/u_core/u_b/u_b_core/core/core/l5/mac/mac/tree_stage[2].channel[3].node[1].pair.sums_q_reg[2][3][1][22]/C
                         clock pessimism             -0.289     2.281    
    SLICE_X44Y200        FDRE (Hold_fdre_C_D)         0.134     2.415    u_top/u_core/u_b/u_b_core/core/core/l5/mac/mac/tree_stage[2].channel[3].node[1].pair.sums_q_reg[2][3][1][22]
  -------------------------------------------------------------------
                         required time                         -2.415    
                         arrival time                           2.444    
  -------------------------------------------------------------------
                         slack                                  0.029    

Slack (MET) :             0.036ns  (arrival time - required time)
  Source:                 u_top/u_core/u_b/u_b_core/core/core/l5/gk.frontend/win/shift_reg[5][12]/C
                            (rising edge-triggered cell FDRE clocked by u_top_n_1799  {rise@0.000ns fall@4.167ns period=8.333ns})
  Destination:            u_top/u_core/u_b/u_b_core/core/core/l5/gk.frontend/fifo/g_wide_read.g_read_slice[20].mem_slice_reg_0_3_12_17/RAMA/I
                            (rising edge-triggered cell RAMD32 clocked by u_top_n_1799  {rise@0.000ns fall@4.167ns period=8.333ns})
  Path Group:             u_top_n_1799
  Path Type:              Hold (Min at Fast Process Corner)
  Requirement:            0.000ns  (u_top_n_1799 rise@0.000ns - u_top_n_1799 rise@0.000ns)
  Data Path Delay:        0.196ns  (logic 0.141ns (71.838%)  route 0.055ns (28.162%))
  Logic Levels:           0  
  Clock Path Skew:        0.013ns (DCD - SCD - CPR)
    Destination Clock Delay (DCD):    2.504ns
    Source Clock Delay      (SCD):    1.950ns
    Clock Pessimism Removal (CPR):    0.542ns

    Location             Delay type                Incr(ns)  Path(ns)    Netlist Resource(s)
  -------------------------------------------------------------------    -------------------
                         (clock u_top_n_1799 rise edge)
                                                      0.000     0.000 r  
    W19                                               0.000     0.000 r  sys_clk (IN)
                         net (fo=0)                   0.000     0.000    sys_clk
    W19                  IBUF (Prop_ibuf_I_O)         0.277     0.277 r  sys_clk_IBUF_inst/O
                         net (fo=1, routed)           0.440     0.717    u_top/sys_clk_IBUF
    MMCME2_ADV_X0Y2      MMCME2_ADV (Prop_mmcme2_adv_CLKIN1_CLKOUT0)
                                                      0.050     0.767 r  u_top/g_mmcm.u_mmcm/CLKOUT0
                         net (fo=1, routed)           0.545     1.312    u_top_n_1799
    BUFGCTRL_X0Y0        BUFG (Prop_bufg_I_O)         0.026     1.338 r  bank_gen[3].mem_reg_i_1/O
                         net (fo=60844, routed)       0.612     1.950    u_top/u_core/u_b/u_b_core/core/core/l5/gk.frontend/win/clk_200
    SLICE_X37Y136        FDRE                                         r  u_top/u_core/u_b/u_b_core/core/core/l5/gk.frontend/win/shift_reg[5][12]/C
  -------------------------------------------------------------------    -------------------
    SLICE_X37Y136        FDRE (Prop_fdre_C_Q)         0.141     2.091 r  u_top/u_core/u_b/u_b_core/core/core/l5/gk.frontend/win/shift_reg[5][12]/Q
                         net (fo=1, routed)           0.055     2.146    u_top/u_core/u_b/u_b_core/core/core/l5/gk.frontend/fifo/g_wide_read.g_read_slice[20].mem_slice_reg_0_3_12_17/DIA0
    SLICE_X36Y136        RAMD32                                       r  u_top/u_core/u_b/u_b_core/core/core/l5/gk.frontend/fifo/g_wide_read.g_read_slice[20].mem_slice_reg_0_3_12_17/RAMA/I
  -------------------------------------------------------------------    -------------------

                         (clock u_top_n_1799 rise edge)
                                                      0.000     0.000 r  
    W19                                               0.000     0.000 r  sys_clk (IN)
                         net (fo=0)                   0.000     0.000    sys_clk
    W19                  IBUF (Prop_ibuf_I_O)         0.465     0.465 r  sys_clk_IBUF_inst/O
                         net (fo=1, routed)           0.480     0.945    u_top/sys_clk_IBUF
    MMCME2_ADV_X0Y2      MMCME2_ADV (Prop_mmcme2_adv_CLKIN1_CLKOUT0)
                                                      0.053     0.998 r  u_top/g_mmcm.u_mmcm/CLKOUT0
                         net (fo=1, routed)           0.595     1.593    u_top_n_1799
    BUFGCTRL_X0Y0        BUFG (Prop_bufg_I_O)         0.029     1.622 r  bank_gen[3].mem_reg_i_1/O
                         net (fo=60844, routed)       0.883     2.504    u_top/u_core/u_b/u_b_core/core/core/l5/gk.frontend/fifo/g_wide_read.g_read_slice[20].mem_slice_reg_0_3_12_17/WCLK
    SLICE_X36Y136        RAMD32                                       r  u_top/u_core/u_b/u_b_core/core/core/l5/gk.frontend/fifo/g_wide_read.g_read_slice[20].mem_slice_reg_0_3_12_17/RAMA/CLK
                         clock pessimism             -0.542     1.963    
    SLICE_X36Y136        RAMD32 (Hold_ramd32_CLK_I)
                                                      0.147     2.110    u_top/u_core/u_b/u_b_core/core/core/l5/gk.frontend/fifo/g_wide_read.g_read_slice[20].mem_slice_reg_0_3_12_17/RAMA
  -------------------------------------------------------------------
                         required time                         -2.110    
                         arrival time                           2.146    
  -------------------------------------------------------------------
                         slack                                  0.036    

Slack (MET) :             0.036ns  (arrival time - required time)
  Source:                 u_top/u_core/u_b/u_b_core/core/core/l5/gk.frontend/win/shift_reg[5][146]/C
                            (rising edge-triggered cell FDRE clocked by u_top_n_1799  {rise@0.000ns fall@4.167ns period=8.333ns})
  Destination:            u_top/u_core/u_b/u_b_core/core/core/l5/gk.frontend/fifo/g_wide_read.g_read_slice[22].mem_slice_reg_0_3_18_23/RAMA/I
                            (rising edge-triggered cell RAMD32 clocked by u_top_n_1799  {rise@0.000ns fall@4.167ns period=8.333ns})
  Path Group:             u_top_n_1799
  Path Type:              Hold (Min at Fast Process Corner)
  Requirement:            0.000ns  (u_top_n_1799 rise@0.000ns - u_top_n_1799 rise@0.000ns)
  Data Path Delay:        0.196ns  (logic 0.141ns (71.838%)  route 0.055ns (28.162%))
  Logic Levels:           0  
  Clock Path Skew:        0.013ns (DCD - SCD - CPR)
    Destination Clock Delay (DCD):    2.474ns
    Source Clock Delay      (SCD):    1.920ns
    Clock Pessimism Removal (CPR):    0.542ns

    Location             Delay type                Incr(ns)  Path(ns)    Netlist Resource(s)
  -------------------------------------------------------------------    -------------------
                         (clock u_top_n_1799 rise edge)
                                                      0.000     0.000 r  
    W19                                               0.000     0.000 r  sys_clk (IN)
                         net (fo=0)                   0.000     0.000    sys_clk
    W19                  IBUF (Prop_ibuf_I_O)         0.277     0.277 r  sys_clk_IBUF_inst/O
                         net (fo=1, routed)           0.440     0.717    u_top/sys_clk_IBUF
    MMCME2_ADV_X0Y2      MMCME2_ADV (Prop_mmcme2_adv_CLKIN1_CLKOUT0)
                                                      0.050     0.767 r  u_top/g_mmcm.u_mmcm/CLKOUT0
                         net (fo=1, routed)           0.545     1.312    u_top_n_1799
    BUFGCTRL_X0Y0        BUFG (Prop_bufg_I_O)         0.026     1.338 r  bank_gen[3].mem_reg_i_1/O
                         net (fo=60844, routed)       0.582     1.920    u_top/u_core/u_b/u_b_core/core/core/l5/gk.frontend/win/clk_200
    SLICE_X61Y140        FDRE                                         r  u_top/u_core/u_b/u_b_core/core/core/l5/gk.frontend/win/shift_reg[5][146]/C
  -------------------------------------------------------------------    -------------------
    SLICE_X61Y140        FDRE (Prop_fdre_C_Q)         0.141     2.061 r  u_top/u_core/u_b/u_b_core/core/core/l5/gk.frontend/win/shift_reg[5][146]/Q
                         net (fo=1, routed)           0.055     2.116    u_top/u_core/u_b/u_b_core/core/core/l5/gk.frontend/fifo/g_wide_read.g_read_slice[22].mem_slice_reg_0_3_18_23/DIA0
    SLICE_X60Y140        RAMD32                                       r  u_top/u_core/u_b/u_b_core/core/core/l5/gk.frontend/fifo/g_wide_read.g_read_slice[22].mem_slice_reg_0_3_18_23/RAMA/I
  -------------------------------------------------------------------    -------------------

                         (clock u_top_n_1799 rise edge)
                                                      0.000     0.000 r  
    W19                                               0.000     0.000 r  sys_clk (IN)
                         net (fo=0)                   0.000     0.000    sys_clk
    W19                  IBUF (Prop_ibuf_I_O)         0.465     0.465 r  sys_clk_IBUF_inst/O
                         net (fo=1, routed)           0.480     0.945    u_top/sys_clk_IBUF
    MMCME2_ADV_X0Y2      MMCME2_ADV (Prop_mmcme2_adv_CLKIN1_CLKOUT0)
                                                      0.053     0.998 r  u_top/g_mmcm.u_mmcm/CLKOUT0
                         net (fo=1, routed)           0.595     1.593    u_top_n_1799
    BUFGCTRL_X0Y0        BUFG (Prop_bufg_I_O)         0.029     1.622 r  bank_gen[3].mem_reg_i_1/O
                         net (fo=60844, routed)       0.853     2.474    u_top/u_core/u_b/u_b_core/core/core/l5/gk.frontend/fifo/g_wide_read.g_read_slice[22].mem_slice_reg_0_3_18_23/WCLK
    SLICE_X60Y140        RAMD32                                       r  u_top/u_core/u_b/u_b_core/core/core/l5/gk.frontend/fifo/g_wide_read.g_read_slice[22].mem_slice_reg_0_3_18_23/RAMA/CLK
                         clock pessimism             -0.542     1.933    
    SLICE_X60Y140        RAMD32 (Hold_ramd32_CLK_I)
                                                      0.147     2.080    u_top/u_core/u_b/u_b_core/core/core/l5/gk.frontend/fifo/g_wide_read.g_read_slice[22].mem_slice_reg_0_3_18_23/RAMA
  -------------------------------------------------------------------
                         required time                         -2.080    
                         arrival time                           2.116    
  -------------------------------------------------------------------
                         slack                                  0.036    

Slack (MET) :             0.036ns  (arrival time - required time)
  Source:                 u_top/u_core/u_b/u_b_core/core/core/l5/gk.frontend/win/shift_reg[5][164]/C
                            (rising edge-triggered cell FDRE clocked by u_top_n_1799  {rise@0.000ns fall@4.167ns period=8.333ns})
  Destination:            u_top/u_core/u_b/u_b_core/core/core/l5/gk.frontend/fifo/g_wide_read.g_read_slice[22].mem_slice_reg_0_3_36_41/RAMA/I
                            (rising edge-triggered cell RAMD32 clocked by u_top_n_1799  {rise@0.000ns fall@4.167ns period=8.333ns})
  Path Group:             u_top_n_1799
  Path Type:              Hold (Min at Fast Process Corner)
  Requirement:            0.000ns  (u_top_n_1799 rise@0.000ns - u_top_n_1799 rise@0.000ns)
  Data Path Delay:        0.196ns  (logic 0.141ns (71.838%)  route 0.055ns (28.162%))
  Logic Levels:           0  
  Clock Path Skew:        0.013ns (DCD - SCD - CPR)
    Destination Clock Delay (DCD):    2.509ns
    Source Clock Delay      (SCD):    1.954ns
    Clock Pessimism Removal (CPR):    0.543ns

    Location             Delay type                Incr(ns)  Path(ns)    Netlist Resource(s)
  -------------------------------------------------------------------    -------------------
                         (clock u_top_n_1799 rise edge)
                                                      0.000     0.000 r  
    W19                                               0.000     0.000 r  sys_clk (IN)
                         net (fo=0)                   0.000     0.000    sys_clk
    W19                  IBUF (Prop_ibuf_I_O)         0.277     0.277 r  sys_clk_IBUF_inst/O
                         net (fo=1, routed)           0.440     0.717    u_top/sys_clk_IBUF
    MMCME2_ADV_X0Y2      MMCME2_ADV (Prop_mmcme2_adv_CLKIN1_CLKOUT0)
                                                      0.050     0.767 r  u_top/g_mmcm.u_mmcm/CLKOUT0
                         net (fo=1, routed)           0.545     1.312    u_top_n_1799
    BUFGCTRL_X0Y0        BUFG (Prop_bufg_I_O)         0.026     1.338 r  bank_gen[3].mem_reg_i_1/O
                         net (fo=60844, routed)       0.616     1.954    u_top/u_core/u_b/u_b_core/core/core/l5/gk.frontend/win/clk_200
    SLICE_X41Y143        FDRE                                         r  u_top/u_core/u_b/u_b_core/core/core/l5/gk.frontend/win/shift_reg[5][164]/C
  -------------------------------------------------------------------    -------------------
    SLICE_X41Y143        FDRE (Prop_fdre_C_Q)         0.141     2.095 r  u_top/u_core/u_b/u_b_core/core/core/l5/gk.frontend/win/shift_reg[5][164]/Q
                         net (fo=1, routed)           0.055     2.150    u_top/u_core/u_b/u_b_core/core/core/l5/gk.frontend/fifo/g_wide_read.g_read_slice[22].mem_slice_reg_0_3_36_41/DIA0
    SLICE_X40Y143        RAMD32                                       r  u_top/u_core/u_b/u_b_core/core/core/l5/gk.frontend/fifo/g_wide_read.g_read_slice[22].mem_slice_reg_0_3_36_41/RAMA/I
  -------------------------------------------------------------------    -------------------

                         (clock u_top_n_1799 rise edge)
                                                      0.000     0.000 r  
    W19                                               0.000     0.000 r  sys_clk (IN)
                         net (fo=0)                   0.000     0.000    sys_clk
    W19                  IBUF (Prop_ibuf_I_O)         0.465     0.465 r  sys_clk_IBUF_inst/O
                         net (fo=1, routed)           0.480     0.945    u_top/sys_clk_IBUF
    MMCME2_ADV_X0Y2      MMCME2_ADV (Prop_mmcme2_adv_CLKIN1_CLKOUT0)
                                                      0.053     0.998 r  u_top/g_mmcm.u_mmcm/CLKOUT0
                         net (fo=1, routed)           0.595     1.593    u_top_n_1799
    BUFGCTRL_X0Y0        BUFG (Prop_bufg_I_O)         0.029     1.622 r  bank_gen[3].mem_reg_i_1/O
                         net (fo=60844, routed)       0.888     2.509    u_top/u_core/u_b/u_b_core/core/core/l5/gk.frontend/fifo/g_wide_read.g_read_slice[22].mem_slice_reg_0_3_36_41/WCLK
    SLICE_X40Y143        RAMD32                                       r  u_top/u_core/u_b/u_b_core/core/core/l5/gk.frontend/fifo/g_wide_read.g_read_slice[22].mem_slice_reg_0_3_36_41/RAMA/CLK
                         clock pessimism             -0.543     1.967    
    SLICE_X40Y143        RAMD32 (Hold_ramd32_CLK_I)
                                                      0.147     2.114    u_top/u_core/u_b/u_b_core/core/core/l5/gk.frontend/fifo/g_wide_read.g_read_slice[22].mem_slice_reg_0_3_36_41/RAMA
  -------------------------------------------------------------------
                         required time                         -2.114    
                         arrival time                           2.150    
  -------------------------------------------------------------------
                         slack                                  0.036    

Slack (MET) :             0.036ns  (arrival time - required time)
  Source:                 u_top/u_core/u_b/u_b_core/core/core/l3/gk.frontend/win/shift_reg[0][100]/C
                            (rising edge-triggered cell FDRE clocked by u_top_n_1799  {rise@0.000ns fall@4.167ns period=8.333ns})
  Destination:            u_top/u_core/u_b/u_b_core/core/core/l3/gk.frontend/fifo/g_wide_read.g_read_slice[1].mem_slice_reg_0_3_36_41/RAMA/I
                            (rising edge-triggered cell RAMD32 clocked by u_top_n_1799  {rise@0.000ns fall@4.167ns period=8.333ns})
  Path Group:             u_top_n_1799
  Path Type:              Hold (Min at Fast Process Corner)
  Requirement:            0.000ns  (u_top_n_1799 rise@0.000ns - u_top_n_1799 rise@0.000ns)
  Data Path Delay:        0.196ns  (logic 0.141ns (71.838%)  route 0.055ns (28.162%))
  Logic Levels:           0  
  Clock Path Skew:        0.013ns (DCD - SCD - CPR)
    Destination Clock Delay (DCD):    2.578ns
    Source Clock Delay      (SCD):    2.019ns
    Clock Pessimism Removal (CPR):    0.546ns

    Location             Delay type                Incr(ns)  Path(ns)    Netlist Resource(s)
  -------------------------------------------------------------------    -------------------
                         (clock u_top_n_1799 rise edge)
                                                      0.000     0.000 r  
    W19                                               0.000     0.000 r  sys_clk (IN)
                         net (fo=0)                   0.000     0.000    sys_clk
    W19                  IBUF (Prop_ibuf_I_O)         0.277     0.277 r  sys_clk_IBUF_inst/O
                         net (fo=1, routed)           0.440     0.717    u_top/sys_clk_IBUF
    MMCME2_ADV_X0Y2      MMCME2_ADV (Prop_mmcme2_adv_CLKIN1_CLKOUT0)
                                                      0.050     0.767 r  u_top/g_mmcm.u_mmcm/CLKOUT0
                         net (fo=1, routed)           0.545     1.312    u_top_n_1799
    BUFGCTRL_X0Y0        BUFG (Prop_bufg_I_O)         0.026     1.338 r  bank_gen[3].mem_reg_i_1/O
                         net (fo=60844, routed)       0.681     2.019    u_top/u_core/u_b/u_b_core/core/core/l3/gk.frontend/win/clk_200
    SLICE_X41Y92         FDRE                                         r  u_top/u_core/u_b/u_b_core/core/core/l3/gk.frontend/win/shift_reg[0][100]/C
  -------------------------------------------------------------------    -------------------
    SLICE_X41Y92         FDRE (Prop_fdre_C_Q)         0.141     2.160 r  u_top/u_core/u_b/u_b_core/core/core/l3/gk.frontend/win/shift_reg[0][100]/Q
                         net (fo=1, routed)           0.055     2.215    u_top/u_core/u_b/u_b_core/core/core/l3/gk.frontend/fifo/g_wide_read.g_read_slice[1].mem_slice_reg_0_3_36_41/DIA0
    SLICE_X40Y92         RAMD32                                       r  u_top/u_core/u_b/u_b_core/core/core/l3/gk.frontend/fifo/g_wide_read.g_read_slice[1].mem_slice_reg_0_3_36_41/RAMA/I
  -------------------------------------------------------------------    -------------------

                         (clock u_top_n_1799 rise edge)
                                                      0.000     0.000 r  
    W19                                               0.000     0.000 r  sys_clk (IN)
                         net (fo=0)                   0.000     0.000    sys_clk
    W19                  IBUF (Prop_ibuf_I_O)         0.465     0.465 r  sys_clk_IBUF_inst/O
                         net (fo=1, routed)           0.480     0.945    u_top/sys_clk_IBUF
    MMCME2_ADV_X0Y2      MMCME2_ADV (Prop_mmcme2_adv_CLKIN1_CLKOUT0)
                                                      0.053     0.998 r  u_top/g_mmcm.u_mmcm/CLKOUT0
                         net (fo=1, routed)           0.595     1.593    u_top_n_1799
    BUFGCTRL_X0Y0        BUFG (Prop_bufg_I_O)         0.029     1.622 r  bank_gen[3].mem_reg_i_1/O
                         net (fo=60844, routed)       0.957     2.578    u_top/u_core/u_b/u_b_core/core/core/l3/gk.frontend/fifo/g_wide_read.g_read_slice[1].mem_slice_reg_0_3_36_41/WCLK
    SLICE_X40Y92         RAMD32                                       r  u_top/u_core/u_b/u_b_core/core/core/l3/gk.frontend/fifo/g_wide_read.g_read_slice[1].mem_slice_reg_0_3_36_41/RAMA/CLK
                         clock pessimism             -0.546     2.032    
    SLICE_X40Y92         RAMD32 (Hold_ramd32_CLK_I)
                                                      0.147     2.179    u_top/u_core/u_b/u_b_core/core/core/l3/gk.frontend/fifo/g_wide_read.g_read_slice[1].mem_slice_reg_0_3_36_41/RAMA
  -------------------------------------------------------------------
                         required time                         -2.179    
                         arrival time                           2.215    
  -------------------------------------------------------------------
                         slack                                  0.036    

Slack (MET) :             0.036ns  (arrival time - required time)
  Source:                 u_top/u_core/u_b/u_b_core/core/core/l3/gk.frontend/win/shift_reg[3][48]/C
                            (rising edge-triggered cell FDRE clocked by u_top_n_1799  {rise@0.000ns fall@4.167ns period=8.333ns})
  Destination:            u_top/u_core/u_b/u_b_core/core/core/l3/gk.frontend/fifo/g_wide_read.g_read_slice[6].mem_slice_reg_0_3_48_53/RAMA/I
                            (rising edge-triggered cell RAMD32 clocked by u_top_n_1799  {rise@0.000ns fall@4.167ns period=8.333ns})
  Path Group:             u_top_n_1799
  Path Type:              Hold (Min at Fast Process Corner)
  Requirement:            0.000ns  (u_top_n_1799 rise@0.000ns - u_top_n_1799 rise@0.000ns)
  Data Path Delay:        0.196ns  (logic 0.141ns (71.838%)  route 0.055ns (28.162%))
  Logic Levels:           0  
  Clock Path Skew:        0.013ns (DCD - SCD - CPR)
    Destination Clock Delay (DCD):    2.546ns
    Source Clock Delay      (SCD):    1.989ns
    Clock Pessimism Removal (CPR):    0.544ns

    Location             Delay type                Incr(ns)  Path(ns)    Netlist Resource(s)
  -------------------------------------------------------------------    -------------------
                         (clock u_top_n_1799 rise edge)
                                                      0.000     0.000 r  
    W19                                               0.000     0.000 r  sys_clk (IN)
                         net (fo=0)                   0.000     0.000    sys_clk
    W19                  IBUF (Prop_ibuf_I_O)         0.277     0.277 r  sys_clk_IBUF_inst/O
                         net (fo=1, routed)           0.440     0.717    u_top/sys_clk_IBUF
    MMCME2_ADV_X0Y2      MMCME2_ADV (Prop_mmcme2_adv_CLKIN1_CLKOUT0)
                                                      0.050     0.767 r  u_top/g_mmcm.u_mmcm/CLKOUT0
                         net (fo=1, routed)           0.545     1.312    u_top_n_1799
    BUFGCTRL_X0Y0        BUFG (Prop_bufg_I_O)         0.026     1.338 r  bank_gen[3].mem_reg_i_1/O
                         net (fo=60844, routed)       0.651     1.989    u_top/u_core/u_b/u_b_core/core/core/l3/gk.frontend/win/clk_200
    SLICE_X49Y92         FDRE                                         r  u_top/u_core/u_b/u_b_core/core/core/l3/gk.frontend/win/shift_reg[3][48]/C
  -------------------------------------------------------------------    -------------------
    SLICE_X49Y92         FDRE (Prop_fdre_C_Q)         0.141     2.130 r  u_top/u_core/u_b/u_b_core/core/core/l3/gk.frontend/win/shift_reg[3][48]/Q
                         net (fo=1, routed)           0.055     2.185    u_top/u_core/u_b/u_b_core/core/core/l3/gk.frontend/fifo/g_wide_read.g_read_slice[6].mem_slice_reg_0_3_48_53/DIA0
    SLICE_X48Y92         RAMD32                                       r  u_top/u_core/u_b/u_b_core/core/core/l3/gk.frontend/fifo/g_wide_read.g_read_slice[6].mem_slice_reg_0_3_48_53/RAMA/I
  -------------------------------------------------------------------    -------------------

                         (clock u_top_n_1799 rise edge)
                                                      0.000     0.000 r  
    W19                                               0.000     0.000 r  sys_clk (IN)
                         net (fo=0)                   0.000     0.000    sys_clk
    W19                  IBUF (Prop_ibuf_I_O)         0.465     0.465 r  sys_clk_IBUF_inst/O
                         net (fo=1, routed)           0.480     0.945    u_top/sys_clk_IBUF
    MMCME2_ADV_X0Y2      MMCME2_ADV (Prop_mmcme2_adv_CLKIN1_CLKOUT0)
                                                      0.053     0.998 r  u_top/g_mmcm.u_mmcm/CLKOUT0
                         net (fo=1, routed)           0.595     1.593    u_top_n_1799
    BUFGCTRL_X0Y0        BUFG (Prop_bufg_I_O)         0.029     1.622 r  bank_gen[3].mem_reg_i_1/O
                         net (fo=60844, routed)       0.925     2.546    u_top/u_core/u_b/u_b_core/core/core/l3/gk.frontend/fifo/g_wide_read.g_read_slice[6].mem_slice_reg_0_3_48_53/WCLK
    SLICE_X48Y92         RAMD32                                       r  u_top/u_core/u_b/u_b_core/core/core/l3/gk.frontend/fifo/g_wide_read.g_read_slice[6].mem_slice_reg_0_3_48_53/RAMA/CLK
                         clock pessimism             -0.544     2.002    
    SLICE_X48Y92         RAMD32 (Hold_ramd32_CLK_I)
                                                      0.147     2.149    u_top/u_core/u_b/u_b_core/core/core/l3/gk.frontend/fifo/g_wide_read.g_read_slice[6].mem_slice_reg_0_3_48_53/RAMA
  -------------------------------------------------------------------
                         required time                         -2.149    
                         arrival time                           2.185    
  -------------------------------------------------------------------
                         slack                                  0.036    

Slack (MET) :             0.036ns  (arrival time - required time)
  Source:                 u_top/u_core/u_b/u_b_core/core/core/l5/gk.frontend/win/shift_reg[0][42]/C
                            (rising edge-triggered cell FDRE clocked by u_top_n_1799  {rise@0.000ns fall@4.167ns period=8.333ns})
  Destination:            u_top/u_core/u_b/u_b_core/core/core/l5/gk.frontend/fifo/g_wide_read.g_read_slice[0].mem_slice_reg_0_3_42_47/RAMA/I
                            (rising edge-triggered cell RAMD32 clocked by u_top_n_1799  {rise@0.000ns fall@4.167ns period=8.333ns})
  Path Group:             u_top_n_1799
  Path Type:              Hold (Min at Fast Process Corner)
  Requirement:            0.000ns  (u_top_n_1799 rise@0.000ns - u_top_n_1799 rise@0.000ns)
  Data Path Delay:        0.196ns  (logic 0.141ns (71.838%)  route 0.055ns (28.162%))
  Logic Levels:           0  
  Clock Path Skew:        0.013ns (DCD - SCD - CPR)
    Destination Clock Delay (DCD):    2.473ns
    Source Clock Delay      (SCD):    1.919ns
    Clock Pessimism Removal (CPR):    0.542ns

    Location             Delay type                Incr(ns)  Path(ns)    Netlist Resource(s)
  -------------------------------------------------------------------    -------------------
                         (clock u_top_n_1799 rise edge)
                                                      0.000     0.000 r  
    W19                                               0.000     0.000 r  sys_clk (IN)
                         net (fo=0)                   0.000     0.000    sys_clk
    W19                  IBUF (Prop_ibuf_I_O)         0.277     0.277 r  sys_clk_IBUF_inst/O
                         net (fo=1, routed)           0.440     0.717    u_top/sys_clk_IBUF
    MMCME2_ADV_X0Y2      MMCME2_ADV (Prop_mmcme2_adv_CLKIN1_CLKOUT0)
                                                      0.050     0.767 r  u_top/g_mmcm.u_mmcm/CLKOUT0
                         net (fo=1, routed)           0.545     1.312    u_top_n_1799
    BUFGCTRL_X0Y0        BUFG (Prop_bufg_I_O)         0.026     1.338 r  bank_gen[3].mem_reg_i_1/O
                         net (fo=60844, routed)       0.581     1.919    u_top/u_core/u_b/u_b_core/core/core/l5/gk.frontend/win/clk_200
    SLICE_X57Y160        FDRE                                         r  u_top/u_core/u_b/u_b_core/core/core/l5/gk.frontend/win/shift_reg[0][42]/C
  -------------------------------------------------------------------    -------------------
    SLICE_X57Y160        FDRE (Prop_fdre_C_Q)         0.141     2.060 r  u_top/u_core/u_b/u_b_core/core/core/l5/gk.frontend/win/shift_reg[0][42]/Q
                         net (fo=1, routed)           0.055     2.115    u_top/u_core/u_b/u_b_core/core/core/l5/gk.frontend/fifo/g_wide_read.g_read_slice[0].mem_slice_reg_0_3_42_47/DIA0
    SLICE_X56Y160        RAMD32                                       r  u_top/u_core/u_b/u_b_core/core/core/l5/gk.frontend/fifo/g_wide_read.g_read_slice[0].mem_slice_reg_0_3_42_47/RAMA/I
  -------------------------------------------------------------------    -------------------

                         (clock u_top_n_1799 rise edge)
                                                      0.000     0.000 r  
    W19                                               0.000     0.000 r  sys_clk (IN)
                         net (fo=0)                   0.000     0.000    sys_clk
    W19                  IBUF (Prop_ibuf_I_O)         0.465     0.465 r  sys_clk_IBUF_inst/O
                         net (fo=1, routed)           0.480     0.945    u_top/sys_clk_IBUF
    MMCME2_ADV_X0Y2      MMCME2_ADV (Prop_mmcme2_adv_CLKIN1_CLKOUT0)
                                                      0.053     0.998 r  u_top/g_mmcm.u_mmcm/CLKOUT0
                         net (fo=1, routed)           0.595     1.593    u_top_n_1799
    BUFGCTRL_X0Y0        BUFG (Prop_bufg_I_O)         0.029     1.622 r  bank_gen[3].mem_reg_i_1/O
                         net (fo=60844, routed)       0.851     2.473    u_top/u_core/u_b/u_b_core/core/core/l5/gk.frontend/fifo/g_wide_read.g_read_slice[0].mem_slice_reg_0_3_42_47/WCLK
    SLICE_X56Y160        RAMD32                                       r  u_top/u_core/u_b/u_b_core/core/core/l5/gk.frontend/fifo/g_wide_read.g_read_slice[0].mem_slice_reg_0_3_42_47/RAMA/CLK
                         clock pessimism             -0.542     1.932    
    SLICE_X56Y160        RAMD32 (Hold_ramd32_CLK_I)
                                                      0.147     2.079    u_top/u_core/u_b/u_b_core/core/core/l5/gk.frontend/fifo/g_wide_read.g_read_slice[0].mem_slice_reg_0_3_42_47/RAMA
  -------------------------------------------------------------------
                         required time                         -2.079    
                         arrival time                           2.115    
  -------------------------------------------------------------------
                         slack                                  0.036    

Slack (MET) :             0.036ns  (arrival time - required time)
  Source:                 u_top/u_core/u_b/u_b_core/core/core/l5/gk.frontend/win/shift_reg[5][112]/C
                            (rising edge-triggered cell FDRE clocked by u_top_n_1799  {rise@0.000ns fall@4.167ns period=8.333ns})
  Destination:            u_top/u_core/u_b/u_b_core/core/core/l5/gk.frontend/fifo/g_wide_read.g_read_slice[21].mem_slice_reg_0_3_48_53/RAMA/I
                            (rising edge-triggered cell RAMD32 clocked by u_top_n_1799  {rise@0.000ns fall@4.167ns period=8.333ns})
  Path Group:             u_top_n_1799
  Path Type:              Hold (Min at Fast Process Corner)
  Requirement:            0.000ns  (u_top_n_1799 rise@0.000ns - u_top_n_1799 rise@0.000ns)
  Data Path Delay:        0.196ns  (logic 0.141ns (71.838%)  route 0.055ns (28.162%))
  Logic Levels:           0  
  Clock Path Skew:        0.013ns (DCD - SCD - CPR)
    Destination Clock Delay (DCD):    2.473ns
    Source Clock Delay      (SCD):    1.920ns
    Clock Pessimism Removal (CPR):    0.541ns

    Location             Delay type                Incr(ns)  Path(ns)    Netlist Resource(s)
  -------------------------------------------------------------------    -------------------
                         (clock u_top_n_1799 rise edge)
                                                      0.000     0.000 r  
    W19                                               0.000     0.000 r  sys_clk (IN)
                         net (fo=0)                   0.000     0.000    sys_clk
    W19                  IBUF (Prop_ibuf_I_O)         0.277     0.277 r  sys_clk_IBUF_inst/O
                         net (fo=1, routed)           0.440     0.717    u_top/sys_clk_IBUF
    MMCME2_ADV_X0Y2      MMCME2_ADV (Prop_mmcme2_adv_CLKIN1_CLKOUT0)
                                                      0.050     0.767 r  u_top/g_mmcm.u_mmcm/CLKOUT0
                         net (fo=1, routed)           0.545     1.312    u_top_n_1799
    BUFGCTRL_X0Y0        BUFG (Prop_bufg_I_O)         0.026     1.338 r  bank_gen[3].mem_reg_i_1/O
                         net (fo=60844, routed)       0.582     1.920    u_top/u_core/u_b/u_b_core/core/core/l5/gk.frontend/win/clk_200
    SLICE_X57Y137        FDRE                                         r  u_top/u_core/u_b/u_b_core/core/core/l5/gk.frontend/win/shift_reg[5][112]/C
  -------------------------------------------------------------------    -------------------
    SLICE_X57Y137        FDRE (Prop_fdre_C_Q)         0.141     2.061 r  u_top/u_core/u_b/u_b_core/core/core/l5/gk.frontend/win/shift_reg[5][112]/Q
                         net (fo=1, routed)           0.055     2.116    u_top/u_core/u_b/u_b_core/core/core/l5/gk.frontend/fifo/g_wide_read.g_read_slice[21].mem_slice_reg_0_3_48_53/DIA0
    SLICE_X56Y137        RAMD32                                       r  u_top/u_core/u_b/u_b_core/core/core/l5/gk.frontend/fifo/g_wide_read.g_read_slice[21].mem_slice_reg_0_3_48_53/RAMA/I
  -------------------------------------------------------------------    -------------------

                         (clock u_top_n_1799 rise edge)
                                                      0.000     0.000 r  
    W19                                               0.000     0.000 r  sys_clk (IN)
                         net (fo=0)                   0.000     0.000    sys_clk
    W19                  IBUF (Prop_ibuf_I_O)         0.465     0.465 r  sys_clk_IBUF_inst/O
                         net (fo=1, routed)           0.480     0.945    u_top/sys_clk_IBUF
    MMCME2_ADV_X0Y2      MMCME2_ADV (Prop_mmcme2_adv_CLKIN1_CLKOUT0)
                                                      0.053     0.998 r  u_top/g_mmcm.u_mmcm/CLKOUT0
                         net (fo=1, routed)           0.595     1.593    u_top_n_1799
    BUFGCTRL_X0Y0        BUFG (Prop_bufg_I_O)         0.029     1.622 r  bank_gen[3].mem_reg_i_1/O
                         net (fo=60844, routed)       0.852     2.473    u_top/u_core/u_b/u_b_core/core/core/l5/gk.frontend/fifo/g_wide_read.g_read_slice[21].mem_slice_reg_0_3_48_53/WCLK
    SLICE_X56Y137        RAMD32                                       r  u_top/u_core/u_b/u_b_core/core/core/l5/gk.frontend/fifo/g_wide_read.g_read_slice[21].mem_slice_reg_0_3_48_53/RAMA/CLK
                         clock pessimism             -0.541     1.933    
    SLICE_X56Y137        RAMD32 (Hold_ramd32_CLK_I)
                                                      0.147     2.080    u_top/u_core/u_b/u_b_core/core/core/l5/gk.frontend/fifo/g_wide_read.g_read_slice[21].mem_slice_reg_0_3_48_53/RAMA
  -------------------------------------------------------------------
                         required time                         -2.080    
                         arrival time                           2.116    
  -------------------------------------------------------------------
                         slack                                  0.036    

Slack (MET) :             0.036ns  (arrival time - required time)
  Source:                 u_top/u_core/u_b/u_b_core/core/core/l5/gk.frontend/win/shift_reg[0][240]/C
                            (rising edge-triggered cell FDRE clocked by u_top_n_1799  {rise@0.000ns fall@4.167ns period=8.333ns})
  Destination:            u_top/u_core/u_b/u_b_core/core/core/l5/gk.frontend/fifo/g_wide_read.g_read_slice[3].mem_slice_reg_0_3_48_53/RAMA/I
                            (rising edge-triggered cell RAMD32 clocked by u_top_n_1799  {rise@0.000ns fall@4.167ns period=8.333ns})
  Path Group:             u_top_n_1799
  Path Type:              Hold (Min at Fast Process Corner)
  Requirement:            0.000ns  (u_top_n_1799 rise@0.000ns - u_top_n_1799 rise@0.000ns)
  Data Path Delay:        0.196ns  (logic 0.141ns (71.838%)  route 0.055ns (28.162%))
  Logic Levels:           0  
  Clock Path Skew:        0.013ns (DCD - SCD - CPR)
    Destination Clock Delay (DCD):    2.467ns
    Source Clock Delay      (SCD):    1.913ns
    Clock Pessimism Removal (CPR):    0.542ns

    Location             Delay type                Incr(ns)  Path(ns)    Netlist Resource(s)
  -------------------------------------------------------------------    -------------------
                         (clock u_top_n_1799 rise edge)
                                                      0.000     0.000 r  
    W19                                               0.000     0.000 r  sys_clk (IN)
                         net (fo=0)                   0.000     0.000    sys_clk
    W19                  IBUF (Prop_ibuf_I_O)         0.277     0.277 r  sys_clk_IBUF_inst/O
                         net (fo=1, routed)           0.440     0.717    u_top/sys_clk_IBUF
    MMCME2_ADV_X0Y2      MMCME2_ADV (Prop_mmcme2_adv_CLKIN1_CLKOUT0)
                                                      0.050     0.767 r  u_top/g_mmcm.u_mmcm/CLKOUT0
                         net (fo=1, routed)           0.545     1.312    u_top_n_1799
    BUFGCTRL_X0Y0        BUFG (Prop_bufg_I_O)         0.026     1.338 r  bank_gen[3].mem_reg_i_1/O
                         net (fo=60844, routed)       0.575     1.913    u_top/u_core/u_b/u_b_core/core/core/l5/gk.frontend/win/clk_200
    SLICE_X69Y157        FDRE                                         r  u_top/u_core/u_b/u_b_core/core/core/l5/gk.frontend/win/shift_reg[0][240]/C
  -------------------------------------------------------------------    -------------------
    SLICE_X69Y157        FDRE (Prop_fdre_C_Q)         0.141     2.054 r  u_top/u_core/u_b/u_b_core/core/core/l5/gk.frontend/win/shift_reg[0][240]/Q
                         net (fo=1, routed)           0.055     2.109    u_top/u_core/u_b/u_b_core/core/core/l5/gk.frontend/fifo/g_wide_read.g_read_slice[3].mem_slice_reg_0_3_48_53/DIA0
    SLICE_X68Y157        RAMD32                                       r  u_top/u_core/u_b/u_b_core/core/core/l5/gk.frontend/fifo/g_wide_read.g_read_slice[3].mem_slice_reg_0_3_48_53/RAMA/I
  -------------------------------------------------------------------    -------------------

                         (clock u_top_n_1799 rise edge)
                                                      0.000     0.000 r  
    W19                                               0.000     0.000 r  sys_clk (IN)
                         net (fo=0)                   0.000     0.000    sys_clk
    W19                  IBUF (Prop_ibuf_I_O)         0.465     0.465 r  sys_clk_IBUF_inst/O
                         net (fo=1, routed)           0.480     0.945    u_top/sys_clk_IBUF
    MMCME2_ADV_X0Y2      MMCME2_ADV (Prop_mmcme2_adv_CLKIN1_CLKOUT0)
                                                      0.053     0.998 r  u_top/g_mmcm.u_mmcm/CLKOUT0
                         net (fo=1, routed)           0.595     1.593    u_top_n_1799
    BUFGCTRL_X0Y0        BUFG (Prop_bufg_I_O)         0.029     1.622 r  bank_gen[3].mem_reg_i_1/O
                         net (fo=60844, routed)       0.845     2.467    u_top/u_core/u_b/u_b_core/core/core/l5/gk.frontend/fifo/g_wide_read.g_read_slice[3].mem_slice_reg_0_3_48_53/WCLK
    SLICE_X68Y157        RAMD32                                       r  u_top/u_core/u_b/u_b_core/core/core/l5/gk.frontend/fifo/g_wide_read.g_read_slice[3].mem_slice_reg_0_3_48_53/RAMA/CLK
                         clock pessimism             -0.542     1.926    
    SLICE_X68Y157        RAMD32 (Hold_ramd32_CLK_I)
                                                      0.147     2.073    u_top/u_core/u_b/u_b_core/core/core/l5/gk.frontend/fifo/g_wide_read.g_read_slice[3].mem_slice_reg_0_3_48_53/RAMA
  -------------------------------------------------------------------
                         required time                         -2.073    
                         arrival time                           2.109    
  -------------------------------------------------------------------
                         slack                                  0.036    

Slack (MET) :             0.036ns  (arrival time - required time)
  Source:                 u_top/u_core/u_b/u_b_core/core/core/l5/gk.frontend/win/shift_reg[10][0]/C
                            (rising edge-triggered cell FDRE clocked by u_top_n_1799  {rise@0.000ns fall@4.167ns period=8.333ns})
  Destination:            u_top/u_core/u_b/u_b_core/core/core/l5/gk.frontend/fifo/g_wide_read.g_read_slice[40].mem_slice_reg_0_3_0_5/RAMA/I
                            (rising edge-triggered cell RAMD32 clocked by u_top_n_1799  {rise@0.000ns fall@4.167ns period=8.333ns})
  Path Group:             u_top_n_1799
  Path Type:              Hold (Min at Fast Process Corner)
  Requirement:            0.000ns  (u_top_n_1799 rise@0.000ns - u_top_n_1799 rise@0.000ns)
  Data Path Delay:        0.196ns  (logic 0.141ns (71.838%)  route 0.055ns (28.162%))
  Logic Levels:           0  
  Clock Path Skew:        0.013ns (DCD - SCD - CPR)
    Destination Clock Delay (DCD):    2.475ns
    Source Clock Delay      (SCD):    1.922ns
    Clock Pessimism Removal (CPR):    0.541ns

    Location             Delay type                Incr(ns)  Path(ns)    Netlist Resource(s)
  -------------------------------------------------------------------    -------------------
                         (clock u_top_n_1799 rise edge)
                                                      0.000     0.000 r  
    W19                                               0.000     0.000 r  sys_clk (IN)
                         net (fo=0)                   0.000     0.000    sys_clk
    W19                  IBUF (Prop_ibuf_I_O)         0.277     0.277 r  sys_clk_IBUF_inst/O
                         net (fo=1, routed)           0.440     0.717    u_top/sys_clk_IBUF
    MMCME2_ADV_X0Y2      MMCME2_ADV (Prop_mmcme2_adv_CLKIN1_CLKOUT0)
                                                      0.050     0.767 r  u_top/g_mmcm.u_mmcm/CLKOUT0
                         net (fo=1, routed)           0.545     1.312    u_top_n_1799
    BUFGCTRL_X0Y0        BUFG (Prop_bufg_I_O)         0.026     1.338 r  bank_gen[3].mem_reg_i_1/O
                         net (fo=60844, routed)       0.584     1.922    u_top/u_core/u_b/u_b_core/core/core/l5/gk.frontend/win/clk_200
    SLICE_X47Y111        FDRE                                         r  u_top/u_core/u_b/u_b_core/core/core/l5/gk.frontend/win/shift_reg[10][0]/C
  -------------------------------------------------------------------    -------------------
    SLICE_X47Y111        FDRE (Prop_fdre_C_Q)         0.141     2.063 r  u_top/u_core/u_b/u_b_core/core/core/l5/gk.frontend/win/shift_reg[10][0]/Q
                         net (fo=1, routed)           0.055     2.118    u_top/u_core/u_b/u_b_core/core/core/l5/gk.frontend/fifo/g_wide_read.g_read_slice[40].mem_slice_reg_0_3_0_5/DIA0
    SLICE_X46Y111        RAMD32                                       r  u_top/u_core/u_b/u_b_core/core/core/l5/gk.frontend/fifo/g_wide_read.g_read_slice[40].mem_slice_reg_0_3_0_5/RAMA/I
  -------------------------------------------------------------------    -------------------

                         (clock u_top_n_1799 rise edge)
                                                      0.000     0.000 r  
    W19                                               0.000     0.000 r  sys_clk (IN)
                         net (fo=0)                   0.000     0.000    sys_clk
    W19                  IBUF (Prop_ibuf_I_O)         0.465     0.465 r  sys_clk_IBUF_inst/O
                         net (fo=1, routed)           0.480     0.945    u_top/sys_clk_IBUF
    MMCME2_ADV_X0Y2      MMCME2_ADV (Prop_mmcme2_adv_CLKIN1_CLKOUT0)
                                                      0.053     0.998 r  u_top/g_mmcm.u_mmcm/CLKOUT0
                         net (fo=1, routed)           0.595     1.593    u_top_n_1799
    BUFGCTRL_X0Y0        BUFG (Prop_bufg_I_O)         0.029     1.622 r  bank_gen[3].mem_reg_i_1/O
                         net (fo=60844, routed)       0.854     2.475    u_top/u_core/u_b/u_b_core/core/core/l5/gk.frontend/fifo/g_wide_read.g_read_slice[40].mem_slice_reg_0_3_0_5/WCLK
    SLICE_X46Y111        RAMD32                                       r  u_top/u_core/u_b/u_b_core/core/core/l5/gk.frontend/fifo/g_wide_read.g_read_slice[40].mem_slice_reg_0_3_0_5/RAMA/CLK
                         clock pessimism             -0.541     1.935    
    SLICE_X46Y111        RAMD32 (Hold_ramd32_CLK_I)
                                                      0.147     2.082    u_top/u_core/u_b/u_b_core/core/core/l5/gk.frontend/fifo/g_wide_read.g_read_slice[40].mem_slice_reg_0_3_0_5/RAMA
  -------------------------------------------------------------------
                         required time                         -2.082    
                         arrival time                           2.118    
  -------------------------------------------------------------------
                         slack                                  0.036    

Slack (MET) :             0.036ns  (arrival time - required time)
  Source:                 u_top/u_core/u_b/u_b_core/core/core/l5/gk.frontend/win/shift_reg[10][94]/C
                            (rising edge-triggered cell FDRE clocked by u_top_n_1799  {rise@0.000ns fall@4.167ns period=8.333ns})
  Destination:            u_top/u_core/u_b/u_b_core/core/core/l5/gk.frontend/fifo/g_wide_read.g_read_slice[41].mem_slice_reg_0_3_30_35/RAMA/I
                            (rising edge-triggered cell RAMD32 clocked by u_top_n_1799  {rise@0.000ns fall@4.167ns period=8.333ns})
  Path Group:             u_top_n_1799
  Path Type:              Hold (Min at Fast Process Corner)
  Requirement:            0.000ns  (u_top_n_1799 rise@0.000ns - u_top_n_1799 rise@0.000ns)
  Data Path Delay:        0.196ns  (logic 0.141ns (71.838%)  route 0.055ns (28.162%))
  Logic Levels:           0  
  Clock Path Skew:        0.013ns (DCD - SCD - CPR)
    Destination Clock Delay (DCD):    2.475ns
    Source Clock Delay      (SCD):    1.922ns
    Clock Pessimism Removal (CPR):    0.541ns

    Location             Delay type                Incr(ns)  Path(ns)    Netlist Resource(s)
  -------------------------------------------------------------------    -------------------
                         (clock u_top_n_1799 rise edge)
                                                      0.000     0.000 r  
    W19                                               0.000     0.000 r  sys_clk (IN)
                         net (fo=0)                   0.000     0.000    sys_clk
    W19                  IBUF (Prop_ibuf_I_O)         0.277     0.277 r  sys_clk_IBUF_inst/O
                         net (fo=1, routed)           0.440     0.717    u_top/sys_clk_IBUF
    MMCME2_ADV_X0Y2      MMCME2_ADV (Prop_mmcme2_adv_CLKIN1_CLKOUT0)
                                                      0.050     0.767 r  u_top/g_mmcm.u_mmcm/CLKOUT0
                         net (fo=1, routed)           0.545     1.312    u_top_n_1799
    BUFGCTRL_X0Y0        BUFG (Prop_bufg_I_O)         0.026     1.338 r  bank_gen[3].mem_reg_i_1/O
                         net (fo=60844, routed)       0.584     1.922    u_top/u_core/u_b/u_b_core/core/core/l5/gk.frontend/win/clk_200
    SLICE_X53Y111        FDRE                                         r  u_top/u_core/u_b/u_b_core/core/core/l5/gk.frontend/win/shift_reg[10][94]/C
  -------------------------------------------------------------------    -------------------
    SLICE_X53Y111        FDRE (Prop_fdre_C_Q)         0.141     2.063 r  u_top/u_core/u_b/u_b_core/core/core/l5/gk.frontend/win/shift_reg[10][94]/Q
                         net (fo=1, routed)           0.055     2.118    u_top/u_core/u_b/u_b_core/core/core/l5/gk.frontend/fifo/g_wide_read.g_read_slice[41].mem_slice_reg_0_3_30_35/DIA0
    SLICE_X52Y111        RAMD32                                       r  u_top/u_core/u_b/u_b_core/core/core/l5/gk.frontend/fifo/g_wide_read.g_read_slice[41].mem_slice_reg_0_3_30_35/RAMA/I
  -------------------------------------------------------------------    -------------------

                         (clock u_top_n_1799 rise edge)
                                                      0.000     0.000 r  
    W19                                               0.000     0.000 r  sys_clk (IN)
                         net (fo=0)                   0.000     0.000    sys_clk
    W19                  IBUF (Prop_ibuf_I_O)         0.465     0.465 r  sys_clk_IBUF_inst/O
                         net (fo=1, routed)           0.480     0.945    u_top/sys_clk_IBUF
    MMCME2_ADV_X0Y2      MMCME2_ADV (Prop_mmcme2_adv_CLKIN1_CLKOUT0)
                                                      0.053     0.998 r  u_top/g_mmcm.u_mmcm/CLKOUT0
                         net (fo=1, routed)           0.595     1.593    u_top_n_1799
    BUFGCTRL_X0Y0        BUFG (Prop_bufg_I_O)         0.029     1.622 r  bank_gen[3].mem_reg_i_1/O
                         net (fo=60844, routed)       0.854     2.475    u_top/u_core/u_b/u_b_core/core/core/l5/gk.frontend/fifo/g_wide_read.g_read_slice[41].mem_slice_reg_0_3_30_35/WCLK
    SLICE_X52Y111        RAMD32                                       r  u_top/u_core/u_b/u_b_core/core/core/l5/gk.frontend/fifo/g_wide_read.g_read_slice[41].mem_slice_reg_0_3_30_35/RAMA/CLK
                         clock pessimism             -0.541     1.935    
    SLICE_X52Y111        RAMD32 (Hold_ramd32_CLK_I)
                                                      0.147     2.082    u_top/u_core/u_b/u_b_core/core/core/l5/gk.frontend/fifo/g_wide_read.g_read_slice[41].mem_slice_reg_0_3_30_35/RAMA
  -------------------------------------------------------------------
                         required time                         -2.082    
                         arrival time                           2.118    
  -------------------------------------------------------------------
                         slack                                  0.036    

Slack (MET) :             0.036ns  (arrival time - required time)
  Source:                 u_top/u_core/u_b/u_b_core/core/core/l5/gk.frontend/win/shift_reg[10][106]/C
                            (rising edge-triggered cell FDRE clocked by u_top_n_1799  {rise@0.000ns fall@4.167ns period=8.333ns})
  Destination:            u_top/u_core/u_b/u_b_core/core/core/l5/gk.frontend/fifo/g_wide_read.g_read_slice[41].mem_slice_reg_0_3_42_47/RAMA/I
                            (rising edge-triggered cell RAMD32 clocked by u_top_n_1799  {rise@0.000ns fall@4.167ns period=8.333ns})
  Path Group:             u_top_n_1799
  Path Type:              Hold (Min at Fast Process Corner)
  Requirement:            0.000ns  (u_top_n_1799 rise@0.000ns - u_top_n_1799 rise@0.000ns)
  Data Path Delay:        0.196ns  (logic 0.141ns (71.838%)  route 0.055ns (28.162%))
  Logic Levels:           0  
  Clock Path Skew:        0.013ns (DCD - SCD - CPR)
    Destination Clock Delay (DCD):    2.476ns
    Source Clock Delay      (SCD):    1.923ns
    Clock Pessimism Removal (CPR):    0.541ns

    Location             Delay type                Incr(ns)  Path(ns)    Netlist Resource(s)
  -------------------------------------------------------------------    -------------------
                         (clock u_top_n_1799 rise edge)
                                                      0.000     0.000 r  
    W19                                               0.000     0.000 r  sys_clk (IN)
                         net (fo=0)                   0.000     0.000    sys_clk
    W19                  IBUF (Prop_ibuf_I_O)         0.277     0.277 r  sys_clk_IBUF_inst/O
                         net (fo=1, routed)           0.440     0.717    u_top/sys_clk_IBUF
    MMCME2_ADV_X0Y2      MMCME2_ADV (Prop_mmcme2_adv_CLKIN1_CLKOUT0)
                                                      0.050     0.767 r  u_top/g_mmcm.u_mmcm/CLKOUT0
                         net (fo=1, routed)           0.545     1.312    u_top_n_1799
    BUFGCTRL_X0Y0        BUFG (Prop_bufg_I_O)         0.026     1.338 r  bank_gen[3].mem_reg_i_1/O
                         net (fo=60844, routed)       0.585     1.923    u_top/u_core/u_b/u_b_core/core/core/l5/gk.frontend/win/clk_200
    SLICE_X53Y108        FDRE                                         r  u_top/u_core/u_b/u_b_core/core/core/l5/gk.frontend/win/shift_reg[10][106]/C
  -------------------------------------------------------------------    -------------------
    SLICE_X53Y108        FDRE (Prop_fdre_C_Q)         0.141     2.064 r  u_top/u_core/u_b/u_b_core/core/core/l5/gk.frontend/win/shift_reg[10][106]/Q
                         net (fo=1, routed)           0.055     2.119    u_top/u_core/u_b/u_b_core/core/core/l5/gk.frontend/fifo/g_wide_read.g_read_slice[41].mem_slice_reg_0_3_42_47/DIA0
    SLICE_X52Y108        RAMD32                                       r  u_top/u_core/u_b/u_b_core/core/core/l5/gk.frontend/fifo/g_wide_read.g_read_slice[41].mem_slice_reg_0_3_42_47/RAMA/I
  -------------------------------------------------------------------    -------------------

                         (clock u_top_n_1799 rise edge)
                                                      0.000     0.000 r  
    W19                                               0.000     0.000 r  sys_clk (IN)
                         net (fo=0)                   0.000     0.000    sys_clk
    W19                  IBUF (Prop_ibuf_I_O)         0.465     0.465 r  sys_clk_IBUF_inst/O
                         net (fo=1, routed)           0.480     0.945    u_top/sys_clk_IBUF
    MMCME2_ADV_X0Y2      MMCME2_ADV (Prop_mmcme2_adv_CLKIN1_CLKOUT0)
                                                      0.053     0.998 r  u_top/g_mmcm.u_mmcm/CLKOUT0
                         net (fo=1, routed)           0.595     1.593    u_top_n_1799
    BUFGCTRL_X0Y0        BUFG (Prop_bufg_I_O)         0.029     1.622 r  bank_gen[3].mem_reg_i_1/O
                         net (fo=60844, routed)       0.855     2.476    u_top/u_core/u_b/u_b_core/core/core/l5/gk.frontend/fifo/g_wide_read.g_read_slice[41].mem_slice_reg_0_3_42_47/WCLK
    SLICE_X52Y108        RAMD32                                       r  u_top/u_core/u_b/u_b_core/core/core/l5/gk.frontend/fifo/g_wide_read.g_read_slice[41].mem_slice_reg_0_3_42_47/RAMA/CLK
                         clock pessimism             -0.541     1.936    
    SLICE_X52Y108        RAMD32 (Hold_ramd32_CLK_I)
                                                      0.147     2.083    u_top/u_core/u_b/u_b_core/core/core/l5/gk.frontend/fifo/g_wide_read.g_read_slice[41].mem_slice_reg_0_3_42_47/RAMA
  -------------------------------------------------------------------
                         required time                         -2.083    
                         arrival time                           2.119    
  -------------------------------------------------------------------
                         slack                                  0.036    

Slack (MET) :             0.036ns  (arrival time - required time)
  Source:                 u_top/u_core/u_b/u_b_core/core/core/l5/gk.frontend/win/shift_reg[15][64]/C
                            (rising edge-triggered cell FDRE clocked by u_top_n_1799  {rise@0.000ns fall@4.167ns period=8.333ns})
  Destination:            u_top/u_core/u_b/u_b_core/core/core/l5/gk.frontend/fifo/g_wide_read.g_read_slice[61].mem_slice_reg_0_3_0_5/RAMA/I
                            (rising edge-triggered cell RAMD32 clocked by u_top_n_1799  {rise@0.000ns fall@4.167ns period=8.333ns})
  Path Group:             u_top_n_1799
  Path Type:              Hold (Min at Fast Process Corner)
  Requirement:            0.000ns  (u_top_n_1799 rise@0.000ns - u_top_n_1799 rise@0.000ns)
  Data Path Delay:        0.196ns  (logic 0.141ns (71.838%)  route 0.055ns (28.162%))
  Logic Levels:           0  
  Clock Path Skew:        0.013ns (DCD - SCD - CPR)
    Destination Clock Delay (DCD):    2.469ns
    Source Clock Delay      (SCD):    1.915ns
    Clock Pessimism Removal (CPR):    0.542ns

    Location             Delay type                Incr(ns)  Path(ns)    Netlist Resource(s)
  -------------------------------------------------------------------    -------------------
                         (clock u_top_n_1799 rise edge)
                                                      0.000     0.000 r  
    W19                                               0.000     0.000 r  sys_clk (IN)
                         net (fo=0)                   0.000     0.000    sys_clk
    W19                  IBUF (Prop_ibuf_I_O)         0.277     0.277 r  sys_clk_IBUF_inst/O
                         net (fo=1, routed)           0.440     0.717    u_top/sys_clk_IBUF
    MMCME2_ADV_X0Y2      MMCME2_ADV (Prop_mmcme2_adv_CLKIN1_CLKOUT0)
                                                      0.050     0.767 r  u_top/g_mmcm.u_mmcm/CLKOUT0
                         net (fo=1, routed)           0.545     1.312    u_top_n_1799
    BUFGCTRL_X0Y0        BUFG (Prop_bufg_I_O)         0.026     1.338 r  bank_gen[3].mem_reg_i_1/O
                         net (fo=60844, routed)       0.577     1.915    u_top/u_core/u_b/u_b_core/core/core/l5/gk.frontend/win/clk_200
    SLICE_X71Y143        FDRE                                         r  u_top/u_core/u_b/u_b_core/core/core/l5/gk.frontend/win/shift_reg[15][64]/C
  -------------------------------------------------------------------    -------------------
    SLICE_X71Y143        FDRE (Prop_fdre_C_Q)         0.141     2.056 r  u_top/u_core/u_b/u_b_core/core/core/l5/gk.frontend/win/shift_reg[15][64]/Q
                         net (fo=1, routed)           0.055     2.111    u_top/u_core/u_b/u_b_core/core/core/l5/gk.frontend/fifo/g_wide_read.g_read_slice[61].mem_slice_reg_0_3_0_5/DIA0
    SLICE_X70Y143        RAMD32                                       r  u_top/u_core/u_b/u_b_core/core/core/l5/gk.frontend/fifo/g_wide_read.g_read_slice[61].mem_slice_reg_0_3_0_5/RAMA/I
  -------------------------------------------------------------------    -------------------

                         (clock u_top_n_1799 rise edge)
                                                      0.000     0.000 r  
    W19                                               0.000     0.000 r  sys_clk (IN)
                         net (fo=0)                   0.000     0.000    sys_clk
    W19                  IBUF (Prop_ibuf_I_O)         0.465     0.465 r  sys_clk_IBUF_inst/O
                         net (fo=1, routed)           0.480     0.945    u_top/sys_clk_IBUF
    MMCME2_ADV_X0Y2      MMCME2_ADV (Prop_mmcme2_adv_CLKIN1_CLKOUT0)
                                                      0.053     0.998 r  u_top/g_mmcm.u_mmcm/CLKOUT0
                         net (fo=1, routed)           0.595     1.593    u_top_n_1799
    BUFGCTRL_X0Y0        BUFG (Prop_bufg_I_O)         0.029     1.622 r  bank_gen[3].mem_reg_i_1/O
                         net (fo=60844, routed)       0.848     2.469    u_top/u_core/u_b/u_b_core/core/core/l5/gk.frontend/fifo/g_wide_read.g_read_slice[61].mem_slice_reg_0_3_0_5/WCLK
    SLICE_X70Y143        RAMD32                                       r  u_top/u_core/u_b/u_b_core/core/core/l5/gk.frontend/fifo/g_wide_read.g_read_slice[61].mem_slice_reg_0_3_0_5/RAMA/CLK
                         clock pessimism             -0.542     1.928    
    SLICE_X70Y143        RAMD32 (Hold_ramd32_CLK_I)
                                                      0.147     2.075    u_top/u_core/u_b/u_b_core/core/core/l5/gk.frontend/fifo/g_wide_read.g_read_slice[61].mem_slice_reg_0_3_0_5/RAMA
  -------------------------------------------------------------------
                         required time                         -2.075    
                         arrival time                           2.111    
  -------------------------------------------------------------------
                         slack                                  0.036    

Slack (MET) :             0.036ns  (arrival time - required time)
  Source:                 u_top/u_core/u_b/u_b_core/core/core/l5/gk.frontend/win/shift_reg[20][60]/C
                            (rising edge-triggered cell FDRE clocked by u_top_n_1799  {rise@0.000ns fall@4.167ns period=8.333ns})
  Destination:            u_top/u_core/u_b/u_b_core/core/core/l5/gk.frontend/fifo/g_wide_read.g_read_slice[80].mem_slice_reg_0_3_60_63/RAMA/I
                            (rising edge-triggered cell RAMD32 clocked by u_top_n_1799  {rise@0.000ns fall@4.167ns period=8.333ns})
  Path Group:             u_top_n_1799
  Path Type:              Hold (Min at Fast Process Corner)
  Requirement:            0.000ns  (u_top_n_1799 rise@0.000ns - u_top_n_1799 rise@0.000ns)
  Data Path Delay:        0.196ns  (logic 0.141ns (71.838%)  route 0.055ns (28.162%))
  Logic Levels:           0  
  Clock Path Skew:        0.013ns (DCD - SCD - CPR)
    Destination Clock Delay (DCD):    2.474ns
    Source Clock Delay      (SCD):    1.921ns
    Clock Pessimism Removal (CPR):    0.541ns

    Location             Delay type                Incr(ns)  Path(ns)    Netlist Resource(s)
  -------------------------------------------------------------------    -------------------
                         (clock u_top_n_1799 rise edge)
                                                      0.000     0.000 r  
    W19                                               0.000     0.000 r  sys_clk (IN)
                         net (fo=0)                   0.000     0.000    sys_clk
    W19                  IBUF (Prop_ibuf_I_O)         0.277     0.277 r  sys_clk_IBUF_inst/O
                         net (fo=1, routed)           0.440     0.717    u_top/sys_clk_IBUF
    MMCME2_ADV_X0Y2      MMCME2_ADV (Prop_mmcme2_adv_CLKIN1_CLKOUT0)
                                                      0.050     0.767 r  u_top/g_mmcm.u_mmcm/CLKOUT0
                         net (fo=1, routed)           0.545     1.312    u_top_n_1799
    BUFGCTRL_X0Y0        BUFG (Prop_bufg_I_O)         0.026     1.338 r  bank_gen[3].mem_reg_i_1/O
                         net (fo=60844, routed)       0.583     1.921    u_top/u_core/u_b/u_b_core/core/core/l5/gk.frontend/win/clk_200
    SLICE_X103Y157       FDRE                                         r  u_top/u_core/u_b/u_b_core/core/core/l5/gk.frontend/win/shift_reg[20][60]/C
  -------------------------------------------------------------------    -------------------
    SLICE_X103Y157       FDRE (Prop_fdre_C_Q)         0.141     2.062 r  u_top/u_core/u_b/u_b_core/core/core/l5/gk.frontend/win/shift_reg[20][60]/Q
                         net (fo=1, routed)           0.055     2.117    u_top/u_core/u_b/u_b_core/core/core/l5/gk.frontend/fifo/g_wide_read.g_read_slice[80].mem_slice_reg_0_3_60_63/DIA0
    SLICE_X102Y157       RAMD32                                       r  u_top/u_core/u_b/u_b_core/core/core/l5/gk.frontend/fifo/g_wide_read.g_read_slice[80].mem_slice_reg_0_3_60_63/RAMA/I
  -------------------------------------------------------------------    -------------------

                         (clock u_top_n_1799 rise edge)
                                                      0.000     0.000 r  
    W19                                               0.000     0.000 r  sys_clk (IN)
                         net (fo=0)                   0.000     0.000    sys_clk
    W19                  IBUF (Prop_ibuf_I_O)         0.465     0.465 r  sys_clk_IBUF_inst/O
                         net (fo=1, routed)           0.480     0.945    u_top/sys_clk_IBUF
    MMCME2_ADV_X0Y2      MMCME2_ADV (Prop_mmcme2_adv_CLKIN1_CLKOUT0)
                                                      0.053     0.998 r  u_top/g_mmcm.u_mmcm/CLKOUT0
                         net (fo=1, routed)           0.595     1.593    u_top_n_1799
    BUFGCTRL_X0Y0        BUFG (Prop_bufg_I_O)         0.029     1.622 r  bank_gen[3].mem_reg_i_1/O
                         net (fo=60844, routed)       0.852     2.474    u_top/u_core/u_b/u_b_core/core/core/l5/gk.frontend/fifo/g_wide_read.g_read_slice[80].mem_slice_reg_0_3_60_63/WCLK
    SLICE_X102Y157       RAMD32                                       r  u_top/u_core/u_b/u_b_core/core/core/l5/gk.frontend/fifo/g_wide_read.g_read_slice[80].mem_slice_reg_0_3_60_63/RAMA/CLK
                         clock pessimism             -0.541     1.934    
    SLICE_X102Y157       RAMD32 (Hold_ramd32_CLK_I)
                                                      0.147     2.081    u_top/u_core/u_b/u_b_core/core/core/l5/gk.frontend/fifo/g_wide_read.g_read_slice[80].mem_slice_reg_0_3_60_63/RAMA
  -------------------------------------------------------------------
                         required time                         -2.081    
                         arrival time                           2.117    
  -------------------------------------------------------------------
                         slack                                  0.036    

Slack (MET) :             0.036ns  (arrival time - required time)
  Source:                 u_top/u_core/u_b/u_b_core/core/core/l5/gk.frontend/win/shift_reg[20][134]/C
                            (rising edge-triggered cell FDRE clocked by u_top_n_1799  {rise@0.000ns fall@4.167ns period=8.333ns})
  Destination:            u_top/u_core/u_b/u_b_core/core/core/l5/gk.frontend/fifo/g_wide_read.g_read_slice[82].mem_slice_reg_0_3_6_11/RAMA/I
                            (rising edge-triggered cell RAMD32 clocked by u_top_n_1799  {rise@0.000ns fall@4.167ns period=8.333ns})
  Path Group:             u_top_n_1799
  Path Type:              Hold (Min at Fast Process Corner)
  Requirement:            0.000ns  (u_top_n_1799 rise@0.000ns - u_top_n_1799 rise@0.000ns)
  Data Path Delay:        0.196ns  (logic 0.141ns (71.838%)  route 0.055ns (28.162%))
  Logic Levels:           0  
  Clock Path Skew:        0.013ns (DCD - SCD - CPR)
    Destination Clock Delay (DCD):    2.457ns
    Source Clock Delay      (SCD):    1.903ns
    Clock Pessimism Removal (CPR):    0.542ns

    Location             Delay type                Incr(ns)  Path(ns)    Netlist Resource(s)
  -------------------------------------------------------------------    -------------------
                         (clock u_top_n_1799 rise edge)
                                                      0.000     0.000 r  
    W19                                               0.000     0.000 r  sys_clk (IN)
                         net (fo=0)                   0.000     0.000    sys_clk
    W19                  IBUF (Prop_ibuf_I_O)         0.277     0.277 r  sys_clk_IBUF_inst/O
                         net (fo=1, routed)           0.440     0.717    u_top/sys_clk_IBUF
    MMCME2_ADV_X0Y2      MMCME2_ADV (Prop_mmcme2_adv_CLKIN1_CLKOUT0)
                                                      0.050     0.767 r  u_top/g_mmcm.u_mmcm/CLKOUT0
                         net (fo=1, routed)           0.545     1.312    u_top_n_1799
    BUFGCTRL_X0Y0        BUFG (Prop_bufg_I_O)         0.026     1.338 r  bank_gen[3].mem_reg_i_1/O
                         net (fo=60844, routed)       0.565     1.903    u_top/u_core/u_b/u_b_core/core/core/l5/gk.frontend/win/clk_200
    SLICE_X81Y150        FDRE                                         r  u_top/u_core/u_b/u_b_core/core/core/l5/gk.frontend/win/shift_reg[20][134]/C
  -------------------------------------------------------------------    -------------------
    SLICE_X81Y150        FDRE (Prop_fdre_C_Q)         0.141     2.044 r  u_top/u_core/u_b/u_b_core/core/core/l5/gk.frontend/win/shift_reg[20][134]/Q
                         net (fo=1, routed)           0.055     2.099    u_top/u_core/u_b/u_b_core/core/core/l5/gk.frontend/fifo/g_wide_read.g_read_slice[82].mem_slice_reg_0_3_6_11/DIA0
    SLICE_X80Y150        RAMD32                                       r  u_top/u_core/u_b/u_b_core/core/core/l5/gk.frontend/fifo/g_wide_read.g_read_slice[82].mem_slice_reg_0_3_6_11/RAMA/I
  -------------------------------------------------------------------    -------------------

                         (clock u_top_n_1799 rise edge)
                                                      0.000     0.000 r  
    W19                                               0.000     0.000 r  sys_clk (IN)
                         net (fo=0)                   0.000     0.000    sys_clk
    W19                  IBUF (Prop_ibuf_I_O)         0.465     0.465 r  sys_clk_IBUF_inst/O
                         net (fo=1, routed)           0.480     0.945    u_top/sys_clk_IBUF
    MMCME2_ADV_X0Y2      MMCME2_ADV (Prop_mmcme2_adv_CLKIN1_CLKOUT0)
                                                      0.053     0.998 r  u_top/g_mmcm.u_mmcm/CLKOUT0
                         net (fo=1, routed)           0.595     1.593    u_top_n_1799
    BUFGCTRL_X0Y0        BUFG (Prop_bufg_I_O)         0.029     1.622 r  bank_gen[3].mem_reg_i_1/O
                         net (fo=60844, routed)       0.835     2.457    u_top/u_core/u_b/u_b_core/core/core/l5/gk.frontend/fifo/g_wide_read.g_read_slice[82].mem_slice_reg_0_3_6_11/WCLK
    SLICE_X80Y150        RAMD32                                       r  u_top/u_core/u_b/u_b_core/core/core/l5/gk.frontend/fifo/g_wide_read.g_read_slice[82].mem_slice_reg_0_3_6_11/RAMA/CLK
                         clock pessimism             -0.542     1.916    
    SLICE_X80Y150        RAMD32 (Hold_ramd32_CLK_I)
                                                      0.147     2.063    u_top/u_core/u_b/u_b_core/core/core/l5/gk.frontend/fifo/g_wide_read.g_read_slice[82].mem_slice_reg_0_3_6_11/RAMA
  -------------------------------------------------------------------
                         required time                         -2.063    
                         arrival time                           2.099    
  -------------------------------------------------------------------
                         slack                                  0.036    

Slack (MET) :             0.036ns  (arrival time - required time)
  Source:                 u_top/u_core/u_b/u_b_core/core/core/l5/gk.frontend/win/shift_reg[5][198]/C
                            (rising edge-triggered cell FDRE clocked by u_top_n_1799  {rise@0.000ns fall@4.167ns period=8.333ns})
  Destination:            u_top/u_core/u_b/u_b_core/core/core/l5/gk.frontend/fifo/g_wide_read.g_read_slice[23].mem_slice_reg_0_3_6_11/RAMA/I
                            (rising edge-triggered cell RAMD32 clocked by u_top_n_1799  {rise@0.000ns fall@4.167ns period=8.333ns})
  Path Group:             u_top_n_1799
  Path Type:              Hold (Min at Fast Process Corner)
  Requirement:            0.000ns  (u_top_n_1799 rise@0.000ns - u_top_n_1799 rise@0.000ns)
  Data Path Delay:        0.196ns  (logic 0.141ns (71.838%)  route 0.055ns (28.162%))
  Logic Levels:           0  
  Clock Path Skew:        0.013ns (DCD - SCD - CPR)
    Destination Clock Delay (DCD):    2.477ns
    Source Clock Delay      (SCD):    1.923ns
    Clock Pessimism Removal (CPR):    0.542ns

    Location             Delay type                Incr(ns)  Path(ns)    Netlist Resource(s)
  -------------------------------------------------------------------    -------------------
                         (clock u_top_n_1799 rise edge)
                                                      0.000     0.000 r  
    W19                                               0.000     0.000 r  sys_clk (IN)
                         net (fo=0)                   0.000     0.000    sys_clk
    W19                  IBUF (Prop_ibuf_I_O)         0.277     0.277 r  sys_clk_IBUF_inst/O
                         net (fo=1, routed)           0.440     0.717    u_top/sys_clk_IBUF
    MMCME2_ADV_X0Y2      MMCME2_ADV (Prop_mmcme2_adv_CLKIN1_CLKOUT0)
                                                      0.050     0.767 r  u_top/g_mmcm.u_mmcm/CLKOUT0
                         net (fo=1, routed)           0.545     1.312    u_top_n_1799
    BUFGCTRL_X0Y0        BUFG (Prop_bufg_I_O)         0.026     1.338 r  bank_gen[3].mem_reg_i_1/O
                         net (fo=60844, routed)       0.585     1.923    u_top/u_core/u_b/u_b_core/core/core/l5/gk.frontend/win/clk_200
    SLICE_X43Y140        FDRE                                         r  u_top/u_core/u_b/u_b_core/core/core/l5/gk.frontend/win/shift_reg[5][198]/C
  -------------------------------------------------------------------    -------------------
    SLICE_X43Y140        FDRE (Prop_fdre_C_Q)         0.141     2.064 r  u_top/u_core/u_b/u_b_core/core/core/l5/gk.frontend/win/shift_reg[5][198]/Q
                         net (fo=1, routed)           0.055     2.119    u_top/u_core/u_b/u_b_core/core/core/l5/gk.frontend/fifo/g_wide_read.g_read_slice[23].mem_slice_reg_0_3_6_11/DIA0
    SLICE_X42Y140        RAMD32                                       r  u_top/u_core/u_b/u_b_core/core/core/l5/gk.frontend/fifo/g_wide_read.g_read_slice[23].mem_slice_reg_0_3_6_11/RAMA/I
  -------------------------------------------------------------------    -------------------

                         (clock u_top_n_1799 rise edge)
                                                      0.000     0.000 r  
    W19                                               0.000     0.000 r  sys_clk (IN)
                         net (fo=0)                   0.000     0.000    sys_clk
    W19                  IBUF (Prop_ibuf_I_O)         0.465     0.465 r  sys_clk_IBUF_inst/O
                         net (fo=1, routed)           0.480     0.945    u_top/sys_clk_IBUF
    MMCME2_ADV_X0Y2      MMCME2_ADV (Prop_mmcme2_adv_CLKIN1_CLKOUT0)
                                                      0.053     0.998 r  u_top/g_mmcm.u_mmcm/CLKOUT0
                         net (fo=1, routed)           0.595     1.593    u_top_n_1799
    BUFGCTRL_X0Y0        BUFG (Prop_bufg_I_O)         0.029     1.622 r  bank_gen[3].mem_reg_i_1/O
                         net (fo=60844, routed)       0.856     2.477    u_top/u_core/u_b/u_b_core/core/core/l5/gk.frontend/fifo/g_wide_read.g_read_slice[23].mem_slice_reg_0_3_6_11/WCLK
    SLICE_X42Y140        RAMD32                                       r  u_top/u_core/u_b/u_b_core/core/core/l5/gk.frontend/fifo/g_wide_read.g_read_slice[23].mem_slice_reg_0_3_6_11/RAMA/CLK
                         clock pessimism             -0.542     1.936    
    SLICE_X42Y140        RAMD32 (Hold_ramd32_CLK_I)
                                                      0.147     2.083    u_top/u_core/u_b/u_b_core/core/core/l5/gk.frontend/fifo/g_wide_read.g_read_slice[23].mem_slice_reg_0_3_6_11/RAMA
  -------------------------------------------------------------------
                         required time                         -2.083    
                         arrival time                           2.119    
  -------------------------------------------------------------------
                         slack                                  0.036    





Pulse Width Checks
--------------------------------------------------------------------------------------
Clock Name:         u_top_n_1799
Waveform(ns):       { 0.000 4.167 }
Period(ns):         8.333
Sources:            { u_top/g_mmcm.u_mmcm/CLKOUT0 }

Check Type        Corner  Lib Pin             Reference Pin  Required(ns)  Actual(ns)  Slack(ns)  Location         Pin
Min Period        n/a     DSP48E1/CLK         n/a            3.272         8.333       5.061      DSP48_X2Y9       u_top/u_core/u_b/u_b_core/core/core/l1/post/units[0].post/prelu_product_s1_reg/CLK
Min Period        n/a     DSP48E1/CLK         n/a            3.272         8.333       5.061      DSP48_X1Y9       u_top/u_core/u_b/u_b_core/core/core/l1/post/units[0].post/requant_product_s5_reg/CLK
Min Period        n/a     DSP48E1/CLK         n/a            3.272         8.333       5.061      DSP48_X2Y14      u_top/u_core/u_b/u_b_core/core/core/l1/post/units[1].post/prelu_product_s1_reg/CLK
Min Period        n/a     DSP48E1/CLK         n/a            3.272         8.333       5.061      DSP48_X1Y15      u_top/u_core/u_b/u_b_core/core/core/l1/post/units[1].post/requant_product_s5_reg/CLK
Min Period        n/a     DSP48E1/CLK         n/a            3.272         8.333       5.061      DSP48_X1Y25      u_top/u_core/u_b/u_b_core/core/core/l2/post/units[0].post/prelu_product_s1_reg/CLK
Min Period        n/a     DSP48E1/CLK         n/a            3.272         8.333       5.061      DSP48_X0Y27      u_top/u_core/u_b/u_b_core/core/core/l2/post/units[0].post/requant_product_s5_reg/CLK
Min Period        n/a     DSP48E1/CLK         n/a            3.272         8.333       5.061      DSP48_X3Y39      u_top/u_core/u_b/u_b_core/core/core/l3/post/units[0].post/prelu_product_s1_reg/CLK
Min Period        n/a     DSP48E1/CLK         n/a            3.272         8.333       5.061      DSP48_X4Y43      u_top/u_core/u_b/u_b_core/core/core/l3/post/units[0].post/requant_product_s5_reg/CLK
Min Period        n/a     DSP48E1/CLK         n/a            3.272         8.333       5.061      DSP48_X5Y38      u_top/u_core/u_b/u_b_core/core/core/l4/post/units[0].post/prelu_product_s1_reg/CLK
Min Period        n/a     DSP48E1/CLK         n/a            3.272         8.333       5.061      DSP48_X5Y44      u_top/u_core/u_b/u_b_core/core/core/l4/post/units[0].post/requant_product_s5_reg/CLK
Min Period        n/a     DSP48E1/CLK         n/a            3.272         8.333       5.061      DSP48_X6Y45      u_top/u_core/u_b/u_b_core/core/core/l4/post/units[1].post/prelu_product_s1_reg/CLK
Min Period        n/a     DSP48E1/CLK         n/a            3.272         8.333       5.061      DSP48_X6Y47      u_top/u_core/u_b/u_b_core/core/core/l4/post/units[1].post/requant_product_s5_reg/CLK
Min Period        n/a     DSP48E1/CLK         n/a            3.272         8.333       5.061      DSP48_X6Y79      u_top/u_core/u_b/u_b_core/core/core/l5/post/units[0].post/requant_product_s5_reg/CLK
Min Period        n/a     DSP48E1/CLK         n/a            3.272         8.333       5.061      DSP48_X6Y77      u_top/u_core/u_b/u_b_core/core/core/l5/post/units[0].post/requant_product_s5_reg__0/CLK
Min Period        n/a     DSP48E1/CLK         n/a            3.109         8.333       5.224      DSP48_X1Y11      u_top/u_core/u_b/u_b_core/core/core/l1/post/units[0].post/requant_product_s5_reg__0/CLK
Min Period        n/a     DSP48E1/CLK         n/a            3.109         8.333       5.224      DSP48_X1Y13      u_top/u_core/u_b/u_b_core/core/core/l1/post/units[1].post/requant_product_s5_reg__0/CLK
Min Period        n/a     DSP48E1/CLK         n/a            3.109         8.333       5.224      DSP48_X0Y25      u_top/u_core/u_b/u_b_core/core/core/l2/post/units[0].post/requant_product_s5_reg__0/CLK
Min Period        n/a     DSP48E1/CLK         n/a            3.109         8.333       5.224      DSP48_X4Y41      u_top/u_core/u_b/u_b_core/core/core/l3/post/units[0].post/requant_product_s5_reg__0/CLK
Min Period        n/a     DSP48E1/CLK         n/a            3.109         8.333       5.224      DSP48_X5Y42      u_top/u_core/u_b/u_b_core/core/core/l4/post/units[0].post/requant_product_s5_reg__0/CLK
Min Period        n/a     DSP48E1/CLK         n/a            3.109         8.333       5.224      DSP48_X6Y43      u_top/u_core/u_b/u_b_core/core/core/l4/post/units[1].post/requant_product_s5_reg__0/CLK
Max Period        n/a     MMCME2_ADV/CLKOUT0  n/a            213.360       8.333       205.027    MMCME2_ADV_X0Y2  u_top/g_mmcm.u_mmcm/CLKOUT0
Low Pulse Width   Slow    RAMD32/CLK          n/a            1.130         4.167       3.037      SLICE_X22Y41     u_top/u_core/u_b/u_b_core/core/core/f12/g_narrow_read.mem_reg_0_31_0_5/RAMA/CLK
Low Pulse Width   Fast    RAMD32/CLK          n/a            1.130         4.167       3.037      SLICE_X22Y41     u_top/u_core/u_b/u_b_core/core/core/f12/g_narrow_read.mem_reg_0_31_0_5/RAMA/CLK
Low Pulse Width   Slow    RAMD32/CLK          n/a            1.130         4.167       3.037      SLICE_X22Y41     u_top/u_core/u_b/u_b_core/core/core/f12/g_narrow_read.mem_reg_0_31_0_5/RAMA_D1/CLK
Low Pulse Width   Fast    RAMD32/CLK          n/a            1.130         4.167       3.037      SLICE_X22Y41     u_top/u_core/u_b/u_b_core/core/core/f12/g_narrow_read.mem_reg_0_31_0_5/RAMA_D1/CLK
Low Pulse Width   Slow    RAMD32/CLK          n/a            1.130         4.167       3.037      SLICE_X22Y41     u_top/u_core/u_b/u_b_core/core/core/f12/g_narrow_read.mem_reg_0_31_0_5/RAMB/CLK
Low Pulse Width   Fast    RAMD32/CLK          n/a            1.130         4.167       3.037      SLICE_X22Y41     u_top/u_core/u_b/u_b_core/core/core/f12/g_narrow_read.mem_reg_0_31_0_5/RAMB/CLK
Low Pulse Width   Slow    RAMD32/CLK          n/a            1.130         4.167       3.037      SLICE_X22Y41     u_top/u_core/u_b/u_b_core/core/core/f12/g_narrow_read.mem_reg_0_31_0_5/RAMB_D1/CLK
Low Pulse Width   Fast    RAMD32/CLK          n/a            1.130         4.167       3.037      SLICE_X22Y41     u_top/u_core/u_b/u_b_core/core/core/f12/g_narrow_read.mem_reg_0_31_0_5/RAMB_D1/CLK
Low Pulse Width   Slow    RAMD32/CLK          n/a            1.130         4.167       3.037      SLICE_X22Y41     u_top/u_core/u_b/u_b_core/core/core/f12/g_narrow_read.mem_reg_0_31_0_5/RAMC/CLK
Low Pulse Width   Fast    RAMD32/CLK          n/a            1.130         4.167       3.037      SLICE_X22Y41     u_top/u_core/u_b/u_b_core/core/core/f12/g_narrow_read.mem_reg_0_31_0_5/RAMC/CLK
Low Pulse Width   Slow    RAMD32/CLK          n/a            1.130         4.167       3.037      SLICE_X22Y41     u_top/u_core/u_b/u_b_core/core/core/f12/g_narrow_read.mem_reg_0_31_0_5/RAMC_D1/CLK
Low Pulse Width   Fast    RAMD32/CLK          n/a            1.130         4.167       3.037      SLICE_X22Y41     u_top/u_core/u_b/u_b_core/core/core/f12/g_narrow_read.mem_reg_0_31_0_5/RAMC_D1/CLK
Low Pulse Width   Slow    RAMS32/CLK          n/a            1.130         4.167       3.037      SLICE_X22Y41     u_top/u_core/u_b/u_b_core/core/core/f12/g_narrow_read.mem_reg_0_31_0_5/RAMD/CLK
Low Pulse Width   Fast    RAMS32/CLK          n/a            1.130         4.167       3.037      SLICE_X22Y41     u_top/u_core/u_b/u_b_core/core/core/f12/g_narrow_read.mem_reg_0_31_0_5/RAMD/CLK
Low Pulse Width   Slow    RAMS32/CLK          n/a            1.130         4.167       3.037      SLICE_X22Y41     u_top/u_core/u_b/u_b_core/core/core/f12/g_narrow_read.mem_reg_0_31_0_5/RAMD_D1/CLK
Low Pulse Width   Fast    RAMS32/CLK          n/a            1.130         4.167       3.037      SLICE_X22Y41     u_top/u_core/u_b/u_b_core/core/core/f12/g_narrow_read.mem_reg_0_31_0_5/RAMD_D1/CLK
Low Pulse Width   Slow    RAMD32/CLK          n/a            1.130         4.167       3.037      SLICE_X36Y36     u_top/u_core/u_b/u_b_core/core/core/f12/g_narrow_read.mem_reg_0_31_102_107/RAMA/CLK
Low Pulse Width   Fast    RAMD32/CLK          n/a            1.130         4.167       3.037      SLICE_X36Y36     u_top/u_core/u_b/u_b_core/core/core/f12/g_narrow_read.mem_reg_0_31_102_107/RAMA/CLK
Low Pulse Width   Slow    RAMD32/CLK          n/a            1.130         4.167       3.037      SLICE_X36Y36     u_top/u_core/u_b/u_b_core/core/core/f12/g_narrow_read.mem_reg_0_31_102_107/RAMA_D1/CLK
Low Pulse Width   Fast    RAMD32/CLK          n/a            1.130         4.167       3.037      SLICE_X36Y36     u_top/u_core/u_b/u_b_core/core/core/f12/g_narrow_read.mem_reg_0_31_102_107/RAMA_D1/CLK
High Pulse Width  Slow    RAMD32/CLK          n/a            1.130         4.167       3.037      SLICE_X22Y41     u_top/u_core/u_b/u_b_core/core/core/f12/g_narrow_read.mem_reg_0_31_0_5/RAMA/CLK
High Pulse Width  Fast    RAMD32/CLK          n/a            1.130         4.167       3.037      SLICE_X22Y41     u_top/u_core/u_b/u_b_core/core/core/f12/g_narrow_read.mem_reg_0_31_0_5/RAMA/CLK
High Pulse Width  Slow    RAMD32/CLK          n/a            1.130         4.167       3.037      SLICE_X22Y41     u_top/u_core/u_b/u_b_core/core/core/f12/g_narrow_read.mem_reg_0_31_0_5/RAMA_D1/CLK
High Pulse Width  Fast    RAMD32/CLK          n/a            1.130         4.167       3.037      SLICE_X22Y41     u_top/u_core/u_b/u_b_core/core/core/f12/g_narrow_read.mem_reg_0_31_0_5/RAMA_D1/CLK
High Pulse Width  Slow    RAMD32/CLK          n/a            1.130         4.167       3.037      SLICE_X22Y41     u_top/u_core/u_b/u_b_core/core/core/f12/g_narrow_read.mem_reg_0_31_0_5/RAMB/CLK
High Pulse Width  Fast    RAMD32/CLK          n/a            1.130         4.167       3.037      SLICE_X22Y41     u_top/u_core/u_b/u_b_core/core/core/f12/g_narrow_read.mem_reg_0_31_0_5/RAMB/CLK
High Pulse Width  Slow    RAMD32/CLK          n/a            1.130         4.167       3.037      SLICE_X22Y41     u_top/u_core/u_b/u_b_core/core/core/f12/g_narrow_read.mem_reg_0_31_0_5/RAMB_D1/CLK
High Pulse Width  Fast    RAMD32/CLK          n/a            1.130         4.167       3.037      SLICE_X22Y41     u_top/u_core/u_b/u_b_core/core/core/f12/g_narrow_read.mem_reg_0_31_0_5/RAMB_D1/CLK
High Pulse Width  Slow    RAMD32/CLK          n/a            1.130         4.167       3.037      SLICE_X22Y41     u_top/u_core/u_b/u_b_core/core/core/f12/g_narrow_read.mem_reg_0_31_0_5/RAMC/CLK
High Pulse Width  Fast    RAMD32/CLK          n/a            1.130         4.167       3.037      SLICE_X22Y41     u_top/u_core/u_b/u_b_core/core/core/f12/g_narrow_read.mem_reg_0_31_0_5/RAMC/CLK
High Pulse Width  Slow    RAMD32/CLK          n/a            1.130         4.167       3.037      SLICE_X22Y41     u_top/u_core/u_b/u_b_core/core/core/f12/g_narrow_read.mem_reg_0_31_0_5/RAMC_D1/CLK
High Pulse Width  Fast    RAMD32/CLK          n/a            1.130         4.167       3.037      SLICE_X22Y41     u_top/u_core/u_b/u_b_core/core/core/f12/g_narrow_read.mem_reg_0_31_0_5/RAMC_D1/CLK
High Pulse Width  Slow    RAMS32/CLK          n/a            1.130         4.167       3.037      SLICE_X22Y41     u_top/u_core/u_b/u_b_core/core/core/f12/g_narrow_read.mem_reg_0_31_0_5/RAMD/CLK
High Pulse Width  Fast    RAMS32/CLK          n/a            1.130         4.167       3.037      SLICE_X22Y41     u_top/u_core/u_b/u_b_core/core/core/f12/g_narrow_read.mem_reg_0_31_0_5/RAMD/CLK
High Pulse Width  Slow    RAMS32/CLK          n/a            1.130         4.167       3.037      SLICE_X22Y41     u_top/u_core/u_b/u_b_core/core/core/f12/g_narrow_read.mem_reg_0_31_0_5/RAMD_D1/CLK
High Pulse Width  Fast    RAMS32/CLK          n/a            1.130         4.167       3.037      SLICE_X22Y41     u_top/u_core/u_b/u_b_core/core/core/f12/g_narrow_read.mem_reg_0_31_0_5/RAMD_D1/CLK
High Pulse Width  Slow    RAMD32/CLK          n/a            1.130         4.167       3.037      SLICE_X36Y36     u_top/u_core/u_b/u_b_core/core/core/f12/g_narrow_read.mem_reg_0_31_102_107/RAMA/CLK
High Pulse Width  Fast    RAMD32/CLK          n/a            1.130         4.167       3.037      SLICE_X36Y36     u_top/u_core/u_b/u_b_core/core/core/f12/g_narrow_read.mem_reg_0_31_102_107/RAMA/CLK
High Pulse Width  Slow    RAMD32/CLK          n/a            1.130         4.167       3.037      SLICE_X36Y36     u_top/u_core/u_b/u_b_core/core/core/f12/g_narrow_read.mem_reg_0_31_102_107/RAMA_D1/CLK
High Pulse Width  Fast    RAMD32/CLK          n/a            1.130         4.167       3.037      SLICE_X36Y36     u_top/u_core/u_b/u_b_core/core/core/f12/g_narrow_read.mem_reg_0_31_102_107/RAMA_D1/CLK



