sequence,decoded_frame_index,r0_delta_psnr_db_shave8,r0_delta_ssim_shave8,candidate_id,psnr_db_full,psnr_db_shave8
Beauty,0,0.1357385863560836,0.006064370920535578,global_a0.00,34.86993754660054,34.88391966703706
Beauty,0,0.1357385863560836,0.006064370920535578,global_a0.25,34.93570671229057,34.94977317319131
Beauty,0,0.1357385863560836,0.006064370920535578,global_a0.50,34.99849789792596,35.01316896156132
Beauty,0,0.1357385863560836,0.006064370920535578,global_a0.75,35.01345809574338,35.028670851063225
Beauty,0,0.1357385863560836,0.006064370920535578,global_a1.00,35.00415814698424,35.019658253393146
Beauty,0,0.1357385863560836,0.006064370920535578,tile_q50_a0.00_0.50,34.97295911982962,34.987073632854226
Beauty,0,0.1357385863560836,0.006064370920535578,tile_q50_a0.00_0.75,35.00041583585244,35.01461907265215
Beauty,0,0.1357385863560836,0.006064370920535578,tile_q50_a0.25_0.50,34.98315504884182,34.99733991056199
Beauty,0,0.1357385863560836,0.006064370920535578,tile_q50_a0.25_0.75,35.009743103307635,35.024015583608886
Beauty,0,0.1357385863560836,0.006064370920535578,tile_q75_a0.00_0.50,34.95636012510039,34.97026291611742
Beauty,0,0.1357385863560836,0.006064370920535578,tile_q75_a0.00_0.75,34.98369121300933,34.99766645704486
Beauty,0,0.1357385863560836,0.006064370920535578,tile_q75_a0.25_0.50,34.9748255229308,34.988885819473985
Beauty,0,0.1357385863560836,0.006064370920535578,tile_q75_a0.25_0.75,35.00134687036047,35.01546898762911
Beauty,24,0.13452836949922897,0.002958687647460434,global_a0.00,38.604286490260684,38.61263726756781
Beauty,24,0.13452836949922897,0.002958687647460434,global_a0.25,38.6687665566935,38.67707626873282
Beauty,24,0.13452836949922897,0.002958687647460434,global_a0.50,38.749140121205016,38.75885020805385
Beauty,24,0.13452836949922897,0.002958687647460434,global_a0.75,38.75511907547312,38.76600296032229
Beauty,24,0.13452836949922897,0.002958687647460434,global_a1.00,38.73548995412079,38.74716563706704
Beauty,24,0.13452836949922897,0.002958687647460434,tile_q50_a0.00_0.50,38.70332711694007,38.71203165966084
Beauty,24,0.13452836949922897,0.002958687647460434,tile_q50_a0.00_0.75,38.7284412416693,38.737338834401996
Beauty,24,0.13452836949922897,0.002958687647460434,tile_q50_a0.25_0.50,38.71965469344861,38.72833482013852
Beauty,24,0.13452836949922897,0.002958687647460434,tile_q50_a0.25_0.75,38.74316418195735,38.7520575534511
Beauty,24,0.13452836949922897,0.002958687647460434,tile_q75_a0.00_0.50,38.6777157227879,38.68607228494392
Beauty,24,0.13452836949922897,0.002958687647460434,tile_q75_a0.00_0.75,38.70677025449294,38.7152587506499
Beauty,24,0.13452836949922897,0.002958687647460434,tile_q75_a0.25_0.50,38.70581068336552,38.71425184347756
Beauty,24,0.13452836949922897,0.002958687647460434,tile_q75_a0.25_0.75,38.733987645311146,38.74256132856827
Beauty,36,0.1481228033990618,-7.848206924876422e-05,global_a0.00,44.736724551991074,44.75005601268781
Beauty,36,0.1481228033990618,-7.848206924876422e-05,global_a0.25,44.882632615500675,44.89725422247875
Beauty,36,0.1481228033990618,-7.848206924876422e-05,global_a0.50,44.97210978167324,44.99264427065174
Beauty,36,0.1481228033990618,-7.848206924876422e-05,global_a0.75,44.875032951889025,44.90141812357503
Beauty,36,0.1481228033990618,-7.848206924876422e-05,global_a1.00,44.86863264622418,44.89817881608687
Beauty,36,0.1481228033990618,-7.848206924876422e-05,tile_q50_a0.00_0.50,44.98440696553604,44.99920920408043
Beauty,36,0.1481228033990618,-7.848206924876422e-05,tile_q50_a0.00_0.75,45.020763284296514,45.03630712211847
Beauty,36,0.1481228033990618,-7.848206924876422e-05,tile_q50_a0.25_0.50,44.98832985504835,45.00435439511137
Beauty,36,0.1481228033990618,-7.848206924876422e-05,tile_q50_a0.25_0.75,45.01281055444255,45.0295276964997
Beauty,36,0.1481228033990618,-7.848206924876422e-05,tile_q75_a0.00_0.50,44.9683573920149,44.98263232296505
Beauty,36,0.1481228033990618,-7.848206924876422e-05,tile_q75_a0.00_0.75,45.04206889083381,45.05711490732514
Beauty,36,0.1481228033990618,-7.848206924876422e-05,tile_q75_a0.25_0.50,44.99123858146607,45.006959982843625
Beauty,36,0.1481228033990618,-7.848206924876422e-05,tile_q75_a0.25_0.75,45.05558436066076,45.07205731974399
Beauty,60,0.11371397511897641,-0.0005680613623021413,global_a0.00,44.788248551960294,44.80262677839171
Beauty,60,0.11371397511897641,-0.0005680613623021413,global_a0.25,44.930794042322816,44.946480757496474
Beauty,60,0.11371397511897641,-0.0005680613623021413,global_a0.50,44.98912632214149,45.0104012995557
Beauty,60,0.11371397511897641,-0.0005680613623021413,global_a0.75,44.88719794507223,44.91430956679921
Beauty,60,0.11371397511897641,-0.0005680613623021413,global_a1.00,44.88628814982288,44.91634075351069
Beauty,60,0.11371397511897641,-0.0005680613623021413,tile_q50_a0.00_0.50,45.016341107048476,45.03151143945584
Beauty,60,0.11371397511897641,-0.0005680613623021413,tile_q50_a0.00_0.75,45.03642042676973,45.0523055916632
Beauty,60,0.11371397511897641,-0.0005680613623021413,tile_q50_a0.25_0.50,45.02112832060958,45.037642641068445
Beauty,60,0.11371397511897641,-0.0005680613623021413,tile_q50_a0.25_0.75,45.02775197734764,45.04506948591859
Beauty,60,0.11371397511897641,-0.0005680613623021413,tile_q75_a0.00_0.50,45.01162835529392,45.02651066844341
Beauty,60,0.11371397511897641,-0.0005680613623021413,tile_q75_a0.00_0.75,45.07754861124265,45.092940222737575
Beauty,60,0.11371397511897641,-0.0005680613623021413,tile_q75_a0.25_0.50,45.03069287795945,45.04698994380426
Beauty,60,0.11371397511897641,-0.0005680613623021413,tile_q75_a0.25_0.75,45.08852068752876,45.105374205126594
Beauty,84,-0.036658893230381295,-0.0007860487334708788,global_a0.00,45.40470768967292,45.41336173756768
Beauty,84,-0.036658893230381295,-0.0007860487334708788,global_a0.25,45.5002631046242,45.510484149651944
Beauty,84,-0.036658893230381295,-0.0007860487334708788,global_a0.50,45.504583099305506,45.52071786773929
Beauty,84,-0.036658893230381295,-0.0007860487334708788,global_a0.75,45.36053981055712,45.383418657790514
Beauty,84,-0.036658893230381295,-0.0007860487334708788,global_a1.00,45.35019612056527,45.3767028443373
Beauty,84,-0.036658893230381295,-0.0007860487334708788,tile_q50_a0.00_0.50,45.5449263916723,45.554827928109596
Beauty,84,-0.036658893230381295,-0.0007860487334708788,tile_q50_a0.00_0.75,45.528195881084166,45.5390047428651
Beauty,84,-0.036658893230381295,-0.0007860487334708788,tile_q50_a0.25_0.50,45.54786303309805,45.55935662873126
Beauty,84,-0.036658893230381295,-0.0007860487334708788,tile_q50_a0.25_0.75,45.51591604437961,45.52824512010705
Beauty,84,-0.036658893230381295,-0.0007860487334708788,tile_q75_a0.00_0.50,45.55669945998778,45.5661468073494
Beauty,84,-0.036658893230381295,-0.0007860487334708788,tile_q75_a0.00_0.75,45.596172531177565,45.60636603323601
Beauty,84,-0.036658893230381295,-0.0007860487334708788,tile_q75_a0.25_0.50,45.57196624755722,45.583135897057296
Beauty,84,-0.036658893230381295,-0.0007860487334708788,tile_q75_a0.25_0.75,45.59826342187136,45.60993997843282
Beauty,96,0.04778125803066047,0.0032763683767155216,global_a0.00,35.884423006597984,35.89702752212126
Beauty,96,0.04778125803066047,0.0032763683767155216,global_a0.25,35.91208415359952,35.924565033088655
Beauty,96,0.04778125803066047,0.0032763683767155216,global_a0.50,35.948498650776706,35.961594182033444
Beauty,96,0.04778125803066047,0.0032763683767155216,global_a0.75,35.94651519726633,35.96020940159379
Beauty,96,0.04778125803066047,0.0032763683767155216,global_a1.00,35.93070780660521,35.944808780151924
Beauty,96,0.04778125803066047,0.0032763683767155216,tile_q50_a0.00_0.50,35.92153724824437,35.934036198962694
Beauty,96,0.04778125803066047,0.0032763683767155216,tile_q50_a0.00_0.75,35.93014617069871,35.94278678137173
Beauty,96,0.04778125803066047,0.0032763683767155216,tile_q50_a0.25_0.50,35.932664303965424,35.94522553909468
Beauty,96,0.04778125803066047,0.0032763683767155216,tile_q50_a0.25_0.75,35.94054242913647,35.95325662995459
Beauty,96,0.04778125803066047,0.0032763683767155216,tile_q75_a0.00_0.50,35.91104919667808,35.92347613524358
Beauty,96,0.04778125803066047,0.0032763683767155216,tile_q75_a0.00_0.75,35.92074047187635,35.933207282002016
Beauty,96,0.04778125803066047,0.0032763683767155216,tile_q75_a0.25_0.50,35.92666231557095,35.93915261575845
Beauty,96,0.04778125803066047,0.0032763683767155216,tile_q75_a0.25_0.75,35.93546304843375,35.947981330258514
Beauty,120,0.07707535183828185,0.002062738749181059,global_a0.00,38.08937967160173,38.11884311325824
Beauty,120,0.07707535183828185,0.002062738749181059,global_a0.25,38.13591445137832,38.165654413070385
Beauty,120,0.07707535183828185,0.002062738749181059,global_a0.50,38.187088658110355,38.21846650150499
Beauty,120,0.07707535183828185,0.002062738749181059,global_a0.75,38.18166769179204,38.21447070763686
Beauty,120,0.07707535183828185,0.002062738749181059,global_a1.00,38.16200233376233,38.19591846509652
Beauty,120,0.07707535183828185,0.002062738749181059,tile_q50_a0.00_0.50,38.16015644036624,38.19041208681081
Beauty,120,0.07707535183828185,0.002062738749181059,tile_q50_a0.00_0.75,38.17391917512686,38.20482071000674
Beauty,120,0.07707535183828185,0.002062738749181059,tile_q50_a0.25_0.50,38.174147738734916,38.204633869361466
Beauty,120,0.07707535183828185,0.002062738749181059,tile_q50_a0.25_0.75,38.184235335688726,38.215338909589676
Beauty,120,0.07707535183828185,0.002062738749181059,tile_q75_a0.00_0.50,38.145300822829185,38.17530685549737
Beauty,120,0.07707535183828185,0.002062738749181059,tile_q75_a0.00_0.75,38.161443739353665,38.192001499633776
Beauty,120,0.07707535183828185,0.002062738749181059,tile_q75_a0.25_0.50,38.163454421184284,38.19367974096017
Beauty,120,0.07707535183828185,0.002062738749181059,tile_q75_a0.25_0.75,38.17828808053993,38.209072100906226
Beauty,144,0.031359980250513786,0.0015018880619014352,global_a0.00,38.32294075999204,38.33756054073804
Beauty,144,0.031359980250513786,0.0015018880619014352,global_a0.25,38.3528104783374,38.367491897563426
Beauty,144,0.031359980250513786,0.0015018880619014352,global_a0.50,38.389848821347314,38.40569025237058
Beauty,144,0.031359980250513786,0.0015018880619014352,global_a0.75,38.37371517088255,38.39068814589592
Beauty,144,0.031359980250513786,0.0015018880619014352,global_a1.00,38.35117497881462,38.36892052098855
Beauty,144,0.031359980250513786,0.0015018880619014352,tile_q50_a0.00_0.50,38.36264083077719,38.37747968023364
Beauty,144,0.031359980250513786,0.0015018880619014352,tile_q50_a0.00_0.75,38.36929904222459,38.38439326344886
Beauty,144,0.031359980250513786,0.0015018880619014352,tile_q50_a0.25_0.50,38.37857325783582,38.393607036764074
Beauty,144,0.031359980250513786,0.0015018880619014352,tile_q50_a0.25_0.75,38.381575085842165,38.39686892113144
Beauty,144,0.031359980250513786,0.0015018880619014352,tile_q75_a0.00_0.50,38.348775883045306,38.36344959682219
Beauty,144,0.031359980250513786,0.0015018880619014352,tile_q75_a0.00_0.75,38.35739506504012,38.37219351431158
Beauty,144,0.031359980250513786,0.0015018880619014352,tile_q75_a0.25_0.50,38.36820042582449,38.38302617835113
Beauty,144,0.031359980250513786,0.0015018880619014352,tile_q75_a0.25_0.75,38.374830746898816,38.38982756435262
Beauty,168,0.03325550266285404,0.0017283417739220042,global_a0.00,38.28096464567863,38.29324073641395
Beauty,168,0.03325550266285404,0.0017283417739220042,global_a0.25,38.3107410643077,38.32297414580941
Beauty,168,0.03325550266285404,0.0017283417739220042,global_a0.50,38.350149758641656,38.363446299525
Beauty,168,0.03325550266285404,0.0017283417739220042,global_a0.75,38.334882251719705,38.3491987007839
Beauty,168,0.03325550266285404,0.0017283417739220042,global_a1.00,38.31137969236046,38.3264962390768
Beauty,168,0.03325550266285404,0.0017283417739220042,tile_q50_a0.00_0.50,38.318545117434496,38.3310477086494
Beauty,168,0.03325550266285404,0.0017283417739220042,tile_q50_a0.00_0.75,38.32544852064545,38.33817942221364
Beauty,168,0.03325550266285404,0.0017283417739220042,tile_q50_a0.25_0.50,38.336194189062454,38.348751407513774
Beauty,168,0.03325550266285404,0.0017283417739220042,tile_q50_a0.25_0.75,38.339464935579315,38.352216808695175
Beauty,168,0.03325550266285404,0.0017283417739220042,tile_q75_a0.00_0.50,38.30281431043928,38.31507624166615
Beauty,168,0.03325550266285404,0.0017283417739220042,tile_q75_a0.00_0.75,38.309347917391754,38.32176570471374
Beauty,168,0.03325550266285404,0.0017283417739220042,tile_q75_a0.25_0.50,38.323454964104045,38.3357947743825
Beauty,168,0.03325550266285404,0.0017283417739220042,tile_q75_a0.25_0.75,38.32760386331289,38.34008812444123
Beauty,180,-0.17179646488593647,-0.0011687201222436716,global_a0.00,45.76602629003007,45.79632950430436
Beauty,180,-0.17179646488593647,-0.0011687201222436716,global_a0.25,45.83385975378084,45.86603832993755
Beauty,180,-0.17179646488593647,-0.0011687201222436716,global_a0.50,45.7773297917077,45.81473798652651
Beauty,180,-0.17179646488593647,-0.0011687201222436716,global_a0.75,45.59197207525395,45.63554462208097
Beauty,180,-0.17179646488593647,-0.0011687201222436716,global_a1.00,45.57769605586802,45.624533039418424
Beauty,180,-0.17179646488593647,-0.0011687201222436716,tile_q50_a0.00_0.50,45.83379465330687,45.86531146455512
Beauty,180,-0.17179646488593647,-0.0011687201222436716,tile_q50_a0.00_0.75,45.77849960636791,45.810683229366596
Beauty,180,-0.17179646488593647,-0.0011687201222436716,tile_q50_a0.25_0.50,45.836029505001065,45.869000293137
Beauty,180,-0.17179646488593647,-0.0011687201222436716,tile_q50_a0.25_0.75,45.75958652671089,45.79300807823501
Beauty,180,-0.17179646488593647,-0.0011687201222436716,tile_q75_a0.00_0.50,45.865751696765756,45.89732651876754
Beauty,180,-0.17179646488593647,-0.0011687201222436716,tile_q75_a0.00_0.75,45.86836556143095,45.90071498786985
Beauty,180,-0.17179646488593647,-0.0011687201222436716,tile_q75_a0.25_0.50,45.87677007618757,45.909912510789354
Beauty,180,-0.17179646488593647,-0.0011687201222436716,tile_q75_a0.25_0.75,45.86126882437179,45.89499060438768
Beauty,204,-0.246676855746351,-0.0013777462064026302,global_a0.00,46.44105905882909,46.45298974916934
Beauty,204,-0.246676855746351,-0.0013777462064026302,global_a0.25,46.497798754746576,46.51147060088952
Beauty,204,-0.246676855746351,-0.0013777462064026302,global_a0.50,46.405614389287095,46.42612936486057
Beauty,204,-0.246676855746351,-0.0013777462064026302,global_a0.75,46.19043576815996,46.21844504030751
Beauty,204,-0.246676855746351,-0.0013777462064026302,global_a1.00,46.17457415056204,46.20631289342299
Beauty,204,-0.246676855746351,-0.0013777462064026302,tile_q50_a0.00_0.50,46.48898868338752,46.50259351582699
Beauty,204,-0.246676855746351,-0.0013777462064026302,tile_q50_a0.00_0.75,46.40882617772857,46.42335033289019
Beauty,204,-0.246676855746351,-0.0013777462064026302,tile_q50_a0.25_0.50,46.48958392596842,46.50496542512745
Beauty,204,-0.246676855746351,-0.0013777462064026302,tile_q50_a0.25_0.75,46.38579903302461,46.401935057558546
Beauty,204,-0.246676855746351,-0.0013777462064026302,tile_q75_a0.00_0.50,46.521728527820905,46.535334272553214
Beauty,204,-0.246676855746351,-0.0013777462064026302,tile_q75_a0.00_0.75,46.51592958220516,46.530793878496645
Beauty,204,-0.246676855746351,-0.0013777462064026302,tile_q75_a0.25_0.50,46.53196075352788,46.54718174339408
Beauty,204,-0.246676855746351,-0.0013777462064026302,tile_q75_a0.25_0.75,46.50526647336583,46.521816905371416
Beauty,228,0.043797000033471534,-0.0009443190213379582,global_a0.00,44.23959393901177,44.239194482748175
Beauty,228,0.043797000033471534,-0.0009443190213379582,global_a0.25,44.363566667056546,44.36468349420403
Beauty,228,0.043797000033471534,-0.0009443190213379582,global_a0.50,44.383696994651245,44.38919106602658
Beauty,228,0.043797000033471534,-0.0009443190213379582,global_a0.75,44.2743887321011,44.28516237785053
Beauty,228,0.043797000033471534,-0.0009443190213379582,global_a1.00,44.2695266102978,44.28299148278165
Beauty,228,0.043797000033471534,-0.0009443190213379582,tile_q50_a0.00_0.50,44.4261228190217,44.427885263551374
Beauty,228,0.043797000033471534,-0.0009443190213379582,tile_q50_a0.00_0.75,44.41882680144862,44.421861653770094
Beauty,228,0.043797000033471534,-0.0009443190213379582,tile_q50_a0.25_0.50,44.42754526947401,44.430112806994806
Beauty,228,0.043797000033471534,-0.0009443190213379582,tile_q50_a0.25_0.75,44.40541553356576,44.4092915994127
Beauty,228,0.043797000033471534,-0.0009443190213379582,tile_q75_a0.00_0.50,44.43786432968375,44.43937576364697
Beauty,228,0.043797000033471534,-0.0009443190213379582,tile_q75_a0.00_0.75,44.47906649441701,44.48174749912893
Beauty,228,0.043797000033471534,-0.0009443190213379582,tile_q75_a0.25_0.50,44.44516209915395,44.4474270259137
Beauty,228,0.043797000033471534,-0.0009443190213379582,tile_q75_a0.25_0.75,44.477472491529895,44.48097982245769
Beauty,240,0.05246671246474932,0.0017997423274256352,global_a0.00,37.95071287984187,37.96443785880954
Beauty,240,0.05246671246474932,0.0017997423274256352,global_a0.25,37.9902482725154,38.00429387621143
Beauty,240,0.05246671246474932,0.0017997423274256352,global_a0.50,38.03187335602101,38.04731522245196
Beauty,240,0.05246671246474932,0.0017997423274256352,global_a0.75,38.0197136336992,38.03645935520624
Beauty,240,0.05246671246474932,0.0017997423274256352,global_a1.00,37.99930776457404,38.01690457127429
Beauty,240,0.05246671246474932,0.0017997423274256352,tile_q50_a0.00_0.50,38.00731522448324,38.02173227184138
Beauty,240,0.05246671246474932,0.0017997423274256352,tile_q50_a0.00_0.75,38.01691896493629,38.031727705282464
Beauty,240,0.05246671246474932,0.0017997423274256352,tile_q50_a0.25_0.50,38.02202250835776,38.03660856799966
Beauty,240,0.05246671246474932,0.0017997423274256352,tile_q50_a0.25_0.75,38.02846176185972,38.04341321621652
Beauty,240,0.05246671246474932,0.0017997423274256352,tile_q75_a0.00_0.50,37.99111917267895,38.00524519959356
Beauty,240,0.05246671246474932,0.0017997423274256352,tile_q75_a0.00_0.75,38.00352673802082,38.01792339995869
Beauty,240,0.05246671246474932,0.0017997423274256352,tile_q75_a0.25_0.50,38.01083650296081,38.02518494212734
Beauty,240,0.05246671246474932,0.0017997423274256352,tile_q75_a0.25_0.75,38.02195336723414,38.0365882142157
Beauty,264,0.07232876450831327,0.0021202251753598134,global_a0.00,38.06547292720479,38.07928388895294
Beauty,264,0.07232876450831327,0.0021202251753598134,global_a0.25,38.11180049474433,38.12586981104203
Beauty,264,0.07232876450831327,0.0021202251753598134,global_a0.50,38.16207089300137,38.177476228222346
Beauty,264,0.07232876450831327,0.0021202251753598134,global_a0.75,38.15440766439061,38.17097834417562
Beauty,264,0.07232876450831327,0.0021202251753598134,global_a1.00,38.13422028801512,38.15161265346126
Beauty,264,0.07232876450831327,0.0021202251753598134,tile_q50_a0.00_0.50,38.133177961650176,38.14772463198509
Beauty,264,0.07232876450831327,0.0021202251753598134,tile_q50_a0.00_0.75,38.14787825603566,38.16278773293607
Beauty,264,0.07232876450831327,0.0021202251753598134,tile_q50_a0.25_0.50,38.148879793165726,38.16351347671134
Beauty,264,0.07232876450831327,0.0021202251753598134,tile_q50_a0.25_0.75,38.16001202110346,38.1750332850769
Beauty,264,0.07232876450831327,0.0021202251753598134,tile_q75_a0.00_0.50,38.113426584983365,38.12767336662834
Beauty,264,0.07232876450831327,0.0021202251753598134,tile_q75_a0.00_0.75,38.128538845473045,38.143029407497366
Beauty,264,0.07232876450831327,0.0021202251753598134,tile_q75_a0.25_0.50,38.13533980867481,38.149716134045015
Beauty,264,0.07232876450831327,0.0021202251753598134,tile_q75_a0.25_0.75,38.148996150613314,38.16358431958615
Beauty,288,0.0402670933834699,0.0029216997710018733,global_a0.00,35.78537583642599,35.79604260989388
Beauty,288,0.0402670933834699,0.0029216997710018733,global_a0.25,35.81294109155032,35.823791870199
Beauty,288,0.0402670933834699,0.0029216997710018733,global_a0.50,35.84574158401393,35.85733390211777
Beauty,288,0.0402670933834699,0.0029216997710018733,global_a0.75,35.83991390789182,35.85219200515596
Beauty,288,0.0402670933834699,0.0029216997710018733,global_a1.00,35.82358137705671,35.83630970327735
Beauty,288,0.0402670933834699,0.0029216997710018733,tile_q50_a0.00_0.50,35.82354193702414,35.83445564800325
Beauty,288,0.0402670933834699,0.0029216997710018733,tile_q50_a0.00_0.75,35.831658305222895,35.84279289165029
Beauty,288,0.0402670933834699,0.0029216997710018733,tile_q50_a0.25_0.50,35.83382803646119,35.84489302624521
Beauty,288,0.0402670933834699,0.0029216997710018733,tile_q50_a0.25_0.75,35.84054084468655,35.85181338431037
Beauty,288,0.0402670933834699,0.0029216997710018733,tile_q75_a0.00_0.50,35.81197779971121,35.822777956833185
Beauty,288,0.0402670933834699,0.0029216997710018733,tile_q75_a0.00_0.75,35.82102374926284,35.83196832768165
Beauty,288,0.0402670933834699,0.0029216997710018733,tile_q75_a0.25_0.50,35.82696212567984,35.83792992913193
Beauty,288,0.0402670933834699,0.0029216997710018733,tile_q75_a0.25_0.75,35.83526066855259,35.846366416047665
Beauty,300,0.04185568582882837,-0.0007534380915381611,global_a0.00,45.563575625408966,45.58476933042546
Beauty,300,0.04185568582882837,-0.0007534380915381611,global_a0.25,45.692638342161416,45.71607058196635
Beauty,300,0.04185568582882837,-0.0007534380915381611,global_a0.50,45.7121408186911,45.74195768041534
Beauty,300,0.04185568582882837,-0.0007534380915381611,global_a0.75,45.58488438023588,45.62194073961216
Beauty,300,0.04185568582882837,-0.0007534380915381611,global_a1.00,45.586089744208266,45.62662501625429
Beauty,300,0.04185568582882837,-0.0007534380915381611,tile_q50_a0.00_0.50,45.76382908652546,45.78747642831417
Beauty,300,0.04185568582882837,-0.0007534380915381611,tile_q50_a0.00_0.75,45.75697091618526,45.78167146142012
Beauty,300,0.04185568582882837,-0.0007534380915381611,tile_q50_a0.25_0.50,45.76550791462093,45.7906006737122
Beauty,300,0.04185568582882837,-0.0007534380915381611,tile_q50_a0.25_0.75,45.73993461896318,45.765900186176616
Beauty,300,0.04185568582882837,-0.0007534380915381611,tile_q75_a0.00_0.50,45.77511083226031,45.79856329545947
Beauty,300,0.04185568582882837,-0.0007534380915381611,tile_q75_a0.00_0.75,45.833780975132285,45.858296002723414
Beauty,300,0.04185568582882837,-0.0007534380915381611,tile_q75_a0.25_0.50,45.78756960303689,45.812519986424974
Beauty,300,0.04185568582882837,-0.0007534380915381611,tile_q75_a0.25_0.75,45.83535517358891,45.86134744702597
Beauty,324,-0.0634330585469911,-0.0011405552364472937,global_a0.00,44.26959519254362,44.28067097874539
Beauty,324,-0.0634330585469911,-0.0011405552364472937,global_a0.25,44.34955328619735,44.36181360836634
Beauty,324,-0.0634330585469911,-0.0011405552364472937,global_a0.50,44.331533303852204,44.34757258169371
Beauty,324,-0.0634330585469911,-0.0011405552364472937,global_a0.75,44.203527346560975,44.224547895128524
Beauty,324,-0.0634330585469911,-0.0011405552364472937,global_a1.00,44.19350143359533,44.2172379201984
Beauty,324,-0.0634330585469911,-0.0011405552364472937,tile_q50_a0.00_0.50,44.37247706730815,44.38449835708813
Beauty,324,-0.0634330585469911,-0.0011405552364472937,tile_q50_a0.00_0.75,44.35265938679662,44.365663051809136
Beauty,324,-0.0634330585469911,-0.0011405552364472937,tile_q50_a0.25_0.50,44.37344499841335,44.386371671094125
Beauty,324,-0.0634330585469911,-0.0011405552364472937,tile_q50_a0.25_0.75,44.33987927925515,44.35376493011904
Beauty,324,-0.0634330585469911,-0.0011405552364472937,tile_q75_a0.00_0.50,44.389574485380656,44.40151318192932
Beauty,324,-0.0634330585469911,-0.0011405552364472937,tile_q75_a0.00_0.75,44.41082149455271,44.42345367818448
Beauty,324,-0.0634330585469911,-0.0011405552364472937,tile_q75_a0.25_0.50,44.39835947607133,44.41126869459033
Beauty,324,-0.0634330585469911,-0.0011405552364472937,tile_q75_a0.25_0.75,44.40741878344226,44.42104489270871
Beauty,348,0.1409479299600349,-0.000674276228191939,global_a0.00,45.1114916489461,45.12657082063734
Beauty,348,0.1409479299600349,-0.000674276228191939,global_a0.25,45.2891300268551,45.30694502118671
Beauty,348,0.1409479299600349,-0.000674276228191939,global_a0.50,45.32554231029512,45.349266916598765
Beauty,348,0.1409479299600349,-0.000674276228191939,global_a0.75,45.22268582089532,45.25292410279643
Beauty,348,0.1409479299600349,-0.000674276228191939,global_a1.00,45.23392036111845,45.267518750597375
Beauty,348,0.1409479299600349,-0.000674276228191939,tile_q50_a0.00_0.50,45.38961328411173,45.407845533838376
Beauty,348,0.1409479299600349,-0.000674276228191939,tile_q50_a0.00_0.75,45.4009621666778,45.42012232136673
Beauty,348,0.1409479299600349,-0.000674276228191939,tile_q50_a0.25_0.50,45.39115813013879,45.41069053829716
Beauty,348,0.1409479299600349,-0.000674276228191939,tile_q50_a0.25_0.75,45.38208728486909,45.40256902007219
Beauty,348,0.1409479299600349,-0.000674276228191939,tile_q75_a0.00_0.50,45.39068707773403,45.408790768343515
Beauty,348,0.1409479299600349,-0.000674276228191939,tile_q75_a0.00_0.75,45.461688120411665,45.48081427943739
Beauty,348,0.1409479299600349,-0.000674276228191939,tile_q75_a0.25_0.50,45.404696323146865,45.42424714612716
Beauty,348,0.1409479299600349,-0.000674276228191939,tile_q75_a0.25_0.75,45.46446027091682,45.48506823238027
Beauty,360,0.09032959263885942,0.0020784042135660874,global_a0.00,38.25414947061219,38.266646031686115
Beauty,360,0.09032959263885942,0.0020784042135660874,global_a0.25,38.30789644177558,38.32071584855819
Beauty,360,0.09032959263885942,0.0020784042135660874,global_a0.50,38.36152532587193,38.37574293332019
Beauty,360,0.09032959263885942,0.0020784042135660874,global_a0.75,38.35823831555528,38.37382460615444
Beauty,360,0.09032959263885942,0.0020784042135660874,global_a1.00,38.340426092666135,38.356975624324974
Beauty,360,0.09032959263885942,0.0020784042135660874,tile_q50_a0.00_0.50,38.33438205727605,38.34750165909989
Beauty,360,0.09032959263885942,0.0020784042135660874,tile_q50_a0.00_0.75,38.35340961529175,38.366849435979574
Beauty,360,0.09032959263885942,0.0020784042135660874,tile_q50_a0.25_0.50,38.34919602787535,38.36248942534397
Beauty,360,0.09032959263885942,0.0020784042135660874,tile_q50_a0.25_0.75,38.364817846695125,38.3784286286581
Beauty,360,0.09032959263885942,0.0020784042135660874,tile_q75_a0.00_0.50,38.315406249851954,38.32837702775267
Beauty,360,0.09032959263885942,0.0020784042135660874,tile_q75_a0.00_0.75,38.336013055300675,38.349220796494215
Beauty,360,0.09032959263885942,0.0020784042135660874,tile_q75_a0.25_0.50,38.33725429967172,38.350378397566416
Beauty,360,0.09032959263885942,0.0020784042135660874,tile_q75_a0.25_0.75,38.35664518887371,38.37001174223391
Beauty,384,0.12850323218479076,0.00421591927311149,global_a0.00,35.72250957796092,35.73430228150591
Beauty,384,0.12850323218479076,0.00421591927311149,global_a0.25,35.784016702342385,35.79631445461552
Beauty,384,0.12850323218479076,0.00421591927311149,global_a0.50,35.84240539116131,35.855716618041676
Beauty,384,0.12850323218479076,0.00421591927311149,global_a0.75,35.8560467811891,35.87015765169312
Beauty,384,0.12850323218479076,0.00421591927311149,global_a1.00,35.84815612534786,35.8628055136907
Beauty,384,0.12850323218479076,0.00421591927311149,tile_q50_a0.00_0.50,35.81694245075371,35.829654426225666
Beauty,384,0.12850323218479076,0.00421591927311149,tile_q50_a0.00_0.75,35.84287170699105,35.855862455351854
Beauty,384,0.12850323218479076,0.00421591927311149,tile_q50_a0.25_0.50,35.82759996065522,35.840379715383406
Beauty,384,0.12850323218479076,0.00421591927311149,tile_q50_a0.25_0.75,35.852274839670486,35.86535807042703
Beauty,384,0.12850323218479076,0.00421591927311149,tile_q75_a0.00_0.50,35.8065033855071,35.819112299055156
Beauty,384,0.12850323218479076,0.00421591927311149,tile_q75_a0.00_0.75,35.83241488650041,35.84527463282936
Beauty,384,0.12850323218479076,0.00421591927311149,tile_q75_a0.25_0.50,35.82125905784994,35.8339579242936
Beauty,384,0.12850323218479076,0.00421591927311149,tile_q75_a0.25_0.75,35.84678875746346,35.85975800639002
Beauty,408,0.056928728107763504,0.0017683865477829963,global_a0.00,37.92324043466085,37.93585425812351
Beauty,408,0.056928728107763504,0.0017683865477829963,global_a0.25,37.96295048693654,37.97563269769155
Beauty,408,0.056928728107763504,0.0017683865477829963,global_a0.50,38.00310218015047,38.01689395883737
Beauty,408,0.056928728107763504,0.0017683865477829963,global_a0.75,37.994689246182915,38.0094043684914
Beauty,408,0.056928728107763504,0.0017683865477829963,global_a1.00,37.97732745457765,37.992782986231276
Beauty,408,0.056928728107763504,0.0017683865477829963,tile_q50_a0.00_0.50,37.980547764071105,37.99346742083239
Beauty,408,0.056928728107763504,0.0017683865477829963,tile_q50_a0.00_0.75,37.99181850340554,38.00489359182714
Beauty,408,0.056928728107763504,0.0017683865477829963,tile_q50_a0.25_0.50,37.992407448350114,38.00539583118336
Beauty,408,0.056928728107763504,0.0017683865477829963,tile_q50_a0.25_0.75,38.00125350690979,38.014412031761815
Beauty,408,0.056928728107763504,0.0017683865477829963,tile_q75_a0.00_0.50,37.96750175613384,37.98026364794837
Beauty,408,0.056928728107763504,0.0017683865477829963,tile_q75_a0.00_0.75,37.982559671957276,37.99546639709811
Beauty,408,0.056928728107763504,0.0017683865477829963,tile_q75_a0.25_0.50,37.98459671175062,37.997483554167644
Beauty,408,0.056928728107763504,0.0017683865477829963,tile_q75_a0.25_0.75,37.99828045524879,38.011303984895406
Beauty,420,0.0015423964639893484,-0.0008489480421696172,global_a0.00,43.6337679471654,43.64032827184066
Beauty,420,0.0015423964639893484,-0.0008489480421696172,global_a0.25,43.723817181835194,43.73083720536536
Beauty,420,0.0015423964639893484,-0.0008489480421696172,global_a0.50,43.73288944158226,43.74306306459335
Beauty,420,0.0015423964639893484,-0.0008489480421696172,global_a0.75,43.634811382651975,43.64909961472569
Beauty,420,0.0015423964639893484,-0.0008489480421696172,global_a1.00,43.62548037901086,43.64187066830465
Beauty,420,0.0015423964639893484,-0.0008489480421696172,tile_q50_a0.00_0.50,43.772066975802346,43.77872336086121
Beauty,420,0.0015423964639893484,-0.0008489480421696172,tile_q50_a0.00_0.75,43.765586179957374,43.772862099841845
Beauty,420,0.0015423964639893484,-0.0008489480421696172,tile_q50_a0.25_0.50,43.77312062965075,43.78057087870627
Beauty,420,0.0015423964639893484,-0.0008489480421696172,tile_q50_a0.25_0.75,43.75395342125283,43.762049288362014
Beauty,420,0.0015423964639893484,-0.0008489480421696172,tile_q75_a0.00_0.50,43.77845302458248,43.78491910818169
Beauty,420,0.0015423964639893484,-0.0008489480421696172,tile_q75_a0.00_0.75,43.81102886948079,43.81799302785743
Beauty,420,0.0015423964639893484,-0.0008489480421696172,tile_q75_a0.25_0.50,43.785104109190314,43.79237850117572
Beauty,420,0.0015423964639893484,-0.0008489480421696172,tile_q75_a0.25_0.75,43.81185338862214,43.81967332468429
Beauty,444,0.23225357370026956,-0.00041627350354600523,global_a0.00,45.06516427097016,45.06959458256368
Beauty,444,0.23225357370026956,-0.00041627350354600523,global_a0.25,45.27483281812434,45.28154201751069
Beauty,444,0.23225357370026956,-0.00041627350354600523,global_a0.50,45.348913926739804,45.3612360293055
Beauty,444,0.23225357370026956,-0.00041627350354600523,global_a0.75,45.263259584755,45.28280785214656
Beauty,444,0.23225357370026956,-0.00041627350354600523,global_a1.00,45.27905004389083,45.30184815626395
Beauty,444,0.23225357370026956,-0.00041627350354600523,tile_q50_a0.00_0.50,45.40471942890317,45.411466368810416
Beauty,444,0.23225357370026956,-0.00041627350354600523,tile_q50_a0.00_0.75,45.437470916513696,45.44551354236984
Beauty,444,0.23225357370026956,-0.00041627350354600523,tile_q50_a0.25_0.50,45.40590618658075,45.41404896938217
Beauty,444,0.23225357370026956,-0.00041627350354600523,tile_q50_a0.25_0.75,45.418276289792544,45.42773481059128
Beauty,444,0.23225357370026956,-0.00041627350354600523,tile_q75_a0.00_0.50,45.411297360914844,45.4176736586541
Beauty,444,0.23225357370026956,-0.00041627350354600523,tile_q75_a0.00_0.75,45.501291162606776,45.508975055306884
Beauty,444,0.23225357370026956,-0.00041627350354600523,tile_q75_a0.25_0.50,45.421693593552746,45.42961653324107
Beauty,444,0.23225357370026956,-0.00041627350354600523,tile_q75_a0.25_0.75,45.50152075387052,45.510852619038815
Beauty,468,0.16821875733613467,-0.0004937447978986542,global_a0.00,45.0601337065671,45.065660644982685
Beauty,468,0.16821875733613467,-0.0004937447978986542,global_a0.25,45.23704023535785,45.24510405278026
Beauty,468,0.16821875733613467,-0.0004937447978986542,global_a0.50,45.29159753885003,45.30534259156558
Beauty,468,0.16821875733613467,-0.0004937447978986542,global_a0.75,45.199932829334145,45.22097976588752
Beauty,468,0.16821875733613467,-0.0004937447978986542,global_a1.00,45.20977540678931,45.23387940231882
Beauty,468,0.16821875733613467,-0.0004937447978986542,tile_q50_a0.00_0.50,45.35404893468482,45.36268306666413
Beauty,468,0.16821875733613467,-0.0004937447978986542,tile_q50_a0.00_0.75,45.37025991914622,45.379979133089485
Beauty,468,0.16821875733613467,-0.0004937447978986542,tile_q50_a0.25_0.50,45.35593042190831,45.3658730299757
Beauty,468,0.16821875733613467,-0.0004937447978986542,tile_q50_a0.25_0.75,45.351720839746825,45.362738889553654
Beauty,468,0.16821875733613467,-0.0004937447978986542,tile_q75_a0.00_0.50,45.35049699142594,45.35857141585129
Beauty,468,0.16821875733613467,-0.0004937447978986542,tile_q75_a0.00_0.75,45.427402793112435,45.436572540842946
Beauty,468,0.16821875733613467,-0.0004937447978986542,tile_q75_a0.25_0.50,45.363488065995696,45.37307203239365
Beauty,468,0.16821875733613467,-0.0004937447978986542,tile_q75_a0.25_0.75,45.42702640388411,45.437770981573706
Beauty,492,0.40161636738431383,-0.00035100747473015836,global_a0.00,44.54530650859855,44.54997513696999
Beauty,492,0.40161636738431383,-0.00035100747473015836,global_a0.25,44.817575852953496,44.82343388390977
Beauty,492,0.40161636738431383,-0.00035100747473015836,global_a0.50,44.9436558284017,44.95408362514728
Beauty,492,0.40161636738431383,-0.00035100747473015836,global_a0.75,44.90457192975783,44.920980085873126
Beauty,492,0.40161636738431383,-0.00035100747473015836,global_a1.00,44.93262638784059,44.951591504354305
Beauty,492,0.40161636738431383,-0.00035100747473015836,tile_q50_a0.00_0.50,44.98855359268983,44.99444897275805
Beauty,492,0.40161636738431383,-0.00035100747473015836,tile_q50_a0.00_0.75,45.055792073562,45.062026327142924
Beauty,492,0.40161636738431383,-0.00035100747473015836,tile_q50_a0.25_0.50,44.99244413570584,44.99927651420273
Beauty,492,0.40161636738431383,-0.00035100747473015836,tile_q50_a0.25_0.75,45.04199689948743,45.04915137680432
Beauty,492,0.40161636738431383,-0.00035100747473015836,tile_q75_a0.00_0.50,44.98354304041197,44.98932029351213
Beauty,492,0.40161636738431383,-0.00035100747473015836,tile_q75_a0.00_0.75,45.10608525131396,45.112402875969465
Beauty,492,0.40161636738431383,-0.00035100747473015836,tile_q75_a0.25_0.50,45.00228797257361,45.009032826744786
Beauty,492,0.40161636738431383,-0.00035100747473015836,tile_q75_a0.25_0.75,45.11443623095936,45.121811890087756
Beauty,504,0.07930076025441934,0.0020575672397848965,global_a0.00,37.73306805833084,37.7515939337057
Beauty,504,0.07930076025441934,0.0020575672397848965,global_a0.25,37.78369072523634,37.80152513570031
Beauty,504,0.07930076025441934,0.0020575672397848965,global_a0.50,37.832925685566494,37.85117363224303
Beauty,504,0.07930076025441934,0.0020575672397848965,global_a0.75,37.82834814060414,37.846938121127906
Beauty,504,0.07930076025441934,0.0020575672397848965,global_a1.00,37.81192054214654,37.83089469396012
Beauty,504,0.07930076025441934,0.0020575672397848965,tile_q50_a0.00_0.50,37.80813768806036,37.825524625723595
Beauty,504,0.07930076025441934,0.0020575672397848965,tile_q50_a0.00_0.75,37.821833575499184,37.83885609521741
Beauty,504,0.07930076025441934,0.0020575672397848965,tile_q50_a0.25_0.50,37.82028345506683,37.837792786228725
Beauty,504,0.07930076025441934,0.0020575672397848965,tile_q50_a0.25_0.75,37.83154265549601,37.84867266328722
Beauty,504,0.07930076025441934,0.0020575672397848965,tile_q75_a0.00_0.50,37.79500452089368,37.81247114279191
Beauty,504,0.07930076025441934,0.0020575672397848965,tile_q75_a0.00_0.75,37.81336527844906,37.83048783129774
Beauty,504,0.07930076025441934,0.0020575672397848965,tile_q75_a0.25_0.50,37.812750741662946,37.83016999378761
Beauty,504,0.07930076025441934,0.0020575672397848965,tile_q75_a0.25_0.75,37.83004930622322,37.84718660770558
Beauty,528,0.08022094797791368,0.0022033153960187013,global_a0.00,37.86413719599465,37.87791598047249
Beauty,528,0.08022094797791368,0.0022033153960187013,global_a0.25,37.913904932597426,37.92764943112022
Beauty,528,0.08022094797791368,0.0022033153960187013,global_a0.50,37.96391080547937,37.97849138946213
Beauty,528,0.08022094797791368,0.0022033153960187013,global_a0.75,37.95957340896696,37.97499757285334
Beauty,528,0.08022094797791368,0.0022033153960187013,global_a1.00,37.94208844971258,37.9581369284504
Beauty,528,0.08022094797791368,0.0022033153960187013,tile_q50_a0.00_0.50,37.93998370474239,37.95383127033866
Beauty,528,0.08022094797791368,0.0022033153960187013,tile_q50_a0.00_0.75,37.9547189271331,37.96867105740829
Beauty,528,0.08022094797791368,0.0022033153960187013,tile_q50_a0.25_0.50,37.95415058820281,37.968128519800565
Beauty,528,0.08022094797791368,0.0022033153960187013,tile_q50_a0.25_0.75,37.96555297796801,37.97963192124287
Beauty,528,0.08022094797791368,0.0022033153960187013,tile_q75_a0.00_0.50,37.922717076390306,37.93631296793618
Beauty,528,0.08022094797791368,0.0022033153960187013,tile_q75_a0.00_0.75,37.940372719773364,37.953965210839
Beauty,528,0.08022094797791368,0.0022033153960187013,tile_q75_a0.25_0.50,37.942139552736734,37.95589398142544
Beauty,528,0.08022094797791368,0.0022033153960187013,tile_q75_a0.25_0.75,37.957915129951616,37.9716593158099
Beauty,552,0.07804010367784997,0.002383100736916277,global_a0.00,38.01284501643248,38.026289625736524
Beauty,552,0.07804010367784997,0.002383100736916277,global_a0.25,38.059423665513,38.072835093398524
Beauty,552,0.07804010367784997,0.002383100736916277,global_a0.50,38.11187137659026,38.12630652742885
Beauty,552,0.07804010367784997,0.002383100736916277,global_a0.75,38.10757483719835,38.123010456929556
Beauty,552,0.07804010367784997,0.002383100736916277,global_a1.00,38.088273023379145,38.104329729414374
Beauty,552,0.07804010367784997,0.002383100736916277,tile_q50_a0.00_0.50,38.08179562357757,38.09517234038354
Beauty,552,0.07804010367784997,0.002383100736916277,tile_q50_a0.00_0.75,38.09446881393447,38.10785456935116
Beauty,552,0.07804010367784997,0.002383100736916277,tile_q50_a0.25_0.50,38.09679923939041,38.11042318021053
Beauty,552,0.07804010367784997,0.002383100736916277,tile_q50_a0.25_0.75,38.106722568788186,38.12034800954167
Beauty,552,0.07804010367784997,0.002383100736916277,tile_q75_a0.00_0.50,38.063951103693796,38.07711863461377
Beauty,552,0.07804010367784997,0.002383100736916277,tile_q75_a0.00_0.75,38.08146655323169,38.094649595233655
Beauty,552,0.07804010367784997,0.002383100736916277,tile_q75_a0.25_0.50,38.08476545966198,38.09815275694796
Beauty,552,0.07804010367784997,0.002383100736916277,tile_q75_a0.25_0.75,38.10071342552574,38.11414924867917
Beauty,564,0.04112249629597642,-0.000661923383284857,global_a0.00,45.38025372657785,45.40480114549881
Beauty,564,0.04112249629597642,-0.000661923383284857,global_a0.25,45.503604873470834,45.52854197397721
Beauty,564,0.04112249629597642,-0.000661923383284857,global_a0.50,45.52086356429296,45.55002109659357
Beauty,564,0.04112249629597642,-0.000661923383284857,global_a0.75,45.406503228912776,45.44148102649618
Beauty,564,0.04112249629597642,-0.000661923383284857,global_a1.00,45.408455047007806,45.445923641794785
Beauty,564,0.04112249629597642,-0.000661923383284857,tile_q50_a0.00_0.50,45.58022303359542,45.604188260174155
Beauty,564,0.04112249629597642,-0.000661923383284857,tile_q50_a0.00_0.75,45.575830860737355,45.59985274742884
Beauty,564,0.04112249629597642,-0.000661923383284857,tile_q50_a0.25_0.50,45.58161002423751,45.60681787382591
Beauty,564,0.04112249629597642,-0.000661923383284857,tile_q50_a0.25_0.75,45.55754438013183,45.582670801640845
Beauty,564,0.04112249629597642,-0.000661923383284857,tile_q75_a0.00_0.50,45.5717160550239,45.59649967440946
Beauty,564,0.04112249629597642,-0.000661923383284857,tile_q75_a0.00_0.75,45.627014934746775,45.652557926901494
Beauty,564,0.04112249629597642,-0.000661923383284857,tile_q75_a0.25_0.50,45.587961683862154,45.61353120753612
Beauty,564,0.04112249629597642,-0.000661923383284857,tile_q75_a0.25_0.75,45.62846501835966,45.6546776274938
Beauty,588,0.03537743899519086,-0.0002469584202973163,global_a0.00,42.45927105371918,42.50328016294932
Beauty,588,0.03537743899519086,-0.0002469584202973163,global_a0.25,42.53086449149614,42.57455789475911
Beauty,588,0.03537743899519086,-0.0002469584202973163,global_a0.50,42.56371470333622,42.60917699031215
Beauty,588,0.03537743899519086,-0.0002469584202973163,global_a0.75,42.50336698383294,42.55048953101202
Beauty,588,0.03537743899519086,-0.0002469584202973163,global_a1.00,42.49021011496704,42.538657601944514
Beauty,588,0.03537743899519086,-0.0002469584202973163,tile_q50_a0.00_0.50,42.57399502431242,42.6176887489983
Beauty,588,0.03537743899519086,-0.0002469584202973163,tile_q50_a0.00_0.75,42.57699398005922,42.620679599974984
Beauty,588,0.03537743899519086,-0.0002469584202973163,tile_q50_a0.25_0.50,42.580577296499804,42.624598998982925
Beauty,588,0.03537743899519086,-0.0002469584202973163,tile_q50_a0.25_0.75,42.5745184830354,42.618433378124145
Beauty,588,0.03537743899519086,-0.0002469584202973163,tile_q75_a0.00_0.50,42.55914154709812,42.60219298197295
Beauty,588,0.03537743899519086,-0.0002469584202973163,tile_q75_a0.00_0.75,42.58561095537064,42.628408735114704
Beauty,588,0.03537743899519086,-0.0002469584202973163,tile_q75_a0.25_0.50,42.57831315051291,42.62186214504766
Beauty,588,0.03537743899519086,-0.0002469584202973163,tile_q75_a0.25_0.75,42.597526657355075,42.64086414929587
Jockey,0,0.5989572917722228,0.0011059068259970939,global_a0.00,39.901884145530964,39.87956858146338
Jockey,0,0.5989572917722228,0.0011059068259970939,global_a0.25,40.14989559109661,40.12889934789526
Jockey,0,0.5989572917722228,0.0011059068259970939,global_a0.50,40.34323568070974,40.323841273795516
Jockey,0,0.5989572917722228,0.0011059068259970939,global_a0.75,40.45416297930812,40.43889206904217
Jockey,0,0.5989572917722228,0.0011059068259970939,global_a1.00,40.492776978297336,40.478525873235604
Jockey,0,0.5989572917722228,0.0011059068259970939,tile_q50_a0.00_0.50,40.30308889499473,40.28197396835829
Jockey,0,0.5989572917722228,0.0011059068259970939,tile_q50_a0.00_0.75,40.42073690052333,40.40039865625669
Jockey,0,0.5989572917722228,0.0011059068259970939,tile_q50_a0.25_0.50,40.33192699720051,40.311556198414706
Jockey,0,0.5989572917722228,0.0011059068259970939,tile_q50_a0.25_0.75,40.44705262968528,40.42748532359119
Jockey,0,0.5989572917722228,0.0011059068259970939,tile_q75_a0.00_0.50,40.20287978819408,40.18155531412027
Jockey,0,0.5989572917722228,0.0011059068259970939,tile_q75_a0.00_0.75,40.303058847684156,40.28215060923773
Jockey,0,0.5989572917722228,0.0011059068259970939,tile_q75_a0.25_0.50,40.285706329893586,40.26522316386483
Jockey,0,0.5989572917722228,0.0011059068259970939,tile_q75_a0.25_0.75,40.38013881185915,40.36010669990549
Jockey,24,0.7171480183120025,0.00020682571363772606,global_a0.00,41.14131817665884,41.116545198919496
Jockey,24,0.7171480183120025,0.00020682571363772606,global_a0.25,41.441708157661466,41.41843949265936
Jockey,24,0.7171480183120025,0.00020682571363772606,global_a0.50,41.65997066228722,41.63842842235133
Jockey,24,0.7171480183120025,0.00020682571363772606,global_a0.75,41.7890928370976,41.77299641403415
Jockey,24,0.7171480183120025,0.00020682571363772606,global_a1.00,41.848588507004095,41.8336932172315
Jockey,24,0.7171480183120025,0.00020682571363772606,tile_q50_a0.00_0.50,41.63603014860421,41.61246780836899
Jockey,24,0.7171480183120025,0.00020682571363772606,tile_q50_a0.00_0.75,41.78021135140122,41.75772864103729
Jockey,24,0.7171480183120025,0.00020682571363772606,tile_q50_a0.25_0.50,41.66739593298249,41.644736667666145
Jockey,24,0.7171480183120025,0.00020682571363772606,tile_q50_a0.25_0.75,41.805892414771435,41.78436895806645
Jockey,24,0.7171480183120025,0.00020682571363772606,tile_q75_a0.00_0.50,41.51875034318617,41.49479531519386
Jockey,24,0.7171480183120025,0.00020682571363772606,tile_q75_a0.00_0.75,41.644802311250366,41.62138027833955
Jockey,24,0.7171480183120025,0.00020682571363772606,tile_q75_a0.25_0.50,41.6134641567711,41.59065765087854
Jockey,24,0.7171480183120025,0.00020682571363772606,tile_q75_a0.25_0.75,41.732228748236516,41.709998763019556
Jockey,36,0.7630011250262569,-0.00040015211508848125,global_a0.00,41.884799767354096,41.85749309061286
Jockey,36,0.7630011250262569,-0.00040015211508848125,global_a0.25,42.22308244670694,42.197790133018984
Jockey,36,0.7630011250262569,-0.00040015211508848125,global_a0.50,42.443352446130945,42.420436244371295
Jockey,36,0.7630011250262569,-0.00040015211508848125,global_a0.75,42.57098562054922,42.55507433784543
Jockey,36,0.7630011250262569,-0.00040015211508848125,global_a1.00,42.63471028881792,42.62049421563912
Jockey,36,0.7630011250262569,-0.00040015211508848125,tile_q50_a0.00_0.50,42.44024062563965,42.41457956536393
Jockey,36,0.7630011250262569,-0.00040015211508848125,tile_q50_a0.00_0.75,42.59607876264445,42.57145597209062
Jockey,36,0.7630011250262569,-0.00040015211508848125,tile_q50_a0.25_0.50,42.46882033173847,42.44435166062391
Jockey,36,0.7630011250262569,-0.00040015211508848125,tile_q50_a0.25_0.75,42.616857807254476,42.59349165024759
Jockey,36,0.7630011250262569,-0.00040015211508848125,tile_q75_a0.00_0.50,42.2780265325824,42.251803511907
Jockey,36,0.7630011250262569,-0.00040015211508848125,tile_q75_a0.00_0.75,42.410233696112265,42.38456401441499
Jockey,36,0.7630011250262569,-0.00040015211508848125,tile_q75_a0.25_0.50,42.39946645963059,42.37478374931805
Jockey,36,0.7630011250262569,-0.00040015211508848125,tile_q75_a0.25_0.75,42.52031877429383,42.49622215311015
Jockey,60,0.725540060699764,-0.0004264096009940488,global_a0.00,42.01671761906768,41.991402693452606
Jockey,60,0.725540060699764,-0.0004264096009940488,global_a0.25,42.35362876207762,42.33001443981324
Jockey,60,0.725540060699764,-0.0004264096009940488,global_a0.50,42.56465688772607,42.54355456127831
Jockey,60,0.725540060699764,-0.0004264096009940488,global_a0.75,42.67538771867859,42.66117236453034
Jockey,60,0.725540060699764,-0.0004264096009940488,global_a1.00,42.72931764289042,42.71694275415237
Jockey,60,0.725540060699764,-0.0004264096009940488,tile_q50_a0.00_0.50,42.56602271556793,42.54236617958562
Jockey,60,0.725540060699764,-0.0004264096009940488,tile_q50_a0.00_0.75,42.70578876313841,42.6835026492025
Jockey,60,0.725540060699764,-0.0004264096009940488,tile_q50_a0.25_0.50,42.592498143638416,42.5697333823132
Jockey,60,0.725540060699764,-0.0004264096009940488,tile_q50_a0.25_0.75,42.72188946026443,42.7007508748223
Jockey,60,0.725540060699764,-0.0004264096009940488,tile_q75_a0.00_0.50,42.44222684707936,42.41802352732499
Jockey,60,0.725540060699764,-0.0004264096009940488,tile_q75_a0.00_0.75,42.57668839474138,42.552804253504
Jockey,60,0.725540060699764,-0.0004264096009940488,tile_q75_a0.25_0.50,42.53873562128373,42.515726578535144
Jockey,60,0.725540060699764,-0.0004264096009940488,tile_q75_a0.25_0.75,42.66322068537272,42.64058762337883
Jockey,84,0.5965969769641077,-0.0007334632362397953,global_a0.00,42.316814540916056,42.29194932699657
Jockey,84,0.5965969769641077,-0.0007334632362397953,global_a0.25,42.615295767580854,42.59242310179463
Jockey,84,0.5965969769641077,-0.0007334632362397953,global_a0.50,42.782844142296746,42.76290229718356
Jockey,84,0.5965969769641077,-0.0007334632362397953,global_a0.75,42.862943472738486,42.84971891231892
Jockey,84,0.5965969769641077,-0.0007334632362397953,global_a1.00,42.89965682857179,42.88854630396068
Jockey,84,0.5965969769641077,-0.0007334632362397953,tile_q50_a0.00_0.50,42.79632671367178,42.77351846607545
Jockey,84,0.5965969769641077,-0.0007334632362397953,tile_q50_a0.00_0.75,42.91150555393223,42.8904926393585
Jockey,84,0.5965969769641077,-0.0007334632362397953,tile_q50_a0.25_0.50,42.818404506808044,42.796513916399164
Jockey,84,0.5965969769641077,-0.0007334632362397953,tile_q50_a0.25_0.75,42.92526630909252,42.90530798796844
Jockey,84,0.5965969769641077,-0.0007334632362397953,tile_q75_a0.00_0.50,42.69426566638927,42.669993978620475
Jockey,84,0.5965969769641077,-0.0007334632362397953,tile_q75_a0.00_0.75,42.80508502118355,42.78106051851295
Jockey,84,0.5965969769641077,-0.0007334632362397953,tile_q75_a0.25_0.50,42.77925721872386,42.75665677684751
Jockey,84,0.5965969769641077,-0.0007334632362397953,tile_q75_a0.25_0.75,42.8833674627399,42.86106901154538
Jockey,96,0.4277148856130353,0.000516818422176879,global_a0.00,40.06074267475728,40.03989167894226
Jockey,96,0.4277148856130353,0.000516818422176879,global_a0.25,40.25456835177984,40.234922616604756
Jockey,96,0.4277148856130353,0.000516818422176879,global_a0.50,40.38956871459235,40.37155422144452
Jockey,96,0.4277148856130353,0.000516818422176879,global_a0.75,40.45990906020988,40.44535837991255
Jockey,96,0.4277148856130353,0.000516818422176879,global_a1.00,40.480981379283676,40.4676065645553
Jockey,96,0.4277148856130353,0.000516818422176879,tile_q50_a0.00_0.50,40.366751844930285,40.34719903157622
Jockey,96,0.4277148856130353,0.000516818422176879,tile_q50_a0.00_0.75,40.45609366361133,40.43739959726091
Jockey,96,0.4277148856130353,0.000516818422176879,tile_q50_a0.25_0.50,40.38967182778989,40.3705903813954
Jockey,96,0.4277148856130353,0.000516818422176879,tile_q50_a0.25_0.75,40.477196714426015,40.45902886604344
Jockey,96,0.4277148856130353,0.000516818422176879,tile_q75_a0.00_0.50,40.30658241946309,40.28672508417415
Jockey,96,0.4277148856130353,0.000516818422176879,tile_q75_a0.00_0.75,40.382213860796305,40.36277349159302
Jockey,96,0.4277148856130353,0.000516818422176879,tile_q75_a0.25_0.50,40.36262243696507,40.34341484205658
Jockey,96,0.4277148856130353,0.000516818422176879,tile_q75_a0.25_0.75,40.434350605903916,40.415600925095845
Jockey,120,0.40628858226313724,-0.00017531967158423978,global_a0.00,41.518538635336675,41.49731608310532
Jockey,120,0.40628858226313724,-0.00017531967158423978,global_a0.25,41.724596271994365,41.70492931817413
Jockey,120,0.40628858226313724,-0.00017531967158423978,global_a0.50,41.84118760576668,41.82399294889835
Jockey,120,0.40628858226313724,-0.00017531967158423978,global_a0.75,41.89510699976398,41.88254247061074
Jockey,120,0.40628858226313724,-0.00017531967158423978,global_a1.00,41.91419931707401,41.903604665368455
Jockey,120,0.40628858226313724,-0.00017531967158423978,tile_q50_a0.00_0.50,41.84192265338116,41.822742971372584
Jockey,120,0.40628858226313724,-0.00017531967158423978,tile_q50_a0.00_0.75,41.927037343480066,41.909646724242826
Jockey,120,0.40628858226313724,-0.00017531967158423978,tile_q50_a0.25_0.50,41.86333372984579,41.84470095758787
Jockey,120,0.40628858226313724,-0.00017531967158423978,tile_q50_a0.25_0.75,41.94392556116395,41.92714220879221
Jockey,120,0.40628858226313724,-0.00017531967158423978,tile_q75_a0.00_0.50,41.78133967266472,41.761275494797665
Jockey,120,0.40628858226313724,-0.00017531967158423978,tile_q75_a0.00_0.75,41.858786006083875,41.83930211379351
Jockey,120,0.40628858226313724,-0.00017531967158423978,tile_q75_a0.25_0.50,41.83746952604813,41.81836588685932
Jockey,120,0.40628858226313724,-0.00017531967158423978,tile_q75_a0.25_0.75,41.91269684368695,41.894213095801604
Jockey,144,0.3533736066500808,-0.0003133391047054346,global_a0.00,41.766159001605786,41.74470272001894
Jockey,144,0.3533736066500808,-0.0003133391047054346,global_a0.25,41.954976128461496,41.934060910346574
Jockey,144,0.3533736066500808,-0.0003133391047054346,global_a0.50,42.05689695617988,42.037824792036595
Jockey,144,0.3533736066500808,-0.0003133391047054346,global_a0.75,42.09761812048872,42.081755978665015
Jockey,144,0.3533736066500808,-0.0003133391047054346,global_a1.00,42.11271215651899,42.09807632666902
Jockey,144,0.3533736066500808,-0.0003133391047054346,tile_q50_a0.00_0.50,42.05204903258117,42.03149502007526
Jockey,144,0.3533736066500808,-0.0003133391047054346,tile_q50_a0.00_0.75,42.11921506836107,42.099552692172125
Jockey,144,0.3533736066500808,-0.0003133391047054346,tile_q50_a0.25_0.50,42.07881554782907,42.058454380198064
Jockey,144,0.3533736066500808,-0.0003133391047054346,tile_q50_a0.25_0.75,42.1370432737219,42.117628288860445
Jockey,144,0.3533736066500808,-0.0003133391047054346,tile_q75_a0.00_0.50,41.981459606855445,41.96051016600472
Jockey,144,0.3533736066500808,-0.0003133391047054346,tile_q75_a0.00_0.75,42.046361076688626,42.02581632399187
Jockey,144,0.3533736066500808,-0.0003133391047054346,tile_q75_a0.25_0.50,42.049774711843284,42.029096387753484
Jockey,144,0.3533736066500808,-0.0003133391047054346,tile_q75_a0.25_0.75,42.10279562821556,42.082496571392475
Jockey,168,0.37950293524609435,-0.00048656229767995995,global_a0.00,42.1411876173311,42.12362215690911
Jockey,168,0.37950293524609435,-0.00048656229767995995,global_a0.25,42.345837251068005,42.329362175887454
Jockey,168,0.37950293524609435,-0.00048656229767995995,global_a0.50,42.452975911605435,42.43787987686487
Jockey,168,0.37950293524609435,-0.00048656229767995995,global_a0.75,42.49454274981706,42.4852376332472
Jockey,168,0.37950293524609435,-0.00048656229767995995,global_a1.00,42.510749305560026,42.5031250921552
Jockey,168,0.37950293524609435,-0.00048656229767995995,tile_q50_a0.00_0.50,42.44973395086279,42.433423921752
Jockey,168,0.37950293524609435,-0.00048656229767995995,tile_q50_a0.00_0.75,42.522650709500326,42.50732130048286
Jockey,168,0.37950293524609435,-0.00048656229767995995,tile_q50_a0.25_0.50,42.47943426435174,42.46340929113483
Jockey,168,0.37950293524609435,-0.00048656229767995995,tile_q50_a0.25_0.75,42.542790758470765,42.527774620032645
Jockey,168,0.37950293524609435,-0.00048656229767995995,tile_q75_a0.00_0.50,42.39993473519128,42.383567508164376
Jockey,168,0.37950293524609435,-0.00048656229767995995,tile_q75_a0.00_0.75,42.476086865694754,42.46018327408291
Jockey,168,0.37950293524609435,-0.00048656229767995995,tile_q75_a0.25_0.50,42.46211850608355,42.44615699454046
Jockey,168,0.37950293524609435,-0.00048656229767995995,tile_q75_a0.25_0.75,42.52823387569165,42.51277776618455
Jockey,180,0.3886585342774964,-0.0015443516134316937,global_a0.00,43.53419550600178,43.510471129274535
Jockey,180,0.3886585342774964,-0.0015443516134316937,global_a0.25,43.78627646043887,43.76529524948505
Jockey,180,0.3886585342774964,-0.0015443516134316937,global_a0.50,43.85561245639275,43.83767098532541
Jockey,180,0.3886585342774964,-0.0015443516134316937,global_a0.75,43.87271139789388,43.86355160615952
Jockey,180,0.3886585342774964,-0.0015443516134316937,global_a1.00,43.90541618850978,43.89912966355203
Jockey,180,0.3886585342774964,-0.0015443516134316937,tile_q50_a0.00_0.50,43.92097435898754,43.899190708752364
Jockey,180,0.3886585342774964,-0.0015443516134316937,tile_q50_a0.00_0.75,44.00638982131326,43.986364303337595
Jockey,180,0.3886585342774964,-0.0015443516134316937,tile_q50_a0.25_0.50,43.94851193725759,43.928724022712125
Jockey,180,0.3886585342774964,-0.0015443516134316937,tile_q50_a0.25_0.75,44.01920123162567,44.00126713196674
Jockey,180,0.3886585342774964,-0.0015443516134316937,tile_q75_a0.00_0.50,43.85572365232723,43.83338746960051
Jockey,180,0.3886585342774964,-0.0015443516134316937,tile_q75_a0.00_0.75,43.94358594827902,43.922009575323216
Jockey,180,0.3886585342774964,-0.0015443516134316937,tile_q75_a0.25_0.50,43.92932933600364,43.909025383731944
Jockey,180,0.3886585342774964,-0.0015443516134316937,tile_q75_a0.25_0.75,44.00154352984644,43.9819834931032
Jockey,204,0.30527050063096084,-0.0019997528465354186,global_a0.00,43.952096871934636,43.9309429310375
Jockey,204,0.30527050063096084,-0.0019997528465354186,global_a0.25,44.19997662720518,44.180474702337534
Jockey,204,0.30527050063096084,-0.0019997528465354186,global_a0.50,44.22563831389076,44.20877888513529
Jockey,204,0.30527050063096084,-0.0019997528465354186,global_a0.75,44.202894454179315,44.19399689854079
Jockey,204,0.30527050063096084,-0.0019997528465354186,global_a1.00,44.24265586502322,44.23621343166846
Jockey,204,0.30527050063096084,-0.0019997528465354186,tile_q50_a0.00_0.50,44.340045297943995,44.31946177386787
Jockey,204,0.30527050063096084,-0.0019997528465354186,tile_q50_a0.00_0.75,44.40035518506092,44.38094841856878
Jockey,204,0.30527050063096084,-0.0019997528465354186,tile_q50_a0.25_0.50,44.35260885797388,44.333647744616364
Jockey,204,0.30527050063096084,-0.0019997528465354186,tile_q50_a0.25_0.75,44.39325574329301,44.3754515375025
Jockey,204,0.30527050063096084,-0.0019997528465354186,tile_q75_a0.00_0.50,44.25668739883572,44.23602524390773
Jockey,204,0.30527050063096084,-0.0019997528465354186,tile_q75_a0.00_0.75,44.338461124420085,44.31850337028451
Jockey,204,0.30527050063096084,-0.0019997528465354186,tile_q75_a0.25_0.50,44.331670185961926,44.31267807403398
Jockey,204,0.30527050063096084,-0.0019997528465354186,tile_q75_a0.25_0.75,44.39627700778787,44.37794915587908
Jockey,228,0.3346935073805284,-0.0015134763499186077,global_a0.00,43.62875822695763,43.59865129128529
Jockey,228,0.3346935073805284,-0.0015134763499186077,global_a0.25,43.88384103631971,43.8552613834367
Jockey,228,0.3346935073805284,-0.0015134763499186077,global_a0.50,43.938855000746784,43.914246730328195
Jockey,228,0.3346935073805284,-0.0015134763499186077,global_a0.75,43.926424981513364,43.90761711041079
Jockey,228,0.3346935073805284,-0.0015134763499186077,global_a1.00,43.949771166315585,43.93334479866582
Jockey,228,0.3346935073805284,-0.0015134763499186077,tile_q50_a0.00_0.50,44.002245625340834,43.97360647511424
Jockey,228,0.3346935073805284,-0.0015134763499186077,tile_q50_a0.00_0.75,44.04981210779346,44.022345176023265
Jockey,228,0.3346935073805284,-0.0015134763499186077,tile_q50_a0.25_0.50,44.02540496513694,43.99768714988426
Jockey,228,0.3346935073805284,-0.0015134763499186077,tile_q50_a0.25_0.75,44.05265639774371,44.02618551236519
Jockey,228,0.3346935073805284,-0.0015134763499186077,tile_q75_a0.00_0.50,43.9579464708831,43.9290869733485
Jockey,228,0.3346935073805284,-0.0015134763499186077,tile_q75_a0.00_0.75,44.053449736420674,44.025426559112766
Jockey,228,0.3346935073805284,-0.0015134763499186077,tile_q75_a0.25_0.50,44.02021864272349,43.992303979681665
Jockey,228,0.3346935073805284,-0.0015134763499186077,tile_q75_a0.25_0.75,44.09528205283518,44.068255886706055
Jockey,240,0.28787412823093916,-0.0006742587983665782,global_a0.00,42.53596470545798,42.511883785099215
Jockey,240,0.28787412823093916,-0.0006742587983665782,global_a0.25,42.719281758800854,42.69657043388384
Jockey,240,0.28787412823093916,-0.0006742587983665782,global_a0.50,42.79158650466755,42.77136112165651
Jockey,240,0.28787412823093916,-0.0006742587983665782,global_a0.75,42.80526055298588,42.789532623377234
Jockey,240,0.28787412823093916,-0.0006742587983665782,global_a1.00,42.813184124023145,42.799757913330154
Jockey,240,0.28787412823093916,-0.0006742587983665782,tile_q50_a0.00_0.50,42.812479782840526,42.78976139622786
Jockey,240,0.28787412823093916,-0.0006742587983665782,tile_q50_a0.00_0.75,42.86135994426569,42.83943006776164
Jockey,240,0.28787412823093916,-0.0006742587983665782,tile_q50_a0.25_0.50,42.83337459041824,42.811342909003315
Jockey,240,0.28787412823093916,-0.0006742587983665782,tile_q50_a0.25_0.75,42.86883455268439,42.84764177241766
Jockey,240,0.28787412823093916,-0.0006742587983665782,tile_q75_a0.00_0.50,42.74851468034708,42.72555729268269
Jockey,240,0.28787412823093916,-0.0006742587983665782,tile_q75_a0.00_0.75,42.81176622233402,42.78937509095673
Jockey,240,0.28787412823093916,-0.0006742587983665782,tile_q75_a0.25_0.50,42.812193277775236,42.790022600182375
Jockey,240,0.28787412823093916,-0.0006742587983665782,tile_q75_a0.25_0.75,42.85807965149006,42.83647923088479
Jockey,264,0.5900440463516219,-9.4171033978796e-05,global_a0.00,41.82618692295962,41.79567807379676
Jockey,264,0.5900440463516219,-9.4171033978796e-05,global_a0.25,42.12372889246446,42.09467387596055
Jockey,264,0.5900440463516219,-9.4171033978796e-05,global_a0.50,42.303025890985964,42.276704768127765
Jockey,264,0.5900440463516219,-9.4171033978796e-05,global_a0.75,42.383866516652006,42.36101883828589
Jockey,264,0.5900440463516219,-9.4171033978796e-05,global_a1.00,42.407219467313,42.38572212014838
Jockey,264,0.5900440463516219,-9.4171033978796e-05,tile_q50_a0.00_0.50,42.27688339413018,42.248676533899065
Jockey,264,0.5900440463516219,-9.4171033978796e-05,tile_q50_a0.00_0.75,42.382849891131,42.356038876997594
Jockey,264,0.5900440463516219,-9.4171033978796e-05,tile_q50_a0.25_0.50,42.312538474431285,42.284700461917396
Jockey,264,0.5900440463516219,-9.4171033978796e-05,tile_q50_a0.25_0.75,42.40451194153428,42.37816111758221
Jockey,264,0.5900440463516219,-9.4171033978796e-05,tile_q75_a0.00_0.50,42.21142891475974,42.18265736991262
Jockey,264,0.5900440463516219,-9.4171033978796e-05,tile_q75_a0.00_0.75,42.330128547911386,42.30216447599291
Jockey,264,0.5900440463516219,-9.4171033978796e-05,tile_q75_a0.25_0.50,42.28935090536921,42.261128232816944
Jockey,264,0.5900440463516219,-9.4171033978796e-05,tile_q75_a0.25_0.75,42.39744692351615,42.37009977080081
Jockey,288,0.5249180583641362,0.0007050591825303876,global_a0.00,39.329176127063235,39.30239735918141
Jockey,288,0.5249180583641362,0.0007050591825303876,global_a0.25,39.57327208745379,39.54778274683343
Jockey,288,0.5249180583641362,0.0007050591825303876,global_a0.50,39.737305625598424,39.7136647997093
Jockey,288,0.5249180583641362,0.0007050591825303876,global_a0.75,39.82340653123289,39.80196140094272
Jockey,288,0.5249180583641362,0.0007050591825303876,global_a1.00,39.84777764745034,39.82731541754555
Jockey,288,0.5249180583641362,0.0007050591825303876,tile_q50_a0.00_0.50,39.70364744257071,39.67909307144999
Jockey,288,0.5249180583641362,0.0007050591825303876,tile_q50_a0.00_0.75,39.801351752022526,39.777923958446166
Jockey,288,0.5249180583641362,0.0007050591825303876,tile_q50_a0.25_0.50,39.730770539186054,39.7063985147432
Jockey,288,0.5249180583641362,0.0007050591825303876,tile_q50_a0.25_0.75,39.822173311881926,39.7989217556417
Jockey,288,0.5249180583641362,0.0007050591825303876,tile_q75_a0.00_0.50,39.6333381189769,39.60810791531652
Jockey,288,0.5249180583641362,0.0007050591825303876,tile_q75_a0.00_0.75,39.734659464194365,39.7100587386605
Jockey,288,0.5249180583641362,0.0007050591825303876,tile_q75_a0.25_0.50,39.703766453719325,39.679001850774064
Jockey,288,0.5249180583641362,0.0007050591825303876,tile_q75_a0.25_0.75,39.796146210649674,39.77196770896168
Jockey,300,0.7992624253069636,-0.0008634916863017317,global_a0.00,42.09625456290909,42.06091550605191
Jockey,300,0.7992624253069636,-0.0008634916863017317,global_a0.25,42.504594691950295,42.47077265034976
Jockey,300,0.7992624253069636,-0.0008634916863017317,global_a0.50,42.72157903317007,42.69168519497257
Jockey,300,0.7992624253069636,-0.0008634916863017317,global_a0.75,42.82827559419488,42.802729509315284
Jockey,300,0.7992624253069636,-0.0008634916863017317,global_a1.00,42.8843767690324,42.860177931358876
Jockey,300,0.7992624253069636,-0.0008634916863017317,tile_q50_a0.00_0.50,42.739140791319976,42.70614212136539
Jockey,300,0.7992624253069636,-0.0008634916863017317,tile_q50_a0.00_0.75,42.889625322839976,42.85803726341503
Jockey,300,0.7992624253069636,-0.0008634916863017317,tile_q50_a0.25_0.50,42.77123108988412,42.73859381740152
Jockey,300,0.7992624253069636,-0.0008634916863017317,tile_q50_a0.25_0.75,42.90094667823338,42.869818048232375
Jockey,300,0.7992624253069636,-0.0008634916863017317,tile_q75_a0.00_0.50,42.60212943919042,42.568276354913564
Jockey,300,0.7992624253069636,-0.0008634916863017317,tile_q75_a0.00_0.75,42.764634891165166,42.731623598285225
Jockey,300,0.7992624253069636,-0.0008634916863017317,tile_q75_a0.25_0.50,42.72571380311079,42.69269394804464
Jockey,300,0.7992624253069636,-0.0008634916863017317,tile_q75_a0.25_0.75,42.86631312844874,42.83411991023673
Jockey,324,0.4711916434545955,-0.0011508660044514674,global_a0.00,43.31593191239587,43.2855311309233
Jockey,324,0.4711916434545955,-0.0011508660044514674,global_a0.25,43.611876766014035,43.58267252657845
Jockey,324,0.4711916434545955,-0.0011508660044514674,global_a0.50,43.720627339752426,43.696530829954
Jockey,324,0.4711916434545955,-0.0011508660044514674,global_a0.75,43.745845186123034,43.72545737550166
Jockey,324,0.4711916434545955,-0.0011508660044514674,global_a1.00,43.775730335900185,43.7567227743779
Jockey,324,0.4711916434545955,-0.0011508660044514674,tile_q50_a0.00_0.50,43.745809767174606,43.717569027397445
Jockey,324,0.4711916434545955,-0.0011508660044514674,tile_q50_a0.00_0.75,43.8305403341732,43.803685970952586
Jockey,324,0.4711916434545955,-0.0011508660044514674,tile_q50_a0.25_0.50,43.77312293327901,43.74515982446095
Jockey,324,0.4711916434545955,-0.0011508660044514674,tile_q50_a0.25_0.75,43.838598761762555,43.812283935935945
Jockey,324,0.4711916434545955,-0.0011508660044514674,tile_q75_a0.00_0.50,43.60659507430245,43.577423029434456
Jockey,324,0.4711916434545955,-0.0011508660044514674,tile_q75_a0.00_0.75,43.69637946310871,43.66788148516725
Jockey,324,0.4711916434545955,-0.0011508660044514674,tile_q75_a0.25_0.50,43.73235127554173,43.70372946767358
Jockey,324,0.4711916434545955,-0.0011508660044514674,tile_q75_a0.25_0.75,43.80078051625902,43.772855108675316
Jockey,348,0.06207381582447624,-0.0012120068384118277,global_a0.00,46.175412858615616,46.17992207398225
Jockey,348,0.06207381582447624,-0.0012120068384118277,global_a0.25,46.36087852154344,46.36663261478286
Jockey,348,0.06207381582447624,-0.0012120068384118277,global_a0.50,46.35097297180944,46.3619880492392
Jockey,348,0.06207381582447624,-0.0012120068384118277,global_a0.75,46.223689431363454,46.23817155416464
Jockey,348,0.06207381582447624,-0.0012120068384118277,global_a1.00,46.22553218224348,46.241995889806724
Jockey,348,0.06207381582447624,-0.0012120068384118277,tile_q50_a0.00_0.50,46.40979263189233,46.419436812269865
Jockey,348,0.06207381582447624,-0.0012120068384118277,tile_q50_a0.00_0.75,46.388640812721675,46.40112044792303
Jockey,348,0.06207381582447624,-0.0012120068384118277,tile_q50_a0.25_0.50,46.4223726135001,46.43216001206244
Jockey,348,0.06207381582447624,-0.0012120068384118277,tile_q50_a0.25_0.75,46.380173063295686,46.39287742142628
Jockey,348,0.06207381582447624,-0.0012120068384118277,tile_q75_a0.00_0.50,46.36743533210325,46.37344002294221
Jockey,348,0.06207381582447624,-0.0012120068384118277,tile_q75_a0.00_0.75,46.38960664207563,46.39671306057072
Jockey,348,0.06207381582447624,-0.0012120068384118277,tile_q75_a0.25_0.50,46.42035014777655,46.42686089683822
Jockey,348,0.06207381582447624,-0.0012120068384118277,tile_q75_a0.25_0.75,46.42888841799547,46.43671351296768
Jockey,360,0.1472780877485249,-0.0003371795462342453,global_a0.00,44.05329616247826,44.04290069737552
Jockey,360,0.1472780877485249,-0.0003371795462342453,global_a0.25,44.16288551882444,44.1530647409719
Jockey,360,0.1472780877485249,-0.0003371795462342453,global_a0.50,44.23088337740327,44.22398666604867
Jockey,360,0.1472780877485249,-0.0003371795462342453,global_a0.75,44.202453999122454,44.198634621033705
Jockey,360,0.1472780877485249,-0.0003371795462342453,global_a1.00,44.192475947603846,44.19017878512405
Jockey,360,0.1472780877485249,-0.0003371795462342453,tile_q50_a0.00_0.50,44.20968770826404,44.202294529037296
Jockey,360,0.1472780877485249,-0.0003371795462342453,tile_q50_a0.00_0.75,44.22608354149473,44.22100670192201
Jockey,360,0.1472780877485249,-0.0003371795462342453,tile_q50_a0.25_0.50,44.2238033415088,44.216228469393826
Jockey,360,0.1472780877485249,-0.0003371795462342453,tile_q50_a0.25_0.75,44.23075240821515,44.22565023833346
Jockey,360,0.1472780877485249,-0.0003371795462342453,tile_q75_a0.00_0.50,44.199803805551966,44.19191828216192
Jockey,360,0.1472780877485249,-0.0003371795462342453,tile_q75_a0.00_0.75,44.22846201035427,44.22219084691125
Jockey,360,0.1472780877485249,-0.0003371795462342453,tile_q75_a0.25_0.50,44.22218280059015,44.2140872373897
Jockey,360,0.1472780877485249,-0.0003371795462342453,tile_q75_a0.25_0.75,44.24327461313915,44.23700970089898
Jockey,384,0.06255203919832297,0.00042917957527699446,global_a0.00,41.6654732596911,41.66179164619582
Jockey,384,0.06255203919832297,0.00042917957527699446,global_a0.25,41.69707806482989,41.69346141046738
Jockey,384,0.06255203919832297,0.00042917957527699446,global_a0.50,41.74224566360564,41.73972496685519
Jockey,384,0.06255203919832297,0.00042917957527699446,global_a0.75,41.736271102395655,41.734974665331436
Jockey,384,0.06255203919832297,0.00042917957527699446,global_a1.00,41.725248434636065,41.724343685394146
Jockey,384,0.06255203919832297,0.00042917957527699446,tile_q50_a0.00_0.50,41.715286458054095,41.71218791917454
Jockey,384,0.06255203919832297,0.00042917957527699446,tile_q50_a0.00_0.75,41.7282409415816,41.725579271626714
Jockey,384,0.06255203919832297,0.00042917957527699446,tile_q50_a0.25_0.50,41.72659263860961,41.72341630767873
Jockey,384,0.06255203919832297,0.00042917957527699446,tile_q50_a0.25_0.75,41.73868295670413,41.736082870315116
Jockey,384,0.06255203919832297,0.00042917957527699446,tile_q75_a0.00_0.50,41.69669443460259,41.69339395629923
Jockey,384,0.06255203919832297,0.00042917957527699446,tile_q75_a0.00_0.75,41.70654665067603,41.70357678744452
Jockey,384,0.06255203919832297,0.00042917957527699446,tile_q75_a0.25_0.50,41.71430716588514,41.71098766461728
Jockey,384,0.06255203919832297,0.00042917957527699446,tile_q75_a0.25_0.75,41.723257435431336,41.72031196455794
Jockey,408,-0.059057109731135427,-0.0007394970714442728,global_a0.00,44.822357206006764,44.81772370239276
Jockey,408,-0.059057109731135427,-0.0007394970714442728,global_a0.25,44.8601483993168,44.8557564035804
Jockey,408,-0.059057109731135427,-0.0007394970714442728,global_a0.50,44.8577555568371,44.85580391675796
Jockey,408,-0.059057109731135427,-0.0007394970714442728,global_a0.75,44.77649684988264,44.777176619329246
Jockey,408,-0.059057109731135427,-0.0007394970714442728,global_a1.00,44.75726193322258,44.758666592661626
Jockey,408,-0.059057109731135427,-0.0007394970714442728,tile_q50_a0.00_0.50,44.877210400945096,44.873740930134275
Jockey,408,-0.059057109731135427,-0.0007394970714442728,tile_q50_a0.00_0.75,44.86335831762145,44.861122363983334
Jockey,408,-0.059057109731135427,-0.0007394970714442728,tile_q50_a0.25_0.50,44.88733945098906,44.88385388715961
Jockey,408,-0.059057109731135427,-0.0007394970714442728,tile_q50_a0.25_0.75,44.86549757957141,44.86330197558365
Jockey,408,-0.059057109731135427,-0.0007394970714442728,tile_q75_a0.00_0.50,44.86469548995606,44.860684593718254
Jockey,408,-0.059057109731135427,-0.0007394970714442728,tile_q75_a0.00_0.75,44.86695509912571,44.86370356071554
Jockey,408,-0.059057109731135427,-0.0007394970714442728,tile_q75_a0.25_0.50,44.88355280062851,44.87952896544135
Jockey,408,-0.059057109731135427,-0.0007394970714442728,tile_q75_a0.25_0.75,44.876765599845825,44.87364726257647
Jockey,420,-0.5875921980895527,-0.001974750222791144,global_a0.00,48.8821074361379,48.86654385419501
Jockey,420,-0.5875921980895527,-0.001974750222791144,global_a0.25,48.93752484478788,48.922577294246196
Jockey,420,-0.5875921980895527,-0.001974750222791144,global_a0.50,48.62513752270822,48.61643692781368
Jockey,420,-0.5875921980895527,-0.001974750222791144,global_a0.75,48.28629686121967,48.28409254738951
Jockey,420,-0.5875921980895527,-0.001974750222791144,global_a1.00,48.280070928332236,48.278951656105455
Jockey,420,-0.5875921980895527,-0.001974750222791144,tile_q50_a0.00_0.50,48.8888381974167,48.87611628364054
Jockey,420,-0.5875921980895527,-0.001974750222791144,tile_q50_a0.00_0.75,48.7199122428174,48.70992989120923
Jockey,420,-0.5875921980895527,-0.001974750222791144,tile_q50_a0.25_0.50,48.894570876738506,48.8819392810068
Jockey,420,-0.5875921980895527,-0.001974750222791144,tile_q50_a0.25_0.75,48.68212458557458,48.672344487572126
Jockey,420,-0.5875921980895527,-0.001974750222791144,tile_q75_a0.00_0.50,48.95029126973923,48.936601406649
Jockey,420,-0.5875921980895527,-0.001974750222791144,tile_q75_a0.00_0.75,48.87873445618011,48.86706554952625
Jockey,420,-0.5875921980895527,-0.001974750222791144,tile_q75_a0.25_0.50,48.95934880813607,48.94581626889913
Jockey,420,-0.5875921980895527,-0.001974750222791144,tile_q75_a0.25_0.75,48.847686467086916,48.83628527643664
Jockey,444,-0.5572528885481276,-0.0019200969346954144,global_a0.00,48.84366834422808,48.82922412877069
Jockey,444,-0.5572528885481276,-0.0019200969346954144,global_a0.25,48.905743947468196,48.89192464418605
Jockey,444,-0.5572528885481276,-0.0019200969346954144,global_a0.50,48.60909997128932,48.601518648992936
Jockey,444,-0.5572528885481276,-0.0019200969346954144,global_a0.75,48.281362850010076,48.27980951070731
Jockey,444,-0.5572528885481276,-0.0019200969346954144,global_a1.00,48.27258152895858,48.27197124022256
Jockey,444,-0.5572528885481276,-0.0019200969346954144,tile_q50_a0.00_0.50,48.858142186263514,48.846611856530245
Jockey,444,-0.5572528885481276,-0.0019200969346954144,tile_q50_a0.00_0.75,48.71387200104587,48.70370081297403
Jockey,444,-0.5572528885481276,-0.0019200969346954144,tile_q50_a0.25_0.50,48.86401071730237,48.85270647649427
Jockey,444,-0.5572528885481276,-0.0019200969346954144,tile_q50_a0.25_0.75,48.68662449334239,48.67676158525313
Jockey,444,-0.5572528885481276,-0.0019200969346954144,tile_q75_a0.00_0.50,48.91364372507448,48.90019256143105
Jockey,444,-0.5572528885481276,-0.0019200969346954144,tile_q75_a0.00_0.75,48.85729374335912,48.8448590835626
Jockey,444,-0.5572528885481276,-0.0019200969346954144,tile_q75_a0.25_0.50,48.923930922140656,48.91070579369589
Jockey,444,-0.5572528885481276,-0.0019200969346954144,tile_q75_a0.25_0.75,48.834562941536255,48.82244422661326
Jockey,468,-0.5329933429130804,-0.0018652611169640565,global_a0.00,48.94430443340096,48.9261833582048
Jockey,468,-0.5329933429130804,-0.0018652611169640565,global_a0.25,49.010218323629076,48.99262368980946
Jockey,468,-0.5329933429130804,-0.0018652611169640565,global_a0.50,48.72318745980546,48.71249985117116
Jockey,468,-0.5329933429130804,-0.0018652611169640565,global_a0.75,48.40461253800519,48.399904890642475
Jockey,468,-0.5329933429130804,-0.0018652611169640565,global_a1.00,48.39700212967452,48.39319001529172
Jockey,468,-0.5329933429130804,-0.0018652611169640565,tile_q50_a0.00_0.50,48.97551873654624,48.96091048307306
Jockey,468,-0.5329933429130804,-0.0018652611169640565,tile_q50_a0.00_0.75,48.849243645318396,48.83624560298901
Jockey,468,-0.5329933429130804,-0.0018652611169640565,tile_q50_a0.25_0.50,48.98161651205983,48.96708019520379
Jockey,468,-0.5329933429130804,-0.0018652611169640565,tile_q50_a0.25_0.75,48.82448912085587,48.81177623173229
Jockey,468,-0.5329933429130804,-0.0018652611169640565,tile_q75_a0.00_0.50,49.03075643430509,49.013831022701964
Jockey,468,-0.5329933429130804,-0.0018652611169640565,tile_q75_a0.00_0.75,48.997875045165785,48.98237107077544
Jockey,468,-0.5329933429130804,-0.0018652611169640565,tile_q75_a0.25_0.50,49.041921850750505,49.02509320092533
Jockey,468,-0.5329933429130804,-0.0018652611169640565,tile_q75_a0.25_0.75,48.97368314646143,48.9585293965674
Jockey,492,-0.49908260263015336,-0.0018448839118355709,global_a0.00,48.779107800034296,48.787399796568124
Jockey,492,-0.49908260263015336,-0.0018448839118355709,global_a0.25,48.85428199568479,48.86243147511448
Jockey,492,-0.49908260263015336,-0.0018448839118355709,global_a0.50,48.585052990892386,48.597410148782096
Jockey,492,-0.49908260263015336,-0.0018448839118355709,global_a0.75,48.27791557009302,48.295080053384474
Jockey,492,-0.49908260263015336,-0.0018448839118355709,global_a1.00,48.26975909820581,48.28831719393797
Jockey,492,-0.49908260263015336,-0.0018448839118355709,tile_q50_a0.00_0.50,48.818965938032655,48.82827630788721
Jockey,492,-0.49908260263015336,-0.0018448839118355709,tile_q50_a0.00_0.75,48.7091876571089,48.719481774874055
Jockey,492,-0.49908260263015336,-0.0018448839118355709,tile_q50_a0.25_0.50,48.82485176721838,48.83432800052994
Jockey,492,-0.49908260263015336,-0.0018448839118355709,tile_q50_a0.25_0.75,48.683293078472055,48.69365908448002
Jockey,492,-0.49908260263015336,-0.0018448839118355709,tile_q75_a0.00_0.50,48.87611391933501,48.88535985823466
Jockey,492,-0.49908260263015336,-0.0018448839118355709,tile_q75_a0.00_0.75,48.832891614133125,48.8430600005064
Jockey,492,-0.49908260263015336,-0.0018448839118355709,tile_q75_a0.25_0.50,48.89056758100219,48.89998851714275
Jockey,492,-0.49908260263015336,-0.0018448839118355709,tile_q75_a0.25_0.75,48.81904426241958,48.82938816777684
Jockey,504,0.08216952718686343,-0.00041346198931646594,global_a0.00,43.790297124915575,44.024695383254446
Jockey,504,0.08216952718686343,-0.00041346198931646594,global_a0.25,43.87142999891835,44.09840583404027
Jockey,504,0.08216952718686343,-0.00041346198931646594,global_a0.50,43.92624673456302,44.14781050909288
Jockey,504,0.08216952718686343,-0.00041346198931646594,global_a0.75,43.90580680801983,44.120063291636676
Jockey,504,0.08216952718686343,-0.00041346198931646594,global_a1.00,43.89840677964634,44.10686491044131
Jockey,504,0.08216952718686343,-0.00041346198931646594,tile_q50_a0.00_0.50,43.93557690513304,44.156663307351266
Jockey,504,0.08216952718686343,-0.00041346198931646594,tile_q50_a0.00_0.75,43.97050473440653,44.185762004928634
Jockey,504,0.08216952718686343,-0.00041346198931646594,tile_q50_a0.25_0.50,43.94525038156698,44.16682897054778
Jockey,504,0.08216952718686343,-0.00041346198931646594,tile_q50_a0.25_0.75,43.97694907335011,44.19252443656933
Jockey,504,0.08216952718686343,-0.00041346198931646594,tile_q75_a0.00_0.50,43.90446376779288,44.12383054795286
Jockey,504,0.08216952718686343,-0.00041346198931646594,tile_q75_a0.00_0.75,43.93875282402167,44.152003764983334
Jockey,504,0.08216952718686343,-0.00041346198931646594,tile_q75_a0.25_0.50,43.92694173352414,44.147453791600874
Jockey,504,0.08216952718686343,-0.00041346198931646594,tile_q75_a0.25_0.75,43.95954494541214,44.173869998633755
Jockey,528,0.31464958993394987,-0.0003858358665737027,global_a0.00,43.489069497780655,43.50795396776597
Jockey,528,0.31464958993394987,-0.0003858358665737027,global_a0.25,43.64880401610507,43.664783896459056
Jockey,528,0.31464958993394987,-0.0003858358665737027,global_a0.50,43.762247499830444,43.77739105025316
Jockey,528,0.31464958993394987,-0.0003858358665737027,global_a0.75,43.78702920899001,43.802436313708675
Jockey,528,0.31464958993394987,-0.0003858358665737027,global_a1.00,43.80710325367737,43.82260355769992
Jockey,528,0.31464958993394987,-0.0003858358665737027,tile_q50_a0.00_0.50,43.77500495787593,43.78935220418902
Jockey,528,0.31464958993394987,-0.0003858358665737027,tile_q50_a0.00_0.75,43.85039395087916,43.86391351351548
Jockey,528,0.31464958993394987,-0.0003858358665737027,tile_q50_a0.25_0.50,43.78346894213463,43.797871612909574
Jockey,528,0.31464958993394987,-0.0003858358665737027,tile_q50_a0.25_0.75,43.85484277163157,43.86850385907839
Jockey,528,0.31464958993394987,-0.0003858358665737027,tile_q75_a0.00_0.50,43.74442515719318,43.758435593655065
Jockey,528,0.31464958993394987,-0.0003858358665737027,tile_q75_a0.00_0.75,43.83004452100959,43.843127510433746
Jockey,528,0.31464958993394987,-0.0003858358665737027,tile_q75_a0.25_0.50,43.765116824342336,43.77928026947
Jockey,528,0.31464958993394987,-0.0003858358665737027,tile_q75_a0.25_0.75,43.84986558028622,43.8632247586763
Jockey,552,0.46639210676070775,-0.0002758966256769524,global_a0.00,42.93264690049988,42.922020784281244
Jockey,552,0.46639210676070775,-0.0002758966256769524,global_a0.25,43.13950567820798,43.12964699969253
Jockey,552,0.46639210676070775,-0.0002758966256769524,global_a0.50,43.300210998404665,43.29228939817385
Jockey,552,0.46639210676070775,-0.0002758966256769524,global_a0.75,43.35998150982847,43.354258348753625
Jockey,552,0.46639210676070775,-0.0002758966256769524,global_a1.00,43.39337873096294,43.38841289104195
Jockey,552,0.46639210676070775,-0.0002758966256769524,tile_q50_a0.00_0.50,43.30378617381713,43.29523818915127
Jockey,552,0.46639210676070775,-0.0002758966256769524,tile_q50_a0.00_0.75,43.409357609823545,43.40176478403062
Jockey,552,0.46639210676070775,-0.0002758966256769524,tile_q50_a0.25_0.50,43.31247333664646,43.30391703854648
Jockey,552,0.46639210676070775,-0.0002758966256769524,tile_q50_a0.25_0.75,43.41628303439422,43.408752114483065
Jockey,552,0.46639210676070775,-0.0002758966256769524,tile_q75_a0.00_0.50,43.26181076415259,43.2530515488196
Jockey,552,0.46639210676070775,-0.0002758966256769524,tile_q75_a0.00_0.75,43.36264768982134,43.354901032953066
Jockey,552,0.46639210676070775,-0.0002758966256769524,tile_q75_a0.25_0.50,43.287614091243725,43.27888469769755
Jockey,552,0.46639210676070775,-0.0002758966256769524,tile_q75_a0.25_0.75,43.3874412470929,43.37978650886548
Jockey,564,0.7092999238687199,-0.0013509535349562896,global_a0.00,44.80675583109389,44.85597827463771
Jockey,564,0.7092999238687199,-0.0013509535349562896,global_a0.25,45.168881927486325,45.21594420430203
Jockey,564,0.7092999238687199,-0.0013509535349562896,global_a0.50,45.36747813615687,45.41248453214705
Jockey,564,0.7092999238687199,-0.0013509535349562896,global_a0.75,45.43576415525496,45.48021806477288
Jockey,564,0.7092999238687199,-0.0013509535349562896,global_a1.00,45.52278896873859,45.56527819850643
Jockey,564,0.7092999238687199,-0.0013509535349562896,tile_q50_a0.00_0.50,45.46509725525722,45.510290413937824
Jockey,564,0.7092999238687199,-0.0013509535349562896,tile_q50_a0.00_0.75,45.64552108251692,45.68936245769012
Jockey,564,0.7092999238687199,-0.0013509535349562896,tile_q50_a0.25_0.50,45.469246409894446,45.514514479110375
Jockey,564,0.7092999238687199,-0.0013509535349562896,tile_q50_a0.25_0.75,45.63731675280821,45.68109941939352
Jockey,564,0.7092999238687199,-0.0013509535349562896,tile_q75_a0.00_0.50,45.415046581985465,45.45879158446851
Jockey,564,0.7092999238687199,-0.0013509535349562896,tile_q75_a0.00_0.75,45.60918358099328,45.65112495031209
Jockey,564,0.7092999238687199,-0.0013509535349562896,tile_q75_a0.25_0.50,45.447697929788404,45.49196463284404
Jockey,564,0.7092999238687199,-0.0013509535349562896,tile_q75_a0.25_0.75,45.63820188704149,45.68072425482065
Jockey,588,0.2864113751441053,-0.0011198818117863496,global_a0.00,46.251359690471915,46.25023729400417
Jockey,588,0.2864113751441053,-0.0011198818117863496,global_a0.25,46.494169202379034,46.493820776560035
Jockey,588,0.2864113751441053,-0.0011198818117863496,global_a0.50,46.54402732522126,46.54743336512345
Jockey,588,0.2864113751441053,-0.0011198818117863496,global_a0.75,46.493396752381585,46.50143692426019
Jockey,588,0.2864113751441053,-0.0011198818117863496,global_a1.00,46.526458861685036,46.53664866914828
Jockey,588,0.2864113751441053,-0.0011198818117863496,tile_q50_a0.00_0.50,46.67389052265763,46.67649360102858
Jockey,588,0.2864113751441053,-0.0011198818117863496,tile_q50_a0.00_0.75,46.752308603661334,46.75739892761652
Jockey,588,0.2864113751441053,-0.0011198818117863496,tile_q50_a0.25_0.50,46.68201708921035,46.6846949073292
Jockey,588,0.2864113751441053,-0.0011198818117863496,tile_q50_a0.25_0.75,46.74111761244486,46.74620741541503
Jockey,588,0.2864113751441053,-0.0011198818117863496,tile_q75_a0.00_0.50,46.58061393872249,46.58173335077879
Jockey,588,0.2864113751441053,-0.0011198818117863496,tile_q75_a0.00_0.75,46.66364247403274,46.66655524322828
Jockey,588,0.2864113751441053,-0.0011198818117863496,tile_q75_a0.25_0.50,46.63388607135992,46.635544339238564
Jockey,588,0.2864113751441053,-0.0011198818117863496,tile_q75_a0.25_0.75,46.710254105704834,46.71384791607089
Bosphorus,0,0.8909339471897226,0.0032397040931244625,global_a0.00,40.16809626373722,40.147404089650045
Bosphorus,0,0.8909339471897226,0.0032397040931244625,global_a0.25,40.617532598090804,40.59835197248083
Bosphorus,0,0.8909339471897226,0.0032397040931244625,global_a0.50,40.87943513436582,40.86190608821802
Bosphorus,0,0.8909339471897226,0.0032397040931244625,global_a0.75,41.039185114466804,41.026309717096574
Bosphorus,0,0.8909339471897226,0.0032397040931244625,global_a1.00,41.04937522048006,41.03833803683977
Bosphorus,0,0.8909339471897226,0.0032397040931244625,tile_q50_a0.00_0.50,40.822234705531535,40.8031055626595
Bosphorus,0,0.8909339471897226,0.0032397040931244625,tile_q50_a0.00_0.75,41.002727354005515,40.98491283017337
Bosphorus,0,0.8909339471897226,0.0032397040931244625,tile_q50_a0.25_0.50,40.90098727585449,40.882562247768604
Bosphorus,0,0.8909339471897226,0.0032397040931244625,tile_q50_a0.25_0.75,41.07921458261433,41.06218698816456
Bosphorus,0,0.8909339471897226,0.0032397040931244625,tile_q75_a0.00_0.50,40.58343868417822,40.56418507603322
Bosphorus,0,0.8909339471897226,0.0032397040931244625,tile_q75_a0.00_0.75,40.74449773961278,40.72592959235564
Bosphorus,0,0.8909339471897226,0.0032397040931244625,tile_q75_a0.25_0.50,40.80349136477476,40.78498810310408
Bosphorus,0,0.8909339471897226,0.0032397040931244625,tile_q75_a0.25_0.75,40.95047327868031,40.93264501864521
Bosphorus,24,0.9404877840040626,0.0025669789685929256,global_a0.00,40.93381583857982,40.90728549401014
Bosphorus,24,0.9404877840040626,0.0025669789685929256,global_a0.25,41.41439377747021,41.38956595167802
Bosphorus,24,0.9404877840040626,0.0025669789685929256,global_a0.50,41.67707931113067,41.654255952946784
Bosphorus,24,0.9404877840040626,0.0025669789685929256,global_a0.75,41.8484338342503,41.830909033823794
Bosphorus,24,0.9404877840040626,0.0025669789685929256,global_a1.00,41.863683555465194,41.8477732780142
Bosphorus,24,0.9404877840040626,0.0025669789685929256,tile_q50_a0.00_0.50,41.645011875590356,41.619859278650765
Bosphorus,24,0.9404877840040626,0.0025669789685929256,tile_q50_a0.00_0.75,41.837975749691466,41.813965006479386
Bosphorus,24,0.9404877840040626,0.0025669789685929256,tile_q50_a0.25_0.50,41.72868827308376,41.70456414724056
Bosphorus,24,0.9404877840040626,0.0025669789685929256,tile_q50_a0.25_0.75,41.91675701064108,41.893888690916526
Bosphorus,24,0.9404877840040626,0.0025669789685929256,tile_q75_a0.00_0.50,41.382829423417895,41.35777910188431
Bosphorus,24,0.9404877840040626,0.0025669789685929256,tile_q75_a0.00_0.75,41.55776741539117,41.533281858878226
Bosphorus,24,0.9404877840040626,0.0025669789685929256,tile_q75_a0.25_0.50,41.622211947389644,41.59810006149638
Bosphorus,24,0.9404877840040626,0.0025669789685929256,tile_q75_a0.25_0.75,41.78207590692567,41.75846670756235
Bosphorus,36,0.8605183822194391,0.0020519148394296804,global_a0.00,41.04358462826064,41.01630430273901
Bosphorus,36,0.8605183822194391,0.0020519148394296804,global_a0.25,41.505254828423716,41.4801367951895
Bosphorus,36,0.8605183822194391,0.0020519148394296804,global_a0.50,41.7410097436142,41.71829242475833
Bosphorus,36,0.8605183822194391,0.0020519148394296804,global_a0.75,41.88979755304236,41.87276277731226
Bosphorus,36,0.8605183822194391,0.0020519148394296804,global_a1.00,41.891891631350276,41.87682268495845
Bosphorus,36,0.8605183822194391,0.0020519148394296804,tile_q50_a0.00_0.50,41.73845352282213,41.71317425767175
Bosphorus,36,0.8605183822194391,0.0020519148394296804,tile_q50_a0.00_0.75,41.91841293429597,41.89445372714432
Bosphorus,36,0.8605183822194391,0.0020519148394296804,tile_q50_a0.25_0.50,41.80825212160605,41.7840994192433
Bosphorus,36,0.8605183822194391,0.0020519148394296804,tile_q50_a0.25_0.75,41.983188613742314,41.96044419120771
Bosphorus,36,0.8605183822194391,0.0020519148394296804,tile_q75_a0.00_0.50,41.46914527192096,41.44329295269436
Bosphorus,36,0.8605183822194391,0.0020519148394296804,tile_q75_a0.00_0.75,41.63602326345973,41.6108988120818
Bosphorus,36,0.8605183822194391,0.0020519148394296804,tile_q75_a0.25_0.50,41.69833476055058,41.673902392403505
Bosphorus,36,0.8605183822194391,0.0020519148394296804,tile_q75_a0.25_0.75,41.84931297466044,41.825617672201105
Bosphorus,60,0.9309274279937227,0.002570774052201741,global_a0.00,40.852905207314066,40.82604797070445
Bosphorus,60,0.9309274279937227,0.002570774052201741,global_a0.25,41.33291348938801,41.30790065316624
Bosphorus,60,0.9309274279937227,0.002570774052201741,global_a0.50,41.59072483327304,41.56763795468923
Bosphorus,60,0.9309274279937227,0.002570774052201741,global_a0.75,41.759078426520695,41.74133314160382
Bosphorus,60,0.9309274279937227,0.002570774052201741,global_a1.00,41.77293355378112,41.756975398698174
Bosphorus,60,0.9309274279937227,0.002570774052201741,tile_q50_a0.00_0.50,41.58147916367827,41.55643715254656
Bosphorus,60,0.9309274279937227,0.002570774052201741,tile_q50_a0.00_0.75,41.77939856903457,41.75543057811085
Bosphorus,60,0.9309274279937227,0.002570774052201741,tile_q50_a0.25_0.50,41.654215665109206,41.63004602973912
Bosphorus,60,0.9309274279937227,0.002570774052201741,tile_q50_a0.25_0.75,41.84496506596978,41.82193326060719
Bosphorus,60,0.9309274279937227,0.002570774052201741,tile_q75_a0.00_0.50,41.31090098732045,41.28516806383044
Bosphorus,60,0.9309274279937227,0.002570774052201741,tile_q75_a0.00_0.75,41.491259100850264,41.466108279700016
Bosphorus,60,0.9309274279937227,0.002570774052201741,tile_q75_a0.25_0.50,41.54116084671287,41.516665602450196
Bosphorus,60,0.9309274279937227,0.002570774052201741,tile_q75_a0.25_0.75,41.70236116656628,41.67846111097535
Bosphorus,84,0.9215792200933137,0.0024540353692990013,global_a0.00,40.86238868909941,40.83773475782926
Bosphorus,84,0.9215792200933137,0.0024540353692990013,global_a0.25,41.34172862982004,41.31908887310552
Bosphorus,84,0.9215792200933137,0.0024540353692990013,global_a0.50,41.59727983186366,41.576712247401474
Bosphorus,84,0.9215792200933137,0.0024540353692990013,global_a0.75,41.76198319287238,41.746890240027874
Bosphorus,84,0.9215792200933137,0.0024540353692990013,global_a1.00,41.77281372835534,41.759313977922574
Bosphorus,84,0.9215792200933137,0.0024540353692990013,tile_q50_a0.00_0.50,41.59652666052584,41.573403334673074
Bosphorus,84,0.9215792200933137,0.0024540353692990013,tile_q50_a0.00_0.75,41.79449554807821,41.7723187246216
Bosphorus,84,0.9215792200933137,0.0024540353692990013,tile_q50_a0.25_0.50,41.66509418321883,41.64318728946454
Bosphorus,84,0.9215792200933137,0.0024540353692990013,tile_q50_a0.25_0.75,41.85638955254642,41.83545445976385
Bosphorus,84,0.9215792200933137,0.0024540353692990013,tile_q75_a0.00_0.50,41.32923917546695,41.305435867425786
Bosphorus,84,0.9215792200933137,0.0024540353692990013,tile_q75_a0.00_0.75,41.51017541279891,41.48687591264337
Bosphorus,84,0.9215792200933137,0.0024540353692990013,tile_q75_a0.25_0.50,41.55254146982925,41.53029503511724
Bosphorus,84,0.9215792200933137,0.0024540353692990013,tile_q75_a0.25_0.75,41.716514161694775,41.69477930292608
Bosphorus,96,0.8645865145714282,0.0028589559675804566,global_a0.00,40.32878649672065,40.3033761424897
Bosphorus,96,0.8645865145714282,0.0028589559675804566,global_a0.25,40.772097684447274,40.74848295345135
Bosphorus,96,0.8645865145714282,0.0028589559675804566,global_a0.50,41.02306461469617,41.00134400525576
Bosphorus,96,0.8645865145714282,0.0028589559675804566,global_a0.75,41.17373440127373,41.156890728960576
Bosphorus,96,0.8645865145714282,0.0028589559675804566,global_a1.00,41.18326950352622,41.167962657061125
Bosphorus,96,0.8645865145714282,0.0028589559675804566,tile_q50_a0.00_0.50,40.99071318156667,40.96701905940669
Bosphorus,96,0.8645865145714282,0.0028589559675804566,tile_q50_a0.00_0.75,41.16717464939028,41.14448187784638
Bosphorus,96,0.8645865145714282,0.0028589559675804566,tile_q50_a0.25_0.50,41.06296603816388,41.04018332013571
Bosphorus,96,0.8645865145714282,0.0028589559675804566,tile_q50_a0.25_0.75,41.233353734959266,41.211593693151165
Bosphorus,96,0.8645865145714282,0.0028589559675804566,tile_q75_a0.00_0.50,40.744119640092215,40.719753418094726
Bosphorus,96,0.8645865145714282,0.0028589559675804566,tile_q75_a0.00_0.75,40.906017709180524,40.88217805763102
Bosphorus,96,0.8645865145714282,0.0028589559675804566,tile_q75_a0.25_0.50,40.95914595504037,40.93608659366921
Bosphorus,96,0.8645865145714282,0.0028589559675804566,tile_q75_a0.25_0.75,41.1023358563157,41.0798457662031
Bosphorus,120,0.8547664895713112,0.002525562871068754,global_a0.00,40.751545530740586,40.72576986009268
Bosphorus,120,0.8547664895713112,0.002525562871068754,global_a0.25,41.200635226779944,41.176449986808166
Bosphorus,120,0.8547664895713112,0.002525562871068754,global_a0.50,41.44023743563533,41.417907855771375
Bosphorus,120,0.8547664895713112,0.002525562871068754,global_a0.75,41.59102011645625,41.57425478102518
Bosphorus,120,0.8547664895713112,0.002525562871068754,global_a1.00,41.5953400032243,41.580536349663994
Bosphorus,120,0.8547664895713112,0.002525562871068754,tile_q50_a0.00_0.50,41.42196196739845,41.39741967253273
Bosphorus,120,0.8547664895713112,0.002525562871068754,tile_q50_a0.00_0.75,41.602990301111085,41.57945494063787
Bosphorus,120,0.8547664895713112,0.002525562871068754,tile_q50_a0.25_0.50,41.496851541187525,41.473374761869415
Bosphorus,120,0.8547664895713112,0.002525562871068754,tile_q50_a0.25_0.75,41.667561944061816,41.64517576593984
Bosphorus,120,0.8547664895713112,0.002525562871068754,tile_q75_a0.00_0.50,41.18376761032784,41.1587176978697
Bosphorus,120,0.8547664895713112,0.002525562871068754,tile_q75_a0.00_0.75,41.35063686762685,41.32597543020161
Bosphorus,120,0.8547664895713112,0.002525562871068754,tile_q75_a0.25_0.50,41.39511576197178,41.37136089860424
Bosphorus,120,0.8547664895713112,0.002525562871068754,tile_q75_a0.25_0.75,41.54440639081389,41.52115152440295
Bosphorus,144,0.8781533812862676,0.002695915961889561,global_a0.00,40.644537975512385,40.622549583560996
Bosphorus,144,0.8781533812862676,0.002695915961889561,global_a0.25,41.09808496346336,41.077510760436894
Bosphorus,144,0.8781533812862676,0.002695915961889561,global_a0.50,41.34477153067834,41.325833449445696
Bosphorus,144,0.8781533812862676,0.002695915961889561,global_a0.75,41.49965671949457,41.485676577283485
Bosphorus,144,0.8781533812862676,0.002695915961889561,global_a1.00,41.513194870270524,41.500702964847264
Bosphorus,144,0.8781533812862676,0.002695915961889561,tile_q50_a0.00_0.50,41.310789298493226,41.29023983222598
Bosphorus,144,0.8781533812862676,0.002695915961889561,tile_q50_a0.00_0.75,41.49847031022173,41.478517473368925
Bosphorus,144,0.8781533812862676,0.002695915961889561,tile_q50_a0.25_0.50,41.38710426898837,41.367237839586736
Bosphorus,144,0.8781533812862676,0.002695915961889561,tile_q50_a0.25_0.75,41.56661590719567,41.54741880791658
Bosphorus,144,0.8781533812862676,0.002695915961889561,tile_q75_a0.00_0.50,41.08666540827535,41.0653293265331
Bosphorus,144,0.8781533812862676,0.002695915961889561,tile_q75_a0.00_0.75,41.259850318473504,41.2387891131945
Bosphorus,144,0.8781533812862676,0.002695915961889561,tile_q75_a0.25_0.50,41.298230573962165,41.27800442872498
Bosphorus,144,0.8781533812862676,0.002695915961889561,tile_q75_a0.25_0.75,41.45450354794417,41.43460014191348
Bosphorus,168,0.8782646805396581,0.0023588264030227624,global_a0.00,40.790611193947214,40.760640934498866
Bosphorus,168,0.8782646805396581,0.0023588264030227624,global_a0.25,41.24657831462954,41.21805344576754
Bosphorus,168,0.8782646805396581,0.0023588264030227624,global_a0.50,41.48814156904413,41.46165057703304
Bosphorus,168,0.8782646805396581,0.0023588264030227624,global_a0.75,41.642538281405606,41.6215929641795
Bosphorus,168,0.8782646805396581,0.0023588264030227624,global_a1.00,41.6581869648258,41.638905615038524
Bosphorus,168,0.8782646805396581,0.0023588264030227624,tile_q50_a0.00_0.50,41.466411756644504,41.437645070638865
Bosphorus,168,0.8782646805396581,0.0023588264030227624,tile_q50_a0.00_0.75,41.66206535947175,41.63412663079052
Bosphorus,168,0.8782646805396581,0.0023588264030227624,tile_q50_a0.25_0.50,41.538075342127954,41.51014040984876
Bosphorus,168,0.8782646805396581,0.0023588264030227624,tile_q50_a0.25_0.75,41.722403922019524,41.69536431429422
Bosphorus,168,0.8782646805396581,0.0023588264030227624,tile_q75_a0.00_0.50,41.24207164491321,41.21273004351135
Bosphorus,168,0.8782646805396581,0.0023588264030227624,tile_q75_a0.00_0.75,41.41723705483544,41.38826432791575
Bosphorus,168,0.8782646805396581,0.0023588264030227624,tile_q75_a0.25_0.50,41.450462036000566,41.42232730522053
Bosphorus,168,0.8782646805396581,0.0023588264030227624,tile_q75_a0.25_0.75,41.610258194020616,41.58250869318173
Bosphorus,180,0.8770491786902639,0.0020183831850546508,global_a0.00,41.11138560295203,41.08472280424568
Bosphorus,180,0.8770491786902639,0.0020183831850546508,global_a0.25,41.57988948312706,41.55501664788423
Bosphorus,180,0.8770491786902639,0.0020183831850546508,global_a0.50,41.81321469866426,41.79043821345873
Bosphorus,180,0.8770491786902639,0.0020183831850546508,global_a0.75,41.96676548693322,41.95020662505277
Bosphorus,180,0.8770491786902639,0.0020183831850546508,global_a1.00,41.97647603135124,41.96177198293594
Bosphorus,180,0.8770491786902639,0.0020183831850546508,tile_q50_a0.00_0.50,41.81707634313437,41.79139617662433
Bosphorus,180,0.8770491786902639,0.0020183831850546508,tile_q50_a0.00_0.75,42.01613914527427,41.99112184140461
Bosphorus,180,0.8770491786902639,0.0020183831850546508,tile_q50_a0.25_0.50,41.88581773447437,41.86142435630288
Bosphorus,180,0.8770491786902639,0.0020183831850546508,tile_q50_a0.25_0.75,42.07574405484087,42.052139398099456
Bosphorus,180,0.8770491786902639,0.0020183831850546508,tile_q75_a0.00_0.50,41.576154438780584,41.54998761986796
Bosphorus,180,0.8770491786902639,0.0020183831850546508,tile_q75_a0.00_0.75,41.754504362556844,41.72861905650506
Bosphorus,180,0.8770491786902639,0.0020183831850546508,tile_q75_a0.25_0.50,41.79016935585417,41.76563950757804
Bosphorus,180,0.8770491786902639,0.0020183831850546508,tile_q75_a0.25_0.75,41.95369046138993,41.92946433902465
Bosphorus,204,0.9219315999711597,0.0021439322455721888,global_a0.00,41.05144927464501,41.01793534418937
Bosphorus,204,0.9219315999711597,0.0021439322455721888,global_a0.25,41.53190146782787,41.50028974039667
Bosphorus,204,0.9219315999711597,0.0021439322455721888,global_a0.50,41.77881633027202,41.749608589295505
Bosphorus,204,0.9219315999711597,0.0021439322455721888,global_a0.75,41.94220107198249,41.919401900394256
Bosphorus,204,0.9219315999711597,0.0021439322455721888,global_a1.00,41.9606608260836,41.93986694416053
Bosphorus,204,0.9219315999711597,0.0021439322455721888,tile_q50_a0.00_0.50,41.774491827569555,41.74225494430526
Bosphorus,204,0.9219315999711597,0.0021439322455721888,tile_q50_a0.00_0.75,41.981799464830814,41.950366431489314
Bosphorus,204,0.9219315999711597,0.0021439322455721888,tile_q50_a0.25_0.50,41.84536518130645,41.81438806948013
Bosphorus,204,0.9219315999711597,0.0021439322455721888,tile_q50_a0.25_0.75,42.04306582301007,42.012980549045466
Bosphorus,204,0.9219315999711597,0.0021439322455721888,tile_q75_a0.00_0.50,41.534325856828175,41.50164422147748
Bosphorus,204,0.9219315999711597,0.0021439322455721888,tile_q75_a0.00_0.75,41.72107298180158,41.68878152650968
Bosphorus,204,0.9219315999711597,0.0021439322455721888,tile_q75_a0.25_0.50,41.7499451108021,41.718769963016314
Bosphorus,204,0.9219315999711597,0.0021439322455721888,tile_q75_a0.25_0.75,41.919985043090634,41.88919173639036
Bosphorus,228,0.8189234712971327,0.0016084493895603957,global_a0.00,41.42529606872387,41.39703904568502
Bosphorus,228,0.8189234712971327,0.0016084493895603957,global_a0.25,41.8760948167514,41.849776913123875
Bosphorus,228,0.8189234712971327,0.0016084493895603957,global_a0.50,42.08858749285649,42.064884011509434
Bosphorus,228,0.8189234712971327,0.0016084493895603957,global_a0.75,42.22525080736156,42.20807975879001
Bosphorus,228,0.8189234712971327,0.0016084493895603957,global_a1.00,42.23071624178563,42.21596251698215
Bosphorus,228,0.8189234712971327,0.0016084493895603957,tile_q50_a0.00_0.50,42.1000357398471,42.07354337033849
Bosphorus,228,0.8189234712971327,0.0016084493895603957,tile_q50_a0.00_0.75,42.27924786329963,42.2537957122665
Bosphorus,228,0.8189234712971327,0.0016084493895603957,tile_q50_a0.25_0.50,42.171692848661415,42.14631206737912
Bosphorus,228,0.8189234712971327,0.0016084493895603957,tile_q50_a0.25_0.75,42.340335101924126,42.31607021178874
Bosphorus,228,0.8189234712971327,0.0016084493895603957,tile_q75_a0.00_0.50,41.87024402438865,41.843205607457
Bosphorus,228,0.8189234712971327,0.0016084493895603957,tile_q75_a0.00_0.75,42.04800617908095,42.02156707845937
Bosphorus,228,0.8189234712971327,0.0016084493895603957,tile_q75_a0.25_0.50,42.073223493420286,42.04755848456976
Bosphorus,228,0.8189234712971327,0.0016084493895603957,tile_q75_a0.25_0.75,42.23667361029047,42.21167691339109
Bosphorus,240,0.8513196198165076,0.0021338620337925107,global_a0.00,40.97103295345726,40.94329729189546
Bosphorus,240,0.8513196198165076,0.0021338620337925107,global_a0.25,41.42052952111435,41.3947887060347
Bosphorus,240,0.8513196198165076,0.0021338620337925107,global_a0.50,41.648006818144964,41.62458618610631
Bosphorus,240,0.8513196198165076,0.0021338620337925107,global_a0.75,41.79650324588814,41.77894229680536
Bosphorus,240,0.8513196198165076,0.0021338620337925107,global_a1.00,41.810176807605046,41.79461691171197
Bosphorus,240,0.8513196198165076,0.0021338620337925107,tile_q50_a0.00_0.50,41.65473499564069,41.62853159322033
Bosphorus,240,0.8513196198165076,0.0021338620337925107,tile_q50_a0.00_0.75,41.84035591044151,41.81485241412953
Bosphorus,240,0.8513196198165076,0.0021338620337925107,tile_q50_a0.25_0.50,41.72156110943949,41.69654472696406
Bosphorus,240,0.8513196198165076,0.0021338620337925107,tile_q50_a0.25_0.75,41.89910752190568,41.8748879903871
Bosphorus,240,0.8513196198165076,0.0021338620337925107,tile_q75_a0.00_0.50,41.42048168549424,41.393670485945876
Bosphorus,240,0.8513196198165076,0.0021338620337925107,tile_q75_a0.00_0.75,41.596264688164325,41.56986668816408
Bosphorus,240,0.8513196198165076,0.0021338620337925107,tile_q75_a0.25_0.50,41.6216684175944,41.59642121935755
Bosphorus,240,0.8513196198165076,0.0021338620337925107,tile_q75_a0.25_0.75,41.783089014588846,41.75827289800359
Bosphorus,264,0.8411368497692706,0.0018965885147954609,global_a0.00,41.356099468468756,41.33711885857092
Bosphorus,264,0.8411368497692706,0.0018965885147954609,global_a0.25,41.80907186939815,41.79238192173693
Bosphorus,264,0.8411368497692706,0.0018965885147954609,global_a0.50,42.02781871638567,42.01311963093304
Bosphorus,264,0.8411368497692706,0.0018965885147954609,global_a0.75,42.1713081971086,42.16259736877274
Bosphorus,264,0.8411368497692706,0.0018965885147954609,global_a1.00,42.18504353998068,42.17825570834019
Bosphorus,264,0.8411368497692706,0.0018965885147954609,tile_q50_a0.00_0.50,42.045649326771965,42.029548215901954
Bosphorus,264,0.8411368497692706,0.0018965885147954609,tile_q50_a0.00_0.75,42.23588591865655,42.22094078022076
Bosphorus,264,0.8411368497692706,0.0018965885147954609,tile_q50_a0.25_0.50,42.11188473189695,42.096517734638525
Bosphorus,264,0.8411368497692706,0.0018965885147954609,tile_q50_a0.25_0.75,42.29286294536732,42.27857085290636
Bosphorus,264,0.8411368497692706,0.0018965885147954609,tile_q75_a0.00_0.50,41.814499303721895,41.79750406170233
Bosphorus,264,0.8411368497692706,0.0018965885147954609,tile_q75_a0.00_0.75,41.989880308219966,41.97371696988337
Bosphorus,264,0.8411368497692706,0.0018965885147954609,tile_q75_a0.25_0.50,42.01505465585101,41.999345578657454
Bosphorus,264,0.8411368497692706,0.0018965885147954609,tile_q75_a0.25_0.75,42.17836031607988,42.16348231903331
Bosphorus,288,0.7680895174069917,0.0019759567723651728,global_a0.00,40.991928568571836,40.96642100635363
Bosphorus,288,0.7680895174069917,0.0019759567723651728,global_a0.25,41.40923897148689,41.38564902473445
Bosphorus,288,0.7680895174069917,0.0019759567723651728,global_a0.50,41.61800180793342,41.59682808286594
Bosphorus,288,0.7680895174069917,0.0019759567723651728,global_a0.75,41.74088779003547,41.72503190560779
Bosphorus,288,0.7680895174069917,0.0019759567723651728,global_a1.00,41.748261654513826,41.73451052376062
Bosphorus,288,0.7680895174069917,0.0019759567723651728,tile_q50_a0.00_0.50,41.62548165803389,41.60144976040242
Bosphorus,288,0.7680895174069917,0.0019759567723651728,tile_q50_a0.00_0.75,41.79494703787209,41.771649021588274
Bosphorus,288,0.7680895174069917,0.0019759567723651728,tile_q50_a0.25_0.50,41.68850655957013,41.66566099224393
Bosphorus,288,0.7680895174069917,0.0019759567723651728,tile_q50_a0.25_0.75,41.8460985139025,41.82399774289311
Bosphorus,288,0.7680895174069917,0.0019759567723651728,tile_q75_a0.00_0.50,41.423532716962825,41.398839085586694
Bosphorus,288,0.7680895174069917,0.0019759567723651728,tile_q75_a0.00_0.75,41.579725553984765,41.55557058244382
Bosphorus,288,0.7680895174069917,0.0019759567723651728,tile_q75_a0.25_0.50,41.60152215989364,41.57835462482286
Bosphorus,288,0.7680895174069917,0.0019759567723651728,tile_q75_a0.25_0.75,41.74697991575245,41.72437785551157
Bosphorus,300,0.8556026126990872,0.0015719391533836058,global_a0.00,41.68475814508539,41.66043520809035
Bosphorus,300,0.8556026126990872,0.0015719391533836058,global_a0.25,42.15452794196257,42.13235557853157
Bosphorus,300,0.8556026126990872,0.0015719391533836058,global_a0.50,42.36587864353893,42.34632508503263
Bosphorus,300,0.8556026126990872,0.0015719391533836058,global_a0.75,42.509363772394764,42.49617593358871
Bosphorus,300,0.8556026126990872,0.0015719391533836058,global_a1.00,42.52676586412821,42.516037820789435
Bosphorus,300,0.8556026126990872,0.0015719391533836058,tile_q50_a0.00_0.50,42.399277018266105,42.37653950283749
Bosphorus,300,0.8556026126990872,0.0015719391533836058,tile_q50_a0.00_0.75,42.59414058109869,42.57233151647544
Bosphorus,300,0.8556026126990872,0.0015719391533836058,tile_q50_a0.25_0.50,42.46628839934058,42.44492578042497
Bosphorus,300,0.8556026126990872,0.0015719391533836058,tile_q50_a0.25_0.75,42.650098804007364,42.62967393408552
Bosphorus,300,0.8556026126990872,0.0015719391533836058,tile_q75_a0.00_0.50,42.17507085478389,42.15131990418072
Bosphorus,300,0.8556026126990872,0.0015719391533836058,tile_q75_a0.00_0.75,42.354045875138446,42.33079758309232
Bosphorus,300,0.8556026126990872,0.0015719391533836058,tile_q75_a0.25_0.50,42.37662972602209,42.354824304770545
Bosphorus,300,0.8556026126990872,0.0015719391533836058,tile_q75_a0.25_0.75,42.54508029570214,42.523784476387156
Bosphorus,324,0.8194959889062972,0.0014491965565622822,global_a0.00,41.663456716763754,41.640308350287555
Bosphorus,324,0.8194959889062972,0.0014491965565622822,global_a0.25,42.11939984963579,42.09882367040195
Bosphorus,324,0.8194959889062972,0.0014491965565622822,global_a0.50,42.323899827004766,42.30613090418991
Bosphorus,324,0.8194959889062972,0.0014491965565622822,global_a0.75,42.457093267276576,42.445985636542375
Bosphorus,324,0.8194959889062972,0.0014491965565622822,global_a1.00,42.46834888176946,42.45980433919385
Bosphorus,324,0.8194959889062972,0.0014491965565622822,tile_q50_a0.00_0.50,42.36353662343305,42.342921982535586
Bosphorus,324,0.8194959889062972,0.0014491965565622822,tile_q50_a0.00_0.75,42.553278326359944,42.533896728173346
Bosphorus,324,0.8194959889062972,0.0014491965565622822,tile_q50_a0.25_0.50,42.42869977747253,42.409370382607534
Bosphorus,324,0.8194959889062972,0.0014491965565622822,tile_q50_a0.25_0.75,42.60338475500012,42.58539386426704
Bosphorus,324,0.8194959889062972,0.0014491965565622822,tile_q75_a0.00_0.50,42.14484200968012,42.12344898342128
Bosphorus,324,0.8194959889062972,0.0014491965565622822,tile_q75_a0.00_0.75,42.31589679826964,42.29532436023063
Bosphorus,324,0.8194959889062972,0.0014491965565622822,tile_q75_a0.25_0.50,42.33450899833169,42.31479032244623
Bosphorus,324,0.8194959889062972,0.0014491965565622822,tile_q75_a0.25_0.75,42.49837144489247,42.47957421820621
Bosphorus,348,0.8202662867321138,0.0013983323331524522,global_a0.00,41.647776123216815,41.62252173287247
Bosphorus,348,0.8202662867321138,0.0013983323331524522,global_a0.25,42.103597796578455,42.080568206400955
Bosphorus,348,0.8202662867321138,0.0013983323331524522,global_a0.50,42.30490291142046,42.28457942445888
Bosphorus,348,0.8202662867321138,0.0013983323331524522,global_a0.75,42.43857855800116,42.42477438123708
Bosphorus,348,0.8202662867321138,0.0013983323331524522,global_a1.00,42.45417977289268,42.442788019604585
Bosphorus,348,0.8202662867321138,0.0013983323331524522,tile_q50_a0.00_0.50,42.3482624329806,42.32467871787726
Bosphorus,348,0.8202662867321138,0.0013983323331524522,tile_q50_a0.00_0.75,42.53595122975133,42.51340261136565
Bosphorus,348,0.8202662867321138,0.0013983323331524522,tile_q50_a0.25_0.50,42.41062214778873,42.38849264989117
Bosphorus,348,0.8202662867321138,0.0013983323331524522,tile_q50_a0.25_0.75,42.587736446434185,42.56666775575585
Bosphorus,348,0.8202662867321138,0.0013983323331524522,tile_q75_a0.00_0.50,42.12966466385794,42.10546943960142
Bosphorus,348,0.8202662867321138,0.0013983323331524522,tile_q75_a0.00_0.75,42.297896864314986,42.27420943626772
Bosphorus,348,0.8202662867321138,0.0013983323331524522,tile_q75_a0.25_0.50,42.31945634104835,42.296956570828485
Bosphorus,348,0.8202662867321138,0.0013983323331524522,tile_q75_a0.25_0.75,42.47940053579104,42.457416853041714
Bosphorus,360,0.8204170861190363,0.0014258173322976297,global_a0.00,41.657258712619125,41.62997034477173
Bosphorus,360,0.8204170861190363,0.0014258173322976297,global_a0.25,42.10860530898434,42.08359269267439
Bosphorus,360,0.8204170861190363,0.0014258173322976297,global_a0.50,42.319328276353964,42.297305244743924
Bosphorus,360,0.8204170861190363,0.0014258173322976297,global_a0.75,42.44834840607325,42.43265538264984
Bosphorus,360,0.8204170861190363,0.0014258173322976297,global_a1.00,42.46345099183655,42.450387430890764
Bosphorus,360,0.8204170861190363,0.0014258173322976297,tile_q50_a0.00_0.50,42.35183897206902,42.32632914505036
Bosphorus,360,0.8204170861190363,0.0014258173322976297,tile_q50_a0.00_0.75,42.53522384427561,42.51079465626649
Bosphorus,360,0.8204170861190363,0.0014258173322976297,tile_q50_a0.25_0.50,42.41486750299751,42.39075607912919
Bosphorus,360,0.8204170861190363,0.0014258173322976297,tile_q50_a0.25_0.75,42.58755877512155,42.564573041464406
Bosphorus,360,0.8204170861190363,0.0014258173322976297,tile_q75_a0.00_0.50,42.13065790474039,42.10477284237037
Bosphorus,360,0.8204170861190363,0.0014258173322976297,tile_q75_a0.00_0.75,42.297031895384734,42.27185646782088
Bosphorus,360,0.8204170861190363,0.0014258173322976297,tile_q75_a0.25_0.50,42.32173548936565,42.297357691114584
Bosphorus,360,0.8204170861190363,0.0014258173322976297,tile_q75_a0.25_0.75,42.479918321804966,42.45633020574581
Bosphorus,384,0.7416010907833197,0.00145289887789668,global_a0.00,41.311531645700796,41.2887102009515
Bosphorus,384,0.7416010907833197,0.00145289887789668,global_a0.25,41.72301205210273,41.70213582998008
Bosphorus,384,0.7416010907833197,0.00145289887789668,global_a0.50,41.9217276796989,41.9032865029093
Bosphorus,384,0.7416010907833197,0.00145289887789668,global_a0.75,42.03288996770844,42.02016748350337
Bosphorus,384,0.7416010907833197,0.00145289887789668,global_a1.00,42.040424214130844,42.03031129173482
Bosphorus,384,0.7416010907833197,0.00145289887789668,tile_q50_a0.00_0.50,41.94119595020084,41.92035265443125
Bosphorus,384,0.7416010907833197,0.00145289887789668,tile_q50_a0.00_0.75,42.10875286863788,42.089042309928324
Bosphorus,384,0.7416010907833197,0.00145289887789668,tile_q50_a0.25_0.50,41.999040839322454,41.97910980842587
Bosphorus,384,0.7416010907833197,0.00145289887789668,tile_q50_a0.25_0.75,42.15313225619348,42.13434942798554
Bosphorus,384,0.7416010907833197,0.00145289887789668,tile_q75_a0.00_0.50,41.75274165959736,41.73151402897822
Bosphorus,384,0.7416010907833197,0.00145289887789668,tile_q75_a0.00_0.75,41.909954950200124,41.88954104804565
Bosphorus,384,0.7416010907833197,0.00145289887789668,tile_q75_a0.25_0.50,41.91880075176455,41.898670067617225
Bosphorus,384,0.7416010907833197,0.00145289887789668,tile_q75_a0.25_0.75,42.06607829004085,42.046741865870054
Bosphorus,408,0.8103861342461371,0.0012560883358815333,global_a0.00,41.73714200094914,41.71674198746154
Bosphorus,408,0.8103861342461371,0.0012560883358815333,global_a0.25,42.1816988903307,42.163684982602774
Bosphorus,408,0.8103861342461371,0.0012560883358815333,global_a0.50,42.38525144134012,42.36990097338602
Bosphorus,408,0.8103861342461371,0.0012560883358815333,global_a0.75,42.51720754437197,42.50845344091217
Bosphorus,408,0.8103861342461371,0.0012560883358815333,global_a1.00,42.533219604951114,42.527128121707676
Bosphorus,408,0.8103861342461371,0.0012560883358815333,tile_q50_a0.00_0.50,42.42689774851282,42.408634079288134
Bosphorus,408,0.8103861342461371,0.0012560883358815333,tile_q50_a0.00_0.75,42.613270163975315,42.59609120504485
Bosphorus,408,0.8103861342461371,0.0012560883358815333,tile_q50_a0.25_0.50,42.488322026766866,42.47150829177571
Bosphorus,408,0.8103861342461371,0.0012560883358815333,tile_q50_a0.25_0.75,42.65880621001146,42.64308587389011
Bosphorus,408,0.8103861342461371,0.0012560883358815333,tile_q75_a0.00_0.50,42.224134150966144,42.205477248154494
Bosphorus,408,0.8103861342461371,0.0012560883358815333,tile_q75_a0.00_0.75,42.38905520256264,42.37114920828533
Bosphorus,408,0.8103861342461371,0.0012560883358815333,tile_q75_a0.25_0.50,42.40766647788162,42.39061947729282
Bosphorus,408,0.8103861342461371,0.0012560883358815333,tile_q75_a0.25_0.75,42.56274134363099,42.546434936495544
Bosphorus,420,0.8134468804872057,0.001183406734966641,global_a0.00,41.68817004848137,41.66268739985499
Bosphorus,420,0.8134468804872057,0.001183406734966641,global_a0.25,42.13433718468358,42.1112470046138
Bosphorus,420,0.8134468804872057,0.001183406734966641,global_a0.50,42.33582720809201,42.315556192968856
Bosphorus,420,0.8134468804872057,0.001183406734966641,global_a0.75,42.46666162495251,42.45260851075549
Bosphorus,420,0.8134468804872057,0.001183406734966641,global_a1.00,42.48742133772908,42.476134280342194
Bosphorus,420,0.8134468804872057,0.001183406734966641,tile_q50_a0.00_0.50,42.38985451358856,42.366609064269284
Bosphorus,420,0.8134468804872057,0.001183406734966641,tile_q50_a0.00_0.75,42.583324040965906,42.56113625016912
Bosphorus,420,0.8134468804872057,0.001183406734966641,tile_q50_a0.25_0.50,42.445038257717975,42.423094234855306
Bosphorus,420,0.8134468804872057,0.001183406734966641,tile_q50_a0.25_0.75,42.622418358964815,42.601625126838066
Bosphorus,420,0.8134468804872057,0.001183406734966641,tile_q75_a0.00_0.50,42.19309575831069,42.16965750128921
Bosphorus,420,0.8134468804872057,0.001183406734966641,tile_q75_a0.00_0.75,42.359056946705564,42.33627801009919
Bosphorus,420,0.8134468804872057,0.001183406734966641,tile_q75_a0.25_0.50,42.36376040712561,42.34164691367259
Bosphorus,420,0.8134468804872057,0.001183406734966641,tile_q75_a0.25_0.75,42.523553072431426,42.50211429577101
Bosphorus,444,0.8302415697894929,0.0013188926510774301,global_a0.00,41.59313414364041,41.57069861102976
Bosphorus,444,0.8302415697894929,0.0013188926510774301,global_a0.25,42.04549301966964,42.02564072952367
Bosphorus,444,0.8302415697894929,0.0013188926510774301,global_a0.50,42.25081565569511,42.23390013420877
Bosphorus,444,0.8302415697894929,0.0013188926510774301,global_a0.75,42.38845462955079,42.378014863875734
Bosphorus,444,0.8302415697894929,0.0013188926510774301,global_a1.00,42.408643921853184,42.400940180819255
Bosphorus,444,0.8302415697894929,0.0013188926510774301,tile_q50_a0.00_0.50,42.29637149709595,42.27665124041486
Bosphorus,444,0.8302415697894929,0.0013188926510774301,tile_q50_a0.00_0.75,42.49076524666569,42.472356477511816
Bosphorus,444,0.8302415697894929,0.0013188926510774301,tile_q50_a0.25_0.50,42.35416305982638,42.33575536364211
Bosphorus,444,0.8302415697894929,0.0013188926510774301,tile_q50_a0.25_0.75,42.533829039073616,42.516807977112634
Bosphorus,444,0.8302415697894929,0.0013188926510774301,tile_q75_a0.00_0.50,42.09855262171069,42.07810928581692
Bosphorus,444,0.8302415697894929,0.0013188926510774301,tile_q75_a0.00_0.75,42.27037511403492,42.250810558438154
Bosphorus,444,0.8302415697894929,0.0013188926510774301,tile_q75_a0.25_0.50,42.27620338559493,42.25739715625902
Bosphorus,444,0.8302415697894929,0.0013188926510774301,tile_q75_a0.25_0.75,42.43767142243573,42.41974949574637
Bosphorus,468,0.8622359524106642,0.0012787740994703034,global_a0.00,41.66565546447892,41.64572208330093
Bosphorus,468,0.8622359524106642,0.0012787740994703034,global_a0.25,42.13094256257827,42.11319080989304
Bosphorus,468,0.8622359524106642,0.0012787740994703034,global_a0.50,42.3458568292046,42.33050138006419
Bosphorus,468,0.8622359524106642,0.0012787740994703034,global_a0.75,42.4909298566635,42.48180474906127
Bosphorus,468,0.8622359524106642,0.0012787740994703034,global_a1.00,42.51412143121612,42.507958035711596
Bosphorus,468,0.8622359524106642,0.0012787740994703034,tile_q50_a0.00_0.50,42.392384214886434,42.376234109528006
Bosphorus,468,0.8622359524106642,0.0012787740994703034,tile_q50_a0.00_0.75,42.59332940397374,42.57895084010039
Bosphorus,468,0.8622359524106642,0.0012787740994703034,tile_q50_a0.25_0.50,42.45008598579218,42.434167769634676
Bosphorus,468,0.8622359524106642,0.0012787740994703034,tile_q50_a0.25_0.75,42.63951975569283,42.625390391006846
Bosphorus,468,0.8622359524106642,0.0012787740994703034,tile_q75_a0.00_0.50,42.19690499062032,42.17974684945412
Bosphorus,468,0.8622359524106642,0.0012787740994703034,tile_q75_a0.00_0.75,42.376815862256564,42.360556241200086
Bosphorus,468,0.8622359524106642,0.0012787740994703034,tile_q75_a0.25_0.50,42.37544146297135,42.35898956665701
Bosphorus,468,0.8622359524106642,0.0012787740994703034,tile_q75_a0.25_0.75,42.547216485233655,42.53172056898712
Bosphorus,492,0.8910899438463602,0.0012708952452600286,global_a0.00,41.650044298850226,41.63361772541396
Bosphorus,492,0.8910899438463602,0.0012708952452600286,global_a0.25,42.12638116499409,42.11194000428627
Bosphorus,492,0.8910899438463602,0.0012708952452600286,global_a0.50,42.354878005681584,42.34251556083936
Bosphorus,492,0.8910899438463602,0.0012708952452600286,global_a0.75,42.50537388233796,42.49903996405891
Bosphorus,492,0.8910899438463602,0.0012708952452600286,global_a1.00,42.528156961125624,42.52470766926032
Bosphorus,492,0.8910899438463602,0.0012708952452600286,tile_q50_a0.00_0.50,42.402791189844095,42.388497309234616
Bosphorus,492,0.8910899438463602,0.0012708952452600286,tile_q50_a0.00_0.75,42.61154501014136,42.598260402257154
Bosphorus,492,0.8910899438463602,0.0012708952452600286,tile_q50_a0.25_0.50,42.45988239924187,42.44645313121634
Bosphorus,492,0.8910899438463602,0.0012708952452600286,tile_q50_a0.25_0.75,42.65364753578767,42.64139959422372
Bosphorus,492,0.8910899438463602,0.0012708952452600286,tile_q75_a0.00_0.50,42.19978122453032,42.186728055063654
Bosphorus,492,0.8910899438463602,0.0012708952452600286,tile_q75_a0.00_0.75,42.378790919442906,42.36681066131947
Bosphorus,492,0.8910899438463602,0.0012708952452600286,tile_q75_a0.25_0.50,42.376216283445686,42.36331698135166
Bosphorus,492,0.8910899438463602,0.0012708952452600286,tile_q75_a0.25_0.75,42.54882040329419,42.537028959742685
Bosphorus,504,0.8716363632341313,0.0014957844997188774,global_a0.00,41.48109967747849,41.45751322586892
Bosphorus,504,0.8716363632341313,0.0014957844997188774,global_a0.25,41.94020797017524,41.91915033586306
Bosphorus,504,0.8716363632341313,0.0014957844997188774,global_a0.50,42.17115203617736,42.152841988919576
Bosphorus,504,0.8716363632341313,0.0014957844997188774,global_a0.75,42.315791392446414,42.30385012307244
Bosphorus,504,0.8716363632341313,0.0014957844997188774,global_a1.00,42.33840003200402,42.329149589103054
Bosphorus,504,0.8716363632341313,0.0014957844997188774,tile_q50_a0.00_0.50,42.19473262515487,42.174028547139486
Bosphorus,504,0.8716363632341313,0.0014957844997188774,tile_q50_a0.00_0.75,42.393364093210984,42.3740302074495
Bosphorus,504,0.8716363632341313,0.0014957844997188774,tile_q50_a0.25_0.50,42.25535613036137,42.235755364821905
Bosphorus,504,0.8716363632341313,0.0014957844997188774,tile_q50_a0.25_0.75,42.441748102521196,42.42359167721088
Bosphorus,504,0.8716363632341313,0.0014957844997188774,tile_q75_a0.00_0.50,41.98588390693777,41.964717307435315
Bosphorus,504,0.8716363632341313,0.0014957844997188774,tile_q75_a0.00_0.75,42.155086482959724,42.13473030196653
Bosphorus,504,0.8716363632341313,0.0014957844997188774,tile_q75_a0.25_0.50,42.16650190834797,42.146618494655286
Bosphorus,504,0.8716363632341313,0.0014957844997188774,tile_q75_a0.25_0.75,42.32844861973191,42.3094203442312
Bosphorus,528,0.8310134391440798,0.00128549359002883,global_a0.00,41.68422310778966,41.66412022529853
Bosphorus,528,0.8310134391440798,0.00128549359002883,global_a0.25,42.132411523455715,42.11441648062623
Bosphorus,528,0.8310134391440798,0.00128549359002883,global_a0.50,42.348073460583734,42.33291482939323
Bosphorus,528,0.8310134391440798,0.00128549359002883,global_a0.75,42.482116808675585,42.473280943450845
Bosphorus,528,0.8310134391440798,0.00128549359002883,global_a1.00,42.501193619271085,42.49513366444261
Bosphorus,528,0.8310134391440798,0.00128549359002883,tile_q50_a0.00_0.50,42.37319200145244,42.35522912443918
Bosphorus,528,0.8310134391440798,0.00128549359002883,tile_q50_a0.00_0.75,42.57154171248746,42.55486464106785
Bosphorus,528,0.8310134391440798,0.00128549359002883,tile_q50_a0.25_0.50,42.43308110217643,42.4162915659144
Bosphorus,528,0.8310134391440798,0.00128549359002883,tile_q50_a0.25_0.75,42.61556256337012,42.60015281627011
Bosphorus,528,0.8310134391440798,0.00128549359002883,tile_q75_a0.00_0.50,42.17061806043738,42.15276553767994
Bosphorus,528,0.8310134391440798,0.00128549359002883,tile_q75_a0.00_0.75,42.34177878978578,42.32480463478004
Bosphorus,528,0.8310134391440798,0.00128549359002883,tile_q75_a0.25_0.50,42.350427076012124,42.33348718385522
Bosphorus,528,0.8310134391440798,0.00128549359002883,tile_q75_a0.25_0.75,42.51318990620214,42.49710746285083
Bosphorus,552,0.8073090244202348,0.0011596670659220765,global_a0.00,41.834503281896914,41.81347305170643
Bosphorus,552,0.8073090244202348,0.0011596670659220765,global_a0.25,42.273204892824346,42.25451457568883
Bosphorus,552,0.8073090244202348,0.0011596670659220765,global_a0.50,42.48554673487928,42.47015299696437
Bosphorus,552,0.8073090244202348,0.0011596670659220765,global_a0.75,42.61256292476489,42.6033945366854
Bosphorus,552,0.8073090244202348,0.0011596670659220765,global_a1.00,42.626821882469166,42.620782076126666
Bosphorus,552,0.8073090244202348,0.0011596670659220765,tile_q50_a0.00_0.50,42.495998143332045,42.47805112754823
Bosphorus,552,0.8073090244202348,0.0011596670659220765,tile_q50_a0.00_0.75,42.68226939469642,42.66591973215305
Bosphorus,552,0.8073090244202348,0.0011596670659220765,tile_q50_a0.25_0.50,42.565382969342096,42.54838565978251
Bosphorus,552,0.8073090244202348,0.0011596670659220765,tile_q50_a0.25_0.75,42.73871818626502,42.723506552351324
Bosphorus,552,0.8073090244202348,0.0011596670659220765,tile_q75_a0.00_0.50,42.29872582354862,42.27981133105107
Bosphorus,552,0.8073090244202348,0.0011596670659220765,tile_q75_a0.00_0.75,42.47215625133475,42.454072294783735
Bosphorus,552,0.8073090244202348,0.0011596670659220765,tile_q75_a0.25_0.50,42.48224391792653,42.464531237954134
Bosphorus,552,0.8073090244202348,0.0011596670659220765,tile_q75_a0.25_0.75,42.64223874518942,42.6254262267262
Bosphorus,564,0.7986766866206523,0.0009233586294714602,global_a0.00,42.01425322475337,41.990898727513
Bosphorus,564,0.7986766866206523,0.0009233586294714602,global_a0.25,42.46082900073415,42.440019699303704
Bosphorus,564,0.7986766866206523,0.0009233586294714602,global_a0.50,42.65802459321325,42.6406727140746
Bosphorus,564,0.7986766866206523,0.0009233586294714602,global_a0.75,42.78351872724823,42.773258921351385
Bosphorus,564,0.7986766866206523,0.0009233586294714602,global_a1.00,42.79673027794094,42.78957541413365
Bosphorus,564,0.7986766866206523,0.0009233586294714602,tile_q50_a0.00_0.50,42.68847947313992,42.668051116303225
Bosphorus,564,0.7986766866206523,0.0009233586294714602,tile_q50_a0.00_0.75,42.877951657058816,42.85931058533984
Bosphorus,564,0.7986766866206523,0.0009233586294714602,tile_q50_a0.25_0.50,42.755970558247185,42.73689779188992
Bosphorus,564,0.7986766866206523,0.0009233586294714602,tile_q50_a0.25_0.75,42.930782220843355,42.913602516433194
Bosphorus,564,0.7986766866206523,0.0009233586294714602,tile_q75_a0.00_0.50,42.483527245221886,42.462197111736664
Bosphorus,564,0.7986766866206523,0.0009233586294714602,tile_q75_a0.00_0.75,42.65738891858468,42.636898555031514
Bosphorus,564,0.7986766866206523,0.0009233586294714602,tile_q75_a0.25_0.50,42.6751554874277,42.65539648316002
Bosphorus,564,0.7986766866206523,0.0009233586294714602,tile_q75_a0.25_0.75,42.83719349790586,42.81825379560105
Bosphorus,588,0.8033066492384577,0.0008342606971011302,global_a0.00,42.18444433735045,42.16404770026482
Bosphorus,588,0.8033066492384577,0.0008342606971011302,global_a0.25,42.635821848655375,42.6172509724261
Bosphorus,588,0.8033066492384577,0.0008342606971011302,global_a0.50,42.83073386997465,42.81464389949814
Bosphorus,588,0.8033066492384577,0.0008342606971011302,global_a0.75,42.957360448669306,42.94774757801929
Bosphorus,588,0.8033066492384577,0.0008342606971011302,global_a1.00,42.9741627371347,42.967354349503275
Bosphorus,588,0.8033066492384577,0.0008342606971011302,tile_q50_a0.00_0.50,42.87696857057773,42.8582758615716
Bosphorus,588,0.8033066492384577,0.0008342606971011302,tile_q50_a0.00_0.75,43.06969511945523,43.05198563340264
Bosphorus,588,0.8033066492384577,0.0008342606971011302,tile_q50_a0.25_0.50,42.94080892521285,42.92313495062789
Bosphorus,588,0.8033066492384577,0.0008342606971011302,tile_q50_a0.25_0.75,43.12098032215954,43.10437734204381
Bosphorus,588,0.8033066492384577,0.0008342606971011302,tile_q75_a0.00_0.50,42.67109645317838,42.65311127927837
Bosphorus,588,0.8033066492384577,0.0008342606971011302,tile_q75_a0.00_0.75,42.85391764870389,42.83686489607319
Bosphorus,588,0.8033066492384577,0.0008342606971011302,tile_q75_a0.25_0.50,42.8544982297671,42.83703986818064
Bosphorus,588,0.8033066492384577,0.0008342606971011302,tile_q75_a0.25_0.75,43.02606435667792,43.00952976137516
