sample_id,sequence,decoded_frame_index,timestamp_s_from_dataset_fps,hr_y_sha256,lr_y_sha256,bicubic_y_sha256,hybrid_y_sha256,bicubic_psnr_db_full,bicubic_ssim_full,bicubic_psnr_db_shave8,bicubic_ssim_shave8,hybrid_psnr_db_full,hybrid_ssim_full,hybrid_psnr_db_shave8,hybrid_ssim_shave8,hybrid_gain_vs_bicubic_db_full,hybrid_gain_vs_bicubic_db_shave8,hybrid_ssim_delta_vs_bicubic_full,hybrid_ssim_delta_vs_bicubic_shave8,bicubic_temporal_difference_mae_u8,hybrid_temporal_difference_mae_u8
Beauty_first5s_f00,Beauty,0,0.0,d95c2ccac78bdd26c78cc2156a80e63892b0478a763b23c092c0f1b8047458aa,4de7402ded8e4bfedc1af243ab561230cd1f9eded1907917ef51a080446d1dec,0e33a6cb52a1571d385025935ef466a364bbb048992aab7fa4b56c29ad3976f8,1ab4cdb441eaaa577d8dfedcf745ca3bfbf1bfbbb911a6763038fd2bdf9eae56,36.46010192725649,0.8426965678985698,36.472685009408906,0.8430550512242119,36.71125205362325,0.8496462254758663,36.726138380651626,0.8500453236890052,0.2511501263667597,0.2534533712427205,0.006949657577296486,0.0069902724647933345,,
Beauty_first5s_f01,Beauty,12,0.1,95bc76849479c2bf366b1508e370704efb570d6533c606dda7311b327dc077e0,02b771d81f3e116233aa9740691b90fa05e6a736a316e6b8b1b1440af5aa4aac,ce7a41c9cec3daea780a345435341a2d5205667369498a899c580b6b47e3f70c,dcb352b5fce2cd024b1ff8d0875fb8fb5647036e27848a5f32c48997595a2303,46.98912764435687,0.986669632437915,47.0137165498295,0.9866849694935473,47.30495822294712,0.9866095706521576,47.35445416328686,0.9867087379661387,0.3158305785902513,0.34073761345735676,-6.006178575734822e-05,2.3768472591334522e-05,2.8445295180088053,2.7434769796415415
Beauty_first5s_f02,Beauty,24,0.2,08e2edb3a8535b421dc46b2decab329a4bff0592095ab575e1e6d36e6a92fe05,17f2bf6e410f8652041bc9009a2e8a83dc0575301256ace804ac319fa22d4084,7fb37e9d2d1bf373eddf0fe9b9c6272ff1e13ca0c0bc27ac3e5603e43ec8a8c8,628c5b28db02a67c59fe4bcc67504ecf783b0f6db21acd813127f183a527fe39,40.576972046595955,0.9306649955914039,40.58721515678954,0.9307733882526343,40.82027415998521,0.9337326865452998,40.836056127908975,0.9339064727227089,0.24330211338925523,0.24884097111943504,0.0030676909538959185,0.003133084470074543,1.8367494623509024,1.7760036523059388
Beauty_first5s_f03,Beauty,36,0.3,c73f30aedc527abb8a8a3837c79f5101385374cf117eb74cae645aa01078ece2,5efa819fe22544fd77482e1c308efc012800e2507fa76bbe4cb322d589481e3d,5498946d527809538a28436ee031c69ffe79a96d558cc7af3cf93c4dc54ce99d,2429d21110184da30daa642f09394a484b61e581e5814a3efc95aa8562412742,47.6071362266724,0.9879201792897441,47.621479257011,0.9879571519841789,47.88017988283453,0.9877218950166767,47.92627019195322,0.9878492277839607,0.27304365616213033,0.3047909349422184,-0.00019828427306733953,-0.00010792420021821236,1.8131864539748954,1.7597750167832387
Beauty_first5s_f04,Beauty,48,0.4,96525fe8982225f3b45eeed63c8ba34424842b50b54db5f5102c6b29dee9d6f4,1113fec87c02e1efa1c8c4c7a51c4e04a242681dd59ed042f800607bc7b3760b,290ae42dbcc2fb800fa6f603a97d46b0709c8d3ea72c121767ccd00830602387,4302c26ee8aee45f6fce2714fd5a0a34f93a7fdc9992536d3e8bbd22baeac5ad,40.643357582947324,0.9305828309757698,40.654036443860484,0.9306796642623489,40.83423539352876,0.9330798098489425,40.85056538899387,0.9332387089832357,0.1908778105814335,0.19652894513338737,0.002496978873172684,0.0025590447208867495,1.8021278121682383,1.7521096140635732
Beauty_first5s_f05,Beauty,60,0.5,fb042a424a92433d673568954e5d54bb61699820c128083f1ad73537851404b9,b8992536f119a2828257e84700bc7826fe806deb156d91fcb349088cc325ac1b,62a43b909459f9b6bb145ffeb25905ed42228f1ed3845fefdc29872667cd9b66,b43fea33c778fec3d0b7ea40e12eb873ee80d0c5286b01106607a047efcb80bb,48.46761093387697,0.9909960069893645,48.48672377130248,0.9910124322208281,48.718592576121225,0.9902931256372479,48.77750079745631,0.9903983949157331,0.25098164224425545,0.29077702615383316,-0.0007028813521166022,-0.0006140373050950165,1.757423533808468,1.7204772343174295
Beauty_first5s_f06,Beauty,72,0.6,e27e79d224e7a1f4d3f41579ae832b42e2032b574f44408f1fd33d544032bdde,3514b3d8b30f23ead56dc1f121686313b272c5148151b5122657b1241985af5f,3283283e3da6a98ee3be5145a61bfd4b2973a040f2135805482d04c7f2b6b9d8,9a1c76d5a0aee6c3e52f2f2214b8aea4a5f06db411b920ac7f8fa8e787a9878d,40.64788028510886,0.9311389553816739,40.66140738912712,0.9312525505755032,40.85720754415951,0.933782894256467,40.876010881783635,0.9339566632667995,0.20932725905064586,0.21460349265651502,0.0026439388747930836,0.0027041126912963342,1.7700743878020984,1.7286934590254792
Beauty_first5s_f07,Beauty,84,0.7,bb131b738de0118d998092369025ecd675b70250407732478b3488495a2e8796,991145130282f839dc707fe0f531576fcd2ca44e01d07dfca907ab5a9088de40,aee073c377a2f5373d8502024da0bb561580addc7df28b8679ee14343fd90250,738350d244ec24578315ae7e07420a742cf48f0fa4e873cb797f5d7f0af8ffca,49.348477079889136,0.9917274372292675,49.355711021204684,0.9917358398709606,49.22652320362879,0.9908155582380052,49.27878208938691,0.9909126299292432,-0.12195387626034915,-0.07692893181777549,-0.0009118789912623271,-0.0008232099417173622,1.7521243725800912,1.7171915738384438
Beauty_first5s_f08,Beauty,96,0.8,07093af879220cd10cafb224947554e60cbe6fd4fc5adf2ce9e7240f2296435a,1a6a663c5f0f9f7eb51f008cd789c78fdee51a2204bb0b102ccfd934b22e39d1,f97fcea71fc63cd061bc6b93e990504ccf1496ab062f0206caf6c352297988a2,79401ca9043087c84bc042271c9e8a69d5c3ac661e37c5175b4fb2c1ef367b0c,37.61843377213678,0.8669762536480151,37.63052650527156,0.8672034577840624,37.72153271993907,0.8707403631974158,37.736018980305694,0.8710117803214261,0.10309894780228746,0.10549247503413284,0.0037641095494006516,0.0038083225373637397,2.470159621284269,2.4365555769140697
Beauty_first5s_f09,Beauty,108,0.9,9f0badfcae1aaaf3055f0f21f7485554b6b3c987e5b7679580cf57d85b8be98b,9c40803cbf141772c83d69c72ebc98d7ed5b5ba26ae1785ee7ece68373ddab78,3841de566bad5eea22e572f94a4e007753a0a8086b29b5207f12b6e8239cffcd,1b5f8ed99309f031e8eee05c38bc923f1a9349c490742bf1d55157d55b5689d9,49.68197423964827,0.9928078702720271,49.70917313150605,0.9928293661940291,49.47800569489185,0.9916962374175634,49.54382050886808,0.9917937216868127,-0.203968544756421,-0.16535262263796824,-0.0011116328544636955,-0.0010356445072163822,2.455964733731968,2.4255532858068443
Beauty_first5s_f10,Beauty,120,1.0,036f16b645f398c0c170da6602a8f49883314cdd8c419c12c14eea5af92a3126,3b37374f29e805ad51b2e7ffbd12164141b98d41e243ab2bfa139a0764390f61,8e6174e3fae6b9d5891c53e44136c7c6f7552d306b5be29a19b92c42b56f6a40,68290f7a0d439f6bd139540890911f1aea3037329b97b33dec40cbced7d88f83,40.07036028550972,0.9225817067797926,40.09397135766364,0.9228045035480603,40.22478716849697,0.9248083569059189,40.25420552847241,0.9250796773464312,0.15442688298724505,0.16023417080877067,0.0022266501261263283,0.002275173798370833,1.7515975789202523,1.7405355219196903
Beauty_first5s_f11,Beauty,132,1.1,d03b46bd82423f3295f54ccf05eee6212f390e8108bf4703ef83139959a4adeb,6562a731c9150514252559e8c24e0b50cf047a5d64e02898109f8716968c8691,f3b4fd15479e10abaf88ea912ac10c6cf0574e33f3275d4a00069f436553990e,f7c77f2785dfd296973b8ec3ad1ac8c1a9efae150cc26f8686c13bb69137fef5,46.61877998722784,0.9821114483231344,46.62121225900351,0.9820978018507148,46.542969024052056,0.9812861383401638,46.567854545749114,0.9813555317219788,-0.07581096317578329,-0.053357713254392536,-0.0008253099829705901,-0.0007422701287360667,1.8624992925669768,1.8448670123493411
Beauty_first5s_f12,Beauty,144,1.2,064e918a4a01cb24279ebe3acad1378fd7452c6a0bfed5a75ffdcfc51ca013fc,96db583c58784648057c9e84333cbebec0350c737fea094a4aa3036913809c16,7feb35123e38c639958b66b0b34c10d70274450599c64553b4945aa7cf89e51f,6ce430fd796ffb30e061fcb91b3febfca1289d42d777c59bd064a0bad4288cdb,40.21050012501245,0.9231384071021042,40.22764252323222,0.9233704210354406,40.28353762297517,0.9247871846032061,40.30570539068573,0.9250733204598323,0.07303749796271575,0.07806286745351088,0.0016487775011019279,0.001702899424391613,1.8216958974739275,1.8216989467541997
Beauty_first5s_f13,Beauty,156,1.3,a96ae1e4d389c94b0743b64a67da1204a2b3e6283ebcdf8f7963d561429e5e2b,675933e608dc419a14facd91eb23f78067c86d31b83ac5d5f658423047caa5c7,5bdb5d9f0ef7078747dad302db473a3db5025a4b6a7392e7f1493f8c969827fb,daf906a1d52401b13887f6892170b24ec112b0f1ba7d5624c3080bc5f0cd7c08,49.65200463391935,0.9918796001835974,49.67950705631737,0.9919213627010683,49.23797508357563,0.9906627049150921,49.30099836652053,0.9907845473017315,-0.41402955034372013,-0.3785086897968384,-0.0012168952685053247,-0.0011368153993368546,1.7093461416115032,1.7235004127505777
Beauty_first5s_f14,Beauty,168,1.4,cc4aa7f07265ae7fc8cbaade1421f4e1ccc3da76453c7f3d017a3c4adbbba5ba,3bfc3b3308e367d334874fcf9f291441c000431a57561d62489f3549f3187d76,4b6c7de3736e2a28eba87930bd76cb8cf76c305530b50251091e692ba97ad3d0,163b501adb4c2d7c1cdfe889960e0e6950565251d1a193b3bfb8047ca913b814,40.16070545928767,0.921609799161049,40.17392312007762,0.9217959533064986,40.244439273677855,0.9235457407763118,40.262172692381554,0.9237834672657325,0.08373381439018601,0.08824957230393693,0.0019359416152627817,0.001987513959233911,1.7927206605570474,1.7958914241553738
Beauty_first5s_f15,Beauty,180,1.5,f09581fbc5288e2f6aa157b47a054cf4c38085ee9f3b84f042c82cf4ccb44aba,6d026cea8094048d11fb44723310a91be78353fa9832f50e90a6f9ac55dfd4aa,df20ca056d094e9a5022ffd198fcef72e0f4619168a9a77027cdcc37c8817314,6040a47c48c98e0c4f123d824015db309bf9f6d45423b79c64c703d6c4286a70,49.73150207309754,0.9921755885173809,49.7568832532845,0.9922172836120796,49.30657617670272,0.9909011446618463,49.371212071765655,0.9910251133710135,-0.4249258963948179,-0.3856711815188447,-0.001274443855534546,-0.001192170241066104,1.796823284206582,1.796285635108974
Beauty_first5s_f16,Beauty,192,1.6,c8e2c861438b7632fb0f1ea76872b694748677215ff1939dfce5ceb9e2dc4a03,e5d9ff9809dd5dc297cef1591dd9b47cdac8e202c714b76438b1eaf036c26d31,e8a8700a1462bf1063d74dc5fd156bda0e465a49e31f562aa1d4d6d1a041dbbe,6e253fa49bac3c15fc0f6d2f92f1b2ecaaef50353ab0d81a85b1ff96f9f182f0,37.57538711867701,0.8675259569912909,37.581622487463214,0.8676821152637048,37.642473919775824,0.8707671848217938,37.651797813626565,0.8709789469025139,0.06708680109881726,0.07017532616335131,0.0032412278305029574,0.0032968316388091168,2.3711268041981515,2.3642175010148003
Beauty_first5s_f17,Beauty,204,1.7,f02b3b1fd08d74951a4a0e3fc627167b04c63a6fce6e0b7ff6e69d90d6240849,3815e52d6d8f829228739009d1b18b79687c9c907a8188f5781214a538cc698d,0ef0fa9cdc33ea9c92a67a07bf6704eb804108bf7f361fa9d4a0f4926d18fef7,035e64907d917dda73238be0f0ac95baa9bf0ce6ef1c1c2c4f2b5ba90b9fa951,50.54680566109972,0.9936612532875125,50.55367103940705,0.9936730756468782,49.89851050400617,0.992174057161738,49.95270036686751,0.9922672727145689,-0.6482951570935498,-0.600970672539539,-0.0014871961257745259,-0.0014058029323092969,2.347912633485293,2.3453922203834385
Beauty_first5s_f18,Beauty,216,1.8,95b9f528794d9a82715dd337cf2637f92337ec1f3d995eb1dd2b4e015347bed0,0588fe9318bff323a4bc3fa0a3db653eef7b327cfa7973a082d9f55f697aa28f,27c8c55e3fca1969c7e9481c0a3baffbeb6c7aa3ee73c57a030b86421af0d31f,9b828ac972e504e66839d3c16e6f95ce4ff0cb682092575b01395ae884ab7bbd,39.82583637348841,0.918358324013797,39.84296010637655,0.9186202461744473,39.93282331715556,0.9203244284517542,39.95513563581446,0.9206419527493767,0.10698694366715245,0.11217552943790565,0.0019661044379571946,0.002021706574929394,1.7327153377334041,1.7433522030927997
Beauty_first5s_f19,Beauty,228,1.9,8ca180bb4fed6b792b8acbbc48dbf22a40662b1dd15ad9d1f89c7ab45e038e5a,634870572b3bb454f86d271ec2ec520c8189d0620a18cd54b3e15b32ac37669f,b6c0ee8f96fee4600a6cd445218c5722313246c74e040502024a44bf3e625baf,958097070c36c84aacbde79d13418200e9f987ce5f33f6e48f19d565cc64a615,47.238637963719924,0.9868564037057777,47.232578100096035,0.9868526449361604,47.323381929695344,0.9858226663138293,47.344559894732264,0.9858946324412278,0.08474396597542011,0.11198179463622893,-0.0010337373919483417,-0.0009580124949326585,1.8178173349387998,1.8134332017345283
Beauty_first5s_f20,Beauty,240,2.0,4f92d044b0d62082a51c49fae7d3e44c5cd648a6ec2962c7cd8ef2d85e363621,59ab5b51b51e4e6e01acbc0ffad3b1e4edc7c7f1639fb4699ac0330244e92666,9af642dc575127bc7ede5a79f574549fc0a1963f32760da6144ab4819e1e2455,53ce0f41c3e43435255328f57e9750bce382ecac2a266d7dd7ca692d5b521073,39.77716630860812,0.9179228844894466,39.78993765301179,0.9181468504990299,39.887931045750726,0.9199129758718182,39.906634576239966,0.9202055382494841,0.1107647371426026,0.11669692322817582,0.001990091382371606,0.0020586877504542578,1.826769168019734,1.8237839226331731
Beauty_first5s_f21,Beauty,252,2.1,17b086d927339ec285834959359aea4b7a6b7b0e6d6e97e1f2238fde8ad757dd,86a6c3ef24616b5bb027384bff07fdf89f2f41cef4c22340481554a25a99f3ee,99a36187c961f6f0a8d7e17351919c6a104ecd69aaf3fcf694bdbe35503c0938,7caec85dd414b34d179115e4d984847ccc25318cc9b2788d33f9196b54868dd2,48.5368910329136,0.9909635183941089,48.55697223074887,0.9909916841952803,48.5628762765679,0.9900703323966268,48.61476316680928,0.9901836541519778,0.025985243654297108,0.057790936060413856,-0.0008931859974821155,-0.0008080300433024323,1.8006719637950415,1.7963182014222818
Beauty_first5s_f22,Beauty,264,2.2,eec347307002b5db23850c23120435470fe7dfcf5be5816115cf67c4c57c65aa,7950b983a9eb7788af7ae1c025df8a79b1c86ca688dcac167fa32f5e65e851d4,77e2b801e7b117f2f19b65af0529d7d9b0fc5f5719cbc0fd9928e9688eb2b045,9f6bac01ca93b204399127154138d231f19d9e418db6d77aa2cba4faccb75be3,39.89422666864748,0.919182431615026,39.9068496148488,0.9193765725159802,40.04008980482031,0.921549076426024,40.05820628198749,0.9217966364425985,0.14586313617283508,0.15135666713868545,0.00236664481099802,0.00242006392661831,1.8599775377818022,1.8367362894601262
Beauty_first5s_f23,Beauty,276,2.3,14e7901fa86e9c0343f687b4a6f3ce8497d6fddfd3c8a26866821a97e5f4ea92,ac6684a28f3de3da06dfe30ad7f2c6035e0d6d76acd1573dd5a590043f0277e5,7de85c1a6baedb64ba9cdb6fcde94f251b86885bf04e61b1c859155783b826a6,aa7bb80c5d9aa474c719561bd775bc4852e66da5c0a3a3fb9a3c37c1a8b8fee0,47.72519758132853,0.9916364850348048,47.72442528841494,0.9916296097147621,48.504358257609354,0.9913034175465256,48.541386337827475,0.991383907927468,0.7791606762808243,0.8169610494125337,-0.00033306748827921506,-0.00024570178729410586,1.8730857838162742,1.8375704505714108
Beauty_first5s_f24,Beauty,288,2.4,908f3df98f8ff9eb7eb5970542a5b8d2e20938250cd68913d95b421a0482f588,ebe58be28304c3d3d594bbd0d45c6ae1b7c1eac2c665669fec784b0764ed12a8,ff6b5aaa874af27f15f8f8b6c682f1ee35ee06ae56216497eaf6b825a24c885d,7cdb1fb22e02e245f83966f9d809ee125a95b867d90c6b23f020abdb0c9a7e0e,37.49331633565858,0.8682761476425277,37.502144041634836,0.8685038442061266,37.59366218573612,0.871823635526257,37.605725355587985,0.872106002393549,0.10034585007754515,0.10358131395314985,0.0035474878837292723,0.0036021581874223774,2.4215282358474366,2.379146777227877
Beauty_first5s_f25,Beauty,300,2.5,fac45c531ee237cc849fd95f44a82a06104a2c69aeae4730113bb8c2eba49969,7b26e8ac8edebb8a55915758fa7772f26378f84ba0cd7b0430d621903502e81c,1485182d0128b598ff27a361e68e5c3bcd9f6397c17cd0b1bb6f1c21eb4d142b,e1efa0caa5a467ee510c4c746539c31292948cb51f6c1d4a49b2e665ced501f2,49.0549771052075,0.992291744195393,49.06005580844297,0.9923086145569312,49.13202925658159,0.9914247169270028,49.179981254884105,0.9915302371704311,0.07705215137409027,0.11992544644113678,-0.0008670272683901636,-0.0007783773865001065,2.386746681407294,2.3573725986308
Beauty_first5s_f26,Beauty,312,2.6,1a4a0a1d43229ddf9e347061681f0640ea5400d74602404e0bc15d62b8fb0317,1923c37dc12c067c6c14584d127505886e93c73d3c109d1afb6c3339d4e37615,96368e6a6aa556dd8c552e855edcb2057915b95279c02b0d0b0afc4e3404fd47,fbecdbbbebe7e2dadbab05d9263069e8e7c35e7e13f37efc471b1eeaf63f3c5f,39.64668566886958,0.9151221173601799,39.662015209612605,0.9153581815231323,39.74382776205608,0.9170792448194901,39.763352119048285,0.9173640333625261,0.09714209318649836,0.10133690943568041,0.001957127459310204,0.002005851839393835,1.7963278371479423,1.7926306458034098
Beauty_first5s_f27,Beauty,324,2.7,8211c79d6544dd260a01941f1a923309587e95be198ebedcee0146895686e5b5,47c012f25678871b84a963198190287cd1d6576b71c843139b8609fcfd464959,065d37288f35ec093c3aab02c5c4dfc071961fddbe0d76adbbe46be4af3a11b5,2fbab1f515b4b14838a6e20de134d94e99b230c19e49a7c2985b031eeb02e542,47.40568760036841,0.9863022184982,47.41045619813673,0.9863109421202894,47.28771351802006,0.9850829789491448,47.31798904961921,0.9851706980042255,-0.11797408234834705,-0.09246714851752103,-0.0012192395490552288,-0.0011402441160638377,1.8431256293714482,1.8465002068631737
Beauty_first5s_f28,Beauty,336,2.8,ca2b3efacf61c4b01589c3876992ba591bc272f9ed18027fda0eff12270e906c,15b90d22007850c568135ef13813dfde887958379576cdac13d562fa283ac5cb,fdb0cf7ec8c01314c914f8c73a0a87b108106af0df0d03be5407e919d602fd6e,de81c26ed51e763a77b3dc60f9a3e81294aebcee85926a661886da1d035b956d,39.67203813021785,0.9184874643614347,39.68746022598896,0.9187468135063249,39.85323189614863,0.920678338725876,39.87456264105803,0.9209914469169416,0.18119376593077874,0.1871024150690701,0.0021908743644413198,0.0022446334106166477,1.814987602846125,1.8109316941703615
Beauty_first5s_f29,Beauty,348,2.9,c02991abca0d7c2b4274c4ef9618e9852af29b2ebb9fe8d6e67db84e14948be2,e9fb8a144fc64c5f86c201b139f96197216526298bc8aab2b3ac73495106d852,5a2753aca09ce00467a7db1d3403a0afc602ae2a9833a18f9ab39095ec629e33,fe507983a584f1beed59237070ec1d557e21b435253f8f0c1f81c61488ca181b,48.485389765324236,0.9916585324853954,48.491671774678586,0.9916845445555788,48.78438856542531,0.9908808650321728,48.83367300332846,0.9909922562571811,0.2989988001010744,0.34200122864987037,-0.000777667453222608,-0.0006922882983976253,1.7856808481780428,1.7735188547976644
Beauty_first5s_f30,Beauty,360,3.0,6cba024a398c475681bc7f1936b5e4f3bac5c5943184a01c9d01d8d444e52ef2,85f05d78c09f31783cc5f1ec4a61e427b9e73a5c7c2e247deb5ccfd105778daa,77638bd67f45fabb37751de4bae8ce6857c75e05a477ec486974f88128e4cd7d,dba92c6fcf63a81281721a876d87b30b41b86169e00675442df566ecc20f87db,40.0704933561352,0.9238333400600127,40.08335686018599,0.9240323516628124,40.24190320630861,0.9261346929076627,40.26133989825637,0.9264002743881785,0.17140985017341137,0.17798303807037996,0.0023013528476499845,0.002367922725366123,1.7838212750967963,1.7592673726035097
Beauty_first5s_f31,Beauty,372,3.1,bfa0def5c5c98c88c7f08ac07f267f35b547deae010bd11750af241873726a0d,792e0a1fab66b6b9d6cf02aa892b712dd4547d8a982a0fcb35562a697c153b45,db6ebc89763961bb48f8e35aca9801d25b20f0b93cf331a8318a9170a3b36ef5,27eea5a65e408ed0222ec9eeb5615dc15ced9f539a0bccd23553f1591f37c925,49.21868113759491,0.9925084701560208,49.22228946948856,0.9925230296225303,49.12481527099053,0.9913835455008936,49.1708431069263,0.9914826612639807,-0.09386586660438212,-0.05144636256225965,-0.0011249246551272574,-0.0010403683585495926,1.7667525018734778,1.7478481838974582
Beauty_first5s_f32,Beauty,384,3.2,22e900f18ba13eb0188c75ad2780137c097915da726862eac1dec86f590bda5d,46eca2cea4481b314ef181890d96350c61f2d36f64c303e41a84f1111411f869,bc5e3e2bc047ff3f61ced95ff7ee376f8b9df6b7c1c5d87cb5399454f0ce0c0f,a6bc7ea459d771b47f36cd86688267ef3d622b0ed1f5b924f982204e2361caf8,37.46930872732324,0.8702303504619695,37.480445393334634,0.8705465594918077,37.70470808664862,0.8749672483917396,37.720631790609296,0.8753415078886494,0.2353993593253847,0.2401863972746625,0.004736897929770056,0.004794948396841692,2.4601909142181353,2.406018986526572
Beauty_first5s_f33,Beauty,396,3.3,27cb2cb7bc7bb634a15e6bf94fb9bf8fcdd332a307e9e207d7cfa0913e137ad0,c2bc6feb69821f8ad543dfb697a232d3ba4113f26bfdf189270dc55a1ee8e6dc,ec82f791930512b3f2dedeff5b6876d413d6c215e28eccae10154774f1ee7c2d,cbd03413c0a257bc7d128ddcc73268afae80f42733c4badb753c114a1551e48d,48.64967755018916,0.9921754430589388,48.65391316214119,0.9921805592963099,49.05508593089223,0.991487297795506,49.10267754598587,0.9915750614379526,0.40540838070307217,0.44876438384468287,-0.000688145263432749,-0.0006054978583572845,2.4705739574876664,2.407654864407044
Beauty_first5s_f34,Beauty,408,3.4,80ce314f6a00de9d7b5a3bf97b883e30a3e7e7fe5d006032fcbb1d1c07df7cd6,536a001b3245d5114d27f2602a1e4d9611a27c0a2e0bf672bed0bb06b3eef2e9,4c67ca57d6b59eb26d7855fde1937533d25418f2faf0825fb851b7875b8b6e89,097a6811408c6160dab46c0fda1ebb2b7c0d636053948cd6e2e6bf431f6b844b,39.82218114417675,0.9190364097455994,39.83407961396264,0.919206563214755,39.9409015953559,0.9209962683667583,39.957326634228856,0.921223032069058,0.11872045117915064,0.12324702026621281,0.001959858621158883,0.002016468854302955,1.755780947511397,1.7458402938237683
Beauty_first5s_f35,Beauty,420,3.5,e61ed7e5ddfe43682e4e5ac1a26fbdd99e10f7d3752c3cab49cb9243a49c0d05,a8e46514ae957789007f2e2e06ef2734e7c7344cf163af97c6fa5f1c6b4814d0,8a37a49f44c275bbdec813ab0003986a0d1b1c174d56ea2dd1a4474afedc0e9b,ab5c7bdee50fa3a3706de565bad04467e10e64932d326c3a4b8986cf383682c3,46.74485306930303,0.9838374833284047,46.75123443674947,0.9838412945745915,46.77067037682243,0.9829212978777764,46.797363671931855,0.9830011845902724,0.025817307519396593,0.04612923518238432,-0.0009161854506283262,-0.0008401099843190485,1.8302098539077625,1.8228704802348092
Beauty_first5s_f36,Beauty,432,3.6,f9bb81a07521b079599365f72dc02c4d27a035a9074d3a933e500a0850035673,3cf106d6a7119de4c590f719f806183aeb35b7b832bdf67e068cbe8a2dd17ee8,59552e2954ac4df8325782e6c2a22c8f14ea61fc22271bf498fc4f0584c99c7a,747e3e986530183db1b235c0211f495220bb9ce16461b0c4ceaf09b933a1b849,39.82521144694181,0.9207867998879954,39.83826407575534,0.9209981535639565,40.018918109050105,0.9232476539517385,40.036938455809725,0.9235047321993922,0.19370666210829768,0.19867438005438487,0.0024608540637430787,0.0025065786354356856,1.8277332284706176,1.8086821791278962
Beauty_first5s_f37,Beauty,444,3.7,a1e2ae920557a0f797144766eb4628b0608f2761641daaab9d0c49aff4901f55,d5ca250a15ae22e42e3fb2dd9068181bc5396bad13b85c46b963eedd159f73b9,ce4a96a44db71cea7de1b8d1a1b9218198ca0b5f0999e228f67e88c934d5a19c,d49fa9f0a97a5613045216f38a5d200512a429aae633e917626357682562425b,48.20980326307519,0.9912749452134271,48.208387399572025,0.9912665983338269,48.7175519950459,0.9907581393274625,48.75694311613362,0.9908379776291136,0.5077487319707146,0.5485557165615944,-0.0005168058859645885,-0.0004286207047132784,1.7832363011693624,1.7578645817070506
Beauty_first5s_f38,Beauty,456,3.8,c60793e323a645a70b657555494d6e119d8d0c4ac4c4058e7d7d4c66b01d8616,67bd33bce3e0c8cb7c41d57918658c83dad6e1e49159269d764f9b38480f5136,62e52fcb5837ce8e36371b22fce604b6879cd6c3f51e1247569802c1ec465604,117da9774066400181369194f625a94cc7c10f57558611aadbf5e7e81c81d2f2,40.05900375676727,0.923673716343234,40.07522703814861,0.9238720039136897,40.25807790784577,0.9261933261180266,40.2788456076718,0.9264478610239701,0.19907415107849857,0.20361856952318647,0.002519609774792597,0.0025758571102804106,1.807162905725036,1.7755278426122525
Beauty_first5s_f39,Beauty,468,3.9,f377a005d0fa653ef13581f6b0378d044039f4b8b6f95a1c588a37f41cc215fd,e490a9d8a07e0366db269a5dfad13ce7676af387cdf1be77f0e027da528d5332,7c4795ee7d738e347fc152618276a40ab7b8395f9dda520d3bfb39265a8741e6,7d96f0f9ef7cf1a430ff9636d9eeaee45f1bb424c8f19ee29cc311dbd22496c9,48.327101310847084,0.9913817486973086,48.32373648218721,0.991380385532305,48.6885325672195,0.9907719777544173,48.72623414064926,0.9908578789526761,0.3614312563724127,0.4024976584620532,-0.0006097709428912745,-0.0005225065796289341,1.787192315423406,1.761250258578967
Beauty_first5s_f40,Beauty,480,4.0,4a97a8542d73083fa0fc3f4bbd661f35fa5f3da4a75bac45b24456b4c17b3c4b,29feb843294f4b10d78aca028600c038eb5e322a22618686fa6dc4f1ef41157a,dfab7dad78a7f21b466c389d623dd475619f2c55ea26d56d7ad2b81a7eacf541,0bca010235306d5f83769d05e1bfdead17c2a5340bd924111ea717d096fb1d9c,37.58924657835997,0.87063487489443,37.60213966407187,0.8709599226320198,37.70536398469247,0.874417334307932,37.72178627404336,0.8747972135390842,0.11611740633249923,0.11964660997148968,0.0037824594135019707,0.0038372909070644168,2.3797115039343035,2.342176449408293
Beauty_first5s_f41,Beauty,492,4.1,b0ad0ee4b6df5233c4abc8788aa00dda011294f8ffa961a69920b180e712b5ab,47cf63cefca53e07d70d03cf19bd19e0baf4494a7708d2687ae709e61f746a29,a17271e3b249a9b4e131ba242d46e222adf106f0c1c4d199dc3bf37093a8993c,51d68725b67403e87d9a597d2004fd006ec198e492abae6c049dda93d2d8292c,47.25849182319989,0.9914313968230777,47.260732556347094,0.9914303317575311,48.08141682123852,0.9909829181836769,48.11196181679078,0.9910637755349722,0.82292499803863,0.851229260443688,-0.0004484786394007845,-0.0003665562225589891,2.3929729458096545,2.3494353220820585
Beauty_first5s_f42,Beauty,504,4.2,aa33a9876b3917535c223cf5497d2c6b9e13697cf0627d4afb429bbbbb96942f,d7c8f71e876a85f4eccc2bca8a4f7290bc679e26da484c7aa66cdc5490a29dac,4d7d982a898133a613d3958e3c7458437f227bf6d5623d95d28a9bbc5432cd59,cde0355a311465b51f1595d429cd7be750240f5b0a9cb3fd73481e088defcd1c,39.57661029221489,0.9159596033689527,39.59729598370438,0.9161415179389808,39.7417760827758,0.9182777106337124,39.76360299531504,0.9184962802766616,0.16516579056091274,0.16630701161066241,0.0023181072647597833,0.002354762337680838,1.8070594741382002,1.7862980225051521
Beauty_first5s_f43,Beauty,516,4.3,5534fd11d9448ee57021aeb762a5828f1709db93bd11b35519a4780f1c5e57ba,e687f37408b4b59c1c84fb27f7dd307efdbadbb4cbc72ceaae4218dbc3352c44,e0aa24b9b98948ac7bed1217364e92ec5303ea15539f3a07dde9491eebc3973b,fd7471c13974009b27a5b2fe71c02270074ef7eee3c5a5d38267ffdf5dfee24b,46.318642365448454,0.983432639833163,46.31971086621236,0.9834280443473713,46.593144788163755,0.9828855430397604,46.6165752568139,0.9829609450105856,0.274502422715301,0.2968643906015416,-0.0005470967934025905,-0.0004670993367856813,1.877044969321801,1.8548992664163493
Beauty_first5s_f44,Beauty,528,4.4,1469eeb5afc55c9f29b5590b506e9652605c5217de014cc14656a49fdd80e9a9,ccf905b642bbc1528f256c518624f59540cb689d1836d35a60e18226b48216af,33ee007551266502f6c8353d5206ac705fff857ea24aed9060d7dda9bba41e7c,eaf99a23d7e4558733214fff3c962fcd526939759994e8a90320d3e1ab47074a,39.702966757462505,0.9167510697407173,39.7183437888387,0.9169597493049467,39.85771976123154,0.9191706480025861,39.87684781051453,0.9194268814387007,0.1547530037690379,0.15850402167583155,0.0024195782618687822,0.0024671321337539354,1.8736819790951103,1.8513333160947356
Beauty_first5s_f45,Beauty,540,4.5,078d0f897130c1a3da1aaa945636bc5b2cb5650555454dfa6d5213d935f88b4c,81d97b05f52be6016b870f2356b7d9d4509081d5bbd01593e8557d0c8e672d6d,adb7a9cdb704ea0518c556343fa7ab0ecfa7799cf3e562fd809f1226d885974e,a4b40bdd638034e3616b2bdeacf074b4a04c5df043d2a1fd21eaffd9824923bd,48.016918029848775,0.9901659151658014,48.0435199225527,0.9901792598025977,48.445542315660276,0.9897990249762784,48.50218707771272,0.9898952504387327,0.4286242858115017,0.4586671551600219,-0.0003668901895230725,-0.00028400936386496767,1.8362102276275527,1.8104973546883782
Beauty_first5s_f46,Beauty,552,4.6,56aa4a382dcdfce1691a5603a83957e13e3382bcc07169611528f4e58d3eae5d,07b69b84ecbeb5b5862976a8048a18d10447eade75b640d5ca23986c59b4763f,7081739bbc7559f0f0dacc46389b307307c37b72a30d8a1b7143fb36edca97ac,dfad54aea6690ebec6455cc42ad46238c5f836e405ce9daa069087679065c626,39.822524181629646,0.918046588287491,39.83646752905559,0.9182231490607633,39.97047327595005,0.920643409586546,39.98885683887547,0.9208800510505198,0.1479490943204027,0.1523893098198812,0.00259682129905503,0.002656901989756544,1.8838159571520015,1.850398284792044
Beauty_first5s_f47,Beauty,564,4.7,9c967c2538b0f0d27da28d6fe27698f501004fed23ba6eef26f614175f14df98,c23bbc65586241bffa38bf06b403561095b8dad09e90cde7fdc569e4c3f9a003,d307c6fd7f35d6ff0e6c45f0af6f210ca0eea300dd2d9f5389a2ba1f15ce42f0,2e4da54383c82b50899d5effb0ae21f3db18ce1497a00eef133eefcdd9703968,49.27199751629522,0.9922553752028278,49.30062942774021,0.9922761028146188,49.33388512559553,0.9914672840391509,49.394081082334715,0.9915601080240288,0.06188760930030668,0.093451654594503,-0.0007880911636769516,-0.0007159947905899244,1.8402768697698744,1.8177851345391245
Beauty_first5s_f48,Beauty,576,4.8,536085d10e5c08f9dd4005b0de11def8116c0cabf9e9d8df45652b3cdbbbdd87,5177d98872949eec8854d5fb16db92a979cef1e6a76a1c816bd09e6cbe66af53,14802d18408964a0a8f2ee9873592bdd478dd4b3727c41959c30b8335bfbcef4,5d007d493a1ce52a1db3a66522a11c7f680f037355da0ee6789f4864037e1712,37.74314041969551,0.871655899150442,37.753014466233566,0.8718449387211802,37.878521928837905,0.8757838556074029,37.890483387679126,0.8760114399738843,0.13538150914239822,0.13746892144556,0.004127956456960957,0.0041665012527041245,2.4351116817195404,2.392900494910385
Beauty_first5s_f49,Beauty,588,4.9,afe2346911ea237b7b2beb55b664fb62b680be1dd10565d7324d28976ef3d7e6,9477e5d44c9d6238d7c98b2fd77bd471bc2c2e70cafb5ef495e35f6d06a6e614,029b160cd93ce50ba692456aee471214d57aec74f6e6af77bf3026da37364e55,030c8c238b6afd3ee2533e70a4ac1deb876c722c155beb707642825691595691,46.20427493238461,0.9820197865995824,46.26458753562965,0.9822108734549045,46.30293733613477,0.9816943821393161,46.374827227591794,0.9819351296558817,0.09866240375016133,0.11023969196214267,-0.00032540446026629866,-0.00027574379902284285,2.5111980549007056,2.467287687152626
Bosphorus_first5s_f00,Bosphorus,0,0.0,4d54e214efd24d1df1a634661121ca66db148fe960059f3e0ead7d3bf1505a5f,a46578d6fa16f322012851d3d22d0547d16e5d34fb2b2ea46ce25cec90e56644,2f37ae9debe286fcc13c52d9c2f26351e018bec66860da9e40397d5f934138a6,907e00029a20f257774262935b250a413ca2f05c7566464e010813280febae37,41.63390773303189,0.9717030276139925,41.612653959394656,0.9715538142615725,43.40142311576224,0.9759265885289411,43.39694245859664,0.9758961804161127,1.7675153827303518,1.7842884992019847,0.0042235609149485764,0.0043423661545402,,
Bosphorus_first5s_f01,Bosphorus,12,0.1,f2c9bec4f093ba129007b1f14795e512e3269093c5f38f76145acb690dab1f98,df4bf3204513b94a64c5a7082029635aeb89fca2564e4674bea87970d5c76db6,95e8bb2babb9780cf387ce9236dadb6f21a89e550d2de640c406c8441c51def0,dc9f631101c1bc9c483f90adfd08f9fb37d073efff16e080fa68b69c49ac650f,42.75629823804614,0.9794854129748634,42.73165594109402,0.9793825620208799,44.70136939329996,0.982267057577672,44.70013091900256,0.9822763309808988,1.945071155253821,1.9684749779085422,0.0027816446028086084,0.0028937689600189165,1.7475442316399177,1.4076536446949353
Bosphorus_first5s_f02,Bosphorus,24,0.2,0370d5713a0505e896b46b64a80e75a3ff138404c82ddf0173cbbe3a6ba1e5ed,5192f69276bab977558363010f398fd3c03fd43e6b33ef2f6f4430f66927d536,46cc82c9853a408890d03fb6ff815b71c71022a78e87966317d1907351072ead,3f09626c72a5db71c32390dde2635408687ca26ab87c4402d7fe1ba3e758cad1,42.54447675519101,0.978299091488504,42.51739810747122,0.9781785395117332,44.43712126896617,0.9814765099721694,44.42984892958323,0.9814663250237815,1.89264451377516,1.9124508221120067,0.003177418483665373,0.0032877855120483357,1.5912525174857928,1.2848355876865671
Bosphorus_first5s_f03,Bosphorus,36,0.3,9883ad83ab0ac66c0191bfd0ad6dc2347abacb1ce389711cabd12cb7285ed0eb,fd5fac48e5b4a6680fddf15d5485e94089638efdfc2726e1aed0333d4838ce4b,f747bbb5edb4a0d00b3322e4b9746fe0466b5742c1c8d824d9046276452e8c28,34543fa603b2d387766e7fea61f1d3107e3069c05b3c8e50e3842cc88d1a2d13,42.735608664345875,0.9787237939357127,42.708119833333356,0.9786064116392262,44.58698484928667,0.9815218552170476,44.58335923324459,0.9815245097757306,1.851376184940797,1.8752393999112371,0.0027980612813348626,0.0029180981365043435,1.6158915558842815,1.306135298273278
Bosphorus_first5s_f04,Bosphorus,48,0.4,9b478a074dbf7947a58eb6d83388c25e13c8a7b13f50862b94bd7fe277f124b3,ed29418ecf5bc8c32d5ab36f04f33257098fb516d0f9565698dfec80689e0571,c9ef098405a0093731f47283957c593d7b176f1ed8a616b67100fd564fbc42e5,911bda5a467eff5fff68824f48dc402fdf49cb86d1a4da274db380b536875c99,42.255026839079896,0.9761240009088017,42.23074099338697,0.9759932778742506,44.09966917657889,0.9796718426062428,44.095063999030174,0.9796547815570659,1.8446423374989962,1.8643230056432003,0.0035478416974411564,0.003661503682815259,1.6437239225551115,1.3198774286907513
Bosphorus_first5s_f05,Bosphorus,60,0.5,2d18953dbccaa65e9665b0f08f987353b293b5af9b72d72d904ae0b08afa0131,293e16c69e548a83d313a0a9e8feee8d02c973048a20773c9e67ac09eb8ea4b8,f32856045a614149e50bf986644a372195b6f1f0ee73d739098e93b7b1b41a0d,be8a9aebb626bd9f0b840565eae8ef2eeee3240f81c35b9539a27a2df8305dec,42.412584855564134,0.9771090399167208,42.385155114830866,0.9769884597306944,44.29372064737562,0.980425322838829,44.28689771870037,0.9804127958250599,1.881135791811488,1.9017426038695007,0.0033162829221081713,0.003424336094365543,1.677981854586898,1.3462167457690626
Bosphorus_first5s_f06,Bosphorus,72,0.6,4b701bac4783bec0270c430a2c272888f97fed8162b59ffaec54df6c9036c30d,31aa2bac85cf0b3246760b9b2172d1b0043e75260b9dc9af5e7f414c069bd79a,16a04bfcecafc41e1b5458ddd7d8cba8a47a3dc36158373e1c3f5fcfaccb87ad,f68aab80e86b64d2bd04c9d05ae01ccf88a59069c3708ad235073a8bc0e9aecb,42.15197526173733,0.9757573050185718,42.12434503485685,0.9756257092172341,43.96440355062137,0.9791766151021589,43.95655269622682,0.9791493451717191,1.8124282888840426,1.8322076613699707,0.0034193100835870904,0.003523635954485016,1.6802471039155686,1.3495786382548554
Bosphorus_first5s_f07,Bosphorus,84,0.7,224a57f4147e104f0a5f0b743a5d5399509a3037d5c680d19af74c108bbac31e,8ec5958b4dde1e8026178cbbbf17319ed077903f7e8360660d1cae0848dd6f19,07d67fb349bc7decfcf379d0ae2b2429b9051ff832dbdd142bad8836c3933d03,2c04a8721bb1ba9873a35ec240d9fa3ed63de1e3c0ceda30116ea6969c574e4e,42.43953869620248,0.9774832448323942,42.414606932364066,0.9773673290044791,44.308755148200476,0.9806527479025522,44.30530918403672,0.9806424220924742,1.8692164519979926,1.890702251672657,0.003169503070157953,0.003275093087995118,1.6602635846655842,1.346116607404921
Bosphorus_first5s_f08,Bosphorus,96,0.8,9c2b2ba162d4c3c92b116285b53d9a8dad9f3f08ccadfda8a8fcd9adb22bbe54,b12337869b58dfb52253078502a42726cbfb292340086589f2dbaea84e2a1bf0,06258315a2a23a15ba9dd9cb175dcb25d6c70be89f40816b7a99e1ce99e0409f,0f3cf2aee1a6588decee12a331316de75eef9271e591840effc6fb7cb78f5d82,41.78260723498446,0.9725332723853064,41.75820752332102,0.9723910405524762,43.49852871047176,0.9763289081947878,43.493177076933556,0.9763012235494514,1.7159214754872991,1.7349695536125367,0.0037956358094813902,0.003910182996975209,1.7327753475691625,1.4115828252825828
Bosphorus_first5s_f09,Bosphorus,108,0.9,3851ed415bc8eddaa028b550112173fd4cabd07be1c005ebd8acbb06986f72c7,c5d138048ec9bf53b83659bb67c354e811084ca8ba6148fed6f4bf16d0f40ac4,a3b378879a3e66a2e18a5e059a1c5e97d235bc5a5e55937de817580aecce16bd,f379c73258475267263d1805368342839f3dc0439182a066a55235f92ebb2849,42.669661000678715,0.9786746323005047,42.65257348828466,0.9785570775957921,44.56565040942996,0.9815977901114793,44.57034345132233,0.9815935483934274,1.895989408751248,1.9177699630376708,0.0029231578109746303,0.003036470797635249,1.699305959415787,1.3960574757618809
Bosphorus_first5s_f10,Bosphorus,120,1.0,07ca46768b60305cd3afe91a4357fa28a4b9f25f243e63d23ec7c6addf63bcad,4af5de055fb952c09a3592460e7c4a424a790c513e56198fe56bb2d3ae65272b,d2b6281116a36bdb3b4c186c9c81e6c954db17e16a71d353746534e9cfd1d926,21156c6b782cecb715437ed698b8365d62317c4fea0bd4333e82f64db2d948f8,42.36951960974064,0.9761904288714338,42.34430951434841,0.9760568630563072,44.14484630515888,0.979488099175272,44.140465148809014,0.9794749875627538,1.7753266954182365,1.7961556344606038,0.003297670303838207,0.0034181245064465182,1.6171310273293573,1.3229685450883657
Bosphorus_first5s_f11,Bosphorus,132,1.1,195d88e63c4d15b4b659fea6fc7f9106b85c3c69c8d38a9fe577b59fe58bad71,eb5086097c11b0265c92283858178dcb967403fe696da5f78488c7fe633885f9,0bd32148ce7075baadf1fd9b06addd6c1e4c83c43e66680e0bc043ca6fbeebc9,4ff0cd0e4326b3e47aa4c7768981095c9400a8a8971a4e0132ba9ce76e4f3b2d,42.64475320618822,0.9781654428139985,42.62158543589923,0.9780404584070661,44.448657768542155,0.9809453369885165,44.448691343694804,0.9809446947082241,1.8039045623539351,1.827105907795577,0.0027798941745179606,0.002904236301157992,1.6153203647036782,1.3367517798039092
Bosphorus_first5s_f12,Bosphorus,144,1.2,ed85f0b16c8ca873fe4dfe98a72da4e503f0628364da0c05162aa553f7f4b9b8,2a517c54f4e19d6884eb276e60daf747db1257307043cff90e12b9c689016c66,569363c16cc604d6b1bcbbb1bda33c981d7ba8532024d97554bfe535b83a3a2d,37c21dce4c12951383345afec99fc58edf7e6ff344018735cb5e9148d1191f85,42.231338150058384,0.9753898443112576,42.21149481602517,0.9752447948523555,44.004056866380225,0.9788236149462817,44.003446287444575,0.9788012543097034,1.7727187163218403,1.7919514714194023,0.003433770635024036,0.003556459457347949,1.6446328520186724,1.3567572538718542
Bosphorus_first5s_f13,Bosphorus,156,1.3,1502cfb49fca55d15e1ad929f41d465ec6ecc42dd6eb1cb0b09e57008d3fa1d4,a6fe82efa742a0e8f528f8792de4cdf73a7e446ff8588a49f6fcca0a13fefa14,c5316f1ac909ed1b194ae7f32f45dff8e722ad8d003ac6b3479603bf696a51b8,230275e884a1d98677f97f779a58fc8232e80461c1501da9afee854f63fb2809,42.57805300683778,0.9778827190109831,42.55333711389464,0.9777557138348917,44.430531900359405,0.9808007939157186,44.42822196446167,0.9807948979060689,1.8524788935216279,1.8748848505670281,0.0029180749047355015,0.0030391840711772034,1.6304013731031037,1.344225321808843
Bosphorus_first5s_f14,Bosphorus,168,1.4,4d03e351914f2638e53c927ea397cf04bacbb9b86d8eb1ea0ae6f0c5e959bb01,2c723833ce4cdc1a8d735a3c7102059f676e31a0ac646a857504fb23b212bccd,ee961bccc9a66bdc4f75fd213ff7709719b0493b98d21ba3acfbf0c3207466fa,9daf66ab8292fd1d98b6cc36a138a9da357063c6ccf4ad212c505eda0fcd79ff,42.41593420722288,0.9765169441771078,42.38555002602205,0.976357037163045,44.22096025418227,0.9796280350834912,44.20987386800299,0.9795890983684469,1.8050260469593908,1.8243238419809344,0.003111090906383396,0.0032320612054018705,1.626615752630675,1.3383558231983388
Bosphorus_first5s_f15,Bosphorus,180,1.5,f4b223640a9e937518c4f6e102e071198760b2635af44da055f1f83e86f47677,7579e4bdf01e0b7203518b954fe474b1739ae3506b5ea53afefa7ae0f8f70fb5,a54e6a9b82e4378d93a7d73558f84c3ddbef3f12353dc10cbb22f1bd39570d69,809e2fbf2ebe19be97fa4e270fac12622aa68c300d012633924e0d33eb58d7dc,42.87191690767039,0.9789741805432861,42.84801106097804,0.9788489173761954,44.734633881878906,0.9816714330128576,44.73521107853608,0.9816622203472644,1.8627169742085172,1.887200017558044,0.0026972524695715316,0.002813302971068965,1.572312705887404,1.3027874324767377
Bosphorus_first5s_f16,Bosphorus,192,1.6,f646e4c519f41c77e9aaad896bfa1ebc39d6b06d145884e78c514584389eb403,c63cff8a0df4dd218d29b8da4ebe8f4e2f04ded0112efb4464b3b6dfecc771c5,50c49170838b3f3c019b0dbabf2e2598205822257f70123f3347b3446bc674e1,f829416b286a84ac1cf1b0bb03645ee409c5d20d09c463322916a7829da74781,42.15694221883609,0.9740157618682497,42.12497417475725,0.9738420389501907,43.91914872429759,0.9775923941672939,43.9077672857793,0.9775482872319776,1.7622065054614993,1.7827931110220518,0.003576632299044258,0.0037062482817868947,1.6606174231483795,1.3563451131502529
Bosphorus_first5s_f17,Bosphorus,204,1.7,294f244678fefccb065f730724a0314dd73bd7da1050ed5a41b9c809a0a3812f,d691a077e71901f89c215b1f41f9bf0e5d90e583876217a36ef78265d909cd8a,4275fe0fb315cd88a17390237a9b41f264367b4d176111500d65ae8016479917,305cb362ebbd61d70e176ddf3913434bd2917267f99fb7dcc7f986fd5222611c,42.786619466677976,0.9790482544688871,42.752134897337164,0.9789069470198024,44.718192909395825,0.9818799584690322,44.7079348148172,0.9818641048435828,1.9315734427178484,1.9557999174800358,0.0028317040001450966,0.0029571578237803653,1.672596703654843,1.344208367810529
Bosphorus_first5s_f18,Bosphorus,216,1.8,a917189707a8ebd2560822d77dbe65f22ce2a4c86766f2a0a5083dc1a95a38c3,42269a2ad3c151305ab96b0a9ed4ffe9c2eb7a13286e5102fd7cfdd9ded40230,38b15c02a44efda415431f78eb98bc6a0c4c36be9e10ba6a348453a16436afcd,9ee41d28b852082973d48fb2a062b2e17d22e664cdfa258bce8926b22336e0cc,42.81364287154932,0.9783251754550664,42.785952958803705,0.97819669549747,44.68311329990528,0.9812513719664246,44.67925531344196,0.98124450706715,1.8694704283559602,1.8933023546382586,0.002926196511358281,0.0030478115696800367,1.5493139363329795,1.269730794901018
Bosphorus_first5s_f19,Bosphorus,228,1.9,a7dfc3568c5d3d84ca499d1cb4d9ccba10015bc37abd7a5b72642732f418ebfb,2ac94925d2966c8660a1cf2f38862fc158ec387cbbaad238d8066042638ab5d7,d885568dae4c0022d9523b30dcadd0f570590f3d4c25e7f1139c8816b73d1d24,4e0e0eb95944876940a61a88bd229876bf2b1f1835aff4f6dfa3aeed56a721aa,43.34836337950844,0.9806087212903726,43.31966308828786,0.9804927554871552,45.19174934288536,0.982876499952899,45.18971995710716,0.9828777019863126,1.8433859633769174,1.8700568688192973,0.002267778662526476,0.0023849464991574365,1.5427202946434146,1.2589979381986511
Bosphorus_first5s_f20,Bosphorus,240,2.0,2cd14341b44852fe0e70bddce4692bfcf558f6be7c5330a1ad27a46545d0e944,f8b4dad6159406f8ea844844aa2253a080f6dabfc4ef612b40ff495a5ed47558,5823d961c2afeec7490be8953b4e6706416544a1783210f293ba8d307fec5e3a,80fcb1c6b30e49ceeef2b723240be401578041646a6d6956bc1c1236378fce6f,42.73626798835963,0.977884819829361,42.7081766725015,0.9777529248500746,44.538102309335315,0.9807425690820386,44.533670362441484,0.9807318625501525,1.8018343209756864,1.8254936899399823,0.002857749252677566,0.002978937700077955,1.5529142825360644,1.2595333918144633
Bosphorus_first5s_f21,Bosphorus,252,2.1,cebaaaabf85225303bc745ccb6354315ee88dc645b597d92072d0dd108b31557,c5afe89e8bf28134e615aec6c9ab655d5f99e4c3e79ca23fd60c1336759a89cf,2d4e8c8e4620acbfae60559d58fa59c902ccbd24610593565cd8b1e5b12d0587,66da937e3110188c23fbe25822f8d69b3a87217f5a0ac9136baaa6f5f6e31662,43.22682178743459,0.9802186459113243,43.211147105718304,0.9801124373869118,45.054276066532196,0.9825566194244416,45.06366046144505,0.9825692881296418,1.8274542790976085,1.8525133557267495,0.002337973513117264,0.0024568507427300545,1.5262663782941985,1.2529769513442204
Bosphorus_first5s_f22,Bosphorus,264,2.2,2f504d6c774d43b3b2528d425f88f4d7bf920330c0f034d681341d1d17a24bf4,bf017690625a89d6b21ac3407e9de451b62f0b1cb05d0bc98ecd365a226cb676,fd0875ae7b403fcda33fc9d8573c2b2d10d56a1df885f9e7e736b76157a2f06c,05cb9c6c3dcbb920b19f671ce9ecfcacb49ea1396fbe378d0589a88f4497f4ba,43.11366613507519,0.9790916574310632,43.09881943981489,0.9789748315814849,44.88780063844856,0.9816602542915585,44.89964520042083,0.9816616399363924,1.774134503373368,1.8008257606059388,0.0025685968604952647,0.0026868083549075328,1.5058386398941486,1.2391857884999689
Bosphorus_first5s_f23,Bosphorus,276,2.3,337e02cec12bb029fc0307ae5715e888fa033c313eab7597b3e99d147a150067,615cad734f9b46554c0ec290c3b70d8c400cb78bd6764f9e476af51d08966bfe,d8f0cb6463fc743fbfb2f0f7275a3c873d75592618e79fa541d90ce40f49fa13,90d255dd177bf4d6b8b8d5141fdbfd9bbb91804cfde8fe64851f406c58120017,43.35748635196243,0.9804061751249368,43.33090223858645,0.9802855594702448,45.11689676335487,0.982583652606802,45.11389334902635,0.9825769718034021,1.7594104113924445,1.7829911104399017,0.002177477481865253,0.0022914123331573277,1.5064428852729033,1.237614555361269
Bosphorus_first5s_f24,Bosphorus,288,2.4,706fd3008b175ca4141dc8cbc073a784e2afd3445cd5f3bdc8db5e1768c989f7,d8234109f553c100649540ffe2d3afd039fddaee056e48e284fc9b366c90b37e,f9c54281c67c40b095ef57c69aa9480418fe40c1642affcba615cdb268480dac,4b34fdea6651d03754ef991b675f145dd22e8f88f38d56da5b2790337c1ed954,42.77573220082205,0.9760592864285043,42.75157963844654,0.9759275129363084,44.41479244661363,0.9788651474300474,44.413279173093656,0.9788556265195595,1.6390602457915833,1.6616995346471128,0.0028058610015431196,0.0029281135832510685,1.572832791130644,1.304370496822894
Bosphorus_first5s_f25,Bosphorus,300,2.5,b91d1940911352edb4e90966609f6fb9d2c7af77eea48164bb5969436e04accc,ea6fcaf49a916d199c30a2175fbd82dc346ddbd82a4a1d77712c45ad3bc0f6cf,f92b2c1e9c14e586773e9dab9f918dd704f7bd8a0f4beb73b78b41a1133727a1,fffae249547f66d343535ad49a538238c8fae77c52a11314f5920276e041b6cb,43.54108829361161,0.9810978077206289,43.51706363410208,0.9809909434242505,45.36199878862276,0.9832320649028385,45.364305303506356,0.9832406723505146,1.8209104950111552,1.8472416694042764,0.002134257182209609,0.002249728926264072,1.5307979746924374,1.2711332198838443
Bosphorus_first5s_f26,Bosphorus,312,2.6,7277ffa133a10ec2be46e1d64e58032ea69764390b2254ea922e634f861e284b,3495b188342d9e23a32fd84b86ee5c22e3e9c1b17b563505080bdf6c27c34e58,b01b6fabf39ec0e8257d73327d1c7f806aae9d30cecfe82731113968b074055c,666f4f93254a536d09a9c43d438a2fa013a7ce14e74a28de1a113bfc55b964d9,43.2626878673463,0.9794697306411159,43.23884345260119,0.9793608128344669,45.01614012849189,0.9818942519441975,45.018000330012065,0.9819000719028608,1.7534522611455898,1.7791568774108768,0.0024245213030816837,0.0025392590683939176,1.464331592885468,1.2004502933163679
Bosphorus_first5s_f27,Bosphorus,324,2.7,f514538b23f4e3e285b52b2a9e278deebc68964b7a3fe8a91a588950ff83a77c,37ee59731552d53369b8a1e9655d9bbb183928802e9789607ac88b9cb7abd983,73f9f12001175fa8e01b7ce472f59dafd658ef95d9f5abc2b8ca6aad786d6137,2c99f55392e3556d236ee3981dc4ee96d8a1090699739ba80b4cb0a32003c7dd,43.54966317961535,0.9807154654993401,43.52583119857474,0.9806182774647274,45.3122399542883,0.9827432922381186,45.31705336450466,0.982760654481383,1.7625767746729508,1.7912221659299163,0.0020278267387785487,0.002142377016655539,1.4726971103556485,1.2180030483045026
Bosphorus_first5s_f28,Bosphorus,336,2.8,a24c83e76c02fa768c16cbf7d0812dcbcd0947210b0857b229632811cecd478b,3e5914f7991041aae92a23ac0957aeb9bab9e003d42289de9fded71bfbf2c569,9cf22b56c4f5208265fc95c033402b67378b0161c06ac382420e25bf9f757e7e,c9accb971aeda6a18b281d65e469424d101c76d70501acee82927965f38befb3,43.16283717461659,0.9791824440553051,43.13801500207778,0.9790640065736987,44.90964003060541,0.9815158561507379,44.91078040828615,0.9815179884026115,1.7468028559888182,1.7727654062083715,0.0023334120954328075,0.0024539818289127657,1.4590184049678385,1.2117650746658966
Bosphorus_first5s_f29,Bosphorus,348,2.9,a3e4829fbeeed809388f8bee45bcceb894f190ed6a5545ae5aa1646743ea5af5,7bca5a400c2fc04fd14046ee5ac1118c859671b7b775aa93b38d6ef54263ef7a,826ccecfd5650dd5ec6b3c7ec92e5f75ae47aa32f4a4818d06b3277121c5bce0,a0b99d8ec83911776cfc4374e9061ff5d062648ba7a8606b164b16f5c2099fb0,43.541693425041245,0.9809206412467852,43.51622460784053,0.9808186005223113,45.30159699448603,0.9828894971280213,45.303246808452315,0.9828994748176704,1.7599035694447878,1.787022200611787,0.0019688558812360757,0.002080874295359081,1.4456368214497595,1.2057373793948667
Bosphorus_first5s_f30,Bosphorus,360,3.0,3091ca868f1d0942e07bb24a253e4ba71ba65e38516fd522cdcd938e23b5bf7c,523d19730e62b39dcfc7941aa3bf2659c451bcb7ef2d0315cdda5b9aff7d4c6b,0f3cd0418280a3b4d21b1d68d53c0268078052d99079b4b1d4a42c7f557ee59a,2ff5d93c0105fca7a9ee0ba9938da78121263aaae8eb77634e323fcbb5f30c3c,43.52717934233324,0.980530245440946,43.499348747514816,0.9804161905497214,45.269213022281285,0.982512935370146,45.26917571063485,0.9825169921112095,1.7420336799480438,1.7698269631200318,0.001982689929199921,0.0021008015614880637,1.4381707196886904,1.1990294506806969
Bosphorus_first5s_f31,Bosphorus,372,3.1,6081549ab51ebd5c9ea090736decb1d259e1137f60d588625fe53d4ea77562e2,8b11064e2389eb48c45ef5a27f6703ac80b4b5d1f50a6020206dc9c7f4234434,2baad6d5d81af1fd4085dc76ef25c6ac660b4f3225a4aff61185d759cce6eaa6,d08a8111567ef675c58552b579c73e90af77395e2f567b1d1ce170d1998b86df,43.77096196322298,0.9818914967424958,43.74346772741839,0.9817877096309842,45.512541488002334,0.983561031878071,45.51363516162938,0.9835717975818936,1.741579524779354,1.7701674342109897,0.0016695351355752175,0.001784087950909452,1.4215438481624305,1.1819305505682882
Bosphorus_first5s_f32,Bosphorus,384,3.2,aca6d7ececb2e40d648fdedc60c9cc639fb12696f79bfa426c0ef728b43784f7,e49b1204ca5fb8e4ef24459c17f50a65d9828279aec9f31f8201847f4d591e2e,198f4c2da1984444ee3e1363e0298efcc3bbf09623f1d50186771bd1df8afe54,3e0e0d4fa7abcc40f2abcb982fa97f788964a825183dc93eab11029a674f0cbe,43.11844580694646,0.9774373492056375,43.09582026340507,0.9773269541040366,44.710304763440014,0.9796297908387959,44.711617354999696,0.9796339555467694,1.591858956493553,1.6157970915946223,0.0021924416331583485,0.00230700144273277,1.496067892103291,1.2573386418456878
Bosphorus_first5s_f33,Bosphorus,396,3.3,36a48c96f59591e699ae73c139bcd1a84c26a38788de0663bc07110ff6760290,f0d607c1c9f66b840a7980c7956827072d88387c14c8eadb89a32df4eeef508b,fbbfaf1f740b18a7320679b3ff8467b0de7f99077c875b35a8eb79f33f0234cd,749a58823547cb9bda7129eccef8a35f420908a6ae0e6b5ddc726e1970281e45,43.6701642154922,0.9816273665800033,43.64232461812644,0.9815252787371547,45.39818177210161,0.9832788141448382,45.397621105027504,0.9832930066110032,1.7280175566094087,1.7552964869010665,0.0016514475648349292,0.0017677278738484903,1.4898485800599512,1.2581012058561793
Bosphorus_first5s_f34,Bosphorus,408,3.4,2f3973f89e0e7e82dafb1788932bd9ec587579fc6266c68c51b42024c25cb034,c19a9cd06bf10ba13755f57ff096da1a0b5e02ad9989c129f2648c70c0dd503b,bf986c9e756e696779d314c2cc158ef3f81db4a169bf58f28e3240d6e791db7e,d1144a6940dbbd449008b2c7850c101787a8677d0d72d6e41486acf1e8248cec,43.60867244044996,0.9811665744225704,43.58755091352096,0.981077369569379,45.32553837642325,0.982951632090875,45.33189821024355,0.9829677368955878,1.7168659359732956,1.7443472967225944,0.0017850576683046127,0.0018903673262088416,1.4069084005963903,1.178937864937863
Bosphorus_first5s_f35,Bosphorus,420,3.5,958c2877abcfda2591f8d06633a5d9870e72dd5f83b315109f3f95b48d4be6e6,645a4ea7d5e4265f374099d18efaf8ea5f1bf3f16883acc33b7ed137abe92646,7950ed8f4a3b7d843ed346f73cdaa0643280f4a5f91a08a3d5248a8b18364f98,eb0a3cfa4b6393f2fcf1a0bde675ed75e99e84b246c7d41b5de71e64adeeb809,43.601843506531665,0.9812001890396672,43.57402114433641,0.9810961308804234,45.33190823028317,0.9829115121562332,45.33095037966493,0.9829144727652425,1.7300647237515037,1.7569292353285135,0.001711323116565966,0.001818341884819108,1.4162279768781616,1.192735126342659
Bosphorus_first5s_f36,Bosphorus,432,3.6,cb26d133601e9c7b29bb517e65860250ad0d85455903bfd4da65669a5ee0ff1c,5982a832ae8b3791088414d6a18b6345512c2a21efa85c2a9a1800340d49d2d2,1850bac4bc23d3c898d2d80a9ecefbff6ced916298e2b288243eb7a492959d19,7bef77a2ca600ca8e5e08ae1ffa639b0587594d14eb60db9061b1a9c8bcbe4d7,43.38349955818156,0.9804280411666638,43.360625716627474,0.9803267543335235,45.161709721107485,0.9825112252694923,45.16688323644118,0.9825228990128247,1.778210162925923,1.8062575198137054,0.0020831841028284837,0.002196144679301293,1.4295174721320176,1.193908489391432
Bosphorus_first5s_f37,Bosphorus,444,3.7,6503e8dad10289b4caeb14c653bd9b4859b6ee86ef726bbd5035aad651c6969a,1ef8748a87db43a88324d0fd5b1c3110f0bb08ae667baf3793a01040cccba969,a75c676cf78bb592890243c5003a572c86e5818599d90c5ce2a8f917606041cb,cd40ec867fa22b4b5a767f07a287a49a2e20aaf488f31265912db450c0709a78,43.47943007157356,0.9808774151477548,43.455705091677245,0.9807779118701793,45.23985781654883,0.982757802507093,45.243690392152885,0.9827624891688609,1.7604277449752672,1.7879853004756399,0.0018803873593381537,0.0019845772986816224,1.4401390910900518,1.1995622209298695
Bosphorus_first5s_f38,Bosphorus,456,3.8,b75636d5656037871644e19d7712af9e178ad180ef80ac4083dd5f0a443835a1,467d6ea917bfc218396462f024b753039aaab9515e21e086d4811323af1c4dfb,6503d1c1b2f3ff31f28625bc120ddc487a726d315b01ebee4b9e14d6a1b2d177,7bd028b4ff7b1f12fc8f1cf250e3123be15c0eaa65ba5bcc0f4d044b784dbfee,43.57922262432326,0.9814673085975695,43.559045677379984,0.9813739658536631,45.38768244220136,0.9833288199158834,45.3943187910411,0.983336847629434,1.8084598178781022,1.835273113661117,0.0018615113183139131,0.001962881775770864,1.425669158457191,1.1834876350465247
Bosphorus_first5s_f39,Bosphorus,468,3.9,7fe05e26d5ce57a2d4af322e2605305d41b452259352f534b74c5f6776c4e0f5,b8291104b3b3c096d04ca39a7dacd096d6df22b3c7ff2ac97b811aeab7eec28a,c38e518c16704b0174652345e17540acc09193b62b7a73bc5830d479655e61aa,3b32f2c5bf63decd2842fa6995991f880c6befc6aebe7766d09bdb0f51e5e2b5,43.59017046881819,0.9816183428819198,43.570285871445044,0.9815351619111199,45.40870822486373,0.983411415066081,45.417061944949,0.9834332364180854,1.8185377560455436,1.8467760735039533,0.0017930721841611375,0.0018980745069655525,1.4174162204146632,1.1762981639917567
Bosphorus_first5s_f40,Bosphorus,480,4.0,9050606156adc18c0cbe5ba59dbb32fc8b645596aa570e15ac4740290c1f9cc0,a0a45117fbb6a4bb56fe67762fdc677b349ca7ed3158b1a29fe1aeeafc715a36,aa2eadf6d9e3b3dec78d8002c6559420fc3f2bd9df53db3a8d6f389089abbffe,c908ab00a97badeedb7dc839e5269c2809ec1ae4b512f9e1fbbc1c51e314cee7,42.92124029497599,0.9773310859286378,42.903641093396836,0.9772380244627327,44.6110605260274,0.9797463740662321,44.61546838919872,0.9797505161411949,1.6898202310514137,1.711827295801882,0.0024152881375942847,0.0025124916784622364,1.4687518295681634,1.246063501139699
Bosphorus_first5s_f41,Bosphorus,492,4.1,4cac7c4d42bb90f84ddbf2d742028ab62e972a1103d6e37dd693889f18d605c5,b5ad37b076f0f3964736d0e184afbba641974b53cad0605e655a83db78980727,b421d458d17e5830618eedb8d104bbf58b2059085573fb7bde564e721e1a2e72,511dee89fca676639b547696882c7a437172d12cc5c66010834c8840e6c5e006,43.547982317193146,0.9817102456521005,43.53302663643977,0.9816434688109513,45.42401693173521,0.9834803639904072,45.43437091189407,0.9835068182651467,1.876034614542064,1.9013442754542993,0.0017701183383066477,0.0018633494541954176,1.4824585883344783,1.2478626984715544
Bosphorus_first5s_f42,Bosphorus,504,4.2,817f000353d36db29c3683e1c6c92ffd60270a059b10dcb47c20af8b43435cc1,cb0edf4233ee386bfbfec65fa632b0a95b37c2ddc545fa13939e40ba78e7fd30,780fc0e865f846f7ff2182b1f1934ebd6362dcf552d41beeb317aa663436b03b,4822f0cbf5ab566d2a57cc5c9adbcd593c793b09c8231db07e3b67d40a47fc03,43.381599169375285,0.9806593491784807,43.3557717360207,0.980571446768333,45.21042466296191,0.9827057337417874,45.211638111856665,0.982720260756382,1.8288254935866277,1.8558663758359657,0.0020463845633066358,0.002148813988049003,1.4434348751795416,1.1946952037016798
Bosphorus_first5s_f43,Bosphorus,516,4.3,e8c9bda61c4537f6e0c75c59a95b52d4cfa90b648ccff5a44c44a90f5641b386,6811c6aebbae647fabcc7dda496422eaa006752141dfcb5b4482b2b09e0a4b83,518b4ed64feec5d3e5790b12db86f8417509bdb0bb42ededbd075c7ef96d71a9,b0048ec37fb92d2cd79e8951c11c5737b3872fe132a660aed63fee12a7d14e70,43.58196003033914,0.9817490974639539,43.565014599809125,0.9816689643275787,45.41795526687359,0.9834197737070064,45.4273414900942,0.9834400761085504,1.8359952365344512,1.8623268902850754,0.0016706762430525046,0.0017711117809717791,1.4456615816055705,1.2042721392384312
Bosphorus_first5s_f44,Bosphorus,528,4.4,76aa94d24ddc66af2bfcfd7df447b7a847fa9c0b168d6b392789eed93497ed5e,e40ed235967d5820939111cb7062f7d78a055df6ef0f690cf0e68e7da67481b9,2ba9883938f1c7c9e689431d2cf036ed01c518950ae702e42e3d202aaf7d5a05,180633850bb84ebb5386889d9b267cdfcfc9a2b9a2c1afec9344c927ea165c36,43.65413669975198,0.9814821429408798,43.63366930771022,0.9814000135123863,45.4325694298834,0.9833054792801004,45.439296860518404,0.9833218395470036,1.7784327301314207,1.8056275528081827,0.0018233363392206048,0.0019218260346173244,1.4459106468182101,1.1912833030194216
Bosphorus_first5s_f45,Bosphorus,540,4.5,767804492dddf06fc6c15fb5694c1d23d8dc974ca03d98b001d7200771e1493f,fa5f6ba020ec6e9b317c29010f8aa8385a7f990e27d010cc314d831265d8ab0f,b9e6bc56d95bfd530980c5f54d2983b5f987e5ea29e4bd22e075c44966037cc1,93230aa8c02e0f8b068a7404c69dfe75c859002713d83da9aa3170924dc8a7e8,44.083820385322525,0.9828747439554638,44.064537687498444,0.9827957085505976,45.77404996055414,0.9841726460483216,45.78498957525522,0.9841994450172415,1.690229575231612,1.7204518877567736,0.001297902092857739,0.0014037364666439345,1.407263946676138,1.167259365437457
Bosphorus_first5s_f46,Bosphorus,552,4.6,9bc7e682ec0a7fcc087f188a4ac3b55722840be671ec0644244d486abe57b4b1,f66be095421c6950b353f4e4f80d058fbfb52c11708b6f648fed034008a27db8,3aaea87b100c933dcb2728c842b23a5581e76c9b0affdcaec18c6bf47c4f3432,1039a7821d54d795eb935981c164b9cf1e2b6af5b8a4896e035d7208c03df598,43.80304883741238,0.9818980548169216,43.781803037295425,0.9818181268675661,45.55380379690354,0.9836051860726522,45.56204103106842,0.9836305195736439,1.7507549594911538,1.7802379937729924,0.0017071312557306317,0.0018123927060778033,1.4172520471648036,1.1736190663445325
Bosphorus_first5s_f47,Bosphorus,564,4.7,30de86c2fcf11aa3a8a6f4924f9bd4b1c5052fb853e134f6773db5d176126457,79ed73d99a98889ca2fa8d08f2b33bec2f89e9bf13d26cb91703fd0090397b13,7bc80045fa34eb6d5051eeb7b32c9b936db87efec3ee558eb94ea22673c48e11,316ff5dd0efa85eb321c84cee43ea7f4610007c9f6969fd89365e4b461483c59,44.08057055988097,0.9832195848573049,44.05715726871448,0.9831333858613108,45.84851592302881,0.9846084605411899,45.85839624251441,0.9846340783725094,1.7679453631478452,1.8012389737999328,0.0013888756838850158,0.0015006925111985536,1.4152634285424344,1.1641467821067257
Bosphorus_first5s_f48,Bosphorus,576,4.8,051bb2805b69791ddbc7849a1f7dc28e1150632f1dda4a148342f58fceef652d,cee8e9cb78c1ea6492d2464bf37405be740616a28db1e8c3efbd21ee95504664,b7d08cac8beb5475f7fcee7125448bbccb9d4e8f4e8b7cc393f914dd64264244,127021e995a72c739732e7898cff1c99d247b7ccf3dcd96fc26c6295ce1eec57,43.44522252616642,0.9794086978466435,43.423371206668875,0.9793155018047867,45.10165340730883,0.9813581626532749,45.10565495417517,0.9813692892513228,1.6564308811424127,1.6822837475062968,0.0019494648066313847,0.0020537874465361705,1.4661015171267096,1.2218190396084432
Bosphorus_first5s_f49,Bosphorus,588,4.9,13f4037327a295066d8f4e3b5208463669780c2cfae4d61f3e3731aa736e0da6,759e883e78a6529a1986151cccfd998d385fcd546d4439a8dd593aa48066dcc1,98b6fe2a6bfe77d76faf31c1ebcb954e990b3f2bfff105798d21fa364b2d3d6d,3d01938ec8ae46ec08b8fdb87827a73eab6e91a721ba88dd9cd3309a1d6f1492,44.23312041759854,0.9837322199868356,44.21737151309229,0.9836578324848102,45.987398111858624,0.9849739189664637,46.001490080329205,0.9850025490440469,1.7542776942600824,1.7841185672369164,0.0012416989796281142,0.001344716559236736,1.4429230839786424,1.2094633559451695
CityAlley_first5s_f00,CityAlley,0,0.0,417b7237d4034058cb37c03964d4c0f1b8740bc5a1757739360eb524c6c6347e,32ab17d45bb6155333d59fbb0814a9b4549bce73551b77da9f9e37a1365bd5b2,987844d122821fc803a7e642ff63400daa41d7c7ecf671db7e89359f66b79e21,2fb523e48a94c1ccd5db368ff8fe484a58ca50a10712ac7106949ecb04c7ce54,34.19316351594351,0.8806762617579148,34.182610064265624,0.8805459524328174,34.95605308237749,0.8863453512617947,34.9481329874131,0.886296538125489,0.7628895664339765,0.7655229231474792,0.005669089503879898,0.005750585692671617,,
CityAlley_first5s_f01,CityAlley,5,0.1,af1615e4a0db36567d80d65e962a9097981e34bfef936faab7a3887160ba67f3,638ce2e4af67da568bcf00d8a36fbedbd9b1851d84bb268e4beecfcff6e677a5,0b305a62f00ce1ab257863135598ccaa4052336a0ffa6eb39c8ffa1f0cf6e010,34b4c20d84136dcd027f6fab2c92e532848d9eb5aa894f15a94f9c432b0a582c,34.20806009671303,0.8807715203327451,34.1976341602101,0.8806399465169724,34.97194846836578,0.8864573913658131,34.964427408393924,0.8864101337049628,0.7638883716527545,0.7667932481838236,0.005685871033068057,0.005770187187990383,2.6554358421673014,2.6799220506385435
CityAlley_first5s_f02,CityAlley,10,0.2,fbbc0fcae609b20abfcb27ab288a214e49f7722246eae7eb178575ab15d39b43,8852a921b7d487ecb0021eb5d9afc7ad960c498599bcd3af2f346fb330bd2d29,250a3ce582f0af4cbc20bc11bfda395569de0cfd4735f16b5d5ae06adf167fcd,c0d56d2ac23978903a5c0cf78e4b93bc1151b6dfa0c29c0a91f94648a71ec380,34.20488063830292,0.8807294762950915,34.19459604562926,0.8805981886160421,34.968661901468856,0.8864209225313889,34.96152517187217,0.8863749249134808,0.7637812631659386,0.766929126242907,0.0056914462362974705,0.005776736297438689,2.8426705547836133,2.861843575337226
CityAlley_first5s_f03,CityAlley,15,0.3,8896410efced6d1d21773a6c977c71004e3ea0e18ab7cc38c2161ec2420193b6,6f1c8aad0172469f7fb3c736928383a35a972ee59fa697da08e2e66b216f9cab,076be66fbb376faa11bd21350824e2aff28fe38465bcaedaf4740afb8f4a2c0e,207b09d1c33533a51980438a2f6054059e7bfc9c27bf38ed355d081ff87d2ac1,34.179967035083365,0.8805754129826959,34.170587243658034,0.8804449328293941,34.94712921012903,0.8863124818074702,34.940995394867784,0.8862670161053647,0.7671621750456623,0.7704081512097503,0.005737068824774316,0.005822083275970669,2.8975872386888777,2.915168534940361
CityAlley_first5s_f04,CityAlley,20,0.4,77a371caf89e5d195cc4a7814dfe7e459e8f7b7a2077b5d84ca5b6f24aea2cb7,fb56b856f4a7aa2af07427a064d31f840e9809b931d9bdd4df0d4917ea059066,c834e9e460b640cd796c6aa2b3a732045913db35cad884d976747a93db54d360,e3bc3510d6a4fd680d51b063af262242a1c11ad921242d1392a313bc98198e27,34.20632063535453,0.8808304000852384,34.19868914307897,0.8807051584668688,34.96874590928727,0.8864893335260158,34.964530047057906,0.8864445016341246,0.7624252739327417,0.7658409039789333,0.005658933440777392,0.005739343167255773,3.1625559116030724,3.1644247544963466
CityAlley_first5s_f05,CityAlley,25,0.5,3b16b9465e7d535df387a2adf8da0bc75e5688cf74806dc836220fdfcca34268,36ad84835e4c3a4ff911467453ac57a316f0a40eb5bf626408c945cd45a075cc,d41abb25da7b7112068a20c30a5ab946fab9f5560d2dfbd6d3f3478d86de41f7,3d791b07ebd502f6e8b5e7b2a9afdb13560b6f0462fb15c7edf3163bc05aefb8,34.188022309883905,0.8807451690476655,34.181216355006555,0.880623233098525,34.95282415918682,0.8864364569047118,34.949711005809746,0.886393485640892,0.7648018493029127,0.7684946508031913,0.005691287857046312,0.005770252542367071,3.113327355117717,3.1186927467136076
CityAlley_first5s_f06,CityAlley,30,0.6,866d2da25f23fb9f29c1bd3779b073263427e928e25d32b15194d8ba966b8f8e,125a217db7e8114492fe5f96dbf5c4d09f9f0b0fadcff82aa1d0ec608f656233,4304f42d4315b7d53c6e57df9725a33641a1a0d4522e9b999032d70d45566db0,c86c9ceb62b4511ea278f3b12decca195e1351390940f6882796122040e9211b,34.208000874878024,0.8809254916242372,34.20258027550571,0.8808031789731455,34.97151202143004,0.8865821504324866,34.96981253036744,0.88653870429751,0.7635111465520126,0.7672322548617316,0.005656658808249393,0.005735525324364499,3.310467349770499,3.2901884162477364
CityAlley_first5s_f07,CityAlley,35,0.7,31d1c4a256236429b4f96fb58ee00e3c6860a01d78e673cbc804098dc4b2ac13,f39260dcc74ee55e2e80149fe30862f24a8bbfe6ec0ef9772a66d2a007487f9b,ecea8edaca56869325d7f31809c3e176510fdc7118fbc9ff3c78b1e8e4ad139f,dcb9cafcd7a9f75e5987b16855ac57accad9f5c2ccc322703e824abafbad4016,34.20944844459259,0.8810157758671033,34.204202343887495,0.8808986454781215,34.9740729913631,0.8866647723068396,34.97270746119731,0.886625610690896,0.7646245467705128,0.7685051173098145,0.005648996439736265,0.005726965212774493,3.384375805009992,3.337747186855992
CityAlley_first5s_f08,CityAlley,40,0.8,6d40f4d9db118fd68795f85f689c1bf3e8f4b4a98b45591a58be4671eade9a08,50e1894f03096ae8450fe01dbdc49d66704dbd87bf6bdf74aeed534ed7c4195f,578363054d0985c2ac7bae7dfa2a06cf473d5b4c5b19a5d71838ea8481ec20cb,216f99139d923c524e65eb2cb3f7524206aacbde51d586008b027016178f06ec,34.21006499136298,0.8811400857689088,34.20543106563777,0.8810204791348807,34.97598968369583,0.8867664527469135,34.97540029148966,0.8867333709296179,0.7659246923328524,0.7699692258518951,0.005626366978004671,0.005712891794737218,3.442282613150253,3.356981436957472
CityAlley_first5s_f09,CityAlley,45,0.9,65df68ed93fbe617396ae966eeefd8d37bf7bf9f95db702c98ac2d04bc4d3b45,0c68776e35ce5bb71b7faf0b9462f760bed6811a47b5e9872901fa831ce245ac,14a332840c0e8adffceb498dd8d41bb8160b5d4fbc0328e636d17239d81c408d,a68c2a027c826a8adc34a77b1768aa811b0f4359543140e483e8838c2beeaad7,34.2259032007052,0.8814067897875205,34.22050401347245,0.8812695544073786,34.99176340120452,0.8870117521376814,34.98987809670417,0.8869645896616849,0.7658602004993256,0.7693740832317175,0.005604962350160836,0.005695035254306258,3.4632884950899268,3.342628352744645
CityAlley_first5s_f10,CityAlley,50,1.0,572c08bff01b6a23ad1509a54c86028f1873eceefdcfeabc5c1bb52430bb6b66,48d996523c61f89a561b3e8014667e451d26e0783aa52536f2158497be0aa33a,00b43cf0c03db795037aec7aaf4d0d30ff1401bd1d9933be25d88b8b93830caf,a1ff5c7fec63e6ae354192675e843b243b3f3857d187ef27e08cb848dfb5ccc6,34.20080416970966,0.8813772072512449,34.19010354737301,0.8812138336857906,34.971113383241644,0.8870136279525532,34.96402822147858,0.8869422513244443,0.7703092135319807,0.7739246741055652,0.00563642070130832,0.005728417638653616,3.4779300412165117,3.342054844111035
CityAlley_first5s_f11,CityAlley,55,1.1,5598184dead9f439648a5b777796c431a178f97a42395d63da97d867995115ff,b834f5f515136b4ee473054283f39c9ad74d48d36b75a89f348981ecd1f16043,d01789c8dbe686b5abca75d63fdb6a44e03a69753bfa2eaae6328273419fe6aa,9415e6b31ea5f0fdf37aa0bc73ddfaf3a538e56f3d0e060a4cc700676d7e922b,34.218215280733126,0.8815512630044207,34.2068464752608,0.8813749056128759,34.985869602957735,0.8871547813470496,34.97662367646731,0.8870544394776385,0.7676543222246082,0.7697772012065158,0.005603518342628955,0.005679533864762609,3.472353639425779,3.3353809453647036
CityAlley_first5s_f12,CityAlley,60,1.2,b92611b336369dcaace4f1adeb38736d9e6116596e7e3ed2727960c7bf405cbc,446838765529322757d4b8b592af911cc7b8dd67f01d4ddf6a05c50d7046698e,5c8245fcb30cd5cd0b7d128976499fc89f6910c8f8d8006c50eb908d5429ab43,add1023fd4d9947e715fb5dff3fa54092dec0408e71ddef8ce651c4b73282eb6,34.201580744506785,0.8814806492466659,34.191683044033454,0.8813124861615813,34.97018812413866,0.887060186305445,34.96315102830386,0.886974514160806,0.7686073796318738,0.7714679842704086,0.005579537058779116,0.005662027999224661,3.4655210561340786,3.329900290974521
CityAlley_first5s_f13,CityAlley,65,1.3,21ab66af7cf13598ea0b7ba3673f77c41156a4dbe7588a6efcd7679552329849,6a67902a02fe6d8adbef20bdbed5856b52d6fb83dd3646841a9fe23767b9640e,de2153501c9f949f2d898fec7339b5199307817f3f68a3568951680dcd0a5efb,04125447abf0e2326e414823c587e607de4a819ec71554228a71c6a1079db64b,34.19962508215676,0.8816512197111405,34.185802647231384,0.881457102613911,34.967501809197884,0.8872098192235321,34.95670496539089,0.8871072314838736,0.7678767270411271,0.7709023181595072,0.005558599512391682,0.005650128869962634,3.4673215951492535,3.332798692858927
CityAlley_first5s_f14,CityAlley,70,1.4,97ccca96ffd787fe57339b7e120711df41e9e54f4dee6e72feec86f51d5ba95b,8012fb056d9e7cace7a0ab96b27654c0d75bffe2282ff41484426088baf451d9,38db5faf66c1e8263abfa1c92b2b1fc2754a42763af8c43da9e15ad468cc586b,6ec754718900151270e8f80a75f2612e464d5ec6ce03d2f6027a2111cb413756,34.18746015989982,0.8815421677063627,34.172716577302424,0.8813483938564682,34.958831676384555,0.8871614610123316,34.947268847733675,0.8870603569923191,0.7713715164847343,0.7745522704312506,0.0056192933059688865,0.005711963135850873,3.492929572847062,3.3566535783425966
CityAlley_first5s_f15,CityAlley,75,1.5,3ca5742eda4803a5e394b60683a88031472326719661134d23d7a86c5c2a1f73,5b39d54deceab8ec38173e517eb4c0ef82ad7203167c91cda640d685779a4cdf,52b38120acb66568ba0861b0d73cef1d8ec6e2d7d2a5318b2e9d71d7c151c9d7,808a0ff90f39bda793e71a046d3210cfe9bde9a3a3c92fb98356a1f4b20396bc,34.20108714921293,0.8818263230822697,34.18905043406347,0.8816321958108957,34.97265291722935,0.887397928820598,34.96366580666367,0.8872922548772235,0.7715657680164156,0.7746153726002021,0.005571605738328267,0.005660059066327827,3.478985580075564,3.3435194744114156
CityAlley_first5s_f16,CityAlley,80,1.6,5c02ff78fe279ae8d79fa6ebfe6a66ce5664dab70ec11e071af91eb0e2d80838,bd23279232ec4ae66a7a07402d8e5bbd5d67190496f4b118b0b8ddbeee49d200,4351e0d78e2113f380053aeec9f251e2be57ff6a3a6a682df06ca8d301362fea,fdae2fb24b120ea0d6715f53d8e31ede5b4e287c4704bc8d588401ae3c9fb751,34.18867502906535,0.881593732242928,34.17766377571072,0.8814039371144701,34.96416142827867,0.8872279004873037,34.95581708638492,0.8871227708597454,0.775486399213321,0.7781533106741989,0.005634168244375681,0.005718833745275376,3.4577302670096173,3.3223568594657467
CityAlley_first5s_f17,CityAlley,85,1.7,26543aeb27ca0babb7538a26ce10762cc34badc204a252ba86c3989eb1747cbd,c3353e14e4e18640ff7e69d8e72fa4d9111b63f71f2c8a9ec7f6c34ee6a57b8d,45df8d45419b8725609bc7ffc3daae1acb6a35f8e17174673dab400413b3e81c,8bfd1fa58eae26bd628fe0f64f450c2ffa50d24582bd9631d71c8150f76e96de,34.208224631982944,0.8819195228718059,34.19436099053832,0.8817368493381154,34.98103678667711,0.8874444865396514,34.97097809635778,0.8873535535822937,0.7728121546941651,0.7766171058194615,0.005524963667845495,0.005616704244178372,3.469597090059639,3.3382065304362083
CityAlley_first5s_f18,CityAlley,90,1.8,b5607201159d6faf8f3c122ca7436d08903ae5a590a560e8fcfbca19f4bb3376,8b4691d7e270f3cc35988652f20a6270aef883c0d6ba328eb245489c3c7b3afa,08db809d1361d4d4493859cbc7b42ca89ce408eff97b4ee1cce3e8c374c0b184,9eb5678617b79d6ff1fc27f74f982ab9b396f85a42817691376d5b9b6ce63760,34.188006004249864,0.8818794164478982,34.17286277618477,0.8816797172207684,34.965694406757024,0.8874445534387465,34.953875555351324,0.8873321125445127,0.7776884025071595,0.7810127791665522,0.005565136990848263,0.005652395323744286,3.485238800115531,3.3621108142602885
CityAlley_first5s_f19,CityAlley,95,1.9,ce1a86e62f3de3384f5af9bb630311bf7310c3cc209a0ec701d726b20208fc24,472e2c4218233d9b7d8ae89c1dfff95861b01f59d98d0aee6680072cc4b04d77,70bfbdca1be60cc49aa0692f17d34dc3fd689a8afa0c5f09ed4ae3eec9bba451,ca278d22d072d4c2847ecad92f0b09339a1f6dd023f82ac90a7310c1f69d60c8,34.18270240366489,0.8818866147150987,34.166528528248364,0.8816792136007418,34.9653147679326,0.8874773462347929,34.95276856632635,0.8873639881396185,0.7826123642677061,0.7862400380779846,0.0055907315196942475,0.005684774538876725,3.5208753727440203,3.397335124195966
CityAlley_first5s_f20,CityAlley,100,2.0,ea38f91e24d1bd1b24ad3868ccb7c9315e8c9126e479943070f1cde79fb76602,34a1651c5084506f624a402aa28a3e3669cf70a91495f10283e296904950f8c2,8952bff0f90149aa0693bccc5baf886a914ed11d982f5ea92f09670bc38713db,ca93e411614e876cfafc1caf977671e2cb68c2f4533cf40a19415760f8cedbec,34.190995372615085,0.881960477513381,34.176420528550324,0.8817553488366936,34.9683023522103,0.8875439929820145,34.95743162341802,0.8874225236226225,0.7773069795952168,0.7810110948676936,0.005583515468633449,0.00566717478592893,3.4673889232576656,3.3318885436832573
CityAlley_first5s_f21,CityAlley,105,2.1,4c87598cd84092f6763bbeed3943bc6ccd92439cdb46e2aa65f8ef9f1500678a,b37c55489e97e28c44bb2bfc65cbdee3d2073f8dccf69f019efe7f444f55dc27,d39b943fab51fd91ee68cb79efe25b8f6e0d2612ab280f6eb7c52ec102ad3068,12512ac0c607c27c553ee074dfe0d09536233c976cf9e0e61c410758804bfde1,34.18272700105311,0.8820177735440385,34.16991355989259,0.8818307338081459,34.96199406539462,0.8875725040578679,34.95332421732349,0.8874820180905966,0.7792670643415107,0.783410657430899,0.005554730513829376,0.005651284282450653,3.4811865505760946,3.3586900096796355
CityAlley_first5s_f22,CityAlley,110,2.2,5b7c2ebd7968a357ebcb946e7e1abfae8f60cfb160f6cda560e335dad7255db3,73ebd84637887dcf107f1826e72ea04b91d3c83089b00a049917fe9a0ac875d2,47fa3debb1f154e18c9d723dec6b0dc0a3559cb25159d1130d0b059ebe4f1f87,b84ac1624ffa2df8396fbf4b5c21e7bbef444c3c36e540b88acbfa0ca9439c19,34.144935037322995,0.8819167379148195,34.153307117593265,0.8817789830689604,34.92762545827869,0.887468463726037,34.93887624061114,0.8874264752528871,0.7826904209556957,0.7855691230178721,0.005551725811217545,0.005647492183926683,3.4953145979048275,3.3624846560216697
CityAlley_first5s_f23,CityAlley,115,2.3,2308c2a092ed0596bd19ef4ae04f507949b6c8f00f04272e3629141f509850fc,15c89a5037185a0d3735f8a0fba00e8bb465a351309587fea645be85f7076ad3,e8ee20aef4a818b4a0dc8522bc607d330da5b87064cf88381b1ce16958007292,ff98bcc172c654f55e44a269f5496336a7b053bda1077af52a729303cf8fa518,34.154985708311266,0.881820180872866,34.14626479671479,0.8816453587546685,34.932752524765135,0.8874235562184045,34.92760584660675,0.8873404656588797,0.7777668164538696,0.7813410498919637,0.005603375345538564,0.005695106904211156,3.4774192257852996,3.3434412908652344
CityAlley_first5s_f24,CityAlley,120,2.4,3d7fe3907c35641cca05b4648dbaf745f1f79a221ac1ec8cb4ebcdc40f476708,bab60a0fafb83ffa6f5c835f8a78bc9e53bfac02f7ee855f7ae6fc42d702e23b,e1180b5262b3ea460682f9c524b570380f734073cd50a0a8618dfd936e6dfa3e,25532fa5bac7ac1a2472ebbfbf563eff684857008e9e07f4290c730718fdaddd,34.14943571491812,0.8820543173197097,34.13722332095241,0.8818799378171538,34.9330780757486,0.8876071680625199,34.92491819825994,0.8875223474537451,0.783642360830477,0.7876948773075299,0.0055528507428102,0.00564240963659135,3.455015431797602,3.319353196426341
CityAlley_first5s_f25,CityAlley,125,2.5,ccb836d52c202b26a6832c23f051194361d9533cf10451f7454a016b1c6d964e,e10a9287bc1ad3a18ae4c69533f44f0939ba5d8c5fbbd4d1f54e6e83703b53b2,ab2ff3c729437ddf60fe837590a45b28e93d2e1dc1279089107b75734faa4cfa,3a9de8aed4f4b1421763c891f4b536d54028c4edacb05937bebdb06a8f7d9c88,34.146313117617765,0.881942982522854,34.138296514181185,0.8817609851546938,34.92795275393633,0.8875135291596352,34.92236510935789,0.8874202698366118,0.781639636318566,0.7840685951767057,0.005570546636781248,0.005659284681918009,3.4817851852791484,3.3506619865499907
CityAlley_first5s_f26,CityAlley,130,2.6,492a2964a28d45a1e270a908318b79eb2fde91495100605c5f2ebe6fb8113467,f24b392bd0083f1a7260e378fc625c435b493a65639bebdfeec59afac3ddbd1e,ee880b5feafce0424e99e4762603d4066ee4486f8b37f11e311561b3e8a50bd8,bd418120500b9fb1c89fdf4fdd453b3996681cdebc8c439785dabb21d5d0ae39,34.13397081191133,0.8819174269931482,34.12208816278524,0.8817271688998364,34.912408793047135,0.887482395175912,34.90342772674949,0.8873809652035218,0.7784379811358022,0.7813395639642522,0.005564968182763752,0.005653796303685454,3.470681658066883,3.33725283753825
CityAlley_first5s_f27,CityAlley,135,2.7,9cd22b49bbed1daa8d28fd10fe358796f690796e729bb44a2165e60c1ab910b4,3fad2daf999623053cb8b398f90c66347506b7f24cfa2521e77ca14598f17451,ae69d6153f368b79f375c6a5e73130f7c6ae8cabb00733b64dbb453c941f6380,02dbe9f339a73cff60806f053c23bedb353d93083b3f6079704570ab6ed4295e,34.13857465205623,0.8819094845139207,34.12615655988609,0.8816872960197439,34.91990129260736,0.887468248306454,34.910304866543555,0.8873344243371672,0.7813266405511357,0.7841483066574639,0.005558763792533283,0.005647128317423311,3.465105866132205,3.330147648590208
CityAlley_first5s_f28,CityAlley,140,2.8,066343fda96d42001d2a882a11daa56bc08091c47c4fafc000d51d059138e28d,eb25f0c7499d9e4c37e8c107f02ee44cc269e3e015523d927f0680d3184925f9,d009b894e0fb8d6eb0e523ac44d9e2c47af8573e903314feee4581e925c8757c,b2d5f54ed03ccea5116b508435f806f44ba69749c0563e235cd120639bba2374,34.120847638010964,0.8817994037917585,34.10869741640134,0.8815847066692479,34.89597214490004,0.8873431084441891,34.88645047404954,0.8872237969589394,0.7751245068890782,0.7777530576481979,0.005543704652430592,0.005639090289691451,3.4814868436973083,3.351564695481796
CityAlley_first5s_f29,CityAlley,145,2.9,2477b045c90dbed3b2bd2c7a8c72fe2d54f8dd1c8ab0704719e87cb85316f206,90f8bd5dedfbe6c17995db2336571fe5fd79a66e08dd78c0f2072dff44ebfaff,9d650a10f04d04fce41c8334c3d5018b00941dac46a89e21f7f0daf2e3ef4b81,8b5c977affa48d0d7f365828178f557f206f5f779cd4982aeeae5727043baeb6,34.138477112352874,0.882107359275294,34.12436227608485,0.8818985003695923,34.91486896762272,0.8876977039125796,34.90424483288182,0.8875797594547657,0.7763918552698499,0.77988255679697,0.0055903446372855825,0.0056812590851734734,3.4422920049334915,3.3104396623056265
CityAlley_first5s_f30,CityAlley,150,3.0,b9c3b6f23073d0be6174ef49d6cc0250f3bdb8527c4c79f35ca5767283191452,66276213f0ccafa7144b4735738861e5031339175798dda7ef14ea42ee7767b9,cc8257cac6fde89251814211e2ccbfac71df632da7e36aba61430e67d855ab97,4a49b9f295a1bdf500e0487410df20d9686ff9167a757e40adaaddc640c5e65d,34.116738548314835,0.8819475324700171,34.10332744367926,0.8817418717158119,34.893926627441026,0.8875034768482506,34.883347270019,0.887387409344641,0.7771880791261907,0.7800198263397391,0.005555944378233479,0.005645537628829134,3.465908314728658,3.3317840143555237
CityAlley_first5s_f31,CityAlley,155,3.1,15f9b48cc0d91ba079dbf1af5f500572761807e7b84acb4dbf4c946fa7c83565,c862ff89c53aa1e6faf872a0aaf6ceb3ea89d1a2d8f0dbd7c4d3c6a9174c68ad,30ca249d3a466f10033f88eb73bf28eff71eb676a0d9fcbe004818c61252b01c,4f0b0f5a08a7af94beadb58f74bdc47d2b0b8a2abf888af39ccf53b3d7dcabad,34.1233336291245,0.8820796071172982,34.10923196721499,0.8818659693074096,34.89723175397526,0.8876553371001166,34.88580218964543,0.8875350283307312,0.7738981248507599,0.7765702224304434,0.0055757299828184115,0.005669059023321599,3.453746077405858,3.3195020013036283
CityAlley_first5s_f32,CityAlley,160,3.2,3b1e55f5b6488acde69351d0f57350b50b4622b4822fc9e79b6933291ebef61a,3be22a26872cb500dea6445596549348a6d901cefb31ff5f924b082547bfce2a,1a3690235d5b05f2ea9ca1b7237a4b98d1ee564c8ce2a39ef4217584249a17e3,95a0a51956f686e46b17c0992a90055904a828db85a30419dc3bb6b7e1710feb,34.1211837120947,0.8821760246599597,34.106414817494205,0.881967092101747,34.898817706518194,0.8877394178584398,34.88688839807469,0.8876224204114488,0.7776339944234962,0.7804735805804839,0.005563393198480093,0.005655328309701835,3.4425282631689877,3.3080389029616564
CityAlley_first5s_f33,CityAlley,165,3.3,abbd475bfbc1d5ebba5dfe5b4fc23ed0af3b999e2e069c086882b1b61e30c652,55e662a14ad178e73d32c51498f9c977342326472ef1491e284a7d3eade2c8dd,6d794e957a902560f04d268125fbef7ef7cf9d37c3661c9b8ebd6cff8ba2f46f,fb72d22b56d574062fb1ae8538a9e4205f23ea62fc0fb2d0c9d5ab291c49960e,34.13743538464184,0.882410259504416,34.12427211073584,0.8822221989947516,34.91343442029718,0.8879053801958738,34.903768418819176,0.8878085466245437,0.7759990356553388,0.7794963080833384,0.005495120691457855,0.005586347629792043,3.4708370493895586,3.3510468057203524
CityAlley_first5s_f34,CityAlley,170,3.4,70172787e1b62a7c23ce500d829461a7e431c47262b2b037a2b7ee4682399295,cb9f2f3554aa5778110afe5b4c5e3f17c8ae19e9cabfcfcb95a4ec43be3dc2ae,2fd154a2190cdd1b75c09a7b68cfe725d60e61e9744b1e14edbf9db785d836b8,2f6cfbeda720d1e62b9251a525c027b2ec2af85f5c56d30ce679d384d9e44f70,34.11452363152388,0.8822258862899794,34.10301599611732,0.8820510147719351,34.88439881256026,0.8877573417967266,34.875763858217375,0.8876688368831506,0.7698751810363831,0.7727478621000543,0.005531455506747163,0.00561782211121542,3.488343577288765,3.355085394484169
CityAlley_first5s_f35,CityAlley,175,3.5,5606569f666202677f78e792f806faf55f6e615e0141f391bf91dfd86fabed9e,155cab1e3dc89155e34ba8228ab211b9db922520c3f14114b61b0573f40ee8de,c2c70ffa3dc8b80baf4343fb07b2076a953ab1540a0809df0195dded00cfd8a6,b2a317a306b146ae5f2077913b403a4d8a6625d1e7413ad04cfad7808d750816,34.112616798798356,0.8822499242263832,34.10276987970479,0.8820681078191368,34.88626558515516,0.8877675928100945,34.879750968523695,0.8876745059242418,0.7736487863568016,0.776981088818907,0.005517668583711388,0.005606398105104993,3.4499083752263786,3.3174625206863175
CityAlley_first5s_f36,CityAlley,180,3.6,f911ab8054ce8f73c81b353f2ecfd1abef18e5c47fc5b61e0b5b4b57f79634a4,39d7679c964bb109e2de4c6a719f4f71e0a8a3541b67b74b8e14f4c53ec813fc,3ba7e2ea41e95011aaa848a8a079b2cc05a8f6ee87f1ccf5e906969c1ac70c96,f033f98ce7e0bc41d493f70c4233d7a55eba325c7594020351eb7cf2851f3aea,34.13461051264233,0.88258864525625,34.12822636279541,0.8824216684220877,34.90571886100197,0.888105656375679,34.902514651631634,0.8880232337542974,0.7711083483596397,0.7742882888362246,0.005517011119428927,0.005601565332209679,3.4525755196949355,3.3218193323393495
CityAlley_first5s_f37,CityAlley,185,3.7,5b1fa0dd6abbe6930f59d19b365a4c2189f7e085147fe53bd24f6ff65b88abc3,083345a00707c9214e1d91e76271bfe075073407b3b4a6a0aff3a1e292772384,b7faee33865bbd71e3c8741bf88dc145c9a084b270940ffa9b0eef9a353fbe11,2615694ec3e9e7577da0217812e6e3b21052fce1356576e7be0deaaaa01c7e28,34.11305273380578,0.8824276309314855,34.10594695538378,0.8822788809765378,34.883929201540404,0.887932723600756,34.8795171890711,0.8878666353092197,0.7708764677346238,0.7735702336873231,0.005505092669270573,0.005587754332681882,3.46091835051989,3.3361063081558733
CityAlley_first5s_f38,CityAlley,190,3.8,28b71b696499ea369b40f8d5d7356b903b30133a20abacc95e62a9caaf0aac91,265d2d9439bd0ce35d1738f970f148c233e9c7544becaaf3e9122a7f9bc76715,f17141833e989b759fc8e3166b5665f2a73ae24b00417e1d25612c74dffd8582,c4583e602e963f411edbc3f24add1427d81c42c14132d201bbd17430256378a6,34.10989149488099,0.8824744856388997,34.10183941081024,0.8823512064615502,34.88253095844735,0.8879310844951858,34.87841909517361,0.8878901119727345,0.7726394635663567,0.7765796843633694,0.005456598856286021,0.0055389055111843,3.4525150219743335,3.3226225127630675
CityAlley_first5s_f39,CityAlley,195,3.9,e9f41551b3bbd81c986458f54f97ab6970f3065c8a6c958d11261db79142786c,2785ad4599955bdc853305639990357359059bd1e25f86bf9628300d265b324e,2b390636e7de896c63c88da18ca19a554ba69de7d8024202e2837912326aa02e,837a2905bc3c2b3bae3beca7f7010418bfac255d7894f89a9a5d6068ee9b3cf5,34.11725456685669,0.8827417970418283,34.10681941459045,0.8825638885803897,34.886850907064854,0.8882267615652581,34.88011942848281,0.8881348620740313,0.7695963402081674,0.77330001389236,0.005484964523429836,0.005570973493641551,3.491974538265784,3.38030367416318
CityAlley_first5s_f40,CityAlley,200,4.0,753d8cb9db53d16061a20b55a5c0e79cf337c2075a69665e5b3bec1f0308d67a,3f461ecd89dcdbf0bafd26d89871de8fc1e55b79c6734d939ed8c293d11c03ab,ec47c57056997ec948ce326b695b13ae05b5287a48a37793a91b846b038085d6,09787235ace6b748041d2d12ec7c34cd96f0324b0b89feb4725f1201a35f431c,34.10822059885781,0.8825336859900264,34.09802023576441,0.8823539242884603,34.87414364319734,0.8880318000950337,34.86706035393715,0.8879403450968254,0.7659230443395302,0.7690401181727395,0.0054981141050073346,0.0055864208083651334,3.452018965059639,3.323383735090239
CityAlley_first5s_f41,CityAlley,205,4.1,fb3a1e11c4343e5705ba2f6dbebfce1887ae4e8bb964673d997c70e263a4e0f0,f3f8fc0120e5e50f31a61adb30f9e3e0e98cc83cc8bec85b594d27ce8ac40778,1fb843a50182a7e13bd0e07e7385ee0824482451c96a91e5a3ac69da1bb191a0,a9ce31ce466d1b57b4ae0f64a857a7b45f2baca79bbb1854ded7e2dab48980d2,34.08592914596806,0.8823690126456865,34.0755711066572,0.8821897177308626,34.85376148172004,0.8878635118076822,34.847441906972776,0.8877702791920065,0.767832335751983,0.7718708003155754,0.005494499161995736,0.005580561461143829,3.4483250669378007,3.3173457942374944
CityAlley_first5s_f42,CityAlley,210,4.2,2024fb0a41b452ad1a064b57205094998ecff6387c9fa1a8b5044b4b0b5edae8,a252b86d4e58d33d7280e78ad99cbd1ecf141cdc7954ea3719f3456381f410f7,5dc667df25683260b6982b18f7fb33c2d6ab594ecdacd75e47781b46702ab798,65df0954dd6c7b3399b128fd0a9e4c1f6c5c45482dc426a2b7924c457275f954,34.10071225479859,0.8827834611164059,34.088362395903246,0.8826038018706667,34.86971668213953,0.888223551259112,34.860849675494784,0.8881273991116143,0.7690044273409455,0.7724872795915374,0.005440090142706078,0.005523597240947642,3.4488025842284395,3.318322173780678
CityAlley_first5s_f43,CityAlley,215,4.3,6fbf16b1f14619a6fc754536faa0831f15752123db29b7d1761193b45d044665,b3f5daa08c0dabae8ef0e1e7625565bcc03898f00a047e13ec82aa49d49bd34f,1efc826899c3a03364747492ef235d20f543a372b2ce04ff7a40293c0bb641f4,96e84b9e2ea2d77cbe4975eaddb76816fb4f513b426cd7c4d7ee0b1bfeb7da08,34.08648847759053,0.8826748098324211,34.0736713034079,0.8824958711847636,34.85210846255551,0.8881597806340499,34.842534882197356,0.8880639892557312,0.7656199849649852,0.7688635787894569,0.005484970801628797,0.005568118070967576,3.4866357363938674,3.3694526273574597
CityAlley_first5s_f44,CityAlley,220,4.4,e6cb6e45b0c8543b0b48325d188db8c59bc85879786c39e3ed4b5def2ad5e012,907fdb35e955537e34da19ea0abbbab4ff1d4bda6177a8992d3079b1b14d0775,ce79ca2aadb0c6e10fef300a100fae75fcb7ae1bbb4ed4d6b75b8ff84d952757,11f67a15b86b9795ad9846b9ca3bc3a282a58a5ed8b695e5e18ba7837d19da99,34.06946052974681,0.8825571547133402,34.05619730039263,0.8823815192379287,34.834612992130786,0.8880453262269388,34.824493758389764,0.8879611811094517,0.7651524623839734,0.7682964579971312,0.005488171513598594,0.005579661871522923,3.450974281638356,3.3216117373384124
CityAlley_first5s_f45,CityAlley,225,4.5,0a88030c558918cdb333cfead1d55a91dc62bf9888e4a5ad915552feecda5b88,66ceed2f7f058b68dab4de0a1abc8ed74910ff4819e31043032e90409b438dee,7999dc469a93f0bd293128a60d5d4f7e41da5977c2928ba891bcc20c008f2ff5,4d08f72e241186aa1631b977fb18b2ab6991c0ad47550a4ef9b5e923bc680ab4,34.07052454059506,0.882892263725367,34.058223755072476,0.8827172128941276,34.840099417637965,0.8883647157755798,34.83113585395762,0.8882802258299797,0.7695748770429063,0.7729120988851435,0.00547245205021285,0.005563012935852041,3.4549670092268783,3.3343926126428527
CityAlley_first5s_f46,CityAlley,230,4.6,4bc2cc231b1df05794fdc9c3b0e5b5c6506fd11307196d9a8dd05b2aa3a642d3,dacdcfaf3179a0cf2c7b77086c7ff65552a89be1d8d29a6237c905e57791c5d2,38bea62c9bb9430df70d97b96d61a4c7761172534c4ac9c0f80595017d9c16ba,6200ce2540fd2bb91adc72492ed80dbaf5382820908d0905de260b4afc92abaf,34.05955846388278,0.8827472464193125,34.04747150202922,0.8825780292843332,34.82427206985852,0.8881735245874308,34.81535464447414,0.8880925207364389,0.7647136059757429,0.7678831424449228,0.005426278168118359,0.0055144914521056965,3.458642855609505,3.3389118899487915
CityAlley_first5s_f47,CityAlley,235,4.7,cd6a89540ad1b02220dc5495673afc3ae7d58149088dd3a850a4c15661ee9c70,6e34b58b0d8a153a8834f17b13fdaf08975c1affbea58197690e381bc4ce3f6d,01b6752f024b75d59eec27e154275dba4f26e20b8ef8cdd2c930d40663c59f9d,ebe1f2be89685fdad132174d3ce4940d5228591dcff5a45a6dd0d1952d8a9200,34.04900767108456,0.882649702400836,34.03448013650876,0.882484198249041,34.81214770281605,0.8881215671921057,34.80176445419532,0.8880442418840767,0.7631400317314885,0.7672843176865598,0.005471864791269709,0.005560043635035705,3.451104302949166,3.3218249430150504
CityAlley_first5s_f48,CityAlley,240,4.8,492b314f18a4fe5669cc9788e33583c37f2d8fd7dd3e9b5abc1c7fac37d683c6,2176533b529639772b587f165708b1f024cc090663815934e389d2406482a6dd,559dad680b31c5a4c5141874e06f20601b8a5364ed8a3719b5bd00401d352f03,8661a1a631a1b1f864c7daa0c348f8451309ed1bfda52f165ced8ba25201d4ee,34.02869592351935,0.8825927625852006,34.01544675709913,0.8824146832178215,34.79352148820104,0.8881021275470518,34.784273078011324,0.8880165331845938,0.7648255646816864,0.768826320912197,0.005509364961851171,0.0056018499667723765,3.4391567349575345,3.3049693754683696
CityAlley_first5s_f49,CityAlley,245,4.9,59ea6d1f37da8bc6e5731722985bcc2b6cc33717fc7433b70c37a6545710b0a9,1e087c4c4e383dcfa2694415fae2853b4e4287bddbe5acfd908702908b6d2e68,91b5958a09163a575fbe490185882a76cd231e99dc14370807a1c1a1e2cf59de,edaa3d87c23784951d5271a2b7ffca6ed4261487bb9eb6f82b796f5609272a32,34.04382994065446,0.8827638063702073,34.03040500249939,0.8825902767912346,34.804701917856484,0.8882181780250188,34.79516114673989,0.8881278988236178,0.7608719772020223,0.7647561442405006,0.005454371654811441,0.0055376220323831715,3.4468626321192155,3.3153598589817648
FlowerFocus_first5s_f00,FlowerFocus,0,0.0,315feb8341ab4fd86fcf8489731050956dfb2d43db9d7f3e56f0ab9b9ac35a8e,c0b49ea22a2cca353200ef3ef2f3135fc7ea73067115cc8240f7f1ec98747c6a,8e4d468bcc2f8e9be593851676f22ecc4dbd35b124e79b24425b971ea1fbecc7,439a84c04b8dbc8955557f45b697e842231e71a7ff6faa00e60f4b8fdce77d61,38.96168653113878,0.8902822035862783,38.9606989490694,0.8903059086727674,39.01719591599057,0.8913906582498331,39.01814141143475,0.8914277314994192,0.05550938485178847,0.05744246236534423,0.0011084546635548032,0.0011218228266518526,,
FlowerFocus_first5s_f01,FlowerFocus,5,0.1,c7ee54499788183ca16d70c89f0649fa993c4b516d9968cfd7dc48891badd6c9,f42461c303b412dbe3124119ebcf3123df553b5f4538249cf176587bc2bd7326,45fc8f03dda17747b20af25a12765f63d1e3f6b327035514e8300afe1bb098f3,6025cf5bba9fa7fd2642b08fd7524b9a68b9011aeae5994943e916f39b65c9a0,38.90615592340147,0.8896945769888958,38.90472036272291,0.8897104794316568,38.98150995769629,0.8910756749243913,38.98198743853892,0.8911087173603022,0.07535403429481846,0.07726707581601033,0.0013810979354955677,0.0013982379286453517,2.9755217196574657,2.9493682867045528
FlowerFocus_first5s_f02,FlowerFocus,10,0.2,9232717d1bad46535a8eedb9194090cef72c0e69b10e40860faa3635c0aa5827,d71e6ccb38b450099d2ea501bcb62369660e385e13cb9bd22ba96d82928a0818,676393a51622232cc8bc453d597bfe93cef0bdcdb0c082156b5d7beba240a66f,bb2b904c76d82351b268aa357f87cde9dfebca04f07b83948281570b23b814a2,38.877059144963034,0.889349579217595,38.875337141046955,0.8893606535914063,38.95785671906824,0.8908986909684269,38.95875759691193,0.8909356067218278,0.08079757410520472,0.08342045586497449,0.001549111750831833,0.0015749531304215525,2.9816884621089117,2.9541485824017983
FlowerFocus_first5s_f03,FlowerFocus,15,0.3,f78508b0a01b6c45e1505ad760a7daef77820f6d461da4f5b773eafe2f26f0e6,ad98deae82a57bd0f8a0fa12d7cce2a1d9e8658a790178fc8f8554d409c93800,f51d922ad2e84fca67631f91c9721b402763782d55004d1e85a4e81b524d0da9,6c44aaf899996ce3b79a4ad1172f585312857a46fc3b72bc80e5cb75507ab07f,38.81688092235304,0.888733684690085,38.8148357244815,0.8887487079504909,38.9194709608756,0.8905358950053539,38.9197871936542,0.8905731925159918,0.10259003852255688,0.10495146917270404,0.0018022103152689484,0.0018244845655008834,3.006147227057703,2.970414175201399
FlowerFocus_first5s_f04,FlowerFocus,20,0.4,3044942a4739aa6ad700c847dc36db0f897d2eb6f5ca1d3bb60cdff7030ea20f,ccb07f1e5dfec94d45c93668bea010feafb892fe69434d780138144961b772a0,5af446784f0aec6984ff2d3d73e6284e2da0c26f565c845e5bbe304b5c5bd826,99873a27dc0928100f7148a9294a9fce13421cfcd9ed2c5677232af5ea230814,38.86026067441672,0.8892983762485244,38.858598950051196,0.889310918237796,38.939011119920764,0.8905715109879312,38.93965297288127,0.8906021598222555,0.07875044550404198,0.08105402283007379,0.0012731347394068226,0.0012912415844595904,3.0044704888215823,2.9716725521841627
FlowerFocus_first5s_f05,FlowerFocus,25,0.5,0a41242dae316fbc7cb4510c14f37f0556a802408ee539d01ea77310e763fffc,2ce657b8b25af4279d9f0b1187b96f4310411733e3ebc161bd12c4beb9ccbed1,9b598dd46ebde239946da6dfb132177146679f493ff6cbf1f66476cb81e670a1,7d47680c3113096f5eb83026b3e664d7ab8a930f51e2c2c836d3057f6be0ee68,38.91322405807708,0.8896262591234446,38.91171345702975,0.8896399857520403,38.97603385858223,0.8907136981865598,38.97665097149682,0.890744982686274,0.06280980050514984,0.06493751446706852,0.0010874390631151476,0.0011049969342337151,2.989457784300256,2.962212343096234
FlowerFocus_first5s_f06,FlowerFocus,30,0.6,4f974af096aa3f0077e28111d0926b8eb95bd217e986d4bafc3f7427ee2cfd7f,70b1049c6fc5124b59d6ce3d4ec2a258eb1b99930d61d05188c9da21bc24d4e8,297ffb1fa6d0771d4d01e749637237ae6ff34c16aa219b928af0fe5901ff9eca,9a849d48783b25d4d00f9fcb501f1de7d35d34a95d95ec0228941951808f943c,38.828697845507364,0.8888617680553338,38.826403440708695,0.8888659794413818,38.91936422518717,0.8903596130421095,38.91946958368264,0.8903879879588198,0.09066637967980284,0.09306614297394589,0.0014978449867757426,0.0015220085174380005,2.9952649556219946,2.965491783043465
FlowerFocus_first5s_f07,FlowerFocus,35,0.7,2189ac7cea5f1bc7118ec3768cdc2112befe103bfdef6e8c2411bfacd263bdc8,1f7dcda954b8f19ca98408e801ee8e4e1530ce8d325d50e625b0bc5997095eb8,581ab429ac4a6fc87d0235f101e6dcab3d49782f7c508deddfbeaa506246937d,542c3d411a9d002ba265ffed100a7c3ec23a35b41eb37f036751a32b8a3762b6,38.860287554840795,0.8890197849741203,38.85807390762926,0.8890218448247945,38.948082490699804,0.8906439926126272,38.94840048785552,0.8906685113318761,0.08779493585900866,0.09032658022626094,0.0016242076385069026,0.0016466665070815623,3.0078217698120278,2.9734334505557984
FlowerFocus_first5s_f08,FlowerFocus,40,0.8,5ab396766430033eaf79abc7a7b5161d3911005c95bd09274fbf68200b323fde,beda91482c11726d37fc6f1a856122652e0e7b906f8787e2a7f91ba2c1386de6,7d042c5604007d37a3b04eeb05d3f4e6cbe420f7c95e33044cc10b3a062e3b7f,113c83999a26833e89351a22bec983c268632223ec0992b90184af8c84ea518d,38.74350721769581,0.8879328697104754,38.74095621583344,0.8879413323691726,38.85158371550331,0.8896765716831226,38.85134723391247,0.8897050574730413,0.10807649780750239,0.11039101807902796,0.0017437019726472824,0.0017637251038686852,3.0179939248579277,2.9824190696621495
FlowerFocus_first5s_f09,FlowerFocus,45,0.9,aa04257159c49d4539bf945eb71d72143cb142aa411ec12b77fb8591d0be190e,9405e0db897184c17e9f7b624d084132af6ee4765f2c1a106429962d078da6b1,9c53fad45d71397470ff0505ae1a4e4aeb5b1a0bc192ed9006d6b43ce7190fe3,eb4344f5049d1708456e4405ae79770787594692d723026693d1258ce29107e3,38.92931012706618,0.8898361677352095,38.92817719923502,0.8898527041644549,38.99115559234987,0.8909471782505224,38.99204918713544,0.8909783250803638,0.06184546528368884,0.06387198790041992,0.0011110105153129268,0.0011256209159088426,3.002931212140136,2.97252757037251
FlowerFocus_first5s_f10,FlowerFocus,50,1.0,9d781fd3b86d08531d1e4753753157ed97c62e9a3b7a1c8df9db1de1ecd9ac84,7aa98fc4d8bf04737e88ec0b13b49aed29e9b9e9f6d18fc6ce5ffd6172fff76b,119b907d6c285ea022575ba87e0e91e7ccca32e5cfeeeb0396d532d08c74d5fd,c20397213821738fdfbc07af6e347e0480fe89c0dc8289df4a6e95a1325aa7ee,38.95806746926325,0.8899816340979753,38.95620101132653,0.8899911230345805,39.00437622483633,0.8909002632345975,39.004682579291995,0.8909279753766711,0.04630875557307945,0.04848156796546732,0.0009186291366222177,0.0009368523420906216,2.9698174920377194,2.947753997728408
FlowerFocus_first5s_f11,FlowerFocus,55,1.1,c64d70f6848ea0fd8f52ae95b11936ff6cc257e13c6a364e70da208b806f81cd,d6821ff65e90ac8289542be010c3902efba4d03eb3779110caf107fd485358c2,5d3c36aec48b47775e954ec1a9b2a5d2557aa22f5fed7e9330e4f5944d602209,316a0c706dbe9c86cde66e940f97d2b3c79aec149752926f59544e99e555d327,38.98271755703961,0.8902800451352053,38.981781297736305,0.8903011356519419,39.01891041778864,0.8911418378379689,39.01999092283711,0.8911795723789083,0.03619286074903272,0.038209625100805056,0.0008617927027635419,0.000878436726966414,2.9630784606647724,2.9446812989836384
FlowerFocus_first5s_f12,FlowerFocus,60,1.2,b9ae953ead5774ffafda3e0e7daf8ae1a95c596ac7ed27e9083f155ae0f78099,5e5b771a875debadcf78111f5161d5e87fb6329a9a4486cfec5990ec33bb726e,5cd9e37954776afbc74d778b27411bbd7f66aaca5b84af0ec8291d65bc4dfa6c,90beba967f149a1d5b5ef417c240f2e2f167100c28abae6eedc6047be772eac2,38.89684843429158,0.8898228330503777,38.89570304154721,0.8898554620373645,38.97676517560277,0.891226047224587,38.978057885035106,0.8912787403905965,0.07991674131119453,0.08235484348789868,0.0014032141742092996,0.0014232783532319715,2.9742063821192155,2.9505194509929433
FlowerFocus_first5s_f13,FlowerFocus,65,1.3,fafbc9cdddee9bb3062748cb5abff3c73f7a4fb5864276e77f579cd72b9117aa,c01270ec5e954bc171cb7a95daf60b24b3b6d3651cac7a134aff8f7fdba7e4d4,eb1ace969d05d04954cfeec56a43abc9c4c23d9f01f57c163863b2afc2b20c44,420a98d0277ca8fae90a553abda7ce5f3938b3f032cfad7aa13b37702038013b,38.83532365464677,0.8894006405332224,38.83374480945229,0.8894182891154436,38.9222478894984,0.8907454916349047,38.923135771105834,0.890787846724862,0.08692423485162948,0.08939096165354243,0.001344851101682254,0.0013695576094183703,2.994181241413227,2.9630354048273277
FlowerFocus_first5s_f14,FlowerFocus,70,1.4,4cfc552c239e56d4fe1bff77444d78bef804082a7d4aa5e4fbf7c035852a8b05,dd65f2f78d40e15e9562e7e78e624e5e1fd16a9ecc5103310c7cec563e2b3535,101246c95d56661b21334f0ef57da14f48f7e6610e92a6a8b5eaa4d97c37e582,d91d0ea4ba8cf78350b47369606c2217f9803e878fba9e43ebd84446a1256f8d,38.87257568852177,0.8897129626879962,38.87115290172999,0.8897235870612765,38.95324235277615,0.8909844527004795,38.95397949470557,0.8910136558168543,0.0806666642543803,0.0828265929755787,0.0012714900124833894,0.0012900687555778,2.995246294026728,2.965477878325423
FlowerFocus_first5s_f15,FlowerFocus,75,1.5,2f8be4c4c9951d95caf7449b44cfcbd575527a27d0ea8576bc4e9364db81f6b8,f4177cefb67c1165dbb1472c0a8546013b6dd097cbcf55839b5a7f19a2997565,0711ba905ae65848057c273d88b4c251a93ea4079cbb04b958b69f10f3add597,cabc776f5a0300ad3d3af41b0780fef4c0692ccd475f77d2d6325724b74421b1,38.857383696862335,0.889429614412296,38.85556738096455,0.889445724013401,38.93804537942729,0.8906940436904508,38.93843305454548,0.8907292818106609,0.08066168256495132,0.08286567358092611,0.0012644292781548438,0.00128355779725986,2.9912971101604944,2.9613873298257665
FlowerFocus_first5s_f16,FlowerFocus,80,1.6,0cd6f1a547a049a250e3f104e4c356c726ebe1eea86870d992218867429bdf1f,8abe0d270dc1355fecf4be7c9a484491288b36670f958ed705265025bc8727fe,bc25399c5309706be405c82d5606e0a492ea5559429b8692b21a88bc6a6e9e2b,2d8576d70c6f2c3d8260207205ef8b084b7fe5fb9a7e69a64bc7bd4ceb1e118a,38.83900866255426,0.8894002820431345,38.83678205607007,0.8894088683692652,38.929099131664195,0.890789346814502,38.92920534979924,0.8908184624763064,0.09009046910993845,0.09242329372916913,0.0013890647713674653,0.0014095941070411122,3.000301268890901,2.9699397071910325
FlowerFocus_first5s_f17,FlowerFocus,85,1.7,54dacabe9fb4498cf8c6426e45190c7a4bb3938362014be979545c37ab9d310b,90fc9e73be049df30adb977484f46988660d129d9181e64a94c6e3571d15870f,c46fb7dc933806e74aa6998b7e5325e5843d6d0a7952127417fae9b0f1d38a58,4f4cc01f97ce8aed6c3e275503ef1878d557015f59b967058c2d72e932b12cd9,38.80530754268004,0.88912134609997,38.80261159176875,0.8891292217323459,38.90300081637028,0.8906586838284241,38.90289055716545,0.8906920585318446,0.09769327369023983,0.10027896539669712,0.0015373377284541023,0.0015628367994987569,3.0070028551021046,2.9741324675654157
FlowerFocus_first5s_f18,FlowerFocus,90,1.8,c9b33df53fb1004dff6d10198a950cc70e9a6efc3d846d826e0f6004ea0af6ae,a843686a4d4c7d752b989a3cc23f845c86899483a9b169234c64d9f3b444b3fa,99eab7ed1342f1244674c664d6aae2e09c491bc165807d6ba7f719b11ef26c38,3b9dbeaca994f27ac747d6baea559705ee377b2169183fb8f1f3f3f36578cf4d,38.90445206613092,0.8901294735067937,38.902937635992174,0.8901599809738951,38.98299832517606,0.8914331140999957,38.983968732088016,0.8914854651903549,0.07854625904514023,0.0810310960958418,0.0013036405932019823,0.001325484216459727,2.9977895157450196,2.965464827405858
FlowerFocus_first5s_f19,FlowerFocus,95,1.9,8dc05fa426a4ec9d22034c660d17b4f5593572b4d78973f71c808ca224e655a4,0e548ec27d2b3621d6e9d39a319f0b5fdc08b89cdb00dfb97ef1939a37974441,86896c808cd17bfad9671c514b4cc84c1c9f28c0e8220b6ff8562d88cfc4e7b4,5e0752299eaafab84bba297b97df5656b57fa99636a83ff38fbee9c186928dba,38.90564931494297,0.8899772141776147,38.90421471728209,0.8899976164232651,38.98050090984754,0.8912478224863535,38.981224012615066,0.8912874215923624,0.0748515949045725,0.07700929533297796,0.0012706083087388187,0.001289805169097269,2.9827587594844815,2.9535088434006744
FlowerFocus_first5s_f20,FlowerFocus,100,2.0,31182e9ec978d955b5b713934378cb95175d70bc8f4fc409dde1303a7815baf2,11aceb67be76fe87d78ba0c2680996cd2c36e8e1703afb80a6a61bf734e723a0,0bc6449707d39a7ca97c52c74d39bbc1ec92e95b63d0cb1a9e32c86145cb490f,8f91a6d3e4ee23c0297ae18cf9711a928a5528c1c99c6290317edccbe49d7719,38.94953409197224,0.8903775585742814,38.948822412353046,0.8903991432227153,39.01013200806958,0.8914793567529166,39.011365519091946,0.8915160530050275,0.06059791609734333,0.06254310673890018,0.001101798178635205,0.0011169097823121588,2.975029809763942,2.9482940862502343
FlowerFocus_first5s_f21,FlowerFocus,105,2.1,11ddae575ca709d3857243f99fe50331065a42dc80a464c0998a20b92b748f4a,b8f39202d3fc8a762d2a19cb0eb54a0dd8278e437cf02c72804cfc286d1e0f59,dddadc4687ea44e2558e40a28d231c04d65c017ea950ec413ffc10404af89c6d,e181a072215b209cef26472a69cefbb7886e1b6771fe249b93bcc63faeeb76b0,38.93106179094402,0.8900576208920226,38.92962439478743,0.8900734937760986,38.99616746266766,0.8912240226536755,38.99662891021839,0.8912563000002935,0.0651056717236358,0.06700451543095909,0.0011664017616529465,0.0011828062241949766,2.9725913613158057,2.947043637396178
FlowerFocus_first5s_f22,FlowerFocus,110,2.2,ebbc34907e3763e4d2e663a67691afa7d00e7d8eb8f1fd7d84d6ecb56b7fca5f,8f88b81c45b151f960814405ab42ecd2bce0b0c04ff6fbab501c8e214757c373,e54a45e4d89eec117ba25791f2c7dbdcbf1e68d392394d6e16fd69f6973d92d9,87c1654e884f8c8c086c91f456f971e34fdfb2327a846df9347d7ed64d1a0b51,38.81339311439709,0.888825372783743,38.811765821805615,0.8888427055547014,38.90033061554304,0.8902146341500103,38.90092958263765,0.8902506032559704,0.08693750114595389,0.08916376083203659,0.0013892613662673803,0.0014078977012690341,2.989675502911697,2.9638616378099045
FlowerFocus_first5s_f23,FlowerFocus,115,2.3,798598972291ab1d4aa15269fad42f4b291200295d49dbd9b65d76f7d8d57f16,f10040f575f3d6e91c75334136d2cc2e8845af656fa7fe796111af0d8f29fac0,f33bdb111aef4ef7e4df7239f0678bc85f4672cd477cfffb235c0b13f17180ca,b66c7a258f5bda3af7e2302fb98657303218df933c09e27770f4cce9d5da92c8,38.78943788551097,0.8886761181604469,38.78755429392881,0.8887010395800365,38.88769684895624,0.8902577403489579,38.888436520443484,0.8903042466333313,0.09825896344526797,0.1008822265146776,0.0015816221885109893,0.0016032070532947529,2.995682463076875,2.9783154702429275
FlowerFocus_first5s_f24,FlowerFocus,120,2.4,3efd5a6c21f1add0e0a82b2ef88c11d7e49313665a77dfa660d6f538db726308,9348def96134f87d380a4665777ddf5fb636375cd89fea0b5652a7945d89731c,1f37ef53f7cf68b295abd918c36e63d8b703182620dcac4fe9c0e1374fb64144,44b54b0b0528f8eaaa137066e93479daadd94f227590a21c3c871f3aac25549b,38.77545664633898,0.8884137546431173,38.773124439954174,0.8884207797284439,38.882484305626626,0.8901994490790275,38.88263812895797,0.8902302911114929,0.10702765928764535,0.10951368900379777,0.0017856944359101456,0.0018095113830489673,3.0196004076765752,2.9818459269421718
FlowerFocus_first5s_f25,FlowerFocus,125,2.5,ac09b8528c0f542656d47bebaa7119dcea9de2adc68822241a9f2bc5621b1acd,76197a11457b3bfdae66c937cdb8a497e21b082e46b011d40672a5f6bae9d7e3,3204a299399f6708cd77d204b86896e0a73dedd3bce9467d13e51438f498f067,acbaeb9776f4949315d0969c632c7adfc634a42befb181588659997e3c6c90c0,38.788121779361866,0.8887150710544508,38.78602381714324,0.8887336411771652,38.89440617526221,0.8904649657894709,38.894954569018026,0.8905078062826963,0.10628439590034588,0.10893075187478729,0.0017498947350200744,0.001774165105531078,3.024531215848061,2.9852192847217887
FlowerFocus_first5s_f26,FlowerFocus,130,2.6,21aad1c6e60618d6a75f31cae06f860c75aeddec6888024e72402b8ba618ad8b,51e765f9eb96b758b812173b5ec1decb4115e7675b13ce6d263bef64f24227a7,a8d14eb02c99ffbf80ee8136ae8187abdced2054c979913564beaab6a93ee4aa,6897c43794c3a82b61108a48172f7468c532977bb5cd0a4edbdcaa4dbea4752d,38.79548062870195,0.8887906304994351,38.79304082769814,0.8887853913779031,38.892369408181196,0.8903350392047544,38.89219418777322,0.890346139469854,0.09688877947924368,0.09915336007507847,0.0015444087053193556,0.0015607480919508365,3.0146605736354837,2.979600193007244
FlowerFocus_first5s_f27,FlowerFocus,135,2.7,a16d88386bee6d3e41aeaee6ab9ae3987a693fde4b943f99c8b9875b805d68c0,d388b6e36445e3d2fd7e48f7ec2a75f6df924781a4c316be39f0d5a4078d8a84,95ff655229225403d13fb6a836af916fa438f08926e62475fb40caed4700bb0a,cb4e3fd9c8f22a2b7909d4b8c0ff0e9d4dccbfa0f1e51f5e7ac9b4d62193a0d7,38.91904353161793,0.8900934987145454,38.917535967238926,0.8901088632138766,38.99309452162787,0.891390691107872,38.99374668927389,0.8914263016436983,0.07405099000993687,0.07621072203496482,0.001297192393326596,0.0013174384298216824,2.995649042965091,2.9682071061403237
FlowerFocus_first5s_f28,FlowerFocus,140,2.8,b09d403266c4c8907eeedc0e10f36d8a93dd61f7ef05e8dd854dd09a6f817db4,0294920265499ac14da5d3253fda8d98b9dc6456b0dd8b25bc9f2974d6558bcd,346f010d15d1c081a853a157e6fe48c4bc2f3d05cf61540c250dd04877aadb5a,eefd28288641054d164cb562d54a31cd7c9fb7af53bca7276fe815e39425781f,38.758360178917236,0.8883678836176119,38.75550999771225,0.8883689925188042,38.86982523997714,0.8901646206655496,38.86935294211566,0.8901886013678096,0.11146506105990284,0.11384294440340881,0.001796737047937702,0.0018196088490054496,3.0066685320130517,2.9731320596936865
FlowerFocus_first5s_f29,FlowerFocus,145,2.9,f693b2bcbdb110dc5099c545ea3ca9a00977e8b86e4269ca99f08102af4c101b,ad809e4e3ff24d708116b70de40f28ce96d363fbc85a83840890f3e5ca8bdcdf,62fa731e6e136136056361f5febb9145fb389f50f1d982c6a84ce925be93d358,d86acbddd77012f1ad617e0519aa29947886a1e270ed1fbab77e5765ebe6b365,38.75102815154419,0.8880129860357945,38.74817208375897,0.8880060599711028,38.86655486141383,0.889984071468762,38.86611200731948,0.8899989455030975,0.11552670986964131,0.11793992356050609,0.0019710854329675342,0.001992885531994726,3.036513301692375,2.9921599345063385
FlowerFocus_first5s_f30,FlowerFocus,150,3.0,03374932b5379256445fd76e0296d75c4ce0ea8f27922803deaeab0ed3e277e6,cf3c933586479bdf17196c1a48a62b269d440f8b1eae120f42a352188086330a,95040aec51dffede86235d66e17fea9bfc2326b3d3ef77cc96d56e479a58940c,ada05614291f21cded07db14c0a33ae37c5cfaa3bfb06a9090cd058746c14da0,38.79583797227279,0.8886796418225247,38.79379927575326,0.8886868186822289,38.902266617944925,0.8904530098717837,38.902656879091055,0.8904811520323781,0.10642864567213195,0.10885760333779615,0.0017733680492589832,0.0017943333501492242,3.0277678439002687,2.9882658816274277
FlowerFocus_first5s_f31,FlowerFocus,155,3.1,0d5ff7c001907d53f993943c45cbef76ea951c6f910702f886c81edb2df622ac,ee3f1c8d3bcb5dcd4881cbb1c7d7c6b2a21ed23fbc79847f1a7cd7340684cf28,75f6a119a06bee8db6835dc67824b74da9ce6fff5e793eb4e17a152136475015,399ee8a50708f375963d8730c1d2d04e7ec6640ecaecf068fd720f03a70b2951,38.7664594128118,0.8884290573320395,38.76446399952218,0.8884423636649978,38.869482859780284,0.8900462051507476,38.86950565222429,0.890076591586983,0.10302344696848564,0.10504165270211274,0.0016171478187081423,0.0016342279219851985,3.0211132166052583,2.986516814463249
FlowerFocus_first5s_f32,FlowerFocus,160,3.2,5c001b911ef60eec233bd68f1d35e8a074b03f51da9f6d649aac8d1a29160c96,6f406b56327ef3dd20cf97d43c4c7180f183a9866fe02b102a81f84f5c757ad3,3e23856e886560c865825a2c3f086bc2bed572a4fbbaa166492798bd04ff46fc,ef8830c0a816dbe0fb7838a0412807133b0ce7fc7ad4d59d8212efd287801359,38.87084260855878,0.8894013348117387,38.86936173284796,0.8894097282688539,38.95937565413038,0.8909591607828391,38.959922650282316,0.8909854870128523,0.08853304557160158,0.09056091743435246,0.001557825971100435,0.001575758743998401,3.0067518383500906,2.977308963810654
FlowerFocus_first5s_f33,FlowerFocus,165,3.3,47ad9c8b8ef776e89d837338906fa2bbc4bd0102fdc14ac561950439e3eaf52c,a34ee8005c48689c28e71f043285596231e036ff47ba15ebf29b36156168af37,70d88622687a1bc4c81937fe3a05d4467831cd16b1ea388c9534090715dfb168,21f72b66fad0a4e169a4a2fd502bd866f67daf66cbbfe7bf12160d82d52b6172,38.87709906233246,0.8893276741568025,38.87453093819264,0.8893349866340353,38.96261442237406,0.8908974159854903,38.96257598919989,0.8909295577227604,0.08551536004159743,0.08804505100724924,0.001569741828687854,0.001594571088725072,2.9956225752123276,2.9616739621713606
FlowerFocus_first5s_f34,FlowerFocus,170,3.4,e571bdcae6947b5515bea4565c9f992d207e8b445474e5fe4cf0ab1b302fc4f8,28fd0c265ea122fece82da82c8d72bbc9c334017acd9beeb4e39310ee4e3ea42,1a8e8900f2fc532bbdfb75dd2fa14f0f520dccedb3c70645edf89dfe3d0db82a,c71a66c0bfb6d860fee769adcae64eda68f1205793e13f93a1000daa5d4e8e25,38.66081450179904,0.8868549743697764,38.65753199707528,0.8868512977944967,38.7861573182477,0.8889421293842431,38.785272699582364,0.8889628491549645,0.12534281644866496,0.12774070250708291,0.0020871550144666573,0.0021115513604678116,3.029434702468307,2.9899437176044463
FlowerFocus_first5s_f35,FlowerFocus,175,3.5,1b022639ea0c4e1777b96521596cdd4e063a562469828cc9c39bdaf25cf0f944,ea156d1143855a3b7aeba7c4abc71b79d5047a989e6542f15f20f68d1ded3b9f,2539da927104ea2901dd7905ad658aab14d64ba0c5cc701061cacefa1fbc3b5d,09ca8296ad3042736c689b97c8cf03016af57d718a3441f1c95871c573455f03,38.97756470147811,0.8903793083155671,38.9764806742182,0.8904006930336219,39.02113795578879,0.8913798756687583,39.02203880225291,0.8914157993904273,0.04357325431067949,0.04555812803470616,0.0010005673531912063,0.0010151063568053509,3.014877438448448,2.983625120995441
FlowerFocus_first5s_f36,FlowerFocus,180,3.6,e3a48b35322055d86cabdd6f66031dcd92de5eb566193304433f73f0156316c5,6da3233d67805c7d305eed8319c461a8b31d493b872480d08889cfce93f8f562,526f3a266d449e4b9c7322e4f169999c0c8b36dbbcedc66f7ce50c70f660bab5,0120e9edf65d717d7dfc54cca5de521c019655839283d9cb7793da928affdf44,38.85243403170936,0.889409860105309,38.85160812146183,0.8894326436136685,38.94109266324661,0.890882706162058,38.94257600700615,0.8909269104727535,0.08865863153724973,0.09096788554432322,0.001472846056749022,0.0014942668590850472,2.980760139222819,2.95431982998189
FlowerFocus_first5s_f37,FlowerFocus,185,3.7,84cbc9fe2110110066e05ea64df42a68c0bb0154bec4886f69747f4e918d2541,a2ae573069a1c9ed2c60e4e64cbe9693a31228278bf1ea45217acb8f495e5338,0c27a8066188fcffcf6d4c455bc9ef7bcbd7cce354765470c168e7ed040badc9,fbd36db0c8d3aaf34d1243d3626e9b1ae961212deb9788df91731c76bc222021,38.87539649588988,0.8898215117071242,38.8734466386791,0.8898412425977925,38.95990086359401,0.8912202455375835,38.96049432922321,0.8912637964043664,0.0845043677041275,0.08704769054411088,0.0013987338304592978,0.0014225538065738563,2.9957545480625116,2.963261295509898
FlowerFocus_first5s_f38,FlowerFocus,190,3.8,32557a444469450d5e687ae8c89d77f3cd54b4c6a69c29c48a3199e9cab3250c,92646bffea7f38b94dbc8b0ff481890f36562a65547a6609acda98d9a56aed71,8be282bc2c46012a0361327d89e54a5168a2c1cb40747de98daa8568772eca42,de1de3829a06b70ba3260a763db3e4a370a71498f31344762c8a9e33b46dea83,38.7339719833286,0.888231504223599,38.73060890759977,0.8882359026508332,38.85215434554054,0.8901851123303659,38.851618877468994,0.8902167842373325,0.11818236221193956,0.12100996986922041,0.001953608106766924,0.001980881586499339,3.0169542422562916,2.9807292805064636
FlowerFocus_first5s_f39,FlowerFocus,195,3.9,7e9e36388ed32a8632a940e1396cb7dd9df19c0df688a46bae297a84a66c153b,f6b5d30d76f52f84d3cc09162ea6700f0ca72eee0c70fea700baddd07baaae8b,67462fa177f843f6f20052bdfe23d54388cee17c91d318b1e555506803fe83b7,2855663133bf1c30042d6f26f2185715fff0528475226bd51f3455dee4b1cf95,38.71634449029469,0.8878117601110179,38.71307376903292,0.8878132364533189,38.83633907005234,0.8898647212834068,38.83573617412205,0.8898919530023782,0.11999457975765182,0.12266240508913029,0.0020529611723888452,0.002078716549059334,3.0429086181930307,3.000897708112159
FlowerFocus_first5s_f40,FlowerFocus,200,4.0,059a10548b7bc38c0ca8fde3a4073c064eebbf526b34157053e827f4e72c6708,6344adcdb53bc8e6cc515f623e3bb895001afcd68309a7aee3bf8d0666e8ca21,fc159405185bd1707857204c6a4cb01ce8a2a30e60c8165bcc3158c75ae81113,9f3b373eb1718dcaa09f8f38123b39771aa37a8ae80a3f8749ad4a3eef1c8497,38.89234120533491,0.8901599844107456,38.8909530711342,0.8901836582874938,38.98255918302119,0.8917616867175394,38.98350992281783,0.8918069573487755,0.09021797768627948,0.09255685168363215,0.0016017023067937952,0.001623299061281669,3.020416395077437,2.9814262240054954
FlowerFocus_first5s_f41,FlowerFocus,205,4.1,2f35d62324c9dd526dd3213dcb939f4660e6c15e0e65a49be9698acfdadfe67f,d01d3443b303836f06cb7e0862685bafc348bb2b2b2a190c88e340dca7cbcb30,4fbca9cbc502039eae67a0da008eb322b7301e1b2d6150a35ffcfb5a5195148f,a00067321eba1f7bfcc9662699d2ff4b64d4b4235570bcc9eeceaac595820d58,38.94649806593503,0.8909969994614952,38.944977112613536,0.8910116437661348,39.02119368137609,0.8922316849727971,39.02207099603311,0.8922677862363368,0.0746956154410583,0.0770938834195718,0.0012346855113019028,0.001256142470202004,2.980459846101605,2.947717406365141
FlowerFocus_first5s_f42,FlowerFocus,210,4.2,7fad6bad7048d14688b3dcc4ec447d53f1e110931c48fb84f760a36f11d1ec35,8dde27b4cfd6fc4fc3cc01e0a78c2d42077710e5bfb994711c9b2f46ae2d0697,e88520155d2f7f8372fa6750f97cef90b59f3f9b387234f40a52f961b19c08b0,0ba53224d0c638d2666b85a30b1bd2c60cfb40a0a0f9e314b794ed5041ba4618,38.910054165619165,0.890823896432503,38.908989867949344,0.890856027185374,38.983416612257685,0.8918852288214348,38.984623088148226,0.8919337020072604,0.07336244663851943,0.07563322019888119,0.0010613323889318016,0.0010776748218863652,2.9727846856850686,2.945161133727284
FlowerFocus_first5s_f43,FlowerFocus,215,4.3,e187e9bda77f2199315f809619278f3ec881b7b554fe6aeac41063df30b66782,44b450c8643866b835568c47d9a07c67b89affc42ed7cf9694d0debdc72a5087,6dd7ef0916d9e6284527489ad3cf49da7406e4ce6951834b26f2317797bd680b,d4bb965c584335e2ed216e3a9db20d36d1678f48e84d681852c561bc617fd783,39.029874259143035,0.8918939266460587,39.02867765415005,0.8919172340307634,39.07981257554434,0.892809562778356,39.08064925950005,0.8928502420148552,0.04993831640130253,0.051971605349997674,0.0009156361322972817,0.0009330079840917938,2.9611912001186536,2.9369380786314245
FlowerFocus_first5s_f44,FlowerFocus,220,4.4,3c5920ddba3e0e77e485c36cfc8ce1dafc78d5344b8492b48640a12aaeb1a9f7,e768869cf00dbc8e53a2422fceb218df9f0c430b1718121ffe194cad63b1e026,8de777dc37cf063b3db5960379c95d7f26878cda97679dd846b31ed4cc54fd55,45ec11bead3389e53c45bbaf7d99d330d05ada12c1521314d6403893df872ebf,38.84797350346809,0.8903613682521835,38.84587289945224,0.8903828725547702,38.95092103802437,0.8919442955709811,38.95125308119108,0.8919873407754566,0.1029475345562787,0.10538018173884467,0.0015829273187976112,0.0016044682206863836,2.9706629964716167,2.941248053339474
FlowerFocus_first5s_f45,FlowerFocus,225,4.5,42dee036e7e24814a9aa7bd49ff4ed0de9ef3a5ed74b2b498ff9b8ed2b9ef7e3,d458377adfb69f3fcc9805760df20ddd1f5ce6c1bd2d57837d23b8b98c0676b2,20a607ec50c2990f32e5672a3a1a2f9e58e8b8f1cb4798d58af8c5e388a04f18,f6382a68b9764fabb522068a07ef5ce1a0023e5f867da37b9f32eb946e674a24,38.921902670888386,0.891327310766399,38.9210637118185,0.8913608341664405,39.01177849686133,0.8926830149103797,39.01330807812026,0.8927347039303435,0.08987582597294619,0.09224436630176314,0.0013557041439806738,0.0013738697639029684,2.987828858778805,2.9527464013613938
FlowerFocus_first5s_f46,FlowerFocus,230,4.6,253a5665ea2585370e7ea5b6022048c054db4a25936d127a5852566b6d9b07c0,bcbb7b5502b2ed6a4e34884bbca8caf52eb3c9b08244b67a0885eb690f791fe7,42549746489c5198e2a9a86ddcdd48e60106699318678b2078ff1c039641b3f5,d7b3db34ed7fb1b10299d5c7b24deae06ffad978dda83618bbf52dc1d830861a,38.92929433194655,0.8915049979942347,38.928251857991285,0.8915403378024975,39.00278886141322,0.8925495649179229,39.0039954006802,0.8926011517166805,0.07349452946667157,0.07574354268891881,0.0010445669236882615,0.0010608139141830009,2.972143848943046,2.942537045096172
FlowerFocus_first5s_f47,FlowerFocus,235,4.7,69613f3a5c76a354a2b24ae430d9db8e7eeca69baf55b76f157c610e19dcd825,1e2823515794fa79ce8574f6e565296f567e1da0b624cd4a0218683b3c494fda,a28d4d46b52bd8dcb65d1da2e916f21ff8a571aa11da2ec5d38a8d163c2b511a,096276dfc12dcef0b09a41ce86351678d598e4011aed19cc9a7cc0e296380024,39.05937071213329,0.8927818912237994,39.05935659845794,0.8928251267117762,39.10779592324003,0.8935552101214577,39.10993008091009,0.8936159374666566,0.048425211106746247,0.0505734824521511,0.0007733188976583039,0.0007908107548804111,2.9482500546431023,2.9246466737962904
FlowerFocus_first5s_f48,FlowerFocus,240,4.8,641de443916a2e9a6827e804d9420d4f591a58f1497ff643ca852244cd2f0d67,b0d97ee9b716d272d2179a46461c9c1bd4d49c676c504a38f9cae9aaaea74e93,11800b6ac8bbf09ce99c2998b55f9a1fdc1ce6061300211c19e27d3255e1f598,ceb261359070ad50cd40ab60a88db530382ffa7832238690c07d7f4cf338bbb6,38.980470919018344,0.8923309311444936,38.97976106871631,0.8923504021710102,39.045287529778236,0.8931681744603761,39.046820642141206,0.893203692768027,0.06481661075989109,0.0670595734248991,0.0008372433158825299,0.0008532905970167759,2.940831155740648,2.9176794342877663
FlowerFocus_first5s_f49,FlowerFocus,245,4.9,69a182988b53c89245889b006e9c8a68c6da7ef52430eb5beb93ce1fedb6a3a5,02710bd8118c6e3b3506f31c8061eb0eb650182f5b0f15a5807604c851cf9119,ccdc4352ac70c0c5520845a3ec6ec1aed6f768a620e2661e21991858354f4cc3,c18e0cced8dedb37781d9c6f57e1bbfffc8db5f1f6fddad27a20da70f3226bbc,39.176330877735666,0.8941146405073939,39.17665653861254,0.8941433367769477,39.18168544725765,0.8944045604506171,39.18365034261727,0.894445394376867,0.005354569521983876,0.006993804004729043,0.0002899199432232491,0.00030205759991930314,2.9224260659308063,2.9071732000952353
FlowerKids_first5s_f00,FlowerKids,0,0.0,a9728d16c799072454a77b0b0d68d209d5a3f8445d83c5a2e97b1014b8b4267c,9bdf3888374508965b84b6b52c03c4ce06cc562ef5a8ed5d787974492d2f377d,acb91cc387b83eab05d251ce5006c55179720011173bfc98ff90d9d6b15cdbdf,f6a962035a9613989088f2d9ff2e11f344ce30eb6b746a4ddf5e67e31636a86d,36.425161032121764,0.9293349416044128,36.41511150582942,0.9292450109316522,37.949773722280156,0.9349785227521336,37.94792771983771,0.9349438761523795,1.524612690158392,1.5328162140082853,0.005643581147720789,0.005698865220727267,,
FlowerKids_first5s_f01,FlowerKids,5,0.1,f07fc85911e90336e11de74d99a60c34ca5ee94ac5b8d2ae91d3519752f9a53c,668e200a94c4cc675962b3688fb7c4c2ff9cf935d8b622cdda69d3cbe3bff395,f3363923fc90650cbf03b81ec9e69a30921a034aa01d024bb823a70f847b3bd5,798b79205b555ed30c863bbee4435f278ea258847e5cb8a2f07159797613adbf,36.81226596641183,0.9333464530327039,36.79843266997303,0.9332335954115889,38.407690035563405,0.938786379334464,38.40065854983225,0.9387263034432215,1.5954240691515764,1.602225879859219,0.005439926301760045,0.005492708031632598,3.0519765678667334,2.6562025531989635
FlowerKids_first5s_f02,FlowerKids,10,0.2,39a056ec31dde1c83672a42e594617fa41475bf143d850e4831476842369539c,4a7d894172dc77aaa83ef4da65135c2b6afc2fe3614836c7048cf12195e25585,d9c531db14c54452ce9e223c55210269c96943a87f1eaeaf0bc7692f40aced24,20022a7d04cc14fb3b14fd739c2dd7d1fd568363553886e96c71e7bcd1052f18,36.9216691680789,0.9341340591524389,36.91000178600462,0.9340289108349521,38.51192849874504,0.9393189092293076,38.507332917896974,0.9392607584338559,1.590259330666143,1.5973311318923535,0.005184850076868752,0.005231847598903827,2.988284543222694,2.59015306899082
FlowerKids_first5s_f03,FlowerKids,15,0.3,e7a1ef02173ac0a33703a27f7bb51c6c6a42856ae3c817039b434f8719eac300,aa2a635fc421d6fef777fc732b770148e603fac25d0d68f99d837854c394ad7d,bdb51cef06f038724b1f612a80daf90ec0f3c7df2a3982b4a2c506f8c7d6f665,4b8fdcf4b44b44f9882baf042ff92b2d74f7a508238c20f262a7e73d13aa28eb,36.31382426938621,0.9296574396159119,36.306176585621046,0.9295625874499857,37.851673665691294,0.9353767300108046,37.85033683636803,0.9353236874857112,1.5378493963050843,1.5441602507469838,0.005719290394892718,0.005761100035725497,3.0325972939955035,2.6442974311887215
FlowerKids_first5s_f04,FlowerKids,20,0.4,0ceb5216ef0459d7f564e31081703115f6a180eae3345390778b1f7dbf3dccbc,b804f4174709e4e3d5273bf71eda727053f49bd6600513054160a2d10d590a2b,319590409145392d35e677141d262de94e4ccec5f06693fc7c5cb3e4934dfa14,caaf1cd93c4c3f8564062ed4548c1f57421cc255b9ec83bda651b3e9da272a9c,35.99543953236739,0.9270398268985208,35.98859727352514,0.9269369299555665,37.4446647274152,0.9327130026770704,37.44304672307511,0.9326508522481707,1.4492251950478092,1.4544494495499762,0.005673175778549533,0.0057139222926041455,3.161466464747393,2.7549770352604135
FlowerKids_first5s_f05,FlowerKids,25,0.5,19dbf592b7a9e3bf5ae13e1ba4976469c134e763decfc3fe678d9e5c6b64de66,2f374cfb8932f8ba16cba917791c60c379f04e2b2b62037b76adbcc3886d0784,3421d79977802a2c4baec4195f377f47031fb0ba249f7a3d1ff5f63aa73f3b6d,1bff2faebf03b7c9a164505c4fd33b0bdae3f6357dc43cf40e52353bf51d01d0,36.96543524783784,0.9338919690729415,36.96439840954533,0.9338263642838447,38.48525273130269,0.9388993872523091,38.492330092368626,0.9388855831073576,1.5198174834648484,1.5279316828232936,0.005007418179367673,0.005059218823512901,3.073554616756698,2.6930986005511146
FlowerKids_first5s_f06,FlowerKids,30,0.6,f462964144ad3f79cfaa39bd66c4eca6fbf4e585ee886a95018b18037fcac213,dec84ac66e786285c6047288edf4e07cd8c30bed55e6b3bb532127d8b0e56d7b,0bab4e3d2d360d6c05a72338d2d31c55b32cd9c181db04e74d288b464a882562,e3f732a0f0d97cc9c3b0642701fff62c32cbe440d6a11a8a5565543561640cd5,36.48873057893653,0.9325253654951475,36.48596408262194,0.9324627895199823,38.00619869323965,0.9377571135240809,38.008862933610104,0.9377352365984516,1.5174681143031137,1.5228988509881631,0.005231748028933336,0.0052724470784693,2.9780263984731157,2.5972065421454444
FlowerKids_first5s_f07,FlowerKids,35,0.7,fe3fd2b62c6bb5cf3d51af55c2c47d4fb8381b54d07008109b95231f8f7ed05d,69d533e456be9d0dacf54782a5c5cf9f71d8497180d96a8009bc1e5e9b95eb05,df5ae22c60e113faaff8a0a52f643e693ee3d248ded4df521fe7709b93e167d1,5b2bfff21cf832808c2ec74dd0a5da391b67216a9b397ac6e38f128bfe4fa5a8,36.04701860374605,0.929342148434026,36.04298337636088,0.9292863847450527,37.466041232563924,0.9347357824979255,37.46722005474005,0.9347199339734197,1.4190226288178778,1.4242366783791667,0.005393634063899588,0.0054335492283670295,3.029767439931618,2.64070159792044
FlowerKids_first5s_f08,FlowerKids,40,0.8,98067b2fd4840aa2c6ecad3ab76515e815f2399c09d0145b7d2ea232bf291f28,1ab4ad07ab2bf66545f07095efbf75454f52005fa8d78feb7dd4f1b6d95e31c1,b37a56da033cc4f76d7ca6dae943efd9bed5a065275ca7e1c551c6d1ffb2bc6e,71b37b5e539a9982ce8ffaa7e750ffa7a6b0d2f8b0ee76fae363cbfb106b6c27,36.40800770724649,0.9314325549465435,36.40093749599126,0.931343420041647,37.899724884295985,0.9368185645859631,37.89839067050943,0.9367783330641786,1.4917171770494946,1.4974531745181707,0.005386009639419598,0.005434913022531518,3.058683032926372,2.6838452546368576
FlowerKids_first5s_f09,FlowerKids,45,0.9,3d1c3b7ca88938c3c16cc90b28845074947d877e622cd05587eb7470e48be694,328cd614c7c8b51cce6d1ee1e47ce91620ebb3b9550330342f55ed7a797da4a9,9cb401f515fad1dfc6226db6744c5f288829a9b47b0c8a9ee5a31c2f5c6db47a,5b1e8c139076288cdb0b03fc64b06b6cb99841a0e6060779c389dfec592cc483,36.70060569494888,0.93364138197965,36.69136694275038,0.9335301444497847,38.2461672678584,0.9388290162256393,38.243102627157214,0.938778843085931,1.54556157290952,1.551735684406836,0.0051876342459893365,0.005248698636146298,2.966645752669706,2.5961944250374698
FlowerKids_first5s_f10,FlowerKids,50,1.0,09452b1238ca3800819bb988fc6d6a7b5693886b4c9f91eaa3ba1f28d143482a,689f4dee86769729aa62b2d03da30ed7c551a7c3bbf78d673fc3bc60180d316b,ee92f4785a4c92684cb0c93eb4da841107b89d525c1d7c7512a1ae7b78b8caad,85538bd7a4206eecb48cb38a50dd82da6dcbb48dafdf4f71bc9d812cf40e01ac,37.17989148465459,0.9361894463099025,37.17032722259639,0.9360696520536782,38.771658805483796,0.9411558783585587,38.76858340217908,0.9410820905811237,1.5917673208292058,1.598256179582691,0.004966432048656211,0.005012438527445484,2.909067169057953,2.5303342401486293
FlowerKids_first5s_f11,FlowerKids,55,1.1,f80ddfe384a5c498dbe1d87bfd6a95fa40caeaf4f6632880ef00446a4e8de7d4,4564afd7fe3a4d371cf83907618b0a7dc3c50a86d5f58a59e5708911ec20fd63,3708609f37a3131e9f60cb51e781b9dd02c5df2743a70a676a43c735671a102c,fba501a09cf9795f1de65300ff829d1c7c6fb6bd28759e97445bf1ce9f1ed6be,38.169055434995435,0.9398271497360793,38.15316490771266,0.9397032741839796,39.67342870809247,0.9437616533915245,39.6652208613249,0.9436862029855501,1.5043732730970376,1.51205595361224,0.003934503655445232,0.003982928801570473,2.7735079993598952,2.4123466090051835
FlowerKids_first5s_f12,FlowerKids,60,1.2,44b78aa1c2f60e31a2fa87881be9a76f95e84cae1569c67f246192df7593ca0c,282addddf86f29b719da9ca27e80592a892873c53eaedb4e0d9a04f37b9e45f6,e1ec9962d8fcea45eeb707299717b64b5cfcaf45e475d7a8b33b7e947f209c1a,d32f52166c3884915240d18e5df57e8d7dd5052b923ce6c6e131eb8cb63ac9bf,38.71321936136231,0.9399547100967939,38.705448149999604,0.9398255550773692,40.024299423960905,0.9431548674270722,40.024225476421584,0.9430740125208408,1.3110800625985917,1.31877732642198,0.0032001573302783415,0.003248457443471575,2.6404013047992256,2.3202567591566226
FlowerKids_first5s_f13,FlowerKids,65,1.3,5644aed5b21fe53d6481304b06d8d01bf0bc9b448146d0cc5a1a6774b6f19263,1b91c62be54946878aed046c08cbf54ae43c99e161f7a69d497bc8cef9bf3da6,1e8abccf2be4d99b2a9b9011c2f6f0382025165a99afb4828561219fd7ca665c,0a342c2d48391006967b9f5437523bfefc6c68f0a09f16a1b97277b5b579923f,38.36791244219804,0.9374990716674233,38.35333125390967,0.937347177728301,39.643459732208946,0.9406138889911246,39.63469003071942,0.9405086181433157,1.2755472900109055,1.2813587768097463,0.0031148173237013355,0.003161440415014649,2.6627666778554926,2.3670378413242363
FlowerKids_first5s_f14,FlowerKids,70,1.4,dcb9d5d234107d264d5ca24fbe52a14e78a686cc4316f328bc2cb6cd4682893a,8432ec0337e35600ed854c9bc962e8155038d72e7d64f657d91b8116cda75647,ad3e2fd64f3579504ed13ffa45e8a729bea2c0d477202cf3eb71b78f7a1e8df1,d070b27a1d203fb5738c97778ee39c2ed105d87298280906a274e2e6aa447cbf,37.663923871967626,0.9343515278092873,37.6562326916366,0.9341940037136444,39.144145180129804,0.9385960210508839,39.141087015003365,0.9384838260483607,1.4802213081621787,1.4848543233667613,0.004244493241596592,0.004289822334716309,2.8080281694950977,2.480200901220883
FlowerKids_first5s_f15,FlowerKids,75,1.5,6ab16380c92be885bab0081c36fa5693133cdd8d492f69d4a98e889aca2ddf33,48ea9ad2516de191a5d031198f2903bccec927631ed29ef0fc9f1895c44b19a4,405ccf4a3370afec46fa6bf7eef63f2108e54edaf8484d7ad6bfa48cebb103c6,84c1edfdafdf87eb8de4d9b1ebfaff9a570f003a5c02e4d20de77009ca1e1d6e,36.20699198390674,0.9249427516894936,36.196091064973494,0.9247983713066877,37.700403749188276,0.9307890004176751,37.692455319602296,0.9306731271366938,1.493411765281536,1.4963642546288014,0.005846248728181513,0.005874755830006073,3.1088523533613315,2.7254669545837755
FlowerKids_first5s_f16,FlowerKids,80,1.6,ba6649fc5e2039ff493559d3479ef3829c75ba3d9160ceec5b993075e0c512bc,ed8d64ab82d3eeefca887c028f035ad6f536e83e2d72b1fb444c4aed3e2dfefb,4e11cf4ed34da9a8038077d207cd2c01a91d5bda3d42b1ce9703192749f031dc,58cfae3433550124835422713f487bb488dd9ab587b11e00164a8747ebfb9a49,35.92759311470894,0.9223251494886578,35.91761403775554,0.9221600936752744,37.39540658805448,0.9285195212078279,37.38981983274733,0.928402167455624,1.4678134733455366,1.4722057949917868,0.006194371719170033,0.006242073780349577,3.3340229179026415,2.9273821221429466
FlowerKids_first5s_f17,FlowerKids,85,1.7,7b20fed5a3891b3a0633c17bde906f343ab11c8c74ddaf5946c6925d7d0553ba,e9ed82385b0c3308e55af23bdaf36ae157a80039581cfb00d23d5279d36f110c,6d082ce8fbaed700f31382d3003545899f4b7fc547838359a2aa0adc255ef752,c32c99cd485df09fc59558b4d2148f8e670fb2536ee22d0948b7d8906d34aa7b,36.83604972195883,0.9282831731434967,36.826193697252116,0.9281165820928736,38.35353410065855,0.9337731998844181,38.348024763246315,0.9336468171652214,1.51748437869972,1.5218310659941992,0.005490026740921361,0.005530235072347733,3.2789982894757386,2.8740739945669143
FlowerKids_first5s_f18,FlowerKids,90,1.8,51ba0b330328771a794b43627685cbe037d425c7adda80d391fab0976a6a9928,bbcc87250427899223edd5a576477847f1ed25407e9fc823d5ec09ad400860a6,1469da71a340b2013b1c53bbddc6609d1fb4cfcc1c1ec4fd224f5a811d68cda4,bd58dc6020e0136ac2f08d08faf5bf6f4d87ec20437d5cd280fdc3aeccc9c36b,36.592319396761674,0.9265027120273621,36.5826623797407,0.9263539300634146,38.1564501687009,0.9324029602605196,38.151000031731485,0.9322800601411616,1.564130771939226,1.5683376519907881,0.00590024823315749,0.005926130077747005,3.213325574338038,2.804418675451196
FlowerKids_first5s_f19,FlowerKids,95,1.9,65008f3e8a34bad6a76e6cedfd5e60789c312bffbe37167cea7398e9690f373f,ad7412b20247ccea453d35c62f5be0b2d4fa59a13fa52bad99e2bc11cf4e2f70,dfa70903921cd3cf3163d9204b16d880a896602f187316b4e9d26342c6ccafd2,6f9d92faecce46445bc8ac300c92612bb484d9784775f02ee7fccacc30ac87c7,35.81974643283336,0.9200004056694692,35.806901195393706,0.9198301740494431,37.360360949941374,0.9268209460705817,37.352965662399036,0.9266975604328022,1.5406145171080112,1.5460644670053298,0.006820540401112574,0.006867386383359042,3.395875006830388,2.969478534042653
FlowerKids_first5s_f20,FlowerKids,100,2.0,eba7a06cfb4e5e1c29f440252ea39e31b9b2a59ccd2ce2d1c9d870966b826d53,686aa0f11cf7fec3fb6fb1dbe32fed8e0abe3a37490b9f864e08305b3a928fcd,7f055898fcbdbc7f4414935336feb35f1ef31206f9024937ea31fe51d10bba46,363da2d1d59fd9ec080b2ced9f2a898d7e16f2d3daafa34f3798c46b0394279a,35.489781507924604,0.91757986243445,35.47265768340757,0.9173927574591724,37.01265525375895,0.924666955787416,37.00056326085193,0.9245261676132589,1.522873745834346,1.5279055774443648,0.0070870933529659785,0.007133410154086528,3.553695996026666,3.1226723014113533
FlowerKids_first5s_f21,FlowerKids,105,2.1,0fd5bbd5e12573a667743f43c6646def5d643661c6ab5c139649cb466303f256,3a2cefae24db4c8945763d788240168e6943430cddb63a04e85b79b76737f4d5,51070bb029d467aabbd3ebf08a799ba1da32853ac1e520293ecb8d14cf9b00c0,5b2b8f44ae008a3044735fef1522c7c2d8a3c9c337c27807e842df77952ccdac,35.50077593159235,0.9175822707762626,35.48571832381212,0.9174094204866515,37.0384615108343,0.9246501824462044,37.02810105232788,0.9245183275765646,1.537685579241952,1.5423827285157543,0.0070679116699418065,0.007108907089913075,3.473060706535315,3.1515378862096424
FlowerKids_first5s_f22,FlowerKids,110,2.2,2b9a427c44574c31a446bc22639e48e9a7b41a2a9263a7d9e566c62ef49e097a,55373ae87a232c06c8eb5e9a58845704402c0f852248ae36a1f20e6c3d536ca9,d0ee071720f30d0e8b93793e99f54d4b4654ec1fc7315fb53a4e20dc93c23e07,bd926695b3b3a4a61c3cf2cd88408b16b2b5a17926848d274d071561f4dc207a,36.26538615914237,0.9244704742431814,36.25176510606112,0.9242995549744867,37.89090495326115,0.9310289236119076,37.883050615139965,0.9309023758664411,1.6255187941187756,1.6312855090788432,0.0065584493687261824,0.0066028208919544085,3.5016106298398175,3.059314233942734
FlowerKids_first5s_f23,FlowerKids,115,2.3,e318e0a536362dccd41d64be875e4ce6e4fbf1bc1d77916245ac4c8b84945492,ca0eea5e43dcacb490298cb16720bbf7bfca0d66edfb074ad870bd8f20bc372d,c51cec78d215400aa52f8d5025fcfd116024733c961b0990f6f4bf943bbaf2c0,992b99501e5c23aeb52693cfaa385f1da140b00ba4c98e75129cae0c0569716c,36.708249803411874,0.9280304118375118,36.697158248365426,0.9278539109185758,38.33363298002225,0.9340636963606306,38.32717630100496,0.9339311930163483,1.6253831766103772,1.6300180526395351,0.006033284523118798,0.006077282097772474,3.3140424479329296,2.87787425158465
FlowerKids_first5s_f24,FlowerKids,120,2.4,569aeb3b466fbf0704a21544b10ab5a5b51871ac6f90c405208facd4df3217fa,c2892fb778d371f39ff6f9f9514e0d22f22994efda620aaaa13f1105f753e0cb,bdb743fcc51f75fa038b9f45f6ef3dd15c23ee9849dbd1219301c3271b61eb8f,96859dd7b97e92fca17ec64b954a4824b16cd0f6cbc082b105d88fab2c0bba56,35.978957735830214,0.9230089008485414,35.970957720436225,0.9228346906429441,37.52520699949438,0.9295593276123856,37.52000999094761,0.9294272715389617,1.5462492636641656,1.5490522705113818,0.006550426763844208,0.0065925808960175525,3.3277557931446324,2.897628708900581
FlowerKids_first5s_f25,FlowerKids,125,2.5,285c5c4377afeb6e31ab6d5ce3f2df11789aedeb373ca4addeb9bbba9c25fc58,7dc80c0161c8caa1b0a84237e508cd0137b1dca1ec9f70901dea279470aacaea,5946ec3a5007d240de7cb2f097abe6a0a7767a4452f5d86a783fb5fe77621321,66d5dc61dc416f0939bae7ab4fc0076f8047ef59d9dda57c71169d3e6ab2eb9d,35.356547464130905,0.9181847529482156,35.34991298333151,0.9180412175762522,36.79344081040979,0.924989786599466,36.79143233928534,0.924877981392134,1.436893346278886,1.4415193559538366,0.006805033651250403,0.006836763815881719,3.4990805810123025,3.070481796040717
FlowerKids_first5s_f26,FlowerKids,130,2.6,718dcd72169dfc8472b0cf5e46a603d5a592a72b7a8a6653b87fe69f2ce1e5b4,a87e4b071c8c36ad182d13e745304d483edc6dbc467a559ebbad89bacb18cbd8,121ce7d9373a5f028c5db415ffbb6f8f6e01d1f6af840f4bd84d0f57a60c4dc3,151b2c77827ddda2aaecaa37010f43e0e7907a9aa23930be2945963e5fa5ba05,35.781069461869045,0.9219453821554078,35.77200542082827,0.9217770086407248,37.3055334913164,0.9284088030457971,37.299955320981255,0.9282795591903577,1.5244640294473584,1.5279499001529828,0.006463420890389315,0.006502550549632891,3.514564094407669,3.0879081888543682
FlowerKids_first5s_f27,FlowerKids,135,2.7,5528f42f266c21614af7d9e50ddf7f1750b9e6e60e5deba2a9c310e16f2e1e67,b10068270075df67949c6275b8b9b4a2b8868a4877c14d6231f2f6f43c2f6cf1,8a67054c7d6484d6d12cdb77a430d68af6f4b210809cef2888b518d7b865d0bc,6ca48d864722d19ce315f8c456e2c22c466071e318cbb26d50dd6e2dbf14a774,36.56332469720784,0.9284801793427458,36.555703802452385,0.9283349058639047,38.20724721415715,0.9342675167282205,38.2051991574364,0.934166564632449,1.64392251694931,1.649495354984012,0.005787337385474656,0.005831658768544301,3.329435214747393,2.9047127968291386
FlowerKids_first5s_f28,FlowerKids,140,2.8,905ee7ed69f0cd7f59de458944f7414554b6d194a5da8ddca4d8ca943dafa4bb,ac58a8b44ad7e3a0352b2aed91f9b0b13260c7be09f8413d817234360abaa803,468321637cfc429adde8ac4a66975ac544d8163dd0811f340e0b6885f16a20bc,96d8698db52c419683629dd08a84014ffbfad0786593f5beb2241e4b98e146bb,35.96546105732497,0.9234311680181866,35.95302887242839,0.9232822888993318,37.54301521429384,0.9297330606010369,37.53592339438888,0.929629176612173,1.5775541569688656,1.5828945219604904,0.006301892582850299,0.006346887712841198,3.322824741030725,2.896725024199088
FlowerKids_first5s_f29,FlowerKids,145,2.9,ffdc56060741f3ad38e6acdc526e4c3a9aba4e10a58c59cdf8c6916890d3b5a7,d840c9b82a0dc5e7b50509f65af3a71f4c69a930337e7e290f24051f6c9ca7a4,8e60936770ab9b6761d67077d88ce780cee116ee539d13c636e69a81bba22f13,7fdd9359d8bbb0d990450bc5a7e9d31cfa3d8d913532179aae33053eeca2ce13,35.829018612357466,0.9223121666291468,35.816094997466465,0.9221549590899839,37.38501037184264,0.9287848013161424,37.37663877452346,0.928667625338168,1.555991759485174,1.560543777056992,0.006472634686995549,0.00651266624818414,3.4238698391541247,2.996649328865609
FlowerKids_first5s_f30,FlowerKids,150,3.0,b7515c66069df6d4ccdad73bb5228aadd587043b81f13dace1f44f59489e7238,71bec394326a77cb3c8ef02a2f64410c7777ad4f9ff223ba019b2bacb23e473b,ac6b5cb190ab239e6610a8c92716c4f02e55c1c68d43da216987077a66578675,c87fac22ef38e6f2d964597bef6ff2273742a147ce9c030410b5dd28bad6a00e,35.974772072273126,0.9233529818063543,35.95922303518739,0.9231814102461099,37.53067760685328,0.9296701439823931,37.52106152909668,0.9295424910632911,1.5559055345801553,1.5618384939092849,0.0063171621760388375,0.0063610808171812305,3.4332064914054206,3.0102347262770874
FlowerKids_first5s_f31,FlowerKids,155,3.1,5ac3c39beecfb9750149c28ef215575241689872d62168b22c34ee335f4dbcb4,886cc9a026c6176541eb623fcf598100d80f0ee6208cc428249a24334868055b,482a3975ccd2a7b8371eae016a426b409655aa909cc6fa326a9860f382bbea67,1f9c8d507b4576d2ed99c65081a8fed33d1b83f8a1b6f30acf1e6a2aa13b015f,36.06035070719876,0.9239411522155727,36.043631553834295,0.923762128245106,37.636377346429924,0.9303824537249962,37.62320894690132,0.9302502710517079,1.5760266392311664,1.5795773930670265,0.006441301509423458,0.0064881428066019264,3.4170921429073253,2.98668672036002
FlowerKids_first5s_f32,FlowerKids,160,3.2,d0fdb1e77b5e6d8e55683e118e35c82ef1594ed5b89c54801c3e1cf32ea2c1ba,69e7f08d65839b345ef36e98cd45f0d8026e5a5027709a6d64c60fe6e12aa140,6d73fac9eb68039a71385f8ea6442422abcf749a9cab20c9b2db17b79de56692,b04078d8c8951da388cc2c32181976867bd939287d04973d62ae2b9ced003d75,35.58759446123438,0.9198375147995949,35.57477363347663,0.919648276451597,37.089840092205264,0.926695659702326,37.08129166091704,0.9265595477582261,1.502245630970883,1.506518027440407,0.006858144902731178,0.006911271306629163,3.484407322370886,3.0484429399160056
FlowerKids_first5s_f33,FlowerKids,165,3.3,e35fdee0ce6db189ca711531f26b6b29f4b41dc7353fb05b08b9c0e5f800fc70,6745d4773d79455fe25c937b11b62fd8ff0219626cfb1c6af4df29b553e84420,0c561f916988b24b62e0a54667923927e8fb53b7fba0e9d71f45c37c3dcd3f52,b5de4a11d7e30fb492a05ae4e2f1b1283ab5a2d1612782b6240463be2c9a615f,35.70295494030273,0.9194856161183661,35.6874622120336,0.9192880344841207,37.19313541147498,0.9262964014236099,37.18173559846919,0.9261418714640627,1.4901804711722448,1.4942733864355873,0.006810785305243816,0.0068538369799420185,3.478145076461313,3.0811847697964154
FlowerKids_first5s_f34,FlowerKids,170,3.4,0fb884ddc3ff8e7662856d215b4c53d711db3fa73b25d34bc6591787169f0688,c6895221834ccad3453e5ba833ec3780d1477e1f56923a74b25d419fa7a347ce,129f1054e80deffb389bbe3118130da5197a507963750a16917cec118c241dc3,397f573fc94156a42dbea50cca4f71df09dd64191066f617b67190815e67c24e,35.71577010330175,0.9190436481216067,35.70232696879675,0.9188399291556351,37.1834782702405,0.9256818282322877,37.175279342246334,0.9255334668866916,1.467708166938749,1.472952373449587,0.006638180110681069,0.00669353773105652,3.5227532415069005,3.1030559155061512
FlowerKids_first5s_f35,FlowerKids,175,3.5,e2f52c9a9b0bdde71302b9eff04baa35f2fb6908c84f9f59fa96c48a5437690c,65233127b10a26fd089569feb2623116f53961b9dd111c57a658a29a22cf2422,4a6a66df4fd5b76704bccdcdf1c97c371fc3c9ead0310f8ede601886dece236e,2e3f49a3534835ad3e4c527148c7a550688754ae7a430c0690900684f59921f8,35.68134061503382,0.9190707158716239,35.66476348026589,0.9188781127845399,37.13212254949443,0.9255491746974028,37.119960056784,0.9254061629684915,1.4507819344606148,1.4551965765181123,0.00647845882577891,0.006528050183951639,3.5031257562215075,3.0998955194607505
FlowerKids_first5s_f36,FlowerKids,180,3.6,ce71067101b9715d242c3353a6b4d7bce7c8b4b99ea4c5434a57ac9d26a3c9fd,08b9bf39029267a0df092898707f4c1a59e0be6286029799d9e1046271ab6368,c4ff1500f47238acefb37bba21c074bb0b59e4c63f317c151e305db0f9dbdb31,e4ca3b5d6f194589327cb353c32a7aa3a6d448460008180510f395e745b5fdfd,35.79401865954055,0.9195882224481724,35.774506000681754,0.9193786576983558,37.24345260047376,0.9259446295318086,37.227924812727544,0.9257867079011255,1.4494339409332113,1.4534188120457898,0.006356407083636162,0.006408050202769688,3.491582278851558,3.0867356796040717
FlowerKids_first5s_f37,FlowerKids,185,3.7,661b1c7db77edbdc605dddd79e841a56090cd806d1c92b797464f9c391e712d0,eb9e11c46d91d0bdf20cf97d44ba17e1206a57fd721fe4c3f1cd58e6d025d2e0,36416f8c6699070b5913b748dcfeb132cf2f4f2c49a914a4d87d45d293859898,08bdd9223e47001a95b8949beeb65d6a5d0873d9a508096e4b87b360b76b4271,35.708559338493664,0.9185370964154654,35.68806719593248,0.9183326006366938,37.12736781968766,0.9249238829371558,37.11057323262247,0.9247684464245435,1.4188084811939987,1.4225060366899882,0.006386786521690335,0.0064358457878497255,3.4814381771841627,3.083688594813589
FlowerKids_first5s_f38,FlowerKids,190,3.8,56074c6c925a6a082b5d3a72f376526d407e8762b492ccc6bb3c84c541d9a2b9,90933e1409400eef416a205558f27c122ac3ca9006b96062c6e793d51d20c3fa,499edd809d8d1cdbc75455fb6e9e11cec49dcf9056a67fab24ef77e7b9a6a519,faa07ab1bb868493f0bad1dd3af084a62c07ca38b244544ceaf53eea293277ad,35.86296035487286,0.9193366802480992,35.844476022063404,0.9191518155289462,37.296154055555306,0.9255913571095865,37.28138260752097,0.9254498468877734,1.4331937006824447,1.4369065854575638,0.006254676861487285,0.006298031358827227,3.419170166427278,3.0568572458705425
FlowerKids_first5s_f39,FlowerKids,195,3.9,934dfaa72febc3cccee088592a61db8445febbcf4742612c66db777c9c340913,7e2ab25e2cac1954fdf900660feba715d541f85b7b0928e6b4874735bec8a185,0376d5ffbc7c0369c5b78be147b9cdefb6352f23a190922a5f79954fcbfec6fd,55db5b8ff4ef1f14eacc763725aa9a2d36305e25ecd3c62d57185d47c5b7521e,36.22274452589413,0.9224341036226468,36.20581787676218,0.9222297694250078,37.66041224244034,0.9283937872294452,37.6463353539023,0.9282304769867068,1.4376677165462084,1.4405174771401192,0.005959683606798438,0.006000707561699015,3.39940656127053,3.010438296228065
FlowerKids_first5s_f40,FlowerKids,200,4.0,9beba8df6f4a30531c5b6976968d2836a53d456927a5cd711766a1fb099755b3,0f117fb9f50b9c6784594afab0281f927d75c0a87058e35d4eccec3a40169299,2b4e0eb936d4439751d0cd420a2b39f96f7ddc78a069ce0ab7a63043d9117433,9020bd304e397352e68c0fc521b736e92abd7e39ac2b1d484c0223aa070c2a1f,36.281765818980794,0.922648046160729,36.26729869415598,0.9224610667626227,37.68002840412179,0.9283934218022516,37.66961981900725,0.9282502866742419,1.3982625851409978,1.4023211248512695,0.005745375641522554,0.005789219911619181,3.321078113290764,2.944473338069069
FlowerKids_first5s_f41,FlowerKids,205,4.1,c81b8c41215dc998240734ecf2fb3214d6f8960b9aed29c561515297b17e2bf7,d251a7f864d8261ea0b5793d03a29875d23172243d3a34fcd703545a64dfc181,375e423cb6189452830cfd88694744474d09a1319334c16820ac507da6429fcf,7a1e7d427bd07251d2da78d89b58cc09d5d620a75d3971d77f1cb7be5c83e92e,36.22912286311535,0.9219633524508688,36.220820660956775,0.921811664769027,37.608664433108586,0.9275906981893647,37.604118414662445,0.9274737497858633,1.3795415699932363,1.3832977537056692,0.005627345738495881,0.0056620850168362935,3.312720645920502,2.9502713615499907
FlowerKids_first5s_f42,FlowerKids,210,4.2,2020fef402a48140053f7d75ceae95a7f0b8b42c14f4cc0eb845325c53ce2356,fc6c9379914af3b7c30f9a1b4650a12b017d271a801c636c447d82f4d66a0f64,5e3d97fc2ec77f22af0e3fbf6ae1eb52cb2203a57f4fc9735998bd141356224a,f89beeb2a0bc56adacc0ba1ae2c071b77abb4c25b46e14871fedfcd8a6e48f73,36.133052251424886,0.9209234346401208,36.124088292439204,0.9207657231089307,37.54837406016985,0.9267377735932651,37.543202617393526,0.9266129069593319,1.415321808744963,1.4191143249543217,0.005814338953144316,0.005847183850401172,3.3366810365015924,2.979915122673765
FlowerKids_first5s_f43,FlowerKids,215,4.3,9e2c3c472ace89fd4edff43a0a6fd55b3e081715b8eef666b7e1595540a55371,67e3c2dda97ea5ec3577bbe92d402c81dbf0112d6b49bb2a7023d1895e622ba5,2397e3a2683346e576f4604f8ae0ddb5da904a00e21620137b594ed885c682c9,ea3381e9729932f15edf588dd547a425ecc7070ba2d7aafd93766d4d9d0d465b,35.88049343041679,0.9198330615692009,35.87154345934471,0.9196699897139016,37.296803951139495,0.9258819165779789,37.29212351405865,0.9257595372797647,1.4163105207227034,1.4205800547139447,0.0060488550087780535,0.006089547565863107,3.3757321931789797,3.012878330301942
FlowerKids_first5s_f44,FlowerKids,220,4.4,14e448cb3197b67fc7c01fe5513bc5b2be77a059999f2488d68c187bedfab375,997bd66d6a08cbae5b9d94f918f5cc999f21cd4a1c7b51657224d8579dd0bc32,5583d744999ee9e0ef817b7cb1ad5fdb9a69f89607bd0a5f8895f93769c71072,b77f0754ca0ebd9bb25b4c3b56c93fbeaa04d71b0345aed1663e9c5acb36104e,35.80506507612262,0.9194996948287875,35.79711629709664,0.9193507163657019,37.222349806172076,0.9257496610219801,37.21786038413686,0.9256337199353694,1.4172847300494595,1.4207440870402195,0.006249966193192624,0.006283003569667489,3.4262470580543933,3.0512341291060388
FlowerKids_first5s_f45,FlowerKids,225,4.5,563d9d2573c2a9459f4170517ce5d50cfa690dbbe4a3549cd852450facf2c8e6,524799a034e11d101684d176e5eb187cd9b127654f0a3cc8b0ab96aa7138337f,e249d34e6c63d58c09f0c3bdd361aa2b4195c92b379a254dafa771449f80f655,18a3014aa72038710ee3eb921e0fce26c255fa404e385d1b61e8604efb1a7dbe,35.523651293712454,0.9166255582189676,35.51497943810742,0.9164566908480928,36.913958363378796,0.9231310175808826,36.907914081674996,0.9229945232838574,1.390307069666342,1.3929346435675782,0.006505459361914934,0.006537832435764668,3.457215182586024,3.074304007876413
FlowerKids_first5s_f46,FlowerKids,230,4.6,9b283820d839f1cca21c7d62085373b578f23fb06e34695f428926d7cd45de17,2e5a19298c43b1b57cdb83abe46d3aeadfb660e1a8d83772d1739141429f9feb,e982d7220a975b5a5d9de7825ded23afb70e47819b382c7506627c54ad137b6e,c5ba56518cf36c40941625684a8727bb68f92e356299751e93944df214516911,36.05199481460748,0.9213132072061313,36.03500965312798,0.921090658906055,37.462073960842616,0.9272687061211281,37.44752211307406,0.9270913071697066,1.4100791462351339,1.412512459946079,0.005955498914996804,0.006000648263651542,3.4363465182586026,3.056531948651096
FlowerKids_first5s_f47,FlowerKids,235,4.7,bc63c9c3fc3c457538f91b70ded4368e8beae3abe52e58a8b0c488281962f00a,f086ed4ee33e22dde4483882becf43d23ce10aacdcd935d6f6d915f9b35818cd,b00a832464245701db44519279bea4a5eafed13caa056e8dea3d1028d825c9c8,a249a10756a001c572426922fc35c0e1334bd039263b571bdabd3757a717dd02,36.25075573440016,0.9231274151622861,36.23091345261561,0.9229100553403969,37.62999504258469,0.9287792683281344,37.61355427566144,0.9286060723983202,1.3792393081845304,1.3826408230458327,0.005651853165848264,0.0056960170579232194,3.327605036727971,2.950835600371573
FlowerKids_first5s_f48,FlowerKids,240,4.8,2f0c2b154bc854fe9fa7053ab84a268bb3b77bb84139e16bc11d5a72d25617d7,47ead2b7285cdc4d099c4ab31ba604f657dc0f7ccfce87305d32ff5e8e236688,bebf1fcd015a49e81bd599652c01afa40e92a909aa5b1e00ba152f90477e4337,6d1ab5fb6a778341a4d91551f80ab8bbcb84186ac694406232df7a2c151aa2cd,36.178766995482775,0.9228516163971966,36.15672521815084,0.9226216474250796,37.57925773860784,0.9287182148349955,37.56117209564218,0.928536844959917,1.4004907431250686,1.4044468774913383,0.005866598437798909,0.00591519753483738,3.3012465701695497,2.9267945868200838
FlowerKids_first5s_f49,FlowerKids,245,4.9,0586066a7436ca734de70954cd51df496fdc0f5c4c8280260cf201adf141f2e2,1c64a4199770047896d66c43fa9acf88c2b9af22460c86b59c40b5a169fa8168,402d3d4f15dc25c77ccd559a9b7619e2874fb7bde4fabae7477b2b5991fd074d,4c3f6e930b1c1314142ca8c7fc18a33e631a8fd51df998fbbcc4c9213d0dc585,36.53213042810592,0.9248723577710732,36.515022188709395,0.9246693728919523,37.98286238873128,0.9306000804732707,37.970023997167935,0.9304499694069094,1.4507319606253546,1.4550018084585403,0.0057277227021974575,0.005780596514957104,3.2740971203084994,2.8931321182398677
FlowerPan_first5s_f00,FlowerPan,0,0.0,1e54f89f3e5c52a232b0445c06a7d9b50fb6b6986325506494d85dcc786f5c8c,9a42abce5b97286eaa3d441844ef935bf1d8be0327cc510e881a1d1edc35732f,37d9ff9f44b1349861778ba314ae54f9cb9355d040ee90663661423c6b46db8d,927ad032c8bce27af08eb9bd1d12a321e44de68e1e4e401d0ecb3d7321566057,34.667216905396664,0.8713034236437689,34.662317260880535,0.8713909119365855,35.836091140451586,0.8838003687944643,35.8352455176421,0.8839157419374822,1.168874235054922,1.1729282567615655,0.012496945150695438,0.01252483000089677,,
FlowerPan_first5s_f01,FlowerPan,5,0.1,2cbcd0cd0173bf37ce7cf6dcb4f717787e8acb2e284ff80e9f396f7103b72e96,25433568127e1c0e9da7ee2ff9fc7dc3e45815caf343b8bd9419783a49670fa6,ef04d616dd1be92459ede78ce812ce584cf37add4a729d2bfd6eff0475700003,eebc801ce9b640055e03aee30fd3f405030060cff1187a5f141803c9e17b3bdc,34.662435480756955,0.87135448573051,34.65688074666966,0.8714548902311688,35.82895540271468,0.8837724253112863,35.82698023441378,0.8838969154898404,1.166519921957729,1.1700994877441246,0.012417939580776305,0.012442025258671552,5.118526987838006,4.407283949954724
FlowerPan_first5s_f02,FlowerPan,10,0.2,281c91dbfd9912ab9b854747d6e97b12c698cdf593ab89e1452127bcb88ab38f,3d28508dfaebfa27f258f94c5133ee2bc1486d1c99b9ca9a80d6a24f51068012,aaa2225f1f11e9e04df4819792a4693609245aeafe3c22c0f082d60de64c9780,acc31e6f690703b23f36bd8d5871facd12cf4a65ba1802ff7921b9c35871f6f6,34.64667454852881,0.8712549862682564,34.64124494009562,0.8713712523993529,35.81385551945127,0.883710995967378,35.81251901318523,0.883857202903163,1.167180970922466,1.171274073089613,0.01245600969912164,0.012485950503810184,5.1372750606928745,4.445818314611565
FlowerPan_first5s_f03,FlowerPan,15,0.3,57ccd15efa0aed1549ad4a7015d201ad59d4850ab8a7297ec2687dc679aa775c,e9e028c80a9be00cc22d9f745f4e959917cad2a714d650f4ba3a0c479cc31e05,234c1c212305bbbf79c02faa3d3bf08345f73a7578dd4b6db0a6712f1fe37a81,fd13f23837fd47338701399ffeeb3c01522ad830eabb7ff986072f3be2148411,34.646948451375096,0.8712235217516995,34.6407214823657,0.8713328188705767,35.811600664896204,0.8836129387066542,35.80935764261846,0.8837475562446913,1.1646522135211086,1.1686361602527597,0.012389416954954768,0.012414737374114582,5.166332506205896,4.530600503302004
FlowerPan_first5s_f04,FlowerPan,20,0.4,5f8eee6b54d5b5aae94589c04baebabc4409bd696143ef021852e203db7dbd29,73d4cf5f1a18cc615a1821e589658663819d5c2265bdd562ab8f5f80a6d054eb,89f0fc39b5a64e07756ba9082cfafa3ad590423a96efd2c0f088afa8b89a2967,9de40df88f761ae36e4bab02a6539c0edeedfe779072edc9a6bf7e7f073db768,34.62302934447011,0.8708584120083559,34.616530899525735,0.8709628654396382,35.790243767600685,0.8833670976145722,35.787748200613876,0.8834943165800518,1.1672144231305737,1.1712173010881415,0.012508685606216319,0.012531451140413652,5.174808651564354,4.539494156115344
FlowerPan_first5s_f05,FlowerPan,25,0.5,522b49b841b16e6c54638fa93d817600962580f5a21d6c10266a133cf348a18f,fd5ae936d8963683e3e5e214618c4a05d64ee3030fe8652acf8f19a126d7e5ca,67636ab57e680c433f92048b539b8df5aa02af77a849d20806c87f0b4905d15b,86f6c558cf10be92e7a2ea24ffbd1bd45525d67623e53a22940a798c82346324,34.63129240839003,0.8710135353934292,34.62549041149372,0.8711224635066823,35.79706755334713,0.8834875759050501,35.795172924237946,0.8836156721163454,1.1657751449570952,1.1696825127442239,0.012474040511620932,0.012493208609663076,5.13392255999032,4.677279300412165
FlowerPan_first5s_f06,FlowerPan,30,0.6,815dd44761039721aea61ce0a3e0d4193caf8e44df7759af4ecda339baebc950,5d8684bff206da3dd3a2933baf89db0a0ee227476c74cf9ff5c7489b1f30e50d,8ec3676179cebe56617e43f4a1c16e9800cfeb9fca2513ff708628f1b1f196b2,7e9e110fa4a02dcadd67fe8364ebda71a1d23df762e88dad4d00982c4e17e9fd,34.622489863552396,0.870748909406094,34.61934510287932,0.8708780738206023,35.78768525902277,0.8832631054913161,35.78866750381963,0.8834040382351225,1.165195395470377,1.1693224009403096,0.012514196085222196,0.012525964414520141,5.086387573768189,4.678539384991882
FlowerPan_first5s_f07,FlowerPan,35,0.7,af344005d24882f74ef2bafd6b123341e6c757047b6ed88c4a194cc4cf534df4,a811fbeb081f2ecf86037a5b53dfd97c0eeb9786d8be92de971db151327d01b1,27d1e149d957c8f6dbebb0b980061af73aeedc077631ab2d6cd8c6bbe75ea2b8,28e87de890e43a9225eea03125861241a3c01cf856efddc36931cc9231f55cb7,34.62292132152647,0.8708250035074402,34.62234374520084,0.8709636346233598,35.79268024948337,0.8833629483038531,35.79583688359148,0.8835244984909584,1.1697589279568987,1.17349313839064,0.012537944796412903,0.012560863867598582,4.982210498891526,4.637395568249235
FlowerPan_first5s_f08,FlowerPan,40,0.8,283b127a87f2183a4ec9fe3c6b7d77ddedca7002c184e1bc423497f8370c7010,d6edb548a5817680cb33c9e96358997ea3ed1e156d06d5eb794c36e8b4c44499,19f331bb3972d56409f67f2e91881c0e73cabb05e35d0f67dec0daf378894cdb,1d86bf91e5aff797d1c5639ee045787b7fb06c2493185a727a99744333ff62a9,34.62078191428573,0.8710039950824823,34.618515696638546,0.8711166331802276,35.78915863127704,0.8835187077112846,35.79038122658824,0.883650702771136,1.168376716991311,1.1718655299496916,0.012514712628802327,0.012534069590908414,5.012855399714295,4.650979258063761
FlowerPan_first5s_f09,FlowerPan,45,0.9,106da9c18e31e75998299a180d137202a002faa0ae9f230074573c0888125202,1b2496a1ebcc1b1bffd2b257ebd68338d602016be75576969409c28ba921b269,77483817edad8360322e1f23e4187d9128c5ec6b6bb66070ebce2b4f120f3b9e,0787f9c30f89cae05bfcdfe2aaed594927f8fa0c9c1291f45bf18c6a5afc083b,34.62011040135507,0.870951645293231,34.615295848360795,0.8710483085011267,35.7911575019902,0.8834779466764443,35.78938472200326,0.8835910703565418,1.1710471006351284,1.174088873642468,0.012526301383213312,0.012542761855415141,5.055756211749828,4.6696695165646664
FlowerPan_first5s_f10,FlowerPan,50,1.0,79fb9d37478688723b75c91b4c178ac311db971c9773481a6d946d47bc562ee8,9633f2b85a12ec29225384e5b52e078fd4180cf00b41c8383a899d32a0b09068,b552d956b9184fbc37687ccd8d096c41391e2c763eb115549246c18cc3c42f4b,249d0709c51ded60b785d715f77a002e955e4408034ddce5b7e5042e9eb37550,34.616097674764575,0.8707868646553085,34.61146444045082,0.8709017403966846,35.786815564067325,0.8833445245128793,35.78631738686925,0.8834893272024936,1.1707178893027503,1.174852946418433,0.012557659857570735,0.01258758680580907,5.044152236659277,4.665362835079311
FlowerPan_first5s_f11,FlowerPan,55,1.1,667e0bd4ae6f7364a44cf822cf9d7f61bb523babc23fe9ecd774141beeaa147f,41afd4dbba2bb8e77758c6f633493d4bb4f848ea8a69f90d91428d5bb7c5b0d2,933fc78753a80115212606789263aeea300d8f9360b695ce629c29cd3289c16b,4d7f76c6d288f260b7a7fbead4ed357cf7c7bfc19bc3e7762975c6d93f6d7e16,34.62154324340447,0.8709553141213486,34.61570967022022,0.8710611664912645,35.7904076763798,0.8835176259234455,35.78857582112931,0.8836497684500612,1.168864432975333,1.172866150909087,0.012562311802096882,0.01258860195879663,5.063943651252107,4.672760876904702
FlowerPan_first5s_f12,FlowerPan,60,1.2,105c890a4968dc87d709584e941df67646786eda4af1f693902a3544ff2de26d,682399b4de1a4f9c54156019cf5b8d6866b6503e3ce83f6c66025771f867d438,478b89b61d7ea409e4fd8c4ebf73a95eb1baa391e6b65669a89f5e10baabbd50,0564c67cdcefaf310a9007372e7fb803ddec89c11d062c99f99603b60976f4aa,34.61273707877122,0.8708101467990582,34.60665720455141,0.8709153431266454,35.77986667440822,0.8832820547201166,35.77747765135026,0.8834159638532139,1.1671295956370003,1.1708204467988494,0.012471907921058345,0.012500620726568434,5.063838390097109,4.674647283652345
FlowerPan_first5s_f13,FlowerPan,65,1.3,2bfbd1b08c5ed9de5cace4ace861af865fd8b76c2bb120c6141f7ec015bebe0a,615019754cd3ea208cac5a5e92e31590148864b6f65a4a81b169cd8f75de26d2,5da7c222f6a48e96d7f628f77c738f6cddd58200d7d1fbc9af99cf8f98eba4a7,00bad861ebf00b6be9d3cf83a36d6da95855366c06c9d504f315226d5cdba9a6,34.61961196697544,0.871097077425624,34.61215116191918,0.8711929845365105,35.79342340647765,0.883610599017049,35.78979886935096,0.8837325876420886,1.1738114395022095,1.177647707431781,0.012513521591424936,0.012539603105578112,5.161060422586336,4.679125090746581
FlowerPan_first5s_f14,FlowerPan,70,1.4,e4f69f120215e59d5fcc6255495ce64c8082a5e27e41700ce58ccdb98c8291e3,50d84614cd686627818415daa30320200225410e836f9f85d53276dd4e147f30,77ae44cc5fe6e58aa5164f62f5ea9b07c6416f50176dd19fbdb265cb88dbdf51,222db43a9a97a735277d77b83b80f9651088f7ce61dcf256aeceefe3fadb5714,34.609484184448135,0.8707571258911223,34.601638086380746,0.8708607360577292,35.78141976099465,0.88327599161326,35.77784918906647,0.8834086507004218,1.1719355765465167,1.176211102685727,0.012518865722137673,0.01254791464269267,5.18381268832355,4.663231510140198
FlowerPan_first5s_f15,FlowerPan,75,1.5,7711f0f76970d5a86ddb2b9cdb145dea554c1398c061bf8b1aa4c0f3666df20d,5cea4d63ea0a0ecd2d3742a2db97c04a4bc31fcdfeea8834e9490a4058ce7f16,6aa6bb2b14d907152bac3f4c48051bc39362a2129b6bab3634d441ceb1d60382,e51ebca2eb2d1c42af3364781920345b8821570c32bc5fd2dfe8fbd1b684171d,34.61425872936273,0.8709079675013376,34.60630005319033,0.8710010197595066,35.7879092126089,0.8834302542408046,35.7841153934072,0.883551923867947,1.1736504832461705,1.177815340216867,0.012522286739466981,0.012550904108440397,5.191445646701117,4.660477278227066
FlowerPan_first5s_f16,FlowerPan,80,1.6,52d8938b8bd1c304ad7ac0b4e331ad98f43c40a1fe2749cef13155e54d055ab8,57aa857fdeeab7ce3ea3bd0858784898d0442378998ba6335a8f32c3f5d55962,d35f15fee229a6451b67ab46de612036e7db562200a98c9ebcc01fbca9611553,a44253a74f7e7d64e02843daa2429db5fafd6151a6303d03df3f71b6e354a6da,34.62224700345674,0.8710732317031007,34.61629471386892,0.8711765910810618,35.79836976702954,0.8836183521672643,35.796406527757306,0.8837564634954945,1.176122763572799,1.180111813888388,0.012545120464163562,0.012579872414432702,5.1896366916723915,4.556399609887279
FlowerPan_first5s_f17,FlowerPan,85,1.7,6c1eb0cf986fd6a96038e8f54778ec6f9f7fba39d9b13a36b844d2e31e0f7229,1fe36021c79aba59748152ab60dc402c3945533aff9317e9a9a44c82fe62f0f3,223cabf088e34f688ed1cecf869f5e2609b17f2a74fbb98ddb1eca360007f8f9,f5f861c43b48cb159e7ee5c7a848d0348bd646c8cd259367a4e3b2b6df812c94,34.64319965630394,0.8712839527128712,34.63614695484486,0.8713689725997009,35.82167137852303,0.8838557442810983,35.818620042371705,0.8839699306707984,1.1784717222190864,1.1824730875268443,0.012571791568227075,0.012600958071097512,5.076734528195841,4.298118496495035
FlowerPan_first5s_f18,FlowerPan,90,1.8,9b268a74571132f4c9386213328d523aad1e1e37e8c7086e56a51eac68529272,3b21a064b640c7c57d67523d57655a7604ae977ecb8556d56cde67d172979d77,b18baf231c27272c98e3c95f13eb4ba87d9611f3f6ab4acca6d5fea23c761bd9,87ba28859f8317b5a3102ed6882497f3ea743b0ba26ab17539e402942e4abd08,34.66519211121256,0.8716711629220295,34.65728202869912,0.8717722060176274,35.836032334656174,0.884130753337014,35.83204294892831,0.8842520134969836,1.1708402234436122,1.1747609202291898,0.012459590414984456,0.012479807479356175,4.851755214513208,4.008407475566727
FlowerPan_first5s_f19,FlowerPan,95,1.9,651291dac080924a96e59b85fafa6908eea99578b1d4a02e64238ef823969e0a,74cfca4f37cd2c032f79a9006bf9caea823018ce790594a104a3975856493031,fa7208b98b51aceef0ee6fa7fd6c4070919eebfbc6f426c5b7c2b12fda34af2e,bf28a5411ab8fdc7978bf5ffcde756458eb6fca95dbbc865cc907ef28b7345a5,34.66662335213925,0.8716563929861685,34.658640311531634,0.8717507788123604,35.8483665850052,0.8842132104266922,35.84471815268663,0.8843318762431971,1.181743232865955,1.1860778411549973,0.012556817440523727,0.012581097430836685,4.762359464770811,3.944033753825017
FlowerPan_first5s_f20,FlowerPan,100,2.0,7f98ae28f7c472cef6b6a062a3dae8dd633488c8ac55a18f8aabcdf55ac61828,0b5db3e7278903d9d88c5000f93f786ebef6ab70bd4f07a5173d7670c7fb166e,97dbc0531195c45a209c46e20a98a8a9996b6f39e41b048a8a745455e7aa4471,75e3589ca3c39285c796e78e7ac753669873c28a2c631ebb4330dae3e3e9fac4,34.67803754126378,0.8718675783617449,34.67142150703899,0.8719673056849631,35.861472261360106,0.8844052423029808,35.85905119593609,0.884530450351257,1.1834347200963293,1.187629688897097,0.0125376639412359,0.012563144666293935,4.63630538956629,3.9466116153672015
FlowerPan_first5s_f21,FlowerPan,105,2.1,4b8a0cdeb27dcae254c1539fb061f42b22f7f2b2b80afa012fdfa95a8cbac6d3,e76576440ff4ac83c2e4212b9b22d8dc3d57735af1d39583c6154a6f0f92ab48,681b46f9965e9345b8f12e23fb983247a6acb285ab7e55b2ab1792da8e6f2676,4d0ea5245f3d8d29e2a83b98c0a62df16d18c3e5dad39030b5eafbb2e3d3be94,34.68452874591638,0.8719848685952909,34.67667314617088,0.8720765693792795,35.864501749450014,0.8844429806969845,35.86065906502223,0.8845559789183218,1.1799730035336324,1.1839859188513557,0.012458112101693564,0.012479409539042363,4.607107311247112,3.9822756315181413
FlowerPan_first5s_f22,FlowerPan,110,2.2,a7409850848d08651de5342bf3d77d34a6982aaf18db73aa644f46b0d6a8ba78,bba7def23e05f22ffe39936e9278a215e36857a967bcd2e906a0d2e507cf9a1b,89e15244ee0cf5741781fd41d7af07c0808385faa46f188ca3e5890f6d822492,737c53f2e9a13a9c520fdb2a8d9d094cc7a623cdc14d3577c3da8750301655ee,34.68482569653438,0.8720794861457676,34.67941770849151,0.8721775768086714,35.860155368198384,0.8844771202989272,35.85872924775738,0.8845969451538008,1.1753296716640023,1.1793115392658677,0.012397634153159642,0.012419368345129467,4.59252492115781,4.015523397981328
FlowerPan_first5s_f23,FlowerPan,115,2.3,a559f5b4ab86bea2cba00f7157f57036a3299944cac47858fe9dce86c0070fec,0a56987b8137a4e346fa7cec4021a89312e708d6e61462fb836c7df1c29638a1,3e1e5a18f740e6150445dbfb0894d413b955ab9a8c982da635d0671917cd8b34,f2ae2ad99cd8405b7df5fb48de2210ec34fcc1a444ee611b0c5b3e86c8856f5a,34.693304548903,0.8722116569832329,34.68574785301959,0.8723073685030531,35.871058257505,0.8846269095602534,35.86792695626521,0.8847466455262261,1.1777537086019976,1.1821791032456161,0.012415252577020475,0.012439277023172934,4.590126601238056,4.05546628618154
FlowerPan_first5s_f24,FlowerPan,120,2.4,106ff6e729476589390317a4761b99bbecf924b287b80e462ca6a96b5e7a161a,ca19c74a545ea1630335bbcfcc1aec6edc77612d810d282fcd28837510ec49c8,19ea32c9af97f71788fa6868bcedbbae11caafe9abaadcc686cc15b92f641f98,c85d654afff331647d645af6efee7bfa267f18a4b73153692f6a5f6c63e8c8f8,34.68753658179296,0.8721584268857502,34.68107078908281,0.8722569653479345,35.86548808659375,0.884606169611084,35.86344523025959,0.8847391204443232,1.177951504800788,1.1823744411767834,0.012447742725333777,0.012482155096388725,4.588142007665646,4.06994426891432
FlowerPan_first5s_f25,FlowerPan,125,2.5,1aad98762aa3cd38273525e53df0c7bf98955555fd8500262966505261564661,249814cf156bfed73b5a6b8c3d64c9c53208bab1cd610b6a1ef878aa4daf476e,fdc0b7ad948617415e2b1783cddf40ac7eec27aac42e0f78b2a8d66652d08438,fc82f899a921517c3817417a302038fd774a7c3da44dd0575b7953622b00d03d,34.69063091887736,0.8721976465525677,34.68387499541248,0.8722909080502135,35.869958622258544,0.8846292650281945,35.86714339836165,0.8847544365026974,1.1793277033811833,1.1832684029491674,0.012431618475626793,0.012463528452483885,4.591027602572909,4.090433846718291
FlowerPan_first5s_f26,FlowerPan,130,2.6,04065c7eebd8f170bd971570eacc0f7eab6497719e662f592221bfe376f34550,b20a0478e7ac10d71e30e8b47f11c6e8e6ad5fb89de93cc9e46a091fa46a63bf,7c27d0e555f767e75c0477c551539e6cd45749fa184262a2c94a1bdfc3403fb4,4a014b93fc9e6f2328a1667063829f0db92ab571fb93d3475225f29aa1dec8de,34.69246546440558,0.8722294689796233,34.68595441655832,0.8723134068663687,35.87074094926189,0.8846129159245382,35.86849993733219,0.884726218535883,1.1782754848563073,1.1825455207738713,0.012383446944914889,0.012412811669514245,4.590176975348155,4.070775868630175
FlowerPan_first5s_f27,FlowerPan,135,2.7,78588026e60fd7f5a0857b2874037a94cb86f14fef50fc0185db5e195f67e085,aa8bf51ffd8915d8eca350b12fb98bcb0c59f1f83afd72226c6592e358bfe3ba,72bc6b6fa2e5016fe5b466754075c0b8062d0ba6021ace7c21fafecc9a3f283f,d3868cb77e516d2fd6bd130a2bb01b52b768d7bf2f67404216fda29707e74c9b,34.701667069763424,0.8724306616801755,34.69705621567696,0.8725332166329378,35.88434540717,0.8848700239339682,35.88375805538019,0.885001741293371,1.1826783374065784,1.1867018397032325,0.012439362253792718,0.012468524660433133,4.589073501803222,4.100064327616624
FlowerPan_first5s_f28,FlowerPan,140,2.8,9cd290d90124227139ef3e048940c224ee78b8555bae4f2f255f710604806067,9720974a200079507c1e1548aab3726eb173d9cd4baea836879e7b58d467fade,c64af06b4413c853858334b2f76020005a270a6359360196d15058b6e396fdd8,80be4c787363c6b6d9944c43dfa05932ec86a391b87506e0d226557be7172ec5,34.681598619627046,0.8721513165100685,34.67596416860037,0.8722371088471652,35.863107834861225,0.8846572392052902,35.86165773569116,0.8847663550669714,1.181509215234179,1.1856935670907873,0.01250592269522166,0.012529246219806223,4.589730682687504,4.068902634773309
FlowerPan_first5s_f29,FlowerPan,145,2.9,a8fd638b9e8ac96081597ec45bb40024df46a21e2b0dad4d4f2c8ae187e6b2bb,b99b01c694556e70db62b77efc670b3014d6d4f5b8ddf72fea00ed15a4e81db6,3551ec28cd7bfb61b4a7fc51535fb79b0a8258259fcffe8f688833ee03dce7bf,cd42aec2f6b3c9e157a5f52743e11ca12b7617f1dccf54640904fbb252fe1e07,34.684131304316075,0.8722742360416695,34.6816474678991,0.8723841482463568,35.86879964096811,0.884791847635715,35.87027507907256,0.8849250632499652,1.184668336652038,1.188627611173466,0.012517611594045408,0.012540915003608433,4.595139496034472,4.092621156443203
FlowerPan_first5s_f30,FlowerPan,150,3.0,50d81873db25a281762ea79d8d80ec914566e0f0ac4cc89c5d160f820c39cd8b,c27fb95d96e43ede18fec5d45c25125c77a1ee8f8a4df51b32c0b52dbb827873,192d757312f306ccca638d28d9e03b303ebfa1f64f04e853435d56327042b2d2,51451a86a31b8158e1ae6f8bbce87d0fd9c696b69e97f48eebb0cde0c04b501f,34.68523890371248,0.8725087676599897,34.682561716994265,0.87259985189204,35.86990632487811,0.8850272549905563,35.87059977307049,0.8851464373810214,1.1846674211656278,1.1880380560762234,0.012518487330566597,0.012546585488981354,4.597376082128583,4.130368562847374
FlowerPan_first5s_f31,FlowerPan,155,3.1,46aeb9243ee155ae78dea254868a8bdc5bd3445c90ffcef6318a0740ad560194,ba03729ae896405dbf96178e1ccebf0b61ab28af5692e9eaf5eaf992c99110b9,280becb675c41f11d85c3c26d68b555aa41dad84f39216a9535c74db3b108cfa,7fc02349f0e0116311b0b1849ec9484e683e1a0b4619d57bc24e818a242194a7,34.671344871948484,0.8724460820106402,34.6681252890802,0.8725493566081918,35.85701355021064,0.8849984602097664,35.85761722676532,0.8851303601579825,1.1856686782621537,1.1894919376851192,0.012552378199126135,0.012581003549790748,4.602229804494786,4.145840732920127
FlowerPan_first5s_f32,FlowerPan,160,3.2,2179f81778fcd14a8e64ccab8307dc9fc34fb03dbe10ec7ac5b7087bbba45bd2,95b8c38f3a8659d07235c713a4b5015ce9fa146b63972d5532340465caf1bfd0,d32c84bf662ba8092e5cb3a5bbddf36d6209b35bd6319252c5d54d41ea8538fe,39faad8101f65276928e80102a1834c5dc436cd16809df3b2e7f54ee7e79bbbf,34.6672199007257,0.872325199961623,34.66258132340893,0.8724206731727577,35.85608005672349,0.8849578956828351,35.85533901774401,0.8850748802135662,1.1888601559977943,1.1927576943350786,0.012632695721212062,0.01265420704080844,4.620569639706801,4.209689490570161
FlowerPan_first5s_f33,FlowerPan,165,3.3,09de425893c4e813c71b7d2ec03ab816e67a44514695452ccd051ac414f9bb0d,fd4bb55ef2121859735e31e335e231a3cc0817e1f5440529f2b6867434c43e1b,02f76292d23f22550eea76e4566b86b64a746980d319be610e742a8cdf977263,e35ab9c20a40097ea3f97801ea4f9d416d941098db68ea95cfa5b770d2a1bd41,34.673156384331286,0.8724566426610555,34.67022380407146,0.8725455387083512,35.86108480159341,0.8850172198756993,35.861304370873114,0.8851310502823845,1.1879284172621212,1.1910805668016522,0.012560577214643764,0.012585511574033315,4.616743524792356,4.1926324265830885
FlowerPan_first5s_f34,FlowerPan,170,3.4,eaf6dfbbce2c3d85003336cc332d62f1b49ac43b40fdf4740d9457cc8894579a,6edb823d0731947a2f7e8264a6f3478cd8e064a6264aac5959922a5eaa41674f,95fd6505d6ef8a151329c16aaa885a1c3ac4d4a4f19545214747279a9ffbfd8b,d965781f3945776d25188e26b35fe25b6d1302385a7c783b5d1fb1801f0fc538,34.68475079391744,0.8726207558375372,34.681743325133354,0.8727084210007989,35.875626928564,0.8851744195993505,35.8765570757198,0.8852949533682926,1.1908761346465653,1.194813750586448,0.012553663761813327,0.01258653236749363,4.636460536946544,4.263666630237932
FlowerPan_first5s_f35,FlowerPan,175,3.5,4150d38c31882cd1882d1a9d6e8d4d3204f7248f652c6348ef477aa81befd04f,3a347278630778ceb020ebd6ec1cb68f24f838b8b8ba6b79a0bd794b0accae39,db5a5185acd25dc58481a662e22156bfac2482642b2faeb69eb58db2e9835ae4,f2182392960421d7b7dc8635bb4bdd9e1a9a3e19483c002d247d5ea0641d6856,34.67201498066069,0.8724532774957727,34.66703151951212,0.8725597983069322,35.868774292292116,0.8850896483790006,35.86774801742333,0.8852232057897802,1.1967593116314248,1.200716497911209,0.012636370883227888,0.012663407482848,4.655778459298695,4.295852027454256
FlowerPan_first5s_f36,FlowerPan,180,3.6,c6a511ed958e88af9a78f18f212a43d0dac32fba68e039ec6724696bad98306b,d5c63143983bf846cac30a3280ab98cedb58219c8470af8f9b895a1e3f03012f,fad5cd8176df9ce72a117914f1f1af202835f8bbd20b8739c20a61bd9e766df5,755c4dd00fb32bf4ec701fc8440fca4e686b9810a21816c374096f28ee5a238b,34.69251661101337,0.8729036323745994,34.68684378240209,0.8730061481422392,35.887922321063876,0.8854951463418848,35.88690089101809,0.8856341433497799,1.1954057100505082,1.2000571086159937,0.012591513967285306,0.012627995207540654,4.6684108956394805,4.317512040997939
FlowerPan_first5s_f37,FlowerPan,185,3.7,baa8ddf9d0d330b862bdff6254fde60bacefad30a3fbd1355b3aedcedf6f4ec3,c2783902daa9622854623e06f4da2c8c84565425b82021153bc199ae9c7f3ea4,b3d35e4097a3be0bb8bbaa416dc7ddb99b04a6bf27929638dbae5619fe3b0c10,d9d1efd0c68cb702b4c784ba7ffb18fca825eae866ec005c94d2034ac9274bb8,34.67412894532701,0.8725997903126383,34.669398972387675,0.872715441117166,35.87202663128933,0.8852763999473827,35.8709428450277,0.885416689554589,1.1978976859623174,1.2015438726400234,0.012676609634744374,0.01270124843742293,4.6755797535596075,4.33176437699057
FlowerPan_first5s_f38,FlowerPan,190,3.8,a3cfc919d24f39f6f249549d4d8a8655a274198c4a4b4b8772e8fdb9e8604dbb,40dc76419abf40623718153fc7e61319cc6610e1d0209047a69be5380fa6d6b3,15f78c92ab9a94ac14e0395086ddc8dfc70acc2c8908efd0993de2f45a5790e8,1a9d106b6be8b39f9f1f7aa2024ce2de28b1ee0a2bee72c210ab005886f555f7,34.654111878055616,0.8725138501764804,34.648826862515676,0.8726519065676923,35.84730235975964,0.8851139368902117,35.84631859444366,0.8852751369869774,1.193190481704022,1.1974917319279825,0.012600086713731251,0.012623230419285036,4.663832828209892,4.303594272036783
FlowerPan_first5s_f39,FlowerPan,195,3.9,3277d1714ce5ac6793209c83afc41cd4abb9f797da7a3b8bb2018180d2a516f3,9a753f4b5927bb7dc0e8f67050dcb4d7f3614cd42a50657e86b0f598330cdc46,b71c0b1e5fc1267e43ccaed7aeeb8c67879ebd96fccad2657fdbc14b8b32f352,60830666d0c85b8a6393c47f4a1bca78b70ee5b2d919162fdc4d65c47402e743,34.63053091198183,0.8721791697675322,34.625359063845245,0.872315141440428,35.822107985165154,0.8848166571419654,35.82116171296029,0.8849741353200102,1.1915770731833248,1.1958026491150449,0.012637487374433265,0.012658993879582248,4.646680504707113,4.248197753387872
FlowerPan_first5s_f40,FlowerPan,200,4.0,a3e76825824aa82d728375dcdca91e6573c8c9cbd728ab00d8389b9791c383cc,4a02953e9b7034928cd5c61260c3d7da10d2612cd5b0dfedb271f70e2dc5445c,1e2a36664eb37933e2364c1189d554b61002779ec9bcdb74100b4a21d0d1f644,73b384b518e3620aa276172f0e06cdbb17833b4cf853ceed784b78211f5414d3,34.61953776078606,0.8719724977580644,34.61516438429412,0.8721306418251946,35.811564014258494,0.8846293183565406,35.81152726064953,0.8848020373988303,1.1920262534724344,1.1963628763554084,0.01265682059847617,0.012671395573635724,4.625126484145694,4.081632038226753
FlowerPan_first5s_f41,FlowerPan,205,4.1,503848c4668bfe59faef6bfc0d48d5444087cbc03b32dd7ddd787cbd2c64799f,1f07abe97c1a220a7ee3a0c491bde9f02876db002e8faaa62089858f6945672a,3e60fa540d1cc5c1c57f122ca1f52e501b856252ae4daca348d4ae95254224a0,6063d837df4aeeee5e95942c24cf3c1aa62e646d5ecbc0719c6c7eacf818f091,34.613017071839344,0.8719880122163279,34.60784286870974,0.8721432388421733,35.806193068321186,0.8846943114739672,35.805681540214195,0.8848726331321244,1.1931759964818411,1.1978386715044564,0.01270629925763922,0.012729394289951124,4.629164341082245,4.082442049038281
FlowerPan_first5s_f42,FlowerPan,210,4.2,c200a939dc48e5b34eaf6945112bd6d6486d2e625c13c9576075fc370aa76c32,9ffe9b58adfacf14d140f76535e3d5cb94d0f3934c19bddf9ed748b7c73ad0eb,23dcc42d6fcce835b67795f3bb044c28594cb94fbb1847350e2fcac17586a016,4d12814d9158604cd645c4d48e098a0d46f2dcee3b33f48a214d4ac1aa38f70e,34.59411249337308,0.8715766922415945,34.588527092529105,0.8717228804901427,35.78482518831961,0.8843512883775344,35.783794354907876,0.8845189929823443,1.1907126949465265,1.1952672623787706,0.012774596135939897,0.012796112492201583,4.647272430993568,4.003101118036907
FlowerPan_first5s_f43,FlowerPan,215,4.3,6fab90b4d37e0e7a33b0d80bedc2b347dfdbf11ba1d6f3142fcea89a7634a3ec,b9255205e5fe22a62bd8326f05ac434bd6b1b3e0b34ae816c422bf2807edc298,e39c252af3fdb5b9db9ba7665a47de97093441e4b90c8472f2b4d154bd754de7,f15a1c9bf7588939eb5fe5a03ea56f58ec44591d70e7f4d9b7dedde04613278b,34.58155031719036,0.8714326944164953,34.57593088301171,0.8715763317629482,35.76738557786781,0.8841826078648786,35.76591429090395,0.8843431625572707,1.1858352606774503,1.1899834078922424,0.012749913448383277,0.012766830794322503,4.700534697394304,3.9554476977690003
FlowerPan_first5s_f44,FlowerPan,220,4.4,8a47722f674279a52e20fa81b0d7fcfa51635e8802fd1a1fe593f1bee6fc5df6,e65ea7812b28b4da312fd88f72e9734473c139b497bd3d52f981378179658745,335bb0a9d1c68f1b3ca45fd20466a12cad2fbefe0869c000e36e1d909b1a861e,3f93d71e2340d212842877fde82c5cc84c9f11e6f36269154488e0577637cafc,34.57353916712288,0.871488656881676,34.572920537581226,0.8716203813569147,35.75995229597712,0.8842198631625614,35.76318260834573,0.8843672441624485,1.186413128854241,1.1902620707645042,0.012731206280885421,0.012746862805533832,4.724617303128708,3.951722209103541
FlowerPan_first5s_f45,FlowerPan,225,4.5,601239b94e20fa02b9aab5eff50d526a9bfe88f4ace954b626d5c3090bd14e0e,2f9247a02215ddef3867eb1b18d9722a255cea954c4966787f0aea101115c608,42f213c8c7e8abe6aaaf776db6908b6d3dd889120ce8c11948fa306607f35a02,8bf06c66fb6bb259baab3cf70879ef35a5bf3958c4495e250c5bdbf3212ddd8c,34.57959774597378,0.8713997784831673,34.575962331589245,0.8715520181208023,35.76987554247433,0.8841693301500888,35.77080933800747,0.8843416477444908,1.1902777965005527,1.1948470064182217,0.012769551666921508,0.012789629623688459,4.7717430759383,3.9533219835055893
FlowerPan_first5s_f46,FlowerPan,230,4.6,bdd68e591cb66f8550e479527516eda1ef1466804fd896febbe7dce458000331,2b211f79f01cf95013a8ccc183e614c4e7264eb5007a4e8897517a73c66db156,f739250ebc4037d123ad60f67c9636cd0a5bbc887d24e95b83d01400ee4b816a,43dfd8b21b7bb09f45a1e07caab2472f6ea6bd2b6e96b1f7a5db53f835daf36b,34.560465317282556,0.871308168216761,34.55646714687216,0.871468351534408,35.75083814883454,0.8841434730687335,35.751031866860934,0.884319948798703,1.1903728315519828,1.194564719988776,0.012835304851972484,0.012851597264294967,4.7269248764675575,3.953409436863798
FlowerPan_first5s_f47,FlowerPan,235,4.7,d68a93c03ea4f3028c66dd99d133c8312591705a93ecbc215132b08aba19681b,be2823395248f1f6317d5cd97de2ac485e113c3cd43881d42a3fee0b308dbf51,4c58c19164b4b7bb149a9cdbaf4c85f649d910f1ab818b1c1f3bcb9927862fbc,a74b39f83f65a61afb56638b471afccada4c2ecc3188d0ed4336b6bd29d56007,34.56634802697225,0.8714699774801342,34.56292731817745,0.8716244664070172,35.758882646327976,0.8842963617886029,35.75929962427538,0.8844662159264869,1.192534619355726,1.1963723060979277,0.012826384308468719,0.012841749519469703,4.7790381740617,3.958460752591644
FlowerPan_first5s_f48,FlowerPan,240,4.8,d1c655bff4d03aed9060fa7bf88e30427354b1076757e3cae307d3187c84ac1a,98665db3bdad66bb4af614c0824ed75f8b1a3a85f3906b7be379c49cadf934a6,bd66e7797f7bb60aa55dd9e5beff3803ef782d204b7f91e75c309fae54e64c5c,39f863f145b4c1694493eb31d7e990a773fad3672337e0ac950dc7eb412040b2,34.582467512076974,0.871619987004522,34.57799891320143,0.871741748823915,35.776615579956555,0.8844161613282212,35.776113143872045,0.8845656035564047,1.1941480678795813,1.198114230670619,0.012796174323699172,0.012823854732489703,4.697910974676825,3.960696972772123
FlowerPan_first5s_f49,FlowerPan,245,4.9,9a912e4a9f289cdb7f3129d460ade2981eee4144fce1c48dc1c5ddafdbd05fe1,1bdbce9fdc4c8dbc2e39c579d1e44e044df792588422f1d83aab1a2b17c03e62,92416a7cf9e24e0dbd5e8d0eae70324459ac5376b6d0f579541767d3f5dd94e9,db81008f681e325cf67e3bccfbc0cff741af623ac678ee44659eab5164920ce5,34.573782088579755,0.8714875983719199,34.570949766618504,0.871625333790831,35.76486299822274,0.8842888084254753,35.76591988364077,0.8844457809609677,1.1910809096429844,1.1949701170222653,0.01280121005355539,0.01282044717013675,4.696770299912571,3.962048413788797
HoneyBee_first5s_f00,HoneyBee,0,0.0,df7a76919534227f2c72795e95555c593350fc549dce53b030e0edef3a4e21af,c3142681bd6e217876f098cc05de1bd73b36c29817bbfb932ff4eb251cb12536,fc4b6bd65f95e0cc3c313f874896ba820c8d9578dac5509428831cb9be0665ce,7e94a36e4ca13f07671b2e62391eabc1a7a04da3da104977e25cddded1db9fea,41.9484001317103,0.9580982100504314,41.93863990470335,0.9580603216515043,42.58964731077852,0.9600447143549781,42.587298760363765,0.9600346998063467,0.6412471790682162,0.6486588556604147,0.0019465043045466812,0.00197437815484236,,
HoneyBee_first5s_f01,HoneyBee,12,0.1,69ed84b4746f0214cab4a6d7fe93559e31e6aae385ed8c7566b843e1ab76d7ae,4598622ba77c121eb29c02ec13a7f297d1558f5be352ff477ee6c7227e4dfe98,9db7aa8653d7b6a3786d46d3d45b8bdc135db7c8c3211aad3c9bb94b60853064,d8192a899e3ae228c21a24d2e5b79802456b2f637b2161b8c10f158c4e75d218,46.04993790857347,0.9888220627516066,46.0284375988655,0.9887921794449283,47.17838048065801,0.9889120535707651,47.173424694986025,0.9889080732602052,1.1284425720845377,1.1449870961205235,8.999081915850304e-05,0.00011589381527699061,1.4377502849247485,1.4332895538000374
HoneyBee_first5s_f02,HoneyBee,24,0.2,78d89d754ca783e31f57ff4ad46a52a48d59cf8e4a30347823321b915f60d767,c5ea89959877b8705954e31b029d9e87e48f953407785c288dbf0f957ddc7501,b551f5a541f653696e36b0beba86fb81efb423440f60c4318bd9aa513ff543f1,a2639d0459cd5cf3fc7f20f69dd4e7c0887e9ec11dac9a6b5cc8d5ab69a9223e,41.94019995613565,0.9576298024552639,41.93137567810031,0.9576077996523774,42.54514154661044,0.9592764864939879,42.54349412972296,0.9592815825061728,0.6049415904747875,0.6121184516226492,0.0016466840387240333,0.0016737828537953803,1.4082461808374447,1.4095146814307125
HoneyBee_first5s_f03,HoneyBee,36,0.3,eac159717767d8dba7c692596d6d8070dee80279edddc5736e2a3b020045cd91,28d54da4729505a75972b71a05a279e72e16088ca9bad9f5aed2dc7a27eabca6,410b93d98766bfc40c68edb58fca480ac8dfd45f500fea49a9c0fd8c57f5388d,2baefae9696ae7e72e4fb16e190c14d07b821feb3b87ee68c000919102befb03,44.87565449746857,0.9836348023955861,44.85676160085092,0.9835985876079755,45.90556221917025,0.9842365975460843,45.89982362403403,0.9842271385979792,1.029907721701683,1.0430620231831043,0.0006017951504981855,0.0006285509900036956,1.583022022146069,1.535196622470805
HoneyBee_first5s_f04,HoneyBee,48,0.4,58ce60a4298c9bc256ece9a30a97cecc10d8ac3ebbb863d3e96afa0128a05d9f,0e423b8d80e5cf611bc33f1ce9939e0ac322edcdad5e13f9c4a550da47906ae3,1ee5db5bd386e587e9eb892f13be85113e652541a69624f747f31da52e4d8d65,65a5fb0f46a33db2b7794926815a3f31fcc675ef5cc2dd55cb88802f75b9e45d,41.966704063485345,0.9581412741626925,41.95812261896671,0.958108374656252,42.568844402477794,0.9597612734311066,42.56695064829266,0.9597564649966442,0.6021403389924487,0.6088280293259487,0.0016199992684141629,0.0016480903403922609,1.5997320780381565,1.5388971070380315
HoneyBee_first5s_f05,HoneyBee,60,0.5,335a690b4ea4ef6b45476ff60d94a0c92a208ebc286e8287cf3369c1a32d4f44,7604b94c68e1246e664285f491ec3967993e4d00c48ea6bd8e7cd556feffd6b7,c9be5fccb30c8aab5c692fd77de606bce3454d0b1fcfb56a33625a0601e5e098,07181b67a28c3212dadecf88f81ac3019601cf2ac6e63213bb875adddecf042c,45.36181640108979,0.9863006498940029,45.3440127200837,0.9862674184023056,46.47257139874192,0.9867311128307451,46.46890087540247,0.9867246707853897,1.1107549976521298,1.1248881553187715,0.00043046293674220415,0.00045725238308413907,1.4897735677652533,1.4679114479251234
HoneyBee_first5s_f06,HoneyBee,72,0.6,a903b1452789445e775cde0f8d3e2146355735591c798aa4332d1c004618a101,e304d5cc4c7b6f68e3e520c888ef7a3083e92db0a844f3246c8305477d7bf819,fbeb92e88e0325b02a9c0671b630543a743c834fbe82cd0597e54a827a2aba93,cc6693982ce90fc5ef3ca8648ddaa20e098c4bf0e1204a712ca24cdb3829b3fc,42.270871918454624,0.9620673873305768,42.26119139600694,0.9620301139094195,42.93957837754546,0.963832460302882,42.93713516997563,0.9638221471840981,0.6687064590908349,0.6759437739686902,0.001765072972305215,0.0017920332746785839,1.498017601909386,1.464446001881284
HoneyBee_first5s_f07,HoneyBee,84,0.7,bf8bf5434451e8f454c1c8bda96d2863061f96fc62e26414c5609abfd4a33a69,265f9a2ea6199629275df987f44ad6cfc3ebb43d68d998f835326d18a8342e9b,138209eba9c1ea4e5ac872549b78b4bee2546802392f0c32971e8543bbcddc8d,d002a057edde1866391eb342092a9a9921b7e047ac8abc443d7354db9229932e,45.38974234073618,0.9863327940056036,45.37057119111027,0.9863006579643318,46.48793533864917,0.9867243164777458,46.482913542823624,0.9867177557930541,1.0981929979129958,1.1123423517133517,0.0003915224721422472,0.0004170978287223459,1.5128890637685006,1.4765305435427465
HoneyBee_first5s_f08,HoneyBee,96,0.8,841cc312e5f4ffcefc249f3c15ed73a9d9262a0ecaa8755074b6513df1b1d390,8acbdd5312fa9c879bd55da5c1951a1e5c4f82cbe87379a18d9fabb3c06be65b,33463859f6abcc192a65fbafafa4e015b504e8a5cedd5d9d19b5f4912990f902,47e3d741ee7def2d6c6708f5aa9ef60fbd6f8a26f7b4d75a25b630bffa865ea2,41.946547300175865,0.958108491410607,41.937211207518004,0.9580698565760059,42.581201583131474,0.9600551805790687,42.57860584935435,0.9600436414677639,0.6346542829556086,0.6413946418363494,0.001946689168461635,0.0019737848917580347,1.5588211043371012,1.5258372835742835
HoneyBee_first5s_f09,HoneyBee,108,0.9,a32adf6454810fa87e0ff5452b0b35682e93a43fd92f292786f312caeda856a6,3e31c4e81d303e643c8304aa677dedea5934858cbbcc4432e36f5e71b061d2ce,c010e2e87798165ec342a69689ee3c36870dc458fde15267505503519df69daf,762f83a013704e734b10ec77f39f5bbba2b672b317a34d038b4e7ae26abc7717,45.54037826818985,0.9870152776209936,45.52099164975209,0.9869801082839059,46.64317018966547,0.9873247299218204,46.637818719650674,0.9873131972993223,1.102791921475621,1.1168270698985836,0.00030945230082679576,0.000333089015416399,1.5120727104540062,1.491274179572847
HoneyBee_first5s_f10,HoneyBee,120,1.0,d935d3de33118f54ee2dd2905037a7e2e21dbf3768ea2832445e2b4b3aff29a1,e72d631c5ff00dad89385da658c57ce3ddf6466535cf085e9fa679c36407bfa7,a7f31e8d5001ec8820213b7bb92f03a8cd9202c3a2d35e09cdee4a16066214ae,188dd87113879e16b3b7f7cef1f051772f4884c912c7e75e6b7a93d8544687a3,42.06212463288965,0.9591105369765617,42.05232647772546,0.9590597076345589,42.66360691339142,0.9606184231185767,42.65976880381121,0.9605903323576,0.6014822805017701,0.6074423260857529,0.0015078861420150247,0.0015306247230411074,1.4289683577405858,1.426688959751452
HoneyBee_first5s_f11,HoneyBee,132,1.1,a8e88c6e282b3c039262b0f0b9f264f1314e5991b0a93f33bf331631edcf35eb,36363b7771fad4d8562cb682ad2e27b0601432cdfe758943c42238c2ee74a8b0,89da4aefb5afc45d05e2a6686068c6df4f679bed54e0ce9546076c83b36dff5c,b243fbecb2f8a733532c7945f963e2afe9c0b9b1fca0be590b5d38c6ff2a196b,44.9504980246531,0.9837694113476283,44.93527101446121,0.9837328051896844,45.95641258137705,0.9843138453030459,45.953150979006914,0.9843034084686714,1.0059145567239511,1.0178799645457062,0.0005444339554175892,0.0005706032789869475,1.4971003784034846,1.4860377115468681
HoneyBee_first5s_f12,HoneyBee,144,1.2,5fbbb35af7be73367f34bf82eee0a6c96360157aac2080febb0db8b529a40074,d85fa204c5df2d7228c75b6e6fc54d9a0a295597d41b21460310bd1eb1d41289,00163ee1e5115ccfb156a6a8710f32be30f738f61a4b1d98a75144485bf4fdad,9c44acb09190e266ecf97b314019c7ed8d9df664939a370340cbba130b4c38b1,42.14058384525185,0.9600441866262871,42.132669941341156,0.9600068286666598,42.759531502714225,0.9616169155884466,42.75774827105626,0.9616054566743821,0.6189476574623782,0.6250783297151017,0.001572728962159542,0.0015986280077223691,1.3907075745097732,1.4028700557749954
HoneyBee_first5s_f13,HoneyBee,156,1.3,f0ecdf0584aa8f87217700dec5366baf82a904f2989ff573831c5eacd55ebc52,5f9c8108dde52fe0261226088de876d9c6c1a89c63419ca9d2b75c2cf7883181,90149d6592fab170c030b209719a31023033552537eb4b3e80003f16f9e2a23c,e940a01bb239d0860183e96e0da106cbb174a6dbf39c33434adc57cc8f998829,45.52924457165739,0.9870857379885715,45.51182508404858,0.9870494429967883,46.64819340411032,0.9874013738356273,46.64446956937886,0.9873900142659955,1.1189488324529364,1.1326444853302817,0.0003156358470558507,0.0003405712692071683,1.304175464856679,1.3336903024105415
HoneyBee_first5s_f14,HoneyBee,168,1.4,74d7896cb8be8e398c780dffc2de5bb70655a0b34e0ee5c0871135b0da9b7f39,c23acd0d1ff8792c59e7bc8a8715bc476ab910f09c85ae8c22927ccb95d927f9,44a1bb085db21bdd818a60da655126085e489b42fc3276207bf7063e0ad0e2dc,cf330294073740fb69a044703ab99bc833ad2c3a15da69ecf11f73328d36dba7,42.49521815386447,0.9647635730533504,42.48534235283436,0.96471296755255,43.20364336970076,0.966537002135539,43.20081379155623,0.9665115168310314,0.7084252158362858,0.7154714387218704,0.0017734290821885823,0.0017985492784814427,1.328848899136639,1.3407930519343658
HoneyBee_first5s_f15,HoneyBee,180,1.5,3681384c9fc3c8de9a680939f23318f4ae85720ef5777d793ca6d58313ce22d1,8c3f85dafdfafd267c91b597451f9161dd60cf68369e0f821d0917b627dfa729,754896702da5278df757a2aa6a76f01170d41c30b73007eee7c910e3a0c5b3b3,670031cd15cb00783bbf2abfd2d03f9648a1c1e0a90568825ce03780a3b120cd,45.422652417528646,0.9867229564445237,45.406171596324334,0.9866875134635059,46.51656246821149,0.9870650979056212,46.512862099217074,0.9870539608100066,1.0939100506828439,1.1066905028927394,0.00034214146109756705,0.000366447346500709,1.3139586537110473,1.328812917629426
HoneyBee_first5s_f16,HoneyBee,192,1.6,9935ae7538d007b35d1fef5da4e806f7576c5800fba3fe492006898dd2de35ef,ea710a0f98b6901543a3173bad9678550c6cab42595e6b34e56b474cc4b14096,5cd6bb856c200ca919d3a90a3d3aceb0f6de09aa17657e063b835fb4fdf6f4fd,95271d0c25cb5600978089ea05757f558f0ad0d07cce440d9a96a8d37cc994b9,41.9269092997309,0.9578897089121378,41.918275190699376,0.9578443045469603,42.56145884504252,0.9598473225184893,42.558893881530366,0.9598268634908554,0.6345495453116214,0.6406186908309905,0.0019576136063514937,0.0019825589438950963,1.4873274351308312,1.4811377620917379
HoneyBee_first5s_f17,HoneyBee,204,1.7,3e5e7a2712d13bd16fb0f9e61c080d457c94be7d880ea167fe01ec7a487aa3e5,5d493baf31778da78a0b2c76d66068ec6f84d66e7b6666aa6511d7c039681815,356db989c319369112afe3add293bbba71a71162cccb182c926360e7095772d9,57194637f7db22b72181f9a56557457acaa7e315c37a7619aaad735d1f13d62d,45.41768865364884,0.9866208252575718,45.40074427343892,0.9865806432304873,46.52586457437887,0.9870009857907887,46.521101625403645,0.9869858477187597,1.1081759207300337,1.1203573519647279,0.0003801605332168778,0.00040520448827241484,1.3949529044760507,1.4132506596203085
HoneyBee_first5s_f18,HoneyBee,216,1.8,c1868c1b8f71ee559179a7722b1ab815b94ba6c166f1aeea35c6603456fbb1f6,9ac0a37013d8e02738c44c206fcba48a8a1b013202d480624ad088b2dea6bd90,34872ecbed23f122b459bcb0739845cab2e25a6a0cb19dabc118b8486842b56d,00f404162adbf2504fd274f75cf7e570cef03dd28ad8290a59c08ca87fc5d63a,42.15395197495519,0.9602065086305055,42.146825314128186,0.9601715976398238,42.768447369624226,0.961692741664395,42.76781088085354,0.9616829101816935,0.614495394669035,0.6209855667253521,0.0014862330338895058,0.0015113125418696471,1.3669153822285018,1.3788633161337662
HoneyBee_first5s_f19,HoneyBee,228,1.9,e21a06d6b91b8278bb0c94911a7cc4baef335c554bfa4d9b1750b773b0a4c6bc,b367e4e93bbf18310f0ee435f102cdde1f97328cd55c609836aedd57b19c6cd6,451df55ac36f8d2eed8cc560afdd1816b122a4c3ad9eff89aafb5969f63c04c1,c27b5b7ca933746c5e9fd43411b5f6429ace2ba41deb5291a6f7e625c57ab002,44.94669977771119,0.9837793376141896,44.93339179227775,0.9837448456804603,45.953990802979774,0.9843316347565702,45.95214400711086,0.9843205807653548,1.0072910252685858,1.018752214833107,0.0005522971423805867,0.000575735084894502,1.41762247373228,1.427629113845001
HoneyBee_first5s_f20,HoneyBee,240,2.0,52c98a750e7ad210af2d824b4419c2f7d487eed1b2f1753171279d69a1a1397a,8da4eb4c5139f5769f44e83311588507e15ebe70a2a2b46895076c84b8407004,0e3d56cf10a51b01b127568f018bd26a3376e3dde68d289946e496f70fb2de69,f3edfc0f4afa29d6188dfeba3f90eee942b0e4918520e1130a5b80fd0e0a085f,42.291752337673394,0.9619263135548844,42.28406668396917,0.9618891977616093,42.934345895150834,0.9634520421009991,42.93352373930845,0.963443913123067,0.64259355747744,0.6494570553392762,0.0015257285461146575,0.0015547153614576814,1.316750208814713,1.3458493684818584
HoneyBee_first5s_f21,HoneyBee,252,2.1,c6c64eb61abb7d032a7e60b09ada916b0029225e805867606cfebbe3a59dadac,0286ebb0b00e30c0b388ef3f9d490c4a9937ac6f44dee036dd5ff44364e0ee88,99fb044a3566cf5c72fb75dbe5012c19491243335f5ae49034e0c1d73ddde9e2,8c578e1f84bde1c96fe08e8295a5149e5cd1b8525bf52e53dedac5200b1a9f69,45.42808747621534,0.9868003289026882,45.41336825423607,0.9867654410209562,46.542674068103906,0.987158745896631,46.540931686647355,0.987149416471559,1.1145865918885676,1.1275634324112858,0.0003584169939427895,0.00038397545060275817,1.27226316118154,1.3051141552956973
HoneyBee_first5s_f22,HoneyBee,264,2.2,38c62620d002cf0bdace61379e5f45da6174e6b03621f50e7eab2a1d4f3c53b8,ad566a0c03ad7001dedab14f1a3989390f1c6ff1983c6383d42019745bfe6ca6,6315a1504e60e6dd49965b7deb89830221bed4b1552563166655849cb4837783,6f4f2b58a76f6aedcddf651db8aaa6dbb8ee1ca648f9c237301fcd1c18361668,42.64911428957167,0.9662393714911397,42.63914103740823,0.966181721184639,43.37941153245062,0.9679558458386291,43.37636627257295,0.9679267221941428,0.7302972428789474,0.7372252351647219,0.0017164743474894495,0.0017450010095038104,1.3092675189689627,1.3217360260023105
HoneyBee_first5s_f23,HoneyBee,276,2.3,c04145294a06359caaaed3f9fee3c35e92474fabc1272e79f08441c91901c1ed,0a905cec2721845954983bea2cf0eaee36fcfd74e86cb048147bee238cebdbb0,872e22669c0435fbde5bf042c0b48b0845d451c49eb06611a17181ea748979de,44902ff176eb06e377bd71e96e372aaed27ffc105a51d8d20311a1ae5c576106,45.401062609846186,0.9866021681264038,45.38552187399052,0.9865623481479043,46.507172519465634,0.9869849603027575,46.5042589856379,0.986969706405246,1.1061099096194482,1.118737111647377,0.0003827921763537301,0.0004073582573416168,1.2569673614797352,1.2832856995097732
HoneyBee_first5s_f24,HoneyBee,288,2.4,4a9104386bb7fb6be8adb422cf557e79bcce0ab59931c006f3d9e1648a13b9b1,4ee2fd93a0c61a34c69fafe887f056ec8496fda16b57037dd0a8edbe91daae9a,43b92265c572b99555f1c70fe39819202a8dc8ad6f72ff94004ca0e634702c4d,41a51d13cce39c8826206e504a7e6042151643bdd49b6a2b7fa48a3abb922b54,41.947217355212636,0.9581393474206182,41.939467682226386,0.9580893072282318,42.58054758701132,0.9600873487602315,42.57862384562854,0.9600637173314762,0.6333302317986806,0.6391561634021556,0.001948001339613259,0.001974410103244395,1.4487487949244364,1.4561535451664274
HoneyBee_first5s_f25,HoneyBee,300,2.5,9f549d4878b3f2efa3bacd630456b45b61fed5f82a8f8eccdfa4639f8456e31c,7980a05c4c17cc4d6a6040e9612ed3f81d01d00436308867f26c44b84efd0e9b,e879ee4f9b0a049379cc18b91a46bb2fb44ea4c9ed8c24182de5be621a5f92dc,bfaedec2507c73d1f28bb5d142ecdf4228190e171cf227bbd498a7a14c63c26b,45.372264406137184,0.9864886113926865,45.35615244912934,0.986452486524055,46.47557116941872,0.9868910265245149,46.47236952387655,0.9868801749842799,1.1033067632815374,1.1162170747472118,0.00040241513182837085,0.00042768846022489537,1.388948627677512,1.4047140165412477
HoneyBee_first5s_f26,HoneyBee,312,2.6,e02c81b0ac91f6b3e3aec0fd3eef8f4d21b1e6dc0dcb3e72e18ea55bfbf9c9db,8ea68c2db4788eff4cda62037373067349d700055852d4480a0bc34089ee4f4a,c5b4b87de6bfb275bde0c22b9d599a098f48618fc68d9df9d605dd3777e6cd64,04fd9c2b7315edf50958055a8f42b237c741395202a22edafb5c5876d2f53f28,42.22466269693327,0.9611731898920173,42.21779964633601,0.9611413971562902,42.853650144561485,0.9626671026763693,42.8531770152165,0.9626599842422523,0.6289874476282122,0.6353773688804907,0.0014939127843520694,0.0015185870859620865,1.2605514855117717,1.298465138676388
HoneyBee_first5s_f27,HoneyBee,324,2.7,4f041ef54499a7131a9ce47f3f0d3c9b1274f06ea585dbe513fb68f2c1998ce2,151c26ae34b70906711ba7b658dfd75648bf0ff4d3f9a68121f20d1ed5976447,a0c2796d81109cc7c5c62b6cc6fb0dc7dcf6b4e6caeb71cfa6ba2e9139f6d2b7,4ed84028166782868996d5952a4af7a6035110bafbe79277c155e9fa6a152041,44.94096491994248,0.9838782250718223,44.92753706247412,0.983834131485186,45.956846124807214,0.9844687040676935,45.95517525291888,0.9844514812987896,1.0158812048647334,1.0276381904447547,0.0005904789958711687,0.0006173498136036182,1.3940845914257165,1.408603068600512
HoneyBee_first5s_f28,HoneyBee,336,2.8,e29ead8ea64ae374bc005025e53f33f764e21c7073cf2aba7f72a662d1a49ac4,8e3763c86e34f4562f2afc4caacc55e6cbf050047cf5d2c95fe0c821f03c168f,25b398bc915996facda3f52a6aa93467125c0fa4c3096940336ce4013ff5ed40,df136b6cdf993617ab19e5829d1b6368977bf0cbf2d938fb6efab6bb1c1749b1,42.38024034558717,0.9628444509928398,42.37132218592508,0.9627950486968246,43.03692186773796,0.9643814950750078,43.03448734096438,0.9643595009354972,0.6566815221507909,0.6631651550393016,0.0015370440821680376,0.0015644522386725201,1.318465855867108,1.3419408010288516
HoneyBee_first5s_f29,HoneyBee,348,2.9,454b05afa37f8474916bb2985ead56f9e8bca53a4f494d58dfff7b693485b8d8,cc00b7e643f7679fbb91dea65d867cf0996920b606118d3b24b1724e0102e7c5,5e97baa85b2209332565f930497a464a17ed346f41b34fad32e689eba87149d3,c37c8936a6a63ab603e78801927e6af9717071c3fcd607b5c442084ec4fd41b4,45.40693573044316,0.9866504067070951,45.39176744021137,0.9866150376959477,46.52077804339765,0.9870339591171078,46.51843243342824,0.9870242057973315,1.113842312954489,1.1266649932168704,0.0003835524100126442,0.00040916810138380555,1.2632768102479235,1.2958292188378193
HoneyBee_first5s_f30,HoneyBee,360,3.0,5be6faa97f42c1ff780d7f98f59184019e27beadd828e8ad9601caa300978d7f,dd98f22bd6169370e2cbd58ee3f37fecde9b86368d03d3fa3bc8c645ae33ee77,542bf5cb2f23152413735ed7a204a46e76b6ff0c30af7d43419c6835fa0fa1fc,4158955a2065738a3a9888983fa6262bfa5dbe84ae24cd708b5662b2db790058,42.69405732943315,0.9669073539988046,42.684803704266244,0.9668526439773982,43.43413056200149,0.9686123209898979,43.43222239631599,0.968584696818815,0.7400732325683421,0.7474186920497488,0.0017049669910933485,0.0017320528414167535,1.2891495874445762,1.3046854264894148
HoneyBee_first5s_f31,HoneyBee,372,3.1,d57231958285fa92923e9a1eee62e555d863aedd7e4777f34bf115a9dbffc42d,a618028ea77416d2da02aff791d5dffb9f321339d68b9061efc25276530c8f2d,201ad8b8e2f2f7c56a674bfb9a1a388a4604795880409bf3d49636d6de94844b,473dd0cd3d7c52dff3de99432c09d0ceeb8c3c01d1207b6fb5d5ab084dee684a,45.34618530457735,0.9864197947100227,45.33227918019481,0.9863841721584722,46.44855298519091,0.9868216401366516,46.44802327336242,0.986811597864661,1.1023676806135612,1.1157440931676135,0.00040184542662891065,0.00042742570618881093,1.2537739112361832,1.27912989641229
HoneyBee_first5s_f32,HoneyBee,384,3.2,8bf5ef4e23f806b2b8895818c24591dd177477edf2529ff325698bb3fef3b21d,a0993ce442acb85f1f57e9b12a35e895665e8c6587b7e439e53e3f53fca356cd,f7672bd6d908b313dfd8b8e73cbeca18ceb3eaa24a42183d6774e703bcc74b95,48a43348b34ed98f66871e552ee77b91f5473863b5b36bbb7e99a02f59c4d79b,41.95621757801459,0.9581657810128098,41.94937569233048,0.958123081854472,42.590519938319304,0.9600876260386572,42.59010561047844,0.9600694603997486,0.6343023603047158,0.6407299181479615,0.0019218450258473574,0.0019463785452765725,1.4441635311934053,1.4523031579810155
HoneyBee_first5s_f33,HoneyBee,396,3.3,c4a61cd5d872095b65b46dba32b417949cd39c5f3f13876e81ef928fd4b7fe3e,3da924b6c6bc8445c58c8b2c2a952b703712262c9f7d0f600f38f9ba47c1e15c,05161812ff0a9adc188c585bdb54591cc848bc5dd9a0968fdca1212738fe1c12,4a9f7fe150b817922e6918d45e14cc183631b817c6d1ab0ca08b00e0db971f3d,45.337622731525336,0.9862871869526206,45.32372486572359,0.986249838046319,46.424189479250835,0.9867002800091387,46.42308232281582,0.9866882417966581,1.0865667477254988,1.099357457092232,0.0004130930565180435,0.0004384037503391003,1.4054116918675452,1.418390038562418
HoneyBee_first5s_f34,HoneyBee,408,3.4,ec54750faabed22d64891f536cb46527dc1e299f900017d8aec8db2a3accd88e,33989e7f707634a1dbed529e45bd2ebc9189774efc2b471c4c13c4821513af84,d021aab04b22ba8e0cc9a261aa5ab7f24c9897477a748bdb9a722cbe0f3380bb,6b77ac984ca36dc8146dc71fc48230cb0e8e9fcdaa0e96ff2f6bf139274297ca,42.278411500903125,0.9618316240063056,42.27217903075808,0.9617979866299509,42.9154504360913,0.9633255014839294,42.915639025006385,0.9633152506908166,0.6370389351881727,0.6434599942483032,0.0014938774776237507,0.0015172640608657195,1.2197150362205709,1.264149270319428
HoneyBee_first5s_f35,HoneyBee,420,3.5,c388b2a5c86ce8ce96b4dd38a8ff8082020b12f77ccbd63416a10aff7217c51e,85192a6b2fee9e64fafa54be29e3ab0a730c28e6f3c5349990711a707969e313,0cd3b9e67aedcd63cfa793ec735f4aec1e9b481e4efeb42245fbea056e8fb3b6,8491bc0f945ed2ae0f3e250779020519d60e96200360cec9255cce2940e309ad,44.901447246710966,0.9838609068573213,44.88903764915497,0.9838207135395274,45.928689845807966,0.9844649293253758,45.92743214604333,0.9844502965440124,1.0272425990970007,1.0383944968883583,0.0006040224680544659,0.0006295830044850126,1.355237858497783,1.3784151939049523
HoneyBee_first5s_f36,HoneyBee,432,3.6,24f0f1672853e2e4c4a4889e3141ecd787bb68806bc534fab8fdb8d0b27df8d6,dd870fbb83a5d61aaeb66b617b5f0d629e30153f05ffb592dbfa65f7160f1474,062e087ce00d665100b36711223d507a76a354fa95db3a2a0a5bc1707443e70b,627fa16e6323d5affc0131c71770a37b2a8143b027cef1e9735df1195cea06c4,42.42980595428665,0.9634967167615515,42.42077543945658,0.963457076796677,43.09466490227037,0.9650086853219693,43.091892038053096,0.9649942072440695,0.664858947983717,0.6711165985965195,0.001511968560417798,0.001537130447392454,1.295364386553113,1.3224171132439269
HoneyBee_first5s_f37,HoneyBee,444,3.7,4880c9dd5fe853bab093b483cceb09cd84cdcf369ff5310b8f4a00efe3f10082,7f9e3b72069277e0484e2f279ee31cc5ce2384841a3f05d193ddd3af4e77d682,129395b26ed542ab481edf6fc3d4ced930cbb9af98af9e121fe19bd4d2346e66,caa4a457ac361ff8fd056995891e87db00351c9bae9591364ad1219955150658,45.375603665797655,0.9864747352295025,45.35934582581226,0.9864385068368493,46.499334570449975,0.9868961305950896,46.49538570914401,0.9868845494309668,1.1237309046523194,1.1360398833317475,0.00042139536558716273,0.0004460425941175128,1.2728913129176294,1.2991804998282646
HoneyBee_first5s_f38,HoneyBee,456,3.8,631748c5a81dfbd22886e4d92c3a2ab2f6d90570ead4dab68da1ba05964be70e,92c375943ef442f9d9358006b688aa7acf4ec4dc86841781c96d40a095da1b90,40c09f97e9628243a185d75e790f9cb335cb0b4f57edbcf572cfe16940b1f8e0,5c6041fa50c3274d18e2e607562da1cb0083aa4aeffd9d95e308f350c335ad21,42.719110119627246,0.9671799241441277,42.70924429283322,0.9671264051767496,43.46533201620531,0.9688675327745685,43.46266421781864,0.9688403694527755,0.7462218965780636,0.7534199249854225,0.0016876086304408178,0.001713964276025881,1.2660827579544744,1.286021391798851
HoneyBee_first5s_f39,HoneyBee,468,3.9,186ade8ec53647c07bbc84e3728ec024eae5e873805094da6ea4fe46aeea2560,6cee8a74da0d7a0d874724ca124b1f0fa6347f8bd05487f2edbace71015af606,7185d1d4a0780e93266f38deef0f9e56c946280b04cce0e0897cf2b0a1a6b9fe,20f99090b78ec6879c3d98010b95e5d880fd65aefac23177f743eebae9a2f803,45.37638639863432,0.9863420470877263,45.36142966767494,0.9863095384918555,46.48314237378014,0.986750521722667,46.480127167253976,0.9867420226011566,1.1067559751458234,1.118697499579035,0.0004084746349406476,0.00043248410930107895,1.28823992615375,1.3020638992537314
HoneyBee_first5s_f40,HoneyBee,480,4.0,df3c13d8b6a6ab01b4615fd57f79033a8e73010fab401069d88dfae4bfffd404,f57450a9b02b5dfa2a853bb87d83b32b9dddababdb40c34dde900b8c48d372be,b7fd3601913fc5717cc3af8fdf66093d95ccacdafd66e41bc86172c6d9c28553,3a6087c45a00bda58e23cd8fba8e5f304bb8da79a741cc3d187d27d0160471c3,41.95567675032483,0.9582857030697649,41.94790276430822,0.9582417995701602,42.606748600184225,0.9602999320288206,42.60484350956994,0.9602811915297718,0.6510718498593988,0.6569407452617213,0.002014228959055675,0.0020393919596115584,1.5244569353806283,1.5023580694201586
HoneyBee_first5s_f41,HoneyBee,492,4.1,83fc2e72c4acf932e514de82f5990a79c354af296c1ac06d5875014bec92dc26,edea18ddc269cd9e1a75a8ccf03c4bf9b287a94725b9299d4e385ee801541b0f,30c10f4c47f12047f92c277340f9a6e71013e71336ea26f2db62bd40c79ef819,fde58623c7fc5d027899844a8efd5f616661ef2aa44633061b45e0f995b5f07d,45.392018081140066,0.9864266468301328,45.378022674715766,0.9863958661032228,46.5058472635539,0.9868676494483025,46.50432491350955,0.9868603863100772,1.1138291824138378,1.1263022387937838,0.00044100261816970576,0.00046452020685439077,1.3919060636279899,1.4062832981405733
HoneyBee_first5s_f42,HoneyBee,504,4.2,0915dcedb2afaabc61e42add3d15f3437b6b9cd16cd28351c21600233dcade84,925eda8c088d492e960baf8723948fcbfeb44897ba0bccb192e2770dd6381a4e,0d4aeebf92c34540ff6c7f11637b6e744b900d3d6cea278977862059faae1d11,5273d789f89c490267cd4260b809f5e038f65898813b341a2c6cb56e5fec21c9,42.438152917579266,0.9627284112626614,42.4306334283989,0.9626861305095907,43.07692259094609,0.964214788866204,43.07617338272402,0.9641999592069065,0.6387696733668236,0.6455399543251232,0.0014863776035426435,0.0015138286973157555,1.2730835395459938,1.3006853806282395
HoneyBee_first5s_f43,HoneyBee,516,4.3,09e121b8b3ea2b3f2248da70e64ab3624eddd3318ec898d1ec165a31d258f5f0,2296b76ad752ca8a4e98647371f4d45e7f3f581c7ec72be14108711603d6c502,dbde076f00a1135c8a70ab878c7d599b70a963ef331410ade6e6c2a1ccab5bf3,48efd3163c92fd7ff747156ed2fbafcc266995d666777e24d8ba763577e9b120,45.156925699257314,0.984222990624383,45.14349440430249,0.9841863645216108,46.17262991431434,0.9847966878992155,46.17171596119783,0.9847849172207402,1.0157042150570277,1.0282215568953461,0.0005736972748324742,0.000598552699129451,1.3422961031661775,1.3644178997142946
HoneyBee_first5s_f44,HoneyBee,528,4.4,a7116af896932891bbe055b9a9837970d810f5cc97da5f34942772e63d33ce72,07edc38f39fe3bf1dcf8d559e4a852109b61946dab83bdfd9221a65bd45feafe,e5e76eafc2f9230afedfd54b98658f20e26f217a860dea6fa67f50516c5b3a94,610b458c088f3fa086183fcd469bc145f3f23bd3b0d1ff8aea3d8204ca151777,42.564170317215485,0.9638592356194234,42.556251380446504,0.9638242355924566,43.22199276417056,0.9653778188163665,43.220531240731034,0.9653649500258301,0.6578224469550733,0.6642798602845303,0.0015185831969430907,0.0015407144333735578,1.3503673041044777,1.3595686902828952
HoneyBee_first5s_f45,HoneyBee,540,4.5,053aef8d8af5acf6eb1fbaeb83546472c1f5122801c6002c55c895ea79357cee,7410700f605288424fcbca3ab7421273513dc55772e0d0452d4d2a750bd651d6,9c22983d620d1f984761c453f9014abcf7d78de57dc272df7ba2e156cd5af963,6b1f497df4f4e41eba6d2a965ea4e71db980c761943a76c0827681c45da478fd,45.591344705938624,0.9866658501142245,45.577773040991225,0.9866413958302374,46.6894270562561,0.9870677321173008,46.68843863247005,0.9870634058343486,1.0980823503174761,1.1106655914788277,0.00040188200307633704,0.00042201000411123957,1.3362862156919377,1.3489963476940612
HoneyBee_first5s_f46,HoneyBee,552,4.6,450e1216c463151a013a953425fb7c8133073295e5ba6e1fb6651556cc9f560f,f5d9c75930225811ccf4cf5e1bff0ddfe20b1dee36a6d623fb57cab8744fc363,ef9b06d9c4d67ab5fd95aec765733575f3186986cff8d3ee8e1616460817b401,f8b5d923e18d3b9f457814d951ad491d400aa7aa357d0c6a605c8e5d6b56f400,42.91195685804557,0.9675187686575217,42.9044336498109,0.9674747861011171,43.64248488367534,0.9692100565150364,43.64193398099897,0.9691891997198061,0.7305280256297664,0.7375003311880732,0.0016912878575147117,0.0017144136186889591,1.3075277216168113,1.3134988222459876
HoneyBee_first5s_f47,HoneyBee,564,4.7,08742633dfcbe46cbace570108e095091c4ed0a8e6352be73e685005ca6e195b,808a2e7435e0231ba2db3394898ff361dd197bf738ab221b90642d1dddae8888,7cc8744289c05614b91d3233eea2293f46daeb654ae25d52b3b5f14e9bd4800d,9e87c2aa499082380f1cda8eff597833c8433f5be151c090246160916b69f19e,45.67968848490353,0.9866741855093991,45.668332324077014,0.986647907274154,46.769525153089916,0.98705377763748,46.77032693009164,0.9870478513868884,1.0898366681863862,1.1019946060146282,0.0003795921280809189,0.00039994411273447383,1.3283841888231438,1.3295141301208393
HoneyBee_first5s_f48,HoneyBee,576,4.8,6f07b77fed760fe3bb44c8db9210c3ae0551a227ea8e053ffcf193f3fa93eb42,401ea91537b823315f6f70921122a6906cb9e9d264639cc905aa4c9c8ac8a3ed,35ff5d1f5dbc988bfbf2d814fd1923004aa89d0d0d8c0064d6a7af991c374e8f,d75c212656a138fb8be43f09e2aa4d92dd2a6425154c798cd8739158e155193a,42.30916155054463,0.9602366672414093,42.3077778998293,0.960230456583176,42.93244853265137,0.96209840348936,42.93678065181227,0.9621139518092671,0.623286982106741,0.6290027519829735,0.0018617362479507182,0.001883495226091103,1.4367153592003372,1.4365938758742895
HoneyBee_first5s_f49,HoneyBee,588,4.9,37b985472e1ed9a8bed2a4146f256f43871ea4b77961339243aa2f77451efd66,87c9487ae08c1c1a4362d225eb9a78817f92290d02eb3ba90715df9c0cda1d10,b3cbe18f5ee5bf1d58aeef9fc80a3e601c48e57572be35719086f66e41c86f52,6185390df2fa724f4b539b7f7138801bc71acdebcce9c2c7177216019240e6f4,46.07927759329947,0.9875758505516,46.07740789717448,0.9875629821778714,47.11069396674933,0.9878287667932487,47.12138082373522,0.9878346950953609,1.0314163734498578,1.0439729265607411,0.000252916241648693,0.0002717129174895083,1.3325871947792418,1.3542289126412914
Jockey_first5s_f00,Jockey,0,0.0,a44fec1ae821f56673b49e178f9e62bae18b2f6a8ac668b5d256866f7b191dcf,876efaa3348f2ef169ee67c55e4777c5f11a805c3479ff90e0390f66c3db7dd7,4d458a4119a43cde82e53d2d7b650a70416fa84900e15c2ed9e9ca77f2a44bd2,d013cf274e3ccdb3d1dca8bb89f85618fa60e103c9b8d7f7b9e935cf93a21169,41.82776585649603,0.9631910911195806,41.80730015473365,0.9630713616122898,42.721168580147015,0.9642836185636785,42.71536522150471,0.9642337113953712,0.8934027236509863,0.9080650667710586,0.001092527444097935,0.0011623497830813845,,
Jockey_first5s_f01,Jockey,12,0.1,ca12f07510fd2c81399ebf94815d53fd497d4b16e2fa8dcd8398fc35669357b3,976a4fdee89e0a6a4ec91d7227e1ad26f76b956331b315029c04b7461038f580,536fe06a3b6c03ebba1270eca5dfa938524581d81872345c2758680372613545,d9cc87f09ddc1dc21cb13c5ea00e3c7e03d9db5ae03e97ff722baa115d8c8f2f,44.96191298985195,0.9888281158180496,44.93693269475532,0.9887789614579617,46.378984636581926,0.9881411801218635,46.385435900938894,0.988153835398031,1.4170716467299727,1.4485032061835739,-0.0006869356961861639,-0.0006251260599307029,1.6116628140026854,1.4840148190142384
Jockey_first5s_f02,Jockey,24,0.2,ee31d36c72e851b9f57f063e855dc0cd12a00ee00dbc82781756873874aa0f3c,57112426aa042297636a5797041fd4c9cea390b8ed330872b835722850068f16,a0b0c29ea5179bbb9ecd3aff8db1a2ec5763f01e232369bda446812bfe3761ee,7b595a8554e6c3ca2bde4856c51d04e4758cc9a5d421a5192e159b553c4a320c,43.42754419787984,0.9781009670340817,43.404587923882616,0.9780095707610877,44.49256748695737,0.9782286675078677,44.48846019849369,0.9781963799280337,1.06502328907753,1.0838722746110747,0.0001277004737860743,0.00018680916694591154,1.3548588939455442,1.233015630854618
Jockey_first5s_f03,Jockey,36,0.3,bdab4c900f182bc77f56924e362994ad5a3d0cc67001abdb6a931c3ff8498ea4,6ad83cbbfe8250f81196b868712a1c455be0804b82b204549502231dcfd2b95f,05886a362c4ce801736bef075250ed53916fe7ef3e2fb8e959dcc31660dc2a8f,2933c10398b32541d3e7c5b9ee4ad9b8f23d492ea6e4e94ea897a8904476e21a,44.6588911573957,0.9865802392569872,44.630583916353956,0.9865130137066922,45.979173620457985,0.9860592734802481,45.97968761519385,0.9860553655696659,1.3202824630622843,1.3491036988398974,-0.0005209657767391018,-0.0004576481370263119,1.3994259546930619,1.280265082472054
Jockey_first5s_f04,Jockey,48,0.4,924c304336279bb71ea5bc636c535b9adc5f91b6a8420070e270d00f91aa76aa,3da8135d95089cd49ea72fe69c59c9481909c3542f165f7b01330937ecbabae2,91e4ef0378bc3b58de9d939ca48ad644e6151c697675525d572e488d9623dc55,60570764c5abeec66c8d720499651db7b136ed60388408ef15b391644af8d070,42.34142263183996,0.9684732108720082,42.314451809069986,0.9683273852893806,43.26974259066972,0.9690378645621833,43.25974975935155,0.9689648385007684,0.9283199588297606,0.9452979502815637,0.0005646536901751098,0.0006374532113878617,1.5209248930556423,1.4036900682258164
Jockey_first5s_f05,Jockey,60,0.5,161cb89cd6185e5f2fa44c2876fe1da18cc1793e6c508d6e324babf1a39e6495,30af50db4f1b49fe42d255cf10dea214f60a034bb2089a3d773b67b1e33aacc5,639aec4bb40ae4f13b9a18803125af5eb4d6a158262b1d0e6c45011a7ee42ebf,ced7ae3f1d6797394a7f8a0f288becf49cedb6a5212802e7038bab77b2765b89,44.72012272039363,0.9865600628768245,44.694946427238555,0.9864868338346148,46.04198004993247,0.9860454782526168,46.04443948715648,0.9860364930227764,1.3218573295388367,1.3494930599179256,-0.0005145846242077257,-0.00045034081183836783,1.518630370636358,1.4038361897364642
Jockey_first5s_f06,Jockey,72,0.6,6305c455b7e30919b7634ba597c9a6f983b681ea37636f47a0738fb4671e171e,31ee290d33dd898d9a3e5bf5e9d914d867ce970d2cae6a43af917f7ef1c26022,89deb67940f8c46a437634aa128c120f1e1fbe6f8965b091f2128ed1d109ef39,4dea9afa4f6e42487f136a2dd59c9e64847a94a1382c5b3b1e3e3f5d2e70a2bb,43.082999556574094,0.9735898827951657,43.06282760079804,0.973481382462153,44.03903529399015,0.9740139632422904,44.03480011522434,0.9739659413597943,0.9560357374160589,0.9719725144263052,0.0004240804471247195,0.00048455889764131843,1.4593479711796664,1.3459395052067071
Jockey_first5s_f07,Jockey,84,0.7,daa00e83cc0afff14268b489f789d89a816df5537fd7a31c8201c81248c07fdc,6a587135fcd6ccfd17c04a02b4f010ab776430b1f883b96660152084b822a68e,6b900866282c9f40efa6ad7b55440d6243b57aba5a66dbde5dd77ba473b33ade,f984ad91d3c00d93292eae50b8a7bd8c9378f58fdd2487fa7ba47af6092ce980,45.49763505734993,0.9888485651370291,45.473532467496234,0.9887969476078349,46.7088186197929,0.9880706626169484,46.718882756011304,0.9880819132588281,1.2111835624429688,1.2453502885150698,-0.0007779025200806977,-0.0007150343490067712,1.4091882864703678,1.300319466995566
Jockey_first5s_f08,Jockey,96,0.8,05b6fb615dd40a80b83199591f9c94ee6538ff664c49f180381b5d009052fb69,48b556029f0ba69a45235810ad0fbdc05fb3647e1662a9fbc47fc659606754af,15cb8c7befd3781669d4f34e4b0ad1c9688a5cd348e85d567dc9ef559e33ca3a,063a5793140f6c79f7e7f93109d98c2fc874fc4cc337a47a377ad870153cde2a,42.12783421360565,0.9614139143666812,42.107791384704115,0.9612759947154962,42.778354436596295,0.9619205581574977,42.77209206168188,0.9618387050928088,0.650520222990643,0.6643006769777671,0.0005066437908164412,0.0005627103773125919,1.5676923144476362,1.4695132958377568
Jockey_first5s_f09,Jockey,108,0.9,25dccc7aafea0ff51e3b82f303e458db16a314246dbf9406e5ff8f0a8e0e6a6f,bf8b59f07714966cd039e7804d72170abb5ab4fd22c9df08fa6447276cd4f2b8,6a8935687d29612fcc52aff0cceb0040ff3d9c21e27272374fd5a1d7f6427b73,ca31908e53005f2d85f95cb5c4cf416d175f9795125023faff7eba3c5b3975cd,45.73556018460955,0.9890869460162798,45.70553287456542,0.9890400141906914,46.91550999718398,0.9882353532646805,46.922939506646976,0.9882476486197431,1.179949812574435,1.2174066320815555,-0.0008515927515992949,-0.0007923655709483057,1.5597124699462936,1.4647009217120464
Jockey_first5s_f10,Jockey,120,1.0,414d3b32df5115d6254f323bf50cfd4f57616270fcb758b1608b863c8f78a882,dfc7031917e1afb17ee78eb72dfbfc0ba4b545ef7584b39d508b3fe1e5124ecc,deb69bbbd2756b8f5eb092c5bea1ef2d871868af7acc64077781c846e8a0a495,f6b82688c4cab7dcbea5e9c4fe0cd9c99a3b02197f7607b1a267ba1112405519,43.922775659009275,0.975132979698351,43.90167643027135,0.9750432213001373,44.595773559601795,0.9749678450421692,44.5952651991002,0.974935408864677,0.6729979005925202,0.693588768828846,-0.0001651346561818423,-0.00010781243546031938,1.3394718597779929,1.2565222885311933
Jockey_first5s_f11,Jockey,132,1.1,7835c61205f044fa2a932b7bbce64b67a6daf00778c4a534ff615e7377b55728,3e33621f522babc2c3264f7df7f8b5c1de76d1f9ed6e468772daa37a8c8f85fc,43fb5be2f14865d03917f6c166bc92aed7f870db40d2f76b5b1d452d96633bed,32db9d2f9b637847dd73d1a4fbcd806d7b10c0895dde1ac73b17e4ef172d1420,47.081382526758645,0.9913749633075372,47.061735796488755,0.9913529807166734,47.88364736443014,0.9899282671708878,47.8975400259459,0.9899460018839717,0.802264837671494,0.8358042294571462,-0.0014466961366493836,-0.0014069788327016886,1.2755571157028665,1.2154506787453945
Jockey_first5s_f12,Jockey,144,1.2,c68e6c26341c014a2b8ea2974c1cfe69ee0d3c0a3b0398a39f87400f5f0245dd,2b9cf47b6a5a3e74473af9062a668fd709ce0f1d533da9c1d593aa7284817982,a424103b60a5676e65a1143d599f0ae4b4f8b2ccdea6d188de41dbf0de384209,791639ec74e57ab21ed02ad2b74b8a6883069b5eb16ada8da0ef40728dede317,44.46760784647843,0.9778692588301964,44.44929538783161,0.9777851077803066,45.08995328973727,0.9775946182220114,45.085940239530444,0.9775532088940985,0.6223454432588369,0.6366448516988328,-0.0002746406081849395,-0.00023189888620811505,1.2261659715933928,1.1660214796181227
Jockey_first5s_f13,Jockey,156,1.3,aafe0a81974992856d8510badb428fba2e2d5cbbdda50c54e2f38ac2c67e9367,c63d432b956cb253273a8c22c2180af077b4cbad96eee9e21772715513815ba0,f41fcc1bff55e036ee876c6831786a98225767392fc6318d14c0c9ac477b92dc,076946bb323d60900a23d0fb4fe4c1f5ce550b0517bc96eee8ddc38081228b6d,46.697779021158816,0.9901713660135908,46.6854496728785,0.9901485468128656,47.538219338395166,0.9889466132929314,47.560165704462456,0.9889745661457842,0.8404403172363502,0.8747160315839579,-0.0012247527206593611,-0.001173980667081409,1.2496094481827265,1.1868506252732156
Jockey_first5s_f14,Jockey,168,1.4,a2f02c5c862954e77d4b7a6eb3b9da7d093db37df0b98b3016e32a64ee1306ca,a2ef9172c21114f55b31c059cba6649241540c35126ee589295a133cfb273df1,abf06ff444facbcee6658562057f9324f4ae9da66ea68343551800299df20bcb,3e496ed4879d0ee7aeb4ac9e32e7f5de258af75648ac7cc01c6be515b006c8c5,44.68980240301322,0.9798643515862108,44.67392885945182,0.9797775442296676,45.30062131778162,0.9793877285992346,45.3037158886574,0.9793530974842755,0.6108189147684016,0.6297870292055805,-0.0004766229869761496,-0.00042444674539210414,1.2161576238837195,1.1589310491865983
Jockey_first5s_f15,Jockey,180,1.5,382166ba01306836e3608a98330afb575a1d0ba6aad7aaa1f7814afc59a5aba2,9763ae3ff56eddbe42155aebb0a4359be62ee3643c8288b2b013928f5f4a92a0,069739909ed77f0e032231c8dfad524a186e7d58d818fc4013462445c58c450c,5e10c17faf813f18c468bd852797d26f1ebc76b1f0bcaa05cd916fdee155e4ad,46.90923999205225,0.9912385109793193,46.88668877423395,0.9912136421602519,47.5840786750646,0.9896271130458681,47.604220141956276,0.989659804791119,0.6748386830123536,0.717531367722323,-0.0016113979334511086,-0.0015538373691328378,1.1816264763395365,1.1331479208299506
Jockey_first5s_f16,Jockey,192,1.6,46348062e267883cd0b7d3331d96a1b35698a195d8b3780097d55a9409451528,ae777c6d039663fef428949ed0a58a700eea0e9c1b08f2eeea52c3b037810ff9,773308b3ea48763d49dd46f47fd7b2c5fc380275393a5905e9a6b21ff89ae6f9,c55e420dc91e3ec0cf3604666ab9b6465b48e636ead48ae770b69500d91abf4e,42.85665188922881,0.9640946015292303,42.84533980232056,0.9639937185926183,43.187303839548086,0.9635670403459019,43.1879815706559,0.9635191104096701,0.33065195031927885,0.34264176833534066,-0.0005275611833284177,-0.0004746081829481996,1.418223181945919,1.3769769093861237
Jockey_first5s_f17,Jockey,204,1.7,41a12ef8195f0b67fd5bfb089fe2c87e5906d6ea33f7640f9aaf91d4865fbac8,0343a5cd3000222d6dd4294c45981810b94c378dfe3fa7907332a15d20902e01,94bba7de3c60e10f055f07f381ab192509d51627928d4f4a2e628268af454805,29a28f06d6e5f6b45e498d498814effc3f5cfcc12d768b87e0bcfc484e32e1bf,47.23704577784883,0.9923880998437469,47.222639727806595,0.9923648241692439,47.6296515193604,0.9902376476223645,47.65175872356771,0.9902663777118009,0.39260574151157357,0.42911899576111523,-0.0021504522213823263,-0.0020984464574429484,1.3861621953647036,1.358732943545869
Jockey_first5s_f18,Jockey,216,1.8,54cfdbd0c04b3a63da5a6a92f09587a71ff0e3cbb59d144cf8f4db680570a329,c6f7d5ba2501b9b8a39788a1488885ef236d96e11c72a39af457a6f4b02c02a4,cb568415486a239a9ba3cbc2b8e702a2958e1e585fa47cc7a5127733a8f2a4f1,800eb5204a6a2738d03157e0bb19ae2d4921e5fda333809bbba30a29672d6e9d,44.557188893269455,0.9791227366284112,44.54041179680627,0.9790580921291038,45.02732377483413,0.9779712306856982,45.0306853174667,0.9779540649904699,0.4701348815646753,0.4902735206604305,-0.0011515059427129604,-0.0011040271386338896,1.125664499156935,1.1072533107865485
Jockey_first5s_f19,Jockey,228,1.9,b0c44735ad6049783fea9eb1a5703e4210f846d4d5ddea28b45d06c759abd6e3,eaffb79a2a04a7b13546f17b66a0904845f1186c32d93256298a73abb4b28391,04fcba0125048a464be7d3e308bef339b751784b176193d69329e2aa2066aa10,a7c107deb5419b514984646352f951c2c76c5545ae6632ecd5f97114b9fdf02b,47.14850246191058,0.991924995118778,47.123376853348056,0.99190041754363,47.879938206715345,0.9903357817691528,47.8964683596227,0.990360597453433,0.731435744804763,0.7730915062746462,-0.0015892133496251404,-0.0015398200901970416,1.1410634865031537,1.1140704037344658
Jockey_first5s_f20,Jockey,240,2.0,18db4bde3d0de7616db6db47ff8fc5292fed17f29c8b1c42d655379c08156bd2,974a826b4f4522d9d5fd8564684185611551dfc1e14f7f020d8c585678ff2aa9,bb524e8b515988cd525a34a35a434a63cedf6322cdfcbb4762b9827a80c8a1b7,4e4b87eef173c02d52d8419773fb2417711b97d7f1b0b6e6926164763e852834,45.06890590224302,0.9803313302479915,45.04928147566312,0.9802700117685375,45.55414080639338,0.9795523761189587,45.559450493750795,0.9795427173137692,0.4852349041503601,0.510169018087673,-0.0007789541290327273,-0.000727294454768268,1.1146979456145008,1.0887173458674202
Jockey_first5s_f21,Jockey,252,2.1,47c98b36cc17743a994fd9bd302e97521d7b849514d784e5d1a2efc5bd0658df,9ac2d4040340713b6fa1cc23776aaebe6a3695248a4155044f23cb88ac250df5,4c8979ef824b7f4e2669c5ba5964dd96754ce2b0c10d71e749de527239837bd6,5e39375ecc9875c7572bff30cee16c4ffe5d40d07493af5a85f846678ae1995e,45.74533192683214,0.9902451212387845,45.71533335492198,0.9902106644762604,47.05497813590658,0.9893428245565155,47.057528221617716,0.9893535728816106,1.3096462090744438,1.3421948666957348,-0.0009022966822690437,-0.0008570915946497504,1.1570446424389558,1.1214714948401299
Jockey_first5s_f22,Jockey,264,2.2,cc19be498825c885630ff49fe9c672c5f184b21b6f0d90326db42d6382fdafb9,86dc033f42988cbfc70f703b02715766f595e4d3dfa614f9b4abdd04560e914b,90a4bbf9026bcc5e43ffef35339257af7be8141578d8062b2ae91a1ff797e4ee,12704fd64cf0da5b141a5dd9bde33a251337ff6cbc5c7ae7ca719f8e3051d82f,43.80958078803492,0.9794130455935133,43.78097256628669,0.979341498211296,44.934701054688674,0.9794825365037035,44.925320845741425,0.9794562366229779,1.1251202666537523,1.1443482794547322,6.949091019026188e-05,0.00011473841168185839,1.1923701884796727,1.1445353970211702
Jockey_first5s_f23,Jockey,276,2.3,45619c1238bf25b2c576991775b816b421a66c52f50cad7141c4226431ae9d87,bfbda5ab33e489194e0ad16e96c7f1e88a600b6f374184e68045f4ea38b257ab,18bde3be9723c99b358b7410567a17cd7a914eb17c0305e8ef74ee2e3480554e,28b04be43f233b994cce03ab75ed9b3e96efd46aa4a5dbd740647aac654bb4a0,46.16378974134847,0.9912710314141299,46.12851044100979,0.991228648444825,47.54768664609309,0.9906725956871921,47.548658320436815,0.9906882581226022,1.3838969047446241,1.4201478794270272,-0.0005984357269377405,-0.0005403903222227502,1.166198215902704,1.1212834152329358
Jockey_first5s_f24,Jockey,288,2.4,41e65df1215a9f0005fe92c15ba094443b923600ed64d9c191a24d7cb3754fc2,4fb20e4088c9f570c6743aa13a35254bd50bb0dfab12dd94af0b0ecccc8a089c,97da25c054e31b09dae3e73c8a385dcdf262f611fa965ac530fc97b5aaf8b331,10ceb0ccf1a93886897453d805dd010624492596bb7d1533e518570e3d997300,40.81962993954053,0.9549694152790277,40.79429970864295,0.9548388806783262,41.7187076066885,0.9559887686378433,41.70490221678797,0.9559088788162641,0.8990776671479637,0.9106025081450184,0.0010193533588156445,0.0010699981379378443,1.5712619239055767,1.5072797297508274
Jockey_first5s_f25,Jockey,300,2.5,5dc00c9ed644c889ecef3b1481f1c13bc9818228b8d9e3205888dbc51adf562b,f8a32384db5cd0564700df98462024ec038424617133a7eaaa7b804a50d3d966,d1d2b9905a9752137e4a65f621d5697b5eb3d00b14c4bb126d76f30f0341a8de,6885973c31430b8641690563ecb68ac75038ae378f2cc2a2a1bee97a62a8ac40,44.44588972692773,0.9896337200075713,44.409127762725916,0.9895742097010735,46.11497085734641,0.9889181438673628,46.10220527600984,0.988905621417459,1.6690811304186752,1.6930775132839244,-0.0007155761402085625,-0.0006685882836144907,1.6165671544214075,1.5419554131799162
Jockey_first5s_f26,Jockey,312,2.6,428765ec310073bf7de12ea7c5aa19967c2be5886e1b631a5a040d4f888ac579,8549a2dbf4c385e60e3984639bae57d6160153bee30ffa79fb0357e62158830d,95939b53b27fe7fc6d077903d98b3b49f87255a81554a98cd98ec3e579455593,ec6f1d6ea961e1d82b8f4dfb2a289b30832e41fc1ffc3af017f295d687e37252,41.626111025094616,0.9774899459850587,41.59171619351267,0.9773892246444201,43.09447360806012,0.9777931030976499,43.07168481260729,0.9777390102606636,1.4683625829655043,1.4799686190946204,0.0003031571125912125,0.0003497856162434365,1.305598381002935,1.2422911755292574
Jockey_first5s_f27,Jockey,324,2.7,9598d6fe92d657d848cb4411bba627d40508dea5666af43469a9cf92d0a3f31f,a0dce72ea71865d8649d23591229e451df65e0c8544e16f6fa44df07ba3dbde6,325eb8993e21e16b606ae4bc53c193e5185d0cf5ec4af87e6636aaf2f415a296,6bdf635774795e60fab7796e58fc2cdcbd6062c4e70ac60c63fa820e2333e0cd,45.891258536038606,0.9910512246973285,45.8561398379201,0.9910099992961495,46.9120367047726,0.9900400492580436,46.89981745009042,0.9900350723348985,1.0207781687339974,1.0436776121703204,-0.0010111754392849726,-0.0009749269612510103,1.2551542594298382,1.214896441563105
Jockey_first5s_f28,Jockey,336,2.8,5aac5e0a2b68c5471341cb5a85386f6ea5bd7cfb69d8c089cb1b589c8743ffc3,c23dfa721cf4287155ff11cd0a7ddd7946901d1858c3f9f08280f49c9ea7efad,e1f9627aa5d4dd85a2767ec93fe0c0b8208a8de5a3f037162d1a48f4e6f85661,55423dc6418f9958de196b97049cd775b6b4f9c4d20f6d010e4bb565ce887f79,45.58786255751467,0.9818132094206751,45.572878054194675,0.9817549345435034,45.94031455435827,0.981262300821663,45.94051644041504,0.9812367066745723,0.3524519968435982,0.3676383862203636,-0.0005509085990120788,-0.000518227868931076,1.078189888684194,1.084616307843627
Jockey_first5s_f29,Jockey,348,2.9,49bd17bf65ba6e419f2d39da0e34272fac6aa8a34dfe7e53c9e80486d890b107,eb90991745a571d0b8ec475b9b20626854a6597826db52610ad2ec39351e4ac2,6a17f5c317033ff1963de5a47c60ec4d065ab20d0065f74d1e60ae3ae69eb096,567ff6df7dbf9f17a509be3f526f395dfe35beacbf192e42511220bafa78c630,48.94306756922899,0.9927226396686074,48.92904689740904,0.9927052386110216,49.05207803443048,0.9915373828390713,49.05916361060938,0.9915462053574451,0.10901046520149293,0.13011671320034424,-0.0011852568295360744,-0.0011590332535764691,1.014251238251733,1.0391244613751327
Jockey_first5s_f30,Jockey,360,3.0,061e8af50b12b3d6db68e1058c2dd7a62e7afde1148371d1e4544e9ce93c6378,1a6e85ca6f9da15e19696c8212391dfde1a61e522c763f4cb3f03c132442092f,7917b249dd37218c03b0766ed65a66c952aea83afba866018f4a41ade1389053,c37af6da015b41401befd9e122aeae928042debc346cc64091904714362b29af,45.759916230286265,0.97948379253364,45.74901876302788,0.979430219321046,45.9587340984246,0.9791324925394209,45.960332942118136,0.9791036554720908,0.19881786813833457,0.21131417909025885,-0.00035129999421912306,-0.0003265638489552414,1.0485317349575345,1.0698179067398363
Jockey_first5s_f31,Jockey,372,3.1,e775040f3c6d9504f829cc9b5765e3106052516d9d15d41b39131119d8da8fdb,74c14cab6224b9492f73cfc1bbd1c606a5fcab38765d9642a588a3b7d5057f7b,9e229354aadbbfea358e5f09146dd682737c208e1763a488804b1b3bce4bbd37,d339836ba385dab7f16800e21f750ea57a7dbd92b6b692aea9384dac61c6c392,50.10336980677934,0.9931649664813343,50.121184921857136,0.9931667328407963,49.65493020359166,0.9917773646470062,49.67685948510352,0.9917896320066267,-0.44843960318767984,-0.4443254367536156,-0.0013876018343281782,-0.0013771008341695312,1.0181821264363329,1.0457250554237183
Jockey_first5s_f32,Jockey,384,3.2,0f6a31250c058d5a4cb17a151baf8b83ef7c54b3ba41da7f2d08d4f97bdce7dc,fcf1c0f73154e588add2ff66728d800fafa9321d5830e1fdd30a1bd2a2fdfeb0,10428a0210fca45f2aa6a1a649364943c412abb3994fa34db112d2c2af24f0eb,f4185b523bd3838b7f5dc6ea4bf51a8d139646b4ee69d179ee0c53143b966da1,42.78021237289696,0.9531612621806878,42.7780435773884,0.9531338009336779,42.84409822169068,0.9535245635365968,42.84547234587171,0.9535136036497769,0.06388584879371706,0.06742876848331036,0.00036330135590900703,0.00037980271609894256,1.4181989096749517,1.4284119250765004
Jockey_first5s_f33,Jockey,396,3.3,85bdcd97b28b9732d734c858ebf6479ff0a8c84e5aa0ccfdefb7bc3558bf7602,5232baa4e8e68b35742706e7355ed640c17f74dcf4cc8688a23515bb65a451a8,fc71f55cf5caaa4176ce55d917de8377bf5c8a82d4d076b1764ec8039bca28e2,25e2f20e5e5112ac48f0bd1668fde3524258fad27211ad14a5bb8461264d40c3,51.02502227631948,0.994078901161141,51.00639566357252,0.9940645874145997,50.08691020666953,0.9921998187809983,50.0907390732936,0.9922056450711925,-0.9381120696499536,-0.9156565902789211,-0.0018790823801426715,-0.0018589423434072216,1.3937953976846937,1.4122995281177793
Jockey_first5s_f34,Jockey,408,3.4,658eecb9d6fbb9b5d4f249172df5c765ee38c9aa06d55e3c3730ac6c58032c88,25c6849f88127f05be6603d5d74967765653d2f76ccc977690b1c8b915fbaaab,d6346caf2acaac5b7a102f5743a8cfe60c5686ba08566563d44fd88c6ae39a28,dd02de7536be5eb41766eed66cb83e0fb38995638ce0e70b328d89c0e570d6aa,46.176359784332845,0.978957658538193,46.17437439984903,0.9789465908692939,46.069907172337494,0.9781676946084232,46.07594197960254,0.9781769274498763,-0.10645261199535128,-0.09843242024648902,-0.0007899639297698213,-0.0007696634194176433,0.9858417038109661,1.0303970553222381
Jockey_first5s_f35,Jockey,420,3.5,02cfe8325116d9cd507686fdc9068a90fd1edcb898657b6fce316e7a17427820,1c8df9dfad51dd6d044bbfbc37031f6bac8dbabf71045b3a27fc99759408814a,fcdc9d2bc89fd78a148c77d261f00207b2c0bf94108575268aaac3d2a6807211,672a969f81d4a128ea89e97bc892c8d7c3264b97db3d21bda174a2a3d5523532,51.1402470407831,0.994229109293852,51.12378364981015,0.9942185754339116,50.137665739980704,0.992218460421344,50.143312472354836,0.9922243689035953,-1.0025813008023974,-0.9804711774553141,-0.002010648872508014,-0.0019942065303162337,0.9814362256447886,1.0273871717510772
Jockey_first5s_f36,Jockey,432,3.6,6b782fa1ecd1aecba883aa37a7bb0525f9d26013f70bf460ff0c6927b3090905,2cbe9cef9b1bfad878d136911b5e2dbc175fe7436871858bdb97bacdb975a914,fa6c8cc58c29d06df16d0dbbb182525b1ad2d129571de4645ce39f90d330e16f,a701d25fb95d7e45c7ad46d1ca85f9d97123abe3b1e2d2bb24c5a6910cf2b546,45.87835349519399,0.9773698369747195,45.87694437515994,0.9773583442851468,45.78878370686357,0.9765866587753753,45.79310744081073,0.9765896527471082,-0.08956978833042228,-0.08383693434920758,-0.0007831781993441478,-0.0007686915380386017,1.0083635659308061,1.0536226913289202
Jockey_first5s_f37,Jockey,444,3.7,b0cb23e4612bdcd1619d2368953fe2eed88e356a8aeacfa4801a8bb0564675f5,062cd1096e810cc9e644afcb5a08e623806dd072e64617b7eae48759133a1954,01e1e6c2a71334ca3e2be5394d71c3f1951cbe0e0c1f5b2734e69e9e267c6f0a,90f9e8c38686c8ac99042e0409e40f690ab8434e119d9a402fa5b281817de891,51.02286232403544,0.9942658530153534,51.009288861561174,0.994255013879207,50.08742203418953,0.9923102387423293,50.09429327820514,0.9923170098764544,-0.9354402898459071,-0.9149955833560313,-0.0019556142730241532,-0.0019380040027525691,1.0104493956082559,1.054686524230313
Jockey_first5s_f38,Jockey,456,3.8,ea9317efc6e24b8adeb3f73b82a740ee02b7ea2b7e8ff562a80c96a5ac3a2d6d,269c12410025dbdd039466dc12b17366fb0657b69d43d5e80960a9e4c503cd47,4d87873ba9bbd6b3c440d1b499eea7c9dec680b4af6b9db89b4fbb577b7fe0d3,fb80af972f116e7caff3cfceb0c178e699a926e49cecade2447afc1408cb34ba,46.15053044046939,0.979038414253053,46.147346590138994,0.9790319417983084,46.064670988105036,0.978276720033754,46.068923262292074,0.9782858320042566,-0.08585945236435322,-0.07842332784692019,-0.0007616942192990583,-0.0007461097940518746,0.980399226409792,1.0250743536501592
Jockey_first5s_f39,Jockey,468,3.9,078e8bc4597255e36dcb4f20445d8bf5d321bbfb8348e72a3a564f4acd872220,143bf707ff158c3a803ead4fb8965297d6ba2d5133d83f893d06fa4df524b81e,91dafd8b4cfb9a97ce1206d596d22777f0a4ebd006758829b7b8e01ebbcd27a0,4a004f81fe4491694197ba2f02bf74e7553a93279c8ef597669bd5b8814cfbc0,51.03543752748952,0.9942846411341191,51.01473321483699,0.9942670432688421,50.145977826324575,0.992390284300803,50.14646676555839,0.9923885190994143,-0.8894597011649452,-0.8682664492786003,-0.0018943568333160687,-0.0018785241694277977,0.9771662574939112,1.019906799358334
Jockey_first5s_f40,Jockey,480,4.0,6a4f5e3d42bd1f21f5cbd6e93249f7c35e7e71ff07c43e184faf647e94a9299d,464089931bc6a74bc5f39281d81b1f84934e481f16c73119516a47850ab161f6,c90afeb064d5580487d58e1cc0769d0197caf342061e111b80943bfc3f4ea377,e999a4d35685cf3bd32c54638b1c9f44b9c1da6d2d7be9fe5b9fa6bdc7064233,43.060821363403804,0.9553875298448569,43.06037164774808,0.9553839924524932,43.075523282199256,0.9552834230577876,43.07881969365155,0.955294969182701,0.014701918795452684,0.01844804590347593,-0.00010410678706929133,-8.902326979220998e-05,1.3429315731749203,1.368083866428839
Jockey_first5s_f41,Jockey,492,4.1,3e047d2276e7a4dd2c77b9f74170fe7feb1e85c4471021d58b8617943e194e94,bccda3f7557f8f2d2c487d80d2ce29a44c70227d922fb8804bc30071d0bb758b,d0e92d0c7ea540cd28ea6cf513cf6a2847e623d1cdea541d5996c7f0990c0c23,b690f6564fea69d3262a614b89dafaf16723cc4c9c95802e22520659e373cdae,50.780293339708706,0.9940589911086157,50.78372163753774,0.994058112023179,49.99452677122186,0.9922060331868429,50.010038130595014,0.9922155859866212,-0.7857665684868493,-0.7736835069427244,-0.0018529579217728687,-0.0018425260365577678,1.348872181001374,1.3732458100449634
Jockey_first5s_f42,Jockey,504,4.2,f198300074bd45fdc0af7b31062e560bd88a4b9f13f2d1485628fc269de3dea4,eaec3d39577f27361e9a7abf09793cee7786f871a5118a2f77ac5a6f2902fd88,56d13f53cd7b5b8b41ae879f600a2872ce346aeb6a8710d0047f767e9789f6a9,eacd2610c7341bdbdc6150283ad06194812e099e893485ae87a480ac871ae833,45.239398227530074,0.9768397964331198,45.41485827799026,0.9769200710095146,45.362118908419674,0.9764255658245184,45.51737453099176,0.9765165039744083,0.12272068088959998,0.1025162530014967,-0.0004142306086013514,-0.00040356703510635583,1.041064779397989,1.069821809818585
Jockey_first5s_f43,Jockey,516,4.3,8d47843b5e9d474f701199b88b1e7e839cbac4b4dbcebbbae2b2946168b846be,a7a51329c5f0cb8207695fd83bee69cab54c5906cdc7c3f03d369ceffdd79b7d,3f6e69b2a55c907d6c5788c0d2e806978ba8c9c96922e4523684df92839ccdc5,06dd85ce7b0e979460a48586c38f069c2be08ebdf41a0712fd500f4a32eb18a7,48.69914214755738,0.9932200870457252,48.69328905082436,0.9932050587615782,48.8455351731751,0.991702953549893,48.85467372340418,0.991707232231402,0.14639302561771927,0.16138467257982114,-0.001517133495832157,-0.0014978265301761606,1.0758142554096672,1.0954268602073316
Jockey_first5s_f44,Jockey,528,4.4,adeb54d302cea163c6d67a6e9c7f3a7a7c893cb61311547787ba239351d05d1d,71d4725634c07214d7a3146d8d90d51671b8a4eaeababcdfbf29bb67890bcb29,5a66905f320eddbec141bd659bc2a458f7b5e419e8bcf63d99b43033305d0131,87383480132bb59ab9880d504111cc31b083537cf5fb1fefa8afda8d1025b632,44.97280585556835,0.9775642648170322,44.98650346049959,0.9775770984529467,45.33362836300209,0.9771758262396498,45.34594917121731,0.9771987345565071,0.36082250743373834,0.359445710717722,-0.0003884385773823551,-0.0003783638964396374,1.0821573682320615,1.0953239165053394
Jockey_first5s_f45,Jockey,540,4.5,5edd18df6a35308356a09121322e3ade25e0dc170b374c17c7442dd8748dc532,33d8751f8a6566377404253a09fa618de37d6662cc9cfbeaf627c2689b14522a,e5246fb6ec84c6965ee5aa083350b348ad2df8ec26f0bcf20f9d026aae335193,cdcf20f13dbc3949b72d09a6ee5a43bee774c7c4376036c8931146a68873bf09,47.61186077762442,0.9920003884347867,47.76989679274201,0.9919966788881234,48.112412942346346,0.9906225033720144,48.220902818440706,0.9906412525873219,0.500552164721924,0.4510060256986961,-0.001377885062772255,-0.0013554263008014322,1.1214001416817585,1.1258251352416786
Jockey_first5s_f46,Jockey,552,4.6,74a0cd74aeaa8021e64b490dcd955a8afc94c8b2da4dc3156dcd67b2a7f76171,f2c74da6ef5ea607c92900f71b24de642faf64883d30c7a804ad00ce99a7fe21,4d95e2a73b50acbf8b3080dcb9839fa3f7010ec2e96aa48129a61f2d92217104,aa6caaa0a5d7c7ca465c5e62820dee8c6551bb3f924826a3a2f248269f8a163b,44.39793014894092,0.9772849307140936,44.38878852425699,0.9772481232498358,44.92829743151832,0.976976771345025,44.92663524240008,0.97695881297924,0.5303672825773944,0.5378467181430935,-0.00030815936906858354,-0.0002893102705957551,1.1476371249141322,1.1440815421454442
Jockey_first5s_f47,Jockey,564,4.7,488cd7c1fb80e466ea1e4f4dc8d33e070e51cfef0afb251afcd9500369acac4f,3ceae9065bfcb47510af3c685e1f591efb2477b5b49fa62b448d8ab958726fea,601ab7527819688ce3e9401697c0c4c1447ac5dcbdcf7aeeca910f96f1d65d9b,17e0a75db5a15a9edd19edffcb2eec3758c4f5d54d62571c35f61a4592d4d75b,46.4265222220955,0.991750676391197,46.48067053321612,0.9917400105890634,47.22208263398704,0.9902911838556732,47.27163385126111,0.990300747615827,0.7955604118915431,0.7909633180449873,-0.0014594925355237987,-0.001439262973236377,1.175517914155686,1.1655665270014988
Jockey_first5s_f48,Jockey,576,4.8,ac9c8e84ec109223a32223330e354d5317e17308e50d1f84967a7d7dfb74d9d7,cc80ee92783e5ce72a9b32fe095f6595b360804b367e594f8c05fc8166ac023f,ff67b04a0dcc3d75e2d72cebf7368f620bd96151bd7ec47f637090efcf95abe3,696e3ca0ec21187473b92b9de44329e0ea3b96e64cfc86616e580d03be58cb18,42.350686802390754,0.9577596297390316,42.36161263599564,0.957718466602196,42.766879189254034,0.9583231723841885,42.78274455771143,0.9583140413927218,0.41619238686327975,0.4211319217157907,0.0005635426451569003,0.0005955747905258546,1.485341987759945,1.4602245782723413
Jockey_first5s_f49,Jockey,588,4.9,dfc2447ad7fc51e3568e19ef5eaebf3c6112643079bb4623a85f1755a0689804,c4ca1da1984d0748dc9154bfc9ec06a78d1a7c7a0a79a908a90fbefdde3034af,f73a372fcdbecdc0774ca930faf811799a1dd4858188e96f177d6888f8c61dfb,ce6df75feec49989be011da6dcdfaac84a0428dbb89f12d3d7681a3237915a03,48.85839889766322,0.9927148625150897,48.85087183604463,0.992702089415361,49.134780313880945,0.9915605868172099,49.14661648954045,0.9915674172628838,0.27638141621772405,0.2957446534958166,-0.0011542756978797364,-0.0011346721524772008,1.454038320427153,1.4254409503216137
ReadySetGo_first5s_f00,ReadySetGo,0,0.0,0600a01223a00028b0950ac19c631af263c4ce13c4fc12fcc8f2c782d4e9356b,95ecd1f9397bb10a62b25ff0665d94834654e62fefa966e05faf5ff00fdeba69,66fa744e26b6b175f6297c5e9a4b40ae36c5c6aefa636e432ef86afc43d1b142,faedc000c80242c8b75ba80cd40f28b22feb820ef14db031a7e7cdf32c80603c,33.032583030091295,0.9194250628811804,33.023116700588815,0.9193685867234317,34.749864455949094,0.9302827468023699,34.748494840117395,0.930284124056644,1.7172814258577986,1.7253781395285799,0.010857683921189465,0.010915537333212266,,
ReadySetGo_first5s_f01,ReadySetGo,12,0.1,68aa835593841e7fe3515ebbed6f4c935ec4ae35ca162751ae6d14b3e5a490f6,718c8c7b500e4c7b7aa8c1133afe9bbed278f3a5ddb23d02759d547195f488fa,c68873210c3bfb03af4047d515b774abeab5760d54686e896cb1fe90a43bb8ee,4bf62272daf60d4ebe684aed28ac1bf714d280b34fcc722f0c170b509eb31219,33.68866672874268,0.9339509626987285,33.68020122385442,0.9339451609159173,35.57299278812819,0.9437141553794652,35.57323061234867,0.9437579683421872,1.8843260593855078,1.8930293884942486,0.009763192680736776,0.009812807426269887,4.3569507002123276,3.7671808647661273
ReadySetGo_first5s_f02,ReadySetGo,24,0.2,92282a300b340800c836387373ee4d6c1c51fde5a31680ff4084dae8eb3f1af5,307d0d497faf830a1f6502233e2061d63c2d87ed23546b3cf1119973a448c0d9,d2e87a5a9bc71e3ad37a901209ae02da462f7e4c241d126f8d50e92e505309a1,aeddda4bb796acc8567a964353bf9b3faee323c72c41a82913c3b209542c3994,35.457484376946006,0.9517895165617666,35.46886462511986,0.9518367963784514,37.88565069723318,0.961326282484366,37.908997718353994,0.9613980975302807,2.4281663202871755,2.440133093234131,0.009536765922599444,0.009561301151829293,3.9365693596609006,3.236988843049397
ReadySetGo_first5s_f03,ReadySetGo,36,0.3,27323a580516b1cc587ee657a95ea0deb4e48a761b28c9389ff201205f0195a0,9a1ece109d0310b4df66936f33c4f1f7bc5e2f0c81079ac2a9dd866025e3c71c,5a7327718abb18a866ce3d43f65c9e4fa37ba3a6a1bc6161c64a8124f8fd9a16,64e9928a4c1146b3f767329928fa91eb70c08ed0e198f69b10aba3d1af5f8f80,36.52131169388798,0.9608369121740983,36.520389241743445,0.9608760138328715,39.32813164574669,0.9697199983651633,39.343813809926964,0.9697879729073782,2.8068199518587065,2.823424568183519,0.008883086191065037,0.008911959074506703,3.444772411478174,2.665612266205583
ReadySetGo_first5s_f04,ReadySetGo,48,0.4,ef3e766e417492fa39fe30202e112eb00fa03729d40299c268d39215be725091,bce54239c49e687e3c005baa9baa628e1ef98bb89c77a68cb894667e257dca5e,4fbad0bf123e9c91fbf2d17af2634bad3c5bb0ae737232332fde6d958ff1fc4d,92c6874dd21e4edcc9fde3f538a7e2eaccf156911652c0792cfa66a62274846c,37.39404863853411,0.9659935157299581,37.386737515434305,0.9659933729158061,40.29135119530446,0.9740337107585959,40.30072944240871,0.9740864668629713,2.8973025567703488,2.913991926974404,0.008040195028637842,0.008093093947165175,3.0836199250218574,2.3251950075719727
ReadySetGo_first5s_f05,ReadySetGo,60,0.5,8f4d4e64bbf3fe460fed5782bd63717baf2670eb3d459fafba0128993154bac5,5506b5e1bd867e5091710dcd00e72779cf96253275156c8d2841e8fe8de8e56d,86247bf38a87ab7510a5064650690c928338cdc30686a3bee57adb3b38a9eff8,464da43adfd330d2c198e01d017e2b200073189a25df479ab8a0225a02f7087b,38.47730086207108,0.9730763266662852,38.473416727926875,0.9730345346169563,41.26794937302598,0.9790510730882641,41.283928262673825,0.9790771568224886,2.7906485109548953,2.8105115347469507,0.005974746421978927,0.006042622205532311,2.7731644064588146,2.0652771625007804
ReadySetGo_first5s_f06,ReadySetGo,72,0.6,242d5afa166725b1b828cbb7c72520cae74ab4825a12852b1d77b2cda20b6220,8e9298327b63e1a69b92b25657866ad88807fd4641dfcec096d34529760ebfe7,4da02d8575e1f924da456679e774d2d153a4fe942046b96ee9113495bb466542,bb18e2be1440688dbeaec8c9c77d5a13361a7359577658572533486ee195f8ee,37.988669200653035,0.9683220631335924,37.98674832663182,0.9682832396149748,40.71488259039739,0.9753126697372673,40.72754020922738,0.9753459113516518,2.726213389744352,2.740791882595559,0.006990606603674898,0.007062671736677073,2.6532326761849747,1.9897896679650908
ReadySetGo_first5s_f07,ReadySetGo,84,0.7,1f4784cd4f41047dcd2dd4edd25803bfc7f14dd56906095d029b868ec70022d7,0719a00d42b1fbff52f7ef25e4756cc1ba87002c4bb274472540bd032215ca06,427d6bd3de1c63198079d69ad9f061d4c03a74fb123a6e544213c6ecbbd44a16,c85b97d438afad5dd6a34b676de6e086902b87bd0b68512a651b0275b2a56c61,38.530748841815786,0.9731243074052504,38.525822298213946,0.9730643602999908,41.33699273080428,0.9789962667317822,41.34883962188692,0.979013215770956,2.8062438889884973,2.823017323672971,0.005871959326531839,0.005948855470965242,2.627460403266096,1.9778614933959908
ReadySetGo_first5s_f08,ReadySetGo,96,0.8,a70f226cbd84811b89c3210265a03ab54066d10dc54e295be87683ba1f873c46,66aa20c37eadc64abaa32df1628cdf09d6b25cadaf15ac5f9cf22abc113d1b7d,485caab30eb114c622e3e7fcb64ff7dd55994cdeb5e953ad244a0b5fc831fb7d,f0adf3b314dc2c7f8307c69f41aeceeb7ba4449dab6546e68bf6531e0f3b7fd6,38.536880799334085,0.9666469996263688,38.52947073822986,0.966553298079004,40.707654026596245,0.9715361633838314,40.710312193971305,0.9715048270244536,2.17077322726216,2.1808414557414437,0.004889163757462622,0.00495152894544959,2.5561339565899583,1.997902339115094
ReadySetGo_first5s_f09,ReadySetGo,108,0.9,b97c664c971e241f950c7024acf23b4472c3e6603668b017e513e6f62c51c6e8,55bd4f7d331b4ec640977f220d8f621dbba0d03a272378d7f4645e086876dd8e,0f9d2dcf35723153afe81b90a678dce2cb15d7b23dfaefedfddf33ee8ee59446,f4f7a3a15e2b2e023c9bc3f5ef9e834ba15e0b4a748446dfad22c91fe90d9f21,39.49101717762669,0.9780047276116618,39.49072857493375,0.9779580485795678,41.75864557921968,0.9809118841069493,41.768187527871525,0.9809182589961924,2.2676284015929937,2.277458952937778,0.0029071564952874995,0.0029602104166246423,2.3603760177277837,1.9153334400174857
ReadySetGo_first5s_f10,ReadySetGo,120,1.0,57eefbbad3a6fd88224432d34401a9f679fb23ee298c89a7bd9c531976714e8a,bafd582bf9d4869e2e34696e1cc21c33a1a56b0fd83fd5c08ab00b8ac1f7e498,bfb08d01e8cc128e274f02810ac69a3cb611accc60825e119412d4ab62a238d3,1a3ba61038c45f48ebcc96f08e8fad3179a701e1336ad643d2157fcd871c2941,39.40114781311037,0.9760822030245816,39.3823824963267,0.9759980081770211,41.508287465541656,0.9789593723039167,41.50287346070547,0.978949441190934,2.107139652431286,2.1204909643787744,0.0028771692793351233,0.002951433013912874,2.1103928497548865,1.7221472641369513
ReadySetGo_first5s_f11,ReadySetGo,132,1.1,b3aba10f1f03c11ab34a0b460426335569c72040e0a2c3000f858ab8519dc240,a91da6ab0420e4d800f87c14c40f7ba0c5061f3ca8c905610e14710c320510f1,af86b9cd6b0f048067b57ae8ff1a6d94e9961cf6b8d9d454aa6faf413dee2529,61dad62515eac4f89794b08820740c49ba494de4febade6ad5da09fd9ed6117c,39.786574340018134,0.9780855268974218,39.76531616089077,0.9780041468559588,41.93811584287037,0.9806056530946191,41.931361063196434,0.9805957574700992,2.1515415028522327,2.1660449023056643,0.0025201261971973254,0.0025916106141403716,2.047003923569912,1.6834662900846187
ReadySetGo_first5s_f12,ReadySetGo,144,1.2,905d3fc2f7c5a9a47d1e4a87044b4d02ef6315d7ff975cfad76e2cc47f7f683e,7a6ca152b489e5f60ac582a1a13ba53ffca033ce4d7625069417893eebcb66a0,a297d235b1d96a9d407f6b3c483e718d995cb50581bb1020aea46f2acbfd7e6d,43b0131440920f01c418062483d4c5df6926cc86eb5d5851fda4774bb3b58be7,39.778955676279864,0.9775563562497352,39.761257960276964,0.9774702967020149,41.895924244830425,0.9802466585351035,41.89262066159502,0.9802381575641167,2.1169685685505613,2.1313627013180536,0.0026903022853682623,0.0027678608621017897,1.984757135803722,1.6250485445419347
ReadySetGo_first5s_f13,ReadySetGo,156,1.3,79ebfbc29d4710525a447f25d44dbeb313f3e57e7109dd990ff1d4ee5626da67,1d7b898702b17f64940a04101d3e2c6226c1d5f174b956b74810cd1d4674b29d,977c3ceeddbe98bcca142ca79f48d79ca71eed3a7504a435ea2e0a888fb58e84,acc9f0e2b3dbee90386fbade1f3e804dc552694d0d2f6eeb411ef321c798a9bb,40.1399087935316,0.9801310463016939,40.12456947503623,0.9800704591321994,42.31668078860277,0.9823981726990094,42.317847345390874,0.9824027406857675,2.1767719950711637,2.193277870354642,0.002267126397315522,0.0023322815535681274,1.904954787711547,1.5559316063510897
ReadySetGo_first5s_f14,ReadySetGo,168,1.4,516160508ce3a7c56c3e3acdef62786c704332c4dfdf4f30f565cbfee6ffe717,371610842f2430719144bfe256fe55c01d1288f5e91b0106f14e4de624dcf411,65a211474f451c54a6b759a78a912d67647af3ae365f553bbe98553f69cd5e9d,bdd41bfffcf76d857e08edefd4f66d77553edee5ab49dcb15ba7248fe3256896,40.39801213408449,0.9803258724142802,40.385096364777695,0.980276991158631,42.57127561790493,0.9824553774691781,42.57431439274134,0.9824780381839814,2.173263483820442,2.1892180279636477,0.002129505054897951,0.0022010470253504,1.7925847846281147,1.4598511024245926
ReadySetGo_first5s_f15,ReadySetGo,180,1.5,5e7fe1011fa87aef2d1f8c1923a5ea26fdf1258269ab255655ee25909d130933,426edb76ff224ebde16bf013d04d0cc805179a32bfbf87b6dbc282a4e9a4f249,7a71a249bde479140b74b2b687ed596737a81f537979878894387579d3e7cd59,483cf5b40abdcf5ba9f3e00f96ffee3772357ddffe5b84249fb83173fef9e0ec,40.7449093919545,0.981482479693949,40.72666398062201,0.9814092943082584,42.93631200793975,0.9835193041895275,42.936218576364496,0.9835253093087083,2.191402615985247,2.209554595742489,0.0020368244955785153,0.002116015000449889,1.7242623669050148,1.399447177683757
ReadySetGo_first5s_f16,ReadySetGo,192,1.6,d302b78bada89cafcff45c34150a2c8867a28b7e3da3ed638470601014044237,31f124eb843bf348b0e5dd60d8dffe94534fe7620e533eb20d2fe92e9e4415e1,62d9f5061a91719a421d968884a63bc509d0e52ed688bd81b6fd7447a581b020,4dfc18de9b43fd2147ab4b746c0d45bfbffadde9f2f8b891afcfa584a51bf120,40.17239577569488,0.9741789759992577,40.1567849548121,0.9741197518931545,42.059063882596305,0.9766070493871232,42.05853276601077,0.9766226865859325,1.8866681069014248,1.9017478111986676,0.002428073387865437,0.0025029346927780693,1.80578243556017,1.4820644993520888
ReadySetGo_first5s_f17,ReadySetGo,204,1.7,e96a6ff271cd7fbb4657701922295599df5dae79e7405442acb465c5cd70a29a,36c9f48e6ca9650bb1362726188e6d5c83b3f793ba824e75bc7aba41d3d36926,b2b41be8daa33a7d420ababd0c2b4d3fa8903ca53cb64d465a1e7730e01b0059,10a521bded3f4519aab79d1ab4bba39a70e3cc96f13c329ad4e6ec44c370fb2a,41.03995059148878,0.9827470174740487,41.03014248684458,0.9827087850617688,43.29035031170307,0.9845577407293125,43.299680052135685,0.9845866747924469,2.25039972021429,2.2695375652911025,0.0018107232552637686,0.0018778897306780395,1.7274569148894647,1.410957478884344
ReadySetGo_first5s_f18,ReadySetGo,216,1.8,3ada39e2d8895e471f91223b9cd1eb531bd06dc2c3d59ef5debe863ac9659214,ad4529b75229942c55fb130ed9554eb026ad87dd78108e39be736937d60c9d0b,539d4ea9c31ef36566533111da5b3f421833bbb1e6e130147a308b800b81b3ea,557f863f7c495955ada8d01c96ff50b56f27c7831451fe68defe4d27e5a29b41,40.97923354072022,0.9813569842719222,40.976523846671185,0.9812921342217206,43.06867908773137,0.9831718871752799,43.078108193290525,0.983185486802458,2.0894455470111453,2.1015843466193402,0.001814902903357729,0.0018933525807374174,1.5673043240257916,1.258447970008743
ReadySetGo_first5s_f19,ReadySetGo,228,1.9,4337d3e253bf8dcb21fc5ad4bbabd58414b8f7976d38af09efe714e522e4bdaa,dddc025de581190fa9037ccff1f42d624acb5ccbc187028c95a182d514384209,a6f99195138aeb1678b9206884400fe787c79d316a5284331d3a8d26fb12d986,ba39b0c868a1c8b572816ffcfbd9885a971125f819c3d4bef48fd54eb2162196,41.42917497314383,0.9838332894401586,41.40861082354549,0.9837610989126877,43.50518922309793,0.9848195079406196,43.50192770270594,0.9848338692143445,2.076014249954099,2.0933168791604544,0.0009862185004609891,0.0010727703016567558,1.5016155086882532,1.218511424311497
ReadySetGo_first5s_f20,ReadySetGo,240,2.0,5af3718930d01c8bb5c6ba130f140c4c2eeb3f45bfb8e2a1f297fade051b1810,02e9d9cad892f9d3e89090e6a5534eb9c799ab6152f3cfc8acd9efc4bce2ecdf,a9a76c03d161577b612a0122b42a796df9040eae97582b14cb96fb3ff4285507,556da512d3078ab485429c8fbf8b70ea1edf0668fff1f9483236b26f09cc7ef5,41.058579838895184,0.9819418767822681,41.036251710156776,0.9818691541459238,43.08525304502885,0.9834496961215607,43.08160889267203,0.9834636636534217,2.0266732061336654,2.0453571825152537,0.0015078193392926709,0.0015945095074979543,1.4648413105757823,1.1894326338365704
ReadySetGo_first5s_f21,ReadySetGo,252,2.1,9ae7baf5ae1569b9562f83bddc3d5c84d8644e210093f073fff9e6f5deb7300b,c745da64e0ee992380cd9f18efc6582ce07875764a398f38139032716dcdb4c9,26d07f4a8a9f49c3f5b0034f229930df621c4449f43a875d666e8e9ed383ffde,0eda8e7010fb943973d623d6b0ebcaeadd10aea7d73af75e536bffd1ee3267e4,41.38002472981505,0.9838210425738073,41.36374595865366,0.9837600181086384,43.523036695120474,0.9851552934570782,43.52647372748524,0.9851761682194596,2.1430119653054263,2.16272776883158,0.0013342508832708821,0.0014161501108211905,1.4750256627427716,1.1940200930493974
ReadySetGo_first5s_f22,ReadySetGo,264,2.2,a75f73ae83b28a845566f286f4ea17f3d3e0aa39f466bbb4defa99b63b9c9928,ae09f2564d7fa04b8e09ae1ee7b31fefb8727b8bab86689f0ef085f92490300f,8d608c5c125a93fdea4cbd54f0124d6f07457fafff4adcc9b6a2d2e921ab6061,7587a9836ea33bb89dbd4c383e6052ce44b981967aacba0bd255c0c96dd4ba15,40.361548049847585,0.9810947288251145,40.33578287973076,0.9810042409066759,42.58376293391745,0.9830591158072672,42.57224264808505,0.9830567131618633,2.2222148840698637,2.236459768354294,0.0019643869821527327,0.002052472255187343,1.517503112705302,1.2224170644554424
ReadySetGo_first5s_f23,ReadySetGo,276,2.3,4fd57a3d14356dce5a497f5fd6592dc88ac6bd239623e563d870056cb0c5c13f,cd07e970be0d857c317d4cce266665651a0065881d2ddfa615d067099258dcb5,d6abad00009614b3e66ec967df4e1b26e133d8a8b1fd54beea95edbec4e1f1cd,d81101a1816e050bb2f01e26d934666a8b55dad6b5d74a027a8a450fe1e3fa03,40.176713945504446,0.9820665075034397,40.15131696862339,0.9819895366648156,42.49595284117568,0.9838711288764851,42.486285520393885,0.9838689580011616,2.3192388956712335,2.334968551770494,0.0018046213730453786,0.0018794213363459988,1.602337992958846,1.278219991179042
ReadySetGo_first5s_f24,ReadySetGo,288,2.4,cf0d77d4a70a29fc2bd320cdcd75ca2ac45ea23a8fa98390e6d189583ac0d4cf,befe2fcb33824b6d2e7a94313e8a66dae29adefea39845c6a661efa1fb37c5fc,7bb8f36b76063e7d2c8f12f2099e9cafa83c601176fe7b5807b04af84bf21444,2683cbd982c36db33c48f6b7dbd97c6d59485e53685b2de4abb8dc352b86719c,39.64845102717253,0.9777285999400867,39.62219342250118,0.9776397694110687,41.81988047360225,0.9803251188341378,41.80853873524936,0.9803239713318127,2.1714294464297197,2.1863453127481804,0.002596518894051103,0.0026842019207440337,1.7146854313682633,1.3784342214138512
ReadySetGo_first5s_f25,ReadySetGo,300,2.5,7a18a93596ff3204a9ff15a7beb24053cf4b58eb1e193b887d304675a40759f3,abc274939064b7d0e88bc17c8a9ccfd56bc59e43ead207a1bab4164436f337b1,589da864742329ed6f1ee28ad1f9c2fe81ee0111a8c98b3b532858588bc35c6c,032ef3683fe5ee4169a2515f99d88d38b78b679bbf87a7257879da5572516cd5,39.59082920407839,0.9794492867503756,39.560076359886345,0.9793421091545902,42.03144254013181,0.9825372308680741,42.012827313761576,0.9825110398946598,2.440613336053424,2.4527509538752312,0.0030879441176985267,0.003168930740069631,1.8281085338865297,1.4520064020249173
ReadySetGo_first5s_f26,ReadySetGo,312,2.6,75ad20d6293909e028084628345e01743f70d1e7074139e0598c3791dec4cb4c,e323425404f26ee9ca75d066b30374bb15d398b32175093fc895f1f3e99361ca,3728ac91d3ad7305ca26ce4e01fdfaaaf0ac336a676dc78a4507dfffea76de72,df39ade3f54fe4b7af2846520ad03778f2653f7256786da90719dc921156a48a,39.44009833600039,0.977005912526656,39.42451160748795,0.9769070769931358,41.757691382989506,0.980493437481346,41.75466728122197,0.9804809137606031,2.317593046989117,2.330155673734019,0.003487524954689958,0.0035738367674672533,1.91401871233529,1.4999043745706613
ReadySetGo_first5s_f27,ReadySetGo,324,2.7,bb2f7337637dc7db1defb4ab550449187357bf82b394deb43a54fde07e98a374,a29b4a5ae981e9d8af59e11d3913c3d5ff7c2d8a500d5ddeae59e864828b2870,c2d1ff3bd179a1aa996ed8b4cc19b24a4643ce87a37eb549911cb4d944fe190e,d434944bb38ca03f7185e41fd2a4371df70dd1c4b38e9d75d80338cb8454213c,39.69253167033636,0.9783606244841135,39.67430459670391,0.9782360826622516,42.17284727337542,0.9817766783345576,42.16850105758999,0.9817542701968323,2.4803156030390596,2.49419646088608,0.0034160538504440785,0.0035181875345806635,1.9781765450337225,1.5504902266908138
ReadySetGo_first5s_f28,ReadySetGo,336,2.8,54d5e636d660dae0c3014e5ce58e08c01d6c6d76fd4bbf100ba04d311883935a,06501724846d97c918eb34fc3c18c3cf3f4cdb054505b153f23cd0ba75790f35,388010566672eb70c7046ddc81f707a9b839e1969434ad49239f8e413565fc74,2e3c9f8b17b06d1e030d08857c7de0d724eaf4367d253ba4a02ebe6da52315b7,38.80326352851537,0.9735966822690844,38.78284285125885,0.9734913218872555,41.237911719756475,0.9783915323058202,41.23076862766111,0.9783838098072682,2.434648191241102,2.4479257764022577,0.004794850036735854,0.004892487920012734,2.1263449765424967,1.6522310486011367
ReadySetGo_first5s_f29,ReadySetGo,348,2.9,389af8c12bc8420e125fd41dcbd1592951d21f8fec33264fd41de61fc34c605f,1f86fe613ea6d4987580cee9b19dade3125de80772f1081e0f9155759f84352f,a062dc549deb3dba4cf17666947f715f170b4056ed9855e4a9daaaa67252ca9b,027bb2911a7fb0c432f37f9edd9dcbfc2a639b4f6101d86ee61e5407dbf1c279,38.717053731308624,0.9739645284644707,38.68372984291981,0.9737929159233247,41.20623098001709,0.9786921177532032,41.185285775364136,0.9786347783588328,2.489177248708465,2.501555932444326,0.004727589288732514,0.004841862435508104,2.2897287067538876,1.780798462577281
ReadySetGo_first5s_f30,ReadySetGo,360,3.0,5be6706a72238908c51baee0a920cd5c7b1676a2d8833701052e9ccc38999d18,3fb26d54ec663e2217e1601f91284fd2e6d6f46b85a16c3fbe990ea91cb8a2c7,329b8039e13193e409e9c348b68bc3da4d75b56132dfb20df046a7aca829061d,46506c97d6d281e39395d146a24d669e96e32011a350642243ae317ebc1a33d3,38.55404480168009,0.9721196081219338,38.5235472389725,0.9719819899432395,41.00139682019807,0.9775780211937714,40.981350665921525,0.9775318060124911,2.447352018517975,2.4578034269490274,0.005458413071837587,0.005549816069251645,2.347768341542809,1.833595530779679
ReadySetGo_first5s_f31,ReadySetGo,372,3.1,b25242f30a5b3f03061703eb1b14e48650f146891ca06f977a36dd2872f32c4c,2a9ac031018e3cf7df78229588add886213fd126d0564190e7a5db6e5ebc23da,06f184768f7dbd87d168bf9c9bd70bbd2213599cb8e40bb8ce22cbcb279fece3,356a3acf72b241964c8b75a60ba74d2907bfa99f1d070ffe54fc09104bfe8438,38.685324162184756,0.9733917681713821,38.657783530862886,0.9732547863941787,41.21940700827626,0.9786421329889277,41.2054424769422,0.9786109070833748,2.5340828460915006,2.5476589460793164,0.005250364817545594,0.005356120689196109,2.3779575579216887,1.8469072247939173
ReadySetGo_first5s_f32,ReadySetGo,384,3.2,9bc797ba35d237e6a36152fdfe475af7f56aef7a37a592af6deacb96575e3308,d042df90c773ac1e711abda8d2e1389f4cf9a419abd33349c2046ab937891fc0,51d8183dfa7eedd9bdb79455ed180357fe533b90436557789ca77b522d754578,54b4248152f0b85aa79695b279747974c90ae2b66a131afff48ec42e86237782,37.92757970224606,0.9672639162778022,37.90103293321819,0.9670946696651866,40.27747452939005,0.9734986008953883,40.26145384101969,0.9734377189209938,2.3498948271439914,2.3604209078014975,0.006234684617586139,0.006343049255807198,2.4939630349169426,1.948876010897396
ReadySetGo_first5s_f33,ReadySetGo,396,3.3,1c2674f19f237b7407fdc5bd547990596cef50da7fd106be364e43e1b7499571,53396355e414f5c4b02e7e02ab8ef72f859e4473ced609f8f40fd9e21fc92cf7,e6259f62e6fd9742d275a4aa9603c44b9b8b5f269574c2c6162a0c1e14068965,9b8ea6aa8c21e00fb09a94b2e627450c8feaac1c3db314cf6373aa7fad0dac49,38.5164090400682,0.9735526990763113,38.49183887752751,0.9734297706282659,41.03913270768652,0.9784358672675015,41.02723062051513,0.9784117834969619,2.5227236676183225,2.5353917429876134,0.004883168191190279,0.00498201286869604,2.506097950688503,1.9569446504402672
ReadySetGo_first5s_f34,ReadySetGo,408,3.4,94bc8db97fe7c17c967c10b9c444cc7fcd5fb9c636d81d97bf5ca80824125c20,42576245e07290101db3e42f11871973840ccdb025b4ae6ba063c4ac15fd8659,e9357e9db2061fa3ac23d5c575176069409d5fee4679d11c6d7f818d20d97d2e,f4fa5df1604a8ba9006fedc0a923010e360c7796556f8af0dca52d73be39e86d,38.147199889301916,0.971877277498575,38.11649113826285,0.9717166860757176,40.57484848153466,0.9769239929873261,40.55475537064218,0.9768635549035048,2.4276485922327424,2.438264232379325,0.00504671548875113,0.005146868827787254,2.3987745064556925,1.8624618474052332
ReadySetGo_first5s_f35,ReadySetGo,420,3.5,16f4c63b79ff572f1276a0fc778c03b5666340e147dd71873ec619f7e35f52de,553e05e90faa6034cfb997e3341d222ac682890d46705ac197c27cb5b0867d53,131b7649404afd2e2dd6e25615becbf47c0dc3ee8100f63de309e92e6c531ccc,6fd7b44b96f0e98d20443c2e836914cc22be782c937472afecf64608231484aa,38.298436858784,0.9739631400665293,38.281515966552234,0.9738984811353246,40.88891941210207,0.9786900791000426,40.885769716451215,0.9787081035650336,2.5904825533180684,2.60425374989898,0.004726939033513289,0.0048096224297089485,2.4093734387685006,1.8624290371495036
ReadySetGo_first5s_f36,ReadySetGo,432,3.6,78b2090e7a4416b64c8bacf1678e33d279f5047615956f582f53432c60edd8ff,727b5d3c3e36f4f1b8d785cf3893f5143b5f6cd5fb8e36a2d804b4963f106e05,a6f82cd1cb21cfb8bcdd25823ccf2752e9b1b876750506f1d0d0936510fe0eae,3fd5324c3d9a5341b04310319349a2b0ec88e01cd488b73d75cf3a84cc710c18,37.763665669261016,0.971356136308485,37.73695907669834,0.9712160733802994,40.3456559653424,0.9767540264054284,40.32924019269794,0.9767203381077627,2.5819902960813863,2.5922811159995973,0.0053978900969433585,0.005504264727463348,2.459393710383751,1.8864065037001188
ReadySetGo_first5s_f37,ReadySetGo,444,3.7,750a04ab7211ab431b79989308c8652ed19ccd9231e13ebbe965bf2550d07a20,80df811cfceabecd33100db939d54b8bcf45efe09c1e4e56e4c5034311fd22c6,711b6df19c0dc9b375507c3deb377c297c3b8b27f84507405d6e18b9c81ad423,cd4c139b4cdc1d4248d2d67f4456ee6c4d860e95d67db1a58093ee87814c8f57,37.71143943843364,0.9724541201969189,37.67872348149826,0.9723210862821745,40.34916142860223,0.9776101824217003,40.32638936584863,0.977572600627211,2.637721990168586,2.647665884350367,0.005156062224781377,0.0052515143450364565,2.5510470252685318,1.9404657299928183
ReadySetGo_first5s_f38,ReadySetGo,456,3.8,7a9e5f67f8bc7d565b3ddf2b6e3b3e40a0a7477cb1a80f90cda682959ab21fb5,44ea4e1098d3a615755dc29ae8c10c0a306bc12e987958ff6bd87c505870ba5f,d8fb6d637ac19889e46add1c44ab879c7be786a90b829e8802802f4ca253eaf9,91423a11b9cfc7064081f9ee88d6cca8833e6d5b280d04f938a89bcad24463bf,37.497019801117844,0.970200838227086,37.47930042022287,0.9701026031777115,40.1363315147599,0.9759534667778723,40.12911941246104,0.9759334725263967,2.6393117136420585,2.649818992238167,0.005752628550786287,0.005830869348685264,2.5872878432757758,1.9669681225800912
ReadySetGo_first5s_f39,ReadySetGo,468,3.9,0cc0ce01b27562b918b77b26a0e1119dfafda178fb89e854ae29404e6ada01ef,4d4736aff08389df84a201c8a78201032aac619abaecd9ab200853b732ea383a,23c9ae0030ccff5a486e352ed05059c02be27de8a14c4026b12b198c2a248972,1edc8a54c6854c146777c189eb2ce48ae7f6f2c7b8e907ed6eb02b0be370313a,37.610144782138036,0.9715880579986702,37.586256143355364,0.9714648212288,40.34391653997345,0.9769805554022533,40.33121396499603,0.9769574615745379,2.733771757835413,2.744957821640668,0.005392497403583052,0.005492640345737931,2.674590079154437,2.0124543583728847
ReadySetGo_first5s_f40,ReadySetGo,480,4.0,08c6bb671c45cf30427acf1ae3799034cc84af8b3bbb4d5147b9d1d0e8fbfaea,bccfd1e481f69330e9888fc0104fc9e7dd1473d392cc8a4fd9821d7b594ebb4c,d697839da8a9e60cd69df3cb3706ca26ba0f745f7838ec7d7a75fad12c4421b4,f00bd3e19ac25e74928453b88b392967372fb845435c481ffca93c28f991f5a2,37.28708541766119,0.9674639249117665,37.27068936177975,0.9673845717323192,39.948162175181935,0.9739238305007265,39.94356487229959,0.9739194876206192,2.661076757520746,2.6728755105198374,0.006459905588960035,0.006534915888300019,2.7514382845188283,2.088307400627615
ReadySetGo_first5s_f41,ReadySetGo,492,4.1,39ffe82492f8de07f429130bb7f8b43f5d823b7d13acb1d1b184178be30cfd3c,0f24f567643d8e49c39c37b8e8761c96b0b9f55a50453782e69ecffb6a0facf3,9f2e0580b3a5b36d5475bf9292563f7c422b90e8970b2f616acce40538e2ebd2,28194020849bb0d258dccf3d4536f4ac3cfd08150c695e3da0a5218b47c15fee,37.44441289443372,0.9697335990055017,37.42403619604347,0.9696588470587392,40.34439532897682,0.9759284865909476,40.33780576773669,0.9759367548701297,2.899982434543105,2.913769571693223,0.006194887585445841,0.006277907811390482,2.8184630505292576,2.1339915956956848
ReadySetGo_first5s_f42,ReadySetGo,504,4.2,784734c577fb7b6224995d89dc9de34433fcfa5825a648e7952c5a9c468d53b0,313e692aae23925c04636e6494a1a48a48085a07411b694888d3daa747d05e37,2ea5b1a3534381d8f354e2d67947e788d85ed312a8f6ee4c2cd24c59c80331ac,98c90a8eb787d74cf6161be1b272f41ec3b98ac918fac961ad7ef5220fc90333,37.55883228032859,0.9684759132066855,37.54074707775909,0.9684093305701414,40.393624652486935,0.9748512246276333,40.38798537951827,0.9748559201925622,2.834792372158347,2.8472383017591767,0.006375311420947827,0.006446589622420729,2.903554924124149,2.160328839263411
ReadySetGo_first5s_f43,ReadySetGo,516,4.3,da2e40080904f97372bf7b2afe64a7c8003dc91a6ac33e671697d38cbe5f9a64,b867beef90fd7884498efb11127d4d889eff756d8a8aa4b500ef532453779eb2,908a4392ac70340fb32c551d142d62fb1ba382b6051f0055f8ef0a2fabf66490,0f3e25ee8db0946b3a475192b3981495096f7d46efe77700c74c83dec1ff493f,37.61746064056333,0.9697500897332842,37.616225995911414,0.9697649681380297,40.647694362377734,0.9764433244662404,40.664502675198776,0.9765083902511392,3.0302337218144046,3.048276679287362,0.006693234732956133,0.006743422113109521,2.944891089466371,2.1616847932148877
ReadySetGo_first5s_f44,ReadySetGo,528,4.4,83c320f33dd7ba9763b0d03e3876624aff16349e1066d835791c4d15d0af814c,09a6a42da737451cedf7a763986baafe20c6729cd1aee5e94f8230d4aa897785,aa3bf75532e3f2a166f7ae10f4cf0aa85e59769a70a6a37daa097416cd4a275a,6eda6e9b6a17f9d0c9232e0d7043594ba972b77036cb964c02283ef3010ddc00,36.94466857320172,0.9645211267607345,36.94484273395107,0.964544339911604,40.20543506521446,0.974530682401311,40.22208876496205,0.974598923036612,3.260766492012742,3.277246031010982,0.010009555640576484,0.010054583125007954,3.1303952745425594,2.220265248352901
ReadySetGo_first5s_f45,ReadySetGo,540,4.5,701f7a300a55e908c9d5bf80a2b9e90005b6c68a1940e853cc6abff0037c87ee,3b8e5fe23e4d2c84569ee15bcedd96ac35fd02aea94701816fd44b9f4c7cfe2c,bed1863b882923df00ba33ae23998a03c67cdd4f04bb958b00accc666ed1e683,e88d6b5d24576253e0edb13bc57ed722c631709ad914d9e3c61e90ff5e7567b5,35.79176497245549,0.9546347168234941,35.79064891586371,0.9547349683680248,39.05505969587949,0.9679455419083167,39.07028554572321,0.9680559886004109,3.2632947234240035,3.279636629859496,0.01331082508482262,0.013321020232386016,3.6079352518266408,2.5179812398519954
ReadySetGo_first5s_f46,ReadySetGo,552,4.6,bb0e23695b64401e9acfdaf0688a92a57b22af4774cd96519b80df628c28b47c,4a2cbb5d30f69ada70832e7eb70adf411c7307c1cd364d434423467a3c197ee2,594d46fb665e429f60737a2d94fd6c1beff455b3313cd1b0aff27c26a09a3f82,938465a54d1b9957dfe400a636255c8cc168d001ad13401339cb35ab2d542d79,34.383186511216586,0.9364900058941896,34.39877668124274,0.9367970876033368,37.03785374488625,0.9519526753463424,37.073187571849644,0.9522610463426258,2.654667233669663,2.6744108906069073,0.0154626694521528,0.015463958739288963,4.23259702565884,3.069511149144445
ReadySetGo_first5s_f47,ReadySetGo,564,4.7,8dae5bf44067c86c0fd29a13f3468766922e7142832ccf19df2675eb635ef726,04e2246e5c47d070a45813cc2e635bf42884da61364748fc378171164b07f4fc,acf6cc8fa0969ea2f6b5504c0b200f1b0f279306ffdff0106848edb3835d6a2e,f925badb8bdbe6f53166a2e9124ec6aee79d5d0268b57205adce3133d6b6ad45,34.16455771040766,0.9343841390352916,34.171381404092266,0.9346291398799915,36.79004117520237,0.9504342395556273,36.80545468716816,0.9506287893769111,2.625483464794712,2.6340732830758924,0.01605010052033573,0.015999649496919566,4.59641482701555,3.4358679032270656
ReadySetGo_first5s_f48,ReadySetGo,576,4.8,6d7cc23c28b74dd983900034352e24c8eac793327bab95969aa9f56bbed8a7f1,1a90527a8fedea790121c57a023476dc8b44e8e0f878aaf599b00d91fcd38ea1,3c188ca473a6c2f769cf0623a0e43e267c1b6698103f6a863faebe49f6b0c18e,7d6b95afb46faa3f9fbdcf03279c9370479325216a18fc9a13b3c0b2ad6c4f86,33.556836996593276,0.9231564179249486,33.554798394312535,0.923405974232793,35.9207147132929,0.9403033600805554,35.9305442651188,0.9405526586690632,2.3638777166996263,2.375745870806263,0.017146942155606748,0.01714668443627021,4.84038713174452,3.73987992666115
ReadySetGo_first5s_f49,ReadySetGo,588,4.9,d73d0f166c356abdf87dad3fd76eed6adc79bf03bec4cb3d0db22b3ee30ab504,eb89a0135028993e514c1c9626b104281e513648346fe68eba4b89113514f6e0,cf8f798ccc702fccab61a78bdbbf8b6074db3fda5936f7b55dfc37a9132c874e,1c16b2490a53adba120ea871592a83771dd6344b7eaab4d6c32d4425475d1039,33.651670583693985,0.9278516393634738,33.65911534840403,0.9281178106967424,36.062076788518326,0.9438686864871494,36.08008809848216,0.9441487747703223,2.4104062048243406,2.4209727500781284,0.016017047123675576,0.016030964073579956,4.9118568945934555,3.794911141533442
YachtRide_first5s_f00,YachtRide,0,0.0,b95ef307e62cd1a3edb32f628c7005df0c34020ad54eb9a3326225bc59c52c9a,47e8501d4e7599901b1f4a0c69cbfa54d893c5a0c7bf94c8ccc477fea4dcc4d9,9e9b4e5dd18ea14ebf599b5095611d5b7d13f09bf2d4217fef57d769be9250b5,787b5f48357a9002a8bb893d0de7487c24512ab904db5249417bc13a67f25837,35.44151510246893,0.9541482306918243,35.580523199914325,0.9551625680802496,36.76453581679092,0.9591505757074854,36.93730461352604,0.9600615347088667,1.3230207143219914,1.3567814136117136,0.005002345015661103,0.004898966628617107,,
YachtRide_first5s_f01,YachtRide,12,0.1,27ff14597d20f41a3a17a3ae9b5ef89b8b3d2d65f1d12bdf7ff72ec1e1566bdd,f1553cc8a48f352949d4c2183424f16e40b9eb1d7bf21534bc33b21609d756b0,23d2299747fdacb4eca5f34d3fc87ad2ef0fc0f31cb75d9a495b9d820e0534f8,a405e9d4266de1efcc578ef10537735bd7b021741ef058afa48a7616600d5df1,35.45455457173453,0.9583154751734483,35.59102873014956,0.9593106638755603,36.77235668659919,0.9627949130994735,36.94905825793231,0.9637523290991463,1.317802114864655,1.3580295277827474,0.0044794379260252315,0.004441665223586022,2.7934329724286515,2.415226715207956
YachtRide_first5s_f02,YachtRide,24,0.2,d58a750ff73db1852b276b741df6986662890ce0869fa2581736649f2e39bdd8,ae71f9173aeb48bee380dea61fb6c7044f0e45c5ac5d40eec7cd98e118c17b3c,49bfe0019dfec0d0e05dc7a384001f376ba1894d04884cb0c8c7d50614c5e004,7a8b458e08043e8bebcfe769f5c61cbc74cb53564ee7fe3b0f8171824eb15cc7,35.01941262677819,0.9554830139707915,35.14829175628017,0.9564332301104694,36.38695142005488,0.960754374114379,36.548933404222915,0.9616052726266014,1.3675387932766867,1.4006416479427415,0.0052713601435875335,0.005172042516132014,2.7601864256775746,2.3726538837585087
YachtRide_first5s_f03,YachtRide,36,0.3,db0680a74f67c53045804788815fb33a0ef0b0cbfa6e4934e29af231f7f222b5,4039c0f8c07e2fdb7362f895a596d6627dd4fd8bce74f51dc97bfbe26cf160da,ef7a7e9fd4d26dd0fc9b9b5d3da96705ceb1f6e0972b680ed1a446137b174beb,f58c5deb493c81bb3f9a0d15accc6b58a795b5201b331ca5aeceaa8450821956,35.33471099109798,0.9569186508994062,35.45050541946569,0.9577712487124638,36.76650519371683,0.9624101345592037,36.91077951919266,0.963141178476688,1.4317942026188533,1.4602740997269663,0.005491483659797458,0.005369929764224235,2.7751690033098106,2.3736627076437893
YachtRide_first5s_f04,YachtRide,48,0.4,d857c0c4a731a9dfae7f9d6e2bf7ce7b6484be6ab4b8bb9991a81b1eb815cd41,c351e37025a45bec7c01f6466669595ce9a2f1553dd423c52d868e2800217c9b,c3ffdb046418b03c2d6d24b27af932ba930579c7a010c6653c9dcb4b7dd1630c,5dca338bd8386486b5be61aed38181da3967829901b3fac60a781e85ae9764a7,35.12107085220209,0.9522347560656809,35.215892772642604,0.9531356763461163,36.45810683425137,0.9583150404218391,36.5836575512957,0.9591499330530008,1.3370359820492794,1.3677647786530969,0.006080284356158261,0.006014256706884491,2.8193075791934676,2.4025601269281207
YachtRide_first5s_f05,YachtRide,60,0.5,eedf587d7e57335ecccf8ce81dac4ec89287e36960b10075229a8046b1b0af26,3e4883b2c85325d6ea260840c23f376a056d76ae3ef2a7498940e101cb447f5b,920c670a0fde8c52d4834b9cd34080072162ef9b2a70c07786f058c127876a43,9ec74bda3ad8410c26ddde394140fa7bc0f2cb02bb9b2a0e955ce97aca90189e,35.37322462432459,0.9539105215434001,35.4282282882146,0.9547020452219506,36.7422515781674,0.960024022283956,36.81414995917177,0.9607598310418298,1.3690269538428055,1.385921670957174,0.006113500740555944,0.006057785819879258,2.843712920751889,2.4300445097342784
YachtRide_first5s_f06,YachtRide,72,0.6,aec27907d6b0b27b5e80537453515286a1b391c989e42663fad0bcb091f2ab8e,56e4b36c24d9e0b35afadef2fc6e69b89f0492dcd2809ee0ae06d57b1d94d0b5,046b129f10284061f31bdcada7c75224af54b8567217dd411342c3e2c121fcb1,cc08041b9df7a822394a2ea7f66f234597a960815b4319a2cfe97576f000c7ea,35.28808868583406,0.9514699395129756,35.30741364386149,0.9520667225258704,36.61057130986532,0.9570084357767995,36.64615056496107,0.957614290079039,1.3224826240312595,1.3387369210995814,0.0055384962638238555,0.005547567553168542,2.8380780947511397,2.4231698463748206
YachtRide_first5s_f07,YachtRide,84,0.7,d7a1b0fe2a1cfac0b90169084337de72f03bbb588deb88de669e4385049f9fe5,78dbe430a48e24905057153a9499d8bdb9a9c67136789cc4c93ad29193bbc216,5659b51168ae747b12c66d71cf338951e3b4a2d5825fc27497ae23ceb2b09144,7e83d7d8062104318ebecc6891970e3dedc398b8b3bc597f8b405f6ee35ffcd3,35.69196021886815,0.9542151039024359,35.71238314793018,0.954855257808428,37.00771213074248,0.9590075725825695,37.04335123336741,0.9596388195570487,1.3157519118743366,1.3309680854372274,0.00479246868013361,0.004783561748620713,2.7555900625663523,2.378525333908387
YachtRide_first5s_f08,YachtRide,96,0.8,25abbc5cc998eaa09e584a4a0d5db3b2eec160f9e2a556214af26306f214d568,7bced54059e1f6b521fa6ea86ab8f6205080df83b4cefdfffc8e18a9d77554bb,3cbb94b0df865ed798f98663003d6c1baa5d64637562010ce3c61202d29fee6a,25c38155dd06876d32e8c8d384c38585e0810055336a69da7400a553c0ea2918,35.362505722276005,0.9526048017283275,35.381333203447966,0.9531833247774049,36.64743205358876,0.9578784629605297,36.68002503764161,0.9584722547798489,1.2849263313127537,1.2986918341936473,0.005273661232202187,0.0052889300024440145,2.7328535311153437,2.3625624736542186
YachtRide_first5s_f09,YachtRide,108,0.9,394f2afe62129194bbfb93f292b76745669eab3fc7e7ac21ad93f004b9555e10,eb6866d59ae171bca17104305e4de83fd6140b88544e56aed633433e30b80d0d,747786150a714ed3818d90040a8c811c3d9262073d3f995cf5b943294e2bc37f,fa8143a8d9d5c7302569611f08785ff1c0da463fc7c522d1293049f5f6753ce9,35.430991882262035,0.9545859202279123,35.45804042246203,0.9551849388597876,36.764470257627494,0.9597328524341908,36.812222145136325,0.960334735739141,1.333478375365459,1.3541817226742978,0.005146932206278487,0.005149796879353352,2.747315413648286,2.368786420603572
YachtRide_first5s_f10,YachtRide,120,1.0,65f3d26017d9010237813c732b5481cfcc3a3bce471931161c92a1f49b003d38,02a408e2d237671fd85aa7ceaca3c3ccf6167455371820325e3b70ede7f3457f,d7f062c1870640374ada75f8e02d106a7a552067351431f9fc02cda422bedc5d,1fa3d29be9ae47c8239d3748e95eb5de3f3ccb1d750757df9d55a428386611bf,35.313485171916525,0.9537634993671704,35.35608620639065,0.9543984971769433,36.57941527231947,0.9588644326005595,36.64131289553311,0.9594894001142026,1.2659301004029473,1.285226689142462,0.0051009332333891155,0.005090902937259334,2.7515086619075126,2.367429368911197
YachtRide_first5s_f11,YachtRide,132,1.1,ee69501c605f723d757f3a4b20d83bd3bd84a12d379dc04055c7004b76ecc9a9,30f10f98c109a32170deda7f8043d40f8326c5bdc082e1d70e8e52c8df0e7904,0176556bec7e0e00e932a2f40c3b61304f129aaad55978eec8851f83c3797696,09e46e4ee869885d0f8123769185d654f9a4e96b9f8991416d1a95d30f8468bb,35.799971824412864,0.9578639394282299,35.851597132415584,0.9585267952290542,37.10302113612982,0.9620303059624706,37.178351465174075,0.962690883145481,1.3030493117169542,1.3267543327584903,0.00416636653424074,0.004164087916426862,2.6976025094844815,2.33088972143727
YachtRide_first5s_f12,YachtRide,144,1.2,ce325afc1b517d09034ecc73623d4e9a9c001d247f4b88781a946e377f9fff75,80ca43a612e24a080f639f5673d1750633366fabfcc041b3180ae36cbda97876,72f5f3ddf692d875271b4a39d6359779357fb6fe19fcbec8268736404de22bcf,2c84570304b89613cc60b610fcbc12d7183a3b61fd9866d21da3bc5cdb3d4e99,35.40989195021118,0.9562988877082714,35.45018788696491,0.9568723520205403,36.72474439975876,0.9611333613802405,36.78002110087648,0.9616593980767586,1.3148524495475797,1.32983321391157,0.004834473671969097,0.004787046056218269,2.6098609333041902,2.235578611909074
YachtRide_first5s_f13,YachtRide,156,1.3,6d71a944632ac9a0a7831d23fa4980b359ad9d955c9313d0c94fa0a93824ac56,0a97d33fe4dc423d5fb61f6ee4e749fcdaa6ec394ce1f4ac6c243d11a3dbb91e,d431e69fb239b3a167762a1f15359b9d8edf2b4b57f2e21c94a9afa4c0c8414b,1f3d92351eda67d8eaedddc6f18beb3b7da3acb09f534c509909c774c6384193,35.17955327027145,0.9547028752245817,35.24997161029979,0.9553983378693742,36.494030110531696,0.9598912768757024,36.587825690910734,0.9605342165206084,1.314476840260248,1.3378540806109456,0.0051884016511206665,0.005135878651234216,2.7784927188065947,2.390938831925623
YachtRide_first5s_f14,YachtRide,168,1.4,bdbab11ba7aa4deeb7982470b427bbcd07fd365f74e098dc2e2ae8ec5ccbcee5,5c5ed2a1ba83e0b5a26e0cac54e069e14aca019d9b9458467164b74826d6749f,57f0bcb3eb4b2787f0d5fab16549b31955e89d0c58057afcfd9b02d1929fdf26,bec05660de9a978320936342ad726dac5bbd240dd7d7fa09fe69ac6137d42793,35.159377330902856,0.9540273369420326,35.203080294253716,0.9547222866710855,36.55199283565981,0.959860096909732,36.617615206486285,0.9605211549342848,1.3926155047569537,1.4145349122325683,0.005832759967699386,0.005798868263199308,2.8113204164194716,2.4077442693046276
YachtRide_first5s_f15,YachtRide,180,1.5,10506da43c79527f49dd3cb22605515168fcf4f0a4a801632574dc282dcae16e,79aaa4d32fae77ca6d63bc89241b96df63f481d26f6b6842e4addaa572ed7250,93e01b23d27d4d7f8c0f76fb00dde62dd831593200d578df867efb61e1fec85d,c14690ddd1816d44c9dc99e6706866b267ac76880254f2fec01d41d1678186c4,35.69319478875236,0.9567134280904386,35.74742204167397,0.9573486637008701,37.17009592042156,0.9621082062436126,37.24510633311393,0.9626816240165892,1.4769011316692016,1.4976842914399597,0.005394778153174018,0.00533296031571906,2.77259711835696,2.3715629732482983
YachtRide_first5s_f16,YachtRide,192,1.6,9144c3509691e476e0cadb4daf3d8b9c7e937c30e9bf2b6dcd4206c66c836c9b,c898dde5d9a170e19fc223be29719ba7bac179ec2082fbf09426a29fa27e4e98,98d590e744b49f3eae02d0d5dc979dc8d3b0ebab987d7060fe59e334a0951f79,f50245be967c23e645905aae1638f2a152c6a3fb2dc3d8a6a151754ae82e6eab,35.44120475923107,0.954849015289668,35.49027846789981,0.9555932470857065,36.90870248156891,0.9611402575406196,36.98323116001479,0.9618308024058301,1.4674977223378391,1.4929526921149758,0.0062912422509515675,0.0062375553201236,2.748753698167114,2.339208401962468
YachtRide_first5s_f17,YachtRide,204,1.7,6baceec9beb2a01dd3c8c90a0c2c1a5e33fdf48668a68086dbfc06c46a1b2428,a911a909f2ac5b35371e5c0988755a6d920e6dc4473e8283c700fb7bd0c1eadf,cb43228ca7cf58b376dfbfd27a6fc6116127996adc6a930f0f192ddd80b92acf,666ab2c1afc6212b2c208988df44b4cf70309dbf1d44737d62185db7afaabbd2,35.50022562744517,0.9568366862574909,35.55385176702033,0.9575793867018485,37.01306665891164,0.9627008654137013,37.09198287645968,0.9634123282049619,1.512841031466472,1.5381311094393482,0.005864179156210403,0.00583294150311342,2.787423206925623,2.3624434297523886
YachtRide_first5s_f18,YachtRide,216,1.8,40e2d0361e0de289b41ecdfbadbff2f7373ef354555ac6c369609daf9ce1ee95,25fc6fad06c5d2087cde94562cff56d366d5557e5bb46a772d44ec29b8b2d445,8c66b57bb49af5c52474cbe7f7897d33581511361c4db79801102637af1b5d78,d5b39a95fb28e88e6d2e0eb96590456ce20b72bd9ad970582c964fffc30a6d23,35.35979656312905,0.9557377401863103,35.37589897562354,0.9561970340439635,36.927136341393464,0.9620178004533283,36.95916358132971,0.9624755527101754,1.5673397782644116,1.5832646057061694,0.006280060267017995,0.006278518666211874,2.8109590157216013,2.358475218377256
YachtRide_first5s_f19,YachtRide,228,1.9,9a187594c1d6d2bbef8c0a33f7eb61457f84368cad12e02ee2512de54710d34f,9a7de89edaebec966b2c58cc8460f3663d723455889deec9e9af7d03681fd385,2a218fe5124720d31e0a9b74b0dfbb74f6a86bc00eb46186f4da58a71bea0c22,1280a856d0fa8f615d3e1cfb95c4afe5107212e90e726d718d015c0b16b79b1b,35.50145757219278,0.9576287591253023,35.501248588181326,0.9580233164860374,37.1015805103536,0.9634342488490683,37.117593200186974,0.9638350533410776,1.6001229381608226,1.6163446120056477,0.005805489723765933,0.005811736855040106,2.8389353084212825,2.366866837686567
YachtRide_first5s_f20,YachtRide,240,2.0,992bd2c6e3d331e7244e928e2bcf1573b547d1802c2752a43ab49c3a3e10ff58,463fc9e0fa446af83708b42d6442394141a7529acd3d3e6eebaf27fda02eb5b9,9d1e30fa22c6da218d000cd7d8a8adf1750b625e3dac2d14331218442d10be5c,1e875e9c57571abf3460e1ec1df8e8d93a7decd5ac8f592f6f4417aa335fb2ab,35.32438888704731,0.9559045940420721,35.31909288642724,0.9562447219452805,36.775696893566526,0.9616565858070549,36.78032795753296,0.9620177554776815,1.4513080065192128,1.461235071105719,0.005751991764982867,0.005773033532400995,2.782035372626928,2.3395352848076563
YachtRide_first5s_f21,YachtRide,252,2.1,42fc99712f3d3da09d137ba2db4f745abbf0f9e1ae8cb9f250c14fe0d6453dff,cf4bb1c7d5e204769748d327ebc170a02499cbea529d9d81239275b2a2f765bb,7110dc8cc7fc88dec9f3f66af76ec2c0e15a638c9373427c596e96f73847083f,b91c2f5b9578e682f9e66c5786c014c0d898771b6572b9156eccace5449d477b,36.040660538922765,0.9581117440759802,36.04294796981612,0.9584209516070563,37.62589362091581,0.9638673164585352,37.64044840391611,0.9641707299009709,1.5852330819930458,1.5975004340999917,0.005755572382554974,0.0057497782939145425,2.721108923218635,2.294936267602885
YachtRide_first5s_f22,YachtRide,264,2.2,c8664dfb356aaf9898b0e181968219bb999d40996d6ed32222fd10336c04a584,245465fe51508b8f50b8925ed0f1bbbe7fd3bfd2827f9662e650c9fc5002b16d,68c624a2f8aeb7cbc0322ccf052f8c87bd5167a5dd1af59753e9d2880d91231e,cdc7e0d69e7f26d36635399e3324a76b7c50916d095b6e7bc38f6fce15964e2b,36.400823796338166,0.9578648576287685,36.411710234504525,0.958184629204994,37.997734417788806,0.963685914747781,38.025769280355796,0.964039847848523,1.5969106214506397,1.6140590458512705,0.005821057119012485,0.005855218643529003,2.643830891307063,2.2246413314572533
YachtRide_first5s_f23,YachtRide,276,2.3,2c5a8f3feff547c35762284ff641bf7a4669e98b139aae2e3b2a672c828860fd,9f8d5d68f7982ee2e9f495927ebb152b45f82df0c5575cff586be4844d43db22,a751e01f90b96cf86727e24d3c1e8b24b241706a77d8a326cadfc1438279cade,733cc1f5f6b34d8d481105666eb29c4ec1a048f1c3f09c11b34344284ea2d4ff,37.03961502619738,0.9606421926245456,37.0444159611753,0.9608767389635638,38.680302277042664,0.9659615990810838,38.69875870914916,0.9662177040638897,1.640687250845282,1.654342747973864,0.005319406456538167,0.0053409651003258896,2.566602501678324,2.134202849832948
YachtRide_first5s_f24,YachtRide,288,2.4,850cc8e94bc32f017966b19590235dea5e59d8afe2788163a26f4a39aa62f69e,73a7b4f6249a9d92fb565784076e08ace856b3a028a01728841b7283ebdd011d,5894355dbcf90aaa8d65aebf2e0287c833bdde427d2929507e5e75a251b0ee48,1b7859ca6d74c4c7c8226692dae04df2dd97d19a1b6dc8b5ad700109e60d2423,36.74630063152789,0.9581263998423956,36.73567671869888,0.9582163973088659,38.31651772998937,0.9638292140820895,38.31630119490387,0.9639601597005144,1.5702170984614838,1.5806244762049886,0.005702814239693987,0.0057437623916485325,2.5641040433944293,2.1364865168144633
YachtRide_first5s_f25,YachtRide,300,2.5,e074c69d92b580e0387739b77aa655e2796f9a6a3098c03afb810273e96b822e,0e8257c98f1ba03239e97cb363e9536758ed029ea5650f8a929cba03fad67a16,6d6db71b99d3fe7f63628ace406bacafed21d37248b83ef2e999983e572022a3,b386c83d58476f556e55154bf1236eecd4181594d53a1b6728ac88e082bc7e4e,37.13330737447595,0.9607984480292149,37.129791353300746,0.9609069058137042,38.81714111385521,0.9662338204753922,38.821397237339305,0.9663718610052008,1.68383373937926,1.6916058840385588,0.005435372446177311,0.00546495519149659,2.5490458436114407,2.1269595894741773
YachtRide_first5s_f26,YachtRide,312,2.6,bf99403cd2196ffa531353dd50109f6c9fa145ffc3bccf9e927669e97f264e89,848511cc08129f47086ab06a485740d1554fb57855f22b05cf1666de55c8ba1a,990cd2c0536fb1ba96fc7c77ea79c56f69344d70ae9cbe0e0968707bb1d866ff,ffdd7e8a4ad7290ed4feb54fc5f1d8fd6101526051060bc8ed19c326771c020b,36.930020058292214,0.9592527069034125,36.91756200876246,0.9592878535485244,38.61150869441093,0.9654170329573176,38.605564798625,0.9655040417314118,1.681488636118715,1.6880027898625372,0.006164326053905156,0.006216188182887383,2.5349965896849436,2.107679722139824
YachtRide_first5s_f27,YachtRide,324,2.7,e17e2a25bdc737a5f5d798b0ec0325873da255559bd73892c6d160d75536f8f4,b49125a076e47392bdff7e4bbad6440e6fb584253d8a6374fd8ebfd0c38d2bbe,6947352831a3823d663e9ed2a895d2225becbd13a953747c73446c125fb1f3c0,f13ccc7f2cd1d5e1de3983531a3027aeb8e1d0624c4c604ceea608640a2c7b18,37.18212156276126,0.9617397367160655,37.179283656891606,0.9618268336249015,38.84823124095927,0.9673744696373279,38.8523823093447,0.9674981134441886,1.666109678198012,1.673098652453092,0.005634732921262375,0.005671279819287056,2.507622102939799,2.065922390206395
YachtRide_first5s_f28,YachtRide,336,2.8,8cda38c87ddd2ee970b706b6691708d5e3cd7b588553f9558444a7958a565d6e,066b33f53eb86d78d9e7df7bcae4ac3b77dedea0977599b08171c42d0094c774,4829b8034521b95383136b2320359295b5d26c8d82589d499e9ae32842054178,7f4accdfb71ac4b8a89b4563094bfbd347b7a3b0f9436c70e97a036f943ec19d,37.167007722931324,0.960071770394408,37.16476198114505,0.9602584281798939,38.765851871804685,0.9656772362303186,38.773449828269264,0.9658606979980278,1.5988441488733613,1.6086878471242159,0.005605465835910595,0.0056022698181338315,2.4790004605632925,2.064811476417598
YachtRide_first5s_f29,YachtRide,348,2.9,785981cc613662d5e5934b6e4bea5e278b3e56545240321361f66dd7daec26fe,35aacc34ad3b66c0c204cf2dd08c39024ff6f4d6d86adaa7b7bd64c50f92382f,0c22d674619291a10e288160b8655f12f2ef43d4b3f85e9f8bd51de7cf694b19,b3e0f96cc9edc94a0fac3e6a08988c759647be9ee57986fcc2a7974056182d78,37.33926857760419,0.9600958472760205,37.335787735362004,0.9602053662974079,38.96202142159362,0.9656886211401056,38.96661374864999,0.9658351237750148,1.6227528439894314,1.6308260132879866,0.005592773864085077,0.005629757477606856,2.4796649597202274,2.0723030701617438
YachtRide_first5s_f30,YachtRide,360,3.0,d540dec1b4f9d0a72709db0a648c1a4f24458ba033eeb3e8d92f7dd60f7cb9c5,d9b9a8fd2071bcda24bd990234cb582b41666952b59269ce4aa12a66cbc259bc,afb57a46e2312567c2fabc8fbd2231a3bb4db2fd980909720c1bd4e348545a45,2a29782b08a98e4b3a0393ee408a6314329a962ed28aa189c50747c6fe3da1d0,37.448361641948416,0.9604110897630549,37.44950408851689,0.9605497660702885,39.106601420326555,0.9661699538252219,39.119357164359556,0.9663514635067485,1.6582397783781389,1.669853075842667,0.0057588640621669684,0.005801697436459974,2.4334128666942485,2.03766507583682
YachtRide_first5s_f31,YachtRide,372,3.1,8825b62734fb48e460b5e64f7c2dff049c8c76f508c102cfd4c22704f070ce37,12c9c8813f945e45cc51caa94620fc5d62ef775e8d32175113901f5eded13a27,7d035254567b7f7ba4f05c6588f6b8d3fc5a540bd551ec3e5e34cdd3e9110e33,800631c203129f8f6f376a6a63227d329990e09fe8c87d29393f5ddea632343c,37.61358976892548,0.9615410006878918,37.61357891614534,0.9616151643925401,39.38538029333225,0.9674297762928803,39.39359334514834,0.9675520533258533,1.771790524406768,1.7800144290029962,0.005888775604988461,0.0059368889333131225,2.440583798124961,2.0356843853431585
YachtRide_first5s_f32,YachtRide,384,3.2,d40503f750738a89e5f2cda3edd99c4f9c5b2c54fe3b5e407687f5779b12be56,d8d4f7b7c25e0574e38730fcabbec8d9ae487ad6b838f0409fbcf3103458e656,d79a9f8fe216e3c8d17ca706017866d00d5710a4a97c9347aa54e7767c7a8176,7d3361ebebab3572f953077e8056be8ac50894c6460c1b88cc5abe90340bba86,37.237514676692896,0.958748595736389,37.24378616174744,0.9588099580068133,38.9857656936653,0.9655867982670889,39.00424068421439,0.9657024664307214,1.7482510169724037,1.7604545224669508,0.006838202530699888,0.006892508423908095,2.528609689197839,2.0784505411618683
YachtRide_first5s_f33,YachtRide,396,3.3,dd3fe745253a1af9d68e3dcaf2d8f4a9c454624de9429dcd093628141db5cbc2,74105039f9f0757df1e58e0e31d6551dac6dd337674b617174c047a5382a2b55,1814d10708b1f2ebb88b38774e6d6bbe340583dc4e4abc54651c6a17a0704b3a,71e1b1dd6f1538bf114945f760a071f1f0034a5a316d047b53baa20300d0de0e,37.88869362981442,0.9629938629989453,37.8983819337744,0.9630853345637609,39.78495003668123,0.9692971540751276,39.80833843462538,0.9694361555167237,1.8962564068668115,1.9099565008509742,0.006303291076182327,0.006350820952962799,2.5058716940923,2.0435927547149193
YachtRide_first5s_f34,YachtRide,408,3.4,c214b16de324c3f01691fd9ddbbc4eb5c44b1faf32da721d4f499f3e27cb54c6,d2afb26a913952eea76200ec40b0ef0aa741528565f1e5c305f2a973efaa70d0,5263082a6276435d8e8e14c768b6a1ba4a664a16a72d698ac169ef0c07872acd,798c6576273d62465c92c977cf3146a7e7b6a8bb914d18a05fc24c6edb77bbce,37.56983973712948,0.9598500450907573,37.59426807420253,0.9600375832177622,39.41468888972595,0.9669237528657219,39.454560406533915,0.9671473253702477,1.844849152596474,1.8602923323313831,0.007073707774964522,0.007109742152485499,2.479085230554862,2.001234836539062
YachtRide_first5s_f35,YachtRide,420,3.5,eb035889afc52af1d693ed8ae3ff8ef061013cc15d119d2b8c56bade72662244,ea93e6d111c98188102ce861b7b622d3830077193d2aea5295a4087d5ba6ee6a,10c800558af788d262959c3f85ed3096933dfd414bcf6b249eb5f25720a6aaf2,85a11ec2a6363079324f46e45a7494b21338fac7d670659709764e58e6e3ed27,38.04004343818127,0.9643322098412395,38.077676426025526,0.9645588713613027,40.08089734279896,0.9708533247004043,40.145010452389585,0.9711361440917982,2.0408539046176912,2.0673340263640583,0.006521114859164845,0.006577272730495465,2.489006246877537,2.0065479024854804
YachtRide_first5s_f36,YachtRide,432,3.6,d24d4179d9fa653956cf6e7d963812a68189d7261500550c3b6b64751326838d,2911ec90e4f6dc00672af77ab91ec8bc3c988f1fd4e61368a7ab8064a17196f6,74e8f74189ef352bcc053b1c6d77f134f810cee4320aabb6902ff3c63ea2b6e6,68f32617d82046bf6e8abc154345f231167269d064eb30918834af77de260a0c,37.69297421518016,0.9626196879410388,37.75959982330261,0.962957466568028,39.69646325257079,0.9696760313486428,39.80732112161048,0.9700213464251074,2.0034890373906293,2.04772129830787,0.007056343407603971,0.007063879857079347,2.461382694919753,1.965798418667645
YachtRide_first5s_f37,YachtRide,444,3.7,4bf803180374fef9d77554c69e9ab4d90aef18e62e5fd96711c3ccb574a1f219,6e3a20daa2325cf33fc3d91d022a813a5ed602f63f7faad5ce8f592cb3b3e6c0,76fdf0854c84f62e28e761b024b9026c6f81ed28e654dcba7efcdbd9f632fb49,f19fa4b83e91c66fc0a8fcf4aa6b33c59c03d80f96549037414032d670a06683,38.226689309559,0.9660665694047076,38.267645631689916,0.9662880980984344,40.28941733475052,0.9720145789017819,40.35909675913214,0.9722715807793496,2.062728025191518,2.0914511274422267,0.0059480094970743025,0.0059834826809151975,2.4337480435817773,1.956410660478986
YachtRide_first5s_f38,YachtRide,456,3.8,83b4fc8cf1750a41e621de683c237e96a3d9dd90b6c169d4de3fff9ee4312e5b,20b2e865f4f1e5ed6fa29636122a347fbedf7d3e25b144a9f4064b31bdf9f3ad,7f311c7218a95ffe59c658f91f2be36210dad786b3d8e21e877df0c85846a8e2,c44b7fb410627f1074ef070605491306ddb31ef071348740665686b707972f43,38.113483951329215,0.9646648300347135,38.134273351311684,0.9648628200293196,40.19589650931566,0.9713507558249839,40.24034593499961,0.9715896391929574,2.0824125579864443,2.1060725836879257,0.006685925790270386,0.0067268191636378205,2.3555408349856366,1.8949814457393992
YachtRide_first5s_f39,YachtRide,468,3.9,0ab819043fa336f7ea070d7b038f8da9d2c039896502dbe7a3400c7dce810f72,1de4ec703999e80fc2f45157bd5a42b52aef1f2e18027db705cb406d1a533976,27a5486f98df5afef3b6a32806b885f8754e1af93ab66ae93ace918a6e70c804,db852a7fcd8ad00671ff599bd298063c544715e7bc1eac557ac584180c331d16,38.818712835174324,0.9684915413978965,38.827993494651885,0.9686499023429082,40.902511339745644,0.9740158081204594,40.929061248220506,0.9742206987730002,2.0837985045713197,2.1010677535686213,0.005524266722562898,0.005570796430092062,2.3179810203038156,1.8457114190423407
YachtRide_first5s_f40,YachtRide,480,4.0,f4cb647b859ddbed8b63d6d18e49b916e7dfda5ddae5b42131bc369759c0560d,b8accc8c285eaa2cb61fbf961064a5061b4f038509343891ffe1b2c77780e158,b6186981e59ff99a7899503898d0ee0201c7fe8764df6c939815043ef9457cd3,c53ac466ed047ba5ec7fe55eed16b45d38046725e555e7647ff2c348a6fe28ac,38.31245581922002,0.9648979042317881,38.337561188871085,0.9651490701629816,40.237813788680796,0.9712251307831284,40.284480559232904,0.9715003261809307,1.9253579694607765,1.9469193703618188,0.006327226551340326,0.0063512560179491695,2.2894798854836695,1.8517694851448823
YachtRide_first5s_f41,YachtRide,492,4.1,f4395e6138cf330363eb258807ae9ff04b9747cfe1e31397b8ef9f967e1d9400,a470b0ddc45c3fb4dbbe99aa510fadf708962a2b9ec37ea4b7c4e939437c1b94,0b4cc6b762c77b60eca7ea66627e02a45b73944727fea1dafc1576d9329a7738,66ed07ce4862c6a370d6e0da08b205c650f13beb265e728a0bde41186cfd2237,39.35678336198577,0.9700943913561226,39.37697863400472,0.9703186818664622,41.42966803978179,0.9752605133335903,41.476015867508806,0.9755042777846086,2.0728846777960186,2.0990372335040846,0.005166121977467686,0.0051855959181463795,2.2372879164585027,1.809982148293574
YachtRide_first5s_f42,YachtRide,504,4.2,8b08caa75eb25f25502b0d9c2502650b51c4e9860d9c2e770293916b3b015092,47f8be5594df6168c3f5435542cf04d67006b160ef532bf91537e31fd172a379,3d7544b9031b388ac15ee99dd96f3edd35271801615d179dc452126d56376e9b,c3e057e34f1299074f707f6257aec206975f1533b57dc4a3b117e60a64443037,39.17325822372937,0.9683194431584322,39.200243581267394,0.9685057711593174,41.239414960943215,0.9741674626673272,41.29167059445816,0.9744090517711345,2.066156737213845,2.091427013190767,0.005848019508895019,0.005903280611817108,2.1472490125210766,1.729451266158746
YachtRide_first5s_f43,YachtRide,516,4.3,3409da730577e1703c6f6a435b7189e1a9b75d09009fc9e9e3d0175961e6fe88,57256e76d09817315998b13f1e4721ea7aa42e479aeb2db49a6dcb111f25c642,83f1090f535b97ee180a9b7d1c26664256b3641fa78b2aa7adb285725de0e11a,0a2372007b50d400ec32a7ef6c791657a82d1870c9cd3f39e71b3cd8348ef437,39.89074861636297,0.9715646985329838,39.906038551571875,0.9717381755777886,41.978634473673175,0.9766119532505235,42.01547792384149,0.9768292589869708,2.087885857310205,2.1094393722696125,0.005047254717539751,0.005091083409182184,2.110104875725973,1.6919176752872667
YachtRide_first5s_f44,YachtRide,528,4.4,88ad4aec1fc3a40691e94735b8f2ebd1afb67c3c12bfc8f565b49b0f42a9051f,5bbf95ed465f1ee475933a442cc865e7b6d87937ee0dae80b5778f687e236779,8a81cb99dcdb988706bc25cdae794cb6a4b07494ca48bd0400809e9b870c4c8b,0038bf389d778e9f89ede97aa10f3fb4e6340aa5695ac4e9b1ebdd0572c4385a,39.34728727024117,0.967521199031785,39.36168270159695,0.9677147368306819,41.421247490974906,0.9738985390929307,41.458684709246356,0.9741405909277394,2.0739602207337384,2.097002007649408,0.006377340061145653,0.006425854097057537,2.110948550591707,1.6844033948978954
YachtRide_first5s_f45,YachtRide,540,4.5,3b8451f70c263cbf7486d6b5060a4dff7efdb6a0de3b5a26d1bbbce5915acaf8,5787f732c1a61b98192a9bc83c5a297597bf2c168112196bafc648ed0e2e3769,e475d50d9920d7db8c5fe552bce1e630d72785b2db43719e4b5066f94e60ec18,83051df024b51f19b4575632df09573d761ebdf6110db137dd8be855b4cce0d1,39.92118043682329,0.9708191339693734,39.940076016022644,0.9709578167286691,41.99631301609533,0.976268901784322,42.0364087083731,0.9764444581397197,2.0751325792720365,2.096332692350458,0.005449767814948658,0.005486641411050597,2.133221957354962,1.7009722081277712
YachtRide_first5s_f46,YachtRide,552,4.6,ff964d4a6541d6531220e8abbbe376d0068dd83a4c85a73389be385b7286213b,a1538e16f11b69af0f7ef58e41fbae13f6f8b24d237c730d4d62df977aa64d64,5af139c14ddf71c5cc98938438b429c06c03051ed4c5e4af80df8a7ece25530c,c13f18afa068065be61e440400ff8e1dc579d352f7d0d20acf05019c3bda716c,39.070143155894115,0.9664085482588757,39.085817602382,0.9666036779402375,41.19964290714592,0.9734809428768028,41.24062669610456,0.9737254257143566,2.1294997512518066,2.1548090937225624,0.00707239461792708,0.007121747774119114,2.177141472943858,1.724495209946606
YachtRide_first5s_f47,YachtRide,564,4.7,722dc6411d9f7e62ca4a99e46a16bf7e0bbc62645461d68ccb1b0a73a860009f,3c6706cbad539af93f00b1c28c838481c2d10f8f9a847179bdb647d5f4a3dc11,91a042dffcff0634721065e91814c4e23ba06d842e1e7bd108620dad563da763,c263792b0b1dba540d4ffe00b191495d93e132a6400ed3de517027796a62dca8,39.41045516955655,0.9687821753756237,39.42847843534403,0.9690058691690814,41.56127544804137,0.9751229628041389,41.60433691388323,0.9753564906313017,2.1508202784848223,2.1758584785391974,0.006340787428515182,0.006350621462220318,2.225893365937051,1.7606180817929182
YachtRide_first5s_f48,YachtRide,576,4.8,391b82e801ea855e659bd9681997bccb6da31409e784ec8eba4efc50ecc2de0e,24a7473f37d01cb0b708420052acb2d3f8d9c7645c5a4261d1123762079c30b6,aeb4cf3ffc7619d7018ba2c7ea1952f52afc122b4b7d9c5be66a5e02a0e9d035,ff037410fd89fb140aa60de2a9cf08e38d81c97735ee8d06261015ed87463448,38.57783334767783,0.9631933658503337,38.59288018045802,0.9633816634297909,40.6490003832469,0.9712234966848344,40.68643660943948,0.9714467819869766,2.0711670355690686,2.093556428981465,0.00803013083450077,0.008065118557185724,2.3037285623399737,1.8193783224957847
YachtRide_first5s_f49,YachtRide,588,4.9,13b98601423aa3abf468ccef56717f66ef2e7b05652af01b9064464977b85cbf,5e31c0de3ec520b7bcbe059814d919a780ba40f4980781eca1eb15ba8acb2360,70a4beda590a2cc2d25af42efe3300661631de000ae60fb09cbbf85dac1d1c60,b53430813d9b6cde7526fa1ae0139b1082f33144b6f2bfdbad66edbd11609ee6,39.517882778640534,0.9687226509504054,39.53997909741456,0.9689189536432523,41.70250047473015,0.9751762232213801,41.75389289468792,0.975418854427053,2.1846176960896173,2.2139137972733636,0.00645357227097465,0.006499900783800694,2.309502435521139,1.8222779440923
