clip,sequence,frame_index,clip_ordinal,sampled,bicubic_y_psnr_db,bicubic_y_ssim,r0_y_psnr_db,r0_y_ssim,qat456_y_psnr_db,qat456_y_ssim,qat_minus_r0_psnr_db,qat_minus_r0_ssim,r0_minus_bicubic_psnr_db,qat_minus_bicubic_psnr_db
Bosphorus_5s,Bosphorus,0,0,True,41.75775045722069,0.9723103062809324,43.34570985952023,0.9757103024896059,43.63902368176777,0.9780959830626309,0.29331382224754066,0.0023856805730250175,1.5879594022995391,1.8812732245470798
Bosphorus_5s,Bosphorus,5,1,False,43.26293998373595,0.9807029150470034,44.953009609823724,0.9824136367488545,45.39089157860515,0.9849147570246997,0.4378819687814257,0.002501120275845148,1.6900696260877766,2.1279515948692023
Bosphorus_5s,Bosphorus,10,2,False,42.93505268998913,0.9802694151456334,44.67153521930227,0.9823176975237422,45.0855490110652,0.9847905332094865,0.4140137917629261,0.0024728356857443012,1.7364825293131432,2.1504963210760693
Bosphorus_5s,Bosphorus,15,3,False,42.70485784308863,0.9787256097134859,44.45080427678,0.9811716200859713,44.84902475680477,0.9836521881060958,0.3982204800247757,0.0024805680201245295,1.7459464336913655,2.144166913716141
Bosphorus_5s,Bosphorus,20,4,False,42.72951373771812,0.9793519056236069,44.44737077198524,0.9816453550890621,44.83827763124651,0.984100508469248,0.3909068592612712,0.0024551533801858705,1.7178570342671193,2.1087638935283906
Bosphorus_5s,Bosphorus,25,5,True,43.08806555652819,0.9804826415298991,44.77159353780931,0.9823750753702484,45.20410519328847,0.9848812571649874,0.4325116554791606,0.0025061817947390486,1.6835279812811166,2.116039636760277
Bosphorus_5s,Bosphorus,30,6,False,43.10653542054445,0.9807698823238209,44.76106998694692,0.9824735431696716,45.1881187659987,0.9849709095239942,0.4270487790517805,0.0024973663543226277,1.654534566402468,2.0815833454542485
Bosphorus_5s,Bosphorus,35,7,False,43.282872782569754,0.9811958968554153,44.91790512841022,0.9827326121414859,45.37056698278352,0.9852562389306081,0.45266185437330364,0.002523626789122213,1.6350323458404645,2.087694200213768
Bosphorus_5s,Bosphorus,40,8,False,42.71344329718892,0.978103580154417,44.365431181701084,0.9805236137070414,44.756210459969665,0.983015207225649,0.3907792782685817,0.0024915935186075044,1.6519878845121667,2.0427671627807484
Bosphorus_5s,Bosphorus,45,9,False,43.101514364279026,0.9805667577571047,44.829981527880236,0.9825264736026311,45.2695262743231,0.9850270871076178,0.4395447464428628,0.0025006135049866485,1.7284671636012092,2.168011910044072
Bosphorus_5s,Bosphorus,50,10,True,42.723070585308136,0.9796880484294771,44.407457520876704,0.9817508112178381,44.80180959188428,0.9842202859289277,0.3943520710075745,0.002469474711089603,1.6843869355685683,2.078739006576143
Bosphorus_5s,Bosphorus,55,11,False,42.721077264707574,0.9792384596655846,44.43051385002762,0.981401373839285,44.82886569683306,0.9838677905926709,0.3983518468054399,0.0024664167533858805,1.7094365853200486,2.1077884321254885
Bosphorus_5s,Bosphorus,60,12,False,42.544359127332534,0.9777053595064044,44.22356539686348,0.9802377383347705,44.59602564940426,0.9826676263597505,0.3724602525407832,0.0024298880249800092,1.679206269530944,2.051666522071727
Bosphorus_5s,Bosphorus,65,13,False,42.86581649211942,0.9788876005396407,44.457555981599924,0.9807758807485722,44.85537274541066,0.9832601610648003,0.39781676381073794,0.002484280316228049,1.5917394894805028,1.9895562532912408
Bosphorus_5s,Bosphorus,70,14,False,42.80799875698155,0.9798596602036518,44.513239626765824,0.98189561122054,44.920349744497834,0.9843827855771005,0.4071101177320102,0.0024871743565604287,1.7052408697842765,2.1123509875162867
Bosphorus_5s,Bosphorus,75,15,False,42.96880069112338,0.9800392114239819,44.66846071030069,0.981964954009228,45.09862682157291,0.9844651301258668,0.4301661112722144,0.002500176116638775,1.6996600191773155,2.12982613044953
Bosphorus_5s,Bosphorus,80,16,True,42.044834395671344,0.9751289465836216,43.62479678162267,0.9779579934696749,43.957012193121045,0.9803987911535442,0.33221541149837464,0.002440797683869289,1.579962385951326,1.9121777974497007
Bosphorus_5s,Bosphorus,85,17,False,42.97580589925899,0.9801883621505801,44.668845710517516,0.9820984728742459,45.099121752168905,0.9845833516667639,0.4302760416513891,0.0024848787925180194,1.6930398112585294,2.1233158529099185
Bosphorus_5s,Bosphorus,90,18,False,43.042438379683375,0.9803597991055154,44.7228031365755,0.9823120084158986,45.15569438496105,0.9848090141218319,0.4328912483855518,0.002497005705933253,1.680364756892125,2.1132560052776768
Bosphorus_5s,Bosphorus,95,19,False,42.830216901776275,0.9788715305455822,44.45617634394963,0.9809075057819017,44.86354553511458,0.9834005198594045,0.4073691911649533,0.0024930140775027976,1.6259594421733539,2.033328633338307
Bosphorus_5s,Bosphorus,100,20,False,42.544409472542725,0.978036875050581,44.171033259927185,0.9802493641182336,44.55435738095695,0.9827384415300862,0.38332412102976576,0.0024890774118525583,1.6266237873844602,2.009947908414226
Bosphorus_5s,Bosphorus,105,21,True,43.026366039340154,0.9801373324874564,44.677888583518914,0.9819391045235885,45.109853309332884,0.9844407508076142,0.4319647258139696,0.002501646284025716,1.6515225441787607,2.0834872699927303
Bosphorus_5s,Bosphorus,110,22,False,42.96584785250745,0.9800267968992865,44.63686931748933,0.9820022142403413,45.0686885147858,0.9845120782793888,0.4318191972964698,0.0025098640390475158,1.6710214649818766,2.1028406622783464
Bosphorus_5s,Bosphorus,115,23,False,43.07367300632805,0.9806891780177442,44.71004328515423,0.9823629478037932,45.1539855775915,0.9848878157315383,0.4439422924372707,0.002524867927745089,1.6363702788261776,2.0803125712634483
Bosphorus_5s,Bosphorus,120,24,False,42.49079640972191,0.9767529437391541,44.065420043166135,0.9792741388265938,44.43465161243503,0.9817361307305756,0.3692315692688979,0.002461991903981886,1.5746236334442258,1.9438552027131237
Bosphorus_5s,Bosphorus,125,25,False,43.11001027224965,0.9802728666794397,44.74520101351729,0.9820299266174233,45.18733600890343,0.9845584252534083,0.44213499538614087,0.0025284986359850325,1.6351907412676354,2.0773257366537763
Bosphorus_5s,Bosphorus,130,26,True,42.9691136121958,0.9797594521232458,44.567920855319166,0.9815042551770153,44.98132156285712,0.9840524783562082,0.4134007075379529,0.002548223179192899,1.5988072431233675,2.0122079506613204
Bosphorus_5s,Bosphorus,135,27,False,42.92381123262252,0.9790251100570957,44.56262408052708,0.981063185746422,44.97349576793842,0.9835831105382313,0.41087168741133695,0.0025199247918092915,1.6388128479045605,2.0496845353158974
Bosphorus_5s,Bosphorus,140,28,False,42.658449132991585,0.9783660210467341,44.315072953431304,0.980587750446372,44.705122304280785,0.9831077591570889,0.39004935084948045,0.0025200087107168923,1.6566238204397195,2.0466731712892
Bosphorus_5s,Bosphorus,145,29,False,42.8806378930843,0.9789658854839796,44.50867802915275,0.9809925648715689,44.914023070766774,0.9835004082574703,0.4053450416140265,0.002507843385901376,1.6280401360684493,2.033385177682476
Bosphorus_5s,Bosphorus,150,30,False,42.84471886220177,0.9792472121646927,44.5308722440291,0.9813674098087792,44.94376327529211,0.9838924735850813,0.4128910312630154,0.0025250637763020167,1.6861533818273244,2.09904441309034
Bosphorus_5s,Bosphorus,155,31,True,43.01958842625933,0.9798158453503102,44.68653567485283,0.9816651473562481,45.113886473220184,0.9841950657368236,0.4273507983673568,0.00252991838057548,1.6669472485934946,2.0942980469608514
Bosphorus_5s,Bosphorus,160,32,False,42.23070641001208,0.9745997471838418,43.766507244707824,0.9772072154944048,44.10546369198288,0.97970550769814,0.33895644727505214,0.0024982922037352084,1.535800834695742,1.874757281970794
Bosphorus_5s,Bosphorus,165,33,False,43.145130371769284,0.9802600086306096,44.812502268612434,0.9819538181722072,45.26354097421904,0.9845355343672311,0.4510387056066065,0.0025817161950238976,1.6673718968431501,2.1184106024497567
Bosphorus_5s,Bosphorus,170,34,False,43.09861491871713,0.9805306474972934,44.78050020044041,0.98221241681099,45.228691651004205,0.9847972441250362,0.4481914505637974,0.0025848273140461897,1.6818852817232752,2.1300767322870726
Bosphorus_5s,Bosphorus,175,35,False,43.200846816801075,0.9801035382402512,44.87927164649765,0.9820113120163115,45.34054388218579,0.9845849401422238,0.461272235688142,0.0025736281259122196,1.6784248296965742,2.1396970653847163
Bosphorus_5s,Bosphorus,180,36,True,43.00430454972471,0.9794937782623818,44.64961457347855,0.98143956465748,45.085973609875644,0.9840004931143236,0.43635903639709284,0.0025609284568436363,1.6453100237538436,2.0816690601509364
Bosphorus_5s,Bosphorus,185,37,False,43.09353624174562,0.9799320873102192,44.785285000654895,0.9818065930955253,45.235663548899446,0.9843598842321357,0.4503785482445508,0.0025532911366104027,1.6917487589092772,2.142127307153828
Bosphorus_5s,Bosphorus,190,38,False,42.99491218967492,0.9797770061117637,44.69639036041517,0.9817081844621766,45.1267807973953,0.9842293203216229,0.4303904369801259,0.002521135859446355,1.701478170740252,2.131868607720378
Bosphorus_5s,Bosphorus,195,39,False,43.23806283914888,0.9806614981658034,44.95523108112507,0.9824044432624335,45.42001723144522,0.9849612643317888,0.46478615032015114,0.002556821069355286,1.7171682419761893,2.1819543922963405
Bosphorus_5s,Bosphorus,200,40,False,42.57195204641506,0.977406205851246,44.24990479030718,0.9799015925188881,44.63445267337529,0.9823811231308305,0.38454788306811594,0.002479530611942393,1.6779527438921136,2.0625006269602295
Bosphorus_5s,Bosphorus,205,41,True,43.26181974622124,0.9811597261968356,45.009647342571135,0.9828845965741312,45.47874178824444,0.9854121666490699,0.4690944456733064,0.0025275700749387564,1.747827596349893,2.2169220420231994
Bosphorus_5s,Bosphorus,210,42,False,43.07700401801049,0.9805562646136159,44.79955426588362,0.9823444598906856,45.24446320652781,0.9848800665433212,0.44490894064418995,0.0025356066526355248,1.72255024787313,2.16745918851732
Bosphorus_5s,Bosphorus,215,43,False,43.34457528451449,0.9809775291170917,45.03268317274841,0.9826448602267333,45.503309528791966,0.9851697691975688,0.4706263560435531,0.002524908970835571,1.6881078882339224,2.1587342442774755
Bosphorus_5s,Bosphorus,220,44,False,43.2645196504324,0.980741650194675,44.926249492852165,0.9824197562419005,45.38127999101971,0.9849393630484446,0.45503049816754526,0.0025196068065441724,1.661729842419767,2.1167603405873123
Bosphorus_5s,Bosphorus,225,45,False,43.677658168566566,0.9814328456650631,45.23619556293696,0.98270911471781,45.729249064953805,0.9852884138400826,0.49305350201684206,0.002579299122272616,1.558537394370397,2.051590896387239
Bosphorus_5s,Bosphorus,230,46,False,43.57908216204515,0.9818946516639256,45.2342818680132,0.9833191805537883,45.73565451703623,0.9859257553788096,0.5013726490230326,0.002606574825021246,1.6551997059680517,2.1565723549910842
Bosphorus_5s,Bosphorus,235,47,True,43.517585475586664,0.9817422697482832,45.18196058582103,0.9831632757486367,45.684564015876646,0.9857819406444316,0.5026034300556148,0.0026186648957948755,1.6643751102343671,2.166978540289982
Bosphorus_5s,Bosphorus,240,48,False,42.846421601400365,0.9783847249064784,44.44136622759943,0.9804991758292528,44.85617814273355,0.9830764937105637,0.4148119151341163,0.002577317881310881,1.5949446261990659,2.009756541333182
Bosphorus_5s,Bosphorus,245,49,False,43.535847801478326,0.9815572041472558,45.1615974903757,0.9829616325673853,45.657424715543485,0.9855829060637935,0.4958272251677869,0.002621273496408172,1.625749688897372,2.121576914065159
Bosphorus_5s,Bosphorus,250,50,False,43.502709224702315,0.9815124771220506,45.11216521964165,0.9829325913374117,45.598887478234566,0.985541203251412,0.48672225859291274,0.002608611914000303,1.6094559949393386,2.0961782535322513
Bosphorus_5s,Bosphorus,255,51,False,43.52756763970782,0.9806815401229569,45.07381829629008,0.9821096662984844,45.549004670918414,0.9847312646336047,0.47518637462833624,0.002621598335120323,1.5462506565822594,2.0214370312105956
Bosphorus_5s,Bosphorus,260,52,True,43.47860146175403,0.9808433115342929,45.048314685890844,0.9823541146432522,45.5212916874151,0.984983160636255,0.4729770015242565,0.002629045993002843,1.5697132241368124,2.042690225661069
Bosphorus_5s,Bosphorus,265,53,False,43.79176822289114,0.9819169438097565,45.333897423542524,0.9831330990624403,45.84987606809445,0.9857906861081496,0.5159786445519288,0.0026575870457092865,1.542129200651381,2.0581078452033097
Bosphorus_5s,Bosphorus,270,54,False,43.709835531459646,0.9821116251187054,45.3009750556145,0.983393138580861,45.816957638179225,0.9860492547103031,0.5159825825647246,0.0026561161294421654,1.5911395241548547,2.1071221067195793
Bosphorus_5s,Bosphorus,275,55,False,43.90400038114337,0.9825855650480168,45.451870056180354,0.9836540085877146,45.97783353987245,0.9862933996470589,0.5259634836920952,0.002639391059344298,1.547869675036985,2.07383315872908
Bosphorus_5s,Bosphorus,280,56,False,43.18835380521037,0.9791844717141496,44.71755869582371,0.9810520602949837,45.14950385449761,0.9836206170043659,0.4319451586738978,0.0025685567093821637,1.529204890613343,1.961150049287241
Bosphorus_5s,Bosphorus,285,57,True,43.86608651713645,0.9821551121523266,45.39865080486357,0.9832799511568943,45.916484738784355,0.9859208645050809,0.5178339339207838,0.002640913348186613,1.5325642877271193,2.050398221647903
Bosphorus_5s,Bosphorus,290,58,False,43.61521134468838,0.9812451474786608,45.16741170990035,0.9825479174244653,45.64252436141775,0.9851702660433443,0.47511265151739934,0.002622348618879,1.5522003652119665,2.027313016729366
Bosphorus_5s,Bosphorus,295,59,False,43.77688945764972,0.9816296182918381,45.323541134665874,0.9829038146256521,45.818479576700106,0.9855295053783202,0.49493844203423265,0.002625690752668053,1.5466516770161505,2.041590119050383
Bosphorus_5s,Bosphorus,300,60,False,43.65360492244846,0.9815661699292431,45.25416969547394,0.9829944781363988,45.74876838054219,0.9856186312933127,0.49459868506824733,0.0026241531569138887,1.6005647730254822,2.0951634580937295
Bosphorus_5s,Bosphorus,305,61,False,43.911812956674495,0.9822831477352694,45.490140876379456,0.9835068006519282,46.00334519704447,0.9861140116693918,0.513204320665011,0.00260721101746364,1.578327919704961,2.091532240369972
Bosphorus_5s,Bosphorus,310,62,True,43.79666196448462,0.982214010627599,45.37847207618394,0.9834200375840775,45.88546417364049,0.9860487058738092,0.5069920974565534,0.0026286682897317393,1.581810111699319,2.0888022091558724
Bosphorus_5s,Bosphorus,315,63,False,43.872188030091266,0.9821324616854665,45.41556181033192,0.983273380310142,45.919181441344826,0.9858908016305936,0.5036196310129029,0.0026174213204516183,1.5433737802406569,2.0469934112535597
Bosphorus_5s,Bosphorus,320,64,False,43.07805358188999,0.9772784598926881,44.52182684449254,0.9791635811874694,44.91103329131951,0.9817026150272758,0.38920644682697514,0.0025390338398064705,1.443773262602548,1.832979709429523
Bosphorus_5s,Bosphorus,325,65,False,43.992650561312026,0.9826193961603356,45.564737557661715,0.9836183613169824,46.08529226130413,0.9862567941369387,0.5205547036424178,0.002638432819956238,1.5720869963496895,2.0926416999921074
Bosphorus_5s,Bosphorus,330,66,False,43.64764892537195,0.9816879429974571,45.25356446923276,0.9829320763618622,45.73565939958921,0.9855645494462693,0.48209493035645323,0.002632473084407061,1.605915543860803,2.0880104742172563
Bosphorus_5s,Bosphorus,335,67,True,43.732736678254895,0.9817227549367964,45.2863710118214,0.9828508929768991,45.770086598939194,0.9854649330538063,0.4837155871177927,0.0026140400769072425,1.5536343335665066,2.0373499206842993
Bosphorus_5s,Bosphorus,340,68,False,43.676615067498055,0.9816399382039507,45.24200653644619,0.9828980954012818,45.719484052051236,0.9855106693590076,0.47747751560504526,0.002612573957725739,1.5653914689481354,2.0428689845531807
Bosphorus_5s,Bosphorus,345,69,False,43.93807196477312,0.9824344678254904,45.500564426975046,0.9835148109903774,46.00848408322488,0.986137634326981,0.5079196562498325,0.0026228233366035747,1.5624924622019236,2.070412118451756
Bosphorus_5s,Bosphorus,350,70,False,43.78255036344641,0.9818880641607478,45.30656571412011,0.9829309646678835,45.79103521235203,0.9855517044649236,0.4844694982319169,0.002620739797040028,1.5240153506737002,2.008484848905617
Bosphorus_5s,Bosphorus,355,71,False,44.038799516905115,0.9826827741516161,45.56083321107999,0.9834780192650939,46.086790123366164,0.9861689487286681,0.5259569122861762,0.0026909294635741876,1.5220336941748727,2.047990606461049
Bosphorus_5s,Bosphorus,360,72,True,43.63928279825274,0.9809900225020308,45.161535727156135,0.9822655321506851,45.64453557589304,0.9849464946806574,0.4829998487369025,0.0026809625299722972,1.5222529289033986,2.005252777640301
Bosphorus_5s,Bosphorus,365,73,False,44.2721033654972,0.9836059480613263,45.775210351818316,0.9842210697401813,46.33595730609191,0.9869417061541338,0.560746954273597,0.002720636413952482,1.5031069863211144,2.0638539405947114
Bosphorus_5s,Bosphorus,370,74,False,44.03176793711225,0.9830722106783651,45.551781449753214,0.9838688403637269,46.0870286777987,0.9865639117503818,0.5352472280454847,0.0026950713866549236,1.5200135126409648,2.0552607406864496
Bosphorus_5s,Bosphorus,375,75,False,44.15226916128853,0.9830452382291096,45.636274690671605,0.9838016108289726,46.18329612135249,0.9865120821807526,0.5470214306808856,0.0027104713517800416,1.4840055293830758,2.0310269600639614
Bosphorus_5s,Bosphorus,380,76,False,43.73480753837099,0.9817040338163685,45.235540890286394,0.9827012429894209,45.724584637876966,0.9853719772393122,0.48904374759057134,0.0026707342498913933,1.5007333519154074,1.9897770995059787
Bosphorus_5s,Bosphorus,385,77,False,43.984640566294075,0.9819642033924868,45.42320028520814,0.9827239088830769,45.94108973732334,0.985457972521693,0.5178894521151989,0.0027340636386160577,1.438559718914064,1.9564491710292629
Bosphorus_5s,Bosphorus,390,78,True,43.83456720834008,0.9822025797252919,45.34102564664199,0.9830987271840135,45.85042154320277,0.9858162721834346,0.5093958965607825,0.0027175449994211176,1.5064584383019053,2.015854334862688
Bosphorus_5s,Bosphorus,395,79,False,44.087937046364765,0.9831605124388973,45.58145821316074,0.9838033585814709,46.11577507795404,0.9865078277508433,0.5343168647933041,0.002704469169372392,1.493521166795972,2.027838031589276
Bosphorus_5s,Bosphorus,400,80,False,43.5465623732819,0.980773131923252,45.035777133402505,0.9820311834560801,45.48939632549597,0.984653359505056,0.4536191920934627,0.002622176048975855,1.4892147601206034,1.942833952214066
Bosphorus_5s,Bosphorus,405,81,False,44.22813115663427,0.9838365916115803,45.719241750665844,0.9843318791876846,46.25614343007,0.9869700430784955,0.5369016794041528,0.0026381638908108407,1.491110594031575,2.0280122734357278
Bosphorus_5s,Bosphorus,410,82,False,44.14735775456805,0.9834420987832082,45.66230886604985,0.9841218378301477,46.18335261637601,0.9867453795731317,0.5210437503261645,0.002623541742983959,1.5149511114817997,2.035994861807964
Bosphorus_5s,Bosphorus,415,83,True,44.05069937518961,0.9822165469096282,45.479016196744354,0.9829599520859732,45.97046250870507,0.9855587702830718,0.49144631196071487,0.002598818197098618,1.4283168215547448,1.9197631335154597
Bosphorus_5s,Bosphorus,420,84,False,43.71158241942762,0.9816545332754051,45.23325860347627,0.9826595379669293,45.70051907682681,0.9852755997708859,0.4672604733505352,0.002616061803956571,1.5216761840486512,1.9889366573991865
Bosphorus_5s,Bosphorus,425,85,False,44.095208945675246,0.9830790899728801,45.63209664735726,0.983842655135244,46.14816596488144,0.9864813218267048,0.5160693175241846,0.0026386666914607337,1.5368877016820122,2.0529570192061968
Bosphorus_5s,Bosphorus,430,86,False,43.87524518545341,0.9826838016905143,45.47334975741418,0.9836480815491937,45.97217132938166,0.9862686492133008,0.49882157196748267,0.0026205676641071207,1.5981045719607678,2.0969261439282505
Bosphorus_5s,Bosphorus,435,87,False,44.124580643175584,0.9835907375032501,45.71757245785839,0.9843022487478189,46.24691475680929,0.9869311570970933,0.5293422989509011,0.002628908349274428,1.5929918146828044,2.1223341136337055
Bosphorus_5s,Bosphorus,440,88,True,43.58660215879872,0.9811333479767131,45.15167451172239,0.982443021509849,45.6041002324832,0.9849982292942137,0.45242572076080734,0.002555207784364688,1.5650723529236714,2.0174980736844788
Bosphorus_5s,Bosphorus,445,89,False,43.90004076569121,0.9824032176287244,45.438892421409165,0.9832373012548169,45.93657451462238,0.9858736904124952,0.4976820932132142,0.002636389157678276,1.5388516557179557,2.03653374893117
Bosphorus_5s,Bosphorus,450,90,False,43.81423806614916,0.9821071646957222,45.34802352330691,0.982991607202204,45.833882250478865,0.985614191096534,0.48585872717195855,0.0026225838943300106,1.533785457157748,2.0196441843297066
Bosphorus_5s,Bosphorus,455,91,False,44.11471371231593,0.9834951670132195,45.6961006864989,0.9841785886603486,46.22578087205109,0.9868034335528929,0.5296801855521878,0.0026248448925443313,1.5813869741829691,2.111067159735157
Bosphorus_5s,Bosphorus,460,92,False,43.88971578734136,0.9828026754300346,45.49897940268882,0.9837914558081616,46.00406350906564,0.9863953608280109,0.5050841063768203,0.0026039050198493063,1.6092636153474587,2.114347721724279
Bosphorus_5s,Bosphorus,465,93,True,44.02122552024232,0.9830688968409554,45.612179662434194,0.983922793977151,46.13513537329767,0.9865497882411236,0.5229557108634779,0.002626994263972615,1.590954142191876,2.113909853055354
Bosphorus_5s,Bosphorus,470,94,False,43.74530036916394,0.9824243532047072,45.36616786499793,0.9834103855216325,45.86054703750782,0.9860271076806891,0.4943791725098947,0.002616722159056617,1.6208674958339842,2.115246668343879
Bosphorus_5s,Bosphorus,475,95,False,43.84640595700645,0.9829039331052983,45.476085466975114,0.9837477683869278,45.98366694745853,0.9863653490418851,0.5075814804834167,0.002617580654957319,1.6296795099686605,2.137260990452077
Bosphorus_5s,Bosphorus,480,96,False,43.045646462886076,0.9778680411386987,44.545441165355804,0.9795496581752989,44.92816084647201,0.9820240323650733,0.3827196811162068,0.0024743741897743643,1.4997947024697282,1.882514383585935
Bosphorus_5s,Bosphorus,485,97,False,44.15302898939234,0.983732054236696,45.72438070635723,0.9842834918345086,46.25804589797414,0.9869058394596408,0.5336651916169117,0.0026223476251322486,1.571351716964891,2.1050169085818027
Bosphorus_5s,Bosphorus,490,98,True,43.85332491420327,0.9829782862665384,45.48000495898908,0.9837879021524922,45.97804488707662,0.9863898046139274,0.49803992808754316,0.0026019024614352126,1.6266800447858074,2.1247199728733506
Bosphorus_5s,Bosphorus,495,99,False,43.930941655515774,0.9829697539012158,45.55232555082297,0.9837891681793669,46.06165204591936,0.9863675315189401,0.5093264950963885,0.0025783633395731753,1.621383895307197,2.1307103904035856
Bosphorus_5s,Bosphorus,500,100,False,43.67792701048421,0.982100771399721,45.26610051502466,0.9830833431332444,45.74134855527212,0.9856554561631597,0.4752480402474575,0.002572113029915335,1.5881735045404497,2.063421544787907
Bosphorus_5s,Bosphorus,505,101,False,43.90691838580375,0.9830082486101335,45.5348885981683,0.9838205905263593,46.04110565564951,0.9864017185653362,0.5062170574812086,0.002581128038976921,1.627970212364552,2.1341872698457607
Bosphorus_5s,Bosphorus,510,102,False,43.698725130033466,0.9824743218657668,45.34973084940266,0.9833833147796323,45.83353703729201,0.9859699128553676,0.4838061878893498,0.002586598075735358,1.651005719369195,2.1348119072585447
Bosphorus_5s,Bosphorus,515,103,True,44.04251722670889,0.9833254828811362,45.64188313160698,0.9839574668616529,46.16392450990536,0.9865755041067048,0.5220413782983755,0.0026180372450519407,1.599365904898093,2.1214072831964685
Bosphorus_5s,Bosphorus,520,104,False,43.69482349125805,0.9818267771720648,45.27334209450753,0.9829043527272653,45.7449406729945,0.9854831884307799,0.47159857848697584,0.0025788357035145815,1.5785186032494778,2.0501171817364536
Bosphorus_5s,Bosphorus,525,105,False,44.29487127156808,0.9841526047560738,45.85964294587684,0.9846802347408368,46.41052348058978,0.9872830669419085,0.5508805347129382,0.002602832201071714,1.5647716743087656,2.115652209021704
Bosphorus_5s,Bosphorus,530,106,False,44.1827920672813,0.9839232513337651,45.74325260982539,0.9845104462671116,46.273113018559826,0.9870994757044786,0.5298604087344359,0.002589029437367052,1.5604605425440923,2.090320951278528
Bosphorus_5s,Bosphorus,535,107,False,44.32654756987361,0.9839620724091777,45.81355774974231,0.9844321676461323,46.35406518779773,0.9870165588720832,0.5405074380554211,0.0025843912259508883,1.4870101798686974,2.0275176179241186
Bosphorus_5s,Bosphorus,540,108,False,44.2117641467666,0.9833368814627517,45.670332382017435,0.9839289970455518,46.18606287257777,0.9864842195258837,0.5157304905603368,0.002555222480331909,1.4585682352508371,1.974298725811174
Bosphorus_5s,Bosphorus,545,109,True,44.34101290096077,0.9834276532972139,45.76130061718929,0.9838576554749368,46.28148086962827,0.9863920380403495,0.5201802524389763,0.0025343825654127183,1.420287716228522,1.9404679686674982
Bosphorus_5s,Bosphorus,550,110,False,44.323199850648535,0.9840746206957043,45.81753413325742,0.9845444837604169,46.34828062091985,0.9870980220292727,0.5307464876624337,0.0025535382688557373,1.4943342826088823,2.025080770271316
Bosphorus_5s,Bosphorus,555,111,False,44.53990500928934,0.9847551059499289,46.03257100581965,0.9851093674523206,46.599147160578866,0.9876594366423764,0.5665761547592183,0.002550069190055848,1.492665996530306,2.0592421512895243
Bosphorus_5s,Bosphorus,560,112,False,43.98051286459904,0.9825396664359419,45.50570152105421,0.9835494929344024,45.99374687017706,0.9860288679489143,0.48804534912284936,0.0024793750145118976,1.525188656455171,2.0132340055780205
Bosphorus_5s,Bosphorus,565,113,False,44.54048827193719,0.9847770982132329,46.048130352112544,0.9851750104366848,46.614971652767835,0.9876987220344153,0.566841300655291,0.0025237115977305713,1.5076420801753514,2.0744833808306424
Bosphorus_5s,Bosphorus,570,114,True,44.34883727923125,0.9842336987699052,45.85427753981962,0.9847377387157761,46.38937978366411,0.9872344488521733,0.5351022438444915,0.0024967101363971844,1.5054402605883723,2.040542504432864
Bosphorus_5s,Bosphorus,575,115,False,44.307764653060545,0.9835073529804449,45.77190205745752,0.984052128263499,46.29153037088816,0.9865280623654235,0.5196283134306441,0.002475934101924482,1.464137404396972,1.983765717827616
Bosphorus_5s,Bosphorus,580,116,False,44.23083079459943,0.9836518748655637,45.72079429459094,0.9842228425629305,46.240027776886976,0.9866931092751269,0.5192334822960376,0.0024702667121964117,1.4899634999915108,2.0091969822875484
Bosphorus_5s,Bosphorus,585,117,False,44.53560930802932,0.9847212299829545,46.006004486975314,0.9850682622446332,46.564937065008124,0.9875706020352982,0.5589325780328096,0.0025023397906650535,1.4703951789459921,2.0293277569788017
Bosphorus_5s,Bosphorus,590,118,False,44.456668907713805,0.9845814870364122,45.97291383204894,0.9850332818630424,46.53023247984048,0.9875432708456309,0.55731864779154,0.0025099889825884736,1.5162449243351332,2.073563572126673
Bosphorus_5s,Bosphorus,595,119,True,44.55793495554779,0.984526280672858,46.04577845622207,0.9849419499264376,46.61284053456023,0.9874488126067353,0.5670620783381608,0.002506862680297761,1.4878435006742734,2.054905579012434
CityAlley_0_5s,CityAlley,0,0,True,34.232291572429276,0.8811072347011335,34.95382452713792,0.88627617829285,34.972227675665316,0.8865699172259919,0.01840314852739766,0.00029373893314188493,0.7215329547086426,0.7399361032360403
CityAlley_0_5s,CityAlley,2,1,False,34.232354261262905,0.8810633956485802,34.95367328120044,0.8861945323394329,34.97192805097937,0.8864788129412093,0.018254769778934588,0.0002842806017764321,0.7213190199375319,0.7395737897164665
CityAlley_0_5s,CityAlley,4,2,False,34.24087958041455,0.881133340366834,34.96274250855696,0.8862960074350971,34.98187741604922,0.8866057111982178,0.01913490749226554,0.0003097037631207833,0.7218629281424072,0.7409978356346727
CityAlley_0_5s,CityAlley,6,3,False,34.24874905756531,0.8811841416700256,34.96993903754314,0.8863137734138655,34.988744344702525,0.8866241184027581,0.018805307159382778,0.0003103449888925969,0.7211899799778294,0.7399952871372122
CityAlley_0_5s,CityAlley,8,4,False,34.250532858228766,0.8812412172735712,34.970022669891506,0.8863357431464366,34.98825541090189,0.8866259002648553,0.018232741010386633,0.0002901571184187324,0.71948981166274,0.7377225526731266
CityAlley_0_5s,CityAlley,10,5,True,34.24473391805721,0.8811727136533264,34.96604727168478,0.8863109819075704,34.98378466998347,0.8866059722965361,0.017737398298692142,0.0002949903889657435,0.721313353627572,0.7390507519262641
CityAlley_0_5s,CityAlley,12,6,False,34.23113820757128,0.8810926073507105,34.95530112119247,0.8862712008340047,34.97236559289858,0.8865556962202589,0.017064471706113693,0.000284495386254191,0.7241629136211927,0.7412273853273064
CityAlley_0_5s,CityAlley,14,7,False,34.220592819016716,0.8810537422300662,34.94559504239414,0.8862260131276767,34.96377862055295,0.8865354951239891,0.018183578158811997,0.0003094819963124218,0.7250022233774231,0.7431858015362351
CityAlley_0_5s,CityAlley,16,8,False,34.22360176257473,0.8810530063324918,34.95009637473052,0.8862307308608106,34.96867395255344,0.8865378124256826,0.018577577822917135,0.00030708156487202487,0.7264946121557898,0.745072189978707
CityAlley_0_5s,CityAlley,18,9,False,34.24224689687958,0.8812199367141803,34.966844877524764,0.8863857422938674,34.9854747765052,0.8866927514618577,0.018629898980435655,0.0003070091679903131,0.7245979806451857,0.7432278796256213
CityAlley_0_5s,CityAlley,20,10,False,34.248146184873406,0.8812802707941293,34.96882623334492,0.8863925754626686,34.98770452065871,0.8866957629587848,0.0188782873137896,0.00030318749611624174,0.7206800484715146,0.7395583357853042
CityAlley_0_5s,CityAlley,22,11,True,34.24681168637377,0.8812810546624495,34.967958427091745,0.8864285942377546,34.98606048614672,0.8867259837364608,0.018102059054974973,0.00029738949870627973,0.7211467407179768,0.7392487997729518
CityAlley_0_5s,CityAlley,24,12,False,34.23256370551892,0.8811398717098763,34.95668573437766,0.8863179874802223,34.97459383956477,0.8866124710756225,0.017908105187110834,0.00029448359540018565,0.7241220288587371,0.7420301340458479
CityAlley_0_5s,CityAlley,26,13,False,34.22653026636044,0.8812115775614067,34.95079678810364,0.8863826152267978,34.968920126295785,0.8866762513278611,0.018123338192147287,0.0002936361010632549,0.7242665217431963,0.7423898599353436
CityAlley_0_5s,CityAlley,28,14,False,34.247176984180534,0.8813586561512093,34.971544553353006,0.886465444531594,34.990868672690915,0.8867844080819177,0.01932411933790945,0.00031896355032368096,0.7243675691724718,0.7436916885103813
CityAlley_0_5s,CityAlley,30,15,False,34.25284588497999,0.8813789458812397,34.97505777573146,0.8864824182929962,34.99363462897889,0.8867841782656162,0.018576853247431302,0.0003017599726199416,0.722211890751467,0.7407887439988983
CityAlley_0_5s,CityAlley,32,16,True,34.242958101899816,0.8812939571902134,34.96716363362499,0.8864145470191792,34.98461164646316,0.8867083547736088,0.017448012838165994,0.00029380775442955365,0.7242055317251754,0.7416535445633414
CityAlley_0_5s,CityAlley,34,17,False,34.23857406214671,0.8813394666173664,34.96516767734589,0.8864686269026892,34.983086820144635,0.8867550092000527,0.01791914279874618,0.0002863822973634411,0.7265936151991781,0.7445127579979243
CityAlley_0_5s,CityAlley,36,18,False,34.26261371373871,0.8815107970113883,34.985586155650296,0.8866309381837685,35.00375864155359,0.8869128849971533,0.018172485903292568,0.00028194681338478134,0.7229724419115868,0.7411449278148794
CityAlley_0_5s,CityAlley,38,19,False,34.24442134167154,0.8814005615769476,34.97059885329926,0.8865261384595263,34.98899214699056,0.8868396234179036,0.018393293691303825,0.00031348495837724144,0.7261775116277178,0.7445708053190216
CityAlley_0_5s,CityAlley,40,20,False,34.25523703118252,0.8815841423250582,34.980874910480274,0.8866957169268765,34.99960439981716,0.8870119445347543,0.018729489336884342,0.0003162276078777504,0.7256378792977571,0.7443673686346415
CityAlley_0_5s,CityAlley,42,21,False,34.256289431173066,0.8815981115490735,34.982550594128234,0.886713964902449,35.00060920325608,0.8870240896761515,0.018058609127848513,0.0003101247737025137,0.7262611629551685,0.744319772083017
CityAlley_0_5s,CityAlley,44,22,True,34.24991519414377,0.881689726665578,34.97559574146743,0.8867793357960198,34.995400704639636,0.8871040190134114,0.019804963172205703,0.0003246832173916525,0.7256805473236625,0.7454855104958682
CityAlley_0_5s,CityAlley,46,23,False,34.25840507325062,0.8818200727075672,34.98678578071437,0.8869314104835347,35.00482869963815,0.887228297901722,0.018042918923782736,0.0002968874181872305,0.7283807074637494,0.7464236263875321
CityAlley_0_5s,CityAlley,48,24,False,34.261858856738925,0.8818452552935346,34.985815855272094,0.886894690695037,35.00509400508162,0.887208039693637,0.019278149809522915,0.0003133489986000271,0.7239569985331684,0.7432351483426913
CityAlley_0_5s,CityAlley,50,25,False,34.239105814920215,0.8817707615232241,34.969049395477434,0.8868875346209014,34.98705594493171,0.8871969454507762,0.018006549454277376,0.00030941082987478996,0.7299435805572188,0.7479501300114961
CityAlley_0_5s,CityAlley,52,26,False,34.260431707859965,0.8819188865318806,34.98564017736163,0.8870077233154232,35.00395542354475,0.8873074100291599,0.018315246183121303,0.0002996867137367021,0.7252084695016663,0.7435237156847876
CityAlley_0_5s,CityAlley,54,27,True,34.23823981504626,0.8818337422829706,34.968776282406125,0.8869241559331136,34.98754744085669,0.8872463363255859,0.018771158450562098,0.00032218039247233765,0.7305364673598618,0.7493076258104239
CityAlley_0_5s,CityAlley,56,28,False,34.25159417969556,0.8818630525775715,34.97888635941584,0.8869638229401015,34.99682442045055,0.8872694876272418,0.017938061034712405,0.0003056646871403279,0.7272921797202798,0.7452302407549922
CityAlley_0_5s,CityAlley,58,29,False,34.23573929046236,0.8817861840870894,34.962200360996405,0.8868473115970281,34.98164497462078,0.8871789776507748,0.019444613624372664,0.000331666053746682,0.7264610705340431,0.7459056841584157
CityAlley_0_5s,CityAlley,60,30,False,34.24145661096054,0.8818788278608699,34.96891342506994,0.8869239307202887,34.98650782626878,0.8872201830928685,0.01759440119883493,0.0002962523725797972,0.7274568141094022,0.7450512153082371
CityAlley_0_5s,CityAlley,62,31,False,34.238877980849495,0.8818996109990392,34.96466432161378,0.8869616224206954,34.98396040118045,0.8872757060522195,0.019296079566665014,0.0003140836315240758,0.7257863407642873,0.7450824203309523
CityAlley_0_5s,CityAlley,64,32,True,34.22875235185666,0.8820210515055383,34.96025245221511,0.8870950466447393,34.97882662799352,0.8874060441773858,0.018574175778411472,0.00031099753264651753,0.7315001003584456,0.7500742761368571
CityAlley_0_5s,CityAlley,66,33,False,34.24790169254134,0.8820744798072099,34.9752196041449,0.8871197440769034,34.993329382664655,0.8874354509858453,0.018109778519757924,0.0003157069089418929,0.7273179116035564,0.7454276901233143
CityAlley_0_5s,CityAlley,68,34,False,34.22747052517014,0.8820087973828787,34.95570991051294,0.887039479342544,34.97553095766274,0.8873752869547427,0.01982104714980437,0.0003358076121986464,0.7282393853427962,0.7480604324926006
CityAlley_0_5s,CityAlley,70,35,False,34.221750018984594,0.8819259516145065,34.95307179046292,0.8870057759304844,34.97125818072239,0.8873165844430972,0.018186390259465668,0.00031080851261289233,0.7313217714783278,0.7495081617377934
CityAlley_0_5s,CityAlley,72,36,False,34.23842120283973,0.8820966610230796,34.96597879617048,0.8871244589555562,34.98589858708555,0.8874618260956678,0.019919790915068347,0.0003373671401115663,0.7275575933307508,0.7474773842458191
CityAlley_0_5s,CityAlley,74,37,False,34.22364650919062,0.8819997689025014,34.958401455416876,0.8871005743657777,34.97744477991897,0.8874039124412946,0.019043324502092673,0.0003033380755168569,0.7347549462262535,0.7537982707283462
CityAlley_0_5s,CityAlley,76,38,True,34.240708039146284,0.8821209241196658,34.972285985349416,0.8871958257197097,34.99113960519074,0.8875174818401462,0.018853619841323166,0.0003216561204365531,0.7315779462031315,0.7504315660444547
CityAlley_0_5s,CityAlley,78,39,False,34.22114838465772,0.8819546903043278,34.951576185194426,0.8870092479039019,34.97041345308539,0.8873178880735538,0.018837267890965848,0.0003086401696519303,0.7304278005367095,0.7492650684276754
CityAlley_0_5s,CityAlley,80,40,False,34.227668801095604,0.8819776962776521,34.960786672304984,0.8870740378305255,34.97980737837487,0.887393881812628,0.01902070606988815,0.00031984398210249676,0.7331178712093802,0.7521385772792684
CityAlley_0_5s,CityAlley,82,41,False,34.24175387347672,0.8821770231339169,34.97311622816692,0.887225259642785,34.99197965736656,0.8875256436076377,0.018863429199633686,0.0003003839648527684,0.731362354690205,0.7502257838898387
CityAlley_0_5s,CityAlley,84,42,False,34.2269596856126,0.8821882852059209,34.96417326230118,0.8872160356160913,34.98279655502503,0.8875457152163824,0.018623292723852103,0.00032967960029106624,0.7372135766885819,0.755836869412434
CityAlley_0_5s,CityAlley,86,43,True,34.238418435813756,0.8822466329348078,34.977294656784025,0.8873079656433164,34.995616846927724,0.8876174034691999,0.0183221901436994,0.00030943782588355173,0.7388762209702691,0.7571984111139685
CityAlley_0_5s,CityAlley,88,44,False,34.2451498771843,0.8824278397517988,34.97951774258533,0.8874259033784433,34.998308628037485,0.8877517865738177,0.018790885452155237,0.00032588319537441013,0.7343678654010262,0.7531587508531814
CityAlley_0_5s,CityAlley,90,45,False,34.22215251882632,0.8822422980182942,34.95906516023191,0.887274761635075,34.97859599037919,0.8875927271448578,0.019530830147282074,0.0003179655097828027,0.7369126414055884,0.7564434715528705
CityAlley_0_5s,CityAlley,92,46,False,34.23017590164883,0.8823437860248363,34.97158406862839,0.887397850001984,34.989585861088834,0.8877064695517005,0.018001792460445643,0.0003086195497165045,0.7414081669795607,0.7594099594400063
CityAlley_0_5s,CityAlley,94,47,False,34.234260550441874,0.8823352193263142,34.97209383256036,0.8873833299844311,34.99095255481533,0.8877103784471272,0.01885872225496854,0.0003270484626960446,0.737833282118487,0.7566920043734555
CityAlley_0_5s,CityAlley,96,48,False,34.21576423951005,0.8822337239585868,34.9526784364665,0.8872898257579531,34.9728107565388,0.8876199448408719,0.020132320072299592,0.00033011908291880054,0.7369141969564481,0.7570465170287477
CityAlley_0_5s,CityAlley,98,49,True,34.20384325923535,0.8821442047074788,34.944826943007236,0.8872322092209901,34.964348636078235,0.8875646454343348,0.019521693070998936,0.0003324362133446668,0.7409836837718871,0.760505376842886
CityAlley_0_5s,CityAlley,100,50,False,34.22594967574235,0.8823175390686104,34.96285616687648,0.8873668982589962,34.98269571604372,0.8877013624745774,0.019839549167244286,0.00033446421558125383,0.7369064911341283,0.7567460403013726
CityAlley_0_5s,CityAlley,102,51,False,34.20688184280534,0.882228831471253,34.94477393529702,0.8872647837810669,34.96546499587722,0.8876181626780286,0.020691060580197984,0.0003533788969617424,0.7378920924916841,0.7585831530718821
CityAlley_0_5s,CityAlley,104,52,False,34.219242675668895,0.8825318036654809,34.96236533749753,0.887570905921975,34.98188613829622,0.8879044498223135,0.019520800798687787,0.0003335439003385732,0.743122661828636,0.7626434626273237
CityAlley_0_5s,CityAlley,106,53,False,34.22386180351885,0.8823754259147805,34.961106439329555,0.8874246371098836,34.98031031260891,0.8877526150041893,0.019203873279352024,0.0003279778943057199,0.7372446358107041,0.7564485090900561
CityAlley_0_5s,CityAlley,108,54,True,34.20937477839331,0.882267666705575,34.948751564621176,0.8873211630360505,34.96828337699038,0.8876535566038976,0.019531812369201873,0.00033239356784708907,0.7393767862278651,0.7589085985970669
CityAlley_0_5s,CityAlley,110,55,False,34.20240753903574,0.8823315255604132,34.94501018577647,0.8873891255978161,34.964045211213495,0.887717811566968,0.019035025437027286,0.0003286859691519206,0.7426026467407283,0.7616376721777556
CityAlley_0_5s,CityAlley,112,56,False,34.221115893608236,0.8823924601126414,34.96092471175637,0.8874653304222377,34.98020742854814,0.8878000900440125,0.019282716791771293,0.0003347596217747606,0.7398088181481342,0.7590915349399054
CityAlley_0_5s,CityAlley,114,57,False,34.19068032742197,0.8822387023107897,34.92824621202337,0.8872621524703852,34.94883891434331,0.887587211448801,0.020592702319945033,0.00032505897841583753,0.7375658846013948,0.7581585869213399
CityAlley_0_5s,CityAlley,116,58,False,34.183279317163624,0.8821711900645259,34.92523039746442,0.8872472245850986,34.94418369593387,0.8875634521505467,0.01895329846945515,0.000316227565448024,0.7419510803007938,0.760904378770249
CityAlley_0_5s,CityAlley,118,59,True,34.1915303078975,0.8822035857973538,34.9287802092159,0.8872637203578609,34.949384183332015,0.8875860208858612,0.020603974116113477,0.00032230052800030773,0.7372499013183997,0.7578538754345132
CityAlley_0_5s,CityAlley,120,60,False,34.18717127402807,0.8824411935241744,34.930531333248005,0.8874502398734632,34.95111640626986,0.8878039075999181,0.02058507302185575,0.0003536677264549537,0.7433600592199383,0.7639451322417941
CityAlley_0_5s,CityAlley,122,61,False,34.20193346557777,0.882452346552282,34.94368747065045,0.8874843703157713,34.96327381650874,0.8878146551295757,0.019586345858286336,0.00033028481380437125,0.7417540050726856,0.761340350930972
CityAlley_0_5s,CityAlley,124,62,False,34.19371061078467,0.8824310117992983,34.931539603002875,0.887476612428695,34.952034866291356,0.8878245896286142,0.02049526328848117,0.0003479771999191916,0.7378289922182049,0.758324255506686
CityAlley_0_5s,CityAlley,126,63,False,34.16704306848011,0.882222353786935,34.908942300339746,0.8872806006556405,34.928914422033486,0.8876168587450338,0.01997212169374052,0.00033625808939330426,0.7418992318596338,0.7618713535533743
CityAlley_0_5s,CityAlley,128,64,False,34.18492946602426,0.8822935160057334,34.923413626746836,0.8873568582369775,34.94322166097532,0.8876968611916768,0.01980803422848254,0.00034000295469927,0.738484160722578,0.7582921949510606
CityAlley_0_5s,CityAlley,130,65,True,34.17167431295019,0.8823033915367651,34.90935315714892,0.8873338784777783,34.93089857434888,0.8876943756398216,0.021545417199959616,0.00036049716204322735,0.737678844198733,0.7592242613986926
CityAlley_0_5s,CityAlley,132,66,False,34.16914296418678,0.8822646267866878,34.90988867145318,0.8873103238146862,34.93092202711371,0.887668631709541,0.021033355660527775,0.0003583078948548035,0.7407457072663988,0.7617790629269265
CityAlley_0_5s,CityAlley,134,67,False,34.1911287970181,0.8824411711090819,34.92997096061241,0.8874796341161875,34.95044538300497,0.8878282781240076,0.020474422392560143,0.000348644007820087,0.7388421635943061,0.7593165859868662
CityAlley_0_5s,CityAlley,136,68,False,34.16726401755505,0.882169406818157,34.904319750579795,0.8871929190969207,34.92599280982414,0.8875625922681171,0.021673059244342596,0.0003696731711964052,0.7370557330247465,0.7587287922690891
CityAlley_0_5s,CityAlley,138,69,False,34.167370774648816,0.8822205788369374,34.9040944218026,0.8872821672533141,34.924738864778035,0.8876274193829773,0.020644442975438437,0.0003452521296631872,0.7367236471537808,0.7573680901292192
CityAlley_0_5s,CityAlley,140,70,True,34.15759268272303,0.8821442871275001,34.892244963137784,0.8871867479087872,34.91370288772138,0.8875426774295759,0.021457924583593524,0.00035592952078877804,0.7346522804147568,0.7561102049983504
CityAlley_0_5s,CityAlley,142,71,False,34.160781317971576,0.8821979211731793,34.89792024721143,0.8872519416420017,34.918967108133224,0.8876104184886199,0.021046860921792643,0.0003584768466181609,0.7371389292398547,0.7581857901616473
CityAlley_0_5s,CityAlley,144,72,False,34.1602858209382,0.8822969121624401,34.896167657251056,0.8873746452125894,34.916893776395014,0.8877062181295264,0.0207261191439585,0.000331572916937084,0.7358818363128563,0.7566079554568148
CityAlley_0_5s,CityAlley,146,73,False,34.158981037662585,0.8823391591740062,34.89729284112259,0.887369925722896,34.918342999884814,0.8877300405026294,0.021050158762221827,0.00036011477973341144,0.7383118034600074,0.7593619622222292
CityAlley_0_5s,CityAlley,148,74,False,34.17371732682733,0.8823891393705791,34.909781992241534,0.8874467991371485,34.93099018029934,0.8878112031856125,0.021208188057805444,0.0003644040484639399,0.7360646654142045,0.7572728534720099
CityAlley_0_5s,CityAlley,150,75,True,34.151094328170196,0.8822940188989277,34.88923572971565,0.8873411835060153,34.910088689421684,0.8876943832532832,0.020852959706033403,0.00035319974726788494,0.7381414015454553,0.7589943612514887
CityAlley_0_5s,CityAlley,152,76,False,34.16134761188382,0.882412067116526,34.897488606449286,0.8874676575965329,34.91848192162942,0.8878219516513975,0.02099331518013514,0.0003542940548646456,0.7361409945654671,0.7571343097456023
CityAlley_0_5s,CityAlley,154,77,False,34.1516148618934,0.8822878509269897,34.88613813915067,0.8873422526031964,34.90828737111628,0.8877049724277746,0.02214923196561358,0.00036271982457813934,0.7345232772572672,0.7566725092228808
CityAlley_0_5s,CityAlley,156,78,False,34.14657197481,0.8823191859170071,34.88133932316221,0.8873471903950765,34.90213758708672,0.8876911368206513,0.020798263924511673,0.0003439464255747815,0.7347673483522073,0.7555656122767189
CityAlley_0_5s,CityAlley,158,79,False,34.16040077223285,0.8823894474445307,34.89304903437217,0.8874121486348662,34.914062343936095,0.8877617164969891,0.02101330956392644,0.0003495678621229237,0.7326482621393211,0.7536615717032475
CityAlley_0_5s,CityAlley,160,80,False,34.15528850942875,0.8825211841817584,34.89340434687617,0.8875512267258587,34.91383064999803,0.8879017429752466,0.020426303121865885,0.00035051624938786663,0.7381158374474168,0.7585421405692827
CityAlley_0_5s,CityAlley,162,81,True,34.18735146001761,0.882915394657432,34.92399775902439,0.8879149426308559,34.94463818865513,0.8882594699529559,0.02064042963073831,0.0003445273220999967,0.7366462990067788,0.7572867286375171
CityAlley_0_5s,CityAlley,164,82,False,34.18216010479266,0.8828431925538643,34.914939655151514,0.8877988654762031,34.93611360440581,0.8881737194430093,0.021173949254297497,0.00037485396680614347,0.7327795503588561,0.7539534996131536
CityAlley_0_5s,CityAlley,166,83,False,34.15624554114062,0.8825126392051126,34.89177792928323,0.8875252375116338,34.91271142465302,0.8878784932600323,0.020933495369789057,0.0003532557483985066,0.7355323881426088,0.7564658835123979
CityAlley_0_5s,CityAlley,168,84,False,34.1630434100597,0.8825799274443016,34.8965580639586,0.8876056516899006,34.91816515114384,0.8879720032517894,0.021607087185238072,0.00036635156188880025,0.7335146538989008,0.7551217410841389
CityAlley_0_5s,CityAlley,170,85,False,34.15130109762139,0.8826035113227796,34.88159140008384,0.8876229368927443,34.90310446940534,0.8879811862644932,0.02151306932150021,0.0003582493717488866,0.7302903024624499,0.7518033717839501
CityAlley_0_5s,CityAlley,172,86,True,34.15664653398587,0.8826923979627667,34.892794582527856,0.8877001146797827,34.913752891090255,0.8880664195023881,0.020958308562398997,0.0003663048226053567,0.7361480485419847,0.7571063571043837
CityAlley_0_5s,CityAlley,174,87,False,34.16415689856477,0.8826720118248165,34.89541657331468,0.887679796424414,34.91534259116501,0.888022828038394,0.01992601785033088,0.00034303161398008264,0.7312596747499072,0.751185692600238
CityAlley_0_5s,CityAlley,176,88,False,34.14862262875684,0.8825346746422983,34.88056949622037,0.8875458483662378,34.90066777612258,0.8878936717817848,0.020098279902214244,0.00034782341554695506,0.7319468674635274,0.7520451473657417
CityAlley_0_5s,CityAlley,178,89,False,34.16263303138224,0.8828558370329789,34.895854220348774,0.8878161914568851,34.91681490119231,0.8881738413055424,0.02096068084353675,0.00035764984865738203,0.7332211889665317,0.7541818698100684
CityAlley_0_5s,CityAlley,180,90,False,34.177473652858424,0.8829905211646203,34.90813702174122,0.8879751250066008,34.9300516974725,0.888345958357784,0.021914675731281363,0.00037083335118315297,0.7306633688827944,0.7525780446140757
CityAlley_0_5s,CityAlley,182,91,False,34.15675774006175,0.882822686414582,34.8883050204364,0.8878255439861588,34.90939160601099,0.888178703520248,0.02108658557459364,0.0003531595340892091,0.7315472803746488,0.7526338659492424
CityAlley_0_5s,CityAlley,184,92,True,34.15753475582073,0.8828561245057645,34.8925344910476,0.8878495669671654,34.913640586349636,0.888223834376696,0.021106095302037886,0.0003742674095306153,0.7349997352268716,0.7561058305289095
CityAlley_0_5s,CityAlley,186,93,False,34.15917444937549,0.8828843432326865,34.888863507443254,0.8878537371824442,34.910822201113106,0.8882581453333002,0.021958693669851925,0.0004044081508559616,0.7296890580677626,0.7516477517376146
CityAlley_0_5s,CityAlley,188,94,False,34.151387016094425,0.8828535107010987,34.88429106447087,0.8878528225666383,34.90563433428536,0.8882365406928024,0.021343269814487087,0.00038371812616411205,0.7329040483764473,0.7542473181909344
CityAlley_0_5s,CityAlley,190,95,False,34.15023500243332,0.8829030276864063,34.884621629131956,0.8878496515462609,34.90469834033489,0.8881955637148871,0.02007671120293253,0.00034591216862611684,0.7343866266986367,0.7544633379015693
CityAlley_0_5s,CityAlley,192,96,False,34.16027344272941,0.883036429549956,34.89156053670169,0.8879920757363623,34.91269122604667,0.8883681470086852,0.021130689344978748,0.0003760712723228643,0.7312870939722771,0.7524177833172558
CityAlley_0_5s,CityAlley,194,97,True,34.16958081054471,0.8831646593435672,34.90069353369829,0.8881484535563284,34.92153105184503,0.8885253700776996,0.02083751814674173,0.0003769165213711734,0.7311127231535792,0.751950241300321
CityAlley_0_5s,CityAlley,196,98,False,34.14496830179473,0.8828691279924614,34.876452960479305,0.8878477415039029,34.89735490841821,0.8882174054997433,0.020901947938902765,0.0003696639958403747,0.7314846586845789,0.7523866066234817
CityAlley_0_5s,CityAlley,198,99,False,34.14193112718059,0.8829203328173729,34.87091484405066,0.8878762237968724,34.89186823633554,0.8882483361013364,0.02095339228488058,0.0003721123044639896,0.7289837168700686,0.7499371091549492
CityAlley_0_5s,CityAlley,200,100,False,34.14646227794725,0.8829066894975942,34.8731732923377,0.8878843933930871,34.89463728248079,0.8882816830295569,0.021463990143089973,0.00039728963646978865,0.726711014390446,0.748175004533536
CityAlley_0_5s,CityAlley,202,101,False,34.12779293966729,0.8828280156542883,34.85816977498533,0.8878580066506216,34.87976354736763,0.8882428340847424,0.0215937723823032,0.00038482743412071585,0.7303768353180402,0.7519706077003434
CityAlley_0_5s,CityAlley,204,102,True,34.13439794432485,0.8828685529735233,34.86215435911651,0.8878235776592207,34.88334503806157,0.8881990017227548,0.02119067894506088,0.00037542406353408,0.7277564147916564,0.7489470937367173
CityAlley_0_5s,CityAlley,206,103,False,34.135708387849036,0.8829181089928166,34.86174624622894,0.8878591367684086,34.88377963936172,0.8882520796456183,0.022033393132780077,0.000392942877209701,0.7260378583799039,0.7480712515126839
CityAlley_0_5s,CityAlley,208,104,False,34.11582792742622,0.8828565687911631,34.84573457654258,0.8878473985285665,34.86635570372051,0.8882178501639002,0.020621127177925302,0.00037045163533366843,0.7299066491163657,0.750527776294291
CityAlley_0_5s,CityAlley,210,105,False,34.13737996710378,0.8831742264658162,34.86671253633269,0.8880685260389365,34.8881646755548,0.8884645150751325,0.02145213922210587,0.00039598903619597614,0.7293325692289088,0.7507847084510146
CityAlley_0_5s,CityAlley,212,106,False,34.141825183878744,0.8832349106416891,34.86965347473428,0.8881701314593111,34.890596321224734,0.888538046157475,0.02094284649045619,0.0003679146981638848,0.727828290855534,0.7487711373459902
CityAlley_0_5s,CityAlley,214,107,False,34.11383561175838,0.8829421038026382,34.84219848784782,0.8879215077784391,34.86332560699991,0.8883017430158259,0.021127119152090756,0.00038023523738672793,0.7283628760894345,0.7494899952415253
CityAlley_0_5s,CityAlley,216,108,True,34.11022218049725,0.8830182128836724,34.84000924477356,0.8879902345630132,34.861228037558824,0.8883763762026141,0.021218792785262508,0.0003861416396009343,0.7297870642763087,0.7510058570615712
CityAlley_0_5s,CityAlley,218,109,False,34.1197938891784,0.8830318762523491,34.845752601475255,0.8879748067341332,34.86701113512973,0.8883513091213016,0.02125853365447483,0.0003765023871683537,0.7259587122968512,0.747217245951326
CityAlley_0_5s,CityAlley,220,110,False,34.10466482868066,0.8829336160536158,34.831850474899916,0.8879207498689798,34.85252228572232,0.8883124506022135,0.020671810822406655,0.0003917007332336908,0.7271856462192545,0.7478574570416612
CityAlley_0_5s,CityAlley,222,111,False,34.11153317948751,0.8832371740633009,34.840349219082256,0.8881891550646516,34.860873027451106,0.8885396458039196,0.020523808368849927,0.0003504907392680723,0.7288160395947472,0.7493398479635971
CityAlley_0_5s,CityAlley,224,112,False,34.121449294521284,0.8833399895979221,34.84732769762657,0.8882346288649802,34.86807258619899,0.888618125179061,0.020744888572423292,0.0003834963140808556,0.7258784031052841,0.7466232916777074
CityAlley_0_5s,CityAlley,226,113,True,34.11503337508117,0.8832755702775369,34.83969226232236,0.8882037774163082,34.8610434306771,0.8885699403685693,0.021351168354740935,0.0003661629522611065,0.7246588872411905,0.7460100555959315
CityAlley_0_5s,CityAlley,228,114,False,34.093821421245714,0.8830823103484803,34.82138331836377,0.8880571760575412,34.84249955472184,0.8884427270124601,0.021116236358068363,0.0003855509549188785,0.7275618971180577,0.7486781334761261
CityAlley_0_5s,CityAlley,230,115,False,34.09517167321876,0.8831099149241729,34.821195922736194,0.8880366527019335,34.84165520923198,0.8884150946671303,0.02045928649578599,0.000378441965196763,0.7260242495174367,0.7464835360132227
CityAlley_0_5s,CityAlley,232,116,False,34.09415876714003,0.8830832921050267,34.81704631694058,0.8880424257905817,34.83864090131277,0.8884272345573836,0.021594584372188308,0.000384808766801914,0.7228875498005536,0.7444821341727419
CityAlley_0_5s,CityAlley,234,117,False,34.072008104468,0.8829356163913381,34.79894469728551,0.8879309362177598,34.819305656907645,0.8883215322869793,0.020360959622131247,0.0003905960692195398,0.7269365928175162,0.7472975524396475
CityAlley_0_5s,CityAlley,236,118,False,34.08090251132774,0.8830791535479001,34.80408502600478,0.8880012510869165,34.82508267466687,0.8883844358646202,0.020997648662088864,0.0003831847777037156,0.7231825146770348,0.7441801633391236
CityAlley_0_5s,CityAlley,238,119,True,34.07249741768604,0.8828938951313811,34.79777602692243,0.8878770979981229,34.81818018802365,0.8882594281223312,0.020404161101225782,0.0003823301242082966,0.7252786092363905,0.7456827703376163
CityAlley_0_5s,CityAlley,240,120,False,34.06351175903424,0.8829665047737512,34.78977251860815,0.8879602122857964,34.8100568114974,0.8883410362188814,0.020284292889243716,0.00038082393308502827,0.7262607595739112,0.746545052463155
CityAlley_0_5s,CityAlley,242,121,False,34.08689321733528,0.8831998530678279,34.81064059182208,0.888118455735451,34.83233678570607,0.8885214085111568,0.021696193883990134,0.00040295277570578936,0.7237473744867984,0.7454435683707885
CityAlley_0_5s,CityAlley,244,122,False,34.064023478130785,0.8829743628581761,34.79015590680333,0.887949962804655,34.810700298529156,0.8883421511481415,0.020544391725827893,0.00039218834348653253,0.7261324286725426,0.7466768203983705
CityAlley_0_5s,CityAlley,246,123,False,34.07137843253197,0.8831495514250425,34.794982693382806,0.888064599614949,34.81575721102029,0.8884510457843323,0.02077451763748428,0.00038644616938332543,0.7236042608508342,0.7443787784883185
CityAlley_0_5s,CityAlley,248,124,True,34.068693823532,0.8831135733460072,34.78957865291684,0.8880180302316569,34.81139935471775,0.8884319496388481,0.021820701800912445,0.0004139194071911545,0.7208848293848362,0.7427055311857487
CityAlley_6_11s,CityAlley,300,0,True,33.971300177226425,0.883359352927504,34.69784731724529,0.888337858209922,34.71819571936434,0.8887273201549722,0.02034840211904765,0.00038946194505029563,0.7265471400188659,0.7468955421379135
CityAlley_6_11s,CityAlley,302,1,False,33.97748057811549,0.8835389777674113,34.69894529503885,0.8884092774036765,34.720094960312046,0.8888193236789039,0.021149665273199503,0.0004100462752274492,0.7214647169233572,0.7426143821965567
CityAlley_6_11s,CityAlley,304,2,False,33.98903967336362,0.8837018073496444,34.70894167925364,0.8885543677249258,34.72995793594393,0.8889616252078364,0.02101625669028806,0.0004072574829105946,0.7199020058900203,0.7409182625803084
CityAlley_6_11s,CityAlley,306,3,False,33.98583242525516,0.8836784947909833,34.70959565553697,0.8885663062145107,34.73079960506831,0.888973655906824,0.021203949531340527,0.00040734969231326357,0.7237632302818113,0.7449671798131519
CityAlley_6_11s,CityAlley,308,4,False,33.96872729224984,0.8835467417034442,34.69448949789599,0.888483743356224,34.7149744078381,0.8889034493526845,0.020484909942112495,0.00041970599646046214,0.7257622056461486,0.7462471155882611
CityAlley_6_11s,CityAlley,310,5,True,33.9709495767379,0.8837072361845809,34.691175971783764,0.8885589150338212,34.71182445356736,0.8889588086033761,0.020648481783595685,0.00039989356955483224,0.7202263950458629,0.7408748768294586
CityAlley_6_11s,CityAlley,312,6,False,33.97387352968288,0.8837355599208477,34.69266631727177,0.8885737958494989,34.713059150133645,0.8889691820210446,0.02039283286187299,0.00039538617154566413,0.7187927875888889,0.7391856204507619
CityAlley_6_11s,CityAlley,314,7,False,33.9685750889131,0.8837496274489157,34.69070502087981,0.8886302990025927,34.711610629463905,0.8890303150432289,0.020905608584094182,0.00040001604063621965,0.7221299319667125,0.7430355405508067
CityAlley_6_11s,CityAlley,316,8,False,33.96601910560992,0.8838463469846845,34.690828571575295,0.8887345622977524,34.71108782927331,0.88914236666702,0.020259257698015176,0.0004078043692675726,0.7248094659653788,0.7450687236633939
CityAlley_6_11s,CityAlley,318,9,False,33.95954720847688,0.8838976208850847,34.67845998363386,0.8887309218608799,34.69885011492011,0.8891315991493327,0.020390131286255553,0.0004006772884528331,0.7189127751569799,0.7393029064432355
CityAlley_6_11s,CityAlley,320,10,False,33.95838386168283,0.8838069347632432,34.677081474704465,0.8886314789550749,34.69853103638686,0.8890555630076797,0.021449561682395313,0.00042408405260485615,0.7186976130216323,0.7401471747040276
CityAlley_6_11s,CityAlley,322,11,True,33.950027983963814,0.8838057837225116,34.67381532346859,0.8887173273262513,34.694175949574685,0.889118882148989,0.020360626106096902,0.00040155482273773746,0.7237873395047743,0.7441479656108712
CityAlley_6_11s,CityAlley,324,12,False,33.94944182127513,0.8840480174485904,34.67384325911506,0.8889246756022664,34.69416857873632,0.8893374730619773,0.020325319621257165,0.00041279745971090076,0.7244014378399299,0.7447267574611871
CityAlley_6_11s,CityAlley,326,13,False,33.948641600991806,0.8840615499044594,34.666496213082084,0.8888632285360643,34.6870870002746,0.8892705830484265,0.020590787192517723,0.00040735451236229014,0.717854612090278,0.7384453992827957
CityAlley_6_11s,CityAlley,328,14,False,33.935756510524776,0.8838435668403127,34.65602060405217,0.888676547055037,34.67715027855367,0.8890921348220036,0.021129674501494833,0.0004155877669665964,0.7202640935273976,0.7413937680288925
CityAlley_6_11s,CityAlley,330,15,False,33.920597708892714,0.883786241853077,34.64366719513431,0.8886551673023798,34.66423570836839,0.8890843177311125,0.020568513234074715,0.00042915042873270526,0.7230694862415987,0.7436379994756734
CityAlley_6_11s,CityAlley,332,16,True,33.92329023542592,0.8839064147121571,34.639958406314825,0.8887296554345072,34.65962494940226,0.8891130930661405,0.019666543087431876,0.0003834376316332877,0.7166681708889087,0.7363347139763405
CityAlley_6_11s,CityAlley,334,17,False,33.92415068685837,0.8839059057591785,34.6422906214233,0.8887178097741727,34.66332633370704,0.8891285914392341,0.021035712283740793,0.00041078166506136604,0.7181399345649311,0.7391756468486719
CityAlley_6_11s,CityAlley,336,18,False,33.914392600833246,0.8838352204561446,34.63782883895605,0.8887398603987788,34.65751621628483,0.8891408979998144,0.019687377328786226,0.00040103760103560315,0.723436238122801,0.7431236154515872
CityAlley_6_11s,CityAlley,338,19,False,33.91702561250319,0.8839961926773195,34.634309521941994,0.8888238692476937,34.655107451280976,0.8892469812667464,0.020797929338982613,0.0004231120190526516,0.7172839094388053,0.7380818387777879
CityAlley_6_11s,CityAlley,340,20,False,33.910550730185584,0.8837320941703815,34.627822860041945,0.8885509055594738,34.648726739597926,0.8889668723885675,0.02090387955598061,0.00041596682909372795,0.7172721298563616,0.7381760094123422
CityAlley_6_11s,CityAlley,342,21,False,33.90729015472687,0.8839196972771777,34.63108727042445,0.8888382317255297,34.65087865507711,0.8892275075290368,0.019791384652656063,0.00038927580350711644,0.7237971156975789,0.7435885003502349
CityAlley_6_11s,CityAlley,344,22,True,33.90779052369466,0.8839402926151124,34.62393949605779,0.8887584458807325,34.64369458154921,0.8891468363100116,0.01975508549142546,0.00038839042927907297,0.7161489723631291,0.7359040578545546
CityAlley_6_11s,CityAlley,346,23,False,33.90767734019278,0.883920301206391,34.62857359009149,0.8887205056629048,34.64935431603149,0.8891432801474168,0.02078072593999991,0.0004227744845120007,0.7208962498987148,0.7416769758387147
CityAlley_6_11s,CityAlley,348,24,False,33.887360066607826,0.8837620272817812,34.60970414961843,0.8886466383469638,34.62944626669796,0.8890522439945431,0.019742117079530885,0.00040560564757929907,0.7223440830106043,0.7420862000901352
CityAlley_6_11s,CityAlley,350,25,False,33.881423802368296,0.8837925627441071,34.59642395317812,0.8885912783099097,34.617070012221724,0.8890164066890892,0.020646059043606613,0.00042512837917951796,0.7150001508098214,0.735646209853428
CityAlley_6_11s,CityAlley,352,26,False,33.87836317158153,0.8837758222852636,34.6026979233308,0.8886508460402817,34.62296343439607,0.8890654215240794,0.020265511065268527,0.0004145754837977522,0.724334751749268,0.7446002628145365
CityAlley_6_11s,CityAlley,354,27,True,33.881228714013304,0.8839174637707499,34.59932583275616,0.8887580874183204,34.61946555445467,0.8891745506464785,0.020139721698512858,0.0004164632281581371,0.718097118742854,0.7382368404413668
CityAlley_6_11s,CityAlley,356,28,False,33.8831461488686,0.8838271099303288,34.60381845185468,0.8886056961450957,34.62389581532027,0.8890442052870318,0.02007736346558886,0.00043850914193610535,0.7206723029860811,0.74074966645167
CityAlley_6_11s,CityAlley,358,29,False,33.878885411772835,0.8839697792676352,34.60471869551465,0.888858847277442,34.62362414942281,0.8892753749071934,0.018905453908161007,0.00041652762975141755,0.7258332837418138,0.7447387376499748
CityAlley_6_11s,CityAlley,360,30,False,33.86812648251987,0.8838541012717123,34.584381376146055,0.8886612305728875,34.60405969791125,0.8890770550212019,0.019678321765191242,0.0004158244483144502,0.7162548936261857,0.7359332153913769
CityAlley_6_11s,CityAlley,362,31,False,33.87239695961404,0.8840079611796042,34.59873062207136,0.888894680672198,34.617580011502376,0.8892922610596395,0.018849389431018437,0.0003975803874415318,0.7263336624573142,0.7451830518883327
CityAlley_6_11s,CityAlley,364,32,True,33.88114393554315,0.8842867434936552,34.60125410975559,0.8890806373315645,34.62155543959281,0.8895140605710649,0.020301329837224102,0.00043342323950035233,0.7201101742124365,0.7404115040496606
CityAlley_6_11s,CityAlley,366,33,False,33.86875350941037,0.8840004375081184,34.58998789376485,0.888811664467109,34.61129505014618,0.8892634119675278,0.02130715638133296,0.0004517475004187643,0.7212343843544815,0.7425415407358145
CityAlley_6_11s,CityAlley,368,34,False,33.85841683669756,0.8840535431179634,34.584010228156615,0.8889176104231706,34.60307744301045,0.8893351581076737,0.019067214853834002,0.00041754768450308344,0.7255933914590571,0.7446606063128911
CityAlley_6_11s,CityAlley,370,35,False,33.847803705079926,0.8838940435148193,34.56679110700946,0.8886831212858887,34.58649395381367,0.8891111653126534,0.019702846804214857,0.0004280440267647734,0.7189874019295317,0.7386902487337466
CityAlley_6_11s,CityAlley,372,36,False,33.85098437645552,0.8840800322082817,34.57826692174368,0.888971102328348,34.5972822332382,0.8893715519345868,0.0190153114945133,0.00040044960623886183,0.7272825452881619,0.7462978567826752
CityAlley_6_11s,CityAlley,374,37,False,33.854300289710054,0.8841958099842268,34.57520475523445,0.8890191424289734,34.59472376453617,0.8894322994396459,0.01951900930171746,0.00041315701067246025,0.7209044655243986,0.740423474826116
CityAlley_6_11s,CityAlley,376,38,True,33.85816678957925,0.8842391497434935,34.58386917448891,0.8890655669895591,34.60349764992651,0.8894792289091344,0.01962847543759949,0.0004136619195753699,0.7257023849096598,0.7453308603472593
CityAlley_6_11s,CityAlley,378,39,False,33.83597823428812,0.8839799948645687,34.565807314170726,0.8888747502299332,34.58478168034977,0.8892924512700175,0.018974366179044466,0.0004177010400843173,0.7298290798826059,0.7488034460616504
CityAlley_6_11s,CityAlley,380,40,False,33.836530952948806,0.8840091773399665,34.5585631144526,0.8888211321581422,34.57781039376931,0.8892550998819003,0.019247279316708443,0.0004339677237581441,0.7220321615037975,0.7412794408205059
CityAlley_6_11s,CityAlley,382,41,False,33.83204921849992,0.8840563433530908,34.56214422656642,0.8889215464085302,34.580548270267556,0.8893280546209361,0.018404043701139017,0.0004065082124059538,0.730095008066499,0.748499051767638
CityAlley_6_11s,CityAlley,384,42,False,33.83319813069847,0.8843038292744739,34.55980685553091,0.8891594117326946,34.5793513037537,0.8895801729897931,0.019544448222788446,0.00042076125709844536,0.7266087248324382,0.7461531730552267
CityAlley_6_11s,CityAlley,386,43,True,33.82526340519702,0.8840066112311202,34.553877881563515,0.8888415585592155,34.57347537286641,0.8892462441134,0.01959749130289623,0.0004046855541844918,0.728614476366495,0.7482119676693912
CityAlley_6_11s,CityAlley,388,44,False,33.81963527463882,0.8841443762909553,34.54911029473415,0.8890132771310483,34.5679910297773,0.889424598876396,0.018880735043154573,0.000411321745347748,0.7294750200953288,0.7483557551384834
CityAlley_6_11s,CityAlley,390,45,False,33.81364424634909,0.8839113535293329,34.53991156679314,0.8887245842689027,34.55890763402502,0.8891385869150193,0.018996067231881852,0.0004140026461166846,0.7262673204440446,0.7452633876759265
CityAlley_6_11s,CityAlley,392,46,False,33.82190427474833,0.8842908661716442,34.55707143481223,0.8891896264449861,34.57594714465487,0.889594577235024,0.01887570984263931,0.0004049507900378835,0.7351671600639023,0.7540428699065416
CityAlley_6_11s,CityAlley,394,47,False,33.820982861634235,0.8843964836571313,34.547024778343534,0.8892173809811571,34.565648389592376,0.8896456243581293,0.0186236112488416,0.00042824337697222603,0.7260419167092991,0.7446655279581407
CityAlley_6_11s,CityAlley,396,48,False,33.81058488147659,0.884129244307993,34.539503259418616,0.8889503866567463,34.55960806765069,0.8893949739763347,0.02010480823207672,0.0004445873195884076,0.7289183779420227,0.7490231861740995
CityAlley_6_11s,CityAlley,398,49,True,33.806824123107255,0.8842244556213386,34.53861395322216,0.8891045572187758,34.55753648998135,0.8895319791090958,0.018922536759191644,0.0004274218903199678,0.7317898301149057,0.7507123668740974
CityAlley_6_11s,CityAlley,400,50,False,33.80599611410671,0.8840715861689973,34.53245008990413,0.8888744827841158,34.55136536233231,0.8892941060418591,0.01891527242818114,0.00041962325774325127,0.7264539757974191,0.7453692482256002
CityAlley_6_11s,CityAlley,402,51,False,33.80892562889051,0.8843940398865114,34.540836783842984,0.8892438653816074,34.55870509397836,0.8896476819526725,0.01786831013537693,0.0004038165710651409,0.7319111549524706,0.7497794650878475
CityAlley_6_11s,CityAlley,404,52,False,33.81308045734329,0.8845059092464294,34.54011464576933,0.8892784037676582,34.559650431517966,0.8896987607540972,0.019535785748637124,0.00042035698643894115,0.727034188426039,0.7465699741746761
CityAlley_6_11s,CityAlley,406,53,False,33.79050214622872,0.8841968256957087,34.52172065408804,0.8890550564378616,34.540309716192134,0.8894729411482704,0.01858906210409117,0.00041788471040871134,0.7312185078593245,0.7498075699634157
CityAlley_6_11s,CityAlley,408,54,True,33.7862495553848,0.8843731597090727,34.51388788758584,0.8892025081123869,34.53313067587412,0.8896237288583186,0.019242788288281076,0.00042122074593176073,0.7276383322010389,0.74688112048932
CityAlley_6_11s,CityAlley,410,55,False,33.781797549594636,0.8842151432239725,34.5126673113394,0.8890645557550028,34.53227049961817,0.8894958642012649,0.019603188278772166,0.0004313084462621575,0.7308697617447635,0.7504729500235356
CityAlley_6_11s,CityAlley,412,56,False,33.777375258371684,0.8843407715517364,34.50888648574887,0.8891815868311347,34.52779024816077,0.8896117445153946,0.01890376241190239,0.0004301576842599131,0.7315112273771831,0.7504149897890855
CityAlley_6_11s,CityAlley,414,57,False,33.77135435928635,0.88423539221962,34.50075136184468,0.8890563364599129,34.520828591082136,0.8894761417596939,0.020077229237458027,0.00041980529978102865,0.7293970025583292,0.7494742317957872
CityAlley_6_11s,CityAlley,416,58,False,33.760420768781685,0.8842585768332981,34.4936782396225,0.8891467889510524,34.512825529334286,0.8895790773639514,0.01914728971178903,0.00043228841289899567,0.7332574708408117,0.7524047605526007
CityAlley_6_11s,CityAlley,418,59,True,33.75828910064617,0.8841508686503309,34.486248765138924,0.8889588390767158,34.506845854481384,0.8894082162203245,0.020597089342459185,0.00044937714360870906,0.727959664492758,0.7485567538352171
CityAlley_6_11s,CityAlley,420,60,False,33.764035799838396,0.8844631183800378,34.497493203512185,0.8893045846607669,34.515221425276415,0.8897201780817237,0.017728221764230057,0.00041559342095676133,0.7334574036737891,0.7511856254380191
CityAlley_6_11s,CityAlley,422,61,False,33.764068301050166,0.8844584360919682,34.49239798589497,0.8892535635172386,34.51104949417919,0.8896704871843993,0.018651508284222018,0.00041692366716072904,0.7283296848448018,0.7469811931290238
CityAlley_6_11s,CityAlley,424,62,False,33.758798763558836,0.8844086551907021,34.493839458551875,0.8892883016988342,34.51266972912305,0.8897185974944606,0.018830270571172036,0.00043029579562636755,0.7350406949930388,0.7538709655642108
CityAlley_6_11s,CityAlley,426,63,False,33.74863259125936,0.8843821286027603,34.47687831382622,0.8892171399043642,34.496271330113906,0.8896505429367589,0.01939301628768675,0.0004334030323946969,0.7282457225668608,0.7476387388545476
CityAlley_6_11s,CityAlley,428,64,False,33.74198061293336,0.8843148421577335,34.47639783878943,0.8891602893435798,34.49608416883944,0.8895900711133679,0.019686330050006973,0.00042978176978802907,0.7344172258560704,0.7541035559060774
CityAlley_6_11s,CityAlley,430,65,True,33.738847247725595,0.8843367498856514,34.468104599264194,0.8891679372306445,34.48770813901263,0.8896046346058257,0.01960353974843798,0.00043669737518126084,0.7292573515385996,0.7488608912870376
CityAlley_6_11s,CityAlley,432,66,False,33.7346648752503,0.8843608951538581,34.46898402759659,0.8892152424207175,34.48812664864476,0.8896485352678349,0.019142621048167996,0.0004332928471174613,0.7343191523462878,0.7534617733944557
CityAlley_6_11s,CityAlley,434,67,False,33.72320725384163,0.884412488363366,34.45129677648427,0.8892117982002148,34.47179537173011,0.8896541007392293,0.02049859524584008,0.00044230253901456074,0.7280895226426409,0.748588117888481
CityAlley_6_11s,CityAlley,436,68,False,33.71689723950825,0.8843172347246058,34.44986161367267,0.8891731597615937,34.46808903273928,0.8895839803971793,0.01822741906661207,0.0004108206355856181,0.7329643741644176,0.7511917932310297
CityAlley_6_11s,CityAlley,438,69,False,33.712549569036796,0.8843385393487837,34.43837082330308,0.8891274829779974,34.45886903345781,0.8895533373344955,0.020498210154727303,0.0004258543564981121,0.7258212542662861,0.7463194644210134
CityAlley_6_11s,CityAlley,440,70,True,33.71024308218819,0.88444389261584,34.44491398016497,0.8893127176365644,34.46438961147122,0.8897459595101321,0.019475631306249852,0.0004332418735677468,0.7346708979767769,0.7541465292830267
CityAlley_6_11s,CityAlley,442,71,False,33.69945546898272,0.8843091017022463,34.428513567187736,0.8891181452353635,34.44846474670297,0.8895466757514896,0.019951179515231843,0.00042853051612612436,0.7290580982050159,0.7490092777202477
CityAlley_6_11s,CityAlley,444,72,False,33.691314115017065,0.8843369525547073,34.424069473601676,0.8891877119002282,34.443337450272104,0.8896235938913948,0.019267976670427345,0.0004358819911666201,0.7327553585846118,0.7520233352550392
CityAlley_6_11s,CityAlley,446,73,False,33.692102948963864,0.884270573748437,34.4235987982484,0.8891110420993289,34.443823755106344,0.889557815132426,0.020224956857944676,0.00044677303309714755,0.7314958492845349,0.7517208061424796
CityAlley_6_11s,CityAlley,448,74,False,33.693005120159754,0.8844900496118692,34.42301839219779,0.8893011093991183,34.44257510514506,0.8897534866882735,0.019556712947270682,0.0004523772891551481,0.7300132720380361,0.7495699849853068
CityAlley_6_11s,CityAlley,450,75,True,33.69262448221449,0.8843818639032375,34.42676063236846,0.8892373863688491,34.44579799846953,0.8896525930839867,0.019037366101066766,0.0004152067151376171,0.7341361501539723,0.753173516255039
CityAlley_6_11s,CityAlley,452,76,False,33.69091841778145,0.8846454254573873,34.42438922714399,0.8894694476990466,34.44343652893524,0.8898827897148477,0.019047301791246696,0.0004133420158011214,0.7334708093625437,0.7525181111537904
CityAlley_6_11s,CityAlley,454,77,False,33.683433893281084,0.8843339106986243,34.41910075211622,0.8891871306874902,34.43977065114798,0.889622329863576,0.020669899031759087,0.0004351991760858098,0.7356668588351383,0.7563367578668974
CityAlley_6_11s,CityAlley,456,78,False,33.67901660812495,0.884471416186799,34.41001736683477,0.8892497581595865,34.4295085107408,0.8896912071982359,0.019491143906030572,0.00044144903864939966,0.7310007587098255,0.7504919026158561
CityAlley_6_11s,CityAlley,458,79,False,33.68480409367169,0.884549881746687,34.42474652971501,0.889428254898283,34.44486104589573,0.8898630129737113,0.020114516180719022,0.0004347580754282543,0.7399424360433215,0.7600569522240406
CityAlley_6_11s,CityAlley,460,80,False,33.67892846482947,0.8845603024446701,34.41069936563392,0.8893340554177089,34.43085396353973,0.8897820910148404,0.020154597905815308,0.0004480355971314687,0.7317709008044488,0.7519254987102642
CityAlley_6_11s,CityAlley,462,81,True,33.67459853334077,0.884576066752288,34.412854447035954,0.8894038382245875,34.431915916362726,0.8898323355881327,0.019061469326771885,0.0004284973635452216,0.7382559136951841,0.757317383021956
CityAlley_6_11s,CityAlley,464,82,False,33.66448423480564,0.8843901690240075,34.396078345460865,0.8891838842078504,34.41615955281001,0.8896173259879491,0.020081207349143426,0.0004334417800986312,0.7315941106552231,0.7516753180043665
CityAlley_6_11s,CityAlley,466,83,False,33.658223971899915,0.884497251475669,34.391657292081476,0.8892939743008442,34.411461489475805,0.889727792198686,0.019804197394329037,0.0004338178978418039,0.733433320181561,0.7532375175758901
CityAlley_6_11s,CityAlley,468,84,False,33.661211692239874,0.884456028887626,34.39717360014765,0.889265474987418,34.416890470774746,0.8897018197334713,0.01971687062709293,0.00043634474605325213,0.7359619079077788,0.7556787785348718
CityAlley_6_11s,CityAlley,470,85,False,33.666765062697394,0.8847348972321694,34.39789336826681,0.8894897462095743,34.418377122957715,0.8899502019308104,0.020483754690907574,0.0004604557212360971,0.7311283055694133,0.7516120602603209
CityAlley_6_11s,CityAlley,472,86,True,33.65787074815801,0.884485844407915,34.39803359992288,0.8893119066519976,34.41845073549939,0.8897508526805997,0.020417135576508372,0.0004389460286021718,0.7401628517648717,0.7605799873413801
CityAlley_6_11s,CityAlley,474,87,False,33.662218348317396,0.8846274872653601,34.394687283979415,0.8894017518370279,34.415291340775596,0.8898719321288566,0.020604056796180714,0.0004701802918287701,0.7324689356620198,0.7530729924582005
CityAlley_6_11s,CityAlley,476,88,False,33.662258331654044,0.8847476475653236,34.399287274296604,0.8895288365772775,34.41913931089748,0.8899693411840854,0.019852036600873646,0.00044050460680788994,0.73702894264256,0.7568809792434337
CityAlley_6_11s,CityAlley,478,89,False,33.65750344560657,0.884688612950183,34.39505494797662,0.8895054339017177,34.41562445462555,0.8899483021150909,0.020569506648932645,0.00044286821337324866,0.7375515023700459,0.7581210090189785
CityAlley_6_11s,CityAlley,480,90,False,33.65441717189528,0.8848082784663434,34.39345256772683,0.8896270794139277,34.41227176247458,0.890047831927711,0.01881919474774918,0.0004207525137832624,0.7390353958315501,0.7578545905792993
CityAlley_6_11s,CityAlley,482,91,False,33.649982091285736,0.8845359351792642,34.389724267510516,0.8893715735133304,34.4094121724723,0.889791745120048,0.019687904961784852,0.0004201716067175898,0.7397421762247802,0.7594300811865651
CityAlley_6_11s,CityAlley,484,92,True,33.64748056935072,0.884799100107531,34.38652680060452,0.8895797820653512,34.40774633910954,0.8900463128936997,0.02121953850502223,0.00046653082834857695,0.739046231253802,0.7602657697588242
CityAlley_6_11s,CityAlley,486,93,False,33.64707760176817,0.8847770143859467,34.39137462485099,0.8896001572422216,34.41191123250517,0.8900394465205006,0.020536607654179306,0.0004392892782789648,0.7442970230828223,0.7648336307370016
CityAlley_6_11s,CityAlley,488,94,False,33.6484570609705,0.8849145964704427,34.38780745141729,0.8896627308142113,34.408278174521875,0.8901219163908376,0.020470723104587307,0.00045918557662627535,0.7393503904467877,0.759821113551375
CityAlley_6_11s,CityAlley,490,95,False,33.64206173978184,0.884776957949577,34.387364962621064,0.889615097309931,34.40785090278825,0.8900420881917623,0.02048594016718397,0.00042699088183129064,0.745303222839226,0.76578916300641
CityAlley_6_11s,CityAlley,492,96,False,33.63587518316427,0.8847884847031529,34.376211687999174,0.8896064114804271,34.39648047247228,0.8900481072922607,0.020268784473103096,0.00044169581183362006,0.7403365048349002,0.7606052893080033
CityAlley_6_11s,CityAlley,494,97,True,33.6365688306508,0.88492745588041,34.38082881930272,0.8897367864953971,34.40078290229526,0.8901593519462004,0.01995408299254109,0.00042256545080332497,0.744259988651919,0.7642140716444601
CityAlley_6_11s,CityAlley,496,98,False,33.63220692309372,0.8846935550694495,34.37519603942022,0.889490775563936,34.396032750401105,0.8899460847037143,0.020836710980887574,0.0004553091397783149,0.7429891163264983,0.7638258273073859
CityAlley_6_11s,CityAlley,498,99,False,33.62757604470652,0.8848703107049376,34.370371289475386,0.8896877641365379,34.390894426084884,0.8901272677783275,0.020523136609497783,0.0004395036417895737,0.7427952447688639,0.7633183813783617
CityAlley_6_11s,CityAlley,500,100,False,33.63057952761151,0.8846841909908378,34.37607508225875,0.8895010392143676,34.39674670202514,0.8899316202016968,0.020671619766389426,0.0004305809873291766,0.7454955546472419,0.7661671744136314
CityAlley_6_11s,CityAlley,502,101,False,33.63967568298373,0.8848795417778434,34.378407318816485,0.8896357698300617,34.399118445787316,0.8900741028522378,0.020711126970830662,0.00043833302217610726,0.7387316358327567,0.7594427628035874
CityAlley_6_11s,CityAlley,504,102,True,33.6380848529628,0.8850712413536517,34.381431316788195,0.8898544854335989,34.40202713469557,0.8903078662549277,0.020595817907377523,0.0004533808213288415,0.7433464638253966,0.7639422817327741
CityAlley_6_11s,CityAlley,506,103,False,33.62093238923914,0.8847326872267072,34.365806862015106,0.8895509085475252,34.38653923685267,0.8900075631119719,0.020732374837564294,0.0004566545644467679,0.7448744727759689,0.7656068476135331
CityAlley_6_11s,CityAlley,508,104,False,33.621381830097775,0.8849111250571016,34.36219509250776,0.8896641194982072,34.38273786403589,0.8901243827725032,0.020542771528127446,0.0004602632742959356,0.7408132624099864,0.7613560339381138
CityAlley_6_11s,CityAlley,510,105,False,33.61570728018902,0.8847891999203982,34.362685274977466,0.8896116446369869,34.38297936124171,0.8900453825484356,0.02029408626424356,0.0004337379114486284,0.7469779947884447,0.7672720810526883
CityAlley_6_11s,CityAlley,512,106,False,33.61008360644608,0.8847043954869658,34.35485671414418,0.8895288588420932,34.37582459749877,0.8899903320671532,0.020967883354593653,0.0004614732250599607,0.7447731076980943,0.765740991052688
CityAlley_6_11s,CityAlley,514,107,False,33.61238924273373,0.8849297965849895,34.35602162339133,0.8897019364002559,34.376767727965685,0.8901628528771022,0.020746104574357105,0.0004609164768463181,0.7436323806576013,0.7643784852319584
CityAlley_6_11s,CityAlley,516,108,True,33.61840106037772,0.8849411038935239,34.36665929180137,0.8897531556640748,34.38771484676037,0.8901955422609407,0.021055554958998357,0.00044238659686590687,0.7482582314236481,0.7693137863826465
CityAlley_6_11s,CityAlley,518,109,False,33.605686184363336,0.8849861667026983,34.3482226580708,0.8897291670618463,34.36969710892888,0.8901989976357986,0.021474450858079308,0.0004698305739522235,0.7425364737074673,0.7640109245655466
CityAlley_6_11s,CityAlley,520,110,False,33.60136239337421,0.8848764806636542,34.348241459044594,0.8896783866368221,34.36777414369765,0.8901181604186921,0.019532684653057686,0.00043977378186998983,0.7468790656703845,0.7664117503234422
CityAlley_6_11s,CityAlley,522,111,False,33.59466651533192,0.8846857049943635,34.34119146070731,0.8894930873072123,34.36195674995704,0.8899361760329998,0.020765289249730756,0.00044308872578746605,0.7465249453753842,0.7672902346251149
CityAlley_6_11s,CityAlley,524,112,False,33.59022573492886,0.8849505622012485,34.33258183084409,0.8897028119877716,34.35374712637848,0.8901774075272585,0.02116529553438795,0.0004745955394869217,0.742356095915234,0.763521391449622
CityAlley_6_11s,CityAlley,526,113,True,33.59220729952628,0.8848841797394061,34.34142129497299,0.889678636689317,34.362089842952706,0.8901318969229048,0.02066854797971729,0.00045326023358782663,0.7492139954467092,0.7698825434264265
CityAlley_6_11s,CityAlley,528,114,False,33.59240014787364,0.8848349778471165,34.33938185504624,0.889630532060921,34.36036333148081,0.8900879401118915,0.020981476434570823,0.0004574080509704981,0.7469817071726013,0.7679631836071721
CityAlley_6_11s,CityAlley,530,115,False,33.58850385868938,0.8850849594711908,34.33132157773885,0.8898282069024729,34.35214198180013,0.8902953956453536,0.020820404061282716,0.0004671887428807642,0.7428177190494694,0.7636381231107521
CityAlley_6_11s,CityAlley,532,116,False,33.59398092542124,0.8850246760388616,34.34154320083424,0.8898364064400437,34.36147805813357,0.8902713215696888,0.019934857299332975,0.00043491512964510814,0.7475622754129958,0.7674971327123288
CityAlley_6_11s,CityAlley,534,117,False,33.58700191670406,0.8850507880768296,34.330662771913005,0.8897928783153826,34.3516952348051,0.890265483662039,0.021032462892094372,0.0004726053466563851,0.7436608552089439,0.7646933181010382
CityAlley_6_11s,CityAlley,536,118,False,33.589037594864585,0.8851259932486338,34.33387241423893,0.8899175512062634,34.35458786669078,0.8903678248069038,0.020715452451845806,0.0004502736006404273,0.744834819374347,0.7655502718261928
CityAlley_6_11s,CityAlley,538,119,True,33.58003542403046,0.8848400554012968,34.327642770858176,0.8896645671293856,34.348224586940546,0.8900987128861506,0.02058181608236964,0.0004341457567650364,0.7476073468277136,0.7681891629100832
CityAlley_6_11s,CityAlley,540,120,False,33.57193612324658,0.8849442426860274,34.31526508198549,0.8897065915428315,34.3361031385848,0.8901653158074433,0.020838056599309596,0.0004587242646117984,0.7433289587389069,0.7641670153382165
CityAlley_6_11s,CityAlley,542,121,False,33.57678498456879,0.8850375752564992,34.32338343310066,0.8898534710970869,34.34305789037042,0.8902862716750012,0.01967445726975825,0.00043280057791428295,0.74659844853187,0.7662729058016282
CityAlley_6_11s,CityAlley,544,122,False,33.57582844560813,0.8849182169430845,34.323126732853446,0.8897327019899514,34.343692644162125,0.8901980897944638,0.020565911308679574,0.00046538780451244044,0.7472982872453144,0.767864198553994
CityAlley_6_11s,CityAlley,546,123,False,33.569496301559205,0.8850983522202289,34.31406246019329,0.8898791612174753,34.334573765822334,0.8903457380751731,0.02051130562904291,0.000466576857697798,0.7445661586340862,0.7650774642631291
CityAlley_6_11s,CityAlley,548,124,True,33.56539897128468,0.8849497270084723,34.31177803529486,0.8897408343900953,34.33157178362975,0.8902046275442378,0.019793748334890893,0.0004637931541424667,0.7463790640101777,0.7661728123450686
FlowerFocus_0_5s,FlowerFocus,0,0,True,38.97842603912789,0.8907081831715078,39.009099984445086,0.8914545626641169,39.04514660272267,0.892248220812203,0.03604661827758093,0.0007936581480860738,0.030673945317197138,0.06672056359477807
FlowerFocus_0_5s,FlowerFocus,2,1,False,38.99209265651507,0.8907895063885976,39.01630996452849,0.8914609900103415,39.05207597225166,0.8922541161743187,0.035766007723168514,0.000793126163977198,0.02421730801341937,0.05998331573658788
FlowerFocus_0_5s,FlowerFocus,4,2,False,38.93370006353832,0.8901608344325678,38.977700834994394,0.8911033674896581,39.013520069828076,0.8918948217191706,0.035819234833681435,0.0007914542295124338,0.04400077145607639,0.07982000628975783
FlowerFocus_0_5s,FlowerFocus,6,3,False,38.84903088721217,0.889315112795161,38.91778035250161,0.8905829326191474,38.954636967775,0.8914023570369723,0.036856615273393345,0.0008194244178248988,0.06874946528943582,0.10560608056282916
FlowerFocus_0_5s,FlowerFocus,8,4,False,38.73902665880469,0.8880548158902968,38.82875259779359,0.8896224906537628,38.862984527562226,0.8903876386530499,0.034231929768637315,0.0007651479992871746,0.08972593898889869,0.123957868757536
FlowerFocus_0_5s,FlowerFocus,10,5,True,38.896344674061474,0.8898170110187484,38.951219936444986,0.8909914859405684,38.98768192556298,0.8917968068471261,0.036461989117995586,0.000805320906557716,0.05487526238351137,0.09133725150150696
FlowerFocus_0_5s,FlowerFocus,12,6,False,38.83605905955788,0.8891926098478569,38.91076912238813,0.8906078926261567,38.947823621362794,0.8914327351967747,0.037054498974661954,0.0008248425706179896,0.07471006283024906,0.11176456180491101
FlowerFocus_0_5s,FlowerFocus,14,7,False,38.90569770141446,0.8898159814112798,38.95819076089547,0.8909837929804192,38.993950426370226,0.891774380474688,0.03575966547475673,0.0007905874942688573,0.052493059481008686,0.08825272495576542
FlowerFocus_0_5s,FlowerFocus,16,8,False,38.76993283672132,0.8885714691865183,38.85437304169105,0.8900062739960678,38.889890845931774,0.8907945618676668,0.035517804240726036,0.0007882878715990138,0.08444020496973081,0.11995800921045685
FlowerFocus_0_5s,FlowerFocus,18,9,False,38.82173644813512,0.889220593827856,38.89359509072407,0.8904005486583069,38.93080133671518,0.891220377271576,0.03720624599110778,0.0008198286132691246,0.0718586425889498,0.10906488858005758
FlowerFocus_0_5s,FlowerFocus,20,10,False,38.87769235185604,0.8897203270516871,38.932585346402504,0.8906520006685391,38.96829285671736,0.8914473875710223,0.035707510314857416,0.0007953869024831528,0.05489299454646357,0.09060050486132099
FlowerFocus_0_5s,FlowerFocus,22,11,True,38.950050178501996,0.8903048030748562,38.983363013528525,0.8909838284750282,39.020459063748014,0.8918059280849959,0.03709605021948903,0.000822099609967708,0.033312835026528376,0.0704088852460174
FlowerFocus_0_5s,FlowerFocus,24,12,False,38.940522866075085,0.890124400533578,38.976638356654576,0.8908410724773514,39.01301353976444,0.8916485791134541,0.0363751831098611,0.0008075066361026284,0.03611549057949048,0.07249067368935158
FlowerFocus_0_5s,FlowerFocus,26,13,False,38.86932694676852,0.8892784801440099,38.916961281138576,0.8901094933341885,38.953298371012586,0.890912727210003,0.036337089874010076,0.0008032338758144908,0.04763433437005915,0.08397142424406923
FlowerFocus_0_5s,FlowerFocus,28,14,False,38.81711814146966,0.8889550990736645,38.88126669620018,0.8900271040972662,38.914417437376706,0.8907545923945781,0.033150741176527276,0.0007274882973119512,0.06414855473051517,0.09729929590704245
FlowerFocus_0_5s,FlowerFocus,30,15,False,38.84638635032481,0.8892914937796536,38.910476068533136,0.8904024308715442,38.94700813372188,0.8912106490630074,0.03653206518874441,0.0008082181914631503,0.06408971820832221,0.10062178339706662
FlowerFocus_0_5s,FlowerFocus,32,16,True,38.92355251418469,0.8900399503946224,38.97115000106928,0.8910507664544507,39.00763002019747,0.8918560827249821,0.03648001912818444,0.0008053162705313754,0.04759748688459098,0.08407750601277542
FlowerFocus_0_5s,FlowerFocus,34,17,False,38.89647034556758,0.8896465799896585,38.95241017053308,0.8908410170259333,38.988295151998564,0.8916291068533381,0.03588498146548602,0.0007880898274047476,0.055939824965498985,0.091824806430985
FlowerFocus_0_5s,FlowerFocus,36,18,False,38.87773821463248,0.8894052563196921,38.93818641988523,0.8906316630830216,38.973367393536606,0.8914068474412878,0.03518097365137862,0.0007751843582662898,0.0604482052527473,0.09562917890412592
FlowerFocus_0_5s,FlowerFocus,38,19,False,38.81854666557694,0.8889066251224538,38.8961429375136,0.8903243337480677,38.9311928935922,0.8910980103478832,0.035049956078594846,0.0007736765998154205,0.07759627193666319,0.11264622801525803
FlowerFocus_0_5s,FlowerFocus,40,20,False,38.76175246698708,0.8883713577836861,38.843124368438765,0.8897358236211346,38.8784864313683,0.8905222757168002,0.035362062929536364,0.0007864520956656351,0.08137190145168205,0.11673396438121841
FlowerFocus_0_5s,FlowerFocus,42,21,False,38.80937077690488,0.8889301461605722,38.87778055477236,0.8900476894922625,38.913860989719986,0.8908509033355397,0.03608043494762825,0.0008032138432771951,0.0684097778674797,0.10449021281510795
FlowerFocus_0_5s,FlowerFocus,44,22,True,38.89860169159548,0.8897690057931313,38.94999759669677,0.8906944862890974,38.984982642324326,0.8914709017516073,0.034985045627557554,0.0007764154625098385,0.05139590510128755,0.08638095072884511
FlowerFocus_0_5s,FlowerFocus,46,23,False,38.92476482494792,0.8899923034294519,38.965538250609924,0.8907897439646146,39.001536594897466,0.8915928907235529,0.035998344287541784,0.0008031467589382224,0.04077342566200315,0.07677176994954493
FlowerFocus_0_5s,FlowerFocus,48,24,False,38.85006434794482,0.8892052455385816,38.90451102039472,0.8901326411606916,38.940728589698075,0.8909361579082814,0.036217569303353514,0.0008035167475898275,0.05444667244989887,0.09066424175325238
FlowerFocus_0_5s,FlowerFocus,50,25,False,38.97256831508407,0.8903748692836556,38.99696825015164,0.890979077578088,39.03269684985548,0.8917753658973379,0.035728599703844566,0.0007962883192498271,0.024399935067570766,0.06012853477141533
FlowerFocus_0_5s,FlowerFocus,52,26,False,38.92928792049145,0.8900981659278043,38.97160307057713,0.8909840831124111,39.006923125968726,0.8917689502956097,0.035320055391593996,0.0007848671831985898,0.04231515008568465,0.07763520547727865
FlowerFocus_0_5s,FlowerFocus,54,27,True,38.929792546205434,0.8902201805881963,38.973479363721346,0.8910946348791635,39.00942434735634,0.8918836150174929,0.03594498363499099,0.0007889801383293982,0.04368681751591197,0.07963180115090296
FlowerFocus_0_5s,FlowerFocus,56,28,False,39.017209447503916,0.8907838996497818,39.02060365739266,0.8911780210310104,39.05797432040299,0.8920134366420842,0.03737066301032854,0.0008354156110738087,0.003394209888746502,0.040764872899075044
FlowerFocus_0_5s,FlowerFocus,58,29,False,38.94709615758825,0.8905353588901535,38.99138363677543,0.8914855307780463,39.02768716065099,0.892286453240097,0.03630352387556002,0.0008009224620507682,0.04428747918718301,0.08059100306274303
FlowerFocus_0_5s,FlowerFocus,60,30,False,38.91528819168089,0.8902844031805439,38.97063424847874,0.8913261955855523,39.00720960325334,0.8921381000263189,0.03657535477459817,0.0008119044407666198,0.05534605679785187,0.09192141157245004
FlowerFocus_0_5s,FlowerFocus,62,31,False,38.93663082631466,0.8905955037720866,38.98780781608728,0.8915708087721214,39.02428884390214,0.8923801630417938,0.03648102781485818,0.0008093542696724354,0.051176989772621084,0.08765801758747926
FlowerFocus_0_5s,FlowerFocus,64,32,True,38.83797699030522,0.8896632051470198,38.90521498751121,0.890727616109745,38.94154481425246,0.891547333740908,0.036329826741251736,0.0008197176311629528,0.06723799720598578,0.10356782394723751
FlowerFocus_0_5s,FlowerFocus,66,33,False,38.87397498872876,0.8899513184014753,38.931644488867846,0.8909012273370545,38.968666287027915,0.8917286695996187,0.0370217981600689,0.0008274422625642597,0.05766950013908456,0.09469129829915346
FlowerFocus_0_5s,FlowerFocus,68,34,False,38.91000942916689,0.8903640575508185,38.95992316319515,0.8911938050757842,38.99773516037081,0.8920322727864193,0.03781199717565897,0.0008384677106351157,0.049913734028258716,0.08772573120391769
FlowerFocus_0_5s,FlowerFocus,70,35,False,38.88941329205832,0.8901238665345579,38.94523486801715,0.8910264839808644,38.98117285601987,0.8918321950356446,0.03593798800271486,0.0008057110547802226,0.05582157595883075,0.09175956396154561
FlowerFocus_0_5s,FlowerFocus,72,36,False,38.84846575683994,0.8896587077631883,38.909086819899905,0.8906033916402128,38.945775156112774,0.8914318141776761,0.03668833621286893,0.0008284225374632914,0.060621063059961955,0.09730939927283089
FlowerFocus_0_5s,FlowerFocus,74,37,False,38.8387834185655,0.8895432597304707,38.89688662286329,0.8904662932966116,38.93349212357218,0.891295401711068,0.03660550070888746,0.000829108414456381,0.05810320429779381,0.09470870500668127
FlowerFocus_0_5s,FlowerFocus,76,38,True,38.86662076580312,0.8898095699840807,38.92411484694779,0.8907523482759936,38.95983500719184,0.8915448725970586,0.035720160244054,0.0007925243210650246,0.05749408114466803,0.09321424138872203
FlowerFocus_0_5s,FlowerFocus,78,39,False,38.9401635911916,0.8905707175989968,38.984439840459444,0.8913889022962379,39.02117427713955,0.8922030859835274,0.03673443668010634,0.0008141836872894714,0.04427624926784546,0.0810106859479518
FlowerFocus_0_5s,FlowerFocus,80,40,False,38.856928905248026,0.8898333206776415,38.9211993146794,0.8908592912285168,38.95793659319291,0.8916896562331018,0.03673727851351316,0.0008303650045849986,0.06427040943137285,0.10100768794488602
FlowerFocus_0_5s,FlowerFocus,82,41,False,38.86490617152337,0.8899601858516879,38.93016974860798,0.8910041543751196,38.96753485274586,0.8918416842790922,0.037365104137876415,0.000837529903972567,0.0652635770846075,0.10262868122248392
FlowerFocus_0_5s,FlowerFocus,84,42,False,38.80861034783943,0.8895066993755159,38.88572174987764,0.8907246713007007,38.92108919263285,0.8915117839146598,0.03536744275520931,0.00078711261395914,0.07711140203820577,0.11247884479341508
FlowerFocus_0_5s,FlowerFocus,86,43,True,38.83731818067052,0.8896834184386624,38.904001475105694,0.8907550990825851,38.9403087910878,0.8915671760376277,0.036307315982107013,0.0008120769550425955,0.06668329443517251,0.10299061041727953
FlowerFocus_0_5s,FlowerFocus,88,44,False,38.94126748753105,0.8906777884138984,38.988374594484554,0.8915441286576151,39.02463171865881,0.8923497249726103,0.03625712417425575,0.0008055963149952161,0.047107106953504285,0.08336423112776004
FlowerFocus_0_5s,FlowerFocus,90,45,False,38.92285345118731,0.8905905346624736,38.975622788996226,0.8915119933509636,39.01226255086994,0.8923240059055746,0.036639761873715315,0.0008120125546109414,0.05276933780891824,0.08940909968263355
FlowerFocus_0_5s,FlowerFocus,92,46,False,38.951046922417476,0.8906818650705969,38.99273447796156,0.8914981361236233,39.02899703355937,0.8923080311449633,0.036262555597808444,0.0008098950213399903,0.04168755554408676,0.0779501111418952
FlowerFocus_0_5s,FlowerFocus,94,47,False,38.94520221644928,0.8906757208645492,38.990878132083424,0.8915358046088708,39.02808996100698,0.892362137774615,0.037211828923553014,0.0008263331657442086,0.04567591563414197,0.08288774455769499
FlowerFocus_0_5s,FlowerFocus,96,48,False,38.89106968881242,0.8900711235421184,38.94732437592112,0.8910421972017252,38.98452553132613,0.8918662800656807,0.03720115540500757,0.000824082863955522,0.056254687108697965,0.09345584251370553
FlowerFocus_0_5s,FlowerFocus,98,49,True,38.92735190133124,0.8904854938020378,38.97832334172941,0.8914182978156403,39.014549084124184,0.8922130253315647,0.03622574239477672,0.0007947275159243539,0.0509714403981647,0.08719718279294142
FlowerFocus_0_5s,FlowerFocus,100,50,False,38.96676073459287,0.8908038340847821,39.003290846210476,0.8915601795349934,39.04009961672116,0.8923722949960935,0.036808770510681654,0.0008121154611000492,0.03653011161760844,0.0733388821282901
FlowerFocus_0_5s,FlowerFocus,102,51,False,38.9503475143617,0.8905508360371887,38.992055904514864,0.891429337562643,39.0284986608274,0.8922394611445718,0.036442756312538904,0.0008101235819287789,0.04170839015316119,0.0781511464657001
FlowerFocus_0_5s,FlowerFocus,104,52,False,38.95283197270086,0.890608916913233,38.99452414658831,0.8914377201691007,39.03037500513011,0.8922297667837269,0.03585085854179937,0.000792046614626174,0.04169217388745494,0.07754303242925431
FlowerFocus_0_5s,FlowerFocus,106,53,False,38.92220522103746,0.8903273057023832,38.96801375250122,0.8911706056798798,39.005415413243156,0.8920076918215807,0.03740166074193496,0.0008370861417008602,0.04580853146376285,0.08321019220569781
FlowerFocus_0_5s,FlowerFocus,108,54,True,38.833415432759296,0.8893706969556632,38.8931916929356,0.8903395954262976,38.92906147555139,0.8911399200332237,0.03586978261579077,0.0008003246069261394,0.05977626017630655,0.09564604279209732
FlowerFocus_0_5s,FlowerFocus,110,55,False,38.83096130743499,0.8892589525011902,38.89285026420257,0.8902790763369417,38.92811947164776,0.8910656921205662,0.035269207445189465,0.0007866157836244891,0.061888956767582215,0.09715816421277168
FlowerFocus_0_5s,FlowerFocus,112,56,False,38.82880808644557,0.8893767461443799,38.8931932082117,0.8904226465257825,38.92934687323378,0.891229380495363,0.03615366502208417,0.0008067339695805309,0.06438512176612932,0.10053878678821349
FlowerFocus_0_5s,FlowerFocus,114,57,False,38.81439933698235,0.8891882587821093,38.88332331484962,0.8903290559535547,38.91972570255055,0.8911368603407611,0.03640238770093163,0.0008078043872064011,0.06892397786727145,0.10532636556820307
FlowerFocus_0_5s,FlowerFocus,116,58,False,38.79307506977233,0.8890155015305187,38.87097883955793,0.8903116765863255,38.90645917389749,0.8911010358669227,0.035480334339560216,0.0007893592805972016,0.07790376978559976,0.11338410412515998
FlowerFocus_0_5s,FlowerFocus,118,59,True,38.74062953449199,0.8882762813429883,38.82801482784289,0.8897236680838214,38.86256935546659,0.8904964982528993,0.034554527623697595,0.0007728301690779205,0.08738529335090561,0.12193982097460321
FlowerFocus_0_5s,FlowerFocus,120,60,False,38.79505299226545,0.8888802793884736,38.87398894317018,0.8902606443319189,38.910466750467585,0.8910724002186834,0.03647780729740191,0.0008117558867645203,0.07893595090473582,0.11541375820213773
FlowerFocus_0_5s,FlowerFocus,122,61,False,38.74343629621137,0.8883609222395663,38.835059887313584,0.8899133200331819,38.86978797913101,0.8906879989109853,0.03472809181742775,0.0007746788778033586,0.09162359110221274,0.1263516829196405
FlowerFocus_0_5s,FlowerFocus,124,62,False,38.7796680270136,0.8888021022176238,38.86324279190153,0.8902172935857845,38.89904782411276,0.8910235355793822,0.03580503221123621,0.0008062419935976894,0.0835747648879277,0.11937979709916391
FlowerFocus_0_5s,FlowerFocus,126,63,False,38.80551687355316,0.8891504556028632,38.88442898610828,0.890473205904133,38.92098517339113,0.8912775457275678,0.03655618728284793,0.0008043398234347521,0.07891211255512331,0.11546829983797124
FlowerFocus_0_5s,FlowerFocus,128,64,False,38.78969245509655,0.8889467917430015,38.86660037164869,0.8902273592604812,38.901655300016,0.8910151538971117,0.03505492836731605,0.0007877946366304789,0.07690791655213758,0.11196284491945363
FlowerFocus_0_5s,FlowerFocus,130,65,True,38.8133504006455,0.8892083797541155,38.8837328529015,0.8903664551332706,38.919081114745524,0.8911571634539935,0.03534826184402107,0.0007907083207229215,0.07038245225600548,0.10573071410002655
FlowerFocus_0_5s,FlowerFocus,132,66,False,38.81642297477126,0.8892752773942454,38.88394989033699,0.8903657347768555,38.92003151505015,0.891178919768076,0.036081624713155236,0.0008131849912204059,0.06752691556573609,0.10360854027889133
FlowerFocus_0_5s,FlowerFocus,134,67,False,38.86723018732479,0.8897553767951645,38.92762681350275,0.8907734170738575,38.964318228551186,0.8915789262909914,0.03669141504843765,0.0008055092171339595,0.060396626177954715,0.09708804122639236
FlowerFocus_0_5s,FlowerFocus,136,68,False,38.94112365999686,0.8904766087432057,38.98685072673046,0.8913851242732592,39.023373125524515,0.8921960240135239,0.03652239879405528,0.0008108997402647145,0.04572706673359761,0.08224946552765289
FlowerFocus_0_5s,FlowerFocus,138,69,False,38.85050114560527,0.8895747868532746,38.919230184638735,0.8907636069374402,38.95530549224131,0.8915644577183691,0.03607530760257305,0.0008008507809289522,0.06872903903346383,0.10480434663603688
FlowerFocus_0_5s,FlowerFocus,140,70,True,38.77741663651086,0.8888242101564408,38.86161959949932,0.8902290470750096,38.8972244509813,0.8910192092663983,0.03560485148197756,0.0007901621913887213,0.08420296298846353,0.11980781447044109
FlowerFocus_0_5s,FlowerFocus,142,71,False,38.69188527990037,0.887589038147905,38.78663552421463,0.8892047413810938,38.82194009912707,0.8899957441225362,0.03530457491243766,0.0007910027414423926,0.09475024431426249,0.13005481922670015
FlowerFocus_0_5s,FlowerFocus,144,72,False,38.75073254039201,0.8882773780673022,38.840772042750466,0.8898594490242517,38.87641134668289,0.8906510327200188,0.035639303932427424,0.0007915836957670397,0.09003950235845792,0.12567880629088535
FlowerFocus_0_5s,FlowerFocus,146,73,False,38.73701890142002,0.8880042792765135,38.83046087844912,0.8896640026989319,38.863709387028806,0.8903987126849872,0.03324850857968897,0.000734709986055293,0.0934419770290944,0.12669048560878338
FlowerFocus_0_5s,FlowerFocus,148,74,False,38.737745210474436,0.8881505746282959,38.82850583117635,0.8897185903269941,38.864357034663136,0.8905222734121141,0.03585120348678572,0.0008036830851200216,0.09076062070191426,0.12661182418869998
FlowerFocus_0_5s,FlowerFocus,150,75,True,38.81535215440184,0.889138056087362,38.8937601479839,0.8905125528232319,38.92911157635256,0.891296256988175,0.03535142836866356,0.0007837041649431109,0.0784079935820543,0.11375942195071787
FlowerFocus_0_5s,FlowerFocus,152,76,False,38.77424055345796,0.8886401109079038,38.85635053863393,0.8900123280251699,38.891792876682224,0.8907965542299703,0.03544233804829133,0.0007842262048003423,0.08210998517597545,0.11755232322426679
FlowerFocus_0_5s,FlowerFocus,154,77,False,38.79331532716117,0.8888566759792248,38.86897313668159,0.8901398325655498,38.90410856960056,0.8909241798437935,0.035135432918970366,0.0007843472782436134,0.07565780952042189,0.11079324243939226
FlowerFocus_0_5s,FlowerFocus,156,78,False,38.7852737465603,0.8888221915435613,38.8617682770385,0.8900816801932984,38.89739558681216,0.8908915002383551,0.03562730977365902,0.0008098200450566972,0.07649453047820032,0.11212184025185934
FlowerFocus_0_5s,FlowerFocus,158,79,False,38.80327480457877,0.8889765651381382,38.878641099037495,0.8902454353637752,38.91339018067892,0.8910299260608168,0.03474908164142221,0.0007844906970415622,0.07536629445872478,0.11011537610014699
FlowerFocus_0_5s,FlowerFocus,160,80,False,38.88907228638378,0.8898361399553304,38.95156899275,0.891018797540906,38.987397185111895,0.8918127292321785,0.03582819236189749,0.0007939316912725092,0.06249670636621829,0.09832489872811578
FlowerFocus_0_5s,FlowerFocus,162,81,True,38.86354985739989,0.889663984093629,38.93339481644077,0.8909269122163554,38.969203522820514,0.8917181215489044,0.03580870637974698,0.0007912093325489478,0.06984495904087851,0.10565366542062549
FlowerFocus_0_5s,FlowerFocus,164,82,False,38.9111914640683,0.8900046971624805,38.96886653804442,0.8911828732940781,39.005466208297534,0.8919965624266815,0.03659967025311062,0.000813689132603379,0.05767507397612093,0.09427474422923154
FlowerFocus_0_5s,FlowerFocus,166,83,False,38.84809820846738,0.8893081195745024,38.919287603636235,0.8906578024798917,38.95481006084589,0.8914428747699673,0.03552245720965175,0.000785072290075628,0.07118939516885803,0.10671185237850978
FlowerFocus_0_5s,FlowerFocus,168,84,False,38.66809585106546,0.8870749418275126,38.76524646939998,0.8888081290966395,38.79982145660206,0.8895954030608425,0.03457498720207752,0.0007872739642029725,0.0971506183345241,0.13172560553660162
FlowerFocus_0_5s,FlowerFocus,170,85,False,38.68027758049514,0.8873136551227155,38.77817580387178,0.8890199912358706,38.812824849867496,0.8898037574001287,0.034649045995713834,0.0007837661642581262,0.09789822337664589,0.13254726937235972
FlowerFocus_0_5s,FlowerFocus,172,86,True,38.91198021566163,0.8900111308576183,38.96577154897682,0.8911415767942192,39.00120777187548,0.8919172414306136,0.03543622289866022,0.0007756646363943354,0.05379133331518915,0.08922755621384937
FlowerFocus_0_5s,FlowerFocus,174,87,False,38.98814517680679,0.8906559459686346,39.0084528873201,0.8913164587221648,39.044852185526736,0.8921197259768553,0.03639929820663923,0.0008032672546904873,0.020307710513307597,0.05670700871994683
FlowerFocus_0_5s,FlowerFocus,176,88,False,38.97287298418225,0.8907092978218243,39.00494085805235,0.891493472942401,39.04088607035955,0.8922925219778944,0.035945212307197494,0.0007990490354934376,0.032067873870097685,0.06801308617729518
FlowerFocus_0_5s,FlowerFocus,178,89,False,38.94513940600219,0.8904819178923769,38.98908118672382,0.891396172227834,39.02564475315285,0.8922072720007871,0.03656356642902381,0.0008110997729531277,0.043941780721631574,0.08050534715065538
FlowerFocus_0_5s,FlowerFocus,180,90,False,38.8718448223029,0.889866557323545,38.93474826313198,0.8909710980387214,38.97032472349278,0.8917624693981457,0.035576460360800866,0.0007913713594243088,0.06290344082908206,0.09847990118988292
FlowerFocus_0_5s,FlowerFocus,182,91,False,38.84950627110709,0.8898267582482662,38.91269826901851,0.8908608271362461,38.94939928361981,0.8916830526066429,0.03670101460129871,0.0008222254703967868,0.06319199791142438,0.09989301251272309
FlowerFocus_0_5s,FlowerFocus,184,92,True,38.866806576648955,0.890048313703541,38.933318985937674,0.8911594456924061,38.97019708942209,0.8919669085438465,0.036878103484419,0.0008074628514403992,0.06651240928871971,0.10339051277313871
FlowerFocus_0_5s,FlowerFocus,186,93,False,38.89822753699712,0.8903657207475352,38.958615752782165,0.891431599226206,38.9962025744182,0.8922624744490801,0.03758682163603311,0.0008308752228741723,0.060388215785046384,0.09797503742107949
FlowerFocus_0_5s,FlowerFocus,188,94,False,38.84404661559288,0.8898367763216946,38.918088631521215,0.8910979428504621,38.9548651344498,0.8919095159267214,0.03677650292858203,0.000811573076259342,0.07404201592833459,0.11081851885691663
FlowerFocus_0_5s,FlowerFocus,190,95,False,38.753468990600574,0.8887137117980718,38.844515460633446,0.8902720455106645,38.88017989556192,0.8910739520095536,0.03566443492847782,0.0008019064988891156,0.0910464700328717,0.1267109049613495
FlowerFocus_0_5s,FlowerFocus,192,96,False,38.71108511539085,0.8880854424015197,38.811173674378935,0.8898203996482875,38.84604283553942,0.8906052062221477,0.03486916116048633,0.0007848065738601528,0.10008855898808378,0.1349577201485701
FlowerFocus_0_5s,FlowerFocus,194,97,True,38.81823147124042,0.8895321286572612,38.90494351617061,0.8910818594903828,38.94117817728548,0.8918860584019903,0.03623466111486806,0.0008041989116075454,0.08671204493018791,0.12294670604505598
FlowerFocus_0_5s,FlowerFocus,196,98,False,38.90237335645282,0.8903624267055348,38.96833306975824,0.8916747588213868,39.00513248788606,0.8925005220842053,0.036799418127820616,0.0008257632628184686,0.06595971330541772,0.10275913143323834
FlowerFocus_0_5s,FlowerFocus,198,99,False,38.93794133020015,0.8908126044657484,38.990533779405304,0.8919447809738703,39.02779331136355,0.892769323999129,0.037259531958248715,0.0008245430252586949,0.052592449205157266,0.08985198116340598
FlowerFocus_0_5s,FlowerFocus,200,100,False,38.9121109061057,0.8906353436956479,38.97533594267369,0.8918426620655107,39.01315314767605,0.8926809372152117,0.037817205002362186,0.0008382751497010288,0.06322503656798517,0.10104224157034736
FlowerFocus_0_5s,FlowerFocus,202,101,False,38.821373266286116,0.8897692508307272,38.90071327615529,0.8910837312344212,38.937472113265116,0.8918966496219697,0.0367588371098293,0.0008129183875484891,0.07934000986917056,0.11609884697899986
FlowerFocus_0_5s,FlowerFocus,204,102,True,38.92465168706196,0.891083836653542,38.984183680629144,0.8920565812326018,39.02227509064025,0.8929088552404401,0.03809141001110561,0.0008522740078382718,0.05953199356718386,0.09762340357828947
FlowerFocus_0_5s,FlowerFocus,206,103,False,38.98532352407594,0.8915949235642205,39.026252166486145,0.8923468566071306,39.06359878956533,0.8931650274332562,0.03734662307918768,0.0008181708261255638,0.04092864241020777,0.07827526548939545
FlowerFocus_0_5s,FlowerFocus,208,104,False,38.982003613176566,0.8916769341730503,39.02090963445674,0.8923231762462214,39.05892583146018,0.8931621317097019,0.0380161970034365,0.0008389554634805618,0.03890602128017662,0.07692221828361312
FlowerFocus_0_5s,FlowerFocus,210,105,False,38.92777592245247,0.8912610889278081,38.97716228961758,0.891978206882191,39.01478288762285,0.892811891942398,0.037620598005268846,0.000833685060206979,0.04938636716511269,0.08700696517038153
FlowerFocus_0_5s,FlowerFocus,212,106,False,39.0447568621843,0.8923805611044419,39.07107926116031,0.8929032057289988,39.10880749002287,0.8937343669894285,0.03772822886256222,0.0008311612604297025,0.02632239897600641,0.06405062783856863
FlowerFocus_0_5s,FlowerFocus,214,107,False,39.04977091007196,0.8923761060234064,39.074335551667005,0.8929152852468101,39.11200641427013,0.8937490242224518,0.03767086260312169,0.0008337389756417624,0.024564641595041792,0.06223550419816348
FlowerFocus_0_5s,FlowerFocus,216,108,True,39.04090756087664,0.8924426638192289,39.07304898338242,0.893077777582895,39.11176346690725,0.8939279626657,0.03871448352482787,0.0008501850828049884,0.03214142250578078,0.07085590603060865
FlowerFocus_0_5s,FlowerFocus,218,109,False,38.96226883414383,0.8918063902823694,39.01875323519961,0.8927298120111574,39.057828739498525,0.8935966210714507,0.039075504298914154,0.0008668090602932388,0.05648440105578345,0.0955599053546976
FlowerFocus_0_5s,FlowerFocus,220,110,False,38.86677187378324,0.8908222050809352,38.94295355501932,0.892025744999638,38.97968435989337,0.8928386532064564,0.036730804874046896,0.0008129082068183413,0.07618168123607916,0.11291248611012605
FlowerFocus_0_5s,FlowerFocus,222,111,False,38.91766936471258,0.8913702860084803,38.982071598866,0.8924041526760165,39.02058467270075,0.8932554441842235,0.03851307383474989,0.0008512915082070638,0.06440223415341961,0.1029153079881695
FlowerFocus_0_5s,FlowerFocus,224,112,False,38.969057417916545,0.8920594370430902,39.02670262246503,0.8929957418101605,39.065484779651534,0.8938434639988377,0.03878215718650324,0.0008477221886772357,0.05764520454848565,0.09642736173498889
FlowerFocus_0_5s,FlowerFocus,226,113,True,38.96696417288631,0.8920157185545308,39.021927068923794,0.8928808029621554,39.06060479800192,0.8937343807927124,0.038677729078123946,0.0008535778305569508,0.054962896037487496,0.09364062511561144
FlowerFocus_0_5s,FlowerFocus,228,114,False,38.98943820538229,0.8923498980541689,39.03643127288196,0.8930529337356407,39.07618439388369,0.8939293735922322,0.03975312100173056,0.0008764398565915821,0.04699306749967036,0.08674618850140092
FlowerFocus_0_5s,FlowerFocus,230,115,False,38.947696327184126,0.8919512214735678,38.99507376899922,0.8926180969016143,39.03443660248894,0.8934952399744686,0.039362833489718696,0.0008771430728542473,0.047377441815093846,0.08674027530481254
FlowerFocus_0_5s,FlowerFocus,232,116,False,39.03801611495749,0.8927935743828092,39.07186700337648,0.8933558116557841,39.110682751560375,0.8942136622439384,0.038815748183893106,0.0008578505881542409,0.0338508884189892,0.0726666366028823
FlowerFocus_0_5s,FlowerFocus,234,117,False,39.030314013311155,0.8926515318156357,39.062393514241535,0.8931909809442515,39.10237907033229,0.8940792327529965,0.03998555609075538,0.0008882518087449665,0.03207950093037937,0.07206505702113475
FlowerFocus_0_5s,FlowerFocus,236,118,False,39.12140600345764,0.8936795334357717,39.132593623510374,0.8939307252636379,39.173156313441595,0.8948303767602195,0.04056268993122103,0.000899651496581555,0.011187620052730551,0.05175030998395158
FlowerFocus_0_5s,FlowerFocus,238,119,True,39.050802789241104,0.8931650950974175,39.08237938077124,0.8936365463930599,39.12259741830602,0.8945190580831676,0.04021803753477826,0.0008825116901076679,0.03157659153013981,0.07179462906491807
FlowerFocus_0_5s,FlowerFocus,240,120,False,38.99832341711881,0.8927571754284348,39.03955445365003,0.8932647353172696,39.07942191115032,0.8941444345157233,0.03986745750029286,0.000879699198453765,0.04123103653121518,0.08109849403150804
FlowerFocus_0_5s,FlowerFocus,242,121,False,39.108846504097606,0.8938725348428153,39.128615988601545,0.8942531074361331,39.168482362164134,0.8951340063890638,0.03986637356258882,0.0008808989529307532,0.01976948450393934,0.05963585806652816
FlowerFocus_0_5s,FlowerFocus,244,122,False,39.1769009193429,0.894498338167607,39.16841657440595,0.8945526992962732,39.21059366171003,0.8954862138400016,0.042177087304075656,0.0009335145437283643,-0.008484344936945831,0.033692742367129824
FlowerFocus_0_5s,FlowerFocus,246,123,False,39.199760059189536,0.8945891389454333,39.1818475632289,0.8945068921044181,39.22266597998886,0.8954224268903259,0.04081841675996145,0.0009155347859077789,-0.01791249596063693,0.02290592079932452
FlowerFocus_0_5s,FlowerFocus,248,124,True,39.19516921469508,0.8949183736760481,39.18295470721507,0.8948973898609958,39.22538854724011,0.8958369504241179,0.04243384002504058,0.000939560563122166,-0.012214507480010184,0.030219332545030397
FlowerFocus_6_11s,FlowerFocus,300,0,True,39.119831683607025,0.8961281922575346,39.16388889729146,0.8966575236691741,39.21037963974164,0.8976906283324098,0.0464907424501817,0.0010331046632356955,0.044057213684432384,0.09054795613461408
FlowerFocus_6_11s,FlowerFocus,302,1,False,39.385707955155304,0.8987469877226156,39.357310769622096,0.8983748737809794,39.40458652672456,0.8994062799518157,0.04727575710246157,0.001031406170836302,-0.028397185533208358,0.01887857156925321
FlowerFocus_6_11s,FlowerFocus,304,2,False,39.400056481071104,0.8987432327973394,39.36780866867629,0.898305717722375,39.41650974831588,0.8993810714440632,0.04870107963959214,0.0010753537216882103,-0.032247812394814446,0.016453267244777692
FlowerFocus_6_11s,FlowerFocus,306,3,False,39.39081802696455,0.8984807154679859,39.35935264992459,0.8980803428955879,39.408413340206586,0.899155314338663,0.049060690281997665,0.0010749714430751123,-0.03146537703996444,0.017595313242033228
FlowerFocus_6_11s,FlowerFocus,308,4,False,39.38966305240918,0.8985215667436917,39.35909778409815,0.8981617429996633,39.406111447591464,0.8991969084537613,0.047013663493316926,0.001035165454097986,-0.030565268311036675,0.01644839518228025
FlowerFocus_6_11s,FlowerFocus,310,5,True,39.323812061205146,0.8982420885055393,39.328158479154524,0.8983211016395088,39.3764006522202,0.8993600520004695,0.04824217306567391,0.0010389503609606887,0.0043464179493781785,0.05258859101505209
FlowerFocus_6_11s,FlowerFocus,312,6,False,39.190234357417154,0.8967310786845483,39.227685104615134,0.8972312711155962,39.275710535715824,0.8982688536142346,0.04802543110069024,0.0010375824986383897,0.037450747197979695,0.08547617829866994
FlowerFocus_6_11s,FlowerFocus,314,7,False,39.38197344045403,0.8990670684489723,39.367962837167674,0.8989279829295483,39.417644173063245,0.8999958272656761,0.049681335895570555,0.0010678443361277212,-0.014010603286358503,0.03567073260921205
FlowerFocus_6_11s,FlowerFocus,316,8,False,39.416162485250695,0.8992920445225698,39.38462341262757,0.898889306347384,39.43343862097421,0.8999458738928444,0.04881520834663888,0.0010565675454604628,-0.03153907262312572,0.017276135723513164
FlowerFocus_6_11s,FlowerFocus,318,9,False,39.40041274755572,0.8995627522570818,39.38424221125967,0.899360173384921,39.43485226011156,0.9004390444774143,0.05061004885189391,0.001078871092493272,-0.016170536296051807,0.0344395125558421
FlowerFocus_6_11s,FlowerFocus,320,10,False,39.34216812488236,0.899069031825518,39.351538180994005,0.8991874165556519,39.40283132137925,0.9002871695468141,0.05129314038524768,0.0010997529911621617,0.0093700561116421,0.06066319649688978
FlowerFocus_6_11s,FlowerFocus,322,11,True,39.14405321230763,0.8969371901987393,39.19127912973865,0.8974258466945333,39.24044943599196,0.8985018764196695,0.04917030625330909,0.0010760297251362072,0.047225917431021,0.0963962236843301
FlowerFocus_6_11s,FlowerFocus,324,12,False,39.41327520940988,0.9000128341048194,39.402899905720815,0.8998361636380163,39.455345421655,0.9009583786678274,0.05244551593418123,0.0011222150298110245,-0.010375303689066584,0.042070212245114647
FlowerFocus_6_11s,FlowerFocus,326,13,False,39.41677349023361,0.9000058947869874,39.402969982145,0.8997870335620404,39.45591409834538,0.9009237531483729,0.0529441162003792,0.0011367195863325463,-0.013803508088606975,0.039140608111772224
FlowerFocus_6_11s,FlowerFocus,328,14,False,39.46585168421835,0.900195231061273,39.429827806878166,0.8996996941934163,39.48110848080101,0.9008051539274097,0.05128067392284663,0.0011054597339933414,-0.03602387734018464,0.015256796582661991
FlowerFocus_6_11s,FlowerFocus,330,15,False,39.380485152698974,0.8997217787451037,39.38602153161229,0.8997404627358508,39.43810241415645,0.9008477628204747,0.05208088254415344,0.0011073000846238967,0.005536378913319595,0.057617261457473035
FlowerFocus_6_11s,FlowerFocus,332,16,True,39.31327588057045,0.8991239676413524,39.339290637789595,0.8993565966234345,39.390670478931035,0.9004548310618484,0.0513798411414399,0.0010982344384139475,0.026014757219144258,0.07739459836058415
FlowerFocus_6_11s,FlowerFocus,334,17,False,39.132579279902934,0.8969877723198872,39.18181935856599,0.8974746832824293,39.23147752155109,0.8985562370829591,0.049658162985103615,0.0010815538005297665,0.04924007866305402,0.09889824164815764
FlowerFocus_6_11s,FlowerFocus,336,18,False,39.34080399766137,0.8994230424824144,39.35998622429428,0.8995942308314678,39.41250900400896,0.9007011101287841,0.052522779714678336,0.0011068792973162322,0.019182226632914023,0.07170500634759236
FlowerFocus_6_11s,FlowerFocus,338,19,False,39.352743908319795,0.899670850673715,39.36991587703239,0.8997876522359782,39.42325847225008,0.9009195530414067,0.05334259521769269,0.0011319008054284652,0.017171968712595742,0.07051456393028843
FlowerFocus_6_11s,FlowerFocus,340,20,False,39.39084705571866,0.9002036202880663,39.398640218818684,0.9002031972450252,39.451902468625015,0.9013252407252507,0.05326224980633043,0.0011220434802254875,0.007793163100025424,0.061055412906355855
FlowerFocus_6_11s,FlowerFocus,342,21,False,39.279744310715024,0.8991194487910328,39.3121877192059,0.8993364124296939,39.36490711041201,0.9004688884978853,0.0527193912061108,0.0011324760681914459,0.032443408490877346,0.08516279969698815
FlowerFocus_6_11s,FlowerFocus,344,22,True,39.238667570657086,0.8988453179331298,39.27697753322983,0.899071912132868,39.33038233601242,0.9002258148278759,0.053404802782587524,0.0011539026950079245,0.03830996257274677,0.0917147653553343
FlowerFocus_6_11s,FlowerFocus,346,23,False,39.22543141718541,0.8988894785741769,39.26589740262408,0.8990923451116386,39.32024259248594,0.9002626824668568,0.054345189861862764,0.0011703373552182095,0.040465985438665086,0.09481117530052785
FlowerFocus_6_11s,FlowerFocus,348,24,False,39.36142397182409,0.9003426294948751,39.382198419949155,0.900377459615315,39.435169619834575,0.9014947113669411,0.05297119988541965,0.001117251751626136,0.020774448125067124,0.07374564801048678
FlowerFocus_6_11s,FlowerFocus,350,25,False,39.355248570927046,0.9002633968468492,39.376272292833875,0.9002942804749697,39.43000591152486,0.9014367156179732,0.05373361869098403,0.0011424351430034951,0.021023721906828996,0.07475734059781303
FlowerFocus_6_11s,FlowerFocus,352,26,False,39.46029345515578,0.9014389356302897,39.45733277284979,0.9011844846512772,39.513221878778516,0.9023602551846492,0.055889105928727645,0.0011757705333720336,-0.0029606823059893372,0.05292842362273831
FlowerFocus_6_11s,FlowerFocus,354,27,True,39.427781592089374,0.9011505348523389,39.43328439852998,0.9009789272936021,39.48866295734477,0.9021466678637952,0.05537855881479459,0.0011677405701930876,0.005502806440603081,0.06088136525539767
FlowerFocus_6_11s,FlowerFocus,356,28,False,39.398214380538526,0.9009493096764141,39.409561722119186,0.9008142355821809,39.46359597481959,0.9019626514286587,0.054034252700404295,0.001148415846477846,0.011347341580659531,0.06538159428106383
FlowerFocus_6_11s,FlowerFocus,358,29,False,39.32219163826104,0.9001383050586448,39.343506417702365,0.9000912533496117,39.39794694083372,0.9012585763685484,0.05444052313135472,0.001167323018936739,0.02131477944132598,0.0757553025726807
FlowerFocus_6_11s,FlowerFocus,360,30,False,39.31826656947253,0.9001156874918229,39.34058934082289,0.9000780509157716,39.39485878360341,0.9012431867276685,0.054269442780523036,0.0011651358118968114,0.022322771350360426,0.07659221413088346
FlowerFocus_6_11s,FlowerFocus,362,31,False,39.38650728743262,0.900831884940687,39.40141294752475,0.9007110101785034,39.457606555038986,0.9019027504742356,0.05619360751423841,0.0011917402957322132,0.014905660092125572,0.07109926760636398
FlowerFocus_6_11s,FlowerFocus,364,32,True,39.353616097379174,0.9005223434922108,39.3704916574266,0.9004338348232563,39.425320683550744,0.901599893597694,0.054829026124146196,0.0011660587744376505,0.016875560047424187,0.07170458617157038
FlowerFocus_6_11s,FlowerFocus,366,33,False,39.334177346440214,0.9002932676375253,39.35456843361565,0.900242419992598,39.40847426393703,0.9013903850319389,0.05390583032138352,0.0011479650393408924,0.020391087175433142,0.07429691749681666
FlowerFocus_6_11s,FlowerFocus,368,34,False,39.36650511080987,0.9007394050506983,39.38414267457189,0.9006466816125936,39.44017469537567,0.9018421257542838,0.05603202080377656,0.0011954441416901496,0.017637563762022523,0.07366958456579908
FlowerFocus_6_11s,FlowerFocus,370,35,False,39.36191514254696,0.9006386113673109,39.377905823809705,0.9005452040064467,39.434022742552116,0.9017467284395553,0.056116918742411315,0.001201524433108614,0.015990681262742612,0.07210760000515393
FlowerFocus_6_11s,FlowerFocus,372,36,False,39.4068658654636,0.9012138125068024,39.418892482400224,0.9010622978194647,39.47332963851264,0.9022189241210492,0.05443715611241373,0.001156626301584529,0.012026616936623213,0.06646377304903694
FlowerFocus_6_11s,FlowerFocus,374,37,False,39.44224753600728,0.9014872053689308,39.446609755713986,0.9012554349467458,39.50361328697185,0.9024640295427083,0.057003531257862505,0.0012085945959625644,0.004362219706706583,0.06136575096456909
FlowerFocus_6_11s,FlowerFocus,376,38,True,39.525297826864076,0.9024088709758274,39.51917405127535,0.9020703578689112,39.57664378896027,0.9032747932283997,0.0574697376849187,0.0012044353594884427,-0.006123775588726232,0.051345962096192466
FlowerFocus_6_11s,FlowerFocus,378,39,False,39.45735038699321,0.9017890928778701,39.46121003815414,0.9015233301158968,39.51668815332344,0.902702325551878,0.05547811516930068,0.0011789954359812116,0.0038596511609299,0.05933776633023058
FlowerFocus_6_11s,FlowerFocus,380,40,False,39.475835960130404,0.9019081393116897,39.474279074273134,0.9015558511680418,39.53177273766967,0.9027763560884532,0.057493663396535055,0.0012205049204113694,-0.001556885857269208,0.05593677753926585
FlowerFocus_6_11s,FlowerFocus,382,41,False,39.4631444983607,0.9017686177460761,39.460008424973246,0.9014169753169121,39.51701300789129,0.9026327277207703,0.05700458291804722,0.0012157524038581835,-0.003136073387452143,0.05386850953059508
FlowerFocus_6_11s,FlowerFocus,384,42,False,39.47874715252948,0.9019487207039889,39.47353270043618,0.9015702380026919,39.53072670858901,0.9027921487908774,0.057194008152826825,0.001221910788185565,-0.005214452093298405,0.05197955605952842
FlowerFocus_6_11s,FlowerFocus,386,43,True,39.487075190158045,0.9020343480587529,39.47754768429516,0.9016153031803428,39.534171935992774,0.9028239887767281,0.056624251697613204,0.0012086855963853171,-0.009527505862884311,0.04709674583472889
FlowerFocus_6_11s,FlowerFocus,388,44,False,39.5797146955219,0.9028526395665742,39.553711964757625,0.9023344306990313,39.61084572080818,0.9035339139909548,0.05713375605055404,0.001199483291923542,-0.02600273076427584,0.031131025286278202
FlowerFocus_6_11s,FlowerFocus,390,45,False,39.48862247763729,0.9019933470014082,39.48076873585539,0.9015943302404297,39.53632337957415,0.9027716093653698,0.05555464371875729,0.0011772791249401449,-0.00785374178190068,0.04770090193685661
FlowerFocus_6_11s,FlowerFocus,392,46,False,39.523291984226894,0.902308270594621,39.508501929364954,0.9018423423838698,39.56712073672137,0.9030832246350559,0.058618807356417335,0.0012408822511860151,-0.014790054861940405,0.04382875249447693
FlowerFocus_6_11s,FlowerFocus,394,47,False,39.48003085801366,0.9018602329951266,39.46938422770398,0.9013853981588247,39.52620690499667,0.9025944637749767,0.05682267729268631,0.001209065616151972,-0.010646630309679495,0.04617604698300681
FlowerFocus_6_11s,FlowerFocus,396,48,False,39.51802468064184,0.9022729773127433,39.50399435661287,0.9017911596416224,39.560607454154386,0.902985944654153,0.05661309754151489,0.0011947850125306747,-0.014030324028965424,0.042582773512549466
FlowerFocus_6_11s,FlowerFocus,398,49,True,39.52997605427396,0.9023083060550308,39.51267717820037,0.9018036227485933,39.56830161492264,0.902986094376006,0.05562443672226891,0.0011824716274126956,-0.017298876073589042,0.03832556064867987
FlowerFocus_6_11s,FlowerFocus,400,50,False,39.55471487177908,0.9026961785859908,39.53422981990244,0.9021337248106013,39.59159013036072,0.9033451189837892,0.05736031045827872,0.0012113941731879407,-0.020485051876640625,0.03687525858163809
FlowerFocus_6_11s,FlowerFocus,402,51,False,39.52656885095571,0.9023536298891327,39.50631426887646,0.9017818309654518,39.563856169566954,0.9030166778957163,0.05754190069049514,0.0012348469302644327,-0.02025458207925368,0.03728731861124146
FlowerFocus_6_11s,FlowerFocus,404,52,False,39.5284070231362,0.9023516512904567,39.506503027516075,0.901791019185472,39.56192435336008,0.9029704345186276,0.0554213258440015,0.0011794153331555757,-0.021903995620121464,0.03351733022388004
FlowerFocus_6_11s,FlowerFocus,406,53,False,39.563708518279775,0.9026114007044207,39.53772535943605,0.9020393086573597,39.594108231584386,0.9032237146977558,0.05638287214833326,0.0011844060403960466,-0.025983158843722265,0.030399713304610998
FlowerFocus_6_11s,FlowerFocus,408,54,True,39.54888012963132,0.9024986178184379,39.52368317968233,0.9018924558600739,39.57988981046571,0.9030962110325302,0.05620663078337884,0.0012037551724563,-0.025196949948991687,0.031009680834387154
FlowerFocus_6_11s,FlowerFocus,410,55,False,39.57910451060935,0.9027512644716442,39.54819644143622,0.9020998323403588,39.6057406622757,0.9033187445661269,0.05754422083948185,0.0012189122257680873,-0.030908069173129604,0.026636151666352248
FlowerFocus_6_11s,FlowerFocus,412,56,False,39.53709709991886,0.9022835367118995,39.51292883885409,0.9016989298151991,39.56900160624923,0.9028854850984241,0.05607276739514333,0.001186555283225088,-0.024168261064772878,0.03190450633037045
FlowerFocus_6_11s,FlowerFocus,414,57,False,39.53160415960628,0.9022248155090753,39.50939869401359,0.9016343696081225,39.565553709477086,0.9028358840431383,0.05615501546349577,0.0012015144350158158,-0.022205465592691098,0.033949549870804674
FlowerFocus_6_11s,FlowerFocus,416,58,False,39.54686446900456,0.902345769369913,39.52046881557682,0.9017100341606242,39.576394616080236,0.9029121125126409,0.05592580050341667,0.0012020783520166889,-0.026395653427741195,0.029530147075675472
FlowerFocus_6_11s,FlowerFocus,418,59,True,39.56299766675228,0.9025326424964981,39.536721608308824,0.9018982724174038,39.59212835574152,0.9030778590200277,0.05540674743269847,0.00117958660262385,-0.026276058443457373,0.029130688989241094
FlowerFocus_6_11s,FlowerFocus,420,60,False,39.55216681502746,0.9023793616524688,39.52534697517422,0.9017600578490235,39.580903737583746,0.9029504600500442,0.05555676240952323,0.001190402201020735,-0.026819839853239102,0.028736922556284128
FlowerFocus_6_11s,FlowerFocus,422,61,False,39.56271340291271,0.902526420366584,39.53408273334925,0.9018604898944358,39.588956250092295,0.9030338057490866,0.05487351674304364,0.0011733158546508582,-0.028630669563462163,0.026242847179581474
FlowerFocus_6_11s,FlowerFocus,424,62,False,39.56794458166036,0.9024568973729235,39.53483841602055,0.9017725778699021,39.59084778837863,0.9029797858247255,0.056009372358083453,0.0012072079548234305,-0.03310616563981483,0.02290320671826862
FlowerFocus_6_11s,FlowerFocus,426,63,False,39.557630954595034,0.9022733164373378,39.52716782638263,0.9016215969371034,39.58156381603642,0.9027942679523641,0.05439598965379133,0.00117267101526064,-0.03046312821240349,0.023932861441387843
FlowerFocus_6_11s,FlowerFocus,428,64,False,39.55608669015314,0.9024000489691285,39.526407706405806,0.9017205197108339,39.581150506264834,0.9028982999701436,0.05474279985902797,0.001177780259309702,-0.029678983747331245,0.025063816111696724
FlowerFocus_6_11s,FlowerFocus,430,65,True,39.5528120304557,0.9022286038748378,39.52098071570541,0.9015441782697532,39.576944707177255,0.9027612097689882,0.05596399147184172,0.0012170314992350217,-0.03183131475028489,0.024132676721556834
FlowerFocus_6_11s,FlowerFocus,432,66,False,39.565397524303656,0.9023284541149835,39.533954896495864,0.9016478589845889,39.589599913642594,0.9028492019694567,0.055645017146730424,0.001201342984867848,-0.03144262780779172,0.0242023893389387
FlowerFocus_6_11s,FlowerFocus,434,67,False,39.55858818427418,0.9023040342891858,39.52633875063731,0.9016158524940813,39.58056563695709,0.9027824608335392,0.0542268863197819,0.0011666083394579196,-0.032249433636870606,0.02197745268291129
FlowerFocus_6_11s,FlowerFocus,436,68,False,39.573558806526236,0.9024024920152371,39.53982412235267,0.9016887719979017,39.5948264943922,0.9028732680690161,0.05500237203953162,0.0011844960711144825,-0.03373468417356662,0.021267687865965
FlowerFocus_6_11s,FlowerFocus,438,69,False,39.5942800696028,0.9024725531505572,39.556247321618194,0.9017564469312377,39.61043103005666,0.9029122734961473,0.05418370843846532,0.0011558265649096455,-0.03803274798460876,0.016150960453856555
FlowerFocus_6_11s,FlowerFocus,440,70,True,39.559232440848405,0.9021279314106372,39.52521771558045,0.9014068110007611,39.57858623133669,0.9025566491139394,0.05336851575624024,0.0011498381131782587,-0.03401472526795146,0.01935379048828878
FlowerFocus_6_11s,FlowerFocus,442,71,False,39.56345470831237,0.9020954796957249,39.52753620916928,0.9013778243067738,39.58194298300407,0.9025516047149515,0.05440677383479198,0.001173780408177727,-0.03591849914309364,0.018488274691698336
FlowerFocus_6_11s,FlowerFocus,444,72,False,39.566152115042065,0.9020706939177104,39.52969964554869,0.9013579913159794,39.58412651909847,0.9025360133854434,0.054426873549779486,0.0011780220694640464,-0.03645246949337633,0.01797440405640316
FlowerFocus_6_11s,FlowerFocus,446,73,False,39.55892192874755,0.9020582170961214,39.52503266927629,0.9013643479474398,39.579309547429666,0.9025278798593094,0.054276878153373787,0.0011635319118695753,-0.03388925947125898,0.020387618682114805
FlowerFocus_6_11s,FlowerFocus,448,74,False,39.53618859485035,0.9017393784837487,39.50402945681417,0.901054398754022,39.558287946552824,0.9022163261406987,0.05425848973865044,0.0011619273866766422,-0.03215913803617809,0.022099351702472347
FlowerFocus_6_11s,FlowerFocus,450,75,True,39.53350043658233,0.9018002197876893,39.50636225758337,0.9012143323495638,39.56092633333016,0.9023860612651858,0.05456407574678934,0.0011717289156220057,-0.027138178998960427,0.027425896747828915
FlowerFocus_6_11s,FlowerFocus,452,76,False,39.49211315668448,0.9015324460006584,39.48241219146063,0.9011588022717175,39.537016404560326,0.902313864321952,0.054604213099693766,0.0011550620502345232,-0.009700965223849778,0.04490324787584399
FlowerFocus_6_11s,FlowerFocus,454,77,False,39.33889653419551,0.8996675366408972,39.34877859081964,0.8995782445133528,39.40333777766372,0.9007572658528399,0.0545591868440809,0.0011790213394871074,0.009882056624128666,0.06444124346820956
FlowerFocus_6_11s,FlowerFocus,456,78,False,39.43818401233387,0.9007933404932579,39.43404884358715,0.900626043934812,39.48844535619901,0.9017851152578655,0.05439651261185929,0.0011590713230534844,-0.004135168746721263,0.05026134386513803
FlowerFocus_6_11s,FlowerFocus,458,79,False,39.52734010464514,0.9022182436112023,39.51106983594117,0.9017509069918528,39.565637148124544,0.9028844680950701,0.05456731218337296,0.0011335611032172732,-0.016270268703969748,0.038297043479403214
FlowerFocus_6_11s,FlowerFocus,460,80,False,39.24025082974207,0.8994912591438392,39.31606484325943,0.8996677895115583,39.3703882072266,0.9007990249246574,0.054323363967164084,0.0011312354130990077,0.07581401351736616,0.13013737748453025
FlowerFocus_6_11s,FlowerFocus,462,81,True,39.38449078016613,0.900998608113031,39.414856081936485,0.9007286985442674,39.470543871880615,0.9018747727018407,0.05568778994413037,0.0011460741575732847,0.03036530177035246,0.08605309171448283
FlowerFocus_6_11s,FlowerFocus,464,82,False,39.55692749696061,0.9019646936320013,39.52297395858139,0.9012950309345117,39.57924181692249,0.9024702081903246,0.05626785834110137,0.0011751772558129536,-0.03395353837922244,0.022314319961878937
FlowerFocus_6_11s,FlowerFocus,466,83,False,39.62247085243455,0.9021712914428412,39.56791360721877,0.9013009831407348,39.62407140533942,0.9024915220239161,0.05615779812065114,0.0011905388831813246,-0.05455724521578276,0.0016005529048683798
FlowerFocus_6_11s,FlowerFocus,468,84,False,39.565098215795544,0.901482891637495,39.53244258015636,0.900731609605152,39.588446574779304,0.9019367197809025,0.05600399462294092,0.0012051101757505345,-0.0326556356391805,0.02334835898376042
FlowerFocus_6_11s,FlowerFocus,470,85,False,39.63801422131513,0.9018592091456868,39.58561895606723,0.9009768702955129,39.643648602486394,0.902235118017376,0.05802964641916475,0.001258247721863115,-0.0523952652479025,0.005634381171262248
FlowerFocus_6_11s,FlowerFocus,472,86,True,39.67868409395935,0.9019457535508741,39.61389366136824,0.9009494893847246,39.67211514339046,0.9022212093635429,0.058221482022219107,0.0012717199788182532,-0.06479043259110995,-0.006568950568890841
FlowerFocus_6_11s,FlowerFocus,474,87,False,39.699187262549806,0.9020752933095031,39.63129444736986,0.9010169287369765,39.69054407387575,0.9023177881779274,0.059249626505888386,0.00130085944095093,-0.06789281517994539,-0.008643188674057
FlowerFocus_6_11s,FlowerFocus,476,88,False,39.71084041433739,0.9021551854638472,39.643326818199306,0.9011035054838312,39.70296706469004,0.9024178421316156,0.05964024649073707,0.0013143366477843532,-0.06751359613808461,-0.007873349647347538
FlowerFocus_6_11s,FlowerFocus,478,89,False,39.72427959762866,0.9022973437766402,39.65355204210259,0.9011820215842173,39.71448567134184,0.9025315315861794,0.060933629239251275,0.0013495100019620399,-0.07072755552606935,-0.009793926286818078
FlowerFocus_6_11s,FlowerFocus,480,90,False,39.73724409932296,0.9025054963508937,39.66353563900068,0.9013349522112877,39.72607429847295,0.9027150091974914,0.0625386594722741,0.0013800569862036927,-0.07370846032227973,-0.011169800850005629
FlowerFocus_6_11s,FlowerFocus,482,91,False,39.746075793587295,0.902702238367292,39.671583681586206,0.9015256029138032,39.73545282576801,0.9029220923441632,0.06386914418180112,0.0013964894303599706,-0.07449211200108863,-0.01062296781928751
FlowerFocus_6_11s,FlowerFocus,484,92,True,39.751317299266645,0.9029262226303468,39.67532425504696,0.9017078981095679,39.74017674326195,0.903142668649419,0.06485248821498857,0.0014347705398510824,-0.07599304421968611,-0.011140556004697544
FlowerFocus_6_11s,FlowerFocus,486,93,False,39.73697871575676,0.9027725845398835,39.66435287017862,0.9016318171231648,39.726220690683476,0.9029947009497361,0.06186782050485817,0.0013628838265713483,-0.07262584557814478,-0.010758025073286603
FlowerFocus_6_11s,FlowerFocus,488,94,False,39.74649687927243,0.9031650978462634,39.670029476184496,0.9019375184972599,39.736047739504926,0.90338721565574,0.06601826332043004,0.00144969715848009,-0.07646740308793198,-0.010449139767501947
FlowerFocus_6_11s,FlowerFocus,490,95,False,39.7462894049456,0.903363509853733,39.66996756416218,0.9021390314772886,39.73650066752893,0.9035869278178451,0.06653310336675133,0.0014478963405565315,-0.07632184078342164,-0.009788737416670301
FlowerFocus_6_11s,FlowerFocus,492,96,False,39.72396951910481,0.9033417006769786,39.65456059463928,0.9021189530308356,39.7221173833746,0.9035878020270652,0.06755678873532389,0.001468848996229677,-0.06940892446553448,-0.0018521357302105912
FlowerFocus_6_11s,FlowerFocus,494,97,True,39.71951611249711,0.9033713311325435,39.65179758197459,0.9021737563142855,39.71768213417483,0.9035994124496713,0.06588455220023803,0.001425656135385811,-0.06771853052251942,-0.0018339783222813821
FlowerFocus_6_11s,FlowerFocus,496,98,False,39.67556601494212,0.9032731622287058,39.62465700789764,0.902115527431168,39.69224937334066,0.9035822856382636,0.06759236544301928,0.0014667582070956309,-0.050909007044481314,0.016683358398537962
FlowerFocus_6_11s,FlowerFocus,498,99,False,39.57381306000384,0.9027717662870041,39.562946469895635,0.9017771139874483,39.62949315173201,0.9032154686469027,0.06654668183637114,0.0014383546594544105,-0.010866590108207674,0.05568009172816346
FlowerFocus_6_11s,FlowerFocus,500,100,False,39.40255976358059,0.901791508348218,39.431460956402674,0.9009020104117269,39.49700221372312,0.902358630413333,0.06554125732044724,0.0014566200016060682,0.028901192822083033,0.09444245014253028
FlowerFocus_6_11s,FlowerFocus,502,101,False,39.68338889199058,0.9032637234616014,39.62357634214075,0.9020968333155004,39.691850056983135,0.903588138821757,0.06827371484238398,0.001491305506256646,-0.05981254984983053,0.00846116499255345
FlowerFocus_6_11s,FlowerFocus,504,102,True,39.699518989946306,0.9033057138029862,39.62759024322656,0.9020729795695873,39.69536001589594,0.9035619744119543,0.06776977266938644,0.0014889948423669752,-0.07192874671974891,-0.004158974050362474
FlowerFocus_6_11s,FlowerFocus,506,103,False,39.71384001037526,0.9036209708800197,39.641749609598975,0.9024006663533652,39.70859148575789,0.9038635673044904,0.06684187615891801,0.0014629009511251123,-0.07209040077628259,-0.0052485246173645805
FlowerFocus_6_11s,FlowerFocus,508,104,False,39.71032560674891,0.9035595754041259,39.6361011336319,0.9023247202956628,39.70328637498938,0.9037912714289694,0.06718524135748538,0.0014665511333066261,-0.07422447311701319,-0.007039231759527809
FlowerFocus_6_11s,FlowerFocus,510,105,False,39.709875171588266,0.9036892590545635,39.63525115119071,0.9024478218360502,39.70137284254921,0.9038912235356235,0.06612169135850365,0.0014434016995732435,-0.07462402039755744,-0.008502329039053791
FlowerFocus_6_11s,FlowerFocus,512,106,False,39.699302649728054,0.9036852198936514,39.62310195018845,0.9024113535670781,39.6914329464349,0.9039037894037477,0.068330996246452,0.0014924358366695811,-0.07620069953960495,-0.007869703293152952
FlowerFocus_6_11s,FlowerFocus,514,107,False,39.68701564273979,0.9039919958196911,39.61623411741469,0.9027753468572954,39.683702070063696,0.9042454314540244,0.06746795264900385,0.0014700845967289267,-0.07078152532509563,-0.0033135726760917805
FlowerFocus_6_11s,FlowerFocus,516,108,True,39.659354476763,0.9040419894210802,39.5976553639612,0.9029220337976874,39.66481112677148,0.9043815932853414,0.06715576281028035,0.001459559487653972,-0.061699112801797185,0.005456650008483166
FlowerFocus_6_11s,FlowerFocus,518,109,False,39.645270569103225,0.904266892349507,39.590216764014315,0.903151271961137,39.65842839442489,0.9046219540747874,0.06821163041057332,0.0014706821136504233,-0.055053805088910224,0.013157825321663097
FlowerFocus_6_11s,FlowerFocus,520,110,False,39.582836616278385,0.9043054749554996,39.54816678214201,0.9032614863856057,39.61729527922284,0.9047530878545343,0.06912849708082547,0.0014916014689286827,-0.03466983413637337,0.0344586629444521
FlowerFocus_6_11s,FlowerFocus,522,111,False,39.49371066953216,0.9037122353118092,39.471159619314314,0.9027492978755203,39.53899812162895,0.9042280708577648,0.06783850231463617,0.001478772982244525,-0.022551050217849422,0.04528745209678675
FlowerFocus_6_11s,FlowerFocus,524,112,False,39.4726549984493,0.9035737312369606,39.45783455227554,0.9026321086432325,39.52560294973371,0.9041058593149232,0.06776839745816687,0.0014737506716906434,-0.014820446173757773,0.0529479512844091
FlowerFocus_6_11s,FlowerFocus,526,113,True,39.493793899246164,0.9037843958148428,39.48934197197297,0.902908032648982,39.557752059091236,0.9043883162283558,0.06841008711826646,0.0014802835793737978,-0.004451927273194656,0.0639581598450718
FlowerFocus_6_11s,FlowerFocus,528,114,False,39.4654997331246,0.9039755277456452,39.492233390048696,0.9032229487125975,39.55862534749454,0.9046423619196625,0.0663919574458447,0.0014194132070650678,0.026733656924093907,0.0931256143699386
FlowerFocus_6_11s,FlowerFocus,530,115,False,39.30286642675436,0.9033081915198454,39.37184152783332,0.9025665740875956,39.44034921449408,0.9040541537450144,0.0685076866607588,0.0014875796574188582,0.06897510107895499,0.13748278773971379
FlowerFocus_6_11s,FlowerFocus,532,116,False,39.23684782640157,0.9028668213687371,39.31742052459432,0.9021195608217698,39.38475208978217,0.9035917222070079,0.06733156518784966,0.001472161385238091,0.08057269819274637,0.14790426338059603
FlowerFocus_6_11s,FlowerFocus,534,117,False,39.22819070530489,0.9027252155962816,39.310535136713206,0.9020143369446163,39.37717512298761,0.9034751983924239,0.06663998627440293,0.0014608614478075488,0.08234443140831615,0.14898441768271908
FlowerFocus_6_11s,FlowerFocus,536,118,False,39.224722720224484,0.9026951161604218,39.308189149393556,0.902000844448122,39.37339984166866,0.9034307081133065,0.06521069227510168,0.0014298636651844943,0.08346642916907143,0.1486771214441731
FlowerFocus_6_11s,FlowerFocus,538,119,True,39.21965671538521,0.9026145061288421,39.30406274025613,0.9019354580235666,39.369439934595924,0.9033603588921163,0.06537719433979561,0.0014249008685497389,0.08440602487091553,0.14978321921071114
FlowerFocus_6_11s,FlowerFocus,540,120,False,39.22521298253112,0.9026098543048634,39.30673766507113,0.9019227540881968,39.37161644980443,0.9033407149144279,0.06487878473329545,0.001417960826231135,0.08152468254001377,0.14640346727330922
FlowerFocus_6_11s,FlowerFocus,542,121,False,39.23238221456792,0.9026266249610313,39.31296048877202,0.9019543972930645,39.378444469684496,0.9033816702254266,0.0654839809124752,0.0014272729323621114,0.08057827420410035,0.14606225511657556
FlowerFocus_6_11s,FlowerFocus,544,122,False,39.142756058330185,0.9021208916881651,39.23804433996072,0.9014287760456909,39.30299374491711,0.9028674767342592,0.06494940495638701,0.0014387006885682174,0.0952882816305376,0.1602376865869246
FlowerFocus_6_11s,FlowerFocus,546,123,False,39.070694618593976,0.9018141907635181,39.17994018016045,0.9011572971673631,39.243558150665194,0.902574099588675,0.06361797050474394,0.0014168024213118136,0.10924556156647469,0.17286353207121863
FlowerFocus_6_11s,FlowerFocus,548,124,True,39.05903019030582,0.9016369230535014,39.16908647221847,0.9009777601478797,39.233887860209,0.9024169299692316,0.06480138799053492,0.0014391698213519488,0.11005628191264805,0.17485766990318297
FlowerKids_0_5s,FlowerKids,0,0,True,36.54767765570172,0.9300246499551456,37.93487848335091,0.9348148567719649,38.01506028865741,0.9362864243161093,0.08018180530650199,0.0014715675441444587,1.3872008276491883,1.4673826329556903
FlowerKids_0_5s,FlowerKids,2,1,False,36.410268973948135,0.9296822556291882,37.80665758390779,0.9345889107764207,37.88708564012996,0.9360860279259337,0.08042805622216775,0.0014971171495129498,1.3963886099596579,1.4768166661818256
FlowerKids_0_5s,FlowerKids,4,2,False,36.807884769987965,0.9329770024098417,38.251659222803205,0.9376029117726292,38.34208649618621,0.939125410393624,0.09042727338300693,0.0015224986209947389,1.4437744528152407,1.5342017261982477
FlowerKids_0_5s,FlowerKids,6,3,False,37.119944485285,0.9351564570577922,38.56172649031358,0.9395189604777101,38.65766966307346,0.9410673761879568,0.09594317275988118,0.0015484157102466645,1.4417820050285854,1.5377251777884666
FlowerKids_0_5s,FlowerKids,8,4,False,37.429197351215976,0.936936954866488,38.87126484290796,0.941045475598202,38.97264245483652,0.9425890928943302,0.10137761192855521,0.0015436172961282857,1.4420674916919864,1.5434451036205417
FlowerKids_0_5s,FlowerKids,10,5,True,37.05130212003248,0.934787116485345,38.49199735199775,0.9391483096742507,38.58786083775811,0.9407034491535073,0.0958634857603542,0.001555139479256673,1.4406952319652717,1.536558717725626
FlowerKids_0_5s,FlowerKids,12,6,False,36.43921871910182,0.930684666414551,37.83741295346222,0.9354551992581481,37.91985608423119,0.9369894376050832,0.08244313076897214,0.0015342383469351129,1.3981942343604032,1.4806373651293754
FlowerKids_0_5s,FlowerKids,14,7,False,36.40654718191574,0.9302851778961481,37.808724440947465,0.9351771551943481,37.88867028024656,0.9366981603094504,0.07994583929909282,0.0015210051151023363,1.402177259031724,1.482123098330817
FlowerKids_0_5s,FlowerKids,16,8,False,36.339316713828325,0.9293705733987687,37.72138436329661,0.9342566511303092,37.79856813856135,0.9357712533782023,0.07718377526474285,0.0015146022478931265,1.3820676494682829,1.4592514247330257
FlowerKids_0_5s,FlowerKids,18,9,False,36.11646902335883,0.9276528155112137,37.454998916601554,0.932515089174462,37.52778807751265,0.9340016367477324,0.07278916091109977,0.0014865475732703803,1.3385298932427219,1.4113190541538216
FlowerKids_0_5s,FlowerKids,20,10,False,36.11068944154774,0.9277080993012624,37.43445101344114,0.932533888397578,37.50769453854243,0.9340268015445594,0.07324352510129017,0.0014929131469814116,1.3237615718933995,1.3970050969946897
FlowerKids_0_5s,FlowerKids,22,11,True,36.45990102979615,0.9301876786495565,37.8168963131833,0.9348194348290484,37.896689949495986,0.9363342704993085,0.07979363631268654,0.0015148356702601173,1.3569952833871497,1.4367889196998362
FlowerKids_0_5s,FlowerKids,24,12,False,37.03644731576133,0.9339890460798146,38.41072206622364,0.9382393935223188,38.496407655965534,0.939765727677819,0.08568558974189244,0.0015263341555001864,1.3742747504623125,1.459960340204205
FlowerKids_0_5s,FlowerKids,26,13,False,37.022944640958066,0.9344615147695102,38.41498942620103,0.9387761619043207,38.50500320065199,0.9403525171192171,0.09001377445095926,0.0015763552148964077,1.392044785242966,1.4820585596939253
FlowerKids_0_5s,FlowerKids,28,14,False,36.8398215083245,0.9340944435991311,38.24644329445522,0.9384516653760293,38.3357975324565,0.9400558468157202,0.08935423800128461,0.0016041814396908771,1.4066217861307209,1.4959760241320055
FlowerKids_0_5s,FlowerKids,30,15,False,36.616136084737036,0.9332068521979993,37.99895324192218,0.9376220958028871,38.08388442790688,0.9392301909288919,0.08493118598470062,0.0016080951260047938,1.3828171571851442,1.4677483431698448
FlowerKids_0_5s,FlowerKids,32,16,True,36.46406987914592,0.932438816852263,37.829299874028905,0.936918870149639,37.910681262418606,0.9385310724207286,0.08138138838970121,0.0016122022710896022,1.3652299948829878,1.446611383272689
FlowerKids_0_5s,FlowerKids,34,17,False,36.23093828340311,0.9307009047510707,37.548379908616916,0.935243059055036,37.62394322144325,0.9368445544175062,0.07556331282633266,0.0016014953624702288,1.317441625213803,1.3930049380401357
FlowerKids_0_5s,FlowerKids,36,18,False,36.16325482935255,0.9300273588738069,37.45460948170128,0.9346279022868406,37.52985541888225,0.9362170890296706,0.0752459371809664,0.00158918674283004,1.2913546523487298,1.3666005895296962
FlowerKids_0_5s,FlowerKids,38,19,False,36.35194568842326,0.9310433945191009,37.68149880071398,0.9356372293404118,37.76008709367764,0.9372325078650416,0.07858829296365855,0.0015952785246298173,1.329553112290725,1.4081414052543835
FlowerKids_0_5s,FlowerKids,40,20,False,36.52938934557091,0.9320859828442947,37.886854824604775,0.9366468281143319,37.96790920736201,0.9382365334941156,0.08105438275723742,0.0015897053797837568,1.3574654790338627,1.4385198617911001
FlowerKids_0_5s,FlowerKids,42,21,False,36.46792587340172,0.9319984215698025,37.831550885829344,0.9365595186496303,37.91171050860891,0.9381449427069313,0.08015962277956845,0.0015854240573009992,1.363625012427626,1.4437846352071944
FlowerKids_0_5s,FlowerKids,44,22,True,36.66552926530953,0.9333599384571125,38.05707181990796,0.9378807695190488,38.14056868381508,0.9394535749203711,0.08349686390712208,0.0015728054013223192,1.3915425545984306,1.4750394185055526
FlowerKids_0_5s,FlowerKids,46,23,False,36.949392144788085,0.9350978443991254,38.360736655966456,0.939421976670446,38.451094567382846,0.9410150757075647,0.09035791141639038,0.0015930990371186837,1.4113445111783705,1.5017024225947608
FlowerKids_0_5s,FlowerKids,48,24,False,37.04830681236971,0.9354318825408324,38.46753897369831,0.9397573980015256,38.55623895795738,0.9413200927411679,0.08869998425907255,0.001562694739642323,1.4192321613286012,1.5079321455876737
FlowerKids_0_5s,FlowerKids,50,25,False,37.31145052802176,0.9368030425524845,38.751217021873536,0.9409595426965423,38.845089568199654,0.9425284735502609,0.09387254632611786,0.0015689308537186752,1.4397664938517778,1.5336390401778957
FlowerKids_0_5s,FlowerKids,52,26,False,38.069790163447365,0.9403212695469734,39.45647530209,0.9437093627295527,39.56381225678343,0.945283883968147,0.10733695469343019,0.0015745212385942509,1.3866851386426333,1.4940220933360635
FlowerKids_0_5s,FlowerKids,54,27,True,38.44102831579663,0.9413286899305596,39.74502878886911,0.9443112159597894,39.853789478138694,0.9458416167593299,0.10876068926958737,0.0015304007995404767,1.3040004730724775,1.4127611623420648
FlowerKids_0_5s,FlowerKids,56,28,False,38.18311365341327,0.9394455750942243,39.55025252973566,0.9429111985178709,39.65285423406526,0.9444068408414564,0.1026017043296008,0.0014956423235855665,1.367138876322386,1.4697405806519868
FlowerKids_0_5s,FlowerKids,58,29,False,38.6122379919004,0.940447729253554,39.89647595826127,0.9435461994297657,40.000424903333396,0.9450024406880805,0.10394894507212626,0.0014562412583147832,1.2842379663608696,1.3881869114329959
FlowerKids_0_5s,FlowerKids,60,30,False,38.84704747414924,0.9405040250115533,39.995753987242544,0.9429883819301913,40.099883864451755,0.9444264516550025,0.10412987720921052,0.0014380697248111973,1.1487065130933019,1.2528363903025124
FlowerKids_0_5s,FlowerKids,62,31,False,38.56810114375881,0.9389863466782717,39.73301591767347,0.941574425192484,39.834023237825,0.9429730002714931,0.10100732015153113,0.00139857507900909,1.16491477391466,1.265922094066191
FlowerKids_0_5s,FlowerKids,64,32,True,38.61565321226764,0.9386136664531725,39.70354529452433,0.9408990428515485,39.803883131539884,0.9422696230034295,0.10033783701555166,0.0013705801518810734,1.087892082256694,1.1882299192722456
FlowerKids_0_5s,FlowerKids,66,33,False,38.28938369515275,0.9371326431083206,39.45179052688565,0.9398256386036334,39.55184946005785,0.9411934353335224,0.10005893317219972,0.0013677967298889593,1.162406831732902,1.2624657649051017
FlowerKids_0_5s,FlowerKids,68,34,False,38.00302811800041,0.9358435553602197,39.23809628952503,0.9389154862499282,39.33802834514421,0.9402813628392466,0.09993205561917762,0.0013658765893184155,1.235068171524624,1.3350002271438015
FlowerKids_0_5s,FlowerKids,70,35,False,37.80211643303351,0.934934143334542,39.11888655420298,0.9383836057879159,39.2222298083749,0.9397706818247785,0.10334325417191792,0.0013870760368626112,1.3167701211694691,1.420113375341387
FlowerKids_0_5s,FlowerKids,72,36,False,37.536337235711834,0.933589225968504,38.89990102133571,0.9374327226481947,38.99718765839524,0.9388080503233575,0.09728663705953267,0.0013753276751627963,1.3635637856238745,1.4608504226834071
FlowerKids_0_5s,FlowerKids,74,37,False,36.77407160836423,0.9287559846012704,38.15050103206568,0.9333292155192054,38.23504068246906,0.9347037444585117,0.08453965040338574,0.0013745289393062299,1.3764294237014454,1.4609690741048311
FlowerKids_0_5s,FlowerKids,76,38,True,36.06257826325813,0.9235312396663508,37.38729030353695,0.9286414277704024,37.45545367931426,0.929959463330387,0.06816337577730991,0.001318035559984665,1.3247120402788184,1.3928754160561283
FlowerKids_0_5s,FlowerKids,78,39,False,35.91914823951049,0.9222107903902358,37.22575402034732,0.9274629314719703,37.28871203155307,0.9287609086729334,0.06295801120575106,0.0012979772009630297,1.3066057808368257,1.3695637920425767
FlowerKids_0_5s,FlowerKids,80,40,False,36.0439561702666,0.9229996656734479,37.37868799785866,0.9282504526739206,37.44588681907365,0.9295497224633793,0.06719882121498699,0.0012992697894587124,1.3347318275920657,1.4019306488070526
FlowerKids_0_5s,FlowerKids,82,41,False,36.07759040405214,0.9229810165837157,37.41587696513172,0.9282367800908449,37.48237433642356,0.9295165857651829,0.06649737129183819,0.0012798056743380526,1.3382865610795847,1.4047839323714228
FlowerKids_0_5s,FlowerKids,84,42,False,36.61570390801786,0.9266964924749287,37.98509697027561,0.9316260506131671,38.05885831266537,0.932912858404201,0.07376134238975851,0.0012868077910339615,1.3693930622577497,1.4431544046475082
FlowerKids_0_5s,FlowerKids,86,43,True,37.107474002760206,0.9297601963869706,38.47380336566757,0.9342111836094388,38.55764385364988,0.9355123965540383,0.08384048798230737,0.0013012129445995058,1.366329362907365,1.4501698508896723
FlowerKids_0_5s,FlowerKids,88,44,False,36.99373288701938,0.929023780275446,38.38095200452674,0.933677482578421,38.46309382822944,0.9349651745471272,0.08214182370269896,0.0012876919687062616,1.3872191175073638,1.4693609412100628
FlowerKids_0_5s,FlowerKids,90,45,False,36.72267945842038,0.9271778352289705,38.13447099111207,0.9321598450007965,38.21253970807505,0.9334202402781291,0.07806871696298145,0.001260395277332571,1.4117915326916872,1.4898602496546687
FlowerKids_0_5s,FlowerKids,92,46,False,36.49001728192157,0.9253856309213869,37.92806959424794,0.9307191181441193,38.003087835182086,0.9319756116872904,0.0750182409341491,0.0012564935431710333,1.43805231232637,1.513070553260519
FlowerKids_0_5s,FlowerKids,94,47,False,36.158278330974014,0.9225521703445726,37.58090098010983,0.928276781068191,37.65092434857701,0.9294973713568706,0.07002336846717583,0.0012205902886796016,1.4226226491358176,1.4926460176029934
FlowerKids_0_5s,FlowerKids,96,48,False,35.78988677723748,0.9194332591698489,37.187320899506055,0.9254023467978202,37.25199366640035,0.92660869023851,0.06467276689429724,0.0012063434406898166,1.397434122268578,1.4621068891628752
FlowerKids_0_5s,FlowerKids,98,49,True,35.57569999761241,0.9178749031569569,36.95774136208579,0.9239146584820627,37.018479399561,0.9251152489588771,0.060738037475211115,0.0012005904768144227,1.3820413644733804,1.4427794019485916
FlowerKids_0_5s,FlowerKids,100,50,False,35.600036066352374,0.9182850849603804,36.9917772512098,0.9243639962051028,37.054525269372,0.9255786048315336,0.06274801816220332,0.0012146086264308575,1.3917411848574233,1.4544892030196266
FlowerKids_0_5s,FlowerKids,102,51,False,35.67152248536582,0.9191603543291895,37.083833731906246,0.9251224651594345,37.14651240481592,0.9263219961151862,0.06267867290967644,0.0011995309557516487,1.4123112465404262,1.4749899194501026
FlowerKids_0_5s,FlowerKids,104,52,False,35.591002578651434,0.9182613718071427,36.994311239805356,0.9242531578924084,37.05644236476402,0.9254687864334346,0.06213112495866113,0.0012156285410261924,1.4033086611539218,1.465439786112583
FlowerKids_0_5s,FlowerKids,106,53,False,35.64685515574563,0.9185720469698151,37.043347686910536,0.924524061036042,37.10476154817412,0.925721249200027,0.06141386126358128,0.0011971881639849524,1.3964925311649097,1.457906392428491
FlowerKids_0_5s,FlowerKids,108,54,True,35.7301914208011,0.9196049347340673,37.13968075188087,0.9255695456042664,37.20423578743454,0.9267661281956843,0.06455503555367414,0.0011965825914178607,1.4094893310797687,1.4740443666334428
FlowerKids_0_5s,FlowerKids,110,55,False,36.391806786931596,0.9251720608787114,37.86890760586836,0.9307628985956778,37.938849509936034,0.9319563995751089,0.06994190406767586,0.0011935009794310503,1.477100818936762,1.547042723004438
FlowerKids_0_5s,FlowerKids,112,56,False,36.8928739788134,0.9288118431971615,38.360574633746246,0.9338606613944633,38.438133733073,0.935099710639206,0.07755909932675564,0.0012390492447427182,1.4677006549328482,1.5452597542596038
FlowerKids_0_5s,FlowerKids,114,57,False,36.96359656159904,0.9294466184538718,38.42504242633034,0.9344244875198771,38.50615949993448,0.9356860611181544,0.08111707360414044,0.001261573598277388,1.461445864731303,1.5425629383354433
FlowerKids_0_5s,FlowerKids,116,58,False,36.65789216513353,0.927508042228445,38.125647624624364,0.932773611283296,38.20299936099177,0.9340497117091943,0.07735173636740456,0.0012761004258983188,1.4677554594908315,1.545107195858236
FlowerKids_0_5s,FlowerKids,118,59,True,36.3002426865983,0.9250092412711817,37.738398010767355,0.9305074078407688,37.81165194201735,0.9317700846010925,0.0732539312499938,0.0012626767603236555,1.4381553241690526,1.5114092554190464
FlowerKids_0_5s,FlowerKids,120,60,False,36.10390166724915,0.9236827427765416,37.50816072779526,0.929270337793436,37.57873232555764,0.9305560059330382,0.07057159776238109,0.0012856681396021807,1.40425906054611,1.4748306583084911
FlowerKids_0_5s,FlowerKids,122,61,False,35.72888933965269,0.920627528702846,37.096461004399664,0.9264538314913657,37.160501998653615,0.9277013752300992,0.0640409942539506,0.001247543738733481,1.3675716647469756,1.4316126590009262
FlowerKids_0_5s,FlowerKids,124,62,False,35.50888824136143,0.9192038551743815,36.829114393352896,0.9250222758630663,36.89129478723528,0.9262808243327414,0.06218039388238594,0.0012585484696751026,1.3202261519914629,1.3824065458738488
FlowerKids_0_5s,FlowerKids,126,63,False,35.441552349010735,0.9189436502754614,36.75582247933004,0.9248094585920704,36.81637195863976,0.9260841787936422,0.060549479309720766,0.0012747202015718218,1.3142701303193078,1.3748196096290286
FlowerKids_0_5s,FlowerKids,128,64,False,35.57265661033885,0.9201954201436067,36.90626180577033,0.925991200507555,36.96783459276674,0.927252256046888,0.06157278699641466,0.001261055539332978,1.333605195431474,1.3951779824278887
FlowerKids_0_5s,FlowerKids,130,65,True,35.900827887287384,0.9226156546709363,37.288449925521185,0.9281241078857685,37.35659248937068,0.9294238535813981,0.06814256384949857,0.0012997456956296283,1.3876220382338005,1.455764602083299
FlowerKids_0_5s,FlowerKids,132,66,False,36.1615533435247,0.9251349110552104,37.60155335659699,0.9303990473340399,37.67575482904873,0.93173744401579,0.07420147245174036,0.0013383966817500648,1.4400000130722859,1.5142014855240262
FlowerKids_0_5s,FlowerKids,134,67,False,36.53585142247265,0.9280407771689534,38.00845436536907,0.9329998739385026,38.089683145083235,0.9343507174776691,0.08122877971416642,0.0013508435391664797,1.4726029428964154,1.5538317226105818
FlowerKids_0_5s,FlowerKids,136,68,False,36.67905831403139,0.9288904938944954,38.16599589027055,0.9337806740191165,38.25215456682383,0.9351482061640576,0.08615867655328202,0.0013675321449411193,1.4869375762391641,1.5730962527924461
FlowerKids_0_5s,FlowerKids,138,69,False,36.35529563464563,0.9264559123198542,37.83299114088217,0.9316296647825034,37.91209833954927,0.9329612551370341,0.0791071986670957,0.0013315903545306762,1.477695506236543,1.5568027049036388
FlowerKids_0_5s,FlowerKids,140,70,True,36.086785325942635,0.924115312157819,37.52310669570248,0.9294557584344691,37.596514245918236,0.9307695629313223,0.07340755021575518,0.0013138044968531437,1.4363213697598454,1.5097289199756005
FlowerKids_0_5s,FlowerKids,142,71,False,35.94734925783417,0.9229235200205523,37.377000751031,0.9284347399144243,37.447936532401826,0.9297470328287119,0.07093578137082801,0.0013122929142875828,1.429651493196829,1.500587274567657
FlowerKids_0_5s,FlowerKids,144,72,False,35.90549675812679,0.9225802666328518,37.32101946846322,0.9281076179389733,37.390772946277394,0.9294141446951226,0.0697534778141744,0.0013065267561492844,1.4155227103364325,1.485276188150607
FlowerKids_0_5s,FlowerKids,146,73,False,36.032800718620436,0.9236096677855921,37.458657727896046,0.9290568203895074,37.52875900128809,0.9303457812726222,0.07010127339204075,0.0012889608831148092,1.4258570092756102,1.495958282667651
FlowerKids_0_5s,FlowerKids,148,74,False,36.094010193373315,0.9239854638921865,37.517378947375676,0.9293759516555599,37.58900234279267,0.9306728350543775,0.07162339541699225,0.0012968833988176165,1.423368754002361,1.4949921494193532
FlowerKids_0_5s,FlowerKids,150,75,True,36.09311157554653,0.9240271827625245,37.50957965906093,0.9293957740528428,37.5818650394322,0.9306967745469726,0.07228538037126953,0.0013010004941298448,1.4164680835144026,1.488753463885672
FlowerKids_0_5s,FlowerKids,152,76,False,36.21151742243467,0.9250026500353234,37.64575948849514,0.9303627912040603,37.72012507171149,0.9316514412471921,0.07436558321635545,0.0012886500431318337,1.4342420660604702,1.5086076492768257
FlowerKids_0_5s,FlowerKids,154,77,False,36.228089278540565,0.9249756132999954,37.67228169846011,0.9304566975057188,37.746460364511,0.9317569376616451,0.07417866605089074,0.0013002401559263355,1.4441924199195455,1.5183710859704362
FlowerKids_0_5s,FlowerKids,156,78,False,36.12347550936702,0.9243312932461516,37.54270049886853,0.929845755582968,37.617124464670276,0.9311435530224632,0.07442396580174915,0.0012977974394952074,1.419224989501508,1.4936489553032573
FlowerKids_0_5s,FlowerKids,158,79,False,35.952935546304644,0.9227990124246273,37.35911297752859,0.9284838400446912,37.42933134437611,0.9297456320429609,0.07021836684752003,0.0012617919982697012,1.406177431223945,1.476395798071465
FlowerKids_0_5s,FlowerKids,160,80,False,35.701844471737815,0.9205273487782614,37.07262274097966,0.9264141518889002,37.13771261715342,0.9276736133347151,0.06508987617375794,0.0012594614458149023,1.3707782692418462,1.4358681454156041
FlowerKids_0_5s,FlowerKids,162,81,True,35.58676832014103,0.9190795326898477,36.93163234789313,0.9250667045521043,36.9946559640982,0.9263214880198258,0.06302361620507213,0.0012547834677215652,1.3448640277520951,1.4078876439571673
FlowerKids_0_5s,FlowerKids,164,82,False,35.68011801317736,0.9193087455805893,37.02805650738094,0.9253181386445373,37.09107319527201,0.9265651851421761,0.0630166878910714,0.0012470464976388485,1.347938494203575,1.4109551820946464
FlowerKids_0_5s,FlowerKids,166,83,False,35.86312449601185,0.9205006911489313,37.21803283198455,0.9263324597762181,37.28292119922545,0.927561061049444,0.06488836724089708,0.0012286012732258822,1.354908335972702,1.4197967032135992
FlowerKids_0_5s,FlowerKids,168,84,False,35.88526777042185,0.9201909734314259,37.23513596412717,0.925910883270257,37.300676826877215,0.9271444226252604,0.06554086275004778,0.0012335393550034768,1.3498681937053192,1.415409056455367
FlowerKids_0_5s,FlowerKids,170,85,False,35.82590282643532,0.9196889845608226,37.16458794633072,0.9253779930331305,37.228275464159964,0.9266122022910758,0.0636875178292442,0.0012342092579452624,1.338685119895402,1.4023726377246462
FlowerKids_0_5s,FlowerKids,172,86,True,35.78151064915031,0.9193139024755468,37.106589231399276,0.924973422678128,37.16799909532215,0.9261655433891394,0.06140986392287573,0.0011921207110113796,1.3250785822489632,1.386488446171839
FlowerKids_0_5s,FlowerKids,174,87,False,35.76679898546371,0.9196427911965146,37.091199069845516,0.9251405412899992,37.15511599276189,0.926369781928883,0.06391692291637696,0.001229240638883744,1.3244000843818071,1.388317007298184
FlowerKids_0_5s,FlowerKids,176,88,False,35.84584490414252,0.9200840125325892,37.16674954278502,0.9255613862423232,37.2300188143496,0.9267799202432371,0.06326927156457884,0.0012185340009138734,1.320904638642503,1.3841739102070818
FlowerKids_0_5s,FlowerKids,178,89,False,35.968488568988505,0.9208997302727822,37.30242987984625,0.9263229262465973,37.36703784730814,0.92753362436122,0.0646079674618889,0.0012106981146227103,1.333941310857746,1.398549278319635
FlowerKids_0_5s,FlowerKids,180,90,False,35.89618695574033,0.9201997089901088,37.21843656789172,0.9256748411711523,37.28074696587063,0.9268607956802098,0.06231039797890503,0.001185954509057563,1.3222496121513885,1.3845600101302935
FlowerKids_0_5s,FlowerKids,182,91,False,35.88788200637016,0.9202143940475392,37.197956301370276,0.9256717125615741,37.259757795652334,0.9268662156437617,0.061801494282057945,0.0011945030821876035,1.3100742950001134,1.3718757892821714
FlowerKids_0_5s,FlowerKids,184,92,True,35.88837775188822,0.9198174620785088,37.19193346425844,0.9252776521418226,37.25250741045287,0.9264569339595085,0.060573946194431016,0.0011792818176858955,1.303555712370219,1.36412965856465
FlowerKids_0_5s,FlowerKids,186,93,False,35.77713963448872,0.9188837541944553,37.05780861361432,0.9243014241348594,37.11768611800061,0.925486430905118,0.05987750438629291,0.0011850067702585676,1.2806689791256005,1.3405464835118934
FlowerKids_0_5s,FlowerKids,188,94,False,35.808719357135736,0.9188332482926368,37.104432814987305,0.9243126360142302,37.16503899246104,0.9254733956683321,0.06060617747373698,0.001160759654101895,1.2957134578515692,1.3563196353253062
FlowerKids_0_5s,FlowerKids,190,95,False,35.96707530340506,0.9199756799042633,37.27229011272754,0.9253342563755226,37.335439586680636,0.9265253785511263,0.06314947395309645,0.0011911221756036872,1.3052148093224787,1.3683642832755751
FlowerKids_0_5s,FlowerKids,192,96,False,36.35434995605885,0.9229974421852251,37.66695347657398,0.9280904241437564,37.736292271284526,0.9293058478048095,0.06933879471054638,0.0012154236610530944,1.3126035205151325,1.381942315225679
FlowerKids_0_5s,FlowerKids,194,97,True,36.36476852532339,0.9233049907509799,37.6659017140176,0.9283517547895073,37.734721252197794,0.9295615261768466,0.06881953818019326,0.0012097713873393534,1.3011331886942088,1.369952726874402
FlowerKids_0_5s,FlowerKids,196,98,False,36.28556805044953,0.9226199089924155,37.567962362070176,0.9277349448984648,37.63476523882475,0.9289395684062223,0.06680287675457208,0.0012046235077575185,1.2823943116206493,1.3491971883752214
FlowerKids_0_5s,FlowerKids,198,99,False,36.28858173752633,0.922668049904874,37.551360444334904,0.9277180509632097,37.61764938292975,0.9289195635249143,0.06628893859484464,0.001201512561704643,1.2627787068085752,1.3290676454034198
FlowerKids_0_5s,FlowerKids,200,100,False,36.38910313769152,0.9232575688964256,37.657958798705586,0.9281574342208123,37.726860093435526,0.9293758435089589,0.06890129472994033,0.001218409288146538,1.268855661014065,1.3377569557440054
FlowerKids_0_5s,FlowerKids,202,101,False,36.46114434375671,0.9239203527457144,37.736212168642574,0.9287462988432356,37.80649928606338,0.9299741174659423,0.07028711742080418,0.0012278186227067112,1.2750678248858662,1.3453549423066704
FlowerKids_0_5s,FlowerKids,204,102,True,36.40678943245031,0.9232964029589038,37.66915973998714,0.9280571692358204,37.736895990896045,0.9292860892955159,0.06773625090890789,0.0012289200596955485,1.2623703075368269,1.3301065584457348
FlowerKids_0_5s,FlowerKids,206,103,False,36.32738545582965,0.9223924480432731,37.58787630784949,0.9272162962356151,37.653066249251864,0.928431783432598,0.06518994140237311,0.001215487196982945,1.2604908520198421,1.3256807934222152
FlowerKids_0_5s,FlowerKids,208,104,False,36.37875058482091,0.9224979741968624,37.65036760273057,0.9272570289720361,37.71538350862318,0.92846999454182,0.06501590589260786,0.001212965569783897,1.2716170179096622,1.33663292380227
FlowerKids_0_5s,FlowerKids,210,105,False,36.245150226872774,0.9215618050471289,37.53357163626289,0.9265162081638528,37.59773580579455,0.9277214614265538,0.06416416953165793,0.0012052532627009338,1.2884214093901178,1.3525855789217758
FlowerKids_0_5s,FlowerKids,212,106,False,35.95291998679877,0.9196489791842396,37.22261377042394,0.9250455427150175,37.28295331530311,0.9262287684533589,0.06033954487917015,0.001183225738341398,1.269693783625172,1.3300333285043422
FlowerKids_0_5s,FlowerKids,214,107,False,36.03516583308586,0.9206975681505581,37.31332694455984,0.925825612050748,37.37682102808358,0.9270352689746155,0.06349408352374297,0.0012096569238675414,1.2781611114739775,1.3416551949977205
FlowerKids_0_5s,FlowerKids,216,108,True,35.97470928588028,0.920303600529601,37.26411196955944,0.9255605407789643,37.32692505540967,0.9267640453359283,0.06281308585023027,0.0012035045569639413,1.2894026836791568,1.352215769529387
FlowerKids_0_5s,FlowerKids,218,109,False,36.035891357239066,0.9207674891807376,37.34214806789471,0.926128504651289,37.40456497862298,0.9273267275554086,0.06241691072826683,0.001198222904119528,1.3062567106556457,1.3686736213839126
FlowerKids_0_5s,FlowerKids,220,110,False,35.91718465764228,0.9201722671457755,37.20851838767471,0.9255492339112393,37.27044893719706,0.9267687983285109,0.06193054952235144,0.001219564417271557,1.2913337300324272,1.3532642795547787
FlowerKids_0_5s,FlowerKids,222,111,False,35.49356162546504,0.9173976685736073,36.7263004564637,0.9230422809653734,36.783772169731925,0.9242758196113409,0.057471713268228086,0.0012335386459674247,1.232738830998656,1.290210544266884
FlowerKids_0_5s,FlowerKids,224,112,False,35.53212486708973,0.9168990194937122,36.79361066179477,0.9225519152928416,36.85183123432459,0.9237417278478263,0.05822057252981949,0.0011898125549846261,1.2614857947050453,1.3197063672348648
FlowerKids_0_5s,FlowerKids,226,113,True,35.70889651876924,0.9179933676243678,36.982529805308836,0.9236381428553587,37.04237614927644,0.9248452802789126,0.059846343967606686,0.001207137423553828,1.2736332865395994,1.333479630507206
FlowerKids_0_5s,FlowerKids,228,114,False,35.87606482088461,0.9200381580017242,37.11513019772798,0.9253635532120524,37.177268959721424,0.926561913082398,0.06213876199344526,0.0011983598703455556,1.2390653768433708,1.301204138836816
FlowerKids_0_5s,FlowerKids,230,115,False,36.155729962987294,0.9218925280132951,37.438434164076774,0.9270019146498982,37.50431283768384,0.9282173479165181,0.06587867360706667,0.0012154332666198808,1.28270420108948,1.3485828746965467
FlowerKids_0_5s,FlowerKids,232,116,False,36.1092097878723,0.9217701662594364,37.35550961335891,0.9268686405886609,37.42171832128608,0.9280851385549944,0.06620870792716715,0.0012164979663334963,1.2462998254866093,1.3125085334137765
FlowerKids_0_5s,FlowerKids,234,117,False,36.262607437778925,0.9229749305660349,37.5224589876355,0.9280288157823113,37.58855264184002,0.9292229930391906,0.06609365420451496,0.001194177256879314,1.2598515498565774,1.3259452040610924
FlowerKids_0_5s,FlowerKids,236,118,False,36.36446681352149,0.9237550033265819,37.610140898043596,0.9285913136203331,37.67601004235354,0.9297938600462825,0.06586914430994284,0.0012025464259494134,1.2456740845221077,1.3115432288320505
FlowerKids_0_5s,FlowerKids,238,119,True,36.263452470053814,0.923514383970397,37.51494720082675,0.9283851933310541,37.57858361376958,0.9296029871042086,0.0636364129428344,0.001217793773154563,1.251494730772933,1.3151311437157673
FlowerKids_0_5s,FlowerKids,240,120,False,36.27706183409181,0.923410070195352,37.550226144616616,0.9284502193170652,37.61532931244819,0.9296876889356259,0.06510316783157322,0.0012374696185607492,1.2731643105248054,1.3382674783563786
FlowerKids_0_5s,FlowerKids,242,121,False,36.49624873483043,0.9243471631441585,37.795507627366256,0.9293483949588196,37.86161041421196,0.9305520808529203,0.06610278684570403,0.0012036858941006923,1.2992588925358248,1.3653616793815289
FlowerKids_0_5s,FlowerKids,244,122,False,36.70640572064242,0.9257198802863141,38.005235473305596,0.9305560586850626,38.07417854664558,0.931776586424029,0.06894307333998029,0.0012205277389664149,1.298829752663174,1.3677728260031543
FlowerKids_0_5s,FlowerKids,246,123,False,36.44970095075371,0.9240532467998084,37.75124075402429,0.9290569057062678,37.82093655324685,0.9303217416874504,0.06969579922256486,0.0012648359811826548,1.301539803270579,1.3712356024931438
FlowerKids_0_5s,FlowerKids,248,124,True,35.82433281215791,0.920340453701286,37.09762606271719,0.9258302989131024,37.15886302051234,0.927085827430798,0.06123695779515259,0.0012555285176956144,1.2732932505592771,1.3345302083544297
FlowerKids_6_11s,FlowerKids,300,0,True,36.27745094285249,0.9237743820596624,37.62550366656828,0.9288322373374439,37.696622665374974,0.93013927050966,0.07111899880669625,0.0013070331722161432,1.3480527237157887,1.419171722522485
FlowerKids_6_11s,FlowerKids,302,1,False,36.48478525875024,0.9249809140429927,37.8586630349779,0.9299733024898698,37.93390098720212,0.9312940685465948,0.0752379522242208,0.0013207660567250423,1.3738777762276584,1.4491157284518792
FlowerKids_6_11s,FlowerKids,304,2,False,36.57337788772541,0.9254714715667471,37.94938139047644,0.9303866275810773,38.02665286510599,0.9317168947971095,0.07727147462954775,0.0013302672160322437,1.3760035027510327,1.4532749773805804
FlowerKids_6_11s,FlowerKids,306,3,False,36.6086415015629,0.9256382701988563,37.97596637093652,0.9304582867659937,38.05094703721002,0.9317777501426155,0.07498066627350397,0.00131946337662181,1.3673248693736184,1.4423055356471224
FlowerKids_6_11s,FlowerKids,308,4,False,36.61325715036802,0.9255603861421147,37.968274995043835,0.9302822953895432,38.043277371041654,0.9316036561214338,0.07500237599781912,0.0013213607318905973,1.3550178446758139,1.430020220673633
FlowerKids_6_11s,FlowerKids,310,5,True,36.67187294304326,0.9257729705497356,37.99811750634551,0.9304021505384347,38.072864869449,0.9317284268204344,0.07474736310349073,0.001326276281999772,1.3262445633022466,1.4009919264057373
FlowerKids_6_11s,FlowerKids,312,6,False,36.75509538948815,0.9262299370955537,38.070760071430755,0.9306938249705856,38.14644012493761,0.9320216220515237,0.0756800535068578,0.001327797080938109,1.3156646819426072,1.391344735449465
FlowerKids_6_11s,FlowerKids,314,7,False,36.831912855259304,0.9263196060081504,38.176127349007466,0.9306836018322587,38.25243750583712,0.9319986063694693,0.07631015682965625,0.0013150045372105623,1.3442144937481615,1.4205246505778177
FlowerKids_6_11s,FlowerKids,316,8,False,36.89176184984728,0.9266068312692738,38.23831292454805,0.9307464532283415,38.315874154918845,0.9320800235071315,0.07756123037079732,0.0013335702787899972,1.3465510747007698,1.4241123050715672
FlowerKids_6_11s,FlowerKids,318,9,False,37.11570318420317,0.9276410121068738,38.44869450508999,0.9314336405939367,38.52877106306008,0.9327654110627535,0.08007655797008795,0.0013317704688167176,1.3329913208868192,1.413067878856907
FlowerKids_6_11s,FlowerKids,320,10,False,37.33965669685219,0.9287952808751854,38.64788502262488,0.9322561788478403,38.730299118860195,0.9335992941480785,0.08241409623531837,0.001343115300238229,1.3082283257726885,1.390642422008007
FlowerKids_6_11s,FlowerKids,322,11,True,37.546522696042196,0.9295240640975295,38.816927434121276,0.9328381648557029,38.902728885779126,0.934178363042789,0.08580145165785069,0.0013401981870860835,1.2704047380790797,1.3562061897369304
FlowerKids_6_11s,FlowerKids,324,12,False,37.43611256670158,0.928159502877981,38.65076979010486,0.9316236007990486,38.7321436425193,0.9329359882464272,0.08137385241443695,0.0013123874473786046,1.2146572234032789,1.2960310758177158
FlowerKids_6_11s,FlowerKids,326,13,False,37.32601634973008,0.9271991764330599,38.53824566378004,0.9308846653422117,38.61837701142609,0.9322111840217261,0.08013134764605212,0.001326518679514388,1.2122293140499565,1.2923606616960086
FlowerKids_6_11s,FlowerKids,328,14,False,37.30192914794436,0.9269141647043163,38.48004913628707,0.9305422282247207,38.55769253617613,0.9318549897983934,0.07764339988905533,0.0013127615736727716,1.178119988342715,1.2557633882317703
FlowerKids_6_11s,FlowerKids,330,15,False,37.30199265541094,0.9270405848168675,38.48078607734655,0.9306418619235679,38.560583257539214,0.9319741399568521,0.07979718019266357,0.0013322780332841733,1.1787934219356089,1.2585906021282725
FlowerKids_6_11s,FlowerKids,332,16,True,37.10457873431926,0.9265536295927514,38.302765432372425,0.9302845593669243,38.38100951980529,0.9316233083135584,0.07824408743286426,0.0013387489466341052,1.1981866980531635,1.2764307854860277
FlowerKids_6_11s,FlowerKids,334,17,False,36.994681654371014,0.9261894145738659,38.198915026057804,0.9301311595911194,38.27361358034379,0.9314418075532533,0.07469855428598748,0.0013106479621339817,1.2042333716867901,1.2789319259727776
FlowerKids_6_11s,FlowerKids,336,18,False,36.65140005530426,0.9247104330332143,37.79897823784118,0.9286841465142205,37.868816491674295,0.9300090235364262,0.06983825383311171,0.0013248770222057393,1.1475781825369253,1.217416436370037
FlowerKids_6_11s,FlowerKids,338,19,False,36.33934848423276,0.9231625891432149,37.413721561525286,0.9272084105803222,37.4780889287353,0.9285539818611906,0.06436736721001779,0.0013455712808684295,1.0743730772925275,1.1387404445025453
FlowerKids_6_11s,FlowerKids,340,20,False,36.557053936235555,0.9244509666610848,37.70623470093445,0.9284553271153622,37.77408503860197,0.929790951304724,0.06785033766751525,0.0013356241893618392,1.1491807646988974,1.2170311023664127
FlowerKids_6_11s,FlowerKids,342,21,False,36.73931472612673,0.9258807712375681,37.93181155310304,0.9298359135704143,38.004271032193024,0.9311823582333792,0.07245947908998573,0.001346444662964963,1.1924968269763099,1.2649563060662956
FlowerKids_6_11s,FlowerKids,344,22,True,36.846046278524675,0.9268061108423409,38.07642163993729,0.9307104018886846,38.15267715884251,0.9320900046071584,0.07625551890522075,0.0013796027184738158,1.2303753614126123,1.306630880317833
FlowerKids_6_11s,FlowerKids,346,23,False,36.937010808375256,0.927664685415759,38.17700469388034,0.9315133173631323,38.25450225481412,0.9329140929816895,0.07749756093377869,0.0014007756185572262,1.2399938855050863,1.317491446438865
FlowerKids_6_11s,FlowerKids,348,24,False,36.98135870678242,0.9283826791997326,38.23635257249333,0.9321960398515611,38.31541006949652,0.9335978958741811,0.0790574970031912,0.001401856022619996,1.254993865710908,1.3340513627140993
FlowerKids_6_11s,FlowerKids,350,25,False,36.968321714421236,0.9286446327706244,38.22421459334089,0.9325470481906016,38.30237724825075,0.9339397212596972,0.07816265490986041,0.001392673069095518,1.2558928789196528,1.3340555338295133
FlowerKids_6_11s,FlowerKids,352,26,False,36.932251367481406,0.9288175717514746,38.15727506651158,0.9326852057273946,38.23366247169411,0.9340777472473971,0.07638740518252973,0.001392541520002566,1.2250236990301744,1.3014111042127041
FlowerKids_6_11s,FlowerKids,354,27,True,36.768613947716524,0.927969748059504,37.998266555054144,0.9320556376828529,38.07038816157262,0.9333890438066338,0.0721216065184791,0.0013334061237808559,1.22965260733762,1.301774213856099
FlowerKids_6_11s,FlowerKids,356,28,False,35.689614702328115,0.922004461252779,36.96278478215793,0.9274559791667388,37.01963336025342,0.928547605030141,0.056848578095490154,0.001091625863402168,1.2731700798298178,1.330018657925308
FlowerKids_6_11s,FlowerKids,358,29,False,35.491391674665124,0.9206773294303057,36.802209473496575,0.9264629872900826,36.85794621355211,0.927537823660128,0.055736740055536416,0.0010748363700454622,1.3108177988314509,1.3665545388869873
FlowerKids_6_11s,FlowerKids,360,30,False,35.53590004444113,0.9201887086773891,36.874346276235755,0.9260662055952522,36.93048553989661,0.9271353418198864,0.05613926366085309,0.0010691362246342262,1.3384462317946273,1.3945854954554804
FlowerKids_6_11s,FlowerKids,362,31,False,35.54422164104251,0.9193762641885375,36.90128942950643,0.92532252970568,36.96018051766055,0.9263883884820239,0.058891088154119586,0.0010658587763439087,1.3570677884639153,1.4159588766180349
FlowerKids_6_11s,FlowerKids,364,32,True,35.4478806728173,0.9188932979402882,36.80255590112458,0.9249312679111439,36.85820381587106,0.9259551997624781,0.0556479147464799,0.0010239318513342033,1.3546752283072792,1.410323143053759
FlowerKids_6_11s,FlowerKids,366,33,False,35.3115918984324,0.918589546580772,36.665510364375265,0.9245970083387322,36.7222941504908,0.9256448325140745,0.05678378611553114,0.0010478241753423267,1.3539184659428685,1.4107022520583996
FlowerKids_6_11s,FlowerKids,368,34,False,35.26254453582261,0.9187542250258833,36.57691717445295,0.9245955145577645,36.63190954419988,0.92564287831862,0.054992369746926784,0.0010473637608555686,1.3143726386303385,1.3693650083772653
FlowerKids_6_11s,FlowerKids,370,35,False,35.13064489081744,0.9186617780858036,36.39133262714974,0.9244916786012548,36.44518318962091,0.9255601715922986,0.05385056247117603,0.0010684929910438346,1.2606877363322937,1.3145382988034697
FlowerKids_6_11s,FlowerKids,372,36,False,35.1957229902842,0.9194535940450855,36.45806083571534,0.9251992306024917,36.51143938243503,0.9262420025665924,0.05337854671969211,0.0010427719641007416,1.2623378454311336,1.3157163921508257
FlowerKids_6_11s,FlowerKids,374,37,False,35.474758490094096,0.9216426289836323,36.79152009096813,0.9271591558974513,36.847705404570576,0.9282149971453846,0.05618531360244816,0.0010558412479332313,1.316761600874031,1.3729469144764792
FlowerKids_6_11s,FlowerKids,376,38,True,35.7196067279826,0.9234006126836249,37.05516478604817,0.928751261756144,37.11405612515273,0.9298378428858066,0.058891339104562235,0.0010865811296626449,1.3355580580655655,1.3944493971701277
FlowerKids_6_11s,FlowerKids,378,39,False,36.12723936385575,0.9256843622942479,37.44691146430684,0.9304367037680386,37.50919709734627,0.9315566172903244,0.06228563303942991,0.001119913522285798,1.3196721004510863,1.3819577334905162
FlowerKids_6_11s,FlowerKids,380,40,False,36.760661034678385,0.9291712460392809,38.03484156526414,0.9331281843676903,38.1071826897552,0.9344224907940091,0.07234112449106078,0.001294306426318781,1.2741805305857525,1.3465216550768133
FlowerKids_6_11s,FlowerKids,382,41,False,37.12661146147204,0.9307817970744363,38.36537285057983,0.9342352295388,38.44638594137417,0.9356695266937655,0.08101309079433605,0.0014342971549654582,1.2387613891077933,1.3197744799021294
FlowerKids_6_11s,FlowerKids,384,42,False,37.34111255376666,0.9314429015852179,38.557978622791566,0.9347562023958187,38.64042425938266,0.9362103347661171,0.08244563659109616,0.0014541323702984554,1.2168660690249027,1.2993117056159988
FlowerKids_6_11s,FlowerKids,386,43,True,37.31212011681288,0.9314587684147172,38.518804043952,0.9347077916761484,38.60257395781669,0.9361649081606737,0.08376991386468546,0.0014571164845252893,1.2066839271391245,1.29045384100381
FlowerKids_6_11s,FlowerKids,388,44,False,37.25201240121866,0.9310613016851025,38.46490349088134,0.934487280884358,38.54661424654191,0.9359225465971565,0.08171075566056629,0.0014352657127985058,1.2128910896626834,1.2946018453232497
FlowerKids_6_11s,FlowerKids,390,45,False,37.154211140844225,0.9305056328726002,38.4019559803811,0.9342310651284713,38.48118399483234,0.935634152382275,0.07922801445123895,0.0014030872538036698,1.2477448395368782,1.3269728539881172
FlowerKids_6_11s,FlowerKids,392,46,False,37.07163255435003,0.9298210015142109,38.31748977564621,0.9338388485180903,38.39609846368003,0.9352475580525711,0.07860868803382459,0.001408709534480801,1.245857221296177,1.3244659093300015
FlowerKids_6_11s,FlowerKids,394,47,False,36.9920812648286,0.9294794230712338,38.24921225498288,0.9337211747539226,38.32735742251062,0.9351413056279892,0.07814516752774381,0.0014201308740666718,1.2571309901542804,1.3352761576820242
FlowerKids_6_11s,FlowerKids,396,48,False,37.157570115431156,0.930293515675689,38.42853685377632,0.9344894194166242,38.508156608120004,0.9358923116275258,0.07961975434368185,0.0014028922109016184,1.270966738345166,1.3505864926888478
FlowerKids_6_11s,FlowerKids,398,49,True,37.31656981868899,0.9312728540083595,38.564538358945796,0.9352745889904602,38.650350654630266,0.93670366538836,0.08581229568446958,0.0014290763978997978,1.2479685402568066,1.3337808359412762
FlowerKids_6_11s,FlowerKids,400,50,False,37.17614199458255,0.9307017434034642,38.42819909478932,0.9348948979319612,38.51259683739495,0.9363387721710063,0.08439774260563127,0.0014438742390450177,1.2520571002067697,1.336454842812401
FlowerKids_6_11s,FlowerKids,402,51,False,37.04756287965643,0.9301004747591248,38.31041842867592,0.9345767096666845,38.39105702680136,0.9360208343201496,0.08063859812543939,0.0014441246534651064,1.2628555490194913,1.3434941471449307
FlowerKids_6_11s,FlowerKids,404,52,False,36.741990802454175,0.928493446437536,37.99677912299807,0.9333168246755263,38.073284299616724,0.9347619262291709,0.07650517661865308,0.0014451015536445233,1.254788320543895,1.331293497162548
FlowerKids_6_11s,FlowerKids,406,53,False,36.3183460149923,0.9262817342323578,37.52920536614432,0.9313601613353848,37.596161792609564,0.932782688221369,0.06695642646524647,0.00142252688598421,1.210859351152017,1.2778157776172634
FlowerKids_6_11s,FlowerKids,408,54,True,35.84861412450354,0.9234866707672797,36.9786118511955,0.9288101526412468,37.03992060675692,0.9302328122839887,0.061308755561420014,0.001422659642741908,1.1299977266919612,1.1913064822533812
FlowerKids_6_11s,FlowerKids,410,55,False,35.57120004749487,0.9219176616346221,36.661740025824514,0.9274171950226716,36.7201993017552,0.928838368168334,0.05845927593068723,0.0014211731456623689,1.0905399783296446,1.1489992542603318
FlowerKids_6_11s,FlowerKids,412,56,False,35.405000073019636,0.9208364391644853,36.459092201422116,0.9263960966923375,36.515532104945436,0.9278107814675102,0.0564399035233194,0.0014146847751727032,1.0540921284024805,1.1105320319257999
FlowerKids_6_11s,FlowerKids,414,57,False,35.52307723852066,0.9215027724520523,36.59579007185384,0.9270157481732247,36.65377283300118,0.9284127096042415,0.05798276114733625,0.0013969614310167522,1.0727128333331777,1.130695594480514
FlowerKids_6_11s,FlowerKids,416,58,False,35.62493054060835,0.9217456865027646,36.721108796107394,0.9272597179356025,36.78064981935685,0.9286433429234399,0.05954102324945865,0.0013836249878373952,1.0961782554990478,1.1557192787485064
FlowerKids_6_11s,FlowerKids,418,59,True,35.87459239257211,0.9232259783909937,37.018146677870654,0.9286552214947618,37.08110833480162,0.9300193093689963,0.06296165693096611,0.0013640878742345874,1.143554285298542,1.2065159422295082
FlowerKids_6_11s,FlowerKids,420,60,False,36.26440213452665,0.9253409264362429,37.455785327932375,0.9306387210917311,37.52438848912344,0.9319961142232336,0.06860316119106358,0.0013573931315025156,1.191383193405727,1.2599863545967906
FlowerKids_6_11s,FlowerKids,422,61,False,36.44097875537355,0.9258329552995378,37.634360575137016,0.9310395207574688,37.70580756820285,0.932371499068311,0.07144699306583391,0.0013319783108421968,1.1933818197634665,1.2648288128293004
FlowerKids_6_11s,FlowerKids,424,62,False,36.3342929718637,0.9242928876637553,37.539784935930435,0.9297693491104425,37.60866604657531,0.9310675261544351,0.0688811106448739,0.0012981770439925988,1.2054919640667379,1.2743730747116118
FlowerKids_6_11s,FlowerKids,426,63,False,36.41545672569596,0.9243796268730761,37.661556136853356,0.9299042192584392,37.73156033398741,0.931188331551905,0.07000419713405392,0.0012841122934657,1.2460994111573953,1.3161036082914492
FlowerKids_6_11s,FlowerKids,428,64,False,36.72636631586583,0.9254072705858389,37.95718953924912,0.9306488171418488,38.028554782593865,0.9318884152583188,0.07136524334474359,0.0012395981164700087,1.2308232233832896,1.3021884667280332
FlowerKids_6_11s,FlowerKids,430,65,True,37.038697846059954,0.9260759549789296,38.25285769938286,0.9311081548727935,38.32627823171383,0.9323025394243012,0.0734205323309709,0.0011943845515076656,1.2141598533229043,1.2875803856538752
FlowerKids_6_11s,FlowerKids,432,66,False,37.28695796344457,0.9265682432432013,38.464331398114034,0.9312040936360522,38.53784021495696,0.9323764457013374,0.07350881684292432,0.0011723520652852093,1.1773734346694624,1.2508822515123867
FlowerKids_6_11s,FlowerKids,434,67,False,37.527794670412234,0.9269056577216022,38.62333428303382,0.9311159848639737,38.70040531136747,0.9322789083123048,0.07707102833364843,0.0011629234483310213,1.095539612621586,1.1726106409552344
FlowerKids_6_11s,FlowerKids,436,68,False,37.70457103196763,0.9268334200980003,38.75042717801793,0.9308297458122549,38.82849730936315,0.9319633862279579,0.07807013134522123,0.0011336404157030744,1.0458561460502978,1.123926277395519
FlowerKids_6_11s,FlowerKids,438,69,False,37.57296521922183,0.9256072472633293,38.6693156536629,0.9299558697425514,38.74485530659821,0.9310461177819935,0.07553965293531206,0.0010902480394421321,1.0963504344410708,1.171890087376383
FlowerKids_6_11s,FlowerKids,440,70,True,37.339013087256305,0.9242487278307868,38.526260742949574,0.929131926874918,38.598601485140165,0.930210135005936,0.07234074219059039,0.0010782081310179992,1.1872476556932696,1.25958839788386
FlowerKids_6_11s,FlowerKids,442,71,False,37.08436984153499,0.9226621030103336,38.33394849809502,0.928018624882878,38.40494486007484,0.9290891982004749,0.07099636197982306,0.0010705733175968568,1.2495786565600255,1.3205750185398486
FlowerKids_6_11s,FlowerKids,444,72,False,36.88805142394758,0.921866698576548,38.17413739836209,0.9275096835311419,38.24095782412228,0.9285681153600335,0.06682042576019143,0.0010584318288915373,1.2860859744145117,1.352906400174703
FlowerKids_6_11s,FlowerKids,446,73,False,36.92381379727629,0.9224302880734958,38.19636690772321,0.927968210703816,38.261506759748585,0.9290085087787355,0.06513985202537498,0.0010402980749195656,1.2725531104469212,1.3376929624722962
FlowerKids_6_11s,FlowerKids,448,74,False,37.24138798826674,0.9235539156901225,38.47434098977149,0.9287188946427517,38.54396851198477,0.9297755274111815,0.06962752221328117,0.0010566327684298216,1.2329530015047538,1.302580523718035
FlowerKids_6_11s,FlowerKids,450,75,True,37.45789511355719,0.9240290820881254,38.65843133032684,0.9288976381418174,38.7285583517468,0.9299237889387848,0.07012702141995675,0.00102615079696744,1.200536216769649,1.2706632381896057
FlowerKids_6_11s,FlowerKids,452,76,False,37.46417260768353,0.923421056057078,38.65852882859425,0.9282027949297814,38.72878704183745,0.9292141963150731,0.07025821324319992,0.0010114013852916548,1.19435622091072,1.2646144341539198
FlowerKids_6_11s,FlowerKids,454,77,False,37.62462199025286,0.9233638426339613,38.80110423379784,0.9279061425478919,38.87270098629793,0.9289178924820993,0.07159675250009201,0.0010117499342073843,1.1764822435449744,1.2480789960450664
FlowerKids_6_11s,FlowerKids,456,78,False,37.64408051043889,0.922808324132463,38.8247868091465,0.9273125362533139,38.89498381318103,0.9282986242741637,0.07019700403452589,0.0009860880208497624,1.1807062987076122,1.2509033027421381
FlowerKids_6_11s,FlowerKids,458,79,False,37.51849416395062,0.9216587878236202,38.71036403785222,0.9262056478069345,38.78056065410003,0.9271791814005306,0.07019661624780582,0.0009735335935960876,1.1918698739016023,1.262066490149408
FlowerKids_6_11s,FlowerKids,460,80,False,37.24661345595165,0.9195800575349046,38.481598545343005,0.9243816363783856,38.54839029849928,0.9253414114341482,0.06679175315627361,0.0009597750557626128,1.2349850893913512,1.3017768425476248
FlowerKids_6_11s,FlowerKids,462,81,True,37.101126708059404,0.9186623143846364,38.368209535366844,0.9235503037352158,38.43269694863705,0.9244722616513855,0.06448741327020713,0.0009219579161696689,1.2670828273074406,1.3315702405776477
FlowerKids_6_11s,FlowerKids,464,82,False,37.082610405976716,0.9185824816117835,38.35817315797241,0.9234910221444218,38.42315750372089,0.9244241116130286,0.06498434574847778,0.0009330894686068181,1.2755627519956931,1.340547097744171
FlowerKids_6_11s,FlowerKids,466,83,False,36.7113622522961,0.9160820358958203,38.006860631691424,0.9212796307310424,38.067660385746635,0.922169537881452,0.06079975405521054,0.0008899071504095968,1.295498379395326,1.3562981334505366
FlowerKids_6_11s,FlowerKids,468,84,False,36.50531446176031,0.9142512687304404,37.77569013348697,0.9194724687492393,37.83428255432444,0.9203586895297221,0.05859242083747063,0.0008862207804828381,1.2703756717266614,1.328968092564132
FlowerKids_6_11s,FlowerKids,470,85,False,36.35631175068396,0.9129044332088172,37.616855605710924,0.9182079853764925,37.675171854091786,0.9190944762118934,0.058316248380862135,0.0008864908354009327,1.2605438550269668,1.3188601034078289
FlowerKids_6_11s,FlowerKids,472,86,True,36.213415936723386,0.9115876497530072,37.45348847590045,0.9170322631083523,37.5076413049142,0.9178859422125464,0.05415282901375207,0.0008536791041940939,1.2400725391770635,1.2942253681908156
FlowerKids_6_11s,FlowerKids,474,87,False,36.167649172331814,0.9111998456791771,37.40539152481237,0.916642373763953,37.46022793363691,0.9175186920513025,0.054836408824535,0.0008763182873495756,1.2377423524805593,1.2925787613050943
FlowerKids_6_11s,FlowerKids,476,88,False,36.033670469741175,0.9104171127444662,37.28287099926502,0.9159178100977585,37.336523557578495,0.9167711113092966,0.053652558313473264,0.0008533012115380378,1.249200529523847,1.3028530878373203
FlowerKids_6_11s,FlowerKids,478,89,False,35.872817847782585,0.9092268753159427,37.11051631651117,0.9147849697196702,37.161916005151014,0.9156314053358087,0.051399688639840235,0.0008464356161385078,1.2376984687285884,1.2890981573684286
FlowerKids_6_11s,FlowerKids,480,90,False,35.989454172100345,0.9101154599204586,37.24892207621825,0.9157262774929822,37.30170440637385,0.9165838966667205,0.05278233015560119,0.0008576191737382777,1.2594679041179049,1.312250234273506
FlowerKids_6_11s,FlowerKids,482,91,False,36.132117982362395,0.9106275725531362,37.3775030439687,0.9161503848821659,37.43202244878286,0.9170109572226929,0.05451940481415818,0.0008605723405269439,1.2453850616063065,1.2999044664204646
FlowerKids_6_11s,FlowerKids,484,92,True,36.22966098172958,0.9113753705274783,37.476620102180725,0.9168712883678722,37.53146801027225,0.9177295270578255,0.05484790809152429,0.0008582386899532723,1.2469591204511445,1.3018070285426688
FlowerKids_6_11s,FlowerKids,486,93,False,36.26204227961427,0.9117940712375722,37.52290406068413,0.9172698587867099,37.57857330489145,0.918134283739367,0.05566924420732278,0.0008644249526571501,1.2608617810698561,1.316531025277179
FlowerKids_6_11s,FlowerKids,488,94,False,36.22390221457215,0.9120274523477641,37.49789843214555,0.9175244395368733,37.55393562972307,0.9183816905605775,0.05603719757752401,0.0008572510237041531,1.2739962175733979,1.3300334151509219
FlowerKids_6_11s,FlowerKids,490,95,False,36.212994850954374,0.9126672027559208,37.49179278300463,0.9181948710549588,37.54842169241396,0.9190785667778018,0.05662890940933352,0.0008836957228429698,1.278797932050253,1.3354268414595865
FlowerKids_6_11s,FlowerKids,492,96,False,36.73661382231194,0.9170353473245093,38.02988208688066,0.9221372311164377,38.0918348824442,0.9230438596264695,0.06195279556354194,0.0009066285100317595,1.2932682645687237,1.3552210601322656
FlowerKids_6_11s,FlowerKids,494,97,True,37.35242059103071,0.9212669767268717,38.598232186845244,0.9256163929171681,38.663533667816154,0.9265156916793885,0.06530148097090915,0.0008992987622203907,1.245811595814537,1.3111130767854462
FlowerKids_6_11s,FlowerKids,496,98,False,37.640108547870625,0.9235596586636816,38.8737065316048,0.9276493200972551,38.94257594314763,0.9285657767524135,0.06886941154282766,0.0009164566551583819,1.2335979837341782,1.3024673952770058
FlowerKids_6_11s,FlowerKids,498,99,False,37.74099140541579,0.9238099931687976,38.969444985762046,0.9278502700269042,39.03914151270701,0.9287920901920744,0.06969652694496631,0.000941820165170193,1.2284535803462546,1.298150107291221
FlowerKids_6_11s,FlowerKids,500,100,False,38.05418553277436,0.9260114817131806,39.243101193355336,0.9296706416294689,39.31480260325765,0.9306194013444375,0.07170140990231033,0.0009487597149686611,1.1889156605809745,1.2606170704832849
FlowerKids_6_11s,FlowerKids,502,101,False,38.27948071036714,0.927645955653581,39.43102295540215,0.9309897970827841,39.50448469506111,0.9319557702546568,0.07346173965895986,0.0009659731718727471,1.1515422450350101,1.22500398469397
FlowerKids_6_11s,FlowerKids,504,102,True,38.44916102775298,0.9283983513265113,39.55800060611341,0.9315031846713148,39.63440208393328,0.9325111730014582,0.07640147781987139,0.0010079883301434833,1.1088395783604312,1.1852410561803026
FlowerKids_6_11s,FlowerKids,506,103,False,38.47693545406339,0.9294956241876812,39.62535269099437,0.9327885005205065,39.70492574909455,0.9338307417267862,0.07957305810018056,0.0010422412062796038,1.1484172369309817,1.2279902950311623
FlowerKids_6_11s,FlowerKids,508,104,False,38.296895181372555,0.9294270095168772,39.50928365973496,0.933020303491392,39.58910453993821,0.9340765907682246,0.07982088020325051,0.0010562872768326015,1.2123884783624064,1.2922093585656569
FlowerKids_6_11s,FlowerKids,510,105,False,38.18296986488611,0.9298330723355228,39.42310496753328,0.933540787992295,39.5045368789942,0.9346190789687581,0.08143191146092477,0.0010782909764630588,1.2401351026471659,1.3215670141080906
FlowerKids_6_11s,FlowerKids,512,106,False,38.07967689119145,0.9300051721023579,39.34044747856251,0.9338053007861634,39.422363342272824,0.9349015768689117,0.08191586371031434,0.0010962760827483153,1.2607705873710628,1.3426864510813772
FlowerKids_6_11s,FlowerKids,514,107,False,38.03449965945848,0.9304760438960817,39.343195965935266,0.9344247645381301,39.426131980379466,0.935556507928701,0.08293601444420062,0.0011317433905709828,1.308696306476783,1.3916323209209835
FlowerKids_6_11s,FlowerKids,516,108,True,38.02798698584323,0.931277508411966,39.34728284773787,0.9351842047491628,39.43105532694524,0.9363182186735544,0.08377247920736863,0.001134013924391608,1.3192958618946449,1.4030683411020135
FlowerKids_6_11s,FlowerKids,518,109,False,37.921307504701886,0.9312378562865372,39.27125019594773,0.9353403346066036,39.355582148182606,0.9364826554422332,0.08433195223487644,0.0011423208356295955,1.3499426912458432,1.4342746434807196
FlowerKids_6_11s,FlowerKids,520,110,False,37.550115015586876,0.9294656273858867,38.95251507319329,0.9340252690907721,39.033475769086785,0.9351885956584797,0.08096069589349497,0.0011633265677075677,1.402400057606414,1.483360753499909
FlowerKids_6_11s,FlowerKids,522,111,False,37.39052917622781,0.9289821454989221,38.79767768640582,0.933612238160063,38.87944139399616,0.9348075119992925,0.08176370759034057,0.0011952738392294604,1.4071485101780112,1.4889122177683518
FlowerKids_6_11s,FlowerKids,524,112,False,37.505206839149125,0.9298914389069717,38.89503251178147,0.9343870727098899,38.97852725799971,0.9355788872107176,0.0834947462182356,0.0011918145008277259,1.3898256726323481,1.4733204188505837
FlowerKids_6_11s,FlowerKids,526,113,True,37.520713166800974,0.9301642658225767,38.90229167550292,0.9346641487422779,38.98520712084786,0.9358553580908815,0.08291544534493767,0.0011912093486036168,1.3815785087019492,1.4644939540468869
FlowerKids_6_11s,FlowerKids,528,114,False,37.54482170073423,0.9308797122984513,38.9367316497009,0.9354070198925464,39.020805862513924,0.9366076963808897,0.08407421281302163,0.0012006764883433219,1.3919099489666706,1.4759841617796923
FlowerKids_6_11s,FlowerKids,530,115,False,37.58434067500732,0.9315394423376364,38.978956498589355,0.9360350844173653,39.06656685490633,0.9372947138815814,0.08761035631697212,0.0012596294642160943,1.3946158235820363,1.4822261798990084
FlowerKids_6_11s,FlowerKids,532,116,False,37.32743488535927,0.9308051090208962,38.757693388589644,0.9355080610500713,38.843073439886005,0.9367865953868618,0.08538005129636161,0.0012785343367904822,1.4302585032303767,1.5156385545267383
FlowerKids_6_11s,FlowerKids,534,117,False,37.151441867251584,0.9304691176760829,38.59703967398924,0.9352607589793668,38.68096277496855,0.9365486979238016,0.08392310097931244,0.0012879389444347966,1.445597806737652,1.5295209077169645
FlowerKids_6_11s,FlowerKids,536,118,False,36.94769384191584,0.9296276778060202,38.37540763002868,0.934425089398678,38.45753686221295,0.9357558584051289,0.08212923218426482,0.0013307690064509048,1.4277137881128397,1.5098430202971045
FlowerKids_6_11s,FlowerKids,538,119,True,36.76167481204579,0.9288957122627155,38.187199086061376,0.9338044363584816,38.269266703680735,0.935153839572845,0.08206761761935866,0.0013494032143633872,1.4255242740155865,1.5075918916349451
FlowerKids_6_11s,FlowerKids,540,120,False,36.65583817750142,0.9287001915697365,38.08178832080025,0.9335411673355382,38.16266661845218,0.9349378209448781,0.08087829765192822,0.0013966536093399373,1.4259501432988273,1.5068284409507555
FlowerKids_6_11s,FlowerKids,542,121,False,36.69639115338347,0.9293606600059762,38.12985991935626,0.9341622147119435,38.21200260810571,0.9355525304269694,0.08214268874945674,0.0013903157150259027,1.4334687659727834,1.5156114547222401
FlowerKids_6_11s,FlowerKids,544,122,False,36.854192975506386,0.9304168451143211,38.293967346147625,0.9351292145157795,38.37829927386649,0.9365308266991565,0.08433192771886411,0.0014016121833770878,1.4397743706412385,1.5241062983601026
FlowerKids_6_11s,FlowerKids,546,123,False,36.928752520886256,0.9309442116334742,38.36222814747521,0.9356052555627101,38.44985477720617,0.9370477617444937,0.08762662973096269,0.0014425061817835427,1.433475626588951,1.5211022563199137
FlowerKids_6_11s,FlowerKids,548,124,True,36.70025084710433,0.9299355196597778,38.12194940897867,0.934780070710214,38.203157764270465,0.93621325198135,0.0812083552917926,0.0014331812711360081,1.4216985618743436,1.5029069171661362
FlowerPan_0_5s,FlowerPan,0,0,True,34.76265568776066,0.872636152034179,35.825816834771715,0.883814622086781,35.8660597237379,0.8844236777360879,0.04024288896618344,0.000609055649306911,1.0631611470110514,1.1034040359772348
FlowerPan_0_5s,FlowerPan,2,1,False,34.743907263180525,0.8724332449537243,35.80888324907104,0.8835701004353705,35.85017332943475,0.8841808938632009,0.04129008036371573,0.0006107934278303251,1.0649759858905128,1.1062660662542285
FlowerPan_0_5s,FlowerPan,4,2,False,34.766305408443536,0.8726323180463569,35.828963431075096,0.883790241891893,35.86866484227926,0.8843893265986199,0.03970141120416315,0.0005990847067268712,1.0626580226315596,1.1023594338357228
FlowerPan_0_5s,FlowerPan,6,3,False,34.741736195996594,0.8725855398976379,35.80361148804218,0.883666836124176,35.845611411645834,0.8842788149527089,0.041999923603654565,0.000611978828532922,1.0618752920455847,1.1038752156492393
FlowerPan_0_5s,FlowerPan,8,4,False,34.758883647889306,0.8725616326650988,35.82426899560606,0.8837589013818831,35.864369445663264,0.8843610778750715,0.04010045005720286,0.0006021764931883888,1.0653853477167559,1.1054857977739587
FlowerPan_0_5s,FlowerPan,10,5,True,34.74127715717876,0.8726227365014407,35.80263791319814,0.8837441680445046,35.844144358188814,0.884355296027078,0.041506444990673685,0.0006111279825733451,1.0613607560193827,1.1028672010100564
FlowerPan_0_5s,FlowerPan,12,6,False,34.74188436482224,0.8723817100053188,35.80852999377327,0.8836004141837698,35.84961027954746,0.8842113694617282,0.04108028577419276,0.0006109552779584027,1.0666456289510293,1.107725914725222
FlowerPan_0_5s,FlowerPan,14,7,False,34.74465851153715,0.8724608200958466,35.80408149298687,0.8835827759272981,35.84442023192464,0.8841871631119824,0.04033873893776985,0.0006043871846843629,1.059422981449714,1.0997617203874839
FlowerPan_0_5s,FlowerPan,16,8,False,34.73866884863559,0.8725285992169894,35.80407854793536,0.883654715654717,35.846110211924945,0.8843031528155848,0.042031663989583024,0.0006484371608678208,1.0654096992997708,1.1074413632893538
FlowerPan_0_5s,FlowerPan,18,9,False,34.75037906972999,0.8726550346509336,35.8128141322467,0.8837822981514047,35.85326658086362,0.8843996871656996,0.04045244861691799,0.0006173890142948668,1.0624350625167125,1.1028875111336305
FlowerPan_0_5s,FlowerPan,20,10,False,34.71661494394003,0.8722116660076128,35.77868793107339,0.8833800773517976,35.82123037020932,0.8840325271889999,0.04254243913592859,0.0006524498372023624,1.0620729871333623,1.1046154262692909
FlowerPan_0_5s,FlowerPan,22,11,True,34.726742889163994,0.8722337906221174,35.79185696773722,0.8834707723846289,35.83144259363735,0.8840615394632321,0.039585625900130594,0.0005907670786031716,1.0651140785732238,1.1046997044733544
FlowerPan_0_5s,FlowerPan,24,12,False,34.73280128526931,0.8723182795579468,35.79223530258742,0.8834584465565885,35.833738730850285,0.8841013086115502,0.041503428262863906,0.0006428620549617792,1.059434017318111,1.1009374455809748
FlowerPan_0_5s,FlowerPan,26,13,False,34.712543288298306,0.872133867158153,35.77473742565836,0.8833092234885259,35.81606701977373,0.8839308243812021,0.041329594115374846,0.0006216008926761551,1.062194137360052,1.103523731475427
FlowerPan_0_5s,FlowerPan,28,14,False,34.72250116729696,0.87223725775398,35.78837785119409,0.8834774570376838,35.82837185604513,0.8840843873940596,0.03999400485103877,0.0006069303563758233,1.0658766838971303,1.105870688748169
FlowerPan_0_5s,FlowerPan,30,15,False,34.719365480718565,0.8721367964022804,35.77952856133934,0.8833012856909126,35.82037985628499,0.8839321072770947,0.040851294945646544,0.0006308215861821065,1.0601630806207751,1.1010143755664217
FlowerPan_0_5s,FlowerPan,32,16,True,34.70844817835613,0.8721073369498918,35.768158447790704,0.883300702219733,35.80883076946159,0.8839047176582115,0.040672321670889744,0.0006040154384785446,1.059710269434575,1.1003825911054648
FlowerPan_0_5s,FlowerPan,34,17,False,34.71841341705008,0.8722677436047754,35.78278174563756,0.8835025059256603,35.82353761712119,0.8841035435167501,0.04075587148363269,0.0006010375910898702,1.0643683285874772,1.10512420007111
FlowerPan_0_5s,FlowerPan,36,18,False,34.72714097777934,0.8723151569789719,35.791225019863276,0.8835235631031559,35.830742289205425,0.8841233105136495,0.03951726934214861,0.0005997474104935119,1.064084042083934,1.1036013114260825
FlowerPan_0_5s,FlowerPan,38,19,False,34.71564972985134,0.8721157177901399,35.77749478242852,0.883352618120617,35.81870573612757,0.8839667101316895,0.041210953699049924,0.0006140920110724313,1.0618450525771763,1.1030560062762262
FlowerPan_0_5s,FlowerPan,40,20,False,34.71856878410986,0.8723844039492191,35.780427318433965,0.8835245227995335,35.82143270688279,0.8841327972076255,0.04100538844882351,0.0006082744080919689,1.0618585343241023,1.1028639227729258
FlowerPan_0_5s,FlowerPan,42,21,False,34.72153188990902,0.8722725607150924,35.78506559535865,0.8835047775537568,35.82502164834176,0.8841078904685344,0.03995605298310778,0.0006031129147776593,1.063533705449629,1.1034897584327368
FlowerPan_0_5s,FlowerPan,44,22,True,34.72097274427537,0.8721880028188533,35.78602591513268,0.8834154252577424,35.82641385767349,0.8840122687562201,0.04038794254080358,0.0005968434984776616,1.0650531708573112,1.1054411133981148
FlowerPan_0_5s,FlowerPan,46,23,False,34.71063683842634,0.8722123815277072,35.7756420288861,0.8834571053018051,35.81646758425657,0.8840626386862045,0.04082555537047483,0.0006055333843993926,1.0650051904597575,1.1058307458302323
FlowerPan_0_5s,FlowerPan,48,24,False,34.71362224587161,0.8722944958487739,35.776273499712275,0.8834848188327368,35.8166822597456,0.8840917750427477,0.04040876003332272,0.0006069562100109449,1.062651253840663,1.1030600138739857
FlowerPan_0_5s,FlowerPan,50,25,False,34.71080908768609,0.8721321300074532,35.77709659476217,0.8833936452277787,35.817866880997144,0.8840085452811601,0.040770286234973696,0.0006149000533813842,1.0662875070760833,1.107057793311057
FlowerPan_0_5s,FlowerPan,52,26,False,34.70708236988979,0.8721227257061263,35.77245629114013,0.8833365576764141,35.81350614565361,0.8839498353017685,0.04104985451348142,0.0006132776253544581,1.065373921250341,1.1064237757638224
FlowerPan_0_5s,FlowerPan,54,27,True,34.71385517422566,0.8722896964893867,35.77489166450605,0.8834456213393485,35.81647364663383,0.8840763941435626,0.04158198212778075,0.0006307728042141969,1.0610364902803937,1.1026184724081745
FlowerPan_0_5s,FlowerPan,56,28,False,34.714286165622795,0.8722134157160908,35.779540891670756,0.88347182996138,35.819389978212094,0.884062427129915,0.0398490865413379,0.0005905971685350453,1.0652547260479608,1.1051038125892987
FlowerPan_0_5s,FlowerPan,58,29,False,34.70177990249242,0.8720474999664638,35.768665373263104,0.8833078357874672,35.80962979441073,0.8839199257574839,0.04096442114762766,0.0006120899700167159,1.0668854707706856,1.1078498919183133
FlowerPan_0_5s,FlowerPan,60,30,False,34.705922123005536,0.8721442577769019,35.76725976674427,0.8832840148041348,35.808920894503785,0.8839276215628378,0.041661127759518024,0.0006436067587030081,1.0613376437387316,1.1029987714982497
FlowerPan_0_5s,FlowerPan,62,31,False,34.720178264750544,0.8724835152192364,35.779262358020674,0.883616164661157,35.818914829767145,0.8841948988927237,0.03965247174647146,0.0005787342315667354,1.0590840932701298,1.0987365650166012
FlowerPan_0_5s,FlowerPan,64,32,True,34.71297750128365,0.8723429105020986,35.781088872912484,0.883575034927807,35.82268574839873,0.8841942724516073,0.04159687548624902,0.0006192375238003311,1.0681113716288309,1.1097082471150799
FlowerPan_0_5s,FlowerPan,66,33,False,34.71620042023665,0.8723294156705188,35.78040379355599,0.8835121968877976,35.82117437992322,0.8841185677870108,0.04077058636723052,0.0006063708992132266,1.0642033733193372,1.1049739596865678
FlowerPan_0_5s,FlowerPan,68,34,False,34.71941764271356,0.8724449043047525,35.78102516442349,0.8836132050764159,35.821932628750794,0.8842405735914487,0.04090746432730441,0.0006273685150327557,1.0616075217099308,1.1025149860372352
FlowerPan_0_5s,FlowerPan,70,35,False,34.70059878155812,0.8720995705437634,35.76964993764784,0.8833239913783453,35.81054771856477,0.8839464722035049,0.04089778091692864,0.0006224808251595881,1.0690511560897207,1.1099489370066493
FlowerPan_0_5s,FlowerPan,72,36,False,34.718706385778766,0.8724177437311488,35.7814985907831,0.8836038405120203,35.82124163682439,0.8841988534499301,0.039743046041287755,0.0005950129379097557,1.0627922050043352,1.102535251045623
FlowerPan_0_5s,FlowerPan,74,37,False,34.711379773928016,0.8723306460476778,35.775532419436686,0.8835348686821238,35.81746136752279,0.8841753957068684,0.04192894808610248,0.0006405270247445971,1.0641526455086705,1.106081593594773
FlowerPan_0_5s,FlowerPan,76,38,True,34.711008748238235,0.8722569260324916,35.780685792162366,0.8834843731552812,35.822149691383906,0.8840997109075113,0.041463899221540146,0.0006153377522301051,1.0696770439241305,1.1111409431456707
FlowerPan_0_5s,FlowerPan,78,39,False,34.730168259253844,0.8726312246232221,35.791074959663945,0.883773381405787,35.83040181672241,0.8843422959764149,0.039326857058462394,0.0005689145706279097,1.0609067004101007,1.100233557468563
FlowerPan_0_5s,FlowerPan,80,40,False,34.71560214915536,0.8724298687766058,35.7867765076485,0.8836484230091358,35.82902288921176,0.8842837098254094,0.04224638156325966,0.0006352868162735614,1.0711743584931384,1.113420740056398
FlowerPan_0_5s,FlowerPan,82,41,False,34.73337012044476,0.872585088500358,35.798757560617666,0.883811862774315,35.83896180339319,0.8844298094939161,0.04020424277552337,0.0006179467196011368,1.0653874401729055,1.105591682948429
FlowerPan_0_5s,FlowerPan,84,42,False,34.72437091086567,0.8726246466194728,35.7951960342587,0.8838454408218177,35.836720468424524,0.8844563662097914,0.0415244341658223,0.0006109253879736931,1.0708251233930284,1.1123495575588507
FlowerPan_0_5s,FlowerPan,86,43,True,34.74257966551829,0.8727295925738164,35.80626203016304,0.8838735305398518,35.84749999336008,0.8844954346529856,0.04123796319704098,0.0006219041131337866,1.0636823646447482,1.1049203278417892
FlowerPan_0_5s,FlowerPan,88,44,False,34.736911578073034,0.8727641344783152,35.81168274954471,0.8839872317740604,35.85437259586207,0.8846228532658913,0.042689846317358615,0.00063562149183094,1.0747711714716743,1.117461017789033
FlowerPan_0_5s,FlowerPan,90,45,False,34.756993265402556,0.8730016578377191,35.82286813307523,0.8841464292381223,35.86450502217863,0.884776569913937,0.04163688910340113,0.0006301406758147943,1.065874867672676,1.107511756776077
FlowerPan_0_5s,FlowerPan,92,46,False,34.75588553205628,0.8729514200969647,35.82905980542304,0.8841690797625423,35.86987952976264,0.8847876182904676,0.040819724339598906,0.0006185385279252609,1.0731742733667602,1.113993997706359
FlowerPan_0_5s,FlowerPan,94,47,False,34.74352475474421,0.8728474727273917,35.81341502445847,0.8839763855479038,35.855594397055185,0.8846103549761548,0.04217937259671345,0.0006339694282510022,1.0698902697142643,1.1120696423109777
FlowerPan_0_5s,FlowerPan,96,48,False,34.76975033729035,0.8731396440068144,35.83361728286426,0.8841981346119592,35.87405669547281,0.8848023753206311,0.04043941260854922,0.0006042407086719326,1.0638669455739134,1.1043063581824626
FlowerPan_0_5s,FlowerPan,98,49,True,34.772308620878825,0.8730747006175078,35.844736521120154,0.8842895205373649,35.885712485758894,0.8849151008102218,0.04097596463873998,0.0006255802728569737,1.0724279002413297,1.1134038648800697
FlowerPan_0_5s,FlowerPan,100,50,False,34.773124846749226,0.8732371999106358,35.84936577722091,0.8844205964542352,35.89246145276241,0.8850696326990988,0.043095675541501066,0.0006490362448635656,1.076240930471684,1.119336606013185
FlowerPan_0_5s,FlowerPan,102,51,False,34.77039247302197,0.8732368485318407,35.840955263746324,0.884374913165899,35.88293072325524,0.8849975850177353,0.04197545950891879,0.0006226718518362873,1.0705627907243525,1.1125382502332712
FlowerPan_0_5s,FlowerPan,104,52,False,34.78198727102392,0.8733094512406777,35.85511182089027,0.8845190260960377,35.89629876642052,0.8851201084656518,0.041186945530249375,0.0006010823696140921,1.0731245498663498,1.1143114953965991
FlowerPan_0_5s,FlowerPan,106,53,False,34.780033005613205,0.8733147080177863,35.85583181509759,0.8845126619010687,35.897321503824074,0.8851599155907617,0.04148968872648595,0.0006472536896929837,1.0757988094843824,1.1172884982108684
FlowerPan_0_5s,FlowerPan,108,54,True,34.7829015229687,0.8735591607989629,35.8583585738456,0.8847481448912656,35.9006337993121,0.8853792585918396,0.04227522546649709,0.0006311137005740042,1.0754570508768992,1.1177322763433963
FlowerPan_0_5s,FlowerPan,110,55,False,34.78048952225982,0.8734231591877109,35.84909124930953,0.884489583543025,35.889902322428824,0.8850993744831696,0.04081107311929344,0.0006097909401445722,1.0686017270497103,1.1094128001690038
FlowerPan_0_5s,FlowerPan,112,56,False,34.79043949348386,0.8736128287565174,35.86339284141877,0.8847305823595436,35.90533676335061,0.8853627412073091,0.041943921931839157,0.0006321588477654627,1.072953347934913,1.114897269866752
FlowerPan_0_5s,FlowerPan,114,57,False,34.77500020230806,0.8732753591916738,35.852515663441636,0.8845315544605441,35.89465083990734,0.8851632168349179,0.04213517646570608,0.0006316623743738425,1.0775154611335793,1.1196506375992854
FlowerPan_0_5s,FlowerPan,116,58,False,34.77752871179631,0.8733478814053983,35.85576380078008,0.8846071958260774,35.89905374577219,0.8852621025885845,0.04328994499211092,0.0006549067625071237,1.0782350889837744,1.1215250339758853
FlowerPan_0_5s,FlowerPan,118,59,True,34.787745934323134,0.873458802902214,35.86306507195562,0.8846555047317995,35.90375487127859,0.8852813867998828,0.04068979932297623,0.0006258820680832278,1.0753191376324835,1.1160089369554598
FlowerPan_0_5s,FlowerPan,120,60,False,34.78153779906772,0.8734946795255706,35.85324921098274,0.8846327496729307,35.8943166515482,0.8852531241678516,0.04106744056546319,0.0006203744949209167,1.0717114119150182,1.1127788524804814
FlowerPan_0_5s,FlowerPan,122,61,False,34.78734225177584,0.8736045358631367,35.86164611242448,0.8847349897623533,35.90369577683157,0.8853687523785078,0.04204966440708802,0.000633762616154443,1.0743038606486408,1.1163535250557288
FlowerPan_0_5s,FlowerPan,124,62,False,34.78030567063969,0.8735546309222173,35.857051736127865,0.8847481191337048,35.90008622825795,0.88541086005819,0.043034492130082924,0.0006627409244852611,1.076746065488173,1.119780557618256
FlowerPan_0_5s,FlowerPan,126,63,False,34.7708196795209,0.8733213224545816,35.84796014808215,0.8845440375040148,35.89005719626025,0.8851700084540252,0.04209704817809978,0.0006259709500103794,1.0771404685612538,1.1192375167393536
FlowerPan_0_5s,FlowerPan,128,64,False,34.78346053829262,0.8736221335407051,35.85826904928706,0.884768538472433,35.90062571646353,0.8854161553935876,0.04235666717647035,0.0006476169211546701,1.074808510994437,1.1171651781709073
FlowerPan_0_5s,FlowerPan,130,65,True,34.78678781364924,0.8735528884277606,35.858626059861855,0.884608342793644,35.899776150333274,0.8852451064758846,0.04115009047141882,0.0006367636822406375,1.0718382462126144,1.1129883366840332
FlowerPan_0_5s,FlowerPan,132,66,False,34.78103414294743,0.8735592785055499,35.85650382745363,0.884738972144016,35.89683303385228,0.8853410524680246,0.04032920639865267,0.0006020803240086581,1.0754696845061957,1.1157988909048484
FlowerPan_0_5s,FlowerPan,134,67,False,34.779695173538464,0.8735445568876883,35.85839391960371,0.8848078415486109,35.90045924482612,0.885443585745691,0.042065325222417016,0.0006357441970801236,1.0786987460652426,1.1207640712876596
FlowerPan_0_5s,FlowerPan,136,68,False,34.772369000741385,0.8734974969951652,35.850301695728135,0.8847763896929725,35.8929310792672,0.8854217191504604,0.0426293835390652,0.0006453294574879642,1.0779326949867496,1.1205620785258148
FlowerPan_0_5s,FlowerPan,138,69,False,34.763612231316536,0.873225865057146,35.8388774277665,0.8844939518991278,35.88145451402843,0.885126674502021,0.0425770862619288,0.0006327226028931543,1.075265196449962,1.1178422827118908
FlowerPan_0_5s,FlowerPan,140,70,True,34.77749890193505,0.8734971686445753,35.85200001587599,0.884656667512383,35.89306562018209,0.8852672128881856,0.041065604306105286,0.0006105453758025181,1.07450111394094,1.1155667182470452
FlowerPan_0_5s,FlowerPan,142,71,False,34.7754221380588,0.8735813932166889,35.85286668361894,0.8847359899060867,35.894557398783995,0.885370639272165,0.041690715165053405,0.0006346493660782659,1.077444545560141,1.1191352607251943
FlowerPan_0_5s,FlowerPan,144,72,False,34.76831480540962,0.8734800477557177,35.84499234170662,0.8847365798863156,35.88738132449012,0.8853738293486183,0.042388982783499785,0.0006372494623027025,1.0766775362970051,1.119066519080505
FlowerPan_0_5s,FlowerPan,146,73,False,34.77173994242947,0.8735692482157815,35.84792335269918,0.8848185500400221,35.89065242735267,0.8854677325442184,0.04272907465348652,0.0006491825041963217,1.0761834102697136,1.1189124849232002
FlowerPan_0_5s,FlowerPan,148,74,False,34.771077959097376,0.8735715652941685,35.84552233725334,0.884772727961828,35.88745220588181,0.8854146753086501,0.04192986862846482,0.0006419473468221026,1.0744443781559667,1.1163742467844315
FlowerPan_0_5s,FlowerPan,150,75,True,34.78465338245135,0.8738438134425631,35.86145068913145,0.8850460209352664,35.90307268545367,0.8856547015574705,0.04162199632222041,0.0006086806222040941,1.076797306680099,1.1184193030023195
FlowerPan_0_5s,FlowerPan,152,76,False,34.77778198149893,0.873628748594889,35.85746476080427,0.884861218896969,35.89937242301007,0.8854908890034965,0.041907662205801444,0.0006296701065274801,1.0796827793053367,1.1215904415111382
FlowerPan_0_5s,FlowerPan,154,77,False,34.776654202929464,0.8737244675584959,35.860078795664585,0.8849861181070057,35.90164408363802,0.8856135648323727,0.04156528797343384,0.0006274467253670757,1.0834245927351205,1.1249898807085543
FlowerPan_0_5s,FlowerPan,156,78,False,34.77342470838468,0.8737049203774871,35.85365143247144,0.8849599612971396,35.89609357655408,0.8856118203781688,0.04244214408264213,0.0006518590810291602,1.0802267240867565,1.1226688681693986
FlowerPan_0_5s,FlowerPan,158,79,False,34.777902576158525,0.8737832817810813,35.860500054022125,0.8850358501725556,35.90239767817163,0.8856600905692997,0.04189762414950593,0.0006242403967441357,1.082597477863601,1.1244951020131069
FlowerPan_0_5s,FlowerPan,160,80,False,34.763631406786374,0.8736735472675017,35.8453985875983,0.884945137052501,35.88698478293053,0.8855697650104019,0.041586195332236287,0.0006246279579008585,1.081767180811923,1.1233533761441592
FlowerPan_0_5s,FlowerPan,162,81,True,34.773405098404965,0.8740066136890172,35.853957638676334,0.8851738008637191,35.89670401322091,0.8858086802975744,0.04274637454457775,0.0006348794338553176,1.0805525402713698,1.1232989148159476
FlowerPan_0_5s,FlowerPan,164,82,False,34.77122466404487,0.8739077293472608,35.855638504129516,0.8851579683578503,35.897313965583095,0.8857696512764544,0.04167546145357903,0.0006116829186040285,1.0844138400846433,1.1260893015382223
FlowerPan_0_5s,FlowerPan,166,83,False,34.77550247414404,0.8739211330434548,35.857815365189516,0.8851216869464559,35.899995268926965,0.8857452492246574,0.0421799037374484,0.0006235622782014838,1.0823128910454756,1.124492794782924
FlowerPan_0_5s,FlowerPan,168,84,False,34.78423125979263,0.874013234447604,35.86916717862933,0.8852653219910324,35.91171512973069,0.8858972388136017,0.0425479511013549,0.0006319168225693561,1.084935918836706,1.127483869938061
FlowerPan_0_5s,FlowerPan,170,85,False,34.78396575046214,0.8739531920023911,35.86761926026172,0.8852010216002638,35.90950438861388,0.8858350251196349,0.04188512835216329,0.0006340035193710403,1.083653509799582,1.1255386381517454
FlowerPan_0_5s,FlowerPan,172,86,True,34.784890838349526,0.8741672737126542,35.87032009094524,0.8853903520166109,35.91285393289879,0.8860338408291495,0.042533841953549256,0.0006434888125386173,1.0854292525957163,1.1279630945492656
FlowerPan_0_5s,FlowerPan,174,87,False,34.7783472902594,0.8740293937795717,35.860687174425955,0.88524638540172,35.90293222074869,0.8858827016367286,0.042245046322733515,0.0006363162350085938,1.082339884166558,1.1245849304892914
FlowerPan_0_5s,FlowerPan,176,88,False,34.779010872305925,0.8740388477452955,35.864087429893154,0.8852883238605166,35.905972493399034,0.885921150606959,0.04188506350588028,0.0006328267464423831,1.0850765575872288,1.126961621093109
FlowerPan_0_5s,FlowerPan,178,89,False,34.789381826367816,0.8742716326241613,35.87677193658397,0.8854775966280114,35.91725405435313,0.8860876973567994,0.040482117769158776,0.0006101007287879767,1.0873901102161554,1.1278722279853142
FlowerPan_0_5s,FlowerPan,180,90,False,34.789272643017895,0.874258217985857,35.878057099604725,0.8855403555447625,35.919983805995535,0.8861631056193682,0.041926706390810864,0.0006227500746056602,1.0887844565868292,1.13071116297764
FlowerPan_0_5s,FlowerPan,182,91,False,34.79085389766165,0.8742761938236872,35.878283954822116,0.8855187101345292,35.91997336281014,0.8861428258250826,0.041689407988023675,0.0006241156905534284,1.0874300571604678,1.1291194651484915
FlowerPan_0_5s,FlowerPan,184,92,True,34.78416792042047,0.8741814840291015,35.86968203613179,0.8854221572277681,35.91103232793661,0.8860469115858608,0.041350291804818085,0.0006247543580927273,1.0855141157113195,1.1268644075161376
FlowerPan_0_5s,FlowerPan,186,93,False,34.77446203625901,0.8741296634253233,35.85983963808866,0.8853661695124387,35.90132368624913,0.8859800551787768,0.04148404816046991,0.000613885666338021,1.0853776018296486,1.1268616499901185
FlowerPan_0_5s,FlowerPan,188,94,False,34.76426038961354,0.8740678568608826,35.8496245647983,0.8853050501981793,35.89135417307274,0.8859179564620226,0.041729608274444274,0.0006129062638433602,1.0853641751847576,1.1270937834592019
FlowerPan_0_5s,FlowerPan,190,95,False,34.751102393123745,0.8739044296989987,35.83697388060114,0.8851670052687334,35.8783061238227,0.8857728136790394,0.041332243221560816,0.0006058084103059969,1.085871487477398,1.1272037306989589
FlowerPan_0_5s,FlowerPan,192,96,False,34.760835512145476,0.8739380082429129,35.848111810981024,0.8852285350118787,35.89071659435987,0.8858546726635814,0.042604783378848765,0.0006261376517027184,1.0872762988355475,1.1298810822143963
FlowerPan_0_5s,FlowerPan,194,97,True,34.736730750030446,0.8737190078329856,35.82533727553479,0.8851268031749329,35.86815535938002,0.8857786468938118,0.04281808384522634,0.0006518437188789417,1.0886065255043462,1.1314246093495726
FlowerPan_0_5s,FlowerPan,196,98,False,34.728053143738464,0.8734964644465252,35.81273486032152,0.8848484568990557,35.85459457911069,0.8854958734577384,0.041859718789169165,0.000647416558682723,1.0846817165830558,1.126541435372225
FlowerPan_0_5s,FlowerPan,198,99,False,34.7214614853955,0.8734650285413424,35.80646171654372,0.8848045239261422,35.8481541197054,0.8854316251638392,0.041692403161675884,0.0006271012376970475,1.0850002311482214,1.1266926343098973
FlowerPan_0_5s,FlowerPan,200,100,False,34.71721200289708,0.8733905337391675,35.80108873902415,0.8846753805950669,35.8426151209079,0.8852886763413871,0.0415263818837488,0.000613295746320186,1.083876736127074,1.1254031180108228
FlowerPan_0_5s,FlowerPan,202,101,False,34.705268579267155,0.8732875196111133,35.789890886858835,0.8846036620736316,35.83286894356581,0.8852617402044208,0.04297805670697841,0.0006580781307892192,1.0846223075916797,1.127600364298658
FlowerPan_0_5s,FlowerPan,204,102,True,34.70689955288837,0.8732855534030393,35.79238413528166,0.8846851148019377,35.83425230828681,0.8853192093388106,0.04186817300514889,0.000634094536872909,1.0854845823932848,1.1273527553984337
FlowerPan_0_5s,FlowerPan,206,103,False,34.708080799184,0.8733204671842363,35.79479195145917,0.8847570966189104,35.83608411390641,0.8853795985553511,0.041292162447241765,0.0006225019364406448,1.0867111522751642,1.128003314722406
FlowerPan_0_5s,FlowerPan,208,104,False,34.70028866280401,0.873178399282068,35.785371232443744,0.8845528553915903,35.82746511781832,0.8852100277059606,0.0420938853745767,0.0006571723143702357,1.0850825696397308,1.1271764550143075
FlowerPan_0_5s,FlowerPan,210,105,False,34.68957417954985,0.8729810450670783,35.774544611708706,0.8844020529606909,35.81648816528454,0.885033213025519,0.0419435535758339,0.0006311600648281068,1.0849704321588547,1.1269139857346886
FlowerPan_0_5s,FlowerPan,212,106,False,34.684309249931786,0.8729726468767017,35.76783296069946,0.884419228944998,35.80771792277916,0.8850132696575949,0.03988496207970371,0.0005940407125968328,1.0835237107676718,1.1234086728473756
FlowerPan_0_5s,FlowerPan,214,107,False,34.68085296852496,0.8728522227177445,35.76228194729351,0.8842382720634974,35.803136853889285,0.8848630593121606,0.04085490659577573,0.0006247872486632167,1.0814289787685496,1.1222838853643253
FlowerPan_0_5s,FlowerPan,216,108,True,34.682869854041456,0.8728851442061346,35.76570250970894,0.8842726493653059,35.80783830734835,0.8849115774527739,0.042135797639410555,0.0006389280874680159,1.082832655667481,1.1249684533068915
FlowerPan_0_5s,FlowerPan,218,109,False,34.67257923750077,0.8727424559641513,35.75369315775418,0.8841859053006953,35.79545251115149,0.884825859469347,0.041759353397310406,0.0006399541686517018,1.081113920253408,1.1228732736507183
FlowerPan_0_5s,FlowerPan,220,110,False,34.67415931006127,0.8728745229957133,35.75427011093435,0.8842626017466862,35.79540446312102,0.8848841527499859,0.041134352186666945,0.0006215510032996363,1.0801108008730793,1.1212451530597463
FlowerPan_0_5s,FlowerPan,222,111,False,34.66555445151695,0.8726618107444323,35.74556194511402,0.8840122346514874,35.786632899826486,0.8846489975151559,0.0410709547124668,0.0006367628636685385,1.0800074935970727,1.1210784483095395
FlowerPan_0_5s,FlowerPan,224,112,False,34.66175906184948,0.8727693075114336,35.74463052894578,0.8842065330481368,35.78590783157955,0.8848423185578195,0.04127730263377316,0.0006357855096826848,1.0828714670962967,1.1241487697300698
FlowerPan_0_5s,FlowerPan,226,113,True,34.67838615930377,0.8730794557701937,35.762825158878286,0.8844889469395274,35.804409553224545,0.8851121219774591,0.041584394346259046,0.0006231750379317447,1.084438999574516,1.126023393920775
FlowerPan_0_5s,FlowerPan,228,114,False,34.66866762278988,0.8727277144785992,35.75122103654228,0.8841407928101502,35.793450413772405,0.884800872555922,0.042229377230121656,0.0006600797457717578,1.0825534137524002,1.1247827909825219
FlowerPan_0_5s,FlowerPan,230,115,False,34.65816218428838,0.8727488030455481,35.741396895093075,0.8841960280660116,35.7831489862817,0.8848514344946178,0.041752091188627105,0.0006554064286061756,1.083234710804696,1.1249868019933231
FlowerPan_0_5s,FlowerPan,232,116,False,34.65593459439949,0.8727933587584904,35.73988138299909,0.8842027753638108,35.78180666018214,0.8848432483756727,0.04192527718305428,0.0006404730118619861,1.0839467885995973,1.1258720657826515
FlowerPan_0_5s,FlowerPan,234,117,False,34.668872253637566,0.8727554906897959,35.75106383862282,0.8841777091606899,35.79272890630155,0.8848035464003039,0.04166506767872846,0.0006258372396139578,1.082191584985253,1.1238566526639815
FlowerPan_0_5s,FlowerPan,236,118,False,34.66388409048453,0.8727748403808829,35.74455120755059,0.8841991088860165,35.78622161674972,0.8848541900024751,0.04167040919912779,0.0006550811164586223,1.0806671170660636,1.1223375262651913
FlowerPan_0_5s,FlowerPan,238,119,True,34.67527294859761,0.8729608965318418,35.760961002447345,0.8844141211327757,35.80273962438905,0.8850253486627323,0.041778621941702454,0.0006112275299565706,1.0856880538497364,1.1274666757914389
FlowerPan_0_5s,FlowerPan,240,120,False,34.679081679246735,0.8729978477764572,35.766327588970135,0.8844268396263805,35.80827981839209,0.8850739794113022,0.04195222942195187,0.000647139784921702,1.0872459097234,1.1291981391453518
FlowerPan_0_5s,FlowerPan,242,121,False,34.67051022070726,0.8728976331874914,35.75513582238284,0.8843704384617899,35.79659728195613,0.8849954928953798,0.04146145957329139,0.0006250544335899555,1.084625601675583,1.1260870612488745
FlowerPan_0_5s,FlowerPan,244,122,False,34.668137007144935,0.8729626757680075,35.75182764783986,0.8844363882262449,35.793216721654375,0.8850511885182576,0.04138907381451418,0.0006148002920126627,1.0836906406949254,1.1250797145094396
FlowerPan_0_5s,FlowerPan,246,123,False,34.67087751590037,0.8728269630070328,35.759268542977935,0.8843750206089803,35.79953677270069,0.8849700634561367,0.04026822972275568,0.0005950428471563907,1.088391027077563,1.1286592568003186
FlowerPan_0_5s,FlowerPan,248,124,True,34.67865222941791,0.8730273369226033,35.7657544400097,0.8844801408140771,35.8073168304403,0.8851146940688589,0.04156239043059884,0.0006345532547817889,1.0871022105917945,1.1286646010223933
FlowerPan_6_11s,FlowerPan,300,0,True,34.63440194820854,0.8729452109566977,35.73095043973056,0.8845630357356371,35.77254298694776,0.8851879511142826,0.04159254721719918,0.0006249153786455075,1.0965484915220216,1.1381410387392208
FlowerPan_6_11s,FlowerPan,302,1,False,34.63668843716456,0.8728635553634606,35.72361267054166,0.884361227837405,35.76533563521484,0.8850003285204945,0.04172296467317693,0.0006391006830894774,1.086924233377104,1.128647198050281
FlowerPan_6_11s,FlowerPan,304,2,False,34.651111451630186,0.8730695993784526,35.739988049731785,0.8846714379095744,35.78106074978567,0.8852963937264494,0.041072700053881306,0.0006249558168750502,1.0888765981015993,1.1299492981554806
FlowerPan_6_11s,FlowerPan,306,3,False,34.63937104361876,0.8729440140882341,35.73390609211846,0.8845063534475812,35.77581102195723,0.8851531552502141,0.04190492983877192,0.0006468018026328792,1.0945350484997007,1.1364399783384727
FlowerPan_6_11s,FlowerPan,308,4,False,34.64612378372014,0.8730266335122999,35.73854646820162,0.884528071543485,35.78051676346492,0.8851640059418265,0.04197029526329743,0.0006359343983415311,1.0924226844814768,1.1343929797447743
FlowerPan_6_11s,FlowerPan,310,5,True,34.66332783558465,0.8733656815536348,35.75241115394904,0.8848570588545299,35.79301999337828,0.8854722705373589,0.04060883942923965,0.0006152116828289644,1.0890833183643878,1.1296921577936274
FlowerPan_6_11s,FlowerPan,312,6,False,34.67219242512198,0.8734150088581765,35.76261936240154,0.884935057026949,35.80383597555043,0.8855672129053311,0.041216613148890247,0.0006321558783821679,1.0904269372795596,1.1316435504284499
FlowerPan_6_11s,FlowerPan,314,7,False,34.66834383261138,0.873341569430185,35.759731042154655,0.8848980915268532,35.80233753509469,0.8855437723280057,0.042606492940038265,0.0006456808011525705,1.091387209543278,1.1339937024833162
FlowerPan_6_11s,FlowerPan,316,8,False,34.64946246165781,0.8731357828131464,35.74303224079854,0.8846983245428276,35.78590551624786,0.8853517991848066,0.04287327544931685,0.0006534746419789572,1.0935697791407293,1.1364430545900461
FlowerPan_6_11s,FlowerPan,318,9,False,34.66197568851087,0.8733238175301822,35.75688607041624,0.8848988480085759,35.79995656597327,0.885539251653852,0.04307049555702491,0.0006404036452761774,1.0949103819053718,1.1379808774623967
FlowerPan_6_11s,FlowerPan,320,10,False,34.67896944399761,0.8735477287708873,35.77119427371752,0.8850796677673204,35.81311244000135,0.8857079052253952,0.041918166283828384,0.0006282374580748318,1.0922248297199104,1.1341429960037388
FlowerPan_6_11s,FlowerPan,322,11,True,34.66549117379773,0.8733162992723467,35.755762540249464,0.8848422349510213,35.797913169496944,0.885496569111164,0.042150629247480254,0.0006543341601427111,1.0902713664517307,1.132421995699211
FlowerPan_6_11s,FlowerPan,324,12,False,34.6596012971857,0.8732835903932592,35.75230981816424,0.8848747764494793,35.794824185133336,0.8855328260229054,0.04251436696909394,0.0006580495734260783,1.0927085209785403,1.1352228879476343
FlowerPan_6_11s,FlowerPan,326,13,False,34.64913463495462,0.8730889008586106,35.744810643430164,0.8847251385325745,35.78665809492114,0.8853577449217352,0.04184745149097324,0.0006326063891607392,1.095676008475543,1.1375234599665163
FlowerPan_6_11s,FlowerPan,328,14,False,34.6602023130415,0.8733049076226164,35.752656722296734,0.8848714376842575,35.795313009356065,0.8855147633583262,0.04265628705933011,0.0006433256740687732,1.0924544092552324,1.1351106963145625
FlowerPan_6_11s,FlowerPan,330,15,False,34.6682792493114,0.8734741480622078,35.76067368283935,0.8850606891289104,35.80348356449092,0.8857057561609188,0.0428098816515714,0.0006450670320083951,1.09239443352795,1.1352043151795215
FlowerPan_6_11s,FlowerPan,332,16,True,34.647256643082606,0.8731029382214052,35.73979490911431,0.8847403294484535,35.78252851453002,0.8853954501042687,0.04273360541571236,0.000655120655815189,1.0925382660317027,1.135271871447415
FlowerPan_6_11s,FlowerPan,334,17,False,34.644405288554566,0.8731176085536337,35.740348878844515,0.8847853196220382,35.78215562012259,0.8854137359617814,0.041806741278072934,0.0006284163397431985,1.0959435902899486,1.1377503315680215
FlowerPan_6_11s,FlowerPan,336,18,False,34.642225665233234,0.8730679828723037,35.736865130987155,0.8846682605124213,35.77844273551801,0.8853078596111599,0.04157760453085757,0.0006395990987385636,1.0946394657539216,1.1362170702847791
FlowerPan_6_11s,FlowerPan,338,19,False,34.654688097861424,0.8732340843595421,35.74925988459833,0.8848613027156614,35.79081339441478,0.8854846922303425,0.04155350981645256,0.0006233895146811053,1.094571786736907,1.1361252965533595
FlowerPan_6_11s,FlowerPan,340,20,False,34.63657999314173,0.8728639902741385,35.72901944184054,0.8845447439523432,35.77108877603406,0.8851872539019883,0.04206933419352055,0.0006425099496450981,1.092439448698812,1.1345087828923326
FlowerPan_6_11s,FlowerPan,342,21,False,34.62531848819778,0.8728443004866484,35.715723398354115,0.8845005311813862,35.75817209541966,0.885149763833157,0.042448697065545105,0.0006492326517708591,1.0904049101563373,1.1328536072218824
FlowerPan_6_11s,FlowerPan,344,22,True,34.61819958752028,0.8726928631995626,35.71040286297928,0.8843608168850661,35.75164356669,0.8849845507257724,0.041240703710720084,0.0006237338407063531,1.0922032754589992,1.1334439791697193
FlowerPan_6_11s,FlowerPan,346,23,False,34.627403532104395,0.8728474482276253,35.7185571475036,0.8844772023256053,35.76163814025516,0.8851283134356326,0.043080992751555414,0.0006511111100272471,1.0911536153992074,1.1342346081507628
FlowerPan_6_11s,FlowerPan,348,24,False,34.61462529592585,0.8725808381070174,35.703279038763405,0.8842537518928348,35.74480357937671,0.8848845671342549,0.04152454061330246,0.0006308152414200574,1.0886537428375576,1.13017828345086
FlowerPan_6_11s,FlowerPan,350,25,False,34.617332375677314,0.8727055887555012,35.706158415223825,0.8843261298766447,35.7474070483191,0.8849596997217234,0.041248633095271714,0.0006335698450786742,1.088826039546511,1.1300746726417827
FlowerPan_6_11s,FlowerPan,352,26,False,34.613496555507616,0.8726416124126132,35.705897580487644,0.8843048013522303,35.74762158061686,0.8849589557879036,0.04172400012921429,0.0006541544356732931,1.0924010249800276,1.1341250251092418
FlowerPan_6_11s,FlowerPan,354,27,True,34.60716927705754,0.8725762780655363,35.699084452713386,0.8842956187779677,35.74129092708623,0.8849432431253601,0.04220647437284697,0.0006476243473924059,1.0919151756558492,1.1341216500286961
FlowerPan_6_11s,FlowerPan,356,28,False,34.60549477629611,0.8726003217841001,35.694159517107174,0.8842771305602476,35.736049960576125,0.8849226379759936,0.04189044346895088,0.0006455074157459828,1.088664740811062,1.1305551842800128
FlowerPan_6_11s,FlowerPan,358,29,False,34.607991693814085,0.8726583956068523,35.6975452451432,0.8843362288601943,35.73859584562473,0.8849514866143544,0.04105060048152609,0.0006152577541601589,1.089553551329118,1.130604151810644
FlowerPan_6_11s,FlowerPan,360,30,False,34.603934240764424,0.8725941269100636,35.69765396260863,0.8843705303086824,35.73929149485187,0.8850149219756868,0.04163753224323585,0.0006443916670043626,1.0937197218442094,1.1353572540874453
FlowerPan_6_11s,FlowerPan,362,31,False,34.59231586497551,0.8723760524646251,35.68277589193287,0.884131823165337,35.72407220964966,0.88475719545491,0.04129631771679243,0.0006253722895730451,1.0904600269573592,1.1317563446741516
FlowerPan_6_11s,FlowerPan,364,32,True,34.602895895729006,0.8726109101032307,35.69287106317843,0.8843319727070439,35.733019898814135,0.8849345081272572,0.04014883563570493,0.0006025354202132682,1.089975167449424,1.130124003085129
FlowerPan_6_11s,FlowerPan,366,33,False,34.6069885234637,0.8725872429748122,35.7008712529121,0.8843665627667595,35.74266061310718,0.8850135458467576,0.041789360195075176,0.0006469830799981091,1.0938827294484028,1.135672089643478
FlowerPan_6_11s,FlowerPan,368,34,False,34.59902889839727,0.872607957463132,35.69273188685269,0.8843548452288548,35.734811962149145,0.884994133921081,0.042080075296453856,0.0006392886922261809,1.0937029884554192,1.135783063751873
FlowerPan_6_11s,FlowerPan,370,35,False,34.60263649518358,0.8725321730343394,35.69324501211029,0.8842511329743837,35.735003538785534,0.8848945592184329,0.04175852667524538,0.0006434262440491167,1.0906085169267072,1.1323670436019526
FlowerPan_6_11s,FlowerPan,372,36,False,34.6050400110415,0.872576765521689,35.69671325642425,0.8843297067513864,35.737385848212725,0.8849571865917117,0.04067259178847138,0.0006274798403252957,1.0916732453827507,1.132345837171222
FlowerPan_6_11s,FlowerPan,374,37,False,34.603005382736974,0.8726242315245675,35.69763436059405,0.8844026340866937,35.73880160619979,0.885033671008949,0.0411672456057417,0.0006310369222553014,1.0946289778570772,1.135796223462819
FlowerPan_6_11s,FlowerPan,376,38,True,34.60985664130416,0.8727202719891765,35.70396375199995,0.8844811459599492,35.74589142605604,0.8851284929669904,0.041927674056090325,0.0006473470070411658,1.0941071106957878,1.1360347847518781
FlowerPan_6_11s,FlowerPan,378,39,False,34.598625423425254,0.8724849515464461,35.687923374463836,0.8841911709936262,35.728832485915646,0.8848226619865588,0.04090911145181053,0.0006314909929325818,1.0892979510385814,1.130207062490392
FlowerPan_6_11s,FlowerPan,380,40,False,34.5973412611927,0.8725374469552607,35.69069684437212,0.8843431323879297,35.73153020228344,0.8849584059434467,0.04083335791131759,0.0006152735555169375,1.0933555831794166,1.1341889410907342
FlowerPan_6_11s,FlowerPan,382,41,False,34.59890978740829,0.8724562883667752,35.69196057552126,0.884276109338214,35.73389944232653,0.8849084853371708,0.0419388668052747,0.0006323759989568245,1.0930507881129685,1.1349896549182432
FlowerPan_6_11s,FlowerPan,384,42,False,34.59869273711239,0.872496607413142,35.68654857295931,0.884244672926139,35.72812486237428,0.8849028990981975,0.04157628941496938,0.0006582261720585736,1.0878558358469235,1.1294321252618928
FlowerPan_6_11s,FlowerPan,386,43,True,34.59838116758616,0.8726494238099529,35.68971751461346,0.8843766806289426,35.73125235289978,0.8850140722844835,0.04153483828631721,0.0006373916555408865,1.0913363470273012,1.1328711853136184
FlowerPan_6_11s,FlowerPan,388,44,False,34.59745382507666,0.8725295721522186,35.69100086503195,0.8843638500698713,35.73197118824907,0.8849893574340296,0.0409703232171168,0.0006255073641583397,1.0935470399552898,1.1345173631724066
FlowerPan_6_11s,FlowerPan,390,45,False,34.59463600367496,0.8724926591370975,35.68643379700496,0.884311746452435,35.72751908540711,0.8849428499807964,0.041085288402150866,0.0006311035283613764,1.0917977933300023,1.1328830817321531
FlowerPan_6_11s,FlowerPan,392,46,False,34.59836158074174,0.8726251238297146,35.69166440226705,0.8843748916893934,35.73245048808835,0.885004201686086,0.040786085821295615,0.0006293099966925286,1.093302821525313,1.1340889073466087
FlowerPan_6_11s,FlowerPan,394,47,False,34.59106249896799,0.8724649737616497,35.68272126656973,0.8842859802254771,35.724383993535646,0.884932162589903,0.04166272696591733,0.000646182364425929,1.0916587676017357,1.133321494567653
FlowerPan_6_11s,FlowerPan,396,48,False,34.59463328170868,0.8724968667921215,35.68416762338642,0.8843069173764521,35.7253032532107,0.8849235633103196,0.0411356298242751,0.0006166459338675656,1.0895343416777408,1.1306699715020159
FlowerPan_6_11s,FlowerPan,398,49,True,34.593775736085036,0.872487300575664,35.69040244846296,0.8843414366559699,35.731562091774265,0.8849732655188937,0.041159643311303284,0.0006318288629237889,1.096626712377926,1.1377863556892294
FlowerPan_6_11s,FlowerPan,400,50,False,34.59463246042609,0.872531713179754,35.689254259566624,0.8843716753358636,35.73121284449022,0.8850111444332606,0.04195858492359861,0.000639469097396983,1.0946217991405334,1.136580384064132
FlowerPan_6_11s,FlowerPan,402,51,False,34.5878580595933,0.8724159001297067,35.677618393903366,0.884251425585918,35.71971748893154,0.8848909088411623,0.04209909502817766,0.0006394832552443219,1.0897603343100641,1.1318594293382418
FlowerPan_6_11s,FlowerPan,404,52,False,34.586227802509505,0.8725398807966697,35.682148887141835,0.8843860142646409,35.72309576237462,0.8850311164585098,0.04094687523278395,0.0006451021938689294,1.0959210846323302,1.1368679598651141
FlowerPan_6_11s,FlowerPan,406,53,False,34.582701409246376,0.8723615327736611,35.67856994101745,0.884261961689087,35.720606323933545,0.8848926157624879,0.042036382916094794,0.0006306540734009047,1.0958685317710746,1.1379049146871694
FlowerPan_6_11s,FlowerPan,408,54,True,34.58990285379421,0.8725692850539459,35.681447532800455,0.8843794848145988,35.72301853724987,0.885016536102003,0.04157100444941619,0.0006370512874042111,1.0915446790062475,1.1331156834556637
FlowerPan_6_11s,FlowerPan,410,55,False,34.58614196961597,0.8725161555022043,35.68183978900716,0.8843473412372939,35.72302739159755,0.8849835812589657,0.04118760259039078,0.0006362400216718411,1.0956978193911837,1.1368854219815745
FlowerPan_6_11s,FlowerPan,412,56,False,34.588262901944425,0.8724787045656704,35.68444959394034,0.8843150831760166,35.726480289474324,0.8849640154087012,0.04203069553398109,0.0006489322326845848,1.0961866919959178,1.1382173875298989
FlowerPan_6_11s,FlowerPan,414,57,False,34.597031972075335,0.8726542613128448,35.689924233552794,0.8844872334349598,35.730163472953514,0.8850877910063365,0.040239239400719384,0.0006005575713766698,1.0928922614774592,1.1331315008781786
FlowerPan_6_11s,FlowerPan,416,58,False,34.59455655112001,0.8726297076484336,35.68762838180505,0.8844808944281013,35.72815694011311,0.8851035150048708,0.040528558308061235,0.0006226205767695392,1.0930718306850409,1.1336003889931021
FlowerPan_6_11s,FlowerPan,418,59,True,34.5733970070149,0.8722393501187234,35.669530805675,0.884167315622968,35.71148907510159,0.8848054146217398,0.04195826942658698,0.0006380989987717633,1.0961337986601052,1.1380920680866922
FlowerPan_6_11s,FlowerPan,420,60,False,34.57710419067989,0.8723514893836254,35.669910354732146,0.8842293642070438,35.711651766328785,0.8848620493949989,0.041741411596639466,0.0006326851879551176,1.0928061640522557,1.1345475756488952
FlowerPan_6_11s,FlowerPan,422,61,False,34.5809603380594,0.8723600782067195,35.67710220403808,0.8843242520091645,35.71815612067407,0.8849360904414698,0.04105391663598823,0.0006118384323052783,1.0961418659786801,1.1371957826146684
FlowerPan_6_11s,FlowerPan,424,62,False,34.5720666378977,0.8722553410838173,35.66651179503277,0.8842227460209775,35.70814898557187,0.8848637913452806,0.04163719053909887,0.0006410453243030911,1.0944451571350697,1.1360823476741686
FlowerPan_6_11s,FlowerPan,426,63,False,34.57248733340185,0.8722058465803251,35.66286738315108,0.8840840329090234,35.70343618247777,0.8847029137808663,0.04056879932669233,0.0006188808718429195,1.0903800497492284,1.1309488490759207
FlowerPan_6_11s,FlowerPan,428,64,False,34.57630073362706,0.8723961681799275,35.66980776982249,0.8842732032195101,35.71051775837413,0.8849071757526329,0.04070998855164021,0.0006339725331228063,1.093507036195433,1.1342170247470733
FlowerPan_6_11s,FlowerPan,430,65,True,34.561372220629224,0.8721924621115901,35.65793104810345,0.8841789349381887,35.69989589140193,0.8848093107965456,0.04196484329848005,0.0006303758583569019,1.096558827474226,1.138523670772706
FlowerPan_6_11s,FlowerPan,432,66,False,34.55686032690156,0.8720578655610056,35.6482767545737,0.8839343328542035,35.68935972024738,0.8845838503890467,0.04108296567368086,0.0006495175348432136,1.0914164276721436,1.1324993933458245
FlowerPan_6_11s,FlowerPan,434,67,False,34.568114356730284,0.8723077082188267,35.66148440968083,0.8841771605740795,35.70286657870744,0.884811944328685,0.04138216902661185,0.0006347837546055723,1.0933700529505472,1.134752221977159
FlowerPan_6_11s,FlowerPan,436,68,False,34.55925811601537,0.872189951633804,35.65595625641436,0.8842121192729243,35.697925949691424,0.8848468304902397,0.04196969327706057,0.0006347112173153979,1.096698140398992,1.1386678336760525
FlowerPan_6_11s,FlowerPan,438,69,False,34.56229023612189,0.8722442737022869,35.654510786836944,0.8841222630225228,35.69621081932978,0.8847737806621466,0.04170003249283383,0.0006515176396237887,1.092220550715055,1.133920583207889
FlowerPan_6_11s,FlowerPan,440,70,True,34.55096659305505,0.872140530197223,35.64833995086876,0.8841638848920752,35.68851444624079,0.8847808554952727,0.04017449537202822,0.0006169706031975419,1.0973733578137086,1.1375478531857368
FlowerPan_6_11s,FlowerPan,442,71,False,34.553992927763964,0.8722212268515473,35.6478314157499,0.8841672286863415,35.688725485174764,0.8848040344938277,0.04089406942486562,0.0006368058074862626,1.0938384879859342,1.1347325574107998
FlowerPan_6_11s,FlowerPan,444,72,False,34.546080212396795,0.8719633715245729,35.640053026409134,0.8839570359249584,35.68059008736395,0.8845698840441515,0.04053706095481857,0.0006128481191930435,1.0939728140123393,1.1345098749671578
FlowerPan_6_11s,FlowerPan,446,73,False,34.54836514187321,0.872169575197845,35.64355895100483,0.8841721877722372,35.68484338816168,0.884783488195991,0.041284437156853926,0.0006113004237537911,1.0951938091316151,1.136478246288469
FlowerPan_6_11s,FlowerPan,448,74,False,34.55054465534524,0.8719754066819021,35.642539116492316,0.8839305430888396,35.68491281932077,0.8845982440422367,0.04237370282845632,0.0006677009533971878,1.091994461147074,1.1343681639755303
FlowerPan_6_11s,FlowerPan,450,75,True,34.53467069287191,0.8717887638853505,35.62759407965103,0.8838504584383404,35.668125819093476,0.8844696759681989,0.04053173944244293,0.0006192175298584957,1.0929233867791197,1.1334551262215626
FlowerPan_6_11s,FlowerPan,452,76,False,34.54027159589706,0.8718742333486709,35.631169347930324,0.8838147697222514,35.672688101585955,0.8844525528052357,0.04151875365563029,0.0006377830829843445,1.0908977520332641,1.1324165056888944
FlowerPan_6_11s,FlowerPan,454,77,False,34.5622447488094,0.8721645981975374,35.65606534593789,0.8841734750129301,35.69800309293909,0.8848175762237108,0.041937747001199455,0.0006441012107807342,1.0938205971284916,1.135758344129691
FlowerPan_6_11s,FlowerPan,456,78,False,34.555276914392124,0.8721913792737902,35.64981947947746,0.8842376977277023,35.6903955931538,0.8848430167578606,0.040576113676344505,0.0006053190301582578,1.0945425650853338,1.1351186787616783
FlowerPan_6_11s,FlowerPan,458,79,False,34.5578275295776,0.8721597493721874,35.65139040741626,0.8841014428470814,35.69314045425702,0.8847416284185585,0.041750046840761,0.0006401855714771587,1.0935628778386572,1.1353129246794182
FlowerPan_6_11s,FlowerPan,460,80,False,34.553057118030964,0.8721732976147212,35.64669765424624,0.8841908489660408,35.68710194786639,0.8848066276066119,0.04040429362014919,0.0006157786405710519,1.0936405362152755,1.1340448298354247
FlowerPan_6_11s,FlowerPan,462,81,True,34.54924681043443,0.8720511886984688,35.6409268387279,0.8840380442744433,35.68258371137265,0.8846760007054314,0.04165687264475082,0.0006379564309880736,1.0916800282934673,1.1333369009382182
FlowerPan_6_11s,FlowerPan,464,82,False,34.55840452455164,0.8721080278021047,35.65335842250272,0.884150466326123,35.695162765517814,0.8847993978884019,0.0418043430150945,0.0006489315622788538,1.0949538979510791,1.1367582409661736
FlowerPan_6_11s,FlowerPan,466,83,False,34.56184374507799,0.8722142430684177,35.65205516387874,0.8841840449293953,35.6928045565228,0.8848257629091021,0.04074939264405941,0.0006417179797068018,1.090211418800756,1.1309608114448153
FlowerPan_6_11s,FlowerPan,468,84,False,34.55608000295262,0.8721530405292243,35.650177860877264,0.8841642441624933,35.69251497285316,0.8848152800064122,0.042337111975896846,0.0006510358439189012,1.0940978579246448,1.1364349699005416
FlowerPan_6_11s,FlowerPan,470,85,False,34.55720036107596,0.8721160560697799,35.653466039428494,0.8841566204225529,35.69630928201764,0.8848372776983109,0.04284324258914296,0.0006806572757579454,1.0962656783525375,1.1391089209416805
FlowerPan_6_11s,FlowerPan,472,86,True,34.555601499358055,0.8721690133020971,35.642483859891776,0.8841155431043688,35.682737213969524,0.8847378664620204,0.04025335407774833,0.0006223233576515552,1.0868823605337212,1.1271357146114696
FlowerPan_6_11s,FlowerPan,474,87,False,34.54856866297371,0.8721025966880528,35.6441330792022,0.8841943063172217,35.68543642391786,0.884817568826947,0.041303344715657886,0.0006232625097252198,1.0955644162284912,1.136867760944149
FlowerPan_6_11s,FlowerPan,476,88,False,34.551167843255676,0.8719768813680079,35.647049319782944,0.8840392717965058,35.68902221281697,0.8846965264548267,0.0419728930340284,0.0006572546583208938,1.0958814765272678,1.1378543695612962
FlowerPan_6_11s,FlowerPan,478,89,False,34.554603009485554,0.8721516944548218,35.6442527187174,0.8841526808255163,35.68438053207976,0.884764779458334,0.0401278133623606,0.000612098632817637,1.0896497092318427,1.1297775225942033
FlowerPan_6_11s,FlowerPan,480,90,False,34.55058075213423,0.8720813408053664,35.64863458993659,0.8841748122666863,35.69091001299652,0.8848188810312262,0.04227542305992671,0.000644068764539929,1.098053837802361,1.1403292608622877
FlowerPan_6_11s,FlowerPan,482,91,False,34.53638445728858,0.8718019437996501,35.6298886036142,0.8838977261236522,35.67104279705297,0.8845284318506349,0.04115419343877136,0.0006307057269826499,1.0935041463256212,1.1346583397643926
FlowerPan_6_11s,FlowerPan,484,92,True,34.54241106749759,0.8718918949826244,35.63121075696356,0.883902065877967,35.67165193271533,0.8845217104767157,0.04044117575176642,0.0006196445987486365,1.0887996894659722,1.1292408652177386
FlowerPan_6_11s,FlowerPan,486,93,False,34.537337453318216,0.8718047965855944,35.636866500130374,0.8839433789452442,35.679265981074636,0.884574196123203,0.042399480944261825,0.0006308171779587646,1.0995290468121581,1.14192852775642
FlowerPan_6_11s,FlowerPan,488,94,False,34.53671031917792,0.8718670104936953,35.62746177173052,0.8839034168653969,35.66904021823766,0.8845522006759426,0.04157844650713827,0.0006487838105457833,1.0907514525526025,1.1323298990597408
FlowerPan_6_11s,FlowerPan,490,95,False,34.54340339536293,0.8719117983237629,35.63878863998687,0.8839906733321691,35.679719134218,0.884638974617506,0.0409304942311266,0.000648301285336883,1.095385244623941,1.1363157388550675
FlowerPan_6_11s,FlowerPan,492,96,False,34.541842058303175,0.8719071546835123,35.63955817594608,0.884001584632209,35.68194103091734,0.8846456638415107,0.04238285497126526,0.0006440792093016512,1.0977161176429036,1.1400989726141688
FlowerPan_6_11s,FlowerPan,494,97,True,34.53861610751996,0.8719256732907189,35.63003614488692,0.8839877111921034,35.670909339229546,0.884612106987675,0.040873194342623265,0.0006243957955716084,1.0914200373669658,1.132293231709589
FlowerPan_6_11s,FlowerPan,496,98,False,34.540525559845456,0.8718448071646094,35.637393979763885,0.8839829890899752,35.67920118852731,0.8846415392930336,0.04180720876342292,0.0006585502030583834,1.0968684199184295,1.1386756286818525
FlowerPan_6_11s,FlowerPan,498,99,False,34.53081822849833,0.8719215372027638,35.62871559952556,0.884082917978362,35.669478630792646,0.8846948686963737,0.04076303126708325,0.0006119507180116779,1.09789737102723,1.1386604022943132
FlowerPan_6_11s,FlowerPan,500,100,False,34.53674512028329,0.871866033582313,35.63255572252081,0.883994865595919,35.673444024763825,0.8846374175652253,0.040888302243011765,0.0006425519693062931,1.0958106022375205,1.1366989044805322
FlowerPan_6_11s,FlowerPan,502,101,False,34.54213255804218,0.8718774035303356,35.635569880166024,0.8839842433670824,35.67712942110352,0.8846134773378783,0.041559540937498696,0.0006292339707959504,1.0934373221238474,1.134996863061346
FlowerPan_6_11s,FlowerPan,504,102,True,34.545451188169324,0.8720725522287924,35.64235635423539,0.8842039578888854,35.68426258661183,0.8848406517505747,0.041906232376440755,0.000636693861689297,1.0969051660660654,1.1388113984425061
FlowerPan_6_11s,FlowerPan,506,103,False,34.53823780141279,0.8718245487824884,35.63524252052772,0.8840100132011914,35.67669457061234,0.8846619786863805,0.04145205008462227,0.0006519654851890877,1.0970047191149277,1.13845676919955
FlowerPan_6_11s,FlowerPan,508,104,False,34.53966009477228,0.8718457920395997,35.62915478384436,0.8839002359430749,35.66977107068211,0.8845238692674747,0.04061628683774643,0.0006236333243998526,1.0894946890720831,1.1301109759098296
FlowerPan_6_11s,FlowerPan,510,105,False,34.53551083557134,0.8717975457183447,35.62971197167435,0.8839336436122464,35.67147004600458,0.8845842223198035,0.041758074330232375,0.0006505787075571368,1.0942011361030097,1.135959210433242
FlowerPan_6_11s,FlowerPan,512,106,False,34.52720094852432,0.8716130195254594,35.622161995578836,0.8837699929080011,35.66506208797732,0.8844383971759527,0.042900092398483025,0.0006684042679516722,1.0949610470545181,1.1378611394530012
FlowerPan_6_11s,FlowerPan,514,107,False,34.534027791897316,0.8718095460978666,35.6214781382121,0.8838333018755178,35.662134331058255,0.8844603283027527,0.04065619284615707,0.0006270264272348891,1.0874503463147818,1.1281065391609388
FlowerPan_6_11s,FlowerPan,516,108,True,34.528414408404345,0.8716970298986341,35.62641952272062,0.8839087955191869,35.667617125002856,0.8845292179512438,0.04119760228223868,0.0006204224320569551,1.0980051143162726,1.1392027165985112
FlowerPan_6_11s,FlowerPan,518,109,False,34.52860867665332,0.8717168053146884,35.61994921996138,0.8838493700876104,35.6612030862605,0.8844652114545282,0.04125386629912242,0.0006158413669177243,1.091340543308057,1.1325944096071794
FlowerPan_6_11s,FlowerPan,520,110,False,34.52662817646781,0.8717073013281493,35.621944475343554,0.8839003251799346,35.66244187980502,0.8845276603061929,0.04049740446146899,0.0006273351262583438,1.095316298875744,1.135813703337213
FlowerPan_6_11s,FlowerPan,522,111,False,34.52869950454748,0.8717413844400846,35.623235278673995,0.8839206781976476,35.66518644886324,0.8845642452220616,0.041951170189243214,0.0006435670244139269,1.0945357741265127,1.136486944315756
FlowerPan_6_11s,FlowerPan,524,112,False,34.527170174516,0.8717088328214327,35.617118549334805,0.8838198129340119,35.65767444254634,0.8844448776867506,0.040555893211532634,0.0006250647527387132,1.0899483748188032,1.1305042680303359
FlowerPan_6_11s,FlowerPan,526,113,True,34.5308589250687,0.8717172972345406,35.62891851204886,0.8839556499984197,35.6706501319,0.8845905259871458,0.04173161985113438,0.0006348759887261357,1.0980595869801633,1.1397912068312976
FlowerPan_6_11s,FlowerPan,528,114,False,34.537877570294526,0.87181640300589,35.628894364515,0.8839500450677352,35.67130816151235,0.8846118141887725,0.04241379699735148,0.0006617691210373255,1.0910167942204723,1.1334305912178237
FlowerPan_6_11s,FlowerPan,530,115,False,34.53024867839146,0.871871468461323,35.627078324772036,0.8840572634053899,35.66827652800422,0.8846791910363029,0.04119820323218448,0.0006219276309129551,1.0968296463805771,1.1380278496127616
FlowerPan_6_11s,FlowerPan,532,116,False,34.52892889388181,0.8716995657245548,35.62248715171575,0.883845676249853,35.664367149719894,0.8845029684914538,0.04187999800414133,0.0006572922416008264,1.0935582578339407,1.135438255838082
FlowerPan_6_11s,FlowerPan,534,117,False,34.53167742330727,0.8718234334890406,35.623073546737764,0.8839445738773586,35.663466189183254,0.8845687486533323,0.04039264244548946,0.0006241747759737626,1.091396123430492,1.1317887658759815
FlowerPan_6_11s,FlowerPan,536,118,False,34.51805127356752,0.871496336483295,35.61336158868479,0.8837055537716663,35.65666183634141,0.8843783470064944,0.04330024765661733,0.0006727932348281618,1.095310315117267,1.1386105627738843
FlowerPan_6_11s,FlowerPan,538,119,True,34.527510664554974,0.8717457156399739,35.61635075221883,0.8838712406944398,35.656937171849336,0.8844830469479003,0.040586419630507464,0.0006118062534604674,1.0888400876638542,1.1294265072943617
FlowerPan_6_11s,FlowerPan,540,120,False,34.51968254153393,0.8715591565286351,35.61561743511926,0.8837404721373578,35.65809810014451,0.8844121800190193,0.042480665025244946,0.0006717078816614874,1.09593489358533,1.1384155586105749
FlowerPan_6_11s,FlowerPan,542,121,False,34.52350071318543,0.8717018982283132,35.61241778388607,0.8838152550226629,35.65446771740963,0.8844691018943874,0.04204993352355757,0.0006538468717245394,1.0889170707006457,1.1309670042242033
FlowerPan_6_11s,FlowerPan,544,122,False,34.533764142308975,0.8718479096104156,35.6312758503787,0.8840428282943411,35.6704775159764,0.8846276957712723,0.03920166559770166,0.0005848674769312057,1.0975117080697245,1.1367133736674262
FlowerPan_6_11s,FlowerPan,546,123,False,34.514858260143676,0.871525811648275,35.60956095066116,0.8837317150817925,35.65222791724316,0.8843938676833908,0.0426669665819972,0.0006621526015982981,1.0947026905174866,1.1373696570994838
FlowerPan_6_11s,FlowerPan,548,124,True,34.52646548167354,0.8717514562123945,35.6200057951461,0.8839505295941806,35.66053338906302,0.8845733778903766,0.04052759391692007,0.0006228482961959658,1.093540313472559,1.134067907389479
ReadySetGo_5s,ReadySetGo,0,0,True,33.126706850092475,0.9200417138885496,34.748292768089094,0.9297910689088401,34.803721064537484,0.9305306748922249,0.05542829644839031,0.000739605983384739,1.6215859179966188,1.677014214445009
ReadySetGo_5s,ReadySetGo,5,1,False,33.58661222392597,0.9322789239515076,35.258229403581296,0.9408983382302306,35.32145960507404,0.9417105299574086,0.06323020149274328,0.0008121917271779466,1.6716171796553283,1.7348473811480716
ReadySetGo_5s,ReadySetGo,10,2,False,33.7853051761667,0.9345635726676652,35.582979059274166,0.9433088042109464,35.65222435494013,0.9441624678828919,0.06924529566596505,0.0008536636719455037,1.7976738831074641,1.8669191787734292
ReadySetGo_5s,ReadySetGo,15,3,False,33.887133090141376,0.9363054285237573,35.72018932634436,0.9449954195476041,35.792537363467034,0.9458801194608532,0.07234803712267279,0.0008846999132490208,1.8330562362029852,1.905404273325658
ReadySetGo_5s,ReadySetGo,20,4,False,34.873759563796746,0.9478777408484713,36.97781598642332,0.9560924780966455,37.06685702593565,0.9570332124180964,0.089041039512324,0.000940734321450809,2.104056422626577,2.193097462138901
ReadySetGo_5s,ReadySetGo,25,5,True,36.05295618372725,0.9571061996597694,38.47748832572944,0.9647875664080282,38.602501268079266,0.9657900113213072,0.12501294234982652,0.0010024449132789437,2.4245321420021924,2.549545084352019
ReadySetGo_5s,ReadySetGo,30,6,False,36.29748664860924,0.9581935722482641,38.69318540283419,0.9658218978578388,38.822332894891986,0.9668442099620151,0.12914749205779685,0.0010223121041763594,2.395698754224952,2.524846246282749
ReadySetGo_5s,ReadySetGo,35,7,False,36.8379476384068,0.9626666570537513,39.535741367959524,0.970260051595379,39.68578067542061,0.9712989059929026,0.1500393074610855,0.001038854397523603,2.6977937295527212,2.8478330370138067
ReadySetGo_5s,ReadySetGo,40,8,False,36.9522390539927,0.9619822747095748,39.5496713658136,0.9697777069914427,39.692520386028775,0.9707917846312875,0.14284902021517354,0.0010140776398447349,2.597432311820903,2.7402813320360764
ReadySetGo_5s,ReadySetGo,45,9,False,37.93317961291956,0.9694105543841968,40.732433406993124,0.975969696819915,40.92069718441746,0.9770661040629839,0.1882637774243392,0.0010964072430689198,2.7992537940735644,2.9875175714979036
ReadySetGo_5s,ReadySetGo,50,10,True,38.11734912374027,0.9708794557311764,40.85754068645207,0.9768825788911498,41.048559883324884,0.9779957894001553,0.19101919687281566,0.00111321050900548,2.7401915627118,2.9312107595846157
ReadySetGo_5s,ReadySetGo,55,11,False,38.95471887073965,0.9744718927280327,41.46522446262011,0.9791749299086976,41.66664080479269,0.9802965210306064,0.20141634217258542,0.0011215911219087937,2.5105055918804595,2.711921934053045
ReadySetGo_5s,ReadySetGo,60,12,False,38.68891013476445,0.9736393779204325,41.20353950354193,0.9786350042274194,41.39548481915212,0.9797867826049621,0.1919453156101838,0.001151778377542656,2.5146293687774843,2.706574684387668
ReadySetGo_5s,ReadySetGo,65,13,False,38.67443758621006,0.9719410152492292,41.1262931408242,0.9770016032098249,41.31016427115264,0.9781270402768618,0.18387113032843416,0.0011254370670369385,2.4518555546141414,2.6357266849425756
ReadySetGo_5s,ReadySetGo,70,14,False,38.54565658424436,0.9724411536724274,41.08841762948526,0.977765216304,41.27107068912112,0.9789340990615164,0.18265305963586087,0.0011688827575163652,2.542761045240894,2.725414104876755
ReadySetGo_5s,ReadySetGo,75,15,False,38.514098135252425,0.9726833136950168,41.11357529720391,0.9780002595756438,41.30307584904657,0.9792023839129581,0.1895005518426629,0.0012021243373142587,2.5994771619514836,2.7889777137941465
ReadySetGo_5s,ReadySetGo,80,16,True,38.30462753422601,0.9695441874322425,40.746833754072455,0.9752180860213376,40.91469546345007,0.9763602323886086,0.16786170937761824,0.0011421463672709464,2.4422062198464474,2.6100679292240656
ReadySetGo_5s,ReadySetGo,85,17,False,39.08875169328645,0.9750432088181058,41.678711382661156,0.9796666318139035,41.882971471402925,0.9809125168085896,0.20426008874176915,0.0012458849946861417,2.5899596893747088,2.794219778116478
ReadySetGo_5s,ReadySetGo,90,18,False,39.32382614418524,0.9758689306112569,41.767503123175715,0.9798810796873021,41.972858175416725,0.9811555077377927,0.20535505224101058,0.0012744280504906058,2.4436769789904744,2.649032031231485
ReadySetGo_5s,ReadySetGo,95,19,False,39.37930051047978,0.9759985772512992,41.608768880136836,0.9793616393342267,41.80072431625938,0.9806463325560512,0.19195543612254085,0.0012846932218244511,2.229468369657056,2.4214238057795967
ReadySetGo_5s,ReadySetGo,100,20,False,39.424665304643575,0.976831622818632,41.560218972508565,0.979685421607565,41.7472217133834,0.9810065802937092,0.18700274087483137,0.0013211586861442415,2.13555366786499,2.322556408739821
ReadySetGo_5s,ReadySetGo,105,21,True,39.62488759469511,0.9778913592701903,41.69398142824393,0.9802000752171217,41.88316929270314,0.9815515860327989,0.18918786445920688,0.0013515108156771927,2.06909383354882,2.2582816980080267
ReadySetGo_5s,ReadySetGo,110,22,False,39.79093483132941,0.9786361379411878,41.81983937115396,0.9806380697775829,42.01784389370548,0.9820519745886943,0.19800452255152123,0.0014139048111113661,2.028904539824552,2.2269090623760732
ReadySetGo_5s,ReadySetGo,115,23,False,39.87902841589325,0.9792796798078405,41.92940031616699,0.9811394407635365,42.127399641048356,0.9825856805762018,0.19799932488136562,0.0014462398126652287,2.0503719002737384,2.248371225155104
ReadySetGo_5s,ReadySetGo,120,24,False,39.531573370133096,0.9764548796836585,41.434500130633396,0.9785714508164688,41.610786591162416,0.9800221442090695,0.17628646052902042,0.0014506933926007326,1.9029267605003,2.0792132210293204
ReadySetGo_5s,ReadySetGo,125,25,False,40.10822471373729,0.9797142402778404,42.07394306900163,0.9813088536931746,42.27211030085101,0.9828351814157072,0.19816723184938212,0.0015263277225326943,1.965718355264336,2.163885587113718
ReadySetGo_5s,ReadySetGo,130,26,True,39.89560336578043,0.9787077816027543,41.827601430732344,0.9803956086047187,42.02067230624322,0.9819702387335018,0.19307087551087676,0.0015746301287830056,1.9319980649519124,2.125068940462789
ReadySetGo_5s,ReadySetGo,135,27,False,40.32946719019109,0.9796478589754941,42.32122690958606,0.9812983982717977,42.54541064384489,0.98294598699735,0.22418373425882976,0.0016475887255523736,1.9917597193949703,2.2159434536538
ReadySetGo_5s,ReadySetGo,140,28,False,40.14773317012366,0.9795663501655605,42.11533555192887,0.9812906106634576,42.325059633488,0.9829849591795309,0.20972408155913058,0.0016943485160733074,1.9676023818052144,2.177326463364345
ReadySetGo_5s,ReadySetGo,145,29,False,40.27247498450344,0.9803519049693686,42.265431645644526,0.9818587719205787,42.48061098075442,0.9836113930578456,0.2151793351098945,0.0017526211372669298,1.9929566611410863,2.208135996250981
ReadySetGo_5s,ReadySetGo,150,30,False,40.31995340537007,0.9808921516936501,42.320298062966415,0.9823552473906704,42.540125193816316,0.9841670406637868,0.21982713084990024,0.0018117932731164244,2.0003446575963437,2.220171788446244
ReadySetGo_5s,ReadySetGo,155,31,True,40.3730061527019,0.9813586725103037,42.402181695535795,0.9827137579106561,42.62626897324889,0.9845698617965531,0.224087277713096,0.0018561038858970758,2.0291755428338973,2.2532628205469933
ReadySetGo_5s,ReadySetGo,160,32,False,39.707021164712046,0.9715003288149789,41.429244788892056,0.9735640036088243,41.60759800618558,0.9753862760010938,0.1783532172935267,0.0018222723922695083,1.7222236241800104,1.9005768414735371
ReadySetGo_5s,ReadySetGo,165,33,False,40.98911417367468,0.9825006990036256,42.97088924888874,0.9834920020147055,43.234069585043294,0.9854364111503466,0.26318033615455505,0.0019444091356410897,1.9817750752140597,2.2449554113686148
ReadySetGo_5s,ReadySetGo,170,34,False,40.798758106360864,0.9824693008935987,42.85268033295623,0.9835850250018348,43.11196855891318,0.9856132861091494,0.25928822595695067,0.0020282611073146883,2.0539222265953683,2.313210452552319
ReadySetGo_5s,ReadySetGo,175,35,False,40.95360768916356,0.9819949452042556,42.91767202332301,0.9830674824561535,43.18831544303844,0.9851619882384629,0.2706434197154337,0.002094505782309408,1.9640643341594455,2.234707753874879
ReadySetGo_5s,ReadySetGo,180,36,True,40.84409861878245,0.9818226225582218,42.8467379091184,0.9831671481317766,43.11327969038662,0.9852950750479327,0.2665417812682165,0.002127926916156042,2.0026392903359493,2.269181071604166
ReadySetGo_5s,ReadySetGo,185,37,False,40.98171115248519,0.9821235915065195,42.9914475601742,0.983277157198348,43.27027562898398,0.9854709538765026,0.27882806880977995,0.002193796678154669,2.0097364076890116,2.2885644764987916
ReadySetGo_5s,ReadySetGo,190,38,False,40.9202409350727,0.981248478548457,42.85089127069031,0.9824633440093826,43.116949960140474,0.9846922074486602,0.266058689450162,0.0022288634392775286,1.9306503356176137,2.1967090250677757
ReadySetGo_5s,ReadySetGo,195,39,False,41.266165681075165,0.983742472176591,43.31883562761562,0.9844910377459043,43.62499386051694,0.9868283907651395,0.3061582329013177,0.002337353019235211,2.0526699465404548,2.3588281794417725
ReadySetGo_5s,ReadySetGo,200,40,False,40.75028101652617,0.9816966511681864,42.73249841604201,0.9830192808639142,42.99403006893705,0.9853728920425877,0.2615316528950373,0.002353611178673498,1.9822173995158394,2.2437490524108767
ReadySetGo_5s,ReadySetGo,205,41,True,41.18859532108554,0.9833664053994693,43.22804940691378,0.9841799502597177,43.52681429534392,0.9866207452606669,0.29876488843013504,0.0024407950009491808,2.0394540858282397,2.3382189742583748
ReadySetGo_5s,ReadySetGo,210,42,False,41.19965197647588,0.9829615297048793,43.20553827151842,0.9838677816177478,43.498791533989596,0.9863396221448367,0.29325326247117545,0.002471840527088931,2.0058862950425436,2.299139557513719
ReadySetGo_5s,ReadySetGo,215,43,False,41.482550731667054,0.9835832774406316,43.440572814536395,0.9842521562069476,43.75042831065293,0.9867407623559178,0.3098554961165334,0.002488606148970174,1.9580220828693413,2.2678775789858747
ReadySetGo_5s,ReadySetGo,220,44,False,41.33059629899022,0.9833840661879875,43.28889305450296,0.9841055853120758,43.58661220532127,0.9866011570200623,0.2977191508183168,0.0024955717079865325,1.958296755512734,2.2560159063310508
ReadySetGo_5s,ReadySetGo,225,45,False,41.48626631967731,0.9841594366485632,43.45397566765398,0.9844243747945163,43.75763112371688,0.9869758946353764,0.30365545606289857,0.002551519840860106,1.9677093479766654,2.271364804039564
ReadySetGo_5s,ReadySetGo,230,46,False,41.4469766066924,0.9844889932546566,43.44335289865764,0.9847283287434732,43.75232709574143,0.9872984953641752,0.30897419708378493,0.0025701666207020857,1.996376291965241,2.305350489049026
ReadySetGo_5s,ReadySetGo,235,47,True,41.390539339913126,0.9845294533934893,43.39126240101315,0.984752665538558,43.70205457921724,0.9873479210666544,0.310792178204089,0.002595255528096363,2.0007230611000253,2.3115152393041143
ReadySetGo_5s,ReadySetGo,240,48,False,41.135026699373256,0.9823019451283658,43.014639764139474,0.9831704728534116,43.29597393080412,0.98570108824011,0.2813341666646423,0.0025306153866984094,1.8796130647662181,2.1609472314308604
ReadySetGo_5s,ReadySetGo,245,49,False,41.64687344587457,0.985066868576857,43.6421503063356,0.9852816906969522,43.986342477023406,0.9878353114564555,0.34419217068780483,0.0025536207595033833,1.9952768604610327,2.3394690311488375
ReadySetGo_5s,ReadySetGo,250,50,False,41.696372843545,0.9845651921056523,43.65129707816987,0.9850044706519887,44.00595833721248,0.9875327241759743,0.35466125904261503,0.0025282535239855575,1.954924234624869,2.309585493667484
ReadySetGo_5s,ReadySetGo,255,51,False,41.51777689495148,0.9837902067944215,43.518734480264236,0.9843903213226641,43.879343450899164,0.9869382310712373,0.360608970634928,0.0025479097485732183,2.0009575853127544,2.3615665559476824
ReadySetGo_5s,ReadySetGo,260,52,True,41.00449640671742,0.9834233988916274,43.039860396696945,0.9842845096724224,43.38376178512515,0.9868642145569255,0.3439013884282076,0.002579704884503098,2.0353639899795226,2.3792653784077302
ReadySetGo_5s,ReadySetGo,265,53,False,40.83313193691629,0.9832557544082888,42.90712481006817,0.9839565921236487,43.26689005548526,0.986548180358684,0.3597652454170941,0.002591588235035247,2.07399287315188,2.4337581185689743
ReadySetGo_5s,ReadySetGo,270,54,False,40.29756172401819,0.982710667115124,42.38425213203793,0.9834347688964221,42.70992172336804,0.9859946388788928,0.32566959133011153,0.0025598699824707083,2.0866904080197415,2.412359999349853
ReadySetGo_5s,ReadySetGo,275,55,False,40.5511746640133,0.983148992227504,42.68707671223947,0.9838618001108345,43.036243693076244,0.9863537094937868,0.34916698083677744,0.0024919093829522954,2.135902048226164,2.4850690290629416
ReadySetGo_5s,ReadySetGo,280,56,False,40.04261623031428,0.9805083328249247,42.1468095552595,0.9819602001604518,42.45912037843782,0.9843983483910095,0.31231082317831493,0.0024381482305576574,2.1041933249452214,2.4165041481235363
ReadySetGo_5s,ReadySetGo,285,57,True,40.52471612114452,0.9825831295330668,42.58840108730062,0.9834659082055527,42.93128827778507,0.9858748730661556,0.34288719048445415,0.0024089648606029357,2.063684966156096,2.40657215664055
ReadySetGo_5s,ReadySetGo,290,58,False,40.38209505075639,0.981416440412685,42.482558661935165,0.9828865441040637,42.80912744708702,0.9852540066471281,0.3265687851518564,0.0023674625430644136,2.1004636111787747,2.427032396330631
ReadySetGo_5s,ReadySetGo,295,59,False,40.26687784141812,0.9811165136763121,42.46101336228382,0.9828152370784035,42.79496070942959,0.9851563538314909,0.33394734714576657,0.0023411167530874577,2.1941355208657,2.5280828680114666
ReadySetGo_5s,ReadySetGo,300,60,False,39.74582439108851,0.9798767179724005,41.95970813056049,0.982184989960355,42.25508700456294,0.9844646647519988,0.295378874002445,0.0022796747916438154,2.2138837394719815,2.5092626134744265
ReadySetGo_5s,ReadySetGo,305,61,False,39.7466103796076,0.9796405705289962,41.93739789786156,0.9818413774466073,42.222376439730255,0.9840604667699298,0.2849785418686963,0.0022190893233224873,2.1907875182539556,2.475766060122652
ReadySetGo_5s,ReadySetGo,310,62,True,39.86642201327323,0.9795368664555651,42.04397246633492,0.9818471622308683,42.33283811537143,0.9840582778218991,0.28886564903650935,0.002211115591030821,2.1775504530616914,2.4664161020982007
ReadySetGo_5s,ReadySetGo,315,63,False,40.16276183709137,0.9801189631616124,42.40097666590468,0.9821668150149123,42.72325114843828,0.984419141230021,0.3222744825336008,0.0022523262151087353,2.2382148288133124,2.560489311346913
ReadySetGo_5s,ReadySetGo,320,64,False,39.457930902860774,0.97519116122768,41.60453599706859,0.978432861410415,41.861643626281534,0.9805543204970506,0.25710762921294616,0.0021214590866356353,2.146605094207814,2.4037127234207603
ReadySetGo_5s,ReadySetGo,325,65,False,39.96134577256046,0.979007838223511,42.238532127358994,0.9814622986250562,42.54069500727305,0.983596108921618,0.3021628799140572,0.002133810296561789,2.2771863547985305,2.5793492347125877
ReadySetGo_5s,ReadySetGo,330,66,False,39.59761415252548,0.9775755884865037,41.843885274655236,0.9806233342908243,42.11428600223233,0.9826805209944454,0.27040072757709765,0.0020571867036210945,2.2462711221297553,2.516671849706853
ReadySetGo_5s,ReadySetGo,335,67,True,39.40480543567475,0.9764080258159621,41.71080147849213,0.9798288307706775,41.97480244707792,0.9818090501329368,0.2640009685857905,0.001980219362259339,2.3059960428173767,2.569997011403167
ReadySetGo_5s,ReadySetGo,340,68,False,39.13927722512631,0.9750757496685796,41.41628075273261,0.9789420657281439,41.65687842162589,0.9808301117107171,0.2405976688932796,0.0018880459825731943,2.277003527606304,2.5176011964995837
ReadySetGo_5s,ReadySetGo,345,69,False,39.085010499036876,0.9749554151113249,41.36654043646143,0.9786332057822618,41.60343001627674,0.9804485227545476,0.2368895798153119,0.0018153169722858742,2.2815299374245512,2.518419517239863
ReadySetGo_5s,ReadySetGo,350,70,False,38.93424573821414,0.9745833961918176,41.209247483295634,0.9783710900013586,41.42711028134123,0.9801617333570436,0.21786279804559427,0.0017906433556850176,2.2750017450814966,2.492864543127091
ReadySetGo_5s,ReadySetGo,355,71,False,38.986823308847534,0.974790905846155,41.24127507695014,0.9784529322993933,41.453302249367724,0.9802503033661312,0.21202717241758506,0.0017973710667378295,2.254451768102605,2.46647894052019
ReadySetGo_5s,ReadySetGo,360,72,True,38.69159933642131,0.9726600436539145,40.93511267388049,0.9771903824359306,41.11212255618405,0.9788674807748063,0.17700988230355819,0.0016770983388757488,2.243513337459177,2.4205232197627353
ReadySetGo_5s,ReadySetGo,365,73,False,38.94384014276486,0.9748588147174765,41.25803829298523,0.978718536014759,41.449214389805235,0.980364079522591,0.19117609682000136,0.0016455435078319702,2.3141981502203706,2.505374247040372
ReadySetGo_5s,ReadySetGo,370,74,False,38.88118704826921,0.9744359033097433,41.26757478957278,0.9785119160089801,41.445507739772026,0.9801730354851746,0.17793295019924926,0.001661119476194517,2.3863877413035652,2.5643206915028145
ReadySetGo_5s,ReadySetGo,375,75,False,39.00085062578397,0.9742704371227879,41.37707097921269,0.9784906151325545,41.55171866697402,0.9801329699813036,0.174647687761329,0.0016423548487490836,2.376220353428721,2.55086804119005
ReadySetGo_5s,ReadySetGo,380,76,False,38.467400564625535,0.972352073537805,40.808853815787515,0.9770524521797811,40.97032219980565,0.9788177786443211,0.16146838401813568,0.0017653264645399735,2.3414532511619797,2.5029216351801153
ReadySetGo_5s,ReadySetGo,385,77,False,38.558775498202294,0.9721149423191273,40.82931213136233,0.9764410870578325,40.98984547070756,0.9782439277864522,0.1605333393452284,0.0018028407286196924,2.2705366331600345,2.431069972505263
ReadySetGo_5s,ReadySetGo,390,78,True,38.66726445921764,0.9739543874723449,40.91676450194871,0.9778057351979325,41.08095407831818,0.9796476456428281,0.1641895763694663,0.001841910444895678,2.2495000427310714,2.4136896191005377
ReadySetGo_5s,ReadySetGo,395,79,False,38.82349621104608,0.9750153001296917,41.18949661904893,0.978643928847926,41.3611377215063,0.9805326524818428,0.17164110245737163,0.0018887236339169,2.3660004080028543,2.537641510460226
ReadySetGo_5s,ReadySetGo,400,80,False,38.34581210790017,0.9723480469272555,40.60162556078491,0.9764948745530612,40.75061527073703,0.97841242023108,0.1489897099521187,0.0019175456780188282,2.2558134528847376,2.4048031628368562
ReadySetGo_5s,ReadySetGo,405,81,False,38.84149164426466,0.9758667300533829,41.19726040646426,0.9791825595214335,41.37733922380445,0.9811543521848691,0.18007881734018838,0.001971792663435612,2.3557687621996024,2.535847579539791
ReadySetGo_5s,ReadySetGo,410,82,False,38.518213745573924,0.9744992873498746,40.959157790822225,0.9783924017204877,41.14265982672677,0.9804280428920963,0.18350203590454583,0.002035641171608593,2.440944045248301,2.624446081152847
ReadySetGo_5s,ReadySetGo,415,83,True,38.55171632162863,0.9740052893305364,40.94154185229863,0.977717857218036,41.12539874075074,0.979713014369705,0.18385688845211234,0.0019951571516690914,2.389825530669995,2.5736824191221075
ReadySetGo_5s,ReadySetGo,420,84,False,38.44315609209551,0.9745396251197236,40.83770805034226,0.9783327021785244,41.02501979005589,0.9803584693728197,0.18731173971363546,0.002025767194295258,2.394551958246744,2.5818636979603795
ReadySetGo_5s,ReadySetGo,425,85,False,38.71991325767904,0.976187882248162,41.2210616218473,0.9795593633963952,41.438809806884066,0.9816080318085005,0.2177481850367684,0.002048668412105381,2.501148364168259,2.718896549205027
ReadySetGo_5s,ReadySetGo,430,86,False,38.348983932622964,0.9748331029937073,40.81170680325172,0.9786827927537929,41.01284789810719,0.9807075077199793,0.2011410948554726,0.0020247149661863917,2.4627228706287525,2.663863965484225
ReadySetGo_5s,ReadySetGo,435,87,False,38.22276173911968,0.9743972283346406,40.75178865631359,0.9784556852797255,40.97311256869102,0.9805137343059972,0.22132391237742866,0.0020580490262717133,2.52902691719391,2.750350829571339
ReadySetGo_5s,ReadySetGo,440,88,True,37.67367108466591,0.9709642168163094,39.949193941416596,0.9754348551647735,40.13899501686176,0.9774784142887776,0.18980107544516756,0.002043559124004113,2.2755228567506833,2.465323932195851
ReadySetGo_5s,ReadySetGo,445,89,False,38.09791644023256,0.9739794748767868,40.61433062873309,0.9779934756455936,40.841710274553336,0.9800702752781572,0.22737964582024262,0.002076799632563575,2.5164141885005336,2.743793834320776
ReadySetGo_5s,ReadySetGo,450,90,False,37.937295752609096,0.9731578373503406,40.40617305367353,0.9772099670225953,40.63038414626739,0.9792640921571935,0.22421109259386185,0.002054125134598128,2.468877301064431,2.693088393658293
ReadySetGo_5s,ReadySetGo,455,91,False,38.11078962346407,0.9735534007615166,40.63507521370242,0.9776011537651321,40.88164825905381,0.9796311537704954,0.2465730453513899,0.0020300000053632417,2.5242855902383496,2.7708586355897395
ReadySetGo_5s,ReadySetGo,460,92,False,37.875885387589015,0.9727827139000068,40.42168822403302,0.9773085244866825,40.65966394669597,0.979283885119186,0.2379757226629522,0.0019753606325034756,2.545802836444004,2.783778559106956
ReadySetGo_5s,ReadySetGo,465,93,True,37.97053009899476,0.9728012664367478,40.51739918763019,0.9771821458484157,40.76606004380612,0.9792187044209556,0.24866085617593114,0.002036558572539926,2.5468690886354324,2.7955299448113635
ReadySetGo_5s,ReadySetGo,470,94,False,37.851113368546876,0.9725228755451486,40.359412043579646,0.9769060792430521,40.59862729795094,0.9789615786670594,0.23921525437129532,0.00205549942400729,2.508298675032769,2.7475139294040645
ReadySetGo_5s,ReadySetGo,475,95,False,37.988019753665895,0.9728004673269545,40.53018302170236,0.9772313370599162,40.77711661972537,0.9792605532591145,0.24693359802300563,0.0020292161991983804,2.542163268036468,2.7890968660594737
ReadySetGo_5s,ReadySetGo,480,96,False,37.4502534104194,0.9680659955480261,39.88755651851872,0.973558699300377,40.1003627851986,0.9755115532437824,0.2128062666798769,0.001952853943405386,2.4373031080993215,2.6501093747791984
ReadySetGo_5s,ReadySetGo,485,97,False,37.97894818004702,0.972284139892564,40.64006492493953,0.9771056461913418,40.896807203921846,0.9790638659572384,0.2567422789823155,0.001958219765896607,2.66111674489251,2.9178590238748257
ReadySetGo_5s,ReadySetGo,490,98,True,37.748668544417946,0.9710998720307911,40.42216690282095,0.9761426053591399,40.66857278765022,0.97803496066316,0.24640588482927228,0.001892355304020099,2.673498358403002,2.919904243232274
ReadySetGo_5s,ReadySetGo,495,99,False,37.921901859516595,0.9715203935906818,40.60233626215826,0.9764279957140608,40.87029580598192,0.9783112857661849,0.2679595438236575,0.0018832900521240648,2.6804344026416658,2.9483939464653233
ReadySetGo_5s,ReadySetGo,500,100,False,37.76023962311759,0.9705134789173917,40.46191458625924,0.9756620770007404,40.70911888413987,0.9774788629642721,0.2472042978806286,0.0018167859635317418,2.701674963141649,2.9488792610222774
ReadySetGo_5s,ReadySetGo,505,101,False,38.02726760731728,0.9713180451147011,40.765209820841044,0.9763233599927014,41.03345593958658,0.9781145153787404,0.2682461187455374,0.0017911553860390228,2.737942213523766,3.0061883322693035
ReadySetGo_5s,ReadySetGo,510,102,False,37.87146082722405,0.9700522182412589,40.464073246026885,0.97515172609827,40.717666820181165,0.9768915838329011,0.2535935741542801,0.001739857734631034,2.5926124188028368,2.846205992957117
ReadySetGo_5s,ReadySetGo,515,103,True,37.97766145681828,0.9711824578706013,40.76663586074364,0.9765895461539268,41.02422551545709,0.9782628426056772,0.2575896547134491,0.0016732964517504056,2.7889744039253586,3.0465640586388076
ReadySetGo_5s,ReadySetGo,520,104,False,37.58370170386121,0.9686236451230344,40.23397827893667,0.9748793870095616,40.46183014310746,0.9764837888098983,0.22785186417079473,0.0016044018003367189,2.650276575075459,2.878128439246254
ReadySetGo_5s,ReadySetGo,525,105,False,37.69152882805443,0.9698116864371559,40.643684749948775,0.9766963618222851,40.89550317313854,0.9782883945261486,0.25181842318976777,0.001592032703863433,2.952155921894345,3.203974345084113
ReadySetGo_5s,ReadySetGo,530,106,False,37.02449336465742,0.9646319566242147,40.04722172770053,0.9739493965244683,40.270996355454486,0.9754977500309746,0.2237746277539543,0.0015483535065062837,3.0227283630431145,3.246502990797069
ReadySetGo_5s,ReadySetGo,535,107,False,36.71279009503533,0.9614641650374754,39.7965049508594,0.9718023237263622,40.00923328296476,0.9733104818079139,0.2127283321053568,0.0015081580815516915,3.08371485582407,3.2964431879294267
ReadySetGo_5s,ReadySetGo,540,108,False,36.01131322725013,0.9558237392098943,39.010648416252195,0.9676369999803967,39.19203940488405,0.96905431272033,0.1813909886318541,0.0014173127399333962,2.9993351890020676,3.1807261776339217
ReadySetGo_5s,ReadySetGo,545,109,True,35.44568335308831,0.9487486443362669,38.265347325367465,0.9617314126049133,38.42586012280681,0.9631407561157318,0.16051279743934543,0.0014093435108184504,2.8196639722791517,2.980176769718497
ReadySetGo_5s,ReadySetGo,550,110,False,35.01481707975135,0.9435954733676013,37.65737801754834,0.9571639848015804,37.799504499497665,0.958527918923031,0.14212648194932598,0.0013639341214506384,2.6425609377969863,2.7846874197463123
ReadySetGo_5s,ReadySetGo,555,111,False,34.81361649405068,0.9412394570165398,37.404421754097164,0.955312003930109,37.54032925573891,0.9566634550114183,0.13590750164174636,0.0013514510813092961,2.590805260046487,2.7267127616882334
ReadySetGo_5s,ReadySetGo,560,112,False,34.426047508346905,0.9356245130447765,36.85707820741662,0.9502472956136273,36.973278594703714,0.9515144842417692,0.11620038728709403,0.001267188628141902,2.4310306990697157,2.5472310863568097
ReadySetGo_5s,ReadySetGo,565,113,False,34.41057462588929,0.9362516372921873,36.861543122176826,0.9506937066993014,36.981624628986445,0.9520021062123946,0.12008150680961904,0.0013083995130931392,2.450968496287537,2.571050003097156
ReadySetGo_5s,ReadySetGo,570,114,True,34.1134525619249,0.9324992327995014,36.49069114968158,0.9472964025141298,36.60103181753358,0.948593237237974,0.11034066785200025,0.0012968347238441202,2.377238587756679,2.4875792556086793
ReadySetGo_5s,ReadySetGo,575,115,False,34.03585658572803,0.9317193225561352,36.351395509545775,0.9460865551438418,36.46194132643848,0.9474260827663434,0.11054581689270293,0.0013395276225016683,2.3155389238177477,2.4260847407104507
ReadySetGo_5s,ReadySetGo,580,116,False,33.96259430157557,0.9306152417687352,36.239150966585626,0.944867133547508,36.34609984508995,0.9462230682709439,0.10694887850432622,0.0013559347234359809,2.2765566650100553,2.3835055435143815
ReadySetGo_5s,ReadySetGo,585,117,False,33.91316283963884,0.9297683129006162,36.19593299288217,0.9443170523103164,36.30380544066941,0.9456991588704465,0.10787244778723704,0.0013821065601301585,2.2827701532433338,2.390642601030571
ReadySetGo_5s,ReadySetGo,590,118,False,33.78979579526592,0.9283254256888045,36.02796363201985,0.9429317260064441,36.13070066184961,0.9442977718317561,0.10273702982976118,0.0013660458253119678,2.238167836753931,2.340904866583692
ReadySetGo_5s,ReadySetGo,595,119,True,33.94618646716261,0.9304001844122914,36.26225696559862,0.9451232241826455,36.37005699842204,0.946391246680279,0.10780003282341966,0.0012680224976334697,2.316070498436005,2.423870531259425
