Copyright 1986-2022 Xilinx, Inc. All Rights Reserved. Copyright 2022-2025 Advanced Micro Devices, Inc. All Rights Reserved.
---------------------------------------------------------------------------------------------------------------------------------------------------------------------------------
| Tool Version : Vivado v.2025.2 (win64) Build 6299465 Fri Nov 14 19:35:11 GMT 2025
| Date         : Sat Sep 26 17:29:59 2026
| Host         : OMENMAX running 64-bit major release  (build 9200)
| Command      : report_timing -max_paths 40 -nworst 1 -file V://_synth_bc/acc36_realrom_150_member_b_forcefifo0926_ascii_ramdecomp/reports/timing_before_forced_replication.rpt
| Design       : c_synth_top
| Device       : 7a200t-fbg484
| Speed File   : -2  PRODUCTION 1.23 2018-06-13
| Design State : Physopt postPlace
---------------------------------------------------------------------------------------------------------------------------------------------------------------------------------

Timing Report

Slack (MET) :             0.526ns  (required time - arrival time)
  Source:                 u_top/u_core/u_pp/u_bank0/mem_reg_bram_24/CLKBWRCLK
                            (rising edge-triggered cell RAMB36E1 clocked by u_top_n_1799  {rise@0.000ns fall@3.333ns period=6.667ns})
  Destination:            u_top/u_core/u_rb/byte_q_reg[5]/D
                            (rising edge-triggered cell FDCE clocked by u_top_n_1799  {rise@0.000ns fall@3.333ns period=6.667ns})
  Path Group:             u_top_n_1799
  Path Type:              Setup (Max at Slow Process Corner)
  Requirement:            6.667ns  (u_top_n_1799 rise@6.667ns - u_top_n_1799 rise@0.000ns)
  Data Path Delay:        5.770ns  (logic 2.861ns (49.584%)  route 2.909ns (50.416%))
  Logic Levels:           4  (LUT6=2 MUXF7=2)
  Clock Path Skew:        -0.403ns (DCD - SCD + CPR)
    Destination Clock Delay (DCD):    5.293ns = ( 11.960 - 6.667 ) 
    Source Clock Delay      (SCD):    5.907ns
    Clock Pessimism Removal (CPR):    0.211ns
  Clock Uncertainty:      0.071ns  ((TSJ^2 + DJ^2)^1/2) / 2 + PE
    Total System Jitter     (TSJ):    0.071ns
    Discrete Jitter          (DJ):    0.124ns
    Phase Error              (PE):    0.000ns

    Location             Delay type                Incr(ns)  Path(ns)    Netlist Resource(s)
  -------------------------------------------------------------------    -------------------
                         (clock u_top_n_1799 rise edge)
                                                      0.000     0.000 r  
    W19                                               0.000     0.000 r  sys_clk (IN)
                         net (fo=0)                   0.000     0.000    sys_clk
    W19                  IBUF (Prop_ibuf_I_O)         1.440     1.440 r  sys_clk_IBUF_inst/O
                         net (fo=1, estimated)        1.065     2.505    u_top/sys_clk_IBUF
    MMCME2_ADV_X0Y2      MMCME2_ADV (Prop_mmcme2_adv_CLKIN1_CLKOUT0)
                                                      0.077     2.582 r  u_top/g_mmcm.u_mmcm/CLKOUT0
                         net (fo=1, estimated)        1.559     4.141    u_top_n_1799
    BUFGCTRL_X0Y0        BUFG (Prop_bufg_I_O)         0.081     4.222 r  bank_gen[3].mem_reg_i_1/O
                         net (fo=60897, estimated)    1.685     5.907    u_top/u_core/u_pp/u_bank0/clk_200
    RAMB36_X1Y43         RAMB36E1                                     r  u_top/u_core/u_pp/u_bank0/mem_reg_bram_24/CLKBWRCLK
  -------------------------------------------------------------------    -------------------
    RAMB36_X1Y43         RAMB36E1 (Prop_ramb36e1_CLKBWRCLK_DOBDO[5])
                                                      2.125     8.032 r  u_top/u_core/u_pp/u_bank0/mem_reg_bram_24/DOBDO[5]
                         net (fo=1, estimated)        1.394     9.426    u_top/u_core/u_pp/u_bank0/mem_reg_bram_24_n_62
    SLICE_X25Y201        LUT6 (Prop_lut6_I5_O)        0.105     9.531 r  u_top/u_core/u_pp/u_bank0/byte_q[5]_i_12/O
                         net (fo=1, routed)           0.000     9.531    u_top/u_core/u_pp/u_bank0/byte_q[5]_i_12_n_0
    SLICE_X25Y201        MUXF7 (Prop_muxf7_I0_O)      0.178     9.709 r  u_top/u_core/u_pp/u_bank0/byte_q_reg[5]_i_4/O
                         net (fo=1, estimated)        1.515    11.224    u_top/u_core/u_pp/u_bank0/byte_q_reg[5]_i_4_n_0
    SLICE_X42Y179        LUT6 (Prop_lut6_I0_O)        0.252    11.476 r  u_top/u_core/u_pp/u_bank0/byte_q[5]_i_2/O
                         net (fo=1, routed)           0.000    11.476    u_top/u_core/u_pp/u_bank0/byte_q[5]_i_2_n_0
    SLICE_X42Y179        MUXF7 (Prop_muxf7_I0_O)      0.201    11.677 r  u_top/u_core/u_pp/u_bank0/byte_q_reg[5]_i_1/O
                         net (fo=1, routed)           0.000    11.677    u_top/u_core/u_rb/D[5]
    SLICE_X42Y179        FDCE                                         r  u_top/u_core/u_rb/byte_q_reg[5]/D
  -------------------------------------------------------------------    -------------------

                         (clock u_top_n_1799 rise edge)
                                                      6.667     6.667 r  
    W19                                               0.000     6.667 r  sys_clk (IN)
                         net (fo=0)                   0.000     6.667    sys_clk
    W19                  IBUF (Prop_ibuf_I_O)         1.374     8.041 r  sys_clk_IBUF_inst/O
                         net (fo=1, estimated)        1.012     9.053    u_top/sys_clk_IBUF
    MMCME2_ADV_X0Y2      MMCME2_ADV (Prop_mmcme2_adv_CLKIN1_CLKOUT0)
                                                      0.073     9.126 r  u_top/g_mmcm.u_mmcm/CLKOUT0
                         net (fo=1, estimated)        1.481    10.607    u_top_n_1799
    BUFGCTRL_X0Y0        BUFG (Prop_bufg_I_O)         0.077    10.684 r  bank_gen[3].mem_reg_i_1/O
                         net (fo=60897, estimated)    1.276    11.960    u_top/u_core/u_rb/clk_200
    SLICE_X42Y179        FDCE                                         r  u_top/u_core/u_rb/byte_q_reg[5]/C
                         clock pessimism              0.211    12.171    
                         clock uncertainty           -0.071    12.100    
    SLICE_X42Y179        FDCE (Setup_fdce_C_D)        0.104    12.204    u_top/u_core/u_rb/byte_q_reg[5]
  -------------------------------------------------------------------
                         required time                         12.204    
                         arrival time                         -11.677    
  -------------------------------------------------------------------
                         slack                                  0.526    

Slack (MET) :             0.528ns  (required time - arrival time)
  Source:                 u_top/u_core/u_b/u_b_core/core/core/l5/post/occupied_reg[1]/C
                            (rising edge-triggered cell FDRE clocked by u_top_n_1799  {rise@0.000ns fall@3.333ns period=6.667ns})
  Destination:            u_top/u_core/u_b/u_b_core/core/core/l5/gk.frontend/fifo/g_wide_read.g_read_slice[99].rd_ptr_local_reg[0]/R
                            (rising edge-triggered cell FDRE clocked by u_top_n_1799  {rise@0.000ns fall@3.333ns period=6.667ns})
  Path Group:             u_top_n_1799
  Path Type:              Setup (Max at Slow Process Corner)
  Requirement:            6.667ns  (u_top_n_1799 rise@6.667ns - u_top_n_1799 rise@0.000ns)
  Data Path Delay:        5.757ns  (logic 0.958ns (16.641%)  route 4.799ns (83.359%))
  Logic Levels:           5  (LUT3=1 LUT4=1 LUT6=3)
  Clock Path Skew:        0.042ns (DCD - SCD + CPR)
    Destination Clock Delay (DCD):    5.455ns = ( 12.122 - 6.667 ) 
    Source Clock Delay      (SCD):    5.625ns
    Clock Pessimism Removal (CPR):    0.212ns
  Clock Uncertainty:      0.071ns  ((TSJ^2 + DJ^2)^1/2) / 2 + PE
    Total System Jitter     (TSJ):    0.071ns
    Discrete Jitter          (DJ):    0.124ns
    Phase Error              (PE):    0.000ns

    Location             Delay type                Incr(ns)  Path(ns)    Netlist Resource(s)
  -------------------------------------------------------------------    -------------------
                         (clock u_top_n_1799 rise edge)
                                                      0.000     0.000 r  
    W19                                               0.000     0.000 r  sys_clk (IN)
                         net (fo=0)                   0.000     0.000    sys_clk
    W19                  IBUF (Prop_ibuf_I_O)         1.440     1.440 r  sys_clk_IBUF_inst/O
                         net (fo=1, estimated)        1.065     2.505    u_top/sys_clk_IBUF
    MMCME2_ADV_X0Y2      MMCME2_ADV (Prop_mmcme2_adv_CLKIN1_CLKOUT0)
                                                      0.077     2.582 r  u_top/g_mmcm.u_mmcm/CLKOUT0
                         net (fo=1, estimated)        1.559     4.141    u_top_n_1799
    BUFGCTRL_X0Y0        BUFG (Prop_bufg_I_O)         0.081     4.222 r  bank_gen[3].mem_reg_i_1/O
                         net (fo=60897, estimated)    1.403     5.625    u_top/u_core/u_b/u_b_core/core/core/l5/post/clk_200
    SLICE_X90Y139        FDRE                                         r  u_top/u_core/u_b/u_b_core/core/core/l5/post/occupied_reg[1]/C
  -------------------------------------------------------------------    -------------------
    SLICE_X90Y139        FDRE (Prop_fdre_C_Q)         0.433     6.058 f  u_top/u_core/u_b/u_b_core/core/core/l5/post/occupied_reg[1]/Q
                         net (fo=12, estimated)       0.706     6.764    u_top/u_core/u_b/u_b_core/core/core/l5/mac/acc/accum_reg[3][0]_1
    SLICE_X91Y138        LUT6 (Prop_lut6_I3_O)        0.105     6.869 r  u_top/u_core/u_b/u_b_core/core/core/l5/mac/acc/tree_stage[2].channel[2].node[3].pair.sums_q[2][2][3][31]_i_3/O
                         net (fo=17, estimated)       0.517     7.386    u_top/u_core/u_b/u_b_core/core/core/l5/mac/mac/ready_7
    SLICE_X91Y136        LUT6 (Prop_lut6_I2_O)        0.105     7.491 r  u_top/u_core/u_b/u_b_core/core/core/l5/mac/mac/out_lane[2].mult_lane[15].operand_pipe.sums_q_reg[0][2][15]_i_2/O
                         net (fo=19, estimated)       0.553     8.044    u_top/u_core/u_b/u_b_core/core/core/l5/mac/mac/ready_2
    SLICE_X95Y132        LUT3 (Prop_lut3_I1_O)        0.105     8.149 r  u_top/u_core/u_b/u_b_core/core/core/l5/mac/mac/out_lane[3].mult_lane[48].operand_pipe.act_q[15]_i_3/O
                         net (fo=76, estimated)       0.933     9.082    u_top/u_core/u_b/u_b_core/core/core/l5/mac/issue/issue_ready
    SLICE_X98Y117        LUT6 (Prop_lut6_I4_O)        0.105     9.187 r  u_top/u_core/u_b/u_b_core/core/core/l5/mac/issue/out_window[6399]_i_1/O
                         net (fo=6704, estimated)     1.588    10.775    u_top/u_core/u_b/u_b_core/core/core/l5/gk.frontend/fifo/g_wide_read.g_read_slice[0].rd_ptr_local_reg[1]_0
    SLICE_X101Y86        LUT4 (Prop_lut4_I3_O)        0.105    10.880 r  u_top/u_core/u_b/u_b_core/core/core/l5/gk.frontend/fifo/g_wide_read.g_read_slice[99].rd_ptr_local[1]_i_1/O
                         net (fo=2, estimated)        0.502    11.382    u_top/u_core/u_b/u_b_core/core/core/l5/gk.frontend/fifo/g_wide_read.g_read_slice[99].rd_ptr_local[1]_i_1_n_0
    SLICE_X101Y86        FDRE                                         r  u_top/u_core/u_b/u_b_core/core/core/l5/gk.frontend/fifo/g_wide_read.g_read_slice[99].rd_ptr_local_reg[0]/R
  -------------------------------------------------------------------    -------------------

                         (clock u_top_n_1799 rise edge)
                                                      6.667     6.667 r  
    W19                                               0.000     6.667 r  sys_clk (IN)
                         net (fo=0)                   0.000     6.667    sys_clk
    W19                  IBUF (Prop_ibuf_I_O)         1.374     8.041 r  sys_clk_IBUF_inst/O
                         net (fo=1, estimated)        1.012     9.053    u_top/sys_clk_IBUF
    MMCME2_ADV_X0Y2      MMCME2_ADV (Prop_mmcme2_adv_CLKIN1_CLKOUT0)
                                                      0.073     9.126 r  u_top/g_mmcm.u_mmcm/CLKOUT0
                         net (fo=1, estimated)        1.481    10.607    u_top_n_1799
    BUFGCTRL_X0Y0        BUFG (Prop_bufg_I_O)         0.077    10.684 r  bank_gen[3].mem_reg_i_1/O
                         net (fo=60897, estimated)    1.438    12.122    u_top/u_core/u_b/u_b_core/core/core/l5/gk.frontend/fifo/clk_200
    SLICE_X101Y86        FDRE                                         r  u_top/u_core/u_b/u_b_core/core/core/l5/gk.frontend/fifo/g_wide_read.g_read_slice[99].rd_ptr_local_reg[0]/C
                         clock pessimism              0.212    12.334    
                         clock uncertainty           -0.071    12.263    
    SLICE_X101Y86        FDRE (Setup_fdre_C_R)       -0.352    11.911    u_top/u_core/u_b/u_b_core/core/core/l5/gk.frontend/fifo/g_wide_read.g_read_slice[99].rd_ptr_local_reg[0]
  -------------------------------------------------------------------
                         required time                         11.911    
                         arrival time                         -11.382    
  -------------------------------------------------------------------
                         slack                                  0.528    

Slack (MET) :             0.528ns  (required time - arrival time)
  Source:                 u_top/u_core/u_b/u_b_core/core/core/l5/post/occupied_reg[1]/C
                            (rising edge-triggered cell FDRE clocked by u_top_n_1799  {rise@0.000ns fall@3.333ns period=6.667ns})
  Destination:            u_top/u_core/u_b/u_b_core/core/core/l5/gk.frontend/fifo/g_wide_read.g_read_slice[99].rd_ptr_local_reg[1]/R
                            (rising edge-triggered cell FDRE clocked by u_top_n_1799  {rise@0.000ns fall@3.333ns period=6.667ns})
  Path Group:             u_top_n_1799
  Path Type:              Setup (Max at Slow Process Corner)
  Requirement:            6.667ns  (u_top_n_1799 rise@6.667ns - u_top_n_1799 rise@0.000ns)
  Data Path Delay:        5.757ns  (logic 0.958ns (16.641%)  route 4.799ns (83.359%))
  Logic Levels:           5  (LUT3=1 LUT4=1 LUT6=3)
  Clock Path Skew:        0.042ns (DCD - SCD + CPR)
    Destination Clock Delay (DCD):    5.455ns = ( 12.122 - 6.667 ) 
    Source Clock Delay      (SCD):    5.625ns
    Clock Pessimism Removal (CPR):    0.212ns
  Clock Uncertainty:      0.071ns  ((TSJ^2 + DJ^2)^1/2) / 2 + PE
    Total System Jitter     (TSJ):    0.071ns
    Discrete Jitter          (DJ):    0.124ns
    Phase Error              (PE):    0.000ns

    Location             Delay type                Incr(ns)  Path(ns)    Netlist Resource(s)
  -------------------------------------------------------------------    -------------------
                         (clock u_top_n_1799 rise edge)
                                                      0.000     0.000 r  
    W19                                               0.000     0.000 r  sys_clk (IN)
                         net (fo=0)                   0.000     0.000    sys_clk
    W19                  IBUF (Prop_ibuf_I_O)         1.440     1.440 r  sys_clk_IBUF_inst/O
                         net (fo=1, estimated)        1.065     2.505    u_top/sys_clk_IBUF
    MMCME2_ADV_X0Y2      MMCME2_ADV (Prop_mmcme2_adv_CLKIN1_CLKOUT0)
                                                      0.077     2.582 r  u_top/g_mmcm.u_mmcm/CLKOUT0
                         net (fo=1, estimated)        1.559     4.141    u_top_n_1799
    BUFGCTRL_X0Y0        BUFG (Prop_bufg_I_O)         0.081     4.222 r  bank_gen[3].mem_reg_i_1/O
                         net (fo=60897, estimated)    1.403     5.625    u_top/u_core/u_b/u_b_core/core/core/l5/post/clk_200
    SLICE_X90Y139        FDRE                                         r  u_top/u_core/u_b/u_b_core/core/core/l5/post/occupied_reg[1]/C
  -------------------------------------------------------------------    -------------------
    SLICE_X90Y139        FDRE (Prop_fdre_C_Q)         0.433     6.058 f  u_top/u_core/u_b/u_b_core/core/core/l5/post/occupied_reg[1]/Q
                         net (fo=12, estimated)       0.706     6.764    u_top/u_core/u_b/u_b_core/core/core/l5/mac/acc/accum_reg[3][0]_1
    SLICE_X91Y138        LUT6 (Prop_lut6_I3_O)        0.105     6.869 r  u_top/u_core/u_b/u_b_core/core/core/l5/mac/acc/tree_stage[2].channel[2].node[3].pair.sums_q[2][2][3][31]_i_3/O
                         net (fo=17, estimated)       0.517     7.386    u_top/u_core/u_b/u_b_core/core/core/l5/mac/mac/ready_7
    SLICE_X91Y136        LUT6 (Prop_lut6_I2_O)        0.105     7.491 r  u_top/u_core/u_b/u_b_core/core/core/l5/mac/mac/out_lane[2].mult_lane[15].operand_pipe.sums_q_reg[0][2][15]_i_2/O
                         net (fo=19, estimated)       0.553     8.044    u_top/u_core/u_b/u_b_core/core/core/l5/mac/mac/ready_2
    SLICE_X95Y132        LUT3 (Prop_lut3_I1_O)        0.105     8.149 r  u_top/u_core/u_b/u_b_core/core/core/l5/mac/mac/out_lane[3].mult_lane[48].operand_pipe.act_q[15]_i_3/O
                         net (fo=76, estimated)       0.933     9.082    u_top/u_core/u_b/u_b_core/core/core/l5/mac/issue/issue_ready
    SLICE_X98Y117        LUT6 (Prop_lut6_I4_O)        0.105     9.187 r  u_top/u_core/u_b/u_b_core/core/core/l5/mac/issue/out_window[6399]_i_1/O
                         net (fo=6704, estimated)     1.588    10.775    u_top/u_core/u_b/u_b_core/core/core/l5/gk.frontend/fifo/g_wide_read.g_read_slice[0].rd_ptr_local_reg[1]_0
    SLICE_X101Y86        LUT4 (Prop_lut4_I3_O)        0.105    10.880 r  u_top/u_core/u_b/u_b_core/core/core/l5/gk.frontend/fifo/g_wide_read.g_read_slice[99].rd_ptr_local[1]_i_1/O
                         net (fo=2, estimated)        0.502    11.382    u_top/u_core/u_b/u_b_core/core/core/l5/gk.frontend/fifo/g_wide_read.g_read_slice[99].rd_ptr_local[1]_i_1_n_0
    SLICE_X101Y86        FDRE                                         r  u_top/u_core/u_b/u_b_core/core/core/l5/gk.frontend/fifo/g_wide_read.g_read_slice[99].rd_ptr_local_reg[1]/R
  -------------------------------------------------------------------    -------------------

                         (clock u_top_n_1799 rise edge)
                                                      6.667     6.667 r  
    W19                                               0.000     6.667 r  sys_clk (IN)
                         net (fo=0)                   0.000     6.667    sys_clk
    W19                  IBUF (Prop_ibuf_I_O)         1.374     8.041 r  sys_clk_IBUF_inst/O
                         net (fo=1, estimated)        1.012     9.053    u_top/sys_clk_IBUF
    MMCME2_ADV_X0Y2      MMCME2_ADV (Prop_mmcme2_adv_CLKIN1_CLKOUT0)
                                                      0.073     9.126 r  u_top/g_mmcm.u_mmcm/CLKOUT0
                         net (fo=1, estimated)        1.481    10.607    u_top_n_1799
    BUFGCTRL_X0Y0        BUFG (Prop_bufg_I_O)         0.077    10.684 r  bank_gen[3].mem_reg_i_1/O
                         net (fo=60897, estimated)    1.438    12.122    u_top/u_core/u_b/u_b_core/core/core/l5/gk.frontend/fifo/clk_200
    SLICE_X101Y86        FDRE                                         r  u_top/u_core/u_b/u_b_core/core/core/l5/gk.frontend/fifo/g_wide_read.g_read_slice[99].rd_ptr_local_reg[1]/C
                         clock pessimism              0.212    12.334    
                         clock uncertainty           -0.071    12.263    
    SLICE_X101Y86        FDRE (Setup_fdre_C_R)       -0.352    11.911    u_top/u_core/u_b/u_b_core/core/core/l5/gk.frontend/fifo/g_wide_read.g_read_slice[99].rd_ptr_local_reg[1]
  -------------------------------------------------------------------
                         required time                         11.911    
                         arrival time                         -11.382    
  -------------------------------------------------------------------
                         slack                                  0.528    

Slack (MET) :             0.534ns  (required time - arrival time)
  Source:                 u_top/u_core/u_b/u_b_core/core/core/l5/gk.frontend/pad/y_reg[7]/C
                            (rising edge-triggered cell FDRE clocked by u_top_n_1799  {rise@0.000ns fall@3.333ns period=6.667ns})
  Destination:            u_top/u_core/u_b/u_b_core/core/core/l5/gk.frontend/win/bank_gen[3].mem_reg_1/DIADI[13]
                            (rising edge-triggered cell RAMB36E1 clocked by u_top_n_1799  {rise@0.000ns fall@3.333ns period=6.667ns})
  Path Group:             u_top_n_1799
  Path Type:              Setup (Max at Slow Process Corner)
  Requirement:            6.667ns  (u_top_n_1799 rise@6.667ns - u_top_n_1799 rise@0.000ns)
  Data Path Delay:        5.743ns  (logic 0.799ns (13.913%)  route 4.944ns (86.087%))
  Logic Levels:           4  (LUT2=1 LUT4=1 LUT5=1 LUT6=1)
  Clock Path Skew:        -0.104ns (DCD - SCD + CPR)
    Destination Clock Delay (DCD):    5.432ns = ( 12.098 - 6.667 ) 
    Source Clock Delay      (SCD):    5.748ns
    Clock Pessimism Removal (CPR):    0.212ns
  Clock Uncertainty:      0.071ns  ((TSJ^2 + DJ^2)^1/2) / 2 + PE
    Total System Jitter     (TSJ):    0.071ns
    Discrete Jitter          (DJ):    0.124ns
    Phase Error              (PE):    0.000ns

    Location             Delay type                Incr(ns)  Path(ns)    Netlist Resource(s)
  -------------------------------------------------------------------    -------------------
                         (clock u_top_n_1799 rise edge)
                                                      0.000     0.000 r  
    W19                                               0.000     0.000 r  sys_clk (IN)
                         net (fo=0)                   0.000     0.000    sys_clk
    W19                  IBUF (Prop_ibuf_I_O)         1.440     1.440 r  sys_clk_IBUF_inst/O
                         net (fo=1, estimated)        1.065     2.505    u_top/sys_clk_IBUF
    MMCME2_ADV_X0Y2      MMCME2_ADV (Prop_mmcme2_adv_CLKIN1_CLKOUT0)
                                                      0.077     2.582 r  u_top/g_mmcm.u_mmcm/CLKOUT0
                         net (fo=1, estimated)        1.559     4.141    u_top_n_1799
    BUFGCTRL_X0Y0        BUFG (Prop_bufg_I_O)         0.081     4.222 r  bank_gen[3].mem_reg_i_1/O
                         net (fo=60897, estimated)    1.526     5.748    u_top/u_core/u_b/u_b_core/core/core/l5/gk.frontend/pad/clk_200
    SLICE_X85Y84         FDRE                                         r  u_top/u_core/u_b/u_b_core/core/core/l5/gk.frontend/pad/y_reg[7]/C
  -------------------------------------------------------------------    -------------------
    SLICE_X85Y84         FDRE (Prop_fdre_C_Q)         0.379     6.127 f  u_top/u_core/u_b/u_b_core/core/core/l5/gk.frontend/pad/y_reg[7]/Q
                         net (fo=5, estimated)        0.681     6.808    u_top/u_core/u_b/u_b_core/core/core/l5/gk.frontend/pad/y_reg[7]
    SLICE_X86Y84         LUT4 (Prop_lut4_I3_O)        0.105     6.913 r  u_top/u_core/u_b/u_b_core/core/core/l5/gk.frontend/pad/x[9]_i_3__1/O
                         net (fo=3, estimated)        0.277     7.190    u_top/u_core/u_b/u_b_core/core/core/l5/gk.frontend/pad/x[9]_i_3__1_n_0
    SLICE_X87Y84         LUT6 (Prop_lut6_I5_O)        0.105     7.295 f  u_top/u_core/u_b/u_b_core/core/core/l5/gk.frontend/pad/bank_gen[3].mem_reg_0_i_42/O
                         net (fo=3, estimated)        1.171     8.466    u_top/u_core/u_b/u_b_core/core/core/l5/gk.frontend/pad/bank_gen[3].mem_reg_0_i_42_n_0
    SLICE_X75Y89         LUT5 (Prop_lut5_I0_O)        0.105     8.571 f  u_top/u_core/u_b/u_b_core/core/core/l5/gk.frontend/pad/bank_gen[3].mem_reg_0_i_39/O
                         net (fo=88, estimated)       1.047     9.618    u_top/u_core/u_b/u_b_core/core/core/f45/pixel_d_reg[0]
    SLICE_X93Y84         LUT2 (Prop_lut2_I1_O)        0.105     9.723 r  u_top/u_core/u_b/u_b_core/core/core/f45/bank_gen[3].mem_reg_1_i_19/O
                         net (fo=5, estimated)        1.768    11.491    u_top/u_core/u_b/u_b_core/core/core/l5/gk.frontend/win/pixel_in[49]
    RAMB36_X7Y20         RAMB36E1                                     r  u_top/u_core/u_b/u_b_core/core/core/l5/gk.frontend/win/bank_gen[3].mem_reg_1/DIADI[13]
  -------------------------------------------------------------------    -------------------

                         (clock u_top_n_1799 rise edge)
                                                      6.667     6.667 r  
    W19                                               0.000     6.667 r  sys_clk (IN)
                         net (fo=0)                   0.000     6.667    sys_clk
    W19                  IBUF (Prop_ibuf_I_O)         1.374     8.041 r  sys_clk_IBUF_inst/O
                         net (fo=1, estimated)        1.012     9.053    u_top/sys_clk_IBUF
    MMCME2_ADV_X0Y2      MMCME2_ADV (Prop_mmcme2_adv_CLKIN1_CLKOUT0)
                                                      0.073     9.126 r  u_top/g_mmcm.u_mmcm/CLKOUT0
                         net (fo=1, estimated)        1.481    10.607    u_top_n_1799
    BUFGCTRL_X0Y0        BUFG (Prop_bufg_I_O)         0.077    10.684 r  bank_gen[3].mem_reg_i_1/O
                         net (fo=60897, estimated)    1.415    12.098    u_top/u_core/u_b/u_b_core/core/core/l5/gk.frontend/win/clk_200
    RAMB36_X7Y20         RAMB36E1                                     r  u_top/u_core/u_b/u_b_core/core/core/l5/gk.frontend/win/bank_gen[3].mem_reg_1/CLKARDCLK
                         clock pessimism              0.212    12.311    
                         clock uncertainty           -0.071    12.239    
    RAMB36_X7Y20         RAMB36E1 (Setup_ramb36e1_CLKARDCLK_DIADI[13])
                                                     -0.214    12.025    u_top/u_core/u_b/u_b_core/core/core/l5/gk.frontend/win/bank_gen[3].mem_reg_1
  -------------------------------------------------------------------
                         required time                         12.025    
                         arrival time                         -11.491    
  -------------------------------------------------------------------
                         slack                                  0.534    

Slack (MET) :             0.538ns  (required time - arrival time)
  Source:                 u_top/u_core/u_b/u_b_core/core/core/l5/gk.frontend/pad/y_reg[7]/C
                            (rising edge-triggered cell FDRE clocked by u_top_n_1799  {rise@0.000ns fall@3.333ns period=6.667ns})
  Destination:            u_top/u_core/u_b/u_b_core/core/core/f45/g_narrow_read.mem_reg_0_31_126_131/RAMA/WE
                            (rising edge-triggered cell RAMD32 clocked by u_top_n_1799  {rise@0.000ns fall@3.333ns period=6.667ns})
  Path Group:             u_top_n_1799
  Path Type:              Setup (Max at Slow Process Corner)
  Requirement:            6.667ns  (u_top_n_1799 rise@6.667ns - u_top_n_1799 rise@0.000ns)
  Data Path Delay:        5.357ns  (logic 1.113ns (20.777%)  route 4.244ns (79.223%))
  Logic Levels:           5  (LUT2=1 LUT3=1 LUT4=1 LUT5=1 LUT6=1)
  Clock Path Skew:        -0.096ns (DCD - SCD + CPR)
    Destination Clock Delay (DCD):    5.433ns = ( 12.100 - 6.667 ) 
    Source Clock Delay      (SCD):    5.748ns
    Clock Pessimism Removal (CPR):    0.219ns
  Clock Uncertainty:      0.071ns  ((TSJ^2 + DJ^2)^1/2) / 2 + PE
    Total System Jitter     (TSJ):    0.071ns
    Discrete Jitter          (DJ):    0.124ns
    Phase Error              (PE):    0.000ns

    Location             Delay type                Incr(ns)  Path(ns)    Netlist Resource(s)
  -------------------------------------------------------------------    -------------------
                         (clock u_top_n_1799 rise edge)
                                                      0.000     0.000 r  
    W19                                               0.000     0.000 r  sys_clk (IN)
                         net (fo=0)                   0.000     0.000    sys_clk
    W19                  IBUF (Prop_ibuf_I_O)         1.440     1.440 r  sys_clk_IBUF_inst/O
                         net (fo=1, estimated)        1.065     2.505    u_top/sys_clk_IBUF
    MMCME2_ADV_X0Y2      MMCME2_ADV (Prop_mmcme2_adv_CLKIN1_CLKOUT0)
                                                      0.077     2.582 r  u_top/g_mmcm.u_mmcm/CLKOUT0
                         net (fo=1, estimated)        1.559     4.141    u_top_n_1799
    BUFGCTRL_X0Y0        BUFG (Prop_bufg_I_O)         0.081     4.222 r  bank_gen[3].mem_reg_i_1/O
                         net (fo=60897, estimated)    1.526     5.748    u_top/u_core/u_b/u_b_core/core/core/l5/gk.frontend/pad/clk_200
    SLICE_X85Y84         FDRE                                         r  u_top/u_core/u_b/u_b_core/core/core/l5/gk.frontend/pad/y_reg[7]/C
  -------------------------------------------------------------------    -------------------
    SLICE_X85Y84         FDRE (Prop_fdre_C_Q)         0.379     6.127 f  u_top/u_core/u_b/u_b_core/core/core/l5/gk.frontend/pad/y_reg[7]/Q
                         net (fo=5, estimated)        0.681     6.808    u_top/u_core/u_b/u_b_core/core/core/l5/gk.frontend/pad/y_reg[7]
    SLICE_X86Y84         LUT4 (Prop_lut4_I3_O)        0.105     6.913 r  u_top/u_core/u_b/u_b_core/core/core/l5/gk.frontend/pad/x[9]_i_3__1/O
                         net (fo=3, estimated)        0.277     7.190    u_top/u_core/u_b/u_b_core/core/core/l5/gk.frontend/pad/x[9]_i_3__1_n_0
    SLICE_X87Y84         LUT6 (Prop_lut6_I5_O)        0.105     7.295 f  u_top/u_core/u_b/u_b_core/core/core/l5/gk.frontend/pad/bank_gen[3].mem_reg_0_i_42/O
                         net (fo=3, estimated)        1.171     8.466    u_top/u_core/u_b/u_b_core/core/core/l5/gk.frontend/pad/bank_gen[3].mem_reg_0_i_42_n_0
    SLICE_X75Y89         LUT5 (Prop_lut5_I0_O)        0.105     8.571 f  u_top/u_core/u_b/u_b_core/core/core/l5/gk.frontend/pad/bank_gen[3].mem_reg_0_i_39/O
                         net (fo=88, estimated)       0.726     9.297    u_top/u_core/u_b/u_b_core/core/core/l5/gk.frontend/pad/y_reg[9]_0
    SLICE_X73Y94         LUT2 (Prop_lut2_I0_O)        0.126     9.423 r  u_top/u_core/u_b/u_b_core/core/core/l5/gk.frontend/pad/ready_slot[1]_i_2__2/O
                         net (fo=13, estimated)       0.569     9.992    u_top/u_core/u_b/u_b_core/core/core/l4/post/r45
    SLICE_X73Y92         LUT3 (Prop_lut3_I1_O)        0.293    10.285 r  u_top/u_core/u_b/u_b_core/core/core/l4/post/wr_ptr[4]_i_1__2/O
                         net (fo=349, estimated)      0.820    11.105    u_top/u_core/u_b/u_b_core/core/core/f45/g_narrow_read.mem_reg_0_31_126_131/WE
    SLICE_X76Y84         RAMD32                                       r  u_top/u_core/u_b/u_b_core/core/core/f45/g_narrow_read.mem_reg_0_31_126_131/RAMA/WE
  -------------------------------------------------------------------    -------------------

                         (clock u_top_n_1799 rise edge)
                                                      6.667     6.667 r  
    W19                                               0.000     6.667 r  sys_clk (IN)
                         net (fo=0)                   0.000     6.667    sys_clk
    W19                  IBUF (Prop_ibuf_I_O)         1.374     8.041 r  sys_clk_IBUF_inst/O
                         net (fo=1, estimated)        1.012     9.053    u_top/sys_clk_IBUF
    MMCME2_ADV_X0Y2      MMCME2_ADV (Prop_mmcme2_adv_CLKIN1_CLKOUT0)
                                                      0.073     9.126 r  u_top/g_mmcm.u_mmcm/CLKOUT0
                         net (fo=1, estimated)        1.481    10.607    u_top_n_1799
    BUFGCTRL_X0Y0        BUFG (Prop_bufg_I_O)         0.077    10.684 r  bank_gen[3].mem_reg_i_1/O
                         net (fo=60897, estimated)    1.416    12.100    u_top/u_core/u_b/u_b_core/core/core/f45/g_narrow_read.mem_reg_0_31_126_131/WCLK
    SLICE_X76Y84         RAMD32                                       r  u_top/u_core/u_b/u_b_core/core/core/f45/g_narrow_read.mem_reg_0_31_126_131/RAMA/CLK
                         clock pessimism              0.219    12.319    
                         clock uncertainty           -0.071    12.248    
    SLICE_X76Y84         RAMD32 (Setup_ramd32_CLK_WE)
                                                     -0.604    11.644    u_top/u_core/u_b/u_b_core/core/core/f45/g_narrow_read.mem_reg_0_31_126_131/RAMA
  -------------------------------------------------------------------
                         required time                         11.644    
                         arrival time                         -11.105    
  -------------------------------------------------------------------
                         slack                                  0.538    

Slack (MET) :             0.538ns  (required time - arrival time)
  Source:                 u_top/u_core/u_b/u_b_core/core/core/l5/gk.frontend/pad/y_reg[7]/C
                            (rising edge-triggered cell FDRE clocked by u_top_n_1799  {rise@0.000ns fall@3.333ns period=6.667ns})
  Destination:            u_top/u_core/u_b/u_b_core/core/core/f45/g_narrow_read.mem_reg_0_31_126_131/RAMA_D1/WE
                            (rising edge-triggered cell RAMD32 clocked by u_top_n_1799  {rise@0.000ns fall@3.333ns period=6.667ns})
  Path Group:             u_top_n_1799
  Path Type:              Setup (Max at Slow Process Corner)
  Requirement:            6.667ns  (u_top_n_1799 rise@6.667ns - u_top_n_1799 rise@0.000ns)
  Data Path Delay:        5.357ns  (logic 1.113ns (20.777%)  route 4.244ns (79.223%))
  Logic Levels:           5  (LUT2=1 LUT3=1 LUT4=1 LUT5=1 LUT6=1)
  Clock Path Skew:        -0.096ns (DCD - SCD + CPR)
    Destination Clock Delay (DCD):    5.433ns = ( 12.100 - 6.667 ) 
    Source Clock Delay      (SCD):    5.748ns
    Clock Pessimism Removal (CPR):    0.219ns
  Clock Uncertainty:      0.071ns  ((TSJ^2 + DJ^2)^1/2) / 2 + PE
    Total System Jitter     (TSJ):    0.071ns
    Discrete Jitter          (DJ):    0.124ns
    Phase Error              (PE):    0.000ns

    Location             Delay type                Incr(ns)  Path(ns)    Netlist Resource(s)
  -------------------------------------------------------------------    -------------------
                         (clock u_top_n_1799 rise edge)
                                                      0.000     0.000 r  
    W19                                               0.000     0.000 r  sys_clk (IN)
                         net (fo=0)                   0.000     0.000    sys_clk
    W19                  IBUF (Prop_ibuf_I_O)         1.440     1.440 r  sys_clk_IBUF_inst/O
                         net (fo=1, estimated)        1.065     2.505    u_top/sys_clk_IBUF
    MMCME2_ADV_X0Y2      MMCME2_ADV (Prop_mmcme2_adv_CLKIN1_CLKOUT0)
                                                      0.077     2.582 r  u_top/g_mmcm.u_mmcm/CLKOUT0
                         net (fo=1, estimated)        1.559     4.141    u_top_n_1799
    BUFGCTRL_X0Y0        BUFG (Prop_bufg_I_O)         0.081     4.222 r  bank_gen[3].mem_reg_i_1/O
                         net (fo=60897, estimated)    1.526     5.748    u_top/u_core/u_b/u_b_core/core/core/l5/gk.frontend/pad/clk_200
    SLICE_X85Y84         FDRE                                         r  u_top/u_core/u_b/u_b_core/core/core/l5/gk.frontend/pad/y_reg[7]/C
  -------------------------------------------------------------------    -------------------
    SLICE_X85Y84         FDRE (Prop_fdre_C_Q)         0.379     6.127 f  u_top/u_core/u_b/u_b_core/core/core/l5/gk.frontend/pad/y_reg[7]/Q
                         net (fo=5, estimated)        0.681     6.808    u_top/u_core/u_b/u_b_core/core/core/l5/gk.frontend/pad/y_reg[7]
    SLICE_X86Y84         LUT4 (Prop_lut4_I3_O)        0.105     6.913 r  u_top/u_core/u_b/u_b_core/core/core/l5/gk.frontend/pad/x[9]_i_3__1/O
                         net (fo=3, estimated)        0.277     7.190    u_top/u_core/u_b/u_b_core/core/core/l5/gk.frontend/pad/x[9]_i_3__1_n_0
    SLICE_X87Y84         LUT6 (Prop_lut6_I5_O)        0.105     7.295 f  u_top/u_core/u_b/u_b_core/core/core/l5/gk.frontend/pad/bank_gen[3].mem_reg_0_i_42/O
                         net (fo=3, estimated)        1.171     8.466    u_top/u_core/u_b/u_b_core/core/core/l5/gk.frontend/pad/bank_gen[3].mem_reg_0_i_42_n_0
    SLICE_X75Y89         LUT5 (Prop_lut5_I0_O)        0.105     8.571 f  u_top/u_core/u_b/u_b_core/core/core/l5/gk.frontend/pad/bank_gen[3].mem_reg_0_i_39/O
                         net (fo=88, estimated)       0.726     9.297    u_top/u_core/u_b/u_b_core/core/core/l5/gk.frontend/pad/y_reg[9]_0
    SLICE_X73Y94         LUT2 (Prop_lut2_I0_O)        0.126     9.423 r  u_top/u_core/u_b/u_b_core/core/core/l5/gk.frontend/pad/ready_slot[1]_i_2__2/O
                         net (fo=13, estimated)       0.569     9.992    u_top/u_core/u_b/u_b_core/core/core/l4/post/r45
    SLICE_X73Y92         LUT3 (Prop_lut3_I1_O)        0.293    10.285 r  u_top/u_core/u_b/u_b_core/core/core/l4/post/wr_ptr[4]_i_1__2/O
                         net (fo=349, estimated)      0.820    11.105    u_top/u_core/u_b/u_b_core/core/core/f45/g_narrow_read.mem_reg_0_31_126_131/WE
    SLICE_X76Y84         RAMD32                                       r  u_top/u_core/u_b/u_b_core/core/core/f45/g_narrow_read.mem_reg_0_31_126_131/RAMA_D1/WE
  -------------------------------------------------------------------    -------------------

                         (clock u_top_n_1799 rise edge)
                                                      6.667     6.667 r  
    W19                                               0.000     6.667 r  sys_clk (IN)
                         net (fo=0)                   0.000     6.667    sys_clk
    W19                  IBUF (Prop_ibuf_I_O)         1.374     8.041 r  sys_clk_IBUF_inst/O
                         net (fo=1, estimated)        1.012     9.053    u_top/sys_clk_IBUF
    MMCME2_ADV_X0Y2      MMCME2_ADV (Prop_mmcme2_adv_CLKIN1_CLKOUT0)
                                                      0.073     9.126 r  u_top/g_mmcm.u_mmcm/CLKOUT0
                         net (fo=1, estimated)        1.481    10.607    u_top_n_1799
    BUFGCTRL_X0Y0        BUFG (Prop_bufg_I_O)         0.077    10.684 r  bank_gen[3].mem_reg_i_1/O
                         net (fo=60897, estimated)    1.416    12.100    u_top/u_core/u_b/u_b_core/core/core/f45/g_narrow_read.mem_reg_0_31_126_131/WCLK
    SLICE_X76Y84         RAMD32                                       r  u_top/u_core/u_b/u_b_core/core/core/f45/g_narrow_read.mem_reg_0_31_126_131/RAMA_D1/CLK
                         clock pessimism              0.219    12.319    
                         clock uncertainty           -0.071    12.248    
    SLICE_X76Y84         RAMD32 (Setup_ramd32_CLK_WE)
                                                     -0.604    11.644    u_top/u_core/u_b/u_b_core/core/core/f45/g_narrow_read.mem_reg_0_31_126_131/RAMA_D1
  -------------------------------------------------------------------
                         required time                         11.644    
                         arrival time                         -11.105    
  -------------------------------------------------------------------
                         slack                                  0.538    

Slack (MET) :             0.538ns  (required time - arrival time)
  Source:                 u_top/u_core/u_b/u_b_core/core/core/l5/gk.frontend/pad/y_reg[7]/C
                            (rising edge-triggered cell FDRE clocked by u_top_n_1799  {rise@0.000ns fall@3.333ns period=6.667ns})
  Destination:            u_top/u_core/u_b/u_b_core/core/core/f45/g_narrow_read.mem_reg_0_31_126_131/RAMB/WE
                            (rising edge-triggered cell RAMD32 clocked by u_top_n_1799  {rise@0.000ns fall@3.333ns period=6.667ns})
  Path Group:             u_top_n_1799
  Path Type:              Setup (Max at Slow Process Corner)
  Requirement:            6.667ns  (u_top_n_1799 rise@6.667ns - u_top_n_1799 rise@0.000ns)
  Data Path Delay:        5.357ns  (logic 1.113ns (20.777%)  route 4.244ns (79.223%))
  Logic Levels:           5  (LUT2=1 LUT3=1 LUT4=1 LUT5=1 LUT6=1)
  Clock Path Skew:        -0.096ns (DCD - SCD + CPR)
    Destination Clock Delay (DCD):    5.433ns = ( 12.100 - 6.667 ) 
    Source Clock Delay      (SCD):    5.748ns
    Clock Pessimism Removal (CPR):    0.219ns
  Clock Uncertainty:      0.071ns  ((TSJ^2 + DJ^2)^1/2) / 2 + PE
    Total System Jitter     (TSJ):    0.071ns
    Discrete Jitter          (DJ):    0.124ns
    Phase Error              (PE):    0.000ns

    Location             Delay type                Incr(ns)  Path(ns)    Netlist Resource(s)
  -------------------------------------------------------------------    -------------------
                         (clock u_top_n_1799 rise edge)
                                                      0.000     0.000 r  
    W19                                               0.000     0.000 r  sys_clk (IN)
                         net (fo=0)                   0.000     0.000    sys_clk
    W19                  IBUF (Prop_ibuf_I_O)         1.440     1.440 r  sys_clk_IBUF_inst/O
                         net (fo=1, estimated)        1.065     2.505    u_top/sys_clk_IBUF
    MMCME2_ADV_X0Y2      MMCME2_ADV (Prop_mmcme2_adv_CLKIN1_CLKOUT0)
                                                      0.077     2.582 r  u_top/g_mmcm.u_mmcm/CLKOUT0
                         net (fo=1, estimated)        1.559     4.141    u_top_n_1799
    BUFGCTRL_X0Y0        BUFG (Prop_bufg_I_O)         0.081     4.222 r  bank_gen[3].mem_reg_i_1/O
                         net (fo=60897, estimated)    1.526     5.748    u_top/u_core/u_b/u_b_core/core/core/l5/gk.frontend/pad/clk_200
    SLICE_X85Y84         FDRE                                         r  u_top/u_core/u_b/u_b_core/core/core/l5/gk.frontend/pad/y_reg[7]/C
  -------------------------------------------------------------------    -------------------
    SLICE_X85Y84         FDRE (Prop_fdre_C_Q)         0.379     6.127 f  u_top/u_core/u_b/u_b_core/core/core/l5/gk.frontend/pad/y_reg[7]/Q
                         net (fo=5, estimated)        0.681     6.808    u_top/u_core/u_b/u_b_core/core/core/l5/gk.frontend/pad/y_reg[7]
    SLICE_X86Y84         LUT4 (Prop_lut4_I3_O)        0.105     6.913 r  u_top/u_core/u_b/u_b_core/core/core/l5/gk.frontend/pad/x[9]_i_3__1/O
                         net (fo=3, estimated)        0.277     7.190    u_top/u_core/u_b/u_b_core/core/core/l5/gk.frontend/pad/x[9]_i_3__1_n_0
    SLICE_X87Y84         LUT6 (Prop_lut6_I5_O)        0.105     7.295 f  u_top/u_core/u_b/u_b_core/core/core/l5/gk.frontend/pad/bank_gen[3].mem_reg_0_i_42/O
                         net (fo=3, estimated)        1.171     8.466    u_top/u_core/u_b/u_b_core/core/core/l5/gk.frontend/pad/bank_gen[3].mem_reg_0_i_42_n_0
    SLICE_X75Y89         LUT5 (Prop_lut5_I0_O)        0.105     8.571 f  u_top/u_core/u_b/u_b_core/core/core/l5/gk.frontend/pad/bank_gen[3].mem_reg_0_i_39/O
                         net (fo=88, estimated)       0.726     9.297    u_top/u_core/u_b/u_b_core/core/core/l5/gk.frontend/pad/y_reg[9]_0
    SLICE_X73Y94         LUT2 (Prop_lut2_I0_O)        0.126     9.423 r  u_top/u_core/u_b/u_b_core/core/core/l5/gk.frontend/pad/ready_slot[1]_i_2__2/O
                         net (fo=13, estimated)       0.569     9.992    u_top/u_core/u_b/u_b_core/core/core/l4/post/r45
    SLICE_X73Y92         LUT3 (Prop_lut3_I1_O)        0.293    10.285 r  u_top/u_core/u_b/u_b_core/core/core/l4/post/wr_ptr[4]_i_1__2/O
                         net (fo=349, estimated)      0.820    11.105    u_top/u_core/u_b/u_b_core/core/core/f45/g_narrow_read.mem_reg_0_31_126_131/WE
    SLICE_X76Y84         RAMD32                                       r  u_top/u_core/u_b/u_b_core/core/core/f45/g_narrow_read.mem_reg_0_31_126_131/RAMB/WE
  -------------------------------------------------------------------    -------------------

                         (clock u_top_n_1799 rise edge)
                                                      6.667     6.667 r  
    W19                                               0.000     6.667 r  sys_clk (IN)
                         net (fo=0)                   0.000     6.667    sys_clk
    W19                  IBUF (Prop_ibuf_I_O)         1.374     8.041 r  sys_clk_IBUF_inst/O
                         net (fo=1, estimated)        1.012     9.053    u_top/sys_clk_IBUF
    MMCME2_ADV_X0Y2      MMCME2_ADV (Prop_mmcme2_adv_CLKIN1_CLKOUT0)
                                                      0.073     9.126 r  u_top/g_mmcm.u_mmcm/CLKOUT0
                         net (fo=1, estimated)        1.481    10.607    u_top_n_1799
    BUFGCTRL_X0Y0        BUFG (Prop_bufg_I_O)         0.077    10.684 r  bank_gen[3].mem_reg_i_1/O
                         net (fo=60897, estimated)    1.416    12.100    u_top/u_core/u_b/u_b_core/core/core/f45/g_narrow_read.mem_reg_0_31_126_131/WCLK
    SLICE_X76Y84         RAMD32                                       r  u_top/u_core/u_b/u_b_core/core/core/f45/g_narrow_read.mem_reg_0_31_126_131/RAMB/CLK
                         clock pessimism              0.219    12.319    
                         clock uncertainty           -0.071    12.248    
    SLICE_X76Y84         RAMD32 (Setup_ramd32_CLK_WE)
                                                     -0.604    11.644    u_top/u_core/u_b/u_b_core/core/core/f45/g_narrow_read.mem_reg_0_31_126_131/RAMB
  -------------------------------------------------------------------
                         required time                         11.644    
                         arrival time                         -11.105    
  -------------------------------------------------------------------
                         slack                                  0.538    

Slack (MET) :             0.538ns  (required time - arrival time)
  Source:                 u_top/u_core/u_b/u_b_core/core/core/l5/gk.frontend/pad/y_reg[7]/C
                            (rising edge-triggered cell FDRE clocked by u_top_n_1799  {rise@0.000ns fall@3.333ns period=6.667ns})
  Destination:            u_top/u_core/u_b/u_b_core/core/core/f45/g_narrow_read.mem_reg_0_31_126_131/RAMB_D1/WE
                            (rising edge-triggered cell RAMD32 clocked by u_top_n_1799  {rise@0.000ns fall@3.333ns period=6.667ns})
  Path Group:             u_top_n_1799
  Path Type:              Setup (Max at Slow Process Corner)
  Requirement:            6.667ns  (u_top_n_1799 rise@6.667ns - u_top_n_1799 rise@0.000ns)
  Data Path Delay:        5.357ns  (logic 1.113ns (20.777%)  route 4.244ns (79.223%))
  Logic Levels:           5  (LUT2=1 LUT3=1 LUT4=1 LUT5=1 LUT6=1)
  Clock Path Skew:        -0.096ns (DCD - SCD + CPR)
    Destination Clock Delay (DCD):    5.433ns = ( 12.100 - 6.667 ) 
    Source Clock Delay      (SCD):    5.748ns
    Clock Pessimism Removal (CPR):    0.219ns
  Clock Uncertainty:      0.071ns  ((TSJ^2 + DJ^2)^1/2) / 2 + PE
    Total System Jitter     (TSJ):    0.071ns
    Discrete Jitter          (DJ):    0.124ns
    Phase Error              (PE):    0.000ns

    Location             Delay type                Incr(ns)  Path(ns)    Netlist Resource(s)
  -------------------------------------------------------------------    -------------------
                         (clock u_top_n_1799 rise edge)
                                                      0.000     0.000 r  
    W19                                               0.000     0.000 r  sys_clk (IN)
                         net (fo=0)                   0.000     0.000    sys_clk
    W19                  IBUF (Prop_ibuf_I_O)         1.440     1.440 r  sys_clk_IBUF_inst/O
                         net (fo=1, estimated)        1.065     2.505    u_top/sys_clk_IBUF
    MMCME2_ADV_X0Y2      MMCME2_ADV (Prop_mmcme2_adv_CLKIN1_CLKOUT0)
                                                      0.077     2.582 r  u_top/g_mmcm.u_mmcm/CLKOUT0
                         net (fo=1, estimated)        1.559     4.141    u_top_n_1799
    BUFGCTRL_X0Y0        BUFG (Prop_bufg_I_O)         0.081     4.222 r  bank_gen[3].mem_reg_i_1/O
                         net (fo=60897, estimated)    1.526     5.748    u_top/u_core/u_b/u_b_core/core/core/l5/gk.frontend/pad/clk_200
    SLICE_X85Y84         FDRE                                         r  u_top/u_core/u_b/u_b_core/core/core/l5/gk.frontend/pad/y_reg[7]/C
  -------------------------------------------------------------------    -------------------
    SLICE_X85Y84         FDRE (Prop_fdre_C_Q)         0.379     6.127 f  u_top/u_core/u_b/u_b_core/core/core/l5/gk.frontend/pad/y_reg[7]/Q
                         net (fo=5, estimated)        0.681     6.808    u_top/u_core/u_b/u_b_core/core/core/l5/gk.frontend/pad/y_reg[7]
    SLICE_X86Y84         LUT4 (Prop_lut4_I3_O)        0.105     6.913 r  u_top/u_core/u_b/u_b_core/core/core/l5/gk.frontend/pad/x[9]_i_3__1/O
                         net (fo=3, estimated)        0.277     7.190    u_top/u_core/u_b/u_b_core/core/core/l5/gk.frontend/pad/x[9]_i_3__1_n_0
    SLICE_X87Y84         LUT6 (Prop_lut6_I5_O)        0.105     7.295 f  u_top/u_core/u_b/u_b_core/core/core/l5/gk.frontend/pad/bank_gen[3].mem_reg_0_i_42/O
                         net (fo=3, estimated)        1.171     8.466    u_top/u_core/u_b/u_b_core/core/core/l5/gk.frontend/pad/bank_gen[3].mem_reg_0_i_42_n_0
    SLICE_X75Y89         LUT5 (Prop_lut5_I0_O)        0.105     8.571 f  u_top/u_core/u_b/u_b_core/core/core/l5/gk.frontend/pad/bank_gen[3].mem_reg_0_i_39/O
                         net (fo=88, estimated)       0.726     9.297    u_top/u_core/u_b/u_b_core/core/core/l5/gk.frontend/pad/y_reg[9]_0
    SLICE_X73Y94         LUT2 (Prop_lut2_I0_O)        0.126     9.423 r  u_top/u_core/u_b/u_b_core/core/core/l5/gk.frontend/pad/ready_slot[1]_i_2__2/O
                         net (fo=13, estimated)       0.569     9.992    u_top/u_core/u_b/u_b_core/core/core/l4/post/r45
    SLICE_X73Y92         LUT3 (Prop_lut3_I1_O)        0.293    10.285 r  u_top/u_core/u_b/u_b_core/core/core/l4/post/wr_ptr[4]_i_1__2/O
                         net (fo=349, estimated)      0.820    11.105    u_top/u_core/u_b/u_b_core/core/core/f45/g_narrow_read.mem_reg_0_31_126_131/WE
    SLICE_X76Y84         RAMD32                                       r  u_top/u_core/u_b/u_b_core/core/core/f45/g_narrow_read.mem_reg_0_31_126_131/RAMB_D1/WE
  -------------------------------------------------------------------    -------------------

                         (clock u_top_n_1799 rise edge)
                                                      6.667     6.667 r  
    W19                                               0.000     6.667 r  sys_clk (IN)
                         net (fo=0)                   0.000     6.667    sys_clk
    W19                  IBUF (Prop_ibuf_I_O)         1.374     8.041 r  sys_clk_IBUF_inst/O
                         net (fo=1, estimated)        1.012     9.053    u_top/sys_clk_IBUF
    MMCME2_ADV_X0Y2      MMCME2_ADV (Prop_mmcme2_adv_CLKIN1_CLKOUT0)
                                                      0.073     9.126 r  u_top/g_mmcm.u_mmcm/CLKOUT0
                         net (fo=1, estimated)        1.481    10.607    u_top_n_1799
    BUFGCTRL_X0Y0        BUFG (Prop_bufg_I_O)         0.077    10.684 r  bank_gen[3].mem_reg_i_1/O
                         net (fo=60897, estimated)    1.416    12.100    u_top/u_core/u_b/u_b_core/core/core/f45/g_narrow_read.mem_reg_0_31_126_131/WCLK
    SLICE_X76Y84         RAMD32                                       r  u_top/u_core/u_b/u_b_core/core/core/f45/g_narrow_read.mem_reg_0_31_126_131/RAMB_D1/CLK
                         clock pessimism              0.219    12.319    
                         clock uncertainty           -0.071    12.248    
    SLICE_X76Y84         RAMD32 (Setup_ramd32_CLK_WE)
                                                     -0.604    11.644    u_top/u_core/u_b/u_b_core/core/core/f45/g_narrow_read.mem_reg_0_31_126_131/RAMB_D1
  -------------------------------------------------------------------
                         required time                         11.644    
                         arrival time                         -11.105    
  -------------------------------------------------------------------
                         slack                                  0.538    

Slack (MET) :             0.538ns  (required time - arrival time)
  Source:                 u_top/u_core/u_b/u_b_core/core/core/l5/gk.frontend/pad/y_reg[7]/C
                            (rising edge-triggered cell FDRE clocked by u_top_n_1799  {rise@0.000ns fall@3.333ns period=6.667ns})
  Destination:            u_top/u_core/u_b/u_b_core/core/core/f45/g_narrow_read.mem_reg_0_31_126_131/RAMC/WE
                            (rising edge-triggered cell RAMD32 clocked by u_top_n_1799  {rise@0.000ns fall@3.333ns period=6.667ns})
  Path Group:             u_top_n_1799
  Path Type:              Setup (Max at Slow Process Corner)
  Requirement:            6.667ns  (u_top_n_1799 rise@6.667ns - u_top_n_1799 rise@0.000ns)
  Data Path Delay:        5.357ns  (logic 1.113ns (20.777%)  route 4.244ns (79.223%))
  Logic Levels:           5  (LUT2=1 LUT3=1 LUT4=1 LUT5=1 LUT6=1)
  Clock Path Skew:        -0.096ns (DCD - SCD + CPR)
    Destination Clock Delay (DCD):    5.433ns = ( 12.100 - 6.667 ) 
    Source Clock Delay      (SCD):    5.748ns
    Clock Pessimism Removal (CPR):    0.219ns
  Clock Uncertainty:      0.071ns  ((TSJ^2 + DJ^2)^1/2) / 2 + PE
    Total System Jitter     (TSJ):    0.071ns
    Discrete Jitter          (DJ):    0.124ns
    Phase Error              (PE):    0.000ns

    Location             Delay type                Incr(ns)  Path(ns)    Netlist Resource(s)
  -------------------------------------------------------------------    -------------------
                         (clock u_top_n_1799 rise edge)
                                                      0.000     0.000 r  
    W19                                               0.000     0.000 r  sys_clk (IN)
                         net (fo=0)                   0.000     0.000    sys_clk
    W19                  IBUF (Prop_ibuf_I_O)         1.440     1.440 r  sys_clk_IBUF_inst/O
                         net (fo=1, estimated)        1.065     2.505    u_top/sys_clk_IBUF
    MMCME2_ADV_X0Y2      MMCME2_ADV (Prop_mmcme2_adv_CLKIN1_CLKOUT0)
                                                      0.077     2.582 r  u_top/g_mmcm.u_mmcm/CLKOUT0
                         net (fo=1, estimated)        1.559     4.141    u_top_n_1799
    BUFGCTRL_X0Y0        BUFG (Prop_bufg_I_O)         0.081     4.222 r  bank_gen[3].mem_reg_i_1/O
                         net (fo=60897, estimated)    1.526     5.748    u_top/u_core/u_b/u_b_core/core/core/l5/gk.frontend/pad/clk_200
    SLICE_X85Y84         FDRE                                         r  u_top/u_core/u_b/u_b_core/core/core/l5/gk.frontend/pad/y_reg[7]/C
  -------------------------------------------------------------------    -------------------
    SLICE_X85Y84         FDRE (Prop_fdre_C_Q)         0.379     6.127 f  u_top/u_core/u_b/u_b_core/core/core/l5/gk.frontend/pad/y_reg[7]/Q
                         net (fo=5, estimated)        0.681     6.808    u_top/u_core/u_b/u_b_core/core/core/l5/gk.frontend/pad/y_reg[7]
    SLICE_X86Y84         LUT4 (Prop_lut4_I3_O)        0.105     6.913 r  u_top/u_core/u_b/u_b_core/core/core/l5/gk.frontend/pad/x[9]_i_3__1/O
                         net (fo=3, estimated)        0.277     7.190    u_top/u_core/u_b/u_b_core/core/core/l5/gk.frontend/pad/x[9]_i_3__1_n_0
    SLICE_X87Y84         LUT6 (Prop_lut6_I5_O)        0.105     7.295 f  u_top/u_core/u_b/u_b_core/core/core/l5/gk.frontend/pad/bank_gen[3].mem_reg_0_i_42/O
                         net (fo=3, estimated)        1.171     8.466    u_top/u_core/u_b/u_b_core/core/core/l5/gk.frontend/pad/bank_gen[3].mem_reg_0_i_42_n_0
    SLICE_X75Y89         LUT5 (Prop_lut5_I0_O)        0.105     8.571 f  u_top/u_core/u_b/u_b_core/core/core/l5/gk.frontend/pad/bank_gen[3].mem_reg_0_i_39/O
                         net (fo=88, estimated)       0.726     9.297    u_top/u_core/u_b/u_b_core/core/core/l5/gk.frontend/pad/y_reg[9]_0
    SLICE_X73Y94         LUT2 (Prop_lut2_I0_O)        0.126     9.423 r  u_top/u_core/u_b/u_b_core/core/core/l5/gk.frontend/pad/ready_slot[1]_i_2__2/O
                         net (fo=13, estimated)       0.569     9.992    u_top/u_core/u_b/u_b_core/core/core/l4/post/r45
    SLICE_X73Y92         LUT3 (Prop_lut3_I1_O)        0.293    10.285 r  u_top/u_core/u_b/u_b_core/core/core/l4/post/wr_ptr[4]_i_1__2/O
                         net (fo=349, estimated)      0.820    11.105    u_top/u_core/u_b/u_b_core/core/core/f45/g_narrow_read.mem_reg_0_31_126_131/WE
    SLICE_X76Y84         RAMD32                                       r  u_top/u_core/u_b/u_b_core/core/core/f45/g_narrow_read.mem_reg_0_31_126_131/RAMC/WE
  -------------------------------------------------------------------    -------------------

                         (clock u_top_n_1799 rise edge)
                                                      6.667     6.667 r  
    W19                                               0.000     6.667 r  sys_clk (IN)
                         net (fo=0)                   0.000     6.667    sys_clk
    W19                  IBUF (Prop_ibuf_I_O)         1.374     8.041 r  sys_clk_IBUF_inst/O
                         net (fo=1, estimated)        1.012     9.053    u_top/sys_clk_IBUF
    MMCME2_ADV_X0Y2      MMCME2_ADV (Prop_mmcme2_adv_CLKIN1_CLKOUT0)
                                                      0.073     9.126 r  u_top/g_mmcm.u_mmcm/CLKOUT0
                         net (fo=1, estimated)        1.481    10.607    u_top_n_1799
    BUFGCTRL_X0Y0        BUFG (Prop_bufg_I_O)         0.077    10.684 r  bank_gen[3].mem_reg_i_1/O
                         net (fo=60897, estimated)    1.416    12.100    u_top/u_core/u_b/u_b_core/core/core/f45/g_narrow_read.mem_reg_0_31_126_131/WCLK
    SLICE_X76Y84         RAMD32                                       r  u_top/u_core/u_b/u_b_core/core/core/f45/g_narrow_read.mem_reg_0_31_126_131/RAMC/CLK
                         clock pessimism              0.219    12.319    
                         clock uncertainty           -0.071    12.248    
    SLICE_X76Y84         RAMD32 (Setup_ramd32_CLK_WE)
                                                     -0.604    11.644    u_top/u_core/u_b/u_b_core/core/core/f45/g_narrow_read.mem_reg_0_31_126_131/RAMC
  -------------------------------------------------------------------
                         required time                         11.644    
                         arrival time                         -11.105    
  -------------------------------------------------------------------
                         slack                                  0.538    

Slack (MET) :             0.538ns  (required time - arrival time)
  Source:                 u_top/u_core/u_b/u_b_core/core/core/l5/gk.frontend/pad/y_reg[7]/C
                            (rising edge-triggered cell FDRE clocked by u_top_n_1799  {rise@0.000ns fall@3.333ns period=6.667ns})
  Destination:            u_top/u_core/u_b/u_b_core/core/core/f45/g_narrow_read.mem_reg_0_31_126_131/RAMC_D1/WE
                            (rising edge-triggered cell RAMD32 clocked by u_top_n_1799  {rise@0.000ns fall@3.333ns period=6.667ns})
  Path Group:             u_top_n_1799
  Path Type:              Setup (Max at Slow Process Corner)
  Requirement:            6.667ns  (u_top_n_1799 rise@6.667ns - u_top_n_1799 rise@0.000ns)
  Data Path Delay:        5.357ns  (logic 1.113ns (20.777%)  route 4.244ns (79.223%))
  Logic Levels:           5  (LUT2=1 LUT3=1 LUT4=1 LUT5=1 LUT6=1)
  Clock Path Skew:        -0.096ns (DCD - SCD + CPR)
    Destination Clock Delay (DCD):    5.433ns = ( 12.100 - 6.667 ) 
    Source Clock Delay      (SCD):    5.748ns
    Clock Pessimism Removal (CPR):    0.219ns
  Clock Uncertainty:      0.071ns  ((TSJ^2 + DJ^2)^1/2) / 2 + PE
    Total System Jitter     (TSJ):    0.071ns
    Discrete Jitter          (DJ):    0.124ns
    Phase Error              (PE):    0.000ns

    Location             Delay type                Incr(ns)  Path(ns)    Netlist Resource(s)
  -------------------------------------------------------------------    -------------------
                         (clock u_top_n_1799 rise edge)
                                                      0.000     0.000 r  
    W19                                               0.000     0.000 r  sys_clk (IN)
                         net (fo=0)                   0.000     0.000    sys_clk
    W19                  IBUF (Prop_ibuf_I_O)         1.440     1.440 r  sys_clk_IBUF_inst/O
                         net (fo=1, estimated)        1.065     2.505    u_top/sys_clk_IBUF
    MMCME2_ADV_X0Y2      MMCME2_ADV (Prop_mmcme2_adv_CLKIN1_CLKOUT0)
                                                      0.077     2.582 r  u_top/g_mmcm.u_mmcm/CLKOUT0
                         net (fo=1, estimated)        1.559     4.141    u_top_n_1799
    BUFGCTRL_X0Y0        BUFG (Prop_bufg_I_O)         0.081     4.222 r  bank_gen[3].mem_reg_i_1/O
                         net (fo=60897, estimated)    1.526     5.748    u_top/u_core/u_b/u_b_core/core/core/l5/gk.frontend/pad/clk_200
    SLICE_X85Y84         FDRE                                         r  u_top/u_core/u_b/u_b_core/core/core/l5/gk.frontend/pad/y_reg[7]/C
  -------------------------------------------------------------------    -------------------
    SLICE_X85Y84         FDRE (Prop_fdre_C_Q)         0.379     6.127 f  u_top/u_core/u_b/u_b_core/core/core/l5/gk.frontend/pad/y_reg[7]/Q
                         net (fo=5, estimated)        0.681     6.808    u_top/u_core/u_b/u_b_core/core/core/l5/gk.frontend/pad/y_reg[7]
    SLICE_X86Y84         LUT4 (Prop_lut4_I3_O)        0.105     6.913 r  u_top/u_core/u_b/u_b_core/core/core/l5/gk.frontend/pad/x[9]_i_3__1/O
                         net (fo=3, estimated)        0.277     7.190    u_top/u_core/u_b/u_b_core/core/core/l5/gk.frontend/pad/x[9]_i_3__1_n_0
    SLICE_X87Y84         LUT6 (Prop_lut6_I5_O)        0.105     7.295 f  u_top/u_core/u_b/u_b_core/core/core/l5/gk.frontend/pad/bank_gen[3].mem_reg_0_i_42/O
                         net (fo=3, estimated)        1.171     8.466    u_top/u_core/u_b/u_b_core/core/core/l5/gk.frontend/pad/bank_gen[3].mem_reg_0_i_42_n_0
    SLICE_X75Y89         LUT5 (Prop_lut5_I0_O)        0.105     8.571 f  u_top/u_core/u_b/u_b_core/core/core/l5/gk.frontend/pad/bank_gen[3].mem_reg_0_i_39/O
                         net (fo=88, estimated)       0.726     9.297    u_top/u_core/u_b/u_b_core/core/core/l5/gk.frontend/pad/y_reg[9]_0
    SLICE_X73Y94         LUT2 (Prop_lut2_I0_O)        0.126     9.423 r  u_top/u_core/u_b/u_b_core/core/core/l5/gk.frontend/pad/ready_slot[1]_i_2__2/O
                         net (fo=13, estimated)       0.569     9.992    u_top/u_core/u_b/u_b_core/core/core/l4/post/r45
    SLICE_X73Y92         LUT3 (Prop_lut3_I1_O)        0.293    10.285 r  u_top/u_core/u_b/u_b_core/core/core/l4/post/wr_ptr[4]_i_1__2/O
                         net (fo=349, estimated)      0.820    11.105    u_top/u_core/u_b/u_b_core/core/core/f45/g_narrow_read.mem_reg_0_31_126_131/WE
    SLICE_X76Y84         RAMD32                                       r  u_top/u_core/u_b/u_b_core/core/core/f45/g_narrow_read.mem_reg_0_31_126_131/RAMC_D1/WE
  -------------------------------------------------------------------    -------------------

                         (clock u_top_n_1799 rise edge)
                                                      6.667     6.667 r  
    W19                                               0.000     6.667 r  sys_clk (IN)
                         net (fo=0)                   0.000     6.667    sys_clk
    W19                  IBUF (Prop_ibuf_I_O)         1.374     8.041 r  sys_clk_IBUF_inst/O
                         net (fo=1, estimated)        1.012     9.053    u_top/sys_clk_IBUF
    MMCME2_ADV_X0Y2      MMCME2_ADV (Prop_mmcme2_adv_CLKIN1_CLKOUT0)
                                                      0.073     9.126 r  u_top/g_mmcm.u_mmcm/CLKOUT0
                         net (fo=1, estimated)        1.481    10.607    u_top_n_1799
    BUFGCTRL_X0Y0        BUFG (Prop_bufg_I_O)         0.077    10.684 r  bank_gen[3].mem_reg_i_1/O
                         net (fo=60897, estimated)    1.416    12.100    u_top/u_core/u_b/u_b_core/core/core/f45/g_narrow_read.mem_reg_0_31_126_131/WCLK
    SLICE_X76Y84         RAMD32                                       r  u_top/u_core/u_b/u_b_core/core/core/f45/g_narrow_read.mem_reg_0_31_126_131/RAMC_D1/CLK
                         clock pessimism              0.219    12.319    
                         clock uncertainty           -0.071    12.248    
    SLICE_X76Y84         RAMD32 (Setup_ramd32_CLK_WE)
                                                     -0.604    11.644    u_top/u_core/u_b/u_b_core/core/core/f45/g_narrow_read.mem_reg_0_31_126_131/RAMC_D1
  -------------------------------------------------------------------
                         required time                         11.644    
                         arrival time                         -11.105    
  -------------------------------------------------------------------
                         slack                                  0.538    

Slack (MET) :             0.538ns  (required time - arrival time)
  Source:                 u_top/u_core/u_b/u_b_core/core/core/l5/gk.frontend/pad/y_reg[7]/C
                            (rising edge-triggered cell FDRE clocked by u_top_n_1799  {rise@0.000ns fall@3.333ns period=6.667ns})
  Destination:            u_top/u_core/u_b/u_b_core/core/core/f45/g_narrow_read.mem_reg_0_31_126_131/RAMD/WE
                            (rising edge-triggered cell RAMS32 clocked by u_top_n_1799  {rise@0.000ns fall@3.333ns period=6.667ns})
  Path Group:             u_top_n_1799
  Path Type:              Setup (Max at Slow Process Corner)
  Requirement:            6.667ns  (u_top_n_1799 rise@6.667ns - u_top_n_1799 rise@0.000ns)
  Data Path Delay:        5.357ns  (logic 1.113ns (20.777%)  route 4.244ns (79.223%))
  Logic Levels:           5  (LUT2=1 LUT3=1 LUT4=1 LUT5=1 LUT6=1)
  Clock Path Skew:        -0.096ns (DCD - SCD + CPR)
    Destination Clock Delay (DCD):    5.433ns = ( 12.100 - 6.667 ) 
    Source Clock Delay      (SCD):    5.748ns
    Clock Pessimism Removal (CPR):    0.219ns
  Clock Uncertainty:      0.071ns  ((TSJ^2 + DJ^2)^1/2) / 2 + PE
    Total System Jitter     (TSJ):    0.071ns
    Discrete Jitter          (DJ):    0.124ns
    Phase Error              (PE):    0.000ns

    Location             Delay type                Incr(ns)  Path(ns)    Netlist Resource(s)
  -------------------------------------------------------------------    -------------------
                         (clock u_top_n_1799 rise edge)
                                                      0.000     0.000 r  
    W19                                               0.000     0.000 r  sys_clk (IN)
                         net (fo=0)                   0.000     0.000    sys_clk
    W19                  IBUF (Prop_ibuf_I_O)         1.440     1.440 r  sys_clk_IBUF_inst/O
                         net (fo=1, estimated)        1.065     2.505    u_top/sys_clk_IBUF
    MMCME2_ADV_X0Y2      MMCME2_ADV (Prop_mmcme2_adv_CLKIN1_CLKOUT0)
                                                      0.077     2.582 r  u_top/g_mmcm.u_mmcm/CLKOUT0
                         net (fo=1, estimated)        1.559     4.141    u_top_n_1799
    BUFGCTRL_X0Y0        BUFG (Prop_bufg_I_O)         0.081     4.222 r  bank_gen[3].mem_reg_i_1/O
                         net (fo=60897, estimated)    1.526     5.748    u_top/u_core/u_b/u_b_core/core/core/l5/gk.frontend/pad/clk_200
    SLICE_X85Y84         FDRE                                         r  u_top/u_core/u_b/u_b_core/core/core/l5/gk.frontend/pad/y_reg[7]/C
  -------------------------------------------------------------------    -------------------
    SLICE_X85Y84         FDRE (Prop_fdre_C_Q)         0.379     6.127 f  u_top/u_core/u_b/u_b_core/core/core/l5/gk.frontend/pad/y_reg[7]/Q
                         net (fo=5, estimated)        0.681     6.808    u_top/u_core/u_b/u_b_core/core/core/l5/gk.frontend/pad/y_reg[7]
    SLICE_X86Y84         LUT4 (Prop_lut4_I3_O)        0.105     6.913 r  u_top/u_core/u_b/u_b_core/core/core/l5/gk.frontend/pad/x[9]_i_3__1/O
                         net (fo=3, estimated)        0.277     7.190    u_top/u_core/u_b/u_b_core/core/core/l5/gk.frontend/pad/x[9]_i_3__1_n_0
    SLICE_X87Y84         LUT6 (Prop_lut6_I5_O)        0.105     7.295 f  u_top/u_core/u_b/u_b_core/core/core/l5/gk.frontend/pad/bank_gen[3].mem_reg_0_i_42/O
                         net (fo=3, estimated)        1.171     8.466    u_top/u_core/u_b/u_b_core/core/core/l5/gk.frontend/pad/bank_gen[3].mem_reg_0_i_42_n_0
    SLICE_X75Y89         LUT5 (Prop_lut5_I0_O)        0.105     8.571 f  u_top/u_core/u_b/u_b_core/core/core/l5/gk.frontend/pad/bank_gen[3].mem_reg_0_i_39/O
                         net (fo=88, estimated)       0.726     9.297    u_top/u_core/u_b/u_b_core/core/core/l5/gk.frontend/pad/y_reg[9]_0
    SLICE_X73Y94         LUT2 (Prop_lut2_I0_O)        0.126     9.423 r  u_top/u_core/u_b/u_b_core/core/core/l5/gk.frontend/pad/ready_slot[1]_i_2__2/O
                         net (fo=13, estimated)       0.569     9.992    u_top/u_core/u_b/u_b_core/core/core/l4/post/r45
    SLICE_X73Y92         LUT3 (Prop_lut3_I1_O)        0.293    10.285 r  u_top/u_core/u_b/u_b_core/core/core/l4/post/wr_ptr[4]_i_1__2/O
                         net (fo=349, estimated)      0.820    11.105    u_top/u_core/u_b/u_b_core/core/core/f45/g_narrow_read.mem_reg_0_31_126_131/WE
    SLICE_X76Y84         RAMS32                                       r  u_top/u_core/u_b/u_b_core/core/core/f45/g_narrow_read.mem_reg_0_31_126_131/RAMD/WE
  -------------------------------------------------------------------    -------------------

                         (clock u_top_n_1799 rise edge)
                                                      6.667     6.667 r  
    W19                                               0.000     6.667 r  sys_clk (IN)
                         net (fo=0)                   0.000     6.667    sys_clk
    W19                  IBUF (Prop_ibuf_I_O)         1.374     8.041 r  sys_clk_IBUF_inst/O
                         net (fo=1, estimated)        1.012     9.053    u_top/sys_clk_IBUF
    MMCME2_ADV_X0Y2      MMCME2_ADV (Prop_mmcme2_adv_CLKIN1_CLKOUT0)
                                                      0.073     9.126 r  u_top/g_mmcm.u_mmcm/CLKOUT0
                         net (fo=1, estimated)        1.481    10.607    u_top_n_1799
    BUFGCTRL_X0Y0        BUFG (Prop_bufg_I_O)         0.077    10.684 r  bank_gen[3].mem_reg_i_1/O
                         net (fo=60897, estimated)    1.416    12.100    u_top/u_core/u_b/u_b_core/core/core/f45/g_narrow_read.mem_reg_0_31_126_131/WCLK
    SLICE_X76Y84         RAMS32                                       r  u_top/u_core/u_b/u_b_core/core/core/f45/g_narrow_read.mem_reg_0_31_126_131/RAMD/CLK
                         clock pessimism              0.219    12.319    
                         clock uncertainty           -0.071    12.248    
    SLICE_X76Y84         RAMS32 (Setup_rams32_CLK_WE)
                                                     -0.604    11.644    u_top/u_core/u_b/u_b_core/core/core/f45/g_narrow_read.mem_reg_0_31_126_131/RAMD
  -------------------------------------------------------------------
                         required time                         11.644    
                         arrival time                         -11.105    
  -------------------------------------------------------------------
                         slack                                  0.538    

Slack (MET) :             0.538ns  (required time - arrival time)
  Source:                 u_top/u_core/u_b/u_b_core/core/core/l5/gk.frontend/pad/y_reg[7]/C
                            (rising edge-triggered cell FDRE clocked by u_top_n_1799  {rise@0.000ns fall@3.333ns period=6.667ns})
  Destination:            u_top/u_core/u_b/u_b_core/core/core/f45/g_narrow_read.mem_reg_0_31_126_131/RAMD_D1/WE
                            (rising edge-triggered cell RAMS32 clocked by u_top_n_1799  {rise@0.000ns fall@3.333ns period=6.667ns})
  Path Group:             u_top_n_1799
  Path Type:              Setup (Max at Slow Process Corner)
  Requirement:            6.667ns  (u_top_n_1799 rise@6.667ns - u_top_n_1799 rise@0.000ns)
  Data Path Delay:        5.357ns  (logic 1.113ns (20.777%)  route 4.244ns (79.223%))
  Logic Levels:           5  (LUT2=1 LUT3=1 LUT4=1 LUT5=1 LUT6=1)
  Clock Path Skew:        -0.096ns (DCD - SCD + CPR)
    Destination Clock Delay (DCD):    5.433ns = ( 12.100 - 6.667 ) 
    Source Clock Delay      (SCD):    5.748ns
    Clock Pessimism Removal (CPR):    0.219ns
  Clock Uncertainty:      0.071ns  ((TSJ^2 + DJ^2)^1/2) / 2 + PE
    Total System Jitter     (TSJ):    0.071ns
    Discrete Jitter          (DJ):    0.124ns
    Phase Error              (PE):    0.000ns

    Location             Delay type                Incr(ns)  Path(ns)    Netlist Resource(s)
  -------------------------------------------------------------------    -------------------
                         (clock u_top_n_1799 rise edge)
                                                      0.000     0.000 r  
    W19                                               0.000     0.000 r  sys_clk (IN)
                         net (fo=0)                   0.000     0.000    sys_clk
    W19                  IBUF (Prop_ibuf_I_O)         1.440     1.440 r  sys_clk_IBUF_inst/O
                         net (fo=1, estimated)        1.065     2.505    u_top/sys_clk_IBUF
    MMCME2_ADV_X0Y2      MMCME2_ADV (Prop_mmcme2_adv_CLKIN1_CLKOUT0)
                                                      0.077     2.582 r  u_top/g_mmcm.u_mmcm/CLKOUT0
                         net (fo=1, estimated)        1.559     4.141    u_top_n_1799
    BUFGCTRL_X0Y0        BUFG (Prop_bufg_I_O)         0.081     4.222 r  bank_gen[3].mem_reg_i_1/O
                         net (fo=60897, estimated)    1.526     5.748    u_top/u_core/u_b/u_b_core/core/core/l5/gk.frontend/pad/clk_200
    SLICE_X85Y84         FDRE                                         r  u_top/u_core/u_b/u_b_core/core/core/l5/gk.frontend/pad/y_reg[7]/C
  -------------------------------------------------------------------    -------------------
    SLICE_X85Y84         FDRE (Prop_fdre_C_Q)         0.379     6.127 f  u_top/u_core/u_b/u_b_core/core/core/l5/gk.frontend/pad/y_reg[7]/Q
                         net (fo=5, estimated)        0.681     6.808    u_top/u_core/u_b/u_b_core/core/core/l5/gk.frontend/pad/y_reg[7]
    SLICE_X86Y84         LUT4 (Prop_lut4_I3_O)        0.105     6.913 r  u_top/u_core/u_b/u_b_core/core/core/l5/gk.frontend/pad/x[9]_i_3__1/O
                         net (fo=3, estimated)        0.277     7.190    u_top/u_core/u_b/u_b_core/core/core/l5/gk.frontend/pad/x[9]_i_3__1_n_0
    SLICE_X87Y84         LUT6 (Prop_lut6_I5_O)        0.105     7.295 f  u_top/u_core/u_b/u_b_core/core/core/l5/gk.frontend/pad/bank_gen[3].mem_reg_0_i_42/O
                         net (fo=3, estimated)        1.171     8.466    u_top/u_core/u_b/u_b_core/core/core/l5/gk.frontend/pad/bank_gen[3].mem_reg_0_i_42_n_0
    SLICE_X75Y89         LUT5 (Prop_lut5_I0_O)        0.105     8.571 f  u_top/u_core/u_b/u_b_core/core/core/l5/gk.frontend/pad/bank_gen[3].mem_reg_0_i_39/O
                         net (fo=88, estimated)       0.726     9.297    u_top/u_core/u_b/u_b_core/core/core/l5/gk.frontend/pad/y_reg[9]_0
    SLICE_X73Y94         LUT2 (Prop_lut2_I0_O)        0.126     9.423 r  u_top/u_core/u_b/u_b_core/core/core/l5/gk.frontend/pad/ready_slot[1]_i_2__2/O
                         net (fo=13, estimated)       0.569     9.992    u_top/u_core/u_b/u_b_core/core/core/l4/post/r45
    SLICE_X73Y92         LUT3 (Prop_lut3_I1_O)        0.293    10.285 r  u_top/u_core/u_b/u_b_core/core/core/l4/post/wr_ptr[4]_i_1__2/O
                         net (fo=349, estimated)      0.820    11.105    u_top/u_core/u_b/u_b_core/core/core/f45/g_narrow_read.mem_reg_0_31_126_131/WE
    SLICE_X76Y84         RAMS32                                       r  u_top/u_core/u_b/u_b_core/core/core/f45/g_narrow_read.mem_reg_0_31_126_131/RAMD_D1/WE
  -------------------------------------------------------------------    -------------------

                         (clock u_top_n_1799 rise edge)
                                                      6.667     6.667 r  
    W19                                               0.000     6.667 r  sys_clk (IN)
                         net (fo=0)                   0.000     6.667    sys_clk
    W19                  IBUF (Prop_ibuf_I_O)         1.374     8.041 r  sys_clk_IBUF_inst/O
                         net (fo=1, estimated)        1.012     9.053    u_top/sys_clk_IBUF
    MMCME2_ADV_X0Y2      MMCME2_ADV (Prop_mmcme2_adv_CLKIN1_CLKOUT0)
                                                      0.073     9.126 r  u_top/g_mmcm.u_mmcm/CLKOUT0
                         net (fo=1, estimated)        1.481    10.607    u_top_n_1799
    BUFGCTRL_X0Y0        BUFG (Prop_bufg_I_O)         0.077    10.684 r  bank_gen[3].mem_reg_i_1/O
                         net (fo=60897, estimated)    1.416    12.100    u_top/u_core/u_b/u_b_core/core/core/f45/g_narrow_read.mem_reg_0_31_126_131/WCLK
    SLICE_X76Y84         RAMS32                                       r  u_top/u_core/u_b/u_b_core/core/core/f45/g_narrow_read.mem_reg_0_31_126_131/RAMD_D1/CLK
                         clock pessimism              0.219    12.319    
                         clock uncertainty           -0.071    12.248    
    SLICE_X76Y84         RAMS32 (Setup_rams32_CLK_WE)
                                                     -0.604    11.644    u_top/u_core/u_b/u_b_core/core/core/f45/g_narrow_read.mem_reg_0_31_126_131/RAMD_D1
  -------------------------------------------------------------------
                         required time                         11.644    
                         arrival time                         -11.105    
  -------------------------------------------------------------------
                         slack                                  0.538    

Slack (MET) :             0.539ns  (required time - arrival time)
  Source:                 u_top/u_core/u_b/u_b_core/core/core/l5/gk.frontend/pad/y_reg[7]/C
                            (rising edge-triggered cell FDRE clocked by u_top_n_1799  {rise@0.000ns fall@3.333ns period=6.667ns})
  Destination:            u_top/u_core/u_b/u_b_core/core/core/l5/gk.frontend/win/bank_gen[3].mem_reg_1/DIADI[16]
                            (rising edge-triggered cell RAMB36E1 clocked by u_top_n_1799  {rise@0.000ns fall@3.333ns period=6.667ns})
  Path Group:             u_top_n_1799
  Path Type:              Setup (Max at Slow Process Corner)
  Requirement:            6.667ns  (u_top_n_1799 rise@6.667ns - u_top_n_1799 rise@0.000ns)
  Data Path Delay:        5.738ns  (logic 0.799ns (13.925%)  route 4.939ns (86.075%))
  Logic Levels:           4  (LUT2=1 LUT4=1 LUT5=1 LUT6=1)
  Clock Path Skew:        -0.104ns (DCD - SCD + CPR)
    Destination Clock Delay (DCD):    5.432ns = ( 12.098 - 6.667 ) 
    Source Clock Delay      (SCD):    5.748ns
    Clock Pessimism Removal (CPR):    0.212ns
  Clock Uncertainty:      0.071ns  ((TSJ^2 + DJ^2)^1/2) / 2 + PE
    Total System Jitter     (TSJ):    0.071ns
    Discrete Jitter          (DJ):    0.124ns
    Phase Error              (PE):    0.000ns

    Location             Delay type                Incr(ns)  Path(ns)    Netlist Resource(s)
  -------------------------------------------------------------------    -------------------
                         (clock u_top_n_1799 rise edge)
                                                      0.000     0.000 r  
    W19                                               0.000     0.000 r  sys_clk (IN)
                         net (fo=0)                   0.000     0.000    sys_clk
    W19                  IBUF (Prop_ibuf_I_O)         1.440     1.440 r  sys_clk_IBUF_inst/O
                         net (fo=1, estimated)        1.065     2.505    u_top/sys_clk_IBUF
    MMCME2_ADV_X0Y2      MMCME2_ADV (Prop_mmcme2_adv_CLKIN1_CLKOUT0)
                                                      0.077     2.582 r  u_top/g_mmcm.u_mmcm/CLKOUT0
                         net (fo=1, estimated)        1.559     4.141    u_top_n_1799
    BUFGCTRL_X0Y0        BUFG (Prop_bufg_I_O)         0.081     4.222 r  bank_gen[3].mem_reg_i_1/O
                         net (fo=60897, estimated)    1.526     5.748    u_top/u_core/u_b/u_b_core/core/core/l5/gk.frontend/pad/clk_200
    SLICE_X85Y84         FDRE                                         r  u_top/u_core/u_b/u_b_core/core/core/l5/gk.frontend/pad/y_reg[7]/C
  -------------------------------------------------------------------    -------------------
    SLICE_X85Y84         FDRE (Prop_fdre_C_Q)         0.379     6.127 f  u_top/u_core/u_b/u_b_core/core/core/l5/gk.frontend/pad/y_reg[7]/Q
                         net (fo=5, estimated)        0.681     6.808    u_top/u_core/u_b/u_b_core/core/core/l5/gk.frontend/pad/y_reg[7]
    SLICE_X86Y84         LUT4 (Prop_lut4_I3_O)        0.105     6.913 r  u_top/u_core/u_b/u_b_core/core/core/l5/gk.frontend/pad/x[9]_i_3__1/O
                         net (fo=3, estimated)        0.277     7.190    u_top/u_core/u_b/u_b_core/core/core/l5/gk.frontend/pad/x[9]_i_3__1_n_0
    SLICE_X87Y84         LUT6 (Prop_lut6_I5_O)        0.105     7.295 f  u_top/u_core/u_b/u_b_core/core/core/l5/gk.frontend/pad/bank_gen[3].mem_reg_0_i_42/O
                         net (fo=3, estimated)        1.171     8.466    u_top/u_core/u_b/u_b_core/core/core/l5/gk.frontend/pad/bank_gen[3].mem_reg_0_i_42_n_0
    SLICE_X75Y89         LUT5 (Prop_lut5_I0_O)        0.105     8.571 f  u_top/u_core/u_b/u_b_core/core/core/l5/gk.frontend/pad/bank_gen[3].mem_reg_0_i_39/O
                         net (fo=88, estimated)       1.165     9.736    u_top/u_core/u_b/u_b_core/core/core/f45/pixel_d_reg[0]
    SLICE_X99Y84         LUT2 (Prop_lut2_I1_O)        0.105     9.841 r  u_top/u_core/u_b/u_b_core/core/core/f45/bank_gen[3].mem_reg_1_i_16/O
                         net (fo=5, estimated)        1.645    11.486    u_top/u_core/u_b/u_b_core/core/core/l5/gk.frontend/win/pixel_in[52]
    RAMB36_X7Y20         RAMB36E1                                     r  u_top/u_core/u_b/u_b_core/core/core/l5/gk.frontend/win/bank_gen[3].mem_reg_1/DIADI[16]
  -------------------------------------------------------------------    -------------------

                         (clock u_top_n_1799 rise edge)
                                                      6.667     6.667 r  
    W19                                               0.000     6.667 r  sys_clk (IN)
                         net (fo=0)                   0.000     6.667    sys_clk
    W19                  IBUF (Prop_ibuf_I_O)         1.374     8.041 r  sys_clk_IBUF_inst/O
                         net (fo=1, estimated)        1.012     9.053    u_top/sys_clk_IBUF
    MMCME2_ADV_X0Y2      MMCME2_ADV (Prop_mmcme2_adv_CLKIN1_CLKOUT0)
                                                      0.073     9.126 r  u_top/g_mmcm.u_mmcm/CLKOUT0
                         net (fo=1, estimated)        1.481    10.607    u_top_n_1799
    BUFGCTRL_X0Y0        BUFG (Prop_bufg_I_O)         0.077    10.684 r  bank_gen[3].mem_reg_i_1/O
                         net (fo=60897, estimated)    1.415    12.098    u_top/u_core/u_b/u_b_core/core/core/l5/gk.frontend/win/clk_200
    RAMB36_X7Y20         RAMB36E1                                     r  u_top/u_core/u_b/u_b_core/core/core/l5/gk.frontend/win/bank_gen[3].mem_reg_1/CLKARDCLK
                         clock pessimism              0.212    12.311    
                         clock uncertainty           -0.071    12.239    
    RAMB36_X7Y20         RAMB36E1 (Setup_ramb36e1_CLKARDCLK_DIADI[16])
                                                     -0.214    12.025    u_top/u_core/u_b/u_b_core/core/core/l5/gk.frontend/win/bank_gen[3].mem_reg_1
  -------------------------------------------------------------------
                         required time                         12.025    
                         arrival time                         -11.486    
  -------------------------------------------------------------------
                         slack                                  0.539    

Slack (MET) :             0.552ns  (required time - arrival time)
  Source:                 u_top/u_core/u_rom/g_multi_bank.g_bank[10].u_bank/dout_reg_0_0/CLKARDCLK
                            (rising edge-triggered cell RAMB36E1 clocked by u_top_n_1799  {rise@0.000ns fall@3.333ns period=6.667ns})
  Destination:            u_top/u_core/c2b_data_q_reg[0][0]/D
                            (rising edge-triggered cell FDRE clocked by u_top_n_1799  {rise@0.000ns fall@3.333ns period=6.667ns})
  Path Group:             u_top_n_1799
  Path Type:              Setup (Max at Slow Process Corner)
  Requirement:            6.667ns  (u_top_n_1799 rise@6.667ns - u_top_n_1799 rise@0.000ns)
  Data Path Delay:        5.464ns  (logic 2.487ns (45.516%)  route 2.977ns (54.484%))
  Logic Levels:           3  (LUT6=1 MUXF7=1 MUXF8=1)
  Clock Path Skew:        -0.374ns (DCD - SCD + CPR)
    Destination Clock Delay (DCD):    5.462ns = ( 12.129 - 6.667 ) 
    Source Clock Delay      (SCD):    6.055ns
    Clock Pessimism Removal (CPR):    0.219ns
  Clock Uncertainty:      0.071ns  ((TSJ^2 + DJ^2)^1/2) / 2 + PE
    Total System Jitter     (TSJ):    0.071ns
    Discrete Jitter          (DJ):    0.124ns
    Phase Error              (PE):    0.000ns

    Location             Delay type                Incr(ns)  Path(ns)    Netlist Resource(s)
  -------------------------------------------------------------------    -------------------
                         (clock u_top_n_1799 rise edge)
                                                      0.000     0.000 r  
    W19                                               0.000     0.000 r  sys_clk (IN)
                         net (fo=0)                   0.000     0.000    sys_clk
    W19                  IBUF (Prop_ibuf_I_O)         1.440     1.440 r  sys_clk_IBUF_inst/O
                         net (fo=1, estimated)        1.065     2.505    u_top/sys_clk_IBUF
    MMCME2_ADV_X0Y2      MMCME2_ADV (Prop_mmcme2_adv_CLKIN1_CLKOUT0)
                                                      0.077     2.582 r  u_top/g_mmcm.u_mmcm/CLKOUT0
                         net (fo=1, estimated)        1.559     4.141    u_top_n_1799
    BUFGCTRL_X0Y0        BUFG (Prop_bufg_I_O)         0.081     4.222 r  bank_gen[3].mem_reg_i_1/O
                         net (fo=60897, estimated)    1.833     6.055    u_top/u_core/u_rom/g_multi_bank.g_bank[10].u_bank/clk_200
    RAMB36_X8Y9          RAMB36E1                                     r  u_top/u_core/u_rom/g_multi_bank.g_bank[10].u_bank/dout_reg_0_0/CLKARDCLK
  -------------------------------------------------------------------    -------------------
    RAMB36_X8Y9          RAMB36E1 (Prop_ramb36e1_CLKARDCLK_DOADO[0])
                                                      2.125     8.180 r  u_top/u_core/u_rom/g_multi_bank.g_bank[10].u_bank/dout_reg_0_0/DOADO[0]
                         net (fo=1, estimated)        2.426    10.606    u_top/u_core/u_rom/bank_dout[10]_199[0]
    SLICE_X103Y64        LUT6 (Prop_lut6_I1_O)        0.105    10.711 r  u_top/u_core/u_rom/c2b_data_q[0][0]_i_6/O
                         net (fo=1, routed)           0.000    10.711    u_top/u_core/u_rom/c2b_data_q[0][0]_i_6_n_0
    SLICE_X103Y64        MUXF7 (Prop_muxf7_I0_O)      0.178    10.889 r  u_top/u_core/u_rom/c2b_data_q_reg[0][0]_i_3/O
                         net (fo=1, routed)           0.000    10.889    u_top/u_core/u_rom/c2b_data_q_reg[0][0]_i_3_n_0
    SLICE_X103Y64        MUXF8 (Prop_muxf8_I1_O)      0.079    10.968 r  u_top/u_core/u_rom/c2b_data_q_reg[0][0]_i_1/O
                         net (fo=2, estimated)        0.551    11.519    u_top/u_core/bank_dout[0]
    SLICE_X103Y57        FDRE                                         r  u_top/u_core/c2b_data_q_reg[0][0]/D
  -------------------------------------------------------------------    -------------------

                         (clock u_top_n_1799 rise edge)
                                                      6.667     6.667 r  
    W19                                               0.000     6.667 r  sys_clk (IN)
                         net (fo=0)                   0.000     6.667    sys_clk
    W19                  IBUF (Prop_ibuf_I_O)         1.374     8.041 r  sys_clk_IBUF_inst/O
                         net (fo=1, estimated)        1.012     9.053    u_top/sys_clk_IBUF
    MMCME2_ADV_X0Y2      MMCME2_ADV (Prop_mmcme2_adv_CLKIN1_CLKOUT0)
                                                      0.073     9.126 r  u_top/g_mmcm.u_mmcm/CLKOUT0
                         net (fo=1, estimated)        1.481    10.607    u_top_n_1799
    BUFGCTRL_X0Y0        BUFG (Prop_bufg_I_O)         0.077    10.684 r  bank_gen[3].mem_reg_i_1/O
                         net (fo=60897, estimated)    1.445    12.129    u_top/u_core/clk_200
    SLICE_X103Y57        FDRE                                         r  u_top/u_core/c2b_data_q_reg[0][0]/C
                         clock pessimism              0.219    12.348    
                         clock uncertainty           -0.071    12.277    
    SLICE_X103Y57        FDRE (Setup_fdre_C_D)       -0.206    12.071    u_top/u_core/c2b_data_q_reg[0][0]
  -------------------------------------------------------------------
                         required time                         12.071    
                         arrival time                         -11.519    
  -------------------------------------------------------------------
                         slack                                  0.552    

Slack (MET) :             0.554ns  (required time - arrival time)
  Source:                 u_top/u_core/u_b/u_b_core/core/core/l1/post/units[1].post/units[1].dispatch_accum[44]_i_1_psdsp/C
                            (rising edge-triggered cell FDRE clocked by u_top_n_1799  {rise@0.000ns fall@3.333ns period=6.667ns})
  Destination:            u_top/u_core/u_b/u_b_core/core/core/l1/post/units[1].post/prelu_product_s1_reg/PCIN[0]
                            (rising edge-triggered cell DSP48E1 clocked by u_top_n_1799  {rise@0.000ns fall@3.333ns period=6.667ns})
  Path Group:             u_top_n_1799
  Path Type:              Setup (Max at Slow Process Corner)
  Requirement:            6.667ns  (u_top_n_1799 rise@6.667ns - u_top_n_1799 rise@0.000ns)
  Data Path Delay:        4.884ns  (logic 3.776ns (77.314%)  route 1.108ns (22.686%))
  Logic Levels:           1  (DSP48E1=1)
  Clock Path Skew:        0.017ns (DCD - SCD + CPR)
    Destination Clock Delay (DCD):    5.527ns = ( 12.193 - 6.667 ) 
    Source Clock Delay      (SCD):    5.789ns
    Clock Pessimism Removal (CPR):    0.279ns
  Clock Uncertainty:      0.071ns  ((TSJ^2 + DJ^2)^1/2) / 2 + PE
    Total System Jitter     (TSJ):    0.071ns
    Discrete Jitter          (DJ):    0.124ns
    Phase Error              (PE):    0.000ns

    Location             Delay type                Incr(ns)  Path(ns)    Netlist Resource(s)
  -------------------------------------------------------------------    -------------------
                         (clock u_top_n_1799 rise edge)
                                                      0.000     0.000 r  
    W19                                               0.000     0.000 r  sys_clk (IN)
                         net (fo=0)                   0.000     0.000    sys_clk
    W19                  IBUF (Prop_ibuf_I_O)         1.440     1.440 r  sys_clk_IBUF_inst/O
                         net (fo=1, estimated)        1.065     2.505    u_top/sys_clk_IBUF
    MMCME2_ADV_X0Y2      MMCME2_ADV (Prop_mmcme2_adv_CLKIN1_CLKOUT0)
                                                      0.077     2.582 r  u_top/g_mmcm.u_mmcm/CLKOUT0
                         net (fo=1, estimated)        1.559     4.141    u_top_n_1799
    BUFGCTRL_X0Y0        BUFG (Prop_bufg_I_O)         0.081     4.222 r  bank_gen[3].mem_reg_i_1/O
                         net (fo=60897, estimated)    1.567     5.789    u_top/u_core/u_b/u_b_core/core/core/l1/post/units[1].post/clk_200
    SLICE_X109Y58        FDRE                                         r  u_top/u_core/u_b/u_b_core/core/core/l1/post/units[1].post/units[1].dispatch_accum[44]_i_1_psdsp/C
  -------------------------------------------------------------------    -------------------
    SLICE_X109Y58        FDRE (Prop_fdre_C_Q)         0.379     6.168 r  u_top/u_core/u_b/u_b_core/core/core/l1/post/units[1].post/units[1].dispatch_accum[44]_i_1_psdsp/Q
                         net (fo=1, estimated)        1.108     7.276    u_top/u_core/u_b/u_b_core/core/core/l1/post/units[1].post/units[1].dispatch_accum[44]_i_1_psdsp_n
    DSP48_X6Y28          DSP48E1 (Prop_dsp48e1_A[12]_PCOUT[0])
                                                      3.397    10.673 r  u_top/u_core/u_b/u_b_core/core/core/l1/post/units[1].post/prelu_product_s10/PCOUT[0]
                         net (fo=1, estimated)        0.000    10.673    u_top/u_core/u_b/u_b_core/core/core/l1/post/units[1].post/prelu_product_s10_n_153
    DSP48_X6Y29          DSP48E1                                      r  u_top/u_core/u_b/u_b_core/core/core/l1/post/units[1].post/prelu_product_s1_reg/PCIN[0]
  -------------------------------------------------------------------    -------------------

                         (clock u_top_n_1799 rise edge)
                                                      6.667     6.667 r  
    W19                                               0.000     6.667 r  sys_clk (IN)
                         net (fo=0)                   0.000     6.667    sys_clk
    W19                  IBUF (Prop_ibuf_I_O)         1.374     8.041 r  sys_clk_IBUF_inst/O
                         net (fo=1, estimated)        1.012     9.053    u_top/sys_clk_IBUF
    MMCME2_ADV_X0Y2      MMCME2_ADV (Prop_mmcme2_adv_CLKIN1_CLKOUT0)
                                                      0.073     9.126 r  u_top/g_mmcm.u_mmcm/CLKOUT0
                         net (fo=1, estimated)        1.481    10.607    u_top_n_1799
    BUFGCTRL_X0Y0        BUFG (Prop_bufg_I_O)         0.077    10.684 r  bank_gen[3].mem_reg_i_1/O
                         net (fo=60897, estimated)    1.510    12.193    u_top/u_core/u_b/u_b_core/core/core/l1/post/units[1].post/clk_200
    DSP48_X6Y29          DSP48E1                                      r  u_top/u_core/u_b/u_b_core/core/core/l1/post/units[1].post/prelu_product_s1_reg/CLK
                         clock pessimism              0.279    12.473    
                         clock uncertainty           -0.071    12.401    
    DSP48_X6Y29          DSP48E1 (Setup_dsp48e1_CLK_PCIN[0])
                                                     -1.174    11.227    u_top/u_core/u_b/u_b_core/core/core/l1/post/units[1].post/prelu_product_s1_reg
  -------------------------------------------------------------------
                         required time                         11.227    
                         arrival time                         -10.673    
  -------------------------------------------------------------------
                         slack                                  0.554    

Slack (MET) :             0.554ns  (required time - arrival time)
  Source:                 u_top/u_core/u_b/u_b_core/core/core/l1/post/units[1].post/units[1].dispatch_accum[44]_i_1_psdsp/C
                            (rising edge-triggered cell FDRE clocked by u_top_n_1799  {rise@0.000ns fall@3.333ns period=6.667ns})
  Destination:            u_top/u_core/u_b/u_b_core/core/core/l1/post/units[1].post/prelu_product_s1_reg/PCIN[10]
                            (rising edge-triggered cell DSP48E1 clocked by u_top_n_1799  {rise@0.000ns fall@3.333ns period=6.667ns})
  Path Group:             u_top_n_1799
  Path Type:              Setup (Max at Slow Process Corner)
  Requirement:            6.667ns  (u_top_n_1799 rise@6.667ns - u_top_n_1799 rise@0.000ns)
  Data Path Delay:        4.884ns  (logic 3.776ns (77.314%)  route 1.108ns (22.686%))
  Logic Levels:           1  (DSP48E1=1)
  Clock Path Skew:        0.017ns (DCD - SCD + CPR)
    Destination Clock Delay (DCD):    5.527ns = ( 12.193 - 6.667 ) 
    Source Clock Delay      (SCD):    5.789ns
    Clock Pessimism Removal (CPR):    0.279ns
  Clock Uncertainty:      0.071ns  ((TSJ^2 + DJ^2)^1/2) / 2 + PE
    Total System Jitter     (TSJ):    0.071ns
    Discrete Jitter          (DJ):    0.124ns
    Phase Error              (PE):    0.000ns

    Location             Delay type                Incr(ns)  Path(ns)    Netlist Resource(s)
  -------------------------------------------------------------------    -------------------
                         (clock u_top_n_1799 rise edge)
                                                      0.000     0.000 r  
    W19                                               0.000     0.000 r  sys_clk (IN)
                         net (fo=0)                   0.000     0.000    sys_clk
    W19                  IBUF (Prop_ibuf_I_O)         1.440     1.440 r  sys_clk_IBUF_inst/O
                         net (fo=1, estimated)        1.065     2.505    u_top/sys_clk_IBUF
    MMCME2_ADV_X0Y2      MMCME2_ADV (Prop_mmcme2_adv_CLKIN1_CLKOUT0)
                                                      0.077     2.582 r  u_top/g_mmcm.u_mmcm/CLKOUT0
                         net (fo=1, estimated)        1.559     4.141    u_top_n_1799
    BUFGCTRL_X0Y0        BUFG (Prop_bufg_I_O)         0.081     4.222 r  bank_gen[3].mem_reg_i_1/O
                         net (fo=60897, estimated)    1.567     5.789    u_top/u_core/u_b/u_b_core/core/core/l1/post/units[1].post/clk_200
    SLICE_X109Y58        FDRE                                         r  u_top/u_core/u_b/u_b_core/core/core/l1/post/units[1].post/units[1].dispatch_accum[44]_i_1_psdsp/C
  -------------------------------------------------------------------    -------------------
    SLICE_X109Y58        FDRE (Prop_fdre_C_Q)         0.379     6.168 r  u_top/u_core/u_b/u_b_core/core/core/l1/post/units[1].post/units[1].dispatch_accum[44]_i_1_psdsp/Q
                         net (fo=1, estimated)        1.108     7.276    u_top/u_core/u_b/u_b_core/core/core/l1/post/units[1].post/units[1].dispatch_accum[44]_i_1_psdsp_n
    DSP48_X6Y28          DSP48E1 (Prop_dsp48e1_A[12]_PCOUT[10])
                                                      3.397    10.673 r  u_top/u_core/u_b/u_b_core/core/core/l1/post/units[1].post/prelu_product_s10/PCOUT[10]
                         net (fo=1, estimated)        0.000    10.673    u_top/u_core/u_b/u_b_core/core/core/l1/post/units[1].post/prelu_product_s10_n_143
    DSP48_X6Y29          DSP48E1                                      r  u_top/u_core/u_b/u_b_core/core/core/l1/post/units[1].post/prelu_product_s1_reg/PCIN[10]
  -------------------------------------------------------------------    -------------------

                         (clock u_top_n_1799 rise edge)
                                                      6.667     6.667 r  
    W19                                               0.000     6.667 r  sys_clk (IN)
                         net (fo=0)                   0.000     6.667    sys_clk
    W19                  IBUF (Prop_ibuf_I_O)         1.374     8.041 r  sys_clk_IBUF_inst/O
                         net (fo=1, estimated)        1.012     9.053    u_top/sys_clk_IBUF
    MMCME2_ADV_X0Y2      MMCME2_ADV (Prop_mmcme2_adv_CLKIN1_CLKOUT0)
                                                      0.073     9.126 r  u_top/g_mmcm.u_mmcm/CLKOUT0
                         net (fo=1, estimated)        1.481    10.607    u_top_n_1799
    BUFGCTRL_X0Y0        BUFG (Prop_bufg_I_O)         0.077    10.684 r  bank_gen[3].mem_reg_i_1/O
                         net (fo=60897, estimated)    1.510    12.193    u_top/u_core/u_b/u_b_core/core/core/l1/post/units[1].post/clk_200
    DSP48_X6Y29          DSP48E1                                      r  u_top/u_core/u_b/u_b_core/core/core/l1/post/units[1].post/prelu_product_s1_reg/CLK
                         clock pessimism              0.279    12.473    
                         clock uncertainty           -0.071    12.401    
    DSP48_X6Y29          DSP48E1 (Setup_dsp48e1_CLK_PCIN[10])
                                                     -1.174    11.227    u_top/u_core/u_b/u_b_core/core/core/l1/post/units[1].post/prelu_product_s1_reg
  -------------------------------------------------------------------
                         required time                         11.227    
                         arrival time                         -10.673    
  -------------------------------------------------------------------
                         slack                                  0.554    

Slack (MET) :             0.554ns  (required time - arrival time)
  Source:                 u_top/u_core/u_b/u_b_core/core/core/l1/post/units[1].post/units[1].dispatch_accum[44]_i_1_psdsp/C
                            (rising edge-triggered cell FDRE clocked by u_top_n_1799  {rise@0.000ns fall@3.333ns period=6.667ns})
  Destination:            u_top/u_core/u_b/u_b_core/core/core/l1/post/units[1].post/prelu_product_s1_reg/PCIN[11]
                            (rising edge-triggered cell DSP48E1 clocked by u_top_n_1799  {rise@0.000ns fall@3.333ns period=6.667ns})
  Path Group:             u_top_n_1799
  Path Type:              Setup (Max at Slow Process Corner)
  Requirement:            6.667ns  (u_top_n_1799 rise@6.667ns - u_top_n_1799 rise@0.000ns)
  Data Path Delay:        4.884ns  (logic 3.776ns (77.314%)  route 1.108ns (22.686%))
  Logic Levels:           1  (DSP48E1=1)
  Clock Path Skew:        0.017ns (DCD - SCD + CPR)
    Destination Clock Delay (DCD):    5.527ns = ( 12.193 - 6.667 ) 
    Source Clock Delay      (SCD):    5.789ns
    Clock Pessimism Removal (CPR):    0.279ns
  Clock Uncertainty:      0.071ns  ((TSJ^2 + DJ^2)^1/2) / 2 + PE
    Total System Jitter     (TSJ):    0.071ns
    Discrete Jitter          (DJ):    0.124ns
    Phase Error              (PE):    0.000ns

    Location             Delay type                Incr(ns)  Path(ns)    Netlist Resource(s)
  -------------------------------------------------------------------    -------------------
                         (clock u_top_n_1799 rise edge)
                                                      0.000     0.000 r  
    W19                                               0.000     0.000 r  sys_clk (IN)
                         net (fo=0)                   0.000     0.000    sys_clk
    W19                  IBUF (Prop_ibuf_I_O)         1.440     1.440 r  sys_clk_IBUF_inst/O
                         net (fo=1, estimated)        1.065     2.505    u_top/sys_clk_IBUF
    MMCME2_ADV_X0Y2      MMCME2_ADV (Prop_mmcme2_adv_CLKIN1_CLKOUT0)
                                                      0.077     2.582 r  u_top/g_mmcm.u_mmcm/CLKOUT0
                         net (fo=1, estimated)        1.559     4.141    u_top_n_1799
    BUFGCTRL_X0Y0        BUFG (Prop_bufg_I_O)         0.081     4.222 r  bank_gen[3].mem_reg_i_1/O
                         net (fo=60897, estimated)    1.567     5.789    u_top/u_core/u_b/u_b_core/core/core/l1/post/units[1].post/clk_200
    SLICE_X109Y58        FDRE                                         r  u_top/u_core/u_b/u_b_core/core/core/l1/post/units[1].post/units[1].dispatch_accum[44]_i_1_psdsp/C
  -------------------------------------------------------------------    -------------------
    SLICE_X109Y58        FDRE (Prop_fdre_C_Q)         0.379     6.168 r  u_top/u_core/u_b/u_b_core/core/core/l1/post/units[1].post/units[1].dispatch_accum[44]_i_1_psdsp/Q
                         net (fo=1, estimated)        1.108     7.276    u_top/u_core/u_b/u_b_core/core/core/l1/post/units[1].post/units[1].dispatch_accum[44]_i_1_psdsp_n
    DSP48_X6Y28          DSP48E1 (Prop_dsp48e1_A[12]_PCOUT[11])
                                                      3.397    10.673 r  u_top/u_core/u_b/u_b_core/core/core/l1/post/units[1].post/prelu_product_s10/PCOUT[11]
                         net (fo=1, estimated)        0.000    10.673    u_top/u_core/u_b/u_b_core/core/core/l1/post/units[1].post/prelu_product_s10_n_142
    DSP48_X6Y29          DSP48E1                                      r  u_top/u_core/u_b/u_b_core/core/core/l1/post/units[1].post/prelu_product_s1_reg/PCIN[11]
  -------------------------------------------------------------------    -------------------

                         (clock u_top_n_1799 rise edge)
                                                      6.667     6.667 r  
    W19                                               0.000     6.667 r  sys_clk (IN)
                         net (fo=0)                   0.000     6.667    sys_clk
    W19                  IBUF (Prop_ibuf_I_O)         1.374     8.041 r  sys_clk_IBUF_inst/O
                         net (fo=1, estimated)        1.012     9.053    u_top/sys_clk_IBUF
    MMCME2_ADV_X0Y2      MMCME2_ADV (Prop_mmcme2_adv_CLKIN1_CLKOUT0)
                                                      0.073     9.126 r  u_top/g_mmcm.u_mmcm/CLKOUT0
                         net (fo=1, estimated)        1.481    10.607    u_top_n_1799
    BUFGCTRL_X0Y0        BUFG (Prop_bufg_I_O)         0.077    10.684 r  bank_gen[3].mem_reg_i_1/O
                         net (fo=60897, estimated)    1.510    12.193    u_top/u_core/u_b/u_b_core/core/core/l1/post/units[1].post/clk_200
    DSP48_X6Y29          DSP48E1                                      r  u_top/u_core/u_b/u_b_core/core/core/l1/post/units[1].post/prelu_product_s1_reg/CLK
                         clock pessimism              0.279    12.473    
                         clock uncertainty           -0.071    12.401    
    DSP48_X6Y29          DSP48E1 (Setup_dsp48e1_CLK_PCIN[11])
                                                     -1.174    11.227    u_top/u_core/u_b/u_b_core/core/core/l1/post/units[1].post/prelu_product_s1_reg
  -------------------------------------------------------------------
                         required time                         11.227    
                         arrival time                         -10.673    
  -------------------------------------------------------------------
                         slack                                  0.554    

Slack (MET) :             0.554ns  (required time - arrival time)
  Source:                 u_top/u_core/u_b/u_b_core/core/core/l1/post/units[1].post/units[1].dispatch_accum[44]_i_1_psdsp/C
                            (rising edge-triggered cell FDRE clocked by u_top_n_1799  {rise@0.000ns fall@3.333ns period=6.667ns})
  Destination:            u_top/u_core/u_b/u_b_core/core/core/l1/post/units[1].post/prelu_product_s1_reg/PCIN[12]
                            (rising edge-triggered cell DSP48E1 clocked by u_top_n_1799  {rise@0.000ns fall@3.333ns period=6.667ns})
  Path Group:             u_top_n_1799
  Path Type:              Setup (Max at Slow Process Corner)
  Requirement:            6.667ns  (u_top_n_1799 rise@6.667ns - u_top_n_1799 rise@0.000ns)
  Data Path Delay:        4.884ns  (logic 3.776ns (77.314%)  route 1.108ns (22.686%))
  Logic Levels:           1  (DSP48E1=1)
  Clock Path Skew:        0.017ns (DCD - SCD + CPR)
    Destination Clock Delay (DCD):    5.527ns = ( 12.193 - 6.667 ) 
    Source Clock Delay      (SCD):    5.789ns
    Clock Pessimism Removal (CPR):    0.279ns
  Clock Uncertainty:      0.071ns  ((TSJ^2 + DJ^2)^1/2) / 2 + PE
    Total System Jitter     (TSJ):    0.071ns
    Discrete Jitter          (DJ):    0.124ns
    Phase Error              (PE):    0.000ns

    Location             Delay type                Incr(ns)  Path(ns)    Netlist Resource(s)
  -------------------------------------------------------------------    -------------------
                         (clock u_top_n_1799 rise edge)
                                                      0.000     0.000 r  
    W19                                               0.000     0.000 r  sys_clk (IN)
                         net (fo=0)                   0.000     0.000    sys_clk
    W19                  IBUF (Prop_ibuf_I_O)         1.440     1.440 r  sys_clk_IBUF_inst/O
                         net (fo=1, estimated)        1.065     2.505    u_top/sys_clk_IBUF
    MMCME2_ADV_X0Y2      MMCME2_ADV (Prop_mmcme2_adv_CLKIN1_CLKOUT0)
                                                      0.077     2.582 r  u_top/g_mmcm.u_mmcm/CLKOUT0
                         net (fo=1, estimated)        1.559     4.141    u_top_n_1799
    BUFGCTRL_X0Y0        BUFG (Prop_bufg_I_O)         0.081     4.222 r  bank_gen[3].mem_reg_i_1/O
                         net (fo=60897, estimated)    1.567     5.789    u_top/u_core/u_b/u_b_core/core/core/l1/post/units[1].post/clk_200
    SLICE_X109Y58        FDRE                                         r  u_top/u_core/u_b/u_b_core/core/core/l1/post/units[1].post/units[1].dispatch_accum[44]_i_1_psdsp/C
  -------------------------------------------------------------------    -------------------
    SLICE_X109Y58        FDRE (Prop_fdre_C_Q)         0.379     6.168 r  u_top/u_core/u_b/u_b_core/core/core/l1/post/units[1].post/units[1].dispatch_accum[44]_i_1_psdsp/Q
                         net (fo=1, estimated)        1.108     7.276    u_top/u_core/u_b/u_b_core/core/core/l1/post/units[1].post/units[1].dispatch_accum[44]_i_1_psdsp_n
    DSP48_X6Y28          DSP48E1 (Prop_dsp48e1_A[12]_PCOUT[12])
                                                      3.397    10.673 r  u_top/u_core/u_b/u_b_core/core/core/l1/post/units[1].post/prelu_product_s10/PCOUT[12]
                         net (fo=1, estimated)        0.000    10.673    u_top/u_core/u_b/u_b_core/core/core/l1/post/units[1].post/prelu_product_s10_n_141
    DSP48_X6Y29          DSP48E1                                      r  u_top/u_core/u_b/u_b_core/core/core/l1/post/units[1].post/prelu_product_s1_reg/PCIN[12]
  -------------------------------------------------------------------    -------------------

                         (clock u_top_n_1799 rise edge)
                                                      6.667     6.667 r  
    W19                                               0.000     6.667 r  sys_clk (IN)
                         net (fo=0)                   0.000     6.667    sys_clk
    W19                  IBUF (Prop_ibuf_I_O)         1.374     8.041 r  sys_clk_IBUF_inst/O
                         net (fo=1, estimated)        1.012     9.053    u_top/sys_clk_IBUF
    MMCME2_ADV_X0Y2      MMCME2_ADV (Prop_mmcme2_adv_CLKIN1_CLKOUT0)
                                                      0.073     9.126 r  u_top/g_mmcm.u_mmcm/CLKOUT0
                         net (fo=1, estimated)        1.481    10.607    u_top_n_1799
    BUFGCTRL_X0Y0        BUFG (Prop_bufg_I_O)         0.077    10.684 r  bank_gen[3].mem_reg_i_1/O
                         net (fo=60897, estimated)    1.510    12.193    u_top/u_core/u_b/u_b_core/core/core/l1/post/units[1].post/clk_200
    DSP48_X6Y29          DSP48E1                                      r  u_top/u_core/u_b/u_b_core/core/core/l1/post/units[1].post/prelu_product_s1_reg/CLK
                         clock pessimism              0.279    12.473    
                         clock uncertainty           -0.071    12.401    
    DSP48_X6Y29          DSP48E1 (Setup_dsp48e1_CLK_PCIN[12])
                                                     -1.174    11.227    u_top/u_core/u_b/u_b_core/core/core/l1/post/units[1].post/prelu_product_s1_reg
  -------------------------------------------------------------------
                         required time                         11.227    
                         arrival time                         -10.673    
  -------------------------------------------------------------------
                         slack                                  0.554    

Slack (MET) :             0.554ns  (required time - arrival time)
  Source:                 u_top/u_core/u_b/u_b_core/core/core/l1/post/units[1].post/units[1].dispatch_accum[44]_i_1_psdsp/C
                            (rising edge-triggered cell FDRE clocked by u_top_n_1799  {rise@0.000ns fall@3.333ns period=6.667ns})
  Destination:            u_top/u_core/u_b/u_b_core/core/core/l1/post/units[1].post/prelu_product_s1_reg/PCIN[13]
                            (rising edge-triggered cell DSP48E1 clocked by u_top_n_1799  {rise@0.000ns fall@3.333ns period=6.667ns})
  Path Group:             u_top_n_1799
  Path Type:              Setup (Max at Slow Process Corner)
  Requirement:            6.667ns  (u_top_n_1799 rise@6.667ns - u_top_n_1799 rise@0.000ns)
  Data Path Delay:        4.884ns  (logic 3.776ns (77.314%)  route 1.108ns (22.686%))
  Logic Levels:           1  (DSP48E1=1)
  Clock Path Skew:        0.017ns (DCD - SCD + CPR)
    Destination Clock Delay (DCD):    5.527ns = ( 12.193 - 6.667 ) 
    Source Clock Delay      (SCD):    5.789ns
    Clock Pessimism Removal (CPR):    0.279ns
  Clock Uncertainty:      0.071ns  ((TSJ^2 + DJ^2)^1/2) / 2 + PE
    Total System Jitter     (TSJ):    0.071ns
    Discrete Jitter          (DJ):    0.124ns
    Phase Error              (PE):    0.000ns

    Location             Delay type                Incr(ns)  Path(ns)    Netlist Resource(s)
  -------------------------------------------------------------------    -------------------
                         (clock u_top_n_1799 rise edge)
                                                      0.000     0.000 r  
    W19                                               0.000     0.000 r  sys_clk (IN)
                         net (fo=0)                   0.000     0.000    sys_clk
    W19                  IBUF (Prop_ibuf_I_O)         1.440     1.440 r  sys_clk_IBUF_inst/O
                         net (fo=1, estimated)        1.065     2.505    u_top/sys_clk_IBUF
    MMCME2_ADV_X0Y2      MMCME2_ADV (Prop_mmcme2_adv_CLKIN1_CLKOUT0)
                                                      0.077     2.582 r  u_top/g_mmcm.u_mmcm/CLKOUT0
                         net (fo=1, estimated)        1.559     4.141    u_top_n_1799
    BUFGCTRL_X0Y0        BUFG (Prop_bufg_I_O)         0.081     4.222 r  bank_gen[3].mem_reg_i_1/O
                         net (fo=60897, estimated)    1.567     5.789    u_top/u_core/u_b/u_b_core/core/core/l1/post/units[1].post/clk_200
    SLICE_X109Y58        FDRE                                         r  u_top/u_core/u_b/u_b_core/core/core/l1/post/units[1].post/units[1].dispatch_accum[44]_i_1_psdsp/C
  -------------------------------------------------------------------    -------------------
    SLICE_X109Y58        FDRE (Prop_fdre_C_Q)         0.379     6.168 r  u_top/u_core/u_b/u_b_core/core/core/l1/post/units[1].post/units[1].dispatch_accum[44]_i_1_psdsp/Q
                         net (fo=1, estimated)        1.108     7.276    u_top/u_core/u_b/u_b_core/core/core/l1/post/units[1].post/units[1].dispatch_accum[44]_i_1_psdsp_n
    DSP48_X6Y28          DSP48E1 (Prop_dsp48e1_A[12]_PCOUT[13])
                                                      3.397    10.673 r  u_top/u_core/u_b/u_b_core/core/core/l1/post/units[1].post/prelu_product_s10/PCOUT[13]
                         net (fo=1, estimated)        0.000    10.673    u_top/u_core/u_b/u_b_core/core/core/l1/post/units[1].post/prelu_product_s10_n_140
    DSP48_X6Y29          DSP48E1                                      r  u_top/u_core/u_b/u_b_core/core/core/l1/post/units[1].post/prelu_product_s1_reg/PCIN[13]
  -------------------------------------------------------------------    -------------------

                         (clock u_top_n_1799 rise edge)
                                                      6.667     6.667 r  
    W19                                               0.000     6.667 r  sys_clk (IN)
                         net (fo=0)                   0.000     6.667    sys_clk
    W19                  IBUF (Prop_ibuf_I_O)         1.374     8.041 r  sys_clk_IBUF_inst/O
                         net (fo=1, estimated)        1.012     9.053    u_top/sys_clk_IBUF
    MMCME2_ADV_X0Y2      MMCME2_ADV (Prop_mmcme2_adv_CLKIN1_CLKOUT0)
                                                      0.073     9.126 r  u_top/g_mmcm.u_mmcm/CLKOUT0
                         net (fo=1, estimated)        1.481    10.607    u_top_n_1799
    BUFGCTRL_X0Y0        BUFG (Prop_bufg_I_O)         0.077    10.684 r  bank_gen[3].mem_reg_i_1/O
                         net (fo=60897, estimated)    1.510    12.193    u_top/u_core/u_b/u_b_core/core/core/l1/post/units[1].post/clk_200
    DSP48_X6Y29          DSP48E1                                      r  u_top/u_core/u_b/u_b_core/core/core/l1/post/units[1].post/prelu_product_s1_reg/CLK
                         clock pessimism              0.279    12.473    
                         clock uncertainty           -0.071    12.401    
    DSP48_X6Y29          DSP48E1 (Setup_dsp48e1_CLK_PCIN[13])
                                                     -1.174    11.227    u_top/u_core/u_b/u_b_core/core/core/l1/post/units[1].post/prelu_product_s1_reg
  -------------------------------------------------------------------
                         required time                         11.227    
                         arrival time                         -10.673    
  -------------------------------------------------------------------
                         slack                                  0.554    

Slack (MET) :             0.554ns  (required time - arrival time)
  Source:                 u_top/u_core/u_b/u_b_core/core/core/l1/post/units[1].post/units[1].dispatch_accum[44]_i_1_psdsp/C
                            (rising edge-triggered cell FDRE clocked by u_top_n_1799  {rise@0.000ns fall@3.333ns period=6.667ns})
  Destination:            u_top/u_core/u_b/u_b_core/core/core/l1/post/units[1].post/prelu_product_s1_reg/PCIN[14]
                            (rising edge-triggered cell DSP48E1 clocked by u_top_n_1799  {rise@0.000ns fall@3.333ns period=6.667ns})
  Path Group:             u_top_n_1799
  Path Type:              Setup (Max at Slow Process Corner)
  Requirement:            6.667ns  (u_top_n_1799 rise@6.667ns - u_top_n_1799 rise@0.000ns)
  Data Path Delay:        4.884ns  (logic 3.776ns (77.314%)  route 1.108ns (22.686%))
  Logic Levels:           1  (DSP48E1=1)
  Clock Path Skew:        0.017ns (DCD - SCD + CPR)
    Destination Clock Delay (DCD):    5.527ns = ( 12.193 - 6.667 ) 
    Source Clock Delay      (SCD):    5.789ns
    Clock Pessimism Removal (CPR):    0.279ns
  Clock Uncertainty:      0.071ns  ((TSJ^2 + DJ^2)^1/2) / 2 + PE
    Total System Jitter     (TSJ):    0.071ns
    Discrete Jitter          (DJ):    0.124ns
    Phase Error              (PE):    0.000ns

    Location             Delay type                Incr(ns)  Path(ns)    Netlist Resource(s)
  -------------------------------------------------------------------    -------------------
                         (clock u_top_n_1799 rise edge)
                                                      0.000     0.000 r  
    W19                                               0.000     0.000 r  sys_clk (IN)
                         net (fo=0)                   0.000     0.000    sys_clk
    W19                  IBUF (Prop_ibuf_I_O)         1.440     1.440 r  sys_clk_IBUF_inst/O
                         net (fo=1, estimated)        1.065     2.505    u_top/sys_clk_IBUF
    MMCME2_ADV_X0Y2      MMCME2_ADV (Prop_mmcme2_adv_CLKIN1_CLKOUT0)
                                                      0.077     2.582 r  u_top/g_mmcm.u_mmcm/CLKOUT0
                         net (fo=1, estimated)        1.559     4.141    u_top_n_1799
    BUFGCTRL_X0Y0        BUFG (Prop_bufg_I_O)         0.081     4.222 r  bank_gen[3].mem_reg_i_1/O
                         net (fo=60897, estimated)    1.567     5.789    u_top/u_core/u_b/u_b_core/core/core/l1/post/units[1].post/clk_200
    SLICE_X109Y58        FDRE                                         r  u_top/u_core/u_b/u_b_core/core/core/l1/post/units[1].post/units[1].dispatch_accum[44]_i_1_psdsp/C
  -------------------------------------------------------------------    -------------------
    SLICE_X109Y58        FDRE (Prop_fdre_C_Q)         0.379     6.168 r  u_top/u_core/u_b/u_b_core/core/core/l1/post/units[1].post/units[1].dispatch_accum[44]_i_1_psdsp/Q
                         net (fo=1, estimated)        1.108     7.276    u_top/u_core/u_b/u_b_core/core/core/l1/post/units[1].post/units[1].dispatch_accum[44]_i_1_psdsp_n
    DSP48_X6Y28          DSP48E1 (Prop_dsp48e1_A[12]_PCOUT[14])
                                                      3.397    10.673 r  u_top/u_core/u_b/u_b_core/core/core/l1/post/units[1].post/prelu_product_s10/PCOUT[14]
                         net (fo=1, estimated)        0.000    10.673    u_top/u_core/u_b/u_b_core/core/core/l1/post/units[1].post/prelu_product_s10_n_139
    DSP48_X6Y29          DSP48E1                                      r  u_top/u_core/u_b/u_b_core/core/core/l1/post/units[1].post/prelu_product_s1_reg/PCIN[14]
  -------------------------------------------------------------------    -------------------

                         (clock u_top_n_1799 rise edge)
                                                      6.667     6.667 r  
    W19                                               0.000     6.667 r  sys_clk (IN)
                         net (fo=0)                   0.000     6.667    sys_clk
    W19                  IBUF (Prop_ibuf_I_O)         1.374     8.041 r  sys_clk_IBUF_inst/O
                         net (fo=1, estimated)        1.012     9.053    u_top/sys_clk_IBUF
    MMCME2_ADV_X0Y2      MMCME2_ADV (Prop_mmcme2_adv_CLKIN1_CLKOUT0)
                                                      0.073     9.126 r  u_top/g_mmcm.u_mmcm/CLKOUT0
                         net (fo=1, estimated)        1.481    10.607    u_top_n_1799
    BUFGCTRL_X0Y0        BUFG (Prop_bufg_I_O)         0.077    10.684 r  bank_gen[3].mem_reg_i_1/O
                         net (fo=60897, estimated)    1.510    12.193    u_top/u_core/u_b/u_b_core/core/core/l1/post/units[1].post/clk_200
    DSP48_X6Y29          DSP48E1                                      r  u_top/u_core/u_b/u_b_core/core/core/l1/post/units[1].post/prelu_product_s1_reg/CLK
                         clock pessimism              0.279    12.473    
                         clock uncertainty           -0.071    12.401    
    DSP48_X6Y29          DSP48E1 (Setup_dsp48e1_CLK_PCIN[14])
                                                     -1.174    11.227    u_top/u_core/u_b/u_b_core/core/core/l1/post/units[1].post/prelu_product_s1_reg
  -------------------------------------------------------------------
                         required time                         11.227    
                         arrival time                         -10.673    
  -------------------------------------------------------------------
                         slack                                  0.554    

Slack (MET) :             0.554ns  (required time - arrival time)
  Source:                 u_top/u_core/u_b/u_b_core/core/core/l1/post/units[1].post/units[1].dispatch_accum[44]_i_1_psdsp/C
                            (rising edge-triggered cell FDRE clocked by u_top_n_1799  {rise@0.000ns fall@3.333ns period=6.667ns})
  Destination:            u_top/u_core/u_b/u_b_core/core/core/l1/post/units[1].post/prelu_product_s1_reg/PCIN[15]
                            (rising edge-triggered cell DSP48E1 clocked by u_top_n_1799  {rise@0.000ns fall@3.333ns period=6.667ns})
  Path Group:             u_top_n_1799
  Path Type:              Setup (Max at Slow Process Corner)
  Requirement:            6.667ns  (u_top_n_1799 rise@6.667ns - u_top_n_1799 rise@0.000ns)
  Data Path Delay:        4.884ns  (logic 3.776ns (77.314%)  route 1.108ns (22.686%))
  Logic Levels:           1  (DSP48E1=1)
  Clock Path Skew:        0.017ns (DCD - SCD + CPR)
    Destination Clock Delay (DCD):    5.527ns = ( 12.193 - 6.667 ) 
    Source Clock Delay      (SCD):    5.789ns
    Clock Pessimism Removal (CPR):    0.279ns
  Clock Uncertainty:      0.071ns  ((TSJ^2 + DJ^2)^1/2) / 2 + PE
    Total System Jitter     (TSJ):    0.071ns
    Discrete Jitter          (DJ):    0.124ns
    Phase Error              (PE):    0.000ns

    Location             Delay type                Incr(ns)  Path(ns)    Netlist Resource(s)
  -------------------------------------------------------------------    -------------------
                         (clock u_top_n_1799 rise edge)
                                                      0.000     0.000 r  
    W19                                               0.000     0.000 r  sys_clk (IN)
                         net (fo=0)                   0.000     0.000    sys_clk
    W19                  IBUF (Prop_ibuf_I_O)         1.440     1.440 r  sys_clk_IBUF_inst/O
                         net (fo=1, estimated)        1.065     2.505    u_top/sys_clk_IBUF
    MMCME2_ADV_X0Y2      MMCME2_ADV (Prop_mmcme2_adv_CLKIN1_CLKOUT0)
                                                      0.077     2.582 r  u_top/g_mmcm.u_mmcm/CLKOUT0
                         net (fo=1, estimated)        1.559     4.141    u_top_n_1799
    BUFGCTRL_X0Y0        BUFG (Prop_bufg_I_O)         0.081     4.222 r  bank_gen[3].mem_reg_i_1/O
                         net (fo=60897, estimated)    1.567     5.789    u_top/u_core/u_b/u_b_core/core/core/l1/post/units[1].post/clk_200
    SLICE_X109Y58        FDRE                                         r  u_top/u_core/u_b/u_b_core/core/core/l1/post/units[1].post/units[1].dispatch_accum[44]_i_1_psdsp/C
  -------------------------------------------------------------------    -------------------
    SLICE_X109Y58        FDRE (Prop_fdre_C_Q)         0.379     6.168 r  u_top/u_core/u_b/u_b_core/core/core/l1/post/units[1].post/units[1].dispatch_accum[44]_i_1_psdsp/Q
                         net (fo=1, estimated)        1.108     7.276    u_top/u_core/u_b/u_b_core/core/core/l1/post/units[1].post/units[1].dispatch_accum[44]_i_1_psdsp_n
    DSP48_X6Y28          DSP48E1 (Prop_dsp48e1_A[12]_PCOUT[15])
                                                      3.397    10.673 r  u_top/u_core/u_b/u_b_core/core/core/l1/post/units[1].post/prelu_product_s10/PCOUT[15]
                         net (fo=1, estimated)        0.000    10.673    u_top/u_core/u_b/u_b_core/core/core/l1/post/units[1].post/prelu_product_s10_n_138
    DSP48_X6Y29          DSP48E1                                      r  u_top/u_core/u_b/u_b_core/core/core/l1/post/units[1].post/prelu_product_s1_reg/PCIN[15]
  -------------------------------------------------------------------    -------------------

                         (clock u_top_n_1799 rise edge)
                                                      6.667     6.667 r  
    W19                                               0.000     6.667 r  sys_clk (IN)
                         net (fo=0)                   0.000     6.667    sys_clk
    W19                  IBUF (Prop_ibuf_I_O)         1.374     8.041 r  sys_clk_IBUF_inst/O
                         net (fo=1, estimated)        1.012     9.053    u_top/sys_clk_IBUF
    MMCME2_ADV_X0Y2      MMCME2_ADV (Prop_mmcme2_adv_CLKIN1_CLKOUT0)
                                                      0.073     9.126 r  u_top/g_mmcm.u_mmcm/CLKOUT0
                         net (fo=1, estimated)        1.481    10.607    u_top_n_1799
    BUFGCTRL_X0Y0        BUFG (Prop_bufg_I_O)         0.077    10.684 r  bank_gen[3].mem_reg_i_1/O
                         net (fo=60897, estimated)    1.510    12.193    u_top/u_core/u_b/u_b_core/core/core/l1/post/units[1].post/clk_200
    DSP48_X6Y29          DSP48E1                                      r  u_top/u_core/u_b/u_b_core/core/core/l1/post/units[1].post/prelu_product_s1_reg/CLK
                         clock pessimism              0.279    12.473    
                         clock uncertainty           -0.071    12.401    
    DSP48_X6Y29          DSP48E1 (Setup_dsp48e1_CLK_PCIN[15])
                                                     -1.174    11.227    u_top/u_core/u_b/u_b_core/core/core/l1/post/units[1].post/prelu_product_s1_reg
  -------------------------------------------------------------------
                         required time                         11.227    
                         arrival time                         -10.673    
  -------------------------------------------------------------------
                         slack                                  0.554    

Slack (MET) :             0.554ns  (required time - arrival time)
  Source:                 u_top/u_core/u_b/u_b_core/core/core/l1/post/units[1].post/units[1].dispatch_accum[44]_i_1_psdsp/C
                            (rising edge-triggered cell FDRE clocked by u_top_n_1799  {rise@0.000ns fall@3.333ns period=6.667ns})
  Destination:            u_top/u_core/u_b/u_b_core/core/core/l1/post/units[1].post/prelu_product_s1_reg/PCIN[16]
                            (rising edge-triggered cell DSP48E1 clocked by u_top_n_1799  {rise@0.000ns fall@3.333ns period=6.667ns})
  Path Group:             u_top_n_1799
  Path Type:              Setup (Max at Slow Process Corner)
  Requirement:            6.667ns  (u_top_n_1799 rise@6.667ns - u_top_n_1799 rise@0.000ns)
  Data Path Delay:        4.884ns  (logic 3.776ns (77.314%)  route 1.108ns (22.686%))
  Logic Levels:           1  (DSP48E1=1)
  Clock Path Skew:        0.017ns (DCD - SCD + CPR)
    Destination Clock Delay (DCD):    5.527ns = ( 12.193 - 6.667 ) 
    Source Clock Delay      (SCD):    5.789ns
    Clock Pessimism Removal (CPR):    0.279ns
  Clock Uncertainty:      0.071ns  ((TSJ^2 + DJ^2)^1/2) / 2 + PE
    Total System Jitter     (TSJ):    0.071ns
    Discrete Jitter          (DJ):    0.124ns
    Phase Error              (PE):    0.000ns

    Location             Delay type                Incr(ns)  Path(ns)    Netlist Resource(s)
  -------------------------------------------------------------------    -------------------
                         (clock u_top_n_1799 rise edge)
                                                      0.000     0.000 r  
    W19                                               0.000     0.000 r  sys_clk (IN)
                         net (fo=0)                   0.000     0.000    sys_clk
    W19                  IBUF (Prop_ibuf_I_O)         1.440     1.440 r  sys_clk_IBUF_inst/O
                         net (fo=1, estimated)        1.065     2.505    u_top/sys_clk_IBUF
    MMCME2_ADV_X0Y2      MMCME2_ADV (Prop_mmcme2_adv_CLKIN1_CLKOUT0)
                                                      0.077     2.582 r  u_top/g_mmcm.u_mmcm/CLKOUT0
                         net (fo=1, estimated)        1.559     4.141    u_top_n_1799
    BUFGCTRL_X0Y0        BUFG (Prop_bufg_I_O)         0.081     4.222 r  bank_gen[3].mem_reg_i_1/O
                         net (fo=60897, estimated)    1.567     5.789    u_top/u_core/u_b/u_b_core/core/core/l1/post/units[1].post/clk_200
    SLICE_X109Y58        FDRE                                         r  u_top/u_core/u_b/u_b_core/core/core/l1/post/units[1].post/units[1].dispatch_accum[44]_i_1_psdsp/C
  -------------------------------------------------------------------    -------------------
    SLICE_X109Y58        FDRE (Prop_fdre_C_Q)         0.379     6.168 r  u_top/u_core/u_b/u_b_core/core/core/l1/post/units[1].post/units[1].dispatch_accum[44]_i_1_psdsp/Q
                         net (fo=1, estimated)        1.108     7.276    u_top/u_core/u_b/u_b_core/core/core/l1/post/units[1].post/units[1].dispatch_accum[44]_i_1_psdsp_n
    DSP48_X6Y28          DSP48E1 (Prop_dsp48e1_A[12]_PCOUT[16])
                                                      3.397    10.673 r  u_top/u_core/u_b/u_b_core/core/core/l1/post/units[1].post/prelu_product_s10/PCOUT[16]
                         net (fo=1, estimated)        0.000    10.673    u_top/u_core/u_b/u_b_core/core/core/l1/post/units[1].post/prelu_product_s10_n_137
    DSP48_X6Y29          DSP48E1                                      r  u_top/u_core/u_b/u_b_core/core/core/l1/post/units[1].post/prelu_product_s1_reg/PCIN[16]
  -------------------------------------------------------------------    -------------------

                         (clock u_top_n_1799 rise edge)
                                                      6.667     6.667 r  
    W19                                               0.000     6.667 r  sys_clk (IN)
                         net (fo=0)                   0.000     6.667    sys_clk
    W19                  IBUF (Prop_ibuf_I_O)         1.374     8.041 r  sys_clk_IBUF_inst/O
                         net (fo=1, estimated)        1.012     9.053    u_top/sys_clk_IBUF
    MMCME2_ADV_X0Y2      MMCME2_ADV (Prop_mmcme2_adv_CLKIN1_CLKOUT0)
                                                      0.073     9.126 r  u_top/g_mmcm.u_mmcm/CLKOUT0
                         net (fo=1, estimated)        1.481    10.607    u_top_n_1799
    BUFGCTRL_X0Y0        BUFG (Prop_bufg_I_O)         0.077    10.684 r  bank_gen[3].mem_reg_i_1/O
                         net (fo=60897, estimated)    1.510    12.193    u_top/u_core/u_b/u_b_core/core/core/l1/post/units[1].post/clk_200
    DSP48_X6Y29          DSP48E1                                      r  u_top/u_core/u_b/u_b_core/core/core/l1/post/units[1].post/prelu_product_s1_reg/CLK
                         clock pessimism              0.279    12.473    
                         clock uncertainty           -0.071    12.401    
    DSP48_X6Y29          DSP48E1 (Setup_dsp48e1_CLK_PCIN[16])
                                                     -1.174    11.227    u_top/u_core/u_b/u_b_core/core/core/l1/post/units[1].post/prelu_product_s1_reg
  -------------------------------------------------------------------
                         required time                         11.227    
                         arrival time                         -10.673    
  -------------------------------------------------------------------
                         slack                                  0.554    

Slack (MET) :             0.554ns  (required time - arrival time)
  Source:                 u_top/u_core/u_b/u_b_core/core/core/l1/post/units[1].post/units[1].dispatch_accum[44]_i_1_psdsp/C
                            (rising edge-triggered cell FDRE clocked by u_top_n_1799  {rise@0.000ns fall@3.333ns period=6.667ns})
  Destination:            u_top/u_core/u_b/u_b_core/core/core/l1/post/units[1].post/prelu_product_s1_reg/PCIN[17]
                            (rising edge-triggered cell DSP48E1 clocked by u_top_n_1799  {rise@0.000ns fall@3.333ns period=6.667ns})
  Path Group:             u_top_n_1799
  Path Type:              Setup (Max at Slow Process Corner)
  Requirement:            6.667ns  (u_top_n_1799 rise@6.667ns - u_top_n_1799 rise@0.000ns)
  Data Path Delay:        4.884ns  (logic 3.776ns (77.314%)  route 1.108ns (22.686%))
  Logic Levels:           1  (DSP48E1=1)
  Clock Path Skew:        0.017ns (DCD - SCD + CPR)
    Destination Clock Delay (DCD):    5.527ns = ( 12.193 - 6.667 ) 
    Source Clock Delay      (SCD):    5.789ns
    Clock Pessimism Removal (CPR):    0.279ns
  Clock Uncertainty:      0.071ns  ((TSJ^2 + DJ^2)^1/2) / 2 + PE
    Total System Jitter     (TSJ):    0.071ns
    Discrete Jitter          (DJ):    0.124ns
    Phase Error              (PE):    0.000ns

    Location             Delay type                Incr(ns)  Path(ns)    Netlist Resource(s)
  -------------------------------------------------------------------    -------------------
                         (clock u_top_n_1799 rise edge)
                                                      0.000     0.000 r  
    W19                                               0.000     0.000 r  sys_clk (IN)
                         net (fo=0)                   0.000     0.000    sys_clk
    W19                  IBUF (Prop_ibuf_I_O)         1.440     1.440 r  sys_clk_IBUF_inst/O
                         net (fo=1, estimated)        1.065     2.505    u_top/sys_clk_IBUF
    MMCME2_ADV_X0Y2      MMCME2_ADV (Prop_mmcme2_adv_CLKIN1_CLKOUT0)
                                                      0.077     2.582 r  u_top/g_mmcm.u_mmcm/CLKOUT0
                         net (fo=1, estimated)        1.559     4.141    u_top_n_1799
    BUFGCTRL_X0Y0        BUFG (Prop_bufg_I_O)         0.081     4.222 r  bank_gen[3].mem_reg_i_1/O
                         net (fo=60897, estimated)    1.567     5.789    u_top/u_core/u_b/u_b_core/core/core/l1/post/units[1].post/clk_200
    SLICE_X109Y58        FDRE                                         r  u_top/u_core/u_b/u_b_core/core/core/l1/post/units[1].post/units[1].dispatch_accum[44]_i_1_psdsp/C
  -------------------------------------------------------------------    -------------------
    SLICE_X109Y58        FDRE (Prop_fdre_C_Q)         0.379     6.168 r  u_top/u_core/u_b/u_b_core/core/core/l1/post/units[1].post/units[1].dispatch_accum[44]_i_1_psdsp/Q
                         net (fo=1, estimated)        1.108     7.276    u_top/u_core/u_b/u_b_core/core/core/l1/post/units[1].post/units[1].dispatch_accum[44]_i_1_psdsp_n
    DSP48_X6Y28          DSP48E1 (Prop_dsp48e1_A[12]_PCOUT[17])
                                                      3.397    10.673 r  u_top/u_core/u_b/u_b_core/core/core/l1/post/units[1].post/prelu_product_s10/PCOUT[17]
                         net (fo=1, estimated)        0.000    10.673    u_top/u_core/u_b/u_b_core/core/core/l1/post/units[1].post/prelu_product_s10_n_136
    DSP48_X6Y29          DSP48E1                                      r  u_top/u_core/u_b/u_b_core/core/core/l1/post/units[1].post/prelu_product_s1_reg/PCIN[17]
  -------------------------------------------------------------------    -------------------

                         (clock u_top_n_1799 rise edge)
                                                      6.667     6.667 r  
    W19                                               0.000     6.667 r  sys_clk (IN)
                         net (fo=0)                   0.000     6.667    sys_clk
    W19                  IBUF (Prop_ibuf_I_O)         1.374     8.041 r  sys_clk_IBUF_inst/O
                         net (fo=1, estimated)        1.012     9.053    u_top/sys_clk_IBUF
    MMCME2_ADV_X0Y2      MMCME2_ADV (Prop_mmcme2_adv_CLKIN1_CLKOUT0)
                                                      0.073     9.126 r  u_top/g_mmcm.u_mmcm/CLKOUT0
                         net (fo=1, estimated)        1.481    10.607    u_top_n_1799
    BUFGCTRL_X0Y0        BUFG (Prop_bufg_I_O)         0.077    10.684 r  bank_gen[3].mem_reg_i_1/O
                         net (fo=60897, estimated)    1.510    12.193    u_top/u_core/u_b/u_b_core/core/core/l1/post/units[1].post/clk_200
    DSP48_X6Y29          DSP48E1                                      r  u_top/u_core/u_b/u_b_core/core/core/l1/post/units[1].post/prelu_product_s1_reg/CLK
                         clock pessimism              0.279    12.473    
                         clock uncertainty           -0.071    12.401    
    DSP48_X6Y29          DSP48E1 (Setup_dsp48e1_CLK_PCIN[17])
                                                     -1.174    11.227    u_top/u_core/u_b/u_b_core/core/core/l1/post/units[1].post/prelu_product_s1_reg
  -------------------------------------------------------------------
                         required time                         11.227    
                         arrival time                         -10.673    
  -------------------------------------------------------------------
                         slack                                  0.554    

Slack (MET) :             0.554ns  (required time - arrival time)
  Source:                 u_top/u_core/u_b/u_b_core/core/core/l1/post/units[1].post/units[1].dispatch_accum[44]_i_1_psdsp/C
                            (rising edge-triggered cell FDRE clocked by u_top_n_1799  {rise@0.000ns fall@3.333ns period=6.667ns})
  Destination:            u_top/u_core/u_b/u_b_core/core/core/l1/post/units[1].post/prelu_product_s1_reg/PCIN[18]
                            (rising edge-triggered cell DSP48E1 clocked by u_top_n_1799  {rise@0.000ns fall@3.333ns period=6.667ns})
  Path Group:             u_top_n_1799
  Path Type:              Setup (Max at Slow Process Corner)
  Requirement:            6.667ns  (u_top_n_1799 rise@6.667ns - u_top_n_1799 rise@0.000ns)
  Data Path Delay:        4.884ns  (logic 3.776ns (77.314%)  route 1.108ns (22.686%))
  Logic Levels:           1  (DSP48E1=1)
  Clock Path Skew:        0.017ns (DCD - SCD + CPR)
    Destination Clock Delay (DCD):    5.527ns = ( 12.193 - 6.667 ) 
    Source Clock Delay      (SCD):    5.789ns
    Clock Pessimism Removal (CPR):    0.279ns
  Clock Uncertainty:      0.071ns  ((TSJ^2 + DJ^2)^1/2) / 2 + PE
    Total System Jitter     (TSJ):    0.071ns
    Discrete Jitter          (DJ):    0.124ns
    Phase Error              (PE):    0.000ns

    Location             Delay type                Incr(ns)  Path(ns)    Netlist Resource(s)
  -------------------------------------------------------------------    -------------------
                         (clock u_top_n_1799 rise edge)
                                                      0.000     0.000 r  
    W19                                               0.000     0.000 r  sys_clk (IN)
                         net (fo=0)                   0.000     0.000    sys_clk
    W19                  IBUF (Prop_ibuf_I_O)         1.440     1.440 r  sys_clk_IBUF_inst/O
                         net (fo=1, estimated)        1.065     2.505    u_top/sys_clk_IBUF
    MMCME2_ADV_X0Y2      MMCME2_ADV (Prop_mmcme2_adv_CLKIN1_CLKOUT0)
                                                      0.077     2.582 r  u_top/g_mmcm.u_mmcm/CLKOUT0
                         net (fo=1, estimated)        1.559     4.141    u_top_n_1799
    BUFGCTRL_X0Y0        BUFG (Prop_bufg_I_O)         0.081     4.222 r  bank_gen[3].mem_reg_i_1/O
                         net (fo=60897, estimated)    1.567     5.789    u_top/u_core/u_b/u_b_core/core/core/l1/post/units[1].post/clk_200
    SLICE_X109Y58        FDRE                                         r  u_top/u_core/u_b/u_b_core/core/core/l1/post/units[1].post/units[1].dispatch_accum[44]_i_1_psdsp/C
  -------------------------------------------------------------------    -------------------
    SLICE_X109Y58        FDRE (Prop_fdre_C_Q)         0.379     6.168 r  u_top/u_core/u_b/u_b_core/core/core/l1/post/units[1].post/units[1].dispatch_accum[44]_i_1_psdsp/Q
                         net (fo=1, estimated)        1.108     7.276    u_top/u_core/u_b/u_b_core/core/core/l1/post/units[1].post/units[1].dispatch_accum[44]_i_1_psdsp_n
    DSP48_X6Y28          DSP48E1 (Prop_dsp48e1_A[12]_PCOUT[18])
                                                      3.397    10.673 r  u_top/u_core/u_b/u_b_core/core/core/l1/post/units[1].post/prelu_product_s10/PCOUT[18]
                         net (fo=1, estimated)        0.000    10.673    u_top/u_core/u_b/u_b_core/core/core/l1/post/units[1].post/prelu_product_s10_n_135
    DSP48_X6Y29          DSP48E1                                      r  u_top/u_core/u_b/u_b_core/core/core/l1/post/units[1].post/prelu_product_s1_reg/PCIN[18]
  -------------------------------------------------------------------    -------------------

                         (clock u_top_n_1799 rise edge)
                                                      6.667     6.667 r  
    W19                                               0.000     6.667 r  sys_clk (IN)
                         net (fo=0)                   0.000     6.667    sys_clk
    W19                  IBUF (Prop_ibuf_I_O)         1.374     8.041 r  sys_clk_IBUF_inst/O
                         net (fo=1, estimated)        1.012     9.053    u_top/sys_clk_IBUF
    MMCME2_ADV_X0Y2      MMCME2_ADV (Prop_mmcme2_adv_CLKIN1_CLKOUT0)
                                                      0.073     9.126 r  u_top/g_mmcm.u_mmcm/CLKOUT0
                         net (fo=1, estimated)        1.481    10.607    u_top_n_1799
    BUFGCTRL_X0Y0        BUFG (Prop_bufg_I_O)         0.077    10.684 r  bank_gen[3].mem_reg_i_1/O
                         net (fo=60897, estimated)    1.510    12.193    u_top/u_core/u_b/u_b_core/core/core/l1/post/units[1].post/clk_200
    DSP48_X6Y29          DSP48E1                                      r  u_top/u_core/u_b/u_b_core/core/core/l1/post/units[1].post/prelu_product_s1_reg/CLK
                         clock pessimism              0.279    12.473    
                         clock uncertainty           -0.071    12.401    
    DSP48_X6Y29          DSP48E1 (Setup_dsp48e1_CLK_PCIN[18])
                                                     -1.174    11.227    u_top/u_core/u_b/u_b_core/core/core/l1/post/units[1].post/prelu_product_s1_reg
  -------------------------------------------------------------------
                         required time                         11.227    
                         arrival time                         -10.673    
  -------------------------------------------------------------------
                         slack                                  0.554    

Slack (MET) :             0.554ns  (required time - arrival time)
  Source:                 u_top/u_core/u_b/u_b_core/core/core/l1/post/units[1].post/units[1].dispatch_accum[44]_i_1_psdsp/C
                            (rising edge-triggered cell FDRE clocked by u_top_n_1799  {rise@0.000ns fall@3.333ns period=6.667ns})
  Destination:            u_top/u_core/u_b/u_b_core/core/core/l1/post/units[1].post/prelu_product_s1_reg/PCIN[19]
                            (rising edge-triggered cell DSP48E1 clocked by u_top_n_1799  {rise@0.000ns fall@3.333ns period=6.667ns})
  Path Group:             u_top_n_1799
  Path Type:              Setup (Max at Slow Process Corner)
  Requirement:            6.667ns  (u_top_n_1799 rise@6.667ns - u_top_n_1799 rise@0.000ns)
  Data Path Delay:        4.884ns  (logic 3.776ns (77.314%)  route 1.108ns (22.686%))
  Logic Levels:           1  (DSP48E1=1)
  Clock Path Skew:        0.017ns (DCD - SCD + CPR)
    Destination Clock Delay (DCD):    5.527ns = ( 12.193 - 6.667 ) 
    Source Clock Delay      (SCD):    5.789ns
    Clock Pessimism Removal (CPR):    0.279ns
  Clock Uncertainty:      0.071ns  ((TSJ^2 + DJ^2)^1/2) / 2 + PE
    Total System Jitter     (TSJ):    0.071ns
    Discrete Jitter          (DJ):    0.124ns
    Phase Error              (PE):    0.000ns

    Location             Delay type                Incr(ns)  Path(ns)    Netlist Resource(s)
  -------------------------------------------------------------------    -------------------
                         (clock u_top_n_1799 rise edge)
                                                      0.000     0.000 r  
    W19                                               0.000     0.000 r  sys_clk (IN)
                         net (fo=0)                   0.000     0.000    sys_clk
    W19                  IBUF (Prop_ibuf_I_O)         1.440     1.440 r  sys_clk_IBUF_inst/O
                         net (fo=1, estimated)        1.065     2.505    u_top/sys_clk_IBUF
    MMCME2_ADV_X0Y2      MMCME2_ADV (Prop_mmcme2_adv_CLKIN1_CLKOUT0)
                                                      0.077     2.582 r  u_top/g_mmcm.u_mmcm/CLKOUT0
                         net (fo=1, estimated)        1.559     4.141    u_top_n_1799
    BUFGCTRL_X0Y0        BUFG (Prop_bufg_I_O)         0.081     4.222 r  bank_gen[3].mem_reg_i_1/O
                         net (fo=60897, estimated)    1.567     5.789    u_top/u_core/u_b/u_b_core/core/core/l1/post/units[1].post/clk_200
    SLICE_X109Y58        FDRE                                         r  u_top/u_core/u_b/u_b_core/core/core/l1/post/units[1].post/units[1].dispatch_accum[44]_i_1_psdsp/C
  -------------------------------------------------------------------    -------------------
    SLICE_X109Y58        FDRE (Prop_fdre_C_Q)         0.379     6.168 r  u_top/u_core/u_b/u_b_core/core/core/l1/post/units[1].post/units[1].dispatch_accum[44]_i_1_psdsp/Q
                         net (fo=1, estimated)        1.108     7.276    u_top/u_core/u_b/u_b_core/core/core/l1/post/units[1].post/units[1].dispatch_accum[44]_i_1_psdsp_n
    DSP48_X6Y28          DSP48E1 (Prop_dsp48e1_A[12]_PCOUT[19])
                                                      3.397    10.673 r  u_top/u_core/u_b/u_b_core/core/core/l1/post/units[1].post/prelu_product_s10/PCOUT[19]
                         net (fo=1, estimated)        0.000    10.673    u_top/u_core/u_b/u_b_core/core/core/l1/post/units[1].post/prelu_product_s10_n_134
    DSP48_X6Y29          DSP48E1                                      r  u_top/u_core/u_b/u_b_core/core/core/l1/post/units[1].post/prelu_product_s1_reg/PCIN[19]
  -------------------------------------------------------------------    -------------------

                         (clock u_top_n_1799 rise edge)
                                                      6.667     6.667 r  
    W19                                               0.000     6.667 r  sys_clk (IN)
                         net (fo=0)                   0.000     6.667    sys_clk
    W19                  IBUF (Prop_ibuf_I_O)         1.374     8.041 r  sys_clk_IBUF_inst/O
                         net (fo=1, estimated)        1.012     9.053    u_top/sys_clk_IBUF
    MMCME2_ADV_X0Y2      MMCME2_ADV (Prop_mmcme2_adv_CLKIN1_CLKOUT0)
                                                      0.073     9.126 r  u_top/g_mmcm.u_mmcm/CLKOUT0
                         net (fo=1, estimated)        1.481    10.607    u_top_n_1799
    BUFGCTRL_X0Y0        BUFG (Prop_bufg_I_O)         0.077    10.684 r  bank_gen[3].mem_reg_i_1/O
                         net (fo=60897, estimated)    1.510    12.193    u_top/u_core/u_b/u_b_core/core/core/l1/post/units[1].post/clk_200
    DSP48_X6Y29          DSP48E1                                      r  u_top/u_core/u_b/u_b_core/core/core/l1/post/units[1].post/prelu_product_s1_reg/CLK
                         clock pessimism              0.279    12.473    
                         clock uncertainty           -0.071    12.401    
    DSP48_X6Y29          DSP48E1 (Setup_dsp48e1_CLK_PCIN[19])
                                                     -1.174    11.227    u_top/u_core/u_b/u_b_core/core/core/l1/post/units[1].post/prelu_product_s1_reg
  -------------------------------------------------------------------
                         required time                         11.227    
                         arrival time                         -10.673    
  -------------------------------------------------------------------
                         slack                                  0.554    

Slack (MET) :             0.554ns  (required time - arrival time)
  Source:                 u_top/u_core/u_b/u_b_core/core/core/l1/post/units[1].post/units[1].dispatch_accum[44]_i_1_psdsp/C
                            (rising edge-triggered cell FDRE clocked by u_top_n_1799  {rise@0.000ns fall@3.333ns period=6.667ns})
  Destination:            u_top/u_core/u_b/u_b_core/core/core/l1/post/units[1].post/prelu_product_s1_reg/PCIN[1]
                            (rising edge-triggered cell DSP48E1 clocked by u_top_n_1799  {rise@0.000ns fall@3.333ns period=6.667ns})
  Path Group:             u_top_n_1799
  Path Type:              Setup (Max at Slow Process Corner)
  Requirement:            6.667ns  (u_top_n_1799 rise@6.667ns - u_top_n_1799 rise@0.000ns)
  Data Path Delay:        4.884ns  (logic 3.776ns (77.314%)  route 1.108ns (22.686%))
  Logic Levels:           1  (DSP48E1=1)
  Clock Path Skew:        0.017ns (DCD - SCD + CPR)
    Destination Clock Delay (DCD):    5.527ns = ( 12.193 - 6.667 ) 
    Source Clock Delay      (SCD):    5.789ns
    Clock Pessimism Removal (CPR):    0.279ns
  Clock Uncertainty:      0.071ns  ((TSJ^2 + DJ^2)^1/2) / 2 + PE
    Total System Jitter     (TSJ):    0.071ns
    Discrete Jitter          (DJ):    0.124ns
    Phase Error              (PE):    0.000ns

    Location             Delay type                Incr(ns)  Path(ns)    Netlist Resource(s)
  -------------------------------------------------------------------    -------------------
                         (clock u_top_n_1799 rise edge)
                                                      0.000     0.000 r  
    W19                                               0.000     0.000 r  sys_clk (IN)
                         net (fo=0)                   0.000     0.000    sys_clk
    W19                  IBUF (Prop_ibuf_I_O)         1.440     1.440 r  sys_clk_IBUF_inst/O
                         net (fo=1, estimated)        1.065     2.505    u_top/sys_clk_IBUF
    MMCME2_ADV_X0Y2      MMCME2_ADV (Prop_mmcme2_adv_CLKIN1_CLKOUT0)
                                                      0.077     2.582 r  u_top/g_mmcm.u_mmcm/CLKOUT0
                         net (fo=1, estimated)        1.559     4.141    u_top_n_1799
    BUFGCTRL_X0Y0        BUFG (Prop_bufg_I_O)         0.081     4.222 r  bank_gen[3].mem_reg_i_1/O
                         net (fo=60897, estimated)    1.567     5.789    u_top/u_core/u_b/u_b_core/core/core/l1/post/units[1].post/clk_200
    SLICE_X109Y58        FDRE                                         r  u_top/u_core/u_b/u_b_core/core/core/l1/post/units[1].post/units[1].dispatch_accum[44]_i_1_psdsp/C
  -------------------------------------------------------------------    -------------------
    SLICE_X109Y58        FDRE (Prop_fdre_C_Q)         0.379     6.168 r  u_top/u_core/u_b/u_b_core/core/core/l1/post/units[1].post/units[1].dispatch_accum[44]_i_1_psdsp/Q
                         net (fo=1, estimated)        1.108     7.276    u_top/u_core/u_b/u_b_core/core/core/l1/post/units[1].post/units[1].dispatch_accum[44]_i_1_psdsp_n
    DSP48_X6Y28          DSP48E1 (Prop_dsp48e1_A[12]_PCOUT[1])
                                                      3.397    10.673 r  u_top/u_core/u_b/u_b_core/core/core/l1/post/units[1].post/prelu_product_s10/PCOUT[1]
                         net (fo=1, estimated)        0.000    10.673    u_top/u_core/u_b/u_b_core/core/core/l1/post/units[1].post/prelu_product_s10_n_152
    DSP48_X6Y29          DSP48E1                                      r  u_top/u_core/u_b/u_b_core/core/core/l1/post/units[1].post/prelu_product_s1_reg/PCIN[1]
  -------------------------------------------------------------------    -------------------

                         (clock u_top_n_1799 rise edge)
                                                      6.667     6.667 r  
    W19                                               0.000     6.667 r  sys_clk (IN)
                         net (fo=0)                   0.000     6.667    sys_clk
    W19                  IBUF (Prop_ibuf_I_O)         1.374     8.041 r  sys_clk_IBUF_inst/O
                         net (fo=1, estimated)        1.012     9.053    u_top/sys_clk_IBUF
    MMCME2_ADV_X0Y2      MMCME2_ADV (Prop_mmcme2_adv_CLKIN1_CLKOUT0)
                                                      0.073     9.126 r  u_top/g_mmcm.u_mmcm/CLKOUT0
                         net (fo=1, estimated)        1.481    10.607    u_top_n_1799
    BUFGCTRL_X0Y0        BUFG (Prop_bufg_I_O)         0.077    10.684 r  bank_gen[3].mem_reg_i_1/O
                         net (fo=60897, estimated)    1.510    12.193    u_top/u_core/u_b/u_b_core/core/core/l1/post/units[1].post/clk_200
    DSP48_X6Y29          DSP48E1                                      r  u_top/u_core/u_b/u_b_core/core/core/l1/post/units[1].post/prelu_product_s1_reg/CLK
                         clock pessimism              0.279    12.473    
                         clock uncertainty           -0.071    12.401    
    DSP48_X6Y29          DSP48E1 (Setup_dsp48e1_CLK_PCIN[1])
                                                     -1.174    11.227    u_top/u_core/u_b/u_b_core/core/core/l1/post/units[1].post/prelu_product_s1_reg
  -------------------------------------------------------------------
                         required time                         11.227    
                         arrival time                         -10.673    
  -------------------------------------------------------------------
                         slack                                  0.554    

Slack (MET) :             0.554ns  (required time - arrival time)
  Source:                 u_top/u_core/u_b/u_b_core/core/core/l1/post/units[1].post/units[1].dispatch_accum[44]_i_1_psdsp/C
                            (rising edge-triggered cell FDRE clocked by u_top_n_1799  {rise@0.000ns fall@3.333ns period=6.667ns})
  Destination:            u_top/u_core/u_b/u_b_core/core/core/l1/post/units[1].post/prelu_product_s1_reg/PCIN[20]
                            (rising edge-triggered cell DSP48E1 clocked by u_top_n_1799  {rise@0.000ns fall@3.333ns period=6.667ns})
  Path Group:             u_top_n_1799
  Path Type:              Setup (Max at Slow Process Corner)
  Requirement:            6.667ns  (u_top_n_1799 rise@6.667ns - u_top_n_1799 rise@0.000ns)
  Data Path Delay:        4.884ns  (logic 3.776ns (77.314%)  route 1.108ns (22.686%))
  Logic Levels:           1  (DSP48E1=1)
  Clock Path Skew:        0.017ns (DCD - SCD + CPR)
    Destination Clock Delay (DCD):    5.527ns = ( 12.193 - 6.667 ) 
    Source Clock Delay      (SCD):    5.789ns
    Clock Pessimism Removal (CPR):    0.279ns
  Clock Uncertainty:      0.071ns  ((TSJ^2 + DJ^2)^1/2) / 2 + PE
    Total System Jitter     (TSJ):    0.071ns
    Discrete Jitter          (DJ):    0.124ns
    Phase Error              (PE):    0.000ns

    Location             Delay type                Incr(ns)  Path(ns)    Netlist Resource(s)
  -------------------------------------------------------------------    -------------------
                         (clock u_top_n_1799 rise edge)
                                                      0.000     0.000 r  
    W19                                               0.000     0.000 r  sys_clk (IN)
                         net (fo=0)                   0.000     0.000    sys_clk
    W19                  IBUF (Prop_ibuf_I_O)         1.440     1.440 r  sys_clk_IBUF_inst/O
                         net (fo=1, estimated)        1.065     2.505    u_top/sys_clk_IBUF
    MMCME2_ADV_X0Y2      MMCME2_ADV (Prop_mmcme2_adv_CLKIN1_CLKOUT0)
                                                      0.077     2.582 r  u_top/g_mmcm.u_mmcm/CLKOUT0
                         net (fo=1, estimated)        1.559     4.141    u_top_n_1799
    BUFGCTRL_X0Y0        BUFG (Prop_bufg_I_O)         0.081     4.222 r  bank_gen[3].mem_reg_i_1/O
                         net (fo=60897, estimated)    1.567     5.789    u_top/u_core/u_b/u_b_core/core/core/l1/post/units[1].post/clk_200
    SLICE_X109Y58        FDRE                                         r  u_top/u_core/u_b/u_b_core/core/core/l1/post/units[1].post/units[1].dispatch_accum[44]_i_1_psdsp/C
  -------------------------------------------------------------------    -------------------
    SLICE_X109Y58        FDRE (Prop_fdre_C_Q)         0.379     6.168 r  u_top/u_core/u_b/u_b_core/core/core/l1/post/units[1].post/units[1].dispatch_accum[44]_i_1_psdsp/Q
                         net (fo=1, estimated)        1.108     7.276    u_top/u_core/u_b/u_b_core/core/core/l1/post/units[1].post/units[1].dispatch_accum[44]_i_1_psdsp_n
    DSP48_X6Y28          DSP48E1 (Prop_dsp48e1_A[12]_PCOUT[20])
                                                      3.397    10.673 r  u_top/u_core/u_b/u_b_core/core/core/l1/post/units[1].post/prelu_product_s10/PCOUT[20]
                         net (fo=1, estimated)        0.000    10.673    u_top/u_core/u_b/u_b_core/core/core/l1/post/units[1].post/prelu_product_s10_n_133
    DSP48_X6Y29          DSP48E1                                      r  u_top/u_core/u_b/u_b_core/core/core/l1/post/units[1].post/prelu_product_s1_reg/PCIN[20]
  -------------------------------------------------------------------    -------------------

                         (clock u_top_n_1799 rise edge)
                                                      6.667     6.667 r  
    W19                                               0.000     6.667 r  sys_clk (IN)
                         net (fo=0)                   0.000     6.667    sys_clk
    W19                  IBUF (Prop_ibuf_I_O)         1.374     8.041 r  sys_clk_IBUF_inst/O
                         net (fo=1, estimated)        1.012     9.053    u_top/sys_clk_IBUF
    MMCME2_ADV_X0Y2      MMCME2_ADV (Prop_mmcme2_adv_CLKIN1_CLKOUT0)
                                                      0.073     9.126 r  u_top/g_mmcm.u_mmcm/CLKOUT0
                         net (fo=1, estimated)        1.481    10.607    u_top_n_1799
    BUFGCTRL_X0Y0        BUFG (Prop_bufg_I_O)         0.077    10.684 r  bank_gen[3].mem_reg_i_1/O
                         net (fo=60897, estimated)    1.510    12.193    u_top/u_core/u_b/u_b_core/core/core/l1/post/units[1].post/clk_200
    DSP48_X6Y29          DSP48E1                                      r  u_top/u_core/u_b/u_b_core/core/core/l1/post/units[1].post/prelu_product_s1_reg/CLK
                         clock pessimism              0.279    12.473    
                         clock uncertainty           -0.071    12.401    
    DSP48_X6Y29          DSP48E1 (Setup_dsp48e1_CLK_PCIN[20])
                                                     -1.174    11.227    u_top/u_core/u_b/u_b_core/core/core/l1/post/units[1].post/prelu_product_s1_reg
  -------------------------------------------------------------------
                         required time                         11.227    
                         arrival time                         -10.673    
  -------------------------------------------------------------------
                         slack                                  0.554    

Slack (MET) :             0.554ns  (required time - arrival time)
  Source:                 u_top/u_core/u_b/u_b_core/core/core/l1/post/units[1].post/units[1].dispatch_accum[44]_i_1_psdsp/C
                            (rising edge-triggered cell FDRE clocked by u_top_n_1799  {rise@0.000ns fall@3.333ns period=6.667ns})
  Destination:            u_top/u_core/u_b/u_b_core/core/core/l1/post/units[1].post/prelu_product_s1_reg/PCIN[21]
                            (rising edge-triggered cell DSP48E1 clocked by u_top_n_1799  {rise@0.000ns fall@3.333ns period=6.667ns})
  Path Group:             u_top_n_1799
  Path Type:              Setup (Max at Slow Process Corner)
  Requirement:            6.667ns  (u_top_n_1799 rise@6.667ns - u_top_n_1799 rise@0.000ns)
  Data Path Delay:        4.884ns  (logic 3.776ns (77.314%)  route 1.108ns (22.686%))
  Logic Levels:           1  (DSP48E1=1)
  Clock Path Skew:        0.017ns (DCD - SCD + CPR)
    Destination Clock Delay (DCD):    5.527ns = ( 12.193 - 6.667 ) 
    Source Clock Delay      (SCD):    5.789ns
    Clock Pessimism Removal (CPR):    0.279ns
  Clock Uncertainty:      0.071ns  ((TSJ^2 + DJ^2)^1/2) / 2 + PE
    Total System Jitter     (TSJ):    0.071ns
    Discrete Jitter          (DJ):    0.124ns
    Phase Error              (PE):    0.000ns

    Location             Delay type                Incr(ns)  Path(ns)    Netlist Resource(s)
  -------------------------------------------------------------------    -------------------
                         (clock u_top_n_1799 rise edge)
                                                      0.000     0.000 r  
    W19                                               0.000     0.000 r  sys_clk (IN)
                         net (fo=0)                   0.000     0.000    sys_clk
    W19                  IBUF (Prop_ibuf_I_O)         1.440     1.440 r  sys_clk_IBUF_inst/O
                         net (fo=1, estimated)        1.065     2.505    u_top/sys_clk_IBUF
    MMCME2_ADV_X0Y2      MMCME2_ADV (Prop_mmcme2_adv_CLKIN1_CLKOUT0)
                                                      0.077     2.582 r  u_top/g_mmcm.u_mmcm/CLKOUT0
                         net (fo=1, estimated)        1.559     4.141    u_top_n_1799
    BUFGCTRL_X0Y0        BUFG (Prop_bufg_I_O)         0.081     4.222 r  bank_gen[3].mem_reg_i_1/O
                         net (fo=60897, estimated)    1.567     5.789    u_top/u_core/u_b/u_b_core/core/core/l1/post/units[1].post/clk_200
    SLICE_X109Y58        FDRE                                         r  u_top/u_core/u_b/u_b_core/core/core/l1/post/units[1].post/units[1].dispatch_accum[44]_i_1_psdsp/C
  -------------------------------------------------------------------    -------------------
    SLICE_X109Y58        FDRE (Prop_fdre_C_Q)         0.379     6.168 r  u_top/u_core/u_b/u_b_core/core/core/l1/post/units[1].post/units[1].dispatch_accum[44]_i_1_psdsp/Q
                         net (fo=1, estimated)        1.108     7.276    u_top/u_core/u_b/u_b_core/core/core/l1/post/units[1].post/units[1].dispatch_accum[44]_i_1_psdsp_n
    DSP48_X6Y28          DSP48E1 (Prop_dsp48e1_A[12]_PCOUT[21])
                                                      3.397    10.673 r  u_top/u_core/u_b/u_b_core/core/core/l1/post/units[1].post/prelu_product_s10/PCOUT[21]
                         net (fo=1, estimated)        0.000    10.673    u_top/u_core/u_b/u_b_core/core/core/l1/post/units[1].post/prelu_product_s10_n_132
    DSP48_X6Y29          DSP48E1                                      r  u_top/u_core/u_b/u_b_core/core/core/l1/post/units[1].post/prelu_product_s1_reg/PCIN[21]
  -------------------------------------------------------------------    -------------------

                         (clock u_top_n_1799 rise edge)
                                                      6.667     6.667 r  
    W19                                               0.000     6.667 r  sys_clk (IN)
                         net (fo=0)                   0.000     6.667    sys_clk
    W19                  IBUF (Prop_ibuf_I_O)         1.374     8.041 r  sys_clk_IBUF_inst/O
                         net (fo=1, estimated)        1.012     9.053    u_top/sys_clk_IBUF
    MMCME2_ADV_X0Y2      MMCME2_ADV (Prop_mmcme2_adv_CLKIN1_CLKOUT0)
                                                      0.073     9.126 r  u_top/g_mmcm.u_mmcm/CLKOUT0
                         net (fo=1, estimated)        1.481    10.607    u_top_n_1799
    BUFGCTRL_X0Y0        BUFG (Prop_bufg_I_O)         0.077    10.684 r  bank_gen[3].mem_reg_i_1/O
                         net (fo=60897, estimated)    1.510    12.193    u_top/u_core/u_b/u_b_core/core/core/l1/post/units[1].post/clk_200
    DSP48_X6Y29          DSP48E1                                      r  u_top/u_core/u_b/u_b_core/core/core/l1/post/units[1].post/prelu_product_s1_reg/CLK
                         clock pessimism              0.279    12.473    
                         clock uncertainty           -0.071    12.401    
    DSP48_X6Y29          DSP48E1 (Setup_dsp48e1_CLK_PCIN[21])
                                                     -1.174    11.227    u_top/u_core/u_b/u_b_core/core/core/l1/post/units[1].post/prelu_product_s1_reg
  -------------------------------------------------------------------
                         required time                         11.227    
                         arrival time                         -10.673    
  -------------------------------------------------------------------
                         slack                                  0.554    

Slack (MET) :             0.554ns  (required time - arrival time)
  Source:                 u_top/u_core/u_b/u_b_core/core/core/l1/post/units[1].post/units[1].dispatch_accum[44]_i_1_psdsp/C
                            (rising edge-triggered cell FDRE clocked by u_top_n_1799  {rise@0.000ns fall@3.333ns period=6.667ns})
  Destination:            u_top/u_core/u_b/u_b_core/core/core/l1/post/units[1].post/prelu_product_s1_reg/PCIN[22]
                            (rising edge-triggered cell DSP48E1 clocked by u_top_n_1799  {rise@0.000ns fall@3.333ns period=6.667ns})
  Path Group:             u_top_n_1799
  Path Type:              Setup (Max at Slow Process Corner)
  Requirement:            6.667ns  (u_top_n_1799 rise@6.667ns - u_top_n_1799 rise@0.000ns)
  Data Path Delay:        4.884ns  (logic 3.776ns (77.314%)  route 1.108ns (22.686%))
  Logic Levels:           1  (DSP48E1=1)
  Clock Path Skew:        0.017ns (DCD - SCD + CPR)
    Destination Clock Delay (DCD):    5.527ns = ( 12.193 - 6.667 ) 
    Source Clock Delay      (SCD):    5.789ns
    Clock Pessimism Removal (CPR):    0.279ns
  Clock Uncertainty:      0.071ns  ((TSJ^2 + DJ^2)^1/2) / 2 + PE
    Total System Jitter     (TSJ):    0.071ns
    Discrete Jitter          (DJ):    0.124ns
    Phase Error              (PE):    0.000ns

    Location             Delay type                Incr(ns)  Path(ns)    Netlist Resource(s)
  -------------------------------------------------------------------    -------------------
                         (clock u_top_n_1799 rise edge)
                                                      0.000     0.000 r  
    W19                                               0.000     0.000 r  sys_clk (IN)
                         net (fo=0)                   0.000     0.000    sys_clk
    W19                  IBUF (Prop_ibuf_I_O)         1.440     1.440 r  sys_clk_IBUF_inst/O
                         net (fo=1, estimated)        1.065     2.505    u_top/sys_clk_IBUF
    MMCME2_ADV_X0Y2      MMCME2_ADV (Prop_mmcme2_adv_CLKIN1_CLKOUT0)
                                                      0.077     2.582 r  u_top/g_mmcm.u_mmcm/CLKOUT0
                         net (fo=1, estimated)        1.559     4.141    u_top_n_1799
    BUFGCTRL_X0Y0        BUFG (Prop_bufg_I_O)         0.081     4.222 r  bank_gen[3].mem_reg_i_1/O
                         net (fo=60897, estimated)    1.567     5.789    u_top/u_core/u_b/u_b_core/core/core/l1/post/units[1].post/clk_200
    SLICE_X109Y58        FDRE                                         r  u_top/u_core/u_b/u_b_core/core/core/l1/post/units[1].post/units[1].dispatch_accum[44]_i_1_psdsp/C
  -------------------------------------------------------------------    -------------------
    SLICE_X109Y58        FDRE (Prop_fdre_C_Q)         0.379     6.168 r  u_top/u_core/u_b/u_b_core/core/core/l1/post/units[1].post/units[1].dispatch_accum[44]_i_1_psdsp/Q
                         net (fo=1, estimated)        1.108     7.276    u_top/u_core/u_b/u_b_core/core/core/l1/post/units[1].post/units[1].dispatch_accum[44]_i_1_psdsp_n
    DSP48_X6Y28          DSP48E1 (Prop_dsp48e1_A[12]_PCOUT[22])
                                                      3.397    10.673 r  u_top/u_core/u_b/u_b_core/core/core/l1/post/units[1].post/prelu_product_s10/PCOUT[22]
                         net (fo=1, estimated)        0.000    10.673    u_top/u_core/u_b/u_b_core/core/core/l1/post/units[1].post/prelu_product_s10_n_131
    DSP48_X6Y29          DSP48E1                                      r  u_top/u_core/u_b/u_b_core/core/core/l1/post/units[1].post/prelu_product_s1_reg/PCIN[22]
  -------------------------------------------------------------------    -------------------

                         (clock u_top_n_1799 rise edge)
                                                      6.667     6.667 r  
    W19                                               0.000     6.667 r  sys_clk (IN)
                         net (fo=0)                   0.000     6.667    sys_clk
    W19                  IBUF (Prop_ibuf_I_O)         1.374     8.041 r  sys_clk_IBUF_inst/O
                         net (fo=1, estimated)        1.012     9.053    u_top/sys_clk_IBUF
    MMCME2_ADV_X0Y2      MMCME2_ADV (Prop_mmcme2_adv_CLKIN1_CLKOUT0)
                                                      0.073     9.126 r  u_top/g_mmcm.u_mmcm/CLKOUT0
                         net (fo=1, estimated)        1.481    10.607    u_top_n_1799
    BUFGCTRL_X0Y0        BUFG (Prop_bufg_I_O)         0.077    10.684 r  bank_gen[3].mem_reg_i_1/O
                         net (fo=60897, estimated)    1.510    12.193    u_top/u_core/u_b/u_b_core/core/core/l1/post/units[1].post/clk_200
    DSP48_X6Y29          DSP48E1                                      r  u_top/u_core/u_b/u_b_core/core/core/l1/post/units[1].post/prelu_product_s1_reg/CLK
                         clock pessimism              0.279    12.473    
                         clock uncertainty           -0.071    12.401    
    DSP48_X6Y29          DSP48E1 (Setup_dsp48e1_CLK_PCIN[22])
                                                     -1.174    11.227    u_top/u_core/u_b/u_b_core/core/core/l1/post/units[1].post/prelu_product_s1_reg
  -------------------------------------------------------------------
                         required time                         11.227    
                         arrival time                         -10.673    
  -------------------------------------------------------------------
                         slack                                  0.554    

Slack (MET) :             0.554ns  (required time - arrival time)
  Source:                 u_top/u_core/u_b/u_b_core/core/core/l1/post/units[1].post/units[1].dispatch_accum[44]_i_1_psdsp/C
                            (rising edge-triggered cell FDRE clocked by u_top_n_1799  {rise@0.000ns fall@3.333ns period=6.667ns})
  Destination:            u_top/u_core/u_b/u_b_core/core/core/l1/post/units[1].post/prelu_product_s1_reg/PCIN[23]
                            (rising edge-triggered cell DSP48E1 clocked by u_top_n_1799  {rise@0.000ns fall@3.333ns period=6.667ns})
  Path Group:             u_top_n_1799
  Path Type:              Setup (Max at Slow Process Corner)
  Requirement:            6.667ns  (u_top_n_1799 rise@6.667ns - u_top_n_1799 rise@0.000ns)
  Data Path Delay:        4.884ns  (logic 3.776ns (77.314%)  route 1.108ns (22.686%))
  Logic Levels:           1  (DSP48E1=1)
  Clock Path Skew:        0.017ns (DCD - SCD + CPR)
    Destination Clock Delay (DCD):    5.527ns = ( 12.193 - 6.667 ) 
    Source Clock Delay      (SCD):    5.789ns
    Clock Pessimism Removal (CPR):    0.279ns
  Clock Uncertainty:      0.071ns  ((TSJ^2 + DJ^2)^1/2) / 2 + PE
    Total System Jitter     (TSJ):    0.071ns
    Discrete Jitter          (DJ):    0.124ns
    Phase Error              (PE):    0.000ns

    Location             Delay type                Incr(ns)  Path(ns)    Netlist Resource(s)
  -------------------------------------------------------------------    -------------------
                         (clock u_top_n_1799 rise edge)
                                                      0.000     0.000 r  
    W19                                               0.000     0.000 r  sys_clk (IN)
                         net (fo=0)                   0.000     0.000    sys_clk
    W19                  IBUF (Prop_ibuf_I_O)         1.440     1.440 r  sys_clk_IBUF_inst/O
                         net (fo=1, estimated)        1.065     2.505    u_top/sys_clk_IBUF
    MMCME2_ADV_X0Y2      MMCME2_ADV (Prop_mmcme2_adv_CLKIN1_CLKOUT0)
                                                      0.077     2.582 r  u_top/g_mmcm.u_mmcm/CLKOUT0
                         net (fo=1, estimated)        1.559     4.141    u_top_n_1799
    BUFGCTRL_X0Y0        BUFG (Prop_bufg_I_O)         0.081     4.222 r  bank_gen[3].mem_reg_i_1/O
                         net (fo=60897, estimated)    1.567     5.789    u_top/u_core/u_b/u_b_core/core/core/l1/post/units[1].post/clk_200
    SLICE_X109Y58        FDRE                                         r  u_top/u_core/u_b/u_b_core/core/core/l1/post/units[1].post/units[1].dispatch_accum[44]_i_1_psdsp/C
  -------------------------------------------------------------------    -------------------
    SLICE_X109Y58        FDRE (Prop_fdre_C_Q)         0.379     6.168 r  u_top/u_core/u_b/u_b_core/core/core/l1/post/units[1].post/units[1].dispatch_accum[44]_i_1_psdsp/Q
                         net (fo=1, estimated)        1.108     7.276    u_top/u_core/u_b/u_b_core/core/core/l1/post/units[1].post/units[1].dispatch_accum[44]_i_1_psdsp_n
    DSP48_X6Y28          DSP48E1 (Prop_dsp48e1_A[12]_PCOUT[23])
                                                      3.397    10.673 r  u_top/u_core/u_b/u_b_core/core/core/l1/post/units[1].post/prelu_product_s10/PCOUT[23]
                         net (fo=1, estimated)        0.000    10.673    u_top/u_core/u_b/u_b_core/core/core/l1/post/units[1].post/prelu_product_s10_n_130
    DSP48_X6Y29          DSP48E1                                      r  u_top/u_core/u_b/u_b_core/core/core/l1/post/units[1].post/prelu_product_s1_reg/PCIN[23]
  -------------------------------------------------------------------    -------------------

                         (clock u_top_n_1799 rise edge)
                                                      6.667     6.667 r  
    W19                                               0.000     6.667 r  sys_clk (IN)
                         net (fo=0)                   0.000     6.667    sys_clk
    W19                  IBUF (Prop_ibuf_I_O)         1.374     8.041 r  sys_clk_IBUF_inst/O
                         net (fo=1, estimated)        1.012     9.053    u_top/sys_clk_IBUF
    MMCME2_ADV_X0Y2      MMCME2_ADV (Prop_mmcme2_adv_CLKIN1_CLKOUT0)
                                                      0.073     9.126 r  u_top/g_mmcm.u_mmcm/CLKOUT0
                         net (fo=1, estimated)        1.481    10.607    u_top_n_1799
    BUFGCTRL_X0Y0        BUFG (Prop_bufg_I_O)         0.077    10.684 r  bank_gen[3].mem_reg_i_1/O
                         net (fo=60897, estimated)    1.510    12.193    u_top/u_core/u_b/u_b_core/core/core/l1/post/units[1].post/clk_200
    DSP48_X6Y29          DSP48E1                                      r  u_top/u_core/u_b/u_b_core/core/core/l1/post/units[1].post/prelu_product_s1_reg/CLK
                         clock pessimism              0.279    12.473    
                         clock uncertainty           -0.071    12.401    
    DSP48_X6Y29          DSP48E1 (Setup_dsp48e1_CLK_PCIN[23])
                                                     -1.174    11.227    u_top/u_core/u_b/u_b_core/core/core/l1/post/units[1].post/prelu_product_s1_reg
  -------------------------------------------------------------------
                         required time                         11.227    
                         arrival time                         -10.673    
  -------------------------------------------------------------------
                         slack                                  0.554    

Slack (MET) :             0.554ns  (required time - arrival time)
  Source:                 u_top/u_core/u_b/u_b_core/core/core/l1/post/units[1].post/units[1].dispatch_accum[44]_i_1_psdsp/C
                            (rising edge-triggered cell FDRE clocked by u_top_n_1799  {rise@0.000ns fall@3.333ns period=6.667ns})
  Destination:            u_top/u_core/u_b/u_b_core/core/core/l1/post/units[1].post/prelu_product_s1_reg/PCIN[24]
                            (rising edge-triggered cell DSP48E1 clocked by u_top_n_1799  {rise@0.000ns fall@3.333ns period=6.667ns})
  Path Group:             u_top_n_1799
  Path Type:              Setup (Max at Slow Process Corner)
  Requirement:            6.667ns  (u_top_n_1799 rise@6.667ns - u_top_n_1799 rise@0.000ns)
  Data Path Delay:        4.884ns  (logic 3.776ns (77.314%)  route 1.108ns (22.686%))
  Logic Levels:           1  (DSP48E1=1)
  Clock Path Skew:        0.017ns (DCD - SCD + CPR)
    Destination Clock Delay (DCD):    5.527ns = ( 12.193 - 6.667 ) 
    Source Clock Delay      (SCD):    5.789ns
    Clock Pessimism Removal (CPR):    0.279ns
  Clock Uncertainty:      0.071ns  ((TSJ^2 + DJ^2)^1/2) / 2 + PE
    Total System Jitter     (TSJ):    0.071ns
    Discrete Jitter          (DJ):    0.124ns
    Phase Error              (PE):    0.000ns

    Location             Delay type                Incr(ns)  Path(ns)    Netlist Resource(s)
  -------------------------------------------------------------------    -------------------
                         (clock u_top_n_1799 rise edge)
                                                      0.000     0.000 r  
    W19                                               0.000     0.000 r  sys_clk (IN)
                         net (fo=0)                   0.000     0.000    sys_clk
    W19                  IBUF (Prop_ibuf_I_O)         1.440     1.440 r  sys_clk_IBUF_inst/O
                         net (fo=1, estimated)        1.065     2.505    u_top/sys_clk_IBUF
    MMCME2_ADV_X0Y2      MMCME2_ADV (Prop_mmcme2_adv_CLKIN1_CLKOUT0)
                                                      0.077     2.582 r  u_top/g_mmcm.u_mmcm/CLKOUT0
                         net (fo=1, estimated)        1.559     4.141    u_top_n_1799
    BUFGCTRL_X0Y0        BUFG (Prop_bufg_I_O)         0.081     4.222 r  bank_gen[3].mem_reg_i_1/O
                         net (fo=60897, estimated)    1.567     5.789    u_top/u_core/u_b/u_b_core/core/core/l1/post/units[1].post/clk_200
    SLICE_X109Y58        FDRE                                         r  u_top/u_core/u_b/u_b_core/core/core/l1/post/units[1].post/units[1].dispatch_accum[44]_i_1_psdsp/C
  -------------------------------------------------------------------    -------------------
    SLICE_X109Y58        FDRE (Prop_fdre_C_Q)         0.379     6.168 r  u_top/u_core/u_b/u_b_core/core/core/l1/post/units[1].post/units[1].dispatch_accum[44]_i_1_psdsp/Q
                         net (fo=1, estimated)        1.108     7.276    u_top/u_core/u_b/u_b_core/core/core/l1/post/units[1].post/units[1].dispatch_accum[44]_i_1_psdsp_n
    DSP48_X6Y28          DSP48E1 (Prop_dsp48e1_A[12]_PCOUT[24])
                                                      3.397    10.673 r  u_top/u_core/u_b/u_b_core/core/core/l1/post/units[1].post/prelu_product_s10/PCOUT[24]
                         net (fo=1, estimated)        0.000    10.673    u_top/u_core/u_b/u_b_core/core/core/l1/post/units[1].post/prelu_product_s10_n_129
    DSP48_X6Y29          DSP48E1                                      r  u_top/u_core/u_b/u_b_core/core/core/l1/post/units[1].post/prelu_product_s1_reg/PCIN[24]
  -------------------------------------------------------------------    -------------------

                         (clock u_top_n_1799 rise edge)
                                                      6.667     6.667 r  
    W19                                               0.000     6.667 r  sys_clk (IN)
                         net (fo=0)                   0.000     6.667    sys_clk
    W19                  IBUF (Prop_ibuf_I_O)         1.374     8.041 r  sys_clk_IBUF_inst/O
                         net (fo=1, estimated)        1.012     9.053    u_top/sys_clk_IBUF
    MMCME2_ADV_X0Y2      MMCME2_ADV (Prop_mmcme2_adv_CLKIN1_CLKOUT0)
                                                      0.073     9.126 r  u_top/g_mmcm.u_mmcm/CLKOUT0
                         net (fo=1, estimated)        1.481    10.607    u_top_n_1799
    BUFGCTRL_X0Y0        BUFG (Prop_bufg_I_O)         0.077    10.684 r  bank_gen[3].mem_reg_i_1/O
                         net (fo=60897, estimated)    1.510    12.193    u_top/u_core/u_b/u_b_core/core/core/l1/post/units[1].post/clk_200
    DSP48_X6Y29          DSP48E1                                      r  u_top/u_core/u_b/u_b_core/core/core/l1/post/units[1].post/prelu_product_s1_reg/CLK
                         clock pessimism              0.279    12.473    
                         clock uncertainty           -0.071    12.401    
    DSP48_X6Y29          DSP48E1 (Setup_dsp48e1_CLK_PCIN[24])
                                                     -1.174    11.227    u_top/u_core/u_b/u_b_core/core/core/l1/post/units[1].post/prelu_product_s1_reg
  -------------------------------------------------------------------
                         required time                         11.227    
                         arrival time                         -10.673    
  -------------------------------------------------------------------
                         slack                                  0.554    

Slack (MET) :             0.554ns  (required time - arrival time)
  Source:                 u_top/u_core/u_b/u_b_core/core/core/l1/post/units[1].post/units[1].dispatch_accum[44]_i_1_psdsp/C
                            (rising edge-triggered cell FDRE clocked by u_top_n_1799  {rise@0.000ns fall@3.333ns period=6.667ns})
  Destination:            u_top/u_core/u_b/u_b_core/core/core/l1/post/units[1].post/prelu_product_s1_reg/PCIN[25]
                            (rising edge-triggered cell DSP48E1 clocked by u_top_n_1799  {rise@0.000ns fall@3.333ns period=6.667ns})
  Path Group:             u_top_n_1799
  Path Type:              Setup (Max at Slow Process Corner)
  Requirement:            6.667ns  (u_top_n_1799 rise@6.667ns - u_top_n_1799 rise@0.000ns)
  Data Path Delay:        4.884ns  (logic 3.776ns (77.314%)  route 1.108ns (22.686%))
  Logic Levels:           1  (DSP48E1=1)
  Clock Path Skew:        0.017ns (DCD - SCD + CPR)
    Destination Clock Delay (DCD):    5.527ns = ( 12.193 - 6.667 ) 
    Source Clock Delay      (SCD):    5.789ns
    Clock Pessimism Removal (CPR):    0.279ns
  Clock Uncertainty:      0.071ns  ((TSJ^2 + DJ^2)^1/2) / 2 + PE
    Total System Jitter     (TSJ):    0.071ns
    Discrete Jitter          (DJ):    0.124ns
    Phase Error              (PE):    0.000ns

    Location             Delay type                Incr(ns)  Path(ns)    Netlist Resource(s)
  -------------------------------------------------------------------    -------------------
                         (clock u_top_n_1799 rise edge)
                                                      0.000     0.000 r  
    W19                                               0.000     0.000 r  sys_clk (IN)
                         net (fo=0)                   0.000     0.000    sys_clk
    W19                  IBUF (Prop_ibuf_I_O)         1.440     1.440 r  sys_clk_IBUF_inst/O
                         net (fo=1, estimated)        1.065     2.505    u_top/sys_clk_IBUF
    MMCME2_ADV_X0Y2      MMCME2_ADV (Prop_mmcme2_adv_CLKIN1_CLKOUT0)
                                                      0.077     2.582 r  u_top/g_mmcm.u_mmcm/CLKOUT0
                         net (fo=1, estimated)        1.559     4.141    u_top_n_1799
    BUFGCTRL_X0Y0        BUFG (Prop_bufg_I_O)         0.081     4.222 r  bank_gen[3].mem_reg_i_1/O
                         net (fo=60897, estimated)    1.567     5.789    u_top/u_core/u_b/u_b_core/core/core/l1/post/units[1].post/clk_200
    SLICE_X109Y58        FDRE                                         r  u_top/u_core/u_b/u_b_core/core/core/l1/post/units[1].post/units[1].dispatch_accum[44]_i_1_psdsp/C
  -------------------------------------------------------------------    -------------------
    SLICE_X109Y58        FDRE (Prop_fdre_C_Q)         0.379     6.168 r  u_top/u_core/u_b/u_b_core/core/core/l1/post/units[1].post/units[1].dispatch_accum[44]_i_1_psdsp/Q
                         net (fo=1, estimated)        1.108     7.276    u_top/u_core/u_b/u_b_core/core/core/l1/post/units[1].post/units[1].dispatch_accum[44]_i_1_psdsp_n
    DSP48_X6Y28          DSP48E1 (Prop_dsp48e1_A[12]_PCOUT[25])
                                                      3.397    10.673 r  u_top/u_core/u_b/u_b_core/core/core/l1/post/units[1].post/prelu_product_s10/PCOUT[25]
                         net (fo=1, estimated)        0.000    10.673    u_top/u_core/u_b/u_b_core/core/core/l1/post/units[1].post/prelu_product_s10_n_128
    DSP48_X6Y29          DSP48E1                                      r  u_top/u_core/u_b/u_b_core/core/core/l1/post/units[1].post/prelu_product_s1_reg/PCIN[25]
  -------------------------------------------------------------------    -------------------

                         (clock u_top_n_1799 rise edge)
                                                      6.667     6.667 r  
    W19                                               0.000     6.667 r  sys_clk (IN)
                         net (fo=0)                   0.000     6.667    sys_clk
    W19                  IBUF (Prop_ibuf_I_O)         1.374     8.041 r  sys_clk_IBUF_inst/O
                         net (fo=1, estimated)        1.012     9.053    u_top/sys_clk_IBUF
    MMCME2_ADV_X0Y2      MMCME2_ADV (Prop_mmcme2_adv_CLKIN1_CLKOUT0)
                                                      0.073     9.126 r  u_top/g_mmcm.u_mmcm/CLKOUT0
                         net (fo=1, estimated)        1.481    10.607    u_top_n_1799
    BUFGCTRL_X0Y0        BUFG (Prop_bufg_I_O)         0.077    10.684 r  bank_gen[3].mem_reg_i_1/O
                         net (fo=60897, estimated)    1.510    12.193    u_top/u_core/u_b/u_b_core/core/core/l1/post/units[1].post/clk_200
    DSP48_X6Y29          DSP48E1                                      r  u_top/u_core/u_b/u_b_core/core/core/l1/post/units[1].post/prelu_product_s1_reg/CLK
                         clock pessimism              0.279    12.473    
                         clock uncertainty           -0.071    12.401    
    DSP48_X6Y29          DSP48E1 (Setup_dsp48e1_CLK_PCIN[25])
                                                     -1.174    11.227    u_top/u_core/u_b/u_b_core/core/core/l1/post/units[1].post/prelu_product_s1_reg
  -------------------------------------------------------------------
                         required time                         11.227    
                         arrival time                         -10.673    
  -------------------------------------------------------------------
                         slack                                  0.554    

Slack (MET) :             0.554ns  (required time - arrival time)
  Source:                 u_top/u_core/u_b/u_b_core/core/core/l1/post/units[1].post/units[1].dispatch_accum[44]_i_1_psdsp/C
                            (rising edge-triggered cell FDRE clocked by u_top_n_1799  {rise@0.000ns fall@3.333ns period=6.667ns})
  Destination:            u_top/u_core/u_b/u_b_core/core/core/l1/post/units[1].post/prelu_product_s1_reg/PCIN[26]
                            (rising edge-triggered cell DSP48E1 clocked by u_top_n_1799  {rise@0.000ns fall@3.333ns period=6.667ns})
  Path Group:             u_top_n_1799
  Path Type:              Setup (Max at Slow Process Corner)
  Requirement:            6.667ns  (u_top_n_1799 rise@6.667ns - u_top_n_1799 rise@0.000ns)
  Data Path Delay:        4.884ns  (logic 3.776ns (77.314%)  route 1.108ns (22.686%))
  Logic Levels:           1  (DSP48E1=1)
  Clock Path Skew:        0.017ns (DCD - SCD + CPR)
    Destination Clock Delay (DCD):    5.527ns = ( 12.193 - 6.667 ) 
    Source Clock Delay      (SCD):    5.789ns
    Clock Pessimism Removal (CPR):    0.279ns
  Clock Uncertainty:      0.071ns  ((TSJ^2 + DJ^2)^1/2) / 2 + PE
    Total System Jitter     (TSJ):    0.071ns
    Discrete Jitter          (DJ):    0.124ns
    Phase Error              (PE):    0.000ns

    Location             Delay type                Incr(ns)  Path(ns)    Netlist Resource(s)
  -------------------------------------------------------------------    -------------------
                         (clock u_top_n_1799 rise edge)
                                                      0.000     0.000 r  
    W19                                               0.000     0.000 r  sys_clk (IN)
                         net (fo=0)                   0.000     0.000    sys_clk
    W19                  IBUF (Prop_ibuf_I_O)         1.440     1.440 r  sys_clk_IBUF_inst/O
                         net (fo=1, estimated)        1.065     2.505    u_top/sys_clk_IBUF
    MMCME2_ADV_X0Y2      MMCME2_ADV (Prop_mmcme2_adv_CLKIN1_CLKOUT0)
                                                      0.077     2.582 r  u_top/g_mmcm.u_mmcm/CLKOUT0
                         net (fo=1, estimated)        1.559     4.141    u_top_n_1799
    BUFGCTRL_X0Y0        BUFG (Prop_bufg_I_O)         0.081     4.222 r  bank_gen[3].mem_reg_i_1/O
                         net (fo=60897, estimated)    1.567     5.789    u_top/u_core/u_b/u_b_core/core/core/l1/post/units[1].post/clk_200
    SLICE_X109Y58        FDRE                                         r  u_top/u_core/u_b/u_b_core/core/core/l1/post/units[1].post/units[1].dispatch_accum[44]_i_1_psdsp/C
  -------------------------------------------------------------------    -------------------
    SLICE_X109Y58        FDRE (Prop_fdre_C_Q)         0.379     6.168 r  u_top/u_core/u_b/u_b_core/core/core/l1/post/units[1].post/units[1].dispatch_accum[44]_i_1_psdsp/Q
                         net (fo=1, estimated)        1.108     7.276    u_top/u_core/u_b/u_b_core/core/core/l1/post/units[1].post/units[1].dispatch_accum[44]_i_1_psdsp_n
    DSP48_X6Y28          DSP48E1 (Prop_dsp48e1_A[12]_PCOUT[26])
                                                      3.397    10.673 r  u_top/u_core/u_b/u_b_core/core/core/l1/post/units[1].post/prelu_product_s10/PCOUT[26]
                         net (fo=1, estimated)        0.000    10.673    u_top/u_core/u_b/u_b_core/core/core/l1/post/units[1].post/prelu_product_s10_n_127
    DSP48_X6Y29          DSP48E1                                      r  u_top/u_core/u_b/u_b_core/core/core/l1/post/units[1].post/prelu_product_s1_reg/PCIN[26]
  -------------------------------------------------------------------    -------------------

                         (clock u_top_n_1799 rise edge)
                                                      6.667     6.667 r  
    W19                                               0.000     6.667 r  sys_clk (IN)
                         net (fo=0)                   0.000     6.667    sys_clk
    W19                  IBUF (Prop_ibuf_I_O)         1.374     8.041 r  sys_clk_IBUF_inst/O
                         net (fo=1, estimated)        1.012     9.053    u_top/sys_clk_IBUF
    MMCME2_ADV_X0Y2      MMCME2_ADV (Prop_mmcme2_adv_CLKIN1_CLKOUT0)
                                                      0.073     9.126 r  u_top/g_mmcm.u_mmcm/CLKOUT0
                         net (fo=1, estimated)        1.481    10.607    u_top_n_1799
    BUFGCTRL_X0Y0        BUFG (Prop_bufg_I_O)         0.077    10.684 r  bank_gen[3].mem_reg_i_1/O
                         net (fo=60897, estimated)    1.510    12.193    u_top/u_core/u_b/u_b_core/core/core/l1/post/units[1].post/clk_200
    DSP48_X6Y29          DSP48E1                                      r  u_top/u_core/u_b/u_b_core/core/core/l1/post/units[1].post/prelu_product_s1_reg/CLK
                         clock pessimism              0.279    12.473    
                         clock uncertainty           -0.071    12.401    
    DSP48_X6Y29          DSP48E1 (Setup_dsp48e1_CLK_PCIN[26])
                                                     -1.174    11.227    u_top/u_core/u_b/u_b_core/core/core/l1/post/units[1].post/prelu_product_s1_reg
  -------------------------------------------------------------------
                         required time                         11.227    
                         arrival time                         -10.673    
  -------------------------------------------------------------------
                         slack                                  0.554    

Slack (MET) :             0.554ns  (required time - arrival time)
  Source:                 u_top/u_core/u_b/u_b_core/core/core/l1/post/units[1].post/units[1].dispatch_accum[44]_i_1_psdsp/C
                            (rising edge-triggered cell FDRE clocked by u_top_n_1799  {rise@0.000ns fall@3.333ns period=6.667ns})
  Destination:            u_top/u_core/u_b/u_b_core/core/core/l1/post/units[1].post/prelu_product_s1_reg/PCIN[27]
                            (rising edge-triggered cell DSP48E1 clocked by u_top_n_1799  {rise@0.000ns fall@3.333ns period=6.667ns})
  Path Group:             u_top_n_1799
  Path Type:              Setup (Max at Slow Process Corner)
  Requirement:            6.667ns  (u_top_n_1799 rise@6.667ns - u_top_n_1799 rise@0.000ns)
  Data Path Delay:        4.884ns  (logic 3.776ns (77.314%)  route 1.108ns (22.686%))
  Logic Levels:           1  (DSP48E1=1)
  Clock Path Skew:        0.017ns (DCD - SCD + CPR)
    Destination Clock Delay (DCD):    5.527ns = ( 12.193 - 6.667 ) 
    Source Clock Delay      (SCD):    5.789ns
    Clock Pessimism Removal (CPR):    0.279ns
  Clock Uncertainty:      0.071ns  ((TSJ^2 + DJ^2)^1/2) / 2 + PE
    Total System Jitter     (TSJ):    0.071ns
    Discrete Jitter          (DJ):    0.124ns
    Phase Error              (PE):    0.000ns

    Location             Delay type                Incr(ns)  Path(ns)    Netlist Resource(s)
  -------------------------------------------------------------------    -------------------
                         (clock u_top_n_1799 rise edge)
                                                      0.000     0.000 r  
    W19                                               0.000     0.000 r  sys_clk (IN)
                         net (fo=0)                   0.000     0.000    sys_clk
    W19                  IBUF (Prop_ibuf_I_O)         1.440     1.440 r  sys_clk_IBUF_inst/O
                         net (fo=1, estimated)        1.065     2.505    u_top/sys_clk_IBUF
    MMCME2_ADV_X0Y2      MMCME2_ADV (Prop_mmcme2_adv_CLKIN1_CLKOUT0)
                                                      0.077     2.582 r  u_top/g_mmcm.u_mmcm/CLKOUT0
                         net (fo=1, estimated)        1.559     4.141    u_top_n_1799
    BUFGCTRL_X0Y0        BUFG (Prop_bufg_I_O)         0.081     4.222 r  bank_gen[3].mem_reg_i_1/O
                         net (fo=60897, estimated)    1.567     5.789    u_top/u_core/u_b/u_b_core/core/core/l1/post/units[1].post/clk_200
    SLICE_X109Y58        FDRE                                         r  u_top/u_core/u_b/u_b_core/core/core/l1/post/units[1].post/units[1].dispatch_accum[44]_i_1_psdsp/C
  -------------------------------------------------------------------    -------------------
    SLICE_X109Y58        FDRE (Prop_fdre_C_Q)         0.379     6.168 r  u_top/u_core/u_b/u_b_core/core/core/l1/post/units[1].post/units[1].dispatch_accum[44]_i_1_psdsp/Q
                         net (fo=1, estimated)        1.108     7.276    u_top/u_core/u_b/u_b_core/core/core/l1/post/units[1].post/units[1].dispatch_accum[44]_i_1_psdsp_n
    DSP48_X6Y28          DSP48E1 (Prop_dsp48e1_A[12]_PCOUT[27])
                                                      3.397    10.673 r  u_top/u_core/u_b/u_b_core/core/core/l1/post/units[1].post/prelu_product_s10/PCOUT[27]
                         net (fo=1, estimated)        0.000    10.673    u_top/u_core/u_b/u_b_core/core/core/l1/post/units[1].post/prelu_product_s10_n_126
    DSP48_X6Y29          DSP48E1                                      r  u_top/u_core/u_b/u_b_core/core/core/l1/post/units[1].post/prelu_product_s1_reg/PCIN[27]
  -------------------------------------------------------------------    -------------------

                         (clock u_top_n_1799 rise edge)
                                                      6.667     6.667 r  
    W19                                               0.000     6.667 r  sys_clk (IN)
                         net (fo=0)                   0.000     6.667    sys_clk
    W19                  IBUF (Prop_ibuf_I_O)         1.374     8.041 r  sys_clk_IBUF_inst/O
                         net (fo=1, estimated)        1.012     9.053    u_top/sys_clk_IBUF
    MMCME2_ADV_X0Y2      MMCME2_ADV (Prop_mmcme2_adv_CLKIN1_CLKOUT0)
                                                      0.073     9.126 r  u_top/g_mmcm.u_mmcm/CLKOUT0
                         net (fo=1, estimated)        1.481    10.607    u_top_n_1799
    BUFGCTRL_X0Y0        BUFG (Prop_bufg_I_O)         0.077    10.684 r  bank_gen[3].mem_reg_i_1/O
                         net (fo=60897, estimated)    1.510    12.193    u_top/u_core/u_b/u_b_core/core/core/l1/post/units[1].post/clk_200
    DSP48_X6Y29          DSP48E1                                      r  u_top/u_core/u_b/u_b_core/core/core/l1/post/units[1].post/prelu_product_s1_reg/CLK
                         clock pessimism              0.279    12.473    
                         clock uncertainty           -0.071    12.401    
    DSP48_X6Y29          DSP48E1 (Setup_dsp48e1_CLK_PCIN[27])
                                                     -1.174    11.227    u_top/u_core/u_b/u_b_core/core/core/l1/post/units[1].post/prelu_product_s1_reg
  -------------------------------------------------------------------
                         required time                         11.227    
                         arrival time                         -10.673    
  -------------------------------------------------------------------
                         slack                                  0.554    

Slack (MET) :             0.554ns  (required time - arrival time)
  Source:                 u_top/u_core/u_b/u_b_core/core/core/l1/post/units[1].post/units[1].dispatch_accum[44]_i_1_psdsp/C
                            (rising edge-triggered cell FDRE clocked by u_top_n_1799  {rise@0.000ns fall@3.333ns period=6.667ns})
  Destination:            u_top/u_core/u_b/u_b_core/core/core/l1/post/units[1].post/prelu_product_s1_reg/PCIN[28]
                            (rising edge-triggered cell DSP48E1 clocked by u_top_n_1799  {rise@0.000ns fall@3.333ns period=6.667ns})
  Path Group:             u_top_n_1799
  Path Type:              Setup (Max at Slow Process Corner)
  Requirement:            6.667ns  (u_top_n_1799 rise@6.667ns - u_top_n_1799 rise@0.000ns)
  Data Path Delay:        4.884ns  (logic 3.776ns (77.314%)  route 1.108ns (22.686%))
  Logic Levels:           1  (DSP48E1=1)
  Clock Path Skew:        0.017ns (DCD - SCD + CPR)
    Destination Clock Delay (DCD):    5.527ns = ( 12.193 - 6.667 ) 
    Source Clock Delay      (SCD):    5.789ns
    Clock Pessimism Removal (CPR):    0.279ns
  Clock Uncertainty:      0.071ns  ((TSJ^2 + DJ^2)^1/2) / 2 + PE
    Total System Jitter     (TSJ):    0.071ns
    Discrete Jitter          (DJ):    0.124ns
    Phase Error              (PE):    0.000ns

    Location             Delay type                Incr(ns)  Path(ns)    Netlist Resource(s)
  -------------------------------------------------------------------    -------------------
                         (clock u_top_n_1799 rise edge)
                                                      0.000     0.000 r  
    W19                                               0.000     0.000 r  sys_clk (IN)
                         net (fo=0)                   0.000     0.000    sys_clk
    W19                  IBUF (Prop_ibuf_I_O)         1.440     1.440 r  sys_clk_IBUF_inst/O
                         net (fo=1, estimated)        1.065     2.505    u_top/sys_clk_IBUF
    MMCME2_ADV_X0Y2      MMCME2_ADV (Prop_mmcme2_adv_CLKIN1_CLKOUT0)
                                                      0.077     2.582 r  u_top/g_mmcm.u_mmcm/CLKOUT0
                         net (fo=1, estimated)        1.559     4.141    u_top_n_1799
    BUFGCTRL_X0Y0        BUFG (Prop_bufg_I_O)         0.081     4.222 r  bank_gen[3].mem_reg_i_1/O
                         net (fo=60897, estimated)    1.567     5.789    u_top/u_core/u_b/u_b_core/core/core/l1/post/units[1].post/clk_200
    SLICE_X109Y58        FDRE                                         r  u_top/u_core/u_b/u_b_core/core/core/l1/post/units[1].post/units[1].dispatch_accum[44]_i_1_psdsp/C
  -------------------------------------------------------------------    -------------------
    SLICE_X109Y58        FDRE (Prop_fdre_C_Q)         0.379     6.168 r  u_top/u_core/u_b/u_b_core/core/core/l1/post/units[1].post/units[1].dispatch_accum[44]_i_1_psdsp/Q
                         net (fo=1, estimated)        1.108     7.276    u_top/u_core/u_b/u_b_core/core/core/l1/post/units[1].post/units[1].dispatch_accum[44]_i_1_psdsp_n
    DSP48_X6Y28          DSP48E1 (Prop_dsp48e1_A[12]_PCOUT[28])
                                                      3.397    10.673 r  u_top/u_core/u_b/u_b_core/core/core/l1/post/units[1].post/prelu_product_s10/PCOUT[28]
                         net (fo=1, estimated)        0.000    10.673    u_top/u_core/u_b/u_b_core/core/core/l1/post/units[1].post/prelu_product_s10_n_125
    DSP48_X6Y29          DSP48E1                                      r  u_top/u_core/u_b/u_b_core/core/core/l1/post/units[1].post/prelu_product_s1_reg/PCIN[28]
  -------------------------------------------------------------------    -------------------

                         (clock u_top_n_1799 rise edge)
                                                      6.667     6.667 r  
    W19                                               0.000     6.667 r  sys_clk (IN)
                         net (fo=0)                   0.000     6.667    sys_clk
    W19                  IBUF (Prop_ibuf_I_O)         1.374     8.041 r  sys_clk_IBUF_inst/O
                         net (fo=1, estimated)        1.012     9.053    u_top/sys_clk_IBUF
    MMCME2_ADV_X0Y2      MMCME2_ADV (Prop_mmcme2_adv_CLKIN1_CLKOUT0)
                                                      0.073     9.126 r  u_top/g_mmcm.u_mmcm/CLKOUT0
                         net (fo=1, estimated)        1.481    10.607    u_top_n_1799
    BUFGCTRL_X0Y0        BUFG (Prop_bufg_I_O)         0.077    10.684 r  bank_gen[3].mem_reg_i_1/O
                         net (fo=60897, estimated)    1.510    12.193    u_top/u_core/u_b/u_b_core/core/core/l1/post/units[1].post/clk_200
    DSP48_X6Y29          DSP48E1                                      r  u_top/u_core/u_b/u_b_core/core/core/l1/post/units[1].post/prelu_product_s1_reg/CLK
                         clock pessimism              0.279    12.473    
                         clock uncertainty           -0.071    12.401    
    DSP48_X6Y29          DSP48E1 (Setup_dsp48e1_CLK_PCIN[28])
                                                     -1.174    11.227    u_top/u_core/u_b/u_b_core/core/core/l1/post/units[1].post/prelu_product_s1_reg
  -------------------------------------------------------------------
                         required time                         11.227    
                         arrival time                         -10.673    
  -------------------------------------------------------------------
                         slack                                  0.554    

Slack (MET) :             0.554ns  (required time - arrival time)
  Source:                 u_top/u_core/u_b/u_b_core/core/core/l1/post/units[1].post/units[1].dispatch_accum[44]_i_1_psdsp/C
                            (rising edge-triggered cell FDRE clocked by u_top_n_1799  {rise@0.000ns fall@3.333ns period=6.667ns})
  Destination:            u_top/u_core/u_b/u_b_core/core/core/l1/post/units[1].post/prelu_product_s1_reg/PCIN[29]
                            (rising edge-triggered cell DSP48E1 clocked by u_top_n_1799  {rise@0.000ns fall@3.333ns period=6.667ns})
  Path Group:             u_top_n_1799
  Path Type:              Setup (Max at Slow Process Corner)
  Requirement:            6.667ns  (u_top_n_1799 rise@6.667ns - u_top_n_1799 rise@0.000ns)
  Data Path Delay:        4.884ns  (logic 3.776ns (77.314%)  route 1.108ns (22.686%))
  Logic Levels:           1  (DSP48E1=1)
  Clock Path Skew:        0.017ns (DCD - SCD + CPR)
    Destination Clock Delay (DCD):    5.527ns = ( 12.193 - 6.667 ) 
    Source Clock Delay      (SCD):    5.789ns
    Clock Pessimism Removal (CPR):    0.279ns
  Clock Uncertainty:      0.071ns  ((TSJ^2 + DJ^2)^1/2) / 2 + PE
    Total System Jitter     (TSJ):    0.071ns
    Discrete Jitter          (DJ):    0.124ns
    Phase Error              (PE):    0.000ns

    Location             Delay type                Incr(ns)  Path(ns)    Netlist Resource(s)
  -------------------------------------------------------------------    -------------------
                         (clock u_top_n_1799 rise edge)
                                                      0.000     0.000 r  
    W19                                               0.000     0.000 r  sys_clk (IN)
                         net (fo=0)                   0.000     0.000    sys_clk
    W19                  IBUF (Prop_ibuf_I_O)         1.440     1.440 r  sys_clk_IBUF_inst/O
                         net (fo=1, estimated)        1.065     2.505    u_top/sys_clk_IBUF
    MMCME2_ADV_X0Y2      MMCME2_ADV (Prop_mmcme2_adv_CLKIN1_CLKOUT0)
                                                      0.077     2.582 r  u_top/g_mmcm.u_mmcm/CLKOUT0
                         net (fo=1, estimated)        1.559     4.141    u_top_n_1799
    BUFGCTRL_X0Y0        BUFG (Prop_bufg_I_O)         0.081     4.222 r  bank_gen[3].mem_reg_i_1/O
                         net (fo=60897, estimated)    1.567     5.789    u_top/u_core/u_b/u_b_core/core/core/l1/post/units[1].post/clk_200
    SLICE_X109Y58        FDRE                                         r  u_top/u_core/u_b/u_b_core/core/core/l1/post/units[1].post/units[1].dispatch_accum[44]_i_1_psdsp/C
  -------------------------------------------------------------------    -------------------
    SLICE_X109Y58        FDRE (Prop_fdre_C_Q)         0.379     6.168 r  u_top/u_core/u_b/u_b_core/core/core/l1/post/units[1].post/units[1].dispatch_accum[44]_i_1_psdsp/Q
                         net (fo=1, estimated)        1.108     7.276    u_top/u_core/u_b/u_b_core/core/core/l1/post/units[1].post/units[1].dispatch_accum[44]_i_1_psdsp_n
    DSP48_X6Y28          DSP48E1 (Prop_dsp48e1_A[12]_PCOUT[29])
                                                      3.397    10.673 r  u_top/u_core/u_b/u_b_core/core/core/l1/post/units[1].post/prelu_product_s10/PCOUT[29]
                         net (fo=1, estimated)        0.000    10.673    u_top/u_core/u_b/u_b_core/core/core/l1/post/units[1].post/prelu_product_s10_n_124
    DSP48_X6Y29          DSP48E1                                      r  u_top/u_core/u_b/u_b_core/core/core/l1/post/units[1].post/prelu_product_s1_reg/PCIN[29]
  -------------------------------------------------------------------    -------------------

                         (clock u_top_n_1799 rise edge)
                                                      6.667     6.667 r  
    W19                                               0.000     6.667 r  sys_clk (IN)
                         net (fo=0)                   0.000     6.667    sys_clk
    W19                  IBUF (Prop_ibuf_I_O)         1.374     8.041 r  sys_clk_IBUF_inst/O
                         net (fo=1, estimated)        1.012     9.053    u_top/sys_clk_IBUF
    MMCME2_ADV_X0Y2      MMCME2_ADV (Prop_mmcme2_adv_CLKIN1_CLKOUT0)
                                                      0.073     9.126 r  u_top/g_mmcm.u_mmcm/CLKOUT0
                         net (fo=1, estimated)        1.481    10.607    u_top_n_1799
    BUFGCTRL_X0Y0        BUFG (Prop_bufg_I_O)         0.077    10.684 r  bank_gen[3].mem_reg_i_1/O
                         net (fo=60897, estimated)    1.510    12.193    u_top/u_core/u_b/u_b_core/core/core/l1/post/units[1].post/clk_200
    DSP48_X6Y29          DSP48E1                                      r  u_top/u_core/u_b/u_b_core/core/core/l1/post/units[1].post/prelu_product_s1_reg/CLK
                         clock pessimism              0.279    12.473    
                         clock uncertainty           -0.071    12.401    
    DSP48_X6Y29          DSP48E1 (Setup_dsp48e1_CLK_PCIN[29])
                                                     -1.174    11.227    u_top/u_core/u_b/u_b_core/core/core/l1/post/units[1].post/prelu_product_s1_reg
  -------------------------------------------------------------------
                         required time                         11.227    
                         arrival time                         -10.673    
  -------------------------------------------------------------------
                         slack                                  0.554    

Slack (MET) :             0.554ns  (required time - arrival time)
  Source:                 u_top/u_core/u_b/u_b_core/core/core/l1/post/units[1].post/units[1].dispatch_accum[44]_i_1_psdsp/C
                            (rising edge-triggered cell FDRE clocked by u_top_n_1799  {rise@0.000ns fall@3.333ns period=6.667ns})
  Destination:            u_top/u_core/u_b/u_b_core/core/core/l1/post/units[1].post/prelu_product_s1_reg/PCIN[2]
                            (rising edge-triggered cell DSP48E1 clocked by u_top_n_1799  {rise@0.000ns fall@3.333ns period=6.667ns})
  Path Group:             u_top_n_1799
  Path Type:              Setup (Max at Slow Process Corner)
  Requirement:            6.667ns  (u_top_n_1799 rise@6.667ns - u_top_n_1799 rise@0.000ns)
  Data Path Delay:        4.884ns  (logic 3.776ns (77.314%)  route 1.108ns (22.686%))
  Logic Levels:           1  (DSP48E1=1)
  Clock Path Skew:        0.017ns (DCD - SCD + CPR)
    Destination Clock Delay (DCD):    5.527ns = ( 12.193 - 6.667 ) 
    Source Clock Delay      (SCD):    5.789ns
    Clock Pessimism Removal (CPR):    0.279ns
  Clock Uncertainty:      0.071ns  ((TSJ^2 + DJ^2)^1/2) / 2 + PE
    Total System Jitter     (TSJ):    0.071ns
    Discrete Jitter          (DJ):    0.124ns
    Phase Error              (PE):    0.000ns

    Location             Delay type                Incr(ns)  Path(ns)    Netlist Resource(s)
  -------------------------------------------------------------------    -------------------
                         (clock u_top_n_1799 rise edge)
                                                      0.000     0.000 r  
    W19                                               0.000     0.000 r  sys_clk (IN)
                         net (fo=0)                   0.000     0.000    sys_clk
    W19                  IBUF (Prop_ibuf_I_O)         1.440     1.440 r  sys_clk_IBUF_inst/O
                         net (fo=1, estimated)        1.065     2.505    u_top/sys_clk_IBUF
    MMCME2_ADV_X0Y2      MMCME2_ADV (Prop_mmcme2_adv_CLKIN1_CLKOUT0)
                                                      0.077     2.582 r  u_top/g_mmcm.u_mmcm/CLKOUT0
                         net (fo=1, estimated)        1.559     4.141    u_top_n_1799
    BUFGCTRL_X0Y0        BUFG (Prop_bufg_I_O)         0.081     4.222 r  bank_gen[3].mem_reg_i_1/O
                         net (fo=60897, estimated)    1.567     5.789    u_top/u_core/u_b/u_b_core/core/core/l1/post/units[1].post/clk_200
    SLICE_X109Y58        FDRE                                         r  u_top/u_core/u_b/u_b_core/core/core/l1/post/units[1].post/units[1].dispatch_accum[44]_i_1_psdsp/C
  -------------------------------------------------------------------    -------------------
    SLICE_X109Y58        FDRE (Prop_fdre_C_Q)         0.379     6.168 r  u_top/u_core/u_b/u_b_core/core/core/l1/post/units[1].post/units[1].dispatch_accum[44]_i_1_psdsp/Q
                         net (fo=1, estimated)        1.108     7.276    u_top/u_core/u_b/u_b_core/core/core/l1/post/units[1].post/units[1].dispatch_accum[44]_i_1_psdsp_n
    DSP48_X6Y28          DSP48E1 (Prop_dsp48e1_A[12]_PCOUT[2])
                                                      3.397    10.673 r  u_top/u_core/u_b/u_b_core/core/core/l1/post/units[1].post/prelu_product_s10/PCOUT[2]
                         net (fo=1, estimated)        0.000    10.673    u_top/u_core/u_b/u_b_core/core/core/l1/post/units[1].post/prelu_product_s10_n_151
    DSP48_X6Y29          DSP48E1                                      r  u_top/u_core/u_b/u_b_core/core/core/l1/post/units[1].post/prelu_product_s1_reg/PCIN[2]
  -------------------------------------------------------------------    -------------------

                         (clock u_top_n_1799 rise edge)
                                                      6.667     6.667 r  
    W19                                               0.000     6.667 r  sys_clk (IN)
                         net (fo=0)                   0.000     6.667    sys_clk
    W19                  IBUF (Prop_ibuf_I_O)         1.374     8.041 r  sys_clk_IBUF_inst/O
                         net (fo=1, estimated)        1.012     9.053    u_top/sys_clk_IBUF
    MMCME2_ADV_X0Y2      MMCME2_ADV (Prop_mmcme2_adv_CLKIN1_CLKOUT0)
                                                      0.073     9.126 r  u_top/g_mmcm.u_mmcm/CLKOUT0
                         net (fo=1, estimated)        1.481    10.607    u_top_n_1799
    BUFGCTRL_X0Y0        BUFG (Prop_bufg_I_O)         0.077    10.684 r  bank_gen[3].mem_reg_i_1/O
                         net (fo=60897, estimated)    1.510    12.193    u_top/u_core/u_b/u_b_core/core/core/l1/post/units[1].post/clk_200
    DSP48_X6Y29          DSP48E1                                      r  u_top/u_core/u_b/u_b_core/core/core/l1/post/units[1].post/prelu_product_s1_reg/CLK
                         clock pessimism              0.279    12.473    
                         clock uncertainty           -0.071    12.401    
    DSP48_X6Y29          DSP48E1 (Setup_dsp48e1_CLK_PCIN[2])
                                                     -1.174    11.227    u_top/u_core/u_b/u_b_core/core/core/l1/post/units[1].post/prelu_product_s1_reg
  -------------------------------------------------------------------
                         required time                         11.227    
                         arrival time                         -10.673    
  -------------------------------------------------------------------
                         slack                                  0.554    

Slack (MET) :             0.554ns  (required time - arrival time)
  Source:                 u_top/u_core/u_b/u_b_core/core/core/l1/post/units[1].post/units[1].dispatch_accum[44]_i_1_psdsp/C
                            (rising edge-triggered cell FDRE clocked by u_top_n_1799  {rise@0.000ns fall@3.333ns period=6.667ns})
  Destination:            u_top/u_core/u_b/u_b_core/core/core/l1/post/units[1].post/prelu_product_s1_reg/PCIN[30]
                            (rising edge-triggered cell DSP48E1 clocked by u_top_n_1799  {rise@0.000ns fall@3.333ns period=6.667ns})
  Path Group:             u_top_n_1799
  Path Type:              Setup (Max at Slow Process Corner)
  Requirement:            6.667ns  (u_top_n_1799 rise@6.667ns - u_top_n_1799 rise@0.000ns)
  Data Path Delay:        4.884ns  (logic 3.776ns (77.314%)  route 1.108ns (22.686%))
  Logic Levels:           1  (DSP48E1=1)
  Clock Path Skew:        0.017ns (DCD - SCD + CPR)
    Destination Clock Delay (DCD):    5.527ns = ( 12.193 - 6.667 ) 
    Source Clock Delay      (SCD):    5.789ns
    Clock Pessimism Removal (CPR):    0.279ns
  Clock Uncertainty:      0.071ns  ((TSJ^2 + DJ^2)^1/2) / 2 + PE
    Total System Jitter     (TSJ):    0.071ns
    Discrete Jitter          (DJ):    0.124ns
    Phase Error              (PE):    0.000ns

    Location             Delay type                Incr(ns)  Path(ns)    Netlist Resource(s)
  -------------------------------------------------------------------    -------------------
                         (clock u_top_n_1799 rise edge)
                                                      0.000     0.000 r  
    W19                                               0.000     0.000 r  sys_clk (IN)
                         net (fo=0)                   0.000     0.000    sys_clk
    W19                  IBUF (Prop_ibuf_I_O)         1.440     1.440 r  sys_clk_IBUF_inst/O
                         net (fo=1, estimated)        1.065     2.505    u_top/sys_clk_IBUF
    MMCME2_ADV_X0Y2      MMCME2_ADV (Prop_mmcme2_adv_CLKIN1_CLKOUT0)
                                                      0.077     2.582 r  u_top/g_mmcm.u_mmcm/CLKOUT0
                         net (fo=1, estimated)        1.559     4.141    u_top_n_1799
    BUFGCTRL_X0Y0        BUFG (Prop_bufg_I_O)         0.081     4.222 r  bank_gen[3].mem_reg_i_1/O
                         net (fo=60897, estimated)    1.567     5.789    u_top/u_core/u_b/u_b_core/core/core/l1/post/units[1].post/clk_200
    SLICE_X109Y58        FDRE                                         r  u_top/u_core/u_b/u_b_core/core/core/l1/post/units[1].post/units[1].dispatch_accum[44]_i_1_psdsp/C
  -------------------------------------------------------------------    -------------------
    SLICE_X109Y58        FDRE (Prop_fdre_C_Q)         0.379     6.168 r  u_top/u_core/u_b/u_b_core/core/core/l1/post/units[1].post/units[1].dispatch_accum[44]_i_1_psdsp/Q
                         net (fo=1, estimated)        1.108     7.276    u_top/u_core/u_b/u_b_core/core/core/l1/post/units[1].post/units[1].dispatch_accum[44]_i_1_psdsp_n
    DSP48_X6Y28          DSP48E1 (Prop_dsp48e1_A[12]_PCOUT[30])
                                                      3.397    10.673 r  u_top/u_core/u_b/u_b_core/core/core/l1/post/units[1].post/prelu_product_s10/PCOUT[30]
                         net (fo=1, estimated)        0.000    10.673    u_top/u_core/u_b/u_b_core/core/core/l1/post/units[1].post/prelu_product_s10_n_123
    DSP48_X6Y29          DSP48E1                                      r  u_top/u_core/u_b/u_b_core/core/core/l1/post/units[1].post/prelu_product_s1_reg/PCIN[30]
  -------------------------------------------------------------------    -------------------

                         (clock u_top_n_1799 rise edge)
                                                      6.667     6.667 r  
    W19                                               0.000     6.667 r  sys_clk (IN)
                         net (fo=0)                   0.000     6.667    sys_clk
    W19                  IBUF (Prop_ibuf_I_O)         1.374     8.041 r  sys_clk_IBUF_inst/O
                         net (fo=1, estimated)        1.012     9.053    u_top/sys_clk_IBUF
    MMCME2_ADV_X0Y2      MMCME2_ADV (Prop_mmcme2_adv_CLKIN1_CLKOUT0)
                                                      0.073     9.126 r  u_top/g_mmcm.u_mmcm/CLKOUT0
                         net (fo=1, estimated)        1.481    10.607    u_top_n_1799
    BUFGCTRL_X0Y0        BUFG (Prop_bufg_I_O)         0.077    10.684 r  bank_gen[3].mem_reg_i_1/O
                         net (fo=60897, estimated)    1.510    12.193    u_top/u_core/u_b/u_b_core/core/core/l1/post/units[1].post/clk_200
    DSP48_X6Y29          DSP48E1                                      r  u_top/u_core/u_b/u_b_core/core/core/l1/post/units[1].post/prelu_product_s1_reg/CLK
                         clock pessimism              0.279    12.473    
                         clock uncertainty           -0.071    12.401    
    DSP48_X6Y29          DSP48E1 (Setup_dsp48e1_CLK_PCIN[30])
                                                     -1.174    11.227    u_top/u_core/u_b/u_b_core/core/core/l1/post/units[1].post/prelu_product_s1_reg
  -------------------------------------------------------------------
                         required time                         11.227    
                         arrival time                         -10.673    
  -------------------------------------------------------------------
                         slack                                  0.554    

Slack (MET) :             0.554ns  (required time - arrival time)
  Source:                 u_top/u_core/u_b/u_b_core/core/core/l1/post/units[1].post/units[1].dispatch_accum[44]_i_1_psdsp/C
                            (rising edge-triggered cell FDRE clocked by u_top_n_1799  {rise@0.000ns fall@3.333ns period=6.667ns})
  Destination:            u_top/u_core/u_b/u_b_core/core/core/l1/post/units[1].post/prelu_product_s1_reg/PCIN[31]
                            (rising edge-triggered cell DSP48E1 clocked by u_top_n_1799  {rise@0.000ns fall@3.333ns period=6.667ns})
  Path Group:             u_top_n_1799
  Path Type:              Setup (Max at Slow Process Corner)
  Requirement:            6.667ns  (u_top_n_1799 rise@6.667ns - u_top_n_1799 rise@0.000ns)
  Data Path Delay:        4.884ns  (logic 3.776ns (77.314%)  route 1.108ns (22.686%))
  Logic Levels:           1  (DSP48E1=1)
  Clock Path Skew:        0.017ns (DCD - SCD + CPR)
    Destination Clock Delay (DCD):    5.527ns = ( 12.193 - 6.667 ) 
    Source Clock Delay      (SCD):    5.789ns
    Clock Pessimism Removal (CPR):    0.279ns
  Clock Uncertainty:      0.071ns  ((TSJ^2 + DJ^2)^1/2) / 2 + PE
    Total System Jitter     (TSJ):    0.071ns
    Discrete Jitter          (DJ):    0.124ns
    Phase Error              (PE):    0.000ns

    Location             Delay type                Incr(ns)  Path(ns)    Netlist Resource(s)
  -------------------------------------------------------------------    -------------------
                         (clock u_top_n_1799 rise edge)
                                                      0.000     0.000 r  
    W19                                               0.000     0.000 r  sys_clk (IN)
                         net (fo=0)                   0.000     0.000    sys_clk
    W19                  IBUF (Prop_ibuf_I_O)         1.440     1.440 r  sys_clk_IBUF_inst/O
                         net (fo=1, estimated)        1.065     2.505    u_top/sys_clk_IBUF
    MMCME2_ADV_X0Y2      MMCME2_ADV (Prop_mmcme2_adv_CLKIN1_CLKOUT0)
                                                      0.077     2.582 r  u_top/g_mmcm.u_mmcm/CLKOUT0
                         net (fo=1, estimated)        1.559     4.141    u_top_n_1799
    BUFGCTRL_X0Y0        BUFG (Prop_bufg_I_O)         0.081     4.222 r  bank_gen[3].mem_reg_i_1/O
                         net (fo=60897, estimated)    1.567     5.789    u_top/u_core/u_b/u_b_core/core/core/l1/post/units[1].post/clk_200
    SLICE_X109Y58        FDRE                                         r  u_top/u_core/u_b/u_b_core/core/core/l1/post/units[1].post/units[1].dispatch_accum[44]_i_1_psdsp/C
  -------------------------------------------------------------------    -------------------
    SLICE_X109Y58        FDRE (Prop_fdre_C_Q)         0.379     6.168 r  u_top/u_core/u_b/u_b_core/core/core/l1/post/units[1].post/units[1].dispatch_accum[44]_i_1_psdsp/Q
                         net (fo=1, estimated)        1.108     7.276    u_top/u_core/u_b/u_b_core/core/core/l1/post/units[1].post/units[1].dispatch_accum[44]_i_1_psdsp_n
    DSP48_X6Y28          DSP48E1 (Prop_dsp48e1_A[12]_PCOUT[31])
                                                      3.397    10.673 r  u_top/u_core/u_b/u_b_core/core/core/l1/post/units[1].post/prelu_product_s10/PCOUT[31]
                         net (fo=1, estimated)        0.000    10.673    u_top/u_core/u_b/u_b_core/core/core/l1/post/units[1].post/prelu_product_s10_n_122
    DSP48_X6Y29          DSP48E1                                      r  u_top/u_core/u_b/u_b_core/core/core/l1/post/units[1].post/prelu_product_s1_reg/PCIN[31]
  -------------------------------------------------------------------    -------------------

                         (clock u_top_n_1799 rise edge)
                                                      6.667     6.667 r  
    W19                                               0.000     6.667 r  sys_clk (IN)
                         net (fo=0)                   0.000     6.667    sys_clk
    W19                  IBUF (Prop_ibuf_I_O)         1.374     8.041 r  sys_clk_IBUF_inst/O
                         net (fo=1, estimated)        1.012     9.053    u_top/sys_clk_IBUF
    MMCME2_ADV_X0Y2      MMCME2_ADV (Prop_mmcme2_adv_CLKIN1_CLKOUT0)
                                                      0.073     9.126 r  u_top/g_mmcm.u_mmcm/CLKOUT0
                         net (fo=1, estimated)        1.481    10.607    u_top_n_1799
    BUFGCTRL_X0Y0        BUFG (Prop_bufg_I_O)         0.077    10.684 r  bank_gen[3].mem_reg_i_1/O
                         net (fo=60897, estimated)    1.510    12.193    u_top/u_core/u_b/u_b_core/core/core/l1/post/units[1].post/clk_200
    DSP48_X6Y29          DSP48E1                                      r  u_top/u_core/u_b/u_b_core/core/core/l1/post/units[1].post/prelu_product_s1_reg/CLK
                         clock pessimism              0.279    12.473    
                         clock uncertainty           -0.071    12.401    
    DSP48_X6Y29          DSP48E1 (Setup_dsp48e1_CLK_PCIN[31])
                                                     -1.174    11.227    u_top/u_core/u_b/u_b_core/core/core/l1/post/units[1].post/prelu_product_s1_reg
  -------------------------------------------------------------------
                         required time                         11.227    
                         arrival time                         -10.673    
  -------------------------------------------------------------------
                         slack                                  0.554    

Slack (MET) :             0.554ns  (required time - arrival time)
  Source:                 u_top/u_core/u_b/u_b_core/core/core/l1/post/units[1].post/units[1].dispatch_accum[44]_i_1_psdsp/C
                            (rising edge-triggered cell FDRE clocked by u_top_n_1799  {rise@0.000ns fall@3.333ns period=6.667ns})
  Destination:            u_top/u_core/u_b/u_b_core/core/core/l1/post/units[1].post/prelu_product_s1_reg/PCIN[32]
                            (rising edge-triggered cell DSP48E1 clocked by u_top_n_1799  {rise@0.000ns fall@3.333ns period=6.667ns})
  Path Group:             u_top_n_1799
  Path Type:              Setup (Max at Slow Process Corner)
  Requirement:            6.667ns  (u_top_n_1799 rise@6.667ns - u_top_n_1799 rise@0.000ns)
  Data Path Delay:        4.884ns  (logic 3.776ns (77.314%)  route 1.108ns (22.686%))
  Logic Levels:           1  (DSP48E1=1)
  Clock Path Skew:        0.017ns (DCD - SCD + CPR)
    Destination Clock Delay (DCD):    5.527ns = ( 12.193 - 6.667 ) 
    Source Clock Delay      (SCD):    5.789ns
    Clock Pessimism Removal (CPR):    0.279ns
  Clock Uncertainty:      0.071ns  ((TSJ^2 + DJ^2)^1/2) / 2 + PE
    Total System Jitter     (TSJ):    0.071ns
    Discrete Jitter          (DJ):    0.124ns
    Phase Error              (PE):    0.000ns

    Location             Delay type                Incr(ns)  Path(ns)    Netlist Resource(s)
  -------------------------------------------------------------------    -------------------
                         (clock u_top_n_1799 rise edge)
                                                      0.000     0.000 r  
    W19                                               0.000     0.000 r  sys_clk (IN)
                         net (fo=0)                   0.000     0.000    sys_clk
    W19                  IBUF (Prop_ibuf_I_O)         1.440     1.440 r  sys_clk_IBUF_inst/O
                         net (fo=1, estimated)        1.065     2.505    u_top/sys_clk_IBUF
    MMCME2_ADV_X0Y2      MMCME2_ADV (Prop_mmcme2_adv_CLKIN1_CLKOUT0)
                                                      0.077     2.582 r  u_top/g_mmcm.u_mmcm/CLKOUT0
                         net (fo=1, estimated)        1.559     4.141    u_top_n_1799
    BUFGCTRL_X0Y0        BUFG (Prop_bufg_I_O)         0.081     4.222 r  bank_gen[3].mem_reg_i_1/O
                         net (fo=60897, estimated)    1.567     5.789    u_top/u_core/u_b/u_b_core/core/core/l1/post/units[1].post/clk_200
    SLICE_X109Y58        FDRE                                         r  u_top/u_core/u_b/u_b_core/core/core/l1/post/units[1].post/units[1].dispatch_accum[44]_i_1_psdsp/C
  -------------------------------------------------------------------    -------------------
    SLICE_X109Y58        FDRE (Prop_fdre_C_Q)         0.379     6.168 r  u_top/u_core/u_b/u_b_core/core/core/l1/post/units[1].post/units[1].dispatch_accum[44]_i_1_psdsp/Q
                         net (fo=1, estimated)        1.108     7.276    u_top/u_core/u_b/u_b_core/core/core/l1/post/units[1].post/units[1].dispatch_accum[44]_i_1_psdsp_n
    DSP48_X6Y28          DSP48E1 (Prop_dsp48e1_A[12]_PCOUT[32])
                                                      3.397    10.673 r  u_top/u_core/u_b/u_b_core/core/core/l1/post/units[1].post/prelu_product_s10/PCOUT[32]
                         net (fo=1, estimated)        0.000    10.673    u_top/u_core/u_b/u_b_core/core/core/l1/post/units[1].post/prelu_product_s10_n_121
    DSP48_X6Y29          DSP48E1                                      r  u_top/u_core/u_b/u_b_core/core/core/l1/post/units[1].post/prelu_product_s1_reg/PCIN[32]
  -------------------------------------------------------------------    -------------------

                         (clock u_top_n_1799 rise edge)
                                                      6.667     6.667 r  
    W19                                               0.000     6.667 r  sys_clk (IN)
                         net (fo=0)                   0.000     6.667    sys_clk
    W19                  IBUF (Prop_ibuf_I_O)         1.374     8.041 r  sys_clk_IBUF_inst/O
                         net (fo=1, estimated)        1.012     9.053    u_top/sys_clk_IBUF
    MMCME2_ADV_X0Y2      MMCME2_ADV (Prop_mmcme2_adv_CLKIN1_CLKOUT0)
                                                      0.073     9.126 r  u_top/g_mmcm.u_mmcm/CLKOUT0
                         net (fo=1, estimated)        1.481    10.607    u_top_n_1799
    BUFGCTRL_X0Y0        BUFG (Prop_bufg_I_O)         0.077    10.684 r  bank_gen[3].mem_reg_i_1/O
                         net (fo=60897, estimated)    1.510    12.193    u_top/u_core/u_b/u_b_core/core/core/l1/post/units[1].post/clk_200
    DSP48_X6Y29          DSP48E1                                      r  u_top/u_core/u_b/u_b_core/core/core/l1/post/units[1].post/prelu_product_s1_reg/CLK
                         clock pessimism              0.279    12.473    
                         clock uncertainty           -0.071    12.401    
    DSP48_X6Y29          DSP48E1 (Setup_dsp48e1_CLK_PCIN[32])
                                                     -1.174    11.227    u_top/u_core/u_b/u_b_core/core/core/l1/post/units[1].post/prelu_product_s1_reg
  -------------------------------------------------------------------
                         required time                         11.227    
                         arrival time                         -10.673    
  -------------------------------------------------------------------
                         slack                                  0.554    




