Copyright 1986-2022 Xilinx, Inc. All Rights Reserved. Copyright 2022-2025 Advanced Micro Devices, Inc. All Rights Reserved.
----------------------------------------------------------------------------------------------------------------------------------------------------------------------
| Tool Version : Vivado v.2025.2 (win64) Build 6299465 Fri Nov 14 19:35:11 GMT 2025
| Date         : Sat Sep 26 19:18:11 2026
| Host         : OMENMAX running 64-bit major release  (build 9200)
| Command      : report_timing_summary -file V://_synth_bc/acc36_realrom_200_member_b_setup0300926_ascii_ramdecomp/reports/timing_summary_postroute.rpt -max_paths 20
| Design       : c_synth_top
| Device       : 7a200t-fbg484
| Speed File   : -2  PRODUCTION 1.23 2018-06-13
| Design State : Routed
----------------------------------------------------------------------------------------------------------------------------------------------------------------------

Timing Summary Report

------------------------------------------------------------------------------------------------
| Timer Settings
| --------------
------------------------------------------------------------------------------------------------

  Enable Multi Corner Analysis               :  Yes
  Enable Pessimism Removal                   :  Yes
  Pessimism Removal Resolution               :  Nearest Common Node
  Enable Input Delay Default Clock           :  No
  Enable Preset / Clear Arcs                 :  No
  Disable Flight Delays                      :  No
  Ignore I/O Paths                           :  No
  Timing Early Launch at Borrowing Latches   :  No
  Borrow Time for Max Delay Exceptions       :  Yes
  Merge Timing Exceptions                    :  Yes
  Inter-SLR Compensation                     :  Conservative

  Corner  Analyze    Analyze    
  Name    Max Paths  Min Paths  
  ------  ---------  ---------  
  Slow    Yes        Yes        
  Fast    Yes        Yes        


------------------------------------------------------------------------------------------------
| Report Methodology
| ------------------
------------------------------------------------------------------------------------------------

No report available as report_methodology has not been run prior. Run report_methodology on the current design for the summary of methodology violations.



check_timing report

Table of Contents
-----------------
1. checking no_clock (0)
2. checking constant_clock (0)
3. checking pulse_width_clock (0)
4. checking unconstrained_internal_endpoints (0)
5. checking no_input_delay (1)
6. checking no_output_delay (9)
7. checking multiple_clock (0)
8. checking generated_clocks (0)
9. checking loops (0)
10. checking partial_input_delay (0)
11. checking partial_output_delay (0)
12. checking latch_loops (0)

1. checking no_clock (0)
------------------------
 There are 0 register/latch pins with no clock.


2. checking constant_clock (0)
------------------------------
 There are 0 register/latch pins with constant_clock.


3. checking pulse_width_clock (0)
---------------------------------
 There are 0 register/latch pins which need pulse_width check


4. checking unconstrained_internal_endpoints (0)
------------------------------------------------
 There are 0 pins that are not constrained for maximum delay.

 There are 0 pins that are not constrained for maximum delay due to constant clock.


5. checking no_input_delay (1)
------------------------------
 There are 0 input ports with no input delay specified.

 There is 1 input port with no input delay but user has a false path constraint. (MEDIUM)


6. checking no_output_delay (9)
-------------------------------
 There are 9 ports with no output delay specified. (HIGH)

 There are 0 ports with no output delay but user has a false path constraint

 There are 0 ports with no output delay but with a timing clock defined on it or propagating through it


7. checking multiple_clock (0)
------------------------------
 There are 0 register/latch pins with multiple clocks.


8. checking generated_clocks (0)
--------------------------------
 There are 0 generated clocks that are not connected to a clock source.


9. checking loops (0)
---------------------
 There are 0 combinational loops in the design.


10. checking partial_input_delay (0)
------------------------------------
 There are 0 input ports with partial input delay specified.


11. checking partial_output_delay (0)
-------------------------------------
 There are 0 ports with partial output delay specified.


12. checking latch_loops (0)
----------------------------
 There are 0 combinational latch loops in the design through latch input



------------------------------------------------------------------------------------------------
| Design Timing Summary
| ---------------------
------------------------------------------------------------------------------------------------

    WNS(ns)      TNS(ns)  TNS Failing Endpoints  TNS Total Endpoints      WHS(ns)      THS(ns)  THS Failing Endpoints  THS Total Endpoints     WPWS(ns)     TPWS(ns)  TPWS Failing Endpoints  TPWS Total Endpoints  
    -------      -------  ---------------------  -------------------      -------      -------  ---------------------  -------------------     --------     --------  ----------------------  --------------------  
     -0.613     -939.145                   7800               178722        0.036        0.000                      0               178722        1.370        0.000                       0                 61309  


Timing constraints are not met.


------------------------------------------------------------------------------------------------
| Clock Summary
| -------------
------------------------------------------------------------------------------------------------

Clock           Waveform(ns)         Period(ns)      Frequency(MHz)
-----           ------------         ----------      --------------
sys_clk         {0.000 10.000}       20.000          50.000          
  g_mmcm.clkfb  {0.000 10.000}       20.000          50.000          
  u_top_n_1799  {0.000 2.500}        5.000           200.000         


------------------------------------------------------------------------------------------------
| Intra Clock Table
| -----------------
------------------------------------------------------------------------------------------------

Clock               WNS(ns)      TNS(ns)  TNS Failing Endpoints  TNS Total Endpoints      WHS(ns)      THS(ns)  THS Failing Endpoints  THS Total Endpoints     WPWS(ns)     TPWS(ns)  TPWS Failing Endpoints  TPWS Total Endpoints  
-----               -------      -------  ---------------------  -------------------      -------      -------  ---------------------  -------------------     --------     --------  ----------------------  --------------------  
sys_clk                                                                                                                                                           7.000        0.000                       0                     1  
  g_mmcm.clkfb                                                                                                                                                   18.751        0.000                       0                     2  
  u_top_n_1799       -0.613     -939.145                   7800               178722        0.036        0.000                      0               178722        1.370        0.000                       0                 61306  


------------------------------------------------------------------------------------------------
| Inter Clock Table
| -----------------
------------------------------------------------------------------------------------------------

From Clock    To Clock          WNS(ns)      TNS(ns)  TNS Failing Endpoints  TNS Total Endpoints      WHS(ns)      THS(ns)  THS Failing Endpoints  THS Total Endpoints  
----------    --------          -------      -------  ---------------------  -------------------      -------      -------  ---------------------  -------------------  


------------------------------------------------------------------------------------------------
| Other Path Groups Table
| -----------------------
------------------------------------------------------------------------------------------------

Path Group    From Clock    To Clock          WNS(ns)      TNS(ns)  TNS Failing Endpoints  TNS Total Endpoints      WHS(ns)      THS(ns)  THS Failing Endpoints  THS Total Endpoints  
----------    ----------    --------          -------      -------  ---------------------  -------------------      -------      -------  ---------------------  -------------------  


------------------------------------------------------------------------------------------------
| Timing Details
| --------------
------------------------------------------------------------------------------------------------


---------------------------------------------------------------------------------------------------
From Clock:  sys_clk
  To Clock:  sys_clk

Setup :           NA  Failing Endpoints,  Worst Slack           NA  ,  Total Violation           NA
Hold  :           NA  Failing Endpoints,  Worst Slack           NA  ,  Total Violation           NA
PW    :            0  Failing Endpoints,  Worst Slack        7.000ns,  Total Violation        0.000ns
---------------------------------------------------------------------------------------------------


Pulse Width Checks
--------------------------------------------------------------------------------------
Clock Name:         sys_clk
Waveform(ns):       { 0.000 10.000 }
Period(ns):         20.000
Sources:            { sys_clk }

Check Type        Corner  Lib Pin            Reference Pin  Required(ns)  Actual(ns)  Slack(ns)  Location         Pin
Min Period        n/a     MMCME2_ADV/CLKIN1  n/a            1.249         20.000      18.751     MMCME2_ADV_X0Y2  u_top/g_mmcm.u_mmcm/CLKIN1
Max Period        n/a     MMCME2_ADV/CLKIN1  n/a            100.000       20.000      80.000     MMCME2_ADV_X0Y2  u_top/g_mmcm.u_mmcm/CLKIN1
Low Pulse Width   Slow    MMCME2_ADV/CLKIN1  n/a            3.000         10.000      7.000      MMCME2_ADV_X0Y2  u_top/g_mmcm.u_mmcm/CLKIN1
Low Pulse Width   Fast    MMCME2_ADV/CLKIN1  n/a            3.000         10.000      7.000      MMCME2_ADV_X0Y2  u_top/g_mmcm.u_mmcm/CLKIN1
High Pulse Width  Slow    MMCME2_ADV/CLKIN1  n/a            3.000         10.000      7.000      MMCME2_ADV_X0Y2  u_top/g_mmcm.u_mmcm/CLKIN1
High Pulse Width  Fast    MMCME2_ADV/CLKIN1  n/a            3.000         10.000      7.000      MMCME2_ADV_X0Y2  u_top/g_mmcm.u_mmcm/CLKIN1



---------------------------------------------------------------------------------------------------
From Clock:  g_mmcm.clkfb
  To Clock:  g_mmcm.clkfb

Setup :           NA  Failing Endpoints,  Worst Slack           NA  ,  Total Violation           NA
Hold  :           NA  Failing Endpoints,  Worst Slack           NA  ,  Total Violation           NA
PW    :            0  Failing Endpoints,  Worst Slack       18.751ns,  Total Violation        0.000ns
---------------------------------------------------------------------------------------------------


Pulse Width Checks
--------------------------------------------------------------------------------------
Clock Name:         g_mmcm.clkfb
Waveform(ns):       { 0.000 10.000 }
Period(ns):         20.000
Sources:            { u_top/g_mmcm.u_mmcm/CLKFBOUT }

Check Type  Corner  Lib Pin              Reference Pin  Required(ns)  Actual(ns)  Slack(ns)  Location         Pin
Min Period  n/a     MMCME2_ADV/CLKFBOUT  n/a            1.249         20.000      18.751     MMCME2_ADV_X0Y2  u_top/g_mmcm.u_mmcm/CLKFBOUT
Min Period  n/a     MMCME2_ADV/CLKFBIN   n/a            1.249         20.000      18.751     MMCME2_ADV_X0Y2  u_top/g_mmcm.u_mmcm/CLKFBIN
Max Period  n/a     MMCME2_ADV/CLKFBIN   n/a            100.000       20.000      80.000     MMCME2_ADV_X0Y2  u_top/g_mmcm.u_mmcm/CLKFBIN
Max Period  n/a     MMCME2_ADV/CLKFBOUT  n/a            213.360       20.000      193.360    MMCME2_ADV_X0Y2  u_top/g_mmcm.u_mmcm/CLKFBOUT



---------------------------------------------------------------------------------------------------
From Clock:  u_top_n_1799
  To Clock:  u_top_n_1799

Setup :         7800  Failing Endpoints,  Worst Slack       -0.613ns,  Total Violation     -939.145ns
Hold  :            0  Failing Endpoints,  Worst Slack        0.036ns,  Total Violation        0.000ns
PW    :            0  Failing Endpoints,  Worst Slack        1.370ns,  Total Violation        0.000ns
---------------------------------------------------------------------------------------------------


Max Delay Paths
--------------------------------------------------------------------------------------
Slack (VIOLATED) :        -0.613ns  (required time - arrival time)
  Source:                 u_top/u_core/u_b/u_b_core/core/core/l1/mac/acc/sum_stage_reg[13][5]/C
                            (rising edge-triggered cell FDRE clocked by u_top_n_1799  {rise@0.000ns fall@2.500ns period=5.000ns})
  Destination:            u_top/u_core/u_b/u_b_core/core/core/l1/mac/acc/out_data_reg[417]/S
                            (rising edge-triggered cell FDSE clocked by u_top_n_1799  {rise@0.000ns fall@2.500ns period=5.000ns})
  Path Group:             u_top_n_1799
  Path Type:              Setup (Max at Slow Process Corner)
  Requirement:            5.000ns  (u_top_n_1799 rise@5.000ns - u_top_n_1799 rise@0.000ns)
  Data Path Delay:        5.080ns  (logic 2.883ns (56.747%)  route 2.197ns (43.253%))
  Logic Levels:           12  (CARRY4=9 LUT1=1 LUT2=1 LUT5=1)
  Clock Path Skew:        -0.041ns (DCD - SCD + CPR)
    Destination Clock Delay (DCD):    5.620ns = ( 10.620 - 5.000 ) 
    Source Clock Delay      (SCD):    5.948ns
    Clock Pessimism Removal (CPR):    0.287ns
  Clock Uncertainty:      0.069ns  ((TSJ^2 + DJ^2)^1/2) / 2 + PE + UU
    Total System Jitter     (TSJ):    0.071ns
    Discrete Jitter          (DJ):    0.118ns
    Phase Error              (PE):    0.000ns
    User Uncertainty         (UU):    0.000ns

    Location             Delay type                Incr(ns)  Path(ns)    Netlist Resource(s)
  -------------------------------------------------------------------    -------------------
                         (clock u_top_n_1799 rise edge)
                                                      0.000     0.000 r  
    W19                                               0.000     0.000 r  sys_clk (IN)
                         net (fo=0)                   0.000     0.000    sys_clk
    W19                  IBUF (Prop_ibuf_I_O)         1.440     1.440 r  sys_clk_IBUF_inst/O
                         net (fo=1, routed)           1.065     2.505    u_top/sys_clk_IBUF
    MMCME2_ADV_X0Y2      MMCME2_ADV (Prop_mmcme2_adv_CLKIN1_CLKOUT0)
                                                      0.077     2.582 r  u_top/g_mmcm.u_mmcm/CLKOUT0
                         net (fo=1, routed)           1.559     4.141    u_top_n_1799
    BUFGCTRL_X0Y0        BUFG (Prop_bufg_I_O)         0.081     4.222 r  bank_gen[3].mem_reg_i_1/O
                         net (fo=61310, routed)       1.726     5.948    u_top/u_core/u_b/u_b_core/core/core/l1/mac/acc/clk_200
    SLICE_X115Y43        FDRE                                         r  u_top/u_core/u_b/u_b_core/core/core/l1/mac/acc/sum_stage_reg[13][5]/C
  -------------------------------------------------------------------    -------------------
    SLICE_X115Y43        FDRE (Prop_fdre_C_Q)         0.348     6.296 f  u_top/u_core/u_b/u_b_core/core/core/l1/mac/acc/sum_stage_reg[13][5]/Q
                         net (fo=2, routed)           0.473     6.769    u_top/u_core/u_b/u_b_core/core/core/l1/mac/acc/sum_stage_reg[13]_284[5]
    SLICE_X114Y44        LUT1 (Prop_lut1_I0_O)        0.239     7.008 r  u_top/u_core/u_b/u_b_core/core/core/l1/mac/acc/out_data[423]_i_5/O
                         net (fo=1, routed)           0.000     7.008    u_top/u_core/u_b/u_b_core/core/core/l1/mac/acc/out_data[423]_i_5_n_0
    SLICE_X114Y44        CARRY4 (Prop_carry4_S[1]_CO[3])
                                                      0.457     7.465 r  u_top/u_core/u_b/u_b_core/core/core/l1/mac/acc/out_data_reg[423]_i_2/CO[3]
                         net (fo=1, routed)           0.000     7.465    u_top/u_core/u_b/u_b_core/core/core/l1/mac/acc/out_data_reg[423]_i_2_n_0
    SLICE_X114Y45        CARRY4 (Prop_carry4_CI_CO[3])
                                                      0.098     7.563 r  u_top/u_core/u_b/u_b_core/core/core/l1/mac/acc/out_data_reg[427]_i_2/CO[3]
                         net (fo=1, routed)           0.000     7.563    u_top/u_core/u_b/u_b_core/core/core/l1/mac/acc/out_data_reg[427]_i_2_n_0
    SLICE_X114Y46        CARRY4 (Prop_carry4_CI_CO[3])
                                                      0.098     7.661 r  u_top/u_core/u_b/u_b_core/core/core/l1/mac/acc/out_data_reg[431]_i_2/CO[3]
                         net (fo=1, routed)           0.000     7.661    u_top/u_core/u_b/u_b_core/core/core/l1/mac/acc/out_data_reg[431]_i_2_n_0
    SLICE_X114Y47        CARRY4 (Prop_carry4_CI_CO[3])
                                                      0.098     7.759 r  u_top/u_core/u_b/u_b_core/core/core/l1/mac/acc/out_data_reg[435]_i_2/CO[3]
                         net (fo=1, routed)           0.000     7.759    u_top/u_core/u_b/u_b_core/core/core/l1/mac/acc/out_data_reg[435]_i_2_n_0
    SLICE_X114Y48        CARRY4 (Prop_carry4_CI_CO[3])
                                                      0.098     7.857 r  u_top/u_core/u_b/u_b_core/core/core/l1/mac/acc/out_data_reg[439]_i_2/CO[3]
                         net (fo=1, routed)           0.000     7.857    u_top/u_core/u_b/u_b_core/core/core/l1/mac/acc/out_data_reg[439]_i_2_n_0
    SLICE_X114Y49        CARRY4 (Prop_carry4_CI_CO[3])
                                                      0.098     7.955 r  u_top/u_core/u_b/u_b_core/core/core/l1/mac/acc/out_data_reg[443]_i_2/CO[3]
                         net (fo=1, routed)           0.001     7.956    u_top/u_core/u_b/u_b_core/core/core/l1/mac/acc/out_data_reg[443]_i_2_n_0
    SLICE_X114Y50        CARRY4 (Prop_carry4_CI_CO[3])
                                                      0.098     8.054 r  u_top/u_core/u_b/u_b_core/core/core/l1/mac/acc/out_data_reg[447]_i_2/CO[3]
                         net (fo=1, routed)           0.000     8.054    u_top/u_core/u_b/u_b_core/core/core/l1/mac/acc/out_data_reg[447]_i_2_n_0
    SLICE_X114Y51        CARRY4 (Prop_carry4_CI_O[1])
                                                      0.265     8.319 f  u_top/u_core/u_b/u_b_core/core/core/l1/mac/acc/i___133_i_8/O[1]
                         net (fo=4, routed)           0.466     8.785    u_top/u_core/u_b/u_b_core/core/core/l1/mac/acc/i___133_i_8_n_6
    SLICE_X117Y51        LUT2 (Prop_lut2_I0_O)        0.250     9.035 r  u_top/u_core/u_b/u_b_core/core/core/l1/mac/acc/i___133_i_6/O
                         net (fo=1, routed)           0.000     9.035    u_top/u_core/u_b/u_b_core/core/core/l1/mac/acc/i___133_i_6_n_0
    SLICE_X117Y51        CARRY4 (Prop_carry4_S[1]_CO[2])
                                                      0.475     9.510 r  u_top/u_core/u_b/u_b_core/core/core/l1/mac/acc/i___133_i_2/CO[2]
                         net (fo=2, routed)           0.366     9.876    u_top/u_core/u_b/u_b_core/core/core/l1/mac/sat_i32143_in
    SLICE_X117Y52        LUT5 (Prop_lut5_I4_O)        0.261    10.137 r  u_top/u_core/u_b/u_b_core/core/core/l1/mac/i___133/O
                         net (fo=31, routed)          0.892    11.029    u_top/u_core/u_b/u_b_core/core/core/l1/mac/acc/out_data_reg[446]_0
    SLICE_X116Y42        FDSE                                         r  u_top/u_core/u_b/u_b_core/core/core/l1/mac/acc/out_data_reg[417]/S
  -------------------------------------------------------------------    -------------------

                         (clock u_top_n_1799 rise edge)
                                                      5.000     5.000 r  
    W19                                               0.000     5.000 r  sys_clk (IN)
                         net (fo=0)                   0.000     5.000    sys_clk
    W19                  IBUF (Prop_ibuf_I_O)         1.374     6.374 r  sys_clk_IBUF_inst/O
                         net (fo=1, routed)           1.004     7.378    u_top/sys_clk_IBUF
    MMCME2_ADV_X0Y2      MMCME2_ADV (Prop_mmcme2_adv_CLKIN1_CLKOUT0)
                                                      0.073     7.451 r  u_top/g_mmcm.u_mmcm/CLKOUT0
                         net (fo=1, routed)           1.488     8.938    u_top_n_1799
    BUFGCTRL_X0Y0        BUFG (Prop_bufg_I_O)         0.077     9.015 r  bank_gen[3].mem_reg_i_1/O
                         net (fo=61310, routed)       1.605    10.620    u_top/u_core/u_b/u_b_core/core/core/l1/mac/acc/clk_200
    SLICE_X116Y42        FDSE                                         r  u_top/u_core/u_b/u_b_core/core/core/l1/mac/acc/out_data_reg[417]/C
                         clock pessimism              0.287    10.907    
                         clock uncertainty           -0.069    10.838    
    SLICE_X116Y42        FDSE (Setup_fdse_C_S)       -0.423    10.415    u_top/u_core/u_b/u_b_core/core/core/l1/mac/acc/out_data_reg[417]
  -------------------------------------------------------------------
                         required time                         10.415    
                         arrival time                         -11.029    
  -------------------------------------------------------------------
                         slack                                 -0.613    

Slack (VIOLATED) :        -0.613ns  (required time - arrival time)
  Source:                 u_top/u_core/u_b/u_b_core/core/core/l1/mac/acc/sum_stage_reg[13][5]/C
                            (rising edge-triggered cell FDRE clocked by u_top_n_1799  {rise@0.000ns fall@2.500ns period=5.000ns})
  Destination:            u_top/u_core/u_b/u_b_core/core/core/l1/mac/acc/out_data_reg[427]/S
                            (rising edge-triggered cell FDSE clocked by u_top_n_1799  {rise@0.000ns fall@2.500ns period=5.000ns})
  Path Group:             u_top_n_1799
  Path Type:              Setup (Max at Slow Process Corner)
  Requirement:            5.000ns  (u_top_n_1799 rise@5.000ns - u_top_n_1799 rise@0.000ns)
  Data Path Delay:        5.080ns  (logic 2.883ns (56.747%)  route 2.197ns (43.253%))
  Logic Levels:           12  (CARRY4=9 LUT1=1 LUT2=1 LUT5=1)
  Clock Path Skew:        -0.041ns (DCD - SCD + CPR)
    Destination Clock Delay (DCD):    5.620ns = ( 10.620 - 5.000 ) 
    Source Clock Delay      (SCD):    5.948ns
    Clock Pessimism Removal (CPR):    0.287ns
  Clock Uncertainty:      0.069ns  ((TSJ^2 + DJ^2)^1/2) / 2 + PE + UU
    Total System Jitter     (TSJ):    0.071ns
    Discrete Jitter          (DJ):    0.118ns
    Phase Error              (PE):    0.000ns
    User Uncertainty         (UU):    0.000ns

    Location             Delay type                Incr(ns)  Path(ns)    Netlist Resource(s)
  -------------------------------------------------------------------    -------------------
                         (clock u_top_n_1799 rise edge)
                                                      0.000     0.000 r  
    W19                                               0.000     0.000 r  sys_clk (IN)
                         net (fo=0)                   0.000     0.000    sys_clk
    W19                  IBUF (Prop_ibuf_I_O)         1.440     1.440 r  sys_clk_IBUF_inst/O
                         net (fo=1, routed)           1.065     2.505    u_top/sys_clk_IBUF
    MMCME2_ADV_X0Y2      MMCME2_ADV (Prop_mmcme2_adv_CLKIN1_CLKOUT0)
                                                      0.077     2.582 r  u_top/g_mmcm.u_mmcm/CLKOUT0
                         net (fo=1, routed)           1.559     4.141    u_top_n_1799
    BUFGCTRL_X0Y0        BUFG (Prop_bufg_I_O)         0.081     4.222 r  bank_gen[3].mem_reg_i_1/O
                         net (fo=61310, routed)       1.726     5.948    u_top/u_core/u_b/u_b_core/core/core/l1/mac/acc/clk_200
    SLICE_X115Y43        FDRE                                         r  u_top/u_core/u_b/u_b_core/core/core/l1/mac/acc/sum_stage_reg[13][5]/C
  -------------------------------------------------------------------    -------------------
    SLICE_X115Y43        FDRE (Prop_fdre_C_Q)         0.348     6.296 f  u_top/u_core/u_b/u_b_core/core/core/l1/mac/acc/sum_stage_reg[13][5]/Q
                         net (fo=2, routed)           0.473     6.769    u_top/u_core/u_b/u_b_core/core/core/l1/mac/acc/sum_stage_reg[13]_284[5]
    SLICE_X114Y44        LUT1 (Prop_lut1_I0_O)        0.239     7.008 r  u_top/u_core/u_b/u_b_core/core/core/l1/mac/acc/out_data[423]_i_5/O
                         net (fo=1, routed)           0.000     7.008    u_top/u_core/u_b/u_b_core/core/core/l1/mac/acc/out_data[423]_i_5_n_0
    SLICE_X114Y44        CARRY4 (Prop_carry4_S[1]_CO[3])
                                                      0.457     7.465 r  u_top/u_core/u_b/u_b_core/core/core/l1/mac/acc/out_data_reg[423]_i_2/CO[3]
                         net (fo=1, routed)           0.000     7.465    u_top/u_core/u_b/u_b_core/core/core/l1/mac/acc/out_data_reg[423]_i_2_n_0
    SLICE_X114Y45        CARRY4 (Prop_carry4_CI_CO[3])
                                                      0.098     7.563 r  u_top/u_core/u_b/u_b_core/core/core/l1/mac/acc/out_data_reg[427]_i_2/CO[3]
                         net (fo=1, routed)           0.000     7.563    u_top/u_core/u_b/u_b_core/core/core/l1/mac/acc/out_data_reg[427]_i_2_n_0
    SLICE_X114Y46        CARRY4 (Prop_carry4_CI_CO[3])
                                                      0.098     7.661 r  u_top/u_core/u_b/u_b_core/core/core/l1/mac/acc/out_data_reg[431]_i_2/CO[3]
                         net (fo=1, routed)           0.000     7.661    u_top/u_core/u_b/u_b_core/core/core/l1/mac/acc/out_data_reg[431]_i_2_n_0
    SLICE_X114Y47        CARRY4 (Prop_carry4_CI_CO[3])
                                                      0.098     7.759 r  u_top/u_core/u_b/u_b_core/core/core/l1/mac/acc/out_data_reg[435]_i_2/CO[3]
                         net (fo=1, routed)           0.000     7.759    u_top/u_core/u_b/u_b_core/core/core/l1/mac/acc/out_data_reg[435]_i_2_n_0
    SLICE_X114Y48        CARRY4 (Prop_carry4_CI_CO[3])
                                                      0.098     7.857 r  u_top/u_core/u_b/u_b_core/core/core/l1/mac/acc/out_data_reg[439]_i_2/CO[3]
                         net (fo=1, routed)           0.000     7.857    u_top/u_core/u_b/u_b_core/core/core/l1/mac/acc/out_data_reg[439]_i_2_n_0
    SLICE_X114Y49        CARRY4 (Prop_carry4_CI_CO[3])
                                                      0.098     7.955 r  u_top/u_core/u_b/u_b_core/core/core/l1/mac/acc/out_data_reg[443]_i_2/CO[3]
                         net (fo=1, routed)           0.001     7.956    u_top/u_core/u_b/u_b_core/core/core/l1/mac/acc/out_data_reg[443]_i_2_n_0
    SLICE_X114Y50        CARRY4 (Prop_carry4_CI_CO[3])
                                                      0.098     8.054 r  u_top/u_core/u_b/u_b_core/core/core/l1/mac/acc/out_data_reg[447]_i_2/CO[3]
                         net (fo=1, routed)           0.000     8.054    u_top/u_core/u_b/u_b_core/core/core/l1/mac/acc/out_data_reg[447]_i_2_n_0
    SLICE_X114Y51        CARRY4 (Prop_carry4_CI_O[1])
                                                      0.265     8.319 f  u_top/u_core/u_b/u_b_core/core/core/l1/mac/acc/i___133_i_8/O[1]
                         net (fo=4, routed)           0.466     8.785    u_top/u_core/u_b/u_b_core/core/core/l1/mac/acc/i___133_i_8_n_6
    SLICE_X117Y51        LUT2 (Prop_lut2_I0_O)        0.250     9.035 r  u_top/u_core/u_b/u_b_core/core/core/l1/mac/acc/i___133_i_6/O
                         net (fo=1, routed)           0.000     9.035    u_top/u_core/u_b/u_b_core/core/core/l1/mac/acc/i___133_i_6_n_0
    SLICE_X117Y51        CARRY4 (Prop_carry4_S[1]_CO[2])
                                                      0.475     9.510 r  u_top/u_core/u_b/u_b_core/core/core/l1/mac/acc/i___133_i_2/CO[2]
                         net (fo=2, routed)           0.366     9.876    u_top/u_core/u_b/u_b_core/core/core/l1/mac/sat_i32143_in
    SLICE_X117Y52        LUT5 (Prop_lut5_I4_O)        0.261    10.137 r  u_top/u_core/u_b/u_b_core/core/core/l1/mac/i___133/O
                         net (fo=31, routed)          0.892    11.029    u_top/u_core/u_b/u_b_core/core/core/l1/mac/acc/out_data_reg[446]_0
    SLICE_X116Y42        FDSE                                         r  u_top/u_core/u_b/u_b_core/core/core/l1/mac/acc/out_data_reg[427]/S
  -------------------------------------------------------------------    -------------------

                         (clock u_top_n_1799 rise edge)
                                                      5.000     5.000 r  
    W19                                               0.000     5.000 r  sys_clk (IN)
                         net (fo=0)                   0.000     5.000    sys_clk
    W19                  IBUF (Prop_ibuf_I_O)         1.374     6.374 r  sys_clk_IBUF_inst/O
                         net (fo=1, routed)           1.004     7.378    u_top/sys_clk_IBUF
    MMCME2_ADV_X0Y2      MMCME2_ADV (Prop_mmcme2_adv_CLKIN1_CLKOUT0)
                                                      0.073     7.451 r  u_top/g_mmcm.u_mmcm/CLKOUT0
                         net (fo=1, routed)           1.488     8.938    u_top_n_1799
    BUFGCTRL_X0Y0        BUFG (Prop_bufg_I_O)         0.077     9.015 r  bank_gen[3].mem_reg_i_1/O
                         net (fo=61310, routed)       1.605    10.620    u_top/u_core/u_b/u_b_core/core/core/l1/mac/acc/clk_200
    SLICE_X116Y42        FDSE                                         r  u_top/u_core/u_b/u_b_core/core/core/l1/mac/acc/out_data_reg[427]/C
                         clock pessimism              0.287    10.907    
                         clock uncertainty           -0.069    10.838    
    SLICE_X116Y42        FDSE (Setup_fdse_C_S)       -0.423    10.415    u_top/u_core/u_b/u_b_core/core/core/l1/mac/acc/out_data_reg[427]
  -------------------------------------------------------------------
                         required time                         10.415    
                         arrival time                         -11.029    
  -------------------------------------------------------------------
                         slack                                 -0.613    

Slack (VIOLATED) :        -0.613ns  (required time - arrival time)
  Source:                 u_top/u_core/u_b/u_b_core/core/core/l1/mac/acc/sum_stage_reg[13][5]/C
                            (rising edge-triggered cell FDRE clocked by u_top_n_1799  {rise@0.000ns fall@2.500ns period=5.000ns})
  Destination:            u_top/u_core/u_b/u_b_core/core/core/l1/mac/acc/out_data_reg[431]/S
                            (rising edge-triggered cell FDSE clocked by u_top_n_1799  {rise@0.000ns fall@2.500ns period=5.000ns})
  Path Group:             u_top_n_1799
  Path Type:              Setup (Max at Slow Process Corner)
  Requirement:            5.000ns  (u_top_n_1799 rise@5.000ns - u_top_n_1799 rise@0.000ns)
  Data Path Delay:        5.080ns  (logic 2.883ns (56.747%)  route 2.197ns (43.253%))
  Logic Levels:           12  (CARRY4=9 LUT1=1 LUT2=1 LUT5=1)
  Clock Path Skew:        -0.041ns (DCD - SCD + CPR)
    Destination Clock Delay (DCD):    5.620ns = ( 10.620 - 5.000 ) 
    Source Clock Delay      (SCD):    5.948ns
    Clock Pessimism Removal (CPR):    0.287ns
  Clock Uncertainty:      0.069ns  ((TSJ^2 + DJ^2)^1/2) / 2 + PE + UU
    Total System Jitter     (TSJ):    0.071ns
    Discrete Jitter          (DJ):    0.118ns
    Phase Error              (PE):    0.000ns
    User Uncertainty         (UU):    0.000ns

    Location             Delay type                Incr(ns)  Path(ns)    Netlist Resource(s)
  -------------------------------------------------------------------    -------------------
                         (clock u_top_n_1799 rise edge)
                                                      0.000     0.000 r  
    W19                                               0.000     0.000 r  sys_clk (IN)
                         net (fo=0)                   0.000     0.000    sys_clk
    W19                  IBUF (Prop_ibuf_I_O)         1.440     1.440 r  sys_clk_IBUF_inst/O
                         net (fo=1, routed)           1.065     2.505    u_top/sys_clk_IBUF
    MMCME2_ADV_X0Y2      MMCME2_ADV (Prop_mmcme2_adv_CLKIN1_CLKOUT0)
                                                      0.077     2.582 r  u_top/g_mmcm.u_mmcm/CLKOUT0
                         net (fo=1, routed)           1.559     4.141    u_top_n_1799
    BUFGCTRL_X0Y0        BUFG (Prop_bufg_I_O)         0.081     4.222 r  bank_gen[3].mem_reg_i_1/O
                         net (fo=61310, routed)       1.726     5.948    u_top/u_core/u_b/u_b_core/core/core/l1/mac/acc/clk_200
    SLICE_X115Y43        FDRE                                         r  u_top/u_core/u_b/u_b_core/core/core/l1/mac/acc/sum_stage_reg[13][5]/C
  -------------------------------------------------------------------    -------------------
    SLICE_X115Y43        FDRE (Prop_fdre_C_Q)         0.348     6.296 f  u_top/u_core/u_b/u_b_core/core/core/l1/mac/acc/sum_stage_reg[13][5]/Q
                         net (fo=2, routed)           0.473     6.769    u_top/u_core/u_b/u_b_core/core/core/l1/mac/acc/sum_stage_reg[13]_284[5]
    SLICE_X114Y44        LUT1 (Prop_lut1_I0_O)        0.239     7.008 r  u_top/u_core/u_b/u_b_core/core/core/l1/mac/acc/out_data[423]_i_5/O
                         net (fo=1, routed)           0.000     7.008    u_top/u_core/u_b/u_b_core/core/core/l1/mac/acc/out_data[423]_i_5_n_0
    SLICE_X114Y44        CARRY4 (Prop_carry4_S[1]_CO[3])
                                                      0.457     7.465 r  u_top/u_core/u_b/u_b_core/core/core/l1/mac/acc/out_data_reg[423]_i_2/CO[3]
                         net (fo=1, routed)           0.000     7.465    u_top/u_core/u_b/u_b_core/core/core/l1/mac/acc/out_data_reg[423]_i_2_n_0
    SLICE_X114Y45        CARRY4 (Prop_carry4_CI_CO[3])
                                                      0.098     7.563 r  u_top/u_core/u_b/u_b_core/core/core/l1/mac/acc/out_data_reg[427]_i_2/CO[3]
                         net (fo=1, routed)           0.000     7.563    u_top/u_core/u_b/u_b_core/core/core/l1/mac/acc/out_data_reg[427]_i_2_n_0
    SLICE_X114Y46        CARRY4 (Prop_carry4_CI_CO[3])
                                                      0.098     7.661 r  u_top/u_core/u_b/u_b_core/core/core/l1/mac/acc/out_data_reg[431]_i_2/CO[3]
                         net (fo=1, routed)           0.000     7.661    u_top/u_core/u_b/u_b_core/core/core/l1/mac/acc/out_data_reg[431]_i_2_n_0
    SLICE_X114Y47        CARRY4 (Prop_carry4_CI_CO[3])
                                                      0.098     7.759 r  u_top/u_core/u_b/u_b_core/core/core/l1/mac/acc/out_data_reg[435]_i_2/CO[3]
                         net (fo=1, routed)           0.000     7.759    u_top/u_core/u_b/u_b_core/core/core/l1/mac/acc/out_data_reg[435]_i_2_n_0
    SLICE_X114Y48        CARRY4 (Prop_carry4_CI_CO[3])
                                                      0.098     7.857 r  u_top/u_core/u_b/u_b_core/core/core/l1/mac/acc/out_data_reg[439]_i_2/CO[3]
                         net (fo=1, routed)           0.000     7.857    u_top/u_core/u_b/u_b_core/core/core/l1/mac/acc/out_data_reg[439]_i_2_n_0
    SLICE_X114Y49        CARRY4 (Prop_carry4_CI_CO[3])
                                                      0.098     7.955 r  u_top/u_core/u_b/u_b_core/core/core/l1/mac/acc/out_data_reg[443]_i_2/CO[3]
                         net (fo=1, routed)           0.001     7.956    u_top/u_core/u_b/u_b_core/core/core/l1/mac/acc/out_data_reg[443]_i_2_n_0
    SLICE_X114Y50        CARRY4 (Prop_carry4_CI_CO[3])
                                                      0.098     8.054 r  u_top/u_core/u_b/u_b_core/core/core/l1/mac/acc/out_data_reg[447]_i_2/CO[3]
                         net (fo=1, routed)           0.000     8.054    u_top/u_core/u_b/u_b_core/core/core/l1/mac/acc/out_data_reg[447]_i_2_n_0
    SLICE_X114Y51        CARRY4 (Prop_carry4_CI_O[1])
                                                      0.265     8.319 f  u_top/u_core/u_b/u_b_core/core/core/l1/mac/acc/i___133_i_8/O[1]
                         net (fo=4, routed)           0.466     8.785    u_top/u_core/u_b/u_b_core/core/core/l1/mac/acc/i___133_i_8_n_6
    SLICE_X117Y51        LUT2 (Prop_lut2_I0_O)        0.250     9.035 r  u_top/u_core/u_b/u_b_core/core/core/l1/mac/acc/i___133_i_6/O
                         net (fo=1, routed)           0.000     9.035    u_top/u_core/u_b/u_b_core/core/core/l1/mac/acc/i___133_i_6_n_0
    SLICE_X117Y51        CARRY4 (Prop_carry4_S[1]_CO[2])
                                                      0.475     9.510 r  u_top/u_core/u_b/u_b_core/core/core/l1/mac/acc/i___133_i_2/CO[2]
                         net (fo=2, routed)           0.366     9.876    u_top/u_core/u_b/u_b_core/core/core/l1/mac/sat_i32143_in
    SLICE_X117Y52        LUT5 (Prop_lut5_I4_O)        0.261    10.137 r  u_top/u_core/u_b/u_b_core/core/core/l1/mac/i___133/O
                         net (fo=31, routed)          0.892    11.029    u_top/u_core/u_b/u_b_core/core/core/l1/mac/acc/out_data_reg[446]_0
    SLICE_X116Y42        FDSE                                         r  u_top/u_core/u_b/u_b_core/core/core/l1/mac/acc/out_data_reg[431]/S
  -------------------------------------------------------------------    -------------------

                         (clock u_top_n_1799 rise edge)
                                                      5.000     5.000 r  
    W19                                               0.000     5.000 r  sys_clk (IN)
                         net (fo=0)                   0.000     5.000    sys_clk
    W19                  IBUF (Prop_ibuf_I_O)         1.374     6.374 r  sys_clk_IBUF_inst/O
                         net (fo=1, routed)           1.004     7.378    u_top/sys_clk_IBUF
    MMCME2_ADV_X0Y2      MMCME2_ADV (Prop_mmcme2_adv_CLKIN1_CLKOUT0)
                                                      0.073     7.451 r  u_top/g_mmcm.u_mmcm/CLKOUT0
                         net (fo=1, routed)           1.488     8.938    u_top_n_1799
    BUFGCTRL_X0Y0        BUFG (Prop_bufg_I_O)         0.077     9.015 r  bank_gen[3].mem_reg_i_1/O
                         net (fo=61310, routed)       1.605    10.620    u_top/u_core/u_b/u_b_core/core/core/l1/mac/acc/clk_200
    SLICE_X116Y42        FDSE                                         r  u_top/u_core/u_b/u_b_core/core/core/l1/mac/acc/out_data_reg[431]/C
                         clock pessimism              0.287    10.907    
                         clock uncertainty           -0.069    10.838    
    SLICE_X116Y42        FDSE (Setup_fdse_C_S)       -0.423    10.415    u_top/u_core/u_b/u_b_core/core/core/l1/mac/acc/out_data_reg[431]
  -------------------------------------------------------------------
                         required time                         10.415    
                         arrival time                         -11.029    
  -------------------------------------------------------------------
                         slack                                 -0.613    

Slack (VIOLATED) :        -0.613ns  (required time - arrival time)
  Source:                 u_top/u_core/u_b/u_b_core/core/core/l1/mac/acc/sum_stage_reg[13][5]/C
                            (rising edge-triggered cell FDRE clocked by u_top_n_1799  {rise@0.000ns fall@2.500ns period=5.000ns})
  Destination:            u_top/u_core/u_b/u_b_core/core/core/l1/mac/acc/out_data_reg[432]/S
                            (rising edge-triggered cell FDSE clocked by u_top_n_1799  {rise@0.000ns fall@2.500ns period=5.000ns})
  Path Group:             u_top_n_1799
  Path Type:              Setup (Max at Slow Process Corner)
  Requirement:            5.000ns  (u_top_n_1799 rise@5.000ns - u_top_n_1799 rise@0.000ns)
  Data Path Delay:        5.080ns  (logic 2.883ns (56.747%)  route 2.197ns (43.253%))
  Logic Levels:           12  (CARRY4=9 LUT1=1 LUT2=1 LUT5=1)
  Clock Path Skew:        -0.041ns (DCD - SCD + CPR)
    Destination Clock Delay (DCD):    5.620ns = ( 10.620 - 5.000 ) 
    Source Clock Delay      (SCD):    5.948ns
    Clock Pessimism Removal (CPR):    0.287ns
  Clock Uncertainty:      0.069ns  ((TSJ^2 + DJ^2)^1/2) / 2 + PE + UU
    Total System Jitter     (TSJ):    0.071ns
    Discrete Jitter          (DJ):    0.118ns
    Phase Error              (PE):    0.000ns
    User Uncertainty         (UU):    0.000ns

    Location             Delay type                Incr(ns)  Path(ns)    Netlist Resource(s)
  -------------------------------------------------------------------    -------------------
                         (clock u_top_n_1799 rise edge)
                                                      0.000     0.000 r  
    W19                                               0.000     0.000 r  sys_clk (IN)
                         net (fo=0)                   0.000     0.000    sys_clk
    W19                  IBUF (Prop_ibuf_I_O)         1.440     1.440 r  sys_clk_IBUF_inst/O
                         net (fo=1, routed)           1.065     2.505    u_top/sys_clk_IBUF
    MMCME2_ADV_X0Y2      MMCME2_ADV (Prop_mmcme2_adv_CLKIN1_CLKOUT0)
                                                      0.077     2.582 r  u_top/g_mmcm.u_mmcm/CLKOUT0
                         net (fo=1, routed)           1.559     4.141    u_top_n_1799
    BUFGCTRL_X0Y0        BUFG (Prop_bufg_I_O)         0.081     4.222 r  bank_gen[3].mem_reg_i_1/O
                         net (fo=61310, routed)       1.726     5.948    u_top/u_core/u_b/u_b_core/core/core/l1/mac/acc/clk_200
    SLICE_X115Y43        FDRE                                         r  u_top/u_core/u_b/u_b_core/core/core/l1/mac/acc/sum_stage_reg[13][5]/C
  -------------------------------------------------------------------    -------------------
    SLICE_X115Y43        FDRE (Prop_fdre_C_Q)         0.348     6.296 f  u_top/u_core/u_b/u_b_core/core/core/l1/mac/acc/sum_stage_reg[13][5]/Q
                         net (fo=2, routed)           0.473     6.769    u_top/u_core/u_b/u_b_core/core/core/l1/mac/acc/sum_stage_reg[13]_284[5]
    SLICE_X114Y44        LUT1 (Prop_lut1_I0_O)        0.239     7.008 r  u_top/u_core/u_b/u_b_core/core/core/l1/mac/acc/out_data[423]_i_5/O
                         net (fo=1, routed)           0.000     7.008    u_top/u_core/u_b/u_b_core/core/core/l1/mac/acc/out_data[423]_i_5_n_0
    SLICE_X114Y44        CARRY4 (Prop_carry4_S[1]_CO[3])
                                                      0.457     7.465 r  u_top/u_core/u_b/u_b_core/core/core/l1/mac/acc/out_data_reg[423]_i_2/CO[3]
                         net (fo=1, routed)           0.000     7.465    u_top/u_core/u_b/u_b_core/core/core/l1/mac/acc/out_data_reg[423]_i_2_n_0
    SLICE_X114Y45        CARRY4 (Prop_carry4_CI_CO[3])
                                                      0.098     7.563 r  u_top/u_core/u_b/u_b_core/core/core/l1/mac/acc/out_data_reg[427]_i_2/CO[3]
                         net (fo=1, routed)           0.000     7.563    u_top/u_core/u_b/u_b_core/core/core/l1/mac/acc/out_data_reg[427]_i_2_n_0
    SLICE_X114Y46        CARRY4 (Prop_carry4_CI_CO[3])
                                                      0.098     7.661 r  u_top/u_core/u_b/u_b_core/core/core/l1/mac/acc/out_data_reg[431]_i_2/CO[3]
                         net (fo=1, routed)           0.000     7.661    u_top/u_core/u_b/u_b_core/core/core/l1/mac/acc/out_data_reg[431]_i_2_n_0
    SLICE_X114Y47        CARRY4 (Prop_carry4_CI_CO[3])
                                                      0.098     7.759 r  u_top/u_core/u_b/u_b_core/core/core/l1/mac/acc/out_data_reg[435]_i_2/CO[3]
                         net (fo=1, routed)           0.000     7.759    u_top/u_core/u_b/u_b_core/core/core/l1/mac/acc/out_data_reg[435]_i_2_n_0
    SLICE_X114Y48        CARRY4 (Prop_carry4_CI_CO[3])
                                                      0.098     7.857 r  u_top/u_core/u_b/u_b_core/core/core/l1/mac/acc/out_data_reg[439]_i_2/CO[3]
                         net (fo=1, routed)           0.000     7.857    u_top/u_core/u_b/u_b_core/core/core/l1/mac/acc/out_data_reg[439]_i_2_n_0
    SLICE_X114Y49        CARRY4 (Prop_carry4_CI_CO[3])
                                                      0.098     7.955 r  u_top/u_core/u_b/u_b_core/core/core/l1/mac/acc/out_data_reg[443]_i_2/CO[3]
                         net (fo=1, routed)           0.001     7.956    u_top/u_core/u_b/u_b_core/core/core/l1/mac/acc/out_data_reg[443]_i_2_n_0
    SLICE_X114Y50        CARRY4 (Prop_carry4_CI_CO[3])
                                                      0.098     8.054 r  u_top/u_core/u_b/u_b_core/core/core/l1/mac/acc/out_data_reg[447]_i_2/CO[3]
                         net (fo=1, routed)           0.000     8.054    u_top/u_core/u_b/u_b_core/core/core/l1/mac/acc/out_data_reg[447]_i_2_n_0
    SLICE_X114Y51        CARRY4 (Prop_carry4_CI_O[1])
                                                      0.265     8.319 f  u_top/u_core/u_b/u_b_core/core/core/l1/mac/acc/i___133_i_8/O[1]
                         net (fo=4, routed)           0.466     8.785    u_top/u_core/u_b/u_b_core/core/core/l1/mac/acc/i___133_i_8_n_6
    SLICE_X117Y51        LUT2 (Prop_lut2_I0_O)        0.250     9.035 r  u_top/u_core/u_b/u_b_core/core/core/l1/mac/acc/i___133_i_6/O
                         net (fo=1, routed)           0.000     9.035    u_top/u_core/u_b/u_b_core/core/core/l1/mac/acc/i___133_i_6_n_0
    SLICE_X117Y51        CARRY4 (Prop_carry4_S[1]_CO[2])
                                                      0.475     9.510 r  u_top/u_core/u_b/u_b_core/core/core/l1/mac/acc/i___133_i_2/CO[2]
                         net (fo=2, routed)           0.366     9.876    u_top/u_core/u_b/u_b_core/core/core/l1/mac/sat_i32143_in
    SLICE_X117Y52        LUT5 (Prop_lut5_I4_O)        0.261    10.137 r  u_top/u_core/u_b/u_b_core/core/core/l1/mac/i___133/O
                         net (fo=31, routed)          0.892    11.029    u_top/u_core/u_b/u_b_core/core/core/l1/mac/acc/out_data_reg[446]_0
    SLICE_X116Y42        FDSE                                         r  u_top/u_core/u_b/u_b_core/core/core/l1/mac/acc/out_data_reg[432]/S
  -------------------------------------------------------------------    -------------------

                         (clock u_top_n_1799 rise edge)
                                                      5.000     5.000 r  
    W19                                               0.000     5.000 r  sys_clk (IN)
                         net (fo=0)                   0.000     5.000    sys_clk
    W19                  IBUF (Prop_ibuf_I_O)         1.374     6.374 r  sys_clk_IBUF_inst/O
                         net (fo=1, routed)           1.004     7.378    u_top/sys_clk_IBUF
    MMCME2_ADV_X0Y2      MMCME2_ADV (Prop_mmcme2_adv_CLKIN1_CLKOUT0)
                                                      0.073     7.451 r  u_top/g_mmcm.u_mmcm/CLKOUT0
                         net (fo=1, routed)           1.488     8.938    u_top_n_1799
    BUFGCTRL_X0Y0        BUFG (Prop_bufg_I_O)         0.077     9.015 r  bank_gen[3].mem_reg_i_1/O
                         net (fo=61310, routed)       1.605    10.620    u_top/u_core/u_b/u_b_core/core/core/l1/mac/acc/clk_200
    SLICE_X116Y42        FDSE                                         r  u_top/u_core/u_b/u_b_core/core/core/l1/mac/acc/out_data_reg[432]/C
                         clock pessimism              0.287    10.907    
                         clock uncertainty           -0.069    10.838    
    SLICE_X116Y42        FDSE (Setup_fdse_C_S)       -0.423    10.415    u_top/u_core/u_b/u_b_core/core/core/l1/mac/acc/out_data_reg[432]
  -------------------------------------------------------------------
                         required time                         10.415    
                         arrival time                         -11.029    
  -------------------------------------------------------------------
                         slack                                 -0.613    

Slack (VIOLATED) :        -0.562ns  (required time - arrival time)
  Source:                 u_top/u_core/u_pp/u_bank0/mem_reg_bram_14/CLKBWRCLK
                            (rising edge-triggered cell RAMB36E1 clocked by u_top_n_1799  {rise@0.000ns fall@2.500ns period=5.000ns})
  Destination:            u_top/u_core/u_rb/byte_q_reg[2]/D
                            (rising edge-triggered cell FDCE clocked by u_top_n_1799  {rise@0.000ns fall@2.500ns period=5.000ns})
  Path Group:             u_top_n_1799
  Path Type:              Setup (Max at Slow Process Corner)
  Requirement:            5.000ns  (u_top_n_1799 rise@5.000ns - u_top_n_1799 rise@0.000ns)
  Data Path Delay:        5.302ns  (logic 2.863ns (53.997%)  route 2.439ns (46.003%))
  Logic Levels:           4  (LUT6=2 MUXF7=2)
  Clock Path Skew:        -0.251ns (DCD - SCD + CPR)
    Destination Clock Delay (DCD):    5.303ns = ( 10.303 - 5.000 ) 
    Source Clock Delay      (SCD):    5.762ns
    Clock Pessimism Removal (CPR):    0.207ns
  Clock Uncertainty:      0.069ns  ((TSJ^2 + DJ^2)^1/2) / 2 + PE + UU
    Total System Jitter     (TSJ):    0.071ns
    Discrete Jitter          (DJ):    0.118ns
    Phase Error              (PE):    0.000ns
    User Uncertainty         (UU):    0.000ns

    Location             Delay type                Incr(ns)  Path(ns)    Netlist Resource(s)
  -------------------------------------------------------------------    -------------------
                         (clock u_top_n_1799 rise edge)
                                                      0.000     0.000 r  
    W19                                               0.000     0.000 r  sys_clk (IN)
                         net (fo=0)                   0.000     0.000    sys_clk
    W19                  IBUF (Prop_ibuf_I_O)         1.440     1.440 r  sys_clk_IBUF_inst/O
                         net (fo=1, routed)           1.065     2.505    u_top/sys_clk_IBUF
    MMCME2_ADV_X0Y2      MMCME2_ADV (Prop_mmcme2_adv_CLKIN1_CLKOUT0)
                                                      0.077     2.582 r  u_top/g_mmcm.u_mmcm/CLKOUT0
                         net (fo=1, routed)           1.559     4.141    u_top_n_1799
    BUFGCTRL_X0Y0        BUFG (Prop_bufg_I_O)         0.081     4.222 r  bank_gen[3].mem_reg_i_1/O
                         net (fo=61310, routed)       1.539     5.762    u_top/u_core/u_pp/u_bank0/clk_200
    RAMB36_X0Y29         RAMB36E1                                     r  u_top/u_core/u_pp/u_bank0/mem_reg_bram_14/CLKBWRCLK
  -------------------------------------------------------------------    -------------------
    RAMB36_X0Y29         RAMB36E1 (Prop_ramb36e1_CLKBWRCLK_DOBDO[2])
                                                      2.125     7.887 r  u_top/u_core/u_pp/u_bank0/mem_reg_bram_14/DOBDO[2]
                         net (fo=1, routed)           1.333     9.220    u_top/u_core/u_pp/u_bank0/mem_reg_bram_14_n_65
    SLICE_X23Y163        LUT6 (Prop_lut6_I1_O)        0.105     9.325 r  u_top/u_core/u_pp/u_bank0/byte_q[2]_i_17/O
                         net (fo=1, routed)           0.000     9.325    u_top/u_core/u_pp/u_bank0/byte_q[2]_i_17_n_0
    SLICE_X23Y163        MUXF7 (Prop_muxf7_I1_O)      0.182     9.507 r  u_top/u_core/u_pp/u_bank0/byte_q_reg[2]_i_6/O
                         net (fo=1, routed)           1.106    10.613    u_top/u_core/u_pp/u_bank0/byte_q_reg[2]_i_6_n_0
    SLICE_X43Y154        LUT6 (Prop_lut6_I3_O)        0.252    10.865 r  u_top/u_core/u_pp/u_bank0/byte_q[2]_i_2/O
                         net (fo=1, routed)           0.000    10.865    u_top/u_core/u_pp/u_bank0/byte_q[2]_i_2_n_0
    SLICE_X43Y154        MUXF7 (Prop_muxf7_I0_O)      0.199    11.064 r  u_top/u_core/u_pp/u_bank0/byte_q_reg[2]_i_1/O
                         net (fo=1, routed)           0.000    11.064    u_top/u_core/u_rb/D[2]
    SLICE_X43Y154        FDCE                                         r  u_top/u_core/u_rb/byte_q_reg[2]/D
  -------------------------------------------------------------------    -------------------

                         (clock u_top_n_1799 rise edge)
                                                      5.000     5.000 r  
    W19                                               0.000     5.000 r  sys_clk (IN)
                         net (fo=0)                   0.000     5.000    sys_clk
    W19                  IBUF (Prop_ibuf_I_O)         1.374     6.374 r  sys_clk_IBUF_inst/O
                         net (fo=1, routed)           1.004     7.378    u_top/sys_clk_IBUF
    MMCME2_ADV_X0Y2      MMCME2_ADV (Prop_mmcme2_adv_CLKIN1_CLKOUT0)
                                                      0.073     7.451 r  u_top/g_mmcm.u_mmcm/CLKOUT0
                         net (fo=1, routed)           1.488     8.938    u_top_n_1799
    BUFGCTRL_X0Y0        BUFG (Prop_bufg_I_O)         0.077     9.015 r  bank_gen[3].mem_reg_i_1/O
                         net (fo=61310, routed)       1.288    10.303    u_top/u_core/u_rb/clk_200
    SLICE_X43Y154        FDCE                                         r  u_top/u_core/u_rb/byte_q_reg[2]/C
                         clock pessimism              0.207    10.510    
                         clock uncertainty           -0.069    10.441    
    SLICE_X43Y154        FDCE (Setup_fdce_C_D)        0.060    10.501    u_top/u_core/u_rb/byte_q_reg[2]
  -------------------------------------------------------------------
                         required time                         10.501    
                         arrival time                         -11.064    
  -------------------------------------------------------------------
                         slack                                 -0.562    

Slack (VIOLATED) :        -0.543ns  (required time - arrival time)
  Source:                 u_top/u_core/u_pp/u_bank1/mem_reg_bram_5/CLKBWRCLK
                            (rising edge-triggered cell RAMB36E1 clocked by u_top_n_1799  {rise@0.000ns fall@2.500ns period=5.000ns})
  Destination:            u_top/u_core/u_rb/byte_q_reg[6]/D
                            (rising edge-triggered cell FDCE clocked by u_top_n_1799  {rise@0.000ns fall@2.500ns period=5.000ns})
  Path Group:             u_top_n_1799
  Path Type:              Setup (Max at Slow Process Corner)
  Requirement:            5.000ns  (u_top_n_1799 rise@5.000ns - u_top_n_1799 rise@0.000ns)
  Data Path Delay:        5.496ns  (logic 2.860ns (52.037%)  route 2.636ns (47.963%))
  Logic Levels:           4  (LUT6=2 MUXF7=2)
  Clock Path Skew:        -0.038ns (DCD - SCD + CPR)
    Destination Clock Delay (DCD):    5.393ns = ( 10.393 - 5.000 ) 
    Source Clock Delay      (SCD):    5.638ns
    Clock Pessimism Removal (CPR):    0.207ns
  Clock Uncertainty:      0.069ns  ((TSJ^2 + DJ^2)^1/2) / 2 + PE + UU
    Total System Jitter     (TSJ):    0.071ns
    Discrete Jitter          (DJ):    0.118ns
    Phase Error              (PE):    0.000ns
    User Uncertainty         (UU):    0.000ns

    Location             Delay type                Incr(ns)  Path(ns)    Netlist Resource(s)
  -------------------------------------------------------------------    -------------------
                         (clock u_top_n_1799 rise edge)
                                                      0.000     0.000 r  
    W19                                               0.000     0.000 r  sys_clk (IN)
                         net (fo=0)                   0.000     0.000    sys_clk
    W19                  IBUF (Prop_ibuf_I_O)         1.440     1.440 r  sys_clk_IBUF_inst/O
                         net (fo=1, routed)           1.065     2.505    u_top/sys_clk_IBUF
    MMCME2_ADV_X0Y2      MMCME2_ADV (Prop_mmcme2_adv_CLKIN1_CLKOUT0)
                                                      0.077     2.582 r  u_top/g_mmcm.u_mmcm/CLKOUT0
                         net (fo=1, routed)           1.559     4.141    u_top_n_1799
    BUFGCTRL_X0Y0        BUFG (Prop_bufg_I_O)         0.081     4.222 r  bank_gen[3].mem_reg_i_1/O
                         net (fo=61310, routed)       1.416     5.638    u_top/u_core/u_pp/u_bank1/clk_200
    RAMB36_X4Y32         RAMB36E1                                     r  u_top/u_core/u_pp/u_bank1/mem_reg_bram_5/CLKBWRCLK
  -------------------------------------------------------------------    -------------------
    RAMB36_X4Y32         RAMB36E1 (Prop_ramb36e1_CLKBWRCLK_DOBDO[6])
                                                      2.125     7.763 r  u_top/u_core/u_pp/u_bank1/mem_reg_bram_5/DOBDO[6]
                         net (fo=1, routed)           1.458     9.221    u_top/u_core/u_pp/u_bank1/mem_reg_bram_5_n_61
    SLICE_X60Y149        LUT6 (Prop_lut6_I3_O)        0.105     9.326 r  u_top/u_core/u_pp/u_bank1/byte_q[6]_i_27/O
                         net (fo=1, routed)           0.000     9.326    u_top/u_core/u_pp/u_bank1/byte_q[6]_i_27_n_0
    SLICE_X60Y149        MUXF7 (Prop_muxf7_I1_O)      0.206     9.532 r  u_top/u_core/u_pp/u_bank1/byte_q_reg[6]_i_11/O
                         net (fo=1, routed)           1.178    10.710    u_top/u_core/u_pp/u_bank1/byte_q_reg[6]_i_11_n_0
    SLICE_X37Y145        LUT6 (Prop_lut6_I5_O)        0.242    10.952 r  u_top/u_core/u_pp/u_bank1/byte_q[6]_i_3/O
                         net (fo=1, routed)           0.000    10.952    u_top/u_core/u_pp/u_bank0/byte_q_reg[6]
    SLICE_X37Y145        MUXF7 (Prop_muxf7_I1_O)      0.182    11.134 r  u_top/u_core/u_pp/u_bank0/byte_q_reg[6]_i_1/O
                         net (fo=1, routed)           0.000    11.134    u_top/u_core/u_rb/D[6]
    SLICE_X37Y145        FDCE                                         r  u_top/u_core/u_rb/byte_q_reg[6]/D
  -------------------------------------------------------------------    -------------------

                         (clock u_top_n_1799 rise edge)
                                                      5.000     5.000 r  
    W19                                               0.000     5.000 r  sys_clk (IN)
                         net (fo=0)                   0.000     5.000    sys_clk
    W19                  IBUF (Prop_ibuf_I_O)         1.374     6.374 r  sys_clk_IBUF_inst/O
                         net (fo=1, routed)           1.004     7.378    u_top/sys_clk_IBUF
    MMCME2_ADV_X0Y2      MMCME2_ADV (Prop_mmcme2_adv_CLKIN1_CLKOUT0)
                                                      0.073     7.451 r  u_top/g_mmcm.u_mmcm/CLKOUT0
                         net (fo=1, routed)           1.488     8.938    u_top_n_1799
    BUFGCTRL_X0Y0        BUFG (Prop_bufg_I_O)         0.077     9.015 r  bank_gen[3].mem_reg_i_1/O
                         net (fo=61310, routed)       1.378    10.393    u_top/u_core/u_rb/clk_200
    SLICE_X37Y145        FDCE                                         r  u_top/u_core/u_rb/byte_q_reg[6]/C
                         clock pessimism              0.207    10.600    
                         clock uncertainty           -0.069    10.531    
    SLICE_X37Y145        FDCE (Setup_fdce_C_D)        0.060    10.591    u_top/u_core/u_rb/byte_q_reg[6]
  -------------------------------------------------------------------
                         required time                         10.591    
                         arrival time                         -11.134    
  -------------------------------------------------------------------
                         slack                                 -0.543    

Slack (VIOLATED) :        -0.534ns  (required time - arrival time)
  Source:                 u_top/u_core/u_b/u_b_core/core/core/l1/mac/acc/sum_stage_reg[11][1]/C
                            (rising edge-triggered cell FDRE clocked by u_top_n_1799  {rise@0.000ns fall@2.500ns period=5.000ns})
  Destination:            u_top/u_core/u_b/u_b_core/core/core/l1/mac/acc/out_data_reg[355]/S
                            (rising edge-triggered cell FDSE clocked by u_top_n_1799  {rise@0.000ns fall@2.500ns period=5.000ns})
  Path Group:             u_top_n_1799
  Path Type:              Setup (Max at Slow Process Corner)
  Requirement:            5.000ns  (u_top_n_1799 rise@5.000ns - u_top_n_1799 rise@0.000ns)
  Data Path Delay:        5.000ns  (logic 2.792ns (55.844%)  route 2.208ns (44.156%))
  Logic Levels:           12  (CARRY4=10 LUT2=1 LUT5=1)
  Clock Path Skew:        -0.042ns (DCD - SCD + CPR)
    Destination Clock Delay (DCD):    5.620ns = ( 10.620 - 5.000 ) 
    Source Clock Delay      (SCD):    5.949ns
    Clock Pessimism Removal (CPR):    0.287ns
  Clock Uncertainty:      0.069ns  ((TSJ^2 + DJ^2)^1/2) / 2 + PE + UU
    Total System Jitter     (TSJ):    0.071ns
    Discrete Jitter          (DJ):    0.118ns
    Phase Error              (PE):    0.000ns
    User Uncertainty         (UU):    0.000ns

    Location             Delay type                Incr(ns)  Path(ns)    Netlist Resource(s)
  -------------------------------------------------------------------    -------------------
                         (clock u_top_n_1799 rise edge)
                                                      0.000     0.000 r  
    W19                                               0.000     0.000 r  sys_clk (IN)
                         net (fo=0)                   0.000     0.000    sys_clk
    W19                  IBUF (Prop_ibuf_I_O)         1.440     1.440 r  sys_clk_IBUF_inst/O
                         net (fo=1, routed)           1.065     2.505    u_top/sys_clk_IBUF
    MMCME2_ADV_X0Y2      MMCME2_ADV (Prop_mmcme2_adv_CLKIN1_CLKOUT0)
                                                      0.077     2.582 r  u_top/g_mmcm.u_mmcm/CLKOUT0
                         net (fo=1, routed)           1.559     4.141    u_top_n_1799
    BUFGCTRL_X0Y0        BUFG (Prop_bufg_I_O)         0.081     4.222 r  bank_gen[3].mem_reg_i_1/O
                         net (fo=61310, routed)       1.727     5.949    u_top/u_core/u_b/u_b_core/core/core/l1/mac/acc/clk_200
    SLICE_X114Y46        FDRE                                         r  u_top/u_core/u_b/u_b_core/core/core/l1/mac/acc/sum_stage_reg[11][1]/C
  -------------------------------------------------------------------    -------------------
    SLICE_X114Y46        FDRE (Prop_fdre_C_Q)         0.379     6.328 r  u_top/u_core/u_b/u_b_core/core/core/l1/mac/acc/sum_stage_reg[11][1]/Q
                         net (fo=2, routed)           0.454     6.782    u_top/u_core/u_b/u_b_core/core/core/l1/mac/acc/sum_stage_reg[11]_280[1]
    SLICE_X115Y47        CARRY4 (Prop_carry4_S[1]_CO[3])
                                                      0.562     7.344 r  u_top/u_core/u_b/u_b_core/core/core/l1/mac/acc/out_data_reg[355]_i_2/CO[3]
                         net (fo=1, routed)           0.000     7.344    u_top/u_core/u_b/u_b_core/core/core/l1/mac/acc/out_data_reg[355]_i_2_n_0
    SLICE_X115Y48        CARRY4 (Prop_carry4_CI_CO[3])
                                                      0.098     7.442 r  u_top/u_core/u_b/u_b_core/core/core/l1/mac/acc/out_data_reg[359]_i_2/CO[3]
                         net (fo=1, routed)           0.000     7.442    u_top/u_core/u_b/u_b_core/core/core/l1/mac/acc/out_data_reg[359]_i_2_n_0
    SLICE_X115Y49        CARRY4 (Prop_carry4_CI_CO[3])
                                                      0.098     7.540 r  u_top/u_core/u_b/u_b_core/core/core/l1/mac/acc/out_data_reg[363]_i_2/CO[3]
                         net (fo=1, routed)           0.001     7.541    u_top/u_core/u_b/u_b_core/core/core/l1/mac/acc/out_data_reg[363]_i_2_n_0
    SLICE_X115Y50        CARRY4 (Prop_carry4_CI_CO[3])
                                                      0.098     7.639 r  u_top/u_core/u_b/u_b_core/core/core/l1/mac/acc/out_data_reg[367]_i_2/CO[3]
                         net (fo=1, routed)           0.000     7.639    u_top/u_core/u_b/u_b_core/core/core/l1/mac/acc/out_data_reg[367]_i_2_n_0
    SLICE_X115Y51        CARRY4 (Prop_carry4_CI_CO[3])
                                                      0.098     7.737 r  u_top/u_core/u_b/u_b_core/core/core/l1/mac/acc/out_data_reg[371]_i_2/CO[3]
                         net (fo=1, routed)           0.000     7.737    u_top/u_core/u_b/u_b_core/core/core/l1/mac/acc/out_data_reg[371]_i_2_n_0
    SLICE_X115Y52        CARRY4 (Prop_carry4_CI_CO[3])
                                                      0.098     7.835 r  u_top/u_core/u_b/u_b_core/core/core/l1/mac/acc/out_data_reg[375]_i_2/CO[3]
                         net (fo=1, routed)           0.000     7.835    u_top/u_core/u_b/u_b_core/core/core/l1/mac/acc/out_data_reg[375]_i_2_n_0
    SLICE_X115Y53        CARRY4 (Prop_carry4_CI_CO[3])
                                                      0.098     7.933 r  u_top/u_core/u_b/u_b_core/core/core/l1/mac/acc/out_data_reg[379]_i_2/CO[3]
                         net (fo=1, routed)           0.000     7.933    u_top/u_core/u_b/u_b_core/core/core/l1/mac/acc/out_data_reg[379]_i_2_n_0
    SLICE_X115Y54        CARRY4 (Prop_carry4_CI_CO[3])
                                                      0.098     8.031 r  u_top/u_core/u_b/u_b_core/core/core/l1/mac/acc/out_data_reg[383]_i_2/CO[3]
                         net (fo=1, routed)           0.000     8.031    u_top/u_core/u_b/u_b_core/core/core/l1/mac/acc/out_data_reg[383]_i_2_n_0
    SLICE_X115Y55        CARRY4 (Prop_carry4_CI_O[0])
                                                      0.180     8.211 f  u_top/u_core/u_b/u_b_core/core/core/l1/mac/acc/i___131_i_7/O[0]
                         net (fo=4, routed)           0.589     8.800    u_top/u_core/u_b/u_b_core/core/core/l1/mac/acc/i___131_i_7_n_7
    SLICE_X115Y58        LUT2 (Prop_lut2_I1_O)        0.249     9.049 r  u_top/u_core/u_b/u_b_core/core/core/l1/mac/acc/i___131_i_5/O
                         net (fo=1, routed)           0.000     9.049    u_top/u_core/u_b/u_b_core/core/core/l1/mac/acc/i___131_i_5_n_0
    SLICE_X115Y58        CARRY4 (Prop_carry4_S[1]_CO[2])
                                                      0.475     9.524 r  u_top/u_core/u_b/u_b_core/core/core/l1/mac/acc/i___131_i_1/CO[2]
                         net (fo=2, routed)           0.360     9.884    u_top/u_core/u_b/u_b_core/core/core/l1/mac/sat_i32141_in
    SLICE_X115Y57        LUT5 (Prop_lut5_I4_O)        0.261    10.145 r  u_top/u_core/u_b/u_b_core/core/core/l1/mac/i___131/O
                         net (fo=31, routed)          0.804    10.949    u_top/u_core/u_b/u_b_core/core/core/l1/mac/acc/out_data_reg[382]_0
    SLICE_X116Y45        FDSE                                         r  u_top/u_core/u_b/u_b_core/core/core/l1/mac/acc/out_data_reg[355]/S
  -------------------------------------------------------------------    -------------------

                         (clock u_top_n_1799 rise edge)
                                                      5.000     5.000 r  
    W19                                               0.000     5.000 r  sys_clk (IN)
                         net (fo=0)                   0.000     5.000    sys_clk
    W19                  IBUF (Prop_ibuf_I_O)         1.374     6.374 r  sys_clk_IBUF_inst/O
                         net (fo=1, routed)           1.004     7.378    u_top/sys_clk_IBUF
    MMCME2_ADV_X0Y2      MMCME2_ADV (Prop_mmcme2_adv_CLKIN1_CLKOUT0)
                                                      0.073     7.451 r  u_top/g_mmcm.u_mmcm/CLKOUT0
                         net (fo=1, routed)           1.488     8.938    u_top_n_1799
    BUFGCTRL_X0Y0        BUFG (Prop_bufg_I_O)         0.077     9.015 r  bank_gen[3].mem_reg_i_1/O
                         net (fo=61310, routed)       1.605    10.620    u_top/u_core/u_b/u_b_core/core/core/l1/mac/acc/clk_200
    SLICE_X116Y45        FDSE                                         r  u_top/u_core/u_b/u_b_core/core/core/l1/mac/acc/out_data_reg[355]/C
                         clock pessimism              0.287    10.907    
                         clock uncertainty           -0.069    10.838    
    SLICE_X116Y45        FDSE (Setup_fdse_C_S)       -0.423    10.415    u_top/u_core/u_b/u_b_core/core/core/l1/mac/acc/out_data_reg[355]
  -------------------------------------------------------------------
                         required time                         10.415    
                         arrival time                         -10.949    
  -------------------------------------------------------------------
                         slack                                 -0.534    

Slack (VIOLATED) :        -0.534ns  (required time - arrival time)
  Source:                 u_top/u_core/u_b/u_b_core/core/core/l1/mac/acc/sum_stage_reg[11][1]/C
                            (rising edge-triggered cell FDRE clocked by u_top_n_1799  {rise@0.000ns fall@2.500ns period=5.000ns})
  Destination:            u_top/u_core/u_b/u_b_core/core/core/l1/mac/acc/out_data_reg[356]/S
                            (rising edge-triggered cell FDSE clocked by u_top_n_1799  {rise@0.000ns fall@2.500ns period=5.000ns})
  Path Group:             u_top_n_1799
  Path Type:              Setup (Max at Slow Process Corner)
  Requirement:            5.000ns  (u_top_n_1799 rise@5.000ns - u_top_n_1799 rise@0.000ns)
  Data Path Delay:        5.000ns  (logic 2.792ns (55.844%)  route 2.208ns (44.156%))
  Logic Levels:           12  (CARRY4=10 LUT2=1 LUT5=1)
  Clock Path Skew:        -0.042ns (DCD - SCD + CPR)
    Destination Clock Delay (DCD):    5.620ns = ( 10.620 - 5.000 ) 
    Source Clock Delay      (SCD):    5.949ns
    Clock Pessimism Removal (CPR):    0.287ns
  Clock Uncertainty:      0.069ns  ((TSJ^2 + DJ^2)^1/2) / 2 + PE + UU
    Total System Jitter     (TSJ):    0.071ns
    Discrete Jitter          (DJ):    0.118ns
    Phase Error              (PE):    0.000ns
    User Uncertainty         (UU):    0.000ns

    Location             Delay type                Incr(ns)  Path(ns)    Netlist Resource(s)
  -------------------------------------------------------------------    -------------------
                         (clock u_top_n_1799 rise edge)
                                                      0.000     0.000 r  
    W19                                               0.000     0.000 r  sys_clk (IN)
                         net (fo=0)                   0.000     0.000    sys_clk
    W19                  IBUF (Prop_ibuf_I_O)         1.440     1.440 r  sys_clk_IBUF_inst/O
                         net (fo=1, routed)           1.065     2.505    u_top/sys_clk_IBUF
    MMCME2_ADV_X0Y2      MMCME2_ADV (Prop_mmcme2_adv_CLKIN1_CLKOUT0)
                                                      0.077     2.582 r  u_top/g_mmcm.u_mmcm/CLKOUT0
                         net (fo=1, routed)           1.559     4.141    u_top_n_1799
    BUFGCTRL_X0Y0        BUFG (Prop_bufg_I_O)         0.081     4.222 r  bank_gen[3].mem_reg_i_1/O
                         net (fo=61310, routed)       1.727     5.949    u_top/u_core/u_b/u_b_core/core/core/l1/mac/acc/clk_200
    SLICE_X114Y46        FDRE                                         r  u_top/u_core/u_b/u_b_core/core/core/l1/mac/acc/sum_stage_reg[11][1]/C
  -------------------------------------------------------------------    -------------------
    SLICE_X114Y46        FDRE (Prop_fdre_C_Q)         0.379     6.328 r  u_top/u_core/u_b/u_b_core/core/core/l1/mac/acc/sum_stage_reg[11][1]/Q
                         net (fo=2, routed)           0.454     6.782    u_top/u_core/u_b/u_b_core/core/core/l1/mac/acc/sum_stage_reg[11]_280[1]
    SLICE_X115Y47        CARRY4 (Prop_carry4_S[1]_CO[3])
                                                      0.562     7.344 r  u_top/u_core/u_b/u_b_core/core/core/l1/mac/acc/out_data_reg[355]_i_2/CO[3]
                         net (fo=1, routed)           0.000     7.344    u_top/u_core/u_b/u_b_core/core/core/l1/mac/acc/out_data_reg[355]_i_2_n_0
    SLICE_X115Y48        CARRY4 (Prop_carry4_CI_CO[3])
                                                      0.098     7.442 r  u_top/u_core/u_b/u_b_core/core/core/l1/mac/acc/out_data_reg[359]_i_2/CO[3]
                         net (fo=1, routed)           0.000     7.442    u_top/u_core/u_b/u_b_core/core/core/l1/mac/acc/out_data_reg[359]_i_2_n_0
    SLICE_X115Y49        CARRY4 (Prop_carry4_CI_CO[3])
                                                      0.098     7.540 r  u_top/u_core/u_b/u_b_core/core/core/l1/mac/acc/out_data_reg[363]_i_2/CO[3]
                         net (fo=1, routed)           0.001     7.541    u_top/u_core/u_b/u_b_core/core/core/l1/mac/acc/out_data_reg[363]_i_2_n_0
    SLICE_X115Y50        CARRY4 (Prop_carry4_CI_CO[3])
                                                      0.098     7.639 r  u_top/u_core/u_b/u_b_core/core/core/l1/mac/acc/out_data_reg[367]_i_2/CO[3]
                         net (fo=1, routed)           0.000     7.639    u_top/u_core/u_b/u_b_core/core/core/l1/mac/acc/out_data_reg[367]_i_2_n_0
    SLICE_X115Y51        CARRY4 (Prop_carry4_CI_CO[3])
                                                      0.098     7.737 r  u_top/u_core/u_b/u_b_core/core/core/l1/mac/acc/out_data_reg[371]_i_2/CO[3]
                         net (fo=1, routed)           0.000     7.737    u_top/u_core/u_b/u_b_core/core/core/l1/mac/acc/out_data_reg[371]_i_2_n_0
    SLICE_X115Y52        CARRY4 (Prop_carry4_CI_CO[3])
                                                      0.098     7.835 r  u_top/u_core/u_b/u_b_core/core/core/l1/mac/acc/out_data_reg[375]_i_2/CO[3]
                         net (fo=1, routed)           0.000     7.835    u_top/u_core/u_b/u_b_core/core/core/l1/mac/acc/out_data_reg[375]_i_2_n_0
    SLICE_X115Y53        CARRY4 (Prop_carry4_CI_CO[3])
                                                      0.098     7.933 r  u_top/u_core/u_b/u_b_core/core/core/l1/mac/acc/out_data_reg[379]_i_2/CO[3]
                         net (fo=1, routed)           0.000     7.933    u_top/u_core/u_b/u_b_core/core/core/l1/mac/acc/out_data_reg[379]_i_2_n_0
    SLICE_X115Y54        CARRY4 (Prop_carry4_CI_CO[3])
                                                      0.098     8.031 r  u_top/u_core/u_b/u_b_core/core/core/l1/mac/acc/out_data_reg[383]_i_2/CO[3]
                         net (fo=1, routed)           0.000     8.031    u_top/u_core/u_b/u_b_core/core/core/l1/mac/acc/out_data_reg[383]_i_2_n_0
    SLICE_X115Y55        CARRY4 (Prop_carry4_CI_O[0])
                                                      0.180     8.211 f  u_top/u_core/u_b/u_b_core/core/core/l1/mac/acc/i___131_i_7/O[0]
                         net (fo=4, routed)           0.589     8.800    u_top/u_core/u_b/u_b_core/core/core/l1/mac/acc/i___131_i_7_n_7
    SLICE_X115Y58        LUT2 (Prop_lut2_I1_O)        0.249     9.049 r  u_top/u_core/u_b/u_b_core/core/core/l1/mac/acc/i___131_i_5/O
                         net (fo=1, routed)           0.000     9.049    u_top/u_core/u_b/u_b_core/core/core/l1/mac/acc/i___131_i_5_n_0
    SLICE_X115Y58        CARRY4 (Prop_carry4_S[1]_CO[2])
                                                      0.475     9.524 r  u_top/u_core/u_b/u_b_core/core/core/l1/mac/acc/i___131_i_1/CO[2]
                         net (fo=2, routed)           0.360     9.884    u_top/u_core/u_b/u_b_core/core/core/l1/mac/sat_i32141_in
    SLICE_X115Y57        LUT5 (Prop_lut5_I4_O)        0.261    10.145 r  u_top/u_core/u_b/u_b_core/core/core/l1/mac/i___131/O
                         net (fo=31, routed)          0.804    10.949    u_top/u_core/u_b/u_b_core/core/core/l1/mac/acc/out_data_reg[382]_0
    SLICE_X116Y45        FDSE                                         r  u_top/u_core/u_b/u_b_core/core/core/l1/mac/acc/out_data_reg[356]/S
  -------------------------------------------------------------------    -------------------

                         (clock u_top_n_1799 rise edge)
                                                      5.000     5.000 r  
    W19                                               0.000     5.000 r  sys_clk (IN)
                         net (fo=0)                   0.000     5.000    sys_clk
    W19                  IBUF (Prop_ibuf_I_O)         1.374     6.374 r  sys_clk_IBUF_inst/O
                         net (fo=1, routed)           1.004     7.378    u_top/sys_clk_IBUF
    MMCME2_ADV_X0Y2      MMCME2_ADV (Prop_mmcme2_adv_CLKIN1_CLKOUT0)
                                                      0.073     7.451 r  u_top/g_mmcm.u_mmcm/CLKOUT0
                         net (fo=1, routed)           1.488     8.938    u_top_n_1799
    BUFGCTRL_X0Y0        BUFG (Prop_bufg_I_O)         0.077     9.015 r  bank_gen[3].mem_reg_i_1/O
                         net (fo=61310, routed)       1.605    10.620    u_top/u_core/u_b/u_b_core/core/core/l1/mac/acc/clk_200
    SLICE_X116Y45        FDSE                                         r  u_top/u_core/u_b/u_b_core/core/core/l1/mac/acc/out_data_reg[356]/C
                         clock pessimism              0.287    10.907    
                         clock uncertainty           -0.069    10.838    
    SLICE_X116Y45        FDSE (Setup_fdse_C_S)       -0.423    10.415    u_top/u_core/u_b/u_b_core/core/core/l1/mac/acc/out_data_reg[356]
  -------------------------------------------------------------------
                         required time                         10.415    
                         arrival time                         -10.949    
  -------------------------------------------------------------------
                         slack                                 -0.534    

Slack (VIOLATED) :        -0.526ns  (required time - arrival time)
  Source:                 u_top/u_core/u_b/u_b_core/core/core/l5/mac/acc/out_valid_reg/C
                            (rising edge-triggered cell FDRE clocked by u_top_n_1799  {rise@0.000ns fall@2.500ns period=5.000ns})
  Destination:            u_top/u_core/u_b/u_b_core/core/core/l5/gk.frontend/fifo/g_wide_read.g_read_slice[71].rd_ptr_local_reg[0]/R
                            (rising edge-triggered cell FDRE clocked by u_top_n_1799  {rise@0.000ns fall@2.500ns period=5.000ns})
  Path Group:             u_top_n_1799
  Path Type:              Setup (Max at Slow Process Corner)
  Requirement:            5.000ns  (u_top_n_1799 rise@5.000ns - u_top_n_1799 rise@0.000ns)
  Data Path Delay:        5.121ns  (logic 0.904ns (17.652%)  route 4.217ns (82.348%))
  Logic Levels:           5  (LUT3=1 LUT4=1 LUT6=3)
  Clock Path Skew:        0.016ns (DCD - SCD + CPR)
    Destination Clock Delay (DCD):    5.335ns = ( 10.335 - 5.000 ) 
    Source Clock Delay      (SCD):    5.592ns
    Clock Pessimism Removal (CPR):    0.273ns
  Clock Uncertainty:      0.069ns  ((TSJ^2 + DJ^2)^1/2) / 2 + PE + UU
    Total System Jitter     (TSJ):    0.071ns
    Discrete Jitter          (DJ):    0.118ns
    Phase Error              (PE):    0.000ns
    User Uncertainty         (UU):    0.000ns

    Location             Delay type                Incr(ns)  Path(ns)    Netlist Resource(s)
  -------------------------------------------------------------------    -------------------
                         (clock u_top_n_1799 rise edge)
                                                      0.000     0.000 r  
    W19                                               0.000     0.000 r  sys_clk (IN)
                         net (fo=0)                   0.000     0.000    sys_clk
    W19                  IBUF (Prop_ibuf_I_O)         1.440     1.440 r  sys_clk_IBUF_inst/O
                         net (fo=1, routed)           1.065     2.505    u_top/sys_clk_IBUF
    MMCME2_ADV_X0Y2      MMCME2_ADV (Prop_mmcme2_adv_CLKIN1_CLKOUT0)
                                                      0.077     2.582 r  u_top/g_mmcm.u_mmcm/CLKOUT0
                         net (fo=1, routed)           1.559     4.141    u_top_n_1799
    BUFGCTRL_X0Y0        BUFG (Prop_bufg_I_O)         0.081     4.222 r  bank_gen[3].mem_reg_i_1/O
                         net (fo=61310, routed)       1.370     5.592    u_top/u_core/u_b/u_b_core/core/core/l5/mac/acc/clk_200
    SLICE_X87Y123        FDRE                                         r  u_top/u_core/u_b/u_b_core/core/core/l5/mac/acc/out_valid_reg/C
  -------------------------------------------------------------------    -------------------
    SLICE_X87Y123        FDRE (Prop_fdre_C_Q)         0.379     5.971 f  u_top/u_core/u_b/u_b_core/core/core/l5/mac/acc/out_valid_reg/Q
                         net (fo=9, routed)           0.696     6.667    u_top/u_core/u_b/u_b_core/core/core/l5/mac/acc/out_valid_reg_0
    SLICE_X87Y123        LUT6 (Prop_lut6_I4_O)        0.105     6.772 r  u_top/u_core/u_b/u_b_core/core/core/l5/mac/acc/tree_stage[2].channel[2].node[3].pair.sums_q[2][2][3][31]_i_3/O
                         net (fo=17, routed)          0.150     6.923    u_top/u_core/u_b/u_b_core/core/core/l5/mac/mac/ready_7
    SLICE_X87Y123        LUT6 (Prop_lut6_I2_O)        0.105     7.028 r  u_top/u_core/u_b/u_b_core/core/core/l5/mac/mac/out_lane[2].mult_lane[15].operand_pipe.sums_q_reg[0][2][15]_i_2/O
                         net (fo=24, routed)          0.419     7.446    u_top/u_core/u_b/u_b_core/core/core/l5/mac/mac/ready_2
    SLICE_X85Y121        LUT3 (Prop_lut3_I1_O)        0.105     7.551 r  u_top/u_core/u_b/u_b_core/core/core/l5/mac/mac/out_lane[3].mult_lane[48].operand_pipe.act_q[15]_i_3/O
                         net (fo=84, routed)          1.039     8.591    u_top/u_core/u_b/u_b_core/core/core/l5/mac/issue/issue_ready
    SLICE_X99Y103        LUT6 (Prop_lut6_I4_O)        0.105     8.696 r  u_top/u_core/u_b/u_b_core/core/core/l5/mac/issue/out_window[6399]_i_1/O
                         net (fo=6704, routed)        1.336    10.031    u_top/u_core/u_b/u_b_core/core/core/l5/gk.frontend/fifo/g_wide_read.g_read_slice[0].rd_ptr_local_reg[1]_0
    SLICE_X131Y100       LUT4 (Prop_lut4_I3_O)        0.105    10.136 r  u_top/u_core/u_b/u_b_core/core/core/l5/gk.frontend/fifo/g_wide_read.g_read_slice[71].rd_ptr_local[1]_i_1/O
                         net (fo=2, routed)           0.577    10.713    u_top/u_core/u_b/u_b_core/core/core/l5/gk.frontend/fifo/g_wide_read.g_read_slice[71].rd_ptr_local[1]_i_1_n_0
    SLICE_X131Y100       FDRE                                         r  u_top/u_core/u_b/u_b_core/core/core/l5/gk.frontend/fifo/g_wide_read.g_read_slice[71].rd_ptr_local_reg[0]/R
  -------------------------------------------------------------------    -------------------

                         (clock u_top_n_1799 rise edge)
                                                      5.000     5.000 r  
    W19                                               0.000     5.000 r  sys_clk (IN)
                         net (fo=0)                   0.000     5.000    sys_clk
    W19                  IBUF (Prop_ibuf_I_O)         1.374     6.374 r  sys_clk_IBUF_inst/O
                         net (fo=1, routed)           1.004     7.378    u_top/sys_clk_IBUF
    MMCME2_ADV_X0Y2      MMCME2_ADV (Prop_mmcme2_adv_CLKIN1_CLKOUT0)
                                                      0.073     7.451 r  u_top/g_mmcm.u_mmcm/CLKOUT0
                         net (fo=1, routed)           1.488     8.938    u_top_n_1799
    BUFGCTRL_X0Y0        BUFG (Prop_bufg_I_O)         0.077     9.015 r  bank_gen[3].mem_reg_i_1/O
                         net (fo=61310, routed)       1.320    10.335    u_top/u_core/u_b/u_b_core/core/core/l5/gk.frontend/fifo/clk_200
    SLICE_X131Y100       FDRE                                         r  u_top/u_core/u_b/u_b_core/core/core/l5/gk.frontend/fifo/g_wide_read.g_read_slice[71].rd_ptr_local_reg[0]/C
                         clock pessimism              0.273    10.608    
                         clock uncertainty           -0.069    10.539    
    SLICE_X131Y100       FDRE (Setup_fdre_C_R)       -0.352    10.187    u_top/u_core/u_b/u_b_core/core/core/l5/gk.frontend/fifo/g_wide_read.g_read_slice[71].rd_ptr_local_reg[0]
  -------------------------------------------------------------------
                         required time                         10.187    
                         arrival time                         -10.713    
  -------------------------------------------------------------------
                         slack                                 -0.526    

Slack (VIOLATED) :        -0.526ns  (required time - arrival time)
  Source:                 u_top/u_core/u_b/u_b_core/core/core/l5/mac/acc/out_valid_reg/C
                            (rising edge-triggered cell FDRE clocked by u_top_n_1799  {rise@0.000ns fall@2.500ns period=5.000ns})
  Destination:            u_top/u_core/u_b/u_b_core/core/core/l5/gk.frontend/fifo/g_wide_read.g_read_slice[71].rd_ptr_local_reg[1]/R
                            (rising edge-triggered cell FDRE clocked by u_top_n_1799  {rise@0.000ns fall@2.500ns period=5.000ns})
  Path Group:             u_top_n_1799
  Path Type:              Setup (Max at Slow Process Corner)
  Requirement:            5.000ns  (u_top_n_1799 rise@5.000ns - u_top_n_1799 rise@0.000ns)
  Data Path Delay:        5.121ns  (logic 0.904ns (17.652%)  route 4.217ns (82.348%))
  Logic Levels:           5  (LUT3=1 LUT4=1 LUT6=3)
  Clock Path Skew:        0.016ns (DCD - SCD + CPR)
    Destination Clock Delay (DCD):    5.335ns = ( 10.335 - 5.000 ) 
    Source Clock Delay      (SCD):    5.592ns
    Clock Pessimism Removal (CPR):    0.273ns
  Clock Uncertainty:      0.069ns  ((TSJ^2 + DJ^2)^1/2) / 2 + PE + UU
    Total System Jitter     (TSJ):    0.071ns
    Discrete Jitter          (DJ):    0.118ns
    Phase Error              (PE):    0.000ns
    User Uncertainty         (UU):    0.000ns

    Location             Delay type                Incr(ns)  Path(ns)    Netlist Resource(s)
  -------------------------------------------------------------------    -------------------
                         (clock u_top_n_1799 rise edge)
                                                      0.000     0.000 r  
    W19                                               0.000     0.000 r  sys_clk (IN)
                         net (fo=0)                   0.000     0.000    sys_clk
    W19                  IBUF (Prop_ibuf_I_O)         1.440     1.440 r  sys_clk_IBUF_inst/O
                         net (fo=1, routed)           1.065     2.505    u_top/sys_clk_IBUF
    MMCME2_ADV_X0Y2      MMCME2_ADV (Prop_mmcme2_adv_CLKIN1_CLKOUT0)
                                                      0.077     2.582 r  u_top/g_mmcm.u_mmcm/CLKOUT0
                         net (fo=1, routed)           1.559     4.141    u_top_n_1799
    BUFGCTRL_X0Y0        BUFG (Prop_bufg_I_O)         0.081     4.222 r  bank_gen[3].mem_reg_i_1/O
                         net (fo=61310, routed)       1.370     5.592    u_top/u_core/u_b/u_b_core/core/core/l5/mac/acc/clk_200
    SLICE_X87Y123        FDRE                                         r  u_top/u_core/u_b/u_b_core/core/core/l5/mac/acc/out_valid_reg/C
  -------------------------------------------------------------------    -------------------
    SLICE_X87Y123        FDRE (Prop_fdre_C_Q)         0.379     5.971 f  u_top/u_core/u_b/u_b_core/core/core/l5/mac/acc/out_valid_reg/Q
                         net (fo=9, routed)           0.696     6.667    u_top/u_core/u_b/u_b_core/core/core/l5/mac/acc/out_valid_reg_0
    SLICE_X87Y123        LUT6 (Prop_lut6_I4_O)        0.105     6.772 r  u_top/u_core/u_b/u_b_core/core/core/l5/mac/acc/tree_stage[2].channel[2].node[3].pair.sums_q[2][2][3][31]_i_3/O
                         net (fo=17, routed)          0.150     6.923    u_top/u_core/u_b/u_b_core/core/core/l5/mac/mac/ready_7
    SLICE_X87Y123        LUT6 (Prop_lut6_I2_O)        0.105     7.028 r  u_top/u_core/u_b/u_b_core/core/core/l5/mac/mac/out_lane[2].mult_lane[15].operand_pipe.sums_q_reg[0][2][15]_i_2/O
                         net (fo=24, routed)          0.419     7.446    u_top/u_core/u_b/u_b_core/core/core/l5/mac/mac/ready_2
    SLICE_X85Y121        LUT3 (Prop_lut3_I1_O)        0.105     7.551 r  u_top/u_core/u_b/u_b_core/core/core/l5/mac/mac/out_lane[3].mult_lane[48].operand_pipe.act_q[15]_i_3/O
                         net (fo=84, routed)          1.039     8.591    u_top/u_core/u_b/u_b_core/core/core/l5/mac/issue/issue_ready
    SLICE_X99Y103        LUT6 (Prop_lut6_I4_O)        0.105     8.696 r  u_top/u_core/u_b/u_b_core/core/core/l5/mac/issue/out_window[6399]_i_1/O
                         net (fo=6704, routed)        1.336    10.031    u_top/u_core/u_b/u_b_core/core/core/l5/gk.frontend/fifo/g_wide_read.g_read_slice[0].rd_ptr_local_reg[1]_0
    SLICE_X131Y100       LUT4 (Prop_lut4_I3_O)        0.105    10.136 r  u_top/u_core/u_b/u_b_core/core/core/l5/gk.frontend/fifo/g_wide_read.g_read_slice[71].rd_ptr_local[1]_i_1/O
                         net (fo=2, routed)           0.577    10.713    u_top/u_core/u_b/u_b_core/core/core/l5/gk.frontend/fifo/g_wide_read.g_read_slice[71].rd_ptr_local[1]_i_1_n_0
    SLICE_X131Y100       FDRE                                         r  u_top/u_core/u_b/u_b_core/core/core/l5/gk.frontend/fifo/g_wide_read.g_read_slice[71].rd_ptr_local_reg[1]/R
  -------------------------------------------------------------------    -------------------

                         (clock u_top_n_1799 rise edge)
                                                      5.000     5.000 r  
    W19                                               0.000     5.000 r  sys_clk (IN)
                         net (fo=0)                   0.000     5.000    sys_clk
    W19                  IBUF (Prop_ibuf_I_O)         1.374     6.374 r  sys_clk_IBUF_inst/O
                         net (fo=1, routed)           1.004     7.378    u_top/sys_clk_IBUF
    MMCME2_ADV_X0Y2      MMCME2_ADV (Prop_mmcme2_adv_CLKIN1_CLKOUT0)
                                                      0.073     7.451 r  u_top/g_mmcm.u_mmcm/CLKOUT0
                         net (fo=1, routed)           1.488     8.938    u_top_n_1799
    BUFGCTRL_X0Y0        BUFG (Prop_bufg_I_O)         0.077     9.015 r  bank_gen[3].mem_reg_i_1/O
                         net (fo=61310, routed)       1.320    10.335    u_top/u_core/u_b/u_b_core/core/core/l5/gk.frontend/fifo/clk_200
    SLICE_X131Y100       FDRE                                         r  u_top/u_core/u_b/u_b_core/core/core/l5/gk.frontend/fifo/g_wide_read.g_read_slice[71].rd_ptr_local_reg[1]/C
                         clock pessimism              0.273    10.608    
                         clock uncertainty           -0.069    10.539    
    SLICE_X131Y100       FDRE (Setup_fdre_C_R)       -0.352    10.187    u_top/u_core/u_b/u_b_core/core/core/l5/gk.frontend/fifo/g_wide_read.g_read_slice[71].rd_ptr_local_reg[1]
  -------------------------------------------------------------------
                         required time                         10.187    
                         arrival time                         -10.713    
  -------------------------------------------------------------------
                         slack                                 -0.526    

Slack (VIOLATED) :        -0.520ns  (required time - arrival time)
  Source:                 u_top/u_core/u_b/u_b_core/core/core/l1/mac/acc/sum_stage_reg[13][5]/C
                            (rising edge-triggered cell FDRE clocked by u_top_n_1799  {rise@0.000ns fall@2.500ns period=5.000ns})
  Destination:            u_top/u_core/u_b/u_b_core/core/core/l1/mac/acc/out_data_reg[418]/S
                            (rising edge-triggered cell FDSE clocked by u_top_n_1799  {rise@0.000ns fall@2.500ns period=5.000ns})
  Path Group:             u_top_n_1799
  Path Type:              Setup (Max at Slow Process Corner)
  Requirement:            5.000ns  (u_top_n_1799 rise@5.000ns - u_top_n_1799 rise@0.000ns)
  Data Path Delay:        4.986ns  (logic 2.883ns (57.819%)  route 2.103ns (42.181%))
  Logic Levels:           12  (CARRY4=9 LUT1=1 LUT2=1 LUT5=1)
  Clock Path Skew:        -0.042ns (DCD - SCD + CPR)
    Destination Clock Delay (DCD):    5.619ns = ( 10.619 - 5.000 ) 
    Source Clock Delay      (SCD):    5.948ns
    Clock Pessimism Removal (CPR):    0.287ns
  Clock Uncertainty:      0.069ns  ((TSJ^2 + DJ^2)^1/2) / 2 + PE + UU
    Total System Jitter     (TSJ):    0.071ns
    Discrete Jitter          (DJ):    0.118ns
    Phase Error              (PE):    0.000ns
    User Uncertainty         (UU):    0.000ns

    Location             Delay type                Incr(ns)  Path(ns)    Netlist Resource(s)
  -------------------------------------------------------------------    -------------------
                         (clock u_top_n_1799 rise edge)
                                                      0.000     0.000 r  
    W19                                               0.000     0.000 r  sys_clk (IN)
                         net (fo=0)                   0.000     0.000    sys_clk
    W19                  IBUF (Prop_ibuf_I_O)         1.440     1.440 r  sys_clk_IBUF_inst/O
                         net (fo=1, routed)           1.065     2.505    u_top/sys_clk_IBUF
    MMCME2_ADV_X0Y2      MMCME2_ADV (Prop_mmcme2_adv_CLKIN1_CLKOUT0)
                                                      0.077     2.582 r  u_top/g_mmcm.u_mmcm/CLKOUT0
                         net (fo=1, routed)           1.559     4.141    u_top_n_1799
    BUFGCTRL_X0Y0        BUFG (Prop_bufg_I_O)         0.081     4.222 r  bank_gen[3].mem_reg_i_1/O
                         net (fo=61310, routed)       1.726     5.948    u_top/u_core/u_b/u_b_core/core/core/l1/mac/acc/clk_200
    SLICE_X115Y43        FDRE                                         r  u_top/u_core/u_b/u_b_core/core/core/l1/mac/acc/sum_stage_reg[13][5]/C
  -------------------------------------------------------------------    -------------------
    SLICE_X115Y43        FDRE (Prop_fdre_C_Q)         0.348     6.296 f  u_top/u_core/u_b/u_b_core/core/core/l1/mac/acc/sum_stage_reg[13][5]/Q
                         net (fo=2, routed)           0.473     6.769    u_top/u_core/u_b/u_b_core/core/core/l1/mac/acc/sum_stage_reg[13]_284[5]
    SLICE_X114Y44        LUT1 (Prop_lut1_I0_O)        0.239     7.008 r  u_top/u_core/u_b/u_b_core/core/core/l1/mac/acc/out_data[423]_i_5/O
                         net (fo=1, routed)           0.000     7.008    u_top/u_core/u_b/u_b_core/core/core/l1/mac/acc/out_data[423]_i_5_n_0
    SLICE_X114Y44        CARRY4 (Prop_carry4_S[1]_CO[3])
                                                      0.457     7.465 r  u_top/u_core/u_b/u_b_core/core/core/l1/mac/acc/out_data_reg[423]_i_2/CO[3]
                         net (fo=1, routed)           0.000     7.465    u_top/u_core/u_b/u_b_core/core/core/l1/mac/acc/out_data_reg[423]_i_2_n_0
    SLICE_X114Y45        CARRY4 (Prop_carry4_CI_CO[3])
                                                      0.098     7.563 r  u_top/u_core/u_b/u_b_core/core/core/l1/mac/acc/out_data_reg[427]_i_2/CO[3]
                         net (fo=1, routed)           0.000     7.563    u_top/u_core/u_b/u_b_core/core/core/l1/mac/acc/out_data_reg[427]_i_2_n_0
    SLICE_X114Y46        CARRY4 (Prop_carry4_CI_CO[3])
                                                      0.098     7.661 r  u_top/u_core/u_b/u_b_core/core/core/l1/mac/acc/out_data_reg[431]_i_2/CO[3]
                         net (fo=1, routed)           0.000     7.661    u_top/u_core/u_b/u_b_core/core/core/l1/mac/acc/out_data_reg[431]_i_2_n_0
    SLICE_X114Y47        CARRY4 (Prop_carry4_CI_CO[3])
                                                      0.098     7.759 r  u_top/u_core/u_b/u_b_core/core/core/l1/mac/acc/out_data_reg[435]_i_2/CO[3]
                         net (fo=1, routed)           0.000     7.759    u_top/u_core/u_b/u_b_core/core/core/l1/mac/acc/out_data_reg[435]_i_2_n_0
    SLICE_X114Y48        CARRY4 (Prop_carry4_CI_CO[3])
                                                      0.098     7.857 r  u_top/u_core/u_b/u_b_core/core/core/l1/mac/acc/out_data_reg[439]_i_2/CO[3]
                         net (fo=1, routed)           0.000     7.857    u_top/u_core/u_b/u_b_core/core/core/l1/mac/acc/out_data_reg[439]_i_2_n_0
    SLICE_X114Y49        CARRY4 (Prop_carry4_CI_CO[3])
                                                      0.098     7.955 r  u_top/u_core/u_b/u_b_core/core/core/l1/mac/acc/out_data_reg[443]_i_2/CO[3]
                         net (fo=1, routed)           0.001     7.956    u_top/u_core/u_b/u_b_core/core/core/l1/mac/acc/out_data_reg[443]_i_2_n_0
    SLICE_X114Y50        CARRY4 (Prop_carry4_CI_CO[3])
                                                      0.098     8.054 r  u_top/u_core/u_b/u_b_core/core/core/l1/mac/acc/out_data_reg[447]_i_2/CO[3]
                         net (fo=1, routed)           0.000     8.054    u_top/u_core/u_b/u_b_core/core/core/l1/mac/acc/out_data_reg[447]_i_2_n_0
    SLICE_X114Y51        CARRY4 (Prop_carry4_CI_O[1])
                                                      0.265     8.319 f  u_top/u_core/u_b/u_b_core/core/core/l1/mac/acc/i___133_i_8/O[1]
                         net (fo=4, routed)           0.466     8.785    u_top/u_core/u_b/u_b_core/core/core/l1/mac/acc/i___133_i_8_n_6
    SLICE_X117Y51        LUT2 (Prop_lut2_I0_O)        0.250     9.035 r  u_top/u_core/u_b/u_b_core/core/core/l1/mac/acc/i___133_i_6/O
                         net (fo=1, routed)           0.000     9.035    u_top/u_core/u_b/u_b_core/core/core/l1/mac/acc/i___133_i_6_n_0
    SLICE_X117Y51        CARRY4 (Prop_carry4_S[1]_CO[2])
                                                      0.475     9.510 r  u_top/u_core/u_b/u_b_core/core/core/l1/mac/acc/i___133_i_2/CO[2]
                         net (fo=2, routed)           0.366     9.876    u_top/u_core/u_b/u_b_core/core/core/l1/mac/sat_i32143_in
    SLICE_X117Y52        LUT5 (Prop_lut5_I4_O)        0.261    10.137 r  u_top/u_core/u_b/u_b_core/core/core/l1/mac/i___133/O
                         net (fo=31, routed)          0.798    10.935    u_top/u_core/u_b/u_b_core/core/core/l1/mac/acc/out_data_reg[446]_0
    SLICE_X116Y40        FDSE                                         r  u_top/u_core/u_b/u_b_core/core/core/l1/mac/acc/out_data_reg[418]/S
  -------------------------------------------------------------------    -------------------

                         (clock u_top_n_1799 rise edge)
                                                      5.000     5.000 r  
    W19                                               0.000     5.000 r  sys_clk (IN)
                         net (fo=0)                   0.000     5.000    sys_clk
    W19                  IBUF (Prop_ibuf_I_O)         1.374     6.374 r  sys_clk_IBUF_inst/O
                         net (fo=1, routed)           1.004     7.378    u_top/sys_clk_IBUF
    MMCME2_ADV_X0Y2      MMCME2_ADV (Prop_mmcme2_adv_CLKIN1_CLKOUT0)
                                                      0.073     7.451 r  u_top/g_mmcm.u_mmcm/CLKOUT0
                         net (fo=1, routed)           1.488     8.938    u_top_n_1799
    BUFGCTRL_X0Y0        BUFG (Prop_bufg_I_O)         0.077     9.015 r  bank_gen[3].mem_reg_i_1/O
                         net (fo=61310, routed)       1.604    10.619    u_top/u_core/u_b/u_b_core/core/core/l1/mac/acc/clk_200
    SLICE_X116Y40        FDSE                                         r  u_top/u_core/u_b/u_b_core/core/core/l1/mac/acc/out_data_reg[418]/C
                         clock pessimism              0.287    10.906    
                         clock uncertainty           -0.069    10.837    
    SLICE_X116Y40        FDSE (Setup_fdse_C_S)       -0.423    10.414    u_top/u_core/u_b/u_b_core/core/core/l1/mac/acc/out_data_reg[418]
  -------------------------------------------------------------------
                         required time                         10.414    
                         arrival time                         -10.935    
  -------------------------------------------------------------------
                         slack                                 -0.520    

Slack (VIOLATED) :        -0.520ns  (required time - arrival time)
  Source:                 u_top/u_core/u_b/u_b_core/core/core/l1/mac/acc/sum_stage_reg[13][5]/C
                            (rising edge-triggered cell FDRE clocked by u_top_n_1799  {rise@0.000ns fall@2.500ns period=5.000ns})
  Destination:            u_top/u_core/u_b/u_b_core/core/core/l1/mac/acc/out_data_reg[419]/S
                            (rising edge-triggered cell FDSE clocked by u_top_n_1799  {rise@0.000ns fall@2.500ns period=5.000ns})
  Path Group:             u_top_n_1799
  Path Type:              Setup (Max at Slow Process Corner)
  Requirement:            5.000ns  (u_top_n_1799 rise@5.000ns - u_top_n_1799 rise@0.000ns)
  Data Path Delay:        4.986ns  (logic 2.883ns (57.819%)  route 2.103ns (42.181%))
  Logic Levels:           12  (CARRY4=9 LUT1=1 LUT2=1 LUT5=1)
  Clock Path Skew:        -0.042ns (DCD - SCD + CPR)
    Destination Clock Delay (DCD):    5.619ns = ( 10.619 - 5.000 ) 
    Source Clock Delay      (SCD):    5.948ns
    Clock Pessimism Removal (CPR):    0.287ns
  Clock Uncertainty:      0.069ns  ((TSJ^2 + DJ^2)^1/2) / 2 + PE + UU
    Total System Jitter     (TSJ):    0.071ns
    Discrete Jitter          (DJ):    0.118ns
    Phase Error              (PE):    0.000ns
    User Uncertainty         (UU):    0.000ns

    Location             Delay type                Incr(ns)  Path(ns)    Netlist Resource(s)
  -------------------------------------------------------------------    -------------------
                         (clock u_top_n_1799 rise edge)
                                                      0.000     0.000 r  
    W19                                               0.000     0.000 r  sys_clk (IN)
                         net (fo=0)                   0.000     0.000    sys_clk
    W19                  IBUF (Prop_ibuf_I_O)         1.440     1.440 r  sys_clk_IBUF_inst/O
                         net (fo=1, routed)           1.065     2.505    u_top/sys_clk_IBUF
    MMCME2_ADV_X0Y2      MMCME2_ADV (Prop_mmcme2_adv_CLKIN1_CLKOUT0)
                                                      0.077     2.582 r  u_top/g_mmcm.u_mmcm/CLKOUT0
                         net (fo=1, routed)           1.559     4.141    u_top_n_1799
    BUFGCTRL_X0Y0        BUFG (Prop_bufg_I_O)         0.081     4.222 r  bank_gen[3].mem_reg_i_1/O
                         net (fo=61310, routed)       1.726     5.948    u_top/u_core/u_b/u_b_core/core/core/l1/mac/acc/clk_200
    SLICE_X115Y43        FDRE                                         r  u_top/u_core/u_b/u_b_core/core/core/l1/mac/acc/sum_stage_reg[13][5]/C
  -------------------------------------------------------------------    -------------------
    SLICE_X115Y43        FDRE (Prop_fdre_C_Q)         0.348     6.296 f  u_top/u_core/u_b/u_b_core/core/core/l1/mac/acc/sum_stage_reg[13][5]/Q
                         net (fo=2, routed)           0.473     6.769    u_top/u_core/u_b/u_b_core/core/core/l1/mac/acc/sum_stage_reg[13]_284[5]
    SLICE_X114Y44        LUT1 (Prop_lut1_I0_O)        0.239     7.008 r  u_top/u_core/u_b/u_b_core/core/core/l1/mac/acc/out_data[423]_i_5/O
                         net (fo=1, routed)           0.000     7.008    u_top/u_core/u_b/u_b_core/core/core/l1/mac/acc/out_data[423]_i_5_n_0
    SLICE_X114Y44        CARRY4 (Prop_carry4_S[1]_CO[3])
                                                      0.457     7.465 r  u_top/u_core/u_b/u_b_core/core/core/l1/mac/acc/out_data_reg[423]_i_2/CO[3]
                         net (fo=1, routed)           0.000     7.465    u_top/u_core/u_b/u_b_core/core/core/l1/mac/acc/out_data_reg[423]_i_2_n_0
    SLICE_X114Y45        CARRY4 (Prop_carry4_CI_CO[3])
                                                      0.098     7.563 r  u_top/u_core/u_b/u_b_core/core/core/l1/mac/acc/out_data_reg[427]_i_2/CO[3]
                         net (fo=1, routed)           0.000     7.563    u_top/u_core/u_b/u_b_core/core/core/l1/mac/acc/out_data_reg[427]_i_2_n_0
    SLICE_X114Y46        CARRY4 (Prop_carry4_CI_CO[3])
                                                      0.098     7.661 r  u_top/u_core/u_b/u_b_core/core/core/l1/mac/acc/out_data_reg[431]_i_2/CO[3]
                         net (fo=1, routed)           0.000     7.661    u_top/u_core/u_b/u_b_core/core/core/l1/mac/acc/out_data_reg[431]_i_2_n_0
    SLICE_X114Y47        CARRY4 (Prop_carry4_CI_CO[3])
                                                      0.098     7.759 r  u_top/u_core/u_b/u_b_core/core/core/l1/mac/acc/out_data_reg[435]_i_2/CO[3]
                         net (fo=1, routed)           0.000     7.759    u_top/u_core/u_b/u_b_core/core/core/l1/mac/acc/out_data_reg[435]_i_2_n_0
    SLICE_X114Y48        CARRY4 (Prop_carry4_CI_CO[3])
                                                      0.098     7.857 r  u_top/u_core/u_b/u_b_core/core/core/l1/mac/acc/out_data_reg[439]_i_2/CO[3]
                         net (fo=1, routed)           0.000     7.857    u_top/u_core/u_b/u_b_core/core/core/l1/mac/acc/out_data_reg[439]_i_2_n_0
    SLICE_X114Y49        CARRY4 (Prop_carry4_CI_CO[3])
                                                      0.098     7.955 r  u_top/u_core/u_b/u_b_core/core/core/l1/mac/acc/out_data_reg[443]_i_2/CO[3]
                         net (fo=1, routed)           0.001     7.956    u_top/u_core/u_b/u_b_core/core/core/l1/mac/acc/out_data_reg[443]_i_2_n_0
    SLICE_X114Y50        CARRY4 (Prop_carry4_CI_CO[3])
                                                      0.098     8.054 r  u_top/u_core/u_b/u_b_core/core/core/l1/mac/acc/out_data_reg[447]_i_2/CO[3]
                         net (fo=1, routed)           0.000     8.054    u_top/u_core/u_b/u_b_core/core/core/l1/mac/acc/out_data_reg[447]_i_2_n_0
    SLICE_X114Y51        CARRY4 (Prop_carry4_CI_O[1])
                                                      0.265     8.319 f  u_top/u_core/u_b/u_b_core/core/core/l1/mac/acc/i___133_i_8/O[1]
                         net (fo=4, routed)           0.466     8.785    u_top/u_core/u_b/u_b_core/core/core/l1/mac/acc/i___133_i_8_n_6
    SLICE_X117Y51        LUT2 (Prop_lut2_I0_O)        0.250     9.035 r  u_top/u_core/u_b/u_b_core/core/core/l1/mac/acc/i___133_i_6/O
                         net (fo=1, routed)           0.000     9.035    u_top/u_core/u_b/u_b_core/core/core/l1/mac/acc/i___133_i_6_n_0
    SLICE_X117Y51        CARRY4 (Prop_carry4_S[1]_CO[2])
                                                      0.475     9.510 r  u_top/u_core/u_b/u_b_core/core/core/l1/mac/acc/i___133_i_2/CO[2]
                         net (fo=2, routed)           0.366     9.876    u_top/u_core/u_b/u_b_core/core/core/l1/mac/sat_i32143_in
    SLICE_X117Y52        LUT5 (Prop_lut5_I4_O)        0.261    10.137 r  u_top/u_core/u_b/u_b_core/core/core/l1/mac/i___133/O
                         net (fo=31, routed)          0.798    10.935    u_top/u_core/u_b/u_b_core/core/core/l1/mac/acc/out_data_reg[446]_0
    SLICE_X116Y40        FDSE                                         r  u_top/u_core/u_b/u_b_core/core/core/l1/mac/acc/out_data_reg[419]/S
  -------------------------------------------------------------------    -------------------

                         (clock u_top_n_1799 rise edge)
                                                      5.000     5.000 r  
    W19                                               0.000     5.000 r  sys_clk (IN)
                         net (fo=0)                   0.000     5.000    sys_clk
    W19                  IBUF (Prop_ibuf_I_O)         1.374     6.374 r  sys_clk_IBUF_inst/O
                         net (fo=1, routed)           1.004     7.378    u_top/sys_clk_IBUF
    MMCME2_ADV_X0Y2      MMCME2_ADV (Prop_mmcme2_adv_CLKIN1_CLKOUT0)
                                                      0.073     7.451 r  u_top/g_mmcm.u_mmcm/CLKOUT0
                         net (fo=1, routed)           1.488     8.938    u_top_n_1799
    BUFGCTRL_X0Y0        BUFG (Prop_bufg_I_O)         0.077     9.015 r  bank_gen[3].mem_reg_i_1/O
                         net (fo=61310, routed)       1.604    10.619    u_top/u_core/u_b/u_b_core/core/core/l1/mac/acc/clk_200
    SLICE_X116Y40        FDSE                                         r  u_top/u_core/u_b/u_b_core/core/core/l1/mac/acc/out_data_reg[419]/C
                         clock pessimism              0.287    10.906    
                         clock uncertainty           -0.069    10.837    
    SLICE_X116Y40        FDSE (Setup_fdse_C_S)       -0.423    10.414    u_top/u_core/u_b/u_b_core/core/core/l1/mac/acc/out_data_reg[419]
  -------------------------------------------------------------------
                         required time                         10.414    
                         arrival time                         -10.935    
  -------------------------------------------------------------------
                         slack                                 -0.520    

Slack (VIOLATED) :        -0.520ns  (required time - arrival time)
  Source:                 u_top/u_core/u_b/u_b_core/core/core/l1/mac/acc/sum_stage_reg[13][5]/C
                            (rising edge-triggered cell FDRE clocked by u_top_n_1799  {rise@0.000ns fall@2.500ns period=5.000ns})
  Destination:            u_top/u_core/u_b/u_b_core/core/core/l1/mac/acc/out_data_reg[420]/S
                            (rising edge-triggered cell FDSE clocked by u_top_n_1799  {rise@0.000ns fall@2.500ns period=5.000ns})
  Path Group:             u_top_n_1799
  Path Type:              Setup (Max at Slow Process Corner)
  Requirement:            5.000ns  (u_top_n_1799 rise@5.000ns - u_top_n_1799 rise@0.000ns)
  Data Path Delay:        4.986ns  (logic 2.883ns (57.819%)  route 2.103ns (42.181%))
  Logic Levels:           12  (CARRY4=9 LUT1=1 LUT2=1 LUT5=1)
  Clock Path Skew:        -0.042ns (DCD - SCD + CPR)
    Destination Clock Delay (DCD):    5.619ns = ( 10.619 - 5.000 ) 
    Source Clock Delay      (SCD):    5.948ns
    Clock Pessimism Removal (CPR):    0.287ns
  Clock Uncertainty:      0.069ns  ((TSJ^2 + DJ^2)^1/2) / 2 + PE + UU
    Total System Jitter     (TSJ):    0.071ns
    Discrete Jitter          (DJ):    0.118ns
    Phase Error              (PE):    0.000ns
    User Uncertainty         (UU):    0.000ns

    Location             Delay type                Incr(ns)  Path(ns)    Netlist Resource(s)
  -------------------------------------------------------------------    -------------------
                         (clock u_top_n_1799 rise edge)
                                                      0.000     0.000 r  
    W19                                               0.000     0.000 r  sys_clk (IN)
                         net (fo=0)                   0.000     0.000    sys_clk
    W19                  IBUF (Prop_ibuf_I_O)         1.440     1.440 r  sys_clk_IBUF_inst/O
                         net (fo=1, routed)           1.065     2.505    u_top/sys_clk_IBUF
    MMCME2_ADV_X0Y2      MMCME2_ADV (Prop_mmcme2_adv_CLKIN1_CLKOUT0)
                                                      0.077     2.582 r  u_top/g_mmcm.u_mmcm/CLKOUT0
                         net (fo=1, routed)           1.559     4.141    u_top_n_1799
    BUFGCTRL_X0Y0        BUFG (Prop_bufg_I_O)         0.081     4.222 r  bank_gen[3].mem_reg_i_1/O
                         net (fo=61310, routed)       1.726     5.948    u_top/u_core/u_b/u_b_core/core/core/l1/mac/acc/clk_200
    SLICE_X115Y43        FDRE                                         r  u_top/u_core/u_b/u_b_core/core/core/l1/mac/acc/sum_stage_reg[13][5]/C
  -------------------------------------------------------------------    -------------------
    SLICE_X115Y43        FDRE (Prop_fdre_C_Q)         0.348     6.296 f  u_top/u_core/u_b/u_b_core/core/core/l1/mac/acc/sum_stage_reg[13][5]/Q
                         net (fo=2, routed)           0.473     6.769    u_top/u_core/u_b/u_b_core/core/core/l1/mac/acc/sum_stage_reg[13]_284[5]
    SLICE_X114Y44        LUT1 (Prop_lut1_I0_O)        0.239     7.008 r  u_top/u_core/u_b/u_b_core/core/core/l1/mac/acc/out_data[423]_i_5/O
                         net (fo=1, routed)           0.000     7.008    u_top/u_core/u_b/u_b_core/core/core/l1/mac/acc/out_data[423]_i_5_n_0
    SLICE_X114Y44        CARRY4 (Prop_carry4_S[1]_CO[3])
                                                      0.457     7.465 r  u_top/u_core/u_b/u_b_core/core/core/l1/mac/acc/out_data_reg[423]_i_2/CO[3]
                         net (fo=1, routed)           0.000     7.465    u_top/u_core/u_b/u_b_core/core/core/l1/mac/acc/out_data_reg[423]_i_2_n_0
    SLICE_X114Y45        CARRY4 (Prop_carry4_CI_CO[3])
                                                      0.098     7.563 r  u_top/u_core/u_b/u_b_core/core/core/l1/mac/acc/out_data_reg[427]_i_2/CO[3]
                         net (fo=1, routed)           0.000     7.563    u_top/u_core/u_b/u_b_core/core/core/l1/mac/acc/out_data_reg[427]_i_2_n_0
    SLICE_X114Y46        CARRY4 (Prop_carry4_CI_CO[3])
                                                      0.098     7.661 r  u_top/u_core/u_b/u_b_core/core/core/l1/mac/acc/out_data_reg[431]_i_2/CO[3]
                         net (fo=1, routed)           0.000     7.661    u_top/u_core/u_b/u_b_core/core/core/l1/mac/acc/out_data_reg[431]_i_2_n_0
    SLICE_X114Y47        CARRY4 (Prop_carry4_CI_CO[3])
                                                      0.098     7.759 r  u_top/u_core/u_b/u_b_core/core/core/l1/mac/acc/out_data_reg[435]_i_2/CO[3]
                         net (fo=1, routed)           0.000     7.759    u_top/u_core/u_b/u_b_core/core/core/l1/mac/acc/out_data_reg[435]_i_2_n_0
    SLICE_X114Y48        CARRY4 (Prop_carry4_CI_CO[3])
                                                      0.098     7.857 r  u_top/u_core/u_b/u_b_core/core/core/l1/mac/acc/out_data_reg[439]_i_2/CO[3]
                         net (fo=1, routed)           0.000     7.857    u_top/u_core/u_b/u_b_core/core/core/l1/mac/acc/out_data_reg[439]_i_2_n_0
    SLICE_X114Y49        CARRY4 (Prop_carry4_CI_CO[3])
                                                      0.098     7.955 r  u_top/u_core/u_b/u_b_core/core/core/l1/mac/acc/out_data_reg[443]_i_2/CO[3]
                         net (fo=1, routed)           0.001     7.956    u_top/u_core/u_b/u_b_core/core/core/l1/mac/acc/out_data_reg[443]_i_2_n_0
    SLICE_X114Y50        CARRY4 (Prop_carry4_CI_CO[3])
                                                      0.098     8.054 r  u_top/u_core/u_b/u_b_core/core/core/l1/mac/acc/out_data_reg[447]_i_2/CO[3]
                         net (fo=1, routed)           0.000     8.054    u_top/u_core/u_b/u_b_core/core/core/l1/mac/acc/out_data_reg[447]_i_2_n_0
    SLICE_X114Y51        CARRY4 (Prop_carry4_CI_O[1])
                                                      0.265     8.319 f  u_top/u_core/u_b/u_b_core/core/core/l1/mac/acc/i___133_i_8/O[1]
                         net (fo=4, routed)           0.466     8.785    u_top/u_core/u_b/u_b_core/core/core/l1/mac/acc/i___133_i_8_n_6
    SLICE_X117Y51        LUT2 (Prop_lut2_I0_O)        0.250     9.035 r  u_top/u_core/u_b/u_b_core/core/core/l1/mac/acc/i___133_i_6/O
                         net (fo=1, routed)           0.000     9.035    u_top/u_core/u_b/u_b_core/core/core/l1/mac/acc/i___133_i_6_n_0
    SLICE_X117Y51        CARRY4 (Prop_carry4_S[1]_CO[2])
                                                      0.475     9.510 r  u_top/u_core/u_b/u_b_core/core/core/l1/mac/acc/i___133_i_2/CO[2]
                         net (fo=2, routed)           0.366     9.876    u_top/u_core/u_b/u_b_core/core/core/l1/mac/sat_i32143_in
    SLICE_X117Y52        LUT5 (Prop_lut5_I4_O)        0.261    10.137 r  u_top/u_core/u_b/u_b_core/core/core/l1/mac/i___133/O
                         net (fo=31, routed)          0.798    10.935    u_top/u_core/u_b/u_b_core/core/core/l1/mac/acc/out_data_reg[446]_0
    SLICE_X116Y40        FDSE                                         r  u_top/u_core/u_b/u_b_core/core/core/l1/mac/acc/out_data_reg[420]/S
  -------------------------------------------------------------------    -------------------

                         (clock u_top_n_1799 rise edge)
                                                      5.000     5.000 r  
    W19                                               0.000     5.000 r  sys_clk (IN)
                         net (fo=0)                   0.000     5.000    sys_clk
    W19                  IBUF (Prop_ibuf_I_O)         1.374     6.374 r  sys_clk_IBUF_inst/O
                         net (fo=1, routed)           1.004     7.378    u_top/sys_clk_IBUF
    MMCME2_ADV_X0Y2      MMCME2_ADV (Prop_mmcme2_adv_CLKIN1_CLKOUT0)
                                                      0.073     7.451 r  u_top/g_mmcm.u_mmcm/CLKOUT0
                         net (fo=1, routed)           1.488     8.938    u_top_n_1799
    BUFGCTRL_X0Y0        BUFG (Prop_bufg_I_O)         0.077     9.015 r  bank_gen[3].mem_reg_i_1/O
                         net (fo=61310, routed)       1.604    10.619    u_top/u_core/u_b/u_b_core/core/core/l1/mac/acc/clk_200
    SLICE_X116Y40        FDSE                                         r  u_top/u_core/u_b/u_b_core/core/core/l1/mac/acc/out_data_reg[420]/C
                         clock pessimism              0.287    10.906    
                         clock uncertainty           -0.069    10.837    
    SLICE_X116Y40        FDSE (Setup_fdse_C_S)       -0.423    10.414    u_top/u_core/u_b/u_b_core/core/core/l1/mac/acc/out_data_reg[420]
  -------------------------------------------------------------------
                         required time                         10.414    
                         arrival time                         -10.935    
  -------------------------------------------------------------------
                         slack                                 -0.520    

Slack (VIOLATED) :        -0.520ns  (required time - arrival time)
  Source:                 u_top/u_core/u_b/u_b_core/core/core/l1/mac/acc/sum_stage_reg[13][5]/C
                            (rising edge-triggered cell FDRE clocked by u_top_n_1799  {rise@0.000ns fall@2.500ns period=5.000ns})
  Destination:            u_top/u_core/u_b/u_b_core/core/core/l1/mac/acc/out_data_reg[421]/S
                            (rising edge-triggered cell FDSE clocked by u_top_n_1799  {rise@0.000ns fall@2.500ns period=5.000ns})
  Path Group:             u_top_n_1799
  Path Type:              Setup (Max at Slow Process Corner)
  Requirement:            5.000ns  (u_top_n_1799 rise@5.000ns - u_top_n_1799 rise@0.000ns)
  Data Path Delay:        4.986ns  (logic 2.883ns (57.819%)  route 2.103ns (42.181%))
  Logic Levels:           12  (CARRY4=9 LUT1=1 LUT2=1 LUT5=1)
  Clock Path Skew:        -0.042ns (DCD - SCD + CPR)
    Destination Clock Delay (DCD):    5.619ns = ( 10.619 - 5.000 ) 
    Source Clock Delay      (SCD):    5.948ns
    Clock Pessimism Removal (CPR):    0.287ns
  Clock Uncertainty:      0.069ns  ((TSJ^2 + DJ^2)^1/2) / 2 + PE + UU
    Total System Jitter     (TSJ):    0.071ns
    Discrete Jitter          (DJ):    0.118ns
    Phase Error              (PE):    0.000ns
    User Uncertainty         (UU):    0.000ns

    Location             Delay type                Incr(ns)  Path(ns)    Netlist Resource(s)
  -------------------------------------------------------------------    -------------------
                         (clock u_top_n_1799 rise edge)
                                                      0.000     0.000 r  
    W19                                               0.000     0.000 r  sys_clk (IN)
                         net (fo=0)                   0.000     0.000    sys_clk
    W19                  IBUF (Prop_ibuf_I_O)         1.440     1.440 r  sys_clk_IBUF_inst/O
                         net (fo=1, routed)           1.065     2.505    u_top/sys_clk_IBUF
    MMCME2_ADV_X0Y2      MMCME2_ADV (Prop_mmcme2_adv_CLKIN1_CLKOUT0)
                                                      0.077     2.582 r  u_top/g_mmcm.u_mmcm/CLKOUT0
                         net (fo=1, routed)           1.559     4.141    u_top_n_1799
    BUFGCTRL_X0Y0        BUFG (Prop_bufg_I_O)         0.081     4.222 r  bank_gen[3].mem_reg_i_1/O
                         net (fo=61310, routed)       1.726     5.948    u_top/u_core/u_b/u_b_core/core/core/l1/mac/acc/clk_200
    SLICE_X115Y43        FDRE                                         r  u_top/u_core/u_b/u_b_core/core/core/l1/mac/acc/sum_stage_reg[13][5]/C
  -------------------------------------------------------------------    -------------------
    SLICE_X115Y43        FDRE (Prop_fdre_C_Q)         0.348     6.296 f  u_top/u_core/u_b/u_b_core/core/core/l1/mac/acc/sum_stage_reg[13][5]/Q
                         net (fo=2, routed)           0.473     6.769    u_top/u_core/u_b/u_b_core/core/core/l1/mac/acc/sum_stage_reg[13]_284[5]
    SLICE_X114Y44        LUT1 (Prop_lut1_I0_O)        0.239     7.008 r  u_top/u_core/u_b/u_b_core/core/core/l1/mac/acc/out_data[423]_i_5/O
                         net (fo=1, routed)           0.000     7.008    u_top/u_core/u_b/u_b_core/core/core/l1/mac/acc/out_data[423]_i_5_n_0
    SLICE_X114Y44        CARRY4 (Prop_carry4_S[1]_CO[3])
                                                      0.457     7.465 r  u_top/u_core/u_b/u_b_core/core/core/l1/mac/acc/out_data_reg[423]_i_2/CO[3]
                         net (fo=1, routed)           0.000     7.465    u_top/u_core/u_b/u_b_core/core/core/l1/mac/acc/out_data_reg[423]_i_2_n_0
    SLICE_X114Y45        CARRY4 (Prop_carry4_CI_CO[3])
                                                      0.098     7.563 r  u_top/u_core/u_b/u_b_core/core/core/l1/mac/acc/out_data_reg[427]_i_2/CO[3]
                         net (fo=1, routed)           0.000     7.563    u_top/u_core/u_b/u_b_core/core/core/l1/mac/acc/out_data_reg[427]_i_2_n_0
    SLICE_X114Y46        CARRY4 (Prop_carry4_CI_CO[3])
                                                      0.098     7.661 r  u_top/u_core/u_b/u_b_core/core/core/l1/mac/acc/out_data_reg[431]_i_2/CO[3]
                         net (fo=1, routed)           0.000     7.661    u_top/u_core/u_b/u_b_core/core/core/l1/mac/acc/out_data_reg[431]_i_2_n_0
    SLICE_X114Y47        CARRY4 (Prop_carry4_CI_CO[3])
                                                      0.098     7.759 r  u_top/u_core/u_b/u_b_core/core/core/l1/mac/acc/out_data_reg[435]_i_2/CO[3]
                         net (fo=1, routed)           0.000     7.759    u_top/u_core/u_b/u_b_core/core/core/l1/mac/acc/out_data_reg[435]_i_2_n_0
    SLICE_X114Y48        CARRY4 (Prop_carry4_CI_CO[3])
                                                      0.098     7.857 r  u_top/u_core/u_b/u_b_core/core/core/l1/mac/acc/out_data_reg[439]_i_2/CO[3]
                         net (fo=1, routed)           0.000     7.857    u_top/u_core/u_b/u_b_core/core/core/l1/mac/acc/out_data_reg[439]_i_2_n_0
    SLICE_X114Y49        CARRY4 (Prop_carry4_CI_CO[3])
                                                      0.098     7.955 r  u_top/u_core/u_b/u_b_core/core/core/l1/mac/acc/out_data_reg[443]_i_2/CO[3]
                         net (fo=1, routed)           0.001     7.956    u_top/u_core/u_b/u_b_core/core/core/l1/mac/acc/out_data_reg[443]_i_2_n_0
    SLICE_X114Y50        CARRY4 (Prop_carry4_CI_CO[3])
                                                      0.098     8.054 r  u_top/u_core/u_b/u_b_core/core/core/l1/mac/acc/out_data_reg[447]_i_2/CO[3]
                         net (fo=1, routed)           0.000     8.054    u_top/u_core/u_b/u_b_core/core/core/l1/mac/acc/out_data_reg[447]_i_2_n_0
    SLICE_X114Y51        CARRY4 (Prop_carry4_CI_O[1])
                                                      0.265     8.319 f  u_top/u_core/u_b/u_b_core/core/core/l1/mac/acc/i___133_i_8/O[1]
                         net (fo=4, routed)           0.466     8.785    u_top/u_core/u_b/u_b_core/core/core/l1/mac/acc/i___133_i_8_n_6
    SLICE_X117Y51        LUT2 (Prop_lut2_I0_O)        0.250     9.035 r  u_top/u_core/u_b/u_b_core/core/core/l1/mac/acc/i___133_i_6/O
                         net (fo=1, routed)           0.000     9.035    u_top/u_core/u_b/u_b_core/core/core/l1/mac/acc/i___133_i_6_n_0
    SLICE_X117Y51        CARRY4 (Prop_carry4_S[1]_CO[2])
                                                      0.475     9.510 r  u_top/u_core/u_b/u_b_core/core/core/l1/mac/acc/i___133_i_2/CO[2]
                         net (fo=2, routed)           0.366     9.876    u_top/u_core/u_b/u_b_core/core/core/l1/mac/sat_i32143_in
    SLICE_X117Y52        LUT5 (Prop_lut5_I4_O)        0.261    10.137 r  u_top/u_core/u_b/u_b_core/core/core/l1/mac/i___133/O
                         net (fo=31, routed)          0.798    10.935    u_top/u_core/u_b/u_b_core/core/core/l1/mac/acc/out_data_reg[446]_0
    SLICE_X116Y40        FDSE                                         r  u_top/u_core/u_b/u_b_core/core/core/l1/mac/acc/out_data_reg[421]/S
  -------------------------------------------------------------------    -------------------

                         (clock u_top_n_1799 rise edge)
                                                      5.000     5.000 r  
    W19                                               0.000     5.000 r  sys_clk (IN)
                         net (fo=0)                   0.000     5.000    sys_clk
    W19                  IBUF (Prop_ibuf_I_O)         1.374     6.374 r  sys_clk_IBUF_inst/O
                         net (fo=1, routed)           1.004     7.378    u_top/sys_clk_IBUF
    MMCME2_ADV_X0Y2      MMCME2_ADV (Prop_mmcme2_adv_CLKIN1_CLKOUT0)
                                                      0.073     7.451 r  u_top/g_mmcm.u_mmcm/CLKOUT0
                         net (fo=1, routed)           1.488     8.938    u_top_n_1799
    BUFGCTRL_X0Y0        BUFG (Prop_bufg_I_O)         0.077     9.015 r  bank_gen[3].mem_reg_i_1/O
                         net (fo=61310, routed)       1.604    10.619    u_top/u_core/u_b/u_b_core/core/core/l1/mac/acc/clk_200
    SLICE_X116Y40        FDSE                                         r  u_top/u_core/u_b/u_b_core/core/core/l1/mac/acc/out_data_reg[421]/C
                         clock pessimism              0.287    10.906    
                         clock uncertainty           -0.069    10.837    
    SLICE_X116Y40        FDSE (Setup_fdse_C_S)       -0.423    10.414    u_top/u_core/u_b/u_b_core/core/core/l1/mac/acc/out_data_reg[421]
  -------------------------------------------------------------------
                         required time                         10.414    
                         arrival time                         -10.935    
  -------------------------------------------------------------------
                         slack                                 -0.520    

Slack (VIOLATED) :        -0.518ns  (required time - arrival time)
  Source:                 u_top/u_core/u_b/u_b_core/core/core/l1/mac/acc/sum_stage_reg[13][5]/C
                            (rising edge-triggered cell FDRE clocked by u_top_n_1799  {rise@0.000ns fall@2.500ns period=5.000ns})
  Destination:            u_top/u_core/u_b/u_b_core/core/core/l1/mac/acc/out_data_reg[422]/S
                            (rising edge-triggered cell FDSE clocked by u_top_n_1799  {rise@0.000ns fall@2.500ns period=5.000ns})
  Path Group:             u_top_n_1799
  Path Type:              Setup (Max at Slow Process Corner)
  Requirement:            5.000ns  (u_top_n_1799 rise@5.000ns - u_top_n_1799 rise@0.000ns)
  Data Path Delay:        4.983ns  (logic 2.883ns (57.853%)  route 2.100ns (42.147%))
  Logic Levels:           12  (CARRY4=9 LUT1=1 LUT2=1 LUT5=1)
  Clock Path Skew:        -0.043ns (DCD - SCD + CPR)
    Destination Clock Delay (DCD):    5.618ns = ( 10.618 - 5.000 ) 
    Source Clock Delay      (SCD):    5.948ns
    Clock Pessimism Removal (CPR):    0.287ns
  Clock Uncertainty:      0.069ns  ((TSJ^2 + DJ^2)^1/2) / 2 + PE + UU
    Total System Jitter     (TSJ):    0.071ns
    Discrete Jitter          (DJ):    0.118ns
    Phase Error              (PE):    0.000ns
    User Uncertainty         (UU):    0.000ns

    Location             Delay type                Incr(ns)  Path(ns)    Netlist Resource(s)
  -------------------------------------------------------------------    -------------------
                         (clock u_top_n_1799 rise edge)
                                                      0.000     0.000 r  
    W19                                               0.000     0.000 r  sys_clk (IN)
                         net (fo=0)                   0.000     0.000    sys_clk
    W19                  IBUF (Prop_ibuf_I_O)         1.440     1.440 r  sys_clk_IBUF_inst/O
                         net (fo=1, routed)           1.065     2.505    u_top/sys_clk_IBUF
    MMCME2_ADV_X0Y2      MMCME2_ADV (Prop_mmcme2_adv_CLKIN1_CLKOUT0)
                                                      0.077     2.582 r  u_top/g_mmcm.u_mmcm/CLKOUT0
                         net (fo=1, routed)           1.559     4.141    u_top_n_1799
    BUFGCTRL_X0Y0        BUFG (Prop_bufg_I_O)         0.081     4.222 r  bank_gen[3].mem_reg_i_1/O
                         net (fo=61310, routed)       1.726     5.948    u_top/u_core/u_b/u_b_core/core/core/l1/mac/acc/clk_200
    SLICE_X115Y43        FDRE                                         r  u_top/u_core/u_b/u_b_core/core/core/l1/mac/acc/sum_stage_reg[13][5]/C
  -------------------------------------------------------------------    -------------------
    SLICE_X115Y43        FDRE (Prop_fdre_C_Q)         0.348     6.296 f  u_top/u_core/u_b/u_b_core/core/core/l1/mac/acc/sum_stage_reg[13][5]/Q
                         net (fo=2, routed)           0.473     6.769    u_top/u_core/u_b/u_b_core/core/core/l1/mac/acc/sum_stage_reg[13]_284[5]
    SLICE_X114Y44        LUT1 (Prop_lut1_I0_O)        0.239     7.008 r  u_top/u_core/u_b/u_b_core/core/core/l1/mac/acc/out_data[423]_i_5/O
                         net (fo=1, routed)           0.000     7.008    u_top/u_core/u_b/u_b_core/core/core/l1/mac/acc/out_data[423]_i_5_n_0
    SLICE_X114Y44        CARRY4 (Prop_carry4_S[1]_CO[3])
                                                      0.457     7.465 r  u_top/u_core/u_b/u_b_core/core/core/l1/mac/acc/out_data_reg[423]_i_2/CO[3]
                         net (fo=1, routed)           0.000     7.465    u_top/u_core/u_b/u_b_core/core/core/l1/mac/acc/out_data_reg[423]_i_2_n_0
    SLICE_X114Y45        CARRY4 (Prop_carry4_CI_CO[3])
                                                      0.098     7.563 r  u_top/u_core/u_b/u_b_core/core/core/l1/mac/acc/out_data_reg[427]_i_2/CO[3]
                         net (fo=1, routed)           0.000     7.563    u_top/u_core/u_b/u_b_core/core/core/l1/mac/acc/out_data_reg[427]_i_2_n_0
    SLICE_X114Y46        CARRY4 (Prop_carry4_CI_CO[3])
                                                      0.098     7.661 r  u_top/u_core/u_b/u_b_core/core/core/l1/mac/acc/out_data_reg[431]_i_2/CO[3]
                         net (fo=1, routed)           0.000     7.661    u_top/u_core/u_b/u_b_core/core/core/l1/mac/acc/out_data_reg[431]_i_2_n_0
    SLICE_X114Y47        CARRY4 (Prop_carry4_CI_CO[3])
                                                      0.098     7.759 r  u_top/u_core/u_b/u_b_core/core/core/l1/mac/acc/out_data_reg[435]_i_2/CO[3]
                         net (fo=1, routed)           0.000     7.759    u_top/u_core/u_b/u_b_core/core/core/l1/mac/acc/out_data_reg[435]_i_2_n_0
    SLICE_X114Y48        CARRY4 (Prop_carry4_CI_CO[3])
                                                      0.098     7.857 r  u_top/u_core/u_b/u_b_core/core/core/l1/mac/acc/out_data_reg[439]_i_2/CO[3]
                         net (fo=1, routed)           0.000     7.857    u_top/u_core/u_b/u_b_core/core/core/l1/mac/acc/out_data_reg[439]_i_2_n_0
    SLICE_X114Y49        CARRY4 (Prop_carry4_CI_CO[3])
                                                      0.098     7.955 r  u_top/u_core/u_b/u_b_core/core/core/l1/mac/acc/out_data_reg[443]_i_2/CO[3]
                         net (fo=1, routed)           0.001     7.956    u_top/u_core/u_b/u_b_core/core/core/l1/mac/acc/out_data_reg[443]_i_2_n_0
    SLICE_X114Y50        CARRY4 (Prop_carry4_CI_CO[3])
                                                      0.098     8.054 r  u_top/u_core/u_b/u_b_core/core/core/l1/mac/acc/out_data_reg[447]_i_2/CO[3]
                         net (fo=1, routed)           0.000     8.054    u_top/u_core/u_b/u_b_core/core/core/l1/mac/acc/out_data_reg[447]_i_2_n_0
    SLICE_X114Y51        CARRY4 (Prop_carry4_CI_O[1])
                                                      0.265     8.319 f  u_top/u_core/u_b/u_b_core/core/core/l1/mac/acc/i___133_i_8/O[1]
                         net (fo=4, routed)           0.466     8.785    u_top/u_core/u_b/u_b_core/core/core/l1/mac/acc/i___133_i_8_n_6
    SLICE_X117Y51        LUT2 (Prop_lut2_I0_O)        0.250     9.035 r  u_top/u_core/u_b/u_b_core/core/core/l1/mac/acc/i___133_i_6/O
                         net (fo=1, routed)           0.000     9.035    u_top/u_core/u_b/u_b_core/core/core/l1/mac/acc/i___133_i_6_n_0
    SLICE_X117Y51        CARRY4 (Prop_carry4_S[1]_CO[2])
                                                      0.475     9.510 r  u_top/u_core/u_b/u_b_core/core/core/l1/mac/acc/i___133_i_2/CO[2]
                         net (fo=2, routed)           0.366     9.876    u_top/u_core/u_b/u_b_core/core/core/l1/mac/sat_i32143_in
    SLICE_X117Y52        LUT5 (Prop_lut5_I4_O)        0.261    10.137 r  u_top/u_core/u_b/u_b_core/core/core/l1/mac/i___133/O
                         net (fo=31, routed)          0.795    10.932    u_top/u_core/u_b/u_b_core/core/core/l1/mac/acc/out_data_reg[446]_0
    SLICE_X116Y39        FDSE                                         r  u_top/u_core/u_b/u_b_core/core/core/l1/mac/acc/out_data_reg[422]/S
  -------------------------------------------------------------------    -------------------

                         (clock u_top_n_1799 rise edge)
                                                      5.000     5.000 r  
    W19                                               0.000     5.000 r  sys_clk (IN)
                         net (fo=0)                   0.000     5.000    sys_clk
    W19                  IBUF (Prop_ibuf_I_O)         1.374     6.374 r  sys_clk_IBUF_inst/O
                         net (fo=1, routed)           1.004     7.378    u_top/sys_clk_IBUF
    MMCME2_ADV_X0Y2      MMCME2_ADV (Prop_mmcme2_adv_CLKIN1_CLKOUT0)
                                                      0.073     7.451 r  u_top/g_mmcm.u_mmcm/CLKOUT0
                         net (fo=1, routed)           1.488     8.938    u_top_n_1799
    BUFGCTRL_X0Y0        BUFG (Prop_bufg_I_O)         0.077     9.015 r  bank_gen[3].mem_reg_i_1/O
                         net (fo=61310, routed)       1.603    10.618    u_top/u_core/u_b/u_b_core/core/core/l1/mac/acc/clk_200
    SLICE_X116Y39        FDSE                                         r  u_top/u_core/u_b/u_b_core/core/core/l1/mac/acc/out_data_reg[422]/C
                         clock pessimism              0.287    10.905    
                         clock uncertainty           -0.069    10.836    
    SLICE_X116Y39        FDSE (Setup_fdse_C_S)       -0.423    10.413    u_top/u_core/u_b/u_b_core/core/core/l1/mac/acc/out_data_reg[422]
  -------------------------------------------------------------------
                         required time                         10.413    
                         arrival time                         -10.932    
  -------------------------------------------------------------------
                         slack                                 -0.518    

Slack (VIOLATED) :        -0.518ns  (required time - arrival time)
  Source:                 u_top/u_core/u_b/u_b_core/core/core/l1/mac/acc/sum_stage_reg[13][5]/C
                            (rising edge-triggered cell FDRE clocked by u_top_n_1799  {rise@0.000ns fall@2.500ns period=5.000ns})
  Destination:            u_top/u_core/u_b/u_b_core/core/core/l1/mac/acc/out_data_reg[426]/S
                            (rising edge-triggered cell FDSE clocked by u_top_n_1799  {rise@0.000ns fall@2.500ns period=5.000ns})
  Path Group:             u_top_n_1799
  Path Type:              Setup (Max at Slow Process Corner)
  Requirement:            5.000ns  (u_top_n_1799 rise@5.000ns - u_top_n_1799 rise@0.000ns)
  Data Path Delay:        4.983ns  (logic 2.883ns (57.853%)  route 2.100ns (42.147%))
  Logic Levels:           12  (CARRY4=9 LUT1=1 LUT2=1 LUT5=1)
  Clock Path Skew:        -0.043ns (DCD - SCD + CPR)
    Destination Clock Delay (DCD):    5.618ns = ( 10.618 - 5.000 ) 
    Source Clock Delay      (SCD):    5.948ns
    Clock Pessimism Removal (CPR):    0.287ns
  Clock Uncertainty:      0.069ns  ((TSJ^2 + DJ^2)^1/2) / 2 + PE + UU
    Total System Jitter     (TSJ):    0.071ns
    Discrete Jitter          (DJ):    0.118ns
    Phase Error              (PE):    0.000ns
    User Uncertainty         (UU):    0.000ns

    Location             Delay type                Incr(ns)  Path(ns)    Netlist Resource(s)
  -------------------------------------------------------------------    -------------------
                         (clock u_top_n_1799 rise edge)
                                                      0.000     0.000 r  
    W19                                               0.000     0.000 r  sys_clk (IN)
                         net (fo=0)                   0.000     0.000    sys_clk
    W19                  IBUF (Prop_ibuf_I_O)         1.440     1.440 r  sys_clk_IBUF_inst/O
                         net (fo=1, routed)           1.065     2.505    u_top/sys_clk_IBUF
    MMCME2_ADV_X0Y2      MMCME2_ADV (Prop_mmcme2_adv_CLKIN1_CLKOUT0)
                                                      0.077     2.582 r  u_top/g_mmcm.u_mmcm/CLKOUT0
                         net (fo=1, routed)           1.559     4.141    u_top_n_1799
    BUFGCTRL_X0Y0        BUFG (Prop_bufg_I_O)         0.081     4.222 r  bank_gen[3].mem_reg_i_1/O
                         net (fo=61310, routed)       1.726     5.948    u_top/u_core/u_b/u_b_core/core/core/l1/mac/acc/clk_200
    SLICE_X115Y43        FDRE                                         r  u_top/u_core/u_b/u_b_core/core/core/l1/mac/acc/sum_stage_reg[13][5]/C
  -------------------------------------------------------------------    -------------------
    SLICE_X115Y43        FDRE (Prop_fdre_C_Q)         0.348     6.296 f  u_top/u_core/u_b/u_b_core/core/core/l1/mac/acc/sum_stage_reg[13][5]/Q
                         net (fo=2, routed)           0.473     6.769    u_top/u_core/u_b/u_b_core/core/core/l1/mac/acc/sum_stage_reg[13]_284[5]
    SLICE_X114Y44        LUT1 (Prop_lut1_I0_O)        0.239     7.008 r  u_top/u_core/u_b/u_b_core/core/core/l1/mac/acc/out_data[423]_i_5/O
                         net (fo=1, routed)           0.000     7.008    u_top/u_core/u_b/u_b_core/core/core/l1/mac/acc/out_data[423]_i_5_n_0
    SLICE_X114Y44        CARRY4 (Prop_carry4_S[1]_CO[3])
                                                      0.457     7.465 r  u_top/u_core/u_b/u_b_core/core/core/l1/mac/acc/out_data_reg[423]_i_2/CO[3]
                         net (fo=1, routed)           0.000     7.465    u_top/u_core/u_b/u_b_core/core/core/l1/mac/acc/out_data_reg[423]_i_2_n_0
    SLICE_X114Y45        CARRY4 (Prop_carry4_CI_CO[3])
                                                      0.098     7.563 r  u_top/u_core/u_b/u_b_core/core/core/l1/mac/acc/out_data_reg[427]_i_2/CO[3]
                         net (fo=1, routed)           0.000     7.563    u_top/u_core/u_b/u_b_core/core/core/l1/mac/acc/out_data_reg[427]_i_2_n_0
    SLICE_X114Y46        CARRY4 (Prop_carry4_CI_CO[3])
                                                      0.098     7.661 r  u_top/u_core/u_b/u_b_core/core/core/l1/mac/acc/out_data_reg[431]_i_2/CO[3]
                         net (fo=1, routed)           0.000     7.661    u_top/u_core/u_b/u_b_core/core/core/l1/mac/acc/out_data_reg[431]_i_2_n_0
    SLICE_X114Y47        CARRY4 (Prop_carry4_CI_CO[3])
                                                      0.098     7.759 r  u_top/u_core/u_b/u_b_core/core/core/l1/mac/acc/out_data_reg[435]_i_2/CO[3]
                         net (fo=1, routed)           0.000     7.759    u_top/u_core/u_b/u_b_core/core/core/l1/mac/acc/out_data_reg[435]_i_2_n_0
    SLICE_X114Y48        CARRY4 (Prop_carry4_CI_CO[3])
                                                      0.098     7.857 r  u_top/u_core/u_b/u_b_core/core/core/l1/mac/acc/out_data_reg[439]_i_2/CO[3]
                         net (fo=1, routed)           0.000     7.857    u_top/u_core/u_b/u_b_core/core/core/l1/mac/acc/out_data_reg[439]_i_2_n_0
    SLICE_X114Y49        CARRY4 (Prop_carry4_CI_CO[3])
                                                      0.098     7.955 r  u_top/u_core/u_b/u_b_core/core/core/l1/mac/acc/out_data_reg[443]_i_2/CO[3]
                         net (fo=1, routed)           0.001     7.956    u_top/u_core/u_b/u_b_core/core/core/l1/mac/acc/out_data_reg[443]_i_2_n_0
    SLICE_X114Y50        CARRY4 (Prop_carry4_CI_CO[3])
                                                      0.098     8.054 r  u_top/u_core/u_b/u_b_core/core/core/l1/mac/acc/out_data_reg[447]_i_2/CO[3]
                         net (fo=1, routed)           0.000     8.054    u_top/u_core/u_b/u_b_core/core/core/l1/mac/acc/out_data_reg[447]_i_2_n_0
    SLICE_X114Y51        CARRY4 (Prop_carry4_CI_O[1])
                                                      0.265     8.319 f  u_top/u_core/u_b/u_b_core/core/core/l1/mac/acc/i___133_i_8/O[1]
                         net (fo=4, routed)           0.466     8.785    u_top/u_core/u_b/u_b_core/core/core/l1/mac/acc/i___133_i_8_n_6
    SLICE_X117Y51        LUT2 (Prop_lut2_I0_O)        0.250     9.035 r  u_top/u_core/u_b/u_b_core/core/core/l1/mac/acc/i___133_i_6/O
                         net (fo=1, routed)           0.000     9.035    u_top/u_core/u_b/u_b_core/core/core/l1/mac/acc/i___133_i_6_n_0
    SLICE_X117Y51        CARRY4 (Prop_carry4_S[1]_CO[2])
                                                      0.475     9.510 r  u_top/u_core/u_b/u_b_core/core/core/l1/mac/acc/i___133_i_2/CO[2]
                         net (fo=2, routed)           0.366     9.876    u_top/u_core/u_b/u_b_core/core/core/l1/mac/sat_i32143_in
    SLICE_X117Y52        LUT5 (Prop_lut5_I4_O)        0.261    10.137 r  u_top/u_core/u_b/u_b_core/core/core/l1/mac/i___133/O
                         net (fo=31, routed)          0.795    10.932    u_top/u_core/u_b/u_b_core/core/core/l1/mac/acc/out_data_reg[446]_0
    SLICE_X116Y39        FDSE                                         r  u_top/u_core/u_b/u_b_core/core/core/l1/mac/acc/out_data_reg[426]/S
  -------------------------------------------------------------------    -------------------

                         (clock u_top_n_1799 rise edge)
                                                      5.000     5.000 r  
    W19                                               0.000     5.000 r  sys_clk (IN)
                         net (fo=0)                   0.000     5.000    sys_clk
    W19                  IBUF (Prop_ibuf_I_O)         1.374     6.374 r  sys_clk_IBUF_inst/O
                         net (fo=1, routed)           1.004     7.378    u_top/sys_clk_IBUF
    MMCME2_ADV_X0Y2      MMCME2_ADV (Prop_mmcme2_adv_CLKIN1_CLKOUT0)
                                                      0.073     7.451 r  u_top/g_mmcm.u_mmcm/CLKOUT0
                         net (fo=1, routed)           1.488     8.938    u_top_n_1799
    BUFGCTRL_X0Y0        BUFG (Prop_bufg_I_O)         0.077     9.015 r  bank_gen[3].mem_reg_i_1/O
                         net (fo=61310, routed)       1.603    10.618    u_top/u_core/u_b/u_b_core/core/core/l1/mac/acc/clk_200
    SLICE_X116Y39        FDSE                                         r  u_top/u_core/u_b/u_b_core/core/core/l1/mac/acc/out_data_reg[426]/C
                         clock pessimism              0.287    10.905    
                         clock uncertainty           -0.069    10.836    
    SLICE_X116Y39        FDSE (Setup_fdse_C_S)       -0.423    10.413    u_top/u_core/u_b/u_b_core/core/core/l1/mac/acc/out_data_reg[426]
  -------------------------------------------------------------------
                         required time                         10.413    
                         arrival time                         -10.932    
  -------------------------------------------------------------------
                         slack                                 -0.518    

Slack (VIOLATED) :        -0.517ns  (required time - arrival time)
  Source:                 u_top/u_core/u_b/u_b_core/core/core/l2/post/units[0].post/requant_product_s5_reg__0/CLK
                            (rising edge-triggered cell DSP48E1 clocked by u_top_n_1799  {rise@0.000ns fall@2.500ns period=5.000ns})
  Destination:            u_top/u_core/u_b/u_b_core/core/core/l2/post/units[0].post/rounded_q31_s6_reg[33]/D
                            (rising edge-triggered cell FDRE clocked by u_top_n_1799  {rise@0.000ns fall@2.500ns period=5.000ns})
  Path Group:             u_top_n_1799
  Path Type:              Setup (Max at Slow Process Corner)
  Requirement:            5.000ns  (u_top_n_1799 rise@5.000ns - u_top_n_1799 rise@0.000ns)
  Data Path Delay:        5.373ns  (logic 3.820ns (71.102%)  route 1.553ns (28.898%))
  Logic Levels:           23  (CARRY4=21 LUT2=1 LUT6=1)
  Clock Path Skew:        -0.135ns (DCD - SCD + CPR)
    Destination Clock Delay (DCD):    5.522ns = ( 10.522 - 5.000 ) 
    Source Clock Delay      (SCD):    5.937ns
    Clock Pessimism Removal (CPR):    0.280ns
  Clock Uncertainty:      0.069ns  ((TSJ^2 + DJ^2)^1/2) / 2 + PE + UU
    Total System Jitter     (TSJ):    0.071ns
    Discrete Jitter          (DJ):    0.118ns
    Phase Error              (PE):    0.000ns
    User Uncertainty         (UU):    0.000ns

    Location             Delay type                Incr(ns)  Path(ns)    Netlist Resource(s)
  -------------------------------------------------------------------    -------------------
                         (clock u_top_n_1799 rise edge)
                                                      0.000     0.000 r  
    W19                                               0.000     0.000 r  sys_clk (IN)
                         net (fo=0)                   0.000     0.000    sys_clk
    W19                  IBUF (Prop_ibuf_I_O)         1.440     1.440 r  sys_clk_IBUF_inst/O
                         net (fo=1, routed)           1.065     2.505    u_top/sys_clk_IBUF
    MMCME2_ADV_X0Y2      MMCME2_ADV (Prop_mmcme2_adv_CLKIN1_CLKOUT0)
                                                      0.077     2.582 r  u_top/g_mmcm.u_mmcm/CLKOUT0
                         net (fo=1, routed)           1.559     4.141    u_top_n_1799
    BUFGCTRL_X0Y0        BUFG (Prop_bufg_I_O)         0.081     4.222 r  bank_gen[3].mem_reg_i_1/O
                         net (fo=61310, routed)       1.715     5.937    u_top/u_core/u_b/u_b_core/core/core/l2/post/units[0].post/clk_200
    DSP48_X1Y27          DSP48E1                                      r  u_top/u_core/u_b/u_b_core/core/core/l2/post/units[0].post/requant_product_s5_reg__0/CLK
  -------------------------------------------------------------------    -------------------
    DSP48_X1Y27          DSP48E1 (Prop_dsp48e1_CLK_P[0])
                                                      0.370     6.307 r  u_top/u_core/u_b/u_b_core/core/core/l2/post/units[0].post/requant_product_s5_reg__0/P[0]
                         net (fo=2, routed)           0.824     7.131    u_top/u_core/u_b/u_b_core/core/core/l2/post/units[0].post/requant_product_s5_reg__0_n_105
    SLICE_X23Y62         LUT2 (Prop_lut2_I0_O)        0.105     7.236 r  u_top/u_core/u_b/u_b_core/core/core/l2/post/units[0].post/rounded_q31_s6[3]_i_28__1/O
                         net (fo=1, routed)           0.000     7.236    u_top/u_core/u_b/u_b_core/core/core/l2/post/units[0].post/rounded_q31_s6[3]_i_28__1_n_0
    SLICE_X23Y62         CARRY4 (Prop_carry4_S[1]_CO[3])
                                                      0.457     7.693 r  u_top/u_core/u_b/u_b_core/core/core/l2/post/units[0].post/rounded_q31_s6_reg[3]_i_17__1/CO[3]
                         net (fo=1, routed)           0.000     7.693    u_top/u_core/u_b/u_b_core/core/core/l2/post/units[0].post/rounded_q31_s6_reg[3]_i_17__1_n_0
    SLICE_X23Y63         CARRY4 (Prop_carry4_CI_CO[3])
                                                      0.098     7.791 r  u_top/u_core/u_b/u_b_core/core/core/l2/post/units[0].post/rounded_q31_s6_reg[3]_i_12__1/CO[3]
                         net (fo=1, routed)           0.000     7.791    u_top/u_core/u_b/u_b_core/core/core/l2/post/units[0].post/rounded_q31_s6_reg[3]_i_12__1_n_0
    SLICE_X23Y64         CARRY4 (Prop_carry4_CI_CO[3])
                                                      0.098     7.889 r  u_top/u_core/u_b/u_b_core/core/core/l2/post/units[0].post/rounded_q31_s6_reg[3]_i_4__1/CO[3]
                         net (fo=1, routed)           0.000     7.889    u_top/u_core/u_b/u_b_core/core/core/l2/post/units[0].post/rounded_q31_s6_reg[3]_i_4__1_n_0
    SLICE_X23Y65         CARRY4 (Prop_carry4_CI_CO[3])
                                                      0.098     7.987 r  u_top/u_core/u_b/u_b_core/core/core/l2/post/units[0].post/rounded_q31_s6_reg[3]_i_2__1/CO[3]
                         net (fo=1, routed)           0.000     7.987    u_top/u_core/u_b/u_b_core/core/core/l2/post/units[0].post/rounded_q31_s6_reg[3]_i_2__1_n_0
    SLICE_X23Y66         CARRY4 (Prop_carry4_CI_CO[3])
                                                      0.098     8.085 r  u_top/u_core/u_b/u_b_core/core/core/l2/post/units[0].post/rounded_q31_s6_reg[7]_i_2__1/CO[3]
                         net (fo=1, routed)           0.000     8.085    u_top/u_core/u_b/u_b_core/core/core/l2/post/units[0].post/rounded_q31_s6_reg[7]_i_2__1_n_0
    SLICE_X23Y67         CARRY4 (Prop_carry4_CI_CO[3])
                                                      0.098     8.183 r  u_top/u_core/u_b/u_b_core/core/core/l2/post/units[0].post/rounded_q31_s6_reg[11]_i_2__1/CO[3]
                         net (fo=1, routed)           0.000     8.183    u_top/u_core/u_b/u_b_core/core/core/l2/post/units[0].post/rounded_q31_s6_reg[11]_i_2__1_n_0
    SLICE_X23Y68         CARRY4 (Prop_carry4_CI_CO[3])
                                                      0.098     8.281 r  u_top/u_core/u_b/u_b_core/core/core/l2/post/units[0].post/rounded_q31_s6_reg[15]_i_2__1/CO[3]
                         net (fo=1, routed)           0.000     8.281    u_top/u_core/u_b/u_b_core/core/core/l2/post/units[0].post/rounded_q31_s6_reg[15]_i_2__1_n_0
    SLICE_X23Y69         CARRY4 (Prop_carry4_CI_CO[3])
                                                      0.098     8.379 r  u_top/u_core/u_b/u_b_core/core/core/l2/post/units[0].post/rounded_q31_s6_reg[19]_i_2__1/CO[3]
                         net (fo=1, routed)           0.000     8.379    u_top/u_core/u_b/u_b_core/core/core/l2/post/units[0].post/rounded_q31_s6_reg[19]_i_2__1_n_0
    SLICE_X23Y70         CARRY4 (Prop_carry4_CI_CO[3])
                                                      0.098     8.477 r  u_top/u_core/u_b/u_b_core/core/core/l2/post/units[0].post/rounded_q31_s6_reg[23]_i_2__1/CO[3]
                         net (fo=1, routed)           0.000     8.477    u_top/u_core/u_b/u_b_core/core/core/l2/post/units[0].post/rounded_q31_s6_reg[23]_i_2__1_n_0
    SLICE_X23Y71         CARRY4 (Prop_carry4_CI_CO[3])
                                                      0.098     8.575 r  u_top/u_core/u_b/u_b_core/core/core/l2/post/units[0].post/rounded_q31_s6_reg[27]_i_2__1/CO[3]
                         net (fo=1, routed)           0.000     8.575    u_top/u_core/u_b/u_b_core/core/core/l2/post/units[0].post/rounded_q31_s6_reg[27]_i_2__1_n_0
    SLICE_X23Y72         CARRY4 (Prop_carry4_CI_CO[3])
                                                      0.098     8.673 r  u_top/u_core/u_b/u_b_core/core/core/l2/post/units[0].post/rounded_q31_s6_reg[31]_i_2__1/CO[3]
                         net (fo=1, routed)           0.000     8.673    u_top/u_core/u_b/u_b_core/core/core/l2/post/units[0].post/rounded_q31_s6_reg[31]_i_2__1_n_0
    SLICE_X23Y73         CARRY4 (Prop_carry4_CI_O[3])
                                                      0.260     8.933 r  u_top/u_core/u_b/u_b_core/core/core/l2/post/units[0].post/rounded_q31_s6_reg[33]_i_2__1/O[3]
                         net (fo=2, routed)           0.728     9.661    u_top/u_core/u_b/u_b_core/core/core/l2/post/units[0].post/p_1_in__0[32]
    SLICE_X26Y65         LUT6 (Prop_lut6_I4_O)        0.257     9.918 r  u_top/u_core/u_b/u_b_core/core/core/l2/post/units[0].post/rounded_q31_s6[3]_i_3__1/O
                         net (fo=1, routed)           0.000     9.918    u_top/u_core/u_b/u_b_core/core/core/l2/post/units[0].post/rounded_q31_s6[3]_i_3__1_n_0
    SLICE_X26Y65         CARRY4 (Prop_carry4_S[0]_CO[3])
                                                      0.440    10.358 r  u_top/u_core/u_b/u_b_core/core/core/l2/post/units[0].post/rounded_q31_s6_reg[3]_i_1__1/CO[3]
                         net (fo=1, routed)           0.000    10.358    u_top/u_core/u_b/u_b_core/core/core/l2/post/units[0].post/rounded_q31_s6_reg[3]_i_1__1_n_0
    SLICE_X26Y66         CARRY4 (Prop_carry4_CI_CO[3])
                                                      0.098    10.456 r  u_top/u_core/u_b/u_b_core/core/core/l2/post/units[0].post/rounded_q31_s6_reg[7]_i_1__1/CO[3]
                         net (fo=1, routed)           0.000    10.456    u_top/u_core/u_b/u_b_core/core/core/l2/post/units[0].post/rounded_q31_s6_reg[7]_i_1__1_n_0
    SLICE_X26Y67         CARRY4 (Prop_carry4_CI_CO[3])
                                                      0.098    10.554 r  u_top/u_core/u_b/u_b_core/core/core/l2/post/units[0].post/rounded_q31_s6_reg[11]_i_1__1/CO[3]
                         net (fo=1, routed)           0.000    10.554    u_top/u_core/u_b/u_b_core/core/core/l2/post/units[0].post/rounded_q31_s6_reg[11]_i_1__1_n_0
    SLICE_X26Y68         CARRY4 (Prop_carry4_CI_CO[3])
                                                      0.098    10.652 r  u_top/u_core/u_b/u_b_core/core/core/l2/post/units[0].post/rounded_q31_s6_reg[15]_i_1__1/CO[3]
                         net (fo=1, routed)           0.000    10.652    u_top/u_core/u_b/u_b_core/core/core/l2/post/units[0].post/rounded_q31_s6_reg[15]_i_1__1_n_0
    SLICE_X26Y69         CARRY4 (Prop_carry4_CI_CO[3])
                                                      0.098    10.750 r  u_top/u_core/u_b/u_b_core/core/core/l2/post/units[0].post/rounded_q31_s6_reg[19]_i_1__1/CO[3]
                         net (fo=1, routed)           0.000    10.750    u_top/u_core/u_b/u_b_core/core/core/l2/post/units[0].post/rounded_q31_s6_reg[19]_i_1__1_n_0
    SLICE_X26Y70         CARRY4 (Prop_carry4_CI_CO[3])
                                                      0.098    10.848 r  u_top/u_core/u_b/u_b_core/core/core/l2/post/units[0].post/rounded_q31_s6_reg[23]_i_1__1/CO[3]
                         net (fo=1, routed)           0.000    10.848    u_top/u_core/u_b/u_b_core/core/core/l2/post/units[0].post/rounded_q31_s6_reg[23]_i_1__1_n_0
    SLICE_X26Y71         CARRY4 (Prop_carry4_CI_CO[3])
                                                      0.098    10.946 r  u_top/u_core/u_b/u_b_core/core/core/l2/post/units[0].post/rounded_q31_s6_reg[27]_i_1__1/CO[3]
                         net (fo=1, routed)           0.000    10.946    u_top/u_core/u_b/u_b_core/core/core/l2/post/units[0].post/rounded_q31_s6_reg[27]_i_1__1_n_0
    SLICE_X26Y72         CARRY4 (Prop_carry4_CI_CO[3])
                                                      0.098    11.044 r  u_top/u_core/u_b/u_b_core/core/core/l2/post/units[0].post/rounded_q31_s6_reg[31]_i_1__1/CO[3]
                         net (fo=1, routed)           0.000    11.044    u_top/u_core/u_b/u_b_core/core/core/l2/post/units[0].post/rounded_q31_s6_reg[31]_i_1__1_n_0
    SLICE_X26Y73         CARRY4 (Prop_carry4_CI_O[1])
                                                      0.265    11.309 r  u_top/u_core/u_b/u_b_core/core/core/l2/post/units[0].post/rounded_q31_s6_reg[33]_i_1__1/O[1]
                         net (fo=1, routed)           0.000    11.309    u_top/u_core/u_b/u_b_core/core/core/l2/post/units[0].post/requant_rounded_s5[33]
    SLICE_X26Y73         FDRE                                         r  u_top/u_core/u_b/u_b_core/core/core/l2/post/units[0].post/rounded_q31_s6_reg[33]/D
  -------------------------------------------------------------------    -------------------

                         (clock u_top_n_1799 rise edge)
                                                      5.000     5.000 r  
    W19                                               0.000     5.000 r  sys_clk (IN)
                         net (fo=0)                   0.000     5.000    sys_clk
    W19                  IBUF (Prop_ibuf_I_O)         1.374     6.374 r  sys_clk_IBUF_inst/O
                         net (fo=1, routed)           1.004     7.378    u_top/sys_clk_IBUF
    MMCME2_ADV_X0Y2      MMCME2_ADV (Prop_mmcme2_adv_CLKIN1_CLKOUT0)
                                                      0.073     7.451 r  u_top/g_mmcm.u_mmcm/CLKOUT0
                         net (fo=1, routed)           1.488     8.938    u_top_n_1799
    BUFGCTRL_X0Y0        BUFG (Prop_bufg_I_O)         0.077     9.015 r  bank_gen[3].mem_reg_i_1/O
                         net (fo=61310, routed)       1.507    10.522    u_top/u_core/u_b/u_b_core/core/core/l2/post/units[0].post/clk_200
    SLICE_X26Y73         FDRE                                         r  u_top/u_core/u_b/u_b_core/core/core/l2/post/units[0].post/rounded_q31_s6_reg[33]/C
                         clock pessimism              0.280    10.802    
                         clock uncertainty           -0.069    10.733    
    SLICE_X26Y73         FDRE (Setup_fdre_C_D)        0.059    10.792    u_top/u_core/u_b/u_b_core/core/core/l2/post/units[0].post/rounded_q31_s6_reg[33]
  -------------------------------------------------------------------
                         required time                         10.792    
                         arrival time                         -11.309    
  -------------------------------------------------------------------
                         slack                                 -0.517    

Slack (VIOLATED) :        -0.515ns  (required time - arrival time)
  Source:                 u_top/u_core/u_b/u_b_core/core/core/l1/mac/acc/sum_stage_reg[11][1]/C
                            (rising edge-triggered cell FDRE clocked by u_top_n_1799  {rise@0.000ns fall@2.500ns period=5.000ns})
  Destination:            u_top/u_core/u_b/u_b_core/core/core/l1/mac/acc/out_data_reg[354]/S
                            (rising edge-triggered cell FDSE clocked by u_top_n_1799  {rise@0.000ns fall@2.500ns period=5.000ns})
  Path Group:             u_top_n_1799
  Path Type:              Setup (Max at Slow Process Corner)
  Requirement:            5.000ns  (u_top_n_1799 rise@5.000ns - u_top_n_1799 rise@0.000ns)
  Data Path Delay:        4.981ns  (logic 2.792ns (56.052%)  route 2.189ns (43.948%))
  Logic Levels:           12  (CARRY4=10 LUT2=1 LUT5=1)
  Clock Path Skew:        -0.042ns (DCD - SCD + CPR)
    Destination Clock Delay (DCD):    5.620ns = ( 10.620 - 5.000 ) 
    Source Clock Delay      (SCD):    5.949ns
    Clock Pessimism Removal (CPR):    0.287ns
  Clock Uncertainty:      0.069ns  ((TSJ^2 + DJ^2)^1/2) / 2 + PE + UU
    Total System Jitter     (TSJ):    0.071ns
    Discrete Jitter          (DJ):    0.118ns
    Phase Error              (PE):    0.000ns
    User Uncertainty         (UU):    0.000ns

    Location             Delay type                Incr(ns)  Path(ns)    Netlist Resource(s)
  -------------------------------------------------------------------    -------------------
                         (clock u_top_n_1799 rise edge)
                                                      0.000     0.000 r  
    W19                                               0.000     0.000 r  sys_clk (IN)
                         net (fo=0)                   0.000     0.000    sys_clk
    W19                  IBUF (Prop_ibuf_I_O)         1.440     1.440 r  sys_clk_IBUF_inst/O
                         net (fo=1, routed)           1.065     2.505    u_top/sys_clk_IBUF
    MMCME2_ADV_X0Y2      MMCME2_ADV (Prop_mmcme2_adv_CLKIN1_CLKOUT0)
                                                      0.077     2.582 r  u_top/g_mmcm.u_mmcm/CLKOUT0
                         net (fo=1, routed)           1.559     4.141    u_top_n_1799
    BUFGCTRL_X0Y0        BUFG (Prop_bufg_I_O)         0.081     4.222 r  bank_gen[3].mem_reg_i_1/O
                         net (fo=61310, routed)       1.727     5.949    u_top/u_core/u_b/u_b_core/core/core/l1/mac/acc/clk_200
    SLICE_X114Y46        FDRE                                         r  u_top/u_core/u_b/u_b_core/core/core/l1/mac/acc/sum_stage_reg[11][1]/C
  -------------------------------------------------------------------    -------------------
    SLICE_X114Y46        FDRE (Prop_fdre_C_Q)         0.379     6.328 r  u_top/u_core/u_b/u_b_core/core/core/l1/mac/acc/sum_stage_reg[11][1]/Q
                         net (fo=2, routed)           0.454     6.782    u_top/u_core/u_b/u_b_core/core/core/l1/mac/acc/sum_stage_reg[11]_280[1]
    SLICE_X115Y47        CARRY4 (Prop_carry4_S[1]_CO[3])
                                                      0.562     7.344 r  u_top/u_core/u_b/u_b_core/core/core/l1/mac/acc/out_data_reg[355]_i_2/CO[3]
                         net (fo=1, routed)           0.000     7.344    u_top/u_core/u_b/u_b_core/core/core/l1/mac/acc/out_data_reg[355]_i_2_n_0
    SLICE_X115Y48        CARRY4 (Prop_carry4_CI_CO[3])
                                                      0.098     7.442 r  u_top/u_core/u_b/u_b_core/core/core/l1/mac/acc/out_data_reg[359]_i_2/CO[3]
                         net (fo=1, routed)           0.000     7.442    u_top/u_core/u_b/u_b_core/core/core/l1/mac/acc/out_data_reg[359]_i_2_n_0
    SLICE_X115Y49        CARRY4 (Prop_carry4_CI_CO[3])
                                                      0.098     7.540 r  u_top/u_core/u_b/u_b_core/core/core/l1/mac/acc/out_data_reg[363]_i_2/CO[3]
                         net (fo=1, routed)           0.001     7.541    u_top/u_core/u_b/u_b_core/core/core/l1/mac/acc/out_data_reg[363]_i_2_n_0
    SLICE_X115Y50        CARRY4 (Prop_carry4_CI_CO[3])
                                                      0.098     7.639 r  u_top/u_core/u_b/u_b_core/core/core/l1/mac/acc/out_data_reg[367]_i_2/CO[3]
                         net (fo=1, routed)           0.000     7.639    u_top/u_core/u_b/u_b_core/core/core/l1/mac/acc/out_data_reg[367]_i_2_n_0
    SLICE_X115Y51        CARRY4 (Prop_carry4_CI_CO[3])
                                                      0.098     7.737 r  u_top/u_core/u_b/u_b_core/core/core/l1/mac/acc/out_data_reg[371]_i_2/CO[3]
                         net (fo=1, routed)           0.000     7.737    u_top/u_core/u_b/u_b_core/core/core/l1/mac/acc/out_data_reg[371]_i_2_n_0
    SLICE_X115Y52        CARRY4 (Prop_carry4_CI_CO[3])
                                                      0.098     7.835 r  u_top/u_core/u_b/u_b_core/core/core/l1/mac/acc/out_data_reg[375]_i_2/CO[3]
                         net (fo=1, routed)           0.000     7.835    u_top/u_core/u_b/u_b_core/core/core/l1/mac/acc/out_data_reg[375]_i_2_n_0
    SLICE_X115Y53        CARRY4 (Prop_carry4_CI_CO[3])
                                                      0.098     7.933 r  u_top/u_core/u_b/u_b_core/core/core/l1/mac/acc/out_data_reg[379]_i_2/CO[3]
                         net (fo=1, routed)           0.000     7.933    u_top/u_core/u_b/u_b_core/core/core/l1/mac/acc/out_data_reg[379]_i_2_n_0
    SLICE_X115Y54        CARRY4 (Prop_carry4_CI_CO[3])
                                                      0.098     8.031 r  u_top/u_core/u_b/u_b_core/core/core/l1/mac/acc/out_data_reg[383]_i_2/CO[3]
                         net (fo=1, routed)           0.000     8.031    u_top/u_core/u_b/u_b_core/core/core/l1/mac/acc/out_data_reg[383]_i_2_n_0
    SLICE_X115Y55        CARRY4 (Prop_carry4_CI_O[0])
                                                      0.180     8.211 f  u_top/u_core/u_b/u_b_core/core/core/l1/mac/acc/i___131_i_7/O[0]
                         net (fo=4, routed)           0.589     8.800    u_top/u_core/u_b/u_b_core/core/core/l1/mac/acc/i___131_i_7_n_7
    SLICE_X115Y58        LUT2 (Prop_lut2_I1_O)        0.249     9.049 r  u_top/u_core/u_b/u_b_core/core/core/l1/mac/acc/i___131_i_5/O
                         net (fo=1, routed)           0.000     9.049    u_top/u_core/u_b/u_b_core/core/core/l1/mac/acc/i___131_i_5_n_0
    SLICE_X115Y58        CARRY4 (Prop_carry4_S[1]_CO[2])
                                                      0.475     9.524 r  u_top/u_core/u_b/u_b_core/core/core/l1/mac/acc/i___131_i_1/CO[2]
                         net (fo=2, routed)           0.360     9.884    u_top/u_core/u_b/u_b_core/core/core/l1/mac/sat_i32141_in
    SLICE_X115Y57        LUT5 (Prop_lut5_I4_O)        0.261    10.145 r  u_top/u_core/u_b/u_b_core/core/core/l1/mac/i___131/O
                         net (fo=31, routed)          0.786    10.930    u_top/u_core/u_b/u_b_core/core/core/l1/mac/acc/out_data_reg[382]_0
    SLICE_X116Y47        FDSE                                         r  u_top/u_core/u_b/u_b_core/core/core/l1/mac/acc/out_data_reg[354]/S
  -------------------------------------------------------------------    -------------------

                         (clock u_top_n_1799 rise edge)
                                                      5.000     5.000 r  
    W19                                               0.000     5.000 r  sys_clk (IN)
                         net (fo=0)                   0.000     5.000    sys_clk
    W19                  IBUF (Prop_ibuf_I_O)         1.374     6.374 r  sys_clk_IBUF_inst/O
                         net (fo=1, routed)           1.004     7.378    u_top/sys_clk_IBUF
    MMCME2_ADV_X0Y2      MMCME2_ADV (Prop_mmcme2_adv_CLKIN1_CLKOUT0)
                                                      0.073     7.451 r  u_top/g_mmcm.u_mmcm/CLKOUT0
                         net (fo=1, routed)           1.488     8.938    u_top_n_1799
    BUFGCTRL_X0Y0        BUFG (Prop_bufg_I_O)         0.077     9.015 r  bank_gen[3].mem_reg_i_1/O
                         net (fo=61310, routed)       1.605    10.620    u_top/u_core/u_b/u_b_core/core/core/l1/mac/acc/clk_200
    SLICE_X116Y47        FDSE                                         r  u_top/u_core/u_b/u_b_core/core/core/l1/mac/acc/out_data_reg[354]/C
                         clock pessimism              0.287    10.907    
                         clock uncertainty           -0.069    10.838    
    SLICE_X116Y47        FDSE (Setup_fdse_C_S)       -0.423    10.415    u_top/u_core/u_b/u_b_core/core/core/l1/mac/acc/out_data_reg[354]
  -------------------------------------------------------------------
                         required time                         10.415    
                         arrival time                         -10.930    
  -------------------------------------------------------------------
                         slack                                 -0.515    

Slack (VIOLATED) :        -0.515ns  (required time - arrival time)
  Source:                 u_top/u_core/u_b/u_b_core/core/core/l1/mac/acc/sum_stage_reg[11][1]/C
                            (rising edge-triggered cell FDRE clocked by u_top_n_1799  {rise@0.000ns fall@2.500ns period=5.000ns})
  Destination:            u_top/u_core/u_b/u_b_core/core/core/l1/mac/acc/out_data_reg[357]/S
                            (rising edge-triggered cell FDSE clocked by u_top_n_1799  {rise@0.000ns fall@2.500ns period=5.000ns})
  Path Group:             u_top_n_1799
  Path Type:              Setup (Max at Slow Process Corner)
  Requirement:            5.000ns  (u_top_n_1799 rise@5.000ns - u_top_n_1799 rise@0.000ns)
  Data Path Delay:        4.981ns  (logic 2.792ns (56.052%)  route 2.189ns (43.948%))
  Logic Levels:           12  (CARRY4=10 LUT2=1 LUT5=1)
  Clock Path Skew:        -0.042ns (DCD - SCD + CPR)
    Destination Clock Delay (DCD):    5.620ns = ( 10.620 - 5.000 ) 
    Source Clock Delay      (SCD):    5.949ns
    Clock Pessimism Removal (CPR):    0.287ns
  Clock Uncertainty:      0.069ns  ((TSJ^2 + DJ^2)^1/2) / 2 + PE + UU
    Total System Jitter     (TSJ):    0.071ns
    Discrete Jitter          (DJ):    0.118ns
    Phase Error              (PE):    0.000ns
    User Uncertainty         (UU):    0.000ns

    Location             Delay type                Incr(ns)  Path(ns)    Netlist Resource(s)
  -------------------------------------------------------------------    -------------------
                         (clock u_top_n_1799 rise edge)
                                                      0.000     0.000 r  
    W19                                               0.000     0.000 r  sys_clk (IN)
                         net (fo=0)                   0.000     0.000    sys_clk
    W19                  IBUF (Prop_ibuf_I_O)         1.440     1.440 r  sys_clk_IBUF_inst/O
                         net (fo=1, routed)           1.065     2.505    u_top/sys_clk_IBUF
    MMCME2_ADV_X0Y2      MMCME2_ADV (Prop_mmcme2_adv_CLKIN1_CLKOUT0)
                                                      0.077     2.582 r  u_top/g_mmcm.u_mmcm/CLKOUT0
                         net (fo=1, routed)           1.559     4.141    u_top_n_1799
    BUFGCTRL_X0Y0        BUFG (Prop_bufg_I_O)         0.081     4.222 r  bank_gen[3].mem_reg_i_1/O
                         net (fo=61310, routed)       1.727     5.949    u_top/u_core/u_b/u_b_core/core/core/l1/mac/acc/clk_200
    SLICE_X114Y46        FDRE                                         r  u_top/u_core/u_b/u_b_core/core/core/l1/mac/acc/sum_stage_reg[11][1]/C
  -------------------------------------------------------------------    -------------------
    SLICE_X114Y46        FDRE (Prop_fdre_C_Q)         0.379     6.328 r  u_top/u_core/u_b/u_b_core/core/core/l1/mac/acc/sum_stage_reg[11][1]/Q
                         net (fo=2, routed)           0.454     6.782    u_top/u_core/u_b/u_b_core/core/core/l1/mac/acc/sum_stage_reg[11]_280[1]
    SLICE_X115Y47        CARRY4 (Prop_carry4_S[1]_CO[3])
                                                      0.562     7.344 r  u_top/u_core/u_b/u_b_core/core/core/l1/mac/acc/out_data_reg[355]_i_2/CO[3]
                         net (fo=1, routed)           0.000     7.344    u_top/u_core/u_b/u_b_core/core/core/l1/mac/acc/out_data_reg[355]_i_2_n_0
    SLICE_X115Y48        CARRY4 (Prop_carry4_CI_CO[3])
                                                      0.098     7.442 r  u_top/u_core/u_b/u_b_core/core/core/l1/mac/acc/out_data_reg[359]_i_2/CO[3]
                         net (fo=1, routed)           0.000     7.442    u_top/u_core/u_b/u_b_core/core/core/l1/mac/acc/out_data_reg[359]_i_2_n_0
    SLICE_X115Y49        CARRY4 (Prop_carry4_CI_CO[3])
                                                      0.098     7.540 r  u_top/u_core/u_b/u_b_core/core/core/l1/mac/acc/out_data_reg[363]_i_2/CO[3]
                         net (fo=1, routed)           0.001     7.541    u_top/u_core/u_b/u_b_core/core/core/l1/mac/acc/out_data_reg[363]_i_2_n_0
    SLICE_X115Y50        CARRY4 (Prop_carry4_CI_CO[3])
                                                      0.098     7.639 r  u_top/u_core/u_b/u_b_core/core/core/l1/mac/acc/out_data_reg[367]_i_2/CO[3]
                         net (fo=1, routed)           0.000     7.639    u_top/u_core/u_b/u_b_core/core/core/l1/mac/acc/out_data_reg[367]_i_2_n_0
    SLICE_X115Y51        CARRY4 (Prop_carry4_CI_CO[3])
                                                      0.098     7.737 r  u_top/u_core/u_b/u_b_core/core/core/l1/mac/acc/out_data_reg[371]_i_2/CO[3]
                         net (fo=1, routed)           0.000     7.737    u_top/u_core/u_b/u_b_core/core/core/l1/mac/acc/out_data_reg[371]_i_2_n_0
    SLICE_X115Y52        CARRY4 (Prop_carry4_CI_CO[3])
                                                      0.098     7.835 r  u_top/u_core/u_b/u_b_core/core/core/l1/mac/acc/out_data_reg[375]_i_2/CO[3]
                         net (fo=1, routed)           0.000     7.835    u_top/u_core/u_b/u_b_core/core/core/l1/mac/acc/out_data_reg[375]_i_2_n_0
    SLICE_X115Y53        CARRY4 (Prop_carry4_CI_CO[3])
                                                      0.098     7.933 r  u_top/u_core/u_b/u_b_core/core/core/l1/mac/acc/out_data_reg[379]_i_2/CO[3]
                         net (fo=1, routed)           0.000     7.933    u_top/u_core/u_b/u_b_core/core/core/l1/mac/acc/out_data_reg[379]_i_2_n_0
    SLICE_X115Y54        CARRY4 (Prop_carry4_CI_CO[3])
                                                      0.098     8.031 r  u_top/u_core/u_b/u_b_core/core/core/l1/mac/acc/out_data_reg[383]_i_2/CO[3]
                         net (fo=1, routed)           0.000     8.031    u_top/u_core/u_b/u_b_core/core/core/l1/mac/acc/out_data_reg[383]_i_2_n_0
    SLICE_X115Y55        CARRY4 (Prop_carry4_CI_O[0])
                                                      0.180     8.211 f  u_top/u_core/u_b/u_b_core/core/core/l1/mac/acc/i___131_i_7/O[0]
                         net (fo=4, routed)           0.589     8.800    u_top/u_core/u_b/u_b_core/core/core/l1/mac/acc/i___131_i_7_n_7
    SLICE_X115Y58        LUT2 (Prop_lut2_I1_O)        0.249     9.049 r  u_top/u_core/u_b/u_b_core/core/core/l1/mac/acc/i___131_i_5/O
                         net (fo=1, routed)           0.000     9.049    u_top/u_core/u_b/u_b_core/core/core/l1/mac/acc/i___131_i_5_n_0
    SLICE_X115Y58        CARRY4 (Prop_carry4_S[1]_CO[2])
                                                      0.475     9.524 r  u_top/u_core/u_b/u_b_core/core/core/l1/mac/acc/i___131_i_1/CO[2]
                         net (fo=2, routed)           0.360     9.884    u_top/u_core/u_b/u_b_core/core/core/l1/mac/sat_i32141_in
    SLICE_X115Y57        LUT5 (Prop_lut5_I4_O)        0.261    10.145 r  u_top/u_core/u_b/u_b_core/core/core/l1/mac/i___131/O
                         net (fo=31, routed)          0.786    10.930    u_top/u_core/u_b/u_b_core/core/core/l1/mac/acc/out_data_reg[382]_0
    SLICE_X116Y47        FDSE                                         r  u_top/u_core/u_b/u_b_core/core/core/l1/mac/acc/out_data_reg[357]/S
  -------------------------------------------------------------------    -------------------

                         (clock u_top_n_1799 rise edge)
                                                      5.000     5.000 r  
    W19                                               0.000     5.000 r  sys_clk (IN)
                         net (fo=0)                   0.000     5.000    sys_clk
    W19                  IBUF (Prop_ibuf_I_O)         1.374     6.374 r  sys_clk_IBUF_inst/O
                         net (fo=1, routed)           1.004     7.378    u_top/sys_clk_IBUF
    MMCME2_ADV_X0Y2      MMCME2_ADV (Prop_mmcme2_adv_CLKIN1_CLKOUT0)
                                                      0.073     7.451 r  u_top/g_mmcm.u_mmcm/CLKOUT0
                         net (fo=1, routed)           1.488     8.938    u_top_n_1799
    BUFGCTRL_X0Y0        BUFG (Prop_bufg_I_O)         0.077     9.015 r  bank_gen[3].mem_reg_i_1/O
                         net (fo=61310, routed)       1.605    10.620    u_top/u_core/u_b/u_b_core/core/core/l1/mac/acc/clk_200
    SLICE_X116Y47        FDSE                                         r  u_top/u_core/u_b/u_b_core/core/core/l1/mac/acc/out_data_reg[357]/C
                         clock pessimism              0.287    10.907    
                         clock uncertainty           -0.069    10.838    
    SLICE_X116Y47        FDSE (Setup_fdse_C_S)       -0.423    10.415    u_top/u_core/u_b/u_b_core/core/core/l1/mac/acc/out_data_reg[357]
  -------------------------------------------------------------------
                         required time                         10.415    
                         arrival time                         -10.930    
  -------------------------------------------------------------------
                         slack                                 -0.515    

Slack (VIOLATED) :        -0.515ns  (required time - arrival time)
  Source:                 u_top/u_core/u_b/u_b_core/core/core/l1/mac/acc/sum_stage_reg[11][1]/C
                            (rising edge-triggered cell FDRE clocked by u_top_n_1799  {rise@0.000ns fall@2.500ns period=5.000ns})
  Destination:            u_top/u_core/u_b/u_b_core/core/core/l1/mac/acc/out_data_reg[358]/S
                            (rising edge-triggered cell FDSE clocked by u_top_n_1799  {rise@0.000ns fall@2.500ns period=5.000ns})
  Path Group:             u_top_n_1799
  Path Type:              Setup (Max at Slow Process Corner)
  Requirement:            5.000ns  (u_top_n_1799 rise@5.000ns - u_top_n_1799 rise@0.000ns)
  Data Path Delay:        4.981ns  (logic 2.792ns (56.052%)  route 2.189ns (43.948%))
  Logic Levels:           12  (CARRY4=10 LUT2=1 LUT5=1)
  Clock Path Skew:        -0.042ns (DCD - SCD + CPR)
    Destination Clock Delay (DCD):    5.620ns = ( 10.620 - 5.000 ) 
    Source Clock Delay      (SCD):    5.949ns
    Clock Pessimism Removal (CPR):    0.287ns
  Clock Uncertainty:      0.069ns  ((TSJ^2 + DJ^2)^1/2) / 2 + PE + UU
    Total System Jitter     (TSJ):    0.071ns
    Discrete Jitter          (DJ):    0.118ns
    Phase Error              (PE):    0.000ns
    User Uncertainty         (UU):    0.000ns

    Location             Delay type                Incr(ns)  Path(ns)    Netlist Resource(s)
  -------------------------------------------------------------------    -------------------
                         (clock u_top_n_1799 rise edge)
                                                      0.000     0.000 r  
    W19                                               0.000     0.000 r  sys_clk (IN)
                         net (fo=0)                   0.000     0.000    sys_clk
    W19                  IBUF (Prop_ibuf_I_O)         1.440     1.440 r  sys_clk_IBUF_inst/O
                         net (fo=1, routed)           1.065     2.505    u_top/sys_clk_IBUF
    MMCME2_ADV_X0Y2      MMCME2_ADV (Prop_mmcme2_adv_CLKIN1_CLKOUT0)
                                                      0.077     2.582 r  u_top/g_mmcm.u_mmcm/CLKOUT0
                         net (fo=1, routed)           1.559     4.141    u_top_n_1799
    BUFGCTRL_X0Y0        BUFG (Prop_bufg_I_O)         0.081     4.222 r  bank_gen[3].mem_reg_i_1/O
                         net (fo=61310, routed)       1.727     5.949    u_top/u_core/u_b/u_b_core/core/core/l1/mac/acc/clk_200
    SLICE_X114Y46        FDRE                                         r  u_top/u_core/u_b/u_b_core/core/core/l1/mac/acc/sum_stage_reg[11][1]/C
  -------------------------------------------------------------------    -------------------
    SLICE_X114Y46        FDRE (Prop_fdre_C_Q)         0.379     6.328 r  u_top/u_core/u_b/u_b_core/core/core/l1/mac/acc/sum_stage_reg[11][1]/Q
                         net (fo=2, routed)           0.454     6.782    u_top/u_core/u_b/u_b_core/core/core/l1/mac/acc/sum_stage_reg[11]_280[1]
    SLICE_X115Y47        CARRY4 (Prop_carry4_S[1]_CO[3])
                                                      0.562     7.344 r  u_top/u_core/u_b/u_b_core/core/core/l1/mac/acc/out_data_reg[355]_i_2/CO[3]
                         net (fo=1, routed)           0.000     7.344    u_top/u_core/u_b/u_b_core/core/core/l1/mac/acc/out_data_reg[355]_i_2_n_0
    SLICE_X115Y48        CARRY4 (Prop_carry4_CI_CO[3])
                                                      0.098     7.442 r  u_top/u_core/u_b/u_b_core/core/core/l1/mac/acc/out_data_reg[359]_i_2/CO[3]
                         net (fo=1, routed)           0.000     7.442    u_top/u_core/u_b/u_b_core/core/core/l1/mac/acc/out_data_reg[359]_i_2_n_0
    SLICE_X115Y49        CARRY4 (Prop_carry4_CI_CO[3])
                                                      0.098     7.540 r  u_top/u_core/u_b/u_b_core/core/core/l1/mac/acc/out_data_reg[363]_i_2/CO[3]
                         net (fo=1, routed)           0.001     7.541    u_top/u_core/u_b/u_b_core/core/core/l1/mac/acc/out_data_reg[363]_i_2_n_0
    SLICE_X115Y50        CARRY4 (Prop_carry4_CI_CO[3])
                                                      0.098     7.639 r  u_top/u_core/u_b/u_b_core/core/core/l1/mac/acc/out_data_reg[367]_i_2/CO[3]
                         net (fo=1, routed)           0.000     7.639    u_top/u_core/u_b/u_b_core/core/core/l1/mac/acc/out_data_reg[367]_i_2_n_0
    SLICE_X115Y51        CARRY4 (Prop_carry4_CI_CO[3])
                                                      0.098     7.737 r  u_top/u_core/u_b/u_b_core/core/core/l1/mac/acc/out_data_reg[371]_i_2/CO[3]
                         net (fo=1, routed)           0.000     7.737    u_top/u_core/u_b/u_b_core/core/core/l1/mac/acc/out_data_reg[371]_i_2_n_0
    SLICE_X115Y52        CARRY4 (Prop_carry4_CI_CO[3])
                                                      0.098     7.835 r  u_top/u_core/u_b/u_b_core/core/core/l1/mac/acc/out_data_reg[375]_i_2/CO[3]
                         net (fo=1, routed)           0.000     7.835    u_top/u_core/u_b/u_b_core/core/core/l1/mac/acc/out_data_reg[375]_i_2_n_0
    SLICE_X115Y53        CARRY4 (Prop_carry4_CI_CO[3])
                                                      0.098     7.933 r  u_top/u_core/u_b/u_b_core/core/core/l1/mac/acc/out_data_reg[379]_i_2/CO[3]
                         net (fo=1, routed)           0.000     7.933    u_top/u_core/u_b/u_b_core/core/core/l1/mac/acc/out_data_reg[379]_i_2_n_0
    SLICE_X115Y54        CARRY4 (Prop_carry4_CI_CO[3])
                                                      0.098     8.031 r  u_top/u_core/u_b/u_b_core/core/core/l1/mac/acc/out_data_reg[383]_i_2/CO[3]
                         net (fo=1, routed)           0.000     8.031    u_top/u_core/u_b/u_b_core/core/core/l1/mac/acc/out_data_reg[383]_i_2_n_0
    SLICE_X115Y55        CARRY4 (Prop_carry4_CI_O[0])
                                                      0.180     8.211 f  u_top/u_core/u_b/u_b_core/core/core/l1/mac/acc/i___131_i_7/O[0]
                         net (fo=4, routed)           0.589     8.800    u_top/u_core/u_b/u_b_core/core/core/l1/mac/acc/i___131_i_7_n_7
    SLICE_X115Y58        LUT2 (Prop_lut2_I1_O)        0.249     9.049 r  u_top/u_core/u_b/u_b_core/core/core/l1/mac/acc/i___131_i_5/O
                         net (fo=1, routed)           0.000     9.049    u_top/u_core/u_b/u_b_core/core/core/l1/mac/acc/i___131_i_5_n_0
    SLICE_X115Y58        CARRY4 (Prop_carry4_S[1]_CO[2])
                                                      0.475     9.524 r  u_top/u_core/u_b/u_b_core/core/core/l1/mac/acc/i___131_i_1/CO[2]
                         net (fo=2, routed)           0.360     9.884    u_top/u_core/u_b/u_b_core/core/core/l1/mac/sat_i32141_in
    SLICE_X115Y57        LUT5 (Prop_lut5_I4_O)        0.261    10.145 r  u_top/u_core/u_b/u_b_core/core/core/l1/mac/i___131/O
                         net (fo=31, routed)          0.786    10.930    u_top/u_core/u_b/u_b_core/core/core/l1/mac/acc/out_data_reg[382]_0
    SLICE_X116Y47        FDSE                                         r  u_top/u_core/u_b/u_b_core/core/core/l1/mac/acc/out_data_reg[358]/S
  -------------------------------------------------------------------    -------------------

                         (clock u_top_n_1799 rise edge)
                                                      5.000     5.000 r  
    W19                                               0.000     5.000 r  sys_clk (IN)
                         net (fo=0)                   0.000     5.000    sys_clk
    W19                  IBUF (Prop_ibuf_I_O)         1.374     6.374 r  sys_clk_IBUF_inst/O
                         net (fo=1, routed)           1.004     7.378    u_top/sys_clk_IBUF
    MMCME2_ADV_X0Y2      MMCME2_ADV (Prop_mmcme2_adv_CLKIN1_CLKOUT0)
                                                      0.073     7.451 r  u_top/g_mmcm.u_mmcm/CLKOUT0
                         net (fo=1, routed)           1.488     8.938    u_top_n_1799
    BUFGCTRL_X0Y0        BUFG (Prop_bufg_I_O)         0.077     9.015 r  bank_gen[3].mem_reg_i_1/O
                         net (fo=61310, routed)       1.605    10.620    u_top/u_core/u_b/u_b_core/core/core/l1/mac/acc/clk_200
    SLICE_X116Y47        FDSE                                         r  u_top/u_core/u_b/u_b_core/core/core/l1/mac/acc/out_data_reg[358]/C
                         clock pessimism              0.287    10.907    
                         clock uncertainty           -0.069    10.838    
    SLICE_X116Y47        FDSE (Setup_fdse_C_S)       -0.423    10.415    u_top/u_core/u_b/u_b_core/core/core/l1/mac/acc/out_data_reg[358]
  -------------------------------------------------------------------
                         required time                         10.415    
                         arrival time                         -10.930    
  -------------------------------------------------------------------
                         slack                                 -0.515    





Min Delay Paths
--------------------------------------------------------------------------------------
Slack (MET) :             0.036ns  (arrival time - required time)
  Source:                 u_top/u_core/u_b/u_b_core/core/core/l3/gk.frontend/win/shift_reg[0][100]/C
                            (rising edge-triggered cell FDRE clocked by u_top_n_1799  {rise@0.000ns fall@2.500ns period=5.000ns})
  Destination:            u_top/u_core/u_b/u_b_core/core/core/l3/gk.frontend/fifo/g_wide_read.g_read_slice[1].mem_slice_reg_0_3_36_41/RAMA/I
                            (rising edge-triggered cell RAMD32 clocked by u_top_n_1799  {rise@0.000ns fall@2.500ns period=5.000ns})
  Path Group:             u_top_n_1799
  Path Type:              Hold (Min at Fast Process Corner)
  Requirement:            0.000ns  (u_top_n_1799 rise@0.000ns - u_top_n_1799 rise@0.000ns)
  Data Path Delay:        0.196ns  (logic 0.141ns (71.838%)  route 0.055ns (28.162%))
  Logic Levels:           0  
  Clock Path Skew:        0.013ns (DCD - SCD - CPR)
    Destination Clock Delay (DCD):    2.649ns
    Source Clock Delay      (SCD):    2.089ns
    Clock Pessimism Removal (CPR):    0.548ns

    Location             Delay type                Incr(ns)  Path(ns)    Netlist Resource(s)
  -------------------------------------------------------------------    -------------------
                         (clock u_top_n_1799 rise edge)
                                                      0.000     0.000 r  
    W19                                               0.000     0.000 r  sys_clk (IN)
                         net (fo=0)                   0.000     0.000    sys_clk
    W19                  IBUF (Prop_ibuf_I_O)         0.277     0.277 r  sys_clk_IBUF_inst/O
                         net (fo=1, routed)           0.440     0.717    u_top/sys_clk_IBUF
    MMCME2_ADV_X0Y2      MMCME2_ADV (Prop_mmcme2_adv_CLKIN1_CLKOUT0)
                                                      0.050     0.767 r  u_top/g_mmcm.u_mmcm/CLKOUT0
                         net (fo=1, routed)           0.545     1.312    u_top_n_1799
    BUFGCTRL_X0Y0        BUFG (Prop_bufg_I_O)         0.026     1.338 r  bank_gen[3].mem_reg_i_1/O
                         net (fo=61310, routed)       0.751     2.089    u_top/u_core/u_b/u_b_core/core/core/l3/gk.frontend/win/clk_200
    SLICE_X37Y16         FDRE                                         r  u_top/u_core/u_b/u_b_core/core/core/l3/gk.frontend/win/shift_reg[0][100]/C
  -------------------------------------------------------------------    -------------------
    SLICE_X37Y16         FDRE (Prop_fdre_C_Q)         0.141     2.230 r  u_top/u_core/u_b/u_b_core/core/core/l3/gk.frontend/win/shift_reg[0][100]/Q
                         net (fo=1, routed)           0.055     2.285    u_top/u_core/u_b/u_b_core/core/core/l3/gk.frontend/fifo/g_wide_read.g_read_slice[1].mem_slice_reg_0_3_36_41/DIA0
    SLICE_X36Y16         RAMD32                                       r  u_top/u_core/u_b/u_b_core/core/core/l3/gk.frontend/fifo/g_wide_read.g_read_slice[1].mem_slice_reg_0_3_36_41/RAMA/I
  -------------------------------------------------------------------    -------------------

                         (clock u_top_n_1799 rise edge)
                                                      0.000     0.000 r  
    W19                                               0.000     0.000 r  sys_clk (IN)
                         net (fo=0)                   0.000     0.000    sys_clk
    W19                  IBUF (Prop_ibuf_I_O)         0.465     0.465 r  sys_clk_IBUF_inst/O
                         net (fo=1, routed)           0.480     0.945    u_top/sys_clk_IBUF
    MMCME2_ADV_X0Y2      MMCME2_ADV (Prop_mmcme2_adv_CLKIN1_CLKOUT0)
                                                      0.053     0.998 r  u_top/g_mmcm.u_mmcm/CLKOUT0
                         net (fo=1, routed)           0.595     1.593    u_top_n_1799
    BUFGCTRL_X0Y0        BUFG (Prop_bufg_I_O)         0.029     1.622 r  bank_gen[3].mem_reg_i_1/O
                         net (fo=61310, routed)       1.028     2.649    u_top/u_core/u_b/u_b_core/core/core/l3/gk.frontend/fifo/g_wide_read.g_read_slice[1].mem_slice_reg_0_3_36_41/WCLK
    SLICE_X36Y16         RAMD32                                       r  u_top/u_core/u_b/u_b_core/core/core/l3/gk.frontend/fifo/g_wide_read.g_read_slice[1].mem_slice_reg_0_3_36_41/RAMA/CLK
                         clock pessimism             -0.548     2.102    
    SLICE_X36Y16         RAMD32 (Hold_ramd32_CLK_I)
                                                      0.147     2.249    u_top/u_core/u_b/u_b_core/core/core/l3/gk.frontend/fifo/g_wide_read.g_read_slice[1].mem_slice_reg_0_3_36_41/RAMA
  -------------------------------------------------------------------
                         required time                         -2.249    
                         arrival time                           2.285    
  -------------------------------------------------------------------
                         slack                                  0.036    

Slack (MET) :             0.036ns  (arrival time - required time)
  Source:                 u_top/u_core/u_b/u_b_core/core/core/l5/gk.frontend/win/shift_reg[20][210]/C
                            (rising edge-triggered cell FDRE clocked by u_top_n_1799  {rise@0.000ns fall@2.500ns period=5.000ns})
  Destination:            u_top/u_core/u_b/u_b_core/core/core/l5/gk.frontend/fifo/g_wide_read.g_read_slice[83].mem_slice_reg_0_3_18_23/RAMA/I
                            (rising edge-triggered cell RAMD32 clocked by u_top_n_1799  {rise@0.000ns fall@2.500ns period=5.000ns})
  Path Group:             u_top_n_1799
  Path Type:              Hold (Min at Fast Process Corner)
  Requirement:            0.000ns  (u_top_n_1799 rise@0.000ns - u_top_n_1799 rise@0.000ns)
  Data Path Delay:        0.196ns  (logic 0.141ns (71.838%)  route 0.055ns (28.162%))
  Logic Levels:           0  
  Clock Path Skew:        0.013ns (DCD - SCD - CPR)
    Destination Clock Delay (DCD):    2.572ns
    Source Clock Delay      (SCD):    2.015ns
    Clock Pessimism Removal (CPR):    0.544ns

    Location             Delay type                Incr(ns)  Path(ns)    Netlist Resource(s)
  -------------------------------------------------------------------    -------------------
                         (clock u_top_n_1799 rise edge)
                                                      0.000     0.000 r  
    W19                                               0.000     0.000 r  sys_clk (IN)
                         net (fo=0)                   0.000     0.000    sys_clk
    W19                  IBUF (Prop_ibuf_I_O)         0.277     0.277 r  sys_clk_IBUF_inst/O
                         net (fo=1, routed)           0.440     0.717    u_top/sys_clk_IBUF
    MMCME2_ADV_X0Y2      MMCME2_ADV (Prop_mmcme2_adv_CLKIN1_CLKOUT0)
                                                      0.050     0.767 r  u_top/g_mmcm.u_mmcm/CLKOUT0
                         net (fo=1, routed)           0.545     1.312    u_top_n_1799
    BUFGCTRL_X0Y0        BUFG (Prop_bufg_I_O)         0.026     1.338 r  bank_gen[3].mem_reg_i_1/O
                         net (fo=61310, routed)       0.677     2.015    u_top/u_core/u_b/u_b_core/core/core/l5/gk.frontend/win/clk_200
    SLICE_X141Y81        FDRE                                         r  u_top/u_core/u_b/u_b_core/core/core/l5/gk.frontend/win/shift_reg[20][210]/C
  -------------------------------------------------------------------    -------------------
    SLICE_X141Y81        FDRE (Prop_fdre_C_Q)         0.141     2.156 r  u_top/u_core/u_b/u_b_core/core/core/l5/gk.frontend/win/shift_reg[20][210]/Q
                         net (fo=1, routed)           0.055     2.211    u_top/u_core/u_b/u_b_core/core/core/l5/gk.frontend/fifo/g_wide_read.g_read_slice[83].mem_slice_reg_0_3_18_23/DIA0
    SLICE_X140Y81        RAMD32                                       r  u_top/u_core/u_b/u_b_core/core/core/l5/gk.frontend/fifo/g_wide_read.g_read_slice[83].mem_slice_reg_0_3_18_23/RAMA/I
  -------------------------------------------------------------------    -------------------

                         (clock u_top_n_1799 rise edge)
                                                      0.000     0.000 r  
    W19                                               0.000     0.000 r  sys_clk (IN)
                         net (fo=0)                   0.000     0.000    sys_clk
    W19                  IBUF (Prop_ibuf_I_O)         0.465     0.465 r  sys_clk_IBUF_inst/O
                         net (fo=1, routed)           0.480     0.945    u_top/sys_clk_IBUF
    MMCME2_ADV_X0Y2      MMCME2_ADV (Prop_mmcme2_adv_CLKIN1_CLKOUT0)
                                                      0.053     0.998 r  u_top/g_mmcm.u_mmcm/CLKOUT0
                         net (fo=1, routed)           0.595     1.593    u_top_n_1799
    BUFGCTRL_X0Y0        BUFG (Prop_bufg_I_O)         0.029     1.622 r  bank_gen[3].mem_reg_i_1/O
                         net (fo=61310, routed)       0.951     2.572    u_top/u_core/u_b/u_b_core/core/core/l5/gk.frontend/fifo/g_wide_read.g_read_slice[83].mem_slice_reg_0_3_18_23/WCLK
    SLICE_X140Y81        RAMD32                                       r  u_top/u_core/u_b/u_b_core/core/core/l5/gk.frontend/fifo/g_wide_read.g_read_slice[83].mem_slice_reg_0_3_18_23/RAMA/CLK
                         clock pessimism             -0.544     2.028    
    SLICE_X140Y81        RAMD32 (Hold_ramd32_CLK_I)
                                                      0.147     2.175    u_top/u_core/u_b/u_b_core/core/core/l5/gk.frontend/fifo/g_wide_read.g_read_slice[83].mem_slice_reg_0_3_18_23/RAMA
  -------------------------------------------------------------------
                         required time                         -2.175    
                         arrival time                           2.211    
  -------------------------------------------------------------------
                         slack                                  0.036    

Slack (MET) :             0.055ns  (arrival time - required time)
  Source:                 u_top/u_core/u_b/u_b_core/core/core/l5/mac/mac/tree_stage[3].channel[1].node[4].pair.sums_q_reg[3][1][4][13]/C
                            (rising edge-triggered cell FDRE clocked by u_top_n_1799  {rise@0.000ns fall@2.500ns period=5.000ns})
  Destination:            u_top/u_core/u_b/u_b_core/core/core/l5/mac/mac/tree_stage[4].channel[1].node[2].pair.sums_q_reg[4][1][2][13]/D
                            (rising edge-triggered cell FDRE clocked by u_top_n_1799  {rise@0.000ns fall@2.500ns period=5.000ns})
  Path Group:             u_top_n_1799
  Path Type:              Hold (Min at Fast Process Corner)
  Requirement:            0.000ns  (u_top_n_1799 rise@0.000ns - u_top_n_1799 rise@0.000ns)
  Data Path Delay:        0.429ns  (logic 0.274ns (63.921%)  route 0.155ns (36.079%))
  Logic Levels:           2  (CARRY4=1 LUT2=1)
  Clock Path Skew:        0.269ns (DCD - SCD - CPR)
    Destination Clock Delay (DCD):    2.472ns
    Source Clock Delay      (SCD):    1.920ns
    Clock Pessimism Removal (CPR):    0.284ns

    Location             Delay type                Incr(ns)  Path(ns)    Netlist Resource(s)
  -------------------------------------------------------------------    -------------------
                         (clock u_top_n_1799 rise edge)
                                                      0.000     0.000 r  
    W19                                               0.000     0.000 r  sys_clk (IN)
                         net (fo=0)                   0.000     0.000    sys_clk
    W19                  IBUF (Prop_ibuf_I_O)         0.277     0.277 r  sys_clk_IBUF_inst/O
                         net (fo=1, routed)           0.440     0.717    u_top/sys_clk_IBUF
    MMCME2_ADV_X0Y2      MMCME2_ADV (Prop_mmcme2_adv_CLKIN1_CLKOUT0)
                                                      0.050     0.767 r  u_top/g_mmcm.u_mmcm/CLKOUT0
                         net (fo=1, routed)           0.545     1.312    u_top_n_1799
    BUFGCTRL_X0Y0        BUFG (Prop_bufg_I_O)         0.026     1.338 r  bank_gen[3].mem_reg_i_1/O
                         net (fo=61310, routed)       0.582     1.920    u_top/u_core/u_b/u_b_core/core/core/l5/mac/mac/clk_200
    SLICE_X62Y149        FDRE                                         r  u_top/u_core/u_b/u_b_core/core/core/l5/mac/mac/tree_stage[3].channel[1].node[4].pair.sums_q_reg[3][1][4][13]/C
  -------------------------------------------------------------------    -------------------
    SLICE_X62Y149        FDRE (Prop_fdre_C_Q)         0.164     2.084 r  u_top/u_core/u_b/u_b_core/core/core/l5/mac/mac/tree_stage[3].channel[1].node[4].pair.sums_q_reg[3][1][4][13]/Q
                         net (fo=2, routed)           0.155     2.238    u_top/u_core/u_b/u_b_core/core/core/l5/mac/mac/tree_stage[3].channel[1].node[4].pair.sums_q_reg[3][1][4]_434[13]
    SLICE_X63Y151        LUT2 (Prop_lut2_I0_O)        0.045     2.283 r  u_top/u_core/u_b/u_b_core/core/core/l5/mac/mac/tree_stage[4].channel[1].node[2].pair.sums_q[4][1][2][15]_i_4/O
                         net (fo=1, routed)           0.000     2.283    u_top/u_core/u_b/u_b_core/core/core/l5/mac/mac/tree_stage[4].channel[1].node[2].pair.sums_q[4][1][2][15]_i_4_n_0
    SLICE_X63Y151        CARRY4 (Prop_carry4_S[1]_O[1])
                                                      0.065     2.348 r  u_top/u_core/u_b/u_b_core/core/core/l5/mac/mac/tree_stage[4].channel[1].node[2].pair.sums_q_reg[4][1][2][15]_i_1/O[1]
                         net (fo=1, routed)           0.000     2.348    u_top/u_core/u_b/u_b_core/core/core/l5/mac/mac/tree_stage[4].channel[1].node[2].pair.added[13]
    SLICE_X63Y151        FDRE                                         r  u_top/u_core/u_b/u_b_core/core/core/l5/mac/mac/tree_stage[4].channel[1].node[2].pair.sums_q_reg[4][1][2][13]/D
  -------------------------------------------------------------------    -------------------

                         (clock u_top_n_1799 rise edge)
                                                      0.000     0.000 r  
    W19                                               0.000     0.000 r  sys_clk (IN)
                         net (fo=0)                   0.000     0.000    sys_clk
    W19                  IBUF (Prop_ibuf_I_O)         0.465     0.465 r  sys_clk_IBUF_inst/O
                         net (fo=1, routed)           0.480     0.945    u_top/sys_clk_IBUF
    MMCME2_ADV_X0Y2      MMCME2_ADV (Prop_mmcme2_adv_CLKIN1_CLKOUT0)
                                                      0.053     0.998 r  u_top/g_mmcm.u_mmcm/CLKOUT0
                         net (fo=1, routed)           0.595     1.593    u_top_n_1799
    BUFGCTRL_X0Y0        BUFG (Prop_bufg_I_O)         0.029     1.622 r  bank_gen[3].mem_reg_i_1/O
                         net (fo=61310, routed)       0.850     2.472    u_top/u_core/u_b/u_b_core/core/core/l5/mac/mac/clk_200
    SLICE_X63Y151        FDRE                                         r  u_top/u_core/u_b/u_b_core/core/core/l5/mac/mac/tree_stage[4].channel[1].node[2].pair.sums_q_reg[4][1][2][13]/C
                         clock pessimism             -0.284     2.188    
    SLICE_X63Y151        FDRE (Hold_fdre_C_D)         0.105     2.293    u_top/u_core/u_b/u_b_core/core/core/l5/mac/mac/tree_stage[4].channel[1].node[2].pair.sums_q_reg[4][1][2][13]
  -------------------------------------------------------------------
                         required time                         -2.293    
                         arrival time                           2.348    
  -------------------------------------------------------------------
                         slack                                  0.055    

Slack (MET) :             0.060ns  (arrival time - required time)
  Source:                 u_top/u_core/u_b/u_b_core/core/core/l1/mac/mac/tree_stage[2].channel[0].node[4].pair.sums_q_reg[2][0][4][13]/C
                            (rising edge-triggered cell FDRE clocked by u_top_n_1799  {rise@0.000ns fall@2.500ns period=5.000ns})
  Destination:            u_top/u_core/u_b/u_b_core/core/core/l1/mac/mac/tree_stage[3].channel[0].node[2].pair.sums_q_reg[3][0][2][13]/D
                            (rising edge-triggered cell FDRE clocked by u_top_n_1799  {rise@0.000ns fall@2.500ns period=5.000ns})
  Path Group:             u_top_n_1799
  Path Type:              Hold (Min at Fast Process Corner)
  Requirement:            0.000ns  (u_top_n_1799 rise@0.000ns - u_top_n_1799 rise@0.000ns)
  Data Path Delay:        0.512ns  (logic 0.274ns (53.480%)  route 0.238ns (46.520%))
  Logic Levels:           2  (CARRY4=1 LUT2=1)
  Clock Path Skew:        0.347ns (DCD - SCD - CPR)
    Destination Clock Delay (DCD):    2.662ns
    Source Clock Delay      (SCD):    2.023ns
    Clock Pessimism Removal (CPR):    0.292ns

    Location             Delay type                Incr(ns)  Path(ns)    Netlist Resource(s)
  -------------------------------------------------------------------    -------------------
                         (clock u_top_n_1799 rise edge)
                                                      0.000     0.000 r  
    W19                                               0.000     0.000 r  sys_clk (IN)
                         net (fo=0)                   0.000     0.000    sys_clk
    W19                  IBUF (Prop_ibuf_I_O)         0.277     0.277 r  sys_clk_IBUF_inst/O
                         net (fo=1, routed)           0.440     0.717    u_top/sys_clk_IBUF
    MMCME2_ADV_X0Y2      MMCME2_ADV (Prop_mmcme2_adv_CLKIN1_CLKOUT0)
                                                      0.050     0.767 r  u_top/g_mmcm.u_mmcm/CLKOUT0
                         net (fo=1, routed)           0.545     1.312    u_top_n_1799
    BUFGCTRL_X0Y0        BUFG (Prop_bufg_I_O)         0.026     1.338 r  bank_gen[3].mem_reg_i_1/O
                         net (fo=61310, routed)       0.685     2.023    u_top/u_core/u_b/u_b_core/core/core/l1/mac/mac/clk_200
    SLICE_X142Y53        FDRE                                         r  u_top/u_core/u_b/u_b_core/core/core/l1/mac/mac/tree_stage[2].channel[0].node[4].pair.sums_q_reg[2][0][4][13]/C
  -------------------------------------------------------------------    -------------------
    SLICE_X142Y53        FDRE (Prop_fdre_C_Q)         0.164     2.187 r  u_top/u_core/u_b/u_b_core/core/core/l1/mac/mac/tree_stage[2].channel[0].node[4].pair.sums_q_reg[2][0][4][13]/Q
                         net (fo=2, routed)           0.238     2.426    u_top/u_core/u_b/u_b_core/core/core/l1/mac/mac/tree_stage[2].channel[0].node[4].pair.sums_q_reg[2][0][4][27]_0[13]
    SLICE_X141Y47        LUT2 (Prop_lut2_I0_O)        0.045     2.471 r  u_top/u_core/u_b/u_b_core/core/core/l1/mac/mac/tree_stage[3].channel[0].node[2].pair.sums_q[3][0][2][15]_i_4/O
                         net (fo=1, routed)           0.000     2.471    u_top_n_1998
    SLICE_X141Y47        CARRY4 (Prop_carry4_S[1]_O[1])
                                                      0.065     2.536 r  mac/tree_stage[3].channel[0].node[2].pair.sums_q_reg[3][0][2][15]_i_1/O[1]
                         net (fo=1, routed)           0.000     2.536    u_top/u_core/u_b/u_b_core/core/core/l1/mac/mac/tree_stage[3].channel[0].node[2].pair.sums_q_reg[3][0][2][27]_0[13]
    SLICE_X141Y47        FDRE                                         r  u_top/u_core/u_b/u_b_core/core/core/l1/mac/mac/tree_stage[3].channel[0].node[2].pair.sums_q_reg[3][0][2][13]/D
  -------------------------------------------------------------------    -------------------

                         (clock u_top_n_1799 rise edge)
                                                      0.000     0.000 r  
    W19                                               0.000     0.000 r  sys_clk (IN)
                         net (fo=0)                   0.000     0.000    sys_clk
    W19                  IBUF (Prop_ibuf_I_O)         0.465     0.465 r  sys_clk_IBUF_inst/O
                         net (fo=1, routed)           0.480     0.945    u_top/sys_clk_IBUF
    MMCME2_ADV_X0Y2      MMCME2_ADV (Prop_mmcme2_adv_CLKIN1_CLKOUT0)
                                                      0.053     0.998 r  u_top/g_mmcm.u_mmcm/CLKOUT0
                         net (fo=1, routed)           0.595     1.593    u_top_n_1799
    BUFGCTRL_X0Y0        BUFG (Prop_bufg_I_O)         0.029     1.622 r  bank_gen[3].mem_reg_i_1/O
                         net (fo=61310, routed)       1.041     2.662    u_top/u_core/u_b/u_b_core/core/core/l1/mac/mac/clk_200
    SLICE_X141Y47        FDRE                                         r  u_top/u_core/u_b/u_b_core/core/core/l1/mac/mac/tree_stage[3].channel[0].node[2].pair.sums_q_reg[3][0][2][13]/C
                         clock pessimism             -0.292     2.370    
    SLICE_X141Y47        FDRE (Hold_fdre_C_D)         0.105     2.475    u_top/u_core/u_b/u_b_core/core/core/l1/mac/mac/tree_stage[3].channel[0].node[2].pair.sums_q_reg[3][0][2][13]
  -------------------------------------------------------------------
                         required time                         -2.475    
                         arrival time                           2.536    
  -------------------------------------------------------------------
                         slack                                  0.060    

Slack (MET) :             0.060ns  (arrival time - required time)
  Source:                 u_top/u_core/u_b/u_b_core/core/core/l1/mac/mac/tree_stage[2].channel[0].node[4].pair.sums_q_reg[2][0][4][21]/C
                            (rising edge-triggered cell FDRE clocked by u_top_n_1799  {rise@0.000ns fall@2.500ns period=5.000ns})
  Destination:            u_top/u_core/u_b/u_b_core/core/core/l1/mac/mac/tree_stage[3].channel[0].node[2].pair.sums_q_reg[3][0][2][21]/D
                            (rising edge-triggered cell FDRE clocked by u_top_n_1799  {rise@0.000ns fall@2.500ns period=5.000ns})
  Path Group:             u_top_n_1799
  Path Type:              Hold (Min at Fast Process Corner)
  Requirement:            0.000ns  (u_top_n_1799 rise@0.000ns - u_top_n_1799 rise@0.000ns)
  Data Path Delay:        0.512ns  (logic 0.274ns (53.480%)  route 0.238ns (46.520%))
  Logic Levels:           2  (CARRY4=1 LUT2=1)
  Clock Path Skew:        0.347ns (DCD - SCD - CPR)
    Destination Clock Delay (DCD):    2.662ns
    Source Clock Delay      (SCD):    2.023ns
    Clock Pessimism Removal (CPR):    0.292ns

    Location             Delay type                Incr(ns)  Path(ns)    Netlist Resource(s)
  -------------------------------------------------------------------    -------------------
                         (clock u_top_n_1799 rise edge)
                                                      0.000     0.000 r  
    W19                                               0.000     0.000 r  sys_clk (IN)
                         net (fo=0)                   0.000     0.000    sys_clk
    W19                  IBUF (Prop_ibuf_I_O)         0.277     0.277 r  sys_clk_IBUF_inst/O
                         net (fo=1, routed)           0.440     0.717    u_top/sys_clk_IBUF
    MMCME2_ADV_X0Y2      MMCME2_ADV (Prop_mmcme2_adv_CLKIN1_CLKOUT0)
                                                      0.050     0.767 r  u_top/g_mmcm.u_mmcm/CLKOUT0
                         net (fo=1, routed)           0.545     1.312    u_top_n_1799
    BUFGCTRL_X0Y0        BUFG (Prop_bufg_I_O)         0.026     1.338 r  bank_gen[3].mem_reg_i_1/O
                         net (fo=61310, routed)       0.685     2.023    u_top/u_core/u_b/u_b_core/core/core/l1/mac/mac/clk_200
    SLICE_X142Y55        FDRE                                         r  u_top/u_core/u_b/u_b_core/core/core/l1/mac/mac/tree_stage[2].channel[0].node[4].pair.sums_q_reg[2][0][4][21]/C
  -------------------------------------------------------------------    -------------------
    SLICE_X142Y55        FDRE (Prop_fdre_C_Q)         0.164     2.187 r  u_top/u_core/u_b/u_b_core/core/core/l1/mac/mac/tree_stage[2].channel[0].node[4].pair.sums_q_reg[2][0][4][21]/Q
                         net (fo=2, routed)           0.238     2.426    u_top/u_core/u_b/u_b_core/core/core/l1/mac/mac/tree_stage[2].channel[0].node[4].pair.sums_q_reg[2][0][4][27]_0[21]
    SLICE_X141Y49        LUT2 (Prop_lut2_I0_O)        0.045     2.471 r  u_top/u_core/u_b/u_b_core/core/core/l1/mac/mac/tree_stage[3].channel[0].node[2].pair.sums_q[3][0][2][23]_i_4/O
                         net (fo=1, routed)           0.000     2.471    u_top_n_2006
    SLICE_X141Y49        CARRY4 (Prop_carry4_S[1]_O[1])
                                                      0.065     2.536 r  mac/tree_stage[3].channel[0].node[2].pair.sums_q_reg[3][0][2][23]_i_1/O[1]
                         net (fo=1, routed)           0.000     2.536    u_top/u_core/u_b/u_b_core/core/core/l1/mac/mac/tree_stage[3].channel[0].node[2].pair.sums_q_reg[3][0][2][27]_0[21]
    SLICE_X141Y49        FDRE                                         r  u_top/u_core/u_b/u_b_core/core/core/l1/mac/mac/tree_stage[3].channel[0].node[2].pair.sums_q_reg[3][0][2][21]/D
  -------------------------------------------------------------------    -------------------

                         (clock u_top_n_1799 rise edge)
                                                      0.000     0.000 r  
    W19                                               0.000     0.000 r  sys_clk (IN)
                         net (fo=0)                   0.000     0.000    sys_clk
    W19                  IBUF (Prop_ibuf_I_O)         0.465     0.465 r  sys_clk_IBUF_inst/O
                         net (fo=1, routed)           0.480     0.945    u_top/sys_clk_IBUF
    MMCME2_ADV_X0Y2      MMCME2_ADV (Prop_mmcme2_adv_CLKIN1_CLKOUT0)
                                                      0.053     0.998 r  u_top/g_mmcm.u_mmcm/CLKOUT0
                         net (fo=1, routed)           0.595     1.593    u_top_n_1799
    BUFGCTRL_X0Y0        BUFG (Prop_bufg_I_O)         0.029     1.622 r  bank_gen[3].mem_reg_i_1/O
                         net (fo=61310, routed)       1.041     2.662    u_top/u_core/u_b/u_b_core/core/core/l1/mac/mac/clk_200
    SLICE_X141Y49        FDRE                                         r  u_top/u_core/u_b/u_b_core/core/core/l1/mac/mac/tree_stage[3].channel[0].node[2].pair.sums_q_reg[3][0][2][21]/C
                         clock pessimism             -0.292     2.370    
    SLICE_X141Y49        FDRE (Hold_fdre_C_D)         0.105     2.475    u_top/u_core/u_b/u_b_core/core/core/l1/mac/mac/tree_stage[3].channel[0].node[2].pair.sums_q_reg[3][0][2][21]
  -------------------------------------------------------------------
                         required time                         -2.475    
                         arrival time                           2.536    
  -------------------------------------------------------------------
                         slack                                  0.060    

Slack (MET) :             0.060ns  (arrival time - required time)
  Source:                 u_top/u_core/u_b/u_b_core/core/core/l5/mac/mac/tree_stage[1].channel[3].node[12].pair.sums_q_reg[1][3][12][16]/C
                            (rising edge-triggered cell FDRE clocked by u_top_n_1799  {rise@0.000ns fall@2.500ns period=5.000ns})
  Destination:            u_top/u_core/u_b/u_b_core/core/core/l5/mac/mac/tree_stage[2].channel[3].node[6].pair.sums_q_reg[2][3][6][16]/D
                            (rising edge-triggered cell FDRE clocked by u_top_n_1799  {rise@0.000ns fall@2.500ns period=5.000ns})
  Path Group:             u_top_n_1799
  Path Type:              Hold (Min at Fast Process Corner)
  Requirement:            0.000ns  (u_top_n_1799 rise@0.000ns - u_top_n_1799 rise@0.000ns)
  Data Path Delay:        0.429ns  (logic 0.256ns (59.616%)  route 0.173ns (40.384%))
  Logic Levels:           2  (CARRY4=1 LUT2=1)
  Clock Path Skew:        0.264ns (DCD - SCD - CPR)
    Destination Clock Delay (DCD):    2.452ns
    Source Clock Delay      (SCD):    1.900ns
    Clock Pessimism Removal (CPR):    0.289ns

    Location             Delay type                Incr(ns)  Path(ns)    Netlist Resource(s)
  -------------------------------------------------------------------    -------------------
                         (clock u_top_n_1799 rise edge)
                                                      0.000     0.000 r  
    W19                                               0.000     0.000 r  sys_clk (IN)
                         net (fo=0)                   0.000     0.000    sys_clk
    W19                  IBUF (Prop_ibuf_I_O)         0.277     0.277 r  sys_clk_IBUF_inst/O
                         net (fo=1, routed)           0.440     0.717    u_top/sys_clk_IBUF
    MMCME2_ADV_X0Y2      MMCME2_ADV (Prop_mmcme2_adv_CLKIN1_CLKOUT0)
                                                      0.050     0.767 r  u_top/g_mmcm.u_mmcm/CLKOUT0
                         net (fo=1, routed)           0.545     1.312    u_top_n_1799
    BUFGCTRL_X0Y0        BUFG (Prop_bufg_I_O)         0.026     1.338 r  bank_gen[3].mem_reg_i_1/O
                         net (fo=61310, routed)       0.562     1.900    u_top/u_core/u_b/u_b_core/core/core/l5/mac/mac/clk_200
    SLICE_X87Y135        FDRE                                         r  u_top/u_core/u_b/u_b_core/core/core/l5/mac/mac/tree_stage[1].channel[3].node[12].pair.sums_q_reg[1][3][12][16]/C
  -------------------------------------------------------------------    -------------------
    SLICE_X87Y135        FDRE (Prop_fdre_C_Q)         0.141     2.041 r  u_top/u_core/u_b/u_b_core/core/core/l5/mac/mac/tree_stage[1].channel[3].node[12].pair.sums_q_reg[1][3][12][16]/Q
                         net (fo=2, routed)           0.173     2.214    u_top/u_core/u_b/u_b_core/core/core/l5/mac/mac/tree_stage[1].channel[3].node[12].pair.sums_q_reg[1][3][12]_339[16]
    SLICE_X79Y134        LUT2 (Prop_lut2_I0_O)        0.045     2.259 r  u_top/u_core/u_b/u_b_core/core/core/l5/mac/mac/tree_stage[2].channel[3].node[6].pair.sums_q[2][3][6][19]_i_5/O
                         net (fo=1, routed)           0.000     2.259    u_top/u_core/u_b/u_b_core/core/core/l5/mac/mac/tree_stage[2].channel[3].node[6].pair.sums_q[2][3][6][19]_i_5_n_0
    SLICE_X79Y134        CARRY4 (Prop_carry4_S[0]_O[0])
                                                      0.070     2.329 r  u_top/u_core/u_b/u_b_core/core/core/l5/mac/mac/tree_stage[2].channel[3].node[6].pair.sums_q_reg[2][3][6][19]_i_1/O[0]
                         net (fo=1, routed)           0.000     2.329    u_top/u_core/u_b/u_b_core/core/core/l5/mac/mac/tree_stage[2].channel[3].node[6].pair.added[16]
    SLICE_X79Y134        FDRE                                         r  u_top/u_core/u_b/u_b_core/core/core/l5/mac/mac/tree_stage[2].channel[3].node[6].pair.sums_q_reg[2][3][6][16]/D
  -------------------------------------------------------------------    -------------------

                         (clock u_top_n_1799 rise edge)
                                                      0.000     0.000 r  
    W19                                               0.000     0.000 r  sys_clk (IN)
                         net (fo=0)                   0.000     0.000    sys_clk
    W19                  IBUF (Prop_ibuf_I_O)         0.465     0.465 r  sys_clk_IBUF_inst/O
                         net (fo=1, routed)           0.480     0.945    u_top/sys_clk_IBUF
    MMCME2_ADV_X0Y2      MMCME2_ADV (Prop_mmcme2_adv_CLKIN1_CLKOUT0)
                                                      0.053     0.998 r  u_top/g_mmcm.u_mmcm/CLKOUT0
                         net (fo=1, routed)           0.595     1.593    u_top_n_1799
    BUFGCTRL_X0Y0        BUFG (Prop_bufg_I_O)         0.029     1.622 r  bank_gen[3].mem_reg_i_1/O
                         net (fo=61310, routed)       0.831     2.452    u_top/u_core/u_b/u_b_core/core/core/l5/mac/mac/clk_200
    SLICE_X79Y134        FDRE                                         r  u_top/u_core/u_b/u_b_core/core/core/l5/mac/mac/tree_stage[2].channel[3].node[6].pair.sums_q_reg[2][3][6][16]/C
                         clock pessimism             -0.289     2.164    
    SLICE_X79Y134        FDRE (Hold_fdre_C_D)         0.105     2.269    u_top/u_core/u_b/u_b_core/core/core/l5/mac/mac/tree_stage[2].channel[3].node[6].pair.sums_q_reg[2][3][6][16]
  -------------------------------------------------------------------
                         required time                         -2.269    
                         arrival time                           2.329    
  -------------------------------------------------------------------
                         slack                                  0.060    

Slack (MET) :             0.062ns  (arrival time - required time)
  Source:                 u_top/u_core/u_b/u_b_core/core/core/l5/mac/mac/tree_stage[6].channel[0].node[0].pair.sums_q_reg[6][0][0][13]/C
                            (rising edge-triggered cell FDRE clocked by u_top_n_1799  {rise@0.000ns fall@2.500ns period=5.000ns})
  Destination:            u_top/u_core/u_b/u_b_core/core/core/l5/mac/acc/accum_reg[0][14]/D
                            (rising edge-triggered cell FDRE clocked by u_top_n_1799  {rise@0.000ns fall@2.500ns period=5.000ns})
  Path Group:             u_top_n_1799
  Path Type:              Hold (Min at Fast Process Corner)
  Requirement:            0.000ns  (u_top_n_1799 rise@0.000ns - u_top_n_1799 rise@0.000ns)
  Data Path Delay:        0.460ns  (logic 0.290ns (63.088%)  route 0.170ns (36.912%))
  Logic Levels:           1  (CARRY4=1)
  Clock Path Skew:        0.268ns (DCD - SCD - CPR)
    Destination Clock Delay (DCD):    2.470ns
    Source Clock Delay      (SCD):    1.919ns
    Clock Pessimism Removal (CPR):    0.284ns

    Location             Delay type                Incr(ns)  Path(ns)    Netlist Resource(s)
  -------------------------------------------------------------------    -------------------
                         (clock u_top_n_1799 rise edge)
                                                      0.000     0.000 r  
    W19                                               0.000     0.000 r  sys_clk (IN)
                         net (fo=0)                   0.000     0.000    sys_clk
    W19                  IBUF (Prop_ibuf_I_O)         0.277     0.277 r  sys_clk_IBUF_inst/O
                         net (fo=1, routed)           0.440     0.717    u_top/sys_clk_IBUF
    MMCME2_ADV_X0Y2      MMCME2_ADV (Prop_mmcme2_adv_CLKIN1_CLKOUT0)
                                                      0.050     0.767 r  u_top/g_mmcm.u_mmcm/CLKOUT0
                         net (fo=1, routed)           0.545     1.312    u_top_n_1799
    BUFGCTRL_X0Y0        BUFG (Prop_bufg_I_O)         0.026     1.338 r  bank_gen[3].mem_reg_i_1/O
                         net (fo=61310, routed)       0.581     1.919    u_top/u_core/u_b/u_b_core/core/core/l5/mac/mac/clk_200
    SLICE_X93Y147        FDRE                                         r  u_top/u_core/u_b/u_b_core/core/core/l5/mac/mac/tree_stage[6].channel[0].node[0].pair.sums_q_reg[6][0][0][13]/C
  -------------------------------------------------------------------    -------------------
    SLICE_X93Y147        FDRE (Prop_fdre_C_Q)         0.141     2.060 r  u_top/u_core/u_b/u_b_core/core/core/l5/mac/mac/tree_stage[6].channel[0].node[0].pair.sums_q_reg[6][0][0][13]/Q
                         net (fo=2, routed)           0.170     2.229    u_top/u_core/u_b/u_b_core/core/core/l5/mac/acc/partial_sums__0[13]
    SLICE_X94Y150        CARRY4 (Prop_carry4_DI[1]_O[2])
                                                      0.149     2.378 r  u_top/u_core/u_b/u_b_core/core/core/l5/mac/acc/_inferred__0/i__carry__2/O[2]
                         net (fo=2, routed)           0.000     2.378    u_top/u_core/u_b/u_b_core/core/core/l5/mac/acc/_inferred__0/i__carry__2_n_5
    SLICE_X94Y150        FDRE                                         r  u_top/u_core/u_b/u_b_core/core/core/l5/mac/acc/accum_reg[0][14]/D
  -------------------------------------------------------------------    -------------------

                         (clock u_top_n_1799 rise edge)
                                                      0.000     0.000 r  
    W19                                               0.000     0.000 r  sys_clk (IN)
                         net (fo=0)                   0.000     0.000    sys_clk
    W19                  IBUF (Prop_ibuf_I_O)         0.465     0.465 r  sys_clk_IBUF_inst/O
                         net (fo=1, routed)           0.480     0.945    u_top/sys_clk_IBUF
    MMCME2_ADV_X0Y2      MMCME2_ADV (Prop_mmcme2_adv_CLKIN1_CLKOUT0)
                                                      0.053     0.998 r  u_top/g_mmcm.u_mmcm/CLKOUT0
                         net (fo=1, routed)           0.595     1.593    u_top_n_1799
    BUFGCTRL_X0Y0        BUFG (Prop_bufg_I_O)         0.029     1.622 r  bank_gen[3].mem_reg_i_1/O
                         net (fo=61310, routed)       0.849     2.470    u_top/u_core/u_b/u_b_core/core/core/l5/mac/acc/clk_200
    SLICE_X94Y150        FDRE                                         r  u_top/u_core/u_b/u_b_core/core/core/l5/mac/acc/accum_reg[0][14]/C
                         clock pessimism             -0.284     2.186    
    SLICE_X94Y150        FDRE (Hold_fdre_C_D)         0.130     2.316    u_top/u_core/u_b/u_b_core/core/core/l5/mac/acc/accum_reg[0][14]
  -------------------------------------------------------------------
                         required time                         -2.316    
                         arrival time                           2.378    
  -------------------------------------------------------------------
                         slack                                  0.062    

Slack (MET) :             0.062ns  (arrival time - required time)
  Source:                 u_top/u_core/u_b/u_b_core/core/core/l1/mac/mac/tree_stage[2].channel[0].node[4].pair.sums_q_reg[2][0][4][5]/C
                            (rising edge-triggered cell FDRE clocked by u_top_n_1799  {rise@0.000ns fall@2.500ns period=5.000ns})
  Destination:            u_top/u_core/u_b/u_b_core/core/core/l1/mac/mac/tree_stage[3].channel[0].node[2].pair.sums_q_reg[3][0][2][5]/D
                            (rising edge-triggered cell FDRE clocked by u_top_n_1799  {rise@0.000ns fall@2.500ns period=5.000ns})
  Path Group:             u_top_n_1799
  Path Type:              Hold (Min at Fast Process Corner)
  Requirement:            0.000ns  (u_top_n_1799 rise@0.000ns - u_top_n_1799 rise@0.000ns)
  Data Path Delay:        0.512ns  (logic 0.274ns (53.480%)  route 0.238ns (46.520%))
  Logic Levels:           2  (CARRY4=1 LUT2=1)
  Clock Path Skew:        0.345ns (DCD - SCD - CPR)
    Destination Clock Delay (DCD):    2.661ns
    Source Clock Delay      (SCD):    2.024ns
    Clock Pessimism Removal (CPR):    0.292ns

    Location             Delay type                Incr(ns)  Path(ns)    Netlist Resource(s)
  -------------------------------------------------------------------    -------------------
                         (clock u_top_n_1799 rise edge)
                                                      0.000     0.000 r  
    W19                                               0.000     0.000 r  sys_clk (IN)
                         net (fo=0)                   0.000     0.000    sys_clk
    W19                  IBUF (Prop_ibuf_I_O)         0.277     0.277 r  sys_clk_IBUF_inst/O
                         net (fo=1, routed)           0.440     0.717    u_top/sys_clk_IBUF
    MMCME2_ADV_X0Y2      MMCME2_ADV (Prop_mmcme2_adv_CLKIN1_CLKOUT0)
                                                      0.050     0.767 r  u_top/g_mmcm.u_mmcm/CLKOUT0
                         net (fo=1, routed)           0.545     1.312    u_top_n_1799
    BUFGCTRL_X0Y0        BUFG (Prop_bufg_I_O)         0.026     1.338 r  bank_gen[3].mem_reg_i_1/O
                         net (fo=61310, routed)       0.686     2.024    u_top/u_core/u_b/u_b_core/core/core/l1/mac/mac/clk_200
    SLICE_X142Y51        FDRE                                         r  u_top/u_core/u_b/u_b_core/core/core/l1/mac/mac/tree_stage[2].channel[0].node[4].pair.sums_q_reg[2][0][4][5]/C
  -------------------------------------------------------------------    -------------------
    SLICE_X142Y51        FDRE (Prop_fdre_C_Q)         0.164     2.188 r  u_top/u_core/u_b/u_b_core/core/core/l1/mac/mac/tree_stage[2].channel[0].node[4].pair.sums_q_reg[2][0][4][5]/Q
                         net (fo=2, routed)           0.238     2.427    u_top/u_core/u_b/u_b_core/core/core/l1/mac/mac/tree_stage[2].channel[0].node[4].pair.sums_q_reg[2][0][4][27]_0[5]
    SLICE_X141Y45        LUT2 (Prop_lut2_I0_O)        0.045     2.472 r  u_top/u_core/u_b/u_b_core/core/core/l1/mac/mac/tree_stage[3].channel[0].node[2].pair.sums_q[3][0][2][7]_i_4/O
                         net (fo=1, routed)           0.000     2.472    u_top_n_1990
    SLICE_X141Y45        CARRY4 (Prop_carry4_S[1]_O[1])
                                                      0.065     2.537 r  mac/tree_stage[3].channel[0].node[2].pair.sums_q_reg[3][0][2][7]_i_1/O[1]
                         net (fo=1, routed)           0.000     2.537    u_top/u_core/u_b/u_b_core/core/core/l1/mac/mac/tree_stage[3].channel[0].node[2].pair.sums_q_reg[3][0][2][27]_0[5]
    SLICE_X141Y45        FDRE                                         r  u_top/u_core/u_b/u_b_core/core/core/l1/mac/mac/tree_stage[3].channel[0].node[2].pair.sums_q_reg[3][0][2][5]/D
  -------------------------------------------------------------------    -------------------

                         (clock u_top_n_1799 rise edge)
                                                      0.000     0.000 r  
    W19                                               0.000     0.000 r  sys_clk (IN)
                         net (fo=0)                   0.000     0.000    sys_clk
    W19                  IBUF (Prop_ibuf_I_O)         0.465     0.465 r  sys_clk_IBUF_inst/O
                         net (fo=1, routed)           0.480     0.945    u_top/sys_clk_IBUF
    MMCME2_ADV_X0Y2      MMCME2_ADV (Prop_mmcme2_adv_CLKIN1_CLKOUT0)
                                                      0.053     0.998 r  u_top/g_mmcm.u_mmcm/CLKOUT0
                         net (fo=1, routed)           0.595     1.593    u_top_n_1799
    BUFGCTRL_X0Y0        BUFG (Prop_bufg_I_O)         0.029     1.622 r  bank_gen[3].mem_reg_i_1/O
                         net (fo=61310, routed)       1.040     2.661    u_top/u_core/u_b/u_b_core/core/core/l1/mac/mac/clk_200
    SLICE_X141Y45        FDRE                                         r  u_top/u_core/u_b/u_b_core/core/core/l1/mac/mac/tree_stage[3].channel[0].node[2].pair.sums_q_reg[3][0][2][5]/C
                         clock pessimism             -0.292     2.369    
    SLICE_X141Y45        FDRE (Hold_fdre_C_D)         0.105     2.474    u_top/u_core/u_b/u_b_core/core/core/l1/mac/mac/tree_stage[3].channel[0].node[2].pair.sums_q_reg[3][0][2][5]
  -------------------------------------------------------------------
                         required time                         -2.474    
                         arrival time                           2.537    
  -------------------------------------------------------------------
                         slack                                  0.062    

Slack (MET) :             0.062ns  (arrival time - required time)
  Source:                 u_top/u_core/u_b/u_b_core/core/core/l1/mac/mac/tree_stage[2].channel[0].node[4].pair.sums_q_reg[2][0][4][9]/C
                            (rising edge-triggered cell FDRE clocked by u_top_n_1799  {rise@0.000ns fall@2.500ns period=5.000ns})
  Destination:            u_top/u_core/u_b/u_b_core/core/core/l1/mac/mac/tree_stage[3].channel[0].node[2].pair.sums_q_reg[3][0][2][9]/D
                            (rising edge-triggered cell FDRE clocked by u_top_n_1799  {rise@0.000ns fall@2.500ns period=5.000ns})
  Path Group:             u_top_n_1799
  Path Type:              Hold (Min at Fast Process Corner)
  Requirement:            0.000ns  (u_top_n_1799 rise@0.000ns - u_top_n_1799 rise@0.000ns)
  Data Path Delay:        0.512ns  (logic 0.274ns (53.480%)  route 0.238ns (46.520%))
  Logic Levels:           2  (CARRY4=1 LUT2=1)
  Clock Path Skew:        0.345ns (DCD - SCD - CPR)
    Destination Clock Delay (DCD):    2.661ns
    Source Clock Delay      (SCD):    2.024ns
    Clock Pessimism Removal (CPR):    0.292ns

    Location             Delay type                Incr(ns)  Path(ns)    Netlist Resource(s)
  -------------------------------------------------------------------    -------------------
                         (clock u_top_n_1799 rise edge)
                                                      0.000     0.000 r  
    W19                                               0.000     0.000 r  sys_clk (IN)
                         net (fo=0)                   0.000     0.000    sys_clk
    W19                  IBUF (Prop_ibuf_I_O)         0.277     0.277 r  sys_clk_IBUF_inst/O
                         net (fo=1, routed)           0.440     0.717    u_top/sys_clk_IBUF
    MMCME2_ADV_X0Y2      MMCME2_ADV (Prop_mmcme2_adv_CLKIN1_CLKOUT0)
                                                      0.050     0.767 r  u_top/g_mmcm.u_mmcm/CLKOUT0
                         net (fo=1, routed)           0.545     1.312    u_top_n_1799
    BUFGCTRL_X0Y0        BUFG (Prop_bufg_I_O)         0.026     1.338 r  bank_gen[3].mem_reg_i_1/O
                         net (fo=61310, routed)       0.686     2.024    u_top/u_core/u_b/u_b_core/core/core/l1/mac/mac/clk_200
    SLICE_X142Y52        FDRE                                         r  u_top/u_core/u_b/u_b_core/core/core/l1/mac/mac/tree_stage[2].channel[0].node[4].pair.sums_q_reg[2][0][4][9]/C
  -------------------------------------------------------------------    -------------------
    SLICE_X142Y52        FDRE (Prop_fdre_C_Q)         0.164     2.188 r  u_top/u_core/u_b/u_b_core/core/core/l1/mac/mac/tree_stage[2].channel[0].node[4].pair.sums_q_reg[2][0][4][9]/Q
                         net (fo=2, routed)           0.238     2.427    u_top/u_core/u_b/u_b_core/core/core/l1/mac/mac/tree_stage[2].channel[0].node[4].pair.sums_q_reg[2][0][4][27]_0[9]
    SLICE_X141Y46        LUT2 (Prop_lut2_I0_O)        0.045     2.472 r  u_top/u_core/u_b/u_b_core/core/core/l1/mac/mac/tree_stage[3].channel[0].node[2].pair.sums_q[3][0][2][11]_i_4/O
                         net (fo=1, routed)           0.000     2.472    u_top_n_1994
    SLICE_X141Y46        CARRY4 (Prop_carry4_S[1]_O[1])
                                                      0.065     2.537 r  mac/tree_stage[3].channel[0].node[2].pair.sums_q_reg[3][0][2][11]_i_1/O[1]
                         net (fo=1, routed)           0.000     2.537    u_top/u_core/u_b/u_b_core/core/core/l1/mac/mac/tree_stage[3].channel[0].node[2].pair.sums_q_reg[3][0][2][27]_0[9]
    SLICE_X141Y46        FDRE                                         r  u_top/u_core/u_b/u_b_core/core/core/l1/mac/mac/tree_stage[3].channel[0].node[2].pair.sums_q_reg[3][0][2][9]/D
  -------------------------------------------------------------------    -------------------

                         (clock u_top_n_1799 rise edge)
                                                      0.000     0.000 r  
    W19                                               0.000     0.000 r  sys_clk (IN)
                         net (fo=0)                   0.000     0.000    sys_clk
    W19                  IBUF (Prop_ibuf_I_O)         0.465     0.465 r  sys_clk_IBUF_inst/O
                         net (fo=1, routed)           0.480     0.945    u_top/sys_clk_IBUF
    MMCME2_ADV_X0Y2      MMCME2_ADV (Prop_mmcme2_adv_CLKIN1_CLKOUT0)
                                                      0.053     0.998 r  u_top/g_mmcm.u_mmcm/CLKOUT0
                         net (fo=1, routed)           0.595     1.593    u_top_n_1799
    BUFGCTRL_X0Y0        BUFG (Prop_bufg_I_O)         0.029     1.622 r  bank_gen[3].mem_reg_i_1/O
                         net (fo=61310, routed)       1.040     2.661    u_top/u_core/u_b/u_b_core/core/core/l1/mac/mac/clk_200
    SLICE_X141Y46        FDRE                                         r  u_top/u_core/u_b/u_b_core/core/core/l1/mac/mac/tree_stage[3].channel[0].node[2].pair.sums_q_reg[3][0][2][9]/C
                         clock pessimism             -0.292     2.369    
    SLICE_X141Y46        FDRE (Hold_fdre_C_D)         0.105     2.474    u_top/u_core/u_b/u_b_core/core/core/l1/mac/mac/tree_stage[3].channel[0].node[2].pair.sums_q_reg[3][0][2][9]
  -------------------------------------------------------------------
                         required time                         -2.474    
                         arrival time                           2.537    
  -------------------------------------------------------------------
                         slack                                  0.062    

Slack (MET) :             0.062ns  (arrival time - required time)
  Source:                 u_top/u_core/u_b/u_b_core/core/core/l5/mac/mac/tree_stage[1].channel[3].node[12].pair.sums_q_reg[1][3][12][0]/C
                            (rising edge-triggered cell FDRE clocked by u_top_n_1799  {rise@0.000ns fall@2.500ns period=5.000ns})
  Destination:            u_top/u_core/u_b/u_b_core/core/core/l5/mac/mac/tree_stage[2].channel[3].node[6].pair.sums_q_reg[2][3][6][0]/D
                            (rising edge-triggered cell FDRE clocked by u_top_n_1799  {rise@0.000ns fall@2.500ns period=5.000ns})
  Path Group:             u_top_n_1799
  Path Type:              Hold (Min at Fast Process Corner)
  Requirement:            0.000ns  (u_top_n_1799 rise@0.000ns - u_top_n_1799 rise@0.000ns)
  Data Path Delay:        0.430ns  (logic 0.256ns (59.477%)  route 0.174ns (40.523%))
  Logic Levels:           2  (CARRY4=1 LUT2=1)
  Clock Path Skew:        0.263ns (DCD - SCD - CPR)
    Destination Clock Delay (DCD):    2.448ns
    Source Clock Delay      (SCD):    1.897ns
    Clock Pessimism Removal (CPR):    0.289ns

    Location             Delay type                Incr(ns)  Path(ns)    Netlist Resource(s)
  -------------------------------------------------------------------    -------------------
                         (clock u_top_n_1799 rise edge)
                                                      0.000     0.000 r  
    W19                                               0.000     0.000 r  sys_clk (IN)
                         net (fo=0)                   0.000     0.000    sys_clk
    W19                  IBUF (Prop_ibuf_I_O)         0.277     0.277 r  sys_clk_IBUF_inst/O
                         net (fo=1, routed)           0.440     0.717    u_top/sys_clk_IBUF
    MMCME2_ADV_X0Y2      MMCME2_ADV (Prop_mmcme2_adv_CLKIN1_CLKOUT0)
                                                      0.050     0.767 r  u_top/g_mmcm.u_mmcm/CLKOUT0
                         net (fo=1, routed)           0.545     1.312    u_top_n_1799
    BUFGCTRL_X0Y0        BUFG (Prop_bufg_I_O)         0.026     1.338 r  bank_gen[3].mem_reg_i_1/O
                         net (fo=61310, routed)       0.559     1.897    u_top/u_core/u_b/u_b_core/core/core/l5/mac/mac/clk_200
    SLICE_X87Y131        FDRE                                         r  u_top/u_core/u_b/u_b_core/core/core/l5/mac/mac/tree_stage[1].channel[3].node[12].pair.sums_q_reg[1][3][12][0]/C
  -------------------------------------------------------------------    -------------------
    SLICE_X87Y131        FDRE (Prop_fdre_C_Q)         0.141     2.038 r  u_top/u_core/u_b/u_b_core/core/core/l5/mac/mac/tree_stage[1].channel[3].node[12].pair.sums_q_reg[1][3][12][0]/Q
                         net (fo=2, routed)           0.174     2.212    u_top/u_core/u_b/u_b_core/core/core/l5/mac/mac/tree_stage[1].channel[3].node[12].pair.sums_q_reg[1][3][12]_339[0]
    SLICE_X79Y130        LUT2 (Prop_lut2_I0_O)        0.045     2.257 r  u_top/u_core/u_b/u_b_core/core/core/l5/mac/mac/tree_stage[2].channel[3].node[6].pair.sums_q[2][3][6][3]_i_5/O
                         net (fo=1, routed)           0.000     2.257    u_top/u_core/u_b/u_b_core/core/core/l5/mac/mac/tree_stage[2].channel[3].node[6].pair.sums_q[2][3][6][3]_i_5_n_0
    SLICE_X79Y130        CARRY4 (Prop_carry4_S[0]_O[0])
                                                      0.070     2.327 r  u_top/u_core/u_b/u_b_core/core/core/l5/mac/mac/tree_stage[2].channel[3].node[6].pair.sums_q_reg[2][3][6][3]_i_1/O[0]
                         net (fo=1, routed)           0.000     2.327    u_top/u_core/u_b/u_b_core/core/core/l5/mac/mac/tree_stage[2].channel[3].node[6].pair.added[0]
    SLICE_X79Y130        FDRE                                         r  u_top/u_core/u_b/u_b_core/core/core/l5/mac/mac/tree_stage[2].channel[3].node[6].pair.sums_q_reg[2][3][6][0]/D
  -------------------------------------------------------------------    -------------------

                         (clock u_top_n_1799 rise edge)
                                                      0.000     0.000 r  
    W19                                               0.000     0.000 r  sys_clk (IN)
                         net (fo=0)                   0.000     0.000    sys_clk
    W19                  IBUF (Prop_ibuf_I_O)         0.465     0.465 r  sys_clk_IBUF_inst/O
                         net (fo=1, routed)           0.480     0.945    u_top/sys_clk_IBUF
    MMCME2_ADV_X0Y2      MMCME2_ADV (Prop_mmcme2_adv_CLKIN1_CLKOUT0)
                                                      0.053     0.998 r  u_top/g_mmcm.u_mmcm/CLKOUT0
                         net (fo=1, routed)           0.595     1.593    u_top_n_1799
    BUFGCTRL_X0Y0        BUFG (Prop_bufg_I_O)         0.029     1.622 r  bank_gen[3].mem_reg_i_1/O
                         net (fo=61310, routed)       0.827     2.448    u_top/u_core/u_b/u_b_core/core/core/l5/mac/mac/clk_200
    SLICE_X79Y130        FDRE                                         r  u_top/u_core/u_b/u_b_core/core/core/l5/mac/mac/tree_stage[2].channel[3].node[6].pair.sums_q_reg[2][3][6][0]/C
                         clock pessimism             -0.289     2.160    
    SLICE_X79Y130        FDRE (Hold_fdre_C_D)         0.105     2.265    u_top/u_core/u_b/u_b_core/core/core/l5/mac/mac/tree_stage[2].channel[3].node[6].pair.sums_q_reg[2][3][6][0]
  -------------------------------------------------------------------
                         required time                         -2.265    
                         arrival time                           2.327    
  -------------------------------------------------------------------
                         slack                                  0.062    

Slack (MET) :             0.062ns  (arrival time - required time)
  Source:                 u_top/u_core/u_b/u_b_core/core/core/l5/mac/mac/tree_stage[1].channel[3].node[12].pair.sums_q_reg[1][3][12][4]/C
                            (rising edge-triggered cell FDRE clocked by u_top_n_1799  {rise@0.000ns fall@2.500ns period=5.000ns})
  Destination:            u_top/u_core/u_b/u_b_core/core/core/l5/mac/mac/tree_stage[2].channel[3].node[6].pair.sums_q_reg[2][3][6][4]/D
                            (rising edge-triggered cell FDRE clocked by u_top_n_1799  {rise@0.000ns fall@2.500ns period=5.000ns})
  Path Group:             u_top_n_1799
  Path Type:              Hold (Min at Fast Process Corner)
  Requirement:            0.000ns  (u_top_n_1799 rise@0.000ns - u_top_n_1799 rise@0.000ns)
  Data Path Delay:        0.430ns  (logic 0.256ns (59.477%)  route 0.174ns (40.523%))
  Logic Levels:           2  (CARRY4=1 LUT2=1)
  Clock Path Skew:        0.263ns (DCD - SCD - CPR)
    Destination Clock Delay (DCD):    2.449ns
    Source Clock Delay      (SCD):    1.898ns
    Clock Pessimism Removal (CPR):    0.289ns

    Location             Delay type                Incr(ns)  Path(ns)    Netlist Resource(s)
  -------------------------------------------------------------------    -------------------
                         (clock u_top_n_1799 rise edge)
                                                      0.000     0.000 r  
    W19                                               0.000     0.000 r  sys_clk (IN)
                         net (fo=0)                   0.000     0.000    sys_clk
    W19                  IBUF (Prop_ibuf_I_O)         0.277     0.277 r  sys_clk_IBUF_inst/O
                         net (fo=1, routed)           0.440     0.717    u_top/sys_clk_IBUF
    MMCME2_ADV_X0Y2      MMCME2_ADV (Prop_mmcme2_adv_CLKIN1_CLKOUT0)
                                                      0.050     0.767 r  u_top/g_mmcm.u_mmcm/CLKOUT0
                         net (fo=1, routed)           0.545     1.312    u_top_n_1799
    BUFGCTRL_X0Y0        BUFG (Prop_bufg_I_O)         0.026     1.338 r  bank_gen[3].mem_reg_i_1/O
                         net (fo=61310, routed)       0.560     1.898    u_top/u_core/u_b/u_b_core/core/core/l5/mac/mac/clk_200
    SLICE_X87Y132        FDRE                                         r  u_top/u_core/u_b/u_b_core/core/core/l5/mac/mac/tree_stage[1].channel[3].node[12].pair.sums_q_reg[1][3][12][4]/C
  -------------------------------------------------------------------    -------------------
    SLICE_X87Y132        FDRE (Prop_fdre_C_Q)         0.141     2.039 r  u_top/u_core/u_b/u_b_core/core/core/l5/mac/mac/tree_stage[1].channel[3].node[12].pair.sums_q_reg[1][3][12][4]/Q
                         net (fo=2, routed)           0.174     2.213    u_top/u_core/u_b/u_b_core/core/core/l5/mac/mac/tree_stage[1].channel[3].node[12].pair.sums_q_reg[1][3][12]_339[4]
    SLICE_X79Y131        LUT2 (Prop_lut2_I0_O)        0.045     2.258 r  u_top/u_core/u_b/u_b_core/core/core/l5/mac/mac/tree_stage[2].channel[3].node[6].pair.sums_q[2][3][6][7]_i_5/O
                         net (fo=1, routed)           0.000     2.258    u_top/u_core/u_b/u_b_core/core/core/l5/mac/mac/tree_stage[2].channel[3].node[6].pair.sums_q[2][3][6][7]_i_5_n_0
    SLICE_X79Y131        CARRY4 (Prop_carry4_S[0]_O[0])
                                                      0.070     2.328 r  u_top/u_core/u_b/u_b_core/core/core/l5/mac/mac/tree_stage[2].channel[3].node[6].pair.sums_q_reg[2][3][6][7]_i_1/O[0]
                         net (fo=1, routed)           0.000     2.328    u_top/u_core/u_b/u_b_core/core/core/l5/mac/mac/tree_stage[2].channel[3].node[6].pair.added[4]
    SLICE_X79Y131        FDRE                                         r  u_top/u_core/u_b/u_b_core/core/core/l5/mac/mac/tree_stage[2].channel[3].node[6].pair.sums_q_reg[2][3][6][4]/D
  -------------------------------------------------------------------    -------------------

                         (clock u_top_n_1799 rise edge)
                                                      0.000     0.000 r  
    W19                                               0.000     0.000 r  sys_clk (IN)
                         net (fo=0)                   0.000     0.000    sys_clk
    W19                  IBUF (Prop_ibuf_I_O)         0.465     0.465 r  sys_clk_IBUF_inst/O
                         net (fo=1, routed)           0.480     0.945    u_top/sys_clk_IBUF
    MMCME2_ADV_X0Y2      MMCME2_ADV (Prop_mmcme2_adv_CLKIN1_CLKOUT0)
                                                      0.053     0.998 r  u_top/g_mmcm.u_mmcm/CLKOUT0
                         net (fo=1, routed)           0.595     1.593    u_top_n_1799
    BUFGCTRL_X0Y0        BUFG (Prop_bufg_I_O)         0.029     1.622 r  bank_gen[3].mem_reg_i_1/O
                         net (fo=61310, routed)       0.828     2.449    u_top/u_core/u_b/u_b_core/core/core/l5/mac/mac/clk_200
    SLICE_X79Y131        FDRE                                         r  u_top/u_core/u_b/u_b_core/core/core/l5/mac/mac/tree_stage[2].channel[3].node[6].pair.sums_q_reg[2][3][6][4]/C
                         clock pessimism             -0.289     2.161    
    SLICE_X79Y131        FDRE (Hold_fdre_C_D)         0.105     2.266    u_top/u_core/u_b/u_b_core/core/core/l5/mac/mac/tree_stage[2].channel[3].node[6].pair.sums_q_reg[2][3][6][4]
  -------------------------------------------------------------------
                         required time                         -2.266    
                         arrival time                           2.328    
  -------------------------------------------------------------------
                         slack                                  0.062    

Slack (MET) :             0.062ns  (arrival time - required time)
  Source:                 u_top/u_core/u_b/u_b_core/core/core/l5/mac/mac/tree_stage[1].channel[3].node[12].pair.sums_q_reg[1][3][12][8]/C
                            (rising edge-triggered cell FDRE clocked by u_top_n_1799  {rise@0.000ns fall@2.500ns period=5.000ns})
  Destination:            u_top/u_core/u_b/u_b_core/core/core/l5/mac/mac/tree_stage[2].channel[3].node[6].pair.sums_q_reg[2][3][6][8]/D
                            (rising edge-triggered cell FDRE clocked by u_top_n_1799  {rise@0.000ns fall@2.500ns period=5.000ns})
  Path Group:             u_top_n_1799
  Path Type:              Hold (Min at Fast Process Corner)
  Requirement:            0.000ns  (u_top_n_1799 rise@0.000ns - u_top_n_1799 rise@0.000ns)
  Data Path Delay:        0.430ns  (logic 0.256ns (59.477%)  route 0.174ns (40.523%))
  Logic Levels:           2  (CARRY4=1 LUT2=1)
  Clock Path Skew:        0.263ns (DCD - SCD - CPR)
    Destination Clock Delay (DCD):    2.450ns
    Source Clock Delay      (SCD):    1.899ns
    Clock Pessimism Removal (CPR):    0.289ns

    Location             Delay type                Incr(ns)  Path(ns)    Netlist Resource(s)
  -------------------------------------------------------------------    -------------------
                         (clock u_top_n_1799 rise edge)
                                                      0.000     0.000 r  
    W19                                               0.000     0.000 r  sys_clk (IN)
                         net (fo=0)                   0.000     0.000    sys_clk
    W19                  IBUF (Prop_ibuf_I_O)         0.277     0.277 r  sys_clk_IBUF_inst/O
                         net (fo=1, routed)           0.440     0.717    u_top/sys_clk_IBUF
    MMCME2_ADV_X0Y2      MMCME2_ADV (Prop_mmcme2_adv_CLKIN1_CLKOUT0)
                                                      0.050     0.767 r  u_top/g_mmcm.u_mmcm/CLKOUT0
                         net (fo=1, routed)           0.545     1.312    u_top_n_1799
    BUFGCTRL_X0Y0        BUFG (Prop_bufg_I_O)         0.026     1.338 r  bank_gen[3].mem_reg_i_1/O
                         net (fo=61310, routed)       0.561     1.899    u_top/u_core/u_b/u_b_core/core/core/l5/mac/mac/clk_200
    SLICE_X87Y133        FDRE                                         r  u_top/u_core/u_b/u_b_core/core/core/l5/mac/mac/tree_stage[1].channel[3].node[12].pair.sums_q_reg[1][3][12][8]/C
  -------------------------------------------------------------------    -------------------
    SLICE_X87Y133        FDRE (Prop_fdre_C_Q)         0.141     2.040 r  u_top/u_core/u_b/u_b_core/core/core/l5/mac/mac/tree_stage[1].channel[3].node[12].pair.sums_q_reg[1][3][12][8]/Q
                         net (fo=2, routed)           0.174     2.214    u_top/u_core/u_b/u_b_core/core/core/l5/mac/mac/tree_stage[1].channel[3].node[12].pair.sums_q_reg[1][3][12]_339[8]
    SLICE_X79Y132        LUT2 (Prop_lut2_I0_O)        0.045     2.259 r  u_top/u_core/u_b/u_b_core/core/core/l5/mac/mac/tree_stage[2].channel[3].node[6].pair.sums_q[2][3][6][11]_i_5/O
                         net (fo=1, routed)           0.000     2.259    u_top/u_core/u_b/u_b_core/core/core/l5/mac/mac/tree_stage[2].channel[3].node[6].pair.sums_q[2][3][6][11]_i_5_n_0
    SLICE_X79Y132        CARRY4 (Prop_carry4_S[0]_O[0])
                                                      0.070     2.329 r  u_top/u_core/u_b/u_b_core/core/core/l5/mac/mac/tree_stage[2].channel[3].node[6].pair.sums_q_reg[2][3][6][11]_i_1/O[0]
                         net (fo=1, routed)           0.000     2.329    u_top/u_core/u_b/u_b_core/core/core/l5/mac/mac/tree_stage[2].channel[3].node[6].pair.added[8]
    SLICE_X79Y132        FDRE                                         r  u_top/u_core/u_b/u_b_core/core/core/l5/mac/mac/tree_stage[2].channel[3].node[6].pair.sums_q_reg[2][3][6][8]/D
  -------------------------------------------------------------------    -------------------

                         (clock u_top_n_1799 rise edge)
                                                      0.000     0.000 r  
    W19                                               0.000     0.000 r  sys_clk (IN)
                         net (fo=0)                   0.000     0.000    sys_clk
    W19                  IBUF (Prop_ibuf_I_O)         0.465     0.465 r  sys_clk_IBUF_inst/O
                         net (fo=1, routed)           0.480     0.945    u_top/sys_clk_IBUF
    MMCME2_ADV_X0Y2      MMCME2_ADV (Prop_mmcme2_adv_CLKIN1_CLKOUT0)
                                                      0.053     0.998 r  u_top/g_mmcm.u_mmcm/CLKOUT0
                         net (fo=1, routed)           0.595     1.593    u_top_n_1799
    BUFGCTRL_X0Y0        BUFG (Prop_bufg_I_O)         0.029     1.622 r  bank_gen[3].mem_reg_i_1/O
                         net (fo=61310, routed)       0.829     2.450    u_top/u_core/u_b/u_b_core/core/core/l5/mac/mac/clk_200
    SLICE_X79Y132        FDRE                                         r  u_top/u_core/u_b/u_b_core/core/core/l5/mac/mac/tree_stage[2].channel[3].node[6].pair.sums_q_reg[2][3][6][8]/C
                         clock pessimism             -0.289     2.162    
    SLICE_X79Y132        FDRE (Hold_fdre_C_D)         0.105     2.267    u_top/u_core/u_b/u_b_core/core/core/l5/mac/mac/tree_stage[2].channel[3].node[6].pair.sums_q_reg[2][3][6][8]
  -------------------------------------------------------------------
                         required time                         -2.267    
                         arrival time                           2.329    
  -------------------------------------------------------------------
                         slack                                  0.062    

Slack (MET) :             0.064ns  (arrival time - required time)
  Source:                 u_top/u_core/u_b/u_b_core/core/core/l5/mac/mac/tree_stage[6].channel[0].node[0].pair.sums_q_reg[6][0][0][17]/C
                            (rising edge-triggered cell FDRE clocked by u_top_n_1799  {rise@0.000ns fall@2.500ns period=5.000ns})
  Destination:            u_top/u_core/u_b/u_b_core/core/core/l5/mac/acc/accum_reg[0][18]/D
                            (rising edge-triggered cell FDRE clocked by u_top_n_1799  {rise@0.000ns fall@2.500ns period=5.000ns})
  Path Group:             u_top_n_1799
  Path Type:              Hold (Min at Fast Process Corner)
  Requirement:            0.000ns  (u_top_n_1799 rise@0.000ns - u_top_n_1799 rise@0.000ns)
  Data Path Delay:        0.462ns  (logic 0.290ns (62.807%)  route 0.172ns (37.193%))
  Logic Levels:           1  (CARRY4=1)
  Clock Path Skew:        0.268ns (DCD - SCD - CPR)
    Destination Clock Delay (DCD):    2.470ns
    Source Clock Delay      (SCD):    1.919ns
    Clock Pessimism Removal (CPR):    0.284ns

    Location             Delay type                Incr(ns)  Path(ns)    Netlist Resource(s)
  -------------------------------------------------------------------    -------------------
                         (clock u_top_n_1799 rise edge)
                                                      0.000     0.000 r  
    W19                                               0.000     0.000 r  sys_clk (IN)
                         net (fo=0)                   0.000     0.000    sys_clk
    W19                  IBUF (Prop_ibuf_I_O)         0.277     0.277 r  sys_clk_IBUF_inst/O
                         net (fo=1, routed)           0.440     0.717    u_top/sys_clk_IBUF
    MMCME2_ADV_X0Y2      MMCME2_ADV (Prop_mmcme2_adv_CLKIN1_CLKOUT0)
                                                      0.050     0.767 r  u_top/g_mmcm.u_mmcm/CLKOUT0
                         net (fo=1, routed)           0.545     1.312    u_top_n_1799
    BUFGCTRL_X0Y0        BUFG (Prop_bufg_I_O)         0.026     1.338 r  bank_gen[3].mem_reg_i_1/O
                         net (fo=61310, routed)       0.581     1.919    u_top/u_core/u_b/u_b_core/core/core/l5/mac/mac/clk_200
    SLICE_X93Y148        FDRE                                         r  u_top/u_core/u_b/u_b_core/core/core/l5/mac/mac/tree_stage[6].channel[0].node[0].pair.sums_q_reg[6][0][0][17]/C
  -------------------------------------------------------------------    -------------------
    SLICE_X93Y148        FDRE (Prop_fdre_C_Q)         0.141     2.060 r  u_top/u_core/u_b/u_b_core/core/core/l5/mac/mac/tree_stage[6].channel[0].node[0].pair.sums_q_reg[6][0][0][17]/Q
                         net (fo=2, routed)           0.172     2.231    u_top/u_core/u_b/u_b_core/core/core/l5/mac/acc/partial_sums__0[17]
    SLICE_X94Y151        CARRY4 (Prop_carry4_DI[1]_O[2])
                                                      0.149     2.380 r  u_top/u_core/u_b/u_b_core/core/core/l5/mac/acc/_inferred__0/i__carry__3/O[2]
                         net (fo=2, routed)           0.000     2.380    u_top/u_core/u_b/u_b_core/core/core/l5/mac/acc/_inferred__0/i__carry__3_n_5
    SLICE_X94Y151        FDRE                                         r  u_top/u_core/u_b/u_b_core/core/core/l5/mac/acc/accum_reg[0][18]/D
  -------------------------------------------------------------------    -------------------

                         (clock u_top_n_1799 rise edge)
                                                      0.000     0.000 r  
    W19                                               0.000     0.000 r  sys_clk (IN)
                         net (fo=0)                   0.000     0.000    sys_clk
    W19                  IBUF (Prop_ibuf_I_O)         0.465     0.465 r  sys_clk_IBUF_inst/O
                         net (fo=1, routed)           0.480     0.945    u_top/sys_clk_IBUF
    MMCME2_ADV_X0Y2      MMCME2_ADV (Prop_mmcme2_adv_CLKIN1_CLKOUT0)
                                                      0.053     0.998 r  u_top/g_mmcm.u_mmcm/CLKOUT0
                         net (fo=1, routed)           0.595     1.593    u_top_n_1799
    BUFGCTRL_X0Y0        BUFG (Prop_bufg_I_O)         0.029     1.622 r  bank_gen[3].mem_reg_i_1/O
                         net (fo=61310, routed)       0.849     2.470    u_top/u_core/u_b/u_b_core/core/core/l5/mac/acc/clk_200
    SLICE_X94Y151        FDRE                                         r  u_top/u_core/u_b/u_b_core/core/core/l5/mac/acc/accum_reg[0][18]/C
                         clock pessimism             -0.284     2.186    
    SLICE_X94Y151        FDRE (Hold_fdre_C_D)         0.130     2.316    u_top/u_core/u_b/u_b_core/core/core/l5/mac/acc/accum_reg[0][18]
  -------------------------------------------------------------------
                         required time                         -2.316    
                         arrival time                           2.380    
  -------------------------------------------------------------------
                         slack                                  0.064    

Slack (MET) :             0.064ns  (arrival time - required time)
  Source:                 u_top/u_core/u_b/u_b_core/core/core/l3/mac/mac/tree_stage[1].channel[7].node[0].pair.sums_q_reg[1][7][0][3]/C
                            (rising edge-triggered cell FDRE clocked by u_top_n_1799  {rise@0.000ns fall@2.500ns period=5.000ns})
  Destination:            u_top/u_core/u_b/u_b_core/core/core/l3/mac/mac/tree_stage[2].channel[7].node[0].pair.sums_q_reg[2][7][0][3]/D
                            (rising edge-triggered cell FDRE clocked by u_top_n_1799  {rise@0.000ns fall@2.500ns period=5.000ns})
  Path Group:             u_top_n_1799
  Path Type:              Hold (Min at Fast Process Corner)
  Requirement:            0.000ns  (u_top_n_1799 rise@0.000ns - u_top_n_1799 rise@0.000ns)
  Data Path Delay:        0.512ns  (logic 0.249ns (48.617%)  route 0.263ns (51.383%))
  Logic Levels:           2  (CARRY4=1 LUT2=1)
  Clock Path Skew:        0.343ns (DCD - SCD - CPR)
    Destination Clock Delay (DCD):    2.666ns
    Source Clock Delay      (SCD):    2.031ns
    Clock Pessimism Removal (CPR):    0.292ns

    Location             Delay type                Incr(ns)  Path(ns)    Netlist Resource(s)
  -------------------------------------------------------------------    -------------------
                         (clock u_top_n_1799 rise edge)
                                                      0.000     0.000 r  
    W19                                               0.000     0.000 r  sys_clk (IN)
                         net (fo=0)                   0.000     0.000    sys_clk
    W19                  IBUF (Prop_ibuf_I_O)         0.277     0.277 r  sys_clk_IBUF_inst/O
                         net (fo=1, routed)           0.440     0.717    u_top/sys_clk_IBUF
    MMCME2_ADV_X0Y2      MMCME2_ADV (Prop_mmcme2_adv_CLKIN1_CLKOUT0)
                                                      0.050     0.767 r  u_top/g_mmcm.u_mmcm/CLKOUT0
                         net (fo=1, routed)           0.545     1.312    u_top_n_1799
    BUFGCTRL_X0Y0        BUFG (Prop_bufg_I_O)         0.026     1.338 r  bank_gen[3].mem_reg_i_1/O
                         net (fo=61310, routed)       0.693     2.031    u_top/u_core/u_b/u_b_core/core/core/l3/mac/mac/clk_200
    SLICE_X19Y55         FDRE                                         r  u_top/u_core/u_b/u_b_core/core/core/l3/mac/mac/tree_stage[1].channel[7].node[0].pair.sums_q_reg[1][7][0][3]/C
  -------------------------------------------------------------------    -------------------
    SLICE_X19Y55         FDRE (Prop_fdre_C_Q)         0.141     2.172 r  u_top/u_core/u_b/u_b_core/core/core/l3/mac/mac/tree_stage[1].channel[7].node[0].pair.sums_q_reg[1][7][0][3]/Q
                         net (fo=2, routed)           0.263     2.435    u_top/u_core/u_b/u_b_core/core/core/l3/mac/mac/tree_stage[1].channel[7].node[0].pair.sums_q_reg[1][7][0][28]_0[3]
    SLICE_X19Y47         LUT2 (Prop_lut2_I0_O)        0.045     2.480 r  u_top/u_core/u_b/u_b_core/core/core/l3/mac/mac/tree_stage[2].channel[7].node[0].pair.sums_q[2][7][0][3]_i_2/O
                         net (fo=1, routed)           0.000     2.480    u_top_n_5557
    SLICE_X19Y47         CARRY4 (Prop_carry4_S[3]_O[3])
                                                      0.063     2.543 r  mac/tree_stage[2].channel[7].node[0].pair.sums_q_reg[2][7][0][3]_i_1/O[3]
                         net (fo=1, routed)           0.000     2.543    u_top/u_core/u_b/u_b_core/core/core/l3/mac/mac/tree_stage[2].channel[7].node[0].pair.sums_q_reg[2][7][0][27]_2[3]
    SLICE_X19Y47         FDRE                                         r  u_top/u_core/u_b/u_b_core/core/core/l3/mac/mac/tree_stage[2].channel[7].node[0].pair.sums_q_reg[2][7][0][3]/D
  -------------------------------------------------------------------    -------------------

                         (clock u_top_n_1799 rise edge)
                                                      0.000     0.000 r  
    W19                                               0.000     0.000 r  sys_clk (IN)
                         net (fo=0)                   0.000     0.000    sys_clk
    W19                  IBUF (Prop_ibuf_I_O)         0.465     0.465 r  sys_clk_IBUF_inst/O
                         net (fo=1, routed)           0.480     0.945    u_top/sys_clk_IBUF
    MMCME2_ADV_X0Y2      MMCME2_ADV (Prop_mmcme2_adv_CLKIN1_CLKOUT0)
                                                      0.053     0.998 r  u_top/g_mmcm.u_mmcm/CLKOUT0
                         net (fo=1, routed)           0.595     1.593    u_top_n_1799
    BUFGCTRL_X0Y0        BUFG (Prop_bufg_I_O)         0.029     1.622 r  bank_gen[3].mem_reg_i_1/O
                         net (fo=61310, routed)       1.045     2.666    u_top/u_core/u_b/u_b_core/core/core/l3/mac/mac/clk_200
    SLICE_X19Y47         FDRE                                         r  u_top/u_core/u_b/u_b_core/core/core/l3/mac/mac/tree_stage[2].channel[7].node[0].pair.sums_q_reg[2][7][0][3]/C
                         clock pessimism             -0.292     2.374    
    SLICE_X19Y47         FDRE (Hold_fdre_C_D)         0.105     2.479    u_top/u_core/u_b/u_b_core/core/core/l3/mac/mac/tree_stage[2].channel[7].node[0].pair.sums_q_reg[2][7][0][3]
  -------------------------------------------------------------------
                         required time                         -2.479    
                         arrival time                           2.543    
  -------------------------------------------------------------------
                         slack                                  0.064    

Slack (MET) :             0.065ns  (arrival time - required time)
  Source:                 u_top/u_core/u_b/u_b_core/core/core/l5/mac/mac/tree_stage[2].channel[1].node[5].pair.sums_q_reg[2][1][5][15]/C
                            (rising edge-triggered cell FDRE clocked by u_top_n_1799  {rise@0.000ns fall@2.500ns period=5.000ns})
  Destination:            u_top/u_core/u_b/u_b_core/core/core/l5/mac/mac/tree_stage[3].channel[1].node[2].pair.sums_q_reg[3][1][2][20]/D
                            (rising edge-triggered cell FDRE clocked by u_top_n_1799  {rise@0.000ns fall@2.500ns period=5.000ns})
  Path Group:             u_top_n_1799
  Path Type:              Hold (Min at Fast Process Corner)
  Requirement:            0.000ns  (u_top_n_1799 rise@0.000ns - u_top_n_1799 rise@0.000ns)
  Data Path Delay:        0.468ns  (logic 0.388ns (82.881%)  route 0.080ns (17.119%))
  Logic Levels:           4  (CARRY4=3 LUT2=1)
  Clock Path Skew:        0.269ns (DCD - SCD - CPR)
    Destination Clock Delay (DCD):    2.472ns
    Source Clock Delay      (SCD):    1.920ns
    Clock Pessimism Removal (CPR):    0.284ns

    Location             Delay type                Incr(ns)  Path(ns)    Netlist Resource(s)
  -------------------------------------------------------------------    -------------------
                         (clock u_top_n_1799 rise edge)
                                                      0.000     0.000 r  
    W19                                               0.000     0.000 r  sys_clk (IN)
                         net (fo=0)                   0.000     0.000    sys_clk
    W19                  IBUF (Prop_ibuf_I_O)         0.277     0.277 r  sys_clk_IBUF_inst/O
                         net (fo=1, routed)           0.440     0.717    u_top/sys_clk_IBUF
    MMCME2_ADV_X0Y2      MMCME2_ADV (Prop_mmcme2_adv_CLKIN1_CLKOUT0)
                                                      0.050     0.767 r  u_top/g_mmcm.u_mmcm/CLKOUT0
                         net (fo=1, routed)           0.545     1.312    u_top_n_1799
    BUFGCTRL_X0Y0        BUFG (Prop_bufg_I_O)         0.026     1.338 r  bank_gen[3].mem_reg_i_1/O
                         net (fo=61310, routed)       0.582     1.920    u_top/u_core/u_b/u_b_core/core/core/l5/mac/mac/clk_200
    SLICE_X99Y148        FDRE                                         r  u_top/u_core/u_b/u_b_core/core/core/l5/mac/mac/tree_stage[2].channel[1].node[5].pair.sums_q_reg[2][1][5][15]/C
  -------------------------------------------------------------------    -------------------
    SLICE_X99Y148        FDRE (Prop_fdre_C_Q)         0.141     2.061 r  u_top/u_core/u_b/u_b_core/core/core/l5/mac/mac/tree_stage[2].channel[1].node[5].pair.sums_q_reg[2][1][5][15]/Q
                         net (fo=1, routed)           0.079     2.140    u_top/u_core/u_b/u_b_core/core/core/l5/mac/mac/tree_stage[2].channel[1].node[5].pair.sums_q_reg[2][1][5]_364[15]
    SLICE_X98Y148        LUT2 (Prop_lut2_I1_O)        0.045     2.185 r  u_top/u_core/u_b/u_b_core/core/core/l5/mac/mac/tree_stage[3].channel[1].node[2].pair.sums_q[3][1][2][15]_i_2/O
                         net (fo=1, routed)           0.000     2.185    u_top/u_core/u_b/u_b_core/core/core/l5/mac/mac/tree_stage[3].channel[1].node[2].pair.sums_q[3][1][2][15]_i_2_n_0
    SLICE_X98Y148        CARRY4 (Prop_carry4_S[3]_CO[3])
                                                      0.109     2.294 r  u_top/u_core/u_b/u_b_core/core/core/l5/mac/mac/tree_stage[3].channel[1].node[2].pair.sums_q_reg[3][1][2][15]_i_1/CO[3]
                         net (fo=1, routed)           0.000     2.294    u_top/u_core/u_b/u_b_core/core/core/l5/mac/mac/tree_stage[3].channel[1].node[2].pair.sums_q_reg[3][1][2][15]_i_1_n_0
    SLICE_X98Y149        CARRY4 (Prop_carry4_CI_CO[3])
                                                      0.040     2.334 r  u_top/u_core/u_b/u_b_core/core/core/l5/mac/mac/tree_stage[3].channel[1].node[2].pair.sums_q_reg[3][1][2][19]_i_1/CO[3]
                         net (fo=1, routed)           0.001     2.335    u_top/u_core/u_b/u_b_core/core/core/l5/mac/mac/tree_stage[3].channel[1].node[2].pair.sums_q_reg[3][1][2][19]_i_1_n_0
    SLICE_X98Y150        CARRY4 (Prop_carry4_CI_O[0])
                                                      0.053     2.388 r  u_top/u_core/u_b/u_b_core/core/core/l5/mac/mac/tree_stage[3].channel[1].node[2].pair.sums_q_reg[3][1][2][23]_i_1/O[0]
                         net (fo=1, routed)           0.000     2.388    u_top/u_core/u_b/u_b_core/core/core/l5/mac/mac/tree_stage[3].channel[1].node[2].pair.added[20]
    SLICE_X98Y150        FDRE                                         r  u_top/u_core/u_b/u_b_core/core/core/l5/mac/mac/tree_stage[3].channel[1].node[2].pair.sums_q_reg[3][1][2][20]/D
  -------------------------------------------------------------------    -------------------

                         (clock u_top_n_1799 rise edge)
                                                      0.000     0.000 r  
    W19                                               0.000     0.000 r  sys_clk (IN)
                         net (fo=0)                   0.000     0.000    sys_clk
    W19                  IBUF (Prop_ibuf_I_O)         0.465     0.465 r  sys_clk_IBUF_inst/O
                         net (fo=1, routed)           0.480     0.945    u_top/sys_clk_IBUF
    MMCME2_ADV_X0Y2      MMCME2_ADV (Prop_mmcme2_adv_CLKIN1_CLKOUT0)
                                                      0.053     0.998 r  u_top/g_mmcm.u_mmcm/CLKOUT0
                         net (fo=1, routed)           0.595     1.593    u_top_n_1799
    BUFGCTRL_X0Y0        BUFG (Prop_bufg_I_O)         0.029     1.622 r  bank_gen[3].mem_reg_i_1/O
                         net (fo=61310, routed)       0.850     2.472    u_top/u_core/u_b/u_b_core/core/core/l5/mac/mac/clk_200
    SLICE_X98Y150        FDRE                                         r  u_top/u_core/u_b/u_b_core/core/core/l5/mac/mac/tree_stage[3].channel[1].node[2].pair.sums_q_reg[3][1][2][20]/C
                         clock pessimism             -0.284     2.188    
    SLICE_X98Y150        FDRE (Hold_fdre_C_D)         0.134     2.322    u_top/u_core/u_b/u_b_core/core/core/l5/mac/mac/tree_stage[3].channel[1].node[2].pair.sums_q_reg[3][1][2][20]
  -------------------------------------------------------------------
                         required time                         -2.322    
                         arrival time                           2.388    
  -------------------------------------------------------------------
                         slack                                  0.065    

Slack (MET) :             0.066ns  (arrival time - required time)
  Source:                 u_top/u_core/u_b/u_b_core/core/core/l5/mac/mac/tree_stage[5].channel[0].node[1].pair.sums_q_reg[5][0][1][21]/C
                            (rising edge-triggered cell FDRE clocked by u_top_n_1799  {rise@0.000ns fall@2.500ns period=5.000ns})
  Destination:            u_top/u_core/u_b/u_b_core/core/core/l5/mac/mac/tree_stage[6].channel[0].node[0].pair.sums_q_reg[6][0][0][21]/D
                            (rising edge-triggered cell FDRE clocked by u_top_n_1799  {rise@0.000ns fall@2.500ns period=5.000ns})
  Path Group:             u_top_n_1799
  Path Type:              Hold (Min at Fast Process Corner)
  Requirement:            0.000ns  (u_top_n_1799 rise@0.000ns - u_top_n_1799 rise@0.000ns)
  Data Path Delay:        0.443ns  (logic 0.274ns (61.870%)  route 0.169ns (38.130%))
  Logic Levels:           2  (CARRY4=1 LUT2=1)
  Clock Path Skew:        0.272ns (DCD - SCD - CPR)
    Destination Clock Delay (DCD):    2.472ns
    Source Clock Delay      (SCD):    1.917ns
    Clock Pessimism Removal (CPR):    0.284ns

    Location             Delay type                Incr(ns)  Path(ns)    Netlist Resource(s)
  -------------------------------------------------------------------    -------------------
                         (clock u_top_n_1799 rise edge)
                                                      0.000     0.000 r  
    W19                                               0.000     0.000 r  sys_clk (IN)
                         net (fo=0)                   0.000     0.000    sys_clk
    W19                  IBUF (Prop_ibuf_I_O)         0.277     0.277 r  sys_clk_IBUF_inst/O
                         net (fo=1, routed)           0.440     0.717    u_top/sys_clk_IBUF
    MMCME2_ADV_X0Y2      MMCME2_ADV (Prop_mmcme2_adv_CLKIN1_CLKOUT0)
                                                      0.050     0.767 r  u_top/g_mmcm.u_mmcm/CLKOUT0
                         net (fo=1, routed)           0.545     1.312    u_top_n_1799
    BUFGCTRL_X0Y0        BUFG (Prop_bufg_I_O)         0.026     1.338 r  bank_gen[3].mem_reg_i_1/O
                         net (fo=61310, routed)       0.579     1.917    u_top/u_core/u_b/u_b_core/core/core/l5/mac/mac/clk_200
    SLICE_X92Y150        FDRE                                         r  u_top/u_core/u_b/u_b_core/core/core/l5/mac/mac/tree_stage[5].channel[0].node[1].pair.sums_q_reg[5][0][1][21]/C
  -------------------------------------------------------------------    -------------------
    SLICE_X92Y150        FDRE (Prop_fdre_C_Q)         0.164     2.081 r  u_top/u_core/u_b/u_b_core/core/core/l5/mac/mac/tree_stage[5].channel[0].node[1].pair.sums_q_reg[5][0][1][21]/Q
                         net (fo=1, routed)           0.169     2.250    u_top/u_core/u_b/u_b_core/core/core/l5/mac/mac/tree_stage[5].channel[0].node[1].pair.sums_q_reg[5][0][1]_456[21]
    SLICE_X93Y149        LUT2 (Prop_lut2_I1_O)        0.045     2.295 r  u_top/u_core/u_b/u_b_core/core/core/l5/mac/mac/tree_stage[6].channel[0].node[0].pair.sums_q[6][0][0][23]_i_4/O
                         net (fo=1, routed)           0.000     2.295    u_top/u_core/u_b/u_b_core/core/core/l5/mac/mac/tree_stage[6].channel[0].node[0].pair.sums_q[6][0][0][23]_i_4_n_0
    SLICE_X93Y149        CARRY4 (Prop_carry4_S[1]_O[1])
                                                      0.065     2.360 r  u_top/u_core/u_b/u_b_core/core/core/l5/mac/mac/tree_stage[6].channel[0].node[0].pair.sums_q_reg[6][0][0][23]_i_1/O[1]
                         net (fo=1, routed)           0.000     2.360    u_top/u_core/u_b/u_b_core/core/core/l5/mac/mac/tree_stage[6].channel[0].node[0].pair.added[21]
    SLICE_X93Y149        FDRE                                         r  u_top/u_core/u_b/u_b_core/core/core/l5/mac/mac/tree_stage[6].channel[0].node[0].pair.sums_q_reg[6][0][0][21]/D
  -------------------------------------------------------------------    -------------------

                         (clock u_top_n_1799 rise edge)
                                                      0.000     0.000 r  
    W19                                               0.000     0.000 r  sys_clk (IN)
                         net (fo=0)                   0.000     0.000    sys_clk
    W19                  IBUF (Prop_ibuf_I_O)         0.465     0.465 r  sys_clk_IBUF_inst/O
                         net (fo=1, routed)           0.480     0.945    u_top/sys_clk_IBUF
    MMCME2_ADV_X0Y2      MMCME2_ADV (Prop_mmcme2_adv_CLKIN1_CLKOUT0)
                                                      0.053     0.998 r  u_top/g_mmcm.u_mmcm/CLKOUT0
                         net (fo=1, routed)           0.595     1.593    u_top_n_1799
    BUFGCTRL_X0Y0        BUFG (Prop_bufg_I_O)         0.029     1.622 r  bank_gen[3].mem_reg_i_1/O
                         net (fo=61310, routed)       0.851     2.472    u_top/u_core/u_b/u_b_core/core/core/l5/mac/mac/clk_200
    SLICE_X93Y149        FDRE                                         r  u_top/u_core/u_b/u_b_core/core/core/l5/mac/mac/tree_stage[6].channel[0].node[0].pair.sums_q_reg[6][0][0][21]/C
                         clock pessimism             -0.284     2.189    
    SLICE_X93Y149        FDRE (Hold_fdre_C_D)         0.105     2.294    u_top/u_core/u_b/u_b_core/core/core/l5/mac/mac/tree_stage[6].channel[0].node[0].pair.sums_q_reg[6][0][0][21]
  -------------------------------------------------------------------
                         required time                         -2.294    
                         arrival time                           2.360    
  -------------------------------------------------------------------
                         slack                                  0.066    

Slack (MET) :             0.067ns  (arrival time - required time)
  Source:                 u_top/u_core/u_b/u_b_core/core/core/l5/mac/mac/tree_stage[4].channel[1].node[3].single.sums_q_reg[4][1][3][4]/C
                            (rising edge-triggered cell FDRE clocked by u_top_n_1799  {rise@0.000ns fall@2.500ns period=5.000ns})
  Destination:            u_top/u_core/u_b/u_b_core/core/core/l5/mac/mac/tree_stage[5].channel[1].node[1].pair.sums_q_reg[5][1][1][4]/D
                            (rising edge-triggered cell FDRE clocked by u_top_n_1799  {rise@0.000ns fall@2.500ns period=5.000ns})
  Path Group:             u_top_n_1799
  Path Type:              Hold (Min at Fast Process Corner)
  Requirement:            0.000ns  (u_top_n_1799 rise@0.000ns - u_top_n_1799 rise@0.000ns)
  Data Path Delay:        0.444ns  (logic 0.279ns (62.857%)  route 0.165ns (37.143%))
  Logic Levels:           2  (CARRY4=1 LUT2=1)
  Clock Path Skew:        0.272ns (DCD - SCD - CPR)
    Destination Clock Delay (DCD):    2.458ns
    Source Clock Delay      (SCD):    1.903ns
    Clock Pessimism Removal (CPR):    0.284ns

    Location             Delay type                Incr(ns)  Path(ns)    Netlist Resource(s)
  -------------------------------------------------------------------    -------------------
                         (clock u_top_n_1799 rise edge)
                                                      0.000     0.000 r  
    W19                                               0.000     0.000 r  sys_clk (IN)
                         net (fo=0)                   0.000     0.000    sys_clk
    W19                  IBUF (Prop_ibuf_I_O)         0.277     0.277 r  sys_clk_IBUF_inst/O
                         net (fo=1, routed)           0.440     0.717    u_top/sys_clk_IBUF
    MMCME2_ADV_X0Y2      MMCME2_ADV (Prop_mmcme2_adv_CLKIN1_CLKOUT0)
                                                      0.050     0.767 r  u_top/g_mmcm.u_mmcm/CLKOUT0
                         net (fo=1, routed)           0.545     1.312    u_top_n_1799
    BUFGCTRL_X0Y0        BUFG (Prop_bufg_I_O)         0.026     1.338 r  bank_gen[3].mem_reg_i_1/O
                         net (fo=61310, routed)       0.565     1.903    u_top/u_core/u_b/u_b_core/core/core/l5/mac/mac/clk_200
    SLICE_X84Y150        FDRE                                         r  u_top/u_core/u_b/u_b_core/core/core/l5/mac/mac/tree_stage[4].channel[1].node[3].single.sums_q_reg[4][1][3][4]/C
  -------------------------------------------------------------------    -------------------
    SLICE_X84Y150        FDRE (Prop_fdre_C_Q)         0.164     2.067 r  u_top/u_core/u_b/u_b_core/core/core/l5/mac/mac/tree_stage[4].channel[1].node[3].single.sums_q_reg[4][1][3][4]/Q
                         net (fo=1, routed)           0.165     2.232    u_top/u_core/u_b/u_b_core/core/core/l5/mac/mac/tree_stage[4].channel[1].node[3].single.sums_q_reg[4][1][3]_422[4]
    SLICE_X85Y149        LUT2 (Prop_lut2_I1_O)        0.045     2.277 r  u_top/u_core/u_b/u_b_core/core/core/l5/mac/mac/tree_stage[5].channel[1].node[1].pair.sums_q[5][1][1][7]_i_5/O
                         net (fo=1, routed)           0.000     2.277    u_top/u_core/u_b/u_b_core/core/core/l5/mac/mac/tree_stage[5].channel[1].node[1].pair.sums_q[5][1][1][7]_i_5_n_0
    SLICE_X85Y149        CARRY4 (Prop_carry4_S[0]_O[0])
                                                      0.070     2.347 r  u_top/u_core/u_b/u_b_core/core/core/l5/mac/mac/tree_stage[5].channel[1].node[1].pair.sums_q_reg[5][1][1][7]_i_1/O[0]
                         net (fo=1, routed)           0.000     2.347    u_top/u_core/u_b/u_b_core/core/core/l5/mac/mac/tree_stage[5].channel[1].node[1].pair.added[4]
    SLICE_X85Y149        FDRE                                         r  u_top/u_core/u_b/u_b_core/core/core/l5/mac/mac/tree_stage[5].channel[1].node[1].pair.sums_q_reg[5][1][1][4]/D
  -------------------------------------------------------------------    -------------------

                         (clock u_top_n_1799 rise edge)
                                                      0.000     0.000 r  
    W19                                               0.000     0.000 r  sys_clk (IN)
                         net (fo=0)                   0.000     0.000    sys_clk
    W19                  IBUF (Prop_ibuf_I_O)         0.465     0.465 r  sys_clk_IBUF_inst/O
                         net (fo=1, routed)           0.480     0.945    u_top/sys_clk_IBUF
    MMCME2_ADV_X0Y2      MMCME2_ADV (Prop_mmcme2_adv_CLKIN1_CLKOUT0)
                                                      0.053     0.998 r  u_top/g_mmcm.u_mmcm/CLKOUT0
                         net (fo=1, routed)           0.595     1.593    u_top_n_1799
    BUFGCTRL_X0Y0        BUFG (Prop_bufg_I_O)         0.029     1.622 r  bank_gen[3].mem_reg_i_1/O
                         net (fo=61310, routed)       0.837     2.458    u_top/u_core/u_b/u_b_core/core/core/l5/mac/mac/clk_200
    SLICE_X85Y149        FDRE                                         r  u_top/u_core/u_b/u_b_core/core/core/l5/mac/mac/tree_stage[5].channel[1].node[1].pair.sums_q_reg[5][1][1][4]/C
                         clock pessimism             -0.284     2.175    
    SLICE_X85Y149        FDRE (Hold_fdre_C_D)         0.105     2.280    u_top/u_core/u_b/u_b_core/core/core/l5/mac/mac/tree_stage[5].channel[1].node[1].pair.sums_q_reg[5][1][1][4]
  -------------------------------------------------------------------
                         required time                         -2.280    
                         arrival time                           2.347    
  -------------------------------------------------------------------
                         slack                                  0.067    

Slack (MET) :             0.068ns  (arrival time - required time)
  Source:                 u_top/u_core/u_b/u_b_core/core/core/l5/mac/mac/tree_stage[2].channel[0].node[11].pair.sums_q_reg[2][0][11][2]/C
                            (rising edge-triggered cell FDRE clocked by u_top_n_1799  {rise@0.000ns fall@2.500ns period=5.000ns})
  Destination:            u_top/u_core/u_b/u_b_core/core/core/l5/mac/mac/tree_stage[3].channel[0].node[5].pair.sums_q_reg[3][0][5][2]/D
                            (rising edge-triggered cell FDRE clocked by u_top_n_1799  {rise@0.000ns fall@2.500ns period=5.000ns})
  Path Group:             u_top_n_1799
  Path Type:              Hold (Min at Fast Process Corner)
  Requirement:            0.000ns  (u_top_n_1799 rise@0.000ns - u_top_n_1799 rise@0.000ns)
  Data Path Delay:        0.476ns  (logic 0.251ns (52.777%)  route 0.225ns (47.223%))
  Logic Levels:           2  (CARRY4=1 LUT2=1)
  Clock Path Skew:        0.274ns (DCD - SCD - CPR)
    Destination Clock Delay (DCD):    2.459ns
    Source Clock Delay      (SCD):    1.902ns
    Clock Pessimism Removal (CPR):    0.284ns

    Location             Delay type                Incr(ns)  Path(ns)    Netlist Resource(s)
  -------------------------------------------------------------------    -------------------
                         (clock u_top_n_1799 rise edge)
                                                      0.000     0.000 r  
    W19                                               0.000     0.000 r  sys_clk (IN)
                         net (fo=0)                   0.000     0.000    sys_clk
    W19                  IBUF (Prop_ibuf_I_O)         0.277     0.277 r  sys_clk_IBUF_inst/O
                         net (fo=1, routed)           0.440     0.717    u_top/sys_clk_IBUF
    MMCME2_ADV_X0Y2      MMCME2_ADV (Prop_mmcme2_adv_CLKIN1_CLKOUT0)
                                                      0.050     0.767 r  u_top/g_mmcm.u_mmcm/CLKOUT0
                         net (fo=1, routed)           0.545     1.312    u_top_n_1799
    BUFGCTRL_X0Y0        BUFG (Prop_bufg_I_O)         0.026     1.338 r  bank_gen[3].mem_reg_i_1/O
                         net (fo=61310, routed)       0.564     1.902    u_top/u_core/u_b/u_b_core/core/core/l5/mac/mac/clk_200
    SLICE_X78Y155        FDRE                                         r  u_top/u_core/u_b/u_b_core/core/core/l5/mac/mac/tree_stage[2].channel[0].node[11].pair.sums_q_reg[2][0][11][2]/C
  -------------------------------------------------------------------    -------------------
    SLICE_X78Y155        FDRE (Prop_fdre_C_Q)         0.141     2.043 r  u_top/u_core/u_b/u_b_core/core/core/l5/mac/mac/tree_stage[2].channel[0].node[11].pair.sums_q_reg[2][0][11][2]/Q
                         net (fo=1, routed)           0.225     2.267    u_top/u_core/u_b/u_b_core/core/core/l5/mac/mac/tree_stage[2].channel[0].node[11].pair.sums_q_reg[2][0][11]_377[2]
    SLICE_X80Y149        LUT2 (Prop_lut2_I1_O)        0.045     2.312 r  u_top/u_core/u_b/u_b_core/core/core/l5/mac/mac/tree_stage[3].channel[0].node[5].pair.sums_q[3][0][5][3]_i_3/O
                         net (fo=1, routed)           0.000     2.312    u_top/u_core/u_b/u_b_core/core/core/l5/mac/mac/tree_stage[3].channel[0].node[5].pair.sums_q[3][0][5][3]_i_3_n_0
    SLICE_X80Y149        CARRY4 (Prop_carry4_S[2]_O[2])
                                                      0.065     2.377 r  u_top/u_core/u_b/u_b_core/core/core/l5/mac/mac/tree_stage[3].channel[0].node[5].pair.sums_q_reg[3][0][5][3]_i_1/O[2]
                         net (fo=1, routed)           0.000     2.377    u_top/u_core/u_b/u_b_core/core/core/l5/mac/mac/tree_stage[3].channel[0].node[5].pair.added[2]
    SLICE_X80Y149        FDRE                                         r  u_top/u_core/u_b/u_b_core/core/core/l5/mac/mac/tree_stage[3].channel[0].node[5].pair.sums_q_reg[3][0][5][2]/D
  -------------------------------------------------------------------    -------------------

                         (clock u_top_n_1799 rise edge)
                                                      0.000     0.000 r  
    W19                                               0.000     0.000 r  sys_clk (IN)
                         net (fo=0)                   0.000     0.000    sys_clk
    W19                  IBUF (Prop_ibuf_I_O)         0.465     0.465 r  sys_clk_IBUF_inst/O
                         net (fo=1, routed)           0.480     0.945    u_top/sys_clk_IBUF
    MMCME2_ADV_X0Y2      MMCME2_ADV (Prop_mmcme2_adv_CLKIN1_CLKOUT0)
                                                      0.053     0.998 r  u_top/g_mmcm.u_mmcm/CLKOUT0
                         net (fo=1, routed)           0.595     1.593    u_top_n_1799
    BUFGCTRL_X0Y0        BUFG (Prop_bufg_I_O)         0.029     1.622 r  bank_gen[3].mem_reg_i_1/O
                         net (fo=61310, routed)       0.838     2.459    u_top/u_core/u_b/u_b_core/core/core/l5/mac/mac/clk_200
    SLICE_X80Y149        FDRE                                         r  u_top/u_core/u_b/u_b_core/core/core/l5/mac/mac/tree_stage[3].channel[0].node[5].pair.sums_q_reg[3][0][5][2]/C
                         clock pessimism             -0.284     2.176    
    SLICE_X80Y149        FDRE (Hold_fdre_C_D)         0.134     2.310    u_top/u_core/u_b/u_b_core/core/core/l5/mac/mac/tree_stage[3].channel[0].node[5].pair.sums_q_reg[3][0][5][2]
  -------------------------------------------------------------------
                         required time                         -2.310    
                         arrival time                           2.377    
  -------------------------------------------------------------------
                         slack                                  0.068    

Slack (MET) :             0.068ns  (arrival time - required time)
  Source:                 u_top/u_core/u_b/u_b_core/core/core/l5/gk.frontend/win/shift_reg[1][70]/C
                            (rising edge-triggered cell FDRE clocked by u_top_n_1799  {rise@0.000ns fall@2.500ns period=5.000ns})
  Destination:            u_top/u_core/u_b/u_b_core/core/core/l5/gk.frontend/win/shift_reg[0][70]/D
                            (rising edge-triggered cell FDRE clocked by u_top_n_1799  {rise@0.000ns fall@2.500ns period=5.000ns})
  Path Group:             u_top_n_1799
  Path Type:              Hold (Min at Fast Process Corner)
  Requirement:            0.000ns  (u_top_n_1799 rise@0.000ns - u_top_n_1799 rise@0.000ns)
  Data Path Delay:        0.335ns  (logic 0.141ns (42.144%)  route 0.194ns (57.856%))
  Logic Levels:           0  
  Clock Path Skew:        0.200ns (DCD - SCD - CPR)
    Destination Clock Delay (DCD):    2.485ns
    Source Clock Delay      (SCD):    1.996ns
    Clock Pessimism Removal (CPR):    0.289ns

    Location             Delay type                Incr(ns)  Path(ns)    Netlist Resource(s)
  -------------------------------------------------------------------    -------------------
                         (clock u_top_n_1799 rise edge)
                                                      0.000     0.000 r  
    W19                                               0.000     0.000 r  sys_clk (IN)
                         net (fo=0)                   0.000     0.000    sys_clk
    W19                  IBUF (Prop_ibuf_I_O)         0.277     0.277 r  sys_clk_IBUF_inst/O
                         net (fo=1, routed)           0.440     0.717    u_top/sys_clk_IBUF
    MMCME2_ADV_X0Y2      MMCME2_ADV (Prop_mmcme2_adv_CLKIN1_CLKOUT0)
                                                      0.050     0.767 r  u_top/g_mmcm.u_mmcm/CLKOUT0
                         net (fo=1, routed)           0.545     1.312    u_top_n_1799
    BUFGCTRL_X0Y0        BUFG (Prop_bufg_I_O)         0.026     1.338 r  bank_gen[3].mem_reg_i_1/O
                         net (fo=61310, routed)       0.658     1.996    u_top/u_core/u_b/u_b_core/core/core/l5/gk.frontend/win/clk_200
    SLICE_X113Y94        FDRE                                         r  u_top/u_core/u_b/u_b_core/core/core/l5/gk.frontend/win/shift_reg[1][70]/C
  -------------------------------------------------------------------    -------------------
    SLICE_X113Y94        FDRE (Prop_fdre_C_Q)         0.141     2.137 r  u_top/u_core/u_b/u_b_core/core/core/l5/gk.frontend/win/shift_reg[1][70]/Q
                         net (fo=2, routed)           0.194     2.331    u_top/u_core/u_b/u_b_core/core/core/l5/gk.frontend/win/window_flat[326]
    SLICE_X114Y100       FDRE                                         r  u_top/u_core/u_b/u_b_core/core/core/l5/gk.frontend/win/shift_reg[0][70]/D
  -------------------------------------------------------------------    -------------------

                         (clock u_top_n_1799 rise edge)
                                                      0.000     0.000 r  
    W19                                               0.000     0.000 r  sys_clk (IN)
                         net (fo=0)                   0.000     0.000    sys_clk
    W19                  IBUF (Prop_ibuf_I_O)         0.465     0.465 r  sys_clk_IBUF_inst/O
                         net (fo=1, routed)           0.480     0.945    u_top/sys_clk_IBUF
    MMCME2_ADV_X0Y2      MMCME2_ADV (Prop_mmcme2_adv_CLKIN1_CLKOUT0)
                                                      0.053     0.998 r  u_top/g_mmcm.u_mmcm/CLKOUT0
                         net (fo=1, routed)           0.595     1.593    u_top_n_1799
    BUFGCTRL_X0Y0        BUFG (Prop_bufg_I_O)         0.029     1.622 r  bank_gen[3].mem_reg_i_1/O
                         net (fo=61310, routed)       0.864     2.485    u_top/u_core/u_b/u_b_core/core/core/l5/gk.frontend/win/clk_200
    SLICE_X114Y100       FDRE                                         r  u_top/u_core/u_b/u_b_core/core/core/l5/gk.frontend/win/shift_reg[0][70]/C
                         clock pessimism             -0.289     2.197    
    SLICE_X114Y100       FDRE (Hold_fdre_C_D)         0.066     2.263    u_top/u_core/u_b/u_b_core/core/core/l5/gk.frontend/win/shift_reg[0][70]
  -------------------------------------------------------------------
                         required time                         -2.263    
                         arrival time                           2.331    
  -------------------------------------------------------------------
                         slack                                  0.068    

Slack (MET) :             0.071ns  (arrival time - required time)
  Source:                 u_top/u_core/u_b/u_b_core/core/core/l5/gk.frontend/win/shift_reg[15][176]/C
                            (rising edge-triggered cell FDRE clocked by u_top_n_1799  {rise@0.000ns fall@2.500ns period=5.000ns})
  Destination:            u_top/u_core/u_b/u_b_core/core/core/l5/gk.frontend/fifo/g_wide_read.g_read_slice[62].mem_slice_reg_0_3_48_53/RAMA/I
                            (rising edge-triggered cell RAMD32 clocked by u_top_n_1799  {rise@0.000ns fall@2.500ns period=5.000ns})
  Path Group:             u_top_n_1799
  Path Type:              Hold (Min at Fast Process Corner)
  Requirement:            0.000ns  (u_top_n_1799 rise@0.000ns - u_top_n_1799 rise@0.000ns)
  Data Path Delay:        0.256ns  (logic 0.141ns (55.136%)  route 0.115ns (44.864%))
  Logic Levels:           0  
  Clock Path Skew:        0.038ns (DCD - SCD - CPR)
    Destination Clock Delay (DCD):    2.557ns
    Source Clock Delay      (SCD):    1.998ns
    Clock Pessimism Removal (CPR):    0.521ns

    Location             Delay type                Incr(ns)  Path(ns)    Netlist Resource(s)
  -------------------------------------------------------------------    -------------------
                         (clock u_top_n_1799 rise edge)
                                                      0.000     0.000 r  
    W19                                               0.000     0.000 r  sys_clk (IN)
                         net (fo=0)                   0.000     0.000    sys_clk
    W19                  IBUF (Prop_ibuf_I_O)         0.277     0.277 r  sys_clk_IBUF_inst/O
                         net (fo=1, routed)           0.440     0.717    u_top/sys_clk_IBUF
    MMCME2_ADV_X0Y2      MMCME2_ADV (Prop_mmcme2_adv_CLKIN1_CLKOUT0)
                                                      0.050     0.767 r  u_top/g_mmcm.u_mmcm/CLKOUT0
                         net (fo=1, routed)           0.545     1.312    u_top_n_1799
    BUFGCTRL_X0Y0        BUFG (Prop_bufg_I_O)         0.026     1.338 r  bank_gen[3].mem_reg_i_1/O
                         net (fo=61310, routed)       0.660     1.998    u_top/u_core/u_b/u_b_core/core/core/l5/gk.frontend/win/clk_200
    SLICE_X129Y96        FDRE                                         r  u_top/u_core/u_b/u_b_core/core/core/l5/gk.frontend/win/shift_reg[15][176]/C
  -------------------------------------------------------------------    -------------------
    SLICE_X129Y96        FDRE (Prop_fdre_C_Q)         0.141     2.139 r  u_top/u_core/u_b/u_b_core/core/core/l5/gk.frontend/win/shift_reg[15][176]/Q
                         net (fo=1, routed)           0.115     2.254    u_top/u_core/u_b/u_b_core/core/core/l5/gk.frontend/fifo/g_wide_read.g_read_slice[62].mem_slice_reg_0_3_48_53/DIA0
    SLICE_X132Y96        RAMD32                                       r  u_top/u_core/u_b/u_b_core/core/core/l5/gk.frontend/fifo/g_wide_read.g_read_slice[62].mem_slice_reg_0_3_48_53/RAMA/I
  -------------------------------------------------------------------    -------------------

                         (clock u_top_n_1799 rise edge)
                                                      0.000     0.000 r  
    W19                                               0.000     0.000 r  sys_clk (IN)
                         net (fo=0)                   0.000     0.000    sys_clk
    W19                  IBUF (Prop_ibuf_I_O)         0.465     0.465 r  sys_clk_IBUF_inst/O
                         net (fo=1, routed)           0.480     0.945    u_top/sys_clk_IBUF
    MMCME2_ADV_X0Y2      MMCME2_ADV (Prop_mmcme2_adv_CLKIN1_CLKOUT0)
                                                      0.053     0.998 r  u_top/g_mmcm.u_mmcm/CLKOUT0
                         net (fo=1, routed)           0.595     1.593    u_top_n_1799
    BUFGCTRL_X0Y0        BUFG (Prop_bufg_I_O)         0.029     1.622 r  bank_gen[3].mem_reg_i_1/O
                         net (fo=61310, routed)       0.936     2.557    u_top/u_core/u_b/u_b_core/core/core/l5/gk.frontend/fifo/g_wide_read.g_read_slice[62].mem_slice_reg_0_3_48_53/WCLK
    SLICE_X132Y96        RAMD32                                       r  u_top/u_core/u_b/u_b_core/core/core/l5/gk.frontend/fifo/g_wide_read.g_read_slice[62].mem_slice_reg_0_3_48_53/RAMA/CLK
                         clock pessimism             -0.521     2.036    
    SLICE_X132Y96        RAMD32 (Hold_ramd32_CLK_I)
                                                      0.147     2.183    u_top/u_core/u_b/u_b_core/core/core/l5/gk.frontend/fifo/g_wide_read.g_read_slice[62].mem_slice_reg_0_3_48_53/RAMA
  -------------------------------------------------------------------
                         required time                         -2.183    
                         arrival time                           2.254    
  -------------------------------------------------------------------
                         slack                                  0.071    





Pulse Width Checks
--------------------------------------------------------------------------------------
Clock Name:         u_top_n_1799
Waveform(ns):       { 0.000 2.500 }
Period(ns):         5.000
Sources:            { u_top/g_mmcm.u_mmcm/CLKOUT0 }

Check Type        Corner  Lib Pin             Reference Pin  Required(ns)  Actual(ns)  Slack(ns)  Location         Pin
Min Period        n/a     DSP48E1/CLK         n/a            3.272         5.000       1.728      DSP48_X6Y26      u_top/u_core/u_b/u_b_core/core/core/l1/post/units[0].post/prelu_product_s1_reg/CLK
Min Period        n/a     DSP48E1/CLK         n/a            3.272         5.000       1.728      DSP48_X5Y24      u_top/u_core/u_b/u_b_core/core/core/l1/post/units[1].post/prelu_product_s1_reg/CLK
Min Period        n/a     DSP48E1/CLK         n/a            3.272         5.000       1.728      DSP48_X4Y29      u_top/u_core/u_b/u_b_core/core/core/l1/post/units[1].post/requant_product_s5_reg/CLK
Min Period        n/a     DSP48E1/CLK         n/a            3.272         5.000       1.728      DSP48_X2Y30      u_top/u_core/u_b/u_b_core/core/core/l2/post/units[0].post/prelu_product_s1_reg/CLK
Min Period        n/a     DSP48E1/CLK         n/a            3.272         5.000       1.728      DSP48_X1Y29      u_top/u_core/u_b/u_b_core/core/core/l2/post/units[0].post/requant_product_s5_reg/CLK
Min Period        n/a     DSP48E1/CLK         n/a            3.272         5.000       1.728      DSP48_X2Y22      u_top/u_core/u_b/u_b_core/core/core/l3/post/units[0].post/prelu_product_s1_reg/CLK
Min Period        n/a     DSP48E1/CLK         n/a            3.272         5.000       1.728      DSP48_X0Y27      u_top/u_core/u_b/u_b_core/core/core/l3/post/units[0].post/requant_product_s5_reg/CLK
Min Period        n/a     DSP48E1/CLK         n/a            3.272         5.000       1.728      DSP48_X2Y39      u_top/u_core/u_b/u_b_core/core/core/l4/post/units[0].post/prelu_product_s1_reg/CLK
Min Period        n/a     DSP48E1/CLK         n/a            3.272         5.000       1.728      DSP48_X3Y37      u_top/u_core/u_b/u_b_core/core/core/l4/post/units[1].post/prelu_product_s1_reg/CLK
Min Period        n/a     DSP48E1/CLK         n/a            3.272         5.000       1.728      DSP48_X1Y67      u_top/u_core/u_b/u_b_core/core/core/l5/post/units[0].post/requant_product_s5_reg/CLK
Min Period        n/a     DSP48E1/CLK         n/a            3.272         5.000       1.728      DSP48_X0Y67      u_top/u_core/u_b/u_b_core/core/core/l5/post/units[0].post/requant_product_s5_reg__0/CLK
Min Period        n/a     DSP48E1/CLK         n/a            3.109         5.000       1.891      DSP48_X5Y29      u_top/u_core/u_b/u_b_core/core/core/l1/post/units[0].post/requant_product_s5_reg/CLK
Min Period        n/a     DSP48E1/CLK         n/a            3.109         5.000       1.891      DSP48_X6Y29      u_top/u_core/u_b/u_b_core/core/core/l1/post/units[0].post/requant_product_s5_reg__0/CLK
Min Period        n/a     DSP48E1/CLK         n/a            3.109         5.000       1.891      DSP48_X4Y26      u_top/u_core/u_b/u_b_core/core/core/l1/post/units[1].post/requant_product_s5_reg__0/CLK
Min Period        n/a     DSP48E1/CLK         n/a            3.109         5.000       1.891      DSP48_X1Y27      u_top/u_core/u_b/u_b_core/core/core/l2/post/units[0].post/requant_product_s5_reg__0/CLK
Min Period        n/a     DSP48E1/CLK         n/a            3.109         5.000       1.891      DSP48_X0Y29      u_top/u_core/u_b/u_b_core/core/core/l3/post/units[0].post/requant_product_s5_reg__0/CLK
Min Period        n/a     DSP48E1/CLK         n/a            3.109         5.000       1.891      DSP48_X2Y41      u_top/u_core/u_b/u_b_core/core/core/l4/post/units[0].post/requant_product_s5_reg/CLK
Min Period        n/a     DSP48E1/CLK         n/a            3.109         5.000       1.891      DSP48_X1Y42      u_top/u_core/u_b/u_b_core/core/core/l4/post/units[0].post/requant_product_s5_reg__0/CLK
Min Period        n/a     DSP48E1/CLK         n/a            3.109         5.000       1.891      DSP48_X0Y41      u_top/u_core/u_b/u_b_core/core/core/l4/post/units[1].post/requant_product_s5_reg/CLK
Min Period        n/a     DSP48E1/CLK         n/a            3.109         5.000       1.891      DSP48_X0Y43      u_top/u_core/u_b/u_b_core/core/core/l4/post/units[1].post/requant_product_s5_reg__0/CLK
Max Period        n/a     MMCME2_ADV/CLKOUT0  n/a            213.360       5.000       208.360    MMCME2_ADV_X0Y2  u_top/g_mmcm.u_mmcm/CLKOUT0
Low Pulse Width   Slow    RAMD32/CLK          n/a            1.130         2.500       1.370      SLICE_X84Y60     u_top/u_core/u_b/u_b_core/core/core/f12/g_narrow_read.mem_reg_0_31_0_5/RAMA/CLK
Low Pulse Width   Fast    RAMD32/CLK          n/a            1.130         2.500       1.370      SLICE_X84Y60     u_top/u_core/u_b/u_b_core/core/core/f12/g_narrow_read.mem_reg_0_31_0_5/RAMA/CLK
Low Pulse Width   Slow    RAMD32/CLK          n/a            1.130         2.500       1.370      SLICE_X84Y60     u_top/u_core/u_b/u_b_core/core/core/f12/g_narrow_read.mem_reg_0_31_0_5/RAMA_D1/CLK
Low Pulse Width   Fast    RAMD32/CLK          n/a            1.130         2.500       1.370      SLICE_X84Y60     u_top/u_core/u_b/u_b_core/core/core/f12/g_narrow_read.mem_reg_0_31_0_5/RAMA_D1/CLK
Low Pulse Width   Slow    RAMD32/CLK          n/a            1.130         2.500       1.370      SLICE_X84Y60     u_top/u_core/u_b/u_b_core/core/core/f12/g_narrow_read.mem_reg_0_31_0_5/RAMB/CLK
Low Pulse Width   Fast    RAMD32/CLK          n/a            1.130         2.500       1.370      SLICE_X84Y60     u_top/u_core/u_b/u_b_core/core/core/f12/g_narrow_read.mem_reg_0_31_0_5/RAMB/CLK
Low Pulse Width   Slow    RAMD32/CLK          n/a            1.130         2.500       1.370      SLICE_X84Y60     u_top/u_core/u_b/u_b_core/core/core/f12/g_narrow_read.mem_reg_0_31_0_5/RAMB_D1/CLK
Low Pulse Width   Fast    RAMD32/CLK          n/a            1.130         2.500       1.370      SLICE_X84Y60     u_top/u_core/u_b/u_b_core/core/core/f12/g_narrow_read.mem_reg_0_31_0_5/RAMB_D1/CLK
Low Pulse Width   Slow    RAMD32/CLK          n/a            1.130         2.500       1.370      SLICE_X84Y60     u_top/u_core/u_b/u_b_core/core/core/f12/g_narrow_read.mem_reg_0_31_0_5/RAMC/CLK
Low Pulse Width   Fast    RAMD32/CLK          n/a            1.130         2.500       1.370      SLICE_X84Y60     u_top/u_core/u_b/u_b_core/core/core/f12/g_narrow_read.mem_reg_0_31_0_5/RAMC/CLK
Low Pulse Width   Slow    RAMD32/CLK          n/a            1.130         2.500       1.370      SLICE_X84Y60     u_top/u_core/u_b/u_b_core/core/core/f12/g_narrow_read.mem_reg_0_31_0_5/RAMC_D1/CLK
Low Pulse Width   Fast    RAMD32/CLK          n/a            1.130         2.500       1.370      SLICE_X84Y60     u_top/u_core/u_b/u_b_core/core/core/f12/g_narrow_read.mem_reg_0_31_0_5/RAMC_D1/CLK
Low Pulse Width   Slow    RAMS32/CLK          n/a            1.130         2.500       1.370      SLICE_X84Y60     u_top/u_core/u_b/u_b_core/core/core/f12/g_narrow_read.mem_reg_0_31_0_5/RAMD/CLK
Low Pulse Width   Fast    RAMS32/CLK          n/a            1.130         2.500       1.370      SLICE_X84Y60     u_top/u_core/u_b/u_b_core/core/core/f12/g_narrow_read.mem_reg_0_31_0_5/RAMD/CLK
Low Pulse Width   Slow    RAMS32/CLK          n/a            1.130         2.500       1.370      SLICE_X84Y60     u_top/u_core/u_b/u_b_core/core/core/f12/g_narrow_read.mem_reg_0_31_0_5/RAMD_D1/CLK
Low Pulse Width   Fast    RAMS32/CLK          n/a            1.130         2.500       1.370      SLICE_X84Y60     u_top/u_core/u_b/u_b_core/core/core/f12/g_narrow_read.mem_reg_0_31_0_5/RAMD_D1/CLK
Low Pulse Width   Slow    RAMD32/CLK          n/a            1.130         2.500       1.370      SLICE_X80Y63     u_top/u_core/u_b/u_b_core/core/core/f12/g_narrow_read.mem_reg_0_31_102_107/RAMA/CLK
Low Pulse Width   Fast    RAMD32/CLK          n/a            1.130         2.500       1.370      SLICE_X80Y63     u_top/u_core/u_b/u_b_core/core/core/f12/g_narrow_read.mem_reg_0_31_102_107/RAMA/CLK
Low Pulse Width   Slow    RAMD32/CLK          n/a            1.130         2.500       1.370      SLICE_X80Y63     u_top/u_core/u_b/u_b_core/core/core/f12/g_narrow_read.mem_reg_0_31_102_107/RAMA_D1/CLK
Low Pulse Width   Fast    RAMD32/CLK          n/a            1.130         2.500       1.370      SLICE_X80Y63     u_top/u_core/u_b/u_b_core/core/core/f12/g_narrow_read.mem_reg_0_31_102_107/RAMA_D1/CLK
High Pulse Width  Slow    RAMD32/CLK          n/a            1.130         2.500       1.370      SLICE_X84Y60     u_top/u_core/u_b/u_b_core/core/core/f12/g_narrow_read.mem_reg_0_31_0_5/RAMA/CLK
High Pulse Width  Fast    RAMD32/CLK          n/a            1.130         2.500       1.370      SLICE_X84Y60     u_top/u_core/u_b/u_b_core/core/core/f12/g_narrow_read.mem_reg_0_31_0_5/RAMA/CLK
High Pulse Width  Slow    RAMD32/CLK          n/a            1.130         2.500       1.370      SLICE_X84Y60     u_top/u_core/u_b/u_b_core/core/core/f12/g_narrow_read.mem_reg_0_31_0_5/RAMA_D1/CLK
High Pulse Width  Fast    RAMD32/CLK          n/a            1.130         2.500       1.370      SLICE_X84Y60     u_top/u_core/u_b/u_b_core/core/core/f12/g_narrow_read.mem_reg_0_31_0_5/RAMA_D1/CLK
High Pulse Width  Slow    RAMD32/CLK          n/a            1.130         2.500       1.370      SLICE_X84Y60     u_top/u_core/u_b/u_b_core/core/core/f12/g_narrow_read.mem_reg_0_31_0_5/RAMB/CLK
High Pulse Width  Fast    RAMD32/CLK          n/a            1.130         2.500       1.370      SLICE_X84Y60     u_top/u_core/u_b/u_b_core/core/core/f12/g_narrow_read.mem_reg_0_31_0_5/RAMB/CLK
High Pulse Width  Slow    RAMD32/CLK          n/a            1.130         2.500       1.370      SLICE_X84Y60     u_top/u_core/u_b/u_b_core/core/core/f12/g_narrow_read.mem_reg_0_31_0_5/RAMB_D1/CLK
High Pulse Width  Fast    RAMD32/CLK          n/a            1.130         2.500       1.370      SLICE_X84Y60     u_top/u_core/u_b/u_b_core/core/core/f12/g_narrow_read.mem_reg_0_31_0_5/RAMB_D1/CLK
High Pulse Width  Slow    RAMD32/CLK          n/a            1.130         2.500       1.370      SLICE_X84Y60     u_top/u_core/u_b/u_b_core/core/core/f12/g_narrow_read.mem_reg_0_31_0_5/RAMC/CLK
High Pulse Width  Fast    RAMD32/CLK          n/a            1.130         2.500       1.370      SLICE_X84Y60     u_top/u_core/u_b/u_b_core/core/core/f12/g_narrow_read.mem_reg_0_31_0_5/RAMC/CLK
High Pulse Width  Slow    RAMD32/CLK          n/a            1.130         2.500       1.370      SLICE_X84Y60     u_top/u_core/u_b/u_b_core/core/core/f12/g_narrow_read.mem_reg_0_31_0_5/RAMC_D1/CLK
High Pulse Width  Fast    RAMD32/CLK          n/a            1.130         2.500       1.370      SLICE_X84Y60     u_top/u_core/u_b/u_b_core/core/core/f12/g_narrow_read.mem_reg_0_31_0_5/RAMC_D1/CLK
High Pulse Width  Slow    RAMS32/CLK          n/a            1.130         2.500       1.370      SLICE_X84Y60     u_top/u_core/u_b/u_b_core/core/core/f12/g_narrow_read.mem_reg_0_31_0_5/RAMD/CLK
High Pulse Width  Fast    RAMS32/CLK          n/a            1.130         2.500       1.370      SLICE_X84Y60     u_top/u_core/u_b/u_b_core/core/core/f12/g_narrow_read.mem_reg_0_31_0_5/RAMD/CLK
High Pulse Width  Slow    RAMS32/CLK          n/a            1.130         2.500       1.370      SLICE_X84Y60     u_top/u_core/u_b/u_b_core/core/core/f12/g_narrow_read.mem_reg_0_31_0_5/RAMD_D1/CLK
High Pulse Width  Fast    RAMS32/CLK          n/a            1.130         2.500       1.370      SLICE_X84Y60     u_top/u_core/u_b/u_b_core/core/core/f12/g_narrow_read.mem_reg_0_31_0_5/RAMD_D1/CLK
High Pulse Width  Slow    RAMD32/CLK          n/a            1.130         2.500       1.370      SLICE_X80Y63     u_top/u_core/u_b/u_b_core/core/core/f12/g_narrow_read.mem_reg_0_31_102_107/RAMA/CLK
High Pulse Width  Fast    RAMD32/CLK          n/a            1.130         2.500       1.370      SLICE_X80Y63     u_top/u_core/u_b/u_b_core/core/core/f12/g_narrow_read.mem_reg_0_31_102_107/RAMA/CLK
High Pulse Width  Slow    RAMD32/CLK          n/a            1.130         2.500       1.370      SLICE_X80Y63     u_top/u_core/u_b/u_b_core/core/core/f12/g_narrow_read.mem_reg_0_31_102_107/RAMA_D1/CLK
High Pulse Width  Fast    RAMD32/CLK          n/a            1.130         2.500       1.370      SLICE_X80Y63     u_top/u_core/u_b/u_b_core/core/core/f12/g_narrow_read.mem_reg_0_31_102_107/RAMA_D1/CLK



