slack_ns	startpoint	endpoint
-0.517	u_top/u_core/u_b/u_b_core/core/core/l5/mac/mac/tree_stage[6].valid_q_reg[7]/C	u_top/u_core/u_b/u_b_core/core/core/l5/gk.frontend/fifo/count_reg[2]/D
-0.511	u_top/u_core/u_b/u_b_core/core/core/l5/mac/mac/tree_stage[6].valid_q_reg[7]/C	u_top/u_core/u_b/u_b_core/core/core/l5/gk.frontend/fifo/g_wide_read.g_read_slice[40].rd_ptr_local_reg[0]/R
-0.511	u_top/u_core/u_b/u_b_core/core/core/l5/mac/mac/tree_stage[6].valid_q_reg[7]/C	u_top/u_core/u_b/u_b_core/core/core/l5/gk.frontend/fifo/g_wide_read.g_read_slice[40].rd_ptr_local_reg[1]/R
-0.503	u_top/u_core/u_b/u_b_core/core/core/shuffle/busy_reg/C	u_top/u_core/u_b/u_b_core/core/core/l5/gk.frontend/win/shift_reg[0][72]/R
-0.503	u_top/u_core/u_b/u_b_core/core/core/shuffle/busy_reg/C	u_top/u_core/u_b/u_b_core/core/core/l5/gk.frontend/win/shift_reg[0][89]/R
-0.484	u_top/u_core/u_b/u_b_core/core/core/l5/mac/mac/tree_stage[6].valid_q_reg[7]/C	u_top/u_core/u_b/u_b_core/core/core/l5/mac/issue/out_window_reg[1252]/CE
-0.484	u_top/u_core/u_b/u_b_core/core/core/l5/mac/mac/tree_stage[6].valid_q_reg[7]/C	u_top/u_core/u_b/u_b_core/core/core/l5/mac/issue/out_window_reg[1253]/CE
-0.484	u_top/u_core/u_b/u_b_core/core/core/l5/mac/mac/tree_stage[6].valid_q_reg[7]/C	u_top/u_core/u_b/u_b_core/core/core/l5/mac/issue/out_window_reg[1254]/CE
-0.484	u_top/u_core/u_b/u_b_core/core/core/l5/mac/mac/tree_stage[6].valid_q_reg[7]/C	u_top/u_core/u_b/u_b_core/core/core/l5/mac/issue/out_window_reg[1255]/CE
-0.484	u_top/u_core/u_b/u_b_core/core/core/l5/mac/mac/tree_stage[6].valid_q_reg[7]/C	u_top/u_core/u_b/u_b_core/core/core/l5/mac/issue/out_window_reg[1256]/CE
-0.484	u_top/u_core/u_b/u_b_core/core/core/l5/mac/mac/tree_stage[6].valid_q_reg[7]/C	u_top/u_core/u_b/u_b_core/core/core/l5/mac/issue/out_window_reg[1257]/CE
-0.479	u_top/u_core/u_b/u_b_core/core/core/l5/mac/mac/tree_stage[6].valid_q_reg[7]/C	u_top/u_core/u_b/u_b_core/core/core/l5/mac/issue/out_phase_reg[0]_rep__6/D
-0.477	u_top/u_core/u_b/u_b_core/core/core/l5/mac/mac/tree_stage[6].valid_q_reg[7]/C	u_top/u_core/u_b/u_b_core/core/core/l5/gk.frontend/fifo/g_wide_read.g_read_slice[30].rd_ptr_local_reg[0]/R
-0.477	u_top/u_core/u_b/u_b_core/core/core/l5/mac/mac/tree_stage[6].valid_q_reg[7]/C	u_top/u_core/u_b/u_b_core/core/core/l5/gk.frontend/fifo/g_wide_read.g_read_slice[30].rd_ptr_local_reg[1]/R
-0.477	u_top/u_core/u_b/u_b_core/core/core/shuffle/busy_reg/C	u_top/u_core/u_b/u_b_core/core/core/l5/gk.frontend/win/shift_reg[0][77]/R
-0.477	u_top/u_core/u_b/u_b_core/core/core/shuffle/busy_reg/C	u_top/u_core/u_b/u_b_core/core/core/l5/gk.frontend/win/shift_reg[1][141]/R
-0.477	u_top/u_core/u_b/u_b_core/core/core/shuffle/busy_reg/C	u_top/u_core/u_b/u_b_core/core/core/l5/gk.frontend/win/shift_reg[1][200]/R
-0.472	u_top/u_core/u_b/u_b_core/core/core/l5/mac/mac/out_lane[2].mult_lane[23].operand_pipe.act_q_reg[11]/C	u_top/u_core/u_b/u_b_core/core/core/l5/mac/mac/out_lane[2].mult_lane[23].operand_pipe.sums_q_reg[0][2][23]/A[11]
-0.471	u_top/u_core/u_b/u_b_core/core/core/l5/mac/mac/tree_stage[6].valid_q_reg[7]/C	u_top/u_core/u_b/u_b_core/core/core/l5/mac/issue/out_window_reg[3580]/CE
-0.471	u_top/u_core/u_b/u_b_core/core/core/l5/mac/mac/tree_stage[6].valid_q_reg[7]/C	u_top/u_core/u_b/u_b_core/core/core/l5/mac/issue/out_window_reg[3581]/CE
-0.471	u_top/u_core/u_b/u_b_core/core/core/l5/mac/mac/tree_stage[6].valid_q_reg[7]/C	u_top/u_core/u_b/u_b_core/core/core/l5/mac/issue/out_window_reg[3582]/CE
-0.471	u_top/u_core/u_b/u_b_core/core/core/l5/mac/mac/tree_stage[6].valid_q_reg[7]/C	u_top/u_core/u_b/u_b_core/core/core/l5/mac/issue/out_window_reg[3583]/CE
-0.462	u_top/u_core/u_b/u_b_core/core/core/l5/mac/mac/tree_stage[6].valid_q_reg[7]/C	u_top/u_core/u_b/u_b_core/core/core/l5/mac/issue/out_window_reg[3516]/CE
-0.462	u_top/u_core/u_b/u_b_core/core/core/l5/mac/mac/tree_stage[6].valid_q_reg[7]/C	u_top/u_core/u_b/u_b_core/core/core/l5/mac/issue/out_window_reg[3517]/CE
-0.462	u_top/u_core/u_b/u_b_core/core/core/l5/mac/mac/tree_stage[6].valid_q_reg[7]/C	u_top/u_core/u_b/u_b_core/core/core/l5/mac/issue/out_window_reg[3518]/CE
-0.462	u_top/u_core/u_b/u_b_core/core/core/l5/mac/mac/tree_stage[6].valid_q_reg[7]/C	u_top/u_core/u_b/u_b_core/core/core/l5/mac/issue/out_window_reg[3519]/CE
-0.459	u_top/u_core/u_b/u_b_core/core/core/l5/mac/mac/tree_stage[6].valid_q_reg[7]/C	u_top/u_core/u_b/u_b_core/core/core/l5/gk.frontend/fifo/g_wide_read.g_read_slice[35].rd_ptr_local_reg[0]/CE
-0.459	u_top/u_core/u_b/u_b_core/core/core/l5/mac/mac/tree_stage[6].valid_q_reg[7]/C	u_top/u_core/u_b/u_b_core/core/core/l5/gk.frontend/fifo/g_wide_read.g_read_slice[35].rd_ptr_local_reg[1]/CE
-0.455	u_top/u_core/u_b/u_b_core/core/core/l5/mac/mac/tree_stage[6].valid_q_reg[7]/C	u_top/u_core/u_b/u_b_core/core/core/l5/gk.frontend/fifo/g_wide_read.g_read_slice[25].rd_ptr_local_reg[0]/R
-0.455	u_top/u_core/u_b/u_b_core/core/core/l5/mac/mac/tree_stage[6].valid_q_reg[7]/C	u_top/u_core/u_b/u_b_core/core/core/l5/gk.frontend/fifo/g_wide_read.g_read_slice[25].rd_ptr_local_reg[1]/R
-0.453	u_top/u_core/u_b/u_b_core/core/core/shuffle/busy_reg/C	u_top/u_core/u_b/u_b_core/core/core/l5/gk.frontend/win/shift_reg[21][115]/R
-0.452	u_top/u_core/u_b/u_b_core/core/core/shuffle/busy_reg/C	u_top/u_core/u_b/u_b_core/core/core/l5/gk.frontend/win/shift_reg[0][12]/R
-0.452	u_top/u_core/u_b/u_b_core/core/core/shuffle/busy_reg/C	u_top/u_core/u_b/u_b_core/core/core/l5/gk.frontend/win/shift_reg[0][175]/R
-0.452	u_top/u_core/u_b/u_b_core/core/core/shuffle/busy_reg/C	u_top/u_core/u_b/u_b_core/core/core/l5/gk.frontend/win/shift_reg[1][161]/R
-0.452	u_top/u_core/u_b/u_b_core/core/core/shuffle/busy_reg/C	u_top/u_core/u_b/u_b_core/core/core/l5/gk.frontend/win/shift_reg[1][209]/R
-0.452	u_top/u_core/u_b/u_b_core/core/core/shuffle/busy_reg/C	u_top/u_core/u_b/u_b_core/core/core/l5/gk.frontend/win/shift_reg[1][225]/R
-0.450	u_top/u_core/u_b/u_b_core/core/core/shuffle/busy_reg/C	u_top/u_core/u_b/u_b_core/core/core/l5/gk.frontend/win/shift_reg[22][115]/R
-0.445	u_top/u_core/u_b/u_b_core/core/core/shuffle/busy_reg/C	u_top/u_core/u_b/u_b_core/core/core/l5/gk.frontend/win/shift_reg[0][209]/R
-0.445	u_top/u_core/u_b/u_b_core/core/core/shuffle/busy_reg/C	u_top/u_core/u_b/u_b_core/core/core/l5/gk.frontend/win/shift_reg[1][132]/R
-0.442	u_top/u_core/u_b/u_b_core/core/core/shuffle/busy_reg/C	u_top/u_core/u_b/u_b_core/core/core/l5/gk.frontend/win/shift_reg[0][119]/R
-0.442	u_top/u_core/u_b/u_b_core/core/core/shuffle/busy_reg/C	u_top/u_core/u_b/u_b_core/core/core/l5/gk.frontend/win/shift_reg[1][119]/R
-0.442	u_top/u_core/u_b/u_b_core/core/core/l5/mac/mac/tree_stage[6].valid_q_reg[7]/C	u_top/u_core/u_b/u_b_core/core/core/l5/gk.frontend/fifo/g_wide_read.g_read_slice[27].rd_ptr_local_reg[0]/R
-0.442	u_top/u_core/u_b/u_b_core/core/core/l5/mac/mac/tree_stage[6].valid_q_reg[7]/C	u_top/u_core/u_b/u_b_core/core/core/l5/gk.frontend/fifo/g_wide_read.g_read_slice[27].rd_ptr_local_reg[1]/R
-0.441	u_top/u_core/u_b/u_b_core/core/core/shuffle/busy_reg/C	u_top/u_core/u_b/u_b_core/core/core/l5/gk.frontend/win/shift_reg[0][162]/R
-0.441	u_top/u_core/u_b/u_b_core/core/core/shuffle/busy_reg/C	u_top/u_core/u_b/u_b_core/core/core/l5/gk.frontend/win/shift_reg[0][163]/R
-0.441	u_top/u_core/u_b/u_b_core/core/core/shuffle/busy_reg/C	u_top/u_core/u_b/u_b_core/core/core/l5/gk.frontend/win/shift_reg[0][204]/R
-0.441	u_top/u_core/u_b/u_b_core/core/core/shuffle/busy_reg/C	u_top/u_core/u_b/u_b_core/core/core/l5/gk.frontend/win/shift_reg[0][236]/R
-0.441	u_top/u_core/u_b/u_b_core/core/core/shuffle/busy_reg/C	u_top/u_core/u_b/u_b_core/core/core/l5/gk.frontend/win/shift_reg[0][4]/R
-0.441	u_top/u_core/u_b/u_b_core/core/core/shuffle/busy_reg/C	u_top/u_core/u_b/u_b_core/core/core/l5/gk.frontend/win/shift_reg[1][15]/R
-0.437	u_top/u_core/u_b/u_b_core/core/core/shuffle/busy_reg/C	u_top/u_core/u_b/u_b_core/core/core/l5/gk.frontend/win/shift_reg[0][182]/R
-0.436	u_top/u_core/u_b/u_b_core/core/core/l5/mac/mac/tree_stage[6].valid_q_reg[7]/C	u_top/u_core/u_b/u_b_core/core/core/l5/mac/issue/out_phase_reg[2]_rep__8/D
-0.434	u_top/u_core/u_b/u_b_core/core/core/shuffle/busy_reg/C	u_top/u_core/u_b/u_b_core/core/core/l5/gk.frontend/win/shift_reg[0][3]/R
-0.425	u_top/u_core/u_b/u_b_core/core/core/l5/mac/mac/tree_stage[6].valid_q_reg[7]/C	u_top/u_core/u_b/u_b_core/core/core/l5/mac/mac/out_lane[0].mult_lane[14].operand_pipe.weight_q_reg[7]/S
-0.425	u_top/u_core/u_b/u_b_core/core/core/l5/mac/mac/tree_stage[6].valid_q_reg[7]/C	u_top/u_core/u_b/u_b_core/core/core/l5/mac/issue/out_window_reg[3416]/CE
-0.425	u_top/u_core/u_b/u_b_core/core/core/l5/mac/mac/tree_stage[6].valid_q_reg[7]/C	u_top/u_core/u_b/u_b_core/core/core/l5/mac/issue/out_window_reg[3417]/CE
-0.425	u_top/u_core/u_b/u_b_core/core/core/l5/mac/mac/tree_stage[6].valid_q_reg[7]/C	u_top/u_core/u_b/u_b_core/core/core/l5/mac/issue/out_window_reg[3418]/CE
-0.425	u_top/u_core/u_b/u_b_core/core/core/l5/mac/mac/tree_stage[6].valid_q_reg[7]/C	u_top/u_core/u_b/u_b_core/core/core/l5/mac/issue/out_window_reg[3419]/CE
-0.425	u_top/u_core/u_b/u_b_core/core/core/l5/mac/mac/tree_stage[6].valid_q_reg[7]/C	u_top/u_core/u_b/u_b_core/core/core/l5/mac/issue/out_window_reg[3420]/CE
-0.425	u_top/u_core/u_b/u_b_core/core/core/l5/mac/mac/tree_stage[6].valid_q_reg[7]/C	u_top/u_core/u_b/u_b_core/core/core/l5/mac/issue/out_window_reg[3421]/CE
-0.425	u_top/u_core/u_b/u_b_core/core/core/l5/mac/mac/tree_stage[6].valid_q_reg[7]/C	u_top/u_core/u_b/u_b_core/core/core/l5/gk.frontend/fifo/g_wide_read.g_read_slice[22].rd_ptr_local_reg[0]/R
-0.425	u_top/u_core/u_b/u_b_core/core/core/l5/mac/mac/tree_stage[6].valid_q_reg[7]/C	u_top/u_core/u_b/u_b_core/core/core/l5/gk.frontend/fifo/g_wide_read.g_read_slice[22].rd_ptr_local_reg[1]/R
-0.424	u_top/u_core/u_b/u_b_core/core/core/shuffle/busy_reg/C	u_top/u_core/u_b/u_b_core/core/core/l5/gk.frontend/win/shift_reg[10][240]/R
-0.419	u_top/u_core/u_b/u_b_core/core/core/l5/mac/mac/tree_stage[6].valid_q_reg[7]/C	u_top/u_core/u_b/u_b_core/core/core/l5/mac/issue/out_window_reg[1130]/CE
-0.419	u_top/u_core/u_b/u_b_core/core/core/l5/mac/mac/tree_stage[6].valid_q_reg[7]/C	u_top/u_core/u_b/u_b_core/core/core/l5/mac/issue/out_window_reg[1131]/CE
-0.419	u_top/u_core/u_b/u_b_core/core/core/l5/mac/mac/tree_stage[6].valid_q_reg[7]/C	u_top/u_core/u_b/u_b_core/core/core/l5/mac/issue/out_window_reg[1132]/CE
-0.419	u_top/u_core/u_b/u_b_core/core/core/l5/mac/mac/tree_stage[6].valid_q_reg[7]/C	u_top/u_core/u_b/u_b_core/core/core/l5/mac/issue/out_window_reg[1133]/CE
-0.419	u_top/u_core/u_b/u_b_core/core/core/l5/mac/mac/tree_stage[6].valid_q_reg[7]/C	u_top/u_core/u_b/u_b_core/core/core/l5/mac/issue/out_window_reg[1134]/CE
-0.419	u_top/u_core/u_b/u_b_core/core/core/l5/mac/mac/tree_stage[6].valid_q_reg[7]/C	u_top/u_core/u_b/u_b_core/core/core/l5/mac/issue/out_window_reg[1135]/CE
-0.419	u_top/u_core/u_b/u_b_core/core/core/shuffle/busy_reg/C	u_top/u_core/u_b/u_b_core/core/core/l5/gk.frontend/win/shift_reg[0][220]/R
-0.419	u_top/u_core/u_b/u_b_core/core/core/shuffle/busy_reg/C	u_top/u_core/u_b/u_b_core/core/core/l5/gk.frontend/win/shift_reg[0][52]/R
-0.419	u_top/u_core/u_b/u_b_core/core/core/shuffle/busy_reg/C	u_top/u_core/u_b/u_b_core/core/core/l5/gk.frontend/win/shift_reg[1][123]/R
-0.419	u_top/u_core/u_b/u_b_core/core/core/shuffle/busy_reg/C	u_top/u_core/u_b/u_b_core/core/core/l5/gk.frontend/win/shift_reg[1][178]/R
-0.419	u_top/u_core/u_b/u_b_core/core/core/shuffle/busy_reg/C	u_top/u_core/u_b/u_b_core/core/core/l5/gk.frontend/win/shift_reg[1][245]/R
-0.415	u_top/u_core/u_b/u_b_core/core/core/shuffle/busy_reg/C	u_top/u_core/u_b/u_b_core/core/core/l5/gk.frontend/win/shift_reg[0][51]/R
-0.414	u_top/u_core/u_b/u_b_core/core/core/shuffle/busy_reg/C	u_top/u_core/u_b/u_b_core/core/core/l5/gk.frontend/win/shift_reg[1][117]/R
-0.414	u_top/u_core/u_b/u_b_core/core/core/shuffle/busy_reg/C	u_top/u_core/u_b/u_b_core/core/core/l5/gk.frontend/win/shift_reg[1][159]/R
-0.414	u_top/u_core/u_b/u_b_core/core/core/shuffle/busy_reg/C	u_top/u_core/u_b/u_b_core/core/core/l5/gk.frontend/win/shift_reg[1][162]/R
-0.414	u_top/u_core/u_b/u_b_core/core/core/shuffle/busy_reg/C	u_top/u_core/u_b/u_b_core/core/core/l5/gk.frontend/win/shift_reg[1][232]/R
-0.414	u_top/u_core/u_b/u_b_core/core/core/shuffle/busy_reg/C	u_top/u_core/u_b/u_b_core/core/core/l5/gk.frontend/win/shift_reg[1][60]/R
-0.414	u_top/u_core/u_b/u_b_core/core/core/shuffle/busy_reg/C	u_top/u_core/u_b/u_b_core/core/core/l5/gk.frontend/win/shift_reg[2][125]/R
-0.414	u_top/u_core/u_b/u_b_core/core/core/shuffle/busy_reg/C	u_top/u_core/u_b/u_b_core/core/core/l5/gk.frontend/win/shift_reg[2][129]/R
-0.414	u_top/u_core/u_b/u_b_core/core/core/shuffle/busy_reg/C	u_top/u_core/u_b/u_b_core/core/core/l5/gk.frontend/win/shift_reg[2][60]/R
-0.412	u_top/u_core/u_b/u_b_core/core/core/l5/mac/mac/tree_stage[6].valid_q_reg[7]/C	u_top/u_core/u_b/u_b_core/core/core/l5/mac/issue/out_window_reg[3486]/CE
-0.412	u_top/u_core/u_b/u_b_core/core/core/l5/mac/mac/tree_stage[6].valid_q_reg[7]/C	u_top/u_core/u_b/u_b_core/core/core/l5/mac/issue/out_window_reg[3487]/CE
-0.412	u_top/u_core/u_b/u_b_core/core/core/l5/mac/mac/tree_stage[6].valid_q_reg[7]/C	u_top/u_core/u_b/u_b_core/core/core/l5/mac/issue/out_window_reg[3488]/CE
-0.412	u_top/u_core/u_b/u_b_core/core/core/l5/mac/mac/tree_stage[6].valid_q_reg[7]/C	u_top/u_core/u_b/u_b_core/core/core/l5/mac/issue/out_window_reg[3489]/CE
-0.412	u_top/u_core/u_b/u_b_core/core/core/l5/mac/mac/tree_stage[6].valid_q_reg[7]/C	u_top/u_core/u_b/u_b_core/core/core/l5/mac/issue/out_window_reg[3490]/CE
-0.412	u_top/u_core/u_b/u_b_core/core/core/l5/mac/mac/tree_stage[6].valid_q_reg[7]/C	u_top/u_core/u_b/u_b_core/core/core/l5/mac/issue/out_window_reg[3491]/CE
-0.409	u_top/u_core/u_b/u_b_core/core/core/shuffle/busy_reg/C	u_top/u_core/u_b/u_b_core/core/core/l5/gk.frontend/win/shift_reg[22][30]/R
-0.408	u_top/u_core/u_b/u_b_core/core/core/l5/mac/mac/tree_stage[6].valid_q_reg[7]/C	u_top/u_core/u_b/u_b_core/core/core/l5/mac/issue/out_phase_reg[1]_rep__12/D
-0.407	u_top/u_core/u_b/u_b_core/core/core/shuffle/busy_reg/C	u_top/u_core/u_b/u_b_core/core/core/l5/gk.frontend/win/shift_reg[0][129]/R
-0.406	u_top/u_core/u_b/u_b_core/core/core/shuffle/busy_reg/C	u_top/u_core/u_b/u_b_core/core/core/l5/gk.frontend/win/shift_reg[1][125]/R
-0.405	u_top/u_core/u_b/u_b_core/core/core/shuffle/busy_reg/C	u_top/u_core/u_b/u_b_core/core/core/l5/gk.frontend/win/shift_reg[0][213]/R
-0.402	u_top/u_core/u_b/u_b_core/core/core/shuffle/busy_reg/C	u_top/u_core/u_b/u_b_core/core/core/l5/gk.frontend/win/shift_reg[0][109]/R
-0.402	u_top/u_core/u_b/u_b_core/core/core/shuffle/busy_reg/C	u_top/u_core/u_b/u_b_core/core/core/l5/gk.frontend/win/shift_reg[0][116]/R
-0.402	u_top/u_core/u_b/u_b_core/core/core/shuffle/busy_reg/C	u_top/u_core/u_b/u_b_core/core/core/l5/gk.frontend/win/shift_reg[0][13]/R
-0.402	u_top/u_core/u_b/u_b_core/core/core/shuffle/busy_reg/C	u_top/u_core/u_b/u_b_core/core/core/l5/gk.frontend/win/shift_reg[0][159]/R
-0.402	u_top/u_core/u_b/u_b_core/core/core/shuffle/busy_reg/C	u_top/u_core/u_b/u_b_core/core/core/l5/gk.frontend/win/shift_reg[0][225]/R
-0.402	u_top/u_core/u_b/u_b_core/core/core/shuffle/busy_reg/C	u_top/u_core/u_b/u_b_core/core/core/l5/gk.frontend/win/shift_reg[0][231]/R
-0.402	u_top/u_core/u_b/u_b_core/core/core/shuffle/busy_reg/C	u_top/u_core/u_b/u_b_core/core/core/l5/gk.frontend/win/shift_reg[0][70]/R
-0.402	u_top/u_core/u_b/u_b_core/core/core/shuffle/busy_reg/C	u_top/u_core/u_b/u_b_core/core/core/l5/gk.frontend/win/shift_reg[0][71]/R
-0.401	u_top/u_core/u_b/u_b_core/core/core/shuffle/busy_reg/C	u_top/u_core/u_b/u_b_core/core/core/l5/gk.frontend/win/shift_reg[1][194]/R
-0.397	u_top/u_core/u_b/u_b_core/core/core/shuffle/busy_reg/C	u_top/u_core/u_b/u_b_core/core/core/l5/gk.frontend/win/shift_reg[11][201]/R
-0.397	u_top/u_core/u_b/u_b_core/core/core/shuffle/busy_reg/C	u_top/u_core/u_b/u_b_core/core/core/l5/gk.frontend/win/shift_reg[8][215]/R
-0.397	u_top/u_core/u_b/u_b_core/core/core/l5/mac/mac/tree_stage[6].valid_q_reg[7]/C	u_top/u_core/u_b/u_b_core/core/core/l5/gk.frontend/fifo/wr_ptr_reg[1]/D
-0.397	u_top/u_core/u_b/u_b_core/core/core/l5/mac/mac/tree_stage[6].valid_q_reg[7]/C	u_top/u_core/u_b/u_b_core/core/core/l5/gk.frontend/fifo/g_wide_read.g_read_slice[15].rd_ptr_local_reg[0]/R
-0.397	u_top/u_core/u_b/u_b_core/core/core/l5/mac/mac/tree_stage[6].valid_q_reg[7]/C	u_top/u_core/u_b/u_b_core/core/core/l5/gk.frontend/fifo/g_wide_read.g_read_slice[15].rd_ptr_local_reg[1]/R
-0.395	u_top/u_core/u_b/u_b_core/core/core/l5/mac/mac/tree_stage[6].valid_q_reg[7]/C	u_top/u_core/u_b/u_b_core/core/core/l5/mac/issue/out_window_reg[3422]/CE
-0.395	u_top/u_core/u_b/u_b_core/core/core/l5/mac/mac/tree_stage[6].valid_q_reg[7]/C	u_top/u_core/u_b/u_b_core/core/core/l5/mac/issue/out_window_reg[3423]/CE
-0.395	u_top/u_core/u_b/u_b_core/core/core/l5/mac/mac/tree_stage[6].valid_q_reg[7]/C	u_top/u_core/u_b/u_b_core/core/core/l5/mac/issue/out_window_reg[3424]/CE
-0.395	u_top/u_core/u_b/u_b_core/core/core/l5/mac/mac/tree_stage[6].valid_q_reg[7]/C	u_top/u_core/u_b/u_b_core/core/core/l5/mac/issue/out_window_reg[3425]/CE
-0.395	u_top/u_core/u_b/u_b_core/core/core/l5/mac/mac/tree_stage[6].valid_q_reg[7]/C	u_top/u_core/u_b/u_b_core/core/core/l5/mac/issue/out_window_reg[3426]/CE
-0.395	u_top/u_core/u_b/u_b_core/core/core/l5/mac/mac/tree_stage[6].valid_q_reg[7]/C	u_top/u_core/u_b/u_b_core/core/core/l5/mac/issue/out_window_reg[3427]/CE
-0.391	u_top/u_core/u_b/u_b_core/core/core/l5/mac/mac/tree_stage[6].valid_q_reg[7]/C	u_top/u_core/u_b/u_b_core/core/core/l5/mac/mac/out_lane[0].mult_lane[18].operand_pipe.weight_q_reg[1]/R
-0.390	u_top/u_core/u_b/u_b_core/core/core/l5/mac/mac/tree_stage[6].valid_q_reg[7]/C	u_top/u_core/u_b/u_b_core/core/core/l5/mac/issue/out_window_reg[3452]/CE
-0.390	u_top/u_core/u_b/u_b_core/core/core/l5/mac/mac/tree_stage[6].valid_q_reg[7]/C	u_top/u_core/u_b/u_b_core/core/core/l5/mac/issue/out_window_reg[3453]/CE
-0.390	u_top/u_core/u_b/u_b_core/core/core/l5/mac/mac/tree_stage[6].valid_q_reg[7]/C	u_top/u_core/u_b/u_b_core/core/core/l5/mac/issue/out_window_reg[3454]/CE
-0.390	u_top/u_core/u_b/u_b_core/core/core/l5/mac/mac/tree_stage[6].valid_q_reg[7]/C	u_top/u_core/u_b/u_b_core/core/core/l5/mac/issue/out_window_reg[3455]/CE
-0.389	u_top/u_core/u_b/u_b_core/core/core/shuffle/busy_reg/C	u_top/u_core/u_b/u_b_core/core/core/l5/gk.frontend/win/shift_reg[11][248]/R
-0.389	u_top/u_core/u_b/u_b_core/core/core/shuffle/busy_reg/C	u_top/u_core/u_b/u_b_core/core/core/l5/gk.frontend/win/shift_reg[21][144]/R
-0.389	u_top/u_core/u_b/u_b_core/core/core/shuffle/busy_reg/C	u_top/u_core/u_b/u_b_core/core/core/l5/gk.frontend/win/shift_reg[21][153]/R
-0.389	u_top/u_core/u_b/u_b_core/core/core/shuffle/busy_reg/C	u_top/u_core/u_b/u_b_core/core/core/l5/gk.frontend/win/shift_reg[22][144]/R
-0.387	u_top/u_core/u_b/u_b_core/core/core/l5/mac/mac/out_lane[1].mult_lane[18].operand_pipe.act_q_reg[9]/C	u_top/u_core/u_b/u_b_core/core/core/l5/mac/mac/out_lane[1].mult_lane[18].operand_pipe.sums_q_reg[0][1][18]/A[9]
-0.386	u_top/u_core/u_b/u_b_core/core/core/shuffle/busy_reg/C	u_top/u_core/u_b/u_b_core/core/core/l5/gk.frontend/win/shift_reg[22][249]/R
-0.385	u_top/u_core/u_b/u_b_core/core/core/l5/mac/mac/tree_stage[6].valid_q_reg[7]/C	u_top/u_core/u_b/u_b_core/core/core/l5/gk.frontend/fifo/g_wide_read.g_read_slice[69].rd_ptr_local_reg[0]/R
-0.385	u_top/u_core/u_b/u_b_core/core/core/l5/mac/mac/tree_stage[6].valid_q_reg[7]/C	u_top/u_core/u_b/u_b_core/core/core/l5/gk.frontend/fifo/g_wide_read.g_read_slice[69].rd_ptr_local_reg[1]/R
-0.385	u_top/u_core/u_b/u_b_core/core/core/l5/mac/mac/tree_stage[6].valid_q_reg[7]/C	u_top/u_core/u_b/u_b_core/core/core/l5/mac/issue/out_window_reg[3404]/CE
-0.385	u_top/u_core/u_b/u_b_core/core/core/l5/mac/mac/tree_stage[6].valid_q_reg[7]/C	u_top/u_core/u_b/u_b_core/core/core/l5/mac/issue/out_window_reg[3405]/CE
-0.385	u_top/u_core/u_b/u_b_core/core/core/l5/mac/mac/tree_stage[6].valid_q_reg[7]/C	u_top/u_core/u_b/u_b_core/core/core/l5/mac/issue/out_window_reg[3406]/CE
-0.385	u_top/u_core/u_b/u_b_core/core/core/l5/mac/mac/tree_stage[6].valid_q_reg[7]/C	u_top/u_core/u_b/u_b_core/core/core/l5/mac/issue/out_window_reg[3407]/CE
-0.385	u_top/u_core/u_b/u_b_core/core/core/l5/mac/mac/tree_stage[6].valid_q_reg[7]/C	u_top/u_core/u_b/u_b_core/core/core/l5/mac/issue/out_window_reg[3408]/CE
-0.385	u_top/u_core/u_b/u_b_core/core/core/l5/mac/mac/tree_stage[6].valid_q_reg[7]/C	u_top/u_core/u_b/u_b_core/core/core/l5/mac/issue/out_window_reg[3409]/CE
-0.384	u_top/u_core/u_b/u_b_core/core/core/shuffle/busy_reg/C	u_top/u_core/u_b/u_b_core/core/core/l5/gk.frontend/win/shift_reg[12][202]/R
-0.384	u_top/u_core/u_b/u_b_core/core/core/shuffle/busy_reg/C	u_top/u_core/u_b/u_b_core/core/core/l5/gk.frontend/win/shift_reg[13][202]/R
-0.379	u_top/u_core/u_b/u_b_core/core/core/shuffle/busy_reg/C	u_top/u_core/u_b/u_b_core/core/core/l5/gk.frontend/win/shift_reg[0][200]/R
-0.379	u_top/u_core/u_b/u_b_core/core/core/shuffle/busy_reg/C	u_top/u_core/u_b/u_b_core/core/core/l5/gk.frontend/win/shift_reg[0][229]/R
-0.379	u_top/u_core/u_b/u_b_core/core/core/shuffle/busy_reg/C	u_top/u_core/u_b/u_b_core/core/core/l5/gk.frontend/win/shift_reg[0][233]/R
-0.379	u_top/u_core/u_b/u_b_core/core/core/shuffle/busy_reg/C	u_top/u_core/u_b/u_b_core/core/core/l5/gk.frontend/win/shift_reg[0][53]/R
-0.374	u_top/u_core/u_b/u_b_core/core/core/l5/mac/mac/tree_stage[6].valid_q_reg[7]/C	u_top/u_core/u_b/u_b_core/core/core/l5/gk.frontend/fifo/g_wide_read.g_read_slice[12].rd_ptr_local_reg[0]/R
-0.374	u_top/u_core/u_b/u_b_core/core/core/l5/mac/mac/tree_stage[6].valid_q_reg[7]/C	u_top/u_core/u_b/u_b_core/core/core/l5/gk.frontend/fifo/g_wide_read.g_read_slice[12].rd_ptr_local_reg[1]/R
-0.374	u_top/u_core/u_b/u_b_core/core/core/l5/mac/mac/tree_stage[6].valid_q_reg[7]/C	u_top/u_core/u_b/u_b_core/core/core/l5/mac/issue/out_window_reg[3358]/CE
-0.374	u_top/u_core/u_b/u_b_core/core/core/l5/mac/mac/tree_stage[6].valid_q_reg[7]/C	u_top/u_core/u_b/u_b_core/core/core/l5/mac/issue/out_window_reg[3359]/CE
-0.374	u_top/u_core/u_b/u_b_core/core/core/l5/mac/mac/tree_stage[6].valid_q_reg[7]/C	u_top/u_core/u_b/u_b_core/core/core/l5/mac/issue/out_window_reg[3360]/CE
-0.374	u_top/u_core/u_b/u_b_core/core/core/l5/mac/mac/tree_stage[6].valid_q_reg[7]/C	u_top/u_core/u_b/u_b_core/core/core/l5/mac/issue/out_window_reg[3361]/CE
-0.374	u_top/u_core/u_b/u_b_core/core/core/l5/mac/mac/tree_stage[6].valid_q_reg[7]/C	u_top/u_core/u_b/u_b_core/core/core/l5/mac/issue/out_window_reg[3362]/CE
-0.374	u_top/u_core/u_b/u_b_core/core/core/l5/mac/mac/tree_stage[6].valid_q_reg[7]/C	u_top/u_core/u_b/u_b_core/core/core/l5/mac/issue/out_window_reg[3363]/CE
-0.371	u_top/u_core/u_b/u_b_core/core/core/l5/mac/mac/tree_stage[6].valid_q_reg[7]/C	u_top/u_core/u_b/u_b_core/core/core/l5/gk.frontend/fifo/g_wide_read.g_read_slice[95].rd_ptr_local_reg[0]/R
-0.371	u_top/u_core/u_b/u_b_core/core/core/l5/mac/mac/tree_stage[6].valid_q_reg[7]/C	u_top/u_core/u_b/u_b_core/core/core/l5/gk.frontend/fifo/g_wide_read.g_read_slice[95].rd_ptr_local_reg[1]/R
-0.370	u_top/u_core/u_b/u_b_core/core/core/l5/mac/mac/tree_stage[6].valid_q_reg[7]/C	u_top/u_core/u_b/u_b_core/core/core/l5/gk.frontend/fifo/g_wide_read.g_read_slice[98].rd_ptr_local_reg[0]/R
-0.370	u_top/u_core/u_b/u_b_core/core/core/l5/mac/mac/tree_stage[6].valid_q_reg[7]/C	u_top/u_core/u_b/u_b_core/core/core/l5/gk.frontend/fifo/g_wide_read.g_read_slice[98].rd_ptr_local_reg[1]/R
-0.368	u_top/u_core/u_b/u_b_core/core/core/l5/mac/mac/tree_stage[6].valid_q_reg[7]/C	u_top/u_core/u_b/u_b_core/core/core/l5/mac/issue/out_window_reg[3608]/CE
-0.368	u_top/u_core/u_b/u_b_core/core/core/l5/mac/mac/tree_stage[6].valid_q_reg[7]/C	u_top/u_core/u_b/u_b_core/core/core/l5/mac/issue/out_window_reg[3609]/CE
-0.368	u_top/u_core/u_b/u_b_core/core/core/l5/mac/mac/tree_stage[6].valid_q_reg[7]/C	u_top/u_core/u_b/u_b_core/core/core/l5/mac/issue/out_window_reg[3610]/CE
-0.368	u_top/u_core/u_b/u_b_core/core/core/l5/mac/mac/tree_stage[6].valid_q_reg[7]/C	u_top/u_core/u_b/u_b_core/core/core/l5/mac/issue/out_window_reg[3611]/CE
-0.368	u_top/u_core/u_b/u_b_core/core/core/l5/mac/mac/tree_stage[6].valid_q_reg[7]/C	u_top/u_core/u_b/u_b_core/core/core/l5/mac/issue/out_window_reg[3612]/CE
-0.368	u_top/u_core/u_b/u_b_core/core/core/l5/mac/mac/tree_stage[6].valid_q_reg[7]/C	u_top/u_core/u_b/u_b_core/core/core/l5/mac/issue/out_window_reg[3613]/CE
-0.367	u_top/u_core/u_b/u_b_core/core/core/l5/mac/mac/tree_stage[6].valid_q_reg[7]/C	u_top/u_core/u_b/u_b_core/core/core/l5/mac/issue/out_window_reg[1124]/CE
-0.367	u_top/u_core/u_b/u_b_core/core/core/l5/mac/mac/tree_stage[6].valid_q_reg[7]/C	u_top/u_core/u_b/u_b_core/core/core/l5/mac/issue/out_window_reg[1125]/CE
-0.367	u_top/u_core/u_b/u_b_core/core/core/l5/mac/mac/tree_stage[6].valid_q_reg[7]/C	u_top/u_core/u_b/u_b_core/core/core/l5/mac/issue/out_window_reg[1126]/CE
-0.367	u_top/u_core/u_b/u_b_core/core/core/l5/mac/mac/tree_stage[6].valid_q_reg[7]/C	u_top/u_core/u_b/u_b_core/core/core/l5/mac/issue/out_window_reg[1127]/CE
-0.367	u_top/u_core/u_b/u_b_core/core/core/l5/mac/mac/tree_stage[6].valid_q_reg[7]/C	u_top/u_core/u_b/u_b_core/core/core/l5/mac/issue/out_window_reg[1128]/CE
-0.367	u_top/u_core/u_b/u_b_core/core/core/l5/mac/mac/tree_stage[6].valid_q_reg[7]/C	u_top/u_core/u_b/u_b_core/core/core/l5/mac/issue/out_window_reg[1129]/CE
-0.366	u_top/u_core/u_b/u_b_core/core/core/l5/mac/mac/tree_stage[6].valid_q_reg[7]/C	u_top/u_core/u_b/u_b_core/core/core/l5/gk.frontend/fifo/g_wide_read.g_read_slice[32].rd_ptr_local_reg[0]/R
-0.366	u_top/u_core/u_b/u_b_core/core/core/l5/mac/mac/tree_stage[6].valid_q_reg[7]/C	u_top/u_core/u_b/u_b_core/core/core/l5/gk.frontend/fifo/g_wide_read.g_read_slice[32].rd_ptr_local_reg[1]/R
-0.365	u_top/u_core/u_b/u_b_core/core/core/l5/mac/mac/tree_stage[6].valid_q_reg[7]/C	u_top/u_core/u_b/u_b_core/core/core/l5/mac/issue/out_window_reg[1152]/CE
-0.365	u_top/u_core/u_b/u_b_core/core/core/l5/mac/mac/tree_stage[6].valid_q_reg[7]/C	u_top/u_core/u_b/u_b_core/core/core/l5/mac/issue/out_window_reg[1153]/CE
-0.365	u_top/u_core/u_b/u_b_core/core/core/l5/mac/mac/tree_stage[6].valid_q_reg[7]/C	u_top/u_core/u_b/u_b_core/core/core/l5/mac/issue/out_window_reg[1154]/CE
-0.365	u_top/u_core/u_b/u_b_core/core/core/l5/mac/mac/tree_stage[6].valid_q_reg[7]/C	u_top/u_core/u_b/u_b_core/core/core/l5/mac/issue/out_window_reg[1155]/CE
-0.365	u_top/u_core/u_b/u_b_core/core/core/l5/mac/mac/tree_stage[6].valid_q_reg[7]/C	u_top/u_core/u_b/u_b_core/core/core/l5/mac/issue/out_window_reg[1156]/CE
-0.365	u_top/u_core/u_b/u_b_core/core/core/l5/mac/mac/tree_stage[6].valid_q_reg[7]/C	u_top/u_core/u_b/u_b_core/core/core/l5/mac/issue/out_window_reg[1157]/CE
-0.365	u_top/u_core/u_b/u_b_core/core/core/shuffle/busy_reg/C	u_top/u_core/u_b/u_b_core/core/core/l5/gk.frontend/win/shift_reg[17][43]/R
-0.365	u_top/u_core/u_b/u_b_core/core/core/shuffle/busy_reg/C	u_top/u_core/u_b/u_b_core/core/core/l5/gk.frontend/win/shift_reg[18][123]/R
-0.365	u_top/u_core/u_b/u_b_core/core/core/shuffle/busy_reg/C	u_top/u_core/u_b/u_b_core/core/core/l5/gk.frontend/win/shift_reg[18][19]/R
-0.364	u_top/u_core/u_b/u_b_core/core/core/shuffle/busy_reg/C	u_top/u_core/u_b/u_b_core/core/core/l5/gk.frontend/win/shift_reg[11][20]/R
-0.362	u_top/u_core/u_b/u_b_core/core/core/l5/mac/mac/tree_stage[6].valid_q_reg[7]/C	u_top/u_core/u_b/u_b_core/core/core/l5/mac/issue/out_window_reg[3556]/CE
-0.362	u_top/u_core/u_b/u_b_core/core/core/l5/mac/mac/tree_stage[6].valid_q_reg[7]/C	u_top/u_core/u_b/u_b_core/core/core/l5/mac/issue/out_window_reg[3557]/CE
-0.362	u_top/u_core/u_b/u_b_core/core/core/l5/mac/mac/tree_stage[6].valid_q_reg[7]/C	u_top/u_core/u_b/u_b_core/core/core/l5/mac/issue/out_window_reg[3558]/CE
-0.362	u_top/u_core/u_b/u_b_core/core/core/l5/mac/mac/tree_stage[6].valid_q_reg[7]/C	u_top/u_core/u_b/u_b_core/core/core/l5/mac/issue/out_window_reg[3559]/CE
-0.362	u_top/u_core/u_b/u_b_core/core/core/l5/mac/mac/tree_stage[6].valid_q_reg[7]/C	u_top/u_core/u_b/u_b_core/core/core/l5/mac/issue/out_window_reg[3560]/CE
-0.362	u_top/u_core/u_b/u_b_core/core/core/l5/mac/mac/tree_stage[6].valid_q_reg[7]/C	u_top/u_core/u_b/u_b_core/core/core/l5/mac/issue/out_window_reg[3561]/CE
-0.362	u_top/u_core/u_b/u_b_core/core/core/shuffle/busy_reg/C	u_top/u_core/u_b/u_b_core/core/core/l5/gk.frontend/fifo/g_wide_read.g_read_slice[31].rd_ptr_local_reg[0]/R
-0.362	u_top/u_core/u_b/u_b_core/core/core/shuffle/busy_reg/C	u_top/u_core/u_b/u_b_core/core/core/l5/gk.frontend/fifo/g_wide_read.g_read_slice[31].rd_ptr_local_reg[1]/R
-0.362	u_top/u_core/u_b/u_b_core/core/core/shuffle/busy_reg/C	u_top/u_core/u_b/u_b_core/core/core/l5/gk.frontend/win/shift_reg[16][218]/R
-0.361	u_top/u_core/u_b/u_b_core/core/core/l5/mac/mac/tree_stage[6].valid_q_reg[7]/C	u_top/u_core/u_b/u_b_core/core/core/l5/gk.frontend/fifo/g_wide_read.g_read_slice[38].rd_ptr_local_reg[0]/R
-0.361	u_top/u_core/u_b/u_b_core/core/core/l5/mac/mac/tree_stage[6].valid_q_reg[7]/C	u_top/u_core/u_b/u_b_core/core/core/l5/gk.frontend/fifo/g_wide_read.g_read_slice[38].rd_ptr_local_reg[1]/R
-0.359	u_top/u_core/u_b/u_b_core/core/core/shuffle/busy_reg/C	u_top/u_core/u_b/u_b_core/core/core/l5/gk.frontend/win/shift_reg[15][164]/R
-0.358	u_top/u_core/u_b/u_b_core/core/core/shuffle/busy_reg/C	u_top/u_core/u_b/u_b_core/core/core/l5/gk.frontend/win/shift_reg[22][113]/R
-0.358	u_top/u_core/u_b/u_b_core/core/core/l5/mac/mac/tree_stage[6].valid_q_reg[7]/C	u_top/u_core/u_b/u_b_core/core/core/l5/mac/mac/out_lane[3].mult_lane[9].operand_pipe.weight_q_reg[4]/R
-0.358	u_top/u_core/u_b/u_b_core/core/core/l5/mac/mac/tree_stage[6].valid_q_reg[7]/C	u_top/u_core/u_b/u_b_core/core/core/l5/mac/mac/out_lane[3].mult_lane[9].operand_pipe.weight_q_reg[6]/R
-0.357	u_top/u_core/u_b/u_b_core/core/core/shuffle/busy_reg/C	u_top/u_core/u_b/u_b_core/core/core/l5/gk.frontend/win/shift_reg[21][180]/R
-0.357	u_top/u_core/u_b/u_b_core/core/core/shuffle/busy_reg/C	u_top/u_core/u_b/u_b_core/core/core/l5/gk.frontend/win/shift_reg[21][83]/R
-0.357	u_top/u_core/u_b/u_b_core/core/core/shuffle/busy_reg/C	u_top/u_core/u_b/u_b_core/core/core/l5/gk.frontend/win/shift_reg[21][87]/R
-0.357	u_top/u_core/u_b/u_b_core/core/core/shuffle/busy_reg/C	u_top/u_core/u_b/u_b_core/core/core/l5/gk.frontend/win/shift_reg[22][179]/R
-0.357	u_top/u_core/u_b/u_b_core/core/core/shuffle/busy_reg/C	u_top/u_core/u_b/u_b_core/core/core/l5/gk.frontend/win/shift_reg[22][180]/R
-0.357	u_top/u_core/u_b/u_b_core/core/core/shuffle/busy_reg/C	u_top/u_core/u_b/u_b_core/core/core/l5/gk.frontend/win/shift_reg[22][195]/R
-0.357	u_top/u_core/u_b/u_b_core/core/core/shuffle/busy_reg/C	u_top/u_core/u_b/u_b_core/core/core/l5/gk.frontend/win/shift_reg[22][236]/R
-0.356	u_top/u_core/u_b/u_b_core/core/core/l5/mac/mac/tree_stage[6].valid_q_reg[7]/C	u_top/u_core/u_b/u_b_core/core/core/l5/gk.frontend/fifo/g_wide_read.g_read_slice[41].rd_ptr_local_reg[0]/R
-0.356	u_top/u_core/u_b/u_b_core/core/core/l5/mac/mac/tree_stage[6].valid_q_reg[7]/C	u_top/u_core/u_b/u_b_core/core/core/l5/gk.frontend/fifo/g_wide_read.g_read_slice[41].rd_ptr_local_reg[1]/R
-0.355	u_top/u_core/u_b/u_b_core/core/core/l5/mac/mac/tree_stage[6].valid_q_reg[7]/C	u_top/u_core/u_b/u_b_core/core/core/l5/gk.frontend/fifo/g_wide_read.g_read_slice[17].rd_ptr_local_reg[0]/R
-0.355	u_top/u_core/u_b/u_b_core/core/core/l5/mac/mac/tree_stage[6].valid_q_reg[7]/C	u_top/u_core/u_b/u_b_core/core/core/l5/gk.frontend/fifo/g_wide_read.g_read_slice[17].rd_ptr_local_reg[1]/R
-0.354	u_top/u_core/u_b/u_b_core/core/core/l5/mac/mac/tree_stage[6].valid_q_reg[7]/C	u_top/u_core/u_b/u_b_core/core/core/l5/mac/issue/out_window_reg[3510]/CE
-0.354	u_top/u_core/u_b/u_b_core/core/core/l5/mac/mac/tree_stage[6].valid_q_reg[7]/C	u_top/u_core/u_b/u_b_core/core/core/l5/mac/issue/out_window_reg[3511]/CE
-0.354	u_top/u_core/u_b/u_b_core/core/core/l5/mac/mac/tree_stage[6].valid_q_reg[7]/C	u_top/u_core/u_b/u_b_core/core/core/l5/mac/issue/out_window_reg[3512]/CE
-0.354	u_top/u_core/u_b/u_b_core/core/core/l5/mac/mac/tree_stage[6].valid_q_reg[7]/C	u_top/u_core/u_b/u_b_core/core/core/l5/mac/issue/out_window_reg[3513]/CE
-0.354	u_top/u_core/u_b/u_b_core/core/core/l5/mac/mac/tree_stage[6].valid_q_reg[7]/C	u_top/u_core/u_b/u_b_core/core/core/l5/mac/issue/out_window_reg[3514]/CE
-0.354	u_top/u_core/u_b/u_b_core/core/core/l5/mac/mac/tree_stage[6].valid_q_reg[7]/C	u_top/u_core/u_b/u_b_core/core/core/l5/mac/issue/out_window_reg[3515]/CE
-0.354	u_top/u_core/u_b/u_b_core/core/core/shuffle/busy_reg/C	u_top/u_core/u_b/u_b_core/core/core/l5/gk.frontend/win/shift_reg[0][192]/R
-0.354	u_top/u_core/u_b/u_b_core/core/core/shuffle/busy_reg/C	u_top/u_core/u_b/u_b_core/core/core/l5/gk.frontend/win/shift_reg[2][0]/R
-0.354	u_top/u_core/u_b/u_b_core/core/core/shuffle/busy_reg/C	u_top/u_core/u_b/u_b_core/core/core/l5/gk.frontend/win/shift_reg[2][146]/R
-0.354	u_top/u_core/u_b/u_b_core/core/core/shuffle/busy_reg/C	u_top/u_core/u_b/u_b_core/core/core/l5/gk.frontend/win/shift_reg[2][179]/R
-0.354	u_top/u_core/u_b/u_b_core/core/core/shuffle/busy_reg/C	u_top/u_core/u_b/u_b_core/core/core/l5/gk.frontend/win/shift_reg[5][11]/R
-0.353	u_top/u_core/u_b/u_b_core/core/core/shuffle/busy_reg/C	u_top/u_core/u_b/u_b_core/core/core/l5/gk.frontend/win/shift_reg[22][187]/R
-0.353	u_top/u_core/u_b/u_b_core/core/core/l5/mac/mac/tree_stage[6].valid_q_reg[7]/C	u_top/u_core/u_b/u_b_core/core/core/l5/gk.frontend/fifo/g_wide_read.g_read_slice[47].rd_ptr_local_reg[0]/R
-0.353	u_top/u_core/u_b/u_b_core/core/core/l5/mac/mac/tree_stage[6].valid_q_reg[7]/C	u_top/u_core/u_b/u_b_core/core/core/l5/gk.frontend/fifo/g_wide_read.g_read_slice[47].rd_ptr_local_reg[1]/R
-0.352	u_top/u_core/u_b/u_b_core/core/core/l5/mac/mac/tree_stage[6].valid_q_reg[7]/C	u_top/u_core/u_b/u_b_core/core/core/l5/gk.frontend/fifo/wr_ptr_reg[1]_rep__3/D
-0.351	u_top/u_core/u_b/u_b_core/core/core/l5/mac/mac/tree_stage[6].valid_q_reg[7]/C	u_top/u_core/u_b/u_b_core/core/core/l5/gk.frontend/fifo/g_wide_read.g_read_slice[36].rd_ptr_local_reg[0]/R
-0.351	u_top/u_core/u_b/u_b_core/core/core/l5/mac/mac/tree_stage[6].valid_q_reg[7]/C	u_top/u_core/u_b/u_b_core/core/core/l5/gk.frontend/fifo/g_wide_read.g_read_slice[36].rd_ptr_local_reg[1]/R
-0.349	u_top/u_core/u_b/u_b_core/core/core/l5/mac/mac/tree_stage[6].valid_q_reg[7]/C	u_top/u_core/u_b/u_b_core/core/core/l5/mac/mac/out_lane[0].mult_lane[14].operand_pipe.weight_q_reg[2]/S
-0.349	u_top/u_core/u_b/u_b_core/core/core/l5/mac/mac/tree_stage[6].valid_q_reg[7]/C	u_top/u_core/u_b/u_b_core/core/core/l5/mac/mac/out_lane[2].mult_lane[34].operand_pipe.weight_q_reg[6]/CE
-0.349	u_top/u_core/u_b/u_b_core/core/core/l5/mac/mac/tree_stage[6].valid_q_reg[7]/C	u_top/u_core/u_b/u_b_core/core/core/l5/mac/issue/out_window_reg[1408]/CE
-0.349	u_top/u_core/u_b/u_b_core/core/core/l5/mac/mac/tree_stage[6].valid_q_reg[7]/C	u_top/u_core/u_b/u_b_core/core/core/l5/mac/issue/out_window_reg[1409]/CE
-0.349	u_top/u_core/u_b/u_b_core/core/core/l5/mac/mac/tree_stage[6].valid_q_reg[7]/C	u_top/u_core/u_b/u_b_core/core/core/l5/mac/issue/out_window_reg[1410]/CE
-0.349	u_top/u_core/u_b/u_b_core/core/core/l5/mac/mac/tree_stage[6].valid_q_reg[7]/C	u_top/u_core/u_b/u_b_core/core/core/l5/mac/issue/out_window_reg[1411]/CE
-0.349	u_top/u_core/u_b/u_b_core/core/core/l5/mac/mac/tree_stage[6].valid_q_reg[7]/C	u_top/u_core/u_b/u_b_core/core/core/l5/mac/issue/out_window_reg[1412]/CE
-0.349	u_top/u_core/u_b/u_b_core/core/core/l5/mac/mac/tree_stage[6].valid_q_reg[7]/C	u_top/u_core/u_b/u_b_core/core/core/l5/mac/issue/out_window_reg[1413]/CE
-0.348	u_top/u_core/u_b/u_b_core/core/core/shuffle/busy_reg/C	u_top/u_core/u_b/u_b_core/core/core/l5/gk.frontend/win/shift_reg[1][83]/R
-0.347	u_top/u_core/u_b/u_b_core/core/core/shuffle/busy_reg/C	u_top/u_core/u_b/u_b_core/core/core/l5/gk.frontend/win/shift_reg[12][183]/R
-0.346	u_top/u_core/u_b/u_b_core/core/core/shuffle/busy_reg/C	u_top/u_core/u_b/u_b_core/core/core/l5/gk.frontend/win/shift_reg[17][120]/R
-0.346	u_top/u_core/u_b/u_b_core/core/core/shuffle/busy_reg/C	u_top/u_core/u_b/u_b_core/core/core/l5/gk.frontend/win/shift_reg[16][253]/R
-0.346	u_top/u_core/u_b/u_b_core/core/core/shuffle/busy_reg/C	u_top/u_core/u_b/u_b_core/core/core/l5/gk.frontend/win/shift_reg[20][80]/R
-0.344	u_top/u_core/u_b/u_b_core/core/core/shuffle/busy_reg/C	u_top/u_core/u_b/u_b_core/core/core/l5/gk.frontend/win/shift_reg[0][133]/R
-0.344	u_top/u_core/u_b/u_b_core/core/core/shuffle/busy_reg/C	u_top/u_core/u_b/u_b_core/core/core/l5/gk.frontend/win/shift_reg[0][34]/R
-0.344	u_top/u_core/u_b/u_b_core/core/core/l5/mac/mac/tree_stage[6].valid_q_reg[7]/C	u_top/u_core/u_b/u_b_core/core/core/l5/mac/issue/out_window_reg[3294]/CE
-0.344	u_top/u_core/u_b/u_b_core/core/core/l5/mac/mac/tree_stage[6].valid_q_reg[7]/C	u_top/u_core/u_b/u_b_core/core/core/l5/mac/issue/out_window_reg[3295]/CE
-0.344	u_top/u_core/u_b/u_b_core/core/core/l5/mac/mac/tree_stage[6].valid_q_reg[7]/C	u_top/u_core/u_b/u_b_core/core/core/l5/mac/issue/out_window_reg[3296]/CE
-0.344	u_top/u_core/u_b/u_b_core/core/core/l5/mac/mac/tree_stage[6].valid_q_reg[7]/C	u_top/u_core/u_b/u_b_core/core/core/l5/mac/issue/out_window_reg[3297]/CE
-0.344	u_top/u_core/u_b/u_b_core/core/core/l5/mac/mac/tree_stage[6].valid_q_reg[7]/C	u_top/u_core/u_b/u_b_core/core/core/l5/mac/issue/out_window_reg[3298]/CE
-0.344	u_top/u_core/u_b/u_b_core/core/core/l5/mac/mac/tree_stage[6].valid_q_reg[7]/C	u_top/u_core/u_b/u_b_core/core/core/l5/mac/issue/out_window_reg[3299]/CE
-0.342	u_top/u_core/u_b/u_b_core/core/core/l5/mac/mac/tree_stage[6].valid_q_reg[7]/C	u_top/u_core/u_b/u_b_core/core/core/l5/gk.frontend/fifo/g_wide_read.g_read_slice[53].rd_ptr_local_reg[0]/R
-0.342	u_top/u_core/u_b/u_b_core/core/core/l5/mac/mac/tree_stage[6].valid_q_reg[7]/C	u_top/u_core/u_b/u_b_core/core/core/l5/gk.frontend/fifo/g_wide_read.g_read_slice[53].rd_ptr_local_reg[1]/R
-0.342	u_top/u_core/u_b/u_b_core/core/core/shuffle/busy_reg/C	u_top/u_core/u_b/u_b_core/core/core/l5/gk.frontend/win/shift_reg[21][23]/R
-0.342	u_top/u_core/u_b/u_b_core/core/core/shuffle/busy_reg/C	u_top/u_core/u_b/u_b_core/core/core/l5/gk.frontend/win/shift_reg[21][5]/R
-0.342	u_top/u_core/u_b/u_b_core/core/core/shuffle/busy_reg/C	u_top/u_core/u_b/u_b_core/core/core/l5/gk.frontend/win/shift_reg[22][23]/R
-0.341	u_top/u_core/u_b/u_b_core/core/core/l5/mac/mac/tree_stage[6].valid_q_reg[7]/C	u_top/u_core/u_b/u_b_core/core/core/l5/mac/issue/out_window_reg[1106]/CE
-0.341	u_top/u_core/u_b/u_b_core/core/core/l5/mac/mac/tree_stage[6].valid_q_reg[7]/C	u_top/u_core/u_b/u_b_core/core/core/l5/mac/issue/out_window_reg[1107]/CE
-0.341	u_top/u_core/u_b/u_b_core/core/core/l5/mac/mac/tree_stage[6].valid_q_reg[7]/C	u_top/u_core/u_b/u_b_core/core/core/l5/mac/issue/out_window_reg[1108]/CE
-0.341	u_top/u_core/u_b/u_b_core/core/core/l5/mac/mac/tree_stage[6].valid_q_reg[7]/C	u_top/u_core/u_b/u_b_core/core/core/l5/mac/issue/out_window_reg[1109]/CE
-0.341	u_top/u_core/u_b/u_b_core/core/core/l5/mac/mac/tree_stage[6].valid_q_reg[7]/C	u_top/u_core/u_b/u_b_core/core/core/l5/mac/issue/out_window_reg[1110]/CE
-0.341	u_top/u_core/u_b/u_b_core/core/core/l5/mac/mac/tree_stage[6].valid_q_reg[7]/C	u_top/u_core/u_b/u_b_core/core/core/l5/mac/issue/out_window_reg[1111]/CE
-0.339	u_top/u_core/u_b/u_b_core/core/core/shuffle/busy_reg/C	u_top/u_core/u_b/u_b_core/core/core/l5/gk.frontend/win/shift_reg[21][186]/R
-0.339	u_top/u_core/u_b/u_b_core/core/core/shuffle/busy_reg/C	u_top/u_core/u_b/u_b_core/core/core/l5/gk.frontend/win/shift_reg[21][247]/R
-0.339	u_top/u_core/u_b/u_b_core/core/core/shuffle/busy_reg/C	u_top/u_core/u_b/u_b_core/core/core/l5/gk.frontend/win/shift_reg[18][198]/R
-0.339	u_top/u_core/u_b/u_b_core/core/core/shuffle/busy_reg/C	u_top/u_core/u_b/u_b_core/core/core/l5/gk.frontend/win/shift_reg[18][209]/R
-0.339	u_top/u_core/u_b/u_b_core/core/core/shuffle/busy_reg/C	u_top/u_core/u_b/u_b_core/core/core/l5/gk.frontend/win/shift_reg[18][79]/R
-0.339	u_top/u_core/u_b/u_b_core/core/core/shuffle/busy_reg/C	u_top/u_core/u_b/u_b_core/core/core/l5/gk.frontend/win/shift_reg[18][96]/R
-0.339	u_top/u_core/u_b/u_b_core/core/core/shuffle/busy_reg/C	u_top/u_core/u_b/u_b_core/core/core/l5/gk.frontend/win/shift_reg[23][124]/R
-0.339	u_top/u_core/u_b/u_b_core/core/core/shuffle/busy_reg/C	u_top/u_core/u_b/u_b_core/core/core/l5/gk.frontend/win/shift_reg[6][149]/R
-0.338	u_top/u_core/u_b/u_b_core/core/core/shuffle/busy_reg/C	u_top/u_core/u_b/u_b_core/core/core/l5/gk.frontend/win/shift_reg[18][178]/R
-0.338	u_top/u_core/u_b/u_b_core/core/core/shuffle/busy_reg/C	u_top/u_core/u_b/u_b_core/core/core/l5/gk.frontend/win/shift_reg[18][20]/R
-0.338	u_top/u_core/u_b/u_b_core/core/core/shuffle/busy_reg/C	u_top/u_core/u_b/u_b_core/core/core/l5/gk.frontend/win/shift_reg[0][253]/R
-0.338	u_top/u_core/u_b/u_b_core/core/core/shuffle/busy_reg/C	u_top/u_core/u_b/u_b_core/core/core/l5/gk.frontend/win/shift_reg[1][115]/R
-0.338	u_top/u_core/u_b/u_b_core/core/core/shuffle/busy_reg/C	u_top/u_core/u_b/u_b_core/core/core/l5/gk.frontend/win/shift_reg[1][229]/R
-0.337	u_top/u_core/u_b/u_b_core/core/core/l5/mac/mac/tree_stage[6].valid_q_reg[7]/C	u_top/u_core/u_b/u_b_core/core/core/l5/mac/mac/out_lane[3].mult_lane[11].operand_pipe.weight_q_reg[2]/S
-0.336	u_top/u_core/u_b/u_b_core/core/core/l5/mac/mac/tree_stage[6].valid_q_reg[7]/C	u_top/u_core/u_b/u_b_core/core/core/l5/mac/mac/out_lane[2].mult_lane[32].operand_pipe.act_q_reg[7]/CE
-0.335	u_top/u_core/u_b/u_b_core/core/core/l5/mac/mac/tree_stage[6].valid_q_reg[7]/C	u_top/u_core/u_b/u_b_core/core/core/l5/gk.frontend/fifo/g_wide_read.g_read_slice[28].rd_ptr_local_reg[0]/R
-0.335	u_top/u_core/u_b/u_b_core/core/core/l5/mac/mac/tree_stage[6].valid_q_reg[7]/C	u_top/u_core/u_b/u_b_core/core/core/l5/gk.frontend/fifo/g_wide_read.g_read_slice[28].rd_ptr_local_reg[1]/R
-0.334	u_top/u_core/u_b/u_b_core/core/core/l5/mac/issue/out_phase_reg[0]_rep__2_replica_1/C	u_top/u_core/u_b/u_b_core/core/core/l5/mac/mac/out_lane[2].mult_lane[7].operand_pipe.act_q_reg[15]/D
-0.334	u_top/u_core/u_b/u_b_core/core/core/l5/mac/mac/tree_stage[6].valid_q_reg[7]/C	u_top/u_core/u_b/u_b_core/core/core/l5/mac/issue/out_window_reg[3218]/CE
-0.334	u_top/u_core/u_b/u_b_core/core/core/l5/mac/mac/tree_stage[6].valid_q_reg[7]/C	u_top/u_core/u_b/u_b_core/core/core/l5/mac/issue/out_window_reg[3219]/CE
-0.334	u_top/u_core/u_b/u_b_core/core/core/l5/mac/mac/tree_stage[6].valid_q_reg[7]/C	u_top/u_core/u_b/u_b_core/core/core/l5/mac/issue/out_window_reg[3220]/CE
-0.334	u_top/u_core/u_b/u_b_core/core/core/l5/mac/mac/tree_stage[6].valid_q_reg[7]/C	u_top/u_core/u_b/u_b_core/core/core/l5/mac/issue/out_window_reg[3221]/CE
-0.334	u_top/u_core/u_b/u_b_core/core/core/l5/mac/mac/tree_stage[6].valid_q_reg[7]/C	u_top/u_core/u_b/u_b_core/core/core/l5/mac/issue/out_window_reg[3222]/CE
-0.334	u_top/u_core/u_b/u_b_core/core/core/l5/mac/mac/tree_stage[6].valid_q_reg[7]/C	u_top/u_core/u_b/u_b_core/core/core/l5/mac/issue/out_window_reg[3223]/CE
-0.331	u_top/u_core/u_b/u_b_core/core/core/l5/mac/mac/tree_stage[6].valid_q_reg[7]/C	u_top/u_core/u_b/u_b_core/core/core/l5/gk.frontend/fifo/wr_ptr_reg[0]_rep__5/D
-0.331	u_top/u_core/u_b/u_b_core/core/core/l5/mac/issue/out_phase_reg[2]_rep__3/C	u_top/u_core/u_b/u_b_core/core/core/l5/mac/mac/out_lane[3].mult_lane[14].operand_pipe.act_q_reg[6]/D
-0.330	u_top/u_core/u_b/u_b_core/core/core/shuffle/busy_reg/C	u_top/u_core/u_b/u_b_core/core/core/l5/gk.frontend/win/shift_reg[0][230]/R
-0.330	u_top/u_core/u_b/u_b_core/core/core/shuffle/busy_reg/C	u_top/u_core/u_b/u_b_core/core/core/l5/gk.frontend/win/shift_reg[1][223]/R
-0.330	u_top/u_core/u_b/u_b_core/core/core/shuffle/busy_reg/C	u_top/u_core/u_b/u_b_core/core/core/l5/gk.frontend/win/shift_reg[2][117]/R
-0.330	u_top/u_core/u_b/u_b_core/core/core/shuffle/busy_reg/C	u_top/u_core/u_b/u_b_core/core/core/l5/gk.frontend/win/shift_reg[2][220]/R
-0.330	u_top/u_core/u_b/u_b_core/core/core/shuffle/busy_reg/C	u_top/u_core/u_b/u_b_core/core/core/l5/gk.frontend/win/shift_reg[2][221]/R
-0.330	u_top/u_core/u_b/u_b_core/core/core/shuffle/busy_reg/C	u_top/u_core/u_b/u_b_core/core/core/l5/gk.frontend/win/shift_reg[2][254]/R
-0.330	u_top/u_core/u_b/u_b_core/core/core/shuffle/busy_reg/C	u_top/u_core/u_b/u_b_core/core/core/l5/gk.frontend/win/shift_reg[2][255]/R
-0.330	u_top/u_core/u_b/u_b_core/core/core/shuffle/busy_reg/C	u_top/u_core/u_b/u_b_core/core/core/l5/gk.frontend/win/shift_reg[2][25]/R
-0.330	u_top/u_core/u_pp/u_bank0/mem_reg_bram_3/CLKBWRCLK	u_top/u_core/u_pp/u_bank0/rd_data_reg[0]/D
-0.328	u_top/u_core/u_b/u_b_core/core/core/l5/mac/mac/tree_stage[6].valid_q_reg[7]/C	u_top/u_core/u_b/u_b_core/core/core/l5/gk.frontend/fifo/g_wide_read.g_read_slice[20].rd_ptr_local_reg[0]/R
-0.328	u_top/u_core/u_b/u_b_core/core/core/l5/mac/mac/tree_stage[6].valid_q_reg[7]/C	u_top/u_core/u_b/u_b_core/core/core/l5/gk.frontend/fifo/g_wide_read.g_read_slice[20].rd_ptr_local_reg[1]/R
-0.328	u_top/u_core/u_b/u_b_core/core/core/l5/mac/issue/out_phase_reg[0]_rep__15/C	u_top/u_core/u_b/u_b_core/core/core/l5/mac/mac/out_lane[3].mult_lane[24].operand_pipe.weight_q_reg[1]/D
-0.327	u_top/u_core/u_b/u_b_core/core/core/f45/g_narrow_read.rd_ptr_local_reg[3]/C	u_top/u_core/u_b/u_b_core/core/core/l5/gk.frontend/win/bank_gen[0].mem_reg_3/DIADI[28]
-0.327	u_top/u_core/u_b/u_b_core/core/core/l5/mac/mac/tree_stage[6].valid_q_reg[7]/C	u_top/u_core/u_b/u_b_core/core/core/l5/gk.frontend/fifo/g_wide_read.g_read_slice[47].rd_ptr_local_reg[0]/CE
-0.327	u_top/u_core/u_b/u_b_core/core/core/l5/mac/mac/tree_stage[6].valid_q_reg[7]/C	u_top/u_core/u_b/u_b_core/core/core/l5/gk.frontend/fifo/g_wide_read.g_read_slice[47].rd_ptr_local_reg[1]/CE
-0.327	u_top/u_core/u_b/u_b_core/core/core/l5/mac/mac/tree_stage[6].valid_q_reg[7]/C	u_top/u_core/u_b/u_b_core/core/core/l5/mac/issue/out_window_reg[1042]/CE
-0.327	u_top/u_core/u_b/u_b_core/core/core/l5/mac/mac/tree_stage[6].valid_q_reg[7]/C	u_top/u_core/u_b/u_b_core/core/core/l5/mac/issue/out_window_reg[1043]/CE
-0.327	u_top/u_core/u_b/u_b_core/core/core/l5/mac/mac/tree_stage[6].valid_q_reg[7]/C	u_top/u_core/u_b/u_b_core/core/core/l5/mac/issue/out_window_reg[1044]/CE
-0.327	u_top/u_core/u_b/u_b_core/core/core/l5/mac/mac/tree_stage[6].valid_q_reg[7]/C	u_top/u_core/u_b/u_b_core/core/core/l5/mac/issue/out_window_reg[1045]/CE
-0.327	u_top/u_core/u_b/u_b_core/core/core/l5/mac/mac/tree_stage[6].valid_q_reg[7]/C	u_top/u_core/u_b/u_b_core/core/core/l5/mac/issue/out_window_reg[1046]/CE
-0.327	u_top/u_core/u_b/u_b_core/core/core/l5/mac/mac/tree_stage[6].valid_q_reg[7]/C	u_top/u_core/u_b/u_b_core/core/core/l5/mac/issue/out_window_reg[1047]/CE
-0.327	u_top/u_core/u_b/u_b_core/core/core/f45/g_narrow_read.rd_ptr_local_reg[0]_replica_3/C	u_top/u_core/u_b/u_b_core/core/core/l5/gk.frontend/win/bank_gen[1].mem_reg_1/DIADI[16]
-0.326	u_top/u_core/u_b/u_b_core/core/core/shuffle/busy_reg/C	u_top/u_core/u_b/u_b_core/core/core/l5/gk.frontend/win/shift_reg[10][201]/R
-0.325	u_top/u_core/u_b/u_b_core/core/core/l5/mac/mac/out_lane[1].mult_lane[5].operand_pipe.act_q_reg[9]/C	u_top/u_core/u_b/u_b_core/core/core/l5/mac/mac/out_lane[1].mult_lane[5].operand_pipe.sums_q_reg[0][1][5]/A[9]
-0.325	u_top/u_core/u_b/u_b_core/core/core/l5/mac/issue/out_phase_reg[1]_rep__16/C	u_top/u_core/u_b/u_b_core/core/core/l5/mac/mac/out_lane[1].mult_lane[46].operand_pipe.act_q_reg[5]/D
-0.324	u_top/u_core/u_b/u_b_core/core/core/l5/mac/issue/out_window_reg[5898]/C	u_top/u_core/u_b/u_b_core/core/core/l5/mac/mac/out_lane[2].mult_lane[23].operand_pipe.act_q_reg[10]/D
-0.322	u_top/u_core/u_b/u_b_core/core/core/l5/mac/issue/out_phase_reg[2]_rep__3/C	u_top/u_core/u_b/u_b_core/core/core/l5/mac/mac/out_lane[2].mult_lane[15].operand_pipe.act_q_reg[0]/D
-0.322	u_top/u_core/u_b/u_b_core/core/core/shuffle/busy_reg/C	u_top/u_core/u_b/u_b_core/core/core/l5/gk.frontend/win/shift_reg[22][6]/R
-0.322	u_top/u_core/u_b/u_b_core/core/core/shuffle/busy_reg/C	u_top/u_core/u_b/u_b_core/core/core/l5/gk.frontend/win/shift_reg[10][27]/R
-0.320	u_top/u_core/u_b/u_b_core/core/core/l5/mac/issue/out_phase_reg[0]_rep__2_replica_1/C	u_top/u_core/u_b/u_b_core/core/core/l5/mac/mac/out_lane[1].mult_lane[7].operand_pipe.act_q_reg[15]/D
-0.319	u_top/u_core/u_b/u_b_core/core/core/shuffle/busy_reg/C	u_top/u_core/u_b/u_b_core/core/core/l5/gk.frontend/win/shift_reg[0][199]/R
-0.319	u_top/u_core/u_b/u_b_core/core/core/shuffle/busy_reg/C	u_top/u_core/u_b/u_b_core/core/core/l5/gk.frontend/win/shift_reg[1][26]/R
-0.319	u_top/u_core/u_b/u_b_core/core/core/l5/mac/mac/tree_stage[6].valid_q_reg[7]/C	u_top/u_core/u_b/u_b_core/core/core/l5/mac/issue/out_window_reg[3096]/CE
-0.319	u_top/u_core/u_b/u_b_core/core/core/l5/mac/mac/tree_stage[6].valid_q_reg[7]/C	u_top/u_core/u_b/u_b_core/core/core/l5/mac/issue/out_window_reg[3097]/CE
-0.319	u_top/u_core/u_b/u_b_core/core/core/l5/mac/mac/tree_stage[6].valid_q_reg[7]/C	u_top/u_core/u_b/u_b_core/core/core/l5/mac/issue/out_window_reg[3098]/CE
-0.319	u_top/u_core/u_b/u_b_core/core/core/l5/mac/mac/tree_stage[6].valid_q_reg[7]/C	u_top/u_core/u_b/u_b_core/core/core/l5/mac/issue/out_window_reg[3099]/CE
-0.319	u_top/u_core/u_b/u_b_core/core/core/l5/mac/mac/tree_stage[6].valid_q_reg[7]/C	u_top/u_core/u_b/u_b_core/core/core/l5/mac/issue/out_window_reg[3100]/CE
-0.319	u_top/u_core/u_b/u_b_core/core/core/l5/mac/mac/tree_stage[6].valid_q_reg[7]/C	u_top/u_core/u_b/u_b_core/core/core/l5/mac/issue/out_window_reg[3101]/CE
-0.318	u_top/u_core/u_b/u_b_core/core/core/l5/mac/mac/tree_stage[6].valid_q_reg[7]/C	u_top/u_core/u_b/u_b_core/core/core/l5/mac/mac/out_lane[3].mult_lane[9].operand_pipe.weight_q_reg[3]/R
-0.318	u_top/u_core/u_b/u_b_core/core/core/l5/mac/mac/tree_stage[6].valid_q_reg[7]/C	u_top/u_core/u_b/u_b_core/core/core/l5/mac/issue/out_window_reg[3824]/CE
-0.318	u_top/u_core/u_b/u_b_core/core/core/l5/mac/mac/tree_stage[6].valid_q_reg[7]/C	u_top/u_core/u_b/u_b_core/core/core/l5/mac/issue/out_window_reg[3825]/CE
-0.318	u_top/u_core/u_b/u_b_core/core/core/l5/mac/mac/tree_stage[6].valid_q_reg[7]/C	u_top/u_core/u_b/u_b_core/core/core/l5/mac/issue/out_window_reg[3826]/CE
-0.318	u_top/u_core/u_b/u_b_core/core/core/l5/mac/mac/tree_stage[6].valid_q_reg[7]/C	u_top/u_core/u_b/u_b_core/core/core/l5/mac/issue/out_window_reg[3827]/CE
-0.318	u_top/u_core/u_b/u_b_core/core/core/l5/mac/mac/tree_stage[6].valid_q_reg[7]/C	u_top/u_core/u_b/u_b_core/core/core/l5/mac/issue/out_window_reg[3828]/CE
-0.318	u_top/u_core/u_b/u_b_core/core/core/l5/mac/mac/tree_stage[6].valid_q_reg[7]/C	u_top/u_core/u_b/u_b_core/core/core/l5/mac/issue/out_window_reg[3829]/CE
-0.318	u_top/u_core/u_b/u_b_core/core/core/l5/mac/issue/out_window_reg[5473]/C	u_top/u_core/u_b/u_b_core/core/core/l5/mac/mac/out_lane[1].mult_lane[21].operand_pipe.act_q_reg[1]/D
-0.318	u_top/u_core/u_b/u_b_core/core/core/shuffle/busy_reg/C	u_top/u_core/u_b/u_b_core/core/core/l5/gk.frontend/win/shift_reg[22][188]/R
-0.318	u_top/u_core/u_b/u_b_core/core/core/shuffle/busy_reg/C	u_top/u_core/u_b/u_b_core/core/core/l5/gk.frontend/win/shift_reg[22][219]/R
-0.318	u_top/u_core/u_b/u_b_core/core/core/shuffle/busy_reg/C	u_top/u_core/u_b/u_b_core/core/core/l5/gk.frontend/win/shift_reg[21][35]/R
-0.318	u_top/u_core/u_b/u_b_core/core/core/l5/mac/mac/tree_stage[6].valid_q_reg[7]/C	u_top/u_core/u_b/u_b_core/core/core/l5/mac/issue/out_window_reg[3684]/CE
-0.318	u_top/u_core/u_b/u_b_core/core/core/l5/mac/mac/tree_stage[6].valid_q_reg[7]/C	u_top/u_core/u_b/u_b_core/core/core/l5/mac/issue/out_window_reg[3685]/CE
-0.318	u_top/u_core/u_b/u_b_core/core/core/l5/mac/mac/tree_stage[6].valid_q_reg[7]/C	u_top/u_core/u_b/u_b_core/core/core/l5/mac/issue/out_window_reg[3686]/CE
-0.318	u_top/u_core/u_b/u_b_core/core/core/l5/mac/mac/tree_stage[6].valid_q_reg[7]/C	u_top/u_core/u_b/u_b_core/core/core/l5/mac/issue/out_window_reg[3687]/CE
-0.318	u_top/u_core/u_b/u_b_core/core/core/l5/mac/mac/tree_stage[6].valid_q_reg[7]/C	u_top/u_core/u_b/u_b_core/core/core/l5/mac/issue/out_window_reg[3688]/CE
-0.318	u_top/u_core/u_b/u_b_core/core/core/l5/mac/mac/tree_stage[6].valid_q_reg[7]/C	u_top/u_core/u_b/u_b_core/core/core/l5/mac/issue/out_window_reg[3689]/CE
-0.317	u_top/u_core/u_b/u_b_core/core/core/l5/mac/issue/out_window_reg[6343]/C	u_top/u_core/u_b/u_b_core/core/core/l5/mac/mac/out_lane[1].mult_lane[24].operand_pipe.act_q_reg[7]/D
-0.317	u_top/u_core/u_b/u_b_core/core/core/l5/mac/mac/tree_stage[6].valid_q_reg[7]/C	u_top/u_core/u_b/u_b_core/core/core/l5/gk.frontend/fifo/g_wide_read.g_read_slice[37].rd_ptr_local_reg[0]/CE
-0.317	u_top/u_core/u_b/u_b_core/core/core/l5/mac/mac/tree_stage[6].valid_q_reg[7]/C	u_top/u_core/u_b/u_b_core/core/core/l5/gk.frontend/fifo/g_wide_read.g_read_slice[37].rd_ptr_local_reg[1]/CE
-0.316	u_top/u_core/u_b/u_b_core/core/core/l5/gk.frontend/win/bank_gen[1].mem_reg_1/CLKARDCLK	u_top/u_core/u_b/u_b_core/core/core/l5/gk.frontend/win/shift_reg[4][59]/D
-0.315	u_top/u_core/u_b/u_b_core/core/core/shuffle/busy_reg/C	u_top/u_core/u_b/u_b_core/core/core/l5/gk.frontend/fifo/g_wide_read.g_read_slice[88].rd_ptr_local_reg[0]/R
-0.315	u_top/u_core/u_b/u_b_core/core/core/shuffle/busy_reg/C	u_top/u_core/u_b/u_b_core/core/core/l5/gk.frontend/fifo/g_wide_read.g_read_slice[88].rd_ptr_local_reg[1]/R
-0.315	u_top/u_core/u_b/u_b_core/core/core/l5/mac/issue/out_window_reg[3779]/C	u_top/u_core/u_b/u_b_core/core/core/l5/mac/mac/out_lane[0].mult_lane[14].operand_pipe.act_q_reg[3]/D
-0.315	u_top/u_core/u_b/u_b_core/core/core/l5/mac/issue/out_phase_reg[1]_rep/C	u_top/u_core/u_b/u_b_core/core/core/l5/mac/mac/out_lane[3].mult_lane[5].operand_pipe.weight_q_reg[2]/R
-0.315	u_top/u_core/u_b/u_b_core/core/core/shuffle/busy_reg/C	u_top/u_core/u_b/u_b_core/core/core/l5/gk.frontend/win/shift_reg[21][213]/R
-0.315	u_top/u_core/u_b/u_b_core/core/core/shuffle/busy_reg/C	u_top/u_core/u_b/u_b_core/core/core/l5/gk.frontend/win/shift_reg[21][244]/R
-0.314	u_top/u_core/u_b/u_b_core/core/core/f45/g_narrow_read.rd_ptr_local_reg[1]_replica_3/C	u_top/u_core/u_b/u_b_core/core/core/l5/gk.frontend/win/bank_gen[2].mem_reg_0/DIADI[23]
-0.314	u_top/u_core/u_b/u_b_core/core/core/l5/mac/mac/tree_stage[6].valid_q_reg[7]/C	u_top/u_core/u_b/u_b_core/core/core/l5/mac/issue/out_window_reg[3132]/CE
-0.314	u_top/u_core/u_b/u_b_core/core/core/l5/mac/mac/tree_stage[6].valid_q_reg[7]/C	u_top/u_core/u_b/u_b_core/core/core/l5/mac/issue/out_window_reg[3133]/CE
-0.314	u_top/u_core/u_b/u_b_core/core/core/l5/mac/mac/tree_stage[6].valid_q_reg[7]/C	u_top/u_core/u_b/u_b_core/core/core/l5/mac/issue/out_window_reg[3134]/CE
-0.314	u_top/u_core/u_b/u_b_core/core/core/l5/mac/mac/tree_stage[6].valid_q_reg[7]/C	u_top/u_core/u_b/u_b_core/core/core/l5/mac/issue/out_window_reg[3135]/CE
-0.313	u_top/u_core/u_b/u_b_core/core/core/l5/gk.frontend/win/bank_gen[0].mem_reg_3/CLKARDCLK	u_top/u_core/u_b/u_b_core/core/core/l5/gk.frontend/win/shift_reg[14][137]/D
-0.313	u_top/u_core/u_b/u_b_core/core/core/l5/mac/issue/out_phase_reg[1]_rep__2/C	u_top/u_core/u_b/u_b_core/core/core/l5/mac/mac/out_lane[1].mult_lane[1].operand_pipe.act_q_reg[7]/D
-0.313	u_top/u_core/u_b/u_b_core/core/core/l5/gk.frontend/win/bank_gen[0].mem_reg_3/CLKARDCLK	u_top/u_core/u_b/u_b_core/core/core/l5/gk.frontend/win/shift_reg[4][108]/D
-0.311	u_top/u_core/u_b/u_b_core/core/core/l5/mac/issue/out_phase_reg[1]_rep__6/C	u_top/u_core/u_b/u_b_core/core/core/l5/mac/mac/out_lane[2].mult_lane[29].operand_pipe.act_q_reg[8]/D
-0.311	u_top/u_core/u_b/u_b_core/core/core/l5/mac/issue/out_phase_reg[0]_rep__6/C	u_top/u_core/u_b/u_b_core/core/core/l5/mac/mac/out_lane[0].mult_lane[15].operand_pipe.act_q_reg[8]/D
-0.311	u_top/u_core/u_b/u_b_core/core/core/l5/mac/issue/out_phase_reg[1]_rep__5/C	u_top/u_core/u_b/u_b_core/core/core/l5/mac/mac/out_lane[1].mult_lane[49].operand_pipe.act_q_reg[10]/D
-0.311	u_top/u_core/u_b/u_b_core/core/core/l5/mac/mac/tree_stage[6].valid_q_reg[7]/C	u_top/u_core/u_b/u_b_core/core/core/l5/mac/mac/out_lane[3].mult_lane[9].operand_pipe.weight_q_reg[5]/R
-0.310	u_top/u_core/u_b/u_b_core/core/core/l5/gk.frontend/win/bank_gen[3].mem_reg_7/CLKARDCLK	u_top/u_core/u_b/u_b_core/core/core/l5/gk.frontend/win/shift_reg[19][252]/D
-0.310	u_top/u_core/u_b/u_b_core/core/core/l5/mac/issue/out_phase_reg[0]_rep__6/C	u_top/u_core/u_b/u_b_core/core/core/l5/mac/mac/out_lane[2].mult_lane[39].operand_pipe.act_q_reg[14]/D
-0.310	u_top/u_core/u_b/u_b_core/core/core/l5/gk.frontend/win/col_reg[4]_replica_6/C	u_top/u_core/u_b/u_b_core/core/core/l5/gk.frontend/win/bank_gen[1].mem_reg_3/ADDRARDADDR[9]
-0.309	u_top/u_core/u_b/u_b_core/core/core/l5/mac/issue/out_phase_reg[1]_rep__16/C	u_top/u_core/u_b/u_b_core/core/core/l5/mac/mac/out_lane[2].mult_lane[46].operand_pipe.act_q_reg[5]/D
-0.308	u_top/u_core/u_b/u_b_core/core/core/shuffle/busy_reg/C	u_top/u_core/u_b/u_b_core/core/core/l5/gk.frontend/win/shift_reg[22][114]/R
-0.308	u_top/u_core/u_b/u_b_core/core/core/l5/gk.frontend/win/bank_gen[0].mem_reg_3/CLKARDCLK	u_top/u_core/u_b/u_b_core/core/core/l5/gk.frontend/win/shift_reg[14][112]/D
-0.308	u_top/u_core/u_b/u_b_core/core/core/shuffle/busy_reg/C	u_top/u_core/u_b/u_b_core/core/core/l5/gk.frontend/win/shift_reg[0][214]/R
-0.308	u_top/u_core/u_b/u_b_core/core/core/shuffle/busy_reg/C	u_top/u_core/u_b/u_b_core/core/core/l5/gk.frontend/win/shift_reg[0][245]/R
-0.308	u_top/u_core/u_b/u_b_core/core/core/shuffle/busy_reg/C	u_top/u_core/u_b/u_b_core/core/core/l5/gk.frontend/win/shift_reg[1][58]/R
-0.307	u_top/u_core/u_b/u_b_core/core/core/l5/mac/issue/out_phase_reg[0]_rep__0/C	u_top/u_core/u_b/u_b_core/core/core/l5/mac/mac/out_lane[2].mult_lane[27].operand_pipe.act_q_reg[11]/D
-0.307	u_top/u_core/u_b/u_b_core/core/core/l5/mac/mac/tree_stage[6].valid_q_reg[7]/C	u_top/u_core/u_b/u_b_core/core/core/l5/mac/mac/out_lane[0].mult_lane[42].operand_pipe.weight_q_reg[0]/CE
-0.307	u_top/u_core/u_b/u_b_core/core/core/l5/gk.frontend/win/row_mod_d_reg[1]_rep__4/C	u_top/u_core/u_b/u_b_core/core/core/l5/gk.frontend/win/shift_reg[14][188]/D
-0.307	u_top/u_core/u_b/u_b_core/core/core/shuffle/busy_reg/C	u_top/u_core/u_b/u_b_core/core/core/l5/gk.frontend/win/shift_reg[11][104]/R
-0.307	u_top/u_core/u_b/u_b_core/core/core/shuffle/busy_reg/C	u_top/u_core/u_b/u_b_core/core/core/l5/gk.frontend/win/shift_reg[11][10]/R
-0.307	u_top/u_core/u_b/u_b_core/core/core/shuffle/busy_reg/C	u_top/u_core/u_b/u_b_core/core/core/l5/gk.frontend/win/shift_reg[12][104]/R
-0.307	u_top/u_core/u_b/u_b_core/core/core/shuffle/busy_reg/C	u_top/u_core/u_b/u_b_core/core/core/l5/gk.frontend/win/shift_reg[12][203]/R
-0.307	u_top/u_core/u_b/u_b_core/core/core/shuffle/busy_reg/C	u_top/u_core/u_b/u_b_core/core/core/l5/gk.frontend/win/shift_reg[13][199]/R
-0.307	u_top/u_core/u_b/u_b_core/core/core/shuffle/busy_reg/C	u_top/u_core/u_b/u_b_core/core/core/l5/gk.frontend/win/shift_reg[1][233]/R
-0.306	u_top/u_core/u_b/u_b_core/core/core/l5/mac/mac/tree_stage[6].valid_q_reg[7]/C	u_top/u_core/u_b/u_b_core/core/core/l5/mac/issue/out_window_reg[1188]/CE
-0.306	u_top/u_core/u_b/u_b_core/core/core/l5/mac/mac/tree_stage[6].valid_q_reg[7]/C	u_top/u_core/u_b/u_b_core/core/core/l5/mac/issue/out_window_reg[1189]/CE
-0.306	u_top/u_core/u_b/u_b_core/core/core/l5/mac/mac/tree_stage[6].valid_q_reg[7]/C	u_top/u_core/u_b/u_b_core/core/core/l5/mac/issue/out_window_reg[1190]/CE
-0.306	u_top/u_core/u_b/u_b_core/core/core/l5/mac/mac/tree_stage[6].valid_q_reg[7]/C	u_top/u_core/u_b/u_b_core/core/core/l5/mac/issue/out_window_reg[1191]/CE
-0.306	u_top/u_core/u_b/u_b_core/core/core/l5/mac/mac/tree_stage[6].valid_q_reg[7]/C	u_top/u_core/u_b/u_b_core/core/core/l5/mac/issue/out_window_reg[1192]/CE
-0.306	u_top/u_core/u_b/u_b_core/core/core/l5/mac/mac/tree_stage[6].valid_q_reg[7]/C	u_top/u_core/u_b/u_b_core/core/core/l5/mac/issue/out_window_reg[1193]/CE
-0.306	u_top/u_core/u_b/u_b_core/core/core/l5/mac/mac/tree_stage[6].valid_q_reg[7]/C	u_top/u_core/u_b/u_b_core/core/core/l5/mac/mac/out_lane[1].mult_lane[2].operand_pipe.weight_q_reg[1]/CE
-0.306	u_top/u_core/u_b/u_b_core/core/core/l5/mac/mac/tree_stage[6].valid_q_reg[7]/C	u_top/u_core/u_b/u_b_core/core/core/l5/mac/mac/out_lane[2].mult_lane[41].operand_pipe.weight_q_reg[1]/CE
-0.306	u_top/u_core/u_b/u_b_core/core/core/l5/mac/issue/out_phase_reg[1]_rep__5/C	u_top/u_core/u_b/u_b_core/core/core/l5/mac/mac/out_lane[0].mult_lane[49].operand_pipe.act_q_reg[5]/D
-0.305	u_top/u_core/u_b/u_b_core/core/core/l5/mac/issue/out_phase_reg[1]_rep/C	u_top/u_core/u_b/u_b_core/core/core/l5/mac/mac/out_lane[2].mult_lane[17].operand_pipe.weight_q_reg[4]/D
-0.305	u_top/u_core/u_b/u_b_core/core/core/l5/gk.frontend/win/bank_gen[3].mem_reg_6/CLKARDCLK	u_top/u_core/u_b/u_b_core/core/core/l5/gk.frontend/win/shift_reg[14][231]/D
-0.305	u_top/u_core/u_b/u_b_core/core/core/l5/gk.frontend/win/col_reg[1]_rep/C	u_top/u_core/u_b/u_b_core/core/core/l5/gk.frontend/win/bank_gen[2].mem_reg_7/ADDRARDADDR[5]
-0.305	u_top/u_core/u_b/u_b_core/core/core/l5/mac/issue/out_phase_reg[1]_rep/C	u_top/u_core/u_b/u_b_core/core/core/l5/mac/mac/out_lane[2].mult_lane[17].operand_pipe.weight_q_reg[5]/D
-0.304	u_top/u_core/u_b/u_b_core/core/core/shuffle/busy_reg/C	u_top/u_core/u_b/u_b_core/core/core/l5/gk.frontend/win/shift_reg[10][178]/R
-0.304	u_top/u_core/u_b/u_b_core/core/core/shuffle/busy_reg/C	u_top/u_core/u_b/u_b_core/core/core/l5/gk.frontend/win/shift_reg[10][87]/R
-0.304	u_top/u_core/u_b/u_b_core/core/core/shuffle/busy_reg/C	u_top/u_core/u_b/u_b_core/core/core/l5/gk.frontend/win/shift_reg[22][109]/R
-0.304	u_top/u_core/u_b/u_b_core/core/core/shuffle/busy_reg/C	u_top/u_core/u_b/u_b_core/core/core/l5/gk.frontend/win/shift_reg[22][130]/R
-0.304	u_top/u_core/u_b/u_b_core/core/core/shuffle/busy_reg/C	u_top/u_core/u_b/u_b_core/core/core/l5/gk.frontend/win/shift_reg[22][66]/R
-0.304	u_top/u_core/u_b/u_b_core/core/core/l5/gk.frontend/win/bank_gen[0].mem_reg_3/CLKARDCLK	u_top/u_core/u_b/u_b_core/core/core/l5/gk.frontend/win/shift_reg[14][113]/D
-0.304	u_top/u_core/u_b/u_b_core/core/core/l5/gk.frontend/win/bank_gen[1].mem_reg_6/CLKARDCLK	u_top/u_core/u_b/u_b_core/core/core/l5/gk.frontend/win/shift_reg[19][244]/D
-0.304	u_top/u_core/u_b/u_b_core/core/core/l5/mac/issue/out_window_reg[3169]/C	u_top/u_core/u_b/u_b_core/core/core/l5/mac/mac/out_lane[1].mult_lane[12].operand_pipe.act_q_reg[1]/D
-0.303	u_top/u_core/u_b/u_b_core/core/core/l5/mac/issue/out_phase_reg[1]_rep__6/C	u_top/u_core/u_b/u_b_core/core/core/l5/mac/mac/out_lane[0].mult_lane[29].operand_pipe.act_q_reg[8]/D
-0.303	u_top/u_core/u_b/u_b_core/core/core/l5/mac/mac/tree_stage[6].valid_q_reg[7]/C	u_top/u_core/u_b/u_b_core/core/core/l5/gk.frontend/fifo/g_wide_read.g_read_slice[48].rd_ptr_local_reg[0]/R
-0.303	u_top/u_core/u_b/u_b_core/core/core/l5/mac/mac/tree_stage[6].valid_q_reg[7]/C	u_top/u_core/u_b/u_b_core/core/core/l5/gk.frontend/fifo/g_wide_read.g_read_slice[48].rd_ptr_local_reg[1]/R
-0.303	u_top/u_core/u_b/u_b_core/core/core/l5/mac/issue/out_phase_reg[0]_rep__9/C	u_top/u_core/u_b/u_b_core/core/core/l5/mac/mac/out_lane[3].mult_lane[45].operand_pipe.act_q_reg[5]/D
-0.303	u_top/u_core/u_b/u_b_core/core/core/l5/mac/issue/out_phase_reg[1]_rep__6/C	u_top/u_core/u_b/u_b_core/core/core/l5/mac/mac/out_lane[1].mult_lane[8].operand_pipe.weight_q_reg[0]/D
-0.302	u_top/u_core/u_b/u_b_core/core/core/l5/mac/issue/out_phase_reg[0]_rep__0/C	u_top/u_core/u_b/u_b_core/core/core/l5/mac/mac/out_lane[2].mult_lane[3].operand_pipe.act_q_reg[13]/D
-0.302	u_top/u_core/u_b/u_b_core/core/core/l5/mac/issue/out_phase_reg[2]/C	u_top/u_core/u_b/u_b_core/core/core/l5/mac/mac/out_lane[1].mult_lane[4].operand_pipe.act_q_reg[3]/D
-0.302	u_top/u_core/u_b/u_b_core/core/core/shuffle/busy_reg/C	u_top/u_core/u_b/u_b_core/core/core/l5/gk.frontend/win/shift_reg[15][77]/R
-0.302	u_top/u_core/u_b/u_b_core/core/core/shuffle/busy_reg/C	u_top/u_core/u_b/u_b_core/core/core/l5/gk.frontend/win/shift_reg[15][81]/R
-0.302	u_top/u_core/u_b/u_b_core/core/core/shuffle/busy_reg/C	u_top/u_core/u_b/u_b_core/core/core/l5/gk.frontend/win/shift_reg[1][116]/R
-0.302	u_top/u_core/u_b/u_b_core/core/core/shuffle/busy_reg/C	u_top/u_core/u_b/u_b_core/core/core/l5/gk.frontend/win/shift_reg[2][123]/R
-0.302	u_top/u_core/u_b/u_b_core/core/core/shuffle/busy_reg/C	u_top/u_core/u_b/u_b_core/core/core/l5/gk.frontend/win/shift_reg[2][207]/R
-0.302	u_top/u_core/u_b/u_b_core/core/core/shuffle/busy_reg/C	u_top/u_core/u_b/u_b_core/core/core/l5/gk.frontend/win/shift_reg[2][243]/R
-0.302	u_top/u_core/u_b/u_b_core/core/core/shuffle/busy_reg/C	u_top/u_core/u_b/u_b_core/core/core/l5/gk.frontend/win/shift_reg[2][49]/R
-0.302	u_top/u_core/u_b/u_b_core/core/core/shuffle/busy_reg/C	u_top/u_core/u_b/u_b_core/core/core/l5/gk.frontend/win/shift_reg[5][63]/R
-0.302	u_top/u_core/u_b/u_b_core/core/core/l5/gk.frontend/win/shift_reg[20][37]/C	u_top/u_core/u_b/u_b_core/core/core/l5/gk.frontend/fifo/g_wide_read.g_read_slice[80].mem_slice_reg_0_3_36_41/RAMA_D1/I
-0.301	u_top/u_core/u_b/u_b_core/core/core/l5/gk.frontend/win/bank_gen[1].mem_reg_3/CLKARDCLK	u_top/u_core/u_b/u_b_core/core/core/l5/gk.frontend/win/shift_reg[14][136]/D
-0.301	u_top/u_core/u_b/u_b_core/core/core/l5/mac/issue/out_window_reg[6157]/C	u_top/u_core/u_b/u_b_core/core/core/l5/mac/mac/out_lane[3].mult_lane[24].operand_pipe.act_q_reg[13]/D
-0.301	u_top/u_core/c2b_data_q_reg[1][5]/C	u_top/u_core/u_b/u_b_core/core/core/l1/gk.frontend/win/bank_gen[2].mem_reg/DIADI[5]
-0.301	u_top/u_core/u_b/u_b_core/core/core/shuffle/busy_reg/C	u_top/u_core/u_b/u_b_core/core/core/l5/gk.frontend/win/shift_reg[10][151]/R
-0.301	u_top/u_core/u_b/u_b_core/core/core/shuffle/busy_reg/C	u_top/u_core/u_b/u_b_core/core/core/l5/gk.frontend/win/shift_reg[11][187]/R
-0.301	u_top/u_core/u_b/u_b_core/core/core/shuffle/busy_reg/C	u_top/u_core/u_b/u_b_core/core/core/l5/gk.frontend/win/shift_reg[11][219]/R
-0.301	u_top/u_core/u_b/u_b_core/core/core/shuffle/busy_reg/C	u_top/u_core/u_b/u_b_core/core/core/l5/gk.frontend/win/shift_reg[22][196]/R
-0.300	u_top/u_core/u_b/u_b_core/core/core/l5/mac/mac/tree_stage[6].valid_q_reg[7]/C	u_top/u_core/u_b/u_b_core/core/core/l5/mac/issue/out_window_reg[1072]/CE
-0.300	u_top/u_core/u_b/u_b_core/core/core/l5/mac/mac/tree_stage[6].valid_q_reg[7]/C	u_top/u_core/u_b/u_b_core/core/core/l5/mac/issue/out_window_reg[1073]/CE
-0.300	u_top/u_core/u_b/u_b_core/core/core/l5/mac/mac/tree_stage[6].valid_q_reg[7]/C	u_top/u_core/u_b/u_b_core/core/core/l5/mac/issue/out_window_reg[1074]/CE
-0.300	u_top/u_core/u_b/u_b_core/core/core/l5/mac/mac/tree_stage[6].valid_q_reg[7]/C	u_top/u_core/u_b/u_b_core/core/core/l5/mac/issue/out_window_reg[1075]/CE
-0.300	u_top/u_core/u_b/u_b_core/core/core/l5/mac/mac/tree_stage[6].valid_q_reg[7]/C	u_top/u_core/u_b/u_b_core/core/core/l5/mac/issue/out_window_reg[1076]/CE
-0.300	u_top/u_core/u_b/u_b_core/core/core/l5/mac/mac/tree_stage[6].valid_q_reg[7]/C	u_top/u_core/u_b/u_b_core/core/core/l5/mac/issue/out_window_reg[1077]/CE
-0.300	u_top/u_core/u_b/u_b_core/core/core/l5/mac/mac/tree_stage[6].valid_q_reg[7]/C	u_top/u_core/u_b/u_b_core/core/core/l5/mac/issue/out_phase_reg[1]_rep__13_replica_2/D
-0.299	u_top/u_core/u_b/u_b_core/core/core/l4/post/meta_group_reg[8][2]/C	u_top/u_core/u_b/u_b_core/core/core/l4/post/output_slot_reg[0][200]/D
-0.299	u_top/u_core/u_b/u_b_core/core/core/shuffle/busy_reg/C	u_top/u_core/u_b/u_b_core/core/core/l5/gk.frontend/win/shift_reg[1][101]/R
-0.299	u_top/u_core/u_b/u_b_core/core/core/l5/mac/mac/tree_stage[6].valid_q_reg[7]/C	u_top/u_core/u_b/u_b_core/core/core/l5/mac/mac/out_lane[1].mult_lane[9].operand_pipe.weight_q_reg[4]/R
-0.299	u_top/u_core/u_b/u_b_core/core/core/l5/mac/mac/tree_stage[6].valid_q_reg[7]/C	u_top/u_core/u_b/u_b_core/core/core/l5/mac/mac/out_lane[1].mult_lane[9].operand_pipe.weight_q_reg[5]/R
-0.299	u_top/u_core/u_b/u_b_core/core/core/l5/mac/mac/tree_stage[6].valid_q_reg[7]/C	u_top/u_core/u_b/u_b_core/core/core/l5/mac/mac/out_lane[1].mult_lane[9].operand_pipe.weight_q_reg[6]/R
-0.298	u_top/u_core/u_b/u_b_core/core/core/l5/mac/mac/tree_stage[6].valid_q_reg[7]/C	u_top/u_core/u_b/u_b_core/core/core/l5/mac/issue/out_window_reg[3108]/CE
-0.298	u_top/u_core/u_b/u_b_core/core/core/l5/mac/mac/tree_stage[6].valid_q_reg[7]/C	u_top/u_core/u_b/u_b_core/core/core/l5/mac/issue/out_window_reg[3109]/CE
-0.298	u_top/u_core/u_b/u_b_core/core/core/l5/mac/mac/tree_stage[6].valid_q_reg[7]/C	u_top/u_core/u_b/u_b_core/core/core/l5/mac/issue/out_window_reg[3110]/CE
-0.298	u_top/u_core/u_b/u_b_core/core/core/l5/mac/mac/tree_stage[6].valid_q_reg[7]/C	u_top/u_core/u_b/u_b_core/core/core/l5/mac/issue/out_window_reg[3111]/CE
-0.298	u_top/u_core/u_b/u_b_core/core/core/l5/mac/mac/tree_stage[6].valid_q_reg[7]/C	u_top/u_core/u_b/u_b_core/core/core/l5/mac/issue/out_window_reg[3112]/CE
-0.298	u_top/u_core/u_b/u_b_core/core/core/l5/mac/mac/tree_stage[6].valid_q_reg[7]/C	u_top/u_core/u_b/u_b_core/core/core/l5/mac/issue/out_window_reg[3113]/CE
-0.298	u_top/u_core/u_b/u_b_core/core/core/l5/mac/mac/tree_stage[6].valid_q_reg[7]/C	u_top/u_core/u_b/u_b_core/core/core/l5/mac/mac/out_lane[2].mult_lane[34].operand_pipe.act_q_reg[10]/CE
-0.298	u_top/u_core/u_b/u_b_core/core/core/l5/mac/mac/tree_stage[6].valid_q_reg[7]/C	u_top/u_core/u_b/u_b_core/core/core/l5/mac/mac/out_lane[2].mult_lane[34].operand_pipe.weight_q_reg[7]/CE
-0.298	u_top/u_core/u_in/req_addr_q_reg[3]_rep__1/C	u_top/u_core/u_rom/g_multi_bank.g_bank[0].u_bank/request_addr_q_reg_0_6/ADDRARDADDR[3]
-0.298	u_top/u_core/u_b/u_b_core/core/core/l5/mac/issue/out_phase_reg[0]_rep__15/C	u_top/u_core/u_b/u_b_core/core/core/l5/mac/mac/out_lane[1].mult_lane[31].operand_pipe.weight_q_reg[4]/D
-0.297	u_top/u_core/u_b/u_b_core/core/core/l5/gk.frontend/win/bank_gen[3].mem_reg_6/CLKARDCLK	u_top/u_core/u_b/u_b_core/core/core/l5/gk.frontend/win/shift_reg[9][233]/D
-0.297	u_top/u_core/u_b/u_b_core/core/core/f45/g_narrow_read.rd_ptr_local_reg[1]_replica_3/C	u_top/u_core/u_b/u_b_core/core/core/l5/gk.frontend/win/bank_gen[3].mem_reg_0/DIADI[27]
-0.297	u_top/u_core/u_b/u_b_core/core/core/l5/gk.frontend/win/bank_gen[2].mem_reg_0/CLKARDCLK	u_top/u_core/u_b/u_b_core/core/core/l5/gk.frontend/win/shift_reg[19][29]/D
-0.297	u_top/u_core/u_b/u_b_core/core/core/l5/mac/issue/out_phase_reg[1]_rep/C	u_top/u_core/u_b/u_b_core/core/core/l5/mac/mac/out_lane[2].mult_lane[4].operand_pipe.weight_q_reg[4]/R
-0.297	u_top/u_core/u_b/u_b_core/core/core/l5/mac/issue/out_phase_reg[1]_rep/C	u_top/u_core/u_b/u_b_core/core/core/l5/mac/mac/out_lane[2].mult_lane[4].operand_pipe.weight_q_reg[5]/R
-0.297	u_top/u_core/u_b/u_b_core/core/core/l5/mac/issue/out_phase_reg[1]_rep/C	u_top/u_core/u_b/u_b_core/core/core/l5/mac/mac/out_lane[2].mult_lane[4].operand_pipe.weight_q_reg[6]/R
-0.297	u_top/u_core/u_b/u_b_core/core/core/l5/mac/issue/out_phase_reg[1]_rep/C	u_top/u_core/u_b/u_b_core/core/core/l5/mac/mac/out_lane[2].mult_lane[4].operand_pipe.weight_q_reg[7]/R
-0.297	u_top/u_core/u_b/u_b_core/core/core/l5/gk.frontend/pending1_reg_replica_33/C	u_top/u_core/u_b/u_b_core/core/core/l5/gk.frontend/win/shift_reg[6][23]/CE
-0.297	u_top/u_core/u_b/u_b_core/core/core/l5/gk.frontend/pending1_reg_replica_33/C	u_top/u_core/u_b/u_b_core/core/core/l5/gk.frontend/win/shift_reg[7][210]/CE
-0.297	u_top/u_core/u_b/u_b_core/core/core/l5/gk.frontend/pending1_reg_replica_33/C	u_top/u_core/u_b/u_b_core/core/core/l5/gk.frontend/win/shift_reg[7][241]/CE
-0.297	u_top/u_core/u_b/u_b_core/core/core/l5/gk.frontend/pending1_reg_replica_33/C	u_top/u_core/u_b/u_b_core/core/core/l5/gk.frontend/win/shift_reg[7][51]/CE
-0.297	u_top/u_core/u_b/u_b_core/core/core/l5/gk.frontend/pending1_reg_replica_33/C	u_top/u_core/u_b/u_b_core/core/core/l5/gk.frontend/win/shift_reg[7][94]/CE
-0.297	u_top/u_core/u_b/u_b_core/core/core/l5/mac/issue/out_phase_reg[0]_rep__0/C	u_top/u_core/u_b/u_b_core/core/core/l5/mac/mac/out_lane[1].mult_lane[26].operand_pipe.act_q_reg[15]/D
-0.297	u_top/u_core/u_b/u_b_core/core/core/l5/gk.frontend/win/shift_reg[18][254]/C	u_top/u_core/u_b/u_b_core/core/core/l5/gk.frontend/fifo/g_wide_read.g_read_slice[75].mem_slice_reg_0_3_60_63/RAMB/I
-0.296	u_top/u_core/u_b/u_b_core/core/core/l5/mac/issue/out_phase_reg[0]_rep__4/C	u_top/u_core/u_b/u_b_core/core/core/l5/mac/mac/out_lane[2].mult_lane[11].operand_pipe.act_q_reg[9]/D
-0.296	u_top/u_core/u_b/u_b_core/core/core/shuffle/busy_reg/C	u_top/u_core/u_b/u_b_core/core/core/l5/gk.frontend/win/shift_reg[23][76]/R
-0.296	u_top/u_core/u_b/u_b_core/core/core/l5/mac/issue/out_phase_reg[1]_rep__12/C	u_top/u_core/u_b/u_b_core/core/core/l5/mac/mac/out_lane[1].mult_lane[38].operand_pipe.act_q_reg[4]/D
-0.296	u_top/u_core/u_b/u_b_core/core/core/l5/mac/issue/out_window_reg[5323]/C	u_top/u_core/u_b/u_b_core/core/core/l5/mac/mac/out_lane[3].mult_lane[20].operand_pipe.act_q_reg[11]/D
-0.295	u_top/u_core/u_b/u_b_core/core/core/shuffle/busy_reg/C	u_top/u_core/u_b/u_b_core/core/core/l5/gk.frontend/win/shift_reg[0][191]/R
-0.295	u_top/u_core/u_b/u_b_core/core/core/shuffle/busy_reg/C	u_top/u_core/u_b/u_b_core/core/core/l5/gk.frontend/win/shift_reg[1][121]/R
-0.295	u_top/u_core/u_b/u_b_core/core/core/shuffle/busy_reg/C	u_top/u_core/u_b/u_b_core/core/core/l5/gk.frontend/win/shift_reg[1][181]/R
-0.295	u_top/u_core/u_b/u_b_core/core/core/shuffle/busy_reg/C	u_top/u_core/u_b/u_b_core/core/core/l5/gk.frontend/win/shift_reg[1][241]/R
-0.295	u_top/u_core/u_b/u_b_core/core/core/shuffle/busy_reg/C	u_top/u_core/u_b/u_b_core/core/core/l5/gk.frontend/win/shift_reg[1][253]/R
-0.295	u_top/u_core/u_b/u_b_core/core/core/l5/mac/mac/tree_stage[6].valid_q_reg[7]/C	u_top/u_core/u_b/u_b_core/core/core/l5/mac/issue/out_phase_reg[2]_rep__7/D
-0.295	u_top/u_core/u_b/u_b_core/core/core/shuffle/busy_reg/C	u_top/u_core/u_b/u_b_core/core/core/l5/gk.frontend/win/shift_reg[17][250]/R
-0.295	u_top/u_core/u_b/u_b_core/core/core/shuffle/busy_reg/C	u_top/u_core/u_b/u_b_core/core/core/l5/gk.frontend/win/shift_reg[1][104]/R
-0.295	u_top/u_core/u_b/u_b_core/core/core/f45/g_narrow_read.rd_ptr_local_reg[1]_replica_3/C	u_top/u_core/u_b/u_b_core/core/core/l5/gk.frontend/win/bank_gen[3].mem_reg_0/DIADI[23]
-0.295	u_top/u_core/u_b/u_b_core/core/core/shuffle/busy_reg/C	u_top/u_core/u_b/u_b_core/core/core/l5/gk.frontend/win/shift_reg[15][140]/R
-0.295	u_top/u_core/u_b/u_b_core/core/core/shuffle/busy_reg/C	u_top/u_core/u_b/u_b_core/core/core/l5/gk.frontend/win/shift_reg[17][249]/R
-0.294	u_top/u_core/u_b/u_b_core/core/core/shuffle/busy_reg/C	u_top/u_core/u_b/u_b_core/core/core/l5/gk.frontend/win/shift_reg[1][149]/R
-0.293	u_top/u_core/u_b/u_b_core/core/core/shuffle/busy_reg/C	u_top/u_core/u_b/u_b_core/core/core/l5/gk.frontend/win/shift_reg[22][116]/R
-0.293	u_top/u_core/u_b/u_b_core/core/core/shuffle/busy_reg/C	u_top/u_core/u_b/u_b_core/core/core/l5/gk.frontend/win/shift_reg[22][99]/R
-0.293	u_top/u_core/u_b/u_b_core/core/core/shuffle/busy_reg/C	u_top/u_core/u_b/u_b_core/core/core/l5/gk.frontend/win/shift_reg[23][116]/R
-0.293	u_top/u_core/u_b/u_b_core/core/core/l5/gk.frontend/pad/interior_x_reg/C	u_top/u_core/u_b/u_b_core/core/core/l5/gk.frontend/win/bank_gen[3].mem_reg_0/DIADI[7]
-0.293	u_top/u_core/u_b/u_b_core/core/core/l5/mac/mac/tree_stage[6].valid_q_reg[7]/C	u_top/u_core/u_b/u_b_core/core/core/l5/mac/issue/out_phase_reg[1]_rep__11/D
-0.293	u_top/u_core/u_b/u_b_core/core/core/l5/mac/issue/out_phase_reg[1]_rep/C	u_top/u_core/u_b/u_b_core/core/core/l5/mac/mac/out_lane[1].mult_lane[16].operand_pipe.weight_q_reg[2]/D
-0.292	u_top/u_core/u_b/u_b_core/core/core/shuffle/busy_reg/C	u_top/u_core/u_b/u_b_core/core/core/l5/gk.frontend/win/shift_reg[21][149]/R
-0.292	u_top/u_core/u_b/u_b_core/core/core/shuffle/busy_reg/C	u_top/u_core/u_b/u_b_core/core/core/l5/gk.frontend/win/shift_reg[21][185]/R
-0.292	u_top/u_core/u_b/u_b_core/core/core/shuffle/busy_reg/C	u_top/u_core/u_b/u_b_core/core/core/l5/gk.frontend/win/shift_reg[21][26]/R
-0.292	u_top/u_core/u_b/u_b_core/core/core/shuffle/busy_reg/C	u_top/u_core/u_b/u_b_core/core/core/l5/gk.frontend/win/shift_reg[21][61]/R
-0.292	u_top/u_core/u_b/u_b_core/core/core/shuffle/busy_reg/C	u_top/u_core/u_b/u_b_core/core/core/l5/gk.frontend/win/shift_reg[21][82]/R
-0.292	u_top/u_core/u_b/u_b_core/core/core/shuffle/busy_reg/C	u_top/u_core/u_b/u_b_core/core/core/l5/gk.frontend/win/shift_reg[22][35]/R
-0.292	u_top/u_core/u_b/u_b_core/core/core/shuffle/busy_reg/C	u_top/u_core/u_b/u_b_core/core/core/l5/gk.frontend/win/shift_reg[22][4]/R
-0.292	u_top/u_core/u_b/u_b_core/core/core/shuffle/busy_reg/C	u_top/u_core/u_b/u_b_core/core/core/l5/gk.frontend/win/shift_reg[22][5]/R
-0.292	u_top/u_core/u_b/u_b_core/core/core/l5/mac/mac/tree_stage[6].valid_q_reg[7]/C	u_top/u_core/u_b/u_b_core/core/core/l5/mac/issue/out_window_reg[3236]/CE
-0.292	u_top/u_core/u_b/u_b_core/core/core/l5/mac/mac/tree_stage[6].valid_q_reg[7]/C	u_top/u_core/u_b/u_b_core/core/core/l5/mac/issue/out_window_reg[3237]/CE
-0.292	u_top/u_core/u_b/u_b_core/core/core/l5/mac/mac/tree_stage[6].valid_q_reg[7]/C	u_top/u_core/u_b/u_b_core/core/core/l5/mac/issue/out_window_reg[3238]/CE
-0.292	u_top/u_core/u_b/u_b_core/core/core/l5/mac/mac/tree_stage[6].valid_q_reg[7]/C	u_top/u_core/u_b/u_b_core/core/core/l5/mac/issue/out_window_reg[3239]/CE
-0.292	u_top/u_core/u_b/u_b_core/core/core/l5/mac/mac/tree_stage[6].valid_q_reg[7]/C	u_top/u_core/u_b/u_b_core/core/core/l5/mac/issue/out_window_reg[3240]/CE
-0.292	u_top/u_core/u_b/u_b_core/core/core/l5/mac/mac/tree_stage[6].valid_q_reg[7]/C	u_top/u_core/u_b/u_b_core/core/core/l5/mac/issue/out_window_reg[3241]/CE
-0.291	u_top/u_core/u_b/u_b_core/core/core/l5/mac/issue/out_phase_reg[2]_rep__3/C	u_top/u_core/u_b/u_b_core/core/core/l5/mac/mac/out_lane[0].mult_lane[14].operand_pipe.act_q_reg[4]/D
-0.290	u_top/u_core/u_b/u_b_core/core/core/l5/mac/mac/tree_stage[6].valid_q_reg[7]/C	u_top/u_core/u_b/u_b_core/core/core/l5/gk.frontend/fifo/g_wide_read.g_read_slice[54].rd_ptr_local_reg[0]/R
-0.290	u_top/u_core/u_b/u_b_core/core/core/l5/mac/mac/tree_stage[6].valid_q_reg[7]/C	u_top/u_core/u_b/u_b_core/core/core/l5/gk.frontend/fifo/g_wide_read.g_read_slice[54].rd_ptr_local_reg[1]/R
-0.290	u_top/u_core/u_b/u_b_core/core/core/l5/gk.frontend/win/col_reg[8]/C	u_top/u_core/u_b/u_b_core/core/core/l5/gk.frontend/win/bank_gen[3].mem_reg_1/ADDRARDADDR[13]
-0.290	u_top/u_core/u_b/u_b_core/core/core/f45/g_narrow_read.rd_ptr_local_reg[1]_replica_3/C	u_top/u_core/u_b/u_b_core/core/core/l5/gk.frontend/win/bank_gen[3].mem_reg_0/DIADI[26]
-0.290	u_top/u_core/u_b/u_b_core/core/core/l5/mac/mac/tree_stage[6].valid_q_reg[7]/C	u_top/u_core/u_b/u_b_core/core/core/l5/mac/mac/out_lane[0].mult_lane[12].operand_pipe.weight_q_reg[2]/S
-0.290	u_top/u_core/u_b/u_b_core/core/core/shuffle/busy_reg/C	u_top/u_core/u_b/u_b_core/core/core/l5/gk.frontend/win/shift_reg[10][19]/R
-0.290	u_top/u_core/u_b/u_b_core/core/core/shuffle/busy_reg/C	u_top/u_core/u_b/u_b_core/core/core/l5/gk.frontend/win/shift_reg[10][211]/R
-0.290	u_top/u_core/u_b/u_b_core/core/core/shuffle/busy_reg/C	u_top/u_core/u_b/u_b_core/core/core/l5/gk.frontend/win/shift_reg[10][31]/R
-0.290	u_top/u_core/u_b/u_b_core/core/core/shuffle/busy_reg/C	u_top/u_core/u_b/u_b_core/core/core/l5/gk.frontend/win/shift_reg[10][84]/R
-0.290	u_top/u_core/u_b/u_b_core/core/core/shuffle/busy_reg/C	u_top/u_core/u_b/u_b_core/core/core/l5/gk.frontend/win/shift_reg[21][117]/R
-0.290	u_top/u_core/u_b/u_b_core/core/core/shuffle/busy_reg/C	u_top/u_core/u_b/u_b_core/core/core/l5/gk.frontend/win/shift_reg[21][152]/R
-0.289	u_top/u_core/u_b/u_b_core/core/core/l5/mac/issue/out_phase_reg[0]_rep__11/C	u_top/u_core/u_b/u_b_core/core/core/l5/mac/mac/out_lane[1].mult_lane[49].operand_pipe.act_q_reg[0]/D
-0.289	u_top/u_core/u_b/u_b_core/core/core/l5/mac/issue/out_window_reg[1234]/C	u_top/u_core/u_b/u_b_core/core/core/l5/mac/mac/out_lane[1].mult_lane[29].operand_pipe.act_q_reg[2]/D
-0.289	u_top/u_core/u_b/u_b_core/core/core/l5/gk.frontend/win/bank_gen[1].mem_reg_1/CLKARDCLK	u_top/u_core/u_b/u_b_core/core/core/l5/gk.frontend/win/shift_reg[4][65]/D
-0.289	u_top/u_core/u_b/u_b_core/core/core/l5/gk.frontend/win/col_reg[9]/C	u_top/u_core/u_b/u_b_core/core/core/l5/gk.frontend/win/bank_gen[1].mem_reg_1/ADDRARDADDR[14]
-0.288	u_top/u_core/u_b/u_b_core/core/core/shuffle/busy_reg/C	u_top/u_core/u_b/u_b_core/core/core/l5/gk.frontend/win/shift_reg[0][235]/R
-0.288	u_top/u_core/u_b/u_b_core/core/core/shuffle/busy_reg/C	u_top/u_core/u_b/u_b_core/core/core/l5/gk.frontend/win/shift_reg[1][211]/R
-0.288	u_top/u_core/u_b/u_b_core/core/core/shuffle/busy_reg/C	u_top/u_core/u_b/u_b_core/core/core/l5/gk.frontend/win/shift_reg[0][138]/R
-0.288	u_top/u_core/u_b/u_b_core/core/core/shuffle/busy_reg/C	u_top/u_core/u_b/u_b_core/core/core/l5/gk.frontend/win/shift_reg[15][19]/R
-0.288	u_top/u_core/u_b/u_b_core/core/core/l5/mac/mac/tree_stage[6].valid_q_reg[7]/C	u_top/u_core/u_b/u_b_core/core/core/l5/mac/issue/out_window_reg[3678]/CE
-0.288	u_top/u_core/u_b/u_b_core/core/core/l5/mac/mac/tree_stage[6].valid_q_reg[7]/C	u_top/u_core/u_b/u_b_core/core/core/l5/mac/issue/out_window_reg[3679]/CE
-0.288	u_top/u_core/u_b/u_b_core/core/core/l5/mac/mac/tree_stage[6].valid_q_reg[7]/C	u_top/u_core/u_b/u_b_core/core/core/l5/mac/issue/out_window_reg[3680]/CE
-0.288	u_top/u_core/u_b/u_b_core/core/core/l5/mac/mac/tree_stage[6].valid_q_reg[7]/C	u_top/u_core/u_b/u_b_core/core/core/l5/mac/issue/out_window_reg[3681]/CE
-0.288	u_top/u_core/u_b/u_b_core/core/core/l5/mac/mac/tree_stage[6].valid_q_reg[7]/C	u_top/u_core/u_b/u_b_core/core/core/l5/mac/issue/out_window_reg[3682]/CE
-0.288	u_top/u_core/u_b/u_b_core/core/core/l5/mac/mac/tree_stage[6].valid_q_reg[7]/C	u_top/u_core/u_b/u_b_core/core/core/l5/mac/issue/out_window_reg[3683]/CE
-0.288	u_top/u_core/u_b/u_b_core/core/core/l5/gk.frontend/pad/interior_x_reg/C	u_top/u_core/u_b/u_b_core/core/core/l5/gk.frontend/win/bank_gen[0].mem_reg_3/DIADI[27]
-0.288	u_top/u_core/u_b/u_b_core/core/core/shuffle/busy_reg/C	u_top/u_core/u_b/u_b_core/core/core/l5/gk.frontend/win/shift_reg[20][219]/R
-0.288	u_top/u_core/u_b/u_b_core/core/core/shuffle/busy_reg/C	u_top/u_core/u_b/u_b_core/core/core/l5/gk.frontend/win/shift_reg[21][151]/R
-0.287	u_top/u_core/u_b/u_b_core/core/core/l5/gk.frontend/win/bank_gen[1].mem_reg_1/CLKARDCLK	u_top/u_core/u_b/u_b_core/core/core/l5/gk.frontend/win/shift_reg[9][67]/D
-0.287	u_top/u_core/u_b/u_b_core/core/core/l5/gk.frontend/win/bank_gen[3].mem_reg_6/CLKARDCLK	u_top/u_core/u_b/u_b_core/core/core/l5/gk.frontend/win/shift_reg[9][231]/D
-0.287	u_top/u_core/u_b/u_b_core/core/core/shuffle/busy_reg/C	u_top/u_core/u_b/u_b_core/core/core/l5/gk.frontend/win/shift_reg[3][102]/R
-0.287	u_top/u_core/u_b/u_b_core/core/core/l5/mac/issue/out_phase_reg[0]_rep__2_replica/C	u_top/u_core/u_b/u_b_core/core/core/l5/mac/mac/out_lane[3].mult_lane[7].operand_pipe.act_q_reg[3]/D
-0.286	u_top/u_core/u_b/u_b_core/core/core/l5/gk.frontend/win/bank_gen[1].mem_reg_1/CLKARDCLK	u_top/u_core/u_b/u_b_core/core/core/l5/gk.frontend/win/shift_reg[4][37]/D
-0.286	u_top/u_core/u_b/u_b_core/core/core/l5/mac/mac/tree_stage[6].valid_q_reg[7]/C	u_top/u_core/u_b/u_b_core/core/core/l5/mac/mac/tree_stage[1].channel[2].node[12].pair.sums_q_reg[1][2][12][0]/CE
-0.286	u_top/u_core/u_b/u_b_core/core/core/l5/mac/mac/tree_stage[6].valid_q_reg[7]/C	u_top/u_core/u_b/u_b_core/core/core/l5/mac/mac/tree_stage[1].channel[2].node[12].pair.sums_q_reg[1][2][12][1]/CE
-0.286	u_top/u_core/u_b/u_b_core/core/core/l5/mac/mac/tree_stage[6].valid_q_reg[7]/C	u_top/u_core/u_b/u_b_core/core/core/l5/mac/mac/tree_stage[1].channel[2].node[12].pair.sums_q_reg[1][2][12][2]/CE
-0.286	u_top/u_core/u_b/u_b_core/core/core/l5/mac/mac/tree_stage[6].valid_q_reg[7]/C	u_top/u_core/u_b/u_b_core/core/core/l5/mac/mac/tree_stage[1].channel[2].node[12].pair.sums_q_reg[1][2][12][3]/CE
-0.286	u_top/u_core/u_b/u_b_core/core/core/f45/g_narrow_read.rd_ptr_local_reg[4]/C	u_top/u_core/u_b/u_b_core/core/core/l5/gk.frontend/win/bank_gen[0].mem_reg_2/DIADI[10]
-0.284	u_top/u_core/u_b/u_b_core/core/core/l5/gk.frontend/win/bank_gen[1].mem_reg_1/CLKARDCLK	u_top/u_core/u_b/u_b_core/core/core/l5/gk.frontend/win/shift_reg[4][67]/D
-0.284	u_top/u_core/u_b/u_b_core/core/core/l5/mac/mac/out_lane[1].mult_lane[23].operand_pipe.act_q_reg[3]/C	u_top/u_core/u_b/u_b_core/core/core/l5/mac/mac/out_lane[1].mult_lane[23].operand_pipe.sums_q_reg[0][1][23]/A[3]
-0.284	u_top/u_core/u_b/u_b_core/core/core/l5/mac/issue/out_window_reg[5603]/C	u_top/u_core/u_b/u_b_core/core/core/l5/mac/mac/out_lane[1].mult_lane[21].operand_pipe.act_q_reg[3]/D
-0.284	u_top/u_core/u_b/u_b_core/core/core/shuffle/busy_reg/C	u_top/u_core/u_b/u_b_core/core/core/l5/gk.frontend/win/shift_reg[8][45]/R
-0.284	u_top/u_core/u_b/u_b_core/core/core/shuffle/busy_reg/C	u_top/u_core/u_b/u_b_core/core/core/l5/gk.frontend/win/shift_reg[8][72]/R
-0.284	u_top/u_core/u_b/u_b_core/core/core/l5/gk.frontend/win/bank_gen[2].mem_reg_0/CLKARDCLK	u_top/u_core/u_b/u_b_core/core/core/l5/gk.frontend/win/shift_reg[14][32]/D
-0.284	u_top/u_core/u_b/u_b_core/core/core/l5/mac/mac/tree_stage[6].valid_q_reg[7]/C	u_top/u_core/u_b/u_b_core/core/core/l5/gk.frontend/fifo/g_wide_read.g_read_slice[58].rd_ptr_local_reg[0]/R
-0.284	u_top/u_core/u_b/u_b_core/core/core/l5/mac/mac/tree_stage[6].valid_q_reg[7]/C	u_top/u_core/u_b/u_b_core/core/core/l5/gk.frontend/fifo/g_wide_read.g_read_slice[58].rd_ptr_local_reg[1]/R
-0.283	u_top/u_core/u_b/u_b_core/core/core/shuffle/busy_reg/C	u_top/u_core/u_b/u_b_core/core/core/l5/gk.frontend/win/shift_reg[22][83]/R
-0.283	u_top/u_core/u_b/u_b_core/core/core/shuffle/busy_reg/C	u_top/u_core/u_b/u_b_core/core/core/l5/gk.frontend/win/shift_reg[22][93]/R
-0.283	u_top/u_core/u_b/u_b_core/core/core/shuffle/busy_reg/C	u_top/u_core/u_b/u_b_core/core/core/l5/gk.frontend/win/shift_reg[23][228]/R
-0.283	u_top/u_core/u_b/u_b_core/core/core/shuffle/busy_reg/C	u_top/u_core/u_b/u_b_core/core/core/l5/gk.frontend/win/shift_reg[23][229]/R
-0.283	u_top/u_core/u_b/u_b_core/core/core/l5/mac/mac/tree_stage[6].valid_q_reg[7]/C	u_top/u_core/u_b/u_b_core/core/core/l5/gk.frontend/fifo/g_wide_read.g_read_slice[37].rd_ptr_local_reg[0]/R
-0.283	u_top/u_core/u_b/u_b_core/core/core/l5/mac/mac/tree_stage[6].valid_q_reg[7]/C	u_top/u_core/u_b/u_b_core/core/core/l5/gk.frontend/fifo/g_wide_read.g_read_slice[37].rd_ptr_local_reg[1]/R
-0.283	u_top/u_core/u_b/u_b_core/core/core/l5/gk.frontend/win/bank_gen[2].mem_reg_0/CLKARDCLK	u_top/u_core/u_b/u_b_core/core/core/l5/gk.frontend/win/shift_reg[4][13]/D
-0.283	u_top/u_core/u_b/u_b_core/core/core/shuffle/busy_reg/C	u_top/u_core/u_b/u_b_core/core/core/l5/gk.frontend/win/shift_reg[20][114]/R
-0.283	u_top/u_core/u_b/u_b_core/core/core/shuffle/busy_reg/C	u_top/u_core/u_b/u_b_core/core/core/l5/gk.frontend/win/shift_reg[20][177]/R
-0.283	u_top/u_core/u_b/u_b_core/core/core/shuffle/busy_reg/C	u_top/u_core/u_b/u_b_core/core/core/l5/gk.frontend/win/shift_reg[20][210]/R
-0.283	u_top/u_core/u_b/u_b_core/core/core/shuffle/busy_reg/C	u_top/u_core/u_b/u_b_core/core/core/l5/gk.frontend/win/shift_reg[20][216]/R
-0.283	u_top/u_core/u_b/u_b_core/core/core/shuffle/busy_reg/C	u_top/u_core/u_b/u_b_core/core/core/l5/gk.frontend/win/shift_reg[20][58]/R
-0.283	u_top/u_core/u_b/u_b_core/core/core/shuffle/busy_reg/C	u_top/u_core/u_b/u_b_core/core/core/l5/gk.frontend/win/shift_reg[21][113]/R
-0.283	u_top/u_core/u_b/u_b_core/core/core/shuffle/busy_reg/C	u_top/u_core/u_b/u_b_core/core/core/l5/gk.frontend/win/shift_reg[21][13]/R
-0.282	u_top/u_core/u_b/u_b_core/core/core/l5/mac/mac/tree_stage[6].valid_q_reg[7]/C	u_top/u_core/u_b/u_b_core/core/core/l5/gk.frontend/fifo/g_wide_read.g_read_slice[71].rd_ptr_local_reg[0]/R
-0.282	u_top/u_core/u_b/u_b_core/core/core/l5/mac/mac/tree_stage[6].valid_q_reg[7]/C	u_top/u_core/u_b/u_b_core/core/core/l5/gk.frontend/fifo/g_wide_read.g_read_slice[71].rd_ptr_local_reg[1]/R
-0.282	u_top/u_core/u_b/u_b_core/core/core/f45/g_narrow_read.rd_ptr_local_reg[1]/C	u_top/u_core/u_b/u_b_core/core/core/l5/gk.frontend/win/bank_gen[3].mem_reg_2/DIADI[27]
-0.282	u_top/u_core/u_b/u_b_core/core/core/l5/mac/issue/out_phase_reg[0]_rep__2_replica/C	u_top/u_core/u_b/u_b_core/core/core/l5/mac/mac/out_lane[2].mult_lane[31].operand_pipe.act_q_reg[8]/D
-0.282	u_top/u_core/u_b/u_b_core/core/core/l5/gk.frontend/win/bank_gen[1].mem_reg_1/CLKARDCLK	u_top/u_core/u_b/u_b_core/core/core/l5/gk.frontend/win/shift_reg[9][70]/D
-0.282	u_top/u_core/u_b/u_b_core/core/core/shuffle/busy_reg/C	u_top/u_core/u_b/u_b_core/core/core/l5/gk.frontend/win/shift_reg[17][170]/R
-0.282	u_top/u_core/u_b/u_b_core/core/core/l5/mac/issue/out_phase_reg[0]_rep__1_replica/C	u_top/u_core/u_b/u_b_core/core/core/l5/mac/mac/out_lane[1].mult_lane[29].operand_pipe.act_q_reg[1]/D
-0.282	u_top/u_core/u_b/u_b_core/core/core/l5/mac/mac/tree_stage[6].valid_q_reg[7]/C	u_top/u_core/u_b/u_b_core/core/core/l5/mac/issue/out_window_reg[3532]/CE
-0.282	u_top/u_core/u_b/u_b_core/core/core/l5/mac/mac/tree_stage[6].valid_q_reg[7]/C	u_top/u_core/u_b/u_b_core/core/core/l5/mac/issue/out_window_reg[3533]/CE
-0.282	u_top/u_core/u_b/u_b_core/core/core/l5/mac/mac/tree_stage[6].valid_q_reg[7]/C	u_top/u_core/u_b/u_b_core/core/core/l5/mac/issue/out_window_reg[3534]/CE
-0.282	u_top/u_core/u_b/u_b_core/core/core/l5/mac/mac/tree_stage[6].valid_q_reg[7]/C	u_top/u_core/u_b/u_b_core/core/core/l5/mac/issue/out_window_reg[3535]/CE
-0.282	u_top/u_core/u_b/u_b_core/core/core/l5/mac/mac/tree_stage[6].valid_q_reg[7]/C	u_top/u_core/u_b/u_b_core/core/core/l5/mac/issue/out_window_reg[3536]/CE
-0.282	u_top/u_core/u_b/u_b_core/core/core/l5/mac/mac/tree_stage[6].valid_q_reg[7]/C	u_top/u_core/u_b/u_b_core/core/core/l5/mac/issue/out_window_reg[3537]/CE
-0.281	u_top/u_core/u_b/u_b_core/core/core/f45/g_narrow_read.rd_ptr_local_reg[3]/C	u_top/u_core/u_b/u_b_core/core/core/l5/gk.frontend/win/bank_gen[0].mem_reg_2/DIADI[18]
-0.281	u_top/u_core/u_b/u_b_core/core/core/l5/mac/issue/out_phase_reg[1]_rep/C	u_top/u_core/u_b/u_b_core/core/core/l5/mac/mac/out_lane[1].mult_lane[20].operand_pipe.weight_q_reg[6]/D
-0.281	u_top/u_core/u_b/u_b_core/core/core/f45/g_narrow_read.rd_ptr_local_reg[2]/C	u_top/u_core/u_b/u_b_core/core/core/l5/gk.frontend/win/bank_gen[1].mem_reg_1/DIADI[14]
-0.281	u_top/u_core/u_b/u_b_core/core/core/l5/mac/mac/tree_stage[6].valid_q_reg[7]/C	u_top/u_core/u_b/u_b_core/core/core/l5/mac/issue/out_window_reg[3480]/CE
-0.281	u_top/u_core/u_b/u_b_core/core/core/l5/mac/mac/tree_stage[6].valid_q_reg[7]/C	u_top/u_core/u_b/u_b_core/core/core/l5/mac/issue/out_window_reg[3481]/CE
-0.281	u_top/u_core/u_b/u_b_core/core/core/l5/mac/mac/tree_stage[6].valid_q_reg[7]/C	u_top/u_core/u_b/u_b_core/core/core/l5/mac/issue/out_window_reg[3482]/CE
-0.281	u_top/u_core/u_b/u_b_core/core/core/l5/mac/mac/tree_stage[6].valid_q_reg[7]/C	u_top/u_core/u_b/u_b_core/core/core/l5/mac/issue/out_window_reg[3483]/CE
-0.281	u_top/u_core/u_b/u_b_core/core/core/l5/mac/mac/tree_stage[6].valid_q_reg[7]/C	u_top/u_core/u_b/u_b_core/core/core/l5/mac/issue/out_window_reg[3484]/CE
-0.281	u_top/u_core/u_b/u_b_core/core/core/l5/mac/mac/tree_stage[6].valid_q_reg[7]/C	u_top/u_core/u_b/u_b_core/core/core/l5/mac/issue/out_window_reg[3485]/CE
-0.280	u_top/u_core/u_b/u_b_core/core/core/l5/mac/mac/tree_stage[6].valid_q_reg[7]/C	u_top/u_core/u_b/u_b_core/core/core/l5/mac/mac/out_lane[1].mult_lane[30].operand_pipe.weight_q_reg[4]/CE
-0.280	u_top/u_core/u_b/u_b_core/core/core/shuffle/busy_reg/C	u_top/u_core/u_b/u_b_core/core/core/l5/gk.frontend/win/shift_reg[2][153]/R
-0.280	u_top/u_core/u_b/u_b_core/core/core/l5/mac/issue/out_phase_reg[1]_rep__12/C	u_top/u_core/u_b/u_b_core/core/core/l5/mac/mac/out_lane[1].mult_lane[46].operand_pipe.act_q_reg[15]/D
-0.280	u_top/u_core/u_b/u_b_core/core/core/l5/mac/mac/tree_stage[6].valid_q_reg[7]/C	u_top/u_core/u_b/u_b_core/core/core/l5/gk.frontend/fifo/g_wide_read.g_read_slice[45].rd_ptr_local_reg[0]/R
-0.280	u_top/u_core/u_b/u_b_core/core/core/l5/mac/mac/tree_stage[6].valid_q_reg[7]/C	u_top/u_core/u_b/u_b_core/core/core/l5/gk.frontend/fifo/g_wide_read.g_read_slice[45].rd_ptr_local_reg[1]/R
-0.280	u_top/u_core/u_b/u_b_core/core/core/shuffle/busy_reg/C	u_top/u_core/u_b/u_b_core/core/core/l5/gk.frontend/win/shift_reg[21][236]/R
-0.280	u_top/u_core/u_b/u_b_core/core/core/l5/mac/issue/out_phase_reg[1]_rep__5/C	u_top/u_core/u_b/u_b_core/core/core/l5/mac/mac/out_lane[0].mult_lane[31].operand_pipe.act_q_reg[14]/D
-0.279	u_top/u_core/u_b/u_b_core/core/core/l5/gk.frontend/pad/interior_x_reg/C	u_top/u_core/u_b/u_b_core/core/core/l5/gk.frontend/win/bank_gen[0].mem_reg_2/DIADI[31]
-0.279	u_top/u_core/u_b/u_b_core/core/core/l5/gk.frontend/win/bank_gen[2].mem_reg_0/CLKARDCLK	u_top/u_core/u_b/u_b_core/core/core/l5/gk.frontend/win/shift_reg[9][32]/D
-0.279	u_top/u_core/u_b/u_b_core/core/core/l5/mac/issue/out_phase_reg[1]_rep__2/C	u_top/u_core/u_b/u_b_core/core/core/l5/mac/mac/out_lane[1].mult_lane[1].operand_pipe.act_q_reg[1]/D
-0.278	u_top/u_core/u_b/u_b_core/core/core/l5/mac/issue/out_phase_reg[1]_rep__8_replica/C	u_top/u_core/u_b/u_b_core/core/core/l5/mac/mac/out_lane[3].mult_lane[6].operand_pipe.act_q_reg[3]/D
-0.278	u_top/u_core/u_b/u_b_core/core/core/l5/gk.frontend/pending1_reg_replica_3/C	u_top/u_core/u_b/u_b_core/core/core/l5/gk.frontend/win/shift_reg[21][115]/CE
-0.278	u_top/u_core/u_b/u_b_core/core/core/f45/g_narrow_read.rd_ptr_local_reg[4]/C	u_top/u_core/u_b/u_b_core/core/core/l5/gk.frontend/win/bank_gen[0].mem_reg_4/DIADI[9]
-0.278	u_top/u_core/u_b/u_b_core/core/core/l5/mac/mac/tree_stage[6].valid_q_reg[7]/C	u_top/u_core/u_b/u_b_core/core/core/l5/mac/issue/out_window_reg[2870]/CE
-0.278	u_top/u_core/u_b/u_b_core/core/core/l5/mac/mac/tree_stage[6].valid_q_reg[7]/C	u_top/u_core/u_b/u_b_core/core/core/l5/mac/issue/out_window_reg[2871]/CE
-0.278	u_top/u_core/u_b/u_b_core/core/core/l5/mac/mac/tree_stage[6].valid_q_reg[7]/C	u_top/u_core/u_b/u_b_core/core/core/l5/mac/issue/out_window_reg[2872]/CE
-0.278	u_top/u_core/u_b/u_b_core/core/core/l5/mac/mac/tree_stage[6].valid_q_reg[7]/C	u_top/u_core/u_b/u_b_core/core/core/l5/mac/issue/out_window_reg[2873]/CE
-0.278	u_top/u_core/u_b/u_b_core/core/core/l5/mac/mac/tree_stage[6].valid_q_reg[7]/C	u_top/u_core/u_b/u_b_core/core/core/l5/mac/issue/out_window_reg[2874]/CE
-0.278	u_top/u_core/u_b/u_b_core/core/core/l5/mac/mac/tree_stage[6].valid_q_reg[7]/C	u_top/u_core/u_b/u_b_core/core/core/l5/mac/issue/out_window_reg[2875]/CE
-0.278	u_top/u_core/u_b/u_b_core/core/core/l5/mac/mac/tree_stage[6].valid_q_reg[7]/C	u_top/u_core/u_b/u_b_core/core/core/l5/mac/issue/out_phase_reg[1]_rep__13_replica_1/D
-0.278	u_top/u_core/u_b/u_b_core/core/core/l5/mac/mac/tree_stage[6].valid_q_reg[7]/C	u_top/u_core/u_b/u_b_core/core/core/l5/gk.frontend/fifo/g_wide_read.g_read_slice[93].rd_ptr_local_reg[0]/R
-0.278	u_top/u_core/u_b/u_b_core/core/core/l5/mac/mac/tree_stage[6].valid_q_reg[7]/C	u_top/u_core/u_b/u_b_core/core/core/l5/gk.frontend/fifo/g_wide_read.g_read_slice[93].rd_ptr_local_reg[1]/R
-0.278	u_top/u_core/u_b/u_b_core/core/core/shuffle/busy_reg/C	u_top/u_core/u_b/u_b_core/core/core/l5/gk.frontend/win/shift_reg[0][243]/R
-0.278	u_top/u_core/u_b/u_b_core/core/core/shuffle/busy_reg/C	u_top/u_core/u_b/u_b_core/core/core/l5/gk.frontend/win/shift_reg[0][84]/R
-0.277	u_top/u_core/u_b/u_b_core/core/core/l5/mac/issue/out_phase_reg[1]_rep__6/C	u_top/u_core/u_b/u_b_core/core/core/l5/mac/mac/out_lane[0].mult_lane[11].operand_pipe.act_q_reg[10]/D
-0.277	u_top/u_core/u_b/u_b_core/core/core/l5/mac/issue/out_phase_reg[1]_rep__11/C	u_top/u_core/u_b/u_b_core/core/core/l5/mac/mac/out_lane[2].mult_lane[40].operand_pipe.act_q_reg[0]/D
-0.277	u_top/u_core/u_b/u_b_core/core/core/l5/mac/issue/out_phase_reg[1]_rep__2/C	u_top/u_core/u_b/u_b_core/core/core/l5/mac/mac/out_lane[3].mult_lane[1].operand_pipe.act_q_reg[15]/D
-0.276	u_top/u_core/u_b/u_b_core/core/core/l5/gk.frontend/win/col_reg[9]/C	u_top/u_core/u_b/u_b_core/core/core/l5/gk.frontend/win/bank_gen[3].mem_reg_7/ADDRARDADDR[13]
-0.276	u_top/u_core/u_b/u_b_core/core/core/l5/mac/mac/out_lane[1].mult_lane[21].operand_pipe.act_q_reg[4]/C	u_top/u_core/u_b/u_b_core/core/core/l5/mac/mac/out_lane[1].mult_lane[21].operand_pipe.sums_q_reg[0][1][21]/A[4]
-0.276	u_top/u_core/u_b/u_b_core/core/core/l5/mac/issue/out_phase_reg[0]_rep__2_replica_1/C	u_top/u_core/u_b/u_b_core/core/core/l5/mac/mac/out_lane[3].mult_lane[32].operand_pipe.act_q_reg[2]/D
-0.276	u_top/u_core/u_b/u_b_core/core/core/l5/mac/mac/tree_stage[6].valid_q_reg[7]/C	u_top/u_core/u_b/u_b_core/core/core/l5/mac/mac/out_lane[3].mult_lane[9].operand_pipe.weight_q_reg[7]/R
-0.276	u_top/u_core/u_b/u_b_core/core/core/l5/mac/issue/out_window_reg[2657]/C	u_top/u_core/u_b/u_b_core/core/core/l5/mac/mac/out_lane[3].mult_lane[10].operand_pipe.act_q_reg[1]/D
-0.275	u_top/u_core/u_b/u_b_core/core/core/l5/mac/issue/out_phase_reg[0]_rep__2_replica_1/C	u_top/u_core/u_b/u_b_core/core/core/l5/mac/mac/out_lane[2].mult_lane[7].operand_pipe.act_q_reg[4]/D
-0.275	u_top/u_core/u_b/u_b_core/core/core/l5/mac/mac/tree_stage[6].valid_q_reg[7]/C	u_top/u_core/u_b/u_b_core/core/core/l5/mac/issue/out_window_reg[3410]/CE
-0.275	u_top/u_core/u_b/u_b_core/core/core/l5/mac/mac/tree_stage[6].valid_q_reg[7]/C	u_top/u_core/u_b/u_b_core/core/core/l5/mac/issue/out_window_reg[3411]/CE
-0.275	u_top/u_core/u_b/u_b_core/core/core/l5/mac/mac/tree_stage[6].valid_q_reg[7]/C	u_top/u_core/u_b/u_b_core/core/core/l5/mac/issue/out_window_reg[3412]/CE
-0.275	u_top/u_core/u_b/u_b_core/core/core/l5/mac/mac/tree_stage[6].valid_q_reg[7]/C	u_top/u_core/u_b/u_b_core/core/core/l5/mac/issue/out_window_reg[3413]/CE
-0.275	u_top/u_core/u_b/u_b_core/core/core/l5/mac/mac/tree_stage[6].valid_q_reg[7]/C	u_top/u_core/u_b/u_b_core/core/core/l5/mac/issue/out_window_reg[3414]/CE
-0.275	u_top/u_core/u_b/u_b_core/core/core/l5/mac/mac/tree_stage[6].valid_q_reg[7]/C	u_top/u_core/u_b/u_b_core/core/core/l5/mac/issue/out_window_reg[3415]/CE
-0.274	u_top/u_core/u_b/u_b_core/core/core/shuffle/busy_reg/C	u_top/u_core/u_b/u_b_core/core/core/l5/gk.frontend/win/shift_reg[11][0]/R
-0.274	u_top/u_core/u_b/u_b_core/core/core/shuffle/busy_reg/C	u_top/u_core/u_b/u_b_core/core/core/l5/gk.frontend/win/shift_reg[11][202]/R
-0.274	u_top/u_core/u_b/u_b_core/core/core/shuffle/busy_reg/C	u_top/u_core/u_b/u_b_core/core/core/l5/gk.frontend/win/shift_reg[11][71]/R
-0.274	u_top/u_core/u_b/u_b_core/core/core/shuffle/busy_reg/C	u_top/u_core/u_b/u_b_core/core/core/l5/gk.frontend/win/shift_reg[11][74]/R
-0.274	u_top/u_core/u_b/u_b_core/core/core/shuffle/busy_reg/C	u_top/u_core/u_b/u_b_core/core/core/l5/gk.frontend/win/shift_reg[1][213]/R
-0.273	u_top/u_core/u_b/u_b_core/core/core/l5/mac/issue/out_phase_reg[1]_rep__1/C	u_top/u_core/u_b/u_b_core/core/core/l5/mac/mac/out_lane[1].mult_lane[19].operand_pipe.weight_q_reg[4]/D
-0.273	u_top/u_core/u_b/u_b_core/core/core/l5/mac/mac/tree_stage[6].valid_q_reg[7]/C	u_top/u_core/u_b/u_b_core/core/core/l5/mac/mac/out_lane[0].mult_lane[14].operand_pipe.weight_q_reg[4]/S
-0.273	u_top/u_core/u_b/u_b_core/core/core/l5/mac/mac/tree_stage[6].valid_q_reg[7]/C	u_top/u_core/u_b/u_b_core/core/core/l5/mac/mac/out_lane[0].mult_lane[14].operand_pipe.weight_q_reg[5]/S
-0.273	u_top/u_core/u_b/u_b_core/core/core/l5/mac/mac/tree_stage[6].valid_q_reg[7]/C	u_top/u_core/u_b/u_b_core/core/core/l5/mac/mac/out_lane[0].mult_lane[14].operand_pipe.weight_q_reg[6]/S
-0.273	u_top/u_core/u_b/u_b_core/core/core/l5/mac/issue/out_phase_reg[2]_rep__3/C	u_top/u_core/u_b/u_b_core/core/core/l5/mac/mac/out_lane[2].mult_lane[14].operand_pipe.act_q_reg[6]/D
-0.272	u_top/u_core/u_b/u_b_core/core/core/l5/gk.frontend/pending1_reg_replica_17/C	u_top/u_core/u_b/u_b_core/core/core/l5/gk.frontend/win/shift_reg[17][101]/CE
-0.272	u_top/u_core/u_b/u_b_core/core/core/l5/gk.frontend/pending1_reg_replica_17/C	u_top/u_core/u_b/u_b_core/core/core/l5/gk.frontend/win/shift_reg[17][201]/CE
-0.272	u_top/u_core/u_b/u_b_core/core/core/l5/gk.frontend/pending1_reg_replica_17/C	u_top/u_core/u_b/u_b_core/core/core/l5/gk.frontend/win/shift_reg[21][205]/CE
-0.272	u_top/u_core/u_b/u_b_core/core/core/l5/gk.frontend/pending1_reg_replica_17/C	u_top/u_core/u_b/u_b_core/core/core/l5/gk.frontend/win/shift_reg[21][67]/CE
-0.272	u_top/u_core/u_b/u_b_core/core/core/l5/gk.frontend/pending1_reg_replica_17/C	u_top/u_core/u_b/u_b_core/core/core/l5/gk.frontend/win/shift_reg[22][127]/CE
-0.272	u_top/u_core/u_b/u_b_core/core/core/l5/mac/mac/tree_stage[6].valid_q_reg[7]/C	u_top/u_core/u_b/u_b_core/core/core/l5/mac/issue/out_window_reg[3742]/CE
-0.272	u_top/u_core/u_b/u_b_core/core/core/l5/mac/mac/tree_stage[6].valid_q_reg[7]/C	u_top/u_core/u_b/u_b_core/core/core/l5/mac/issue/out_window_reg[3743]/CE
-0.272	u_top/u_core/u_b/u_b_core/core/core/l5/mac/mac/tree_stage[6].valid_q_reg[7]/C	u_top/u_core/u_b/u_b_core/core/core/l5/mac/issue/out_window_reg[3744]/CE
-0.272	u_top/u_core/u_b/u_b_core/core/core/l5/mac/mac/tree_stage[6].valid_q_reg[7]/C	u_top/u_core/u_b/u_b_core/core/core/l5/mac/issue/out_window_reg[3745]/CE
-0.272	u_top/u_core/u_b/u_b_core/core/core/l5/mac/mac/tree_stage[6].valid_q_reg[7]/C	u_top/u_core/u_b/u_b_core/core/core/l5/mac/issue/out_window_reg[3746]/CE
-0.272	u_top/u_core/u_b/u_b_core/core/core/l5/mac/mac/tree_stage[6].valid_q_reg[7]/C	u_top/u_core/u_b/u_b_core/core/core/l5/mac/issue/out_window_reg[3747]/CE
-0.272	u_top/u_core/u_b/u_b_core/core/core/l5/mac/mac/tree_stage[6].valid_q_reg[7]/C	u_top/u_core/u_b/u_b_core/core/core/l5/gk.frontend/fifo/g_wide_read.g_read_slice[66].rd_ptr_local_reg[0]/R
-0.272	u_top/u_core/u_b/u_b_core/core/core/l5/mac/mac/tree_stage[6].valid_q_reg[7]/C	u_top/u_core/u_b/u_b_core/core/core/l5/gk.frontend/fifo/g_wide_read.g_read_slice[66].rd_ptr_local_reg[1]/R
-0.272	u_top/u_core/u_b/u_b_core/core/core/l5/mac/issue/out_phase_reg[1]_rep__6/C	u_top/u_core/u_b/u_b_core/core/core/l5/mac/mac/out_lane[1].mult_lane[11].operand_pipe.act_q_reg[4]/D
-0.272	u_top/u_core/u_b/u_b_core/core/core/l5/gk.frontend/win/col_reg[9]/C	u_top/u_core/u_b/u_b_core/core/core/l5/gk.frontend/win/bank_gen[2].mem_reg_0/ADDRARDADDR[14]
-0.272	u_top/u_core/u_b/u_b_core/core/core/l5/mac/issue/out_phase_reg[1]_rep/C	u_top/u_core/u_b/u_b_core/core/core/l5/mac/mac/out_lane[2].mult_lane[17].operand_pipe.weight_q_reg[6]/D
-0.271	u_top/u_core/u_b/u_b_core/core/core/shuffle/busy_reg/C	u_top/u_core/u_b/u_b_core/core/core/l5/gk.frontend/win/shift_reg[11][222]/R
-0.271	u_top/u_core/u_b/u_b_core/core/core/shuffle/busy_reg/C	u_top/u_core/u_b/u_b_core/core/core/l5/gk.frontend/win/shift_reg[11][229]/R
-0.271	u_top/u_core/u_b/u_b_core/core/core/shuffle/busy_reg/C	u_top/u_core/u_b/u_b_core/core/core/l5/gk.frontend/win/shift_reg[11][35]/R
-0.271	u_top/u_core/u_b/u_b_core/core/core/shuffle/busy_reg/C	u_top/u_core/u_b/u_b_core/core/core/l5/gk.frontend/win/shift_reg[11][64]/R
-0.271	u_top/u_core/u_b/u_b_core/core/core/shuffle/busy_reg/C	u_top/u_core/u_b/u_b_core/core/core/l5/gk.frontend/win/shift_reg[11][99]/R
-0.271	u_top/u_core/u_b/u_b_core/core/core/shuffle/busy_reg/C	u_top/u_core/u_b/u_b_core/core/core/l5/gk.frontend/win/shift_reg[0][101]/R
-0.271	u_top/u_core/u_b/u_b_core/core/core/shuffle/busy_reg/C	u_top/u_core/u_b/u_b_core/core/core/l5/gk.frontend/win/shift_reg[0][102]/R
-0.271	u_top/u_core/u_b/u_b_core/core/core/shuffle/busy_reg/C	u_top/u_core/u_b/u_b_core/core/core/l5/gk.frontend/win/shift_reg[0][110]/R
-0.271	u_top/u_core/u_b/u_b_core/core/core/shuffle/busy_reg/C	u_top/u_core/u_b/u_b_core/core/core/l5/gk.frontend/win/shift_reg[0][45]/R
-0.271	u_top/u_core/u_b/u_b_core/core/core/shuffle/busy_reg/C	u_top/u_core/u_b/u_b_core/core/core/l5/gk.frontend/win/shift_reg[0][62]/R
-0.271	u_top/u_core/u_b/u_b_core/core/core/shuffle/busy_reg/C	u_top/u_core/u_b/u_b_core/core/core/l5/gk.frontend/win/shift_reg[1][102]/R
-0.271	u_top/u_core/u_b/u_b_core/core/core/shuffle/busy_reg/C	u_top/u_core/u_b/u_b_core/core/core/l5/gk.frontend/win/shift_reg[1][109]/R
-0.271	u_top/u_core/u_b/u_b_core/core/core/shuffle/busy_reg/C	u_top/u_core/u_b/u_b_core/core/core/l5/gk.frontend/win/shift_reg[2][27]/R
-0.271	u_top/u_core/u_b/u_b_core/core/core/l5/mac/mac/tree_stage[6].valid_q_reg[7]/C	u_top/u_core/u_b/u_b_core/core/core/l5/mac/issue/out_window_reg[1572]/CE
-0.271	u_top/u_core/u_b/u_b_core/core/core/l5/mac/mac/tree_stage[6].valid_q_reg[7]/C	u_top/u_core/u_b/u_b_core/core/core/l5/mac/issue/out_window_reg[1573]/CE
-0.271	u_top/u_core/u_b/u_b_core/core/core/l5/mac/mac/tree_stage[6].valid_q_reg[7]/C	u_top/u_core/u_b/u_b_core/core/core/l5/mac/issue/out_window_reg[1574]/CE
-0.271	u_top/u_core/u_b/u_b_core/core/core/l5/mac/mac/tree_stage[6].valid_q_reg[7]/C	u_top/u_core/u_b/u_b_core/core/core/l5/mac/issue/out_window_reg[1575]/CE
-0.271	u_top/u_core/u_b/u_b_core/core/core/l5/mac/mac/tree_stage[6].valid_q_reg[7]/C	u_top/u_core/u_b/u_b_core/core/core/l5/mac/issue/out_window_reg[1576]/CE
-0.271	u_top/u_core/u_b/u_b_core/core/core/l5/mac/mac/tree_stage[6].valid_q_reg[7]/C	u_top/u_core/u_b/u_b_core/core/core/l5/mac/issue/out_window_reg[1577]/CE
-0.271	u_top/u_core/u_b/u_b_core/core/core/l5/mac/mac/tree_stage[6].valid_q_reg[7]/C	u_top/u_core/u_b/u_b_core/core/core/l5/mac/mac/out_lane[0].mult_lane[20].operand_pipe.weight_q_reg[5]/R
-0.271	u_top/u_core/u_b/u_b_core/core/core/l5/mac/mac/tree_stage[6].valid_q_reg[7]/C	u_top/u_core/u_b/u_b_core/core/core/l5/mac/mac/out_lane[0].mult_lane[20].operand_pipe.weight_q_reg[7]/R
-0.271	u_top/u_core/u_b/u_b_core/core/core/l5/mac/mac/tree_stage[6].valid_q_reg[7]/C	u_top/u_core/u_b/u_b_core/core/core/l5/mac/mac/tree_stage[1].channel[2].node[12].pair.sums_q_reg[1][2][12][16]/CE
-0.271	u_top/u_core/u_b/u_b_core/core/core/l5/mac/mac/tree_stage[6].valid_q_reg[7]/C	u_top/u_core/u_b/u_b_core/core/core/l5/mac/mac/tree_stage[1].channel[2].node[12].pair.sums_q_reg[1][2][12][17]/CE
-0.271	u_top/u_core/u_b/u_b_core/core/core/l5/mac/mac/tree_stage[6].valid_q_reg[7]/C	u_top/u_core/u_b/u_b_core/core/core/l5/mac/mac/tree_stage[1].channel[2].node[12].pair.sums_q_reg[1][2][12][18]/CE
-0.271	u_top/u_core/u_b/u_b_core/core/core/l5/mac/mac/tree_stage[6].valid_q_reg[7]/C	u_top/u_core/u_b/u_b_core/core/core/l5/mac/mac/tree_stage[1].channel[2].node[12].pair.sums_q_reg[1][2][12][19]/CE
-0.271	u_top/u_core/u_b/u_b_core/core/core/l5/gk.frontend/win/bank_gen[1].mem_reg_3/CLKARDCLK	u_top/u_core/u_b/u_b_core/core/core/l5/gk.frontend/win/shift_reg[14][110]/D
-0.270	u_top/u_core/u_b/u_b_core/core/core/shuffle/busy_reg/C	u_top/u_core/u_b/u_b_core/core/core/l5/gk.frontend/win/shift_reg[21][155]/R
-0.270	u_top/u_core/u_b/u_b_core/core/core/shuffle/busy_reg/C	u_top/u_core/u_b/u_b_core/core/core/l5/gk.frontend/win/shift_reg[21][216]/R
-0.270	u_top/u_core/u_b/u_b_core/core/core/shuffle/busy_reg/C	u_top/u_core/u_b/u_b_core/core/core/l5/gk.frontend/win/shift_reg[21][253]/R
-0.270	u_top/u_core/u_b/u_b_core/core/core/shuffle/busy_reg/C	u_top/u_core/u_b/u_b_core/core/core/l5/gk.frontend/win/shift_reg[22][16]/R
-0.270	u_top/u_core/u_b/u_b_core/core/core/shuffle/busy_reg/C	u_top/u_core/u_b/u_b_core/core/core/l5/gk.frontend/win/shift_reg[22][197]/R
-0.270	u_top/u_core/u_b/u_b_core/core/core/shuffle/busy_reg/C	u_top/u_core/u_b/u_b_core/core/core/l5/gk.frontend/win/shift_reg[23][80]/R
-0.270	u_top/u_core/u_b/u_b_core/core/core/l5/mac/mac/tree_stage[3].valid_q_reg[4]/C	u_top/u_core/u_b/u_b_core/core/core/l5/mac/mac/tree_stage[3].channel[3].node[0].pair.sums_q_reg[3][3][0][24]/CE
-0.270	u_top/u_core/u_b/u_b_core/core/core/l5/mac/mac/tree_stage[3].valid_q_reg[4]/C	u_top/u_core/u_b/u_b_core/core/core/l5/mac/mac/tree_stage[3].channel[3].node[0].pair.sums_q_reg[3][3][0][25]/CE
-0.270	u_top/u_core/u_b/u_b_core/core/core/l5/mac/mac/tree_stage[3].valid_q_reg[4]/C	u_top/u_core/u_b/u_b_core/core/core/l5/mac/mac/tree_stage[3].channel[3].node[0].pair.sums_q_reg[3][3][0][26]/CE
-0.270	u_top/u_core/u_b/u_b_core/core/core/l5/mac/mac/tree_stage[3].valid_q_reg[4]/C	u_top/u_core/u_b/u_b_core/core/core/l5/mac/mac/tree_stage[3].channel[3].node[0].pair.sums_q_reg[3][3][0][27]/CE
-0.270	u_top/u_core/u_b/u_b_core/core/core/l5/mac/issue/out_phase_reg[1]_rep__6/C	u_top/u_core/u_b/u_b_core/core/core/l5/mac/mac/out_lane[2].mult_lane[11].operand_pipe.act_q_reg[1]/D
-0.269	u_top/u_core/u_b/u_b_core/core/core/l5/mac/issue/out_phase_reg[2]_rep__5/C	u_top/u_core/u_b/u_b_core/core/core/l5/mac/mac/out_lane[0].mult_lane[30].operand_pipe.weight_q_reg[2]/D
-0.269	u_top/u_core/u_b/u_b_core/core/core/l5/mac/issue/out_phase_reg[1]_rep__5/C	u_top/u_core/u_b/u_b_core/core/core/l5/mac/mac/out_lane[2].mult_lane[49].operand_pipe.act_q_reg[5]/D
-0.269	u_top/u_core/u_b/u_b_core/core/core/l5/mac/issue/out_window_reg[5575]/C	u_top/u_core/u_b/u_b_core/core/core/l5/mac/mac/out_lane[0].mult_lane[21].operand_pipe.act_q_reg[7]/D
-0.269	u_top/u_core/u_b/u_b_core/core/core/shuffle/busy_reg/C	u_top/u_core/u_b/u_b_core/core/core/l5/gk.frontend/win/shift_reg[22][155]/R
-0.269	u_top/u_core/u_b/u_b_core/core/core/shuffle/busy_reg/C	u_top/u_core/u_b/u_b_core/core/core/l5/gk.frontend/win/shift_reg[22][248]/R
-0.269	u_top/u_core/u_b/u_b_core/core/core/shuffle/busy_reg/C	u_top/u_core/u_b/u_b_core/core/core/l5/gk.frontend/win/shift_reg[23][227]/R
-0.269	u_top/u_core/u_b/u_b_core/core/core/shuffle/busy_reg/C	u_top/u_core/u_b/u_b_core/core/core/l5/gk.frontend/win/shift_reg[2][183]/R
-0.269	u_top/u_core/u_b/u_b_core/core/core/shuffle/busy_reg/C	u_top/u_core/u_b/u_b_core/core/core/l5/gk.frontend/win/shift_reg[2][186]/R
-0.269	u_top/u_core/u_b/u_b_core/core/core/l5/mac/issue/out_phase_reg[2]_rep__3/C	u_top/u_core/u_b/u_b_core/core/core/l5/mac/mac/out_lane[0].mult_lane[17].operand_pipe.act_q_reg[4]/D
-0.268	u_top/u_core/u_b/u_b_core/core/core/shuffle/busy_reg/C	u_top/u_core/u_b/u_b_core/core/core/l5/gk.frontend/win/shift_reg[11][251]/R
-0.268	u_top/u_core/u_b/u_b_core/core/core/shuffle/busy_reg/C	u_top/u_core/u_b/u_b_core/core/core/l5/gk.frontend/win/shift_reg[11][25]/R
-0.268	u_top/u_core/u_b/u_b_core/core/core/shuffle/busy_reg/C	u_top/u_core/u_b/u_b_core/core/core/l5/gk.frontend/win/shift_reg[11][83]/R
-0.268	u_top/u_core/u_b/u_b_core/core/core/f45/g_narrow_read.rd_ptr_local_reg[0]_replica_4/C	u_top/u_core/u_b/u_b_core/core/core/l5/gk.frontend/win/bank_gen[3].mem_reg_0/DIADI[17]
-0.268	u_top/u_core/u_b/u_b_core/core/core/shuffle/busy_reg/C	u_top/u_core/u_b/u_b_core/core/core/l5/gk.frontend/win/shift_reg[1][221]/R
-0.268	u_top/u_core/u_b/u_b_core/core/core/shuffle/busy_reg/C	u_top/u_core/u_b/u_b_core/core/core/l5/gk.frontend/win/shift_reg[1][249]/R
-0.268	u_top/u_core/u_b/u_b_core/core/core/shuffle/busy_reg/C	u_top/u_core/u_b/u_b_core/core/core/l5/gk.frontend/win/shift_reg[1][29]/R
-0.268	u_top/u_core/u_b/u_b_core/core/core/l5/mac/mac/tree_stage[6].valid_q_reg[7]/C	u_top/u_core/u_b/u_b_core/core/core/l5/mac/mac/out_lane[1].mult_lane[29].operand_pipe.weight_q_reg[6]/CE
-0.267	u_top/u_core/u_b/u_b_core/core/core/l5/mac/issue/out_phase_reg[0]_rep__2_replica/C	u_top/u_core/u_b/u_b_core/core/core/l5/mac/mac/out_lane[2].mult_lane[31].operand_pipe.act_q_reg[1]/D
-0.267	u_top/u_core/u_b/u_b_core/core/core/f45/g_narrow_read.rd_ptr_local_reg[4]/C	u_top/u_core/u_b/u_b_core/core/core/l5/gk.frontend/win/bank_gen[1].mem_reg_5/DIADI[30]
-0.266	u_top/u_core/u_b/u_b_core/core/core/l5/gk.frontend/win/bank_gen[1].mem_reg_6/CLKARDCLK	u_top/u_core/u_b/u_b_core/core/core/l5/gk.frontend/win/shift_reg[9][218]/D
-0.266	u_top/u_core/u_b/u_b_core/core/core/l5/mac/mac/tree_stage[6].valid_q_reg[7]/C	u_top/u_core/u_b/u_b_core/core/core/l5/mac/issue/out_window_reg[3446]/CE
-0.266	u_top/u_core/u_b/u_b_core/core/core/l5/mac/mac/tree_stage[6].valid_q_reg[7]/C	u_top/u_core/u_b/u_b_core/core/core/l5/mac/issue/out_window_reg[3447]/CE
-0.266	u_top/u_core/u_b/u_b_core/core/core/l5/mac/mac/tree_stage[6].valid_q_reg[7]/C	u_top/u_core/u_b/u_b_core/core/core/l5/mac/issue/out_window_reg[3448]/CE
-0.266	u_top/u_core/u_b/u_b_core/core/core/l5/mac/mac/tree_stage[6].valid_q_reg[7]/C	u_top/u_core/u_b/u_b_core/core/core/l5/mac/issue/out_window_reg[3449]/CE
-0.266	u_top/u_core/u_b/u_b_core/core/core/l5/mac/mac/tree_stage[6].valid_q_reg[7]/C	u_top/u_core/u_b/u_b_core/core/core/l5/mac/issue/out_window_reg[3450]/CE
-0.266	u_top/u_core/u_b/u_b_core/core/core/l5/mac/mac/tree_stage[6].valid_q_reg[7]/C	u_top/u_core/u_b/u_b_core/core/core/l5/mac/issue/out_window_reg[3451]/CE
-0.266	u_top/u_core/u_b/u_b_core/core/core/l5/gk.frontend/pad/interior_x_reg/C	u_top/u_core/u_b/u_b_core/core/core/l5/gk.frontend/win/bank_gen[0].mem_reg_3/DIADI[13]
-0.266	u_top/u_core/u_b/u_b_core/core/core/l5/mac/issue/out_phase_reg[0]_rep__6/C	u_top/u_core/u_b/u_b_core/core/core/l5/mac/mac/out_lane[2].mult_lane[15].operand_pipe.act_q_reg[6]/D
-0.266	u_top/u_core/u_b/u_b_core/core/core/shuffle/busy_reg/C	u_top/u_core/u_b/u_b_core/core/core/l5/gk.frontend/win/shift_reg[17][105]/R
-0.266	u_top/u_core/u_b/u_b_core/core/core/shuffle/busy_reg/C	u_top/u_core/u_b/u_b_core/core/core/l5/gk.frontend/win/shift_reg[17][112]/R
-0.266	u_top/u_core/u_b/u_b_core/core/core/shuffle/busy_reg/C	u_top/u_core/u_b/u_b_core/core/core/l5/gk.frontend/win/shift_reg[17][88]/R
-0.266	u_top/u_core/u_b/u_b_core/core/core/shuffle/busy_reg/C	u_top/u_core/u_b/u_b_core/core/core/l5/gk.frontend/win/shift_reg[1][18]/R
-0.266	u_top/u_core/u_b/u_b_core/core/core/shuffle/busy_reg/C	u_top/u_core/u_b/u_b_core/core/core/l5/gk.frontend/win/shift_reg[1][21]/R
-0.266	u_top/u_core/u_b/u_b_core/core/core/shuffle/busy_reg/C	u_top/u_core/u_b/u_b_core/core/core/l5/gk.frontend/win/shift_reg[2][247]/R
-0.266	u_top/u_core/u_b/u_b_core/core/core/shuffle/busy_reg/C	u_top/u_core/u_b/u_b_core/core/core/l5/gk.frontend/win/shift_reg[2][86]/R
-0.266	u_top/u_core/u_b/u_b_core/core/core/l5/mac/mac/tree_stage[6].valid_q_reg[7]/C	u_top/u_core/u_b/u_b_core/core/core/l5/mac/issue/out_window_reg[3346]/CE
-0.266	u_top/u_core/u_b/u_b_core/core/core/l5/mac/mac/tree_stage[6].valid_q_reg[7]/C	u_top/u_core/u_b/u_b_core/core/core/l5/mac/issue/out_window_reg[3347]/CE
-0.266	u_top/u_core/u_b/u_b_core/core/core/l5/mac/mac/tree_stage[6].valid_q_reg[7]/C	u_top/u_core/u_b/u_b_core/core/core/l5/mac/issue/out_window_reg[3348]/CE
-0.266	u_top/u_core/u_b/u_b_core/core/core/l5/mac/mac/tree_stage[6].valid_q_reg[7]/C	u_top/u_core/u_b/u_b_core/core/core/l5/mac/issue/out_window_reg[3349]/CE
-0.266	u_top/u_core/u_b/u_b_core/core/core/l5/mac/mac/tree_stage[6].valid_q_reg[7]/C	u_top/u_core/u_b/u_b_core/core/core/l5/mac/issue/out_window_reg[3350]/CE
-0.266	u_top/u_core/u_b/u_b_core/core/core/l5/mac/mac/tree_stage[6].valid_q_reg[7]/C	u_top/u_core/u_b/u_b_core/core/core/l5/mac/issue/out_window_reg[3351]/CE
-0.266	u_top/u_core/u_b/u_b_core/core/core/l5/mac/issue/out_phase_reg[1]_rep__12/C	u_top/u_core/u_b/u_b_core/core/core/l5/mac/mac/out_lane[3].mult_lane[46].operand_pipe.act_q_reg[10]/D
-0.266	u_top/u_core/u_b/u_b_core/core/core/l5/mac/mac/tree_stage[6].valid_q_reg[7]/C	u_top/u_core/u_b/u_b_core/core/core/l5/mac/issue/out_phase_reg[1]_rep__13_replica/D
-0.265	u_top/u_core/u_b/u_b_core/core/core/shuffle/busy_reg/C	u_top/u_core/u_b/u_b_core/core/core/l5/gk.frontend/win/shift_reg[0][113]/R
-0.265	u_top/u_core/u_b/u_b_core/core/core/l5/mac/issue/out_window_reg[3075]/C	u_top/u_core/u_b/u_b_core/core/core/l5/mac/mac/out_lane[1].mult_lane[12].operand_pipe.act_q_reg[3]/D
-0.265	u_top/u_core/u_b/u_b_core/core/core/l5/gk.frontend/pad/interior_y_reg/C	u_top/u_core/u_b/u_b_core/core/core/l5/gk.frontend/win/bank_gen[0].mem_reg_3/DIADI[19]
-0.265	u_top/u_core/u_b/u_b_core/core/core/shuffle/busy_reg/C	u_top/u_core/u_b/u_b_core/core/core/l5/gk.frontend/win/shift_reg[21][249]/R
-0.265	u_top/u_core/u_b/u_b_core/core/core/shuffle/busy_reg/C	u_top/u_core/u_b/u_b_core/core/core/l5/gk.frontend/win/shift_reg[21][49]/R
-0.265	u_top/u_core/u_b/u_b_core/core/core/shuffle/busy_reg/C	u_top/u_core/u_b/u_b_core/core/core/l5/gk.frontend/win/shift_reg[21][91]/R
-0.265	u_top/u_core/u_b/u_b_core/core/core/shuffle/busy_reg/C	u_top/u_core/u_b/u_b_core/core/core/l5/gk.frontend/win/shift_reg[22][96]/R
-0.265	u_top/u_core/u_b/u_b_core/core/core/shuffle/busy_reg/C	u_top/u_core/u_b/u_b_core/core/core/l5/gk.frontend/win/shift_reg[23][32]/R
-0.264	u_top/u_core/u_b/u_b_core/core/core/l5/mac/issue/out_window_reg[2603]/C	u_top/u_core/u_b/u_b_core/core/core/l5/mac/mac/out_lane[1].mult_lane[10].operand_pipe.act_q_reg[11]/D
-0.264	u_top/u_core/u_b/u_b_core/core/core/l5/gk.frontend/win/col_reg[0]/C	u_top/u_core/u_b/u_b_core/core/core/l5/gk.frontend/win/bank_gen[3].mem_reg_6/ADDRARDADDR[5]
-0.264	u_top/u_core/u_b/u_b_core/core/core/shuffle/busy_reg/C	u_top/u_core/u_b/u_b_core/core/core/l5/gk.frontend/win/shift_reg[11][103]/R
-0.264	u_top/u_core/u_b/u_b_core/core/core/shuffle/busy_reg/C	u_top/u_core/u_b/u_b_core/core/core/l5/gk.frontend/win/shift_reg[11][168]/R
-0.264	u_top/u_core/u_b/u_b_core/core/core/shuffle/busy_reg/C	u_top/u_core/u_b/u_b_core/core/core/l5/gk.frontend/win/shift_reg[11][190]/R
-0.264	u_top/u_core/u_b/u_b_core/core/core/shuffle/busy_reg/C	u_top/u_core/u_b/u_b_core/core/core/l5/gk.frontend/win/shift_reg[11][199]/R
-0.263	u_top/u_core/u_b/u_b_core/core/core/l5/mac/issue/out_phase_reg[2]_rep__3/C	u_top/u_core/u_b/u_b_core/core/core/l5/mac/mac/out_lane[2].mult_lane[25].operand_pipe.act_q_reg[7]/D
-0.263	u_top/u_core/u_b/u_b_core/core/core/l5/mac/mac/tree_stage[6].valid_q_reg[7]/C	u_top/u_core/u_b/u_b_core/core/core/l5/mac/issue/out_window_reg[3190]/CE
-0.263	u_top/u_core/u_b/u_b_core/core/core/l5/mac/mac/tree_stage[6].valid_q_reg[7]/C	u_top/u_core/u_b/u_b_core/core/core/l5/mac/issue/out_window_reg[3191]/CE
-0.263	u_top/u_core/u_b/u_b_core/core/core/l5/mac/mac/tree_stage[6].valid_q_reg[7]/C	u_top/u_core/u_b/u_b_core/core/core/l5/mac/issue/out_window_reg[3192]/CE
-0.263	u_top/u_core/u_b/u_b_core/core/core/l5/mac/mac/tree_stage[6].valid_q_reg[7]/C	u_top/u_core/u_b/u_b_core/core/core/l5/mac/issue/out_window_reg[3193]/CE
-0.263	u_top/u_core/u_b/u_b_core/core/core/l5/mac/mac/tree_stage[6].valid_q_reg[7]/C	u_top/u_core/u_b/u_b_core/core/core/l5/mac/issue/out_window_reg[3194]/CE
-0.263	u_top/u_core/u_b/u_b_core/core/core/l5/mac/mac/tree_stage[6].valid_q_reg[7]/C	u_top/u_core/u_b/u_b_core/core/core/l5/mac/issue/out_window_reg[3195]/CE
-0.263	u_top/u_core/u_b/u_b_core/core/core/shuffle/busy_reg/C	u_top/u_core/u_b/u_b_core/core/core/l5/gk.frontend/win/shift_reg[17][172]/R
-0.263	u_top/u_core/u_b/u_b_core/core/core/shuffle/busy_reg/C	u_top/u_core/u_b/u_b_core/core/core/l5/gk.frontend/win/shift_reg[17][223]/R
-0.263	u_top/u_core/u_b/u_b_core/core/core/shuffle/busy_reg/C	u_top/u_core/u_b/u_b_core/core/core/l5/gk.frontend/win/shift_reg[17][45]/R
-0.263	u_top/u_core/u_b/u_b_core/core/core/shuffle/busy_reg/C	u_top/u_core/u_b/u_b_core/core/core/l5/gk.frontend/win/shift_reg[5][208]/R
-0.263	u_top/u_core/u_b/u_b_core/core/core/shuffle/busy_reg/C	u_top/u_core/u_b/u_b_core/core/core/l5/gk.frontend/win/shift_reg[7][127]/R
-0.263	u_top/u_core/u_b/u_b_core/core/core/l5/mac/mac/tree_stage[6].valid_q_reg[7]/C	u_top/u_core/u_b/u_b_core/core/core/l5/gk.frontend/fifo/g_wide_read.g_read_slice[3].rd_ptr_local_reg[0]/R
-0.263	u_top/u_core/u_b/u_b_core/core/core/l5/mac/mac/tree_stage[6].valid_q_reg[7]/C	u_top/u_core/u_b/u_b_core/core/core/l5/gk.frontend/fifo/g_wide_read.g_read_slice[3].rd_ptr_local_reg[1]/R
-0.262	u_top/u_core/u_b/u_b_core/core/core/l5/mac/mac/tree_stage[6].valid_q_reg[7]/C	u_top/u_core/u_b/u_b_core/core/core/l5/mac/mac/out_lane[2].mult_lane[34].operand_pipe.weight_q_reg[3]/CE
-0.262	u_top/u_core/u_b/u_b_core/core/core/f45/g_narrow_read.rd_ptr_local_reg[3]/C	u_top/u_core/u_b/u_b_core/core/core/l5/gk.frontend/win/bank_gen[0].mem_reg_2/DIADI[6]
-0.262	u_top/u_core/u_b/u_b_core/core/core/shuffle/busy_reg/C	u_top/u_core/u_b/u_b_core/core/core/l5/gk.frontend/win/shift_reg[16][203]/R
-0.261	u_top/u_core/u_b/u_b_core/core/core/l5/gk.frontend/win/bank_gen[1].mem_reg_6/CLKARDCLK	u_top/u_core/u_b/u_b_core/core/core/l5/gk.frontend/win/shift_reg[14][249]/D
-0.261	u_top/u_core/u_b/u_b_core/core/core/l5/gk.frontend/pad/interior_x_reg/C	u_top/u_core/u_b/u_b_core/core/core/l5/gk.frontend/win/bank_gen[0].mem_reg_2/DIADI[21]
-0.260	u_top/u_core/u_b/u_b_core/core/core/l1/post/issue_slot_reg/C	u_top/u_core/u_b/u_b_core/core/core/l1/post/units[0].post/prelu_product_s10/A[8]
-0.260	u_top/u_core/c2b_data_q_reg[0][2]/C	u_top/u_core/u_b/u_b_core/core/core/l1/gk.frontend/win/bank_gen[3].mem_reg/DIADI[2]
-0.260	u_top/u_core/u_b/u_b_core/core/core/l5/gk.frontend/pad/interior_x_reg/C	u_top/u_core/u_b/u_b_core/core/core/l5/gk.frontend/win/bank_gen[3].mem_reg_5/DIADI[29]
-0.260	u_top/u_core/u_b/u_b_core/core/core/shuffle/busy_reg/C	u_top/u_core/u_b/u_b_core/core/core/l5/gk.frontend/win/shift_reg[10][92]/R
-0.259	u_top/u_core/u_b/u_b_core/core/core/l5/mac/issue/out_phase_reg[0]_rep__2_replica/C	u_top/u_core/u_b/u_b_core/core/core/l5/mac/mac/out_lane[3].mult_lane[31].operand_pipe.act_q_reg[2]/D
-0.259	u_top/u_core/u_b/u_b_core/core/core/shuffle/busy_reg/C	u_top/u_core/u_b/u_b_core/core/core/l5/gk.frontend/win/shift_reg[23][191]/R
-0.259	u_top/u_core/u_b/u_b_core/core/core/l5/gk.frontend/win/bank_gen[0].mem_reg_3/CLKARDCLK	u_top/u_core/u_b/u_b_core/core/core/l5/gk.frontend/win/shift_reg[9][134]/D
-0.259	u_top/u_core/u_b/u_b_core/core/core/shuffle/busy_reg/C	u_top/u_core/u_b/u_b_core/core/core/l5/gk.frontend/win/shift_reg[17][240]/R
-0.259	u_top/u_core/u_b/u_b_core/core/core/shuffle/busy_reg/C	u_top/u_core/u_b/u_b_core/core/core/l5/gk.frontend/win/shift_reg[17][27]/R
-0.259	u_top/u_core/u_b/u_b_core/core/core/shuffle/busy_reg/C	u_top/u_core/u_b/u_b_core/core/core/l5/gk.frontend/win/shift_reg[17][54]/R
-0.259	u_top/u_core/u_b/u_b_core/core/core/shuffle/busy_reg/C	u_top/u_core/u_b/u_b_core/core/core/l5/gk.frontend/win/shift_reg[18][138]/R
-0.259	u_top/u_core/u_b/u_b_core/core/core/shuffle/busy_reg/C	u_top/u_core/u_b/u_b_core/core/core/l5/gk.frontend/win/shift_reg[18][60]/R
-0.259	u_top/u_core/u_b/u_b_core/core/core/shuffle/busy_reg/C	u_top/u_core/u_b/u_b_core/core/core/l5/gk.frontend/win/shift_reg[1][12]/R
-0.259	u_top/u_core/u_b/u_b_core/core/core/shuffle/busy_reg/C	u_top/u_core/u_b/u_b_core/core/core/l5/gk.frontend/win/shift_reg[1][238]/R
-0.259	u_top/u_core/u_b/u_b_core/core/core/shuffle/busy_reg/C	u_top/u_core/u_b/u_b_core/core/core/l5/gk.frontend/win/shift_reg[1][44]/R
-0.259	u_top/u_core/u_b/u_b_core/core/core/shuffle/busy_reg/C	u_top/u_core/u_b/u_b_core/core/core/l5/gk.frontend/win/shift_reg[2][127]/R
-0.259	u_top/u_core/u_b/u_b_core/core/core/shuffle/busy_reg/C	u_top/u_core/u_b/u_b_core/core/core/l5/gk.frontend/win/shift_reg[2][246]/R
-0.259	u_top/u_core/u_b/u_b_core/core/core/shuffle/busy_reg/C	u_top/u_core/u_b/u_b_core/core/core/l5/gk.frontend/win/shift_reg[2][250]/R
-0.259	u_top/u_core/u_b/u_b_core/core/core/f45/g_narrow_read.rd_ptr_local_reg[3]/C	u_top/u_core/u_b/u_b_core/core/core/l5/gk.frontend/win/bank_gen[1].mem_reg_5/DIADI[27]
-0.259	u_top/u_core/u_b/u_b_core/core/core/l5/mac/mac/tree_stage[6].valid_q_reg[7]/C	u_top/u_core/u_b/u_b_core/core/core/l5/mac/issue/out_window_reg[1834]/CE
-0.259	u_top/u_core/u_b/u_b_core/core/core/l5/mac/mac/tree_stage[6].valid_q_reg[7]/C	u_top/u_core/u_b/u_b_core/core/core/l5/mac/issue/out_window_reg[1835]/CE
-0.259	u_top/u_core/u_b/u_b_core/core/core/l5/mac/mac/tree_stage[6].valid_q_reg[7]/C	u_top/u_core/u_b/u_b_core/core/core/l5/mac/issue/out_window_reg[1836]/CE
-0.259	u_top/u_core/u_b/u_b_core/core/core/l5/mac/mac/tree_stage[6].valid_q_reg[7]/C	u_top/u_core/u_b/u_b_core/core/core/l5/mac/issue/out_window_reg[1837]/CE
-0.259	u_top/u_core/u_b/u_b_core/core/core/l5/mac/mac/tree_stage[6].valid_q_reg[7]/C	u_top/u_core/u_b/u_b_core/core/core/l5/mac/issue/out_window_reg[1838]/CE
-0.259	u_top/u_core/u_b/u_b_core/core/core/l5/mac/mac/tree_stage[6].valid_q_reg[7]/C	u_top/u_core/u_b/u_b_core/core/core/l5/mac/issue/out_window_reg[1839]/CE
-0.258	u_top/u_core/u_b/u_b_core/core/core/shuffle/busy_reg/C	u_top/u_core/u_b/u_b_core/core/core/l5/gk.frontend/win/shift_reg[0][142]/R
-0.258	u_top/u_core/u_b/u_b_core/core/core/shuffle/busy_reg/C	u_top/u_core/u_b/u_b_core/core/core/l5/gk.frontend/win/shift_reg[0][207]/R
-0.258	u_top/u_core/u_b/u_b_core/core/core/shuffle/busy_reg/C	u_top/u_core/u_b/u_b_core/core/core/l5/gk.frontend/win/shift_reg[16][20]/R
-0.258	u_top/u_core/u_b/u_b_core/core/core/shuffle/busy_reg/C	u_top/u_core/u_b/u_b_core/core/core/l5/gk.frontend/win/shift_reg[17][53]/R
-0.258	u_top/u_core/u_b/u_b_core/core/core/shuffle/busy_reg/C	u_top/u_core/u_b/u_b_core/core/core/l5/gk.frontend/win/shift_reg[1][192]/R
-0.258	u_top/u_core/u_b/u_b_core/core/core/shuffle/busy_reg/C	u_top/u_core/u_b/u_b_core/core/core/l5/gk.frontend/win/shift_reg[5][110]/R
-0.258	u_top/u_core/u_b/u_b_core/core/core/shuffle/busy_reg/C	u_top/u_core/u_b/u_b_core/core/core/l5/gk.frontend/win/shift_reg[5][135]/R
-0.258	u_top/u_core/u_b/u_b_core/core/core/shuffle/busy_reg/C	u_top/u_core/u_b/u_b_core/core/core/l5/gk.frontend/win/shift_reg[5][4]/R
-0.258	u_top/u_core/u_b/u_b_core/core/core/l5/gk.frontend/fifo/wr_ptr_reg[0]_rep__5/C	u_top/u_core/u_b/u_b_core/core/core/l5/gk.frontend/fifo/g_wide_read.g_read_slice[4].mem_slice_reg_0_3_24_29/RAMA/WADR0
-0.258	u_top/u_core/u_b/u_b_core/core/core/l5/gk.frontend/fifo/wr_ptr_reg[0]_rep__5/C	u_top/u_core/u_b/u_b_core/core/core/l5/gk.frontend/fifo/g_wide_read.g_read_slice[4].mem_slice_reg_0_3_24_29/RAMA_D1/WADR0
-0.258	u_top/u_core/u_b/u_b_core/core/core/l5/gk.frontend/fifo/wr_ptr_reg[0]_rep__5/C	u_top/u_core/u_b/u_b_core/core/core/l5/gk.frontend/fifo/g_wide_read.g_read_slice[4].mem_slice_reg_0_3_24_29/RAMB/WADR0
-0.258	u_top/u_core/u_b/u_b_core/core/core/l5/gk.frontend/fifo/wr_ptr_reg[0]_rep__5/C	u_top/u_core/u_b/u_b_core/core/core/l5/gk.frontend/fifo/g_wide_read.g_read_slice[4].mem_slice_reg_0_3_24_29/RAMB_D1/WADR0
-0.258	u_top/u_core/u_b/u_b_core/core/core/l5/gk.frontend/fifo/wr_ptr_reg[0]_rep__5/C	u_top/u_core/u_b/u_b_core/core/core/l5/gk.frontend/fifo/g_wide_read.g_read_slice[4].mem_slice_reg_0_3_24_29/RAMC/WADR0
-0.258	u_top/u_core/u_b/u_b_core/core/core/l5/gk.frontend/fifo/wr_ptr_reg[0]_rep__5/C	u_top/u_core/u_b/u_b_core/core/core/l5/gk.frontend/fifo/g_wide_read.g_read_slice[4].mem_slice_reg_0_3_24_29/RAMC_D1/WADR0
-0.258	u_top/u_core/u_b/u_b_core/core/core/l5/gk.frontend/fifo/wr_ptr_reg[0]_rep__5/C	u_top/u_core/u_b/u_b_core/core/core/l5/gk.frontend/fifo/g_wide_read.g_read_slice[4].mem_slice_reg_0_3_24_29/RAMD/ADR0
-0.258	u_top/u_core/u_b/u_b_core/core/core/l5/gk.frontend/fifo/wr_ptr_reg[0]_rep__5/C	u_top/u_core/u_b/u_b_core/core/core/l5/gk.frontend/fifo/g_wide_read.g_read_slice[4].mem_slice_reg_0_3_24_29/RAMD_D1/ADR0
-0.258	u_top/u_core/u_b/u_b_core/core/core/l5/mac/issue/out_phase_reg[0]_rep__11/C	u_top/u_core/u_b/u_b_core/core/core/l5/mac/mac/out_lane[1].mult_lane[23].operand_pipe.act_q_reg[11]/D
-0.258	u_top/u_core/u_b/u_b_core/core/core/shuffle/busy_reg/C	u_top/u_core/u_b/u_b_core/core/core/l5/gk.frontend/win/shift_reg[21][225]/R
-0.258	u_top/u_core/u_b/u_b_core/core/core/shuffle/busy_reg/C	u_top/u_core/u_b/u_b_core/core/core/l5/gk.frontend/win/shift_reg[21][229]/R
-0.258	u_top/u_core/u_b/u_b_core/core/core/shuffle/busy_reg/C	u_top/u_core/u_b/u_b_core/core/core/l5/gk.frontend/win/shift_reg[22][105]/R
-0.258	u_top/u_core/u_b/u_b_core/core/core/shuffle/busy_reg/C	u_top/u_core/u_b/u_b_core/core/core/l5/gk.frontend/win/shift_reg[22][81]/R
-0.258	u_top/u_core/u_b/u_b_core/core/core/shuffle/busy_reg/C	u_top/u_core/u_b/u_b_core/core/core/l5/gk.frontend/win/shift_reg[23][190]/R
-0.258	u_top/u_core/u_b/u_b_core/core/core/shuffle/busy_reg/C	u_top/u_core/u_b/u_b_core/core/core/l5/gk.frontend/win/shift_reg[23][59]/R
-0.257	u_top/u_core/u_b/u_b_core/core/core/l5/mac/issue/out_phase_reg[1]_rep__3/C	u_top/u_core/u_b/u_b_core/core/core/l5/mac/mac/out_lane[3].mult_lane[26].operand_pipe.act_q_reg[5]/D
-0.257	u_top/u_core/u_b/u_b_core/core/core/l5/mac/issue/out_window_reg[1111]/C	u_top/u_core/u_b/u_b_core/core/core/l5/mac/mac/out_lane[1].mult_lane[29].operand_pipe.act_q_reg[7]/D
-0.257	u_top/u_core/u_b/u_b_core/core/core/l5/mac/mac/tree_stage[6].valid_q_reg[7]/C	u_top/u_core/u_b/u_b_core/core/core/l5/gk.frontend/fifo/g_wide_read.g_read_slice[8].rd_ptr_local_reg[0]/R
-0.257	u_top/u_core/u_b/u_b_core/core/core/l5/mac/mac/tree_stage[6].valid_q_reg[7]/C	u_top/u_core/u_b/u_b_core/core/core/l5/gk.frontend/fifo/g_wide_read.g_read_slice[8].rd_ptr_local_reg[1]/R
-0.257	u_top/u_core/u_b/u_b_core/core/core/l5/gk.frontend/win/bank_gen[1].mem_reg_1/CLKARDCLK	u_top/u_core/u_b/u_b_core/core/core/l5/gk.frontend/win/shift_reg[4][46]/D
-0.257	u_top/u_core/u_b/u_b_core/core/core/l5/mac/mac/tree_stage[6].valid_q_reg[7]/C	u_top/u_core/u_b/u_b_core/core/core/l5/mac/issue/out_window_reg[3724]/CE
-0.257	u_top/u_core/u_b/u_b_core/core/core/l5/mac/mac/tree_stage[6].valid_q_reg[7]/C	u_top/u_core/u_b/u_b_core/core/core/l5/mac/issue/out_window_reg[3725]/CE
-0.257	u_top/u_core/u_b/u_b_core/core/core/l5/mac/mac/tree_stage[6].valid_q_reg[7]/C	u_top/u_core/u_b/u_b_core/core/core/l5/mac/issue/out_window_reg[3726]/CE
-0.257	u_top/u_core/u_b/u_b_core/core/core/l5/mac/mac/tree_stage[6].valid_q_reg[7]/C	u_top/u_core/u_b/u_b_core/core/core/l5/mac/issue/out_window_reg[3727]/CE
-0.257	u_top/u_core/u_b/u_b_core/core/core/l5/mac/mac/tree_stage[6].valid_q_reg[7]/C	u_top/u_core/u_b/u_b_core/core/core/l5/mac/issue/out_window_reg[3728]/CE
-0.257	u_top/u_core/u_b/u_b_core/core/core/l5/mac/mac/tree_stage[6].valid_q_reg[7]/C	u_top/u_core/u_b/u_b_core/core/core/l5/mac/issue/out_window_reg[3729]/CE
-0.257	u_top/u_core/u_b/u_b_core/core/core/l5/gk.frontend/win/bank_gen[0].mem_reg_6/CLKARDCLK	u_top/u_core/u_b/u_b_core/core/core/l5/gk.frontend/win/shift_reg[19][238]/D
-0.256	u_top/u_core/u_b/u_b_core/core/core/l5/mac/mac/tree_stage[6].valid_q_reg[7]/C	u_top/u_core/u_b/u_b_core/core/core/l5/mac/issue/out_window_reg[3142]/CE
-0.256	u_top/u_core/u_b/u_b_core/core/core/l5/mac/mac/tree_stage[6].valid_q_reg[7]/C	u_top/u_core/u_b/u_b_core/core/core/l5/mac/issue/out_window_reg[3143]/CE
-0.256	u_top/u_core/u_b/u_b_core/core/core/l5/mac/mac/tree_stage[6].valid_q_reg[7]/C	u_top/u_core/u_b/u_b_core/core/core/l5/mac/issue/out_window_reg[3144]/CE
-0.256	u_top/u_core/u_b/u_b_core/core/core/l5/mac/mac/tree_stage[6].valid_q_reg[7]/C	u_top/u_core/u_b/u_b_core/core/core/l5/mac/issue/out_window_reg[3145]/CE
-0.256	u_top/u_core/u_b/u_b_core/core/core/l5/mac/mac/tree_stage[6].valid_q_reg[7]/C	u_top/u_core/u_b/u_b_core/core/core/l5/mac/issue/out_window_reg[3146]/CE
-0.256	u_top/u_core/u_b/u_b_core/core/core/l5/mac/mac/tree_stage[6].valid_q_reg[7]/C	u_top/u_core/u_b/u_b_core/core/core/l5/mac/issue/out_window_reg[3147]/CE
-0.256	u_top/u_core/u_b/u_b_core/core/core/l5/gk.frontend/win/bank_gen[1].mem_reg_6/CLKARDCLK	u_top/u_core/u_b/u_b_core/core/core/l5/gk.frontend/win/shift_reg[9][249]/D
-0.255	u_top/u_core/u_b/u_b_core/core/core/l5/mac/mac/tree_stage[6].valid_q_reg[7]/C	u_top/u_core/u_b/u_b_core/core/core/l5/mac/issue/out_window_reg[3660]/CE
-0.255	u_top/u_core/u_b/u_b_core/core/core/l5/mac/mac/tree_stage[6].valid_q_reg[7]/C	u_top/u_core/u_b/u_b_core/core/core/l5/mac/issue/out_window_reg[3661]/CE
-0.255	u_top/u_core/u_b/u_b_core/core/core/l5/mac/mac/tree_stage[6].valid_q_reg[7]/C	u_top/u_core/u_b/u_b_core/core/core/l5/mac/issue/out_window_reg[3662]/CE
-0.255	u_top/u_core/u_b/u_b_core/core/core/l5/mac/mac/tree_stage[6].valid_q_reg[7]/C	u_top/u_core/u_b/u_b_core/core/core/l5/mac/issue/out_window_reg[3663]/CE
-0.255	u_top/u_core/u_b/u_b_core/core/core/l5/mac/mac/tree_stage[6].valid_q_reg[7]/C	u_top/u_core/u_b/u_b_core/core/core/l5/mac/issue/out_window_reg[3664]/CE
-0.255	u_top/u_core/u_b/u_b_core/core/core/l5/mac/mac/tree_stage[6].valid_q_reg[7]/C	u_top/u_core/u_b/u_b_core/core/core/l5/mac/issue/out_window_reg[3665]/CE
-0.255	u_top/u_core/u_b/u_b_core/core/core/l5/gk.frontend/win/col_reg[4]_replica_6/C	u_top/u_core/u_b/u_b_core/core/core/l5/gk.frontend/win/bank_gen[1].mem_reg_1/ADDRARDADDR[9]
-0.255	u_top/u_core/u_b/u_b_core/core/core/f45/g_narrow_read.rd_ptr_local_reg[1]_replica_3/C	u_top/u_core/u_b/u_b_core/core/core/l5/gk.frontend/win/bank_gen[1].mem_reg_0/DIADI[27]
-0.255	u_top/u_core/u_b/u_b_core/core/core/l5/mac/issue/out_phase_reg[0]_rep__0/C	u_top/u_core/u_b/u_b_core/core/core/l5/mac/mac/out_lane[1].mult_lane[27].operand_pipe.act_q_reg[1]/D
-0.254	u_top/u_core/u_b/u_b_core/core/core/shuffle/busy_reg/C	u_top/u_core/u_b/u_b_core/core/core/l5/gk.frontend/win/shift_reg[22][51]/R
-0.254	u_top/u_core/u_b/u_b_core/core/core/l5/gk.frontend/win/bank_gen[1].mem_reg_6/CLKARDCLK	u_top/u_core/u_b/u_b_core/core/core/l5/gk.frontend/win/shift_reg[14][240]/D
-0.254	u_top/u_core/u_b/u_b_core/core/core/l5/gk.frontend/win/bank_gen[1].mem_reg_1/CLKARDCLK	u_top/u_core/u_b/u_b_core/core/core/l5/gk.frontend/win/shift_reg[19][46]/D
-0.253	u_top/u_core/u_b/u_b_core/core/core/l5/mac/mac/out_lane[1].mult_lane[18].operand_pipe.act_q_reg[8]/C	u_top/u_core/u_b/u_b_core/core/core/l5/mac/mac/out_lane[1].mult_lane[18].operand_pipe.sums_q_reg[0][1][18]/A[8]
-0.253	u_top/u_core/u_b/u_b_core/core/core/l5/gk.frontend/win/col_reg[9]/C	u_top/u_core/u_b/u_b_core/core/core/l5/gk.frontend/win/bank_gen[2].mem_reg_6/ADDRARDADDR[14]
-0.252	u_top/u_core/u_b/u_b_core/core/core/l5/mac/issue/out_phase_reg[2]_rep__3/C	u_top/u_core/u_b/u_b_core/core/core/l5/mac/mac/out_lane[3].mult_lane[25].operand_pipe.act_q_reg[7]/D
-0.252	u_top/u_core/u_b/u_b_core/core/core/l5/mac/issue/out_phase_reg[0]_rep__15/C	u_top/u_core/u_b/u_b_core/core/core/l5/mac/mac/out_lane[0].mult_lane[21].operand_pipe.weight_q_reg[0]/D
-0.252	u_top/u_core/u_b/u_b_core/core/core/l5/gk.frontend/pad/interior_x_reg/C	u_top/u_core/u_b/u_b_core/core/core/l5/gk.frontend/win/bank_gen[0].mem_reg_3/DIADI[25]
-0.252	u_top/u_core/u_b/u_b_core/core/core/l5/mac/issue/out_phase_reg[2]_rep__3/C	u_top/u_core/u_b/u_b_core/core/core/l5/mac/mac/out_lane[1].mult_lane[17].operand_pipe.act_q_reg[4]/D
-0.251	u_top/u_core/u_b/u_b_core/core/core/l3/gk.frontend/win/col_reg[1]/C	u_top/u_core/u_b/u_b_core/core/core/l3/gk.frontend/win/row_reg[10]/CE
-0.251	u_top/u_core/u_b/u_b_core/core/core/l3/gk.frontend/win/col_reg[1]/C	u_top/u_core/u_b/u_b_core/core/core/l3/gk.frontend/win/row_reg[11]/CE
-0.251	u_top/u_core/u_b/u_b_core/core/core/l3/gk.frontend/win/col_reg[1]/C	u_top/u_core/u_b/u_b_core/core/core/l3/gk.frontend/win/row_reg[8]/CE
-0.251	u_top/u_core/u_b/u_b_core/core/core/l3/gk.frontend/win/col_reg[1]/C	u_top/u_core/u_b/u_b_core/core/core/l3/gk.frontend/win/row_reg[9]/CE
-0.251	u_top/u_core/u_b/u_b_core/core/core/l5/mac/issue/out_phase_reg[1]_rep__6/C	u_top/u_core/u_b/u_b_core/core/core/l5/mac/mac/out_lane[2].mult_lane[11].operand_pipe.act_q_reg[11]/D
-0.251	u_top/u_core/u_b/u_b_core/core/core/l5/gk.frontend/win/bank_gen[0].mem_reg_3/CLKARDCLK	u_top/u_core/u_b/u_b_core/core/core/l5/gk.frontend/win/shift_reg[4][140]/D
-0.251	u_top/u_core/u_b/u_b_core/core/core/shuffle/busy_reg/C	u_top/u_core/u_b/u_b_core/core/core/l5/gk.frontend/win/shift_reg[22][88]/R
-0.251	u_top/u_core/u_b/u_b_core/core/core/shuffle/busy_reg/C	u_top/u_core/u_b/u_b_core/core/core/l5/gk.frontend/win/shift_reg[22][91]/R
-0.251	u_top/u_core/u_b/u_b_core/core/core/shuffle/busy_reg/C	u_top/u_core/u_b/u_b_core/core/core/l5/gk.frontend/win/shift_reg[23][26]/R
-0.251	u_top/u_core/u_b/u_b_core/core/core/shuffle/busy_reg/C	u_top/u_core/u_b/u_b_core/core/core/l5/gk.frontend/win/shift_reg[23][5]/R
-0.251	u_top/u_core/u_b/u_b_core/core/core/l5/mac/issue/out_phase_reg[1]_rep__5/C	u_top/u_core/u_b/u_b_core/core/core/l5/mac/mac/out_lane[0].mult_lane[31].operand_pipe.act_q_reg[4]/D
-0.251	u_top/u_core/u_b/u_b_core/core/core/l5/mac/issue/out_phase_reg[1]_rep__2/C	u_top/u_core/u_b/u_b_core/core/core/l5/mac/mac/out_lane[2].mult_lane[26].operand_pipe.act_q_reg[3]/D
-0.251	u_top/u_core/u_b/u_b_core/core/core/l5/mac/issue/out_phase_reg[2]_rep__6/C	u_top/u_core/u_b/u_b_core/core/core/l5/mac/mac/out_lane[1].mult_lane[48].operand_pipe.act_q_reg[7]/D
-0.250	u_top/u_core/u_b/u_b_core/core/core/l5/gk.frontend/pad/interior_y_reg/C	u_top/u_core/u_b/u_b_core/core/core/l5/gk.frontend/win/bank_gen[3].mem_reg_4/DIADI[3]
-0.250	u_top/u_core/u_b/u_b_core/core/core/l5/mac/mac/tree_stage[6].valid_q_reg[7]/C	u_top/u_core/u_b/u_b_core/core/core/l5/mac/mac/out_lane[2].mult_lane[5].operand_pipe.weight_q_reg[4]/R
-0.250	u_top/u_core/u_b/u_b_core/core/core/l5/mac/mac/tree_stage[6].valid_q_reg[7]/C	u_top/u_core/u_b/u_b_core/core/core/l5/mac/mac/out_lane[2].mult_lane[5].operand_pipe.weight_q_reg[5]/R
-0.250	u_top/u_core/u_b/u_b_core/core/core/l5/mac/mac/tree_stage[6].valid_q_reg[7]/C	u_top/u_core/u_b/u_b_core/core/core/l5/mac/mac/out_lane[2].mult_lane[5].operand_pipe.weight_q_reg[6]/R
-0.250	u_top/u_core/u_b/u_b_core/core/core/l5/mac/mac/tree_stage[6].valid_q_reg[7]/C	u_top/u_core/u_b/u_b_core/core/core/l5/mac/mac/out_lane[2].mult_lane[5].operand_pipe.weight_q_reg[7]/R
-0.249	u_top/u_core/u_b/u_b_core/core/core/l5/mac/issue/out_phase_reg[1]_rep__1/C	u_top/u_core/u_b/u_b_core/core/core/l5/mac/mac/out_lane[3].mult_lane[18].operand_pipe.act_q_reg[0]/D
-0.249	u_top/u_core/u_b/u_b_core/core/core/l5/mac/mac/tree_stage[6].valid_q_reg[7]/C	u_top/u_core/u_b/u_b_core/core/core/l5/mac/mac/out_lane[1].mult_lane[48].operand_pipe.weight_q_reg[3]/R
-0.249	u_top/u_core/u_b/u_b_core/core/core/l5/mac/issue/out_phase_reg[1]_rep__5/C	u_top/u_core/u_b/u_b_core/core/core/l5/mac/mac/out_lane[1].mult_lane[31].operand_pipe.act_q_reg[4]/D
-0.249	u_top/u_core/u_b/u_b_core/core/core/l5/gk.frontend/pad/interior_x_reg/C	u_top/u_core/u_b/u_b_core/core/core/l5/gk.frontend/win/bank_gen[0].mem_reg_2/DIPADIP[3]
-0.249	u_top/u_core/u_b/u_b_core/core/core/l5/mac/issue/out_phase_reg[1]_rep__5/C	u_top/u_core/u_b/u_b_core/core/core/l5/mac/mac/out_lane[2].mult_lane[31].operand_pipe.act_q_reg[4]/D
-0.249	u_top/u_core/u_b/u_b_core/core/core/l5/gk.frontend/win/bank_gen[1].mem_reg_3/CLKARDCLK	u_top/u_core/u_b/u_b_core/core/core/l5/gk.frontend/win/shift_reg[19][143]/D
-0.249	u_top/u_core/u_b/u_b_core/core/core/l5/mac/issue/out_phase_reg[1]_rep__1/C	u_top/u_core/u_b/u_b_core/core/core/l5/mac/mac/out_lane[2].mult_lane[25].operand_pipe.act_q_reg[14]/D
-0.248	u_top/u_core/u_pp/u_bank0/mem_reg_bram_6/CLKBWRCLK	u_top/u_core/u_pp/u_bank0/rd_data_reg[7]/D
-0.248	u_top/u_core/u_b/u_b_core/core/core/shuffle/busy_reg/C	u_top/u_core/u_b/u_b_core/core/core/l5/gk.frontend/win/shift_reg[22][190]/R
-0.248	u_top/u_core/u_b/u_b_core/core/core/l5/mac/issue/out_phase_reg[0]_rep__15/C	u_top/u_core/u_b/u_b_core/core/core/l5/mac/mac/out_lane[2].mult_lane[30].operand_pipe.weight_q_reg[2]/D
-0.248	u_top/u_core/u_b/u_b_core/core/core/l5/gk.frontend/win/bank_gen[1].mem_reg_6/CLKARDCLK	u_top/u_core/u_b/u_b_core/core/core/l5/gk.frontend/win/shift_reg[19][239]/D
-0.248	u_top/u_core/u_b/u_b_core/core/core/l5/mac/mac/tree_stage[6].valid_q_reg[7]/C	u_top/u_core/u_b/u_b_core/core/core/l5/mac/mac/tree_stage[1].channel[0].node[0].pair.sums_q_reg[1][0][0][0]/CE
-0.248	u_top/u_core/u_b/u_b_core/core/core/l5/mac/mac/tree_stage[6].valid_q_reg[7]/C	u_top/u_core/u_b/u_b_core/core/core/l5/mac/mac/tree_stage[1].channel[0].node[0].pair.sums_q_reg[1][0][0][1]/CE
-0.248	u_top/u_core/u_b/u_b_core/core/core/l5/mac/mac/tree_stage[6].valid_q_reg[7]/C	u_top/u_core/u_b/u_b_core/core/core/l5/mac/mac/tree_stage[1].channel[0].node[0].pair.sums_q_reg[1][0][0][2]/CE
-0.248	u_top/u_core/u_b/u_b_core/core/core/l5/mac/mac/tree_stage[6].valid_q_reg[7]/C	u_top/u_core/u_b/u_b_core/core/core/l5/mac/mac/tree_stage[1].channel[0].node[0].pair.sums_q_reg[1][0][0][3]/CE
-0.247	u_top/u_core/u_b/u_b_core/core/core/shuffle/busy_reg/C	u_top/u_core/u_b/u_b_core/core/core/l5/gk.frontend/win/shift_reg[22][253]/R
-0.247	u_top/u_core/u_b/u_b_core/core/core/shuffle/busy_reg/C	u_top/u_core/u_b/u_b_core/core/core/l5/gk.frontend/win/shift_reg[22][61]/R
-0.247	u_top/u_core/u_b/u_b_core/core/core/shuffle/busy_reg/C	u_top/u_core/u_b/u_b_core/core/core/l5/gk.frontend/win/shift_reg[23][244]/R
-0.247	u_top/u_core/u_b/u_b_core/core/core/shuffle/busy_reg/C	u_top/u_core/u_b/u_b_core/core/core/l5/gk.frontend/win/shift_reg[23][2]/R
-0.247	u_top/u_core/u_b/u_b_core/core/core/l5/mac/issue/out_phase_reg[2]_rep__8/C	u_top/u_core/u_b/u_b_core/core/core/l5/mac/mac/out_lane[0].mult_lane[35].operand_pipe.act_q_reg[4]/D
-0.247	u_top/u_core/u_b/u_b_core/core/core/l5/gk.frontend/fifo/wr_ptr_reg[0]_rep__5/C	u_top/u_core/u_b/u_b_core/core/core/l5/gk.frontend/fifo/g_wide_read.g_read_slice[6].mem_slice_reg_0_3_60_63/RAMA/WADR0
-0.247	u_top/u_core/u_b/u_b_core/core/core/l5/gk.frontend/fifo/wr_ptr_reg[0]_rep__5/C	u_top/u_core/u_b/u_b_core/core/core/l5/gk.frontend/fifo/g_wide_read.g_read_slice[6].mem_slice_reg_0_3_60_63/RAMA_D1/WADR0
-0.247	u_top/u_core/u_b/u_b_core/core/core/l5/gk.frontend/fifo/wr_ptr_reg[0]_rep__5/C	u_top/u_core/u_b/u_b_core/core/core/l5/gk.frontend/fifo/g_wide_read.g_read_slice[6].mem_slice_reg_0_3_60_63/RAMB/WADR0
-0.247	u_top/u_core/u_b/u_b_core/core/core/l5/gk.frontend/fifo/wr_ptr_reg[0]_rep__5/C	u_top/u_core/u_b/u_b_core/core/core/l5/gk.frontend/fifo/g_wide_read.g_read_slice[6].mem_slice_reg_0_3_60_63/RAMB_D1/WADR0
-0.247	u_top/u_core/u_b/u_b_core/core/core/l5/gk.frontend/fifo/wr_ptr_reg[0]_rep__5/C	u_top/u_core/u_b/u_b_core/core/core/l5/gk.frontend/fifo/g_wide_read.g_read_slice[6].mem_slice_reg_0_3_60_63/RAMC/WADR0
-0.247	u_top/u_core/u_b/u_b_core/core/core/l5/gk.frontend/fifo/wr_ptr_reg[0]_rep__5/C	u_top/u_core/u_b/u_b_core/core/core/l5/gk.frontend/fifo/g_wide_read.g_read_slice[6].mem_slice_reg_0_3_60_63/RAMC_D1/WADR0
-0.247	u_top/u_core/u_b/u_b_core/core/core/l5/gk.frontend/fifo/wr_ptr_reg[0]_rep__5/C	u_top/u_core/u_b/u_b_core/core/core/l5/gk.frontend/fifo/g_wide_read.g_read_slice[6].mem_slice_reg_0_3_60_63/RAMD/ADR0
-0.247	u_top/u_core/u_b/u_b_core/core/core/l5/gk.frontend/fifo/wr_ptr_reg[0]_rep__5/C	u_top/u_core/u_b/u_b_core/core/core/l5/gk.frontend/fifo/g_wide_read.g_read_slice[6].mem_slice_reg_0_3_60_63/RAMD_D1/ADR0
-0.246	u_top/u_core/u_b/u_b_core/core/core/l5/mac/issue/out_phase_reg[2]_rep__3/C	u_top/u_core/u_b/u_b_core/core/core/l5/mac/mac/out_lane[2].mult_lane[17].operand_pipe.act_q_reg[11]/D
-0.246	u_top/u_core/u_b/u_b_core/core/core/l5/mac/issue/out_phase_reg[2]_rep__0/C	u_top/u_core/u_b/u_b_core/core/core/l5/mac/mac/out_lane[1].mult_lane[49].operand_pipe.weight_q_reg[6]/D
-0.246	u_top/u_core/u_b/u_b_core/core/core/l5/mac/issue/out_phase_reg[1]_rep__0_replica_1/C	u_top/u_core/u_b/u_b_core/core/core/l5/mac/mac/out_lane[2].mult_lane[16].operand_pipe.act_q_reg[2]/D
-0.246	u_top/u_core/u_b/u_b_core/core/core/l5/mac/issue/out_window_reg[1574]/C	u_top/u_core/u_b/u_b_core/core/core/l5/mac/mac/out_lane[3].mult_lane[6].operand_pipe.act_q_reg[6]/D
-0.246	u_top/u_core/u_b/u_b_core/core/core/l5/mac/issue/out_phase_reg[2]_rep__3/C	u_top/u_core/u_b/u_b_core/core/core/l5/mac/mac/out_lane[3].mult_lane[15].operand_pipe.act_q_reg[12]/D
-0.246	u_top/u_core/u_b/u_b_core/core/core/l5/mac/issue/out_phase_reg[1]_rep__1/C	u_top/u_core/u_b/u_b_core/core/core/l5/mac/mac/out_lane[1].mult_lane[18].operand_pipe.act_q_reg[6]/D
-0.245	u_top/u_core/u_b/u_b_core/core/core/shuffle/busy_reg/C	u_top/u_core/u_b/u_b_core/core/core/l5/gk.frontend/win/shift_reg[23][241]/R
-0.245	u_top/u_core/u_b/u_b_core/core/core/l5/gk.frontend/win/bank_gen[3].mem_reg_6/CLKARDCLK	u_top/u_core/u_b/u_b_core/core/core/l5/gk.frontend/win/shift_reg[14][223]/D
-0.245	u_top/u_core/u_b/u_b_core/core/core/l5/mac/issue/out_phase_reg[0]_rep__4/C	u_top/u_core/u_b/u_b_core/core/core/l5/mac/mac/out_lane[0].mult_lane[35].operand_pipe.act_q_reg[6]/D
-0.245	u_top/u_core/u_in/req_addr_q_reg[5]_rep__3/C	u_top/u_core/u_rom/g_multi_bank.g_bank[0].u_bank/request_addr_q_reg_0_6/ADDRARDADDR[5]
-0.244	u_top/u_core/u_b/u_b_core/core/core/l5/gk.frontend/win/bank_gen[1].mem_reg_3/CLKARDCLK	u_top/u_core/u_b/u_b_core/core/core/l5/gk.frontend/win/shift_reg[14][109]/D
-0.244	u_top/u_core/u_b/u_b_core/core/core/l5/gk.frontend/pending1_reg_replica_18/C	u_top/u_core/u_b/u_b_core/core/core/l5/gk.frontend/win/shift_reg[23][13]/CE
-0.244	u_top/u_core/u_b/u_b_core/core/core/l5/gk.frontend/pending1_reg_replica_18/C	u_top/u_core/u_b/u_b_core/core/core/l5/gk.frontend/win/shift_reg[23][35]/CE
-0.244	u_top/u_core/u_b/u_b_core/core/core/l5/gk.frontend/win/shift_reg[21][3]/C	u_top/u_core/u_b/u_b_core/core/core/l5/gk.frontend/fifo/g_wide_read.g_read_slice[84].mem_slice_reg_0_3_0_5/RAMB_D1/I
-0.243	u_top/u_core/u_b/u_b_core/core/core/l5/mac/issue/out_phase_reg[0]_rep__15/C	u_top/u_core/u_b/u_b_core/core/core/l5/mac/mac/out_lane[0].mult_lane[20].operand_pipe.weight_q_reg[2]/D
-0.243	u_top/u_core/u_b/u_b_core/core/core/l5/gk.frontend/win/bank_gen[3].mem_reg_6/CLKARDCLK	u_top/u_core/u_b/u_b_core/core/core/l5/gk.frontend/win/shift_reg[19][223]/D
-0.243	u_top/u_core/u_b/u_b_core/core/core/l5/mac/issue/out_phase_reg[1]_rep__5/C	u_top/u_core/u_b/u_b_core/core/core/l5/mac/mac/out_lane[0].mult_lane[49].operand_pipe.act_q_reg[14]/D
-0.242	u_top/u_core/u_b/u_b_core/core/core/l5/mac/issue/out_phase_reg[1]_rep__12/C	u_top/u_core/u_b/u_b_core/core/core/l5/mac/mac/out_lane[0].mult_lane[37].operand_pipe.act_q_reg[11]/D
-0.242	u_top/u_core/u_b/u_b_core/core/core/l5/mac/mac/tree_stage[6].valid_q_reg[7]/C	u_top/u_core/u_b/u_b_core/core/core/l5/mac/issue/out_window_reg[1194]/CE
-0.242	u_top/u_core/u_b/u_b_core/core/core/l5/mac/mac/tree_stage[6].valid_q_reg[7]/C	u_top/u_core/u_b/u_b_core/core/core/l5/mac/issue/out_window_reg[1195]/CE
-0.242	u_top/u_core/u_b/u_b_core/core/core/l5/mac/mac/tree_stage[6].valid_q_reg[7]/C	u_top/u_core/u_b/u_b_core/core/core/l5/mac/issue/out_window_reg[1196]/CE
-0.242	u_top/u_core/u_b/u_b_core/core/core/l5/mac/mac/tree_stage[6].valid_q_reg[7]/C	u_top/u_core/u_b/u_b_core/core/core/l5/mac/issue/out_window_reg[1197]/CE
-0.242	u_top/u_core/u_b/u_b_core/core/core/l5/mac/mac/tree_stage[6].valid_q_reg[7]/C	u_top/u_core/u_b/u_b_core/core/core/l5/mac/issue/out_window_reg[1198]/CE
-0.242	u_top/u_core/u_b/u_b_core/core/core/l5/mac/mac/tree_stage[6].valid_q_reg[7]/C	u_top/u_core/u_b/u_b_core/core/core/l5/mac/issue/out_window_reg[1199]/CE
-0.242	u_top/u_core/u_b/u_b_core/core/core/l5/mac/issue/out_phase_reg[0]_rep__2_replica_1/C	u_top/u_core/u_b/u_b_core/core/core/l5/mac/mac/out_lane[0].mult_lane[7].operand_pipe.act_q_reg[15]/D
-0.242	u_top/u_core/u_b/u_b_core/core/core/l5/mac/mac/out_lane[1].mult_lane[23].operand_pipe.act_q_reg[7]/C	u_top/u_core/u_b/u_b_core/core/core/l5/mac/mac/out_lane[1].mult_lane[23].operand_pipe.sums_q_reg[0][1][23]/A[7]
-0.242	u_top/u_core/u_b/u_b_core/core/core/l5/gk.frontend/win/bank_gen[1].mem_reg_3/CLKARDCLK	u_top/u_core/u_b/u_b_core/core/core/l5/gk.frontend/win/shift_reg[9][143]/D
-0.242	u_top/u_core/u_b/u_b_core/core/core/shuffle/busy_reg/C	u_top/u_core/u_b/u_b_core/core/core/l3/gk.frontend/pad/busy_reg/D
-0.242	u_top/u_core/u_b/u_b_core/core/core/shuffle/busy_reg/C	u_top/u_core/u_b/u_b_core/core/core/l5/gk.frontend/win/shift_reg[2][45]/R
-0.242	u_top/u_core/u_b/u_b_core/core/core/shuffle/busy_reg/C	u_top/u_core/u_b/u_b_core/core/core/l5/gk.frontend/win/shift_reg[3][87]/R
-0.242	u_top/u_core/u_b/u_b_core/core/core/shuffle/busy_reg/C	u_top/u_core/u_b/u_b_core/core/core/l5/gk.frontend/win/shift_reg[5][2]/R
-0.241	u_top/u_core/u_ctrl/start_b_reg/C	u_top/u_core/u_in/req_addr_q_reg[3]_rep__9/CE
-0.241	u_top/u_core/u_b/u_b_core/core/core/f45/g_narrow_read.rd_ptr_local_reg[1]_replica_3/C	u_top/u_core/u_b/u_b_core/core/core/l5/gk.frontend/win/bank_gen[1].mem_reg_0/DIADI[28]
-0.241	u_top/u_core/u_b/u_b_core/core/core/l5/mac/mac/tree_stage[6].valid_q_reg[7]/C	u_top/u_core/u_b/u_b_core/core/core/l5/mac/issue/out_window_reg[1310]/CE
-0.241	u_top/u_core/u_b/u_b_core/core/core/l5/mac/mac/tree_stage[6].valid_q_reg[7]/C	u_top/u_core/u_b/u_b_core/core/core/l5/mac/issue/out_window_reg[1311]/CE
-0.241	u_top/u_core/u_b/u_b_core/core/core/l5/mac/mac/tree_stage[6].valid_q_reg[7]/C	u_top/u_core/u_b/u_b_core/core/core/l5/mac/issue/out_window_reg[1312]/CE
-0.241	u_top/u_core/u_b/u_b_core/core/core/l5/mac/mac/tree_stage[6].valid_q_reg[7]/C	u_top/u_core/u_b/u_b_core/core/core/l5/mac/issue/out_window_reg[1313]/CE
-0.241	u_top/u_core/u_b/u_b_core/core/core/l5/mac/mac/tree_stage[6].valid_q_reg[7]/C	u_top/u_core/u_b/u_b_core/core/core/l5/mac/issue/out_window_reg[1314]/CE
-0.241	u_top/u_core/u_b/u_b_core/core/core/l5/mac/mac/tree_stage[6].valid_q_reg[7]/C	u_top/u_core/u_b/u_b_core/core/core/l5/mac/issue/out_window_reg[1315]/CE
-0.240	u_top/u_core/u_b/u_b_core/core/core/l5/mac/mac/tree_stage[6].valid_q_reg[7]/C	u_top/u_core/u_b/u_b_core/core/core/l5/mac/mac/tree_stage[1].channel[2].node[17].pair.sums_q_reg[1][2][17][4]/CE
-0.240	u_top/u_core/u_b/u_b_core/core/core/l5/mac/mac/tree_stage[6].valid_q_reg[7]/C	u_top/u_core/u_b/u_b_core/core/core/l5/mac/mac/tree_stage[1].channel[2].node[17].pair.sums_q_reg[1][2][17][5]/CE
-0.240	u_top/u_core/u_b/u_b_core/core/core/l5/mac/mac/tree_stage[6].valid_q_reg[7]/C	u_top/u_core/u_b/u_b_core/core/core/l5/mac/mac/tree_stage[1].channel[2].node[17].pair.sums_q_reg[1][2][17][6]/CE
-0.240	u_top/u_core/u_b/u_b_core/core/core/l5/mac/mac/tree_stage[6].valid_q_reg[7]/C	u_top/u_core/u_b/u_b_core/core/core/l5/mac/mac/tree_stage[1].channel[2].node[17].pair.sums_q_reg[1][2][17][7]/CE
-0.240	u_top/u_core/u_b/u_b_core/core/core/shuffle/busy_reg/C	u_top/u_core/u_b/u_b_core/core/core/l5/gk.frontend/win/shift_reg[11][116]/R
-0.240	u_top/u_core/u_b/u_b_core/core/core/shuffle/busy_reg/C	u_top/u_core/u_b/u_b_core/core/core/l5/gk.frontend/win/shift_reg[11][163]/R
-0.240	u_top/u_core/u_b/u_b_core/core/core/l5/gk.frontend/fifo/wr_ptr_reg[0]_rep__5/C	u_top/u_core/u_b/u_b_core/core/core/l5/gk.frontend/fifo/g_wide_read.g_read_slice[5].mem_slice_reg_0_3_24_29/RAMA/WADR0
-0.240	u_top/u_core/u_b/u_b_core/core/core/l5/gk.frontend/fifo/wr_ptr_reg[0]_rep__5/C	u_top/u_core/u_b/u_b_core/core/core/l5/gk.frontend/fifo/g_wide_read.g_read_slice[5].mem_slice_reg_0_3_24_29/RAMA_D1/WADR0
-0.240	u_top/u_core/u_b/u_b_core/core/core/l5/gk.frontend/fifo/wr_ptr_reg[0]_rep__5/C	u_top/u_core/u_b/u_b_core/core/core/l5/gk.frontend/fifo/g_wide_read.g_read_slice[5].mem_slice_reg_0_3_24_29/RAMB/WADR0
-0.240	u_top/u_core/u_b/u_b_core/core/core/l5/gk.frontend/fifo/wr_ptr_reg[0]_rep__5/C	u_top/u_core/u_b/u_b_core/core/core/l5/gk.frontend/fifo/g_wide_read.g_read_slice[5].mem_slice_reg_0_3_24_29/RAMB_D1/WADR0
-0.240	u_top/u_core/u_b/u_b_core/core/core/l5/gk.frontend/fifo/wr_ptr_reg[0]_rep__5/C	u_top/u_core/u_b/u_b_core/core/core/l5/gk.frontend/fifo/g_wide_read.g_read_slice[5].mem_slice_reg_0_3_24_29/RAMC/WADR0
-0.240	u_top/u_core/u_b/u_b_core/core/core/l5/gk.frontend/fifo/wr_ptr_reg[0]_rep__5/C	u_top/u_core/u_b/u_b_core/core/core/l5/gk.frontend/fifo/g_wide_read.g_read_slice[5].mem_slice_reg_0_3_24_29/RAMC_D1/WADR0
-0.240	u_top/u_core/u_b/u_b_core/core/core/l5/gk.frontend/fifo/wr_ptr_reg[0]_rep__5/C	u_top/u_core/u_b/u_b_core/core/core/l5/gk.frontend/fifo/g_wide_read.g_read_slice[5].mem_slice_reg_0_3_24_29/RAMD/ADR0
-0.240	u_top/u_core/u_b/u_b_core/core/core/l5/gk.frontend/fifo/wr_ptr_reg[0]_rep__5/C	u_top/u_core/u_b/u_b_core/core/core/l5/gk.frontend/fifo/g_wide_read.g_read_slice[5].mem_slice_reg_0_3_24_29/RAMD_D1/ADR0
-0.240	u_top/u_core/u_b/u_b_core/core/core/l5/mac/issue/out_phase_reg[0]_rep__11/C	u_top/u_core/u_b/u_b_core/core/core/l5/mac/mac/out_lane[2].mult_lane[23].operand_pipe.act_q_reg[3]/D
-0.240	u_top/u_core/u_b/u_b_core/core/core/l5/mac/issue/out_phase_reg[1]_rep__9/C	u_top/u_core/u_b/u_b_core/core/core/l5/mac/mac/out_lane[1].mult_lane[32].operand_pipe.act_q_reg[5]/D
-0.239	u_top/u_core/u_b/u_b_core/core/core/l5/mac/mac/tree_stage[6].valid_q_reg[7]/C	u_top/u_core/u_b/u_b_core/core/core/l5/mac/issue/out_window_reg[3352]/CE
-0.239	u_top/u_core/u_b/u_b_core/core/core/l5/mac/mac/tree_stage[6].valid_q_reg[7]/C	u_top/u_core/u_b/u_b_core/core/core/l5/mac/issue/out_window_reg[3353]/CE
-0.239	u_top/u_core/u_b/u_b_core/core/core/l5/mac/mac/tree_stage[6].valid_q_reg[7]/C	u_top/u_core/u_b/u_b_core/core/core/l5/mac/issue/out_window_reg[3354]/CE
-0.239	u_top/u_core/u_b/u_b_core/core/core/l5/mac/mac/tree_stage[6].valid_q_reg[7]/C	u_top/u_core/u_b/u_b_core/core/core/l5/mac/issue/out_window_reg[3355]/CE
-0.239	u_top/u_core/u_b/u_b_core/core/core/l5/mac/mac/tree_stage[6].valid_q_reg[7]/C	u_top/u_core/u_b/u_b_core/core/core/l5/mac/issue/out_window_reg[3356]/CE
-0.239	u_top/u_core/u_b/u_b_core/core/core/l5/mac/mac/tree_stage[6].valid_q_reg[7]/C	u_top/u_core/u_b/u_b_core/core/core/l5/mac/issue/out_window_reg[3357]/CE
-0.239	u_top/u_core/u_b/u_b_core/core/core/shuffle/busy_reg/C	u_top/u_core/u_b/u_b_core/core/core/l5/gk.frontend/win/shift_reg[22][213]/R
-0.239	u_top/u_core/u_b/u_b_core/core/core/shuffle/busy_reg/C	u_top/u_core/u_b/u_b_core/core/core/l5/gk.frontend/win/shift_reg[22][27]/R
-0.239	u_top/u_core/u_b/u_b_core/core/core/f45/g_narrow_read.rd_ptr_local_reg[0]_replica_4/C	u_top/u_core/u_b/u_b_core/core/core/l5/gk.frontend/win/bank_gen[3].mem_reg_0/DIADI[12]
-0.239	u_top/u_core/u_b/u_b_core/core/core/l5/mac/issue/out_phase_reg[1]_rep__6/C	u_top/u_core/u_b/u_b_core/core/core/l5/mac/mac/out_lane[1].mult_lane[11].operand_pipe.act_q_reg[2]/D
-0.238	u_top/u_core/u_b/u_b_core/core/core/l5/gk.frontend/win/row_mod_d_reg[0]_rep__3/C	u_top/u_core/u_b/u_b_core/core/core/l5/gk.frontend/win/shift_reg[14][89]/D
-0.238	u_top/u_core/u_b/u_b_core/core/core/l5/mac/mac/tree_stage[6].valid_q_reg[7]/C	u_top/u_core/u_b/u_b_core/core/core/l5/mac/mac/out_lane[1].mult_lane[29].operand_pipe.weight_q_reg[4]/CE
-0.238	u_top/u_core/u_b/u_b_core/core/core/l5/mac/mac/tree_stage[6].valid_q_reg[7]/C	u_top/u_core/u_b/u_b_core/core/core/l5/mac/mac/out_lane[1].mult_lane[29].operand_pipe.weight_q_reg[5]/CE
-0.238	u_top/u_core/u_b/u_b_core/core/core/l5/mac/mac/tree_stage[6].valid_q_reg[7]/C	u_top/u_core/u_b/u_b_core/core/core/l5/mac/mac/out_lane[1].mult_lane[29].operand_pipe.weight_q_reg[7]/CE
-0.237	u_top/u_core/u_b/u_b_core/core/core/l5/gk.frontend/fifo/wr_ptr_reg[0]_rep__5/C	u_top/u_core/u_b/u_b_core/core/core/l5/gk.frontend/fifo/g_wide_read.g_read_slice[7].mem_slice_reg_0_3_24_29/RAMA/WADR0
-0.237	u_top/u_core/u_b/u_b_core/core/core/l5/gk.frontend/fifo/wr_ptr_reg[0]_rep__5/C	u_top/u_core/u_b/u_b_core/core/core/l5/gk.frontend/fifo/g_wide_read.g_read_slice[7].mem_slice_reg_0_3_24_29/RAMA_D1/WADR0
-0.237	u_top/u_core/u_b/u_b_core/core/core/l5/gk.frontend/fifo/wr_ptr_reg[0]_rep__5/C	u_top/u_core/u_b/u_b_core/core/core/l5/gk.frontend/fifo/g_wide_read.g_read_slice[7].mem_slice_reg_0_3_24_29/RAMB/WADR0
-0.237	u_top/u_core/u_b/u_b_core/core/core/l5/gk.frontend/fifo/wr_ptr_reg[0]_rep__5/C	u_top/u_core/u_b/u_b_core/core/core/l5/gk.frontend/fifo/g_wide_read.g_read_slice[7].mem_slice_reg_0_3_24_29/RAMB_D1/WADR0
-0.237	u_top/u_core/u_b/u_b_core/core/core/l5/gk.frontend/fifo/wr_ptr_reg[0]_rep__5/C	u_top/u_core/u_b/u_b_core/core/core/l5/gk.frontend/fifo/g_wide_read.g_read_slice[7].mem_slice_reg_0_3_24_29/RAMC/WADR0
-0.237	u_top/u_core/u_b/u_b_core/core/core/l5/gk.frontend/fifo/wr_ptr_reg[0]_rep__5/C	u_top/u_core/u_b/u_b_core/core/core/l5/gk.frontend/fifo/g_wide_read.g_read_slice[7].mem_slice_reg_0_3_24_29/RAMC_D1/WADR0
-0.237	u_top/u_core/u_b/u_b_core/core/core/l5/gk.frontend/fifo/wr_ptr_reg[0]_rep__5/C	u_top/u_core/u_b/u_b_core/core/core/l5/gk.frontend/fifo/g_wide_read.g_read_slice[7].mem_slice_reg_0_3_24_29/RAMD/ADR0
-0.237	u_top/u_core/u_b/u_b_core/core/core/l5/gk.frontend/fifo/wr_ptr_reg[0]_rep__5/C	u_top/u_core/u_b/u_b_core/core/core/l5/gk.frontend/fifo/g_wide_read.g_read_slice[7].mem_slice_reg_0_3_24_29/RAMD_D1/ADR0
-0.237	u_top/u_core/u_in/req_addr_q_reg[10]_rep__13/C	u_top/u_core/u_rom/g_multi_bank.g_bank[0].u_bank/request_addr_q_reg_0_6/ADDRARDADDR[10]
-0.237	u_top/u_core/u_b/u_b_core/core/core/l5/mac/issue/out_phase_reg[1]_rep/C	u_top/u_core/u_b/u_b_core/core/core/l5/mac/mac/out_lane[2].mult_lane[18].operand_pipe.weight_q_reg[7]/D
-0.236	u_top/u_core/u_b/u_b_core/core/core/f45/g_narrow_read.rd_ptr_local_reg[3]/C	u_top/u_core/u_b/u_b_core/core/core/l5/gk.frontend/win/bank_gen[0].mem_reg_3/DIADI[26]
-0.236	u_top/u_core/u_b/u_b_core/core/core/l5/mac/issue/out_phase_reg[1]_rep__12/C	u_top/u_core/u_b/u_b_core/core/core/l5/mac/mac/out_lane[2].mult_lane[39].operand_pipe.act_q_reg[5]/D
-0.236	u_top/u_core/u_b/u_b_core/core/core/l5/gk.frontend/win/bank_gen[0].mem_reg_0/CLKARDCLK	u_top/u_core/u_b/u_b_core/core/core/l5/gk.frontend/win/shift_reg[9][13]/D
-0.236	u_top/u_core/u_b/u_b_core/core/core/l5/gk.frontend/pad/interior_y_reg/C	u_top/u_core/u_b/u_b_core/core/core/l5/gk.frontend/win/bank_gen[0].mem_reg_3/ENARDEN
-0.236	u_top/u_core/u_b/u_b_core/core/core/l5/gk.frontend/fifo/wr_ptr_reg[0]_rep__5/C	u_top/u_core/u_b/u_b_core/core/core/l5/gk.frontend/fifo/g_wide_read.g_read_slice[6].mem_slice_reg_0_3_24_29/RAMA/WADR0
-0.236	u_top/u_core/u_b/u_b_core/core/core/l5/gk.frontend/fifo/wr_ptr_reg[0]_rep__5/C	u_top/u_core/u_b/u_b_core/core/core/l5/gk.frontend/fifo/g_wide_read.g_read_slice[6].mem_slice_reg_0_3_24_29/RAMA_D1/WADR0
-0.236	u_top/u_core/u_b/u_b_core/core/core/l5/gk.frontend/fifo/wr_ptr_reg[0]_rep__5/C	u_top/u_core/u_b/u_b_core/core/core/l5/gk.frontend/fifo/g_wide_read.g_read_slice[6].mem_slice_reg_0_3_24_29/RAMB/WADR0
-0.236	u_top/u_core/u_b/u_b_core/core/core/l5/gk.frontend/fifo/wr_ptr_reg[0]_rep__5/C	u_top/u_core/u_b/u_b_core/core/core/l5/gk.frontend/fifo/g_wide_read.g_read_slice[6].mem_slice_reg_0_3_24_29/RAMB_D1/WADR0
-0.236	u_top/u_core/u_b/u_b_core/core/core/l5/gk.frontend/fifo/wr_ptr_reg[0]_rep__5/C	u_top/u_core/u_b/u_b_core/core/core/l5/gk.frontend/fifo/g_wide_read.g_read_slice[6].mem_slice_reg_0_3_24_29/RAMC/WADR0
-0.236	u_top/u_core/u_b/u_b_core/core/core/l5/gk.frontend/fifo/wr_ptr_reg[0]_rep__5/C	u_top/u_core/u_b/u_b_core/core/core/l5/gk.frontend/fifo/g_wide_read.g_read_slice[6].mem_slice_reg_0_3_24_29/RAMC_D1/WADR0
-0.236	u_top/u_core/u_b/u_b_core/core/core/l5/gk.frontend/fifo/wr_ptr_reg[0]_rep__5/C	u_top/u_core/u_b/u_b_core/core/core/l5/gk.frontend/fifo/g_wide_read.g_read_slice[6].mem_slice_reg_0_3_24_29/RAMD/ADR0
-0.236	u_top/u_core/u_b/u_b_core/core/core/l5/gk.frontend/fifo/wr_ptr_reg[0]_rep__5/C	u_top/u_core/u_b/u_b_core/core/core/l5/gk.frontend/fifo/g_wide_read.g_read_slice[6].mem_slice_reg_0_3_24_29/RAMD_D1/ADR0
-0.236	u_top/u_core/u_b/u_b_core/core/core/l5/mac/issue/out_window_reg[5509]/C	u_top/u_core/u_b/u_b_core/core/core/l5/mac/mac/out_lane[0].mult_lane[21].operand_pipe.act_q_reg[5]/D
-0.235	u_top/u_core/u_pp/u_bank0/mem_reg_bram_23/CLKBWRCLK	u_top/u_core/u_pp/u_bank0/rd_data_reg[1]/D
-0.235	u_top/u_core/u_b/u_b_core/core/core/l5/mac/mac/tree_stage[6].valid_q_reg[7]/C	u_top/u_core/u_b/u_b_core/core/core/l5/mac/mac/tree_stage[1].channel[0].node[3].pair.sums_q_reg[1][0][3][10]/CE
-0.235	u_top/u_core/u_b/u_b_core/core/core/l5/mac/mac/tree_stage[6].valid_q_reg[7]/C	u_top/u_core/u_b/u_b_core/core/core/l5/mac/mac/tree_stage[1].channel[0].node[3].pair.sums_q_reg[1][0][3][11]/CE
-0.235	u_top/u_core/u_b/u_b_core/core/core/l5/mac/mac/tree_stage[6].valid_q_reg[7]/C	u_top/u_core/u_b/u_b_core/core/core/l5/mac/mac/tree_stage[1].channel[0].node[3].pair.sums_q_reg[1][0][3][8]/CE
-0.235	u_top/u_core/u_b/u_b_core/core/core/l5/mac/mac/tree_stage[6].valid_q_reg[7]/C	u_top/u_core/u_b/u_b_core/core/core/l5/mac/mac/tree_stage[1].channel[0].node[3].pair.sums_q_reg[1][0][3][9]/CE
-0.235	u_top/u_core/u_b/u_b_core/core/core/l5/gk.frontend/win/bank_gen[1].mem_reg_1/CLKARDCLK	u_top/u_core/u_b/u_b_core/core/core/l5/gk.frontend/win/shift_reg[9][37]/D
-0.235	u_top/u_core/u_ctrl/start_b_reg/C	u_top/u_core/u_rom/g_multi_bank.g_bank[12].u_bank/request_en_q_reg/R
-0.235	u_top/u_core/u_b/u_b_core/core/core/l5/mac/mac/tree_stage[6].valid_q_reg[7]/C	u_top/u_core/u_b/u_b_core/core/core/l5/gk.frontend/fifo/g_wide_read.g_read_slice[43].rd_ptr_local_reg[0]/R
-0.235	u_top/u_core/u_b/u_b_core/core/core/l5/mac/mac/tree_stage[6].valid_q_reg[7]/C	u_top/u_core/u_b/u_b_core/core/core/l5/gk.frontend/fifo/g_wide_read.g_read_slice[43].rd_ptr_local_reg[1]/R
-0.234	u_top/u_core/u_b/u_b_core/core/core/l5/mac/issue/out_phase_reg[2]_rep/C	u_top/u_core/u_b/u_b_core/core/core/l5/mac/mac/out_lane[3].mult_lane[1].operand_pipe.weight_q_reg[5]/D
-0.234	u_top/u_core/u_b/u_b_core/core/core/l5/mac/mac/tree_stage[6].valid_q_reg[7]/C	u_top/u_core/u_b/u_b_core/core/core/l5/mac/mac/out_lane[2].mult_lane[34].operand_pipe.act_q_reg[5]/CE
-0.234	u_top/u_core/u_b/u_b_core/core/core/l5/mac/mac/tree_stage[6].valid_q_reg[7]/C	u_top/u_core/u_b/u_b_core/core/core/l5/mac/mac/out_lane[2].mult_lane[34].operand_pipe.act_q_reg[8]/CE
-0.234	u_top/u_core/u_b/u_b_core/core/core/l5/mac/mac/tree_stage[6].valid_q_reg[7]/C	u_top/u_core/u_b/u_b_core/core/core/l5/mac/mac/out_lane[2].mult_lane[34].operand_pipe.weight_q_reg[1]/CE
-0.234	u_top/u_core/u_b/u_b_core/core/core/l5/mac/issue/out_phase_reg[1]_rep__9/C	u_top/u_core/u_b/u_b_core/core/core/l5/mac/mac/out_lane[1].mult_lane[32].operand_pipe.act_q_reg[3]/D
-0.234	u_top/u_core/u_b/u_b_core/core/core/shuffle/busy_reg/C	u_top/u_core/u_b/u_b_core/core/core/l5/gk.frontend/win/shift_reg[10][83]/R
-0.234	u_top/u_core/u_b/u_b_core/core/core/l5/gk.frontend/win/bank_gen[2].mem_reg_7/CLKARDCLK	u_top/u_core/u_b/u_b_core/core/core/l5/gk.frontend/win/shift_reg[14][255]/D
-0.233	u_top/u_core/u_b/u_b_core/core/core/l1/gk.frontend/fifo/count_reg[2]/C	u_top/u_core/u_b/u_b_core/core/core/l1/gk.frontend/win/bank_gen[2].mem_reg/ENARDEN
-0.233	u_top/u_core/u_b/u_b_core/core/core/l1/gk.frontend/fifo/count_reg[2]/C	u_top/u_core/u_b/u_b_core/core/core/l1/gk.frontend/win/bank_gen[3].mem_reg/ENARDEN
-0.233	u_top/u_core/u_b/u_b_core/core/core/l5/gk.frontend/win/bank_gen[1].mem_reg_1/CLKARDCLK	u_top/u_core/u_b/u_b_core/core/core/l5/gk.frontend/win/shift_reg[14][37]/D
-0.233	u_top/u_core/u_b/u_b_core/core/core/l5/mac/mac/tree_stage[6].valid_q_reg[7]/C	u_top/u_core/u_b/u_b_core/core/core/l5/mac/mac/out_lane[0].mult_lane[15].operand_pipe.weight_q_reg[2]/S
-0.233	u_top/u_core/u_b/u_b_core/core/core/l5/mac/mac/tree_stage[6].valid_q_reg[7]/C	u_top/u_core/u_b/u_b_core/core/core/l5/mac/issue/out_window_reg[3282]/CE
-0.233	u_top/u_core/u_b/u_b_core/core/core/l5/mac/mac/tree_stage[6].valid_q_reg[7]/C	u_top/u_core/u_b/u_b_core/core/core/l5/mac/issue/out_window_reg[3283]/CE
-0.233	u_top/u_core/u_b/u_b_core/core/core/l5/mac/mac/tree_stage[6].valid_q_reg[7]/C	u_top/u_core/u_b/u_b_core/core/core/l5/mac/issue/out_window_reg[3284]/CE
-0.233	u_top/u_core/u_b/u_b_core/core/core/l5/mac/mac/tree_stage[6].valid_q_reg[7]/C	u_top/u_core/u_b/u_b_core/core/core/l5/mac/issue/out_window_reg[3285]/CE
-0.233	u_top/u_core/u_b/u_b_core/core/core/l5/mac/mac/tree_stage[6].valid_q_reg[7]/C	u_top/u_core/u_b/u_b_core/core/core/l5/mac/issue/out_window_reg[3286]/CE
-0.233	u_top/u_core/u_b/u_b_core/core/core/l5/mac/mac/tree_stage[6].valid_q_reg[7]/C	u_top/u_core/u_b/u_b_core/core/core/l5/mac/issue/out_window_reg[3287]/CE
-0.233	u_top/u_core/u_b/u_b_core/core/core/l5/gk.frontend/win/shift_reg[18][152]/C	u_top/u_core/u_b/u_b_core/core/core/l5/gk.frontend/fifo/g_wide_read.g_read_slice[74].mem_slice_reg_0_3_24_29/RAMA/I
-0.232	u_top/u_core/u_in/req_addr_q_reg[6]_rep__4/C	u_top/u_core/u_rom/g_multi_bank.g_bank[0].u_bank/request_addr_q_reg_0_6/ADDRARDADDR[6]
-0.232	u_top/u_core/u_b/u_b_core/core/core/l5/mac/issue/out_phase_reg[1]_rep__1/C	u_top/u_core/u_b/u_b_core/core/core/l5/mac/mac/out_lane[1].mult_lane[19].operand_pipe.weight_q_reg[5]/D
-0.232	u_top/u_core/u_b/u_b_core/core/core/f45/g_narrow_read.rd_ptr_local_reg[4]/C	u_top/u_core/u_b/u_b_core/core/core/l5/gk.frontend/win/bank_gen[2].mem_reg_2/DIADI[10]
-0.232	u_top/u_core/u_b/u_b_core/core/core/l5/mac/issue/out_phase_reg[1]_rep__5/C	u_top/u_core/u_b/u_b_core/core/core/l5/mac/mac/out_lane[1].mult_lane[30].operand_pipe.act_q_reg[2]/D
-0.232	u_top/u_core/u_b/u_b_core/core/core/l5/gk.frontend/fifo/wr_ptr_reg[1]_rep__0/C	u_top/u_core/u_b/u_b_core/core/core/l5/gk.frontend/fifo/g_wide_read.g_read_slice[67].mem_slice_reg_0_3_18_23/RAMA/WADR1
-0.232	u_top/u_core/u_b/u_b_core/core/core/l5/gk.frontend/fifo/wr_ptr_reg[1]_rep__0/C	u_top/u_core/u_b/u_b_core/core/core/l5/gk.frontend/fifo/g_wide_read.g_read_slice[67].mem_slice_reg_0_3_18_23/RAMA_D1/WADR1
-0.232	u_top/u_core/u_b/u_b_core/core/core/l5/gk.frontend/fifo/wr_ptr_reg[1]_rep__0/C	u_top/u_core/u_b/u_b_core/core/core/l5/gk.frontend/fifo/g_wide_read.g_read_slice[67].mem_slice_reg_0_3_18_23/RAMB/WADR1
-0.232	u_top/u_core/u_b/u_b_core/core/core/l5/gk.frontend/fifo/wr_ptr_reg[1]_rep__0/C	u_top/u_core/u_b/u_b_core/core/core/l5/gk.frontend/fifo/g_wide_read.g_read_slice[67].mem_slice_reg_0_3_18_23/RAMB_D1/WADR1
-0.232	u_top/u_core/u_b/u_b_core/core/core/l5/gk.frontend/fifo/wr_ptr_reg[1]_rep__0/C	u_top/u_core/u_b/u_b_core/core/core/l5/gk.frontend/fifo/g_wide_read.g_read_slice[67].mem_slice_reg_0_3_18_23/RAMC/WADR1
-0.232	u_top/u_core/u_b/u_b_core/core/core/l5/gk.frontend/fifo/wr_ptr_reg[1]_rep__0/C	u_top/u_core/u_b/u_b_core/core/core/l5/gk.frontend/fifo/g_wide_read.g_read_slice[67].mem_slice_reg_0_3_18_23/RAMC_D1/WADR1
-0.232	u_top/u_core/u_b/u_b_core/core/core/l5/gk.frontend/fifo/wr_ptr_reg[1]_rep__0/C	u_top/u_core/u_b/u_b_core/core/core/l5/gk.frontend/fifo/g_wide_read.g_read_slice[67].mem_slice_reg_0_3_18_23/RAMD/ADR1
-0.232	u_top/u_core/u_b/u_b_core/core/core/l5/gk.frontend/fifo/wr_ptr_reg[1]_rep__0/C	u_top/u_core/u_b/u_b_core/core/core/l5/gk.frontend/fifo/g_wide_read.g_read_slice[67].mem_slice_reg_0_3_18_23/RAMD_D1/ADR1
-0.232	u_top/u_core/u_b/u_b_core/core/core/l5/mac/issue/out_phase_reg[2]_rep/C	u_top/u_core/u_b/u_b_core/core/core/l5/mac/mac/out_lane[3].mult_lane[1].operand_pipe.weight_q_reg[3]/D
-0.231	u_top/u_core/u_b/u_b_core/core/core/l5/mac/issue/out_phase_reg[1]_rep__6/C	u_top/u_core/u_b/u_b_core/core/core/l5/mac/mac/out_lane[0].mult_lane[13].operand_pipe.act_q_reg[1]/D
-0.231	u_top/u_core/u_b/u_b_core/core/core/l5/mac/issue/out_window_reg[1285]/C	u_top/u_core/u_b/u_b_core/core/core/l5/mac/mac/out_lane[1].mult_lane[5].operand_pipe.act_q_reg[5]/D
-0.231	u_top/u_core/u_b/u_b_core/core/core/l5/gk.frontend/fifo/count_reg[1]/C	u_top/u_core/u_b/u_b_core/core/core/l5/gk.frontend/win/row_mod_reg[0]/CE
-0.231	u_top/u_core/u_b/u_b_core/core/core/l5/gk.frontend/fifo/count_reg[1]/C	u_top/u_core/u_b/u_b_core/core/core/l5/gk.frontend/win/row_mod_reg[1]/CE
-0.231	u_top/u_core/u_b/u_b_core/core/core/l5/mac/issue/out_window_reg[3427]/C	u_top/u_core/u_b/u_b_core/core/core/l5/mac/mac/out_lane[1].mult_lane[13].operand_pipe.act_q_reg[3]/D
-0.231	u_top/u_core/u_b/u_b_core/core/core/l5/gk.frontend/win/col_reg[0]/C	u_top/u_core/u_b/u_b_core/core/core/l5/gk.frontend/win/bank_gen[3].mem_reg_7/ADDRARDADDR[4]
-0.231	u_top/u_core/u_b/u_b_core/core/core/l5/mac/mac/tree_stage[6].valid_q_reg[7]/C	u_top/u_core/u_b/u_b_core/core/core/l5/mac/issue/out_window_reg[3754]/CE
-0.231	u_top/u_core/u_b/u_b_core/core/core/l5/mac/mac/tree_stage[6].valid_q_reg[7]/C	u_top/u_core/u_b/u_b_core/core/core/l5/mac/issue/out_window_reg[3755]/CE
-0.231	u_top/u_core/u_b/u_b_core/core/core/l5/mac/mac/tree_stage[6].valid_q_reg[7]/C	u_top/u_core/u_b/u_b_core/core/core/l5/mac/issue/out_window_reg[3756]/CE
-0.231	u_top/u_core/u_b/u_b_core/core/core/l5/mac/mac/tree_stage[6].valid_q_reg[7]/C	u_top/u_core/u_b/u_b_core/core/core/l5/mac/issue/out_window_reg[3757]/CE
-0.231	u_top/u_core/u_b/u_b_core/core/core/l5/mac/mac/tree_stage[6].valid_q_reg[7]/C	u_top/u_core/u_b/u_b_core/core/core/l5/mac/issue/out_window_reg[3758]/CE
-0.231	u_top/u_core/u_b/u_b_core/core/core/l5/mac/mac/tree_stage[6].valid_q_reg[7]/C	u_top/u_core/u_b/u_b_core/core/core/l5/mac/issue/out_window_reg[3759]/CE
-0.231	u_top/u_core/u_b/u_b_core/core/core/shuffle/busy_reg/C	u_top/u_core/u_b/u_b_core/core/core/l5/gk.frontend/win/shift_reg[0][65]/R
-0.231	u_top/u_core/u_b/u_b_core/core/core/shuffle/busy_reg/C	u_top/u_core/u_b/u_b_core/core/core/l5/gk.frontend/win/shift_reg[18][217]/R
-0.231	u_top/u_core/u_b/u_b_core/core/core/shuffle/busy_reg/C	u_top/u_core/u_b/u_b_core/core/core/l5/gk.frontend/win/shift_reg[1][133]/R
-0.231	u_top/u_core/u_b/u_b_core/core/core/shuffle/busy_reg/C	u_top/u_core/u_b/u_b_core/core/core/l5/gk.frontend/win/shift_reg[1][66]/R
-0.231	u_top/u_core/u_b/u_b_core/core/core/shuffle/busy_reg/C	u_top/u_core/u_b/u_b_core/core/core/l5/gk.frontend/win/shift_reg[1][96]/R
-0.231	u_top/u_core/u_b/u_b_core/core/core/shuffle/busy_reg/C	u_top/u_core/u_b/u_b_core/core/core/l5/gk.frontend/win/shift_reg[2][245]/R
-0.231	u_top/u_core/u_b/u_b_core/core/core/shuffle/busy_reg/C	u_top/u_core/u_b/u_b_core/core/core/l5/gk.frontend/win/shift_reg[5][47]/R
-0.230	u_top/u_core/u_b/u_b_core/core/core/l5/mac/issue/out_phase_reg[0]_rep__11/C	u_top/u_core/u_b/u_b_core/core/core/l5/mac/mac/out_lane[0].mult_lane[24].operand_pipe.act_q_reg[1]/D
-0.230	u_top/u_core/u_b/u_b_core/core/core/l4/post/read_slot_reg/C	u_top/u_core/u_b/u_b_core/core/core/f45/g_narrow_read.mem_reg_0_31_198_203/RAMA_D1/I
-0.230	u_top/u_core/u_b/u_b_core/core/core/l5/mac/issue/out_phase_reg[1]_rep/C	u_top/u_core/u_b/u_b_core/core/core/l5/mac/mac/out_lane[1].mult_lane[9].operand_pipe.weight_q_reg[5]/D
-0.230	u_top/u_core/u_b/u_b_core/core/core/l5/mac/issue/out_phase_reg[2]_rep/C	u_top/u_core/u_b/u_b_core/core/core/l5/mac/mac/out_lane[1].mult_lane[4].operand_pipe.weight_q_reg[5]/D
-0.230	u_top/u_core/u_b/u_b_core/core/core/l5/mac/mac/tree_stage[6].valid_q_reg[7]/C	u_top/u_core/u_b/u_b_core/core/core/l5/mac/issue/out_window_reg[3392]/CE
-0.230	u_top/u_core/u_b/u_b_core/core/core/l5/mac/mac/tree_stage[6].valid_q_reg[7]/C	u_top/u_core/u_b/u_b_core/core/core/l5/mac/issue/out_window_reg[3393]/CE
-0.230	u_top/u_core/u_b/u_b_core/core/core/l5/mac/mac/tree_stage[6].valid_q_reg[7]/C	u_top/u_core/u_b/u_b_core/core/core/l5/mac/issue/out_window_reg[3394]/CE
-0.230	u_top/u_core/u_b/u_b_core/core/core/l5/mac/mac/tree_stage[6].valid_q_reg[7]/C	u_top/u_core/u_b/u_b_core/core/core/l5/mac/issue/out_window_reg[3395]/CE
-0.230	u_top/u_core/u_b/u_b_core/core/core/l5/mac/mac/tree_stage[6].valid_q_reg[7]/C	u_top/u_core/u_b/u_b_core/core/core/l5/mac/issue/out_window_reg[3396]/CE
-0.230	u_top/u_core/u_b/u_b_core/core/core/l5/mac/mac/tree_stage[6].valid_q_reg[7]/C	u_top/u_core/u_b/u_b_core/core/core/l5/mac/issue/out_window_reg[3397]/CE
-0.230	u_top/u_core/u_b/u_b_core/core/core/l5/mac/mac/tree_stage[6].valid_q_reg[7]/C	u_top/u_core/u_b/u_b_core/core/core/l5/mac/issue/out_window_reg[1024]/CE
-0.230	u_top/u_core/u_b/u_b_core/core/core/l5/mac/mac/tree_stage[6].valid_q_reg[7]/C	u_top/u_core/u_b/u_b_core/core/core/l5/mac/issue/out_window_reg[1025]/CE
-0.230	u_top/u_core/u_b/u_b_core/core/core/l5/mac/mac/tree_stage[6].valid_q_reg[7]/C	u_top/u_core/u_b/u_b_core/core/core/l5/mac/issue/out_window_reg[1026]/CE
-0.230	u_top/u_core/u_b/u_b_core/core/core/l5/mac/mac/tree_stage[6].valid_q_reg[7]/C	u_top/u_core/u_b/u_b_core/core/core/l5/mac/issue/out_window_reg[1027]/CE
-0.230	u_top/u_core/u_b/u_b_core/core/core/l5/mac/mac/tree_stage[6].valid_q_reg[7]/C	u_top/u_core/u_b/u_b_core/core/core/l5/mac/issue/out_window_reg[1028]/CE
-0.230	u_top/u_core/u_b/u_b_core/core/core/l5/mac/mac/tree_stage[6].valid_q_reg[7]/C	u_top/u_core/u_b/u_b_core/core/core/l5/mac/issue/out_window_reg[1029]/CE
-0.230	u_top/u_core/u_b/u_b_core/core/core/shuffle/busy_reg/C	u_top/u_core/u_b/u_b_core/core/core/l5/gk.frontend/win/shift_reg[0][76]/R
-0.230	u_top/u_core/u_b/u_b_core/core/core/shuffle/busy_reg/C	u_top/u_core/u_b/u_b_core/core/core/l5/gk.frontend/win/shift_reg[1][204]/R
-0.230	u_top/u_core/u_b/u_b_core/core/core/l5/mac/mac/tree_stage[6].valid_q_reg[7]/C	u_top/u_core/u_b/u_b_core/core/core/l5/gk.frontend/fifo/g_wide_read.g_read_slice[59].rd_ptr_local_reg[0]/R
-0.230	u_top/u_core/u_b/u_b_core/core/core/l5/mac/mac/tree_stage[6].valid_q_reg[7]/C	u_top/u_core/u_b/u_b_core/core/core/l5/gk.frontend/fifo/g_wide_read.g_read_slice[59].rd_ptr_local_reg[1]/R
-0.229	u_top/u_core/u_ctrl/start_b_reg/C	u_top/u_core/u_rom/g_multi_bank.g_bank[13].u_bank/request_en_q_reg/R
-0.229	u_top/u_core/u_ctrl/start_b_reg/C	u_top/u_core/u_rom/g_multi_bank.g_bank[14].u_bank/request_en_q_reg/R
-0.229	u_top/u_core/u_ctrl/start_b_reg/C	u_top/u_core/u_rom/g_multi_bank.g_bank[15].u_bank/request_en_q_reg/R
-0.229	u_top/u_core/u_b/u_b_core/core/core/l5/mac/mac/out_lane[0].mult_lane[48].operand_pipe.act_q_reg[5]/C	u_top/u_core/u_b/u_b_core/core/core/l5/mac/mac/out_lane[0].mult_lane[48].operand_pipe.sums_q_reg[0][0][48]/A[5]
-0.229	u_top/u_core/u_b/u_b_core/core/core/shuffle/busy_reg/C	u_top/u_core/u_b/u_b_core/core/core/l5/gk.frontend/win/shift_reg[8][13]/R
-0.229	u_top/u_core/u_b/u_b_core/core/core/shuffle/busy_reg/C	u_top/u_core/u_b/u_b_core/core/core/l5/gk.frontend/win/shift_reg[8][15]/R
-0.229	u_top/u_core/u_b/u_b_core/core/core/l5/mac/issue/out_phase_reg[1]_rep__3/C	u_top/u_core/u_b/u_b_core/core/core/l5/mac/mac/out_lane[3].mult_lane[8].operand_pipe.act_q_reg[15]/D
-0.229	u_top/u_core/u_b/u_b_core/core/core/l5/mac/issue/out_phase_reg[2]_rep__3/C	u_top/u_core/u_b/u_b_core/core/core/l5/mac/mac/out_lane[0].mult_lane[16].operand_pipe.act_q_reg[10]/D
-0.228	u_top/u_core/u_b/u_b_core/core/core/shuffle/busy_reg/C	u_top/u_core/u_b/u_b_core/core/core/l5/gk.frontend/win/shift_reg[0][118]/R
-0.228	u_top/u_core/u_b/u_b_core/core/core/shuffle/busy_reg/C	u_top/u_core/u_b/u_b_core/core/core/l5/gk.frontend/win/shift_reg[0][123]/R
-0.228	u_top/u_core/u_b/u_b_core/core/core/shuffle/busy_reg/C	u_top/u_core/u_b/u_b_core/core/core/l5/gk.frontend/win/shift_reg[0][252]/R
-0.228	u_top/u_core/u_b/u_b_core/core/core/shuffle/busy_reg/C	u_top/u_core/u_b/u_b_core/core/core/l5/gk.frontend/win/shift_reg[0][28]/R
-0.228	u_top/u_core/u_b/u_b_core/core/core/shuffle/busy_reg/C	u_top/u_core/u_b/u_b_core/core/core/l5/gk.frontend/win/shift_reg[1][216]/R
-0.228	u_top/u_core/u_b/u_b_core/core/core/shuffle/busy_reg/C	u_top/u_core/u_b/u_b_core/core/core/l5/gk.frontend/win/shift_reg[1][250]/R
-0.228	u_top/u_core/u_b/u_b_core/core/core/l5/mac/issue/out_phase_reg[1]_rep__1/C	u_top/u_core/u_b/u_b_core/core/core/l5/mac/mac/out_lane[3].mult_lane[25].operand_pipe.act_q_reg[14]/D
-0.228	u_top/u_core/u_b/u_b_core/core/core/l5/mac/issue/out_phase_reg[2]_rep__1/C	u_top/u_core/u_b/u_b_core/core/core/l5/mac/mac/out_lane[1].mult_lane[18].operand_pipe.weight_q_reg[5]/D
-0.228	u_top/u_core/u_b/u_b_core/core/core/l5/mac/mac/tree_stage[6].valid_q_reg[7]/C	u_top/u_core/u_b/u_b_core/core/core/l5/mac/issue/out_window_reg[1822]/CE
-0.228	u_top/u_core/u_b/u_b_core/core/core/l5/mac/mac/tree_stage[6].valid_q_reg[7]/C	u_top/u_core/u_b/u_b_core/core/core/l5/mac/issue/out_window_reg[1823]/CE
-0.228	u_top/u_core/u_b/u_b_core/core/core/l5/mac/mac/tree_stage[6].valid_q_reg[7]/C	u_top/u_core/u_b/u_b_core/core/core/l5/mac/issue/out_window_reg[1824]/CE
-0.228	u_top/u_core/u_b/u_b_core/core/core/l5/mac/mac/tree_stage[6].valid_q_reg[7]/C	u_top/u_core/u_b/u_b_core/core/core/l5/mac/issue/out_window_reg[1825]/CE
-0.228	u_top/u_core/u_b/u_b_core/core/core/l5/mac/mac/tree_stage[6].valid_q_reg[7]/C	u_top/u_core/u_b/u_b_core/core/core/l5/mac/issue/out_window_reg[1826]/CE
-0.228	u_top/u_core/u_b/u_b_core/core/core/l5/mac/mac/tree_stage[6].valid_q_reg[7]/C	u_top/u_core/u_b/u_b_core/core/core/l5/mac/issue/out_window_reg[1827]/CE
-0.228	u_top/u_core/u_b/u_b_core/core/core/l5/gk.frontend/win/bank_gen[1].mem_reg_1/CLKARDCLK	u_top/u_core/u_b/u_b_core/core/core/l5/gk.frontend/win/shift_reg[19][67]/D
-0.228	u_top/u_core/u_b/u_b_core/core/core/l5/mac/issue/out_phase_reg[0]_rep__5/C	u_top/u_core/u_b/u_b_core/core/core/l5/mac/mac/out_lane[0].mult_lane[37].operand_pipe.act_q_reg[0]/D
-0.228	u_top/u_core/u_b/u_b_core/core/core/l5/mac/mac/tree_stage[6].valid_q_reg[7]/C	u_top/u_core/u_b/u_b_core/core/core/l5/gk.frontend/fifo/wr_ptr_reg[1]_rep__1/D
-0.228	u_top/u_core/u_b/u_b_core/core/core/l5/mac/mac/tree_stage[6].valid_q_reg[7]/C	u_top/u_core/u_b/u_b_core/core/core/l5/mac/issue/out_window_reg[3120]/CE
-0.228	u_top/u_core/u_b/u_b_core/core/core/l5/mac/mac/tree_stage[6].valid_q_reg[7]/C	u_top/u_core/u_b/u_b_core/core/core/l5/mac/issue/out_window_reg[3121]/CE
-0.228	u_top/u_core/u_b/u_b_core/core/core/l5/mac/mac/tree_stage[6].valid_q_reg[7]/C	u_top/u_core/u_b/u_b_core/core/core/l5/mac/issue/out_window_reg[3122]/CE
-0.228	u_top/u_core/u_b/u_b_core/core/core/l5/mac/mac/tree_stage[6].valid_q_reg[7]/C	u_top/u_core/u_b/u_b_core/core/core/l5/mac/issue/out_window_reg[3123]/CE
-0.228	u_top/u_core/u_b/u_b_core/core/core/l5/mac/mac/tree_stage[6].valid_q_reg[7]/C	u_top/u_core/u_b/u_b_core/core/core/l5/mac/issue/out_window_reg[3124]/CE
-0.228	u_top/u_core/u_b/u_b_core/core/core/l5/mac/mac/tree_stage[6].valid_q_reg[7]/C	u_top/u_core/u_b/u_b_core/core/core/l5/mac/issue/out_window_reg[3125]/CE
-0.227	u_top/u_core/u_b/u_b_core/core/core/l5/mac/issue/out_phase_reg[0]_rep__10/C	u_top/u_core/u_b/u_b_core/core/core/l5/mac/mac/out_lane[1].mult_lane[21].operand_pipe.act_q_reg[15]/D
-0.227	u_top/u_core/u_b/u_b_core/core/core/shuffle/busy_reg/C	u_top/u_core/u_b/u_b_core/core/core/l5/gk.frontend/win/shift_reg[11][85]/R
-0.227	u_top/u_core/u_b/u_b_core/core/core/l5/mac/mac/tree_stage[6].valid_q_reg[7]/C	u_top/u_core/u_b/u_b_core/core/core/l5/gk.frontend/fifo/g_wide_read.g_read_slice[67].rd_ptr_local_reg[0]/R
-0.227	u_top/u_core/u_b/u_b_core/core/core/l5/mac/mac/tree_stage[6].valid_q_reg[7]/C	u_top/u_core/u_b/u_b_core/core/core/l5/gk.frontend/fifo/g_wide_read.g_read_slice[67].rd_ptr_local_reg[1]/R
-0.227	u_top/u_core/u_b/u_b_core/core/core/l5/mac/mac/tree_stage[6].valid_q_reg[7]/C	u_top/u_core/u_b/u_b_core/core/core/l5/mac/issue/out_window_reg[3782]/CE
-0.227	u_top/u_core/u_b/u_b_core/core/core/l5/mac/mac/tree_stage[6].valid_q_reg[7]/C	u_top/u_core/u_b/u_b_core/core/core/l5/mac/issue/out_window_reg[3783]/CE
-0.227	u_top/u_core/u_b/u_b_core/core/core/l5/mac/mac/tree_stage[6].valid_q_reg[7]/C	u_top/u_core/u_b/u_b_core/core/core/l5/mac/issue/out_window_reg[3784]/CE
-0.227	u_top/u_core/u_b/u_b_core/core/core/l5/mac/mac/tree_stage[6].valid_q_reg[7]/C	u_top/u_core/u_b/u_b_core/core/core/l5/mac/issue/out_window_reg[3785]/CE
-0.227	u_top/u_core/u_b/u_b_core/core/core/l5/mac/mac/tree_stage[6].valid_q_reg[7]/C	u_top/u_core/u_b/u_b_core/core/core/l5/mac/issue/out_window_reg[3786]/CE
-0.227	u_top/u_core/u_b/u_b_core/core/core/l5/mac/mac/tree_stage[6].valid_q_reg[7]/C	u_top/u_core/u_b/u_b_core/core/core/l5/mac/issue/out_window_reg[3787]/CE
-0.227	u_top/u_core/u_b/u_b_core/core/core/l5/gk.frontend/win/bank_gen[1].mem_reg_1/CLKARDCLK	u_top/u_core/u_b/u_b_core/core/core/l5/gk.frontend/win/shift_reg[4][70]/D
-0.227	u_top/u_core/u_b/u_b_core/core/core/l5/mac/issue/out_phase_reg[1]_rep__12/C	u_top/u_core/u_b/u_b_core/core/core/l5/mac/mac/out_lane[2].mult_lane[37].operand_pipe.act_q_reg[3]/D
-0.226	u_top/u_core/u_b/u_b_core/core/core/l5/gk.frontend/pending1_reg_replica_21/C	u_top/u_core/u_b/u_b_core/core/core/l5/gk.frontend/win/shift_reg[14][97]/CE
-0.226	u_top/u_core/u_b/u_b_core/core/core/l5/gk.frontend/pending1_reg_replica_21/C	u_top/u_core/u_b/u_b_core/core/core/l5/gk.frontend/win/shift_reg[19][97]/CE
-0.226	u_top/u_core/u_b/u_b_core/core/core/l5/gk.frontend/pending1_reg_replica_21/C	u_top/u_core/u_b/u_b_core/core/core/l5/gk.frontend/win/shift_reg[4][97]/CE
-0.226	u_top/u_core/u_ctrl/start_b_reg/C	u_top/u_core/u_in/req_addr_q_reg[0]_rep__4/CE
-0.226	u_top/u_core/u_ctrl/start_b_reg/C	u_top/u_core/u_in/req_addr_q_reg[3]_rep__12/CE
-0.226	u_top/u_core/u_ctrl/start_b_reg/C	u_top/u_core/u_in/req_addr_q_reg[3]_rep__4/CE
-0.226	u_top/u_core/u_ctrl/start_b_reg/C	u_top/u_core/u_in/req_addr_q_reg[4]_rep__12/CE
-0.226	u_top/u_core/u_b/u_b_core/core/core/l5/mac/issue/out_phase_reg[1]_rep__15/C	u_top/u_core/u_b/u_b_core/core/core/l5/mac/mac/out_lane[2].mult_lane[47].operand_pipe.act_q_reg[6]/D
-0.226	u_top/u_core/u_b/u_b_core/core/core/shuffle/busy_reg/C	u_top/u_core/u_b/u_b_core/core/core/l5/gk.frontend/win/shift_reg[18][27]/R
-0.226	u_top/u_core/u_b/u_b_core/core/core/l5/mac/issue/out_window_reg[6294]/C	u_top/u_core/u_b/u_b_core/core/core/l5/mac/mac/out_lane[2].mult_lane[49].operand_pipe.act_q_reg[6]/D
-0.226	u_top/u_core/u_b/u_b_core/core/core/l5/mac/issue/out_phase_reg[1]_rep__2/C	u_top/u_core/u_b/u_b_core/core/core/l5/mac/mac/out_lane[1].mult_lane[28].operand_pipe.act_q_reg[6]/D
-0.226	u_top/u_core/u_b/u_b_core/core/core/shuffle/busy_reg/C	u_top/u_core/u_b/u_b_core/core/core/l5/gk.frontend/win/shift_reg[21][104]/R
-0.226	u_top/u_core/u_b/u_b_core/core/core/shuffle/busy_reg/C	u_top/u_core/u_b/u_b_core/core/core/l5/gk.frontend/win/shift_reg[22][104]/R
-0.225	u_top/u_core/u_b/u_b_core/core/core/l5/mac/issue/out_window_reg[2755]/C	u_top/u_core/u_b/u_b_core/core/core/l5/mac/mac/out_lane[0].mult_lane[10].operand_pipe.act_q_reg[3]/D
-0.225	u_top/u_core/u_b/u_b_core/core/core/l5/mac/issue/out_phase_reg[0]_rep__1_replica/C	u_top/u_core/u_b/u_b_core/core/core/l5/mac/mac/out_lane[1].mult_lane[4].operand_pipe.act_q_reg[15]/D
-0.225	u_top/u_core/u_b/u_b_core/core/core/l5/gk.frontend/win/bank_gen[1].mem_reg_0/CLKARDCLK	u_top/u_core/u_b/u_b_core/core/core/l5/gk.frontend/win/shift_reg[19][23]/D
-0.225	u_top/u_core/u_b/u_b_core/core/core/l5/gk.frontend/fifo/wr_ptr_reg[0]/C	u_top/u_core/u_b/u_b_core/core/core/l5/gk.frontend/fifo/g_wide_read.g_read_slice[90].mem_slice_reg_0_3_54_59/RAMA/WADR0
-0.225	u_top/u_core/u_b/u_b_core/core/core/l5/gk.frontend/fifo/wr_ptr_reg[0]/C	u_top/u_core/u_b/u_b_core/core/core/l5/gk.frontend/fifo/g_wide_read.g_read_slice[90].mem_slice_reg_0_3_54_59/RAMA_D1/WADR0
-0.225	u_top/u_core/u_b/u_b_core/core/core/l5/gk.frontend/fifo/wr_ptr_reg[0]/C	u_top/u_core/u_b/u_b_core/core/core/l5/gk.frontend/fifo/g_wide_read.g_read_slice[90].mem_slice_reg_0_3_54_59/RAMB/WADR0
-0.225	u_top/u_core/u_b/u_b_core/core/core/l5/gk.frontend/fifo/wr_ptr_reg[0]/C	u_top/u_core/u_b/u_b_core/core/core/l5/gk.frontend/fifo/g_wide_read.g_read_slice[90].mem_slice_reg_0_3_54_59/RAMB_D1/WADR0
-0.225	u_top/u_core/u_b/u_b_core/core/core/l5/gk.frontend/fifo/wr_ptr_reg[0]/C	u_top/u_core/u_b/u_b_core/core/core/l5/gk.frontend/fifo/g_wide_read.g_read_slice[90].mem_slice_reg_0_3_54_59/RAMC/WADR0
-0.225	u_top/u_core/u_b/u_b_core/core/core/l5/gk.frontend/fifo/wr_ptr_reg[0]/C	u_top/u_core/u_b/u_b_core/core/core/l5/gk.frontend/fifo/g_wide_read.g_read_slice[90].mem_slice_reg_0_3_54_59/RAMC_D1/WADR0
-0.225	u_top/u_core/u_b/u_b_core/core/core/l5/gk.frontend/fifo/wr_ptr_reg[0]/C	u_top/u_core/u_b/u_b_core/core/core/l5/gk.frontend/fifo/g_wide_read.g_read_slice[90].mem_slice_reg_0_3_54_59/RAMD/ADR0
-0.225	u_top/u_core/u_b/u_b_core/core/core/l5/gk.frontend/fifo/wr_ptr_reg[0]/C	u_top/u_core/u_b/u_b_core/core/core/l5/gk.frontend/fifo/g_wide_read.g_read_slice[90].mem_slice_reg_0_3_54_59/RAMD_D1/ADR0
-0.225	u_top/u_core/u_b/u_b_core/core/core/l5/mac/issue/out_phase_reg[1]_rep__6/C	u_top/u_core/u_b/u_b_core/core/core/l5/mac/mac/out_lane[1].mult_lane[29].operand_pipe.act_q_reg[9]/D
-0.225	u_top/u_core/u_b/u_b_core/core/core/shuffle/busy_reg/C	u_top/u_core/u_b/u_b_core/core/core/l5/gk.frontend/win/shift_reg[17][121]/R
-0.225	u_top/u_core/u_b/u_b_core/core/core/l5/mac/issue/out_phase_reg[1]_rep__15/C	u_top/u_core/u_b/u_b_core/core/core/l5/mac/mac/out_lane[3].mult_lane[47].operand_pipe.act_q_reg[6]/D
-0.225	u_top/u_core/u_b/u_b_core/core/core/l5/gk.frontend/win/row_mod_d_reg[1]_rep__1/C	u_top/u_core/u_b/u_b_core/core/core/l5/gk.frontend/win/shift_reg[9][197]/D
-0.224	u_top/u_core/u_b/u_b_core/core/core/l5/mac/issue/out_phase_reg[1]_rep__1/C	u_top/u_core/u_b/u_b_core/core/core/l5/mac/mac/out_lane[1].mult_lane[19].operand_pipe.weight_q_reg[7]/D
-0.224	u_top/u_core/u_b/u_b_core/core/core/shuffle/busy_reg/C	u_top/u_core/u_b/u_b_core/core/core/l5/gk.frontend/win/shift_reg[22][232]/R
-0.224	u_top/u_core/u_b/u_b_core/core/core/shuffle/busy_reg/C	u_top/u_core/u_b/u_b_core/core/core/l5/gk.frontend/win/shift_reg[23][161]/R
-0.224	u_top/u_core/u_b/u_b_core/core/core/l5/mac/issue/out_phase_reg[0]_rep__3/C	u_top/u_core/u_b/u_b_core/core/core/l5/mac/mac/out_lane[1].mult_lane[32].operand_pipe.act_q_reg[12]/D
-0.224	u_top/u_core/u_b/u_b_core/core/core/l5/mac/issue/out_window_reg[3082]/C	u_top/u_core/u_b/u_b_core/core/core/l5/mac/mac/out_lane[2].mult_lane[12].operand_pipe.act_q_reg[10]/D
-0.224	u_top/u_core/u_b/u_b_core/core/core/l5/mac/issue/out_phase_reg[1]_rep__0_replica_1/C	u_top/u_core/u_b/u_b_core/core/core/l5/mac/mac/out_lane[1].mult_lane[16].operand_pipe.act_q_reg[2]/D
-0.224	u_top/u_core/u_b/u_b_core/core/core/l5/mac/mac/tree_stage[6].valid_q_reg[7]/C	u_top/u_core/u_b/u_b_core/core/core/l5/mac/mac/out_lane[0].mult_lane[21].operand_pipe.act_q_reg[13]/CE
-0.224	u_top/u_core/u_b/u_b_core/core/core/l5/mac/mac/tree_stage[6].valid_q_reg[7]/C	u_top/u_core/u_b/u_b_core/core/core/l5/mac/mac/out_lane[1].mult_lane[20].operand_pipe.act_q_reg[14]/CE
-0.224	u_top/u_core/u_b/u_b_core/core/core/l5/mac/mac/tree_stage[6].valid_q_reg[7]/C	u_top/u_core/u_b/u_b_core/core/core/l5/mac/mac/out_lane[1].mult_lane[21].operand_pipe.act_q_reg[13]/CE
-0.224	u_top/u_core/u_b/u_b_core/core/core/l5/mac/mac/tree_stage[6].valid_q_reg[7]/C	u_top/u_core/u_b/u_b_core/core/core/l5/mac/mac/out_lane[1].mult_lane[29].operand_pipe.weight_q_reg[3]/CE
-0.224	u_top/u_core/u_b/u_b_core/core/core/l5/mac/mac/tree_stage[6].valid_q_reg[7]/C	u_top/u_core/u_b/u_b_core/core/core/l5/mac/mac/out_lane[2].mult_lane[17].operand_pipe.act_q_reg[11]/CE
-0.224	u_top/u_core/u_b/u_b_core/core/core/l5/mac/mac/tree_stage[6].valid_q_reg[7]/C	u_top/u_core/u_b/u_b_core/core/core/l5/mac/mac/out_lane[2].mult_lane[17].operand_pipe.act_q_reg[15]/CE
-0.224	u_top/u_core/u_b/u_b_core/core/core/l5/mac/mac/tree_stage[6].valid_q_reg[7]/C	u_top/u_core/u_b/u_b_core/core/core/l5/mac/issue/out_window_reg[3324]/CE
-0.224	u_top/u_core/u_b/u_b_core/core/core/l5/mac/mac/tree_stage[6].valid_q_reg[7]/C	u_top/u_core/u_b/u_b_core/core/core/l5/mac/issue/out_window_reg[3325]/CE
-0.224	u_top/u_core/u_b/u_b_core/core/core/l5/mac/mac/tree_stage[6].valid_q_reg[7]/C	u_top/u_core/u_b/u_b_core/core/core/l5/mac/issue/out_window_reg[3326]/CE
-0.224	u_top/u_core/u_b/u_b_core/core/core/l5/mac/mac/tree_stage[6].valid_q_reg[7]/C	u_top/u_core/u_b/u_b_core/core/core/l5/mac/issue/out_window_reg[3327]/CE
-0.224	u_top/u_core/u_b/u_b_core/core/core/l5/gk.frontend/win/bank_gen[3].mem_reg_3/CLKARDCLK	u_top/u_core/u_b/u_b_core/core/core/l5/gk.frontend/win/shift_reg[14][119]/D
-0.224	u_top/u_core/u_b/u_b_core/core/core/l5/gk.frontend/fifo/count_reg[1]/C	u_top/u_core/u_b/u_b_core/core/core/f45/g_narrow_read.mem_reg_0_31_78_83/RAMA/WE
-0.224	u_top/u_core/u_b/u_b_core/core/core/l5/gk.frontend/fifo/count_reg[1]/C	u_top/u_core/u_b/u_b_core/core/core/f45/g_narrow_read.mem_reg_0_31_78_83/RAMA_D1/WE
-0.224	u_top/u_core/u_b/u_b_core/core/core/l5/gk.frontend/fifo/count_reg[1]/C	u_top/u_core/u_b/u_b_core/core/core/f45/g_narrow_read.mem_reg_0_31_78_83/RAMB/WE
-0.224	u_top/u_core/u_b/u_b_core/core/core/l5/gk.frontend/fifo/count_reg[1]/C	u_top/u_core/u_b/u_b_core/core/core/f45/g_narrow_read.mem_reg_0_31_78_83/RAMB_D1/WE
-0.224	u_top/u_core/u_b/u_b_core/core/core/l5/gk.frontend/fifo/count_reg[1]/C	u_top/u_core/u_b/u_b_core/core/core/f45/g_narrow_read.mem_reg_0_31_78_83/RAMC/WE
-0.224	u_top/u_core/u_b/u_b_core/core/core/l5/gk.frontend/fifo/count_reg[1]/C	u_top/u_core/u_b/u_b_core/core/core/f45/g_narrow_read.mem_reg_0_31_78_83/RAMC_D1/WE
-0.224	u_top/u_core/u_b/u_b_core/core/core/l5/gk.frontend/fifo/count_reg[1]/C	u_top/u_core/u_b/u_b_core/core/core/f45/g_narrow_read.mem_reg_0_31_78_83/RAMD/WE
-0.224	u_top/u_core/u_b/u_b_core/core/core/l5/gk.frontend/fifo/count_reg[1]/C	u_top/u_core/u_b/u_b_core/core/core/f45/g_narrow_read.mem_reg_0_31_78_83/RAMD_D1/WE
-0.223	u_top/u_core/u_b/u_b_core/core/core/l5/mac/issue/out_phase_reg[0]_rep__0/C	u_top/u_core/u_b/u_b_core/core/core/l5/mac/mac/out_lane[1].mult_lane[27].operand_pipe.act_q_reg[6]/D
-0.223	u_top/u_core/u_b/u_b_core/core/core/l5/mac/issue/out_phase_reg[2]_rep__1/C	u_top/u_core/u_b/u_b_core/core/core/l5/mac/mac/out_lane[1].mult_lane[18].operand_pipe.weight_q_reg[6]/D
-0.223	u_top/u_core/u_b/u_b_core/core/core/l5/mac/issue/out_phase_reg[2]_rep/C	u_top/u_core/u_b/u_b_core/core/core/l5/mac/mac/out_lane[1].mult_lane[4].operand_pipe.weight_q_reg[4]/D
-0.222	u_top/u_core/u_b/u_b_core/core/core/l5/mac/issue/out_phase_reg[2]_rep__7/C	u_top/u_core/u_b/u_b_core/core/core/l5/mac/mac/out_lane[1].mult_lane[38].operand_pipe.act_q_reg[13]/D
-0.222	u_top/u_core/u_b/u_b_core/core/core/shuffle/busy_reg/C	u_top/u_core/u_b/u_b_core/core/core/l5/gk.frontend/win/shift_reg[0][255]/R
-0.222	u_top/u_core/u_b/u_b_core/core/core/shuffle/busy_reg/C	u_top/u_core/u_b/u_b_core/core/core/l5/gk.frontend/win/shift_reg[0][42]/R
-0.222	u_top/u_core/u_b/u_b_core/core/core/shuffle/busy_reg/C	u_top/u_core/u_b/u_b_core/core/core/l5/gk.frontend/win/shift_reg[1][129]/R
-0.222	u_top/u_core/u_b/u_b_core/core/core/shuffle/busy_reg/C	u_top/u_core/u_b/u_b_core/core/core/l5/gk.frontend/win/shift_reg[1][170]/R
-0.222	u_top/u_core/u_b/u_b_core/core/core/shuffle/busy_reg/C	u_top/u_core/u_b/u_b_core/core/core/l5/gk.frontend/win/shift_reg[1][227]/R
-0.222	u_top/u_core/u_b/u_b_core/core/core/shuffle/busy_reg/C	u_top/u_core/u_b/u_b_core/core/core/l5/gk.frontend/win/shift_reg[1][25]/R
-0.222	u_top/u_core/u_b/u_b_core/core/core/shuffle/busy_reg/C	u_top/u_core/u_b/u_b_core/core/core/l5/gk.frontend/win/shift_reg[1][9]/R
-0.222	u_top/u_core/u_b/u_b_core/core/core/shuffle/busy_reg/C	u_top/u_core/u_b/u_b_core/core/core/l5/gk.frontend/win/shift_reg[5][50]/R
-0.222	u_top/u_core/u_b/u_b_core/core/core/l5/mac/mac/tree_stage[6].valid_q_reg[7]/C	u_top/u_core/u_b/u_b_core/core/core/l5/mac/issue/out_window_reg[3538]/CE
-0.222	u_top/u_core/u_b/u_b_core/core/core/l5/mac/mac/tree_stage[6].valid_q_reg[7]/C	u_top/u_core/u_b/u_b_core/core/core/l5/mac/issue/out_window_reg[3539]/CE
-0.222	u_top/u_core/u_b/u_b_core/core/core/l5/mac/mac/tree_stage[6].valid_q_reg[7]/C	u_top/u_core/u_b/u_b_core/core/core/l5/mac/issue/out_window_reg[3540]/CE
-0.222	u_top/u_core/u_b/u_b_core/core/core/l5/mac/mac/tree_stage[6].valid_q_reg[7]/C	u_top/u_core/u_b/u_b_core/core/core/l5/mac/issue/out_window_reg[3541]/CE
-0.222	u_top/u_core/u_b/u_b_core/core/core/l5/mac/mac/tree_stage[6].valid_q_reg[7]/C	u_top/u_core/u_b/u_b_core/core/core/l5/mac/issue/out_window_reg[3542]/CE
-0.222	u_top/u_core/u_b/u_b_core/core/core/l5/mac/mac/tree_stage[6].valid_q_reg[7]/C	u_top/u_core/u_b/u_b_core/core/core/l5/mac/issue/out_window_reg[3543]/CE
-0.222	u_top/u_core/u_b/u_b_core/core/core/l5/mac/issue/out_phase_reg[1]_rep/C	u_top/u_core/u_b/u_b_core/core/core/l5/mac/mac/out_lane[1].mult_lane[6].operand_pipe.weight_q_reg[3]/D
-0.222	u_top/u_core/u_b/u_b_core/core/core/l5/gk.frontend/fifo/g_wide_read.g_read_slice[53].rd_ptr_local_reg[1]/C	u_top/u_core/u_b/u_b_core/core/core/l5/mac/issue/out_window_reg[3435]/D
-0.222	u_top/u_core/u_b/u_b_core/core/core/l5/mac/issue/out_phase_reg[0]_rep__15/C	u_top/u_core/u_b/u_b_core/core/core/l5/mac/mac/out_lane[1].mult_lane[29].operand_pipe.weight_q_reg[2]/D
-0.222	u_top/u_core/u_b/u_b_core/core/core/l5/mac/issue/out_phase_reg[1]_rep/C	u_top/u_core/u_b/u_b_core/core/core/l5/mac/mac/out_lane[3].mult_lane[9].operand_pipe.weight_q_reg[7]/D
-0.221	u_top/u_core/u_b/u_b_core/core/core/shuffle/busy_reg/C	u_top/u_core/u_b/u_b_core/core/core/l5/gk.frontend/win/shift_reg[22][207]/R
-0.221	u_top/u_core/u_b/u_b_core/core/core/l5/mac/mac/tree_stage[6].valid_q_reg[7]/C	u_top/u_core/u_b/u_b_core/core/core/l5/mac/issue/out_window_reg[1280]/CE
-0.221	u_top/u_core/u_b/u_b_core/core/core/l5/mac/mac/tree_stage[6].valid_q_reg[7]/C	u_top/u_core/u_b/u_b_core/core/core/l5/mac/issue/out_window_reg[1281]/CE
-0.221	u_top/u_core/u_b/u_b_core/core/core/l5/mac/mac/tree_stage[6].valid_q_reg[7]/C	u_top/u_core/u_b/u_b_core/core/core/l5/mac/issue/out_window_reg[1282]/CE
-0.221	u_top/u_core/u_b/u_b_core/core/core/l5/mac/mac/tree_stage[6].valid_q_reg[7]/C	u_top/u_core/u_b/u_b_core/core/core/l5/mac/issue/out_window_reg[1283]/CE
-0.221	u_top/u_core/u_b/u_b_core/core/core/l5/mac/mac/tree_stage[6].valid_q_reg[7]/C	u_top/u_core/u_b/u_b_core/core/core/l5/mac/issue/out_window_reg[1284]/CE
-0.221	u_top/u_core/u_b/u_b_core/core/core/l5/mac/mac/tree_stage[6].valid_q_reg[7]/C	u_top/u_core/u_b/u_b_core/core/core/l5/mac/issue/out_window_reg[1285]/CE
-0.221	u_top/u_core/u_b/u_b_core/core/core/shuffle/busy_reg/C	u_top/u_core/u_b/u_b_core/core/core/l5/gk.frontend/win/shift_reg[0][136]/R
-0.221	u_top/u_core/u_b/u_b_core/core/core/shuffle/busy_reg/C	u_top/u_core/u_b/u_b_core/core/core/l5/gk.frontend/win/shift_reg[15][177]/R
-0.221	u_top/u_core/u_b/u_b_core/core/core/shuffle/busy_reg/C	u_top/u_core/u_b/u_b_core/core/core/l5/gk.frontend/win/shift_reg[1][124]/R
-0.221	u_top/u_core/u_b/u_b_core/core/core/l5/mac/issue/out_phase_reg[0]_rep__10/C	u_top/u_core/u_b/u_b_core/core/core/l5/mac/mac/out_lane[1].mult_lane[22].operand_pipe.act_q_reg[14]/D
-0.221	u_top/u_core/u_b/u_b_core/core/core/l5/mac/issue/out_phase_reg[0]_rep__11/C	u_top/u_core/u_b/u_b_core/core/core/l5/mac/mac/out_lane[2].mult_lane[23].operand_pipe.act_q_reg[7]/D
-0.221	u_top/u_core/u_b/u_b_core/core/core/l5/gk.frontend/pad/interior_y_reg/C	u_top/u_core/u_b/u_b_core/core/core/l5/gk.frontend/win/bank_gen[0].mem_reg_3/DIADI[20]
-0.221	u_top/u_core/u_b/u_b_core/core/core/l5/mac/issue/out_phase_reg[1]_rep__13/C	u_top/u_core/u_b/u_b_core/core/core/l5/mac/mac/out_lane[1].mult_lane[22].operand_pipe.act_q_reg[4]/D
-0.221	u_top/u_core/u_b/u_b_core/core/core/l5/mac/mac/tree_stage[6].valid_q_reg[7]/C	u_top/u_core/u_b/u_b_core/core/core/l5/mac/issue/out_window_reg[1222]/CE
-0.221	u_top/u_core/u_b/u_b_core/core/core/l5/mac/mac/tree_stage[6].valid_q_reg[7]/C	u_top/u_core/u_b/u_b_core/core/core/l5/mac/issue/out_window_reg[1223]/CE
-0.221	u_top/u_core/u_b/u_b_core/core/core/l5/mac/mac/tree_stage[6].valid_q_reg[7]/C	u_top/u_core/u_b/u_b_core/core/core/l5/mac/issue/out_window_reg[1224]/CE
-0.221	u_top/u_core/u_b/u_b_core/core/core/l5/mac/mac/tree_stage[6].valid_q_reg[7]/C	u_top/u_core/u_b/u_b_core/core/core/l5/mac/issue/out_window_reg[1225]/CE
-0.221	u_top/u_core/u_b/u_b_core/core/core/l5/mac/mac/tree_stage[6].valid_q_reg[7]/C	u_top/u_core/u_b/u_b_core/core/core/l5/mac/issue/out_window_reg[1226]/CE
-0.221	u_top/u_core/u_b/u_b_core/core/core/l5/mac/mac/tree_stage[6].valid_q_reg[7]/C	u_top/u_core/u_b/u_b_core/core/core/l5/mac/issue/out_window_reg[1227]/CE
-0.221	u_top/u_core/u_b/u_b_core/core/core/l5/mac/mac/tree_stage[6].valid_q_reg[7]/C	u_top/u_core/u_b/u_b_core/core/core/l5/mac/issue/out_window_reg[2706]/CE
-0.221	u_top/u_core/u_b/u_b_core/core/core/l5/mac/mac/tree_stage[6].valid_q_reg[7]/C	u_top/u_core/u_b/u_b_core/core/core/l5/mac/issue/out_window_reg[2707]/CE
-0.221	u_top/u_core/u_b/u_b_core/core/core/l5/mac/mac/tree_stage[6].valid_q_reg[7]/C	u_top/u_core/u_b/u_b_core/core/core/l5/mac/issue/out_window_reg[2708]/CE
-0.221	u_top/u_core/u_b/u_b_core/core/core/l5/mac/mac/tree_stage[6].valid_q_reg[7]/C	u_top/u_core/u_b/u_b_core/core/core/l5/mac/issue/out_window_reg[2709]/CE
-0.221	u_top/u_core/u_b/u_b_core/core/core/l5/mac/mac/tree_stage[6].valid_q_reg[7]/C	u_top/u_core/u_b/u_b_core/core/core/l5/mac/issue/out_window_reg[2710]/CE
-0.221	u_top/u_core/u_b/u_b_core/core/core/l5/mac/mac/tree_stage[6].valid_q_reg[7]/C	u_top/u_core/u_b/u_b_core/core/core/l5/mac/issue/out_window_reg[2711]/CE
-0.221	u_top/u_core/u_b/u_b_core/core/core/shuffle/busy_reg/C	u_top/u_core/u_b/u_b_core/core/core/l5/gk.frontend/win/shift_reg[2][100]/R
-0.221	u_top/u_core/u_b/u_b_core/core/core/shuffle/busy_reg/C	u_top/u_core/u_b/u_b_core/core/core/l5/gk.frontend/win/shift_reg[2][211]/R
-0.221	u_top/u_core/u_b/u_b_core/core/core/shuffle/busy_reg/C	u_top/u_core/u_b/u_b_core/core/core/l5/gk.frontend/win/shift_reg[2][244]/R
-0.221	u_top/u_core/u_b/u_b_core/core/core/shuffle/busy_reg/C	u_top/u_core/u_b/u_b_core/core/core/l5/gk.frontend/win/shift_reg[2][48]/R
-0.221	u_top/u_core/u_b/u_b_core/core/core/shuffle/busy_reg/C	u_top/u_core/u_b/u_b_core/core/core/l5/gk.frontend/win/shift_reg[3][156]/R
-0.221	u_top/u_core/u_b/u_b_core/core/core/shuffle/busy_reg/C	u_top/u_core/u_b/u_b_core/core/core/l5/gk.frontend/win/shift_reg[3][189]/R
-0.221	u_top/u_core/u_b/u_b_core/core/core/shuffle/busy_reg/C	u_top/u_core/u_b/u_b_core/core/core/l5/gk.frontend/win/shift_reg[3][241]/R
-0.221	u_top/u_core/u_b/u_b_core/core/core/shuffle/busy_reg/C	u_top/u_core/u_b/u_b_core/core/core/l5/gk.frontend/win/shift_reg[3][99]/R
-0.221	u_top/u_core/u_b/u_b_core/core/core/shuffle/busy_reg/C	u_top/u_core/u_b/u_b_core/core/core/l5/gk.frontend/win/shift_reg[21][128]/R
-0.221	u_top/u_core/u_b/u_b_core/core/core/shuffle/busy_reg/C	u_top/u_core/u_b/u_b_core/core/core/l5/gk.frontend/win/shift_reg[21][76]/R
-0.220	u_top/u_core/u_b/u_b_core/core/core/shuffle/busy_reg/C	u_top/u_core/u_b/u_b_core/core/core/l5/gk.frontend/win/shift_reg[21][215]/R
-0.220	u_top/u_core/u_b/u_b_core/core/core/l5/mac/mac/out_lane[0].mult_lane[43].operand_pipe.act_q_reg[15]/C	u_top/u_core/u_b/u_b_core/core/core/l5/mac/mac/out_lane[0].mult_lane[43].operand_pipe.sums_q_reg[0][0][43]/A[15]
-0.220	u_top/u_core/u_b/u_b_core/core/core/l5/gk.frontend/win/col_reg[7]/C	u_top/u_core/u_b/u_b_core/core/core/l5/gk.frontend/win/bank_gen[2].mem_reg_0/ADDRARDADDR[12]
-0.220	u_top/u_core/u_b/u_b_core/core/core/f45/g_narrow_read.rd_ptr_local_reg[3]/C	u_top/u_core/u_b/u_b_core/core/core/l5/gk.frontend/win/bank_gen[0].mem_reg_3/DIADI[17]
-0.220	u_top/u_core/u_b/u_b_core/core/core/l5/gk.frontend/win/shift_reg[1][82]/C	u_top/u_core/u_b/u_b_core/core/core/l5/gk.frontend/fifo/g_wide_read.g_read_slice[5].mem_slice_reg_0_3_18_23/RAMA/I
-0.220	u_top/u_core/u_b/u_b_core/core/core/l5/mac/issue/out_phase_reg[2]_rep/C	u_top/u_core/u_b/u_b_core/core/core/l5/mac/mac/out_lane[2].mult_lane[2].operand_pipe.act_q_reg[12]/D
-0.219	u_top/u_core/u_b/u_b_core/core/core/l5/mac/issue/out_phase_reg[2]_rep/C	u_top/u_core/u_b/u_b_core/core/core/l5/mac/mac/out_lane[3].mult_lane[1].operand_pipe.weight_q_reg[4]/D
-0.219	u_top/u_core/u_b/u_b_core/core/core/l5/gk.frontend/win/shift_reg[19][12]/C	u_top/u_core/u_b/u_b_core/core/core/l5/gk.frontend/win/shift_reg[18][12]/D
-0.219	u_top/u_core/u_b/u_b_core/core/core/l5/mac/issue/out_phase_reg[1]_rep__12/C	u_top/u_core/u_b/u_b_core/core/core/l5/mac/mac/out_lane[1].mult_lane[39].operand_pipe.act_q_reg[5]/D
-0.219	u_top/u_core/u_b/u_b_core/core/core/shuffle/busy_reg/C	u_top/u_core/u_b/u_b_core/core/core/l5/gk.frontend/win/shift_reg[15][49]/R
-0.218	u_top/u_core/u_b/u_b_core/core/core/l5/mac/issue/out_phase_reg[0]/C	u_top/u_core/u_b/u_b_core/core/core/l5/mac/mac/out_lane[3].mult_lane[22].operand_pipe.weight_q_reg[5]/D
-0.218	u_top/u_core/u_b/u_b_core/core/core/l5/gk.frontend/win/bank_gen[3].mem_reg_3/CLKARDCLK	u_top/u_core/u_b/u_b_core/core/core/l5/gk.frontend/win/shift_reg[9][108]/D
-0.218	u_top/u_core/u_b/u_b_core/core/core/l5/mac/issue/out_phase_reg[1]_rep/C	u_top/u_core/u_b/u_b_core/core/core/l5/mac/mac/out_lane[1].mult_lane[9].operand_pipe.weight_q_reg[4]/D
-0.218	u_top/u_core/u_b/u_b_core/core/core/l5/mac/issue/out_phase_reg[0]_rep__2_replica/C	u_top/u_core/u_b/u_b_core/core/core/l5/mac/mac/out_lane[1].mult_lane[31].operand_pipe.act_q_reg[10]/D
-0.218	u_top/u_core/u_ctrl/start_b_reg/C	u_top/u_core/u_in/req_addr_q_reg[0]_rep__1/CE
-0.218	u_top/u_core/u_ctrl/start_b_reg/C	u_top/u_core/u_in/req_addr_q_reg[3]_rep__1/CE
-0.218	u_top/u_core/u_ctrl/start_b_reg/C	u_top/u_core/u_in/req_addr_q_reg[7]_rep__1/CE
-0.218	u_top/u_core/u_b/u_b_core/core/core/f45/g_narrow_read.rd_ptr_local_reg[4]/C	u_top/u_core/u_b/u_b_core/core/core/l5/gk.frontend/win/bank_gen[3].mem_reg_0/DIADI[2]
-0.218	u_top/u_core/u_b/u_b_core/core/core/l5/mac/mac/tree_stage[6].valid_q_reg[7]/C	u_top/u_core/u_b/u_b_core/core/core/l5/gk.frontend/fifo/g_wide_read.g_read_slice[89].rd_ptr_local_reg[0]/R
-0.218	u_top/u_core/u_b/u_b_core/core/core/l5/mac/mac/tree_stage[6].valid_q_reg[7]/C	u_top/u_core/u_b/u_b_core/core/core/l5/gk.frontend/fifo/g_wide_read.g_read_slice[89].rd_ptr_local_reg[1]/R
-0.218	u_top/u_core/u_b/u_b_core/core/core/shuffle/busy_reg/C	u_top/u_core/u_b/u_b_core/core/core/l5/gk.frontend/win/shift_reg[1][177]/R
-0.217	u_top/u_core/u_b/u_b_core/core/core/l5/mac/issue/out_window_reg[5483]/C	u_top/u_core/u_b/u_b_core/core/core/l5/mac/mac/out_lane[1].mult_lane[21].operand_pipe.act_q_reg[11]/D
-0.217	u_top/u_core/u_b/u_b_core/core/core/shuffle/busy_reg/C	u_top/u_core/u_b/u_b_core/core/core/l5/gk.frontend/win/shift_reg[21][248]/R
-0.217	u_top/u_core/u_b/u_b_core/core/core/shuffle/busy_reg/C	u_top/u_core/u_b/u_b_core/core/core/l5/gk.frontend/win/shift_reg[22][101]/R
-0.217	u_top/u_core/u_b/u_b_core/core/core/shuffle/busy_reg/C	u_top/u_core/u_b/u_b_core/core/core/l5/gk.frontend/win/shift_reg[22][150]/R
-0.217	u_top/u_core/u_b/u_b_core/core/core/f45/g_narrow_read.rd_ptr_local_reg[3]/C	u_top/u_core/u_b/u_b_core/core/core/l5/gk.frontend/win/bank_gen[0].mem_reg_3/DIADI[24]
-0.217	u_top/u_core/u_b/u_b_core/core/core/shuffle/busy_reg/C	u_top/u_core/u_b/u_b_core/core/core/l5/gk.frontend/win/shift_reg[15][168]/R
-0.217	u_top/u_core/u_b/u_b_core/core/core/l5/mac/issue/out_phase_reg[1]_rep__2/C	u_top/u_core/u_b/u_b_core/core/core/l5/mac/mac/out_lane[2].mult_lane[28].operand_pipe.act_q_reg[6]/D
-0.217	u_top/u_core/u_b/u_b_core/core/core/shuffle/busy_reg/C	u_top/u_core/u_b/u_b_core/core/core/l5/gk.frontend/win/shift_reg[11][150]/R
-0.217	u_top/u_core/u_b/u_b_core/core/core/shuffle/busy_reg/C	u_top/u_core/u_b/u_b_core/core/core/l5/gk.frontend/win/shift_reg[11][86]/R
-0.217	u_top/u_core/u_b/u_b_core/core/core/shuffle/busy_reg/C	u_top/u_core/u_b/u_b_core/core/core/l5/gk.frontend/win/shift_reg[12][186]/R
-0.217	u_top/u_core/u_b/u_b_core/core/core/shuffle/busy_reg/C	u_top/u_core/u_b/u_b_core/core/core/l5/gk.frontend/win/shift_reg[13][194]/R
-0.217	u_top/u_core/u_b/u_b_core/core/core/shuffle/busy_reg/C	u_top/u_core/u_b/u_b_core/core/core/l5/gk.frontend/win/shift_reg[13][196]/R
-0.217	u_top/u_core/u_b/u_b_core/core/core/l5/mac/issue/out_phase_reg[2]_rep__3/C	u_top/u_core/u_b/u_b_core/core/core/l5/mac/mac/out_lane[1].mult_lane[17].operand_pipe.act_q_reg[5]/D
-0.217	u_top/u_core/u_b/u_b_core/core/core/shuffle/busy_reg/C	u_top/u_core/u_b/u_b_core/core/core/l5/gk.frontend/win/shift_reg[18][42]/R
-0.216	u_top/u_core/u_b/u_b_core/core/core/l5/mac/issue/out_phase_reg[0]_rep__15/C	u_top/u_core/u_b/u_b_core/core/core/l5/mac/mac/out_lane[2].mult_lane[25].operand_pipe.weight_q_reg[3]/D
-0.216	u_top/u_core/u_b/u_b_core/core/core/l5/mac/issue/out_phase_reg[2]_rep__3/C	u_top/u_core/u_b/u_b_core/core/core/l5/mac/mac/out_lane[1].mult_lane[17].operand_pipe.act_q_reg[11]/D
-0.216	u_top/u_core/u_b/u_b_core/core/core/l5/mac/issue/out_phase_reg[0]_rep__2_replica_1/C	u_top/u_core/u_b/u_b_core/core/core/l5/mac/mac/out_lane[1].mult_lane[7].operand_pipe.act_q_reg[4]/D
-0.216	u_top/u_core/u_b/u_b_core/core/core/l5/mac/issue/out_phase_reg[1]_rep__6/C	u_top/u_core/u_b/u_b_core/core/core/l5/mac/mac/out_lane[1].mult_lane[13].operand_pipe.act_q_reg[0]/D
-0.215	u_top/u_core/u_b/u_b_core/core/core/l5/mac/mac/tree_stage[6].valid_q_reg[7]/C	u_top/u_core/u_b/u_b_core/core/core/l5/mac/mac/out_lane[1].mult_lane[28].operand_pipe.weight_q_reg[1]/CE
-0.215	u_top/u_core/u_b/u_b_core/core/core/l5/mac/issue/out_phase_reg[2]_replica_1/C	u_top/u_core/u_b/u_b_core/core/core/l5/mac/mac/out_lane[1].mult_lane[4].operand_pipe.act_q_reg[4]/D
-0.215	u_top/u_core/u_b/u_b_core/core/core/l5/mac/issue/out_phase_reg[2]_rep__0/C	u_top/u_core/u_b/u_b_core/core/core/l5/mac/mac/out_lane[1].mult_lane[49].operand_pipe.weight_q_reg[5]/D
-0.215	u_top/u_core/u_b/u_b_core/core/core/l5/mac/issue/out_window_reg[2657]/C	u_top/u_core/u_b/u_b_core/core/core/l5/mac/mac/out_lane[2].mult_lane[10].operand_pipe.act_q_reg[1]/D
-0.214	u_top/u_core/u_b/u_b_core/core/core/l5/mac/mac/tree_stage[6].valid_q_reg[7]/C	u_top/u_core/u_b/u_b_core/core/core/l5/mac/issue/out_window_reg[1468]/CE
-0.214	u_top/u_core/u_b/u_b_core/core/core/l5/mac/mac/tree_stage[6].valid_q_reg[7]/C	u_top/u_core/u_b/u_b_core/core/core/l5/mac/issue/out_window_reg[1469]/CE
-0.214	u_top/u_core/u_b/u_b_core/core/core/l5/mac/mac/tree_stage[6].valid_q_reg[7]/C	u_top/u_core/u_b/u_b_core/core/core/l5/mac/issue/out_window_reg[1470]/CE
-0.214	u_top/u_core/u_b/u_b_core/core/core/l5/mac/mac/tree_stage[6].valid_q_reg[7]/C	u_top/u_core/u_b/u_b_core/core/core/l5/mac/issue/out_window_reg[1471]/CE
-0.214	u_top/u_core/u_b/u_b_core/core/core/l5/mac/mac/tree_stage[6].valid_q_reg[7]/C	u_top/u_core/u_b/u_b_core/core/core/l5/mac/issue/out_window_reg[3154]/CE
-0.214	u_top/u_core/u_b/u_b_core/core/core/l5/mac/mac/tree_stage[6].valid_q_reg[7]/C	u_top/u_core/u_b/u_b_core/core/core/l5/mac/issue/out_window_reg[3155]/CE
-0.214	u_top/u_core/u_b/u_b_core/core/core/l5/mac/mac/tree_stage[6].valid_q_reg[7]/C	u_top/u_core/u_b/u_b_core/core/core/l5/mac/issue/out_window_reg[3156]/CE
-0.214	u_top/u_core/u_b/u_b_core/core/core/l5/mac/mac/tree_stage[6].valid_q_reg[7]/C	u_top/u_core/u_b/u_b_core/core/core/l5/mac/issue/out_window_reg[3157]/CE
-0.214	u_top/u_core/u_b/u_b_core/core/core/l5/mac/mac/tree_stage[6].valid_q_reg[7]/C	u_top/u_core/u_b/u_b_core/core/core/l5/mac/issue/out_window_reg[3158]/CE
-0.214	u_top/u_core/u_b/u_b_core/core/core/l5/mac/mac/tree_stage[6].valid_q_reg[7]/C	u_top/u_core/u_b/u_b_core/core/core/l5/mac/issue/out_window_reg[3159]/CE
-0.214	u_top/u_core/u_b/u_b_core/core/core/l5/mac/issue/out_phase_reg[1]_rep__14/C	u_top/u_core/u_b/u_b_core/core/core/l5/mac/mac/out_lane[1].mult_lane[20].operand_pipe.act_q_reg[4]/D
-0.214	u_top/u_core/u_b/u_b_core/core/core/shuffle/busy_reg/C	u_top/u_core/u_b/u_b_core/core/core/l5/gk.frontend/win/shift_reg[11][113]/R
-0.214	u_top/u_core/u_b/u_b_core/core/core/shuffle/busy_reg/C	u_top/u_core/u_b/u_b_core/core/core/l5/gk.frontend/win/shift_reg[11][40]/R
-0.214	u_top/u_core/u_b/u_b_core/core/core/shuffle/busy_reg/C	u_top/u_core/u_b/u_b_core/core/core/l5/gk.frontend/win/shift_reg[11][66]/R
-0.214	u_top/u_core/u_b/u_b_core/core/core/shuffle/busy_reg/C	u_top/u_core/u_b/u_b_core/core/core/l5/gk.frontend/win/shift_reg[11][73]/R
-0.214	u_top/u_core/u_b/u_b_core/core/core/shuffle/busy_reg/C	u_top/u_core/u_b/u_b_core/core/core/l5/gk.frontend/win/shift_reg[6][18]/R
-0.214	u_top/u_core/u_b/u_b_core/core/core/shuffle/busy_reg/C	u_top/u_core/u_b/u_b_core/core/core/l5/gk.frontend/win/shift_reg[8][182]/R
-0.214	u_top/u_core/u_b/u_b_core/core/core/shuffle/busy_reg/C	u_top/u_core/u_b/u_b_core/core/core/l5/gk.frontend/win/shift_reg[8][84]/R
-0.214	u_top/u_core/u_b/u_b_core/core/core/shuffle/busy_reg/C	u_top/u_core/u_b/u_b_core/core/core/l5/gk.frontend/win/shift_reg[8][85]/R
-0.213	u_top/u_core/u_b/u_b_core/core/core/l5/mac/mac/tree_stage[6].valid_q_reg[7]/C	u_top/u_core/u_b/u_b_core/core/core/l5/gk.frontend/fifo/g_wide_read.g_read_slice[96].rd_ptr_local_reg[0]/R
-0.213	u_top/u_core/u_b/u_b_core/core/core/l5/mac/mac/tree_stage[6].valid_q_reg[7]/C	u_top/u_core/u_b/u_b_core/core/core/l5/gk.frontend/fifo/g_wide_read.g_read_slice[96].rd_ptr_local_reg[1]/R
-0.213	u_top/u_core/u_b/u_b_core/core/core/l5/mac/issue/out_window_reg[5346]/C	u_top/u_core/u_b/u_b_core/core/core/l5/mac/mac/out_lane[3].mult_lane[20].operand_pipe.act_q_reg[2]/D
-0.213	u_top/u_core/u_b/u_b_core/core/core/l5/mac/issue/out_phase_reg[2]_rep__5/C	u_top/u_core/u_b/u_b_core/core/core/l5/mac/mac/out_lane[2].mult_lane[13].operand_pipe.weight_q_reg[4]/D
-0.213	u_top/u_core/u_b/u_b_core/core/core/shuffle/busy_reg/C	u_top/u_core/u_b/u_b_core/core/core/l5/gk.frontend/win/shift_reg[21][228]/R
-0.213	u_top/u_core/u_b/u_b_core/core/core/shuffle/busy_reg/C	u_top/u_core/u_b/u_b_core/core/core/l5/gk.frontend/win/shift_reg[21][240]/R
-0.213	u_top/u_core/u_b/u_b_core/core/core/shuffle/busy_reg/C	u_top/u_core/u_b/u_b_core/core/core/l5/gk.frontend/win/shift_reg[22][228]/R
-0.213	u_top/u_core/u_b/u_b_core/core/core/l5/mac/mac/out_lane[1].mult_lane[12].operand_pipe.act_q_reg[0]/C	u_top/u_core/u_b/u_b_core/core/core/l5/mac/mac/out_lane[1].mult_lane[12].operand_pipe.sums_q_reg[0][1][12]/A[0]
-0.213	u_top/u_core/u_b/u_b_core/core/core/l5/mac/issue/out_phase_reg[1]_rep__8_replica/C	u_top/u_core/u_b/u_b_core/core/core/l5/mac/mac/out_lane[1].mult_lane[4].operand_pipe.act_q_reg[10]/D
-0.213	u_top/u_core/u_b/u_b_core/core/core/f45/g_narrow_read.rd_ptr_local_reg[1]/C	u_top/u_core/u_b/u_b_core/core/core/l5/gk.frontend/win/bank_gen[1].mem_reg_1/DIADI[30]
-0.212	u_top/u_core/u_b/u_b_core/core/core/l3/gk.frontend/win/col_reg[1]/C	u_top/u_core/u_b/u_b_core/core/core/l3/gk.frontend/win/row_reg[12]/CE
-0.212	u_top/u_core/u_b/u_b_core/core/core/l3/gk.frontend/win/col_reg[1]/C	u_top/u_core/u_b/u_b_core/core/core/l3/gk.frontend/win/row_reg[13]/CE
-0.212	u_top/u_core/u_b/u_b_core/core/core/l3/gk.frontend/win/col_reg[1]/C	u_top/u_core/u_b/u_b_core/core/core/l3/gk.frontend/win/row_reg[14]/CE
-0.212	u_top/u_core/u_b/u_b_core/core/core/l3/gk.frontend/win/col_reg[1]/C	u_top/u_core/u_b/u_b_core/core/core/l3/gk.frontend/win/row_reg[15]/CE
-0.212	u_top/u_core/u_b/u_b_core/core/core/l5/gk.frontend/fifo/wr_ptr_reg[1]_rep__6/C	u_top/u_core/u_b/u_b_core/core/core/l5/gk.frontend/fifo/g_wide_read.g_read_slice[3].mem_slice_reg_0_3_0_5/RAMA/WADR1
-0.212	u_top/u_core/u_b/u_b_core/core/core/l5/gk.frontend/fifo/wr_ptr_reg[1]_rep__6/C	u_top/u_core/u_b/u_b_core/core/core/l5/gk.frontend/fifo/g_wide_read.g_read_slice[3].mem_slice_reg_0_3_0_5/RAMA_D1/WADR1
-0.212	u_top/u_core/u_b/u_b_core/core/core/l5/gk.frontend/fifo/wr_ptr_reg[1]_rep__6/C	u_top/u_core/u_b/u_b_core/core/core/l5/gk.frontend/fifo/g_wide_read.g_read_slice[3].mem_slice_reg_0_3_0_5/RAMB/WADR1
-0.212	u_top/u_core/u_b/u_b_core/core/core/l5/gk.frontend/fifo/wr_ptr_reg[1]_rep__6/C	u_top/u_core/u_b/u_b_core/core/core/l5/gk.frontend/fifo/g_wide_read.g_read_slice[3].mem_slice_reg_0_3_0_5/RAMB_D1/WADR1
-0.212	u_top/u_core/u_b/u_b_core/core/core/l5/gk.frontend/fifo/wr_ptr_reg[1]_rep__6/C	u_top/u_core/u_b/u_b_core/core/core/l5/gk.frontend/fifo/g_wide_read.g_read_slice[3].mem_slice_reg_0_3_0_5/RAMC/WADR1
-0.212	u_top/u_core/u_b/u_b_core/core/core/l5/gk.frontend/fifo/wr_ptr_reg[1]_rep__6/C	u_top/u_core/u_b/u_b_core/core/core/l5/gk.frontend/fifo/g_wide_read.g_read_slice[3].mem_slice_reg_0_3_0_5/RAMC_D1/WADR1
-0.212	u_top/u_core/u_b/u_b_core/core/core/l5/gk.frontend/fifo/wr_ptr_reg[1]_rep__6/C	u_top/u_core/u_b/u_b_core/core/core/l5/gk.frontend/fifo/g_wide_read.g_read_slice[3].mem_slice_reg_0_3_0_5/RAMD/ADR1
-0.212	u_top/u_core/u_b/u_b_core/core/core/l5/gk.frontend/fifo/wr_ptr_reg[1]_rep__6/C	u_top/u_core/u_b/u_b_core/core/core/l5/gk.frontend/fifo/g_wide_read.g_read_slice[3].mem_slice_reg_0_3_0_5/RAMD_D1/ADR1
-0.212	u_top/u_core/u_b/u_b_core/core/core/l5/mac/issue/out_phase_reg[0]_rep__6/C	u_top/u_core/u_b/u_b_core/core/core/l5/mac/mac/out_lane[3].mult_lane[39].operand_pipe.act_q_reg[6]/D
-0.212	u_top/u_core/u_b/u_b_core/core/core/shuffle/busy_reg/C	u_top/u_core/u_b/u_b_core/core/core/l5/gk.frontend/win/shift_reg[10][169]/R
-0.212	u_top/u_core/u_b/u_b_core/core/core/l5/mac/issue/out_phase_reg[1]_rep__5/C	u_top/u_core/u_b/u_b_core/core/core/l5/mac/mac/out_lane[2].mult_lane[49].operand_pipe.act_q_reg[10]/D
-0.212	u_top/u_core/u_b/u_b_core/core/core/f45/g_narrow_read.rd_ptr_local_reg[1]/C	u_top/u_core/u_b/u_b_core/core/core/l5/gk.frontend/win/bank_gen[1].mem_reg_1/DIPADIP[1]
-0.212	u_top/u_core/u_b/u_b_core/core/core/l5/gk.frontend/fifo/g_wide_read.g_read_slice[53].rd_ptr_local_reg[1]/C	u_top/u_core/u_b/u_b_core/core/core/l5/mac/issue/out_window_reg[3437]/D
-0.212	u_top/u_core/u_b/u_b_core/core/core/l5/mac/mac/tree_stage[6].valid_q_reg[7]/C	u_top/u_core/u_b/u_b_core/core/core/l5/mac/mac/out_lane[1].mult_lane[36].operand_pipe.weight_q_reg[4]/CE
-0.212	u_top/u_core/u_b/u_b_core/core/core/l5/mac/issue/out_phase_reg[2]_rep/C	u_top/u_core/u_b/u_b_core/core/core/l5/mac/mac/out_lane[1].mult_lane[3].operand_pipe.weight_q_reg[4]/D
-0.212	u_top/u_core/u_b/u_b_core/core/core/l5/mac/mac/tree_stage[6].valid_q_reg[7]/C	u_top/u_core/u_b/u_b_core/core/core/l5/gk.frontend/fifo/g_wide_read.g_read_slice[91].rd_ptr_local_reg[0]/R
-0.212	u_top/u_core/u_b/u_b_core/core/core/l5/mac/mac/tree_stage[6].valid_q_reg[7]/C	u_top/u_core/u_b/u_b_core/core/core/l5/gk.frontend/fifo/g_wide_read.g_read_slice[91].rd_ptr_local_reg[1]/R
-0.212	u_top/u_core/u_b/u_b_core/core/core/l5/mac/mac/tree_stage[6].valid_q_reg[7]/C	u_top/u_core/u_b/u_b_core/core/core/l5/mac/issue/out_window_reg[3206]/CE
-0.212	u_top/u_core/u_b/u_b_core/core/core/l5/mac/mac/tree_stage[6].valid_q_reg[7]/C	u_top/u_core/u_b/u_b_core/core/core/l5/mac/issue/out_window_reg[3207]/CE
-0.212	u_top/u_core/u_b/u_b_core/core/core/l5/mac/mac/tree_stage[6].valid_q_reg[7]/C	u_top/u_core/u_b/u_b_core/core/core/l5/mac/issue/out_window_reg[3208]/CE
-0.212	u_top/u_core/u_b/u_b_core/core/core/l5/mac/mac/tree_stage[6].valid_q_reg[7]/C	u_top/u_core/u_b/u_b_core/core/core/l5/mac/issue/out_window_reg[3209]/CE
-0.212	u_top/u_core/u_b/u_b_core/core/core/l5/mac/mac/tree_stage[6].valid_q_reg[7]/C	u_top/u_core/u_b/u_b_core/core/core/l5/mac/issue/out_window_reg[3210]/CE
-0.212	u_top/u_core/u_b/u_b_core/core/core/l5/mac/mac/tree_stage[6].valid_q_reg[7]/C	u_top/u_core/u_b/u_b_core/core/core/l5/mac/issue/out_window_reg[3211]/CE
-0.211	u_top/u_core/u_b/u_b_core/core/core/l5/mac/mac/tree_stage[6].valid_q_reg[7]/C	u_top/u_core/u_b/u_b_core/core/core/l5/gk.frontend/fifo/wr_ptr_reg[0]_rep__3/D
-0.211	u_top/u_core/u_b/u_b_core/core/core/l5/gk.frontend/win/bank_gen[2].mem_reg_0/CLKARDCLK	u_top/u_core/u_b/u_b_core/core/core/l5/gk.frontend/win/shift_reg[4][0]/D
-0.211	u_top/u_core/u_b/u_b_core/core/core/f45/g_narrow_read.rd_ptr_local_reg[3]/C	u_top/u_core/u_b/u_b_core/core/core/l5/gk.frontend/win/bank_gen[2].mem_reg_2/DIADI[9]
-0.211	u_top/u_core/u_b/u_b_core/core/core/shuffle/busy_reg/C	u_top/u_core/u_b/u_b_core/core/core/l5/gk.frontend/win/shift_reg[0][149]/R
-0.211	u_top/u_core/u_b/u_b_core/core/core/shuffle/busy_reg/C	u_top/u_core/u_b/u_b_core/core/core/l5/gk.frontend/win/shift_reg[0][165]/R
-0.211	u_top/u_core/u_b/u_b_core/core/core/shuffle/busy_reg/C	u_top/u_core/u_b/u_b_core/core/core/l5/gk.frontend/win/shift_reg[0][31]/R
-0.211	u_top/u_core/u_b/u_b_core/core/core/shuffle/busy_reg/C	u_top/u_core/u_b/u_b_core/core/core/l5/gk.frontend/win/shift_reg[0][36]/R
-0.211	u_top/u_core/u_b/u_b_core/core/core/shuffle/busy_reg/C	u_top/u_core/u_b/u_b_core/core/core/l5/gk.frontend/win/shift_reg[0][47]/R
-0.211	u_top/u_core/u_b/u_b_core/core/core/l5/mac/mac/tree_stage[6].valid_q_reg[7]/C	u_top/u_core/u_b/u_b_core/core/core/l5/mac/mac/out_lane[2].mult_lane[34].operand_pipe.act_q_reg[13]/CE
-0.211	u_top/u_core/u_b/u_b_core/core/core/l5/mac/mac/tree_stage[6].valid_q_reg[7]/C	u_top/u_core/u_b/u_b_core/core/core/l5/mac/mac/out_lane[2].mult_lane[34].operand_pipe.act_q_reg[14]/CE
-0.211	u_top/u_core/u_b/u_b_core/core/core/l5/mac/mac/tree_stage[6].valid_q_reg[7]/C	u_top/u_core/u_b/u_b_core/core/core/l5/mac/mac/out_lane[2].mult_lane[34].operand_pipe.act_q_reg[15]/CE
-0.211	u_top/u_core/u_b/u_b_core/core/core/l5/mac/issue/out_phase_reg[1]_rep__11/C	u_top/u_core/u_b/u_b_core/core/core/l5/mac/mac/out_lane[3].mult_lane[36].operand_pipe.act_q_reg[1]/D
-0.210	u_top/u_core/u_b/u_b_core/core/core/l5/gk.frontend/win/bank_gen[1].mem_reg_1/CLKARDCLK	u_top/u_core/u_b/u_b_core/core/core/l5/gk.frontend/win/shift_reg[19][68]/D
-0.210	u_top/u_core/u_b/u_b_core/core/core/l5/mac/mac/tree_stage[6].valid_q_reg[7]/C	u_top/u_core/u_b/u_b_core/core/core/l5/gk.frontend/fifo/g_wide_read.g_read_slice[77].rd_ptr_local_reg[0]/R
-0.210	u_top/u_core/u_b/u_b_core/core/core/l5/mac/mac/tree_stage[6].valid_q_reg[7]/C	u_top/u_core/u_b/u_b_core/core/core/l5/gk.frontend/fifo/g_wide_read.g_read_slice[77].rd_ptr_local_reg[1]/R
-0.210	u_top/u_core/u_b/u_b_core/core/core/l5/mac/issue/out_phase_reg[0]_rep__9/C	u_top/u_core/u_b/u_b_core/core/core/l5/mac/mac/out_lane[1].mult_lane[44].operand_pipe.act_q_reg[1]/D
-0.210	u_top/u_core/u_b/u_b_core/core/core/l5/mac/issue/out_phase_reg[0]_rep__15/C	u_top/u_core/u_b/u_b_core/core/core/l5/mac/mac/out_lane[2].mult_lane[24].operand_pipe.weight_q_reg[7]/R
-0.210	u_top/u_core/u_b/u_b_core/core/core/l5/mac/issue/out_phase_reg[2]_rep/C	u_top/u_core/u_b/u_b_core/core/core/l5/mac/mac/out_lane[1].mult_lane[4].operand_pipe.weight_q_reg[6]/D
-0.210	u_top/u_core/u_b/u_b_core/core/core/shuffle/busy_reg/C	u_top/u_core/u_b/u_b_core/core/core/l5/gk.frontend/win/shift_reg[22][48]/R
-0.210	u_top/u_core/u_b/u_b_core/core/core/l5/gk.frontend/win/bank_gen[2].mem_reg_0/CLKARDCLK	u_top/u_core/u_b/u_b_core/core/core/l5/gk.frontend/win/shift_reg[9][20]/D
-0.210	u_top/u_core/u_b/u_b_core/core/core/l5/mac/issue/out_phase_reg[2]_rep/C	u_top/u_core/u_b/u_b_core/core/core/l5/mac/mac/out_lane[1].mult_lane[4].operand_pipe.weight_q_reg[7]/D
-0.210	u_top/u_core/u_b/u_b_core/core/core/shuffle/busy_reg/C	u_top/u_core/u_b/u_b_core/core/core/l5/gk.frontend/win/shift_reg[17][92]/R
-0.210	u_top/u_core/u_b/u_b_core/core/core/shuffle/busy_reg/C	u_top/u_core/u_b/u_b_core/core/core/l5/gk.frontend/win/shift_reg[18][172]/R
-0.210	u_top/u_core/u_b/u_b_core/core/core/shuffle/busy_reg/C	u_top/u_core/u_b/u_b_core/core/core/l5/gk.frontend/win/shift_reg[18][23]/R
-0.210	u_top/u_core/u_b/u_b_core/core/core/shuffle/busy_reg/C	u_top/u_core/u_b/u_b_core/core/core/l5/gk.frontend/win/shift_reg[18][240]/R
-0.210	u_top/u_core/u_b/u_b_core/core/core/shuffle/busy_reg/C	u_top/u_core/u_b/u_b_core/core/core/l5/gk.frontend/win/shift_reg[18][30]/R
-0.210	u_top/u_core/u_b/u_b_core/core/core/shuffle/busy_reg/C	u_top/u_core/u_b/u_b_core/core/core/l5/gk.frontend/win/shift_reg[5][169]/R
-0.210	u_top/u_core/u_b/u_b_core/core/core/shuffle/busy_reg/C	u_top/u_core/u_b/u_b_core/core/core/l5/gk.frontend/win/shift_reg[6][35]/R
-0.210	u_top/u_core/u_b/u_b_core/core/core/shuffle/busy_reg/C	u_top/u_core/u_b/u_b_core/core/core/l5/gk.frontend/win/shift_reg[6][65]/R
-0.209	u_top/u_core/u_b/u_b_core/core/core/l5/mac/mac/tree_stage[6].valid_q_reg[7]/C	u_top/u_core/u_b/u_b_core/core/core/l5/mac/mac/tree_stage[1].channel[3].node[0].pair.sums_q_reg[1][3][0][16]/CE
-0.209	u_top/u_core/u_b/u_b_core/core/core/l5/mac/mac/tree_stage[6].valid_q_reg[7]/C	u_top/u_core/u_b/u_b_core/core/core/l5/mac/mac/tree_stage[1].channel[3].node[0].pair.sums_q_reg[1][3][0][17]/CE
-0.209	u_top/u_core/u_b/u_b_core/core/core/l5/mac/mac/tree_stage[6].valid_q_reg[7]/C	u_top/u_core/u_b/u_b_core/core/core/l5/mac/mac/tree_stage[1].channel[3].node[0].pair.sums_q_reg[1][3][0][18]/CE
-0.209	u_top/u_core/u_b/u_b_core/core/core/l5/mac/mac/tree_stage[6].valid_q_reg[7]/C	u_top/u_core/u_b/u_b_core/core/core/l5/mac/mac/tree_stage[1].channel[3].node[0].pair.sums_q_reg[1][3][0][19]/CE
-0.209	u_top/u_core/u_b/u_b_core/core/core/l5/mac/issue/out_phase_reg[1]_rep__10/C	u_top/u_core/u_b/u_b_core/core/core/l5/mac/mac/out_lane[0].mult_lane[35].operand_pipe.act_q_reg[7]/D
-0.209	u_top/u_core/u_b/u_b_core/core/core/l5/mac/issue/out_phase_reg[0]_rep__15/C	u_top/u_core/u_b/u_b_core/core/core/l5/mac/mac/out_lane[2].mult_lane[24].operand_pipe.weight_q_reg[5]/R
-0.209	u_top/u_core/u_b/u_b_core/core/core/l5/mac/issue/out_phase_reg[0]_rep__1_replica/C	u_top/u_core/u_b/u_b_core/core/core/l5/mac/mac/out_lane[2].mult_lane[29].operand_pipe.act_q_reg[1]/D
-0.209	u_top/u_core/u_b/u_b_core/core/core/shuffle/busy_reg/C	u_top/u_core/u_b/u_b_core/core/core/l5/gk.frontend/win/shift_reg[10][156]/R
-0.209	u_top/u_core/u_b/u_b_core/core/core/shuffle/busy_reg/C	u_top/u_core/u_b/u_b_core/core/core/l5/gk.frontend/win/shift_reg[20][19]/R
-0.209	u_top/u_core/u_b/u_b_core/core/core/shuffle/busy_reg/C	u_top/u_core/u_b/u_b_core/core/core/l5/gk.frontend/win/shift_reg[20][218]/R
-0.209	u_top/u_core/u_b/u_b_core/core/core/shuffle/busy_reg/C	u_top/u_core/u_b/u_b_core/core/core/l5/gk.frontend/win/shift_reg[20][48]/R
-0.209	u_top/u_core/u_b/u_b_core/core/core/shuffle/busy_reg/C	u_top/u_core/u_b/u_b_core/core/core/l5/gk.frontend/win/shift_reg[21][110]/R
-0.209	u_top/u_core/u_b/u_b_core/core/core/shuffle/busy_reg/C	u_top/u_core/u_b/u_b_core/core/core/l5/gk.frontend/win/shift_reg[21][141]/R
-0.209	u_top/u_core/u_b/u_b_core/core/core/shuffle/busy_reg/C	u_top/u_core/u_b/u_b_core/core/core/l5/gk.frontend/win/shift_reg[21][58]/R
-0.209	u_top/u_core/u_b/u_b_core/core/core/shuffle/busy_reg/C	u_top/u_core/u_b/u_b_core/core/core/l5/gk.frontend/win/shift_reg[22][230]/R
-0.209	u_top/u_core/u_b/u_b_core/core/core/l5/gk.frontend/win/bank_gen[2].mem_reg_0/CLKARDCLK	u_top/u_core/u_b/u_b_core/core/core/l5/gk.frontend/win/shift_reg[19][20]/D
-0.208	u_top/u_core/u_b/u_b_core/core/core/l5/mac/mac/tree_stage[6].valid_q_reg[7]/C	u_top/u_core/u_b/u_b_core/core/core/l5/mac/issue/out_window_reg[1472]/CE
-0.208	u_top/u_core/u_b/u_b_core/core/core/l5/mac/mac/tree_stage[6].valid_q_reg[7]/C	u_top/u_core/u_b/u_b_core/core/core/l5/mac/issue/out_window_reg[1473]/CE
-0.208	u_top/u_core/u_b/u_b_core/core/core/l5/mac/mac/tree_stage[6].valid_q_reg[7]/C	u_top/u_core/u_b/u_b_core/core/core/l5/mac/issue/out_window_reg[1474]/CE
-0.208	u_top/u_core/u_b/u_b_core/core/core/l5/mac/mac/tree_stage[6].valid_q_reg[7]/C	u_top/u_core/u_b/u_b_core/core/core/l5/mac/issue/out_window_reg[1475]/CE
-0.208	u_top/u_core/u_b/u_b_core/core/core/l5/mac/mac/tree_stage[6].valid_q_reg[7]/C	u_top/u_core/u_b/u_b_core/core/core/l5/mac/issue/out_window_reg[1476]/CE
-0.208	u_top/u_core/u_b/u_b_core/core/core/l5/mac/mac/tree_stage[6].valid_q_reg[7]/C	u_top/u_core/u_b/u_b_core/core/core/l5/mac/issue/out_window_reg[1477]/CE
-0.208	u_top/u_core/u_b/u_b_core/core/core/l5/mac/issue/out_phase_reg[2]_rep__3/C	u_top/u_core/u_b/u_b_core/core/core/l5/mac/mac/out_lane[1].mult_lane[14].operand_pipe.act_q_reg[8]/D
-0.208	u_top/u_core/u_b/u_b_core/core/core/l5/mac/issue/out_window_reg[3791]/C	u_top/u_core/u_b/u_b_core/core/core/l5/mac/mac/out_lane[1].mult_lane[14].operand_pipe.act_q_reg[15]/D
-0.207	u_top/u_core/u_b/u_b_core/core/core/l5/mac/issue/out_phase_reg[2]_rep__3/C	u_top/u_core/u_b/u_b_core/core/core/l5/mac/mac/out_lane[0].mult_lane[14].operand_pipe.act_q_reg[6]/D
-0.207	u_top/u_core/u_b/u_b_core/core/core/l5/gk.frontend/win/shift_reg[19][12]/C	u_top/u_core/u_b/u_b_core/core/core/l5/gk.frontend/fifo/g_wide_read.g_read_slice[76].mem_slice_reg_0_3_12_17/RAMA/I
-0.207	u_top/u_core/u_b/u_b_core/core/core/l5/mac/issue/out_window_reg[1698]/C	u_top/u_core/u_b/u_b_core/core/core/l5/mac/mac/out_lane[3].mult_lane[6].operand_pipe.act_q_reg[2]/D
-0.207	u_top/u_core/u_b/u_b_core/core/core/l3/gk.frontend/win/row_mod_d_reg[0]_rep/C	u_top/u_core/u_b/u_b_core/core/core/l3/gk.frontend/win/shift_reg[2][91]/D
-0.207	u_top/u_core/u_b/u_b_core/core/core/l5/mac/issue/out_phase_reg[0]_rep__2_replica_1/C	u_top/u_core/u_b/u_b_core/core/core/l5/mac/mac/out_lane[3].mult_lane[7].operand_pipe.act_q_reg[15]/D
-0.207	u_top/u_core/u_b/u_b_core/core/core/l5/mac/issue/out_phase_reg[0]_rep__4/C	u_top/u_core/u_b/u_b_core/core/core/l5/mac/mac/out_lane[0].mult_lane[35].operand_pipe.act_q_reg[8]/D
-0.207	u_top/u_core/u_b/u_b_core/core/core/l5/mac/issue/out_phase_reg[2]_rep__1/C	u_top/u_core/u_b/u_b_core/core/core/l5/mac/mac/out_lane[2].mult_lane[20].operand_pipe.act_q_reg[15]/D
-0.207	u_top/u_core/u_b/u_b_core/core/core/l5/mac/issue/out_phase_reg[1]_rep__16/C	u_top/u_core/u_b/u_b_core/core/core/l5/mac/mac/out_lane[3].mult_lane[48].operand_pipe.weight_q_reg[4]/D
-0.206	u_top/u_core/u_b/u_b_core/core/core/l5/mac/mac/tree_stage[6].valid_q_reg[7]/C	u_top/u_core/u_b/u_b_core/core/core/l5/mac/mac/out_lane[2].mult_lane[22].operand_pipe.weight_q_reg[4]/CE
-0.206	u_top/u_core/u_b/u_b_core/core/core/shuffle/busy_reg/C	u_top/u_core/u_b/u_b_core/core/core/l5/gk.frontend/win/shift_reg[21][114]/R
-0.206	u_top/u_core/u_b/u_b_core/core/core/shuffle/busy_reg/C	u_top/u_core/u_b/u_b_core/core/core/l5/gk.frontend/win/shift_reg[22][162]/R
-0.206	u_top/u_core/u_b/u_b_core/core/core/l5/mac/issue/out_window_reg[3175]/C	u_top/u_core/u_b/u_b_core/core/core/l5/mac/mac/out_lane[2].mult_lane[12].operand_pipe.act_q_reg[7]/D
-0.206	u_top/u_core/u_b/u_b_core/core/core/l5/mac/issue/out_phase_reg[0]_rep__2_replica/C	u_top/u_core/u_b/u_b_core/core/core/l5/mac/mac/out_lane[0].mult_lane[31].operand_pipe.act_q_reg[10]/D
-0.206	u_top/u_core/u_b/u_b_core/core/core/l5/mac/mac/tree_stage[6].valid_q_reg[7]/C	u_top/u_core/u_b/u_b_core/core/core/l5/mac/issue/out_window_reg[1094]/CE
-0.206	u_top/u_core/u_b/u_b_core/core/core/l5/mac/mac/tree_stage[6].valid_q_reg[7]/C	u_top/u_core/u_b/u_b_core/core/core/l5/mac/issue/out_window_reg[1095]/CE
-0.206	u_top/u_core/u_b/u_b_core/core/core/l5/mac/mac/tree_stage[6].valid_q_reg[7]/C	u_top/u_core/u_b/u_b_core/core/core/l5/mac/issue/out_window_reg[1096]/CE
-0.206	u_top/u_core/u_b/u_b_core/core/core/l5/mac/mac/tree_stage[6].valid_q_reg[7]/C	u_top/u_core/u_b/u_b_core/core/core/l5/mac/issue/out_window_reg[1097]/CE
-0.206	u_top/u_core/u_b/u_b_core/core/core/l5/mac/mac/tree_stage[6].valid_q_reg[7]/C	u_top/u_core/u_b/u_b_core/core/core/l5/mac/issue/out_window_reg[1098]/CE
-0.206	u_top/u_core/u_b/u_b_core/core/core/l5/mac/mac/tree_stage[6].valid_q_reg[7]/C	u_top/u_core/u_b/u_b_core/core/core/l5/mac/issue/out_window_reg[1099]/CE
-0.206	u_top/u_core/u_b/u_b_core/core/core/f45/g_narrow_read.rd_ptr_local_reg[3]/C	u_top/u_core/u_b/u_b_core/core/core/l5/gk.frontend/win/bank_gen[0].mem_reg_3/DIADI[31]
-0.205	u_top/u_core/u_b/u_b_core/core/core/shuffle/busy_reg/C	u_top/u_core/u_b/u_b_core/core/core/l5/gk.frontend/win/shift_reg[0][15]/R
-0.205	u_top/u_core/u_b/u_b_core/core/core/shuffle/busy_reg/C	u_top/u_core/u_b/u_b_core/core/core/l5/gk.frontend/win/shift_reg[0][238]/R
-0.205	u_top/u_core/u_b/u_b_core/core/core/l5/mac/mac/tree_stage[6].valid_q_reg[7]/C	u_top/u_core/u_b/u_b_core/core/core/l5/mac/mac/out_lane[2].mult_lane[17].operand_pipe.act_q_reg[1]/CE
-0.205	u_top/u_core/u_b/u_b_core/core/core/l5/mac/issue/out_phase_reg[0]_rep__2_replica/C	u_top/u_core/u_b/u_b_core/core/core/l5/mac/mac/out_lane[2].mult_lane[30].operand_pipe.act_q_reg[10]/D
-0.205	u_top/u_core/u_b/u_b_core/core/core/shuffle/busy_reg/C	u_top/u_core/u_b/u_b_core/core/core/l5/gk.frontend/win/shift_reg[22][126]/R
-0.205	u_top/u_core/u_b/u_b_core/core/core/shuffle/busy_reg/C	u_top/u_core/u_b/u_b_core/core/core/l5/gk.frontend/win/shift_reg[23][232]/R
-0.205	u_top/u_core/u_b/u_b_core/core/core/shuffle/busy_reg/C	u_top/u_core/u_b/u_b_core/core/core/l5/gk.frontend/win/shift_reg[23][253]/R
-0.205	u_top/u_core/u_b/u_b_core/core/core/l5/mac/issue/out_phase_reg[0]_rep__11/C	u_top/u_core/u_b/u_b_core/core/core/l5/mac/mac/out_lane[2].mult_lane[23].operand_pipe.act_q_reg[6]/D
-0.205	u_top/u_core/u_b/u_b_core/core/core/l5/gk.frontend/win/bank_gen[0].mem_reg_6/CLKARDCLK	u_top/u_core/u_b/u_b_core/core/core/l5/gk.frontend/win/shift_reg[14][229]/D
-0.205	u_top/u_core/u_b/u_b_core/core/core/l5/gk.frontend/fifo/wr_ptr_reg[0]_rep__5/C	u_top/u_core/u_b/u_b_core/core/core/l5/gk.frontend/fifo/g_wide_read.g_read_slice[6].mem_slice_reg_0_3_54_59/RAMA/WADR0
-0.205	u_top/u_core/u_b/u_b_core/core/core/l5/gk.frontend/fifo/wr_ptr_reg[0]_rep__5/C	u_top/u_core/u_b/u_b_core/core/core/l5/gk.frontend/fifo/g_wide_read.g_read_slice[6].mem_slice_reg_0_3_54_59/RAMA_D1/WADR0
-0.205	u_top/u_core/u_b/u_b_core/core/core/l5/gk.frontend/fifo/wr_ptr_reg[0]_rep__5/C	u_top/u_core/u_b/u_b_core/core/core/l5/gk.frontend/fifo/g_wide_read.g_read_slice[6].mem_slice_reg_0_3_54_59/RAMB/WADR0
-0.205	u_top/u_core/u_b/u_b_core/core/core/l5/gk.frontend/fifo/wr_ptr_reg[0]_rep__5/C	u_top/u_core/u_b/u_b_core/core/core/l5/gk.frontend/fifo/g_wide_read.g_read_slice[6].mem_slice_reg_0_3_54_59/RAMB_D1/WADR0
-0.205	u_top/u_core/u_b/u_b_core/core/core/l5/gk.frontend/fifo/wr_ptr_reg[0]_rep__5/C	u_top/u_core/u_b/u_b_core/core/core/l5/gk.frontend/fifo/g_wide_read.g_read_slice[6].mem_slice_reg_0_3_54_59/RAMC/WADR0
-0.205	u_top/u_core/u_b/u_b_core/core/core/l5/gk.frontend/fifo/wr_ptr_reg[0]_rep__5/C	u_top/u_core/u_b/u_b_core/core/core/l5/gk.frontend/fifo/g_wide_read.g_read_slice[6].mem_slice_reg_0_3_54_59/RAMC_D1/WADR0
-0.205	u_top/u_core/u_b/u_b_core/core/core/l5/gk.frontend/fifo/wr_ptr_reg[0]_rep__5/C	u_top/u_core/u_b/u_b_core/core/core/l5/gk.frontend/fifo/g_wide_read.g_read_slice[6].mem_slice_reg_0_3_54_59/RAMD/ADR0
-0.205	u_top/u_core/u_b/u_b_core/core/core/l5/gk.frontend/fifo/wr_ptr_reg[0]_rep__5/C	u_top/u_core/u_b/u_b_core/core/core/l5/gk.frontend/fifo/g_wide_read.g_read_slice[6].mem_slice_reg_0_3_54_59/RAMD_D1/ADR0
-0.205	u_top/u_core/u_b/u_b_core/core/core/shuffle/busy_reg/C	u_top/u_core/u_b/u_b_core/core/core/l5/gk.frontend/win/shift_reg[20][135]/R
-0.205	u_top/u_core/u_b/u_b_core/core/core/shuffle/busy_reg/C	u_top/u_core/u_b/u_b_core/core/core/l5/gk.frontend/win/shift_reg[21][162]/R
-0.204	u_top/u_core/u_b/u_b_core/core/core/l5/mac/issue/out_window_reg[1285]/C	u_top/u_core/u_b/u_b_core/core/core/l5/mac/mac/out_lane[3].mult_lane[5].operand_pipe.act_q_reg[5]/D
-0.204	u_top/u_core/u_b/u_b_core/core/core/l5/mac/issue/out_window_reg[5448]/C	u_top/u_core/u_b/u_b_core/core/core/l5/mac/mac/out_lane[3].mult_lane[21].operand_pipe.act_q_reg[8]/D
-0.204	u_top/u_core/u_b/u_b_core/core/core/shuffle/busy_reg/C	u_top/u_core/u_b/u_b_core/core/core/l5/gk.frontend/win/shift_reg[0][171]/R
-0.204	u_top/u_core/u_b/u_b_core/core/core/shuffle/busy_reg/C	u_top/u_core/u_b/u_b_core/core/core/l5/gk.frontend/win/shift_reg[0][172]/R
-0.204	u_top/u_core/u_b/u_b_core/core/core/shuffle/busy_reg/C	u_top/u_core/u_b/u_b_core/core/core/l5/gk.frontend/win/shift_reg[0][208]/R
-0.204	u_top/u_core/u_b/u_b_core/core/core/shuffle/busy_reg/C	u_top/u_core/u_b/u_b_core/core/core/l5/gk.frontend/win/shift_reg[1][164]/R
-0.204	u_top/u_core/u_b/u_b_core/core/core/shuffle/busy_reg/C	u_top/u_core/u_b/u_b_core/core/core/l5/gk.frontend/win/shift_reg[1][166]/R
-0.204	u_top/u_core/u_b/u_b_core/core/core/shuffle/busy_reg/C	u_top/u_core/u_b/u_b_core/core/core/l5/gk.frontend/win/shift_reg[1][167]/R
-0.204	u_top/u_core/u_b/u_b_core/core/core/shuffle/busy_reg/C	u_top/u_core/u_b/u_b_core/core/core/l5/gk.frontend/win/shift_reg[1][30]/R
-0.204	u_top/u_core/u_b/u_b_core/core/core/shuffle/busy_reg/C	u_top/u_core/u_b/u_b_core/core/core/l5/gk.frontend/win/shift_reg[1][70]/R
-0.204	u_top/u_core/u_b/u_b_core/core/core/shuffle/busy_reg/C	u_top/u_core/u_b/u_b_core/core/core/l5/gk.frontend/win/shift_reg[11][203]/R
-0.204	u_top/u_core/u_b/u_b_core/core/core/shuffle/busy_reg/C	u_top/u_core/u_b/u_b_core/core/core/l5/gk.frontend/win/shift_reg[11][2]/R
-0.204	u_top/u_core/u_b/u_b_core/core/core/shuffle/busy_reg/C	u_top/u_core/u_b/u_b_core/core/core/l5/gk.frontend/win/shift_reg[12][195]/R
-0.204	u_top/u_core/u_b/u_b_core/core/core/shuffle/busy_reg/C	u_top/u_core/u_b/u_b_core/core/core/l5/gk.frontend/win/shift_reg[12][210]/R
-0.204	u_top/u_core/u_b/u_b_core/core/core/shuffle/busy_reg/C	u_top/u_core/u_b/u_b_core/core/core/l5/gk.frontend/win/shift_reg[8][83]/R
-0.204	u_top/u_core/u_b/u_b_core/core/core/l5/mac/issue/out_window_reg[5448]/C	u_top/u_core/u_b/u_b_core/core/core/l5/mac/mac/out_lane[0].mult_lane[21].operand_pipe.act_q_reg[8]/D
-0.204	u_top/u_core/u_b/u_b_core/core/core/l5/mac/issue/out_window_reg[6310]/C	u_top/u_core/u_b/u_b_core/core/core/l5/mac/mac/out_lane[3].mult_lane[24].operand_pipe.act_q_reg[6]/D
-0.204	u_top/u_core/u_b/u_b_core/core/core/shuffle/busy_reg/C	u_top/u_core/u_b/u_b_core/core/core/l5/gk.frontend/win/shift_reg[20][136]/R
-0.204	u_top/u_core/u_b/u_b_core/core/core/shuffle/busy_reg/C	u_top/u_core/u_b/u_b_core/core/core/l5/gk.frontend/win/shift_reg[20][163]/R
-0.204	u_top/u_core/u_b/u_b_core/core/core/shuffle/busy_reg/C	u_top/u_core/u_b/u_b_core/core/core/l5/gk.frontend/win/shift_reg[20][6]/R
-0.204	u_top/u_core/u_b/u_b_core/core/core/l5/mac/issue/out_phase_reg[2]_rep__8/C	u_top/u_core/u_b/u_b_core/core/core/l5/mac/mac/out_lane[0].mult_lane[35].operand_pipe.act_q_reg[12]/D
-0.203	u_top/u_core/u_b/u_b_core/core/core/l5/mac/mac/tree_stage[6].valid_q_reg[7]/C	u_top/u_core/u_b/u_b_core/core/core/l5/mac/issue/out_window_reg[2962]/CE
-0.203	u_top/u_core/u_b/u_b_core/core/core/l5/mac/mac/tree_stage[6].valid_q_reg[7]/C	u_top/u_core/u_b/u_b_core/core/core/l5/mac/issue/out_window_reg[2963]/CE
-0.203	u_top/u_core/u_b/u_b_core/core/core/l5/mac/mac/tree_stage[6].valid_q_reg[7]/C	u_top/u_core/u_b/u_b_core/core/core/l5/mac/issue/out_window_reg[2964]/CE
-0.203	u_top/u_core/u_b/u_b_core/core/core/l5/mac/mac/tree_stage[6].valid_q_reg[7]/C	u_top/u_core/u_b/u_b_core/core/core/l5/mac/issue/out_window_reg[2965]/CE
-0.203	u_top/u_core/u_b/u_b_core/core/core/l5/mac/mac/tree_stage[6].valid_q_reg[7]/C	u_top/u_core/u_b/u_b_core/core/core/l5/mac/issue/out_window_reg[2966]/CE
-0.203	u_top/u_core/u_b/u_b_core/core/core/l5/mac/mac/tree_stage[6].valid_q_reg[7]/C	u_top/u_core/u_b/u_b_core/core/core/l5/mac/issue/out_window_reg[2967]/CE
-0.203	u_top/u_core/u_b/u_b_core/core/core/shuffle/busy_reg/C	u_top/u_core/u_b/u_b_core/core/core/l5/gk.frontend/win/shift_reg[22][9]/R
-0.203	u_top/u_core/u_b/u_b_core/core/core/l5/mac/issue/out_window_reg[5509]/C	u_top/u_core/u_b/u_b_core/core/core/l5/mac/mac/out_lane[3].mult_lane[21].operand_pipe.act_q_reg[5]/D
-0.203	u_top/u_core/u_b/u_b_core/core/core/l5/gk.frontend/win/row_mod_d_reg[1]_rep__2/C	u_top/u_core/u_b/u_b_core/core/core/l5/gk.frontend/win/shift_reg[4][17]/D
-0.203	u_top/u_core/u_b/u_b_core/core/core/l5/gk.frontend/win/row_mod_d_reg[0]_rep__3/C	u_top/u_core/u_b/u_b_core/core/core/l5/gk.frontend/win/shift_reg[4][83]/D
-0.202	u_top/u_core/u_b/u_b_core/core/core/l5/mac/mac/tree_stage[6].valid_q_reg[7]/C	u_top/u_core/u_b/u_b_core/core/core/l5/mac/issue/out_window_reg[3312]/CE
-0.202	u_top/u_core/u_b/u_b_core/core/core/l5/mac/mac/tree_stage[6].valid_q_reg[7]/C	u_top/u_core/u_b/u_b_core/core/core/l5/mac/issue/out_window_reg[3313]/CE
-0.202	u_top/u_core/u_b/u_b_core/core/core/l5/mac/mac/tree_stage[6].valid_q_reg[7]/C	u_top/u_core/u_b/u_b_core/core/core/l5/mac/issue/out_window_reg[3314]/CE
-0.202	u_top/u_core/u_b/u_b_core/core/core/l5/mac/mac/tree_stage[6].valid_q_reg[7]/C	u_top/u_core/u_b/u_b_core/core/core/l5/mac/issue/out_window_reg[3315]/CE
-0.202	u_top/u_core/u_b/u_b_core/core/core/l5/mac/mac/tree_stage[6].valid_q_reg[7]/C	u_top/u_core/u_b/u_b_core/core/core/l5/mac/issue/out_window_reg[3316]/CE
-0.202	u_top/u_core/u_b/u_b_core/core/core/l5/mac/mac/tree_stage[6].valid_q_reg[7]/C	u_top/u_core/u_b/u_b_core/core/core/l5/mac/issue/out_window_reg[3317]/CE
-0.202	u_top/u_core/u_b/u_b_core/core/core/l5/gk.frontend/win/row_mod_d_reg[0]_rep__3/C	u_top/u_core/u_b/u_b_core/core/core/l5/gk.frontend/win/shift_reg[14][99]/D
-0.202	u_top/u_core/u_b/u_b_core/core/core/l5/mac/issue/out_phase_reg[0]_rep__3/C	u_top/u_core/u_b/u_b_core/core/core/l5/mac/mac/out_lane[2].mult_lane[8].operand_pipe.act_q_reg[13]/D
-0.202	u_top/u_core/u_b/u_b_core/core/core/l5/mac/mac/tree_stage[6].valid_q_reg[7]/C	u_top/u_core/u_b/u_b_core/core/core/l5/mac/issue/out_window_reg[1182]/CE
-0.202	u_top/u_core/u_b/u_b_core/core/core/l5/mac/mac/tree_stage[6].valid_q_reg[7]/C	u_top/u_core/u_b/u_b_core/core/core/l5/mac/issue/out_window_reg[1183]/CE
-0.202	u_top/u_core/u_b/u_b_core/core/core/l5/mac/mac/tree_stage[6].valid_q_reg[7]/C	u_top/u_core/u_b/u_b_core/core/core/l5/mac/issue/out_window_reg[1184]/CE
-0.202	u_top/u_core/u_b/u_b_core/core/core/l5/mac/mac/tree_stage[6].valid_q_reg[7]/C	u_top/u_core/u_b/u_b_core/core/core/l5/mac/issue/out_window_reg[1185]/CE
-0.202	u_top/u_core/u_b/u_b_core/core/core/l5/mac/mac/tree_stage[6].valid_q_reg[7]/C	u_top/u_core/u_b/u_b_core/core/core/l5/mac/issue/out_window_reg[1186]/CE
-0.202	u_top/u_core/u_b/u_b_core/core/core/l5/mac/mac/tree_stage[6].valid_q_reg[7]/C	u_top/u_core/u_b/u_b_core/core/core/l5/mac/issue/out_window_reg[1187]/CE
-0.202	u_top/u_core/u_b/u_b_core/core/core/l5/mac/mac/tree_stage[6].valid_q_reg[7]/C	u_top/u_core/u_b/u_b_core/core/core/l5/mac/issue/out_window_reg[1916]/CE
-0.202	u_top/u_core/u_b/u_b_core/core/core/l5/mac/mac/tree_stage[6].valid_q_reg[7]/C	u_top/u_core/u_b/u_b_core/core/core/l5/mac/issue/out_window_reg[1917]/CE
-0.202	u_top/u_core/u_b/u_b_core/core/core/l5/mac/mac/tree_stage[6].valid_q_reg[7]/C	u_top/u_core/u_b/u_b_core/core/core/l5/mac/issue/out_window_reg[1918]/CE
-0.202	u_top/u_core/u_b/u_b_core/core/core/l5/mac/mac/tree_stage[6].valid_q_reg[7]/C	u_top/u_core/u_b/u_b_core/core/core/l5/mac/issue/out_window_reg[1919]/CE
-0.202	u_top/u_core/u_b/u_b_core/core/core/l5/mac/mac/tree_stage[6].valid_q_reg[7]/C	u_top/u_core/u_b/u_b_core/core/core/l5/mac/issue/out_window_reg[1164]/CE
-0.202	u_top/u_core/u_b/u_b_core/core/core/l5/mac/mac/tree_stage[6].valid_q_reg[7]/C	u_top/u_core/u_b/u_b_core/core/core/l5/mac/issue/out_window_reg[1165]/CE
-0.202	u_top/u_core/u_b/u_b_core/core/core/l5/mac/mac/tree_stage[6].valid_q_reg[7]/C	u_top/u_core/u_b/u_b_core/core/core/l5/mac/issue/out_window_reg[1166]/CE
-0.202	u_top/u_core/u_b/u_b_core/core/core/l5/mac/mac/tree_stage[6].valid_q_reg[7]/C	u_top/u_core/u_b/u_b_core/core/core/l5/mac/issue/out_window_reg[1167]/CE
-0.202	u_top/u_core/u_b/u_b_core/core/core/l5/mac/mac/tree_stage[6].valid_q_reg[7]/C	u_top/u_core/u_b/u_b_core/core/core/l5/mac/issue/out_window_reg[1168]/CE
-0.202	u_top/u_core/u_b/u_b_core/core/core/l5/mac/mac/tree_stage[6].valid_q_reg[7]/C	u_top/u_core/u_b/u_b_core/core/core/l5/mac/issue/out_window_reg[1169]/CE
-0.202	u_top/u_core/u_b/u_b_core/core/core/l5/gk.frontend/fifo/wr_ptr_reg[0]_rep__1/C	u_top/u_core/u_b/u_b_core/core/core/l5/gk.frontend/fifo/g_wide_read.g_read_slice[53].mem_slice_reg_0_3_36_41/RAMA/WADR0
-0.202	u_top/u_core/u_b/u_b_core/core/core/l5/gk.frontend/fifo/wr_ptr_reg[0]_rep__1/C	u_top/u_core/u_b/u_b_core/core/core/l5/gk.frontend/fifo/g_wide_read.g_read_slice[53].mem_slice_reg_0_3_36_41/RAMA_D1/WADR0
-0.202	u_top/u_core/u_b/u_b_core/core/core/l5/gk.frontend/fifo/wr_ptr_reg[0]_rep__1/C	u_top/u_core/u_b/u_b_core/core/core/l5/gk.frontend/fifo/g_wide_read.g_read_slice[53].mem_slice_reg_0_3_36_41/RAMB/WADR0
-0.202	u_top/u_core/u_b/u_b_core/core/core/l5/gk.frontend/fifo/wr_ptr_reg[0]_rep__1/C	u_top/u_core/u_b/u_b_core/core/core/l5/gk.frontend/fifo/g_wide_read.g_read_slice[53].mem_slice_reg_0_3_36_41/RAMB_D1/WADR0
-0.202	u_top/u_core/u_b/u_b_core/core/core/l5/gk.frontend/fifo/wr_ptr_reg[0]_rep__1/C	u_top/u_core/u_b/u_b_core/core/core/l5/gk.frontend/fifo/g_wide_read.g_read_slice[53].mem_slice_reg_0_3_36_41/RAMC/WADR0
-0.202	u_top/u_core/u_b/u_b_core/core/core/l5/gk.frontend/fifo/wr_ptr_reg[0]_rep__1/C	u_top/u_core/u_b/u_b_core/core/core/l5/gk.frontend/fifo/g_wide_read.g_read_slice[53].mem_slice_reg_0_3_36_41/RAMC_D1/WADR0
-0.202	u_top/u_core/u_b/u_b_core/core/core/l5/gk.frontend/fifo/wr_ptr_reg[0]_rep__1/C	u_top/u_core/u_b/u_b_core/core/core/l5/gk.frontend/fifo/g_wide_read.g_read_slice[53].mem_slice_reg_0_3_36_41/RAMD/ADR0
-0.202	u_top/u_core/u_b/u_b_core/core/core/l5/gk.frontend/fifo/wr_ptr_reg[0]_rep__1/C	u_top/u_core/u_b/u_b_core/core/core/l5/gk.frontend/fifo/g_wide_read.g_read_slice[53].mem_slice_reg_0_3_36_41/RAMD_D1/ADR0
-0.202	u_top/u_core/u_b/u_b_core/core/core/l5/mac/issue/out_window_reg[5509]/C	u_top/u_core/u_b/u_b_core/core/core/l5/mac/mac/out_lane[1].mult_lane[21].operand_pipe.act_q_reg[5]/D
-0.201	u_top/u_core/u_b/u_b_core/core/core/l5/mac/mac/tree_stage[6].valid_q_reg[7]/C	u_top/u_core/u_b/u_b_core/core/core/l5/mac/issue/out_window_reg[3032]/CE
-0.201	u_top/u_core/u_b/u_b_core/core/core/l5/mac/mac/tree_stage[6].valid_q_reg[7]/C	u_top/u_core/u_b/u_b_core/core/core/l5/mac/issue/out_window_reg[3033]/CE
-0.201	u_top/u_core/u_b/u_b_core/core/core/l5/mac/mac/tree_stage[6].valid_q_reg[7]/C	u_top/u_core/u_b/u_b_core/core/core/l5/mac/issue/out_window_reg[3034]/CE
-0.201	u_top/u_core/u_b/u_b_core/core/core/l5/mac/mac/tree_stage[6].valid_q_reg[7]/C	u_top/u_core/u_b/u_b_core/core/core/l5/mac/issue/out_window_reg[3035]/CE
-0.201	u_top/u_core/u_b/u_b_core/core/core/l5/mac/mac/tree_stage[6].valid_q_reg[7]/C	u_top/u_core/u_b/u_b_core/core/core/l5/mac/issue/out_window_reg[3036]/CE
-0.201	u_top/u_core/u_b/u_b_core/core/core/l5/mac/mac/tree_stage[6].valid_q_reg[7]/C	u_top/u_core/u_b/u_b_core/core/core/l5/mac/issue/out_window_reg[3037]/CE
-0.201	u_top/u_core/u_b/u_b_core/core/core/shuffle/busy_reg/C	u_top/u_core/u_b/u_b_core/core/core/l5/gk.frontend/win/shift_reg[17][199]/R
-0.201	u_top/u_core/u_b/u_b_core/core/core/shuffle/busy_reg/C	u_top/u_core/u_b/u_b_core/core/core/l5/gk.frontend/win/shift_reg[21][126]/R
-0.201	u_top/u_core/u_b/u_b_core/core/core/l5/mac/issue/out_phase_reg[1]_rep/C	u_top/u_core/u_b/u_b_core/core/core/l5/mac/mac/out_lane[3].mult_lane[31].operand_pipe.weight_q_reg[0]/D
-0.201	u_top/u_core/u_b/u_b_core/core/core/l5/mac/issue/out_phase_reg[2]_rep__5/C	u_top/u_core/u_b/u_b_core/core/core/l5/mac/mac/out_lane[3].mult_lane[30].operand_pipe.act_q_reg[0]/D
-0.201	u_top/u_core/u_b/u_b_core/core/core/f45/g_narrow_read.rd_ptr_local_reg[1]/C	u_top/u_core/u_b/u_b_core/core/core/l5/gk.frontend/win/bank_gen[3].mem_reg_1/DIADI[3]
-0.201	u_top/u_core/u_b/u_b_core/core/core/shuffle/busy_reg/C	u_top/u_core/u_b/u_b_core/core/core/l5/gk.frontend/win/shift_reg[10][163]/R
-0.201	u_top/u_core/u_b/u_b_core/core/core/shuffle/busy_reg/C	u_top/u_core/u_b/u_b_core/core/core/l5/gk.frontend/win/shift_reg[10][18]/R
-0.201	u_top/u_core/u_b/u_b_core/core/core/shuffle/busy_reg/C	u_top/u_core/u_b/u_b_core/core/core/l5/gk.frontend/win/shift_reg[10][216]/R
-0.201	u_top/u_core/u_b/u_b_core/core/core/shuffle/busy_reg/C	u_top/u_core/u_b/u_b_core/core/core/l5/gk.frontend/win/shift_reg[10][96]/R
-0.201	u_top/u_core/u_b/u_b_core/core/core/l5/mac/mac/tree_stage[6].valid_q_reg[7]/C	u_top/u_core/u_b/u_b_core/core/core/l5/mac/issue/out_window_reg[3788]/CE
-0.201	u_top/u_core/u_b/u_b_core/core/core/l5/mac/mac/tree_stage[6].valid_q_reg[7]/C	u_top/u_core/u_b/u_b_core/core/core/l5/mac/issue/out_window_reg[3789]/CE
-0.201	u_top/u_core/u_b/u_b_core/core/core/l5/mac/mac/tree_stage[6].valid_q_reg[7]/C	u_top/u_core/u_b/u_b_core/core/core/l5/mac/issue/out_window_reg[3790]/CE
-0.201	u_top/u_core/u_b/u_b_core/core/core/l5/mac/mac/tree_stage[6].valid_q_reg[7]/C	u_top/u_core/u_b/u_b_core/core/core/l5/mac/issue/out_window_reg[3791]/CE
-0.201	u_top/u_core/u_b/u_b_core/core/core/l5/mac/mac/tree_stage[6].valid_q_reg[7]/C	u_top/u_core/u_b/u_b_core/core/core/l5/mac/issue/out_window_reg[3792]/CE
-0.201	u_top/u_core/u_b/u_b_core/core/core/l5/mac/mac/tree_stage[6].valid_q_reg[7]/C	u_top/u_core/u_b/u_b_core/core/core/l5/mac/issue/out_window_reg[3793]/CE
-0.200	u_top/u_core/u_b/u_b_core/core/core/l5/mac/issue/out_phase_reg[1]_rep__10/C	u_top/u_core/u_b/u_b_core/core/core/l5/mac/mac/out_lane[2].mult_lane[35].operand_pipe.act_q_reg[7]/D
-0.200	u_top/u_core/u_b/u_b_core/core/core/l5/mac/mac/tree_stage[6].valid_q_reg[7]/C	u_top/u_core/u_b/u_b_core/core/core/l5/mac/issue/out_window_reg[2044]/CE
-0.200	u_top/u_core/u_b/u_b_core/core/core/l5/mac/mac/tree_stage[6].valid_q_reg[7]/C	u_top/u_core/u_b/u_b_core/core/core/l5/mac/issue/out_window_reg[2045]/CE
-0.200	u_top/u_core/u_b/u_b_core/core/core/l5/mac/mac/tree_stage[6].valid_q_reg[7]/C	u_top/u_core/u_b/u_b_core/core/core/l5/mac/issue/out_window_reg[2046]/CE
-0.200	u_top/u_core/u_b/u_b_core/core/core/l5/mac/mac/tree_stage[6].valid_q_reg[7]/C	u_top/u_core/u_b/u_b_core/core/core/l5/mac/issue/out_window_reg[2047]/CE
-0.200	u_top/u_core/u_b/u_b_core/core/core/l5/mac/issue/out_phase_reg[2]_replica_1/C	u_top/u_core/u_b/u_b_core/core/core/l5/mac/mac/out_lane[3].mult_lane[4].operand_pipe.act_q_reg[6]/D
-0.200	u_top/u_core/u_b/u_b_core/core/core/l5/mac/mac/tree_stage[6].valid_q_reg[7]/C	u_top/u_core/u_b/u_b_core/core/core/l5/mac/mac/out_lane[1].mult_lane[20].operand_pipe.weight_q_reg[2]/CE
-0.200	u_top/u_core/u_b/u_b_core/core/core/l5/gk.frontend/win/row_mod_d_reg[0]_rep__3/C	u_top/u_core/u_b/u_b_core/core/core/l5/gk.frontend/win/shift_reg[4][81]/D
-0.200	u_top/u_core/u_b/u_b_core/core/core/l5/mac/mac/tree_stage[6].valid_q_reg[7]/C	u_top/u_core/u_b/u_b_core/core/core/l5/mac/mac/out_lane[0].mult_lane[20].operand_pipe.weight_q_reg[4]/R
-0.200	u_top/u_core/u_b/u_b_core/core/core/l5/mac/mac/tree_stage[6].valid_q_reg[7]/C	u_top/u_core/u_b/u_b_core/core/core/l5/mac/mac/out_lane[0].mult_lane[20].operand_pipe.weight_q_reg[6]/R
-0.200	u_top/u_core/u_b/u_b_core/core/core/l5/gk.frontend/fifo/g_wide_read.g_read_slice[51].rd_ptr_local_reg[1]/C	u_top/u_core/u_b/u_b_core/core/core/l5/mac/issue/out_window_reg[3293]/D
-0.199	u_top/u_core/u_b/u_b_core/core/core/l5/mac/issue/out_phase_reg[1]_rep__8_replica/C	u_top/u_core/u_b/u_b_core/core/core/l5/mac/mac/out_lane[3].mult_lane[7].operand_pipe.act_q_reg[0]/D
-0.199	u_top/u_core/u_b/u_b_core/core/core/l5/mac/mac/tree_stage[6].valid_q_reg[7]/C	u_top/u_core/u_b/u_b_core/core/core/l5/mac/mac/out_lane[2].mult_lane[22].operand_pipe.act_q_reg[9]/CE
-0.199	u_top/u_core/u_b/u_b_core/core/core/l5/mac/mac/tree_stage[6].valid_q_reg[7]/C	u_top/u_core/u_b/u_b_core/core/core/l5/mac/issue/out_window_reg[3184]/CE
-0.199	u_top/u_core/u_b/u_b_core/core/core/l5/mac/mac/tree_stage[6].valid_q_reg[7]/C	u_top/u_core/u_b/u_b_core/core/core/l5/mac/issue/out_window_reg[3185]/CE
-0.199	u_top/u_core/u_b/u_b_core/core/core/l5/mac/mac/tree_stage[6].valid_q_reg[7]/C	u_top/u_core/u_b/u_b_core/core/core/l5/mac/issue/out_window_reg[3186]/CE
-0.199	u_top/u_core/u_b/u_b_core/core/core/l5/mac/mac/tree_stage[6].valid_q_reg[7]/C	u_top/u_core/u_b/u_b_core/core/core/l5/mac/issue/out_window_reg[3187]/CE
-0.199	u_top/u_core/u_b/u_b_core/core/core/l5/mac/mac/tree_stage[6].valid_q_reg[7]/C	u_top/u_core/u_b/u_b_core/core/core/l5/mac/issue/out_window_reg[3188]/CE
-0.199	u_top/u_core/u_b/u_b_core/core/core/l5/mac/mac/tree_stage[6].valid_q_reg[7]/C	u_top/u_core/u_b/u_b_core/core/core/l5/mac/issue/out_window_reg[3189]/CE
-0.199	u_top/u_core/u_b/u_b_core/core/core/l5/mac/issue/out_phase_reg[0]_rep__15/C	u_top/u_core/u_b/u_b_core/core/core/l5/mac/mac/out_lane[2].mult_lane[25].operand_pipe.weight_q_reg[6]/D
-0.199	u_top/u_core/u_b/u_b_core/core/core/shuffle/busy_reg/C	u_top/u_core/u_b/u_b_core/core/core/l5/gk.frontend/win/shift_reg[0][111]/R
-0.199	u_top/u_core/u_b/u_b_core/core/core/shuffle/busy_reg/C	u_top/u_core/u_b/u_b_core/core/core/l5/gk.frontend/win/shift_reg[0][137]/R
-0.199	u_top/u_core/u_b/u_b_core/core/core/shuffle/busy_reg/C	u_top/u_core/u_b/u_b_core/core/core/l5/gk.frontend/win/shift_reg[0][74]/R
-0.199	u_top/u_core/u_b/u_b_core/core/core/shuffle/busy_reg/C	u_top/u_core/u_b/u_b_core/core/core/l5/gk.frontend/win/shift_reg[0][8]/R
-0.199	u_top/u_core/u_b/u_b_core/core/core/shuffle/busy_reg/C	u_top/u_core/u_b/u_b_core/core/core/l5/gk.frontend/win/shift_reg[1][17]/R
-0.199	u_top/u_core/u_b/u_b_core/core/core/shuffle/busy_reg/C	u_top/u_core/u_b/u_b_core/core/core/l5/gk.frontend/win/shift_reg[22][29]/R
-0.199	u_top/u_core/u_b/u_b_core/core/core/l5/gk.frontend/fifo/wr_ptr_reg[0]/C	u_top/u_core/u_b/u_b_core/core/core/l5/gk.frontend/fifo/g_wide_read.g_read_slice[88].mem_slice_reg_0_3_18_23/RAMA/WADR0
-0.199	u_top/u_core/u_b/u_b_core/core/core/l5/gk.frontend/fifo/wr_ptr_reg[0]/C	u_top/u_core/u_b/u_b_core/core/core/l5/gk.frontend/fifo/g_wide_read.g_read_slice[88].mem_slice_reg_0_3_18_23/RAMA_D1/WADR0
-0.199	u_top/u_core/u_b/u_b_core/core/core/l5/gk.frontend/fifo/wr_ptr_reg[0]/C	u_top/u_core/u_b/u_b_core/core/core/l5/gk.frontend/fifo/g_wide_read.g_read_slice[88].mem_slice_reg_0_3_18_23/RAMB/WADR0
-0.199	u_top/u_core/u_b/u_b_core/core/core/l5/gk.frontend/fifo/wr_ptr_reg[0]/C	u_top/u_core/u_b/u_b_core/core/core/l5/gk.frontend/fifo/g_wide_read.g_read_slice[88].mem_slice_reg_0_3_18_23/RAMB_D1/WADR0
-0.199	u_top/u_core/u_b/u_b_core/core/core/l5/gk.frontend/fifo/wr_ptr_reg[0]/C	u_top/u_core/u_b/u_b_core/core/core/l5/gk.frontend/fifo/g_wide_read.g_read_slice[88].mem_slice_reg_0_3_18_23/RAMC/WADR0
-0.199	u_top/u_core/u_b/u_b_core/core/core/l5/gk.frontend/fifo/wr_ptr_reg[0]/C	u_top/u_core/u_b/u_b_core/core/core/l5/gk.frontend/fifo/g_wide_read.g_read_slice[88].mem_slice_reg_0_3_18_23/RAMC_D1/WADR0
-0.199	u_top/u_core/u_b/u_b_core/core/core/l5/gk.frontend/fifo/wr_ptr_reg[0]/C	u_top/u_core/u_b/u_b_core/core/core/l5/gk.frontend/fifo/g_wide_read.g_read_slice[88].mem_slice_reg_0_3_18_23/RAMD/ADR0
-0.199	u_top/u_core/u_b/u_b_core/core/core/l5/gk.frontend/fifo/wr_ptr_reg[0]/C	u_top/u_core/u_b/u_b_core/core/core/l5/gk.frontend/fifo/g_wide_read.g_read_slice[88].mem_slice_reg_0_3_18_23/RAMD_D1/ADR0
-0.199	u_top/u_core/u_b/u_b_core/core/core/f45/g_narrow_read.rd_ptr_local_reg[3]/C	u_top/u_core/u_b/u_b_core/core/core/l5/gk.frontend/win/bank_gen[1].mem_reg_6/DIADI[5]
-0.199	u_top/u_core/u_b/u_b_core/core/core/l5/mac/issue/out_phase_reg[2]_rep__6/C	u_top/u_core/u_b/u_b_core/core/core/l5/mac/mac/out_lane[0].mult_lane[48].operand_pipe.act_q_reg[12]/D
-0.198	u_top/u_core/u_b/u_b_core/core/core/shuffle/busy_reg/C	u_top/u_core/u_b/u_b_core/core/core/l5/gk.frontend/win/shift_reg[15][180]/R
-0.198	u_top/u_core/u_b/u_b_core/core/core/shuffle/busy_reg/C	u_top/u_core/u_b/u_b_core/core/core/l5/gk.frontend/win/shift_reg[16][128]/R
-0.198	u_top/u_core/u_b/u_b_core/core/core/shuffle/busy_reg/C	u_top/u_core/u_b/u_b_core/core/core/l5/gk.frontend/win/shift_reg[20][46]/R
-0.198	u_top/u_core/u_b/u_b_core/core/core/shuffle/busy_reg/C	u_top/u_core/u_b/u_b_core/core/core/l5/gk.frontend/win/shift_reg[21][169]/R
-0.198	u_top/u_core/u_b/u_b_core/core/core/shuffle/busy_reg/C	u_top/u_core/u_b/u_b_core/core/core/l5/gk.frontend/win/shift_reg[21][28]/R
-0.198	u_top/u_core/u_b/u_b_core/core/core/shuffle/busy_reg/C	u_top/u_core/u_b/u_b_core/core/core/l5/gk.frontend/win/shift_reg[21][4]/R
-0.198	u_top/u_core/u_b/u_b_core/core/core/shuffle/busy_reg/C	u_top/u_core/u_b/u_b_core/core/core/l5/gk.frontend/win/shift_reg[21][92]/R
-0.198	u_top/u_core/u_b/u_b_core/core/core/shuffle/busy_reg/C	u_top/u_core/u_b/u_b_core/core/core/l5/gk.frontend/win/shift_reg[22][132]/R
-0.198	u_top/u_core/u_b/u_b_core/core/core/shuffle/busy_reg/C	u_top/u_core/u_b/u_b_core/core/core/l5/gk.frontend/win/shift_reg[11][54]/R
-0.198	u_top/u_core/u_b/u_b_core/core/core/l5/gk.frontend/win/bank_gen[0].mem_reg_3/CLKARDCLK	u_top/u_core/u_b/u_b_core/core/core/l5/gk.frontend/win/shift_reg[14][135]/D
-0.198	u_top/u_core/u_b/u_b_core/core/core/l5/gk.frontend/pad/interior_x_reg/C	u_top/u_core/u_b/u_b_core/core/core/l5/gk.frontend/win/bank_gen[0].mem_reg_3/DIADI[9]
-0.198	u_top/u_core/u_b/u_b_core/core/core/l5/mac/issue/out_phase_reg[0]_rep__10/C	u_top/u_core/u_b/u_b_core/core/core/l5/mac/mac/out_lane[3].mult_lane[21].operand_pipe.act_q_reg[15]/D
-0.198	u_top/u_core/u_b/u_b_core/core/core/l5/gk.frontend/fifo/g_wide_read.g_read_slice[53].rd_ptr_local_reg[1]/C	u_top/u_core/u_b/u_b_core/core/core/l5/mac/issue/out_window_reg[3434]/D
-0.198	u_top/u_core/u_b/u_b_core/core/core/shuffle/busy_reg/C	u_top/u_core/u_b/u_b_core/core/core/l5/gk.frontend/win/shift_reg[15][142]/R
-0.198	u_top/u_core/u_b/u_b_core/core/core/l5/mac/mac/tree_stage[6].valid_q_reg[7]/C	u_top/u_core/u_b/u_b_core/core/core/l5/mac/mac/out_lane[1].mult_lane[21].operand_pipe.weight_q_reg[5]/S
-0.198	u_top/u_core/u_b/u_b_core/core/core/l5/mac/mac/tree_stage[6].valid_q_reg[7]/C	u_top/u_core/u_b/u_b_core/core/core/l5/mac/mac/out_lane[1].mult_lane[21].operand_pipe.weight_q_reg[6]/S
-0.198	u_top/u_core/u_b/u_b_core/core/core/l5/mac/mac/tree_stage[6].valid_q_reg[7]/C	u_top/u_core/u_b/u_b_core/core/core/l5/mac/mac/out_lane[1].mult_lane[21].operand_pipe.weight_q_reg[7]/S
-0.197	u_top/u_core/u_b/u_b_core/core/core/l5/mac/issue/out_phase_reg[1]_rep__12/C	u_top/u_core/u_b/u_b_core/core/core/l5/mac/mac/out_lane[2].mult_lane[46].operand_pipe.act_q_reg[15]/D
-0.197	u_top/u_core/u_b/u_b_core/core/core/l5/gk.frontend/win/bank_gen[2].mem_reg_0/CLKARDCLK	u_top/u_core/u_b/u_b_core/core/core/l5/gk.frontend/win/shift_reg[9][1]/D
-0.197	u_top/u_core/u_b/u_b_core/core/core/l5/gk.frontend/win/row_mod_d_reg[1]_rep__4/C	u_top/u_core/u_b/u_b_core/core/core/l5/gk.frontend/win/shift_reg[4][186]/D
-0.197	u_top/u_core/u_b/u_b_core/core/core/l5/gk.frontend/fifo/wr_ptr_reg[1]/C	u_top/u_core/u_b/u_b_core/core/core/l5/gk.frontend/fifo/g_wide_read.g_read_slice[91].mem_slice_reg_0_3_48_53/RAMA/WADR1
-0.197	u_top/u_core/u_b/u_b_core/core/core/l5/gk.frontend/fifo/wr_ptr_reg[1]/C	u_top/u_core/u_b/u_b_core/core/core/l5/gk.frontend/fifo/g_wide_read.g_read_slice[91].mem_slice_reg_0_3_48_53/RAMA_D1/WADR1
-0.197	u_top/u_core/u_b/u_b_core/core/core/l5/gk.frontend/fifo/wr_ptr_reg[1]/C	u_top/u_core/u_b/u_b_core/core/core/l5/gk.frontend/fifo/g_wide_read.g_read_slice[91].mem_slice_reg_0_3_48_53/RAMB/WADR1
-0.197	u_top/u_core/u_b/u_b_core/core/core/l5/gk.frontend/fifo/wr_ptr_reg[1]/C	u_top/u_core/u_b/u_b_core/core/core/l5/gk.frontend/fifo/g_wide_read.g_read_slice[91].mem_slice_reg_0_3_48_53/RAMB_D1/WADR1
-0.197	u_top/u_core/u_b/u_b_core/core/core/l5/gk.frontend/fifo/wr_ptr_reg[1]/C	u_top/u_core/u_b/u_b_core/core/core/l5/gk.frontend/fifo/g_wide_read.g_read_slice[91].mem_slice_reg_0_3_48_53/RAMC/WADR1
-0.197	u_top/u_core/u_b/u_b_core/core/core/l5/gk.frontend/fifo/wr_ptr_reg[1]/C	u_top/u_core/u_b/u_b_core/core/core/l5/gk.frontend/fifo/g_wide_read.g_read_slice[91].mem_slice_reg_0_3_48_53/RAMC_D1/WADR1
-0.197	u_top/u_core/u_b/u_b_core/core/core/l5/gk.frontend/fifo/wr_ptr_reg[1]/C	u_top/u_core/u_b/u_b_core/core/core/l5/gk.frontend/fifo/g_wide_read.g_read_slice[91].mem_slice_reg_0_3_48_53/RAMD/ADR1
-0.197	u_top/u_core/u_b/u_b_core/core/core/l5/gk.frontend/fifo/wr_ptr_reg[1]/C	u_top/u_core/u_b/u_b_core/core/core/l5/gk.frontend/fifo/g_wide_read.g_read_slice[91].mem_slice_reg_0_3_48_53/RAMD_D1/ADR1
-0.197	u_top/u_core/u_b/u_b_core/core/core/l5/mac/mac/tree_stage[6].valid_q_reg[7]/C	u_top/u_core/u_b/u_b_core/core/core/l5/mac/issue/out_window_reg[1054]/CE
-0.197	u_top/u_core/u_b/u_b_core/core/core/l5/mac/mac/tree_stage[6].valid_q_reg[7]/C	u_top/u_core/u_b/u_b_core/core/core/l5/mac/issue/out_window_reg[1055]/CE
-0.197	u_top/u_core/u_b/u_b_core/core/core/l5/mac/mac/tree_stage[6].valid_q_reg[7]/C	u_top/u_core/u_b/u_b_core/core/core/l5/mac/issue/out_window_reg[1056]/CE
-0.197	u_top/u_core/u_b/u_b_core/core/core/l5/mac/mac/tree_stage[6].valid_q_reg[7]/C	u_top/u_core/u_b/u_b_core/core/core/l5/mac/issue/out_window_reg[1057]/CE
-0.197	u_top/u_core/u_b/u_b_core/core/core/l5/mac/mac/tree_stage[6].valid_q_reg[7]/C	u_top/u_core/u_b/u_b_core/core/core/l5/mac/issue/out_window_reg[1058]/CE
-0.197	u_top/u_core/u_b/u_b_core/core/core/l5/mac/mac/tree_stage[6].valid_q_reg[7]/C	u_top/u_core/u_b/u_b_core/core/core/l5/mac/issue/out_window_reg[1059]/CE
-0.197	u_top/u_core/u_b/u_b_core/core/core/l5/gk.frontend/pad/interior_x_reg/C	u_top/u_core/u_b/u_b_core/core/core/l5/gk.frontend/win/bank_gen[0].mem_reg_2/DIADI[17]
-0.197	u_top/u_core/u_ctrl/start_b_reg/C	u_top/u_core/u_in/req_addr_q_reg[7]_rep__4/CE
-0.196	u_top/u_core/u_b/u_b_core/core/core/l5/mac/issue/out_phase_reg[2]_rep__3/C	u_top/u_core/u_b/u_b_core/core/core/l5/mac/mac/out_lane[2].mult_lane[16].operand_pipe.act_q_reg[0]/D
-0.196	u_top/u_core/u_b/u_b_core/core/core/l5/gk.frontend/win/row_mod_d_reg[1]_rep__1/C	u_top/u_core/u_b/u_b_core/core/core/l5/gk.frontend/win/shift_reg[9][201]/D
-0.196	u_top/u_core/u_b/u_b_core/core/core/l5/gk.frontend/win/shift_reg[17][97]/C	u_top/u_core/u_b/u_b_core/core/core/l5/gk.frontend/fifo/g_wide_read.g_read_slice[69].mem_slice_reg_0_3_30_35/RAMB_D1/I
-0.196	u_top/u_core/u_b/u_b_core/core/core/shuffle/busy_reg/C	u_top/u_core/u_b/u_b_core/core/core/l5/gk.frontend/win/shift_reg[0][115]/R
-0.196	u_top/u_core/u_b/u_b_core/core/core/shuffle/busy_reg/C	u_top/u_core/u_b/u_b_core/core/core/l5/gk.frontend/win/shift_reg[0][141]/R
-0.196	u_top/u_core/u_b/u_b_core/core/core/shuffle/busy_reg/C	u_top/u_core/u_b/u_b_core/core/core/l5/gk.frontend/win/shift_reg[0][166]/R
-0.196	u_top/u_core/u_b/u_b_core/core/core/shuffle/busy_reg/C	u_top/u_core/u_b/u_b_core/core/core/l5/gk.frontend/win/shift_reg[0][167]/R
-0.196	u_top/u_core/u_b/u_b_core/core/core/shuffle/busy_reg/C	u_top/u_core/u_b/u_b_core/core/core/l5/gk.frontend/win/shift_reg[0][173]/R
-0.196	u_top/u_core/u_b/u_b_core/core/core/shuffle/busy_reg/C	u_top/u_core/u_b/u_b_core/core/core/l5/gk.frontend/win/shift_reg[0][198]/R
-0.196	u_top/u_core/u_b/u_b_core/core/core/shuffle/busy_reg/C	u_top/u_core/u_b/u_b_core/core/core/l5/gk.frontend/win/shift_reg[0][75]/R
-0.196	u_top/u_core/u_b/u_b_core/core/core/shuffle/busy_reg/C	u_top/u_core/u_b/u_b_core/core/core/l5/gk.frontend/win/shift_reg[2][58]/R
-0.196	u_top/u_core/u_b/u_b_core/core/core/l4/post/meta_group_reg[8][2]/C	u_top/u_core/u_b/u_b_core/core/core/l4/post/output_slot_reg[0][204]/D
-0.196	u_top/u_core/u_b/u_b_core/core/core/shuffle/busy_reg/C	u_top/u_core/u_b/u_b_core/core/core/l5/gk.frontend/win/shift_reg[16][112]/R
-0.196	u_top/u_core/u_b/u_b_core/core/core/shuffle/busy_reg/C	u_top/u_core/u_b/u_b_core/core/core/l5/gk.frontend/win/shift_reg[17][136]/R
-0.196	u_top/u_core/u_b/u_b_core/core/core/shuffle/busy_reg/C	u_top/u_core/u_b/u_b_core/core/core/l5/gk.frontend/win/shift_reg[17][183]/R
-0.196	u_top/u_core/u_b/u_b_core/core/core/shuffle/busy_reg/C	u_top/u_core/u_b/u_b_core/core/core/l5/gk.frontend/win/shift_reg[5][88]/R
-0.196	u_top/u_core/u_b/u_b_core/core/core/l5/gk.frontend/win/row_mod_d_reg[0]_rep__3/C	u_top/u_core/u_b/u_b_core/core/core/l5/gk.frontend/win/shift_reg[4][87]/D
-0.196	u_top/u_core/u_b/u_b_core/core/core/l5/gk.frontend/win/row_mod_d_reg[1]_rep__2/C	u_top/u_core/u_b/u_b_core/core/core/l5/gk.frontend/win/shift_reg[14][1]/D
-0.195	u_top/u_core/u_b/u_b_core/core/core/shuffle/busy_reg/C	u_top/u_core/u_b/u_b_core/core/core/l5/gk.frontend/win/shift_reg[0][186]/R
-0.195	u_top/u_core/u_b/u_b_core/core/core/shuffle/busy_reg/C	u_top/u_core/u_b/u_b_core/core/core/l5/gk.frontend/win/shift_reg[0][190]/R
-0.195	u_top/u_core/u_b/u_b_core/core/core/l5/mac/issue/out_phase_reg[1]_rep__14/C	u_top/u_core/u_b/u_b_core/core/core/l5/mac/mac/out_lane[3].mult_lane[20].operand_pipe.act_q_reg[4]/D
-0.195	u_top/u_core/u_b/u_b_core/core/core/l5/mac/mac/tree_stage[6].valid_q_reg[7]/C	u_top/u_core/u_b/u_b_core/core/core/l5/mac/issue/out_window_reg[3178]/CE
-0.195	u_top/u_core/u_b/u_b_core/core/core/l5/mac/mac/tree_stage[6].valid_q_reg[7]/C	u_top/u_core/u_b/u_b_core/core/core/l5/mac/issue/out_window_reg[3179]/CE
-0.195	u_top/u_core/u_b/u_b_core/core/core/l5/mac/mac/tree_stage[6].valid_q_reg[7]/C	u_top/u_core/u_b/u_b_core/core/core/l5/mac/issue/out_window_reg[3180]/CE
-0.195	u_top/u_core/u_b/u_b_core/core/core/l5/mac/mac/tree_stage[6].valid_q_reg[7]/C	u_top/u_core/u_b/u_b_core/core/core/l5/mac/issue/out_window_reg[3181]/CE
-0.195	u_top/u_core/u_b/u_b_core/core/core/l5/mac/mac/tree_stage[6].valid_q_reg[7]/C	u_top/u_core/u_b/u_b_core/core/core/l5/mac/issue/out_window_reg[3182]/CE
-0.195	u_top/u_core/u_b/u_b_core/core/core/l5/mac/mac/tree_stage[6].valid_q_reg[7]/C	u_top/u_core/u_b/u_b_core/core/core/l5/mac/issue/out_window_reg[3183]/CE
-0.195	u_top/u_core/u_b/u_b_core/core/core/l5/gk.frontend/win/bank_gen[1].mem_reg_6/CLKARDCLK	u_top/u_core/u_b/u_b_core/core/core/l5/gk.frontend/win/shift_reg[19][229]/D
-0.195	u_top/u_core/u_b/u_b_core/core/core/l5/mac/mac/tree_stage[6].valid_q_reg[7]/C	u_top/u_core/u_b/u_b_core/core/core/l5/gk.frontend/fifo/wr_ptr_reg[0]_rep__1/D
-0.195	u_top/u_core/u_b/u_b_core/core/core/l5/gk.frontend/fifo/count_reg[1]/C	u_top/u_core/u_b/u_b_core/core/core/f45/g_narrow_read.mem_reg_0_31_180_185/RAMA/WE
-0.195	u_top/u_core/u_b/u_b_core/core/core/l5/gk.frontend/fifo/count_reg[1]/C	u_top/u_core/u_b/u_b_core/core/core/f45/g_narrow_read.mem_reg_0_31_180_185/RAMA_D1/WE
-0.195	u_top/u_core/u_b/u_b_core/core/core/l5/gk.frontend/fifo/count_reg[1]/C	u_top/u_core/u_b/u_b_core/core/core/f45/g_narrow_read.mem_reg_0_31_180_185/RAMB/WE
-0.195	u_top/u_core/u_b/u_b_core/core/core/l5/gk.frontend/fifo/count_reg[1]/C	u_top/u_core/u_b/u_b_core/core/core/f45/g_narrow_read.mem_reg_0_31_180_185/RAMB_D1/WE
-0.195	u_top/u_core/u_b/u_b_core/core/core/l5/gk.frontend/fifo/count_reg[1]/C	u_top/u_core/u_b/u_b_core/core/core/f45/g_narrow_read.mem_reg_0_31_180_185/RAMC/WE
-0.195	u_top/u_core/u_b/u_b_core/core/core/l5/gk.frontend/fifo/count_reg[1]/C	u_top/u_core/u_b/u_b_core/core/core/f45/g_narrow_read.mem_reg_0_31_180_185/RAMC_D1/WE
-0.195	u_top/u_core/u_b/u_b_core/core/core/l5/gk.frontend/fifo/count_reg[1]/C	u_top/u_core/u_b/u_b_core/core/core/f45/g_narrow_read.mem_reg_0_31_180_185/RAMD/WE
-0.195	u_top/u_core/u_b/u_b_core/core/core/l5/gk.frontend/fifo/count_reg[1]/C	u_top/u_core/u_b/u_b_core/core/core/f45/g_narrow_read.mem_reg_0_31_180_185/RAMD_D1/WE
-0.195	u_top/u_core/u_b/u_b_core/core/core/l5/mac/mac/tree_stage[6].valid_q_reg[7]/C	u_top/u_core/u_b/u_b_core/core/core/l5/gk.frontend/fifo/g_wide_read.g_read_slice[62].rd_ptr_local_reg[0]/R
-0.195	u_top/u_core/u_b/u_b_core/core/core/l5/mac/mac/tree_stage[6].valid_q_reg[7]/C	u_top/u_core/u_b/u_b_core/core/core/l5/gk.frontend/fifo/g_wide_read.g_read_slice[62].rd_ptr_local_reg[1]/R
-0.194	u_top/u_core/u_b/u_b_core/core/core/shuffle/busy_reg/C	u_top/u_core/u_b/u_b_core/core/core/l5/gk.frontend/win/shift_reg[15][166]/R
-0.194	u_top/u_core/u_b/u_b_core/core/core/l5/mac/mac/tree_stage[6].valid_q_reg[7]/C	u_top/u_core/u_b/u_b_core/core/core/l5/mac/issue/out_window_reg[3602]/CE
-0.194	u_top/u_core/u_b/u_b_core/core/core/l5/mac/mac/tree_stage[6].valid_q_reg[7]/C	u_top/u_core/u_b/u_b_core/core/core/l5/mac/issue/out_window_reg[3603]/CE
-0.194	u_top/u_core/u_b/u_b_core/core/core/l5/mac/mac/tree_stage[6].valid_q_reg[7]/C	u_top/u_core/u_b/u_b_core/core/core/l5/mac/issue/out_window_reg[3604]/CE
-0.194	u_top/u_core/u_b/u_b_core/core/core/l5/mac/mac/tree_stage[6].valid_q_reg[7]/C	u_top/u_core/u_b/u_b_core/core/core/l5/mac/issue/out_window_reg[3605]/CE
-0.194	u_top/u_core/u_b/u_b_core/core/core/l5/mac/mac/tree_stage[6].valid_q_reg[7]/C	u_top/u_core/u_b/u_b_core/core/core/l5/mac/issue/out_window_reg[3606]/CE
-0.194	u_top/u_core/u_b/u_b_core/core/core/l5/mac/mac/tree_stage[6].valid_q_reg[7]/C	u_top/u_core/u_b/u_b_core/core/core/l5/mac/issue/out_window_reg[3607]/CE
-0.194	u_top/u_core/u_b/u_b_core/core/core/l5/mac/mac/tree_stage[6].valid_q_reg[7]/C	u_top/u_core/u_b/u_b_core/core/core/l5/mac/mac/out_lane[1].mult_lane[35].operand_pipe.act_q_reg[6]/CE
-0.194	u_top/u_core/u_b/u_b_core/core/core/l5/mac/mac/tree_stage[6].valid_q_reg[7]/C	u_top/u_core/u_b/u_b_core/core/core/l5/mac/mac/out_lane[1].mult_lane[35].operand_pipe.act_q_reg[7]/CE
-0.194	u_top/u_core/u_b/u_b_core/core/core/l5/mac/mac/tree_stage[6].valid_q_reg[7]/C	u_top/u_core/u_b/u_b_core/core/core/l5/mac/mac/out_lane[2].mult_lane[37].operand_pipe.act_q_reg[4]/CE
-0.194	u_top/u_core/u_b/u_b_core/core/core/l5/mac/mac/tree_stage[6].valid_q_reg[7]/C	u_top/u_core/u_b/u_b_core/core/core/l5/mac/mac/out_lane[2].mult_lane[37].operand_pipe.act_q_reg[5]/CE
-0.194	u_top/u_core/u_b/u_b_core/core/core/l5/mac/mac/tree_stage[6].valid_q_reg[7]/C	u_top/u_core/u_b/u_b_core/core/core/l5/mac/mac/out_lane[2].mult_lane[37].operand_pipe.act_q_reg[7]/CE
-0.194	u_top/u_core/u_b/u_b_core/core/core/l5/mac/mac/tree_stage[6].valid_q_reg[7]/C	u_top/u_core/u_b/u_b_core/core/core/l5/mac/mac/out_lane[2].mult_lane[37].operand_pipe.weight_q_reg[3]/CE
-0.194	u_top/u_core/u_b/u_b_core/core/core/l5/mac/mac/tree_stage[6].valid_q_reg[7]/C	u_top/u_core/u_b/u_b_core/core/core/l5/mac/mac/out_lane[2].mult_lane[37].operand_pipe.weight_q_reg[6]/CE
-0.194	u_top/u_core/u_b/u_b_core/core/core/l5/mac/mac/tree_stage[6].valid_q_reg[7]/C	u_top/u_core/u_b/u_b_core/core/core/l5/mac/mac/out_lane[2].mult_lane[37].operand_pipe.weight_q_reg[7]/CE
-0.194	u_top/u_core/u_b/u_b_core/core/core/l5/gk.frontend/pad/interior_x_reg/C	u_top/u_core/u_b/u_b_core/core/core/l5/gk.frontend/win/bank_gen[2].mem_reg_3/DIADI[13]
-0.193	u_top/u_core/u_b/u_b_core/core/core/l5/mac/issue/out_phase_reg[1]_rep__6/C	u_top/u_core/u_b/u_b_core/core/core/l5/mac/mac/out_lane[2].mult_lane[11].operand_pipe.act_q_reg[4]/D
-0.193	u_top/u_core/u_b/u_b_core/core/core/shuffle/busy_reg/C	u_top/u_core/u_b/u_b_core/core/core/l5/gk.frontend/win/shift_reg[10][219]/R
-0.193	u_top/u_core/u_b/u_b_core/core/core/shuffle/busy_reg/C	u_top/u_core/u_b/u_b_core/core/core/l5/gk.frontend/win/shift_reg[10][220]/R
-0.193	u_top/u_core/u_b/u_b_core/core/core/l5/gk.frontend/win/col_reg[5]/C	u_top/u_core/u_b/u_b_core/core/core/l5/gk.frontend/win/bank_gen[0].mem_reg_7/ADDRARDADDR[9]
-0.193	u_top/u_core/u_b/u_b_core/core/core/l5/gk.frontend/win/col_reg[5]/C	u_top/u_core/u_b/u_b_core/core/core/l5/gk.frontend/win/bank_gen[1].mem_reg_7/ADDRARDADDR[9]
-0.193	u_top/u_core/u_b/u_b_core/core/core/l5/mac/issue/out_phase_reg[2]_rep__1/C	u_top/u_core/u_b/u_b_core/core/core/l5/mac/mac/out_lane[0].mult_lane[22].operand_pipe.act_q_reg[9]/D
-0.193	u_top/u_core/u_b/u_b_core/core/core/shuffle/busy_reg/C	u_top/u_core/u_b/u_b_core/core/core/l5/gk.frontend/win/shift_reg[18][196]/R
-0.193	u_top/u_core/u_b/u_b_core/core/core/shuffle/busy_reg/C	u_top/u_core/u_b/u_b_core/core/core/l5/gk.frontend/win/shift_reg[18][73]/R
-0.193	u_top/u_core/u_b/u_b_core/core/core/l5/mac/mac/tree_stage[6].valid_q_reg[7]/C	u_top/u_core/u_b/u_b_core/core/core/l5/mac/issue/out_window_reg[3520]/CE
-0.193	u_top/u_core/u_b/u_b_core/core/core/l5/mac/mac/tree_stage[6].valid_q_reg[7]/C	u_top/u_core/u_b/u_b_core/core/core/l5/mac/issue/out_window_reg[3521]/CE
-0.193	u_top/u_core/u_b/u_b_core/core/core/l5/mac/mac/tree_stage[6].valid_q_reg[7]/C	u_top/u_core/u_b/u_b_core/core/core/l5/mac/issue/out_window_reg[3522]/CE
-0.193	u_top/u_core/u_b/u_b_core/core/core/l5/mac/mac/tree_stage[6].valid_q_reg[7]/C	u_top/u_core/u_b/u_b_core/core/core/l5/mac/issue/out_window_reg[3523]/CE
-0.193	u_top/u_core/u_b/u_b_core/core/core/l5/mac/mac/tree_stage[6].valid_q_reg[7]/C	u_top/u_core/u_b/u_b_core/core/core/l5/mac/issue/out_window_reg[3524]/CE
-0.193	u_top/u_core/u_b/u_b_core/core/core/l5/mac/mac/tree_stage[6].valid_q_reg[7]/C	u_top/u_core/u_b/u_b_core/core/core/l5/mac/issue/out_window_reg[3525]/CE
-0.193	u_top/u_core/u_b/u_b_core/core/core/shuffle/busy_reg/C	u_top/u_core/u_b/u_b_core/core/core/l5/gk.frontend/win/shift_reg[22][95]/R
-0.193	u_top/u_core/u_b/u_b_core/core/core/shuffle/busy_reg/C	u_top/u_core/u_b/u_b_core/core/core/l5/gk.frontend/win/shift_reg[0][216]/R
-0.193	u_top/u_core/u_b/u_b_core/core/core/l5/gk.frontend/fifo/g_wide_read.g_read_slice[53].rd_ptr_local_reg[1]/C	u_top/u_core/u_b/u_b_core/core/core/l5/mac/issue/out_window_reg[3436]/D
-0.193	u_top/u_core/u_b/u_b_core/core/core/shuffle/busy_reg/C	u_top/u_core/u_b/u_b_core/core/core/l5/gk.frontend/win/shift_reg[22][215]/R
-0.193	u_top/u_core/u_b/u_b_core/core/core/shuffle/busy_reg/C	u_top/u_core/u_b/u_b_core/core/core/l5/gk.frontend/win/shift_reg[23][215]/R
-0.193	u_top/u_core/u_in/req_addr_q_reg[12]_rep__0/C	u_top/u_core/u_rom/g_multi_bank.g_bank[0].u_bank/request_addr_q_reg_0_6/ADDRARDADDR[12]
-0.192	u_top/u_core/u_b/u_b_core/core/core/shuffle/busy_reg/C	u_top/u_core/u_b/u_b_core/core/core/l5/gk.frontend/win/shift_reg[12][102]/R
-0.192	u_top/u_core/u_b/u_b_core/core/core/shuffle/busy_reg/C	u_top/u_core/u_b/u_b_core/core/core/l5/gk.frontend/win/shift_reg[12][103]/R
-0.192	u_top/u_core/u_b/u_b_core/core/core/shuffle/busy_reg/C	u_top/u_core/u_b/u_b_core/core/core/l5/gk.frontend/win/shift_reg[12][188]/R
-0.192	u_top/u_core/u_b/u_b_core/core/core/l5/gk.frontend/pad/interior_y_reg/C	u_top/u_core/u_b/u_b_core/core/core/l5/gk.frontend/win/bank_gen[0].mem_reg_3/DIADI[21]
-0.192	u_top/u_core/u_b/u_b_core/core/core/l5/mac/mac/tree_stage[6].valid_q_reg[7]/C	u_top/u_core/u_b/u_b_core/core/core/l5/mac/issue/out_window_reg[3136]/CE
-0.192	u_top/u_core/u_b/u_b_core/core/core/l5/mac/mac/tree_stage[6].valid_q_reg[7]/C	u_top/u_core/u_b/u_b_core/core/core/l5/mac/issue/out_window_reg[3137]/CE
-0.192	u_top/u_core/u_b/u_b_core/core/core/l5/mac/mac/tree_stage[6].valid_q_reg[7]/C	u_top/u_core/u_b/u_b_core/core/core/l5/mac/issue/out_window_reg[3138]/CE
-0.192	u_top/u_core/u_b/u_b_core/core/core/l5/mac/mac/tree_stage[6].valid_q_reg[7]/C	u_top/u_core/u_b/u_b_core/core/core/l5/mac/issue/out_window_reg[3139]/CE
-0.192	u_top/u_core/u_b/u_b_core/core/core/l5/mac/mac/tree_stage[6].valid_q_reg[7]/C	u_top/u_core/u_b/u_b_core/core/core/l5/mac/issue/out_window_reg[3140]/CE
-0.192	u_top/u_core/u_b/u_b_core/core/core/l5/mac/mac/tree_stage[6].valid_q_reg[7]/C	u_top/u_core/u_b/u_b_core/core/core/l5/mac/issue/out_window_reg[3141]/CE
-0.192	u_top/u_core/u_b/u_b_core/core/core/l4/post/meta_group_reg[8][2]/C	u_top/u_core/u_b/u_b_core/core/core/l4/post/output_slot_reg[1][79]/D
-0.192	u_top/u_core/u_b/u_b_core/core/core/l5/mac/mac/tree_stage[6].valid_q_reg[7]/C	u_top/u_core/u_b/u_b_core/core/core/l5/mac/mac/out_lane[1].mult_lane[5].operand_pipe.weight_q_reg[2]/R
-0.192	u_top/u_core/u_b/u_b_core/core/core/l5/mac/issue/out_phase_reg[0]_rep__11/C	u_top/u_core/u_b/u_b_core/core/core/l5/mac/mac/out_lane[3].mult_lane[24].operand_pipe.act_q_reg[10]/D
-0.192	u_top/u_core/u_b/u_b_core/core/core/shuffle/busy_reg/C	u_top/u_core/u_b/u_b_core/core/core/l5/gk.frontend/win/shift_reg[10][51]/R
-0.192	u_top/u_core/u_b/u_b_core/core/core/shuffle/busy_reg/C	u_top/u_core/u_b/u_b_core/core/core/l5/gk.frontend/win/shift_reg[15][69]/R
-0.192	u_top/u_core/u_b/u_b_core/core/core/shuffle/busy_reg/C	u_top/u_core/u_b/u_b_core/core/core/l5/gk.frontend/win/shift_reg[16][167]/R
-0.192	u_top/u_core/u_b/u_b_core/core/core/shuffle/busy_reg/C	u_top/u_core/u_b/u_b_core/core/core/l5/gk.frontend/win/shift_reg[16][255]/R
-0.192	u_top/u_core/u_b/u_b_core/core/core/shuffle/busy_reg/C	u_top/u_core/u_b/u_b_core/core/core/l5/gk.frontend/win/shift_reg[17][167]/R
-0.192	u_top/u_core/u_b/u_b_core/core/core/shuffle/busy_reg/C	u_top/u_core/u_b/u_b_core/core/core/l5/gk.frontend/win/shift_reg[1][183]/R
-0.192	u_top/u_core/u_b/u_b_core/core/core/shuffle/busy_reg/C	u_top/u_core/u_b/u_b_core/core/core/l5/gk.frontend/win/shift_reg[20][225]/R
-0.192	u_top/u_core/u_b/u_b_core/core/core/shuffle/busy_reg/C	u_top/u_core/u_b/u_b_core/core/core/l5/gk.frontend/win/shift_reg[22][143]/R
-0.191	u_top/u_core/u_b/u_b_core/core/core/l5/gk.frontend/pad/interior_y_reg/C	u_top/u_core/u_b/u_b_core/core/core/l5/gk.frontend/win/bank_gen[1].mem_reg_0/DIADI[11]
-0.191	u_top/u_core/u_b/u_b_core/core/core/l5/gk.frontend/win/row_mod_d_reg[1]_rep__2/C	u_top/u_core/u_b/u_b_core/core/core/l5/gk.frontend/win/shift_reg[14][12]/D
-0.191	u_top/u_core/u_b/u_b_core/core/core/l5/mac/issue/out_phase_reg[1]_rep__6/C	u_top/u_core/u_b/u_b_core/core/core/l5/mac/mac/out_lane[0].mult_lane[18].operand_pipe.weight_q_reg[6]/D
-0.191	u_top/u_core/u_b/u_b_core/core/core/l5/gk.frontend/win/col_reg[5]/C	u_top/u_core/u_b/u_b_core/core/core/l5/gk.frontend/win/bank_gen[2].mem_reg_3/ADDRARDADDR[10]
-0.191	u_top/u_core/u_b/u_b_core/core/core/l5/mac/mac/tree_stage[6].valid_q_reg[7]/C	u_top/u_core/u_b/u_b_core/core/core/l5/gk.frontend/fifo/g_wide_read.g_read_slice[36].rd_ptr_local_reg[0]/CE
-0.191	u_top/u_core/u_b/u_b_core/core/core/l5/mac/mac/tree_stage[6].valid_q_reg[7]/C	u_top/u_core/u_b/u_b_core/core/core/l5/gk.frontend/fifo/g_wide_read.g_read_slice[36].rd_ptr_local_reg[1]/CE
-0.191	u_top/u_core/u_b/u_b_core/core/core/l5/mac/issue/out_phase_reg[1]_rep__5/C	u_top/u_core/u_b/u_b_core/core/core/l5/mac/mac/out_lane[3].mult_lane[30].operand_pipe.act_q_reg[2]/D
-0.191	u_top/u_core/u_b/u_b_core/core/core/l5/mac/mac/tree_stage[6].valid_q_reg[7]/C	u_top/u_core/u_b/u_b_core/core/core/l5/mac/issue/out_window_reg[3730]/CE
-0.191	u_top/u_core/u_b/u_b_core/core/core/l5/mac/mac/tree_stage[6].valid_q_reg[7]/C	u_top/u_core/u_b/u_b_core/core/core/l5/mac/issue/out_window_reg[3731]/CE
-0.191	u_top/u_core/u_b/u_b_core/core/core/l5/mac/mac/tree_stage[6].valid_q_reg[7]/C	u_top/u_core/u_b/u_b_core/core/core/l5/mac/issue/out_window_reg[3732]/CE
-0.191	u_top/u_core/u_b/u_b_core/core/core/l5/mac/mac/tree_stage[6].valid_q_reg[7]/C	u_top/u_core/u_b/u_b_core/core/core/l5/mac/issue/out_window_reg[3733]/CE
-0.191	u_top/u_core/u_b/u_b_core/core/core/l5/mac/mac/tree_stage[6].valid_q_reg[7]/C	u_top/u_core/u_b/u_b_core/core/core/l5/mac/issue/out_window_reg[3734]/CE
-0.191	u_top/u_core/u_b/u_b_core/core/core/l5/mac/mac/tree_stage[6].valid_q_reg[7]/C	u_top/u_core/u_b/u_b_core/core/core/l5/mac/issue/out_window_reg[3735]/CE
-0.191	u_top/u_core/u_b/u_b_core/core/core/l5/gk.frontend/win/bank_gen[1].mem_reg_1/CLKARDCLK	u_top/u_core/u_b/u_b_core/core/core/l5/gk.frontend/win/shift_reg[9][38]/D
-0.191	u_top/u_core/u_b/u_b_core/core/core/l5/mac/issue/out_window_reg[1755]/C	u_top/u_core/u_b/u_b_core/core/core/l5/mac/mac/out_lane[2].mult_lane[31].operand_pipe.act_q_reg[11]/D
-0.191	u_top/u_core/u_b/u_b_core/core/core/l5/mac/issue/out_phase_reg[0]_rep__11/C	u_top/u_core/u_b/u_b_core/core/core/l5/mac/mac/out_lane[2].mult_lane[24].operand_pipe.act_q_reg[0]/D
-0.191	u_top/u_core/u_b/u_b_core/core/core/l5/mac/issue/out_phase_reg[1]_rep__12/C	u_top/u_core/u_b/u_b_core/core/core/l5/mac/mac/out_lane[3].mult_lane[46].operand_pipe.act_q_reg[15]/D
-0.191	u_top/u_core/u_b/u_b_core/core/core/shuffle/busy_reg/C	u_top/u_core/u_b/u_b_core/core/core/l5/gk.frontend/win/shift_reg[22][171]/R
-0.191	u_top/u_core/u_b/u_b_core/core/core/shuffle/busy_reg/C	u_top/u_core/u_b/u_b_core/core/core/l5/gk.frontend/win/shift_reg[23][107]/R
-0.190	u_top/u_core/u_b/u_b_core/core/core/shuffle/busy_reg/C	u_top/u_core/u_b/u_b_core/core/core/l5/gk.frontend/win/shift_reg[20][148]/R
-0.190	u_top/u_core/u_b/u_b_core/core/core/shuffle/busy_reg/C	u_top/u_core/u_b/u_b_core/core/core/l5/gk.frontend/win/shift_reg[20][21]/R
-0.190	u_top/u_core/u_b/u_b_core/core/core/shuffle/busy_reg/C	u_top/u_core/u_b/u_b_core/core/core/l5/gk.frontend/win/shift_reg[20][45]/R
-0.190	u_top/u_core/u_b/u_b_core/core/core/shuffle/busy_reg/C	u_top/u_core/u_b/u_b_core/core/core/l5/gk.frontend/win/shift_reg[21][21]/R
-0.190	u_top/u_core/u_b/u_b_core/core/core/shuffle/busy_reg/C	u_top/u_core/u_b/u_b_core/core/core/l5/gk.frontend/win/shift_reg[21][231]/R
-0.190	u_top/u_core/u_b/u_b_core/core/core/shuffle/busy_reg/C	u_top/u_core/u_b/u_b_core/core/core/l5/gk.frontend/win/shift_reg[21][80]/R
-0.190	u_top/u_core/u_b/u_b_core/core/core/shuffle/busy_reg/C	u_top/u_core/u_b/u_b_core/core/core/l5/gk.frontend/win/shift_reg[22][128]/R
-0.190	u_top/u_core/u_b/u_b_core/core/core/shuffle/busy_reg/C	u_top/u_core/u_b/u_b_core/core/core/l5/gk.frontend/win/shift_reg[22][231]/R
-0.190	u_top/u_core/u_b/u_b_core/core/core/l5/mac/issue/out_phase_reg[1]_rep__6/C	u_top/u_core/u_b/u_b_core/core/core/l5/mac/mac/out_lane[0].mult_lane[13].operand_pipe.act_q_reg[9]/D
-0.190	u_top/u_core/u_b/u_b_core/core/core/l5/mac/issue/out_phase_reg[1]_rep__5/C	u_top/u_core/u_b/u_b_core/core/core/l5/mac/mac/out_lane[1].mult_lane[49].operand_pipe.act_q_reg[2]/D
-0.190	u_top/u_core/u_b/u_b_core/core/core/l5/mac/mac/tree_stage[6].valid_q_reg[7]/C	u_top/u_core/u_b/u_b_core/core/core/l5/mac/issue/out_window_reg[3276]/CE
-0.190	u_top/u_core/u_b/u_b_core/core/core/l5/mac/mac/tree_stage[6].valid_q_reg[7]/C	u_top/u_core/u_b/u_b_core/core/core/l5/mac/issue/out_window_reg[3277]/CE
-0.190	u_top/u_core/u_b/u_b_core/core/core/l5/mac/mac/tree_stage[6].valid_q_reg[7]/C	u_top/u_core/u_b/u_b_core/core/core/l5/mac/issue/out_window_reg[3278]/CE
-0.190	u_top/u_core/u_b/u_b_core/core/core/l5/mac/mac/tree_stage[6].valid_q_reg[7]/C	u_top/u_core/u_b/u_b_core/core/core/l5/mac/issue/out_window_reg[3279]/CE
-0.190	u_top/u_core/u_b/u_b_core/core/core/l5/mac/mac/tree_stage[6].valid_q_reg[7]/C	u_top/u_core/u_b/u_b_core/core/core/l5/mac/issue/out_window_reg[3280]/CE
-0.190	u_top/u_core/u_b/u_b_core/core/core/l5/mac/mac/tree_stage[6].valid_q_reg[7]/C	u_top/u_core/u_b/u_b_core/core/core/l5/mac/issue/out_window_reg[3281]/CE
-0.190	u_top/u_core/u_b/u_b_core/core/core/l5/mac/issue/out_window_reg[5898]/C	u_top/u_core/u_b/u_b_core/core/core/l5/mac/mac/out_lane[0].mult_lane[23].operand_pipe.act_q_reg[10]/D
-0.190	u_top/u_core/u_b/u_b_core/core/core/l5/mac/mac/tree_stage[6].valid_q_reg[7]/C	u_top/u_core/u_b/u_b_core/core/core/l5/mac/issue/out_window_reg[3644]/CE
-0.190	u_top/u_core/u_b/u_b_core/core/core/l5/mac/mac/tree_stage[6].valid_q_reg[7]/C	u_top/u_core/u_b/u_b_core/core/core/l5/mac/issue/out_window_reg[3645]/CE
-0.190	u_top/u_core/u_b/u_b_core/core/core/l5/mac/mac/tree_stage[6].valid_q_reg[7]/C	u_top/u_core/u_b/u_b_core/core/core/l5/mac/issue/out_window_reg[3646]/CE
-0.190	u_top/u_core/u_b/u_b_core/core/core/l5/mac/mac/tree_stage[6].valid_q_reg[7]/C	u_top/u_core/u_b/u_b_core/core/core/l5/mac/issue/out_window_reg[3647]/CE
-0.190	u_top/u_core/u_b/u_b_core/core/core/f45/g_narrow_read.rd_ptr_local_reg[4]/C	u_top/u_core/u_b/u_b_core/core/core/l5/gk.frontend/win/bank_gen[2].mem_reg_1/DIADI[22]
-0.190	u_top/u_core/u_b/u_b_core/core/core/l5/mac/issue/out_phase_reg[2]_rep__5/C	u_top/u_core/u_b/u_b_core/core/core/l5/mac/mac/out_lane[1].mult_lane[30].operand_pipe.act_q_reg[5]/D
-0.190	u_top/u_core/u_b/u_b_core/core/core/shuffle/busy_reg/C	u_top/u_core/u_b/u_b_core/core/core/l5/gk.frontend/win/shift_reg[15][174]/R
-0.190	u_top/u_core/u_b/u_b_core/core/core/shuffle/busy_reg/C	u_top/u_core/u_b/u_b_core/core/core/l5/gk.frontend/win/shift_reg[15][190]/R
-0.190	u_top/u_core/u_b/u_b_core/core/core/shuffle/busy_reg/C	u_top/u_core/u_b/u_b_core/core/core/l5/gk.frontend/win/shift_reg[15][206]/R
-0.190	u_top/u_core/u_b/u_b_core/core/core/shuffle/busy_reg/C	u_top/u_core/u_b/u_b_core/core/core/l5/gk.frontend/win/shift_reg[15][34]/R
-0.190	u_top/u_core/u_b/u_b_core/core/core/shuffle/busy_reg/C	u_top/u_core/u_b/u_b_core/core/core/l5/gk.frontend/win/shift_reg[15][95]/R
-0.190	u_top/u_core/u_b/u_b_core/core/core/shuffle/busy_reg/C	u_top/u_core/u_b/u_b_core/core/core/l5/gk.frontend/win/shift_reg[20][198]/R
-0.190	u_top/u_core/u_b/u_b_core/core/core/shuffle/busy_reg/C	u_top/u_core/u_b/u_b_core/core/core/l5/gk.frontend/win/shift_reg[3][63]/R
-0.190	u_top/u_core/u_b/u_b_core/core/core/shuffle/busy_reg/C	u_top/u_core/u_b/u_b_core/core/core/l5/gk.frontend/win/shift_reg[16][51]/R
-0.190	u_top/u_core/u_b/u_b_core/core/core/shuffle/busy_reg/C	u_top/u_core/u_b/u_b_core/core/core/l5/gk.frontend/win/shift_reg[6][27]/R
-0.190	u_top/u_core/u_b/u_b_core/core/core/l5/gk.frontend/fifo/wr_ptr_reg[0]/C	u_top/u_core/u_b/u_b_core/core/core/l5/gk.frontend/fifo/g_wide_read.g_read_slice[94].mem_slice_reg_0_3_36_41/RAMA/WADR0
-0.190	u_top/u_core/u_b/u_b_core/core/core/l5/gk.frontend/fifo/wr_ptr_reg[0]/C	u_top/u_core/u_b/u_b_core/core/core/l5/gk.frontend/fifo/g_wide_read.g_read_slice[94].mem_slice_reg_0_3_36_41/RAMA_D1/WADR0
-0.190	u_top/u_core/u_b/u_b_core/core/core/l5/gk.frontend/fifo/wr_ptr_reg[0]/C	u_top/u_core/u_b/u_b_core/core/core/l5/gk.frontend/fifo/g_wide_read.g_read_slice[94].mem_slice_reg_0_3_36_41/RAMB/WADR0
-0.190	u_top/u_core/u_b/u_b_core/core/core/l5/gk.frontend/fifo/wr_ptr_reg[0]/C	u_top/u_core/u_b/u_b_core/core/core/l5/gk.frontend/fifo/g_wide_read.g_read_slice[94].mem_slice_reg_0_3_36_41/RAMB_D1/WADR0
-0.190	u_top/u_core/u_b/u_b_core/core/core/l5/gk.frontend/fifo/wr_ptr_reg[0]/C	u_top/u_core/u_b/u_b_core/core/core/l5/gk.frontend/fifo/g_wide_read.g_read_slice[94].mem_slice_reg_0_3_36_41/RAMC/WADR0
-0.190	u_top/u_core/u_b/u_b_core/core/core/l5/gk.frontend/fifo/wr_ptr_reg[0]/C	u_top/u_core/u_b/u_b_core/core/core/l5/gk.frontend/fifo/g_wide_read.g_read_slice[94].mem_slice_reg_0_3_36_41/RAMC_D1/WADR0
-0.190	u_top/u_core/u_b/u_b_core/core/core/l5/gk.frontend/fifo/wr_ptr_reg[0]/C	u_top/u_core/u_b/u_b_core/core/core/l5/gk.frontend/fifo/g_wide_read.g_read_slice[94].mem_slice_reg_0_3_36_41/RAMD/ADR0
-0.190	u_top/u_core/u_b/u_b_core/core/core/l5/gk.frontend/fifo/wr_ptr_reg[0]/C	u_top/u_core/u_b/u_b_core/core/core/l5/gk.frontend/fifo/g_wide_read.g_read_slice[94].mem_slice_reg_0_3_36_41/RAMD_D1/ADR0
-0.190	u_top/u_core/u_b/u_b_core/core/core/l5/mac/issue/out_window_reg[3689]/C	u_top/u_core/u_b/u_b_core/core/core/l5/mac/mac/out_lane[0].mult_lane[14].operand_pipe.act_q_reg[9]/D
-0.188	u_top/u_core/u_b/u_b_core/core/core/l5/gk.frontend/fifo/wr_ptr_reg[1]_rep__6/C	u_top/u_core/u_b/u_b_core/core/core/l5/gk.frontend/fifo/g_wide_read.g_read_slice[3].mem_slice_reg_0_3_30_35/RAMA/WADR1
-0.188	u_top/u_core/u_b/u_b_core/core/core/l5/gk.frontend/fifo/wr_ptr_reg[1]_rep__6/C	u_top/u_core/u_b/u_b_core/core/core/l5/gk.frontend/fifo/g_wide_read.g_read_slice[3].mem_slice_reg_0_3_30_35/RAMA_D1/WADR1
-0.188	u_top/u_core/u_b/u_b_core/core/core/l5/gk.frontend/fifo/wr_ptr_reg[1]_rep__6/C	u_top/u_core/u_b/u_b_core/core/core/l5/gk.frontend/fifo/g_wide_read.g_read_slice[3].mem_slice_reg_0_3_30_35/RAMB/WADR1
-0.188	u_top/u_core/u_b/u_b_core/core/core/l5/gk.frontend/fifo/wr_ptr_reg[1]_rep__6/C	u_top/u_core/u_b/u_b_core/core/core/l5/gk.frontend/fifo/g_wide_read.g_read_slice[3].mem_slice_reg_0_3_30_35/RAMB_D1/WADR1
-0.188	u_top/u_core/u_b/u_b_core/core/core/l5/gk.frontend/fifo/wr_ptr_reg[1]_rep__6/C	u_top/u_core/u_b/u_b_core/core/core/l5/gk.frontend/fifo/g_wide_read.g_read_slice[3].mem_slice_reg_0_3_30_35/RAMC/WADR1
-0.188	u_top/u_core/u_b/u_b_core/core/core/l5/gk.frontend/fifo/wr_ptr_reg[1]_rep__6/C	u_top/u_core/u_b/u_b_core/core/core/l5/gk.frontend/fifo/g_wide_read.g_read_slice[3].mem_slice_reg_0_3_30_35/RAMC_D1/WADR1
-0.188	u_top/u_core/u_b/u_b_core/core/core/l5/gk.frontend/fifo/wr_ptr_reg[1]_rep__6/C	u_top/u_core/u_b/u_b_core/core/core/l5/gk.frontend/fifo/g_wide_read.g_read_slice[3].mem_slice_reg_0_3_30_35/RAMD/ADR1
-0.188	u_top/u_core/u_b/u_b_core/core/core/l5/gk.frontend/fifo/wr_ptr_reg[1]_rep__6/C	u_top/u_core/u_b/u_b_core/core/core/l5/gk.frontend/fifo/g_wide_read.g_read_slice[3].mem_slice_reg_0_3_30_35/RAMD_D1/ADR1
-0.188	u_top/u_core/u_b/u_b_core/core/core/l5/mac/mac/tree_stage[6].valid_q_reg[7]/C	u_top/u_core/u_b/u_b_core/core/core/l5/mac/issue/out_window_reg[1344]/CE
-0.188	u_top/u_core/u_b/u_b_core/core/core/l5/mac/mac/tree_stage[6].valid_q_reg[7]/C	u_top/u_core/u_b/u_b_core/core/core/l5/mac/issue/out_window_reg[1345]/CE
-0.188	u_top/u_core/u_b/u_b_core/core/core/l5/mac/mac/tree_stage[6].valid_q_reg[7]/C	u_top/u_core/u_b/u_b_core/core/core/l5/mac/issue/out_window_reg[1346]/CE
-0.188	u_top/u_core/u_b/u_b_core/core/core/l5/mac/mac/tree_stage[6].valid_q_reg[7]/C	u_top/u_core/u_b/u_b_core/core/core/l5/mac/issue/out_window_reg[1347]/CE
-0.188	u_top/u_core/u_b/u_b_core/core/core/l5/mac/mac/tree_stage[6].valid_q_reg[7]/C	u_top/u_core/u_b/u_b_core/core/core/l5/mac/issue/out_window_reg[1348]/CE
-0.188	u_top/u_core/u_b/u_b_core/core/core/l5/mac/mac/tree_stage[6].valid_q_reg[7]/C	u_top/u_core/u_b/u_b_core/core/core/l5/mac/issue/out_window_reg[1349]/CE
-0.188	u_top/u_core/u_b/u_b_core/core/core/l5/mac/issue/out_window_reg[5448]/C	u_top/u_core/u_b/u_b_core/core/core/l5/mac/mac/out_lane[1].mult_lane[21].operand_pipe.act_q_reg[8]/D
-0.188	u_top/u_core/u_b/u_b_core/core/core/l5/mac/issue/out_phase_reg[2]_rep/C	u_top/u_core/u_b/u_b_core/core/core/l5/mac/mac/out_lane[2].mult_lane[2].operand_pipe.act_q_reg[11]/D
-0.188	u_top/u_core/u_b/u_b_core/core/core/l5/mac/issue/out_window_reg[3142]/C	u_top/u_core/u_b/u_b_core/core/core/l5/mac/mac/out_lane[2].mult_lane[12].operand_pipe.act_q_reg[6]/D
-0.188	u_top/u_core/u_b/u_b_core/core/core/l5/mac/issue/out_phase_reg[1]_rep__14/C	u_top/u_core/u_b/u_b_core/core/core/l5/mac/mac/out_lane[0].mult_lane[20].operand_pipe.act_q_reg[4]/D
-0.187	u_top/u_core/u_b/u_b_core/core/core/shuffle/busy_reg/C	u_top/u_core/u_b/u_b_core/core/core/l5/gk.frontend/win/shift_reg[18][243]/R
-0.187	u_top/u_core/u_b/u_b_core/core/core/l5/mac/issue/out_phase_reg[0]_rep__10/C	u_top/u_core/u_b/u_b_core/core/core/l5/mac/mac/out_lane[0].mult_lane[21].operand_pipe.act_q_reg[15]/D
-0.187	u_top/u_core/u_b/u_b_core/core/core/l5/gk.frontend/win/bank_gen[1].mem_reg_3/CLKARDCLK	u_top/u_core/u_b/u_b_core/core/core/l5/gk.frontend/win/shift_reg[9][142]/D
-0.187	u_top/u_core/u_b/u_b_core/core/core/l5/mac/issue/out_phase_reg[0]_rep__4/C	u_top/u_core/u_b/u_b_core/core/core/l5/mac/mac/out_lane[0].mult_lane[11].operand_pipe.act_q_reg[9]/D
-0.187	u_top/u_core/u_b/u_b_core/core/core/l5/gk.frontend/win/bank_gen[1].mem_reg_1/CLKARDCLK	u_top/u_core/u_b/u_b_core/core/core/l5/gk.frontend/win/shift_reg[9][48]/D
-0.187	u_top/u_core/u_b/u_b_core/core/core/l5/mac/issue/out_phase_reg[1]_rep__15/C	u_top/u_core/u_b/u_b_core/core/core/l5/mac/mac/out_lane[2].mult_lane[45].operand_pipe.act_q_reg[4]/D
-0.187	u_top/u_core/u_b/u_b_core/core/core/shuffle/busy_reg/C	u_top/u_core/u_b/u_b_core/core/core/l5/gk.frontend/win/shift_reg[20][178]/R
-0.187	u_top/u_core/u_b/u_b_core/core/core/shuffle/busy_reg/C	u_top/u_core/u_b/u_b_core/core/core/l5/gk.frontend/win/shift_reg[20][181]/R
-0.187	u_top/u_core/u_b/u_b_core/core/core/shuffle/busy_reg/C	u_top/u_core/u_b/u_b_core/core/core/l5/gk.frontend/win/shift_reg[20][250]/R
-0.187	u_top/u_core/u_b/u_b_core/core/core/shuffle/busy_reg/C	u_top/u_core/u_b/u_b_core/core/core/l5/gk.frontend/win/shift_reg[20][76]/R
-0.187	u_top/u_core/u_b/u_b_core/core/core/shuffle/busy_reg/C	u_top/u_core/u_b/u_b_core/core/core/l5/gk.frontend/win/shift_reg[20][85]/R
-0.187	u_top/u_core/u_b/u_b_core/core/core/shuffle/busy_reg/C	u_top/u_core/u_b/u_b_core/core/core/l5/gk.frontend/win/shift_reg[21][150]/R
-0.187	u_top/u_core/u_b/u_b_core/core/core/l5/gk.frontend/fifo/wr_ptr_reg[0]/C	u_top/u_core/u_b/u_b_core/core/core/l5/gk.frontend/fifo/g_wide_read.g_read_slice[93].mem_slice_reg_0_3_42_47/RAMA/WADR0
-0.187	u_top/u_core/u_b/u_b_core/core/core/l5/gk.frontend/fifo/wr_ptr_reg[0]/C	u_top/u_core/u_b/u_b_core/core/core/l5/gk.frontend/fifo/g_wide_read.g_read_slice[93].mem_slice_reg_0_3_42_47/RAMA_D1/WADR0
-0.187	u_top/u_core/u_b/u_b_core/core/core/l5/gk.frontend/fifo/wr_ptr_reg[0]/C	u_top/u_core/u_b/u_b_core/core/core/l5/gk.frontend/fifo/g_wide_read.g_read_slice[93].mem_slice_reg_0_3_42_47/RAMB/WADR0
-0.187	u_top/u_core/u_b/u_b_core/core/core/l5/gk.frontend/fifo/wr_ptr_reg[0]/C	u_top/u_core/u_b/u_b_core/core/core/l5/gk.frontend/fifo/g_wide_read.g_read_slice[93].mem_slice_reg_0_3_42_47/RAMB_D1/WADR0
-0.187	u_top/u_core/u_b/u_b_core/core/core/l5/gk.frontend/fifo/wr_ptr_reg[0]/C	u_top/u_core/u_b/u_b_core/core/core/l5/gk.frontend/fifo/g_wide_read.g_read_slice[93].mem_slice_reg_0_3_42_47/RAMC/WADR0
-0.187	u_top/u_core/u_b/u_b_core/core/core/l5/gk.frontend/fifo/wr_ptr_reg[0]/C	u_top/u_core/u_b/u_b_core/core/core/l5/gk.frontend/fifo/g_wide_read.g_read_slice[93].mem_slice_reg_0_3_42_47/RAMC_D1/WADR0
-0.187	u_top/u_core/u_b/u_b_core/core/core/l5/gk.frontend/fifo/wr_ptr_reg[0]/C	u_top/u_core/u_b/u_b_core/core/core/l5/gk.frontend/fifo/g_wide_read.g_read_slice[93].mem_slice_reg_0_3_42_47/RAMD/ADR0
-0.187	u_top/u_core/u_b/u_b_core/core/core/l5/gk.frontend/fifo/wr_ptr_reg[0]/C	u_top/u_core/u_b/u_b_core/core/core/l5/gk.frontend/fifo/g_wide_read.g_read_slice[93].mem_slice_reg_0_3_42_47/RAMD_D1/ADR0
-0.187	u_top/u_core/c2b_rd_q_reg/C	u_top/u_core/u_b/u_b_core/core/core/l1/gk.frontend/win/bank_gen[3].mem_reg/DIADI[6]
-0.187	u_top/u_core/u_b/u_b_core/core/core/l5/mac/mac/tree_stage[6].valid_q_reg[7]/C	u_top/u_core/u_b/u_b_core/core/core/l5/mac/mac/out_lane[1].mult_lane[35].operand_pipe.act_q_reg[10]/CE
-0.187	u_top/u_core/u_b/u_b_core/core/core/l5/mac/mac/tree_stage[6].valid_q_reg[7]/C	u_top/u_core/u_b/u_b_core/core/core/l5/mac/mac/out_lane[1].mult_lane[35].operand_pipe.act_q_reg[11]/CE
-0.187	u_top/u_core/u_b/u_b_core/core/core/l5/mac/mac/tree_stage[6].valid_q_reg[7]/C	u_top/u_core/u_b/u_b_core/core/core/l5/mac/mac/out_lane[2].mult_lane[37].operand_pipe.act_q_reg[10]/CE
-0.187	u_top/u_core/u_b/u_b_core/core/core/l5/mac/mac/tree_stage[6].valid_q_reg[7]/C	u_top/u_core/u_b/u_b_core/core/core/l5/mac/mac/out_lane[2].mult_lane[37].operand_pipe.act_q_reg[6]/CE
-0.187	u_top/u_core/u_b/u_b_core/core/core/l5/mac/mac/tree_stage[6].valid_q_reg[7]/C	u_top/u_core/u_b/u_b_core/core/core/l5/mac/mac/out_lane[3].mult_lane[34].operand_pipe.act_q_reg[4]/CE
-0.187	u_top/u_core/u_b/u_b_core/core/core/l5/gk.frontend/fifo/wr_ptr_reg[0]/C	u_top/u_core/u_b/u_b_core/core/core/l5/gk.frontend/fifo/g_wide_read.g_read_slice[91].mem_slice_reg_0_3_6_11/RAMA/WADR0
-0.187	u_top/u_core/u_b/u_b_core/core/core/l5/gk.frontend/fifo/wr_ptr_reg[0]/C	u_top/u_core/u_b/u_b_core/core/core/l5/gk.frontend/fifo/g_wide_read.g_read_slice[91].mem_slice_reg_0_3_6_11/RAMA_D1/WADR0
-0.187	u_top/u_core/u_b/u_b_core/core/core/l5/gk.frontend/fifo/wr_ptr_reg[0]/C	u_top/u_core/u_b/u_b_core/core/core/l5/gk.frontend/fifo/g_wide_read.g_read_slice[91].mem_slice_reg_0_3_6_11/RAMB/WADR0
-0.187	u_top/u_core/u_b/u_b_core/core/core/l5/gk.frontend/fifo/wr_ptr_reg[0]/C	u_top/u_core/u_b/u_b_core/core/core/l5/gk.frontend/fifo/g_wide_read.g_read_slice[91].mem_slice_reg_0_3_6_11/RAMB_D1/WADR0
-0.187	u_top/u_core/u_b/u_b_core/core/core/l5/gk.frontend/fifo/wr_ptr_reg[0]/C	u_top/u_core/u_b/u_b_core/core/core/l5/gk.frontend/fifo/g_wide_read.g_read_slice[91].mem_slice_reg_0_3_6_11/RAMC/WADR0
-0.187	u_top/u_core/u_b/u_b_core/core/core/l5/gk.frontend/fifo/wr_ptr_reg[0]/C	u_top/u_core/u_b/u_b_core/core/core/l5/gk.frontend/fifo/g_wide_read.g_read_slice[91].mem_slice_reg_0_3_6_11/RAMC_D1/WADR0
-0.187	u_top/u_core/u_b/u_b_core/core/core/l5/gk.frontend/fifo/wr_ptr_reg[0]/C	u_top/u_core/u_b/u_b_core/core/core/l5/gk.frontend/fifo/g_wide_read.g_read_slice[91].mem_slice_reg_0_3_6_11/RAMD/ADR0
-0.187	u_top/u_core/u_b/u_b_core/core/core/l5/gk.frontend/fifo/wr_ptr_reg[0]/C	u_top/u_core/u_b/u_b_core/core/core/l5/gk.frontend/fifo/g_wide_read.g_read_slice[91].mem_slice_reg_0_3_6_11/RAMD_D1/ADR0
-0.186	u_top/u_core/u_b/u_b_core/core/core/l1/post/units[0].post/prelu_rounded_magnitude_s3_reg[0]/C	u_top/u_core/u_b/u_b_core/core/core/l1/post/units[0].post/requant_product_s50/B[10]
-0.185	u_top/u_core/u_b/u_b_core/core/core/l5/mac/issue/out_phase_reg[2]_replica_1/C	u_top/u_core/u_b/u_b_core/core/core/l5/mac/mac/out_lane[1].mult_lane[4].operand_pipe.act_q_reg[6]/D
-0.185	u_top/u_core/u_b/u_b_core/core/core/l5/mac/mac/tree_stage[6].valid_q_reg[7]/C	u_top/u_core/u_b/u_b_core/core/core/l5/mac/issue/out_window_reg[3230]/CE
-0.185	u_top/u_core/u_b/u_b_core/core/core/l5/mac/mac/tree_stage[6].valid_q_reg[7]/C	u_top/u_core/u_b/u_b_core/core/core/l5/mac/issue/out_window_reg[3231]/CE
-0.185	u_top/u_core/u_b/u_b_core/core/core/l5/mac/mac/tree_stage[6].valid_q_reg[7]/C	u_top/u_core/u_b/u_b_core/core/core/l5/mac/issue/out_window_reg[3232]/CE
-0.185	u_top/u_core/u_b/u_b_core/core/core/l5/mac/mac/tree_stage[6].valid_q_reg[7]/C	u_top/u_core/u_b/u_b_core/core/core/l5/mac/issue/out_window_reg[3233]/CE
-0.185	u_top/u_core/u_b/u_b_core/core/core/l5/mac/mac/tree_stage[6].valid_q_reg[7]/C	u_top/u_core/u_b/u_b_core/core/core/l5/mac/issue/out_window_reg[3234]/CE
-0.185	u_top/u_core/u_b/u_b_core/core/core/l5/mac/mac/tree_stage[6].valid_q_reg[7]/C	u_top/u_core/u_b/u_b_core/core/core/l5/mac/issue/out_window_reg[3235]/CE
-0.185	u_top/u_core/u_b/u_b_core/core/core/l5/gk.frontend/fifo/g_wide_read.g_read_slice[53].rd_ptr_local_reg[1]/C	u_top/u_core/u_b/u_b_core/core/core/l5/mac/issue/out_window_reg[3409]/D
-0.185	u_top/u_core/u_b/u_b_core/core/core/l5/mac/issue/out_phase_reg[1]_rep__16/C	u_top/u_core/u_b/u_b_core/core/core/l5/mac/mac/out_lane[3].mult_lane[48].operand_pipe.weight_q_reg[3]/D
-0.185	u_top/u_core/u_b/u_b_core/core/core/l5/mac/mac/tree_stage[6].valid_q_reg[7]/C	u_top/u_core/u_b/u_b_core/core/core/l5/mac/issue/out_window_reg[3398]/CE
-0.185	u_top/u_core/u_b/u_b_core/core/core/l5/mac/mac/tree_stage[6].valid_q_reg[7]/C	u_top/u_core/u_b/u_b_core/core/core/l5/mac/issue/out_window_reg[3399]/CE
-0.185	u_top/u_core/u_b/u_b_core/core/core/l5/mac/mac/tree_stage[6].valid_q_reg[7]/C	u_top/u_core/u_b/u_b_core/core/core/l5/mac/issue/out_window_reg[3400]/CE
-0.185	u_top/u_core/u_b/u_b_core/core/core/l5/mac/mac/tree_stage[6].valid_q_reg[7]/C	u_top/u_core/u_b/u_b_core/core/core/l5/mac/issue/out_window_reg[3401]/CE
-0.185	u_top/u_core/u_b/u_b_core/core/core/l5/mac/mac/tree_stage[6].valid_q_reg[7]/C	u_top/u_core/u_b/u_b_core/core/core/l5/mac/issue/out_window_reg[3402]/CE
-0.185	u_top/u_core/u_b/u_b_core/core/core/l5/mac/mac/tree_stage[6].valid_q_reg[7]/C	u_top/u_core/u_b/u_b_core/core/core/l5/mac/issue/out_window_reg[3403]/CE
-0.185	u_top/u_core/u_b/u_b_core/core/core/l5/mac/issue/out_phase_reg[0]_rep__11/C	u_top/u_core/u_b/u_b_core/core/core/l5/mac/mac/out_lane[2].mult_lane[49].operand_pipe.act_q_reg[0]/D
-0.184	u_top/u_core/u_b/u_b_core/core/core/l5/mac/issue/out_phase_reg[2]_rep__1/C	u_top/u_core/u_b/u_b_core/core/core/l5/mac/mac/out_lane[1].mult_lane[20].operand_pipe.act_q_reg[15]/D
-0.184	u_top/u_core/u_b/u_b_core/core/core/l5/gk.frontend/fifo/wr_ptr_reg[0]/C	u_top/u_core/u_b/u_b_core/core/core/l5/gk.frontend/fifo/g_wide_read.g_read_slice[95].mem_slice_reg_0_3_48_53/RAMA/WADR0
-0.184	u_top/u_core/u_b/u_b_core/core/core/l5/gk.frontend/fifo/wr_ptr_reg[0]/C	u_top/u_core/u_b/u_b_core/core/core/l5/gk.frontend/fifo/g_wide_read.g_read_slice[95].mem_slice_reg_0_3_48_53/RAMA_D1/WADR0
-0.184	u_top/u_core/u_b/u_b_core/core/core/l5/gk.frontend/fifo/wr_ptr_reg[0]/C	u_top/u_core/u_b/u_b_core/core/core/l5/gk.frontend/fifo/g_wide_read.g_read_slice[95].mem_slice_reg_0_3_48_53/RAMB/WADR0
-0.184	u_top/u_core/u_b/u_b_core/core/core/l5/gk.frontend/fifo/wr_ptr_reg[0]/C	u_top/u_core/u_b/u_b_core/core/core/l5/gk.frontend/fifo/g_wide_read.g_read_slice[95].mem_slice_reg_0_3_48_53/RAMB_D1/WADR0
-0.184	u_top/u_core/u_b/u_b_core/core/core/l5/gk.frontend/fifo/wr_ptr_reg[0]/C	u_top/u_core/u_b/u_b_core/core/core/l5/gk.frontend/fifo/g_wide_read.g_read_slice[95].mem_slice_reg_0_3_48_53/RAMC/WADR0
-0.184	u_top/u_core/u_b/u_b_core/core/core/l5/gk.frontend/fifo/wr_ptr_reg[0]/C	u_top/u_core/u_b/u_b_core/core/core/l5/gk.frontend/fifo/g_wide_read.g_read_slice[95].mem_slice_reg_0_3_48_53/RAMC_D1/WADR0
-0.184	u_top/u_core/u_b/u_b_core/core/core/l5/gk.frontend/fifo/wr_ptr_reg[0]/C	u_top/u_core/u_b/u_b_core/core/core/l5/gk.frontend/fifo/g_wide_read.g_read_slice[95].mem_slice_reg_0_3_48_53/RAMD/ADR0
-0.184	u_top/u_core/u_b/u_b_core/core/core/l5/gk.frontend/fifo/wr_ptr_reg[0]/C	u_top/u_core/u_b/u_b_core/core/core/l5/gk.frontend/fifo/g_wide_read.g_read_slice[95].mem_slice_reg_0_3_48_53/RAMD_D1/ADR0
-0.184	u_top/u_core/u_b/u_b_core/core/core/l5/mac/issue/out_phase_reg[0]_rep__14/C	u_top/u_core/u_b/u_b_core/core/core/l5/mac/mac/out_lane[2].mult_lane[6].operand_pipe.weight_q_reg[4]/D
-0.184	u_top/u_core/u_b/u_b_core/core/core/l5/mac/issue/out_phase_reg[2]_rep__1/C	u_top/u_core/u_b/u_b_core/core/core/l5/mac/mac/out_lane[1].mult_lane[21].operand_pipe.act_q_reg[6]/D
-0.184	u_top/u_core/u_b/u_b_core/core/core/l5/mac/mac/tree_stage[6].valid_q_reg[7]/C	u_top/u_core/u_b/u_b_core/core/core/l5/mac/mac/out_lane[1].mult_lane[36].operand_pipe.weight_q_reg[7]/R
-0.184	u_top/u_core/u_b/u_b_core/core/core/l5/mac/mac/tree_stage[6].valid_q_reg[7]/C	u_top/u_core/u_b/u_b_core/core/core/l5/mac/mac/out_lane[1].mult_lane[37].operand_pipe.weight_q_reg[3]/R
-0.184	u_top/u_core/u_b/u_b_core/core/core/shuffle/busy_reg/C	u_top/u_core/u_b/u_b_core/core/core/l5/gk.frontend/win/shift_reg[15][124]/R
-0.184	u_top/u_core/u_b/u_b_core/core/core/shuffle/busy_reg/C	u_top/u_core/u_b/u_b_core/core/core/l5/gk.frontend/win/shift_reg[15][179]/R
-0.184	u_top/u_core/u_b/u_b_core/core/core/shuffle/busy_reg/C	u_top/u_core/u_b/u_b_core/core/core/l5/gk.frontend/win/shift_reg[15][220]/R
-0.184	u_top/u_core/u_b/u_b_core/core/core/l5/mac/mac/tree_stage[6].valid_q_reg[7]/C	u_top/u_core/u_b/u_b_core/core/core/l5/mac/issue/out_window_reg[3254]/CE
-0.184	u_top/u_core/u_b/u_b_core/core/core/l5/mac/mac/tree_stage[6].valid_q_reg[7]/C	u_top/u_core/u_b/u_b_core/core/core/l5/mac/issue/out_window_reg[3255]/CE
-0.184	u_top/u_core/u_b/u_b_core/core/core/l5/mac/mac/tree_stage[6].valid_q_reg[7]/C	u_top/u_core/u_b/u_b_core/core/core/l5/mac/issue/out_window_reg[3256]/CE
-0.184	u_top/u_core/u_b/u_b_core/core/core/l5/mac/mac/tree_stage[6].valid_q_reg[7]/C	u_top/u_core/u_b/u_b_core/core/core/l5/mac/issue/out_window_reg[3257]/CE
-0.184	u_top/u_core/u_b/u_b_core/core/core/l5/mac/mac/tree_stage[6].valid_q_reg[7]/C	u_top/u_core/u_b/u_b_core/core/core/l5/mac/issue/out_window_reg[3258]/CE
-0.184	u_top/u_core/u_b/u_b_core/core/core/l5/mac/mac/tree_stage[6].valid_q_reg[7]/C	u_top/u_core/u_b/u_b_core/core/core/l5/mac/issue/out_window_reg[3259]/CE
-0.183	u_top/u_core/u_b/u_b_core/core/core/l5/mac/issue/out_window_reg[1327]/C	u_top/u_core/u_b/u_b_core/core/core/l5/mac/mac/out_lane[3].mult_lane[5].operand_pipe.act_q_reg[15]/D
-0.183	u_top/u_core/u_b/u_b_core/core/core/l1/gk.frontend/pad/interior_x_reg/C	u_top/u_core/u_b/u_b_core/core/core/l1/gk.frontend/win/bank_gen[3].mem_reg/DIADI[0]
-0.183	u_top/u_core/u_b/u_b_core/core/core/l5/mac/mac/out_lane[1].mult_lane[2].operand_pipe.act_q_reg[15]/C	u_top/u_core/u_b/u_b_core/core/core/l5/mac/mac/out_lane[1].mult_lane[2].operand_pipe.sums_q_reg[0][1][2]/A[23]
-0.183	u_top/u_core/u_b/u_b_core/core/core/l5/gk.frontend/win/bank_gen[0].mem_reg_6/CLKARDCLK	u_top/u_core/u_b/u_b_core/core/core/l5/gk.frontend/win/shift_reg[14][220]/D
-0.183	u_top/u_core/u_b/u_b_core/core/core/l5/mac/issue/out_phase_reg[2]_rep__1/C	u_top/u_core/u_b/u_b_core/core/core/l5/mac/mac/out_lane[0].mult_lane[22].operand_pipe.weight_q_reg[0]/R
-0.183	u_top/u_core/u_b/u_b_core/core/core/l5/mac/issue/out_phase_reg[0]_rep__4/C	u_top/u_core/u_b/u_b_core/core/core/l5/mac/mac/out_lane[0].mult_lane[10].operand_pipe.act_q_reg[6]/D
-0.183	u_top/u_core/u_b/u_b_core/core/core/l5/mac/mac/tree_stage[6].valid_q_reg[7]/C	u_top/u_core/u_b/u_b_core/core/core/l5/mac/mac/out_lane[0].mult_lane[49].operand_pipe.weight_q_reg[2]/S
-0.183	u_top/u_core/u_b/u_b_core/core/core/l5/gk.frontend/win/bank_gen[3].mem_reg_3/CLKARDCLK	u_top/u_core/u_b/u_b_core/core/core/l5/gk.frontend/win/shift_reg[4][112]/D
-0.183	u_top/u_core/u_b/u_b_core/core/core/shuffle/busy_reg/C	u_top/u_core/u_b/u_b_core/core/core/l5/gk.frontend/win/shift_reg[20][16]/R
-0.183	u_top/u_core/u_b/u_b_core/core/core/shuffle/busy_reg/C	u_top/u_core/u_b/u_b_core/core/core/l5/gk.frontend/win/shift_reg[20][247]/R
-0.183	u_top/u_core/u_b/u_b_core/core/core/shuffle/busy_reg/C	u_top/u_core/u_b/u_b_core/core/core/l5/gk.frontend/win/shift_reg[20][52]/R
-0.183	u_top/u_core/u_b/u_b_core/core/core/shuffle/busy_reg/C	u_top/u_core/u_b/u_b_core/core/core/l5/gk.frontend/win/shift_reg[21][108]/R
-0.183	u_top/u_core/u_b/u_b_core/core/core/shuffle/busy_reg/C	u_top/u_core/u_b/u_b_core/core/core/l5/gk.frontend/win/shift_reg[21][33]/R
-0.183	u_top/u_core/u_b/u_b_core/core/core/shuffle/busy_reg/C	u_top/u_core/u_b/u_b_core/core/core/l5/gk.frontend/win/shift_reg[21][94]/R
-0.183	u_top/u_core/u_b/u_b_core/core/core/shuffle/busy_reg/C	u_top/u_core/u_b/u_b_core/core/core/l5/gk.frontend/win/shift_reg[22][49]/R
-0.182	u_top/u_core/u_b/u_b_core/core/core/l5/gk.frontend/win/shift_reg[1][214]/C	u_top/u_core/u_b/u_b_core/core/core/l5/gk.frontend/fifo/g_wide_read.g_read_slice[7].mem_slice_reg_0_3_18_23/RAMC/I
-0.182	u_top/u_core/u_b/u_b_core/core/core/l5/gk.frontend/fifo/g_wide_read.g_read_slice[51].rd_ptr_local_reg[1]/C	u_top/u_core/u_b/u_b_core/core/core/l5/mac/issue/out_window_reg[3292]/D
-0.182	u_top/u_core/u_b/u_b_core/core/core/l5/mac/issue/out_window_reg[5602]/C	u_top/u_core/u_b/u_b_core/core/core/l5/mac/mac/out_lane[3].mult_lane[21].operand_pipe.act_q_reg[2]/D
-0.181	u_top/u_core/u_b/u_b_core/core/core/l5/mac/mac/tree_stage[6].valid_q_reg[7]/C	u_top/u_core/u_b/u_b_core/core/core/l5/gk.frontend/fifo/g_wide_read.g_read_slice[27].rd_ptr_local_reg[0]/CE
-0.181	u_top/u_core/u_b/u_b_core/core/core/l5/mac/mac/tree_stage[6].valid_q_reg[7]/C	u_top/u_core/u_b/u_b_core/core/core/l5/gk.frontend/fifo/g_wide_read.g_read_slice[27].rd_ptr_local_reg[1]/CE
-0.181	u_top/u_core/u_b/u_b_core/core/core/f45/g_narrow_read.rd_ptr_local_reg[3]/C	u_top/u_core/u_b/u_b_core/core/core/l5/gk.frontend/win/bank_gen[0].mem_reg_3/DIPADIP[0]
-0.181	u_top/u_core/u_b/u_b_core/core/core/l5/mac/issue/out_phase_reg[1]_rep__15/C	u_top/u_core/u_b/u_b_core/core/core/l5/mac/mac/out_lane[2].mult_lane[45].operand_pipe.act_q_reg[14]/D
-0.181	u_top/u_core/u_b/u_b_core/core/core/shuffle/busy_reg/C	u_top/u_core/u_b/u_b_core/core/core/l5/gk.frontend/win/shift_reg[21][57]/R
-0.181	u_top/u_core/u_b/u_b_core/core/core/l5/mac/issue/out_phase_reg[0]_rep__15/C	u_top/u_core/u_b/u_b_core/core/core/l5/mac/mac/out_lane[1].mult_lane[18].operand_pipe.weight_q_reg[1]/D
-0.181	u_top/u_core/u_b/u_b_core/core/core/f45/g_narrow_read.rd_ptr_local_reg[1]_replica_1/C	u_top/u_core/u_b/u_b_core/core/core/l5/gk.frontend/win/bank_gen[1].mem_reg_1/DIADI[20]
-0.181	u_top/u_core/u_b/u_b_core/core/core/l5/mac/issue/out_phase_reg[0]_rep__4/C	u_top/u_core/u_b/u_b_core/core/core/l5/mac/mac/out_lane[0].mult_lane[35].operand_pipe.act_q_reg[3]/D
-0.181	u_top/u_core/u_b/u_b_core/core/core/l5/mac/mac/tree_stage[6].valid_q_reg[7]/C	u_top/u_core/u_b/u_b_core/core/core/l5/mac/issue/out_window_reg[2998]/CE
-0.181	u_top/u_core/u_b/u_b_core/core/core/l5/mac/mac/tree_stage[6].valid_q_reg[7]/C	u_top/u_core/u_b/u_b_core/core/core/l5/mac/issue/out_window_reg[2999]/CE
-0.181	u_top/u_core/u_b/u_b_core/core/core/l5/mac/mac/tree_stage[6].valid_q_reg[7]/C	u_top/u_core/u_b/u_b_core/core/core/l5/mac/issue/out_window_reg[3000]/CE
-0.181	u_top/u_core/u_b/u_b_core/core/core/l5/mac/mac/tree_stage[6].valid_q_reg[7]/C	u_top/u_core/u_b/u_b_core/core/core/l5/mac/issue/out_window_reg[3001]/CE
-0.181	u_top/u_core/u_b/u_b_core/core/core/l5/mac/mac/tree_stage[6].valid_q_reg[7]/C	u_top/u_core/u_b/u_b_core/core/core/l5/mac/issue/out_window_reg[3002]/CE
-0.181	u_top/u_core/u_b/u_b_core/core/core/l5/mac/mac/tree_stage[6].valid_q_reg[7]/C	u_top/u_core/u_b/u_b_core/core/core/l5/mac/issue/out_window_reg[3003]/CE
-0.181	u_top/u_core/u_b/u_b_core/core/core/f45/g_narrow_read.rd_ptr_local_reg[0]_replica_4/C	u_top/u_core/u_b/u_b_core/core/core/l5/gk.frontend/win/bank_gen[3].mem_reg_0/DIADI[13]
-0.180	u_top/u_core/u_b/u_b_core/core/core/l5/gk.frontend/win/bank_gen[3].mem_reg_6/CLKARDCLK	u_top/u_core/u_b/u_b_core/core/core/l5/gk.frontend/win/shift_reg[14][236]/D
-0.180	u_top/u_core/u_b/u_b_core/core/core/shuffle/busy_reg/C	u_top/u_core/u_b/u_b_core/core/core/l5/gk.frontend/win/shift_reg[16][106]/R
-0.180	u_top/u_core/u_b/u_b_core/core/core/shuffle/busy_reg/C	u_top/u_core/u_b/u_b_core/core/core/l5/gk.frontend/win/shift_reg[16][241]/R
-0.180	u_top/u_core/u_b/u_b_core/core/core/shuffle/busy_reg/C	u_top/u_core/u_b/u_b_core/core/core/l5/gk.frontend/win/shift_reg[17][115]/R
-0.180	u_top/u_core/u_b/u_b_core/core/core/shuffle/busy_reg/C	u_top/u_core/u_b/u_b_core/core/core/l5/gk.frontend/win/shift_reg[17][42]/R
-0.180	u_top/u_core/u_b/u_b_core/core/core/shuffle/busy_reg/C	u_top/u_core/u_b/u_b_core/core/core/l5/gk.frontend/win/shift_reg[17][65]/R
-0.180	u_top/u_core/u_b/u_b_core/core/core/shuffle/busy_reg/C	u_top/u_core/u_b/u_b_core/core/core/l5/gk.frontend/win/shift_reg[17][66]/R
-0.180	u_top/u_core/u_b/u_b_core/core/core/shuffle/busy_reg/C	u_top/u_core/u_b/u_b_core/core/core/l5/gk.frontend/win/shift_reg[18][129]/R
-0.180	u_top/u_core/u_b/u_b_core/core/core/shuffle/busy_reg/C	u_top/u_core/u_b/u_b_core/core/core/l5/gk.frontend/win/shift_reg[18][87]/R
-0.180	u_top/u_core/u_b/u_b_core/core/core/l5/gk.frontend/win/bank_gen[1].mem_reg_3/CLKARDCLK	u_top/u_core/u_b/u_b_core/core/core/l5/gk.frontend/win/shift_reg[9][137]/D
-0.180	u_top/u_core/u_b/u_b_core/core/core/l5/mac/issue/out_phase_reg[0]_rep__6/C	u_top/u_core/u_b/u_b_core/core/core/l5/mac/mac/out_lane[2].mult_lane[15].operand_pipe.act_q_reg[8]/D
-0.179	u_top/u_core/u_b/u_b_core/core/core/l4/post/read_slot_reg/C	u_top/u_core/u_b/u_b_core/core/core/f45/g_narrow_read.mem_reg_0_31_144_149/RAMA/I
-0.179	u_top/u_core/u_b/u_b_core/core/core/l5/mac/issue/out_phase_reg[0]_rep__11/C	u_top/u_core/u_b/u_b_core/core/core/l5/mac/mac/out_lane[0].mult_lane[24].operand_pipe.act_q_reg[12]/D
-0.179	u_top/u_core/u_b/u_b_core/core/core/l5/mac/issue/out_phase_reg[0]_rep__15/C	u_top/u_core/u_b/u_b_core/core/core/l5/mac/mac/out_lane[2].mult_lane[25].operand_pipe.weight_q_reg[2]/D
-0.179	u_top/u_core/u_b/u_b_core/core/core/shuffle/busy_reg/C	u_top/u_core/u_b/u_b_core/core/core/l5/gk.frontend/win/shift_reg[15][31]/R
-0.179	u_top/u_core/u_b/u_b_core/core/core/shuffle/busy_reg/C	u_top/u_core/u_b/u_b_core/core/core/l5/gk.frontend/win/shift_reg[0][241]/R
-0.179	u_top/u_core/u_b/u_b_core/core/core/shuffle/busy_reg/C	u_top/u_core/u_b/u_b_core/core/core/l5/gk.frontend/win/shift_reg[0][38]/R
-0.179	u_top/u_core/u_b/u_b_core/core/core/shuffle/busy_reg/C	u_top/u_core/u_b/u_b_core/core/core/l5/gk.frontend/win/shift_reg[0][83]/R
-0.179	u_top/u_core/u_b/u_b_core/core/core/shuffle/busy_reg/C	u_top/u_core/u_b/u_b_core/core/core/l5/gk.frontend/win/shift_reg[0][85]/R
-0.179	u_top/u_core/u_b/u_b_core/core/core/shuffle/busy_reg/C	u_top/u_core/u_b/u_b_core/core/core/l5/gk.frontend/win/shift_reg[1][212]/R
-0.179	u_top/u_core/u_b/u_b_core/core/core/l5/mac/mac/tree_stage[6].valid_q_reg[7]/C	u_top/u_core/u_b/u_b_core/core/core/l5/mac/mac/out_lane[2].mult_lane[39].operand_pipe.act_q_reg[3]/CE
-0.179	u_top/u_core/u_b/u_b_core/core/core/shuffle/busy_reg/C	u_top/u_core/u_b/u_b_core/core/core/l5/gk.frontend/win/shift_reg[21][175]/R
-0.179	u_top/u_core/u_b/u_b_core/core/core/shuffle/busy_reg/C	u_top/u_core/u_b/u_b_core/core/core/l5/gk.frontend/win/shift_reg[21][207]/R
-0.179	u_top/u_core/u_b/u_b_core/core/core/shuffle/busy_reg/C	u_top/u_core/u_b/u_b_core/core/core/l5/gk.frontend/win/shift_reg[22][164]/R
-0.179	u_top/u_core/u_b/u_b_core/core/core/l5/gk.frontend/pad/interior_x_reg/C	u_top/u_core/u_b/u_b_core/core/core/l5/gk.frontend/win/bank_gen[2].mem_reg_2/DIADI[19]
-0.178	u_top/u_core/u_b/u_b_core/core/core/l5/mac/issue/out_phase_reg[1]_rep/C	u_top/u_core/u_b/u_b_core/core/core/l5/mac/mac/out_lane[2].mult_lane[17].operand_pipe.weight_q_reg[7]/D
-0.178	u_top/u_core/u_b/u_b_core/core/core/l5/mac/issue/out_phase_reg[2]_rep__3/C	u_top/u_core/u_b/u_b_core/core/core/l5/mac/mac/out_lane[3].mult_lane[19].operand_pipe.weight_q_reg[0]/D
-0.178	u_top/u_core/u_b/u_b_core/core/core/f45/g_narrow_read.rd_ptr_local_reg[4]/C	u_top/u_core/u_b/u_b_core/core/core/l5/gk.frontend/win/bank_gen[0].mem_reg_2/DIADI[22]
-0.178	u_top/u_core/u_b/u_b_core/core/core/l5/mac/issue/out_phase_reg[1]_rep__6/C	u_top/u_core/u_b/u_b_core/core/core/l5/mac/mac/out_lane[2].mult_lane[11].operand_pipe.act_q_reg[2]/D
-0.177	u_top/u_core/u_b/u_b_core/core/core/l5/mac/mac/tree_stage[6].valid_q_reg[7]/C	u_top/u_core/u_b/u_b_core/core/core/l5/mac/mac/tree_stage[2].channel[2].node[5].pair.sums_q_reg[2][2][5][4]/CE
-0.177	u_top/u_core/u_b/u_b_core/core/core/l5/mac/mac/tree_stage[6].valid_q_reg[7]/C	u_top/u_core/u_b/u_b_core/core/core/l5/mac/mac/tree_stage[2].channel[2].node[5].pair.sums_q_reg[2][2][5][5]/CE
-0.177	u_top/u_core/u_b/u_b_core/core/core/l5/mac/mac/tree_stage[6].valid_q_reg[7]/C	u_top/u_core/u_b/u_b_core/core/core/l5/mac/mac/tree_stage[2].channel[2].node[5].pair.sums_q_reg[2][2][5][6]/CE
-0.177	u_top/u_core/u_b/u_b_core/core/core/l5/mac/mac/tree_stage[6].valid_q_reg[7]/C	u_top/u_core/u_b/u_b_core/core/core/l5/mac/mac/tree_stage[2].channel[2].node[5].pair.sums_q_reg[2][2][5][7]/CE
-0.177	u_top/u_core/u_b/u_b_core/core/core/l5/mac/issue/out_phase_reg[1]_rep__15/C	u_top/u_core/u_b/u_b_core/core/core/l5/mac/mac/out_lane[3].mult_lane[47].operand_pipe.act_q_reg[11]/D
-0.176	u_top/u_core/u_b/u_b_core/core/core/shuffle/busy_reg/C	u_top/u_core/u_b/u_b_core/core/core/l5/gk.frontend/win/shift_reg[1][203]/R
-0.176	u_top/u_core/u_b/u_b_core/core/core/l5/mac/mac/tree_stage[6].valid_q_reg[7]/C	u_top/u_core/u_b/u_b_core/core/core/l5/mac/issue/out_window_reg[3736]/CE
-0.176	u_top/u_core/u_b/u_b_core/core/core/l5/mac/mac/tree_stage[6].valid_q_reg[7]/C	u_top/u_core/u_b/u_b_core/core/core/l5/mac/issue/out_window_reg[3737]/CE
-0.176	u_top/u_core/u_b/u_b_core/core/core/l5/mac/mac/tree_stage[6].valid_q_reg[7]/C	u_top/u_core/u_b/u_b_core/core/core/l5/mac/issue/out_window_reg[3738]/CE
-0.176	u_top/u_core/u_b/u_b_core/core/core/l5/mac/mac/tree_stage[6].valid_q_reg[7]/C	u_top/u_core/u_b/u_b_core/core/core/l5/mac/issue/out_window_reg[3739]/CE
-0.176	u_top/u_core/u_b/u_b_core/core/core/l5/mac/mac/tree_stage[6].valid_q_reg[7]/C	u_top/u_core/u_b/u_b_core/core/core/l5/mac/issue/out_window_reg[3740]/CE
-0.176	u_top/u_core/u_b/u_b_core/core/core/l5/mac/mac/tree_stage[6].valid_q_reg[7]/C	u_top/u_core/u_b/u_b_core/core/core/l5/mac/issue/out_window_reg[3741]/CE
-0.176	u_top/u_core/u_b/u_b_core/core/core/l5/gk.frontend/win/bank_gen[0].mem_reg_6/CLKARDCLK	u_top/u_core/u_b/u_b_core/core/core/l5/gk.frontend/win/shift_reg[4][232]/D
-0.176	u_top/u_core/u_b/u_b_core/core/core/l5/mac/mac/tree_stage[6].valid_q_reg[7]/C	u_top/u_core/u_b/u_b_core/core/core/l5/mac/issue/out_window_reg[1660]/CE
-0.176	u_top/u_core/u_b/u_b_core/core/core/l5/mac/mac/tree_stage[6].valid_q_reg[7]/C	u_top/u_core/u_b/u_b_core/core/core/l5/mac/issue/out_window_reg[1661]/CE
-0.176	u_top/u_core/u_b/u_b_core/core/core/l5/mac/mac/tree_stage[6].valid_q_reg[7]/C	u_top/u_core/u_b/u_b_core/core/core/l5/mac/issue/out_window_reg[1662]/CE
-0.176	u_top/u_core/u_b/u_b_core/core/core/l5/mac/mac/tree_stage[6].valid_q_reg[7]/C	u_top/u_core/u_b/u_b_core/core/core/l5/mac/issue/out_window_reg[1663]/CE
-0.176	u_top/u_core/u_b/u_b_core/core/core/l5/mac/issue/out_phase_reg[2]_rep__8/C	u_top/u_core/u_b/u_b_core/core/core/l5/mac/mac/out_lane[3].mult_lane[37].operand_pipe.weight_q_reg[3]/D
-0.176	u_top/u_core/u_b/u_b_core/core/core/l5/mac/issue/out_phase_reg[0]_rep__4/C	u_top/u_core/u_b/u_b_core/core/core/l5/mac/mac/out_lane[0].mult_lane[10].operand_pipe.act_q_reg[15]/D
-0.175	u_top/u_core/u_b/u_b_core/core/core/l5/mac/mac/tree_stage[6].valid_q_reg[7]/C	u_top/u_core/u_b/u_b_core/core/core/l5/mac/mac/out_lane[3].mult_lane[43].operand_pipe.act_q_reg[15]/CE
-0.175	u_top/u_core/u_b/u_b_core/core/core/l5/mac/mac/tree_stage[6].valid_q_reg[7]/C	u_top/u_core/u_b/u_b_core/core/core/l5/mac/mac/out_lane[3].mult_lane[43].operand_pipe.act_q_reg[4]/CE
-0.175	u_top/u_core/u_b/u_b_core/core/core/l5/mac/mac/tree_stage[6].valid_q_reg[7]/C	u_top/u_core/u_b/u_b_core/core/core/l5/mac/mac/out_lane[3].mult_lane[43].operand_pipe.act_q_reg[5]/CE
-0.175	u_top/u_core/u_b/u_b_core/core/core/l5/gk.frontend/win/col_reg[8]/C	u_top/u_core/u_b/u_b_core/core/core/l5/gk.frontend/win/bank_gen[3].mem_reg_7/ADDRARDADDR[12]
-0.175	u_top/u_core/u_b/u_b_core/core/core/l5/mac/issue/out_phase_reg[2]_rep__5/C	u_top/u_core/u_b/u_b_core/core/core/l5/mac/mac/out_lane[3].mult_lane[27].operand_pipe.weight_q_reg[2]/D
-0.175	u_top/u_core/u_b/u_b_core/core/core/l5/mac/mac/tree_stage[3].valid_q_reg[4]/C	u_top/u_core/u_b/u_b_core/core/core/l5/mac/mac/tree_stage[3].channel[0].node[3].pair.sums_q_reg[3][0][3][16]/CE
-0.175	u_top/u_core/u_b/u_b_core/core/core/l5/mac/mac/tree_stage[3].valid_q_reg[4]/C	u_top/u_core/u_b/u_b_core/core/core/l5/mac/mac/tree_stage[3].channel[0].node[3].pair.sums_q_reg[3][0][3][17]/CE
-0.175	u_top/u_core/u_b/u_b_core/core/core/l5/mac/mac/tree_stage[3].valid_q_reg[4]/C	u_top/u_core/u_b/u_b_core/core/core/l5/mac/mac/tree_stage[3].channel[0].node[3].pair.sums_q_reg[3][0][3][18]/CE
-0.175	u_top/u_core/u_b/u_b_core/core/core/l5/mac/mac/tree_stage[3].valid_q_reg[4]/C	u_top/u_core/u_b/u_b_core/core/core/l5/mac/mac/tree_stage[3].channel[0].node[3].pair.sums_q_reg[3][0][3][19]/CE
-0.175	u_top/u_core/u_b/u_b_core/core/core/l5/gk.frontend/pending1_reg_replica_18/C	u_top/u_core/u_b/u_b_core/core/core/l5/gk.frontend/win/shift_reg[22][202]/CE
-0.175	u_top/u_core/u_b/u_b_core/core/core/l5/gk.frontend/pending1_reg_replica_18/C	u_top/u_core/u_b/u_b_core/core/core/l5/gk.frontend/win/shift_reg[22][255]/CE
-0.175	u_top/u_core/u_b/u_b_core/core/core/l5/gk.frontend/pending1_reg_replica_18/C	u_top/u_core/u_b/u_b_core/core/core/l5/gk.frontend/win/shift_reg[23][105]/CE
-0.175	u_top/u_core/u_b/u_b_core/core/core/l5/gk.frontend/pending1_reg_replica_18/C	u_top/u_core/u_b/u_b_core/core/core/l5/gk.frontend/win/shift_reg[23][173]/CE
-0.175	u_top/u_core/u_b/u_b_core/core/core/l5/gk.frontend/pending1_reg_replica_18/C	u_top/u_core/u_b/u_b_core/core/core/l5/gk.frontend/win/shift_reg[23][196]/CE
-0.175	u_top/u_core/u_b/u_b_core/core/core/l5/gk.frontend/pending1_reg_replica_18/C	u_top/u_core/u_b/u_b_core/core/core/l5/gk.frontend/win/shift_reg[23][233]/CE
-0.175	u_top/u_core/u_b/u_b_core/core/core/l5/gk.frontend/pending1_reg_replica_18/C	u_top/u_core/u_b/u_b_core/core/core/l5/gk.frontend/win/shift_reg[23][255]/CE
-0.175	u_top/u_core/u_b/u_b_core/core/core/l5/gk.frontend/pending1_reg_replica_18/C	u_top/u_core/u_b/u_b_core/core/core/l5/gk.frontend/win/shift_reg[23][40]/CE
-0.175	u_top/u_core/u_b/u_b_core/core/core/shuffle/busy_reg/C	u_top/u_core/u_b/u_b_core/core/core/l5/gk.frontend/win/shift_reg[21][187]/R
-0.175	u_top/u_core/u_b/u_b_core/core/core/shuffle/busy_reg/C	u_top/u_core/u_b/u_b_core/core/core/l5/gk.frontend/win/shift_reg[21][226]/R
-0.175	u_top/u_core/u_b/u_b_core/core/core/shuffle/busy_reg/C	u_top/u_core/u_b/u_b_core/core/core/l5/gk.frontend/win/shift_reg[20][31]/R
-0.175	u_top/u_core/u_b/u_b_core/core/core/l5/gk.frontend/win/row_mod_d_reg[0]_rep__3/C	u_top/u_core/u_b/u_b_core/core/core/l5/gk.frontend/win/shift_reg[4][72]/D
-0.175	u_top/u_core/u_b/u_b_core/core/core/shuffle/busy_reg/C	u_top/u_core/u_b/u_b_core/core/core/l5/gk.frontend/win/shift_reg[21][135]/R
-0.175	u_top/u_core/u_b/u_b_core/core/core/l5/gk.frontend/fifo/wr_ptr_reg[1]/C	u_top/u_core/u_b/u_b_core/core/core/l5/gk.frontend/fifo/g_wide_read.g_read_slice[95].mem_slice_reg_0_3_54_59/RAMA/WADR1
-0.175	u_top/u_core/u_b/u_b_core/core/core/l5/gk.frontend/fifo/wr_ptr_reg[1]/C	u_top/u_core/u_b/u_b_core/core/core/l5/gk.frontend/fifo/g_wide_read.g_read_slice[95].mem_slice_reg_0_3_54_59/RAMA_D1/WADR1
-0.175	u_top/u_core/u_b/u_b_core/core/core/l5/gk.frontend/fifo/wr_ptr_reg[1]/C	u_top/u_core/u_b/u_b_core/core/core/l5/gk.frontend/fifo/g_wide_read.g_read_slice[95].mem_slice_reg_0_3_54_59/RAMB/WADR1
-0.175	u_top/u_core/u_b/u_b_core/core/core/l5/gk.frontend/fifo/wr_ptr_reg[1]/C	u_top/u_core/u_b/u_b_core/core/core/l5/gk.frontend/fifo/g_wide_read.g_read_slice[95].mem_slice_reg_0_3_54_59/RAMB_D1/WADR1
-0.175	u_top/u_core/u_b/u_b_core/core/core/l5/gk.frontend/fifo/wr_ptr_reg[1]/C	u_top/u_core/u_b/u_b_core/core/core/l5/gk.frontend/fifo/g_wide_read.g_read_slice[95].mem_slice_reg_0_3_54_59/RAMC/WADR1
-0.175	u_top/u_core/u_b/u_b_core/core/core/l5/gk.frontend/fifo/wr_ptr_reg[1]/C	u_top/u_core/u_b/u_b_core/core/core/l5/gk.frontend/fifo/g_wide_read.g_read_slice[95].mem_slice_reg_0_3_54_59/RAMC_D1/WADR1
-0.175	u_top/u_core/u_b/u_b_core/core/core/l5/gk.frontend/fifo/wr_ptr_reg[1]/C	u_top/u_core/u_b/u_b_core/core/core/l5/gk.frontend/fifo/g_wide_read.g_read_slice[95].mem_slice_reg_0_3_54_59/RAMD/ADR1
-0.175	u_top/u_core/u_b/u_b_core/core/core/l5/gk.frontend/fifo/wr_ptr_reg[1]/C	u_top/u_core/u_b/u_b_core/core/core/l5/gk.frontend/fifo/g_wide_read.g_read_slice[95].mem_slice_reg_0_3_54_59/RAMD_D1/ADR1
-0.174	u_top/u_core/u_b/u_b_core/core/core/l5/mac/issue/out_phase_reg[2]_rep__1/C	u_top/u_core/u_b/u_b_core/core/core/l5/mac/mac/out_lane[2].mult_lane[46].operand_pipe.act_q_reg[8]/D
-0.174	u_top/u_core/u_b/u_b_core/core/core/l5/gk.frontend/pad/interior_x_reg/C	u_top/u_core/u_b/u_b_core/core/core/l5/gk.frontend/win/bank_gen[0].mem_reg_2/DIADI[1]
-0.174	u_top/u_core/u_b/u_b_core/core/core/l4/post/read_slot_reg/C	u_top/u_core/u_b/u_b_core/core/core/f45/g_narrow_read.mem_reg_0_31_156_161/RAMB/I
-0.174	u_top/u_core/u_b/u_b_core/core/core/f45/g_narrow_read.rd_ptr_local_reg[3]/C	u_top/u_core/u_b/u_b_core/core/core/l5/gk.frontend/win/bank_gen[0].mem_reg_3/DIADI[14]
-0.174	u_top/u_core/u_b/u_b_core/core/core/l5/gk.frontend/win/bank_gen[0].mem_reg_3/CLKARDCLK	u_top/u_core/u_b/u_b_core/core/core/l5/gk.frontend/win/shift_reg[14][108]/D
-0.174	u_top/u_core/u_b/u_b_core/core/core/l5/gk.frontend/pending1_reg_replica_3/C	u_top/u_core/u_b/u_b_core/core/core/l5/gk.frontend/win/shift_reg[21][114]/CE
-0.174	u_top/u_core/u_b/u_b_core/core/core/l5/gk.frontend/pending1_reg_replica_3/C	u_top/u_core/u_b/u_b_core/core/core/l5/gk.frontend/win/shift_reg[22][162]/CE
-0.174	u_top/u_core/u_b/u_b_core/core/core/l5/mac/issue/out_window_reg[5603]/C	u_top/u_core/u_b/u_b_core/core/core/l5/mac/mac/out_lane[3].mult_lane[21].operand_pipe.act_q_reg[3]/D
-0.174	u_top/u_core/u_pp/u_bank1/mem_reg_bram_10/CLKBWRCLK	u_top/u_core/u_pp/u_bank1/rd_data_reg[4]/D
-0.174	u_top/u_core/u_b/u_b_core/core/core/l5/mac/issue/out_phase_reg[1]_rep__2/C	u_top/u_core/u_b/u_b_core/core/core/l5/mac/mac/out_lane[3].mult_lane[1].operand_pipe.act_q_reg[7]/D
-0.173	u_top/u_core/u_b/u_b_core/core/core/l5/mac/issue/out_phase_reg[2]_rep__3/C	u_top/u_core/u_b/u_b_core/core/core/l5/mac/mac/out_lane[1].mult_lane[18].operand_pipe.act_q_reg[10]/D
-0.173	u_top/u_core/u_b/u_b_core/core/core/l5/mac/mac/tree_stage[3].valid_q_reg[4]/C	u_top/u_core/u_b/u_b_core/core/core/l5/mac/mac/tree_stage[3].channel[3].node[1].pair.sums_q_reg[3][3][1][0]/CE
-0.173	u_top/u_core/u_b/u_b_core/core/core/l5/mac/mac/tree_stage[3].valid_q_reg[4]/C	u_top/u_core/u_b/u_b_core/core/core/l5/mac/mac/tree_stage[3].channel[3].node[1].pair.sums_q_reg[3][3][1][1]/CE
-0.173	u_top/u_core/u_b/u_b_core/core/core/l5/mac/mac/tree_stage[3].valid_q_reg[4]/C	u_top/u_core/u_b/u_b_core/core/core/l5/mac/mac/tree_stage[3].channel[3].node[1].pair.sums_q_reg[3][3][1][2]/CE
-0.173	u_top/u_core/u_b/u_b_core/core/core/l5/mac/mac/tree_stage[3].valid_q_reg[4]/C	u_top/u_core/u_b/u_b_core/core/core/l5/mac/mac/tree_stage[3].channel[3].node[1].pair.sums_q_reg[3][3][1][3]/CE
-0.173	u_top/u_core/u_b/u_b_core/core/core/l5/gk.frontend/fifo/wr_ptr_reg[0]_rep__5/C	u_top/u_core/u_b/u_b_core/core/core/l5/gk.frontend/fifo/g_wide_read.g_read_slice[5].mem_slice_reg_0_3_12_17/RAMA/WADR0
-0.173	u_top/u_core/u_b/u_b_core/core/core/l5/gk.frontend/fifo/wr_ptr_reg[0]_rep__5/C	u_top/u_core/u_b/u_b_core/core/core/l5/gk.frontend/fifo/g_wide_read.g_read_slice[5].mem_slice_reg_0_3_12_17/RAMA_D1/WADR0
-0.173	u_top/u_core/u_b/u_b_core/core/core/l5/gk.frontend/fifo/wr_ptr_reg[0]_rep__5/C	u_top/u_core/u_b/u_b_core/core/core/l5/gk.frontend/fifo/g_wide_read.g_read_slice[5].mem_slice_reg_0_3_12_17/RAMB/WADR0
-0.173	u_top/u_core/u_b/u_b_core/core/core/l5/gk.frontend/fifo/wr_ptr_reg[0]_rep__5/C	u_top/u_core/u_b/u_b_core/core/core/l5/gk.frontend/fifo/g_wide_read.g_read_slice[5].mem_slice_reg_0_3_12_17/RAMB_D1/WADR0
-0.173	u_top/u_core/u_b/u_b_core/core/core/l5/gk.frontend/fifo/wr_ptr_reg[0]_rep__5/C	u_top/u_core/u_b/u_b_core/core/core/l5/gk.frontend/fifo/g_wide_read.g_read_slice[5].mem_slice_reg_0_3_12_17/RAMC/WADR0
-0.173	u_top/u_core/u_b/u_b_core/core/core/l5/gk.frontend/fifo/wr_ptr_reg[0]_rep__5/C	u_top/u_core/u_b/u_b_core/core/core/l5/gk.frontend/fifo/g_wide_read.g_read_slice[5].mem_slice_reg_0_3_12_17/RAMC_D1/WADR0
-0.173	u_top/u_core/u_b/u_b_core/core/core/l5/gk.frontend/fifo/wr_ptr_reg[0]_rep__5/C	u_top/u_core/u_b/u_b_core/core/core/l5/gk.frontend/fifo/g_wide_read.g_read_slice[5].mem_slice_reg_0_3_12_17/RAMD/ADR0
-0.173	u_top/u_core/u_b/u_b_core/core/core/l5/gk.frontend/fifo/wr_ptr_reg[0]_rep__5/C	u_top/u_core/u_b/u_b_core/core/core/l5/gk.frontend/fifo/g_wide_read.g_read_slice[5].mem_slice_reg_0_3_12_17/RAMD_D1/ADR0
-0.173	u_top/u_core/u_b/u_b_core/core/core/l5/mac/issue/out_phase_reg[2]_rep__3/C	u_top/u_core/u_b/u_b_core/core/core/l5/mac/mac/out_lane[0].mult_lane[16].operand_pipe.act_q_reg[0]/D
-0.173	u_top/u_core/u_pp/u_bank0/mem_reg_bram_0/CLKBWRCLK	u_top/u_core/u_pp/u_bank0/rd_data_reg[5]/D
-0.173	u_top/u_core/u_b/u_b_core/core/core/shuffle/busy_reg/C	u_top/u_core/u_b/u_b_core/core/core/l5/gk.frontend/win/shift_reg[10][120]/R
-0.173	u_top/u_core/u_b/u_b_core/core/core/shuffle/busy_reg/C	u_top/u_core/u_b/u_b_core/core/core/l5/gk.frontend/win/shift_reg[10][28]/R
-0.173	u_top/u_core/u_b/u_b_core/core/core/shuffle/busy_reg/C	u_top/u_core/u_b/u_b_core/core/core/l5/gk.frontend/win/shift_reg[22][13]/R
-0.173	u_top/u_core/u_b/u_b_core/core/core/shuffle/busy_reg/C	u_top/u_core/u_b/u_b_core/core/core/l5/gk.frontend/win/shift_reg[22][206]/R
-0.172	u_top/u_core/u_b/u_b_core/core/core/l5/mac/mac/tree_stage[6].valid_q_reg[7]/C	u_top/u_core/u_b/u_b_core/core/core/l5/mac/mac/tree_stage[1].channel[2].node[12].pair.sums_q_reg[1][2][12][4]/CE
-0.172	u_top/u_core/u_b/u_b_core/core/core/l5/mac/mac/tree_stage[6].valid_q_reg[7]/C	u_top/u_core/u_b/u_b_core/core/core/l5/mac/mac/tree_stage[1].channel[2].node[12].pair.sums_q_reg[1][2][12][5]/CE
-0.172	u_top/u_core/u_b/u_b_core/core/core/l5/mac/mac/tree_stage[6].valid_q_reg[7]/C	u_top/u_core/u_b/u_b_core/core/core/l5/mac/mac/tree_stage[1].channel[2].node[12].pair.sums_q_reg[1][2][12][6]/CE
-0.172	u_top/u_core/u_b/u_b_core/core/core/l5/mac/mac/tree_stage[6].valid_q_reg[7]/C	u_top/u_core/u_b/u_b_core/core/core/l5/mac/mac/tree_stage[1].channel[2].node[12].pair.sums_q_reg[1][2][12][7]/CE
-0.172	u_top/u_core/u_b/u_b_core/core/core/l5/mac/mac/tree_stage[6].valid_q_reg[7]/C	u_top/u_core/u_b/u_b_core/core/core/l5/mac/issue/out_window_reg[1170]/CE
-0.172	u_top/u_core/u_b/u_b_core/core/core/l5/mac/mac/tree_stage[6].valid_q_reg[7]/C	u_top/u_core/u_b/u_b_core/core/core/l5/mac/issue/out_window_reg[1171]/CE
-0.172	u_top/u_core/u_b/u_b_core/core/core/l5/mac/mac/tree_stage[6].valid_q_reg[7]/C	u_top/u_core/u_b/u_b_core/core/core/l5/mac/issue/out_window_reg[1172]/CE
-0.172	u_top/u_core/u_b/u_b_core/core/core/l5/mac/mac/tree_stage[6].valid_q_reg[7]/C	u_top/u_core/u_b/u_b_core/core/core/l5/mac/issue/out_window_reg[1173]/CE
-0.172	u_top/u_core/u_b/u_b_core/core/core/l5/mac/mac/tree_stage[6].valid_q_reg[7]/C	u_top/u_core/u_b/u_b_core/core/core/l5/mac/issue/out_window_reg[1174]/CE
-0.172	u_top/u_core/u_b/u_b_core/core/core/l5/mac/mac/tree_stage[6].valid_q_reg[7]/C	u_top/u_core/u_b/u_b_core/core/core/l5/mac/issue/out_window_reg[1175]/CE
-0.172	u_top/u_core/u_b/u_b_core/core/core/l5/mac/mac/tree_stage[6].valid_q_reg[7]/C	u_top/u_core/u_b/u_b_core/core/core/l5/mac/issue/out_window_reg[1374]/CE
-0.172	u_top/u_core/u_b/u_b_core/core/core/l5/mac/mac/tree_stage[6].valid_q_reg[7]/C	u_top/u_core/u_b/u_b_core/core/core/l5/mac/issue/out_window_reg[1375]/CE
-0.172	u_top/u_core/u_b/u_b_core/core/core/l5/mac/mac/tree_stage[6].valid_q_reg[7]/C	u_top/u_core/u_b/u_b_core/core/core/l5/mac/issue/out_window_reg[1376]/CE
-0.172	u_top/u_core/u_b/u_b_core/core/core/l5/mac/mac/tree_stage[6].valid_q_reg[7]/C	u_top/u_core/u_b/u_b_core/core/core/l5/mac/issue/out_window_reg[1377]/CE
-0.172	u_top/u_core/u_b/u_b_core/core/core/l5/mac/mac/tree_stage[6].valid_q_reg[7]/C	u_top/u_core/u_b/u_b_core/core/core/l5/mac/issue/out_window_reg[1378]/CE
-0.172	u_top/u_core/u_b/u_b_core/core/core/l5/mac/mac/tree_stage[6].valid_q_reg[7]/C	u_top/u_core/u_b/u_b_core/core/core/l5/mac/issue/out_window_reg[1379]/CE
-0.172	u_top/u_core/u_b/u_b_core/core/core/l1/gk.frontend/pad/interior_x_reg/C	u_top/u_core/u_b/u_b_core/core/core/l1/gk.frontend/win/bank_gen[2].mem_reg/DIADI[0]
-0.172	u_top/u_core/u_b/u_b_core/core/core/l5/mac/issue/out_phase_reg[0]_rep__4/C	u_top/u_core/u_b/u_b_core/core/core/l5/mac/mac/out_lane[2].mult_lane[35].operand_pipe.act_q_reg[3]/D
-0.172	u_top/u_core/u_b/u_b_core/core/core/l5/mac/issue/out_phase_reg[0]_rep__11/C	u_top/u_core/u_b/u_b_core/core/core/l5/mac/mac/out_lane[1].mult_lane[23].operand_pipe.act_q_reg[1]/D
-0.171	u_top/u_core/u_b/u_b_core/core/core/l5/gk.frontend/win/row_mod_d_reg[1]_rep__1/C	u_top/u_core/u_b/u_b_core/core/core/l5/gk.frontend/win/shift_reg[9][195]/D
-0.171	u_top/u_core/u_b/u_b_core/core/core/l5/mac/issue/out_window_reg[2982]/C	u_top/u_core/u_b/u_b_core/core/core/l5/mac/mac/out_lane[1].mult_lane[11].operand_pipe.act_q_reg[6]/D
-0.171	u_top/u_core/u_b/u_b_core/core/core/l5/gk.frontend/pending1_reg_replica_4/C	u_top/u_core/u_b/u_b_core/core/core/l5/gk.frontend/win/shift_reg[10][243]/CE
-0.171	u_top/u_core/u_b/u_b_core/core/core/l5/gk.frontend/pending1_reg_replica_4/C	u_top/u_core/u_b/u_b_core/core/core/l5/gk.frontend/win/shift_reg[20][158]/CE
-0.171	u_top/u_core/u_b/u_b_core/core/core/l5/mac/issue/out_window_reg[6126]/C	u_top/u_core/u_b/u_b_core/core/core/l5/mac/mac/out_lane[1].mult_lane[23].operand_pipe.act_q_reg[14]/D
-0.171	u_top/u_core/u_b/u_b_core/core/core/l5/gk.frontend/pad/interior_x_reg/C	u_top/u_core/u_b/u_b_core/core/core/l5/gk.frontend/win/bank_gen[1].mem_reg_6/DIADI[14]
-0.171	u_top/u_core/u_b/u_b_core/core/core/l5/mac/issue/out_phase_reg[2]_rep__3/C	u_top/u_core/u_b/u_b_core/core/core/l5/mac/mac/out_lane[2].mult_lane[16].operand_pipe.act_q_reg[15]/D
-0.171	u_top/u_core/u_b/u_b_core/core/core/f45/g_narrow_read.rd_ptr_local_reg[0]_replica_1/C	u_top/u_core/u_b/u_b_core/core/core/l5/gk.frontend/win/bank_gen[0].mem_reg_3/DIADI[8]
-0.170	u_top/u_core/u_b/u_b_core/core/core/shuffle/busy_reg/C	u_top/u_core/u_b/u_b_core/core/core/l5/gk.frontend/fifo/g_wide_read.g_read_slice[35].rd_ptr_local_reg[0]/R
-0.170	u_top/u_core/u_b/u_b_core/core/core/shuffle/busy_reg/C	u_top/u_core/u_b/u_b_core/core/core/l5/gk.frontend/fifo/g_wide_read.g_read_slice[35].rd_ptr_local_reg[1]/R
-0.170	u_top/u_core/u_b/u_b_core/core/core/l5/mac/issue/out_phase_reg[1]_rep__15/C	u_top/u_core/u_b/u_b_core/core/core/l5/mac/mac/out_lane[2].mult_lane[47].operand_pipe.act_q_reg[11]/D
-0.170	u_top/u_core/u_b/u_b_core/core/core/shuffle/busy_reg/C	u_top/u_core/u_b/u_b_core/core/core/l5/gk.frontend/win/shift_reg[11][134]/R
-0.170	u_top/u_core/u_b/u_b_core/core/core/shuffle/busy_reg/C	u_top/u_core/u_b/u_b_core/core/core/l5/gk.frontend/win/shift_reg[12][128]/R
-0.170	u_top/u_core/u_b/u_b_core/core/core/shuffle/busy_reg/C	u_top/u_core/u_b/u_b_core/core/core/l5/gk.frontend/win/shift_reg[12][132]/R
-0.170	u_top/u_core/u_b/u_b_core/core/core/shuffle/busy_reg/C	u_top/u_core/u_b/u_b_core/core/core/l5/gk.frontend/win/shift_reg[12][134]/R
-0.170	u_top/u_core/u_b/u_b_core/core/core/shuffle/busy_reg/C	u_top/u_core/u_b/u_b_core/core/core/l5/gk.frontend/win/shift_reg[12][137]/R
-0.170	u_top/u_core/u_b/u_b_core/core/core/shuffle/busy_reg/C	u_top/u_core/u_b/u_b_core/core/core/l5/gk.frontend/win/shift_reg[12][164]/R
-0.170	u_top/u_core/u_b/u_b_core/core/core/shuffle/busy_reg/C	u_top/u_core/u_b/u_b_core/core/core/l5/gk.frontend/win/shift_reg[12][230]/R
-0.170	u_top/u_core/u_b/u_b_core/core/core/l5/mac/issue/out_phase_reg[0]_rep__13/C	u_top/u_core/u_b/u_b_core/core/core/l5/mac/mac/out_lane[2].mult_lane[4].operand_pipe.weight_q_reg[5]/D
-0.170	u_top/u_core/u_b/u_b_core/core/core/f45/g_narrow_read.rd_ptr_local_reg[4]/C	u_top/u_core/u_b/u_b_core/core/core/l5/gk.frontend/win/bank_gen[2].mem_reg_1/DIADI[23]
-0.170	u_top/u_core/u_b/u_b_core/core/core/l5/mac/issue/out_phase_reg[1]_rep/C	u_top/u_core/u_b/u_b_core/core/core/l5/mac/mac/out_lane[3].mult_lane[9].operand_pipe.weight_q_reg[6]/D
-0.170	u_top/u_core/u_b/u_b_core/core/core/l5/mac/issue/out_window_reg[3680]/C	u_top/u_core/u_b/u_b_core/core/core/l5/mac/mac/out_lane[0].mult_lane[14].operand_pipe.act_q_reg[0]/D
-0.170	u_top/u_core/u_b/u_b_core/core/core/l5/mac/mac/tree_stage[6].valid_q_reg[7]/C	u_top/u_core/u_b/u_b_core/core/core/l5/mac/issue/out_window_reg[3468]/CE
-0.170	u_top/u_core/u_b/u_b_core/core/core/l5/mac/mac/tree_stage[6].valid_q_reg[7]/C	u_top/u_core/u_b/u_b_core/core/core/l5/mac/issue/out_window_reg[3469]/CE
-0.170	u_top/u_core/u_b/u_b_core/core/core/l5/mac/mac/tree_stage[6].valid_q_reg[7]/C	u_top/u_core/u_b/u_b_core/core/core/l5/mac/issue/out_window_reg[3470]/CE
-0.170	u_top/u_core/u_b/u_b_core/core/core/l5/mac/mac/tree_stage[6].valid_q_reg[7]/C	u_top/u_core/u_b/u_b_core/core/core/l5/mac/issue/out_window_reg[3471]/CE
-0.170	u_top/u_core/u_b/u_b_core/core/core/l5/mac/mac/tree_stage[6].valid_q_reg[7]/C	u_top/u_core/u_b/u_b_core/core/core/l5/mac/issue/out_window_reg[3472]/CE
-0.170	u_top/u_core/u_b/u_b_core/core/core/l5/mac/mac/tree_stage[6].valid_q_reg[7]/C	u_top/u_core/u_b/u_b_core/core/core/l5/mac/issue/out_window_reg[3473]/CE
-0.170	u_top/u_core/u_b/u_b_core/core/core/l5/gk.frontend/win/bank_gen[3].mem_reg_3/CLKARDCLK	u_top/u_core/u_b/u_b_core/core/core/l5/gk.frontend/win/shift_reg[9][140]/D
-0.170	u_top/u_core/u_b/u_b_core/core/core/l5/mac/issue/out_phase_reg[0]_rep__4/C	u_top/u_core/u_b/u_b_core/core/core/l5/mac/mac/out_lane[2].mult_lane[10].operand_pipe.act_q_reg[15]/D
-0.170	u_top/u_core/u_b/u_b_core/core/core/l5/mac/issue/out_phase_reg[0]_rep__5_replica/C	u_top/u_core/u_b/u_b_core/core/core/l5/mac/mac/out_lane[0].mult_lane[12].operand_pipe.act_q_reg[15]/D
-0.170	u_top/u_core/u_b/u_b_core/core/core/shuffle/busy_reg/C	u_top/u_core/u_b/u_b_core/core/core/l5/gk.frontend/win/shift_reg[21][178]/R
-0.170	u_top/u_core/u_b/u_b_core/core/core/shuffle/busy_reg/C	u_top/u_core/u_b/u_b_core/core/core/l5/gk.frontend/win/shift_reg[21][212]/R
-0.170	u_top/u_core/u_b/u_b_core/core/core/shuffle/busy_reg/C	u_top/u_core/u_b/u_b_core/core/core/l5/gk.frontend/win/shift_reg[21][221]/R
-0.170	u_top/u_core/u_b/u_b_core/core/core/shuffle/busy_reg/C	u_top/u_core/u_b/u_b_core/core/core/l5/gk.frontend/win/shift_reg[21][250]/R
-0.170	u_top/u_core/u_b/u_b_core/core/core/shuffle/busy_reg/C	u_top/u_core/u_b/u_b_core/core/core/l5/gk.frontend/win/shift_reg[22][92]/R
-0.170	u_top/u_core/u_b/u_b_core/core/core/l5/gk.frontend/win/bank_gen[1].mem_reg_1/CLKARDCLK	u_top/u_core/u_b/u_b_core/core/core/l5/gk.frontend/win/shift_reg[14][40]/D
-0.169	u_top/u_core/u_b/u_b_core/core/core/l5/mac/issue/out_phase_reg[2]_rep__3/C	u_top/u_core/u_b/u_b_core/core/core/l5/mac/mac/out_lane[3].mult_lane[14].operand_pipe.act_q_reg[5]/D
-0.169	u_top/u_core/u_b/u_b_core/core/core/l5/mac/issue/out_phase_reg[2]_rep__8/C	u_top/u_core/u_b/u_b_core/core/core/l5/mac/mac/out_lane[2].mult_lane[35].operand_pipe.act_q_reg[9]/D
-0.169	u_top/u_core/u_b/u_b_core/core/core/l5/mac/issue/out_phase_reg[1]_rep__5/C	u_top/u_core/u_b/u_b_core/core/core/l5/mac/mac/out_lane[1].mult_lane[31].operand_pipe.act_q_reg[14]/D
-0.169	u_top/u_core/u_b/u_b_core/core/core/l5/mac/issue/out_phase_reg[2]_rep__8/C	u_top/u_core/u_b/u_b_core/core/core/l5/mac/mac/out_lane[2].mult_lane[35].operand_pipe.act_q_reg[13]/D
-0.169	u_top/u_core/u_b/u_b_core/core/core/shuffle/busy_reg/C	u_top/u_core/u_b/u_b_core/core/core/l5/gk.frontend/win/shift_reg[10][102]/R
-0.168	u_top/u_core/u_b/u_b_core/core/core/l5/mac/issue/out_window_reg[1591]/C	u_top/u_core/u_b/u_b_core/core/core/l5/mac/mac/out_lane[0].mult_lane[31].operand_pipe.act_q_reg[7]/D
-0.168	u_top/u_core/u_b/u_b_core/core/core/l5/gk.frontend/win/bank_gen[1].mem_reg_6/CLKARDCLK	u_top/u_core/u_b/u_b_core/core/core/l5/gk.frontend/win/shift_reg[9][244]/D
-0.168	u_top/u_core/u_b/u_b_core/core/core/shuffle/busy_reg/C	u_top/u_core/u_b/u_b_core/core/core/l5/gk.frontend/win/shift_reg[21][242]/R
-0.168	u_top/u_core/u_b/u_b_core/core/core/l5/mac/mac/tree_stage[6].valid_q_reg[7]/C	u_top/u_core/u_b/u_b_core/core/core/l5/mac/issue/out_phase_reg[1]_rep__0_replica_1/D
-0.168	u_top/u_core/u_b/u_b_core/core/core/l5/mac/mac/tree_stage[6].valid_q_reg[7]/C	u_top/u_core/u_b/u_b_core/core/core/l5/mac/issue/out_window_reg[3544]/CE
-0.168	u_top/u_core/u_b/u_b_core/core/core/l5/mac/mac/tree_stage[6].valid_q_reg[7]/C	u_top/u_core/u_b/u_b_core/core/core/l5/mac/issue/out_window_reg[3545]/CE
-0.168	u_top/u_core/u_b/u_b_core/core/core/l5/mac/mac/tree_stage[6].valid_q_reg[7]/C	u_top/u_core/u_b/u_b_core/core/core/l5/mac/issue/out_window_reg[3546]/CE
-0.168	u_top/u_core/u_b/u_b_core/core/core/l5/mac/mac/tree_stage[6].valid_q_reg[7]/C	u_top/u_core/u_b/u_b_core/core/core/l5/mac/issue/out_window_reg[3547]/CE
-0.168	u_top/u_core/u_b/u_b_core/core/core/l5/mac/mac/tree_stage[6].valid_q_reg[7]/C	u_top/u_core/u_b/u_b_core/core/core/l5/mac/issue/out_window_reg[3548]/CE
-0.168	u_top/u_core/u_b/u_b_core/core/core/l5/mac/mac/tree_stage[6].valid_q_reg[7]/C	u_top/u_core/u_b/u_b_core/core/core/l5/mac/issue/out_window_reg[3549]/CE
-0.168	u_top/u_core/u_b/u_b_core/core/core/l5/mac/mac/tree_stage[6].valid_q_reg[7]/C	u_top/u_core/u_b/u_b_core/core/core/l5/gk.frontend/fifo/g_wide_read.g_read_slice[18].rd_ptr_local_reg[0]/R
-0.168	u_top/u_core/u_b/u_b_core/core/core/l5/mac/mac/tree_stage[6].valid_q_reg[7]/C	u_top/u_core/u_b/u_b_core/core/core/l5/gk.frontend/fifo/g_wide_read.g_read_slice[18].rd_ptr_local_reg[1]/R
-0.168	u_top/u_core/u_b/u_b_core/core/core/l5/mac/issue/out_phase_reg[2]_rep__1/C	u_top/u_core/u_b/u_b_core/core/core/l5/mac/mac/out_lane[0].mult_lane[20].operand_pipe.act_q_reg[15]/D
-0.168	u_top/u_core/u_b/u_b_core/core/core/l5/mac/mac/tree_stage[6].valid_q_reg[7]/C	u_top/u_core/u_b/u_b_core/core/core/l5/mac/issue/out_window_reg[3702]/CE
-0.168	u_top/u_core/u_b/u_b_core/core/core/l5/mac/mac/tree_stage[6].valid_q_reg[7]/C	u_top/u_core/u_b/u_b_core/core/core/l5/mac/issue/out_window_reg[3703]/CE
-0.168	u_top/u_core/u_b/u_b_core/core/core/l5/mac/mac/tree_stage[6].valid_q_reg[7]/C	u_top/u_core/u_b/u_b_core/core/core/l5/mac/issue/out_window_reg[3704]/CE
-0.168	u_top/u_core/u_b/u_b_core/core/core/l5/mac/mac/tree_stage[6].valid_q_reg[7]/C	u_top/u_core/u_b/u_b_core/core/core/l5/mac/issue/out_window_reg[3705]/CE
-0.168	u_top/u_core/u_b/u_b_core/core/core/l5/mac/mac/tree_stage[6].valid_q_reg[7]/C	u_top/u_core/u_b/u_b_core/core/core/l5/mac/issue/out_window_reg[3706]/CE
-0.168	u_top/u_core/u_b/u_b_core/core/core/l5/mac/mac/tree_stage[6].valid_q_reg[7]/C	u_top/u_core/u_b/u_b_core/core/core/l5/mac/issue/out_window_reg[3707]/CE
-0.168	u_top/u_core/u_b/u_b_core/core/core/l5/gk.frontend/win/bank_gen[1].mem_reg_0/CLKARDCLK	u_top/u_core/u_b/u_b_core/core/core/l5/gk.frontend/win/shift_reg[19][22]/D
-0.168	u_top/u_core/u_b/u_b_core/core/core/l5/mac/mac/tree_stage[6].valid_q_reg[7]/C	u_top/u_core/u_b/u_b_core/core/core/l5/mac/issue/out_window_reg[3626]/CE
-0.168	u_top/u_core/u_b/u_b_core/core/core/l5/mac/mac/tree_stage[6].valid_q_reg[7]/C	u_top/u_core/u_b/u_b_core/core/core/l5/mac/issue/out_window_reg[3627]/CE
-0.168	u_top/u_core/u_b/u_b_core/core/core/l5/mac/mac/tree_stage[6].valid_q_reg[7]/C	u_top/u_core/u_b/u_b_core/core/core/l5/mac/issue/out_window_reg[3628]/CE
-0.168	u_top/u_core/u_b/u_b_core/core/core/l5/mac/mac/tree_stage[6].valid_q_reg[7]/C	u_top/u_core/u_b/u_b_core/core/core/l5/mac/issue/out_window_reg[3629]/CE
-0.168	u_top/u_core/u_b/u_b_core/core/core/l5/mac/mac/tree_stage[6].valid_q_reg[7]/C	u_top/u_core/u_b/u_b_core/core/core/l5/mac/issue/out_window_reg[3630]/CE
-0.168	u_top/u_core/u_b/u_b_core/core/core/l5/mac/mac/tree_stage[6].valid_q_reg[7]/C	u_top/u_core/u_b/u_b_core/core/core/l5/mac/issue/out_window_reg[3631]/CE
-0.167	u_top/u_core/u_b/u_b_core/core/core/shuffle/busy_reg/C	u_top/u_core/u_b/u_b_core/core/core/l5/gk.frontend/win/shift_reg[20][125]/R
-0.167	u_top/u_core/u_b/u_b_core/core/core/shuffle/busy_reg/C	u_top/u_core/u_b/u_b_core/core/core/l5/gk.frontend/win/shift_reg[21][102]/R
-0.167	u_top/u_core/u_b/u_b_core/core/core/shuffle/busy_reg/C	u_top/u_core/u_b/u_b_core/core/core/l5/gk.frontend/win/shift_reg[21][148]/R
-0.167	u_top/u_core/u_b/u_b_core/core/core/shuffle/busy_reg/C	u_top/u_core/u_b/u_b_core/core/core/l5/gk.frontend/win/shift_reg[21][160]/R
-0.167	u_top/u_core/u_b/u_b_core/core/core/shuffle/busy_reg/C	u_top/u_core/u_b/u_b_core/core/core/l5/gk.frontend/win/shift_reg[21][254]/R
-0.167	u_top/u_core/u_b/u_b_core/core/core/shuffle/busy_reg/C	u_top/u_core/u_b/u_b_core/core/core/l5/gk.frontend/win/shift_reg[21][60]/R
-0.167	u_top/u_core/u_b/u_b_core/core/core/shuffle/busy_reg/C	u_top/u_core/u_b/u_b_core/core/core/l5/gk.frontend/win/shift_reg[21][63]/R
-0.167	u_top/u_core/u_b/u_b_core/core/core/shuffle/busy_reg/C	u_top/u_core/u_b/u_b_core/core/core/l5/gk.frontend/win/shift_reg[22][142]/R
-0.167	u_top/u_core/u_b/u_b_core/core/core/l5/gk.frontend/fifo/g_wide_read.g_read_slice[53].rd_ptr_local_reg[1]/C	u_top/u_core/u_b/u_b_core/core/core/l5/mac/issue/out_window_reg[3408]/D
-0.167	u_top/u_core/u_b/u_b_core/core/core/l5/gk.frontend/fifo/count_reg[2]/C	u_top/u_core/u_b/u_b_core/core/core/l5/gk.frontend/fifo/g_wide_read.g_read_slice[78].mem_slice_reg_0_3_18_23/RAMA/WE
-0.167	u_top/u_core/u_b/u_b_core/core/core/l5/gk.frontend/fifo/count_reg[2]/C	u_top/u_core/u_b/u_b_core/core/core/l5/gk.frontend/fifo/g_wide_read.g_read_slice[78].mem_slice_reg_0_3_18_23/RAMA_D1/WE
-0.167	u_top/u_core/u_b/u_b_core/core/core/l5/gk.frontend/fifo/count_reg[2]/C	u_top/u_core/u_b/u_b_core/core/core/l5/gk.frontend/fifo/g_wide_read.g_read_slice[78].mem_slice_reg_0_3_18_23/RAMB/WE
-0.167	u_top/u_core/u_b/u_b_core/core/core/l5/gk.frontend/fifo/count_reg[2]/C	u_top/u_core/u_b/u_b_core/core/core/l5/gk.frontend/fifo/g_wide_read.g_read_slice[78].mem_slice_reg_0_3_18_23/RAMB_D1/WE
-0.167	u_top/u_core/u_b/u_b_core/core/core/l5/gk.frontend/fifo/count_reg[2]/C	u_top/u_core/u_b/u_b_core/core/core/l5/gk.frontend/fifo/g_wide_read.g_read_slice[78].mem_slice_reg_0_3_18_23/RAMC/WE
-0.167	u_top/u_core/u_b/u_b_core/core/core/l5/gk.frontend/fifo/count_reg[2]/C	u_top/u_core/u_b/u_b_core/core/core/l5/gk.frontend/fifo/g_wide_read.g_read_slice[78].mem_slice_reg_0_3_18_23/RAMC_D1/WE
-0.167	u_top/u_core/u_b/u_b_core/core/core/l5/gk.frontend/fifo/count_reg[2]/C	u_top/u_core/u_b/u_b_core/core/core/l5/gk.frontend/fifo/g_wide_read.g_read_slice[78].mem_slice_reg_0_3_18_23/RAMD/WE
-0.167	u_top/u_core/u_b/u_b_core/core/core/l5/gk.frontend/fifo/count_reg[2]/C	u_top/u_core/u_b/u_b_core/core/core/l5/gk.frontend/fifo/g_wide_read.g_read_slice[78].mem_slice_reg_0_3_18_23/RAMD_D1/WE
-0.167	u_top/u_core/u_b/u_b_core/core/core/l5/gk.frontend/win/bank_gen[0].mem_reg_0/CLKARDCLK	u_top/u_core/u_b/u_b_core/core/core/l5/gk.frontend/win/shift_reg[14][23]/D
-0.166	u_top/u_core/u_b/u_b_core/core/core/l5/mac/issue/out_phase_reg[0]_rep__15/C	u_top/u_core/u_b/u_b_core/core/core/l5/mac/mac/out_lane[2].mult_lane[25].operand_pipe.weight_q_reg[7]/D
-0.166	u_top/u_core/u_b/u_b_core/core/core/l5/mac/issue/out_phase_reg[1]_rep__16/C	u_top/u_core/u_b/u_b_core/core/core/l5/mac/mac/out_lane[3].mult_lane[48].operand_pipe.weight_q_reg[7]/D
-0.166	u_top/u_core/u_b/u_b_core/core/core/l5/mac/issue/out_phase_reg[0]_rep__11/C	u_top/u_core/u_b/u_b_core/core/core/l5/mac/mac/out_lane[0].mult_lane[24].operand_pipe.act_q_reg[10]/D
-0.166	u_top/u_core/u_b/u_b_core/core/core/l4/post/read_slot_reg/C	u_top/u_core/u_b/u_b_core/core/core/f45/g_narrow_read.mem_reg_0_31_156_161/RAMA/I
-0.166	u_top/u_core/u_b/u_b_core/core/core/l5/mac/issue/out_phase_reg[1]_rep__15/C	u_top/u_core/u_b/u_b_core/core/core/l5/mac/mac/out_lane[1].mult_lane[47].operand_pipe.act_q_reg[10]/D
-0.166	u_top/u_core/u_b/u_b_core/core/core/shuffle/busy_reg/C	u_top/u_core/u_b/u_b_core/core/core/l5/gk.frontend/win/shift_reg[22][212]/R
-0.166	u_top/u_core/u_b/u_b_core/core/core/l5/mac/issue/out_window_reg[1165]/C	u_top/u_core/u_b/u_b_core/core/core/l5/mac/mac/out_lane[1].mult_lane[4].operand_pipe.act_q_reg[13]/D
-0.166	u_top/u_core/u_b/u_b_core/core/core/l5/gk.frontend/win/bank_gen[3].mem_reg_0/CLKARDCLK	u_top/u_core/u_b/u_b_core/core/core/l5/gk.frontend/win/shift_reg[14][24]/D
-0.165	u_top/u_core/u_b/u_b_core/core/core/shuffle/busy_reg/C	u_top/u_core/u_b/u_b_core/core/core/l5/gk.frontend/win/shift_reg[13][197]/R
-0.165	u_top/u_core/u_b/u_b_core/core/core/l5/mac/issue/out_phase_reg[1]_rep__6/C	u_top/u_core/u_b/u_b_core/core/core/l5/mac/mac/out_lane[0].mult_lane[11].operand_pipe.act_q_reg[4]/D
-0.165	u_top/u_core/u_b/u_b_core/core/core/l5/gk.frontend/win/bank_gen[1].mem_reg_6/CLKARDCLK	u_top/u_core/u_b/u_b_core/core/core/l5/gk.frontend/win/shift_reg[4][244]/D
-0.165	u_top/u_core/u_b/u_b_core/core/core/l5/gk.frontend/pad/interior_x_reg/C	u_top/u_core/u_b/u_b_core/core/core/l5/gk.frontend/win/bank_gen[0].mem_reg_3/DIADI[5]
-0.165	u_top/u_core/u_b/u_b_core/core/core/l5/mac/issue/out_window_reg[5346]/C	u_top/u_core/u_b/u_b_core/core/core/l5/mac/mac/out_lane[0].mult_lane[20].operand_pipe.act_q_reg[2]/D
-0.165	u_top/u_core/u_b/u_b_core/core/core/shuffle/busy_reg/C	u_top/u_core/u_b/u_b_core/core/core/l5/gk.frontend/win/shift_reg[22][209]/R
-0.165	u_top/u_core/u_b/u_b_core/core/core/l5/gk.frontend/win/bank_gen[0].mem_reg_4/CLKARDCLK	u_top/u_core/u_b/u_b_core/core/core/l5/gk.frontend/win/shift_reg[4][179]/D
-0.165	u_top/u_core/u_b/u_b_core/core/core/f45/g_narrow_read.rd_ptr_local_reg[1]_replica/C	u_top/u_core/u_b/u_b_core/core/core/l5/gk.frontend/win/bank_gen[0].mem_reg_3/DIADI[2]
-0.165	u_top/u_core/u_b/u_b_core/core/core/l5/mac/mac/tree_stage[6].valid_q_reg[7]/C	u_top/u_core/u_b/u_b_core/core/core/l5/mac/issue/out_window_reg[1600]/CE
-0.165	u_top/u_core/u_b/u_b_core/core/core/l5/mac/mac/tree_stage[6].valid_q_reg[7]/C	u_top/u_core/u_b/u_b_core/core/core/l5/mac/issue/out_window_reg[1601]/CE
-0.165	u_top/u_core/u_b/u_b_core/core/core/l5/mac/mac/tree_stage[6].valid_q_reg[7]/C	u_top/u_core/u_b/u_b_core/core/core/l5/mac/issue/out_window_reg[1602]/CE
-0.165	u_top/u_core/u_b/u_b_core/core/core/l5/mac/mac/tree_stage[6].valid_q_reg[7]/C	u_top/u_core/u_b/u_b_core/core/core/l5/mac/issue/out_window_reg[1603]/CE
-0.165	u_top/u_core/u_b/u_b_core/core/core/l5/mac/mac/tree_stage[6].valid_q_reg[7]/C	u_top/u_core/u_b/u_b_core/core/core/l5/mac/issue/out_window_reg[1604]/CE
-0.165	u_top/u_core/u_b/u_b_core/core/core/l5/mac/mac/tree_stage[6].valid_q_reg[7]/C	u_top/u_core/u_b/u_b_core/core/core/l5/mac/issue/out_window_reg[1605]/CE
-0.165	u_top/u_core/u_b/u_b_core/core/core/l5/mac/mac/tree_stage[6].valid_q_reg[7]/C	u_top/u_core/u_b/u_b_core/core/core/l5/mac/mac/out_lane[0].mult_lane[36].operand_pipe.weight_q_reg[5]/CE
-0.165	u_top/u_core/u_b/u_b_core/core/core/l5/mac/issue/out_phase_reg[1]_rep__12/C	u_top/u_core/u_b/u_b_core/core/core/l5/mac/mac/out_lane[0].mult_lane[38].operand_pipe.act_q_reg[4]/D
-0.165	u_top/u_core/u_b/u_b_core/core/core/shuffle/busy_reg/C	u_top/u_core/u_b/u_b_core/core/core/l5/gk.frontend/win/shift_reg[22][85]/R
-0.165	u_top/u_core/u_b/u_b_core/core/core/shuffle/busy_reg/C	u_top/u_core/u_b/u_b_core/core/core/l5/gk.frontend/win/shift_reg[23][93]/R
-0.165	u_top/u_core/u_b/u_b_core/core/core/l5/mac/issue/out_phase_reg[1]_rep__2/C	u_top/u_core/u_b/u_b_core/core/core/l5/mac/mac/out_lane[2].mult_lane[1].operand_pipe.act_q_reg[7]/D
-0.165	u_top/u_core/u_ctrl/start_b_reg/C	u_top/u_core/u_in/req_addr_q_reg[10]_rep__4/CE
-0.165	u_top/u_core/u_b/u_b_core/core/core/l5/gk.frontend/win/bank_gen[0].mem_reg_6/CLKARDCLK	u_top/u_core/u_b/u_b_core/core/core/l5/gk.frontend/win/shift_reg[14][238]/D
-0.164	u_top/u_core/u_b/u_b_core/core/core/shuffle/busy_reg/C	u_top/u_core/u_b/u_b_core/core/core/l5/gk.frontend/win/shift_reg[21][235]/R
-0.164	u_top/u_core/u_b/u_b_core/core/core/shuffle/busy_reg/C	u_top/u_core/u_b/u_b_core/core/core/l5/gk.frontend/win/shift_reg[21][98]/R
-0.164	u_top/u_core/u_b/u_b_core/core/core/shuffle/busy_reg/C	u_top/u_core/u_b/u_b_core/core/core/l5/gk.frontend/win/shift_reg[2][40]/R
-0.164	u_top/u_core/u_b/u_b_core/core/core/shuffle/busy_reg/C	u_top/u_core/u_b/u_b_core/core/core/l5/gk.frontend/win/shift_reg[3][253]/R
-0.164	u_top/u_core/u_b/u_b_core/core/core/l4/post/read_slot_reg/C	u_top/u_core/u_b/u_b_core/core/core/f45/g_narrow_read.mem_reg_0_31_144_149/RAMC_D1/I
-0.164	u_top/u_core/u_b/u_b_core/core/core/l5/gk.frontend/win/bank_gen[3].mem_reg_0/CLKARDCLK	u_top/u_core/u_b/u_b_core/core/core/l5/gk.frontend/win/shift_reg[14][28]/D
-0.164	u_top/u_core/u_b/u_b_core/core/core/shuffle/busy_reg/C	u_top/u_core/u_b/u_b_core/core/core/l5/gk.frontend/win/shift_reg[1][7]/R
-0.164	u_top/u_core/u_b/u_b_core/core/core/l5/mac/mac/tree_stage[6].valid_q_reg[7]/C	u_top/u_core/u_b/u_b_core/core/core/l5/mac/issue/out_window_reg[3388]/CE
-0.164	u_top/u_core/u_b/u_b_core/core/core/l5/mac/mac/tree_stage[6].valid_q_reg[7]/C	u_top/u_core/u_b/u_b_core/core/core/l5/mac/issue/out_window_reg[3389]/CE
-0.164	u_top/u_core/u_b/u_b_core/core/core/l5/mac/mac/tree_stage[6].valid_q_reg[7]/C	u_top/u_core/u_b/u_b_core/core/core/l5/mac/issue/out_window_reg[3390]/CE
-0.164	u_top/u_core/u_b/u_b_core/core/core/l5/mac/mac/tree_stage[6].valid_q_reg[7]/C	u_top/u_core/u_b/u_b_core/core/core/l5/mac/issue/out_window_reg[3391]/CE
-0.164	u_top/u_core/u_b/u_b_core/core/core/l5/mac/mac/tree_stage[6].valid_q_reg[7]/C	u_top/u_core/u_b/u_b_core/core/core/l5/mac/mac/out_lane[1].mult_lane[30].operand_pipe.weight_q_reg[5]/S
-0.164	u_top/u_core/u_b/u_b_core/core/core/l5/mac/mac/tree_stage[6].valid_q_reg[7]/C	u_top/u_core/u_b/u_b_core/core/core/l5/mac/mac/out_lane[1].mult_lane[30].operand_pipe.weight_q_reg[6]/S
-0.164	u_top/u_core/u_b/u_b_core/core/core/l5/mac/mac/tree_stage[6].valid_q_reg[7]/C	u_top/u_core/u_b/u_b_core/core/core/l5/mac/mac/out_lane[1].mult_lane[30].operand_pipe.weight_q_reg[7]/S
-0.163	u_top/u_core/u_b/u_b_core/core/core/l5/mac/mac/tree_stage[3].valid_q_reg[4]/C	u_top/u_core/u_b/u_b_core/core/core/l5/mac/mac/tree_stage[3].channel[3].node[2].pair.sums_q_reg[3][3][2][10]/CE
-0.163	u_top/u_core/u_b/u_b_core/core/core/l5/mac/mac/tree_stage[3].valid_q_reg[4]/C	u_top/u_core/u_b/u_b_core/core/core/l5/mac/mac/tree_stage[3].channel[3].node[2].pair.sums_q_reg[3][3][2][11]/CE
-0.163	u_top/u_core/u_b/u_b_core/core/core/l5/mac/mac/tree_stage[3].valid_q_reg[4]/C	u_top/u_core/u_b/u_b_core/core/core/l5/mac/mac/tree_stage[3].channel[3].node[2].pair.sums_q_reg[3][3][2][8]/CE
-0.163	u_top/u_core/u_b/u_b_core/core/core/l5/mac/mac/tree_stage[3].valid_q_reg[4]/C	u_top/u_core/u_b/u_b_core/core/core/l5/mac/mac/tree_stage[3].channel[3].node[2].pair.sums_q_reg[3][3][2][9]/CE
-0.163	u_top/u_core/u_b/u_b_core/core/core/l5/gk.frontend/win/bank_gen[1].mem_reg_1/CLKARDCLK	u_top/u_core/u_b/u_b_core/core/core/l5/gk.frontend/win/shift_reg[4][48]/D
-0.163	u_top/u_core/u_b/u_b_core/core/core/shuffle/busy_reg/C	u_top/u_core/u_b/u_b_core/core/core/l5/gk.frontend/win/shift_reg[10][215]/R
-0.163	u_top/u_core/u_b/u_b_core/core/core/shuffle/busy_reg/C	u_top/u_core/u_b/u_b_core/core/core/l5/gk.frontend/win/shift_reg[10][55]/R
-0.163	u_top/u_core/u_b/u_b_core/core/core/shuffle/busy_reg/C	u_top/u_core/u_b/u_b_core/core/core/l5/gk.frontend/win/shift_reg[10][59]/R
-0.163	u_top/u_core/u_b/u_b_core/core/core/f45/g_narrow_read.rd_ptr_local_reg[3]/C	u_top/u_core/u_b/u_b_core/core/core/l5/gk.frontend/win/bank_gen[1].mem_reg_5/DIADI[8]
-0.163	u_top/u_core/u_b/u_b_core/core/core/l5/gk.frontend/win/bank_gen[0].mem_reg_3/CLKARDCLK	u_top/u_core/u_b/u_b_core/core/core/l5/gk.frontend/win/shift_reg[4][113]/D
-0.163	u_top/u_core/u_b/u_b_core/core/core/l5/mac/issue/out_phase_reg[1]_rep__2/C	u_top/u_core/u_b/u_b_core/core/core/l5/mac/mac/out_lane[1].mult_lane[1].operand_pipe.act_q_reg[15]/D
-0.163	u_top/u_core/u_b/u_b_core/core/core/l5/mac/issue/out_phase_reg[0]_rep__15/C	u_top/u_core/u_b/u_b_core/core/core/l5/mac/mac/out_lane[1].mult_lane[28].operand_pipe.weight_q_reg[3]/D
-0.163	u_top/u_core/u_b/u_b_core/core/core/l5/mac/mac/tree_stage[6].valid_q_reg[7]/C	u_top/u_core/u_b/u_b_core/core/core/l5/gk.frontend/fifo/g_wide_read.g_read_slice[21].rd_ptr_local_reg[0]/R
-0.163	u_top/u_core/u_b/u_b_core/core/core/l5/mac/mac/tree_stage[6].valid_q_reg[7]/C	u_top/u_core/u_b/u_b_core/core/core/l5/gk.frontend/fifo/g_wide_read.g_read_slice[21].rd_ptr_local_reg[1]/R
-0.163	u_top/u_core/u_b/u_b_core/core/core/l5/mac/issue/out_window_reg[5613]/C	u_top/u_core/u_b/u_b_core/core/core/l5/mac/mac/out_lane[2].mult_lane[21].operand_pipe.act_q_reg[13]/D
-0.163	u_top/u_core/u_b/u_b_core/core/core/l5/mac/issue/out_phase_reg[2]_rep__3/C	u_top/u_core/u_b/u_b_core/core/core/l5/mac/mac/out_lane[2].mult_lane[17].operand_pipe.act_q_reg[0]/D
-0.162	u_top/u_core/u_b/u_b_core/core/core/l5/gk.frontend/win/row_mod_d_reg[0]_rep__3/C	u_top/u_core/u_b/u_b_core/core/core/l5/gk.frontend/win/shift_reg[14][74]/D
-0.162	u_top/u_core/u_b/u_b_core/core/core/l5/mac/issue/out_phase_reg[1]_rep__15/C	u_top/u_core/u_b/u_b_core/core/core/l5/mac/mac/out_lane[1].mult_lane[47].operand_pipe.act_q_reg[11]/D
-0.162	u_top/u_core/u_b/u_b_core/core/core/l5/gk.frontend/win/bank_gen[1].mem_reg_6/CLKARDCLK	u_top/u_core/u_b/u_b_core/core/core/l5/gk.frontend/win/shift_reg[14][226]/D
-0.162	u_top/u_core/u_b/u_b_core/core/core/l5/gk.frontend/win/row_mod_d_reg[1]_rep__1/C	u_top/u_core/u_b/u_b_core/core/core/l5/gk.frontend/win/shift_reg[9][202]/D
-0.162	u_top/u_core/u_b/u_b_core/core/core/l5/mac/mac/tree_stage[6].valid_q_reg[7]/C	u_top/u_core/u_b/u_b_core/core/core/l5/mac/issue/out_phase_reg[0]_rep_replica_1/D
-0.161	u_top/u_core/u_b/u_b_core/core/core/l4/post/read_slot_reg/C	u_top/u_core/u_b/u_b_core/core/core/f45/g_narrow_read.mem_reg_0_31_210_215/RAMB/I
-0.161	u_top/u_core/u_b/u_b_core/core/core/l5/gk.frontend/win/col_reg[7]/C	u_top/u_core/u_b/u_b_core/core/core/l5/gk.frontend/win/bank_gen[3].mem_reg_1/ADDRARDADDR[12]
-0.161	u_top/u_core/u_b/u_b_core/core/core/l5/mac/issue/out_phase_reg[2]_rep__6/C	u_top/u_core/u_b/u_b_core/core/core/l5/mac/mac/out_lane[0].mult_lane[48].operand_pipe.act_q_reg[7]/D
-0.161	u_top/u_core/u_b/u_b_core/core/core/l5/gk.frontend/fifo/wr_ptr_reg[0]_rep__5/C	u_top/u_core/u_b/u_b_core/core/core/l5/gk.frontend/fifo/g_wide_read.g_read_slice[11].mem_slice_reg_0_3_54_59/RAMA/WADR0
-0.161	u_top/u_core/u_b/u_b_core/core/core/l5/gk.frontend/fifo/wr_ptr_reg[0]_rep__5/C	u_top/u_core/u_b/u_b_core/core/core/l5/gk.frontend/fifo/g_wide_read.g_read_slice[11].mem_slice_reg_0_3_54_59/RAMA_D1/WADR0
-0.161	u_top/u_core/u_b/u_b_core/core/core/l5/gk.frontend/fifo/wr_ptr_reg[0]_rep__5/C	u_top/u_core/u_b/u_b_core/core/core/l5/gk.frontend/fifo/g_wide_read.g_read_slice[11].mem_slice_reg_0_3_54_59/RAMB/WADR0
-0.161	u_top/u_core/u_b/u_b_core/core/core/l5/gk.frontend/fifo/wr_ptr_reg[0]_rep__5/C	u_top/u_core/u_b/u_b_core/core/core/l5/gk.frontend/fifo/g_wide_read.g_read_slice[11].mem_slice_reg_0_3_54_59/RAMB_D1/WADR0
-0.161	u_top/u_core/u_b/u_b_core/core/core/l5/gk.frontend/fifo/wr_ptr_reg[0]_rep__5/C	u_top/u_core/u_b/u_b_core/core/core/l5/gk.frontend/fifo/g_wide_read.g_read_slice[11].mem_slice_reg_0_3_54_59/RAMC/WADR0
-0.161	u_top/u_core/u_b/u_b_core/core/core/l5/gk.frontend/fifo/wr_ptr_reg[0]_rep__5/C	u_top/u_core/u_b/u_b_core/core/core/l5/gk.frontend/fifo/g_wide_read.g_read_slice[11].mem_slice_reg_0_3_54_59/RAMC_D1/WADR0
-0.161	u_top/u_core/u_b/u_b_core/core/core/l5/gk.frontend/fifo/wr_ptr_reg[0]_rep__5/C	u_top/u_core/u_b/u_b_core/core/core/l5/gk.frontend/fifo/g_wide_read.g_read_slice[11].mem_slice_reg_0_3_54_59/RAMD/ADR0
-0.161	u_top/u_core/u_b/u_b_core/core/core/l5/gk.frontend/fifo/wr_ptr_reg[0]_rep__5/C	u_top/u_core/u_b/u_b_core/core/core/l5/gk.frontend/fifo/g_wide_read.g_read_slice[11].mem_slice_reg_0_3_54_59/RAMD_D1/ADR0
-0.161	u_top/u_core/u_b/u_b_core/core/core/l5/mac/issue/out_phase_reg[0]_rep__0/C	u_top/u_core/u_b/u_b_core/core/core/l5/mac/mac/out_lane[1].mult_lane[27].operand_pipe.act_q_reg[11]/D
-0.160	u_top/u_core/u_b/u_b_core/core/core/l5/mac/issue/out_window_reg[5473]/C	u_top/u_core/u_b/u_b_core/core/core/l5/mac/mac/out_lane[3].mult_lane[21].operand_pipe.act_q_reg[1]/D
-0.160	u_top/u_core/u_b/u_b_core/core/core/f45/g_narrow_read.rd_ptr_local_reg[3]/C	u_top/u_core/u_b/u_b_core/core/core/l5/gk.frontend/win/bank_gen[0].mem_reg_3/DIADI[16]
-0.160	u_top/u_core/u_b/u_b_core/core/core/l5/gk.frontend/win/bank_gen[3].mem_reg_0/CLKARDCLK	u_top/u_core/u_b/u_b_core/core/core/l5/gk.frontend/win/shift_reg[9][28]/D
-0.160	u_top/u_core/u_b/u_b_core/core/core/l5/mac/mac/tree_stage[6].valid_q_reg[7]/C	u_top/u_core/u_b/u_b_core/core/core/l5/gk.frontend/fifo/g_wide_read.g_read_slice[46].rd_ptr_local_reg[0]/R
-0.160	u_top/u_core/u_b/u_b_core/core/core/l5/mac/mac/tree_stage[6].valid_q_reg[7]/C	u_top/u_core/u_b/u_b_core/core/core/l5/gk.frontend/fifo/g_wide_read.g_read_slice[46].rd_ptr_local_reg[1]/R
-0.160	u_top/u_core/u_b/u_b_core/core/core/l5/gk.frontend/pad/interior_x_reg/C	u_top/u_core/u_b/u_b_core/core/core/l5/gk.frontend/win/bank_gen[1].mem_reg_5/DIADI[29]
-0.160	u_top/u_core/u_b/u_b_core/core/core/l5/mac/mac/tree_stage[6].valid_q_reg[7]/C	u_top/u_core/u_b/u_b_core/core/core/l5/mac/issue/out_window_reg[2968]/CE
-0.160	u_top/u_core/u_b/u_b_core/core/core/l5/mac/mac/tree_stage[6].valid_q_reg[7]/C	u_top/u_core/u_b/u_b_core/core/core/l5/mac/issue/out_window_reg[2969]/CE
-0.160	u_top/u_core/u_b/u_b_core/core/core/l5/mac/mac/tree_stage[6].valid_q_reg[7]/C	u_top/u_core/u_b/u_b_core/core/core/l5/mac/issue/out_window_reg[2970]/CE
-0.160	u_top/u_core/u_b/u_b_core/core/core/l5/mac/mac/tree_stage[6].valid_q_reg[7]/C	u_top/u_core/u_b/u_b_core/core/core/l5/mac/issue/out_window_reg[2971]/CE
-0.160	u_top/u_core/u_b/u_b_core/core/core/l5/mac/mac/tree_stage[6].valid_q_reg[7]/C	u_top/u_core/u_b/u_b_core/core/core/l5/mac/issue/out_window_reg[2972]/CE
-0.160	u_top/u_core/u_b/u_b_core/core/core/l5/mac/mac/tree_stage[6].valid_q_reg[7]/C	u_top/u_core/u_b/u_b_core/core/core/l5/mac/issue/out_window_reg[2973]/CE
-0.160	u_top/u_core/u_b/u_b_core/core/core/l5/mac/mac/tree_stage[3].valid_q_reg[4]/C	u_top/u_core/u_b/u_b_core/core/core/l5/mac/mac/tree_stage[3].channel[3].node[0].pair.sums_q_reg[3][3][0][20]/CE
-0.160	u_top/u_core/u_b/u_b_core/core/core/l5/mac/mac/tree_stage[3].valid_q_reg[4]/C	u_top/u_core/u_b/u_b_core/core/core/l5/mac/mac/tree_stage[3].channel[3].node[0].pair.sums_q_reg[3][3][0][21]/CE
-0.160	u_top/u_core/u_b/u_b_core/core/core/l5/mac/mac/tree_stage[3].valid_q_reg[4]/C	u_top/u_core/u_b/u_b_core/core/core/l5/mac/mac/tree_stage[3].channel[3].node[0].pair.sums_q_reg[3][3][0][22]/CE
-0.160	u_top/u_core/u_b/u_b_core/core/core/l5/mac/mac/tree_stage[3].valid_q_reg[4]/C	u_top/u_core/u_b/u_b_core/core/core/l5/mac/mac/tree_stage[3].channel[3].node[0].pair.sums_q_reg[3][3][0][23]/CE
-0.160	u_top/u_core/u_b/u_b_core/core/core/l5/mac/issue/out_phase_reg[1]_rep__3/C	u_top/u_core/u_b/u_b_core/core/core/l5/mac/mac/out_lane[3].mult_lane[26].operand_pipe.act_q_reg[13]/D
-0.160	u_top/u_core/u_b/u_b_core/core/core/l5/mac/mac/tree_stage[6].valid_q_reg[7]/C	u_top/u_core/u_b/u_b_core/core/core/l5/mac/issue/out_window_reg[3340]/CE
-0.160	u_top/u_core/u_b/u_b_core/core/core/l5/mac/mac/tree_stage[6].valid_q_reg[7]/C	u_top/u_core/u_b/u_b_core/core/core/l5/mac/issue/out_window_reg[3341]/CE
-0.160	u_top/u_core/u_b/u_b_core/core/core/l5/mac/mac/tree_stage[6].valid_q_reg[7]/C	u_top/u_core/u_b/u_b_core/core/core/l5/mac/issue/out_window_reg[3342]/CE
-0.160	u_top/u_core/u_b/u_b_core/core/core/l5/mac/mac/tree_stage[6].valid_q_reg[7]/C	u_top/u_core/u_b/u_b_core/core/core/l5/mac/issue/out_window_reg[3343]/CE
-0.160	u_top/u_core/u_b/u_b_core/core/core/l5/mac/mac/tree_stage[6].valid_q_reg[7]/C	u_top/u_core/u_b/u_b_core/core/core/l5/mac/issue/out_window_reg[3344]/CE
-0.160	u_top/u_core/u_b/u_b_core/core/core/l5/mac/mac/tree_stage[6].valid_q_reg[7]/C	u_top/u_core/u_b/u_b_core/core/core/l5/mac/issue/out_window_reg[3345]/CE
-0.159	u_top/u_core/u_b/u_b_core/core/core/l5/gk.frontend/win/row_mod_d_reg[1]_rep__1/C	u_top/u_core/u_b/u_b_core/core/core/l5/gk.frontend/win/shift_reg[9][193]/D
-0.159	u_top/u_core/u_b/u_b_core/core/core/l5/gk.frontend/win/bank_gen[3].mem_reg_0/CLKARDCLK	u_top/u_core/u_b/u_b_core/core/core/l5/gk.frontend/win/shift_reg[19][28]/D
-0.159	u_top/u_core/u_b/u_b_core/core/core/l5/mac/issue/out_phase_reg[2]/C	u_top/u_core/u_b/u_b_core/core/core/l5/mac/mac/out_lane[2].mult_lane[4].operand_pipe.act_q_reg[3]/D
-0.159	u_top/u_core/u_b/u_b_core/core/core/l5/mac/mac/tree_stage[6].valid_q_reg[7]/C	u_top/u_core/u_b/u_b_core/core/core/l5/gk.frontend/fifo/wr_ptr_reg[0]_rep__2/D
-0.159	u_top/u_core/u_b/u_b_core/core/core/l5/mac/mac/tree_stage[6].valid_q_reg[7]/C	u_top/u_core/u_b/u_b_core/core/core/l5/mac/issue/out_window_reg[2934]/CE
-0.159	u_top/u_core/u_b/u_b_core/core/core/l5/mac/mac/tree_stage[6].valid_q_reg[7]/C	u_top/u_core/u_b/u_b_core/core/core/l5/mac/issue/out_window_reg[2935]/CE
-0.159	u_top/u_core/u_b/u_b_core/core/core/l5/mac/mac/tree_stage[6].valid_q_reg[7]/C	u_top/u_core/u_b/u_b_core/core/core/l5/mac/issue/out_window_reg[2936]/CE
-0.159	u_top/u_core/u_b/u_b_core/core/core/l5/mac/mac/tree_stage[6].valid_q_reg[7]/C	u_top/u_core/u_b/u_b_core/core/core/l5/mac/issue/out_window_reg[2937]/CE
-0.159	u_top/u_core/u_b/u_b_core/core/core/l5/mac/mac/tree_stage[6].valid_q_reg[7]/C	u_top/u_core/u_b/u_b_core/core/core/l5/mac/issue/out_window_reg[2938]/CE
-0.159	u_top/u_core/u_b/u_b_core/core/core/l5/mac/mac/tree_stage[6].valid_q_reg[7]/C	u_top/u_core/u_b/u_b_core/core/core/l5/mac/issue/out_window_reg[2939]/CE
-0.159	u_top/u_core/u_b/u_b_core/core/core/l5/gk.frontend/win/row_mod_d_reg[0]_rep__4/C	u_top/u_core/u_b/u_b_core/core/core/l5/gk.frontend/win/shift_reg[14][185]/D
-0.159	u_top/u_core/u_b/u_b_core/core/core/l5/mac/issue/out_phase_reg[1]_rep__12/C	u_top/u_core/u_b/u_b_core/core/core/l5/mac/mac/out_lane[1].mult_lane[46].operand_pipe.act_q_reg[9]/D
-0.159	u_top/u_core/u_b/u_b_core/core/core/l5/mac/issue/out_phase_reg[0]_rep__6/C	u_top/u_core/u_b/u_b_core/core/core/l5/mac/mac/out_lane[0].mult_lane[15].operand_pipe.act_q_reg[6]/D
-0.159	u_top/u_core/u_b/u_b_core/core/core/l5/mac/issue/out_phase_reg[1]_rep__16/C	u_top/u_core/u_b/u_b_core/core/core/l5/mac/mac/out_lane[3].mult_lane[17].operand_pipe.weight_q_reg[2]/D
-0.159	u_top/u_core/u_b/u_b_core/core/core/l5/mac/issue/out_phase_reg[0]_rep__2_replica/C	u_top/u_core/u_b/u_b_core/core/core/l5/mac/mac/out_lane[0].mult_lane[30].operand_pipe.act_q_reg[10]/D
-0.158	u_top/u_core/u_b/u_b_core/core/core/l5/mac/issue/out_phase_reg[0]_rep__7/C	u_top/u_core/u_b/u_b_core/core/core/l5/mac/mac/out_lane[1].mult_lane[16].operand_pipe.act_q_reg[12]/D
-0.158	u_top/u_core/u_b/u_b_core/core/core/l5/gk.frontend/win/bank_gen[1].mem_reg_6/CLKARDCLK	u_top/u_core/u_b/u_b_core/core/core/l5/gk.frontend/win/shift_reg[4][238]/D
-0.158	u_top/u_core/u_b/u_b_core/core/core/l5/mac/mac/tree_stage[6].valid_q_reg[7]/C	u_top/u_core/u_b/u_b_core/core/core/l5/gk.frontend/fifo/g_wide_read.g_read_slice[11].rd_ptr_local_reg[0]/R
-0.158	u_top/u_core/u_b/u_b_core/core/core/l5/mac/mac/tree_stage[6].valid_q_reg[7]/C	u_top/u_core/u_b/u_b_core/core/core/l5/gk.frontend/fifo/g_wide_read.g_read_slice[11].rd_ptr_local_reg[1]/R
-0.158	u_top/u_core/u_b/u_b_core/core/core/l5/mac/issue/out_phase_reg[0]_rep__10/C	u_top/u_core/u_b/u_b_core/core/core/l5/mac/mac/out_lane[2].mult_lane[46].operand_pipe.act_q_reg[2]/D
-0.158	u_top/u_core/u_b/u_b_core/core/core/l5/mac/mac/tree_stage[6].valid_q_reg[7]/C	u_top/u_core/u_b/u_b_core/core/core/l5/mac/issue/out_window_reg[3800]/CE
-0.158	u_top/u_core/u_b/u_b_core/core/core/l5/mac/mac/tree_stage[6].valid_q_reg[7]/C	u_top/u_core/u_b/u_b_core/core/core/l5/mac/issue/out_window_reg[3801]/CE
-0.158	u_top/u_core/u_b/u_b_core/core/core/l5/mac/mac/tree_stage[6].valid_q_reg[7]/C	u_top/u_core/u_b/u_b_core/core/core/l5/mac/issue/out_window_reg[3802]/CE
-0.158	u_top/u_core/u_b/u_b_core/core/core/l5/mac/mac/tree_stage[6].valid_q_reg[7]/C	u_top/u_core/u_b/u_b_core/core/core/l5/mac/issue/out_window_reg[3803]/CE
-0.158	u_top/u_core/u_b/u_b_core/core/core/l5/mac/mac/tree_stage[6].valid_q_reg[7]/C	u_top/u_core/u_b/u_b_core/core/core/l5/mac/issue/out_window_reg[3804]/CE
-0.158	u_top/u_core/u_b/u_b_core/core/core/l5/mac/mac/tree_stage[6].valid_q_reg[7]/C	u_top/u_core/u_b/u_b_core/core/core/l5/mac/issue/out_window_reg[3805]/CE
-0.157	u_top/u_core/u_b/u_b_core/core/core/shuffle/busy_reg/C	u_top/u_core/u_b/u_b_core/core/core/l5/gk.frontend/win/shift_reg[21][184]/R
-0.157	u_top/u_core/u_b/u_b_core/core/core/l5/mac/issue/out_phase_reg[0]_rep__9/C	u_top/u_core/u_b/u_b_core/core/core/l5/mac/mac/out_lane[3].mult_lane[45].operand_pipe.act_q_reg[11]/D
-0.157	u_top/u_core/u_b/u_b_core/core/core/l5/mac/mac/tree_stage[6].valid_q_reg[7]/C	u_top/u_core/u_b/u_b_core/core/core/l5/gk.frontend/fifo/g_wide_read.g_read_slice[56].rd_ptr_local_reg[0]/R
-0.157	u_top/u_core/u_b/u_b_core/core/core/l5/mac/mac/tree_stage[6].valid_q_reg[7]/C	u_top/u_core/u_b/u_b_core/core/core/l5/gk.frontend/fifo/g_wide_read.g_read_slice[56].rd_ptr_local_reg[1]/R
-0.157	u_top/u_core/u_b/u_b_core/core/core/l5/mac/issue/out_window_reg[2600]/C	u_top/u_core/u_b/u_b_core/core/core/l5/mac/mac/out_lane[0].mult_lane[10].operand_pipe.act_q_reg[8]/D
-0.157	u_top/u_core/u_b/u_b_core/core/core/shuffle/busy_reg/C	u_top/u_core/u_b/u_b_core/core/core/l5/gk.frontend/win/shift_reg[10][196]/R
-0.157	u_top/u_core/u_b/u_b_core/core/core/shuffle/busy_reg/C	u_top/u_core/u_b/u_b_core/core/core/l5/gk.frontend/win/shift_reg[10][64]/R
-0.157	u_top/u_core/u_b/u_b_core/core/core/shuffle/busy_reg/C	u_top/u_core/u_b/u_b_core/core/core/l5/gk.frontend/win/shift_reg[15][103]/R
-0.157	u_top/u_core/u_b/u_b_core/core/core/shuffle/busy_reg/C	u_top/u_core/u_b/u_b_core/core/core/l5/gk.frontend/win/shift_reg[20][145]/R
-0.157	u_top/u_core/u_b/u_b_core/core/core/shuffle/busy_reg/C	u_top/u_core/u_b/u_b_core/core/core/l5/gk.frontend/win/shift_reg[20][82]/R
-0.157	u_top/u_core/u_b/u_b_core/core/core/shuffle/busy_reg/C	u_top/u_core/u_b/u_b_core/core/core/l5/gk.frontend/win/shift_reg[20][99]/R
-0.157	u_top/u_core/u_b/u_b_core/core/core/shuffle/busy_reg/C	u_top/u_core/u_b/u_b_core/core/core/l5/gk.frontend/win/shift_reg[21][145]/R
-0.157	u_top/u_core/u_b/u_b_core/core/core/shuffle/busy_reg/C	u_top/u_core/u_b/u_b_core/core/core/l5/gk.frontend/win/shift_reg[22][108]/R
-0.157	u_top/u_core/u_b/u_b_core/core/core/l5/gk.frontend/win/shift_reg[16][109]/C	u_top/u_core/u_b/u_b_core/core/core/l5/gk.frontend/fifo/g_wide_read.g_read_slice[65].mem_slice_reg_0_3_42_47/RAMB_D1/I
-0.157	u_top/u_core/u_b/u_b_core/core/core/l4/post/meta_group_reg[8][2]/C	u_top/u_core/u_b/u_b_core/core/core/l4/post/output_slot_reg[1][200]/D
-0.157	u_top/u_core/u_b/u_b_core/core/core/l5/gk.frontend/win/bank_gen[1].mem_reg_1/CLKARDCLK	u_top/u_core/u_b/u_b_core/core/core/l5/gk.frontend/win/shift_reg[19][40]/D
-0.156	u_top/u_core/u_in/req_addr_q_reg[2]_rep__2/C	u_top/u_core/u_rom/g_multi_bank.g_bank[0].u_bank/request_addr_q_reg_0_6/ADDRARDADDR[2]
-0.156	u_top/u_core/u_b/u_b_core/core/core/l5/mac/issue/out_phase_reg[0]_rep__9/C	u_top/u_core/u_b/u_b_core/core/core/l5/mac/mac/out_lane[0].mult_lane[45].operand_pipe.act_q_reg[5]/D
-0.156	u_top/u_core/u_b/u_b_core/core/core/l5/gk.frontend/win/bank_gen[3].mem_reg_3/CLKARDCLK	u_top/u_core/u_b/u_b_core/core/core/l5/gk.frontend/win/shift_reg[19][119]/D
-0.156	u_top/u_core/u_b/u_b_core/core/core/l5/gk.frontend/win/bank_gen[0].mem_reg_3/CLKARDCLK	u_top/u_core/u_b/u_b_core/core/core/l5/gk.frontend/win/shift_reg[4][142]/D
-0.156	u_top/u_core/u_b/u_b_core/core/core/l5/mac/issue/out_phase_reg[0]_rep__1_replica/C	u_top/u_core/u_b/u_b_core/core/core/l5/mac/mac/out_lane[2].mult_lane[5].operand_pipe.act_q_reg[13]/D
-0.156	u_top/u_core/u_b/u_b_core/core/core/l5/mac/issue/out_window_reg[5739]/C	u_top/u_core/u_b/u_b_core/core/core/l5/mac/mac/out_lane[0].mult_lane[22].operand_pipe.act_q_reg[11]/D
-0.156	u_top/u_core/u_b/u_b_core/core/core/l5/mac/issue/out_window_reg[185]/C	u_top/u_core/u_b/u_b_core/core/core/l5/mac/mac/out_lane[2].mult_lane[25].operand_pipe.act_q_reg[9]/D
-0.156	u_top/u_core/u_ctrl/start_b_reg/C	u_top/u_core/u_in/req_addr_q_reg[6]_rep__4/CE
-0.156	u_top/u_core/u_b/u_b_core/core/core/l5/mac/issue/out_phase_reg[1]_rep__2/C	u_top/u_core/u_b/u_b_core/core/core/l5/mac/mac/out_lane[1].mult_lane[27].operand_pipe.act_q_reg[4]/D
-0.156	u_top/u_core/u_b/u_b_core/core/core/l5/gk.frontend/pad/interior_y_reg/C	u_top/u_core/u_b/u_b_core/core/core/l5/gk.frontend/win/bank_gen[3].mem_reg_4/DIADI[8]
-0.156	u_top/u_core/u_b/u_b_core/core/core/l5/mac/mac/tree_stage[6].valid_q_reg[7]/C	u_top/u_core/u_b/u_b_core/core/core/l5/mac/mac/tree_stage[1].channel[1].node[1].pair.sums_q_reg[1][1][1][4]/CE
-0.156	u_top/u_core/u_b/u_b_core/core/core/l5/mac/mac/tree_stage[6].valid_q_reg[7]/C	u_top/u_core/u_b/u_b_core/core/core/l5/mac/mac/tree_stage[1].channel[1].node[1].pair.sums_q_reg[1][1][1][5]/CE
-0.156	u_top/u_core/u_b/u_b_core/core/core/l5/mac/mac/tree_stage[6].valid_q_reg[7]/C	u_top/u_core/u_b/u_b_core/core/core/l5/mac/mac/tree_stage[1].channel[1].node[1].pair.sums_q_reg[1][1][1][6]/CE
-0.156	u_top/u_core/u_b/u_b_core/core/core/l5/mac/mac/tree_stage[6].valid_q_reg[7]/C	u_top/u_core/u_b/u_b_core/core/core/l5/mac/mac/tree_stage[1].channel[1].node[1].pair.sums_q_reg[1][1][1][7]/CE
-0.155	u_top/u_core/u_b/u_b_core/core/core/l5/mac/issue/out_phase_reg[0]_rep__15/C	u_top/u_core/u_b/u_b_core/core/core/l5/mac/mac/out_lane[0].mult_lane[9].operand_pipe.weight_q_reg[6]/D
-0.155	u_top/u_core/u_b/u_b_core/core/core/l3/gk.frontend/win/col_reg[1]/C	u_top/u_core/u_b/u_b_core/core/core/l3/gk.frontend/win/row_reg[4]/CE
-0.155	u_top/u_core/u_b/u_b_core/core/core/l3/gk.frontend/win/col_reg[1]/C	u_top/u_core/u_b/u_b_core/core/core/l3/gk.frontend/win/row_reg[5]/CE
-0.155	u_top/u_core/u_b/u_b_core/core/core/l3/gk.frontend/win/col_reg[1]/C	u_top/u_core/u_b/u_b_core/core/core/l3/gk.frontend/win/row_reg[6]/CE
-0.155	u_top/u_core/u_b/u_b_core/core/core/l3/gk.frontend/win/col_reg[1]/C	u_top/u_core/u_b/u_b_core/core/core/l3/gk.frontend/win/row_reg[7]/CE
-0.155	u_top/u_core/u_b/u_b_core/core/core/shuffle/busy_reg/C	u_top/u_core/u_b/u_b_core/core/core/l5/gk.frontend/win/shift_reg[0][20]/R
-0.155	u_top/u_core/u_b/u_b_core/core/core/l5/mac/issue/out_phase_reg[1]_rep__14/C	u_top/u_core/u_b/u_b_core/core/core/l5/mac/mac/out_lane[1].mult_lane[20].operand_pipe.act_q_reg[12]/D
-0.155	u_top/u_core/u_b/u_b_core/core/core/l5/mac/mac/tree_stage[6].valid_q_reg[7]/C	u_top/u_core/u_b/u_b_core/core/core/l5/mac/issue/out_window_reg[3672]/CE
-0.155	u_top/u_core/u_b/u_b_core/core/core/l5/mac/mac/tree_stage[6].valid_q_reg[7]/C	u_top/u_core/u_b/u_b_core/core/core/l5/mac/issue/out_window_reg[3673]/CE
-0.155	u_top/u_core/u_b/u_b_core/core/core/l5/mac/mac/tree_stage[6].valid_q_reg[7]/C	u_top/u_core/u_b/u_b_core/core/core/l5/mac/issue/out_window_reg[3674]/CE
-0.155	u_top/u_core/u_b/u_b_core/core/core/l5/mac/mac/tree_stage[6].valid_q_reg[7]/C	u_top/u_core/u_b/u_b_core/core/core/l5/mac/issue/out_window_reg[3675]/CE
-0.155	u_top/u_core/u_b/u_b_core/core/core/l5/mac/mac/tree_stage[6].valid_q_reg[7]/C	u_top/u_core/u_b/u_b_core/core/core/l5/mac/issue/out_window_reg[3676]/CE
-0.155	u_top/u_core/u_b/u_b_core/core/core/l5/mac/mac/tree_stage[6].valid_q_reg[7]/C	u_top/u_core/u_b/u_b_core/core/core/l5/mac/issue/out_window_reg[3677]/CE
-0.155	u_top/u_core/u_b/u_b_core/core/core/l5/mac/issue/out_phase_reg[2]_rep__8/C	u_top/u_core/u_b/u_b_core/core/core/l5/mac/mac/out_lane[1].mult_lane[43].operand_pipe.act_q_reg[8]/D
-0.155	u_top/u_core/u_b/u_b_core/core/core/l5/mac/issue/out_phase_reg[1]_rep__5/C	u_top/u_core/u_b/u_b_core/core/core/l5/mac/mac/out_lane[1].mult_lane[49].operand_pipe.act_q_reg[12]/D
-0.155	u_top/u_core/u_b/u_b_core/core/core/l5/mac/issue/out_phase_reg[1]_rep__6/C	u_top/u_core/u_b/u_b_core/core/core/l5/mac/mac/out_lane[1].mult_lane[11].operand_pipe.act_q_reg[1]/D
-0.155	u_top/u_core/u_ctrl/start_b_reg/C	u_top/u_core/u_in/req_addr_q_reg[0]_rep__9/CE
-0.155	u_top/u_core/u_ctrl/start_b_reg/C	u_top/u_core/u_in/req_addr_q_reg[10]_rep__9/CE
-0.155	u_top/u_core/u_ctrl/start_b_reg/C	u_top/u_core/u_in/req_addr_q_reg[4]_rep__9/CE
-0.155	u_top/u_core/u_ctrl/start_b_reg/C	u_top/u_core/u_in/req_addr_q_reg[7]_rep__9/CE
-0.155	u_top/u_core/u_ctrl/start_b_reg/C	u_top/u_core/u_in/req_addr_q_reg[8]_rep__9/CE
-0.155	u_top/u_core/u_b/u_b_core/core/core/l5/mac/issue/out_phase_reg[1]_rep__11/C	u_top/u_core/u_b/u_b_core/core/core/l5/mac/mac/out_lane[2].mult_lane[36].operand_pipe.act_q_reg[1]/D
-0.155	u_top/u_core/u_b/u_b_core/core/core/l5/mac/issue/out_window_reg[3268]/C	u_top/u_core/u_b/u_b_core/core/core/l5/mac/mac/out_lane[3].mult_lane[12].operand_pipe.act_q_reg[4]/D
-0.154	u_top/u_core/u_b/u_b_core/core/core/l5/mac/issue/out_window_reg[1372]/C	u_top/u_core/u_b/u_b_core/core/core/l5/mac/mac/out_lane[1].mult_lane[30].operand_pipe.act_q_reg[12]/D
-0.154	u_top/u_core/u_b/u_b_core/core/core/l5/mac/issue/out_phase_reg[1]_rep/C	u_top/u_core/u_b/u_b_core/core/core/l5/mac/mac/out_lane[3].mult_lane[9].operand_pipe.weight_q_reg[4]/D
-0.154	u_top/u_core/u_b/u_b_core/core/core/l5/gk.frontend/fifo/wr_ptr_reg[0]_rep__5/C	u_top/u_core/u_b/u_b_core/core/core/l5/gk.frontend/fifo/g_wide_read.g_read_slice[4].mem_slice_reg_0_3_54_59/RAMA/WADR0
-0.154	u_top/u_core/u_b/u_b_core/core/core/l5/gk.frontend/fifo/wr_ptr_reg[0]_rep__5/C	u_top/u_core/u_b/u_b_core/core/core/l5/gk.frontend/fifo/g_wide_read.g_read_slice[4].mem_slice_reg_0_3_54_59/RAMA_D1/WADR0
-0.154	u_top/u_core/u_b/u_b_core/core/core/l5/gk.frontend/fifo/wr_ptr_reg[0]_rep__5/C	u_top/u_core/u_b/u_b_core/core/core/l5/gk.frontend/fifo/g_wide_read.g_read_slice[4].mem_slice_reg_0_3_54_59/RAMB/WADR0
-0.154	u_top/u_core/u_b/u_b_core/core/core/l5/gk.frontend/fifo/wr_ptr_reg[0]_rep__5/C	u_top/u_core/u_b/u_b_core/core/core/l5/gk.frontend/fifo/g_wide_read.g_read_slice[4].mem_slice_reg_0_3_54_59/RAMB_D1/WADR0
-0.154	u_top/u_core/u_b/u_b_core/core/core/l5/gk.frontend/fifo/wr_ptr_reg[0]_rep__5/C	u_top/u_core/u_b/u_b_core/core/core/l5/gk.frontend/fifo/g_wide_read.g_read_slice[4].mem_slice_reg_0_3_54_59/RAMC/WADR0
-0.154	u_top/u_core/u_b/u_b_core/core/core/l5/gk.frontend/fifo/wr_ptr_reg[0]_rep__5/C	u_top/u_core/u_b/u_b_core/core/core/l5/gk.frontend/fifo/g_wide_read.g_read_slice[4].mem_slice_reg_0_3_54_59/RAMC_D1/WADR0
-0.154	u_top/u_core/u_b/u_b_core/core/core/l5/gk.frontend/fifo/wr_ptr_reg[0]_rep__5/C	u_top/u_core/u_b/u_b_core/core/core/l5/gk.frontend/fifo/g_wide_read.g_read_slice[4].mem_slice_reg_0_3_54_59/RAMD/ADR0
-0.154	u_top/u_core/u_b/u_b_core/core/core/l5/gk.frontend/fifo/wr_ptr_reg[0]_rep__5/C	u_top/u_core/u_b/u_b_core/core/core/l5/gk.frontend/fifo/g_wide_read.g_read_slice[4].mem_slice_reg_0_3_54_59/RAMD_D1/ADR0
-0.154	u_top/u_core/u_b/u_b_core/core/core/l5/gk.frontend/win/row_mod_d_reg[0]_rep__5/C	u_top/u_core/u_b/u_b_core/core/core/l5/gk.frontend/win/shift_reg[4][195]/D
-0.154	u_top/u_core/u_b/u_b_core/core/core/l5/mac/mac/tree_stage[6].valid_q_reg[7]/C	u_top/u_core/u_b/u_b_core/core/core/l5/mac/issue/out_window_reg[3766]/CE
-0.154	u_top/u_core/u_b/u_b_core/core/core/l5/mac/mac/tree_stage[6].valid_q_reg[7]/C	u_top/u_core/u_b/u_b_core/core/core/l5/mac/issue/out_window_reg[3767]/CE
-0.154	u_top/u_core/u_b/u_b_core/core/core/l5/mac/mac/tree_stage[6].valid_q_reg[7]/C	u_top/u_core/u_b/u_b_core/core/core/l5/mac/issue/out_window_reg[3768]/CE
-0.154	u_top/u_core/u_b/u_b_core/core/core/l5/mac/mac/tree_stage[6].valid_q_reg[7]/C	u_top/u_core/u_b/u_b_core/core/core/l5/mac/issue/out_window_reg[3769]/CE
-0.154	u_top/u_core/u_b/u_b_core/core/core/l5/mac/mac/tree_stage[6].valid_q_reg[7]/C	u_top/u_core/u_b/u_b_core/core/core/l5/mac/issue/out_window_reg[3770]/CE
-0.154	u_top/u_core/u_b/u_b_core/core/core/l5/mac/mac/tree_stage[6].valid_q_reg[7]/C	u_top/u_core/u_b/u_b_core/core/core/l5/mac/issue/out_window_reg[3771]/CE
-0.154	u_top/u_core/u_b/u_b_core/core/core/l5/mac/issue/out_phase_reg[1]_rep__2/C	u_top/u_core/u_b/u_b_core/core/core/l5/mac/mac/out_lane[3].mult_lane[1].operand_pipe.act_q_reg[1]/D
-0.154	u_top/u_core/u_b/u_b_core/core/core/l5/gk.frontend/win/shift_reg[15][143]/C	u_top/u_core/u_b/u_b_core/core/core/l5/gk.frontend/fifo/g_wide_read.g_read_slice[62].mem_slice_reg_0_3_12_17/RAMB_D1/I
-0.154	u_top/u_core/u_b/u_b_core/core/core/l5/gk.frontend/pad/interior_y_reg/C	u_top/u_core/u_b/u_b_core/core/core/l5/gk.frontend/win/bank_gen[2].mem_reg_4/DIADI[11]
-0.153	u_top/u_core/u_b/u_b_core/core/core/l5/mac/mac/tree_stage[6].valid_q_reg[7]/C	u_top/u_core/u_b/u_b_core/core/core/l5/mac/mac/out_lane[2].mult_lane[19].operand_pipe.weight_q_reg[1]/CE
-0.153	u_top/u_core/u_b/u_b_core/core/core/l5/mac/issue/out_window_reg[1591]/C	u_top/u_core/u_b/u_b_core/core/core/l5/mac/mac/out_lane[2].mult_lane[31].operand_pipe.act_q_reg[7]/D
-0.153	u_top/u_core/u_b/u_b_core/core/core/l5/gk.frontend/win/bank_gen[1].mem_reg_6/CLKARDCLK	u_top/u_core/u_b/u_b_core/core/core/l5/gk.frontend/win/shift_reg[14][247]/D
-0.153	u_top/u_core/u_b/u_b_core/core/core/l5/mac/mac/tree_stage[3].valid_q_reg[4]/C	u_top/u_core/u_b/u_b_core/core/core/l5/mac/mac/tree_stage[3].channel[2].node[1].pair.sums_q_reg[3][2][1][20]/CE
-0.153	u_top/u_core/u_b/u_b_core/core/core/l5/mac/mac/tree_stage[3].valid_q_reg[4]/C	u_top/u_core/u_b/u_b_core/core/core/l5/mac/mac/tree_stage[3].channel[2].node[1].pair.sums_q_reg[3][2][1][21]/CE
-0.153	u_top/u_core/u_b/u_b_core/core/core/l5/mac/mac/tree_stage[3].valid_q_reg[4]/C	u_top/u_core/u_b/u_b_core/core/core/l5/mac/mac/tree_stage[3].channel[2].node[1].pair.sums_q_reg[3][2][1][22]/CE
-0.153	u_top/u_core/u_b/u_b_core/core/core/l5/mac/mac/tree_stage[3].valid_q_reg[4]/C	u_top/u_core/u_b/u_b_core/core/core/l5/mac/mac/tree_stage[3].channel[2].node[1].pair.sums_q_reg[3][2][1][23]/CE
-0.153	u_top/u_core/u_b/u_b_core/core/core/l5/gk.frontend/win/col_reg[0]/C	u_top/u_core/u_b/u_b_core/core/core/l5/gk.frontend/win/bank_gen[1].mem_reg_6/ADDRARDADDR[5]
-0.153	u_top/u_core/u_b/u_b_core/core/core/l5/mac/issue/out_window_reg[3681]/C	u_top/u_core/u_b/u_b_core/core/core/l5/mac/mac/out_lane[0].mult_lane[14].operand_pipe.act_q_reg[1]/D
-0.153	u_top/u_core/u_b/u_b_core/core/core/l5/mac/issue/out_phase_reg[0]_rep__4/C	u_top/u_core/u_b/u_b_core/core/core/l5/mac/mac/out_lane[2].mult_lane[11].operand_pipe.act_q_reg[5]/D
-0.153	u_top/u_core/u_b/u_b_core/core/core/l5/mac/issue/out_phase_reg[2]_rep__0/C	u_top/u_core/u_b/u_b_core/core/core/l5/mac/mac/out_lane[1].mult_lane[12].operand_pipe.weight_q_reg[2]/D
-0.153	u_top/u_core/u_b/u_b_core/core/core/shuffle/busy_reg/C	u_top/u_core/u_b/u_b_core/core/core/l5/gk.frontend/win/shift_reg[2][21]/R
-0.153	u_top/u_core/u_b/u_b_core/core/core/shuffle/busy_reg/C	u_top/u_core/u_b/u_b_core/core/core/l5/gk.frontend/win/shift_reg[2][24]/R
-0.153	u_top/u_core/u_b/u_b_core/core/core/shuffle/busy_reg/C	u_top/u_core/u_b/u_b_core/core/core/l5/gk.frontend/win/shift_reg[3][83]/R
-0.153	u_top/u_core/u_b/u_b_core/core/core/shuffle/busy_reg/C	u_top/u_core/u_b/u_b_core/core/core/l5/gk.frontend/win/shift_reg[3][90]/R
-0.153	u_top/u_core/u_b/u_b_core/core/core/shuffle/busy_reg/C	u_top/u_core/u_b/u_b_core/core/core/l5/gk.frontend/win/shift_reg[5][185]/R
-0.153	u_top/u_core/u_b/u_b_core/core/core/shuffle/busy_reg/C	u_top/u_core/u_b/u_b_core/core/core/l5/gk.frontend/win/shift_reg[5][193]/R
-0.153	u_top/u_core/u_b/u_b_core/core/core/shuffle/busy_reg/C	u_top/u_core/u_b/u_b_core/core/core/l5/gk.frontend/win/shift_reg[5][227]/R
-0.153	u_top/u_core/u_b/u_b_core/core/core/shuffle/busy_reg/C	u_top/u_core/u_b/u_b_core/core/core/l5/gk.frontend/win/shift_reg[6][106]/R
-0.153	u_top/u_core/u_b/u_b_core/core/core/shuffle/busy_reg/C	u_top/u_core/u_b/u_b_core/core/core/l5/gk.frontend/win/shift_reg[11][179]/R
-0.153	u_top/u_core/u_b/u_b_core/core/core/shuffle/busy_reg/C	u_top/u_core/u_b/u_b_core/core/core/l5/gk.frontend/win/shift_reg[11][212]/R
-0.153	u_top/u_core/u_b/u_b_core/core/core/shuffle/busy_reg/C	u_top/u_core/u_b/u_b_core/core/core/l5/gk.frontend/win/shift_reg[11][217]/R
-0.153	u_top/u_core/u_b/u_b_core/core/core/shuffle/busy_reg/C	u_top/u_core/u_b/u_b_core/core/core/l5/gk.frontend/win/shift_reg[11][220]/R
-0.153	u_top/u_core/u_b/u_b_core/core/core/shuffle/busy_reg/C	u_top/u_core/u_b/u_b_core/core/core/l5/gk.frontend/win/shift_reg[11][24]/R
-0.153	u_top/u_core/u_b/u_b_core/core/core/shuffle/busy_reg/C	u_top/u_core/u_b/u_b_core/core/core/l5/gk.frontend/win/shift_reg[11][250]/R
-0.153	u_top/u_core/u_b/u_b_core/core/core/shuffle/busy_reg/C	u_top/u_core/u_b/u_b_core/core/core/l5/gk.frontend/win/shift_reg[11][29]/R
-0.153	u_top/u_core/u_b/u_b_core/core/core/shuffle/busy_reg/C	u_top/u_core/u_b/u_b_core/core/core/l5/gk.frontend/win/shift_reg[13][211]/R
-0.153	u_top/u_core/u_b/u_b_core/core/core/l5/mac/issue/out_phase_reg[2]_rep__6/C	u_top/u_core/u_b/u_b_core/core/core/l5/mac/mac/out_lane[0].mult_lane[48].operand_pipe.act_q_reg[14]/D
-0.153	u_top/u_core/u_b/u_b_core/core/core/l5/mac/mac/tree_stage[6].valid_q_reg[7]/C	u_top/u_core/u_b/u_b_core/core/core/l5/mac/issue/out_phase_reg[1]_rep__9/D
-0.152	u_top/u_core/u_b/u_b_core/core/core/l5/mac/mac/tree_stage[6].valid_q_reg[7]/C	u_top/u_core/u_b/u_b_core/core/core/l5/mac/issue/out_window_reg[2834]/CE
-0.152	u_top/u_core/u_b/u_b_core/core/core/l5/mac/mac/tree_stage[6].valid_q_reg[7]/C	u_top/u_core/u_b/u_b_core/core/core/l5/mac/issue/out_window_reg[2835]/CE
-0.152	u_top/u_core/u_b/u_b_core/core/core/l5/mac/mac/tree_stage[6].valid_q_reg[7]/C	u_top/u_core/u_b/u_b_core/core/core/l5/mac/issue/out_window_reg[2836]/CE
-0.152	u_top/u_core/u_b/u_b_core/core/core/l5/mac/mac/tree_stage[6].valid_q_reg[7]/C	u_top/u_core/u_b/u_b_core/core/core/l5/mac/issue/out_window_reg[2837]/CE
-0.152	u_top/u_core/u_b/u_b_core/core/core/l5/mac/mac/tree_stage[6].valid_q_reg[7]/C	u_top/u_core/u_b/u_b_core/core/core/l5/mac/issue/out_window_reg[2838]/CE
-0.152	u_top/u_core/u_b/u_b_core/core/core/l5/mac/mac/tree_stage[6].valid_q_reg[7]/C	u_top/u_core/u_b/u_b_core/core/core/l5/mac/issue/out_window_reg[2839]/CE
-0.152	u_top/u_core/u_b/u_b_core/core/core/l5/gk.frontend/fifo/g_wide_read.g_read_slice[71].rd_ptr_local_reg[1]/C	u_top/u_core/u_b/u_b_core/core/core/l5/mac/issue/out_window_reg[4545]/D
-0.152	u_top/u_core/u_b/u_b_core/core/core/l5/gk.frontend/win/bank_gen[1].mem_reg_3/CLKARDCLK	u_top/u_core/u_b/u_b_core/core/core/l5/gk.frontend/win/shift_reg[9][112]/D
-0.152	u_top/u_core/u_b/u_b_core/core/core/shuffle/busy_reg/C	u_top/u_core/u_b/u_b_core/core/core/l5/gk.frontend/win/shift_reg[20][120]/R
-0.152	u_top/u_core/u_b/u_b_core/core/core/shuffle/busy_reg/C	u_top/u_core/u_b/u_b_core/core/core/l5/gk.frontend/win/shift_reg[20][122]/R
-0.152	u_top/u_core/u_b/u_b_core/core/core/shuffle/busy_reg/C	u_top/u_core/u_b/u_b_core/core/core/l5/gk.frontend/win/shift_reg[20][186]/R
-0.152	u_top/u_core/u_b/u_b_core/core/core/shuffle/busy_reg/C	u_top/u_core/u_b/u_b_core/core/core/l5/gk.frontend/win/shift_reg[20][1]/R
-0.152	u_top/u_core/u_b/u_b_core/core/core/shuffle/busy_reg/C	u_top/u_core/u_b/u_b_core/core/core/l5/gk.frontend/win/shift_reg[20][243]/R
-0.152	u_top/u_core/u_b/u_b_core/core/core/shuffle/busy_reg/C	u_top/u_core/u_b/u_b_core/core/core/l5/gk.frontend/win/shift_reg[20][3]/R
-0.152	u_top/u_core/u_b/u_b_core/core/core/shuffle/busy_reg/C	u_top/u_core/u_b/u_b_core/core/core/l5/gk.frontend/win/shift_reg[21][39]/R
-0.152	u_top/u_core/u_b/u_b_core/core/core/shuffle/busy_reg/C	u_top/u_core/u_b/u_b_core/core/core/l5/gk.frontend/win/shift_reg[21][96]/R
-0.152	u_top/u_core/u_b/u_b_core/core/core/shuffle/busy_reg/C	u_top/u_core/u_b/u_b_core/core/core/l5/gk.frontend/win/shift_reg[8][154]/R
-0.152	u_top/u_core/u_b/u_b_core/core/core/l5/mac/issue/out_window_reg[1465]/C	u_top/u_core/u_b/u_b_core/core/core/l5/mac/mac/out_lane[1].mult_lane[30].operand_pipe.act_q_reg[9]/D
-0.152	u_top/u_core/u_b/u_b_core/core/core/l5/mac/issue/out_phase_reg[2]_rep__3/C	u_top/u_core/u_b/u_b_core/core/core/l5/mac/mac/out_lane[3].mult_lane[15].operand_pipe.act_q_reg[1]/D
-0.152	u_top/u_core/u_b/u_b_core/core/core/shuffle/busy_reg/C	u_top/u_core/u_b/u_b_core/core/core/l5/gk.frontend/win/shift_reg[18][227]/R
-0.152	u_top/u_core/u_b/u_b_core/core/core/shuffle/busy_reg/C	u_top/u_core/u_b/u_b_core/core/core/l5/gk.frontend/win/shift_reg[18][228]/R
-0.152	u_top/u_core/u_b/u_b_core/core/core/l5/gk.frontend/win/bank_gen[3].mem_reg_0/CLKARDCLK	u_top/u_core/u_b/u_b_core/core/core/l5/gk.frontend/win/shift_reg[4][14]/D
-0.151	u_top/u_core/u_b/u_b_core/core/core/shuffle/busy_reg/C	u_top/u_core/u_b/u_b_core/core/core/l5/gk.frontend/win/shift_reg[0][147]/R
-0.151	u_top/u_core/u_b/u_b_core/core/core/shuffle/busy_reg/C	u_top/u_core/u_b/u_b_core/core/core/l5/gk.frontend/win/shift_reg[0][98]/R
-0.151	u_top/u_core/u_b/u_b_core/core/core/l5/gk.frontend/win/bank_gen[0].mem_reg_6/CLKARDCLK	u_top/u_core/u_b/u_b_core/core/core/l5/gk.frontend/win/shift_reg[9][238]/D
-0.151	u_top/u_core/u_b/u_b_core/core/core/l5/mac/issue/out_phase_reg[2]_rep__3/C	u_top/u_core/u_b/u_b_core/core/core/l5/mac/mac/out_lane[1].mult_lane[25].operand_pipe.act_q_reg[10]/D
-0.151	u_top/u_core/u_b/u_b_core/core/core/shuffle/busy_reg/C	u_top/u_core/u_b/u_b_core/core/core/l5/gk.frontend/win/shift_reg[21][19]/R
-0.151	u_top/u_core/u_b/u_b_core/core/core/l5/gk.frontend/win/bank_gen[1].mem_reg_6/CLKARDCLK	u_top/u_core/u_b/u_b_core/core/core/l5/gk.frontend/win/shift_reg[14][222]/D
-0.151	u_top/u_core/u_b/u_b_core/core/core/l5/gk.frontend/win/bank_gen[1].mem_reg_6/CLKARDCLK	u_top/u_core/u_b/u_b_core/core/core/l5/gk.frontend/win/shift_reg[19][246]/D
-0.151	u_top/u_core/u_b/u_b_core/core/core/shuffle/busy_reg/C	u_top/u_core/u_b/u_b_core/core/core/l5/gk.frontend/win/shift_reg[15][234]/R
-0.151	u_top/u_core/u_b/u_b_core/core/core/shuffle/busy_reg/C	u_top/u_core/u_b/u_b_core/core/core/l5/gk.frontend/win/shift_reg[2][189]/R
-0.151	u_top/u_core/u_b/u_b_core/core/core/l5/mac/issue/out_phase_reg[1]_rep__6/C	u_top/u_core/u_b/u_b_core/core/core/l5/mac/mac/out_lane[2].mult_lane[27].operand_pipe.weight_q_reg[2]/D
-0.151	u_top/u_core/u_b/u_b_core/core/core/shuffle/busy_reg/C	u_top/u_core/u_b/u_b_core/core/core/l5/gk.frontend/win/shift_reg[21][143]/R
-0.151	u_top/u_core/u_b/u_b_core/core/core/shuffle/busy_reg/C	u_top/u_core/u_b/u_b_core/core/core/l5/gk.frontend/win/shift_reg[21][232]/R
-0.151	u_top/u_core/u_b/u_b_core/core/core/shuffle/busy_reg/C	u_top/u_core/u_b/u_b_core/core/core/l5/gk.frontend/win/shift_reg[21][9]/R
-0.150	u_top/u_core/u_b/u_b_core/core/core/l5/gk.frontend/win/bank_gen[1].mem_reg_6/CLKARDCLK	u_top/u_core/u_b/u_b_core/core/core/l5/gk.frontend/win/shift_reg[9][219]/D
-0.150	u_top/u_core/u_b/u_b_core/core/core/shuffle/busy_reg/C	u_top/u_core/u_b/u_b_core/core/core/l5/gk.frontend/win/shift_reg[10][187]/R
-0.150	u_top/u_core/u_b/u_b_core/core/core/shuffle/busy_reg/C	u_top/u_core/u_b/u_b_core/core/core/l5/gk.frontend/win/shift_reg[10][192]/R
-0.150	u_top/u_core/u_b/u_b_core/core/core/l5/mac/issue/out_phase_reg[0]_rep__14/C	u_top/u_core/u_b/u_b_core/core/core/l5/mac/mac/out_lane[2].mult_lane[6].operand_pipe.weight_q_reg[2]/D
-0.150	u_top/u_core/u_b/u_b_core/core/core/l5/mac/mac/tree_stage[6].valid_q_reg[7]/C	u_top/u_core/u_b/u_b_core/core/core/l5/mac/mac/out_lane[2].mult_lane[22].operand_pipe.weight_q_reg[3]/CE
-0.150	u_top/u_core/u_b/u_b_core/core/core/shuffle/busy_reg/C	u_top/u_core/u_b/u_b_core/core/core/l5/gk.frontend/win/shift_reg[23][95]/R
-0.150	u_top/u_core/u_b/u_b_core/core/core/l5/mac/issue/out_phase_reg[0]_rep__10/C	u_top/u_core/u_b/u_b_core/core/core/l5/mac/mac/out_lane[0].mult_lane[22].operand_pipe.act_q_reg[14]/D
-0.150	u_top/u_core/u_b/u_b_core/core/core/l5/mac/issue/out_phase_reg[1]_rep__6/C	u_top/u_core/u_b/u_b_core/core/core/l5/mac/mac/out_lane[0].mult_lane[18].operand_pipe.weight_q_reg[3]/D
-0.150	u_top/u_core/u_b/u_b_core/core/core/l5/gk.frontend/fifo/wr_ptr_reg[0]/C	u_top/u_core/u_b/u_b_core/core/core/l5/gk.frontend/fifo/g_wide_read.g_read_slice[93].mem_slice_reg_0_3_60_63/RAMA/WADR0
-0.150	u_top/u_core/u_b/u_b_core/core/core/l5/gk.frontend/fifo/wr_ptr_reg[0]/C	u_top/u_core/u_b/u_b_core/core/core/l5/gk.frontend/fifo/g_wide_read.g_read_slice[93].mem_slice_reg_0_3_60_63/RAMA_D1/WADR0
-0.150	u_top/u_core/u_b/u_b_core/core/core/l5/gk.frontend/fifo/wr_ptr_reg[0]/C	u_top/u_core/u_b/u_b_core/core/core/l5/gk.frontend/fifo/g_wide_read.g_read_slice[93].mem_slice_reg_0_3_60_63/RAMB/WADR0
-0.150	u_top/u_core/u_b/u_b_core/core/core/l5/gk.frontend/fifo/wr_ptr_reg[0]/C	u_top/u_core/u_b/u_b_core/core/core/l5/gk.frontend/fifo/g_wide_read.g_read_slice[93].mem_slice_reg_0_3_60_63/RAMB_D1/WADR0
-0.150	u_top/u_core/u_b/u_b_core/core/core/l5/gk.frontend/fifo/wr_ptr_reg[0]/C	u_top/u_core/u_b/u_b_core/core/core/l5/gk.frontend/fifo/g_wide_read.g_read_slice[93].mem_slice_reg_0_3_60_63/RAMC/WADR0
-0.150	u_top/u_core/u_b/u_b_core/core/core/l5/gk.frontend/fifo/wr_ptr_reg[0]/C	u_top/u_core/u_b/u_b_core/core/core/l5/gk.frontend/fifo/g_wide_read.g_read_slice[93].mem_slice_reg_0_3_60_63/RAMC_D1/WADR0
-0.150	u_top/u_core/u_b/u_b_core/core/core/l5/gk.frontend/fifo/wr_ptr_reg[0]/C	u_top/u_core/u_b/u_b_core/core/core/l5/gk.frontend/fifo/g_wide_read.g_read_slice[93].mem_slice_reg_0_3_60_63/RAMD/ADR0
-0.150	u_top/u_core/u_b/u_b_core/core/core/l5/gk.frontend/fifo/wr_ptr_reg[0]/C	u_top/u_core/u_b/u_b_core/core/core/l5/gk.frontend/fifo/g_wide_read.g_read_slice[93].mem_slice_reg_0_3_60_63/RAMD_D1/ADR0
-0.149	u_top/u_core/u_b/u_b_core/core/core/l5/gk.frontend/win/row_mod_d_reg[1]_rep__1/C	u_top/u_core/u_b/u_b_core/core/core/l5/gk.frontend/win/shift_reg[9][205]/D
-0.149	u_top/u_core/u_b/u_b_core/core/core/shuffle/busy_reg/C	u_top/u_core/u_b/u_b_core/core/core/l5/gk.frontend/win/shift_reg[1][111]/R
-0.149	u_top/u_core/u_b/u_b_core/core/core/shuffle/busy_reg/C	u_top/u_core/u_b/u_b_core/core/core/l5/gk.frontend/win/shift_reg[1][196]/R
-0.149	u_top/u_core/u_b/u_b_core/core/core/shuffle/busy_reg/C	u_top/u_core/u_b/u_b_core/core/core/l5/gk.frontend/win/shift_reg[1][199]/R
-0.149	u_top/u_core/u_b/u_b_core/core/core/shuffle/busy_reg/C	u_top/u_core/u_b/u_b_core/core/core/l5/gk.frontend/win/shift_reg[1][53]/R
-0.149	u_top/u_core/u_b/u_b_core/core/core/shuffle/busy_reg/C	u_top/u_core/u_b/u_b_core/core/core/l5/gk.frontend/win/shift_reg[1][69]/R
-0.149	u_top/u_core/u_b/u_b_core/core/core/shuffle/busy_reg/C	u_top/u_core/u_b/u_b_core/core/core/l5/gk.frontend/win/shift_reg[2][200]/R
-0.149	u_top/u_core/u_b/u_b_core/core/core/shuffle/busy_reg/C	u_top/u_core/u_b/u_b_core/core/core/l5/gk.frontend/win/shift_reg[2][37]/R
-0.149	u_top/u_core/u_b/u_b_core/core/core/shuffle/busy_reg/C	u_top/u_core/u_b/u_b_core/core/core/l5/gk.frontend/win/shift_reg[2][90]/R
-0.149	u_top/u_core/u_b/u_b_core/core/core/l5/mac/mac/tree_stage[6].valid_q_reg[7]/C	u_top/u_core/u_b/u_b_core/core/core/l5/mac/mac/tree_stage[1].channel[2].node[12].pair.sums_q_reg[1][2][12][10]/CE
-0.149	u_top/u_core/u_b/u_b_core/core/core/l5/mac/mac/tree_stage[6].valid_q_reg[7]/C	u_top/u_core/u_b/u_b_core/core/core/l5/mac/mac/tree_stage[1].channel[2].node[12].pair.sums_q_reg[1][2][12][11]/CE
-0.149	u_top/u_core/u_b/u_b_core/core/core/l5/mac/mac/tree_stage[6].valid_q_reg[7]/C	u_top/u_core/u_b/u_b_core/core/core/l5/mac/mac/tree_stage[1].channel[2].node[12].pair.sums_q_reg[1][2][12][8]/CE
-0.149	u_top/u_core/u_b/u_b_core/core/core/l5/mac/mac/tree_stage[6].valid_q_reg[7]/C	u_top/u_core/u_b/u_b_core/core/core/l5/mac/mac/tree_stage[1].channel[2].node[12].pair.sums_q_reg[1][2][12][9]/CE
-0.149	u_top/u_core/u_b/u_b_core/core/core/l5/gk.frontend/pad/interior_y_reg/C	u_top/u_core/u_b/u_b_core/core/core/l5/gk.frontend/win/bank_gen[2].mem_reg_0/DIADI[11]
-0.149	u_top/u_core/u_b/u_b_core/core/core/l5/mac/issue/out_phase_reg[1]_rep__2/C	u_top/u_core/u_b/u_b_core/core/core/l5/mac/mac/out_lane[1].mult_lane[27].operand_pipe.act_q_reg[7]/D
-0.149	u_top/u_core/u_b/u_b_core/core/core/l5/mac/issue/out_window_reg[1744]/C	u_top/u_core/u_b/u_b_core/core/core/l5/mac/mac/out_lane[2].mult_lane[31].operand_pipe.act_q_reg[0]/D
-0.149	u_top/u_core/u_b/u_b_core/core/core/l5/mac/mac/tree_stage[6].valid_q_reg[7]/C	u_top/u_core/u_b/u_b_core/core/core/l5/mac/issue/out_window_reg[1258]/CE
-0.149	u_top/u_core/u_b/u_b_core/core/core/l5/mac/mac/tree_stage[6].valid_q_reg[7]/C	u_top/u_core/u_b/u_b_core/core/core/l5/mac/issue/out_window_reg[1259]/CE
-0.149	u_top/u_core/u_b/u_b_core/core/core/l5/mac/mac/tree_stage[6].valid_q_reg[7]/C	u_top/u_core/u_b/u_b_core/core/core/l5/mac/issue/out_window_reg[1260]/CE
-0.149	u_top/u_core/u_b/u_b_core/core/core/l5/mac/mac/tree_stage[6].valid_q_reg[7]/C	u_top/u_core/u_b/u_b_core/core/core/l5/mac/issue/out_window_reg[1261]/CE
-0.149	u_top/u_core/u_b/u_b_core/core/core/l5/mac/mac/tree_stage[6].valid_q_reg[7]/C	u_top/u_core/u_b/u_b_core/core/core/l5/mac/issue/out_window_reg[1262]/CE
-0.149	u_top/u_core/u_b/u_b_core/core/core/l5/mac/mac/tree_stage[6].valid_q_reg[7]/C	u_top/u_core/u_b/u_b_core/core/core/l5/mac/issue/out_window_reg[1263]/CE
-0.149	u_top/u_core/u_b/u_b_core/core/core/l5/mac/mac/tree_stage[6].valid_q_reg[7]/C	u_top/u_core/u_b/u_b_core/core/core/l5/mac/issue/out_window_reg[1694]/CE
-0.149	u_top/u_core/u_b/u_b_core/core/core/l5/mac/mac/tree_stage[6].valid_q_reg[7]/C	u_top/u_core/u_b/u_b_core/core/core/l5/mac/issue/out_window_reg[1695]/CE
-0.149	u_top/u_core/u_b/u_b_core/core/core/l5/mac/mac/tree_stage[6].valid_q_reg[7]/C	u_top/u_core/u_b/u_b_core/core/core/l5/mac/issue/out_window_reg[1696]/CE
-0.149	u_top/u_core/u_b/u_b_core/core/core/l5/mac/mac/tree_stage[6].valid_q_reg[7]/C	u_top/u_core/u_b/u_b_core/core/core/l5/mac/issue/out_window_reg[1697]/CE
-0.149	u_top/u_core/u_b/u_b_core/core/core/l5/mac/mac/tree_stage[6].valid_q_reg[7]/C	u_top/u_core/u_b/u_b_core/core/core/l5/mac/issue/out_window_reg[1698]/CE
-0.149	u_top/u_core/u_b/u_b_core/core/core/l5/mac/mac/tree_stage[6].valid_q_reg[7]/C	u_top/u_core/u_b/u_b_core/core/core/l5/mac/issue/out_window_reg[1699]/CE
-0.149	u_top/u_core/u_b/u_b_core/core/core/l5/mac/mac/tree_stage[6].valid_q_reg[7]/C	u_top/u_core/u_b/u_b_core/core/core/l5/mac/issue/out_phase_reg[0]_rep__1_replica_1/D
-0.148	u_top/u_core/u_b/u_b_core/core/core/l5/gk.frontend/win/bank_gen[1].mem_reg_1/CLKARDCLK	u_top/u_core/u_b/u_b_core/core/core/l5/gk.frontend/win/shift_reg[4][49]/D
-0.148	u_top/u_core/u_b/u_b_core/core/core/l5/gk.frontend/fifo/wr_ptr_reg[0]/C	u_top/u_core/u_b/u_b_core/core/core/l5/gk.frontend/fifo/g_wide_read.g_read_slice[94].mem_slice_reg_0_3_42_47/RAMA/WADR0
-0.148	u_top/u_core/u_b/u_b_core/core/core/l5/gk.frontend/fifo/wr_ptr_reg[0]/C	u_top/u_core/u_b/u_b_core/core/core/l5/gk.frontend/fifo/g_wide_read.g_read_slice[94].mem_slice_reg_0_3_42_47/RAMA_D1/WADR0
-0.148	u_top/u_core/u_b/u_b_core/core/core/l5/gk.frontend/fifo/wr_ptr_reg[0]/C	u_top/u_core/u_b/u_b_core/core/core/l5/gk.frontend/fifo/g_wide_read.g_read_slice[94].mem_slice_reg_0_3_42_47/RAMB/WADR0
-0.148	u_top/u_core/u_b/u_b_core/core/core/l5/gk.frontend/fifo/wr_ptr_reg[0]/C	u_top/u_core/u_b/u_b_core/core/core/l5/gk.frontend/fifo/g_wide_read.g_read_slice[94].mem_slice_reg_0_3_42_47/RAMB_D1/WADR0
-0.148	u_top/u_core/u_b/u_b_core/core/core/l5/gk.frontend/fifo/wr_ptr_reg[0]/C	u_top/u_core/u_b/u_b_core/core/core/l5/gk.frontend/fifo/g_wide_read.g_read_slice[94].mem_slice_reg_0_3_42_47/RAMC/WADR0
-0.148	u_top/u_core/u_b/u_b_core/core/core/l5/gk.frontend/fifo/wr_ptr_reg[0]/C	u_top/u_core/u_b/u_b_core/core/core/l5/gk.frontend/fifo/g_wide_read.g_read_slice[94].mem_slice_reg_0_3_42_47/RAMC_D1/WADR0
-0.148	u_top/u_core/u_b/u_b_core/core/core/l5/gk.frontend/fifo/wr_ptr_reg[0]/C	u_top/u_core/u_b/u_b_core/core/core/l5/gk.frontend/fifo/g_wide_read.g_read_slice[94].mem_slice_reg_0_3_42_47/RAMD/ADR0
-0.148	u_top/u_core/u_b/u_b_core/core/core/l5/gk.frontend/fifo/wr_ptr_reg[0]/C	u_top/u_core/u_b/u_b_core/core/core/l5/gk.frontend/fifo/g_wide_read.g_read_slice[94].mem_slice_reg_0_3_42_47/RAMD_D1/ADR0
-0.148	u_top/u_core/u_b/u_b_core/core/core/l4/post/meta_group_reg[8][2]/C	u_top/u_core/u_b/u_b_core/core/core/l4/post/output_slot_reg[0][73]/D
-0.148	u_top/u_core/u_b/u_b_core/core/core/l5/gk.frontend/win/row_mod_d_reg[1]_rep__1/C	u_top/u_core/u_b/u_b_core/core/core/l5/gk.frontend/win/shift_reg[9][199]/D
-0.148	u_top/u_core/u_b/u_b_core/core/core/l5/mac/issue/out_phase_reg[0]_rep__4/C	u_top/u_core/u_b/u_b_core/core/core/l5/mac/mac/out_lane[2].mult_lane[11].operand_pipe.act_q_reg[8]/D
-0.148	u_top/u_core/u_b/u_b_core/core/core/shuffle/busy_reg/C	u_top/u_core/u_b/u_b_core/core/core/l5/gk.frontend/win/shift_reg[15][41]/R
-0.148	u_top/u_core/u_b/u_b_core/core/core/shuffle/busy_reg/C	u_top/u_core/u_b/u_b_core/core/core/l5/gk.frontend/win/shift_reg[1][173]/R
-0.148	u_top/u_core/u_b/u_b_core/core/core/shuffle/busy_reg/C	u_top/u_core/u_b/u_b_core/core/core/l5/gk.frontend/win/shift_reg[20][173]/R
-0.148	u_top/u_core/u_b/u_b_core/core/core/shuffle/busy_reg/C	u_top/u_core/u_b/u_b_core/core/core/l5/gk.frontend/win/shift_reg[20][175]/R
-0.148	u_top/u_core/u_b/u_b_core/core/core/shuffle/busy_reg/C	u_top/u_core/u_b/u_b_core/core/core/l5/gk.frontend/win/shift_reg[20][47]/R
-0.148	u_top/u_core/u_b/u_b_core/core/core/shuffle/busy_reg/C	u_top/u_core/u_b/u_b_core/core/core/l5/gk.frontend/win/shift_reg[22][140]/R
-0.148	u_top/u_core/u_b/u_b_core/core/core/l5/gk.frontend/fifo/wr_ptr_reg[1]/C	u_top/u_core/u_b/u_b_core/core/core/l5/gk.frontend/fifo/g_wide_read.g_read_slice[89].mem_slice_reg_0_3_60_63/RAMA/WADR1
-0.148	u_top/u_core/u_b/u_b_core/core/core/l5/gk.frontend/fifo/wr_ptr_reg[1]/C	u_top/u_core/u_b/u_b_core/core/core/l5/gk.frontend/fifo/g_wide_read.g_read_slice[89].mem_slice_reg_0_3_60_63/RAMA_D1/WADR1
-0.148	u_top/u_core/u_b/u_b_core/core/core/l5/gk.frontend/fifo/wr_ptr_reg[1]/C	u_top/u_core/u_b/u_b_core/core/core/l5/gk.frontend/fifo/g_wide_read.g_read_slice[89].mem_slice_reg_0_3_60_63/RAMB/WADR1
-0.148	u_top/u_core/u_b/u_b_core/core/core/l5/gk.frontend/fifo/wr_ptr_reg[1]/C	u_top/u_core/u_b/u_b_core/core/core/l5/gk.frontend/fifo/g_wide_read.g_read_slice[89].mem_slice_reg_0_3_60_63/RAMB_D1/WADR1
-0.148	u_top/u_core/u_b/u_b_core/core/core/l5/gk.frontend/fifo/wr_ptr_reg[1]/C	u_top/u_core/u_b/u_b_core/core/core/l5/gk.frontend/fifo/g_wide_read.g_read_slice[89].mem_slice_reg_0_3_60_63/RAMC/WADR1
-0.148	u_top/u_core/u_b/u_b_core/core/core/l5/gk.frontend/fifo/wr_ptr_reg[1]/C	u_top/u_core/u_b/u_b_core/core/core/l5/gk.frontend/fifo/g_wide_read.g_read_slice[89].mem_slice_reg_0_3_60_63/RAMC_D1/WADR1
-0.148	u_top/u_core/u_b/u_b_core/core/core/l5/gk.frontend/fifo/wr_ptr_reg[1]/C	u_top/u_core/u_b/u_b_core/core/core/l5/gk.frontend/fifo/g_wide_read.g_read_slice[89].mem_slice_reg_0_3_60_63/RAMD/ADR1
-0.148	u_top/u_core/u_b/u_b_core/core/core/l5/gk.frontend/fifo/wr_ptr_reg[1]/C	u_top/u_core/u_b/u_b_core/core/core/l5/gk.frontend/fifo/g_wide_read.g_read_slice[89].mem_slice_reg_0_3_60_63/RAMD_D1/ADR1
-0.148	u_top/u_core/u_b/u_b_core/core/core/l4/post/read_slot_reg_rep/C	u_top/u_core/u_b/u_b_core/core/core/f45/g_narrow_read.mem_reg_0_31_18_23/RAMC/I
-0.148	u_top/u_core/u_b/u_b_core/core/core/shuffle/busy_reg/C	u_top/u_core/u_b/u_b_core/core/core/l5/gk.frontend/win/shift_reg[10][12]/R
-0.148	u_top/u_core/u_b/u_b_core/core/core/shuffle/busy_reg/C	u_top/u_core/u_b/u_b_core/core/core/l5/gk.frontend/win/shift_reg[10][13]/R
-0.148	u_top/u_core/u_b/u_b_core/core/core/shuffle/busy_reg/C	u_top/u_core/u_b/u_b_core/core/core/l5/gk.frontend/win/shift_reg[10][47]/R
-0.148	u_top/u_core/u_b/u_b_core/core/core/shuffle/busy_reg/C	u_top/u_core/u_b/u_b_core/core/core/l5/gk.frontend/win/shift_reg[10][79]/R
-0.147	u_top/u_core/u_b/u_b_core/core/core/l5/mac/issue/out_phase_reg[2]_rep__8/C	u_top/u_core/u_b/u_b_core/core/core/l5/mac/mac/out_lane[0].mult_lane[35].operand_pipe.act_q_reg[15]/D
-0.147	u_top/u_core/u_b/u_b_core/core/core/l5/mac/issue/out_phase_reg[1]_rep__5/C	u_top/u_core/u_b/u_b_core/core/core/l5/mac/mac/out_lane[2].mult_lane[49].operand_pipe.act_q_reg[12]/D
-0.147	u_top/u_core/u_b/u_b_core/core/core/f45/g_narrow_read.rd_ptr_local_reg[3]/C	u_top/u_core/u_b/u_b_core/core/core/l5/gk.frontend/win/bank_gen[2].mem_reg_2/DIADI[6]
-0.147	u_top/u_core/u_b/u_b_core/core/core/l5/mac/issue/out_phase_reg[0]_rep__15/C	u_top/u_core/u_b/u_b_core/core/core/l5/mac/mac/out_lane[2].mult_lane[27].operand_pipe.weight_q_reg[5]/D
-0.147	u_top/u_core/u_b/u_b_core/core/core/l5/mac/issue/out_phase_reg[1]_rep__3/C	u_top/u_core/u_b/u_b_core/core/core/l5/mac/mac/out_lane[2].mult_lane[26].operand_pipe.act_q_reg[13]/D
-0.147	u_top/u_core/u_b/u_b_core/core/core/shuffle/busy_reg/C	u_top/u_core/u_b/u_b_core/core/core/l5/gk.frontend/win/shift_reg[10][166]/R
-0.147	u_top/u_core/u_b/u_b_core/core/core/shuffle/busy_reg/C	u_top/u_core/u_b/u_b_core/core/core/l5/gk.frontend/win/shift_reg[21][40]/R
-0.147	u_top/u_core/u_ctrl/start_b_reg/C	u_top/u_core/u_rom/g_multi_bank.g_bank[0].u_bank/request_en_q_reg/R
-0.147	u_top/u_core/u_ctrl/start_b_reg/C	u_top/u_core/u_rom/g_multi_bank.g_bank[1].u_bank/request_en_q_reg/R
-0.147	u_top/u_core/u_ctrl/start_b_reg/C	u_top/u_core/u_rom/g_multi_bank.g_bank[2].u_bank/request_en_q_reg/R
-0.147	u_top/u_core/u_ctrl/start_b_reg/C	u_top/u_core/u_rom/g_multi_bank.g_bank[3].u_bank/request_en_q_reg/R
-0.147	u_top/u_core/u_b/u_b_core/core/core/f45/g_narrow_read.rd_ptr_local_reg[1]/C	u_top/u_core/u_b/u_b_core/core/core/l5/gk.frontend/win/bank_gen[1].mem_reg_6/DIADI[26]
-0.147	u_top/u_core/u_b/u_b_core/core/core/l5/mac/issue/out_phase_reg[0]_rep__15/C	u_top/u_core/u_b/u_b_core/core/core/l5/mac/mac/out_lane[2].mult_lane[27].operand_pipe.weight_q_reg[6]/D
-0.147	u_top/u_core/u_b/u_b_core/core/core/l5/gk.frontend/win/col_reg[7]/C	u_top/u_core/u_b/u_b_core/core/core/l5/gk.frontend/win/bank_gen[2].mem_reg_2/ADDRARDADDR[12]
-0.147	u_top/u_core/u_b/u_b_core/core/core/l5/mac/issue/out_phase_reg[1]_rep__15/C	u_top/u_core/u_b/u_b_core/core/core/l5/mac/mac/out_lane[1].mult_lane[47].operand_pipe.act_q_reg[6]/D
-0.146	u_top/u_core/u_b/u_b_core/core/core/l5/gk.frontend/win/bank_gen[1].mem_reg_6/CLKARDCLK	u_top/u_core/u_b/u_b_core/core/core/l5/gk.frontend/win/shift_reg[9][228]/D
-0.146	u_top/u_core/u_b/u_b_core/core/core/l5/mac/issue/out_phase_reg[2]_rep__1/C	u_top/u_core/u_b/u_b_core/core/core/l5/mac/mac/out_lane[2].mult_lane[46].operand_pipe.weight_q_reg[4]/R
-0.146	u_top/u_core/u_b/u_b_core/core/core/l5/mac/issue/out_phase_reg[2]_rep__1/C	u_top/u_core/u_b/u_b_core/core/core/l5/mac/mac/out_lane[2].mult_lane[46].operand_pipe.weight_q_reg[5]/R
-0.146	u_top/u_core/u_b/u_b_core/core/core/l5/mac/issue/out_phase_reg[2]_rep__1/C	u_top/u_core/u_b/u_b_core/core/core/l5/mac/mac/out_lane[2].mult_lane[46].operand_pipe.weight_q_reg[6]/R
-0.146	u_top/u_core/u_b/u_b_core/core/core/l5/mac/issue/out_phase_reg[2]_rep__1/C	u_top/u_core/u_b/u_b_core/core/core/l5/mac/mac/out_lane[2].mult_lane[46].operand_pipe.weight_q_reg[7]/R
-0.146	u_top/u_core/u_b/u_b_core/core/core/l5/mac/issue/out_phase_reg[2]_rep__3/C	u_top/u_core/u_b/u_b_core/core/core/l5/mac/mac/out_lane[1].mult_lane[18].operand_pipe.act_q_reg[15]/D
-0.146	u_top/u_core/u_b/u_b_core/core/core/l5/mac/issue/out_phase_reg[1]_rep__0_replica/C	u_top/u_core/u_b/u_b_core/core/core/l5/mac/mac/out_lane[2].mult_lane[15].operand_pipe.act_q_reg[15]/D
-0.146	u_top/u_core/u_b/u_b_core/core/core/l5/mac/issue/out_phase_reg[1]_rep__5/C	u_top/u_core/u_b/u_b_core/core/core/l5/mac/mac/out_lane[2].mult_lane[49].operand_pipe.act_q_reg[7]/D
-0.146	u_top/u_core/u_b/u_b_core/core/core/f45/g_narrow_read.rd_ptr_local_reg[1]_replica_1/C	u_top/u_core/u_b/u_b_core/core/core/l5/gk.frontend/win/bank_gen[2].mem_reg_1/DIADI[18]
-0.146	u_top/u_core/u_b/u_b_core/core/core/l5/gk.frontend/fifo/wr_ptr_reg[0]_rep__5/C	u_top/u_core/u_b/u_b_core/core/core/l5/gk.frontend/fifo/g_wide_read.g_read_slice[7].mem_slice_reg_0_3_54_59/RAMA/WADR0
-0.146	u_top/u_core/u_b/u_b_core/core/core/l5/gk.frontend/fifo/wr_ptr_reg[0]_rep__5/C	u_top/u_core/u_b/u_b_core/core/core/l5/gk.frontend/fifo/g_wide_read.g_read_slice[7].mem_slice_reg_0_3_54_59/RAMA_D1/WADR0
-0.146	u_top/u_core/u_b/u_b_core/core/core/l5/gk.frontend/fifo/wr_ptr_reg[0]_rep__5/C	u_top/u_core/u_b/u_b_core/core/core/l5/gk.frontend/fifo/g_wide_read.g_read_slice[7].mem_slice_reg_0_3_54_59/RAMB/WADR0
-0.146	u_top/u_core/u_b/u_b_core/core/core/l5/gk.frontend/fifo/wr_ptr_reg[0]_rep__5/C	u_top/u_core/u_b/u_b_core/core/core/l5/gk.frontend/fifo/g_wide_read.g_read_slice[7].mem_slice_reg_0_3_54_59/RAMB_D1/WADR0
-0.146	u_top/u_core/u_b/u_b_core/core/core/l5/gk.frontend/fifo/wr_ptr_reg[0]_rep__5/C	u_top/u_core/u_b/u_b_core/core/core/l5/gk.frontend/fifo/g_wide_read.g_read_slice[7].mem_slice_reg_0_3_54_59/RAMC/WADR0
-0.146	u_top/u_core/u_b/u_b_core/core/core/l5/gk.frontend/fifo/wr_ptr_reg[0]_rep__5/C	u_top/u_core/u_b/u_b_core/core/core/l5/gk.frontend/fifo/g_wide_read.g_read_slice[7].mem_slice_reg_0_3_54_59/RAMC_D1/WADR0
-0.146	u_top/u_core/u_b/u_b_core/core/core/l5/gk.frontend/fifo/wr_ptr_reg[0]_rep__5/C	u_top/u_core/u_b/u_b_core/core/core/l5/gk.frontend/fifo/g_wide_read.g_read_slice[7].mem_slice_reg_0_3_54_59/RAMD/ADR0
-0.146	u_top/u_core/u_b/u_b_core/core/core/l5/gk.frontend/fifo/wr_ptr_reg[0]_rep__5/C	u_top/u_core/u_b/u_b_core/core/core/l5/gk.frontend/fifo/g_wide_read.g_read_slice[7].mem_slice_reg_0_3_54_59/RAMD_D1/ADR0
-0.146	u_top/u_core/u_b/u_b_core/core/core/l5/mac/issue/out_phase_reg[1]_rep__2/C	u_top/u_core/u_b/u_b_core/core/core/l5/mac/mac/out_lane[0].mult_lane[27].operand_pipe.act_q_reg[7]/D
-0.146	u_top/u_core/u_pp/u_bank0/mem_reg_bram_3/CLKBWRCLK	u_top/u_core/u_pp/u_bank0/rd_data_reg[2]/D
-0.146	u_top/u_core/u_b/u_b_core/core/core/f45/g_narrow_read.rd_ptr_local_reg[0]_replica_3/C	u_top/u_core/u_b/u_b_core/core/core/l5/gk.frontend/win/bank_gen[1].mem_reg_1/DIADI[13]
-0.145	u_top/u_core/u_b/u_b_core/core/core/shuffle/busy_reg/C	u_top/u_core/u_b/u_b_core/core/core/l5/gk.frontend/fifo/g_wide_read.g_read_slice[42].rd_ptr_local_reg[0]/R
-0.145	u_top/u_core/u_b/u_b_core/core/core/shuffle/busy_reg/C	u_top/u_core/u_b/u_b_core/core/core/l5/gk.frontend/fifo/g_wide_read.g_read_slice[42].rd_ptr_local_reg[1]/R
-0.145	u_top/u_core/u_b/u_b_core/core/core/l5/mac/issue/out_phase_reg[0]_rep__6/C	u_top/u_core/u_b/u_b_core/core/core/l5/mac/mac/out_lane[1].mult_lane[15].operand_pipe.act_q_reg[5]/D
-0.145	u_top/u_core/u_b/u_b_core/core/core/l5/mac/mac/tree_stage[6].valid_q_reg[7]/C	u_top/u_core/u_b/u_b_core/core/core/l5/mac/mac/out_lane[0].mult_lane[19].operand_pipe.weight_q_reg[0]/CE
-0.145	u_top/u_core/u_b/u_b_core/core/core/l5/gk.frontend/fifo/count_reg[1]/C	u_top/u_core/u_b/u_b_core/core/core/f45/g_narrow_read.mem_reg_0_31_84_89/RAMA/WE
-0.145	u_top/u_core/u_b/u_b_core/core/core/l5/gk.frontend/fifo/count_reg[1]/C	u_top/u_core/u_b/u_b_core/core/core/f45/g_narrow_read.mem_reg_0_31_84_89/RAMA_D1/WE
-0.145	u_top/u_core/u_b/u_b_core/core/core/l5/gk.frontend/fifo/count_reg[1]/C	u_top/u_core/u_b/u_b_core/core/core/f45/g_narrow_read.mem_reg_0_31_84_89/RAMB/WE
-0.145	u_top/u_core/u_b/u_b_core/core/core/l5/gk.frontend/fifo/count_reg[1]/C	u_top/u_core/u_b/u_b_core/core/core/f45/g_narrow_read.mem_reg_0_31_84_89/RAMB_D1/WE
-0.145	u_top/u_core/u_b/u_b_core/core/core/l5/gk.frontend/fifo/count_reg[1]/C	u_top/u_core/u_b/u_b_core/core/core/f45/g_narrow_read.mem_reg_0_31_84_89/RAMC/WE
-0.145	u_top/u_core/u_b/u_b_core/core/core/l5/gk.frontend/fifo/count_reg[1]/C	u_top/u_core/u_b/u_b_core/core/core/f45/g_narrow_read.mem_reg_0_31_84_89/RAMC_D1/WE
-0.145	u_top/u_core/u_b/u_b_core/core/core/l5/gk.frontend/fifo/count_reg[1]/C	u_top/u_core/u_b/u_b_core/core/core/f45/g_narrow_read.mem_reg_0_31_84_89/RAMD/WE
-0.145	u_top/u_core/u_b/u_b_core/core/core/l5/gk.frontend/fifo/count_reg[1]/C	u_top/u_core/u_b/u_b_core/core/core/f45/g_narrow_read.mem_reg_0_31_84_89/RAMD_D1/WE
-0.145	u_top/u_core/u_b/u_b_core/core/core/l5/mac/issue/out_phase_reg[2]_rep/C	u_top/u_core/u_b/u_b_core/core/core/l5/mac/mac/out_lane[0].mult_lane[2].operand_pipe.weight_q_reg[7]/D
-0.145	u_top/u_core/u_b/u_b_core/core/core/l5/mac/issue/out_phase_reg[0]_rep__6/C	u_top/u_core/u_b/u_b_core/core/core/l5/mac/mac/out_lane[2].mult_lane[39].operand_pipe.act_q_reg[6]/D
-0.145	u_top/u_core/u_b/u_b_core/core/core/l5/mac/issue/out_phase_reg[0]_rep__10/C	u_top/u_core/u_b/u_b_core/core/core/l5/mac/mac/out_lane[2].mult_lane[47].operand_pipe.act_q_reg[5]/D
-0.144	u_top/u_core/u_b/u_b_core/core/core/l5/mac/issue/out_window_reg[1432]/C	u_top/u_core/u_b/u_b_core/core/core/l5/mac/mac/out_lane[3].mult_lane[30].operand_pipe.act_q_reg[8]/D
-0.144	u_top/u_core/u_b/u_b_core/core/core/l5/mac/issue/out_phase_reg[1]_rep__3/C	u_top/u_core/u_b/u_b_core/core/core/l5/mac/mac/out_lane[0].mult_lane[26].operand_pipe.act_q_reg[5]/D
-0.144	u_top/u_core/u_b/u_b_core/core/core/l5/mac/issue/out_phase_reg[2]_rep/C	u_top/u_core/u_b/u_b_core/core/core/l5/mac/mac/out_lane[2].mult_lane[7].operand_pipe.weight_q_reg[3]/D
-0.144	u_top/u_core/u_b/u_b_core/core/core/l5/mac/mac/tree_stage[6].valid_q_reg[7]/C	u_top/u_core/u_b/u_b_core/core/core/l5/mac/issue/out_window_reg[3306]/CE
-0.144	u_top/u_core/u_b/u_b_core/core/core/l5/mac/mac/tree_stage[6].valid_q_reg[7]/C	u_top/u_core/u_b/u_b_core/core/core/l5/mac/issue/out_window_reg[3307]/CE
-0.144	u_top/u_core/u_b/u_b_core/core/core/l5/mac/mac/tree_stage[6].valid_q_reg[7]/C	u_top/u_core/u_b/u_b_core/core/core/l5/mac/issue/out_window_reg[3308]/CE
-0.144	u_top/u_core/u_b/u_b_core/core/core/l5/mac/mac/tree_stage[6].valid_q_reg[7]/C	u_top/u_core/u_b/u_b_core/core/core/l5/mac/issue/out_window_reg[3309]/CE
-0.144	u_top/u_core/u_b/u_b_core/core/core/l5/mac/mac/tree_stage[6].valid_q_reg[7]/C	u_top/u_core/u_b/u_b_core/core/core/l5/mac/issue/out_window_reg[3310]/CE
-0.144	u_top/u_core/u_b/u_b_core/core/core/l5/mac/mac/tree_stage[6].valid_q_reg[7]/C	u_top/u_core/u_b/u_b_core/core/core/l5/mac/issue/out_window_reg[3311]/CE
-0.144	u_top/u_core/u_b/u_b_core/core/core/l5/mac/mac/tree_stage[6].valid_q_reg[7]/C	u_top/u_core/u_b/u_b_core/core/core/l5/mac/issue/out_phase_reg[2]_rep/D
-0.144	u_top/u_core/u_b/u_b_core/core/core/f45/g_narrow_read.rd_ptr_local_reg[3]/C	u_top/u_core/u_b/u_b_core/core/core/l5/gk.frontend/win/bank_gen[1].mem_reg_5/DIPADIP[2]
-0.144	u_top/u_core/u_b/u_b_core/core/core/shuffle/busy_reg/C	u_top/u_core/u_b/u_b_core/core/core/l5/gk.frontend/win/shift_reg[16][54]/R
-0.144	u_top/u_core/u_b/u_b_core/core/core/shuffle/busy_reg/C	u_top/u_core/u_b/u_b_core/core/core/l5/gk.frontend/win/shift_reg[17][44]/R
-0.144	u_top/u_core/u_b/u_b_core/core/core/shuffle/busy_reg/C	u_top/u_core/u_b/u_b_core/core/core/l5/gk.frontend/win/shift_reg[18][83]/R
-0.144	u_top/u_core/u_b/u_b_core/core/core/l5/mac/issue/out_phase_reg[0]_rep__4/C	u_top/u_core/u_b/u_b_core/core/core/l5/mac/mac/out_lane[2].mult_lane[10].operand_pipe.act_q_reg[10]/D
-0.144	u_top/u_core/u_b/u_b_core/core/core/l5/gk.frontend/fifo/wr_ptr_reg[1]/C	u_top/u_core/u_b/u_b_core/core/core/l5/gk.frontend/fifo/g_wide_read.g_read_slice[92].mem_slice_reg_0_3_54_59/RAMA/WADR1
-0.144	u_top/u_core/u_b/u_b_core/core/core/l5/gk.frontend/fifo/wr_ptr_reg[1]/C	u_top/u_core/u_b/u_b_core/core/core/l5/gk.frontend/fifo/g_wide_read.g_read_slice[92].mem_slice_reg_0_3_54_59/RAMA_D1/WADR1
-0.144	u_top/u_core/u_b/u_b_core/core/core/l5/gk.frontend/fifo/wr_ptr_reg[1]/C	u_top/u_core/u_b/u_b_core/core/core/l5/gk.frontend/fifo/g_wide_read.g_read_slice[92].mem_slice_reg_0_3_54_59/RAMB/WADR1
-0.144	u_top/u_core/u_b/u_b_core/core/core/l5/gk.frontend/fifo/wr_ptr_reg[1]/C	u_top/u_core/u_b/u_b_core/core/core/l5/gk.frontend/fifo/g_wide_read.g_read_slice[92].mem_slice_reg_0_3_54_59/RAMB_D1/WADR1
-0.144	u_top/u_core/u_b/u_b_core/core/core/l5/gk.frontend/fifo/wr_ptr_reg[1]/C	u_top/u_core/u_b/u_b_core/core/core/l5/gk.frontend/fifo/g_wide_read.g_read_slice[92].mem_slice_reg_0_3_54_59/RAMC/WADR1
-0.144	u_top/u_core/u_b/u_b_core/core/core/l5/gk.frontend/fifo/wr_ptr_reg[1]/C	u_top/u_core/u_b/u_b_core/core/core/l5/gk.frontend/fifo/g_wide_read.g_read_slice[92].mem_slice_reg_0_3_54_59/RAMC_D1/WADR1
-0.144	u_top/u_core/u_b/u_b_core/core/core/l5/gk.frontend/fifo/wr_ptr_reg[1]/C	u_top/u_core/u_b/u_b_core/core/core/l5/gk.frontend/fifo/g_wide_read.g_read_slice[92].mem_slice_reg_0_3_54_59/RAMD/ADR1
-0.144	u_top/u_core/u_b/u_b_core/core/core/l5/gk.frontend/fifo/wr_ptr_reg[1]/C	u_top/u_core/u_b/u_b_core/core/core/l5/gk.frontend/fifo/g_wide_read.g_read_slice[92].mem_slice_reg_0_3_54_59/RAMD_D1/ADR1
-0.144	u_top/u_core/u_b/u_b_core/core/core/l5/mac/issue/out_phase_reg[2]_rep__5/C	u_top/u_core/u_b/u_b_core/core/core/l5/mac/mac/out_lane[0].mult_lane[29].operand_pipe.act_q_reg[11]/D
-0.144	u_top/u_core/u_b/u_b_core/core/core/l5/gk.frontend/win/col_reg[0]/C	u_top/u_core/u_b/u_b_core/core/core/l5/gk.frontend/win/bank_gen[2].mem_reg_7/ADDRARDADDR[4]
-0.144	u_top/u_core/u_b/u_b_core/core/core/l5/mac/issue/out_phase_reg[0]_rep__2_replica_1/C	u_top/u_core/u_b/u_b_core/core/core/l5/mac/mac/out_lane[2].mult_lane[7].operand_pipe.act_q_reg[8]/D
-0.143	u_top/u_core/u_b/u_b_core/core/core/l5/mac/issue/out_window_reg[3150]/C	u_top/u_core/u_b/u_b_core/core/core/l5/mac/mac/out_lane[0].mult_lane[12].operand_pipe.act_q_reg[14]/D
-0.143	u_top/u_core/u_b/u_b_core/core/core/l5/mac/issue/out_phase_reg[0]_rep__2_replica/C	u_top/u_core/u_b/u_b_core/core/core/l5/mac/mac/out_lane[3].mult_lane[31].operand_pipe.act_q_reg[10]/D
-0.143	u_top/u_core/u_b/u_b_core/core/core/l5/mac/issue/out_phase_reg[1]_rep__12/C	u_top/u_core/u_b/u_b_core/core/core/l5/mac/mac/out_lane[2].mult_lane[38].operand_pipe.act_q_reg[5]/D
-0.143	u_top/u_core/u_b/u_b_core/core/core/f45/g_narrow_read.rd_ptr_local_reg[0]_replica_3/C	u_top/u_core/u_b/u_b_core/core/core/l5/gk.frontend/win/bank_gen[3].mem_reg_1/DIADI[17]
-0.143	u_top/u_core/u_b/u_b_core/core/core/shuffle/busy_reg/C	u_top/u_core/u_b/u_b_core/core/core/l5/gk.frontend/win/shift_reg[13][122]/R
-0.143	u_top/u_core/u_b/u_b_core/core/core/shuffle/busy_reg/C	u_top/u_core/u_b/u_b_core/core/core/l5/gk.frontend/win/shift_reg[13][123]/R
-0.143	u_top/u_core/u_b/u_b_core/core/core/shuffle/busy_reg/C	u_top/u_core/u_b/u_b_core/core/core/l5/gk.frontend/win/shift_reg[13][124]/R
-0.143	u_top/u_core/u_b/u_b_core/core/core/shuffle/busy_reg/C	u_top/u_core/u_b/u_b_core/core/core/l5/gk.frontend/win/shift_reg[13][21]/R
-0.143	u_top/u_core/u_b/u_b_core/core/core/shuffle/busy_reg/C	u_top/u_core/u_b/u_b_core/core/core/l5/gk.frontend/win/shift_reg[13][252]/R
-0.143	u_top/u_core/u_b/u_b_core/core/core/shuffle/busy_reg/C	u_top/u_core/u_b/u_b_core/core/core/l5/gk.frontend/win/shift_reg[7][65]/R
-0.143	u_top/u_core/u_b/u_b_core/core/core/l5/gk.frontend/win/bank_gen[0].mem_reg_7/CLKARDCLK	u_top/u_core/u_b/u_b_core/core/core/l5/gk.frontend/win/shift_reg[14][252]/D
-0.143	u_top/u_core/u_b/u_b_core/core/core/shuffle/busy_reg/C	u_top/u_core/u_b/u_b_core/core/core/l5/gk.frontend/win/shift_reg[23][187]/R
-0.143	u_top/u_core/u_b/u_b_core/core/core/shuffle/busy_reg/C	u_top/u_core/u_b/u_b_core/core/core/l5/gk.frontend/win/shift_reg[23][30]/R
-0.143	u_top/u_core/u_b/u_b_core/core/core/shuffle/busy_reg/C	u_top/u_core/u_b/u_b_core/core/core/l5/gk.frontend/win/shift_reg[23][3]/R
-0.143	u_top/u_core/u_b/u_b_core/core/core/shuffle/busy_reg/C	u_top/u_core/u_b/u_b_core/core/core/l5/gk.frontend/win/shift_reg[23][6]/R
-0.143	u_top/u_core/u_b/u_b_core/core/core/shuffle/busy_reg/C	u_top/u_core/u_b/u_b_core/core/core/l5/gk.frontend/win/shift_reg[23][8]/R
-0.143	u_top/u_core/u_b/u_b_core/core/core/shuffle/busy_reg/C	u_top/u_core/u_b/u_b_core/core/core/l5/gk.frontend/win/shift_reg[16][104]/R
-0.143	u_top/u_core/u_b/u_b_core/core/core/shuffle/busy_reg/C	u_top/u_core/u_b/u_b_core/core/core/l5/gk.frontend/win/shift_reg[20][208]/R
-0.143	u_top/u_core/u_b/u_b_core/core/core/shuffle/busy_reg/C	u_top/u_core/u_b/u_b_core/core/core/l5/gk.frontend/win/shift_reg[20][248]/R
-0.143	u_top/u_core/u_b/u_b_core/core/core/shuffle/busy_reg/C	u_top/u_core/u_b/u_b_core/core/core/l5/gk.frontend/win/shift_reg[20][249]/R
-0.143	u_top/u_core/u_b/u_b_core/core/core/shuffle/busy_reg/C	u_top/u_core/u_b/u_b_core/core/core/l5/gk.frontend/win/shift_reg[20][42]/R
-0.143	u_top/u_core/u_b/u_b_core/core/core/shuffle/busy_reg/C	u_top/u_core/u_b/u_b_core/core/core/l5/gk.frontend/win/shift_reg[20][57]/R
-0.143	u_top/u_core/u_b/u_b_core/core/core/shuffle/busy_reg/C	u_top/u_core/u_b/u_b_core/core/core/l5/gk.frontend/win/shift_reg[21][0]/R
-0.143	u_top/u_core/u_b/u_b_core/core/core/shuffle/busy_reg/C	u_top/u_core/u_b/u_b_core/core/core/l5/gk.frontend/win/shift_reg[22][42]/R
-0.143	u_top/u_core/u_b/u_b_core/core/core/l3/gk.frontend/win/col_reg[1]/C	u_top/u_core/u_b/u_b_core/core/core/l3/gk.frontend/win/row_reg[0]/CE
-0.143	u_top/u_core/u_b/u_b_core/core/core/l3/gk.frontend/win/col_reg[1]/C	u_top/u_core/u_b/u_b_core/core/core/l3/gk.frontend/win/row_reg[1]/CE
-0.143	u_top/u_core/u_b/u_b_core/core/core/l3/gk.frontend/win/col_reg[1]/C	u_top/u_core/u_b/u_b_core/core/core/l3/gk.frontend/win/row_reg[2]/CE
-0.143	u_top/u_core/u_b/u_b_core/core/core/l3/gk.frontend/win/col_reg[1]/C	u_top/u_core/u_b/u_b_core/core/core/l3/gk.frontend/win/row_reg[3]/CE
-0.142	u_top/u_core/u_b/u_b_core/core/core/l5/gk.frontend/win/bank_gen[0].mem_reg_3/CLKARDCLK	u_top/u_core/u_b/u_b_core/core/core/l5/gk.frontend/win/shift_reg[9][113]/D
-0.142	u_top/u_core/u_b/u_b_core/core/core/l5/gk.frontend/fifo/g_wide_read.g_read_slice[71].rd_ptr_local_reg[1]/C	u_top/u_core/u_b/u_b_core/core/core/l5/mac/issue/out_window_reg[4547]/D
-0.142	u_top/u_core/u_b/u_b_core/core/core/l5/gk.frontend/pad/interior_y_reg/C	u_top/u_core/u_b/u_b_core/core/core/l5/gk.frontend/win/bank_gen[3].mem_reg_0/DIADI[8]
-0.142	u_top/u_core/u_b/u_b_core/core/core/f45/g_narrow_read.rd_ptr_local_reg[3]/C	u_top/u_core/u_b/u_b_core/core/core/l5/gk.frontend/win/bank_gen[0].mem_reg_2/DIADI[24]
-0.142	u_top/u_core/u_b/u_b_core/core/core/l4/post/meta_group_reg[8][1]/C	u_top/u_core/u_b/u_b_core/core/core/l4/post/output_slot_reg[1][107]/D
-0.142	u_top/u_core/u_b/u_b_core/core/core/f45/g_narrow_read.rd_ptr_local_reg[3]/C	u_top/u_core/u_b/u_b_core/core/core/l5/gk.frontend/win/bank_gen[1].mem_reg_5/DIADI[9]
-0.142	u_top/u_core/u_b/u_b_core/core/core/l5/mac/issue/out_phase_reg[1]_rep__16/C	u_top/u_core/u_b/u_b_core/core/core/l5/mac/mac/out_lane[3].mult_lane[48].operand_pipe.weight_q_reg[5]/D
-0.141	u_top/u_core/u_b/u_b_core/core/core/l5/mac/issue/out_phase_reg[0]_rep__5_replica/C	u_top/u_core/u_b/u_b_core/core/core/l5/mac/mac/out_lane[3].mult_lane[37].operand_pipe.act_q_reg[15]/D
-0.141	u_top/u_core/u_b/u_b_core/core/core/l5/gk.frontend/win/bank_gen[2].mem_reg_0/CLKARDCLK	u_top/u_core/u_b/u_b_core/core/core/l5/gk.frontend/win/shift_reg[14][21]/D
-0.141	u_top/u_core/u_b/u_b_core/core/core/shuffle/busy_reg/C	u_top/u_core/u_b/u_b_core/core/core/l5/gk.frontend/win/shift_reg[11][182]/R
-0.141	u_top/u_core/u_b/u_b_core/core/core/shuffle/busy_reg/C	u_top/u_core/u_b/u_b_core/core/core/l5/gk.frontend/win/shift_reg[11][186]/R
-0.141	u_top/u_core/u_b/u_b_core/core/core/shuffle/busy_reg/C	u_top/u_core/u_b/u_b_core/core/core/l5/gk.frontend/win/shift_reg[11][210]/R
-0.141	u_top/u_core/u_b/u_b_core/core/core/shuffle/busy_reg/C	u_top/u_core/u_b/u_b_core/core/core/l5/gk.frontend/win/shift_reg[11][92]/R
-0.141	u_top/u_core/u_b/u_b_core/core/core/shuffle/busy_reg/C	u_top/u_core/u_b/u_b_core/core/core/l5/gk.frontend/win/shift_reg[11][93]/R
-0.141	u_top/u_core/u_b/u_b_core/core/core/shuffle/busy_reg/C	u_top/u_core/u_b/u_b_core/core/core/l5/gk.frontend/win/shift_reg[22][234]/R
-0.141	u_top/u_core/u_b/u_b_core/core/core/l5/mac/issue/out_phase_reg[0]_rep__8/C	u_top/u_core/u_b/u_b_core/core/core/l5/mac/mac/out_lane[2].mult_lane[18].operand_pipe.act_q_reg[3]/D
-0.141	u_top/u_core/u_b/u_b_core/core/core/l5/mac/issue/out_phase_reg[2]_rep__5/C	u_top/u_core/u_b/u_b_core/core/core/l5/mac/mac/out_lane[2].mult_lane[31].operand_pipe.act_q_reg[9]/D
-0.141	u_top/u_core/u_b/u_b_core/core/core/l5/mac/issue/out_phase_reg[2]_rep__3/C	u_top/u_core/u_b/u_b_core/core/core/l5/mac/mac/out_lane[1].mult_lane[18].operand_pipe.act_q_reg[12]/D
-0.140	u_top/u_core/u_b/u_b_core/core/core/l5/gk.frontend/fifo/wr_ptr_reg[0]_rep__5/C	u_top/u_core/u_b/u_b_core/core/core/l5/gk.frontend/fifo/g_wide_read.g_read_slice[9].mem_slice_reg_0_3_18_23/RAMA/WADR0
-0.140	u_top/u_core/u_b/u_b_core/core/core/l5/gk.frontend/fifo/wr_ptr_reg[0]_rep__5/C	u_top/u_core/u_b/u_b_core/core/core/l5/gk.frontend/fifo/g_wide_read.g_read_slice[9].mem_slice_reg_0_3_18_23/RAMA_D1/WADR0
-0.140	u_top/u_core/u_b/u_b_core/core/core/l5/gk.frontend/fifo/wr_ptr_reg[0]_rep__5/C	u_top/u_core/u_b/u_b_core/core/core/l5/gk.frontend/fifo/g_wide_read.g_read_slice[9].mem_slice_reg_0_3_18_23/RAMB/WADR0
-0.140	u_top/u_core/u_b/u_b_core/core/core/l5/gk.frontend/fifo/wr_ptr_reg[0]_rep__5/C	u_top/u_core/u_b/u_b_core/core/core/l5/gk.frontend/fifo/g_wide_read.g_read_slice[9].mem_slice_reg_0_3_18_23/RAMB_D1/WADR0
-0.140	u_top/u_core/u_b/u_b_core/core/core/l5/gk.frontend/fifo/wr_ptr_reg[0]_rep__5/C	u_top/u_core/u_b/u_b_core/core/core/l5/gk.frontend/fifo/g_wide_read.g_read_slice[9].mem_slice_reg_0_3_18_23/RAMC/WADR0
-0.140	u_top/u_core/u_b/u_b_core/core/core/l5/gk.frontend/fifo/wr_ptr_reg[0]_rep__5/C	u_top/u_core/u_b/u_b_core/core/core/l5/gk.frontend/fifo/g_wide_read.g_read_slice[9].mem_slice_reg_0_3_18_23/RAMC_D1/WADR0
-0.140	u_top/u_core/u_b/u_b_core/core/core/l5/gk.frontend/fifo/wr_ptr_reg[0]_rep__5/C	u_top/u_core/u_b/u_b_core/core/core/l5/gk.frontend/fifo/g_wide_read.g_read_slice[9].mem_slice_reg_0_3_18_23/RAMD/ADR0
-0.140	u_top/u_core/u_b/u_b_core/core/core/l5/gk.frontend/fifo/wr_ptr_reg[0]_rep__5/C	u_top/u_core/u_b/u_b_core/core/core/l5/gk.frontend/fifo/g_wide_read.g_read_slice[9].mem_slice_reg_0_3_18_23/RAMD_D1/ADR0
-0.140	u_top/u_core/u_b/u_b_core/core/core/l5/mac/mac/tree_stage[6].valid_q_reg[7]/C	u_top/u_core/u_b/u_b_core/core/core/l5/gk.frontend/fifo/g_wide_read.g_read_slice[90].rd_ptr_local_reg[0]/R
-0.140	u_top/u_core/u_b/u_b_core/core/core/l5/mac/mac/tree_stage[6].valid_q_reg[7]/C	u_top/u_core/u_b/u_b_core/core/core/l5/gk.frontend/fifo/g_wide_read.g_read_slice[90].rd_ptr_local_reg[1]/R
-0.140	u_top/u_core/u_b/u_b_core/core/core/l5/mac/issue/out_window_reg[2600]/C	u_top/u_core/u_b/u_b_core/core/core/l5/mac/mac/out_lane[2].mult_lane[10].operand_pipe.act_q_reg[8]/D
-0.140	u_top/u_core/u_b/u_b_core/core/core/l5/mac/issue/out_phase_reg[2]_rep__1/C	u_top/u_core/u_b/u_b_core/core/core/l5/mac/mac/out_lane[2].mult_lane[47].operand_pipe.weight_q_reg[0]/R
-0.140	u_top/u_core/u_b/u_b_core/core/core/l5/mac/mac/out_lane[2].mult_lane[22].operand_pipe.act_q_reg[15]/C	u_top/u_core/u_b/u_b_core/core/core/l5/mac/mac/out_lane[2].mult_lane[22].operand_pipe.sums_q_reg[0][2][22]/A[16]
-0.140	u_top/u_core/u_b/u_b_core/core/core/l4/post/read_slot_reg_rep/C	u_top/u_core/u_b/u_b_core/core/core/f45/g_narrow_read.mem_reg_0_31_60_65/RAMC_D1/I
-0.140	u_top/u_core/u_b/u_b_core/core/core/l5/mac/issue/out_phase_reg[0]_rep__10/C	u_top/u_core/u_b/u_b_core/core/core/l5/mac/mac/out_lane[2].mult_lane[21].operand_pipe.act_q_reg[12]/D
-0.140	u_top/u_core/u_b/u_b_core/core/core/l5/mac/mac/tree_stage[6].valid_q_reg[7]/C	u_top/u_core/u_b/u_b_core/core/core/l5/mac/mac/tree_stage[1].channel[2].node[13].pair.sums_q_reg[1][2][13][28]/CE
-0.140	u_top/u_core/u_b/u_b_core/core/core/l5/mac/mac/tree_stage[6].valid_q_reg[7]/C	u_top/u_core/u_b/u_b_core/core/core/l5/mac/mac/out_lane[2].mult_lane[16].operand_pipe.act_q_reg[15]/CE
-0.140	u_top/u_core/u_b/u_b_core/core/core/l5/mac/mac/tree_stage[6].valid_q_reg[7]/C	u_top/u_core/u_b/u_b_core/core/core/l5/mac/mac/out_lane[2].mult_lane[17].operand_pipe.act_q_reg[14]/CE
-0.139	u_top/u_core/u_b/u_b_core/core/core/l5/mac/issue/out_phase_reg[2]_replica_1/C	u_top/u_core/u_b/u_b_core/core/core/l5/mac/mac/out_lane[3].mult_lane[4].operand_pipe.act_q_reg[9]/D
-0.139	u_top/u_core/u_b/u_b_core/core/core/l5/mac/mac/out_lane[2].mult_lane[22].operand_pipe.act_q_reg[15]/C	u_top/u_core/u_b/u_b_core/core/core/l5/mac/mac/out_lane[2].mult_lane[22].operand_pipe.sums_q_reg[0][2][22]/A[17]
-0.139	u_top/u_core/u_b/u_b_core/core/core/shuffle/busy_reg/C	u_top/u_core/u_b/u_b_core/core/core/l5/gk.frontend/win/shift_reg[15][32]/R
-0.139	u_top/u_core/u_b/u_b_core/core/core/shuffle/busy_reg/C	u_top/u_core/u_b/u_b_core/core/core/l5/gk.frontend/win/shift_reg[1][220]/R
-0.139	u_top/u_core/u_b/u_b_core/core/core/shuffle/busy_reg/C	u_top/u_core/u_b/u_b_core/core/core/l5/gk.frontend/win/shift_reg[20][204]/R
-0.139	u_top/u_core/u_b/u_b_core/core/core/shuffle/busy_reg/C	u_top/u_core/u_b/u_b_core/core/core/l5/gk.frontend/win/shift_reg[20][239]/R
-0.139	u_top/u_core/u_b/u_b_core/core/core/shuffle/busy_reg/C	u_top/u_core/u_b/u_b_core/core/core/l5/gk.frontend/win/shift_reg[20][96]/R
-0.139	u_top/u_core/u_b/u_b_core/core/core/shuffle/busy_reg/C	u_top/u_core/u_b/u_b_core/core/core/l5/gk.frontend/win/shift_reg[21][239]/R
-0.139	u_top/u_core/u_b/u_b_core/core/core/shuffle/busy_reg/C	u_top/u_core/u_b/u_b_core/core/core/l5/gk.frontend/win/shift_reg[5][238]/R
-0.139	u_top/u_core/u_b/u_b_core/core/core/shuffle/busy_reg/C	u_top/u_core/u_b/u_b_core/core/core/l5/gk.frontend/win/shift_reg[5][74]/R
-0.139	u_top/u_core/u_b/u_b_core/core/core/shuffle/busy_reg/C	u_top/u_core/u_b/u_b_core/core/core/l5/gk.frontend/win/shift_reg[1][174]/R
-0.139	u_top/u_core/u_b/u_b_core/core/core/shuffle/busy_reg/C	u_top/u_core/u_b/u_b_core/core/core/l5/gk.frontend/win/shift_reg[2][89]/R
-0.139	u_top/u_core/u_b/u_b_core/core/core/l5/mac/issue/out_phase_reg[1]_rep__15/C	u_top/u_core/u_b/u_b_core/core/core/l5/mac/mac/out_lane[1].mult_lane[23].operand_pipe.weight_q_reg[4]/D
-0.139	u_top/u_core/u_b/u_b_core/core/core/l5/mac/issue/out_phase_reg[1]_rep__12/C	u_top/u_core/u_b/u_b_core/core/core/l5/mac/mac/out_lane[3].mult_lane[46].operand_pipe.act_q_reg[9]/D
-0.139	u_top/u_core/u_b/u_b_core/core/core/l5/mac/mac/tree_stage[6].valid_q_reg[7]/C	u_top/u_core/u_b/u_b_core/core/core/l5/mac/mac/tree_stage[1].channel[0].node[0].pair.sums_q_reg[1][0][0][4]/CE
-0.139	u_top/u_core/u_b/u_b_core/core/core/l5/mac/mac/tree_stage[6].valid_q_reg[7]/C	u_top/u_core/u_b/u_b_core/core/core/l5/mac/mac/tree_stage[1].channel[0].node[0].pair.sums_q_reg[1][0][0][5]/CE
-0.139	u_top/u_core/u_b/u_b_core/core/core/l5/mac/mac/tree_stage[6].valid_q_reg[7]/C	u_top/u_core/u_b/u_b_core/core/core/l5/mac/mac/tree_stage[1].channel[0].node[0].pair.sums_q_reg[1][0][0][6]/CE
-0.139	u_top/u_core/u_b/u_b_core/core/core/l5/mac/mac/tree_stage[6].valid_q_reg[7]/C	u_top/u_core/u_b/u_b_core/core/core/l5/mac/mac/tree_stage[1].channel[0].node[0].pair.sums_q_reg[1][0][0][7]/CE
-0.139	u_top/u_core/u_b/u_b_core/core/core/l5/gk.frontend/fifo/wr_ptr_reg[0]_rep__5/C	u_top/u_core/u_b/u_b_core/core/core/l5/gk.frontend/fifo/g_wide_read.g_read_slice[7].mem_slice_reg_0_3_60_63/RAMA/WADR0
-0.139	u_top/u_core/u_b/u_b_core/core/core/l5/gk.frontend/fifo/wr_ptr_reg[0]_rep__5/C	u_top/u_core/u_b/u_b_core/core/core/l5/gk.frontend/fifo/g_wide_read.g_read_slice[7].mem_slice_reg_0_3_60_63/RAMA_D1/WADR0
-0.139	u_top/u_core/u_b/u_b_core/core/core/l5/gk.frontend/fifo/wr_ptr_reg[0]_rep__5/C	u_top/u_core/u_b/u_b_core/core/core/l5/gk.frontend/fifo/g_wide_read.g_read_slice[7].mem_slice_reg_0_3_60_63/RAMB/WADR0
-0.139	u_top/u_core/u_b/u_b_core/core/core/l5/gk.frontend/fifo/wr_ptr_reg[0]_rep__5/C	u_top/u_core/u_b/u_b_core/core/core/l5/gk.frontend/fifo/g_wide_read.g_read_slice[7].mem_slice_reg_0_3_60_63/RAMB_D1/WADR0
-0.139	u_top/u_core/u_b/u_b_core/core/core/l5/gk.frontend/fifo/wr_ptr_reg[0]_rep__5/C	u_top/u_core/u_b/u_b_core/core/core/l5/gk.frontend/fifo/g_wide_read.g_read_slice[7].mem_slice_reg_0_3_60_63/RAMC/WADR0
-0.139	u_top/u_core/u_b/u_b_core/core/core/l5/gk.frontend/fifo/wr_ptr_reg[0]_rep__5/C	u_top/u_core/u_b/u_b_core/core/core/l5/gk.frontend/fifo/g_wide_read.g_read_slice[7].mem_slice_reg_0_3_60_63/RAMC_D1/WADR0
-0.139	u_top/u_core/u_b/u_b_core/core/core/l5/gk.frontend/fifo/wr_ptr_reg[0]_rep__5/C	u_top/u_core/u_b/u_b_core/core/core/l5/gk.frontend/fifo/g_wide_read.g_read_slice[7].mem_slice_reg_0_3_60_63/RAMD/ADR0
-0.139	u_top/u_core/u_b/u_b_core/core/core/l5/gk.frontend/fifo/wr_ptr_reg[0]_rep__5/C	u_top/u_core/u_b/u_b_core/core/core/l5/gk.frontend/fifo/g_wide_read.g_read_slice[7].mem_slice_reg_0_3_60_63/RAMD_D1/ADR0
-0.139	u_top/u_core/u_b/u_b_core/core/core/l5/mac/mac/tree_stage[6].valid_q_reg[7]/C	u_top/u_core/u_b/u_b_core/core/core/l5/mac/issue/out_window_reg[3114]/CE
-0.139	u_top/u_core/u_b/u_b_core/core/core/l5/mac/mac/tree_stage[6].valid_q_reg[7]/C	u_top/u_core/u_b/u_b_core/core/core/l5/mac/issue/out_window_reg[3115]/CE
-0.139	u_top/u_core/u_b/u_b_core/core/core/l5/mac/mac/tree_stage[6].valid_q_reg[7]/C	u_top/u_core/u_b/u_b_core/core/core/l5/mac/issue/out_window_reg[3116]/CE
-0.139	u_top/u_core/u_b/u_b_core/core/core/l5/mac/mac/tree_stage[6].valid_q_reg[7]/C	u_top/u_core/u_b/u_b_core/core/core/l5/mac/issue/out_window_reg[3117]/CE
-0.139	u_top/u_core/u_b/u_b_core/core/core/l5/mac/mac/tree_stage[6].valid_q_reg[7]/C	u_top/u_core/u_b/u_b_core/core/core/l5/mac/issue/out_window_reg[3118]/CE
-0.139	u_top/u_core/u_b/u_b_core/core/core/l5/mac/mac/tree_stage[6].valid_q_reg[7]/C	u_top/u_core/u_b/u_b_core/core/core/l5/mac/issue/out_window_reg[3119]/CE
-0.138	u_top/u_core/u_b/u_b_core/core/core/l5/gk.frontend/win/row_mod_d_reg[0]_rep__3/C	u_top/u_core/u_b/u_b_core/core/core/l5/gk.frontend/win/shift_reg[14][102]/D
-0.138	u_top/u_core/u_b/u_b_core/core/core/l5/gk.frontend/fifo/wr_ptr_reg[1]_rep__5/C	u_top/u_core/u_b/u_b_core/core/core/l5/gk.frontend/fifo/g_wide_read.g_read_slice[5].mem_slice_reg_0_3_48_53/RAMA/WADR1
-0.138	u_top/u_core/u_b/u_b_core/core/core/l5/gk.frontend/fifo/wr_ptr_reg[1]_rep__5/C	u_top/u_core/u_b/u_b_core/core/core/l5/gk.frontend/fifo/g_wide_read.g_read_slice[5].mem_slice_reg_0_3_48_53/RAMA_D1/WADR1
-0.138	u_top/u_core/u_b/u_b_core/core/core/l5/gk.frontend/fifo/wr_ptr_reg[1]_rep__5/C	u_top/u_core/u_b/u_b_core/core/core/l5/gk.frontend/fifo/g_wide_read.g_read_slice[5].mem_slice_reg_0_3_48_53/RAMB/WADR1
-0.138	u_top/u_core/u_b/u_b_core/core/core/l5/gk.frontend/fifo/wr_ptr_reg[1]_rep__5/C	u_top/u_core/u_b/u_b_core/core/core/l5/gk.frontend/fifo/g_wide_read.g_read_slice[5].mem_slice_reg_0_3_48_53/RAMB_D1/WADR1
-0.138	u_top/u_core/u_b/u_b_core/core/core/l5/gk.frontend/fifo/wr_ptr_reg[1]_rep__5/C	u_top/u_core/u_b/u_b_core/core/core/l5/gk.frontend/fifo/g_wide_read.g_read_slice[5].mem_slice_reg_0_3_48_53/RAMC/WADR1
-0.138	u_top/u_core/u_b/u_b_core/core/core/l5/gk.frontend/fifo/wr_ptr_reg[1]_rep__5/C	u_top/u_core/u_b/u_b_core/core/core/l5/gk.frontend/fifo/g_wide_read.g_read_slice[5].mem_slice_reg_0_3_48_53/RAMC_D1/WADR1
-0.138	u_top/u_core/u_b/u_b_core/core/core/l5/gk.frontend/fifo/wr_ptr_reg[1]_rep__5/C	u_top/u_core/u_b/u_b_core/core/core/l5/gk.frontend/fifo/g_wide_read.g_read_slice[5].mem_slice_reg_0_3_48_53/RAMD/ADR1
-0.138	u_top/u_core/u_b/u_b_core/core/core/l5/gk.frontend/fifo/wr_ptr_reg[1]_rep__5/C	u_top/u_core/u_b/u_b_core/core/core/l5/gk.frontend/fifo/g_wide_read.g_read_slice[5].mem_slice_reg_0_3_48_53/RAMD_D1/ADR1
-0.138	u_top/u_core/u_b/u_b_core/core/core/l5/mac/mac/tree_stage[6].valid_q_reg[7]/C	u_top/u_core/u_b/u_b_core/core/core/l5/mac/issue/out_window_reg[3574]/CE
-0.138	u_top/u_core/u_b/u_b_core/core/core/l5/mac/mac/tree_stage[6].valid_q_reg[7]/C	u_top/u_core/u_b/u_b_core/core/core/l5/mac/issue/out_window_reg[3575]/CE
-0.138	u_top/u_core/u_b/u_b_core/core/core/l5/mac/mac/tree_stage[6].valid_q_reg[7]/C	u_top/u_core/u_b/u_b_core/core/core/l5/mac/issue/out_window_reg[3576]/CE
-0.138	u_top/u_core/u_b/u_b_core/core/core/l5/mac/mac/tree_stage[6].valid_q_reg[7]/C	u_top/u_core/u_b/u_b_core/core/core/l5/mac/issue/out_window_reg[3577]/CE
-0.138	u_top/u_core/u_b/u_b_core/core/core/l5/mac/mac/tree_stage[6].valid_q_reg[7]/C	u_top/u_core/u_b/u_b_core/core/core/l5/mac/issue/out_window_reg[3578]/CE
-0.138	u_top/u_core/u_b/u_b_core/core/core/l5/mac/mac/tree_stage[6].valid_q_reg[7]/C	u_top/u_core/u_b/u_b_core/core/core/l5/mac/issue/out_window_reg[3579]/CE
-0.138	u_top/u_core/u_b/u_b_core/core/core/shuffle/busy_reg/C	u_top/u_core/u_b/u_b_core/core/core/l5/gk.frontend/win/shift_reg[12][36]/R
-0.138	u_top/u_core/u_b/u_b_core/core/core/shuffle/busy_reg/C	u_top/u_core/u_b/u_b_core/core/core/l5/gk.frontend/win/shift_reg[12][39]/R
-0.138	u_top/u_core/u_b/u_b_core/core/core/shuffle/busy_reg/C	u_top/u_core/u_b/u_b_core/core/core/l5/gk.frontend/win/shift_reg[12][41]/R
-0.138	u_top/u_core/u_b/u_b_core/core/core/shuffle/busy_reg/C	u_top/u_core/u_b/u_b_core/core/core/l5/gk.frontend/win/shift_reg[8][224]/R
-0.138	u_top/u_core/u_b/u_b_core/core/core/shuffle/busy_reg/C	u_top/u_core/u_b/u_b_core/core/core/l5/gk.frontend/win/shift_reg[22][159]/R
-0.138	u_top/u_core/u_b/u_b_core/core/core/l5/mac/mac/tree_stage[6].valid_q_reg[7]/C	u_top/u_core/u_b/u_b_core/core/core/l5/mac/issue/out_window_reg[1088]/CE
-0.138	u_top/u_core/u_b/u_b_core/core/core/l5/mac/mac/tree_stage[6].valid_q_reg[7]/C	u_top/u_core/u_b/u_b_core/core/core/l5/mac/issue/out_window_reg[1089]/CE
-0.138	u_top/u_core/u_b/u_b_core/core/core/l5/mac/mac/tree_stage[6].valid_q_reg[7]/C	u_top/u_core/u_b/u_b_core/core/core/l5/mac/issue/out_window_reg[1090]/CE
-0.138	u_top/u_core/u_b/u_b_core/core/core/l5/mac/mac/tree_stage[6].valid_q_reg[7]/C	u_top/u_core/u_b/u_b_core/core/core/l5/mac/issue/out_window_reg[1091]/CE
-0.138	u_top/u_core/u_b/u_b_core/core/core/l5/mac/mac/tree_stage[6].valid_q_reg[7]/C	u_top/u_core/u_b/u_b_core/core/core/l5/mac/issue/out_window_reg[1092]/CE
-0.138	u_top/u_core/u_b/u_b_core/core/core/l5/mac/mac/tree_stage[6].valid_q_reg[7]/C	u_top/u_core/u_b/u_b_core/core/core/l5/mac/issue/out_window_reg[1093]/CE
-0.137	u_top/u_core/u_b/u_b_core/core/core/l5/mac/issue/out_phase_reg[1]_rep__8_replica/C	u_top/u_core/u_b/u_b_core/core/core/l5/mac/mac/out_lane[2].mult_lane[6].operand_pipe.act_q_reg[12]/D
-0.137	u_top/u_core/u_b/u_b_core/core/core/l5/mac/issue/out_phase_reg[1]_rep__6/C	u_top/u_core/u_b/u_b_core/core/core/l5/mac/mac/out_lane[1].mult_lane[11].operand_pipe.act_q_reg[0]/D
-0.137	u_top/u_core/u_b/u_b_core/core/core/l5/gk.frontend/win/bank_gen[0].mem_reg_3/CLKARDCLK	u_top/u_core/u_b/u_b_core/core/core/l5/gk.frontend/win/shift_reg[9][126]/D
-0.137	u_top/u_core/u_b/u_b_core/core/core/l5/gk.frontend/pad/interior_y_reg/C	u_top/u_core/u_b/u_b_core/core/core/l5/gk.frontend/win/bank_gen[3].mem_reg_4/DIADI[5]
-0.136	u_top/u_core/u_b/u_b_core/core/core/l5/gk.frontend/win/row_mod_d_reg[0]_rep__3/C	u_top/u_core/u_b/u_b_core/core/core/l5/gk.frontend/win/shift_reg[4][102]/D
-0.136	u_top/u_core/u_b/u_b_core/core/core/l5/gk.frontend/fifo/g_wide_read.g_read_slice[89].rd_ptr_local_reg[0]/C	u_top/u_core/u_b/u_b_core/core/core/l5/mac/issue/out_window_reg[5731]/D
-0.136	u_top/u_core/u_b/u_b_core/core/core/l5/gk.frontend/win/bank_gen[3].mem_reg_3/CLKARDCLK	u_top/u_core/u_b/u_b_core/core/core/l5/gk.frontend/win/shift_reg[4][137]/D
-0.136	u_top/u_core/u_b/u_b_core/core/core/l5/mac/issue/out_window_reg[5545]/C	u_top/u_core/u_b/u_b_core/core/core/l5/mac/mac/out_lane[3].mult_lane[21].operand_pipe.act_q_reg[9]/D
-0.136	u_top/u_core/u_b/u_b_core/core/core/l5/gk.frontend/pad/interior_y_reg/C	u_top/u_core/u_b/u_b_core/core/core/l5/gk.frontend/win/bank_gen[0].mem_reg_4/DIADI[3]
-0.136	u_top/u_core/u_b/u_b_core/core/core/l5/gk.frontend/win/bank_gen[0].mem_reg_6/CLKARDCLK	u_top/u_core/u_b/u_b_core/core/core/l5/gk.frontend/win/shift_reg[14][242]/D
-0.136	u_top/u_core/u_b/u_b_core/core/core/l5/gk.frontend/win/bank_gen[2].mem_reg_0/CLKARDCLK	u_top/u_core/u_b/u_b_core/core/core/l5/gk.frontend/win/shift_reg[4][20]/D
-0.136	u_top/u_core/u_b/u_b_core/core/core/l5/mac/mac/tree_stage[6].valid_q_reg[7]/C	u_top/u_core/u_b/u_b_core/core/core/l5/gk.frontend/fifo/g_wide_read.g_read_slice[52].rd_ptr_local_reg[0]/R
-0.136	u_top/u_core/u_b/u_b_core/core/core/l5/mac/mac/tree_stage[6].valid_q_reg[7]/C	u_top/u_core/u_b/u_b_core/core/core/l5/gk.frontend/fifo/g_wide_read.g_read_slice[52].rd_ptr_local_reg[1]/R
-0.136	u_top/u_core/u_b/u_b_core/core/core/l5/gk.frontend/pad/interior_x_reg/C	u_top/u_core/u_b/u_b_core/core/core/l5/gk.frontend/win/bank_gen[0].mem_reg_3/DIADI[30]
-0.135	u_top/u_core/u_b/u_b_core/core/core/l5/mac/issue/out_phase_reg[0]_rep__9/C	u_top/u_core/u_b/u_b_core/core/core/l5/mac/mac/out_lane[1].mult_lane[20].operand_pipe.act_q_reg[3]/D
-0.135	u_top/u_core/u_b/u_b_core/core/core/l5/mac/mac/out_lane[2].mult_lane[22].operand_pipe.act_q_reg[15]/C	u_top/u_core/u_b/u_b_core/core/core/l5/mac/mac/out_lane[2].mult_lane[22].operand_pipe.sums_q_reg[0][2][22]/A[28]
-0.135	u_top/u_core/u_b/u_b_core/core/core/shuffle/busy_reg/C	u_top/u_core/u_b/u_b_core/core/core/l5/gk.frontend/win/shift_reg[10][168]/R
-0.135	u_top/u_core/u_b/u_b_core/core/core/shuffle/busy_reg/C	u_top/u_core/u_b/u_b_core/core/core/l5/gk.frontend/win/shift_reg[20][132]/R
-0.135	u_top/u_core/u_b/u_b_core/core/core/shuffle/busy_reg/C	u_top/u_core/u_b/u_b_core/core/core/l5/gk.frontend/win/shift_reg[20][13]/R
-0.135	u_top/u_core/u_b/u_b_core/core/core/shuffle/busy_reg/C	u_top/u_core/u_b/u_b_core/core/core/l5/gk.frontend/win/shift_reg[20][227]/R
-0.135	u_top/u_core/u_b/u_b_core/core/core/shuffle/busy_reg/C	u_top/u_core/u_b/u_b_core/core/core/l5/gk.frontend/win/shift_reg[20][44]/R
-0.135	u_top/u_core/u_b/u_b_core/core/core/shuffle/busy_reg/C	u_top/u_core/u_b/u_b_core/core/core/l5/gk.frontend/win/shift_reg[23][66]/R
-0.135	u_top/u_core/u_b/u_b_core/core/core/l5/gk.frontend/win/shift_reg[18][252]/C	u_top/u_core/u_b/u_b_core/core/core/l5/gk.frontend/fifo/g_wide_read.g_read_slice[75].mem_slice_reg_0_3_60_63/RAMA/I
-0.135	u_top/u_core/u_b/u_b_core/core/core/l5/mac/issue/out_phase_reg[1]_rep__14/C	u_top/u_core/u_b/u_b_core/core/core/l5/mac/mac/out_lane[2].mult_lane[19].operand_pipe.act_q_reg[15]/D
-0.134	u_top/u_core/u_b/u_b_core/core/core/shuffle/busy_reg/C	u_top/u_core/u_b/u_b_core/core/core/l5/gk.frontend/win/shift_reg[22][158]/R
-0.134	u_top/u_core/u_ctrl/start_b_reg/C	u_top/u_core/u_in/req_addr_q_reg[0]_rep__12/CE
-0.134	u_top/u_core/u_b/u_b_core/core/core/l5/mac/mac/tree_stage[6].valid_q_reg[7]/C	u_top/u_core/u_b/u_b_core/core/core/l5/mac/issue/out_window_reg[3638]/CE
-0.134	u_top/u_core/u_b/u_b_core/core/core/l5/mac/mac/tree_stage[6].valid_q_reg[7]/C	u_top/u_core/u_b/u_b_core/core/core/l5/mac/issue/out_window_reg[3639]/CE
-0.134	u_top/u_core/u_b/u_b_core/core/core/l5/mac/mac/tree_stage[6].valid_q_reg[7]/C	u_top/u_core/u_b/u_b_core/core/core/l5/mac/issue/out_window_reg[3640]/CE
-0.134	u_top/u_core/u_b/u_b_core/core/core/l5/mac/mac/tree_stage[6].valid_q_reg[7]/C	u_top/u_core/u_b/u_b_core/core/core/l5/mac/issue/out_window_reg[3641]/CE
-0.134	u_top/u_core/u_b/u_b_core/core/core/l5/mac/mac/tree_stage[6].valid_q_reg[7]/C	u_top/u_core/u_b/u_b_core/core/core/l5/mac/issue/out_window_reg[3642]/CE
-0.134	u_top/u_core/u_b/u_b_core/core/core/l5/mac/mac/tree_stage[6].valid_q_reg[7]/C	u_top/u_core/u_b/u_b_core/core/core/l5/mac/issue/out_window_reg[3643]/CE
-0.134	u_top/u_core/u_b/u_b_core/core/core/l5/mac/issue/out_phase_reg[0]_rep__10/C	u_top/u_core/u_b/u_b_core/core/core/l5/mac/mac/out_lane[2].mult_lane[22].operand_pipe.act_q_reg[14]/D
-0.134	u_top/u_core/u_b/u_b_core/core/core/shuffle/busy_reg/C	u_top/u_core/u_b/u_b_core/core/core/l5/gk.frontend/win/shift_reg[17][175]/R
-0.134	u_top/u_core/u_b/u_b_core/core/core/shuffle/busy_reg/C	u_top/u_core/u_b/u_b_core/core/core/l5/gk.frontend/win/shift_reg[18][125]/R
-0.134	u_top/u_core/u_b/u_b_core/core/core/shuffle/busy_reg/C	u_top/u_core/u_b/u_b_core/core/core/l5/gk.frontend/win/shift_reg[18][44]/R
-0.134	u_top/u_core/u_b/u_b_core/core/core/shuffle/busy_reg/C	u_top/u_core/u_b/u_b_core/core/core/l5/gk.frontend/win/shift_reg[18][82]/R
-0.134	u_top/u_core/u_b/u_b_core/core/core/l5/mac/mac/tree_stage[6].valid_q_reg[7]/C	u_top/u_core/u_b/u_b_core/core/core/l5/gk.frontend/fifo/g_wide_read.g_read_slice[97].rd_ptr_local_reg[0]/R
-0.134	u_top/u_core/u_b/u_b_core/core/core/l5/mac/mac/tree_stage[6].valid_q_reg[7]/C	u_top/u_core/u_b/u_b_core/core/core/l5/gk.frontend/fifo/g_wide_read.g_read_slice[97].rd_ptr_local_reg[1]/R
-0.133	u_top/u_core/u_b/u_b_core/core/core/shuffle/busy_reg/C	u_top/u_core/u_b/u_b_core/core/core/l5/gk.frontend/win/shift_reg[18][184]/R
-0.133	u_top/u_core/u_b/u_b_core/core/core/shuffle/busy_reg/C	u_top/u_core/u_b/u_b_core/core/core/l5/gk.frontend/win/shift_reg[18][211]/R
-0.133	u_top/u_core/u_b/u_b_core/core/core/shuffle/busy_reg/C	u_top/u_core/u_b/u_b_core/core/core/l5/gk.frontend/win/shift_reg[23][57]/R
-0.133	u_top/u_core/u_b/u_b_core/core/core/shuffle/busy_reg/C	u_top/u_core/u_b/u_b_core/core/core/l5/gk.frontend/win/shift_reg[23][72]/R
-0.133	u_top/u_core/u_b/u_b_core/core/core/shuffle/busy_reg/C	u_top/u_core/u_b/u_b_core/core/core/l5/gk.frontend/win/shift_reg[23][73]/R
-0.133	u_top/u_core/u_b/u_b_core/core/core/shuffle/busy_reg/C	u_top/u_core/u_b/u_b_core/core/core/l5/gk.frontend/win/shift_reg[8][104]/R
-0.133	u_top/u_core/u_b/u_b_core/core/core/shuffle/busy_reg/C	u_top/u_core/u_b/u_b_core/core/core/l5/gk.frontend/win/shift_reg[8][200]/R
-0.133	u_top/u_core/u_b/u_b_core/core/core/shuffle/busy_reg/C	u_top/u_core/u_b/u_b_core/core/core/l5/gk.frontend/win/shift_reg[8][203]/R
-0.133	u_top/u_core/u_b/u_b_core/core/core/l5/mac/issue/out_phase_reg[0]_rep__11/C	u_top/u_core/u_b/u_b_core/core/core/l5/mac/mac/out_lane[1].mult_lane[23].operand_pipe.act_q_reg[6]/D
-0.133	u_top/u_core/u_b/u_b_core/core/core/l5/gk.frontend/fifo/wr_ptr_reg[0]_rep__5/C	u_top/u_core/u_b/u_b_core/core/core/l5/gk.frontend/fifo/g_wide_read.g_read_slice[10].mem_slice_reg_0_3_54_59/RAMA/WADR0
-0.133	u_top/u_core/u_b/u_b_core/core/core/l5/gk.frontend/fifo/wr_ptr_reg[0]_rep__5/C	u_top/u_core/u_b/u_b_core/core/core/l5/gk.frontend/fifo/g_wide_read.g_read_slice[10].mem_slice_reg_0_3_54_59/RAMA_D1/WADR0
-0.133	u_top/u_core/u_b/u_b_core/core/core/l5/gk.frontend/fifo/wr_ptr_reg[0]_rep__5/C	u_top/u_core/u_b/u_b_core/core/core/l5/gk.frontend/fifo/g_wide_read.g_read_slice[10].mem_slice_reg_0_3_54_59/RAMB/WADR0
-0.133	u_top/u_core/u_b/u_b_core/core/core/l5/gk.frontend/fifo/wr_ptr_reg[0]_rep__5/C	u_top/u_core/u_b/u_b_core/core/core/l5/gk.frontend/fifo/g_wide_read.g_read_slice[10].mem_slice_reg_0_3_54_59/RAMB_D1/WADR0
-0.133	u_top/u_core/u_b/u_b_core/core/core/l5/gk.frontend/fifo/wr_ptr_reg[0]_rep__5/C	u_top/u_core/u_b/u_b_core/core/core/l5/gk.frontend/fifo/g_wide_read.g_read_slice[10].mem_slice_reg_0_3_54_59/RAMC/WADR0
-0.133	u_top/u_core/u_b/u_b_core/core/core/l5/gk.frontend/fifo/wr_ptr_reg[0]_rep__5/C	u_top/u_core/u_b/u_b_core/core/core/l5/gk.frontend/fifo/g_wide_read.g_read_slice[10].mem_slice_reg_0_3_54_59/RAMC_D1/WADR0
-0.133	u_top/u_core/u_b/u_b_core/core/core/l5/gk.frontend/fifo/wr_ptr_reg[0]_rep__5/C	u_top/u_core/u_b/u_b_core/core/core/l5/gk.frontend/fifo/g_wide_read.g_read_slice[10].mem_slice_reg_0_3_54_59/RAMD/ADR0
-0.133	u_top/u_core/u_b/u_b_core/core/core/l5/gk.frontend/fifo/wr_ptr_reg[0]_rep__5/C	u_top/u_core/u_b/u_b_core/core/core/l5/gk.frontend/fifo/g_wide_read.g_read_slice[10].mem_slice_reg_0_3_54_59/RAMD_D1/ADR0
-0.133	u_top/u_core/u_b/u_b_core/core/core/l5/mac/issue/out_window_reg[1755]/C	u_top/u_core/u_b/u_b_core/core/core/l5/mac/mac/out_lane[0].mult_lane[31].operand_pipe.act_q_reg[11]/D
-0.133	u_top/u_core/u_b/u_b_core/core/core/l5/gk.frontend/win/shift_reg[17][39]/C	u_top/u_core/u_b/u_b_core/core/core/l5/gk.frontend/fifo/g_wide_read.g_read_slice[68].mem_slice_reg_0_3_36_41/RAMB_D1/I
-0.133	u_top/u_core/u_b/u_b_core/core/core/l5/mac/issue/out_window_reg[5575]/C	u_top/u_core/u_b/u_b_core/core/core/l5/mac/mac/out_lane[3].mult_lane[21].operand_pipe.act_q_reg[7]/D
-0.133	u_top/u_core/u_b/u_b_core/core/core/l5/mac/mac/tree_stage[6].valid_q_reg[7]/C	u_top/u_core/u_b/u_b_core/core/core/l5/mac/issue/out_window_reg[3806]/CE
-0.133	u_top/u_core/u_b/u_b_core/core/core/l5/mac/mac/tree_stage[6].valid_q_reg[7]/C	u_top/u_core/u_b/u_b_core/core/core/l5/mac/issue/out_window_reg[3807]/CE
-0.133	u_top/u_core/u_b/u_b_core/core/core/l5/mac/mac/tree_stage[6].valid_q_reg[7]/C	u_top/u_core/u_b/u_b_core/core/core/l5/mac/issue/out_window_reg[3808]/CE
-0.133	u_top/u_core/u_b/u_b_core/core/core/l5/mac/mac/tree_stage[6].valid_q_reg[7]/C	u_top/u_core/u_b/u_b_core/core/core/l5/mac/issue/out_window_reg[3809]/CE
-0.133	u_top/u_core/u_b/u_b_core/core/core/l5/mac/mac/tree_stage[6].valid_q_reg[7]/C	u_top/u_core/u_b/u_b_core/core/core/l5/mac/issue/out_window_reg[3810]/CE
-0.133	u_top/u_core/u_b/u_b_core/core/core/l5/mac/mac/tree_stage[6].valid_q_reg[7]/C	u_top/u_core/u_b/u_b_core/core/core/l5/mac/issue/out_window_reg[3811]/CE
-0.132	u_top/u_core/u_b/u_b_core/core/core/l5/gk.frontend/win/bank_gen[1].mem_reg_1/CLKARDCLK	u_top/u_core/u_b/u_b_core/core/core/l5/gk.frontend/win/shift_reg[19][43]/D
-0.132	u_top/u_core/u_pp/rd_ptr_q_reg[16]/C	u_top/u_core/u_pp/u_bank1/mem_reg_bram_15/ENBWREN
-0.132	u_top/u_core/u_b/u_b_core/core/core/shuffle/busy_reg/C	u_top/u_core/u_b/u_b_core/core/core/l5/gk.frontend/win/shift_reg[15][116]/R
-0.132	u_top/u_core/u_b/u_b_core/core/core/shuffle/busy_reg/C	u_top/u_core/u_b/u_b_core/core/core/l5/gk.frontend/win/shift_reg[15][117]/R
-0.132	u_top/u_core/u_b/u_b_core/core/core/shuffle/busy_reg/C	u_top/u_core/u_b/u_b_core/core/core/l5/gk.frontend/win/shift_reg[15][133]/R
-0.132	u_top/u_core/u_b/u_b_core/core/core/shuffle/busy_reg/C	u_top/u_core/u_b/u_b_core/core/core/l5/gk.frontend/win/shift_reg[15][55]/R
-0.132	u_top/u_core/u_b/u_b_core/core/core/shuffle/busy_reg/C	u_top/u_core/u_b/u_b_core/core/core/l5/gk.frontend/win/shift_reg[15][61]/R
-0.132	u_top/u_core/u_b/u_b_core/core/core/shuffle/busy_reg/C	u_top/u_core/u_b/u_b_core/core/core/l5/gk.frontend/win/shift_reg[17][32]/R
-0.132	u_top/u_core/u_b/u_b_core/core/core/shuffle/busy_reg/C	u_top/u_core/u_b/u_b_core/core/core/l5/gk.frontend/win/shift_reg[1][179]/R
-0.132	u_top/u_core/u_b/u_b_core/core/core/shuffle/busy_reg/C	u_top/u_core/u_b/u_b_core/core/core/l5/gk.frontend/win/shift_reg[20][70]/R
-0.132	u_top/u_core/u_b/u_b_core/core/core/l5/mac/issue/out_phase_reg[1]_rep__12/C	u_top/u_core/u_b/u_b_core/core/core/l5/mac/mac/out_lane[2].mult_lane[46].operand_pipe.act_q_reg[9]/D
-0.132	u_top/u_core/u_b/u_b_core/core/core/f45/g_narrow_read.rd_ptr_local_reg[1]_replica_1/C	u_top/u_core/u_b/u_b_core/core/core/l5/gk.frontend/win/bank_gen[1].mem_reg_1/DIADI[19]
-0.132	u_top/u_core/u_b/u_b_core/core/core/shuffle/busy_reg/C	u_top/u_core/u_b/u_b_core/core/core/l5/gk.frontend/win/shift_reg[8][195]/R
-0.132	u_top/u_core/u_b/u_b_core/core/core/l5/gk.frontend/win/bank_gen[1].mem_reg_3/CLKARDCLK	u_top/u_core/u_b/u_b_core/core/core/l5/gk.frontend/win/shift_reg[9][110]/D
-0.131	u_top/u_core/u_b/u_b_core/core/core/l5/gk.frontend/win/bank_gen[3].mem_reg_1/CLKARDCLK	u_top/u_core/u_b/u_b_core/core/core/l5/gk.frontend/win/shift_reg[4][71]/D
-0.131	u_top/u_core/u_b/u_b_core/core/core/l5/gk.frontend/win/bank_gen[3].mem_reg_0/CLKARDCLK	u_top/u_core/u_b/u_b_core/core/core/l5/gk.frontend/win/shift_reg[14][26]/D
-0.131	u_top/u_core/u_b/u_b_core/core/core/shuffle/busy_reg/C	u_top/u_core/u_b/u_b_core/core/core/l5/gk.frontend/win/shift_reg[20][90]/R
-0.131	u_top/u_core/u_b/u_b_core/core/core/shuffle/busy_reg/C	u_top/u_core/u_b/u_b_core/core/core/l5/gk.frontend/win/shift_reg[21][132]/R
-0.131	u_top/u_core/u_b/u_b_core/core/core/l5/mac/issue/out_phase_reg[0]_rep__11/C	u_top/u_core/u_b/u_b_core/core/core/l5/mac/mac/out_lane[2].mult_lane[24].operand_pipe.act_q_reg[10]/D
-0.131	u_top/u_core/u_b/u_b_core/core/core/l5/gk.frontend/fifo/wr_ptr_reg[1]_rep__5/C	u_top/u_core/u_b/u_b_core/core/core/l5/gk.frontend/fifo/g_wide_read.g_read_slice[12].mem_slice_reg_0_3_60_63/RAMA/WADR1
-0.131	u_top/u_core/u_b/u_b_core/core/core/l5/gk.frontend/fifo/wr_ptr_reg[1]_rep__5/C	u_top/u_core/u_b/u_b_core/core/core/l5/gk.frontend/fifo/g_wide_read.g_read_slice[12].mem_slice_reg_0_3_60_63/RAMA_D1/WADR1
-0.131	u_top/u_core/u_b/u_b_core/core/core/l5/gk.frontend/fifo/wr_ptr_reg[1]_rep__5/C	u_top/u_core/u_b/u_b_core/core/core/l5/gk.frontend/fifo/g_wide_read.g_read_slice[12].mem_slice_reg_0_3_60_63/RAMB/WADR1
-0.131	u_top/u_core/u_b/u_b_core/core/core/l5/gk.frontend/fifo/wr_ptr_reg[1]_rep__5/C	u_top/u_core/u_b/u_b_core/core/core/l5/gk.frontend/fifo/g_wide_read.g_read_slice[12].mem_slice_reg_0_3_60_63/RAMB_D1/WADR1
-0.131	u_top/u_core/u_b/u_b_core/core/core/l5/gk.frontend/fifo/wr_ptr_reg[1]_rep__5/C	u_top/u_core/u_b/u_b_core/core/core/l5/gk.frontend/fifo/g_wide_read.g_read_slice[12].mem_slice_reg_0_3_60_63/RAMC/WADR1
-0.131	u_top/u_core/u_b/u_b_core/core/core/l5/gk.frontend/fifo/wr_ptr_reg[1]_rep__5/C	u_top/u_core/u_b/u_b_core/core/core/l5/gk.frontend/fifo/g_wide_read.g_read_slice[12].mem_slice_reg_0_3_60_63/RAMC_D1/WADR1
-0.131	u_top/u_core/u_b/u_b_core/core/core/l5/gk.frontend/fifo/wr_ptr_reg[1]_rep__5/C	u_top/u_core/u_b/u_b_core/core/core/l5/gk.frontend/fifo/g_wide_read.g_read_slice[12].mem_slice_reg_0_3_60_63/RAMD/ADR1
-0.131	u_top/u_core/u_b/u_b_core/core/core/l5/gk.frontend/fifo/wr_ptr_reg[1]_rep__5/C	u_top/u_core/u_b/u_b_core/core/core/l5/gk.frontend/fifo/g_wide_read.g_read_slice[12].mem_slice_reg_0_3_60_63/RAMD_D1/ADR1
-0.131	u_top/u_core/u_b/u_b_core/core/core/l5/gk.frontend/win/bank_gen[1].mem_reg_3/CLKARDCLK	u_top/u_core/u_b/u_b_core/core/core/l5/gk.frontend/win/shift_reg[9][130]/D
-0.131	u_top/u_core/u_b/u_b_core/core/core/l5/mac/issue/out_window_reg[1575]/C	u_top/u_core/u_b/u_b_core/core/core/l5/mac/mac/out_lane[3].mult_lane[6].operand_pipe.act_q_reg[7]/D
-0.131	u_top/u_core/u_b/u_b_core/core/core/l5/gk.frontend/win/col_reg[9]/C	u_top/u_core/u_b/u_b_core/core/core/l5/gk.frontend/win/bank_gen[1].mem_reg_6/ADDRARDADDR[14]
-0.131	u_top/u_core/u_b/u_b_core/core/core/l5/mac/issue/out_phase_reg[1]_rep__5/C	u_top/u_core/u_b/u_b_core/core/core/l5/mac/mac/out_lane[2].mult_lane[31].operand_pipe.act_q_reg[15]/D
-0.130	u_top/u_core/u_b/u_b_core/core/core/l5/mac/mac/tree_stage[6].valid_q_reg[7]/C	u_top/u_core/u_b/u_b_core/core/core/l5/mac/mac/tree_stage[1].channel[1].node[0].pair.sums_q_reg[1][1][0][0]/CE
-0.130	u_top/u_core/u_b/u_b_core/core/core/l5/mac/mac/tree_stage[6].valid_q_reg[7]/C	u_top/u_core/u_b/u_b_core/core/core/l5/mac/mac/tree_stage[1].channel[1].node[0].pair.sums_q_reg[1][1][0][1]/CE
-0.130	u_top/u_core/u_b/u_b_core/core/core/l5/mac/mac/tree_stage[6].valid_q_reg[7]/C	u_top/u_core/u_b/u_b_core/core/core/l5/mac/mac/tree_stage[1].channel[1].node[0].pair.sums_q_reg[1][1][0][2]/CE
-0.130	u_top/u_core/u_b/u_b_core/core/core/l5/mac/mac/tree_stage[6].valid_q_reg[7]/C	u_top/u_core/u_b/u_b_core/core/core/l5/mac/mac/tree_stage[1].channel[1].node[0].pair.sums_q_reg[1][1][0][3]/CE
-0.130	u_top/u_core/u_b/u_b_core/core/core/l5/gk.frontend/win/bank_gen[0].mem_reg_6/CLKARDCLK	u_top/u_core/u_b/u_b_core/core/core/l5/gk.frontend/win/shift_reg[9][242]/D
-0.130	u_top/u_core/u_b/u_b_core/core/core/l5/mac/issue/out_phase_reg[1]_rep__8_replica/C	u_top/u_core/u_b/u_b_core/core/core/l5/mac/mac/out_lane[2].mult_lane[7].operand_pipe.act_q_reg[0]/D
-0.130	u_top/u_core/u_b/u_b_core/core/core/l4/post/units[1].post/out_data_reg[4]/C	u_top/u_core/u_b/u_b_core/core/core/l4/post/output_slot_reg[0][148]/D
-0.130	u_top/u_core/u_b/u_b_core/core/core/l5/mac/issue/out_phase_reg[0]_rep__2_replica_1/C	u_top/u_core/u_b/u_b_core/core/core/l5/mac/mac/out_lane[2].mult_lane[7].operand_pipe.act_q_reg[5]/D
-0.130	u_top/u_core/u_b/u_b_core/core/core/l5/mac/issue/out_window_reg[5261]/C	u_top/u_core/u_b/u_b_core/core/core/l5/mac/mac/out_lane[0].mult_lane[20].operand_pipe.act_q_reg[13]/D
-0.130	u_top/u_core/u_b/u_b_core/core/core/l5/mac/mac/tree_stage[6].valid_q_reg[7]/C	u_top/u_core/u_b/u_b_core/core/core/l5/mac/issue/out_window_reg[3836]/CE
-0.130	u_top/u_core/u_b/u_b_core/core/core/l5/mac/mac/tree_stage[6].valid_q_reg[7]/C	u_top/u_core/u_b/u_b_core/core/core/l5/mac/issue/out_window_reg[3837]/CE
-0.130	u_top/u_core/u_b/u_b_core/core/core/l5/mac/mac/tree_stage[6].valid_q_reg[7]/C	u_top/u_core/u_b/u_b_core/core/core/l5/mac/issue/out_window_reg[3838]/CE
-0.130	u_top/u_core/u_b/u_b_core/core/core/l5/mac/mac/tree_stage[6].valid_q_reg[7]/C	u_top/u_core/u_b/u_b_core/core/core/l5/mac/issue/out_window_reg[3839]/CE
-0.129	u_top/u_core/u_b/u_b_core/core/core/l5/mac/issue/out_phase_reg[1]_rep__6/C	u_top/u_core/u_b/u_b_core/core/core/l5/mac/mac/out_lane[2].mult_lane[29].operand_pipe.act_q_reg[10]/D
-0.129	u_top/u_core/u_b/u_b_core/core/core/l5/mac/mac/tree_stage[6].valid_q_reg[7]/C	u_top/u_core/u_b/u_b_core/core/core/l5/mac/issue/out_window_reg[3708]/CE
-0.129	u_top/u_core/u_b/u_b_core/core/core/l5/mac/mac/tree_stage[6].valid_q_reg[7]/C	u_top/u_core/u_b/u_b_core/core/core/l5/mac/issue/out_window_reg[3709]/CE
-0.129	u_top/u_core/u_b/u_b_core/core/core/l5/mac/mac/tree_stage[6].valid_q_reg[7]/C	u_top/u_core/u_b/u_b_core/core/core/l5/mac/issue/out_window_reg[3710]/CE
-0.129	u_top/u_core/u_b/u_b_core/core/core/l5/mac/mac/tree_stage[6].valid_q_reg[7]/C	u_top/u_core/u_b/u_b_core/core/core/l5/mac/issue/out_window_reg[3711]/CE
-0.129	u_top/u_core/u_b/u_b_core/core/core/l5/mac/issue/out_phase_reg[2]_rep__0/C	u_top/u_core/u_b/u_b_core/core/core/l5/mac/mac/out_lane[2].mult_lane[30].operand_pipe.weight_q_reg[3]/D
-0.129	u_top/u_core/u_b/u_b_core/core/core/l5/mac/issue/out_phase_reg[2]_rep__0/C	u_top/u_core/u_b/u_b_core/core/core/l5/mac/mac/out_lane[1].mult_lane[12].operand_pipe.weight_q_reg[6]/D
-0.128	u_top/u_core/u_b/u_b_core/core/core/l5/gk.frontend/win/row_mod_d_reg[1]_rep__3/C	u_top/u_core/u_b/u_b_core/core/core/l5/gk.frontend/win/shift_reg[14][97]/D
-0.128	u_top/u_core/u_b/u_b_core/core/core/l5/gk.frontend/win/bank_gen[1].mem_reg_6/CLKARDCLK	u_top/u_core/u_b/u_b_core/core/core/l5/gk.frontend/win/shift_reg[14][218]/D
-0.128	u_top/u_core/u_b/u_b_core/core/core/l5/gk.frontend/fifo/g_wide_read.g_read_slice[71].rd_ptr_local_reg[1]/C	u_top/u_core/u_b/u_b_core/core/core/l5/mac/issue/out_window_reg[4544]/D
-0.128	u_top/u_core/u_b/u_b_core/core/core/shuffle/busy_reg/C	u_top/u_core/u_b/u_b_core/core/core/l5/gk.frontend/win/shift_reg[22][63]/R
-0.128	u_top/u_core/u_b/u_b_core/core/core/shuffle/busy_reg/C	u_top/u_core/u_b/u_b_core/core/core/l5/gk.frontend/win/shift_reg[22][70]/R
-0.128	u_top/u_core/u_b/u_b_core/core/core/shuffle/busy_reg/C	u_top/u_core/u_b/u_b_core/core/core/l5/gk.frontend/win/shift_reg[23][129]/R
-0.128	u_top/u_core/u_b/u_b_core/core/core/shuffle/busy_reg/C	u_top/u_core/u_b/u_b_core/core/core/l5/gk.frontend/win/shift_reg[23][141]/R
-0.128	u_top/u_core/u_b/u_b_core/core/core/shuffle/busy_reg/C	u_top/u_core/u_b/u_b_core/core/core/l5/gk.frontend/win/shift_reg[23][154]/R
-0.128	u_top/u_core/u_b/u_b_core/core/core/shuffle/busy_reg/C	u_top/u_core/u_b/u_b_core/core/core/l5/gk.frontend/win/shift_reg[23][54]/R
-0.128	u_top/u_core/u_b/u_b_core/core/core/shuffle/busy_reg/C	u_top/u_core/u_b/u_b_core/core/core/l5/gk.frontend/win/shift_reg[23][55]/R
-0.128	u_top/u_core/u_b/u_b_core/core/core/shuffle/busy_reg/C	u_top/u_core/u_b/u_b_core/core/core/l5/gk.frontend/win/shift_reg[23][7]/R
-0.128	u_top/u_core/u_b/u_b_core/core/core/l5/mac/mac/out_lane[0].mult_lane[39].operand_pipe.weight_q_reg[7]/C	u_top/u_core/u_b/u_b_core/core/core/l5/mac/mac/out_lane[0].mult_lane[39].operand_pipe.sums_q_reg[0][0][39]/B[10]
-0.128	u_top/u_core/u_b/u_b_core/core/core/l4/post/occupied_reg[0]/C	u_top/u_core/u_b/u_b_core/core/core/f34/g_narrow_read.mem_reg_0_31_72_77/RAMA/WE
-0.128	u_top/u_core/u_b/u_b_core/core/core/l4/post/occupied_reg[0]/C	u_top/u_core/u_b/u_b_core/core/core/f34/g_narrow_read.mem_reg_0_31_72_77/RAMA_D1/WE
-0.128	u_top/u_core/u_b/u_b_core/core/core/l4/post/occupied_reg[0]/C	u_top/u_core/u_b/u_b_core/core/core/f34/g_narrow_read.mem_reg_0_31_72_77/RAMB/WE
-0.128	u_top/u_core/u_b/u_b_core/core/core/l4/post/occupied_reg[0]/C	u_top/u_core/u_b/u_b_core/core/core/f34/g_narrow_read.mem_reg_0_31_72_77/RAMB_D1/WE
-0.128	u_top/u_core/u_b/u_b_core/core/core/l4/post/occupied_reg[0]/C	u_top/u_core/u_b/u_b_core/core/core/f34/g_narrow_read.mem_reg_0_31_72_77/RAMC/WE
-0.128	u_top/u_core/u_b/u_b_core/core/core/l4/post/occupied_reg[0]/C	u_top/u_core/u_b/u_b_core/core/core/f34/g_narrow_read.mem_reg_0_31_72_77/RAMC_D1/WE
-0.128	u_top/u_core/u_b/u_b_core/core/core/l4/post/occupied_reg[0]/C	u_top/u_core/u_b/u_b_core/core/core/f34/g_narrow_read.mem_reg_0_31_72_77/RAMD/WE
-0.128	u_top/u_core/u_b/u_b_core/core/core/l4/post/occupied_reg[0]/C	u_top/u_core/u_b/u_b_core/core/core/f34/g_narrow_read.mem_reg_0_31_72_77/RAMD_D1/WE
-0.128	u_top/u_core/u_b/u_b_core/core/core/l5/mac/issue/out_phase_reg[1]_rep__12/C	u_top/u_core/u_b/u_b_core/core/core/l5/mac/mac/out_lane[2].mult_lane[46].operand_pipe.act_q_reg[12]/D
-0.128	u_top/u_core/u_b/u_b_core/core/core/l5/mac/issue/out_window_reg[3560]/C	u_top/u_core/u_b/u_b_core/core/core/l5/mac/mac/out_lane[2].mult_lane[13].operand_pipe.act_q_reg[8]/D
-0.128	u_top/u_core/u_b/u_b_core/core/core/l5/mac/mac/tree_stage[6].valid_q_reg[7]/C	u_top/u_core/u_b/u_b_core/core/core/l5/mac/issue/out_window_reg[3260]/CE
-0.128	u_top/u_core/u_b/u_b_core/core/core/l5/mac/mac/tree_stage[6].valid_q_reg[7]/C	u_top/u_core/u_b/u_b_core/core/core/l5/mac/issue/out_window_reg[3261]/CE
-0.128	u_top/u_core/u_b/u_b_core/core/core/l5/mac/mac/tree_stage[6].valid_q_reg[7]/C	u_top/u_core/u_b/u_b_core/core/core/l5/mac/issue/out_window_reg[3262]/CE
-0.128	u_top/u_core/u_b/u_b_core/core/core/l5/mac/mac/tree_stage[6].valid_q_reg[7]/C	u_top/u_core/u_b/u_b_core/core/core/l5/mac/issue/out_window_reg[3263]/CE
-0.128	u_top/u_core/u_b/u_b_core/core/core/l5/gk.frontend/win/bank_gen[1].mem_reg_1/CLKARDCLK	u_top/u_core/u_b/u_b_core/core/core/l5/gk.frontend/win/shift_reg[14][65]/D
-0.128	u_top/u_core/u_b/u_b_core/core/core/l5/mac/issue/out_phase_reg[1]_rep__6/C	u_top/u_core/u_b/u_b_core/core/core/l5/mac/mac/out_lane[3].mult_lane[13].operand_pipe.act_q_reg[1]/D
-0.128	u_top/u_core/u_b/u_b_core/core/core/l5/mac/issue/out_phase_reg[1]_rep__1/C	u_top/u_core/u_b/u_b_core/core/core/l5/mac/mac/out_lane[1].mult_lane[19].operand_pipe.weight_q_reg[6]/D
-0.128	u_top/u_core/u_b/u_b_core/core/core/l5/mac/mac/tree_stage[6].valid_q_reg[7]/C	u_top/u_core/u_b/u_b_core/core/core/l5/mac/issue/out_window_reg[3072]/CE
-0.128	u_top/u_core/u_b/u_b_core/core/core/l5/mac/mac/tree_stage[6].valid_q_reg[7]/C	u_top/u_core/u_b/u_b_core/core/core/l5/mac/issue/out_window_reg[3073]/CE
-0.128	u_top/u_core/u_b/u_b_core/core/core/l5/mac/mac/tree_stage[6].valid_q_reg[7]/C	u_top/u_core/u_b/u_b_core/core/core/l5/mac/issue/out_window_reg[3074]/CE
-0.128	u_top/u_core/u_b/u_b_core/core/core/l5/mac/mac/tree_stage[6].valid_q_reg[7]/C	u_top/u_core/u_b/u_b_core/core/core/l5/mac/issue/out_window_reg[3075]/CE
-0.128	u_top/u_core/u_b/u_b_core/core/core/l5/mac/mac/tree_stage[6].valid_q_reg[7]/C	u_top/u_core/u_b/u_b_core/core/core/l5/mac/issue/out_window_reg[3076]/CE
-0.128	u_top/u_core/u_b/u_b_core/core/core/l5/mac/mac/tree_stage[6].valid_q_reg[7]/C	u_top/u_core/u_b/u_b_core/core/core/l5/mac/issue/out_window_reg[3077]/CE
-0.127	u_top/u_core/u_b/u_b_core/core/core/l5/mac/issue/out_window_reg[1499]/C	u_top/u_core/u_b/u_b_core/core/core/l5/mac/mac/out_lane[1].mult_lane[30].operand_pipe.act_q_reg[11]/D
-0.127	u_top/u_core/u_b/u_b_core/core/core/shuffle/busy_reg/C	u_top/u_core/u_b/u_b_core/core/core/l5/gk.frontend/win/shift_reg[0][120]/R
-0.127	u_top/u_core/u_b/u_b_core/core/core/shuffle/busy_reg/C	u_top/u_core/u_b/u_b_core/core/core/l5/gk.frontend/win/shift_reg[0][217]/R
-0.127	u_top/u_core/u_b/u_b_core/core/core/shuffle/busy_reg/C	u_top/u_core/u_b/u_b_core/core/core/l5/gk.frontend/win/shift_reg[0][248]/R
-0.127	u_top/u_core/u_b/u_b_core/core/core/shuffle/busy_reg/C	u_top/u_core/u_b/u_b_core/core/core/l5/gk.frontend/win/shift_reg[0][250]/R
-0.127	u_top/u_core/u_b/u_b_core/core/core/shuffle/busy_reg/C	u_top/u_core/u_b/u_b_core/core/core/l5/gk.frontend/win/shift_reg[0][5]/R
-0.127	u_top/u_core/u_b/u_b_core/core/core/shuffle/busy_reg/C	u_top/u_core/u_b/u_b_core/core/core/l5/gk.frontend/win/shift_reg[18][127]/R
-0.127	u_top/u_core/u_b/u_b_core/core/core/shuffle/busy_reg/C	u_top/u_core/u_b/u_b_core/core/core/l5/gk.frontend/win/shift_reg[1][120]/R
-0.127	u_top/u_core/u_b/u_b_core/core/core/shuffle/busy_reg/C	u_top/u_core/u_b/u_b_core/core/core/l5/gk.frontend/win/shift_reg[1][84]/R
-0.127	u_top/u_core/u_b/u_b_core/core/core/l4/post/occupied_reg[0]/C	u_top/u_core/u_b/u_b_core/core/core/f34/g_narrow_read.mem_reg_0_31_120_125/RAMA/WE
-0.127	u_top/u_core/u_b/u_b_core/core/core/l4/post/occupied_reg[0]/C	u_top/u_core/u_b/u_b_core/core/core/f34/g_narrow_read.mem_reg_0_31_120_125/RAMA_D1/WE
-0.127	u_top/u_core/u_b/u_b_core/core/core/l4/post/occupied_reg[0]/C	u_top/u_core/u_b/u_b_core/core/core/f34/g_narrow_read.mem_reg_0_31_120_125/RAMB/WE
-0.127	u_top/u_core/u_b/u_b_core/core/core/l4/post/occupied_reg[0]/C	u_top/u_core/u_b/u_b_core/core/core/f34/g_narrow_read.mem_reg_0_31_120_125/RAMB_D1/WE
-0.127	u_top/u_core/u_b/u_b_core/core/core/l4/post/occupied_reg[0]/C	u_top/u_core/u_b/u_b_core/core/core/f34/g_narrow_read.mem_reg_0_31_120_125/RAMC/WE
-0.127	u_top/u_core/u_b/u_b_core/core/core/l4/post/occupied_reg[0]/C	u_top/u_core/u_b/u_b_core/core/core/f34/g_narrow_read.mem_reg_0_31_120_125/RAMC_D1/WE
-0.127	u_top/u_core/u_b/u_b_core/core/core/l4/post/occupied_reg[0]/C	u_top/u_core/u_b/u_b_core/core/core/f34/g_narrow_read.mem_reg_0_31_120_125/RAMD/WE
-0.127	u_top/u_core/u_b/u_b_core/core/core/l4/post/occupied_reg[0]/C	u_top/u_core/u_b/u_b_core/core/core/f34/g_narrow_read.mem_reg_0_31_120_125/RAMD_D1/WE
-0.127	u_top/u_core/u_b/u_b_core/core/core/l5/gk.frontend/win/bank_gen[3].mem_reg_6/CLKARDCLK	u_top/u_core/u_b/u_b_core/core/core/l5/gk.frontend/win/shift_reg[14][233]/D
-0.127	u_top/u_core/u_b/u_b_core/core/core/l5/gk.frontend/win/col_reg[8]/C	u_top/u_core/u_b/u_b_core/core/core/l5/gk.frontend/win/bank_gen[1].mem_reg_1/ADDRARDADDR[13]
-0.127	u_top/u_core/u_b/u_b_core/core/core/l5/mac/issue/out_phase_reg[2]_rep__4/C	u_top/u_core/u_b/u_b_core/core/core/l5/mac/mac/out_lane[2].mult_lane[21].operand_pipe.weight_q_reg[4]/D
-0.127	u_top/u_core/u_b/u_b_core/core/core/l5/mac/issue/out_phase_reg[2]_rep__5/C	u_top/u_core/u_b/u_b_core/core/core/l5/mac/mac/out_lane[2].mult_lane[31].operand_pipe.weight_q_reg[3]/S
-0.127	u_top/u_core/u_b/u_b_core/core/core/l5/mac/issue/out_phase_reg[1]_rep__6/C	u_top/u_core/u_b/u_b_core/core/core/l5/mac/mac/out_lane[2].mult_lane[23].operand_pipe.weight_q_reg[5]/D
-0.127	u_top/u_core/u_b/u_b_core/core/core/f45/g_narrow_read.rd_ptr_local_reg[3]/C	u_top/u_core/u_b/u_b_core/core/core/l5/gk.frontend/win/bank_gen[0].mem_reg_3/DIADI[22]
-0.126	u_top/u_core/u_b/u_b_core/core/core/f45/g_narrow_read.rd_ptr_local_reg[3]/C	u_top/u_core/u_b/u_b_core/core/core/l5/gk.frontend/win/bank_gen[0].mem_reg_2/DIADI[8]
-0.126	u_top/u_core/u_b/u_b_core/core/core/l5/mac/mac/tree_stage[3].valid_q_reg[4]/C	u_top/u_core/u_b/u_b_core/core/core/l5/mac/mac/tree_stage[3].channel[1].node[3].pair.sums_q_reg[3][1][3][0]/CE
-0.126	u_top/u_core/u_b/u_b_core/core/core/l5/mac/mac/tree_stage[3].valid_q_reg[4]/C	u_top/u_core/u_b/u_b_core/core/core/l5/mac/mac/tree_stage[3].channel[1].node[3].pair.sums_q_reg[3][1][3][1]/CE
-0.126	u_top/u_core/u_b/u_b_core/core/core/l5/mac/mac/tree_stage[3].valid_q_reg[4]/C	u_top/u_core/u_b/u_b_core/core/core/l5/mac/mac/tree_stage[3].channel[1].node[3].pair.sums_q_reg[3][1][3][2]/CE
-0.126	u_top/u_core/u_b/u_b_core/core/core/l5/mac/mac/tree_stage[3].valid_q_reg[4]/C	u_top/u_core/u_b/u_b_core/core/core/l5/mac/mac/tree_stage[3].channel[1].node[3].pair.sums_q_reg[3][1][3][3]/CE
-0.126	u_top/u_core/u_b/u_b_core/core/core/l5/mac/issue/out_phase_reg[0]_rep__15/C	u_top/u_core/u_b/u_b_core/core/core/l5/mac/mac/out_lane[3].mult_lane[17].operand_pipe.weight_q_reg[6]/D
-0.126	u_top/u_core/u_b/u_b_core/core/core/l5/mac/issue/out_phase_reg[2]_rep/C	u_top/u_core/u_b/u_b_core/core/core/l5/mac/mac/out_lane[3].mult_lane[1].operand_pipe.weight_q_reg[6]/D
-0.125	u_top/u_core/u_pp/rd_ptr_q_reg[13]/C	u_top/u_core/u_pp/u_bank1/mem_reg_bram_25/ENBWREN
-0.125	u_top/u_core/u_b/u_b_core/core/core/f45/g_narrow_read.rd_ptr_local_reg[1]_replica_2/C	u_top/u_core/u_b/u_b_core/core/core/l5/gk.frontend/win/bank_gen[1].mem_reg_5/DIADI[2]
-0.125	u_top/u_core/u_b/u_b_core/core/core/l5/gk.frontend/win/shift_reg[0][126]/C	u_top/u_core/u_b/u_b_core/core/core/l5/gk.frontend/fifo/g_wide_read.g_read_slice[1].mem_slice_reg_0_3_60_63/RAMB/I
-0.125	u_top/u_core/u_b/u_b_core/core/core/l5/gk.frontend/win/row_mod_d_reg[1]_rep__1/C	u_top/u_core/u_b/u_b_core/core/core/l5/gk.frontend/win/shift_reg[9][214]/D
-0.125	u_top/u_core/u_b/u_b_core/core/core/l5/mac/issue/out_phase_reg[1]_rep__11/C	u_top/u_core/u_b/u_b_core/core/core/l5/mac/mac/out_lane[3].mult_lane[36].operand_pipe.act_q_reg[7]/D
-0.125	u_top/u_core/u_b/u_b_core/core/core/f45/g_narrow_read.rd_ptr_local_reg[4]/C	u_top/u_core/u_b/u_b_core/core/core/l5/gk.frontend/win/bank_gen[1].mem_reg_1/DIADI[23]
-0.125	u_top/u_core/u_b/u_b_core/core/core/shuffle/busy_reg/C	u_top/u_core/u_b/u_b_core/core/core/l5/gk.frontend/win/shift_reg[16][95]/R
-0.125	u_top/u_core/u_b/u_b_core/core/core/shuffle/busy_reg/C	u_top/u_core/u_b/u_b_core/core/core/l5/gk.frontend/win/shift_reg[22][54]/R
-0.125	u_top/u_core/u_b/u_b_core/core/core/shuffle/busy_reg/C	u_top/u_core/u_b/u_b_core/core/core/l5/gk.frontend/win/shift_reg[23][104]/R
-0.125	u_top/u_core/u_b/u_b_core/core/core/shuffle/busy_reg/C	u_top/u_core/u_b/u_b_core/core/core/l5/gk.frontend/win/shift_reg[23][113]/R
-0.125	u_top/u_core/u_b/u_b_core/core/core/shuffle/busy_reg/C	u_top/u_core/u_b/u_b_core/core/core/l5/gk.frontend/win/shift_reg[23][140]/R
-0.125	u_top/u_core/u_b/u_b_core/core/core/shuffle/busy_reg/C	u_top/u_core/u_b/u_b_core/core/core/l5/gk.frontend/win/shift_reg[23][226]/R
-0.125	u_top/u_core/u_b/u_b_core/core/core/shuffle/busy_reg/C	u_top/u_core/u_b/u_b_core/core/core/l5/gk.frontend/win/shift_reg[23][243]/R
-0.125	u_top/u_core/u_b/u_b_core/core/core/shuffle/busy_reg/C	u_top/u_core/u_b/u_b_core/core/core/l5/gk.frontend/win/shift_reg[23][245]/R
-0.125	u_top/u_core/u_b/u_b_core/core/core/l5/mac/issue/out_phase_reg[2]_rep__1/C	u_top/u_core/u_b/u_b_core/core/core/l5/mac/mac/out_lane[1].mult_lane[20].operand_pipe.act_q_reg[5]/D
-0.125	u_top/u_core/u_b/u_b_core/core/core/l4/post/read_slot_reg/C	u_top/u_core/u_b/u_b_core/core/core/f45/g_narrow_read.mem_reg_0_31_144_149/RAMA_D1/I
-0.124	u_top/u_core/u_b/u_b_core/core/core/l5/mac/issue/out_phase_reg[1]_rep__12/C	u_top/u_core/u_b/u_b_core/core/core/l5/mac/mac/out_lane[1].mult_lane[39].operand_pipe.act_q_reg[10]/D
-0.124	u_top/u_core/u_b/u_b_core/core/core/shuffle/busy_reg/C	u_top/u_core/u_b/u_b_core/core/core/l5/gk.frontend/win/shift_reg[15][201]/R
-0.124	u_top/u_core/u_b/u_b_core/core/core/l5/mac/issue/out_phase_reg[1]_rep__5/C	u_top/u_core/u_b/u_b_core/core/core/l5/mac/mac/out_lane[1].mult_lane[49].operand_pipe.act_q_reg[4]/D
-0.124	u_top/u_core/u_b/u_b_core/core/core/l5/mac/issue/out_phase_reg[0]_rep__6/C	u_top/u_core/u_b/u_b_core/core/core/l5/mac/mac/out_lane[3].mult_lane[15].operand_pipe.act_q_reg[6]/D
-0.124	u_top/u_core/u_b/u_b_core/core/core/shuffle/busy_reg/C	u_top/u_core/u_b/u_b_core/core/core/l5/gk.frontend/win/shift_reg[11][123]/R
-0.124	u_top/u_core/u_b/u_b_core/core/core/shuffle/busy_reg/C	u_top/u_core/u_b/u_b_core/core/core/l5/gk.frontend/win/shift_reg[23][155]/R
-0.124	u_top/u_core/u_b/u_b_core/core/core/shuffle/busy_reg/C	u_top/u_core/u_b/u_b_core/core/core/l5/gk.frontend/win/shift_reg[23][160]/R
-0.124	u_top/u_core/u_b/u_b_core/core/core/shuffle/busy_reg/C	u_top/u_core/u_b/u_b_core/core/core/l5/gk.frontend/win/shift_reg[23][183]/R
-0.124	u_top/u_core/u_b/u_b_core/core/core/shuffle/busy_reg/C	u_top/u_core/u_b/u_b_core/core/core/l5/gk.frontend/win/shift_reg[23][210]/R
-0.124	u_top/u_core/u_b/u_b_core/core/core/shuffle/busy_reg/C	u_top/u_core/u_b/u_b_core/core/core/l5/gk.frontend/win/shift_reg[23][217]/R
-0.124	u_top/u_core/u_b/u_b_core/core/core/shuffle/busy_reg/C	u_top/u_core/u_b/u_b_core/core/core/l5/gk.frontend/win/shift_reg[23][218]/R
-0.124	u_top/u_core/u_b/u_b_core/core/core/shuffle/busy_reg/C	u_top/u_core/u_b/u_b_core/core/core/l5/gk.frontend/win/shift_reg[23][39]/R
-0.124	u_top/u_core/u_b/u_b_core/core/core/l5/mac/mac/tree_stage[6].valid_q_reg[7]/C	u_top/u_core/u_b/u_b_core/core/core/l5/mac/issue/out_window_reg[3632]/CE
-0.124	u_top/u_core/u_b/u_b_core/core/core/l5/mac/mac/tree_stage[6].valid_q_reg[7]/C	u_top/u_core/u_b/u_b_core/core/core/l5/mac/issue/out_window_reg[3633]/CE
-0.124	u_top/u_core/u_b/u_b_core/core/core/l5/mac/mac/tree_stage[6].valid_q_reg[7]/C	u_top/u_core/u_b/u_b_core/core/core/l5/mac/issue/out_window_reg[3634]/CE
-0.124	u_top/u_core/u_b/u_b_core/core/core/l5/mac/mac/tree_stage[6].valid_q_reg[7]/C	u_top/u_core/u_b/u_b_core/core/core/l5/mac/issue/out_window_reg[3635]/CE
-0.124	u_top/u_core/u_b/u_b_core/core/core/l5/mac/mac/tree_stage[6].valid_q_reg[7]/C	u_top/u_core/u_b/u_b_core/core/core/l5/mac/issue/out_window_reg[3636]/CE
-0.124	u_top/u_core/u_b/u_b_core/core/core/l5/mac/mac/tree_stage[6].valid_q_reg[7]/C	u_top/u_core/u_b/u_b_core/core/core/l5/mac/issue/out_window_reg[3637]/CE
-0.124	u_top/u_core/u_b/u_b_core/core/core/l5/mac/issue/out_phase_reg[1]_rep__3/C	u_top/u_core/u_b/u_b_core/core/core/l5/mac/mac/out_lane[0].mult_lane[26].operand_pipe.act_q_reg[11]/D
-0.124	u_top/u_core/u_b/u_b_core/core/core/l5/mac/issue/out_phase_reg[1]_rep/C	u_top/u_core/u_b/u_b_core/core/core/l5/mac/mac/out_lane[0].mult_lane[19].operand_pipe.weight_q_reg[4]/D
-0.124	u_top/u_core/u_b/u_b_core/core/core/l5/mac/issue/out_phase_reg[1]_rep__3/C	u_top/u_core/u_b/u_b_core/core/core/l5/mac/mac/out_lane[1].mult_lane[26].operand_pipe.act_q_reg[10]/D
-0.124	u_top/u_core/u_b/u_b_core/core/core/l5/mac/issue/out_phase_reg[0]_rep__6/C	u_top/u_core/u_b/u_b_core/core/core/l5/mac/mac/out_lane[0].mult_lane[38].operand_pipe.act_q_reg[15]/D
-0.124	u_top/u_core/u_b/u_b_core/core/core/l5/mac/issue/out_phase_reg[0]_rep__11/C	u_top/u_core/u_b/u_b_core/core/core/l5/mac/mac/out_lane[0].mult_lane[23].operand_pipe.act_q_reg[7]/D
-0.123	u_top/u_core/u_b/u_b_core/core/core/l5/mac/issue/out_phase_reg[1]_rep__12/C	u_top/u_core/u_b/u_b_core/core/core/l5/mac/mac/out_lane[2].mult_lane[46].operand_pipe.act_q_reg[11]/D
-0.123	u_top/u_core/u_b/u_b_core/core/core/l5/mac/mac/tree_stage[6].valid_q_reg[7]/C	u_top/u_core/u_b/u_b_core/core/core/l5/mac/issue/out_window_reg[2840]/CE
-0.123	u_top/u_core/u_b/u_b_core/core/core/l5/mac/mac/tree_stage[6].valid_q_reg[7]/C	u_top/u_core/u_b/u_b_core/core/core/l5/mac/issue/out_window_reg[2841]/CE
-0.123	u_top/u_core/u_b/u_b_core/core/core/l5/mac/mac/tree_stage[6].valid_q_reg[7]/C	u_top/u_core/u_b/u_b_core/core/core/l5/mac/issue/out_window_reg[2842]/CE
-0.123	u_top/u_core/u_b/u_b_core/core/core/l5/mac/mac/tree_stage[6].valid_q_reg[7]/C	u_top/u_core/u_b/u_b_core/core/core/l5/mac/issue/out_window_reg[2843]/CE
-0.123	u_top/u_core/u_b/u_b_core/core/core/l5/mac/mac/tree_stage[6].valid_q_reg[7]/C	u_top/u_core/u_b/u_b_core/core/core/l5/mac/issue/out_window_reg[2844]/CE
-0.123	u_top/u_core/u_b/u_b_core/core/core/l5/mac/mac/tree_stage[6].valid_q_reg[7]/C	u_top/u_core/u_b/u_b_core/core/core/l5/mac/issue/out_window_reg[2845]/CE
-0.123	u_top/u_core/u_b/u_b_core/core/core/l5/gk.frontend/fifo/g_wide_read.g_read_slice[71].rd_ptr_local_reg[1]/C	u_top/u_core/u_b/u_b_core/core/core/l5/mac/issue/out_window_reg[4546]/D
-0.123	u_top/u_core/u_b/u_b_core/core/core/l5/mac/issue/out_phase_reg[0]_rep__10/C	u_top/u_core/u_b/u_b_core/core/core/l5/mac/mac/out_lane[1].mult_lane[21].operand_pipe.act_q_reg[12]/D
-0.123	u_top/u_core/u_b/u_b_core/core/core/l5/mac/issue/out_phase_reg[1]_rep/C	u_top/u_core/u_b/u_b_core/core/core/l5/mac/mac/out_lane[1].mult_lane[28].operand_pipe.weight_q_reg[1]/D
-0.123	u_top/u_core/u_b/u_b_core/core/core/l5/mac/issue/out_phase_reg[2]_rep__8/C	u_top/u_core/u_b/u_b_core/core/core/l5/mac/mac/out_lane[0].mult_lane[35].operand_pipe.act_q_reg[10]/D
-0.123	u_top/u_core/u_b/u_b_core/core/core/l5/mac/mac/tree_stage[6].valid_q_reg[7]/C	u_top/u_core/u_b/u_b_core/core/core/l5/mac/issue/out_window_reg[1200]/CE
-0.123	u_top/u_core/u_b/u_b_core/core/core/l5/mac/mac/tree_stage[6].valid_q_reg[7]/C	u_top/u_core/u_b/u_b_core/core/core/l5/mac/issue/out_window_reg[1201]/CE
-0.123	u_top/u_core/u_b/u_b_core/core/core/l5/mac/mac/tree_stage[6].valid_q_reg[7]/C	u_top/u_core/u_b/u_b_core/core/core/l5/mac/issue/out_window_reg[1202]/CE
-0.123	u_top/u_core/u_b/u_b_core/core/core/l5/mac/mac/tree_stage[6].valid_q_reg[7]/C	u_top/u_core/u_b/u_b_core/core/core/l5/mac/issue/out_window_reg[1203]/CE
-0.123	u_top/u_core/u_b/u_b_core/core/core/l5/mac/mac/tree_stage[6].valid_q_reg[7]/C	u_top/u_core/u_b/u_b_core/core/core/l5/mac/issue/out_window_reg[1204]/CE
-0.123	u_top/u_core/u_b/u_b_core/core/core/l5/mac/mac/tree_stage[6].valid_q_reg[7]/C	u_top/u_core/u_b/u_b_core/core/core/l5/mac/issue/out_window_reg[1205]/CE
-0.123	u_top/u_core/u_b/u_b_core/core/core/l5/gk.frontend/fifo/g_wide_read.g_read_slice[53].rd_ptr_local_reg[1]/C	u_top/u_core/u_b/u_b_core/core/core/l5/mac/issue/out_window_reg[3393]/D
-0.123	u_top/u_core/u_b/u_b_core/core/core/l5/gk.frontend/win/bank_gen[3].mem_reg_0/CLKARDCLK	u_top/u_core/u_b/u_b_core/core/core/l5/gk.frontend/win/shift_reg[19][26]/D
-0.123	u_top/u_core/u_b/u_b_core/core/core/shuffle/busy_reg/C	u_top/u_core/u_b/u_b_core/core/core/l5/gk.frontend/win/shift_reg[10][162]/R
-0.123	u_top/u_core/u_b/u_b_core/core/core/shuffle/busy_reg/C	u_top/u_core/u_b/u_b_core/core/core/l5/gk.frontend/win/shift_reg[10][227]/R
-0.123	u_top/u_core/u_b/u_b_core/core/core/shuffle/busy_reg/C	u_top/u_core/u_b/u_b_core/core/core/l5/gk.frontend/win/shift_reg[10][33]/R
-0.123	u_top/u_core/u_b/u_b_core/core/core/shuffle/busy_reg/C	u_top/u_core/u_b/u_b_core/core/core/l5/gk.frontend/win/shift_reg[21][140]/R
-0.123	u_top/u_core/u_b/u_b_core/core/core/shuffle/busy_reg/C	u_top/u_core/u_b/u_b_core/core/core/l5/gk.frontend/win/shift_reg[21][147]/R
-0.123	u_top/u_core/u_b/u_b_core/core/core/shuffle/busy_reg/C	u_top/u_core/u_b/u_b_core/core/core/l5/gk.frontend/win/shift_reg[22][193]/R
-0.123	u_top/u_core/u_b/u_b_core/core/core/shuffle/busy_reg/C	u_top/u_core/u_b/u_b_core/core/core/l5/gk.frontend/win/shift_reg[23][34]/R
-0.123	u_top/u_core/u_b/u_b_core/core/core/l5/mac/mac/out_lane[1].mult_lane[2].operand_pipe.act_q_reg[15]/C	u_top/u_core/u_b/u_b_core/core/core/l5/mac/mac/out_lane[1].mult_lane[2].operand_pipe.sums_q_reg[0][1][2]/A[24]
-0.123	u_top/u_core/u_b/u_b_core/core/core/l5/mac/mac/out_lane[1].mult_lane[2].operand_pipe.act_q_reg[15]/C	u_top/u_core/u_b/u_b_core/core/core/l5/mac/mac/out_lane[1].mult_lane[2].operand_pipe.sums_q_reg[0][1][2]/A[25]
-0.123	u_top/u_core/u_b/u_b_core/core/core/l5/mac/mac/out_lane[1].mult_lane[2].operand_pipe.act_q_reg[15]/C	u_top/u_core/u_b/u_b_core/core/core/l5/mac/mac/out_lane[1].mult_lane[2].operand_pipe.sums_q_reg[0][1][2]/A[26]
-0.123	u_top/u_core/u_b/u_b_core/core/core/l5/mac/issue/out_phase_reg[0]_rep__2_replica/C	u_top/u_core/u_b/u_b_core/core/core/l5/mac/mac/out_lane[1].mult_lane[6].operand_pipe.act_q_reg[13]/D
-0.122	u_top/u_core/u_b/u_b_core/core/core/l5/mac/mac/tree_stage[6].valid_q_reg[7]/C	u_top/u_core/u_b/u_b_core/core/core/l5/mac/mac/tree_stage[1].channel[0].node[3].pair.sums_q_reg[1][0][3][0]/CE
-0.122	u_top/u_core/u_b/u_b_core/core/core/l5/mac/mac/tree_stage[6].valid_q_reg[7]/C	u_top/u_core/u_b/u_b_core/core/core/l5/mac/mac/tree_stage[1].channel[0].node[3].pair.sums_q_reg[1][0][3][1]/CE
-0.122	u_top/u_core/u_b/u_b_core/core/core/l5/mac/mac/tree_stage[6].valid_q_reg[7]/C	u_top/u_core/u_b/u_b_core/core/core/l5/mac/mac/tree_stage[1].channel[0].node[3].pair.sums_q_reg[1][0][3][2]/CE
-0.122	u_top/u_core/u_b/u_b_core/core/core/l5/mac/mac/tree_stage[6].valid_q_reg[7]/C	u_top/u_core/u_b/u_b_core/core/core/l5/mac/mac/tree_stage[1].channel[0].node[3].pair.sums_q_reg[1][0][3][3]/CE
-0.122	u_top/u_core/u_b/u_b_core/core/core/l5/mac/issue/out_phase_reg[0]_rep__10/C	u_top/u_core/u_b/u_b_core/core/core/l5/mac/mac/out_lane[2].mult_lane[21].operand_pipe.act_q_reg[15]/D
-0.122	u_top/u_core/u_b/u_b_core/core/core/l5/mac/issue/out_phase_reg[1]_rep__9/C	u_top/u_core/u_b/u_b_core/core/core/l5/mac/mac/out_lane[0].mult_lane[33].operand_pipe.act_q_reg[6]/D
-0.122	u_top/u_core/u_b/u_b_core/core/core/l5/gk.frontend/win/bank_gen[1].mem_reg_0/CLKARDCLK	u_top/u_core/u_b/u_b_core/core/core/l5/gk.frontend/win/shift_reg[19][1]/D
-0.122	u_top/u_core/u_b/u_b_core/core/core/l5/mac/issue/out_phase_reg[0]_rep__15/C	u_top/u_core/u_b/u_b_core/core/core/l5/mac/mac/out_lane[1].mult_lane[21].operand_pipe.weight_q_reg[1]/D
-0.122	u_top/u_core/u_b/u_b_core/core/core/l5/mac/issue/out_phase_reg[1]_rep__3/C	u_top/u_core/u_b/u_b_core/core/core/l5/mac/mac/out_lane[2].mult_lane[26].operand_pipe.act_q_reg[10]/D
-0.122	u_top/u_core/u_b/u_b_core/core/core/l5/mac/issue/out_window_reg[1285]/C	u_top/u_core/u_b/u_b_core/core/core/l5/mac/mac/out_lane[2].mult_lane[5].operand_pipe.act_q_reg[5]/D
-0.122	u_top/u_core/u_b/u_b_core/core/core/f45/g_narrow_read.rd_ptr_local_reg[1]_replica_1/C	u_top/u_core/u_b/u_b_core/core/core/l5/gk.frontend/win/bank_gen[0].mem_reg_4/DIADI[0]
-0.121	u_top/u_core/u_b/u_b_core/core/core/l5/mac/mac/tree_stage[6].valid_q_reg[7]/C	u_top/u_core/u_b/u_b_core/core/core/l5/mac/mac/out_lane[1].mult_lane[18].operand_pipe.weight_q_reg[2]/CE
-0.121	u_top/u_core/u_b/u_b_core/core/core/l5/mac/mac/tree_stage[6].valid_q_reg[7]/C	u_top/u_core/u_b/u_b_core/core/core/l5/mac/mac/out_lane[1].mult_lane[18].operand_pipe.weight_q_reg[3]/CE
-0.121	u_top/u_core/u_b/u_b_core/core/core/l5/mac/mac/tree_stage[6].valid_q_reg[7]/C	u_top/u_core/u_b/u_b_core/core/core/l5/mac/mac/out_lane[2].mult_lane[19].operand_pipe.act_q_reg[3]/CE
-0.121	u_top/u_core/u_b/u_b_core/core/core/l5/mac/mac/tree_stage[6].valid_q_reg[7]/C	u_top/u_core/u_b/u_b_core/core/core/l5/mac/mac/out_lane[2].mult_lane[21].operand_pipe.weight_q_reg[0]/CE
-0.121	u_top/u_core/u_b/u_b_core/core/core/shuffle/busy_reg/C	u_top/u_core/u_b/u_b_core/core/core/l5/gk.frontend/win/shift_reg[10][15]/R
-0.121	u_top/u_core/u_b/u_b_core/core/core/shuffle/busy_reg/C	u_top/u_core/u_b/u_b_core/core/core/l5/gk.frontend/win/shift_reg[10][208]/R
-0.121	u_top/u_core/u_b/u_b_core/core/core/shuffle/busy_reg/C	u_top/u_core/u_b/u_b_core/core/core/l5/gk.frontend/win/shift_reg[10][44]/R
-0.121	u_top/u_core/u_b/u_b_core/core/core/shuffle/busy_reg/C	u_top/u_core/u_b/u_b_core/core/core/l5/gk.frontend/win/shift_reg[10][45]/R
-0.121	u_top/u_core/u_b/u_b_core/core/core/l5/mac/issue/out_phase_reg[2]_rep__8/C	u_top/u_core/u_b/u_b_core/core/core/l5/mac/mac/out_lane[0].mult_lane[35].operand_pipe.act_q_reg[13]/D
-0.121	u_top/u_core/u_b/u_b_core/core/core/l4/post/read_slot_reg/C	u_top/u_core/u_b/u_b_core/core/core/f45/g_narrow_read.mem_reg_0_31_156_161/RAMA_D1/I
-0.121	u_top/u_core/u_b/u_b_core/core/core/l5/gk.frontend/win/col_reg[5]/C	u_top/u_core/u_b/u_b_core/core/core/l5/gk.frontend/win/bank_gen[2].mem_reg_6/ADDRARDADDR[10]
-0.121	u_top/u_core/u_b/u_b_core/core/core/l5/mac/issue/out_phase_reg[1]_rep__11/C	u_top/u_core/u_b/u_b_core/core/core/l5/mac/mac/out_lane[2].mult_lane[40].operand_pipe.act_q_reg[7]/D
-0.120	u_top/u_core/u_b/u_b_core/core/core/l5/mac/issue/out_phase_reg[2]_rep__8/C	u_top/u_core/u_b/u_b_core/core/core/l5/mac/mac/out_lane[2].mult_lane[34].operand_pipe.weight_q_reg[2]/S
-0.120	u_top/u_core/u_b/u_b_core/core/core/l5/mac/mac/tree_stage[6].valid_q_reg[7]/C	u_top/u_core/u_b/u_b_core/core/core/l5/mac/issue/out_window_reg[1566]/CE
-0.120	u_top/u_core/u_b/u_b_core/core/core/l5/mac/mac/tree_stage[6].valid_q_reg[7]/C	u_top/u_core/u_b/u_b_core/core/core/l5/mac/issue/out_window_reg[1567]/CE
-0.120	u_top/u_core/u_b/u_b_core/core/core/l5/mac/mac/tree_stage[6].valid_q_reg[7]/C	u_top/u_core/u_b/u_b_core/core/core/l5/mac/issue/out_window_reg[1568]/CE
-0.120	u_top/u_core/u_b/u_b_core/core/core/l5/mac/mac/tree_stage[6].valid_q_reg[7]/C	u_top/u_core/u_b/u_b_core/core/core/l5/mac/issue/out_window_reg[1569]/CE
-0.120	u_top/u_core/u_b/u_b_core/core/core/l5/mac/mac/tree_stage[6].valid_q_reg[7]/C	u_top/u_core/u_b/u_b_core/core/core/l5/mac/issue/out_window_reg[1570]/CE
-0.120	u_top/u_core/u_b/u_b_core/core/core/l5/mac/mac/tree_stage[6].valid_q_reg[7]/C	u_top/u_core/u_b/u_b_core/core/core/l5/mac/issue/out_window_reg[1571]/CE
-0.120	u_top/u_core/u_b/u_b_core/core/core/l5/mac/issue/out_phase_reg[1]_rep__5/C	u_top/u_core/u_b/u_b_core/core/core/l5/mac/mac/out_lane[0].mult_lane[49].operand_pipe.act_q_reg[9]/D
-0.120	u_top/u_core/u_b/u_b_core/core/core/l5/mac/issue/out_phase_reg[1]_rep__2/C	u_top/u_core/u_b/u_b_core/core/core/l5/mac/mac/out_lane[2].mult_lane[1].operand_pipe.act_q_reg[1]/D
-0.120	u_top/u_core/u_b/u_b_core/core/core/l5/mac/mac/tree_stage[6].valid_q_reg[7]/C	u_top/u_core/u_b/u_b_core/core/core/l5/gk.frontend/fifo/g_wide_read.g_read_slice[14].rd_ptr_local_reg[0]/R
-0.120	u_top/u_core/u_b/u_b_core/core/core/l5/mac/mac/tree_stage[6].valid_q_reg[7]/C	u_top/u_core/u_b/u_b_core/core/core/l5/gk.frontend/fifo/g_wide_read.g_read_slice[14].rd_ptr_local_reg[1]/R
-0.120	u_top/u_core/u_b/u_b_core/core/core/l5/mac/issue/out_phase_reg[2]_rep__6/C	u_top/u_core/u_b/u_b_core/core/core/l5/mac/mac/out_lane[3].mult_lane[38].operand_pipe.weight_q_reg[1]/D
-0.120	u_top/u_core/u_b/u_b_core/core/core/l5/mac/mac/tree_stage[6].valid_q_reg[7]/C	u_top/u_core/u_b/u_b_core/core/core/l5/mac/issue/out_window_reg[3166]/CE
-0.120	u_top/u_core/u_b/u_b_core/core/core/l5/mac/mac/tree_stage[6].valid_q_reg[7]/C	u_top/u_core/u_b/u_b_core/core/core/l5/mac/issue/out_window_reg[3167]/CE
-0.120	u_top/u_core/u_b/u_b_core/core/core/l5/mac/mac/tree_stage[6].valid_q_reg[7]/C	u_top/u_core/u_b/u_b_core/core/core/l5/mac/issue/out_window_reg[3168]/CE
-0.120	u_top/u_core/u_b/u_b_core/core/core/l5/mac/mac/tree_stage[6].valid_q_reg[7]/C	u_top/u_core/u_b/u_b_core/core/core/l5/mac/issue/out_window_reg[3169]/CE
-0.120	u_top/u_core/u_b/u_b_core/core/core/l5/mac/mac/tree_stage[6].valid_q_reg[7]/C	u_top/u_core/u_b/u_b_core/core/core/l5/mac/issue/out_window_reg[3170]/CE
-0.120	u_top/u_core/u_b/u_b_core/core/core/l5/mac/mac/tree_stage[6].valid_q_reg[7]/C	u_top/u_core/u_b/u_b_core/core/core/l5/mac/issue/out_window_reg[3171]/CE
-0.120	u_top/u_core/u_b/u_b_core/core/core/l5/gk.frontend/win/bank_gen[1].mem_reg_0/CLKARDCLK	u_top/u_core/u_b/u_b_core/core/core/l5/gk.frontend/win/shift_reg[4][22]/D
-0.119	u_top/u_core/u_b/u_b_core/core/core/l5/gk.frontend/win/bank_gen[1].mem_reg_3/CLKARDCLK	u_top/u_core/u_b/u_b_core/core/core/l5/gk.frontend/win/shift_reg[19][110]/D
-0.119	u_top/u_core/u_b/u_b_core/core/core/l5/gk.frontend/win/bank_gen[1].mem_reg_6/CLKARDCLK	u_top/u_core/u_b/u_b_core/core/core/l5/gk.frontend/win/shift_reg[9][230]/D
-0.119	u_top/u_core/u_b/u_b_core/core/core/l5/mac/issue/out_phase_reg[2]_rep__1/C	u_top/u_core/u_b/u_b_core/core/core/l5/mac/mac/out_lane[2].mult_lane[15].operand_pipe.weight_q_reg[6]/D
-0.119	u_top/u_core/u_b/u_b_core/core/core/l5/mac/issue/out_phase_reg[1]_rep__2/C	u_top/u_core/u_b/u_b_core/core/core/l5/mac/mac/out_lane[1].mult_lane[26].operand_pipe.act_q_reg[3]/D
-0.119	u_top/u_core/u_b/u_b_core/core/core/l5/mac/issue/out_phase_reg[1]_rep__6/C	u_top/u_core/u_b/u_b_core/core/core/l5/mac/mac/out_lane[1].mult_lane[13].operand_pipe.act_q_reg[9]/D
-0.119	u_top/u_core/u_b/u_b_core/core/core/l5/mac/mac/tree_stage[6].valid_q_reg[7]/C	u_top/u_core/u_b/u_b_core/core/core/l5/mac/issue/out_window_reg[2986]/CE
-0.119	u_top/u_core/u_b/u_b_core/core/core/l5/mac/mac/tree_stage[6].valid_q_reg[7]/C	u_top/u_core/u_b/u_b_core/core/core/l5/mac/issue/out_window_reg[2987]/CE
-0.119	u_top/u_core/u_b/u_b_core/core/core/l5/mac/mac/tree_stage[6].valid_q_reg[7]/C	u_top/u_core/u_b/u_b_core/core/core/l5/mac/issue/out_window_reg[2988]/CE
-0.119	u_top/u_core/u_b/u_b_core/core/core/l5/mac/mac/tree_stage[6].valid_q_reg[7]/C	u_top/u_core/u_b/u_b_core/core/core/l5/mac/issue/out_window_reg[2989]/CE
-0.119	u_top/u_core/u_b/u_b_core/core/core/l5/mac/mac/tree_stage[6].valid_q_reg[7]/C	u_top/u_core/u_b/u_b_core/core/core/l5/mac/issue/out_window_reg[2990]/CE
-0.119	u_top/u_core/u_b/u_b_core/core/core/l5/mac/mac/tree_stage[6].valid_q_reg[7]/C	u_top/u_core/u_b/u_b_core/core/core/l5/mac/issue/out_window_reg[2991]/CE
-0.119	u_top/u_core/u_b/u_b_core/core/core/l5/gk.frontend/win/bank_gen[0].mem_reg_3/CLKARDCLK	u_top/u_core/u_b/u_b_core/core/core/l5/gk.frontend/win/shift_reg[4][133]/D
-0.119	u_top/u_core/u_b/u_b_core/core/core/l5/mac/issue/out_phase_reg[2]_rep__6/C	u_top/u_core/u_b/u_b_core/core/core/l5/mac/mac/out_lane[0].mult_lane[48].operand_pipe.act_q_reg[3]/D
-0.119	u_top/u_core/u_b/u_b_core/core/core/shuffle/busy_reg/C	u_top/u_core/u_b/u_b_core/core/core/l5/gk.frontend/win/shift_reg[16][34]/R
-0.119	u_top/u_core/u_b/u_b_core/core/core/shuffle/busy_reg/C	u_top/u_core/u_b/u_b_core/core/core/l5/gk.frontend/win/shift_reg[20][55]/R
-0.119	u_top/u_core/u_b/u_b_core/core/core/l5/gk.frontend/fifo/wr_ptr_reg[0]_rep__5/C	u_top/u_core/u_b/u_b_core/core/core/l5/gk.frontend/fifo/g_wide_read.g_read_slice[6].mem_slice_reg_0_3_6_11/RAMA/WADR0
-0.119	u_top/u_core/u_b/u_b_core/core/core/l5/gk.frontend/fifo/wr_ptr_reg[0]_rep__5/C	u_top/u_core/u_b/u_b_core/core/core/l5/gk.frontend/fifo/g_wide_read.g_read_slice[6].mem_slice_reg_0_3_6_11/RAMA_D1/WADR0
-0.119	u_top/u_core/u_b/u_b_core/core/core/l5/gk.frontend/fifo/wr_ptr_reg[0]_rep__5/C	u_top/u_core/u_b/u_b_core/core/core/l5/gk.frontend/fifo/g_wide_read.g_read_slice[6].mem_slice_reg_0_3_6_11/RAMB/WADR0
-0.119	u_top/u_core/u_b/u_b_core/core/core/l5/gk.frontend/fifo/wr_ptr_reg[0]_rep__5/C	u_top/u_core/u_b/u_b_core/core/core/l5/gk.frontend/fifo/g_wide_read.g_read_slice[6].mem_slice_reg_0_3_6_11/RAMB_D1/WADR0
-0.119	u_top/u_core/u_b/u_b_core/core/core/l5/gk.frontend/fifo/wr_ptr_reg[0]_rep__5/C	u_top/u_core/u_b/u_b_core/core/core/l5/gk.frontend/fifo/g_wide_read.g_read_slice[6].mem_slice_reg_0_3_6_11/RAMC/WADR0
-0.119	u_top/u_core/u_b/u_b_core/core/core/l5/gk.frontend/fifo/wr_ptr_reg[0]_rep__5/C	u_top/u_core/u_b/u_b_core/core/core/l5/gk.frontend/fifo/g_wide_read.g_read_slice[6].mem_slice_reg_0_3_6_11/RAMC_D1/WADR0
-0.119	u_top/u_core/u_b/u_b_core/core/core/l5/gk.frontend/fifo/wr_ptr_reg[0]_rep__5/C	u_top/u_core/u_b/u_b_core/core/core/l5/gk.frontend/fifo/g_wide_read.g_read_slice[6].mem_slice_reg_0_3_6_11/RAMD/ADR0
-0.119	u_top/u_core/u_b/u_b_core/core/core/l5/gk.frontend/fifo/wr_ptr_reg[0]_rep__5/C	u_top/u_core/u_b/u_b_core/core/core/l5/gk.frontend/fifo/g_wide_read.g_read_slice[6].mem_slice_reg_0_3_6_11/RAMD_D1/ADR0
-0.118	u_top/u_core/u_b/u_b_core/core/core/l5/mac/mac/tree_stage[6].valid_q_reg[7]/C	u_top/u_core/u_b/u_b_core/core/core/l5/mac/mac/tree_stage[2].channel[2].node[6].pair.sums_q_reg[2][2][6][24]/CE
-0.118	u_top/u_core/u_b/u_b_core/core/core/l5/mac/mac/tree_stage[6].valid_q_reg[7]/C	u_top/u_core/u_b/u_b_core/core/core/l5/mac/mac/tree_stage[2].channel[2].node[6].pair.sums_q_reg[2][2][6][25]/CE
-0.118	u_top/u_core/u_b/u_b_core/core/core/l5/mac/mac/tree_stage[6].valid_q_reg[7]/C	u_top/u_core/u_b/u_b_core/core/core/l5/mac/mac/tree_stage[2].channel[2].node[6].pair.sums_q_reg[2][2][6][26]/CE
-0.118	u_top/u_core/u_b/u_b_core/core/core/l5/mac/mac/tree_stage[6].valid_q_reg[7]/C	u_top/u_core/u_b/u_b_core/core/core/l5/mac/mac/tree_stage[2].channel[2].node[6].pair.sums_q_reg[2][2][6][27]/CE
-0.118	u_top/u_core/u_b/u_b_core/core/core/l5/gk.frontend/fifo/g_wide_read.g_read_slice[89].rd_ptr_local_reg[0]/C	u_top/u_core/u_b/u_b_core/core/core/l5/mac/issue/out_window_reg[5730]/D
-0.118	u_top/u_core/u_b/u_b_core/core/core/l5/mac/mac/tree_stage[6].valid_q_reg[7]/C	u_top/u_core/u_b/u_b_core/core/core/l5/gk.frontend/fifo/g_wide_read.g_read_slice[4].rd_ptr_local_reg[0]/R
-0.118	u_top/u_core/u_b/u_b_core/core/core/l5/mac/mac/tree_stage[6].valid_q_reg[7]/C	u_top/u_core/u_b/u_b_core/core/core/l5/gk.frontend/fifo/g_wide_read.g_read_slice[4].rd_ptr_local_reg[1]/R
-0.118	u_top/u_core/u_b/u_b_core/core/core/l5/mac/issue/out_phase_reg[1]_rep__12/C	u_top/u_core/u_b/u_b_core/core/core/l5/mac/mac/out_lane[3].mult_lane[37].operand_pipe.act_q_reg[14]/D
-0.118	u_top/u_core/u_b/u_b_core/core/core/l5/mac/issue/out_window_reg[5504]/C	u_top/u_core/u_b/u_b_core/core/core/l5/mac/mac/out_lane[1].mult_lane[21].operand_pipe.act_q_reg[0]/D
-0.118	u_top/u_core/u_b/u_b_core/core/core/l5/mac/mac/tree_stage[6].valid_q_reg[7]/C	u_top/u_core/u_b/u_b_core/core/core/l5/mac/mac/out_lane[0].mult_lane[21].operand_pipe.weight_q_reg[3]/CE
-0.118	u_top/u_core/u_b/u_b_core/core/core/l5/mac/mac/tree_stage[6].valid_q_reg[7]/C	u_top/u_core/u_b/u_b_core/core/core/l5/mac/mac/out_lane[0].mult_lane[21].operand_pipe.weight_q_reg[4]/CE
-0.118	u_top/u_core/u_b/u_b_core/core/core/shuffle/busy_reg/C	u_top/u_core/u_b/u_b_core/core/core/l5/gk.frontend/win/shift_reg[15][131]/R
-0.118	u_top/u_core/u_b/u_b_core/core/core/shuffle/busy_reg/C	u_top/u_core/u_b/u_b_core/core/core/l5/gk.frontend/win/shift_reg[17][169]/R
-0.118	u_top/u_core/u_b/u_b_core/core/core/l5/mac/mac/tree_stage[6].valid_q_reg[7]/C	u_top/u_core/u_b/u_b_core/core/core/l5/mac/issue/out_window_reg[3492]/CE
-0.118	u_top/u_core/u_b/u_b_core/core/core/l5/mac/mac/tree_stage[6].valid_q_reg[7]/C	u_top/u_core/u_b/u_b_core/core/core/l5/mac/issue/out_window_reg[3493]/CE
-0.118	u_top/u_core/u_b/u_b_core/core/core/l5/mac/mac/tree_stage[6].valid_q_reg[7]/C	u_top/u_core/u_b/u_b_core/core/core/l5/mac/issue/out_window_reg[3494]/CE
-0.118	u_top/u_core/u_b/u_b_core/core/core/l5/mac/mac/tree_stage[6].valid_q_reg[7]/C	u_top/u_core/u_b/u_b_core/core/core/l5/mac/issue/out_window_reg[3495]/CE
-0.118	u_top/u_core/u_b/u_b_core/core/core/l5/mac/mac/tree_stage[6].valid_q_reg[7]/C	u_top/u_core/u_b/u_b_core/core/core/l5/mac/issue/out_window_reg[3496]/CE
-0.118	u_top/u_core/u_b/u_b_core/core/core/l5/mac/mac/tree_stage[6].valid_q_reg[7]/C	u_top/u_core/u_b/u_b_core/core/core/l5/mac/issue/out_window_reg[3497]/CE
-0.118	u_top/u_core/u_b/u_b_core/core/core/l5/gk.frontend/win/row_mod_d_reg[0]_rep__5/C	u_top/u_core/u_b/u_b_core/core/core/l5/gk.frontend/win/shift_reg[14][193]/D
-0.118	u_top/u_core/u_b/u_b_core/core/core/l5/gk.frontend/win/shift_reg[19][162]/C	u_top/u_core/u_b/u_b_core/core/core/l5/gk.frontend/fifo/g_wide_read.g_read_slice[78].mem_slice_reg_0_3_30_35/RAMC/I
-0.117	u_top/u_core/u_b/u_b_core/core/core/shuffle/busy_reg/C	u_top/u_core/u_b/u_b_core/core/core/l5/gk.frontend/win/shift_reg[2][113]/R
-0.117	u_top/u_core/u_b/u_b_core/core/core/shuffle/busy_reg/C	u_top/u_core/u_b/u_b_core/core/core/l5/gk.frontend/win/shift_reg[2][141]/R
-0.117	u_top/u_core/u_b/u_b_core/core/core/l5/gk.frontend/win/bank_gen[0].mem_reg_3/CLKARDCLK	u_top/u_core/u_b/u_b_core/core/core/l5/gk.frontend/win/shift_reg[14][111]/D
-0.117	u_top/u_core/u_b/u_b_core/core/core/l5/mac/issue/out_phase_reg[1]_rep__3/C	u_top/u_core/u_b/u_b_core/core/core/l5/mac/mac/out_lane[3].mult_lane[8].operand_pipe.act_q_reg[14]/D
-0.117	u_top/u_core/u_b/u_b_core/core/core/shuffle/busy_reg/C	u_top/u_core/u_b/u_b_core/core/core/l5/gk.frontend/win/shift_reg[10][119]/R
-0.117	u_top/u_core/u_b/u_b_core/core/core/shuffle/busy_reg/C	u_top/u_core/u_b/u_b_core/core/core/l5/gk.frontend/win/shift_reg[17][153]/R
-0.117	u_top/u_core/u_b/u_b_core/core/core/l5/gk.frontend/pad/interior_x_reg/C	u_top/u_core/u_b/u_b_core/core/core/l5/gk.frontend/win/bank_gen[2].mem_reg_2/DIADI[1]
-0.117	u_top/u_core/u_b/u_b_core/core/core/l5/mac/mac/tree_stage[6].valid_q_reg[7]/C	u_top/u_core/u_b/u_b_core/core/core/l5/mac/mac/out_lane[1].mult_lane[21].operand_pipe.weight_q_reg[5]/CE
-0.117	u_top/u_core/u_b/u_b_core/core/core/l5/mac/mac/tree_stage[6].valid_q_reg[7]/C	u_top/u_core/u_b/u_b_core/core/core/l5/mac/mac/out_lane[1].mult_lane[21].operand_pipe.weight_q_reg[6]/CE
-0.117	u_top/u_core/u_b/u_b_core/core/core/l5/mac/mac/tree_stage[6].valid_q_reg[7]/C	u_top/u_core/u_b/u_b_core/core/core/l5/mac/mac/out_lane[1].mult_lane[21].operand_pipe.weight_q_reg[7]/CE
-0.117	u_top/u_core/u_b/u_b_core/core/core/l5/gk.frontend/win/bank_gen[0].mem_reg_3/CLKARDCLK	u_top/u_core/u_b/u_b_core/core/core/l5/gk.frontend/win/shift_reg[9][122]/D
-0.116	u_top/u_core/u_b/u_b_core/core/core/l5/mac/issue/out_phase_reg[0]_rep__2_replica/C	u_top/u_core/u_b/u_b_core/core/core/l5/mac/mac/out_lane[1].mult_lane[31].operand_pipe.act_q_reg[2]/D
-0.116	u_top/u_core/u_b/u_b_core/core/core/l5/mac/mac/tree_stage[6].valid_q_reg[7]/C	u_top/u_core/u_b/u_b_core/core/core/l5/mac/issue/out_window_reg[3196]/CE
-0.116	u_top/u_core/u_b/u_b_core/core/core/l5/mac/mac/tree_stage[6].valid_q_reg[7]/C	u_top/u_core/u_b/u_b_core/core/core/l5/mac/issue/out_window_reg[3197]/CE
-0.116	u_top/u_core/u_b/u_b_core/core/core/l5/mac/mac/tree_stage[6].valid_q_reg[7]/C	u_top/u_core/u_b/u_b_core/core/core/l5/mac/issue/out_window_reg[3198]/CE
-0.116	u_top/u_core/u_b/u_b_core/core/core/l5/mac/mac/tree_stage[6].valid_q_reg[7]/C	u_top/u_core/u_b/u_b_core/core/core/l5/mac/issue/out_window_reg[3199]/CE
-0.116	u_top/u_core/u_b/u_b_core/core/core/f45/g_narrow_read.rd_ptr_local_reg[1]_replica_3/C	u_top/u_core/u_b/u_b_core/core/core/l5/gk.frontend/win/bank_gen[1].mem_reg_0/DIADI[23]
-0.115	u_top/u_core/u_b/u_b_core/core/core/f45/g_narrow_read.rd_ptr_local_reg[1]_replica_1/C	u_top/u_core/u_b/u_b_core/core/core/l5/gk.frontend/win/bank_gen[1].mem_reg_1/DIADI[18]
-0.115	u_top/u_core/u_b/u_b_core/core/core/l5/mac/mac/tree_stage[6].valid_q_reg[7]/C	u_top/u_core/u_b/u_b_core/core/core/l5/mac/mac/out_lane[0].mult_lane[20].operand_pipe.act_q_reg[14]/CE
-0.115	u_top/u_core/u_b/u_b_core/core/core/l5/mac/mac/tree_stage[6].valid_q_reg[7]/C	u_top/u_core/u_b/u_b_core/core/core/l5/mac/mac/out_lane[0].mult_lane[21].operand_pipe.act_q_reg[11]/CE
-0.115	u_top/u_core/u_b/u_b_core/core/core/l5/mac/mac/tree_stage[6].valid_q_reg[7]/C	u_top/u_core/u_b/u_b_core/core/core/l5/mac/mac/out_lane[0].mult_lane[21].operand_pipe.act_q_reg[7]/CE
-0.115	u_top/u_core/u_b/u_b_core/core/core/l5/mac/mac/tree_stage[6].valid_q_reg[7]/C	u_top/u_core/u_b/u_b_core/core/core/l5/mac/mac/out_lane[1].mult_lane[21].operand_pipe.act_q_reg[11]/CE
-0.115	u_top/u_core/u_b/u_b_core/core/core/l5/mac/mac/tree_stage[6].valid_q_reg[7]/C	u_top/u_core/u_b/u_b_core/core/core/l5/mac/mac/out_lane[1].mult_lane[21].operand_pipe.weight_q_reg[2]/CE
-0.115	u_top/u_core/u_b/u_b_core/core/core/l5/mac/mac/tree_stage[6].valid_q_reg[7]/C	u_top/u_core/u_b/u_b_core/core/core/l5/mac/mac/out_lane[1].mult_lane[29].operand_pipe.act_q_reg[11]/CE
-0.115	u_top/u_core/u_b/u_b_core/core/core/l5/mac/mac/tree_stage[6].valid_q_reg[7]/C	u_top/u_core/u_b/u_b_core/core/core/l5/mac/mac/out_lane[3].mult_lane[21].operand_pipe.act_q_reg[13]/CE
-0.115	u_top/u_core/u_b/u_b_core/core/core/l5/mac/mac/tree_stage[6].valid_q_reg[7]/C	u_top/u_core/u_b/u_b_core/core/core/l5/mac/issue/out_window_reg[1212]/CE
-0.115	u_top/u_core/u_b/u_b_core/core/core/l5/mac/mac/tree_stage[6].valid_q_reg[7]/C	u_top/u_core/u_b/u_b_core/core/core/l5/mac/issue/out_window_reg[1213]/CE
-0.115	u_top/u_core/u_b/u_b_core/core/core/l5/mac/mac/tree_stage[6].valid_q_reg[7]/C	u_top/u_core/u_b/u_b_core/core/core/l5/mac/issue/out_window_reg[1214]/CE
-0.115	u_top/u_core/u_b/u_b_core/core/core/l5/mac/mac/tree_stage[6].valid_q_reg[7]/C	u_top/u_core/u_b/u_b_core/core/core/l5/mac/issue/out_window_reg[1215]/CE
-0.115	u_top/u_core/u_b/u_b_core/core/core/l5/gk.frontend/fifo/g_wide_read.g_read_slice[51].rd_ptr_local_reg[0]/C	u_top/u_core/u_b/u_b_core/core/core/l5/mac/issue/out_window_reg[3318]/D
-0.115	u_top/u_core/u_b/u_b_core/core/core/f45/g_narrow_read.rd_ptr_local_reg[4]/C	u_top/u_core/u_b/u_b_core/core/core/l5/gk.frontend/win/bank_gen[0].mem_reg_2/DIADI[11]
-0.114	u_top/u_core/u_b/u_b_core/core/core/l5/mac/mac/tree_stage[6].valid_q_reg[7]/C	u_top/u_core/u_b/u_b_core/core/core/l5/mac/issue/out_window_reg[3102]/CE
-0.114	u_top/u_core/u_b/u_b_core/core/core/l5/mac/mac/tree_stage[6].valid_q_reg[7]/C	u_top/u_core/u_b/u_b_core/core/core/l5/mac/issue/out_window_reg[3103]/CE
-0.114	u_top/u_core/u_b/u_b_core/core/core/l5/mac/mac/tree_stage[6].valid_q_reg[7]/C	u_top/u_core/u_b/u_b_core/core/core/l5/mac/issue/out_window_reg[3104]/CE
-0.114	u_top/u_core/u_b/u_b_core/core/core/l5/mac/mac/tree_stage[6].valid_q_reg[7]/C	u_top/u_core/u_b/u_b_core/core/core/l5/mac/issue/out_window_reg[3105]/CE
-0.114	u_top/u_core/u_b/u_b_core/core/core/l5/mac/mac/tree_stage[6].valid_q_reg[7]/C	u_top/u_core/u_b/u_b_core/core/core/l5/mac/issue/out_window_reg[3106]/CE
-0.114	u_top/u_core/u_b/u_b_core/core/core/l5/mac/mac/tree_stage[6].valid_q_reg[7]/C	u_top/u_core/u_b/u_b_core/core/core/l5/mac/issue/out_window_reg[3107]/CE
-0.114	u_top/u_core/u_b/u_b_core/core/core/l5/gk.frontend/fifo/g_wide_read.g_read_slice[51].rd_ptr_local_reg[1]/C	u_top/u_core/u_b/u_b_core/core/core/l5/mac/issue/out_window_reg[3305]/D
-0.114	u_top/u_core/u_b/u_b_core/core/core/l5/gk.frontend/win/col_reg[6]/C	u_top/u_core/u_b/u_b_core/core/core/l5/gk.frontend/win/bank_gen[0].mem_reg_7/ADDRARDADDR[10]
-0.114	u_top/u_core/u_b/u_b_core/core/core/l5/gk.frontend/win/col_reg[6]/C	u_top/u_core/u_b/u_b_core/core/core/l5/gk.frontend/win/bank_gen[1].mem_reg_7/ADDRARDADDR[10]
-0.114	u_top/u_core/u_b/u_b_core/core/core/f45/g_narrow_read.rd_ptr_local_reg[0]_replica_3/C	u_top/u_core/u_b/u_b_core/core/core/l5/gk.frontend/win/bank_gen[1].mem_reg_1/DIADI[17]
-0.114	u_top/u_core/u_b/u_b_core/core/core/l5/mac/issue/out_phase_reg[1]_rep/C	u_top/u_core/u_b/u_b_core/core/core/l5/mac/mac/out_lane[2].mult_lane[18].operand_pipe.weight_q_reg[5]/D
-0.114	u_top/u_core/u_b/u_b_core/core/core/l5/mac/issue/out_phase_reg[1]_rep__7/C	u_top/u_core/u_b/u_b_core/core/core/l5/mac/mac/out_lane[3].mult_lane[1].operand_pipe.weight_q_reg[2]/D
-0.114	u_top/u_core/u_b/u_b_core/core/core/l5/mac/issue/out_window_reg[1327]/C	u_top/u_core/u_b/u_b_core/core/core/l5/mac/mac/out_lane[2].mult_lane[5].operand_pipe.act_q_reg[15]/D
-0.114	u_top/u_core/u_b/u_b_core/core/core/l5/mac/issue/out_phase_reg[1]_rep__9/C	u_top/u_core/u_b/u_b_core/core/core/l5/mac/mac/out_lane[3].mult_lane[32].operand_pipe.act_q_reg[3]/D
-0.114	u_top/u_core/u_b/u_b_core/core/core/l5/mac/issue/out_window_reg[3150]/C	u_top/u_core/u_b/u_b_core/core/core/l5/mac/mac/out_lane[1].mult_lane[12].operand_pipe.act_q_reg[14]/D
-0.113	u_top/u_core/u_b/u_b_core/core/core/l5/mac/issue/out_window_reg[1660]/C	u_top/u_core/u_b/u_b_core/core/core/l5/mac/mac/out_lane[0].mult_lane[31].operand_pipe.act_q_reg[12]/D
-0.113	u_top/u_core/u_b/u_b_core/core/core/l5/mac/mac/tree_stage[6].valid_q_reg[7]/C	u_top/u_core/u_b/u_b_core/core/core/l5/gk.frontend/fifo/g_wide_read.g_read_slice[26].rd_ptr_local_reg[0]/R
-0.113	u_top/u_core/u_b/u_b_core/core/core/l5/mac/mac/tree_stage[6].valid_q_reg[7]/C	u_top/u_core/u_b/u_b_core/core/core/l5/gk.frontend/fifo/g_wide_read.g_read_slice[26].rd_ptr_local_reg[1]/R
-0.113	u_top/u_core/u_b/u_b_core/core/core/l5/gk.frontend/fifo/g_wide_read.g_read_slice[53].rd_ptr_local_reg[1]/C	u_top/u_core/u_b/u_b_core/core/core/l5/mac/issue/out_window_reg[3395]/D
-0.113	u_top/u_core/u_b/u_b_core/core/core/shuffle/busy_reg/C	u_top/u_core/u_b/u_b_core/core/core/l5/gk.frontend/win/shift_reg[10][4]/R
-0.113	u_top/u_core/u_b/u_b_core/core/core/l5/mac/issue/out_phase_reg[0]_rep__15/C	u_top/u_core/u_b/u_b_core/core/core/l5/mac/mac/out_lane[0].mult_lane[9].operand_pipe.weight_q_reg[5]/D
-0.113	u_top/u_core/u_b/u_b_core/core/core/l5/mac/mac/tree_stage[6].valid_q_reg[7]/C	u_top/u_core/u_b/u_b_core/core/core/l5/mac/issue/out_window_reg[3264]/CE
-0.113	u_top/u_core/u_b/u_b_core/core/core/l5/mac/mac/tree_stage[6].valid_q_reg[7]/C	u_top/u_core/u_b/u_b_core/core/core/l5/mac/issue/out_window_reg[3265]/CE
-0.113	u_top/u_core/u_b/u_b_core/core/core/l5/mac/mac/tree_stage[6].valid_q_reg[7]/C	u_top/u_core/u_b/u_b_core/core/core/l5/mac/issue/out_window_reg[3266]/CE
-0.113	u_top/u_core/u_b/u_b_core/core/core/l5/mac/mac/tree_stage[6].valid_q_reg[7]/C	u_top/u_core/u_b/u_b_core/core/core/l5/mac/issue/out_window_reg[3267]/CE
-0.113	u_top/u_core/u_b/u_b_core/core/core/l5/mac/mac/tree_stage[6].valid_q_reg[7]/C	u_top/u_core/u_b/u_b_core/core/core/l5/mac/issue/out_window_reg[3268]/CE
-0.113	u_top/u_core/u_b/u_b_core/core/core/l5/mac/mac/tree_stage[6].valid_q_reg[7]/C	u_top/u_core/u_b/u_b_core/core/core/l5/mac/issue/out_window_reg[3269]/CE
-0.113	u_top/u_core/u_b/u_b_core/core/core/l5/gk.frontend/win/row_mod_d_reg[0]_rep__5/C	u_top/u_core/u_b/u_b_core/core/core/l5/gk.frontend/win/shift_reg[4][193]/D
-0.113	u_top/u_core/u_b/u_b_core/core/core/f45/wr_ptr_reg[1]/C	u_top/u_core/u_b/u_b_core/core/core/f45/g_narrow_read.mem_reg_0_31_12_17/RAMA/WADR1
-0.113	u_top/u_core/u_b/u_b_core/core/core/f45/wr_ptr_reg[1]/C	u_top/u_core/u_b/u_b_core/core/core/f45/g_narrow_read.mem_reg_0_31_12_17/RAMA_D1/WADR1
-0.113	u_top/u_core/u_b/u_b_core/core/core/f45/wr_ptr_reg[1]/C	u_top/u_core/u_b/u_b_core/core/core/f45/g_narrow_read.mem_reg_0_31_12_17/RAMB/WADR1
-0.113	u_top/u_core/u_b/u_b_core/core/core/f45/wr_ptr_reg[1]/C	u_top/u_core/u_b/u_b_core/core/core/f45/g_narrow_read.mem_reg_0_31_12_17/RAMB_D1/WADR1
-0.113	u_top/u_core/u_b/u_b_core/core/core/f45/wr_ptr_reg[1]/C	u_top/u_core/u_b/u_b_core/core/core/f45/g_narrow_read.mem_reg_0_31_12_17/RAMC/WADR1
-0.113	u_top/u_core/u_b/u_b_core/core/core/f45/wr_ptr_reg[1]/C	u_top/u_core/u_b/u_b_core/core/core/f45/g_narrow_read.mem_reg_0_31_12_17/RAMC_D1/WADR1
-0.113	u_top/u_core/u_b/u_b_core/core/core/f45/wr_ptr_reg[1]/C	u_top/u_core/u_b/u_b_core/core/core/f45/g_narrow_read.mem_reg_0_31_12_17/RAMD/ADR1
-0.113	u_top/u_core/u_b/u_b_core/core/core/f45/wr_ptr_reg[1]/C	u_top/u_core/u_b/u_b_core/core/core/f45/g_narrow_read.mem_reg_0_31_12_17/RAMD_D1/ADR1
-0.112	u_top/u_core/u_b/u_b_core/core/core/l5/mac/issue/out_phase_reg[1]_rep__12/C	u_top/u_core/u_b/u_b_core/core/core/l5/mac/mac/out_lane[1].mult_lane[46].operand_pipe.act_q_reg[11]/D
-0.112	u_top/u_core/u_b/u_b_core/core/core/shuffle/busy_reg/C	u_top/u_core/u_b/u_b_core/core/core/l5/gk.frontend/win/shift_reg[17][160]/R
-0.112	u_top/u_core/u_b/u_b_core/core/core/shuffle/busy_reg/C	u_top/u_core/u_b/u_b_core/core/core/l5/gk.frontend/win/shift_reg[18][148]/R
-0.112	u_top/u_core/u_b/u_b_core/core/core/shuffle/busy_reg/C	u_top/u_core/u_b/u_b_core/core/core/l5/gk.frontend/win/shift_reg[18][160]/R
-0.112	u_top/u_core/u_b/u_b_core/core/core/shuffle/busy_reg/C	u_top/u_core/u_b/u_b_core/core/core/l5/gk.frontend/win/shift_reg[18][66]/R
-0.112	u_top/u_core/u_b/u_b_core/core/core/l3/mac/mac/out_lane[0].mult_lane[1].operand_pipe.act_q_reg[15]/C	u_top/u_core/u_b/u_b_core/core/core/l3/mac/mac/out_lane[0].mult_lane[1].operand_pipe.sums_q_reg[0][0][1]/A[18]
-0.112	u_top/u_core/u_b/u_b_core/core/core/l3/mac/mac/out_lane[0].mult_lane[1].operand_pipe.act_q_reg[15]/C	u_top/u_core/u_b/u_b_core/core/core/l3/mac/mac/out_lane[0].mult_lane[1].operand_pipe.sums_q_reg[0][0][1]/A[19]
-0.112	u_top/u_core/u_b/u_b_core/core/core/l5/mac/issue/out_phase_reg[0]_rep__2_replica/C	u_top/u_core/u_b/u_b_core/core/core/l5/mac/mac/out_lane[0].mult_lane[31].operand_pipe.act_q_reg[1]/D
-0.112	u_top/u_core/u_b/u_b_core/core/core/shuffle/busy_reg/C	u_top/u_core/u_b/u_b_core/core/core/l5/gk.frontend/win/shift_reg[11][157]/R
-0.112	u_top/u_core/u_b/u_b_core/core/core/shuffle/busy_reg/C	u_top/u_core/u_b/u_b_core/core/core/l5/gk.frontend/win/shift_reg[11][184]/R
-0.112	u_top/u_core/u_b/u_b_core/core/core/shuffle/busy_reg/C	u_top/u_core/u_b/u_b_core/core/core/l5/gk.frontend/win/shift_reg[11][218]/R
-0.112	u_top/u_core/u_b/u_b_core/core/core/shuffle/busy_reg/C	u_top/u_core/u_b/u_b_core/core/core/l5/gk.frontend/win/shift_reg[11][91]/R
-0.112	u_top/u_core/u_b/u_b_core/core/core/shuffle/busy_reg/C	u_top/u_core/u_b/u_b_core/core/core/l5/gk.frontend/win/shift_reg[22][71]/R
-0.112	u_top/u_core/u_b/u_b_core/core/core/shuffle/busy_reg/C	u_top/u_core/u_b/u_b_core/core/core/l5/gk.frontend/win/shift_reg[23][201]/R
-0.112	u_top/u_core/u_b/u_b_core/core/core/l5/mac/mac/tree_stage[6].valid_q_reg[7]/C	u_top/u_core/u_b/u_b_core/core/core/l5/mac/mac/out_lane[0].mult_lane[2].operand_pipe.act_q_reg[3]/CE
-0.112	u_top/u_core/u_b/u_b_core/core/core/l5/mac/mac/tree_stage[6].valid_q_reg[7]/C	u_top/u_core/u_b/u_b_core/core/core/l5/mac/mac/out_lane[1].mult_lane[2].operand_pipe.weight_q_reg[0]/CE
-0.112	u_top/u_core/u_b/u_b_core/core/core/l5/mac/mac/tree_stage[6].valid_q_reg[7]/C	u_top/u_core/u_b/u_b_core/core/core/l5/mac/mac/out_lane[1].mult_lane[2].operand_pipe.weight_q_reg[3]/CE
-0.112	u_top/u_core/u_b/u_b_core/core/core/l5/mac/mac/out_lane[0].mult_lane[43].operand_pipe.act_q_reg[15]/C	u_top/u_core/u_b/u_b_core/core/core/l5/mac/mac/out_lane[0].mult_lane[43].operand_pipe.sums_q_reg[0][0][43]/A[16]
-0.112	u_top/u_core/u_b/u_b_core/core/core/l5/mac/mac/out_lane[0].mult_lane[43].operand_pipe.act_q_reg[15]/C	u_top/u_core/u_b/u_b_core/core/core/l5/mac/mac/out_lane[0].mult_lane[43].operand_pipe.sums_q_reg[0][0][43]/A[17]
-0.112	u_top/u_core/u_b/u_b_core/core/core/l5/mac/mac/out_lane[0].mult_lane[43].operand_pipe.act_q_reg[15]/C	u_top/u_core/u_b/u_b_core/core/core/l5/mac/mac/out_lane[0].mult_lane[43].operand_pipe.sums_q_reg[0][0][43]/A[18]
-0.112	u_top/u_core/u_b/u_b_core/core/core/l5/gk.frontend/win/bank_gen[0].mem_reg_6/CLKARDCLK	u_top/u_core/u_b/u_b_core/core/core/l5/gk.frontend/win/shift_reg[19][247]/D
-0.112	u_top/u_core/u_b/u_b_core/core/core/l5/mac/issue/out_phase_reg[2]_rep__3/C	u_top/u_core/u_b/u_b_core/core/core/l5/mac/mac/out_lane[0].mult_lane[17].operand_pipe.act_q_reg[13]/D
-0.111	u_top/u_core/u_b/u_b_core/core/core/l5/gk.frontend/win/bank_gen[0].mem_reg_3/CLKARDCLK	u_top/u_core/u_b/u_b_core/core/core/l5/gk.frontend/win/shift_reg[9][111]/D
-0.111	u_top/u_core/u_b/u_b_core/core/core/l5/mac/issue/out_phase_reg[0]_rep__11/C	u_top/u_core/u_b/u_b_core/core/core/l5/mac/mac/out_lane[3].mult_lane[24].operand_pipe.act_q_reg[12]/D
-0.111	u_top/u_core/u_b/u_b_core/core/core/shuffle/busy_reg/C	u_top/u_core/u_b/u_b_core/core/core/shuffle/bank1_reg/WEA[0]
-0.111	u_top/u_core/u_b/u_b_core/core/core/shuffle/busy_reg/C	u_top/u_core/u_b/u_b_core/core/core/shuffle/bank1_reg/WEA[1]
-0.111	u_top/u_core/u_b/u_b_core/core/core/shuffle/busy_reg/C	u_top/u_core/u_b/u_b_core/core/core/shuffle/bank1_reg/WEA[2]
-0.111	u_top/u_core/u_b/u_b_core/core/core/shuffle/busy_reg/C	u_top/u_core/u_b/u_b_core/core/core/shuffle/bank1_reg/WEA[3]
-0.111	u_top/u_core/u_b/u_b_core/core/core/l5/mac/mac/tree_stage[6].valid_q_reg[7]/C	u_top/u_core/u_b/u_b_core/core/core/l5/gk.frontend/fifo/wr_ptr_reg[1]_rep__2/D
-0.111	u_top/u_core/u_b/u_b_core/core/core/l5/mac/mac/tree_stage[6].valid_q_reg[7]/C	u_top/u_core/u_b/u_b_core/core/core/l5/mac/mac/out_lane[0].mult_lane[36].operand_pipe.weight_q_reg[2]/CE
-0.111	u_top/u_core/u_b/u_b_core/core/core/l5/mac/mac/tree_stage[6].valid_q_reg[7]/C	u_top/u_core/u_b/u_b_core/core/core/l5/mac/mac/out_lane[1].mult_lane[32].operand_pipe.act_q_reg[0]/CE
-0.111	u_top/u_core/u_b/u_b_core/core/core/l5/mac/mac/tree_stage[6].valid_q_reg[7]/C	u_top/u_core/u_b/u_b_core/core/core/l5/mac/mac/out_lane[1].mult_lane[32].operand_pipe.act_q_reg[2]/CE
-0.111	u_top/u_core/u_b/u_b_core/core/core/l5/mac/mac/tree_stage[6].valid_q_reg[7]/C	u_top/u_core/u_b/u_b_core/core/core/l5/mac/mac/out_lane[3].mult_lane[35].operand_pipe.act_q_reg[3]/CE
-0.111	u_top/u_core/u_b/u_b_core/core/core/shuffle/busy_reg/C	u_top/u_core/u_b/u_b_core/core/core/l5/gk.frontend/win/shift_reg[23][41]/R
-0.111	u_top/u_core/u_b/u_b_core/core/core/shuffle/busy_reg/C	u_top/u_core/u_b/u_b_core/core/core/l5/gk.frontend/win/shift_reg[23][87]/R
-0.111	u_top/u_core/u_b/u_b_core/core/core/l5/mac/issue/out_window_reg[3147]/C	u_top/u_core/u_b/u_b_core/core/core/l5/mac/mac/out_lane[2].mult_lane[12].operand_pipe.act_q_reg[11]/D
-0.111	u_top/u_core/u_b/u_b_core/core/core/l5/gk.frontend/win/bank_gen[0].mem_reg_3/CLKARDCLK	u_top/u_core/u_b/u_b_core/core/core/l5/gk.frontend/win/shift_reg[14][140]/D
-0.111	u_top/u_core/u_b/u_b_core/core/core/l5/mac/mac/out_lane[2].mult_lane[35].operand_pipe.weight_q_reg[3]/C	u_top/u_core/u_b/u_b_core/core/core/l5/mac/mac/out_lane[2].mult_lane[35].operand_pipe.sums_q_reg[0][2][35]/B[3]
-0.111	u_top/u_core/u_b/u_b_core/core/core/l5/gk.frontend/pad/interior_x_reg/C	u_top/u_core/u_b/u_b_core/core/core/l5/gk.frontend/win/bank_gen[0].mem_reg_3/DIADI[3]
-0.110	u_top/u_core/u_b/u_b_core/core/core/l5/mac/issue/out_phase_reg[2]_rep__5/C	u_top/u_core/u_b/u_b_core/core/core/l5/mac/mac/out_lane[2].mult_lane[30].operand_pipe.act_q_reg[3]/D
-0.110	u_top/u_core/u_b/u_b_core/core/core/l5/mac/issue/out_phase_reg[2]_rep__1/C	u_top/u_core/u_b/u_b_core/core/core/l5/mac/mac/out_lane[2].mult_lane[15].operand_pipe.weight_q_reg[5]/D
-0.110	u_top/u_core/u_b/u_b_core/core/core/shuffle/busy_reg/C	u_top/u_core/u_b/u_b_core/core/core/l5/gk.frontend/win/shift_reg[16][105]/R
-0.110	u_top/u_core/u_b/u_b_core/core/core/shuffle/busy_reg/C	u_top/u_core/u_b/u_b_core/core/core/l5/gk.frontend/win/shift_reg[16][40]/R
-0.110	u_top/u_core/u_b/u_b_core/core/core/shuffle/busy_reg/C	u_top/u_core/u_b/u_b_core/core/core/l5/gk.frontend/win/shift_reg[22][192]/R
-0.110	u_top/u_core/u_b/u_b_core/core/core/f45/g_narrow_read.rd_ptr_local_reg[1]_replica_2/C	u_top/u_core/u_b/u_b_core/core/core/l5/gk.frontend/win/bank_gen[3].mem_reg_5/DIADI[2]
-0.109	u_top/u_core/u_b/u_b_core/core/core/shuffle/busy_reg/C	u_top/u_core/u_b/u_b_core/core/core/l5/gk.frontend/win/shift_reg[21][173]/R
-0.109	u_top/u_core/u_b/u_b_core/core/core/shuffle/busy_reg/C	u_top/u_core/u_b/u_b_core/core/core/l5/gk.frontend/win/shift_reg[23][106]/R
-0.109	u_top/u_core/u_b/u_b_core/core/core/l5/gk.frontend/pad/interior_x_reg/C	u_top/u_core/u_b/u_b_core/core/core/l5/gk.frontend/win/bank_gen[2].mem_reg_5/DIADI[29]
-0.109	u_top/u_core/u_b/u_b_core/core/core/l5/gk.frontend/win/bank_gen[3].mem_reg_0/CLKARDCLK	u_top/u_core/u_b/u_b_core/core/core/l5/gk.frontend/win/shift_reg[9][24]/D
-0.109	u_top/u_core/u_b/u_b_core/core/core/l5/mac/issue/out_phase_reg[1]_rep__6/C	u_top/u_core/u_b/u_b_core/core/core/l5/mac/mac/out_lane[1].mult_lane[12].operand_pipe.act_q_reg[12]/D
-0.109	u_top/u_core/u_b/u_b_core/core/core/shuffle/busy_reg/C	u_top/u_core/u_b/u_b_core/core/core/l5/gk.frontend/win/shift_reg[11][232]/R
-0.109	u_top/u_core/u_b/u_b_core/core/core/l5/mac/mac/tree_stage[6].valid_q_reg[7]/C	u_top/u_core/u_b/u_b_core/core/core/l5/mac/issue/out_window_reg[3550]/CE
-0.109	u_top/u_core/u_b/u_b_core/core/core/l5/mac/mac/tree_stage[6].valid_q_reg[7]/C	u_top/u_core/u_b/u_b_core/core/core/l5/mac/issue/out_window_reg[3551]/CE
-0.109	u_top/u_core/u_b/u_b_core/core/core/l5/mac/mac/tree_stage[6].valid_q_reg[7]/C	u_top/u_core/u_b/u_b_core/core/core/l5/mac/issue/out_window_reg[3552]/CE
-0.109	u_top/u_core/u_b/u_b_core/core/core/l5/mac/mac/tree_stage[6].valid_q_reg[7]/C	u_top/u_core/u_b/u_b_core/core/core/l5/mac/issue/out_window_reg[3553]/CE
-0.109	u_top/u_core/u_b/u_b_core/core/core/l5/mac/mac/tree_stage[6].valid_q_reg[7]/C	u_top/u_core/u_b/u_b_core/core/core/l5/mac/issue/out_window_reg[3554]/CE
-0.109	u_top/u_core/u_b/u_b_core/core/core/l5/mac/mac/tree_stage[6].valid_q_reg[7]/C	u_top/u_core/u_b/u_b_core/core/core/l5/mac/issue/out_window_reg[3555]/CE
-0.108	u_top/u_core/u_b/u_b_core/core/core/l5/gk.frontend/fifo/count_reg[1]/C	u_top/u_core/u_b/u_b_core/core/core/f45/g_narrow_read.mem_reg_0_31_210_215/RAMA/WE
-0.108	u_top/u_core/u_b/u_b_core/core/core/l5/gk.frontend/fifo/count_reg[1]/C	u_top/u_core/u_b/u_b_core/core/core/f45/g_narrow_read.mem_reg_0_31_210_215/RAMA_D1/WE
-0.108	u_top/u_core/u_b/u_b_core/core/core/l5/gk.frontend/fifo/count_reg[1]/C	u_top/u_core/u_b/u_b_core/core/core/f45/g_narrow_read.mem_reg_0_31_210_215/RAMB/WE
-0.108	u_top/u_core/u_b/u_b_core/core/core/l5/gk.frontend/fifo/count_reg[1]/C	u_top/u_core/u_b/u_b_core/core/core/f45/g_narrow_read.mem_reg_0_31_210_215/RAMB_D1/WE
-0.108	u_top/u_core/u_b/u_b_core/core/core/l5/gk.frontend/fifo/count_reg[1]/C	u_top/u_core/u_b/u_b_core/core/core/f45/g_narrow_read.mem_reg_0_31_210_215/RAMC/WE
-0.108	u_top/u_core/u_b/u_b_core/core/core/l5/gk.frontend/fifo/count_reg[1]/C	u_top/u_core/u_b/u_b_core/core/core/f45/g_narrow_read.mem_reg_0_31_210_215/RAMC_D1/WE
-0.108	u_top/u_core/u_b/u_b_core/core/core/l5/gk.frontend/fifo/count_reg[1]/C	u_top/u_core/u_b/u_b_core/core/core/f45/g_narrow_read.mem_reg_0_31_210_215/RAMD/WE
-0.108	u_top/u_core/u_b/u_b_core/core/core/l5/gk.frontend/fifo/count_reg[1]/C	u_top/u_core/u_b/u_b_core/core/core/f45/g_narrow_read.mem_reg_0_31_210_215/RAMD_D1/WE
-0.108	u_top/u_core/u_b/u_b_core/core/core/shuffle/busy_reg/C	u_top/u_core/u_b/u_b_core/core/core/l5/gk.frontend/win/shift_reg[13][205]/R
-0.108	u_top/u_core/u_b/u_b_core/core/core/shuffle/busy_reg/C	u_top/u_core/u_b/u_b_core/core/core/l5/gk.frontend/win/shift_reg[8][177]/R
-0.108	u_top/u_core/u_b/u_b_core/core/core/shuffle/busy_reg/C	u_top/u_core/u_b/u_b_core/core/core/l5/gk.frontend/win/shift_reg[8][82]/R
-0.108	u_top/u_core/u_b/u_b_core/core/core/l5/gk.frontend/win/bank_gen[3].mem_reg_0/CLKARDCLK	u_top/u_core/u_b/u_b_core/core/core/l5/gk.frontend/win/shift_reg[4][19]/D
-0.108	u_top/u_core/u_b/u_b_core/core/core/l5/mac/issue/out_phase_reg[2]_rep__6/C	u_top/u_core/u_b/u_b_core/core/core/l5/mac/mac/out_lane[2].mult_lane[48].operand_pipe.act_q_reg[5]/D
-0.108	u_top/u_core/u_b/u_b_core/core/core/l5/mac/issue/out_phase_reg[2]_rep__5/C	u_top/u_core/u_b/u_b_core/core/core/l5/mac/mac/out_lane[2].mult_lane[30].operand_pipe.act_q_reg[5]/D
-0.108	u_top/u_core/u_b/u_b_core/core/core/l5/mac/issue/out_phase_reg[1]_rep/C	u_top/u_core/u_b/u_b_core/core/core/l5/mac/mac/out_lane[2].mult_lane[12].operand_pipe.weight_q_reg[6]/D
-0.108	u_top/u_core/u_b/u_b_core/core/core/l5/mac/issue/out_phase_reg[2]/C	u_top/u_core/u_b/u_b_core/core/core/l5/mac/mac/out_lane[1].mult_lane[5].operand_pipe.weight_q_reg[1]/D
-0.108	u_top/u_core/u_b/u_b_core/core/core/l5/mac/mac/tree_stage[6].valid_q_reg[7]/C	u_top/u_core/u_b/u_b_core/core/core/l5/mac/issue/out_window_reg[2596]/CE
-0.108	u_top/u_core/u_b/u_b_core/core/core/l5/mac/mac/tree_stage[6].valid_q_reg[7]/C	u_top/u_core/u_b/u_b_core/core/core/l5/mac/issue/out_window_reg[2597]/CE
-0.108	u_top/u_core/u_b/u_b_core/core/core/l5/mac/mac/tree_stage[6].valid_q_reg[7]/C	u_top/u_core/u_b/u_b_core/core/core/l5/mac/issue/out_window_reg[2598]/CE
-0.108	u_top/u_core/u_b/u_b_core/core/core/l5/mac/mac/tree_stage[6].valid_q_reg[7]/C	u_top/u_core/u_b/u_b_core/core/core/l5/mac/issue/out_window_reg[2599]/CE
-0.108	u_top/u_core/u_b/u_b_core/core/core/l5/mac/mac/tree_stage[6].valid_q_reg[7]/C	u_top/u_core/u_b/u_b_core/core/core/l5/mac/issue/out_window_reg[2600]/CE
-0.108	u_top/u_core/u_b/u_b_core/core/core/l5/mac/mac/tree_stage[6].valid_q_reg[7]/C	u_top/u_core/u_b/u_b_core/core/core/l5/mac/issue/out_window_reg[2601]/CE
-0.108	u_top/u_core/u_b/u_b_core/core/core/l5/mac/issue/out_phase_reg[2]_rep__8/C	u_top/u_core/u_b/u_b_core/core/core/l5/mac/mac/out_lane[0].mult_lane[43].operand_pipe.act_q_reg[10]/D
-0.108	u_top/u_core/u_b/u_b_core/core/core/l5/gk.frontend/fifo/count_reg[2]/C	u_top/u_core/u_b/u_b_core/core/core/l5/gk.frontend/fifo/g_wide_read.g_read_slice[77].mem_slice_reg_0_3_18_23/RAMA/WE
-0.108	u_top/u_core/u_b/u_b_core/core/core/l5/gk.frontend/fifo/count_reg[2]/C	u_top/u_core/u_b/u_b_core/core/core/l5/gk.frontend/fifo/g_wide_read.g_read_slice[77].mem_slice_reg_0_3_18_23/RAMA_D1/WE
-0.108	u_top/u_core/u_b/u_b_core/core/core/l5/gk.frontend/fifo/count_reg[2]/C	u_top/u_core/u_b/u_b_core/core/core/l5/gk.frontend/fifo/g_wide_read.g_read_slice[77].mem_slice_reg_0_3_18_23/RAMB/WE
-0.108	u_top/u_core/u_b/u_b_core/core/core/l5/gk.frontend/fifo/count_reg[2]/C	u_top/u_core/u_b/u_b_core/core/core/l5/gk.frontend/fifo/g_wide_read.g_read_slice[77].mem_slice_reg_0_3_18_23/RAMB_D1/WE
-0.108	u_top/u_core/u_b/u_b_core/core/core/l5/gk.frontend/fifo/count_reg[2]/C	u_top/u_core/u_b/u_b_core/core/core/l5/gk.frontend/fifo/g_wide_read.g_read_slice[77].mem_slice_reg_0_3_18_23/RAMC/WE
-0.108	u_top/u_core/u_b/u_b_core/core/core/l5/gk.frontend/fifo/count_reg[2]/C	u_top/u_core/u_b/u_b_core/core/core/l5/gk.frontend/fifo/g_wide_read.g_read_slice[77].mem_slice_reg_0_3_18_23/RAMC_D1/WE
-0.108	u_top/u_core/u_b/u_b_core/core/core/l5/gk.frontend/fifo/count_reg[2]/C	u_top/u_core/u_b/u_b_core/core/core/l5/gk.frontend/fifo/g_wide_read.g_read_slice[77].mem_slice_reg_0_3_18_23/RAMD/WE
-0.108	u_top/u_core/u_b/u_b_core/core/core/l5/gk.frontend/fifo/count_reg[2]/C	u_top/u_core/u_b/u_b_core/core/core/l5/gk.frontend/fifo/g_wide_read.g_read_slice[77].mem_slice_reg_0_3_18_23/RAMD_D1/WE
-0.108	u_top/u_core/u_b/u_b_core/core/core/l5/mac/issue/out_phase_reg[2]/C	u_top/u_core/u_b/u_b_core/core/core/l5/mac/mac/out_lane[2].mult_lane[5].operand_pipe.weight_q_reg[3]/D
-0.108	u_top/u_core/u_b/u_b_core/core/core/l5/mac/issue/out_phase_reg[1]_rep__11/C	u_top/u_core/u_b/u_b_core/core/core/l5/mac/mac/out_lane[3].mult_lane[36].operand_pipe.act_q_reg[15]/D
-0.107	u_top/u_core/u_b/u_b_core/core/core/shuffle/busy_reg/C	u_top/u_core/u_b/u_b_core/core/core/l5/gk.frontend/win/shift_reg[1][137]/R
-0.107	u_top/u_core/u_b/u_b_core/core/core/shuffle/busy_reg/C	u_top/u_core/u_b/u_b_core/core/core/l5/gk.frontend/win/shift_reg[2][249]/R
-0.107	u_top/u_core/u_b/u_b_core/core/core/l5/mac/issue/out_phase_reg[1]_rep__12/C	u_top/u_core/u_b/u_b_core/core/core/l5/mac/mac/out_lane[0].mult_lane[37].operand_pipe.act_q_reg[5]/D
-0.107	u_top/u_core/u_b/u_b_core/core/core/l5/mac/issue/out_phase_reg[1]_rep__15/C	u_top/u_core/u_b/u_b_core/core/core/l5/mac/mac/out_lane[1].mult_lane[23].operand_pipe.weight_q_reg[5]/D
-0.107	u_top/u_core/u_b/u_b_core/core/core/l5/gk.frontend/fifo/wr_ptr_reg[0]_rep__5/C	u_top/u_core/u_b/u_b_core/core/core/l5/gk.frontend/fifo/g_wide_read.g_read_slice[7].mem_slice_reg_0_3_12_17/RAMA/WADR0
-0.107	u_top/u_core/u_b/u_b_core/core/core/l5/gk.frontend/fifo/wr_ptr_reg[0]_rep__5/C	u_top/u_core/u_b/u_b_core/core/core/l5/gk.frontend/fifo/g_wide_read.g_read_slice[7].mem_slice_reg_0_3_12_17/RAMA_D1/WADR0
-0.107	u_top/u_core/u_b/u_b_core/core/core/l5/gk.frontend/fifo/wr_ptr_reg[0]_rep__5/C	u_top/u_core/u_b/u_b_core/core/core/l5/gk.frontend/fifo/g_wide_read.g_read_slice[7].mem_slice_reg_0_3_12_17/RAMB/WADR0
-0.107	u_top/u_core/u_b/u_b_core/core/core/l5/gk.frontend/fifo/wr_ptr_reg[0]_rep__5/C	u_top/u_core/u_b/u_b_core/core/core/l5/gk.frontend/fifo/g_wide_read.g_read_slice[7].mem_slice_reg_0_3_12_17/RAMB_D1/WADR0
-0.107	u_top/u_core/u_b/u_b_core/core/core/l5/gk.frontend/fifo/wr_ptr_reg[0]_rep__5/C	u_top/u_core/u_b/u_b_core/core/core/l5/gk.frontend/fifo/g_wide_read.g_read_slice[7].mem_slice_reg_0_3_12_17/RAMC/WADR0
-0.107	u_top/u_core/u_b/u_b_core/core/core/l5/gk.frontend/fifo/wr_ptr_reg[0]_rep__5/C	u_top/u_core/u_b/u_b_core/core/core/l5/gk.frontend/fifo/g_wide_read.g_read_slice[7].mem_slice_reg_0_3_12_17/RAMC_D1/WADR0
-0.107	u_top/u_core/u_b/u_b_core/core/core/l5/gk.frontend/fifo/wr_ptr_reg[0]_rep__5/C	u_top/u_core/u_b/u_b_core/core/core/l5/gk.frontend/fifo/g_wide_read.g_read_slice[7].mem_slice_reg_0_3_12_17/RAMD/ADR0
-0.107	u_top/u_core/u_b/u_b_core/core/core/l5/gk.frontend/fifo/wr_ptr_reg[0]_rep__5/C	u_top/u_core/u_b/u_b_core/core/core/l5/gk.frontend/fifo/g_wide_read.g_read_slice[7].mem_slice_reg_0_3_12_17/RAMD_D1/ADR0
-0.107	u_top/u_core/u_b/u_b_core/core/core/l5/mac/mac/out_lane[2].mult_lane[22].operand_pipe.act_q_reg[15]/C	u_top/u_core/u_b/u_b_core/core/core/l5/mac/mac/out_lane[2].mult_lane[22].operand_pipe.sums_q_reg[0][2][22]/A[24]
-0.107	u_top/u_core/u_b/u_b_core/core/core/l5/gk.frontend/pad/interior_y_reg/C	u_top/u_core/u_b/u_b_core/core/core/l5/gk.frontend/win/bank_gen[0].mem_reg_2/DIADI[5]
-0.106	u_top/u_core/u_b/u_b_core/core/core/l5/gk.frontend/fifo/count_reg[1]/C	u_top/u_core/u_b/u_b_core/core/core/f45/g_narrow_read.mem_reg_0_31_90_95/RAMA/WE
-0.106	u_top/u_core/u_b/u_b_core/core/core/l5/gk.frontend/fifo/count_reg[1]/C	u_top/u_core/u_b/u_b_core/core/core/f45/g_narrow_read.mem_reg_0_31_90_95/RAMA_D1/WE
-0.106	u_top/u_core/u_b/u_b_core/core/core/l5/gk.frontend/fifo/count_reg[1]/C	u_top/u_core/u_b/u_b_core/core/core/f45/g_narrow_read.mem_reg_0_31_90_95/RAMB/WE
-0.106	u_top/u_core/u_b/u_b_core/core/core/l5/gk.frontend/fifo/count_reg[1]/C	u_top/u_core/u_b/u_b_core/core/core/f45/g_narrow_read.mem_reg_0_31_90_95/RAMB_D1/WE
-0.106	u_top/u_core/u_b/u_b_core/core/core/l5/gk.frontend/fifo/count_reg[1]/C	u_top/u_core/u_b/u_b_core/core/core/f45/g_narrow_read.mem_reg_0_31_90_95/RAMC/WE
-0.106	u_top/u_core/u_b/u_b_core/core/core/l5/gk.frontend/fifo/count_reg[1]/C	u_top/u_core/u_b/u_b_core/core/core/f45/g_narrow_read.mem_reg_0_31_90_95/RAMC_D1/WE
-0.106	u_top/u_core/u_b/u_b_core/core/core/l5/gk.frontend/fifo/count_reg[1]/C	u_top/u_core/u_b/u_b_core/core/core/f45/g_narrow_read.mem_reg_0_31_90_95/RAMD/WE
-0.106	u_top/u_core/u_b/u_b_core/core/core/l5/gk.frontend/fifo/count_reg[1]/C	u_top/u_core/u_b/u_b_core/core/core/f45/g_narrow_read.mem_reg_0_31_90_95/RAMD_D1/WE
-0.106	u_top/u_core/u_b/u_b_core/core/core/l5/mac/mac/tree_stage[6].valid_q_reg[7]/C	u_top/u_core/u_b/u_b_core/core/core/l5/mac/mac/out_lane[1].mult_lane[18].operand_pipe.weight_q_reg[5]/CE
-0.106	u_top/u_core/u_b/u_b_core/core/core/l5/mac/mac/tree_stage[6].valid_q_reg[7]/C	u_top/u_core/u_b/u_b_core/core/core/l5/mac/mac/out_lane[1].mult_lane[18].operand_pipe.weight_q_reg[6]/CE
-0.106	u_top/u_core/u_b/u_b_core/core/core/l5/mac/mac/tree_stage[6].valid_q_reg[7]/C	u_top/u_core/u_b/u_b_core/core/core/l5/mac/mac/out_lane[1].mult_lane[29].operand_pipe.act_q_reg[2]/CE
-0.106	u_top/u_core/u_b/u_b_core/core/core/l5/mac/mac/tree_stage[6].valid_q_reg[7]/C	u_top/u_core/u_b/u_b_core/core/core/l5/mac/mac/out_lane[1].mult_lane[29].operand_pipe.act_q_reg[3]/CE
-0.106	u_top/u_core/u_b/u_b_core/core/core/l5/mac/mac/tree_stage[6].valid_q_reg[7]/C	u_top/u_core/u_b/u_b_core/core/core/l5/mac/mac/out_lane[1].mult_lane[29].operand_pipe.act_q_reg[7]/CE
-0.106	u_top/u_core/u_b/u_b_core/core/core/l5/mac/mac/tree_stage[6].valid_q_reg[7]/C	u_top/u_core/u_b/u_b_core/core/core/l5/mac/mac/out_lane[3].mult_lane[20].operand_pipe.act_q_reg[4]/CE
-0.106	u_top/u_core/u_b/u_b_core/core/core/l5/mac/mac/tree_stage[6].valid_q_reg[7]/C	u_top/u_core/u_b/u_b_core/core/core/l5/mac/mac/out_lane[3].mult_lane[20].operand_pipe.act_q_reg[5]/CE
-0.106	u_top/u_core/u_b/u_b_core/core/core/l5/mac/mac/tree_stage[6].valid_q_reg[7]/C	u_top/u_core/u_b/u_b_core/core/core/l5/mac/mac/out_lane[3].mult_lane[20].operand_pipe.act_q_reg[6]/CE
-0.106	u_top/u_core/u_b/u_b_core/core/core/l5/gk.frontend/pending1_reg_replica_35/C	u_top/u_core/u_b/u_b_core/core/core/l5/gk.frontend/win/shift_reg[17][91]/CE
-0.106	u_top/u_core/u_b/u_b_core/core/core/l5/gk.frontend/pending1_reg_replica_35/C	u_top/u_core/u_b/u_b_core/core/core/l5/gk.frontend/win/shift_reg[18][122]/CE
-0.106	u_top/u_core/u_b/u_b_core/core/core/l5/gk.frontend/pending1_reg_replica_35/C	u_top/u_core/u_b/u_b_core/core/core/l5/gk.frontend/win/shift_reg[18][197]/CE
-0.106	u_top/u_core/u_b/u_b_core/core/core/l5/gk.frontend/pending1_reg_replica_35/C	u_top/u_core/u_b/u_b_core/core/core/l5/gk.frontend/win/shift_reg[7][99]/CE
-0.106	u_top/u_core/u_b/u_b_core/core/core/l5/gk.frontend/win/bank_gen[1].mem_reg_0/CLKARDCLK	u_top/u_core/u_b/u_b_core/core/core/l5/gk.frontend/win/shift_reg[4][3]/D
-0.106	u_top/u_core/u_b/u_b_core/core/core/l5/mac/mac/tree_stage[6].valid_q_reg[7]/C	u_top/u_core/u_b/u_b_core/core/core/l5/gk.frontend/fifo/g_wide_read.g_read_slice[65].rd_ptr_local_reg[0]/R
-0.106	u_top/u_core/u_b/u_b_core/core/core/l5/mac/mac/tree_stage[6].valid_q_reg[7]/C	u_top/u_core/u_b/u_b_core/core/core/l5/gk.frontend/fifo/g_wide_read.g_read_slice[65].rd_ptr_local_reg[1]/R
-0.106	u_top/u_core/u_b/u_b_core/core/core/l5/mac/issue/out_phase_reg[1]_rep__5/C	u_top/u_core/u_b/u_b_core/core/core/l5/mac/mac/out_lane[2].mult_lane[49].operand_pipe.act_q_reg[9]/D
-0.106	u_top/u_core/u_b/u_b_core/core/core/shuffle/busy_reg/C	u_top/u_core/u_b/u_b_core/core/core/l5/gk.frontend/win/shift_reg[21][129]/R
-0.106	u_top/u_core/u_b/u_b_core/core/core/shuffle/busy_reg/C	u_top/u_core/u_b/u_b_core/core/core/l5/gk.frontend/win/shift_reg[21][159]/R
-0.106	u_top/u_core/u_b/u_b_core/core/core/shuffle/busy_reg/C	u_top/u_core/u_b/u_b_core/core/core/l5/gk.frontend/win/shift_reg[21][17]/R
-0.106	u_top/u_core/u_b/u_b_core/core/core/shuffle/busy_reg/C	u_top/u_core/u_b/u_b_core/core/core/l5/gk.frontend/win/shift_reg[21][196]/R
-0.106	u_top/u_core/u_b/u_b_core/core/core/shuffle/busy_reg/C	u_top/u_core/u_b/u_b_core/core/core/l5/gk.frontend/win/shift_reg[21][20]/R
-0.106	u_top/u_core/u_b/u_b_core/core/core/shuffle/busy_reg/C	u_top/u_core/u_b/u_b_core/core/core/l5/gk.frontend/win/shift_reg[21][66]/R
-0.106	u_top/u_core/u_b/u_b_core/core/core/shuffle/busy_reg/C	u_top/u_core/u_b/u_b_core/core/core/l5/gk.frontend/win/shift_reg[22][106]/R
-0.106	u_top/u_core/u_b/u_b_core/core/core/shuffle/busy_reg/C	u_top/u_core/u_b/u_b_core/core/core/l5/gk.frontend/win/shift_reg[22][17]/R
-0.106	u_top/u_core/u_b/u_b_core/core/core/l5/mac/issue/out_phase_reg[1]_rep__11/C	u_top/u_core/u_b/u_b_core/core/core/l5/mac/mac/out_lane[3].mult_lane[36].operand_pipe.act_q_reg[3]/D
-0.106	u_top/u_core/u_b/u_b_core/core/core/l5/mac/issue/out_phase_reg[2]_rep/C	u_top/u_core/u_b/u_b_core/core/core/l5/mac/mac/out_lane[3].mult_lane[1].operand_pipe.weight_q_reg[7]/D
-0.105	u_top/u_core/u_b/u_b_core/core/core/l3/gk.frontend/win/row_mod_d_reg[0]_rep/C	u_top/u_core/u_b/u_b_core/core/core/l3/gk.frontend/win/shift_reg[2][101]/D
-0.105	u_top/u_core/u_b/u_b_core/core/core/shuffle/busy_reg/C	u_top/u_core/u_b/u_b_core/core/core/l5/gk.frontend/fifo/g_wide_read.g_read_slice[34].rd_ptr_local_reg[0]/R
-0.105	u_top/u_core/u_b/u_b_core/core/core/shuffle/busy_reg/C	u_top/u_core/u_b/u_b_core/core/core/l5/gk.frontend/fifo/g_wide_read.g_read_slice[34].rd_ptr_local_reg[1]/R
-0.105	u_top/u_core/u_b/u_b_core/core/core/l5/mac/mac/tree_stage[6].valid_q_reg[7]/C	u_top/u_core/u_b/u_b_core/core/core/l5/mac/issue/out_window_reg[1904]/CE
-0.105	u_top/u_core/u_b/u_b_core/core/core/l5/mac/mac/tree_stage[6].valid_q_reg[7]/C	u_top/u_core/u_b/u_b_core/core/core/l5/mac/issue/out_window_reg[1905]/CE
-0.105	u_top/u_core/u_b/u_b_core/core/core/l5/mac/mac/tree_stage[6].valid_q_reg[7]/C	u_top/u_core/u_b/u_b_core/core/core/l5/mac/issue/out_window_reg[1906]/CE
-0.105	u_top/u_core/u_b/u_b_core/core/core/l5/mac/mac/tree_stage[6].valid_q_reg[7]/C	u_top/u_core/u_b/u_b_core/core/core/l5/mac/issue/out_window_reg[1907]/CE
-0.105	u_top/u_core/u_b/u_b_core/core/core/l5/mac/mac/tree_stage[6].valid_q_reg[7]/C	u_top/u_core/u_b/u_b_core/core/core/l5/mac/issue/out_window_reg[1908]/CE
-0.105	u_top/u_core/u_b/u_b_core/core/core/l5/mac/mac/tree_stage[6].valid_q_reg[7]/C	u_top/u_core/u_b/u_b_core/core/core/l5/mac/issue/out_window_reg[1909]/CE
-0.105	u_top/u_core/u_b/u_b_core/core/core/l5/mac/mac/tree_stage[6].valid_q_reg[7]/C	u_top/u_core/u_b/u_b_core/core/core/l5/gk.frontend/fifo/g_wide_read.g_read_slice[57].rd_ptr_local_reg[0]/R
-0.105	u_top/u_core/u_b/u_b_core/core/core/l5/mac/mac/tree_stage[6].valid_q_reg[7]/C	u_top/u_core/u_b/u_b_core/core/core/l5/gk.frontend/fifo/g_wide_read.g_read_slice[57].rd_ptr_local_reg[1]/R
-0.105	u_top/u_core/u_b/u_b_core/core/core/l5/mac/issue/out_phase_reg[1]_rep__11/C	u_top/u_core/u_b/u_b_core/core/core/l5/mac/mac/out_lane[3].mult_lane[41].operand_pipe.act_q_reg[5]/D
-0.104	u_top/u_core/u_b/u_b_core/core/core/l3/gk.frontend/win/row_mod_d_reg[0]_rep/C	u_top/u_core/u_b/u_b_core/core/core/l3/gk.frontend/win/shift_reg[2][89]/D
-0.104	u_top/u_core/u_b/u_b_core/core/core/l5/mac/issue/out_phase_reg[1]_rep__1/C	u_top/u_core/u_b/u_b_core/core/core/l5/mac/mac/out_lane[1].mult_lane[18].operand_pipe.act_q_reg[2]/D
-0.104	u_top/u_core/u_b/u_b_core/core/core/l5/mac/issue/out_phase_reg[2]_rep__0/C	u_top/u_core/u_b/u_b_core/core/core/l5/mac/mac/out_lane[1].mult_lane[49].operand_pipe.weight_q_reg[4]/D
-0.104	u_top/u_core/u_b/u_b_core/core/core/f45/g_narrow_read.rd_ptr_local_reg[0]_replica_3/C	u_top/u_core/u_b/u_b_core/core/core/l5/gk.frontend/win/bank_gen[1].mem_reg_1/DIADI[12]
-0.104	u_top/u_core/u_b/u_b_core/core/core/l5/gk.frontend/pad/interior_x_reg/C	u_top/u_core/u_b/u_b_core/core/core/l5/gk.frontend/win/bank_gen[3].mem_reg_4/DIADI[13]
-0.104	u_top/u_core/u_b/u_b_core/core/core/l5/gk.frontend/win/bank_gen[0].mem_reg_3/CLKARDCLK	u_top/u_core/u_b/u_b_core/core/core/l5/gk.frontend/win/shift_reg[4][110]/D
-0.104	u_top/u_core/u_b/u_b_core/core/core/shuffle/busy_reg/C	u_top/u_core/u_b/u_b_core/core/core/l5/gk.frontend/win/shift_reg[20][25]/R
-0.104	u_top/u_core/u_b/u_b_core/core/core/shuffle/busy_reg/C	u_top/u_core/u_b/u_b_core/core/core/l5/gk.frontend/win/shift_reg[20][26]/R
-0.104	u_top/u_core/u_b/u_b_core/core/core/shuffle/busy_reg/C	u_top/u_core/u_b/u_b_core/core/core/l5/gk.frontend/win/shift_reg[20][32]/R
-0.104	u_top/u_core/u_b/u_b_core/core/core/shuffle/busy_reg/C	u_top/u_core/u_b/u_b_core/core/core/l5/gk.frontend/win/shift_reg[20][79]/R
-0.104	u_top/u_core/u_b/u_b_core/core/core/shuffle/busy_reg/C	u_top/u_core/u_b/u_b_core/core/core/l5/gk.frontend/win/shift_reg[21][88]/R
-0.104	u_top/u_core/u_b/u_b_core/core/core/l5/mac/mac/tree_stage[6].valid_q_reg[7]/C	u_top/u_core/u_b/u_b_core/core/core/l5/gk.frontend/fifo/g_wide_read.g_read_slice[19].rd_ptr_local_reg[0]/R
-0.104	u_top/u_core/u_b/u_b_core/core/core/l5/mac/mac/tree_stage[6].valid_q_reg[7]/C	u_top/u_core/u_b/u_b_core/core/core/l5/gk.frontend/fifo/g_wide_read.g_read_slice[19].rd_ptr_local_reg[1]/R
-0.104	u_top/u_core/u_b/u_b_core/core/core/l5/mac/issue/out_phase_reg[1]_rep__9/C	u_top/u_core/u_b/u_b_core/core/core/l5/mac/mac/out_lane[3].mult_lane[7].operand_pipe.act_q_reg[11]/D
-0.104	u_top/u_core/u_b/u_b_core/core/core/l5/mac/mac/tree_stage[6].valid_q_reg[7]/C	u_top/u_core/u_b/u_b_core/core/core/l5/mac/issue/out_window_reg[3776]/CE
-0.104	u_top/u_core/u_b/u_b_core/core/core/l5/mac/mac/tree_stage[6].valid_q_reg[7]/C	u_top/u_core/u_b/u_b_core/core/core/l5/mac/issue/out_window_reg[3777]/CE
-0.104	u_top/u_core/u_b/u_b_core/core/core/l5/mac/mac/tree_stage[6].valid_q_reg[7]/C	u_top/u_core/u_b/u_b_core/core/core/l5/mac/issue/out_window_reg[3778]/CE
-0.104	u_top/u_core/u_b/u_b_core/core/core/l5/mac/mac/tree_stage[6].valid_q_reg[7]/C	u_top/u_core/u_b/u_b_core/core/core/l5/mac/issue/out_window_reg[3779]/CE
-0.104	u_top/u_core/u_b/u_b_core/core/core/l5/mac/mac/tree_stage[6].valid_q_reg[7]/C	u_top/u_core/u_b/u_b_core/core/core/l5/mac/issue/out_window_reg[3780]/CE
-0.104	u_top/u_core/u_b/u_b_core/core/core/l5/mac/mac/tree_stage[6].valid_q_reg[7]/C	u_top/u_core/u_b/u_b_core/core/core/l5/mac/issue/out_window_reg[3781]/CE
-0.103	u_top/u_core/u_b/u_b_core/core/core/shuffle/busy_reg/C	u_top/u_core/u_b/u_b_core/core/core/l5/gk.frontend/win/shift_reg[17][20]/R
-0.103	u_top/u_core/u_b/u_b_core/core/core/shuffle/busy_reg/C	u_top/u_core/u_b/u_b_core/core/core/l5/gk.frontend/win/shift_reg[17][49]/R
-0.103	u_top/u_core/u_b/u_b_core/core/core/l5/mac/issue/out_phase_reg[0]_rep__6/C	u_top/u_core/u_b/u_b_core/core/core/l5/mac/mac/out_lane[0].mult_lane[14].operand_pipe.act_q_reg[7]/D
-0.103	u_top/u_core/u_b/u_b_core/core/core/l5/mac/mac/out_lane[2].mult_lane[22].operand_pipe.act_q_reg[15]/C	u_top/u_core/u_b/u_b_core/core/core/l5/mac/mac/out_lane[2].mult_lane[22].operand_pipe.sums_q_reg[0][2][22]/A[18]
-0.103	u_top/u_core/u_b/u_b_core/core/core/l5/mac/mac/out_lane[2].mult_lane[22].operand_pipe.act_q_reg[15]/C	u_top/u_core/u_b/u_b_core/core/core/l5/mac/mac/out_lane[2].mult_lane[22].operand_pipe.sums_q_reg[0][2][22]/A[19]
-0.103	u_top/u_core/u_b/u_b_core/core/core/l5/mac/issue/out_phase_reg[2]_rep__0/C	u_top/u_core/u_b/u_b_core/core/core/l5/mac/mac/out_lane[1].mult_lane[29].operand_pipe.weight_q_reg[5]/D
-0.103	u_top/u_core/u_b/u_b_core/core/core/l5/mac/mac/tree_stage[6].valid_q_reg[7]/C	u_top/u_core/u_b/u_b_core/core/core/l5/mac/issue/out_window_reg[3062]/CE
-0.103	u_top/u_core/u_b/u_b_core/core/core/l5/mac/mac/tree_stage[6].valid_q_reg[7]/C	u_top/u_core/u_b/u_b_core/core/core/l5/mac/issue/out_window_reg[3063]/CE
-0.103	u_top/u_core/u_b/u_b_core/core/core/l5/mac/mac/tree_stage[6].valid_q_reg[7]/C	u_top/u_core/u_b/u_b_core/core/core/l5/mac/issue/out_window_reg[3064]/CE
-0.103	u_top/u_core/u_b/u_b_core/core/core/l5/mac/mac/tree_stage[6].valid_q_reg[7]/C	u_top/u_core/u_b/u_b_core/core/core/l5/mac/issue/out_window_reg[3065]/CE
-0.103	u_top/u_core/u_b/u_b_core/core/core/l5/mac/mac/tree_stage[6].valid_q_reg[7]/C	u_top/u_core/u_b/u_b_core/core/core/l5/mac/issue/out_window_reg[3066]/CE
-0.103	u_top/u_core/u_b/u_b_core/core/core/l5/mac/mac/tree_stage[6].valid_q_reg[7]/C	u_top/u_core/u_b/u_b_core/core/core/l5/mac/issue/out_window_reg[3067]/CE
-0.103	u_top/u_core/u_b/u_b_core/core/core/l5/mac/issue/out_phase_reg[1]_rep/C	u_top/u_core/u_b/u_b_core/core/core/l5/mac/mac/out_lane[1].mult_lane[36].operand_pipe.weight_q_reg[7]/D
-0.103	u_top/u_core/u_b/u_b_core/core/core/f45/g_narrow_read.rd_ptr_local_reg[1]/C	u_top/u_core/u_b/u_b_core/core/core/l5/gk.frontend/win/bank_gen[1].mem_reg_6/DIADI[24]
-0.102	u_top/u_core/u_b/u_b_core/core/core/l5/mac/issue/out_phase_reg[2]_rep__6/C	u_top/u_core/u_b/u_b_core/core/core/l5/mac/mac/out_lane[0].mult_lane[48].operand_pipe.act_q_reg[15]/D
-0.102	u_top/u_core/u_ctrl/start_b_reg/C	u_top/u_core/u_in/req_addr_q_reg[8]_rep__12/CE
-0.102	u_top/u_core/u_ctrl/start_b_reg/C	u_top/u_core/u_in/req_addr_q_reg[9]_rep__12/CE
-0.102	u_top/u_core/u_ctrl/start_b_reg/C	u_top/u_core/u_in/req_addr_q_reg[9]_rep__4/CE
-0.102	u_top/u_core/u_b/u_b_core/core/core/l5/mac/issue/out_phase_reg[0]_rep__10/C	u_top/u_core/u_b/u_b_core/core/core/l5/mac/mac/out_lane[0].mult_lane[21].operand_pipe.act_q_reg[12]/D
-0.102	u_top/u_core/u_b/u_b_core/core/core/l5/gk.frontend/fifo/g_wide_read.g_read_slice[33].rd_ptr_local_reg[0]/C	u_top/u_core/u_b/u_b_core/core/core/l5/mac/issue/out_window_reg[2173]/D
-0.102	u_top/u_core/u_b/u_b_core/core/core/l3/gk.frontend/win/row_mod_d_reg[0]_rep/C	u_top/u_core/u_b/u_b_core/core/core/l3/gk.frontend/win/shift_reg[2][83]/D
-0.102	u_top/u_core/u_b/u_b_core/core/core/l4/post/read_slot_reg_rep/C	u_top/u_core/u_b/u_b_core/core/core/f45/g_narrow_read.mem_reg_0_31_18_23/RAMB/I
-0.102	u_top/u_core/u_b/u_b_core/core/core/l5/gk.frontend/pad/interior_y_reg/C	u_top/u_core/u_b/u_b_core/core/core/l5/gk.frontend/win/bank_gen[3].mem_reg_0/DIADI[11]
-0.101	u_top/u_core/u_b/u_b_core/core/core/l5/mac/issue/out_window_reg[2765]/C	u_top/u_core/u_b/u_b_core/core/core/l5/mac/mac/out_lane[2].mult_lane[10].operand_pipe.act_q_reg[13]/D
-0.101	u_top/u_core/u_b/u_b_core/core/core/l5/gk.frontend/win/bank_gen[1].mem_reg_3/CLKARDCLK	u_top/u_core/u_b/u_b_core/core/core/l5/gk.frontend/win/shift_reg[14][142]/D
-0.101	u_top/u_core/u_b/u_b_core/core/core/shuffle/busy_reg/C	u_top/u_core/u_b/u_b_core/core/core/l5/gk.frontend/win/shift_reg[0][103]/R
-0.101	u_top/u_core/u_b/u_b_core/core/core/shuffle/busy_reg/C	u_top/u_core/u_b/u_b_core/core/core/l5/gk.frontend/win/shift_reg[0][106]/R
-0.101	u_top/u_core/u_b/u_b_core/core/core/shuffle/busy_reg/C	u_top/u_core/u_b/u_b_core/core/core/l5/gk.frontend/win/shift_reg[0][117]/R
-0.101	u_top/u_core/u_b/u_b_core/core/core/shuffle/busy_reg/C	u_top/u_core/u_b/u_b_core/core/core/l5/gk.frontend/win/shift_reg[0][14]/R
-0.101	u_top/u_core/u_b/u_b_core/core/core/shuffle/busy_reg/C	u_top/u_core/u_b/u_b_core/core/core/l5/gk.frontend/win/shift_reg[0][168]/R
-0.101	u_top/u_core/u_b/u_b_core/core/core/shuffle/busy_reg/C	u_top/u_core/u_b/u_b_core/core/core/l5/gk.frontend/win/shift_reg[0][174]/R
-0.101	u_top/u_core/u_b/u_b_core/core/core/shuffle/busy_reg/C	u_top/u_core/u_b/u_b_core/core/core/l5/gk.frontend/win/shift_reg[0][195]/R
-0.101	u_top/u_core/u_b/u_b_core/core/core/shuffle/busy_reg/C	u_top/u_core/u_b/u_b_core/core/core/l5/gk.frontend/win/shift_reg[16][221]/R
-0.101	u_top/u_core/u_b/u_b_core/core/core/l5/mac/issue/out_phase_reg[2]_rep/C	u_top/u_core/u_b/u_b_core/core/core/l5/mac/mac/out_lane[2].mult_lane[2].operand_pipe.act_q_reg[13]/D
-0.101	u_top/u_core/u_b/u_b_core/core/core/l5/mac/mac/tree_stage[6].valid_q_reg[7]/C	u_top/u_core/u_b/u_b_core/core/core/l5/mac/mac/out_lane[3].mult_lane[35].operand_pipe.weight_q_reg[3]/CE
-0.101	u_top/u_core/u_b/u_b_core/core/core/l5/mac/issue/out_phase_reg[0]_rep__9/C	u_top/u_core/u_b/u_b_core/core/core/l5/mac/mac/out_lane[2].mult_lane[45].operand_pipe.act_q_reg[11]/D
-0.101	u_top/u_core/u_b/u_b_core/core/core/l5/mac/mac/tree_stage[6].valid_q_reg[7]/C	u_top/u_core/u_b/u_b_core/core/core/l5/mac/mac/out_lane[1].mult_lane[35].operand_pipe.act_q_reg[14]/CE
-0.101	u_top/u_core/u_b/u_b_core/core/core/l5/mac/mac/tree_stage[6].valid_q_reg[7]/C	u_top/u_core/u_b/u_b_core/core/core/l5/mac/mac/out_lane[1].mult_lane[35].operand_pipe.act_q_reg[15]/CE
-0.101	u_top/u_core/u_b/u_b_core/core/core/l5/mac/mac/tree_stage[6].valid_q_reg[7]/C	u_top/u_core/u_b/u_b_core/core/core/l5/mac/mac/out_lane[2].mult_lane[37].operand_pipe.act_q_reg[12]/CE
-0.101	u_top/u_core/u_b/u_b_core/core/core/l5/mac/mac/tree_stage[6].valid_q_reg[7]/C	u_top/u_core/u_b/u_b_core/core/core/l5/mac/mac/out_lane[2].mult_lane[37].operand_pipe.act_q_reg[13]/CE
-0.101	u_top/u_core/u_b/u_b_core/core/core/l5/mac/mac/tree_stage[6].valid_q_reg[7]/C	u_top/u_core/u_b/u_b_core/core/core/l5/mac/mac/out_lane[2].mult_lane[37].operand_pipe.act_q_reg[14]/CE
-0.101	u_top/u_core/u_b/u_b_core/core/core/l5/mac/mac/tree_stage[6].valid_q_reg[7]/C	u_top/u_core/u_b/u_b_core/core/core/l5/gk.frontend/fifo/g_wide_read.g_read_slice[87].rd_ptr_local_reg[0]/R
-0.101	u_top/u_core/u_b/u_b_core/core/core/l5/mac/mac/tree_stage[6].valid_q_reg[7]/C	u_top/u_core/u_b/u_b_core/core/core/l5/gk.frontend/fifo/g_wide_read.g_read_slice[87].rd_ptr_local_reg[1]/R
-0.101	u_top/u_core/u_b/u_b_core/core/core/l5/mac/issue/out_phase_reg[0]_rep__4/C	u_top/u_core/u_b/u_b_core/core/core/l5/mac/mac/out_lane[1].mult_lane[10].operand_pipe.act_q_reg[6]/D
-0.101	u_top/u_core/u_b/u_b_core/core/core/l5/mac/issue/out_window_reg[1372]/C	u_top/u_core/u_b/u_b_core/core/core/l5/mac/mac/out_lane[3].mult_lane[30].operand_pipe.act_q_reg[12]/D
-0.100	u_top/u_core/u_b/u_b_core/core/core/l5/gk.frontend/win/row_mod_d_reg[0]_rep__3/C	u_top/u_core/u_b/u_b_core/core/core/l5/gk.frontend/win/shift_reg[4][89]/D
-0.100	u_top/u_core/u_b/u_b_core/core/core/l5/mac/mac/tree_stage[6].valid_q_reg[7]/C	u_top/u_core/u_b/u_b_core/core/core/l5/mac/mac/tree_stage[2].channel[2].node[5].pair.sums_q_reg[2][2][5][24]/CE
-0.100	u_top/u_core/u_b/u_b_core/core/core/l5/mac/mac/tree_stage[6].valid_q_reg[7]/C	u_top/u_core/u_b/u_b_core/core/core/l5/mac/mac/tree_stage[2].channel[2].node[5].pair.sums_q_reg[2][2][5][25]/CE
-0.100	u_top/u_core/u_b/u_b_core/core/core/l5/mac/mac/tree_stage[6].valid_q_reg[7]/C	u_top/u_core/u_b/u_b_core/core/core/l5/mac/mac/tree_stage[2].channel[2].node[5].pair.sums_q_reg[2][2][5][26]/CE
-0.100	u_top/u_core/u_b/u_b_core/core/core/l5/mac/mac/tree_stage[6].valid_q_reg[7]/C	u_top/u_core/u_b/u_b_core/core/core/l5/mac/mac/tree_stage[2].channel[2].node[5].pair.sums_q_reg[2][2][5][27]/CE
-0.100	u_top/u_core/u_b/u_b_core/core/core/f45/g_narrow_read.rd_ptr_local_reg[4]/C	u_top/u_core/u_b/u_b_core/core/core/l5/gk.frontend/win/bank_gen[2].mem_reg_2/DIADI[11]
-0.100	u_top/u_core/u_b/u_b_core/core/core/l5/gk.frontend/win/col_reg[6]/C	u_top/u_core/u_b/u_b_core/core/core/l5/gk.frontend/win/bank_gen[3].mem_reg_6/ADDRARDADDR[11]
-0.100	u_top/u_core/u_b/u_b_core/core/core/l5/mac/mac/tree_stage[6].valid_q_reg[7]/C	u_top/u_core/u_b/u_b_core/core/core/l5/mac/issue/out_window_reg[3148]/CE
-0.100	u_top/u_core/u_b/u_b_core/core/core/l5/mac/mac/tree_stage[6].valid_q_reg[7]/C	u_top/u_core/u_b/u_b_core/core/core/l5/mac/issue/out_window_reg[3149]/CE
-0.100	u_top/u_core/u_b/u_b_core/core/core/l5/mac/mac/tree_stage[6].valid_q_reg[7]/C	u_top/u_core/u_b/u_b_core/core/core/l5/mac/issue/out_window_reg[3150]/CE
-0.100	u_top/u_core/u_b/u_b_core/core/core/l5/mac/mac/tree_stage[6].valid_q_reg[7]/C	u_top/u_core/u_b/u_b_core/core/core/l5/mac/issue/out_window_reg[3151]/CE
-0.100	u_top/u_core/u_b/u_b_core/core/core/l5/mac/mac/tree_stage[6].valid_q_reg[7]/C	u_top/u_core/u_b/u_b_core/core/core/l5/mac/issue/out_window_reg[3152]/CE
-0.100	u_top/u_core/u_b/u_b_core/core/core/l5/mac/mac/tree_stage[6].valid_q_reg[7]/C	u_top/u_core/u_b/u_b_core/core/core/l5/mac/issue/out_window_reg[3153]/CE
-0.100	u_top/u_core/u_b/u_b_core/core/core/l5/gk.frontend/win/bank_gen[1].mem_reg_6/CLKARDCLK	u_top/u_core/u_b/u_b_core/core/core/l5/gk.frontend/win/shift_reg[9][239]/D
-0.100	u_top/u_core/u_b/u_b_core/core/core/l5/mac/mac/tree_stage[6].valid_q_reg[7]/C	u_top/u_core/u_b/u_b_core/core/core/l5/mac/mac/tree_stage[1].channel[3].node[0].pair.sums_q_reg[1][3][0][0]/CE
-0.100	u_top/u_core/u_b/u_b_core/core/core/l5/mac/mac/tree_stage[6].valid_q_reg[7]/C	u_top/u_core/u_b/u_b_core/core/core/l5/mac/mac/tree_stage[1].channel[3].node[0].pair.sums_q_reg[1][3][0][1]/CE
-0.100	u_top/u_core/u_b/u_b_core/core/core/l5/mac/mac/tree_stage[6].valid_q_reg[7]/C	u_top/u_core/u_b/u_b_core/core/core/l5/mac/mac/tree_stage[1].channel[3].node[0].pair.sums_q_reg[1][3][0][2]/CE
-0.100	u_top/u_core/u_b/u_b_core/core/core/l5/mac/mac/tree_stage[6].valid_q_reg[7]/C	u_top/u_core/u_b/u_b_core/core/core/l5/mac/mac/tree_stage[1].channel[3].node[0].pair.sums_q_reg[1][3][0][3]/CE
-0.100	u_top/u_core/u_b/u_b_core/core/core/l5/mac/mac/tree_stage[6].valid_q_reg[7]/C	u_top/u_core/u_b/u_b_core/core/core/l5/mac/mac/out_lane[0].mult_lane[30].operand_pipe.act_q_reg[11]/CE
-0.100	u_top/u_core/u_b/u_b_core/core/core/l5/mac/mac/tree_stage[6].valid_q_reg[7]/C	u_top/u_core/u_b/u_b_core/core/core/l5/mac/mac/out_lane[0].mult_lane[30].operand_pipe.act_q_reg[15]/CE
-0.100	u_top/u_core/u_b/u_b_core/core/core/l5/mac/mac/tree_stage[6].valid_q_reg[7]/C	u_top/u_core/u_b/u_b_core/core/core/l5/mac/mac/out_lane[0].mult_lane[30].operand_pipe.act_q_reg[1]/CE
-0.100	u_top/u_core/u_b/u_b_core/core/core/l5/mac/mac/tree_stage[6].valid_q_reg[7]/C	u_top/u_core/u_b/u_b_core/core/core/l5/mac/mac/out_lane[0].mult_lane[30].operand_pipe.weight_q_reg[3]/CE
-0.100	u_top/u_core/u_b/u_b_core/core/core/l5/mac/mac/tree_stage[6].valid_q_reg[7]/C	u_top/u_core/u_b/u_b_core/core/core/l5/mac/mac/out_lane[2].mult_lane[15].operand_pipe.weight_q_reg[3]/CE
-0.100	u_top/u_core/u_b/u_b_core/core/core/l5/mac/issue/out_phase_reg[2]/C	u_top/u_core/u_b/u_b_core/core/core/l5/mac/mac/out_lane[2].mult_lane[3].operand_pipe.weight_q_reg[3]/D
-0.100	u_top/u_core/u_b/u_b_core/core/core/l5/mac/issue/out_phase_reg[2]_rep__8/C	u_top/u_core/u_b/u_b_core/core/core/l5/mac/mac/out_lane[3].mult_lane[39].operand_pipe.weight_q_reg[7]/D
-0.100	u_top/u_core/u_b/u_b_core/core/core/l5/mac/mac/tree_stage[6].valid_q_reg[7]/C	u_top/u_core/u_b/u_b_core/core/core/l5/mac/mac/tree_stage[1].channel[3].node[0].pair.sums_q_reg[1][3][0][12]/CE
-0.100	u_top/u_core/u_b/u_b_core/core/core/l5/mac/mac/tree_stage[6].valid_q_reg[7]/C	u_top/u_core/u_b/u_b_core/core/core/l5/mac/mac/tree_stage[1].channel[3].node[0].pair.sums_q_reg[1][3][0][13]/CE
-0.100	u_top/u_core/u_b/u_b_core/core/core/l5/mac/mac/tree_stage[6].valid_q_reg[7]/C	u_top/u_core/u_b/u_b_core/core/core/l5/mac/mac/tree_stage[1].channel[3].node[0].pair.sums_q_reg[1][3][0][14]/CE
-0.100	u_top/u_core/u_b/u_b_core/core/core/l5/mac/mac/tree_stage[6].valid_q_reg[7]/C	u_top/u_core/u_b/u_b_core/core/core/l5/mac/mac/tree_stage[1].channel[3].node[0].pair.sums_q_reg[1][3][0][15]/CE
-0.100	u_top/u_core/u_b/u_b_core/core/core/l5/mac/mac/tree_stage[6].valid_q_reg[7]/C	u_top/u_core/u_b/u_b_core/core/core/l5/gk.frontend/fifo/g_wide_read.g_read_slice[23].rd_ptr_local_reg[0]/R
-0.100	u_top/u_core/u_b/u_b_core/core/core/l5/mac/mac/tree_stage[6].valid_q_reg[7]/C	u_top/u_core/u_b/u_b_core/core/core/l5/gk.frontend/fifo/g_wide_read.g_read_slice[23].rd_ptr_local_reg[1]/R
-0.100	u_top/u_core/u_b/u_b_core/core/core/shuffle/busy_reg/C	u_top/u_core/u_b/u_b_core/core/core/l5/gk.frontend/win/shift_reg[23][74]/R
-0.100	u_top/u_core/u_b/u_b_core/core/core/shuffle/busy_reg/C	u_top/u_core/u_b/u_b_core/core/core/l5/gk.frontend/win/shift_reg[8][181]/R
-0.100	u_top/u_core/u_b/u_b_core/core/core/shuffle/busy_reg/C	u_top/u_core/u_b/u_b_core/core/core/l5/gk.frontend/win/shift_reg[8][197]/R
-0.100	u_top/u_core/u_b/u_b_core/core/core/shuffle/busy_reg/C	u_top/u_core/u_b/u_b_core/core/core/l5/gk.frontend/win/shift_reg[8][201]/R
-0.100	u_top/u_core/u_b/u_b_core/core/core/shuffle/busy_reg/C	u_top/u_core/u_b/u_b_core/core/core/l5/gk.frontend/win/shift_reg[8][208]/R
-0.099	u_top/u_core/u_b/u_b_core/core/core/l5/mac/issue/out_phase_reg[2]_rep__3/C	u_top/u_core/u_b/u_b_core/core/core/l5/mac/mac/out_lane[2].mult_lane[14].operand_pipe.act_q_reg[8]/D
-0.099	u_top/u_core/c2b_rd_q_reg/C	u_top/u_core/u_b/u_b_core/core/core/l1/gk.frontend/win/bank_gen[2].mem_reg/DIADI[6]
-0.099	u_top/u_core/u_b/u_b_core/core/core/l5/mac/issue/out_phase_reg[1]_rep__6/C	u_top/u_core/u_b/u_b_core/core/core/l5/mac/mac/out_lane[1].mult_lane[11].operand_pipe.act_q_reg[10]/D
-0.099	u_top/u_core/u_b/u_b_core/core/core/f45/g_narrow_read.rd_ptr_local_reg[3]/C	u_top/u_core/u_b/u_b_core/core/core/l5/gk.frontend/win/bank_gen[0].mem_reg_2/DIADI[3]
-0.099	u_top/u_core/u_b/u_b_core/core/core/l5/mac/mac/tree_stage[6].valid_q_reg[7]/C	u_top/u_core/u_b/u_b_core/core/core/l5/mac/mac/out_lane[0].mult_lane[20].operand_pipe.act_q_reg[1]/CE
-0.099	u_top/u_core/u_b/u_b_core/core/core/l5/mac/mac/tree_stage[6].valid_q_reg[7]/C	u_top/u_core/u_b/u_b_core/core/core/l5/mac/mac/out_lane[0].mult_lane[21].operand_pipe.weight_q_reg[1]/CE
-0.099	u_top/u_core/u_b/u_b_core/core/core/l5/mac/mac/tree_stage[6].valid_q_reg[7]/C	u_top/u_core/u_b/u_b_core/core/core/l5/mac/mac/out_lane[1].mult_lane[21].operand_pipe.weight_q_reg[0]/CE
-0.099	u_top/u_core/u_b/u_b_core/core/core/l5/mac/mac/tree_stage[6].valid_q_reg[7]/C	u_top/u_core/u_b/u_b_core/core/core/l5/mac/mac/out_lane[2].mult_lane[16].operand_pipe.weight_q_reg[3]/CE
-0.099	u_top/u_core/u_b/u_b_core/core/core/l5/mac/mac/tree_stage[6].valid_q_reg[7]/C	u_top/u_core/u_b/u_b_core/core/core/l5/mac/mac/out_lane[2].mult_lane[16].operand_pipe.weight_q_reg[5]/CE
-0.099	u_top/u_core/u_b/u_b_core/core/core/l5/mac/mac/tree_stage[6].valid_q_reg[7]/C	u_top/u_core/u_b/u_b_core/core/core/l5/mac/mac/out_lane[3].mult_lane[21].operand_pipe.act_q_reg[15]/CE
-0.099	u_top/u_core/u_b/u_b_core/core/core/l5/mac/mac/tree_stage[6].valid_q_reg[7]/C	u_top/u_core/u_b/u_b_core/core/core/l5/mac/mac/out_lane[3].mult_lane[21].operand_pipe.act_q_reg[3]/CE
-0.099	u_top/u_core/u_b/u_b_core/core/core/shuffle/busy_reg/C	u_top/u_core/u_b/u_b_core/core/core/l5/gk.frontend/win/shift_reg[15][119]/R
-0.099	u_top/u_core/u_b/u_b_core/core/core/shuffle/busy_reg/C	u_top/u_core/u_b/u_b_core/core/core/l5/gk.frontend/win/shift_reg[1][248]/R
-0.099	u_top/u_core/u_b/u_b_core/core/core/l5/gk.frontend/win/shift_reg[17][29]/C	u_top/u_core/u_b/u_b_core/core/core/l5/gk.frontend/win/shift_reg[16][29]/D
-0.099	u_top/u_core/u_b/u_b_core/core/core/l5/mac/issue/out_phase_reg[0]_rep__2_replica_1/C	u_top/u_core/u_b/u_b_core/core/core/l5/mac/mac/out_lane[1].mult_lane[7].operand_pipe.act_q_reg[8]/D
-0.099	u_top/u_core/u_b/u_b_core/core/core/l5/gk.frontend/win/row_mod_d_reg[1]_rep/C	u_top/u_core/u_b/u_b_core/core/core/l5/gk.frontend/win/shift_reg[9][74]/D
-0.099	u_top/u_core/u_b/u_b_core/core/core/l5/gk.frontend/fifo/g_wide_read.g_read_slice[53].rd_ptr_local_reg[1]/C	u_top/u_core/u_b/u_b_core/core/core/l5/mac/issue/out_window_reg[3392]/D
-0.099	u_top/u_core/u_b/u_b_core/core/core/l5/mac/issue/out_phase_reg[1]_rep__6/C	u_top/u_core/u_b/u_b_core/core/core/l5/mac/mac/out_lane[0].mult_lane[13].operand_pipe.act_q_reg[0]/D
-0.099	u_top/u_core/u_b/u_b_core/core/core/l5/mac/mac/out_lane[0].mult_lane[21].operand_pipe.act_q_reg[4]/C	u_top/u_core/u_b/u_b_core/core/core/l5/mac/mac/out_lane[0].mult_lane[21].operand_pipe.sums_q_reg[0][0][21]/A[4]
-0.099	u_top/u_core/u_b/u_b_core/core/core/shuffle/busy_reg/C	u_top/u_core/u_b/u_b_core/core/core/l5/gk.frontend/win/shift_reg[16][232]/R
-0.099	u_top/u_core/u_b/u_b_core/core/core/shuffle/busy_reg/C	u_top/u_core/u_b/u_b_core/core/core/l5/gk.frontend/win/shift_reg[21][237]/R
-0.099	u_top/u_core/u_b/u_b_core/core/core/shuffle/busy_reg/C	u_top/u_core/u_b/u_b_core/core/core/l5/gk.frontend/win/shift_reg[21][47]/R
-0.098	u_top/u_core/u_b/u_b_core/core/core/l5/mac/issue/out_window_reg[4578]/C	u_top/u_core/u_b/u_b_core/core/core/l5/mac/mac/out_lane[1].mult_lane[17].operand_pipe.act_q_reg[2]/D
-0.098	u_top/u_core/u_b/u_b_core/core/core/l5/gk.frontend/win/row_mod_d_reg[0]/C	u_top/u_core/u_b/u_b_core/core/core/l5/gk.frontend/win/shift_reg[9][39]/D
-0.098	u_top/u_core/u_b/u_b_core/core/core/f45/g_narrow_read.rd_ptr_local_reg[3]/C	u_top/u_core/u_b/u_b_core/core/core/l5/gk.frontend/win/bank_gen[3].mem_reg_5/DIADI[27]
-0.098	u_top/u_core/u_b/u_b_core/core/core/f45/g_narrow_read.rd_ptr_local_reg[3]/C	u_top/u_core/u_b/u_b_core/core/core/l5/gk.frontend/win/bank_gen[1].mem_reg_2/DIADI[6]
-0.098	u_top/u_core/u_b/u_b_core/core/core/l5/mac/mac/out_lane[0].mult_lane[35].operand_pipe.act_q_reg[2]/C	u_top/u_core/u_b/u_b_core/core/core/l5/mac/mac/out_lane[0].mult_lane[35].operand_pipe.sums_q_reg[0][0][35]/A[2]
-0.098	u_top/u_core/u_b/u_b_core/core/core/l5/mac/mac/out_lane[2].mult_lane[35].operand_pipe.act_q_reg[15]/C	u_top/u_core/u_b/u_b_core/core/core/l5/mac/mac/out_lane[2].mult_lane[35].operand_pipe.sums_q_reg[0][2][35]/A[26]
-0.098	u_top/u_core/u_b/u_b_core/core/core/l5/mac/mac/out_lane[2].mult_lane[35].operand_pipe.act_q_reg[15]/C	u_top/u_core/u_b/u_b_core/core/core/l5/mac/mac/out_lane[2].mult_lane[35].operand_pipe.sums_q_reg[0][2][35]/A[27]
-0.098	u_top/u_core/u_b/u_b_core/core/core/shuffle/busy_reg/C	u_top/u_core/u_b/u_b_core/core/core/l5/gk.frontend/win/shift_reg[16][3]/R
-0.098	u_top/u_core/u_b/u_b_core/core/core/shuffle/busy_reg/C	u_top/u_core/u_b/u_b_core/core/core/l5/gk.frontend/win/shift_reg[17][128]/R
-0.098	u_top/u_core/u_b/u_b_core/core/core/shuffle/busy_reg/C	u_top/u_core/u_b/u_b_core/core/core/l5/gk.frontend/win/shift_reg[20][185]/R
-0.098	u_top/u_core/u_b/u_b_core/core/core/l5/gk.frontend/pad/interior_x_reg/C	u_top/u_core/u_b/u_b_core/core/core/l5/gk.frontend/win/bank_gen[1].mem_reg_0/DIPADIP[1]
-0.098	u_top/u_core/u_b/u_b_core/core/core/l5/gk.frontend/win/bank_gen[1].mem_reg_1/CLKARDCLK	u_top/u_core/u_b/u_b_core/core/core/l5/gk.frontend/win/shift_reg[4][41]/D
-0.098	u_top/u_core/u_b/u_b_core/core/core/l5/mac/issue/out_phase_reg[1]_rep__12/C	u_top/u_core/u_b/u_b_core/core/core/l5/mac/mac/out_lane[0].mult_lane[38].operand_pipe.act_q_reg[12]/D
-0.098	u_top/u_core/u_b/u_b_core/core/core/f45/g_narrow_read.rd_ptr_local_reg[1]_replica_2/C	u_top/u_core/u_b/u_b_core/core/core/l5/gk.frontend/win/bank_gen[0].mem_reg_2/DIADI[16]
-0.097	u_top/u_core/u_b/u_b_core/core/core/l5/mac/mac/tree_stage[6].valid_q_reg[7]/C	u_top/u_core/u_b/u_b_core/core/core/l5/mac/mac/tree_stage[2].channel[0].node[3].pair.sums_q_reg[2][0][3][12]/CE
-0.097	u_top/u_core/u_b/u_b_core/core/core/l5/mac/mac/tree_stage[6].valid_q_reg[7]/C	u_top/u_core/u_b/u_b_core/core/core/l5/mac/mac/tree_stage[2].channel[0].node[3].pair.sums_q_reg[2][0][3][13]/CE
-0.097	u_top/u_core/u_b/u_b_core/core/core/l5/mac/mac/tree_stage[6].valid_q_reg[7]/C	u_top/u_core/u_b/u_b_core/core/core/l5/mac/mac/tree_stage[2].channel[0].node[3].pair.sums_q_reg[2][0][3][14]/CE
-0.097	u_top/u_core/u_b/u_b_core/core/core/l5/mac/mac/tree_stage[6].valid_q_reg[7]/C	u_top/u_core/u_b/u_b_core/core/core/l5/mac/mac/tree_stage[2].channel[0].node[3].pair.sums_q_reg[2][0][3][15]/CE
-0.097	u_top/u_core/u_b/u_b_core/core/core/l5/gk.frontend/pad/interior_x_reg/C	u_top/u_core/u_b/u_b_core/core/core/l5/gk.frontend/win/bank_gen[2].mem_reg_2/DIPADIP[3]
-0.097	u_top/u_core/u_b/u_b_core/core/core/l5/mac/issue/out_phase_reg[2]_rep__4/C	u_top/u_core/u_b/u_b_core/core/core/l5/mac/mac/out_lane[0].mult_lane[27].operand_pipe.act_q_reg[15]/D
-0.097	u_top/u_core/u_b/u_b_core/core/core/l5/mac/issue/out_window_reg[3532]/C	u_top/u_core/u_b/u_b_core/core/core/l5/mac/mac/out_lane[0].mult_lane[13].operand_pipe.act_q_reg[12]/D
-0.097	u_top/u_core/u_b/u_b_core/core/core/l5/mac/issue/out_phase_reg[0]_rep__10/C	u_top/u_core/u_b/u_b_core/core/core/l5/mac/mac/out_lane[2].mult_lane[22].operand_pipe.act_q_reg[10]/D
-0.097	u_top/u_core/u_b/u_b_core/core/core/shuffle/busy_reg/C	u_top/u_core/u_b/u_b_core/core/core/l5/gk.frontend/win/shift_reg[23][208]/R
-0.097	u_top/u_core/u_b/u_b_core/core/core/shuffle/busy_reg/C	u_top/u_core/u_b/u_b_core/core/core/l5/gk.frontend/win/shift_reg[23][48]/R
-0.097	u_top/u_core/u_b/u_b_core/core/core/l5/mac/mac/tree_stage[6].valid_q_reg[7]/C	u_top/u_core/u_b/u_b_core/core/core/l5/mac/mac/out_lane[2].mult_lane[3].operand_pipe.weight_q_reg[0]/S
-0.097	u_top/u_core/u_b/u_b_core/core/core/l5/gk.frontend/win/bank_gen[3].mem_reg_1/CLKARDCLK	u_top/u_core/u_b/u_b_core/core/core/l5/gk.frontend/win/shift_reg[14][70]/D
-0.097	u_top/u_core/u_b/u_b_core/core/core/l5/mac/issue/out_phase_reg[1]_rep/C	u_top/u_core/u_b/u_b_core/core/core/l5/mac/mac/out_lane[2].mult_lane[18].operand_pipe.weight_q_reg[6]/D
-0.097	u_top/u_core/u_b/u_b_core/core/core/f45/g_narrow_read.rd_ptr_local_reg[4]/C	u_top/u_core/u_b/u_b_core/core/core/l5/gk.frontend/win/bank_gen[1].mem_reg_0/DIADI[3]
-0.097	u_top/u_core/u_b/u_b_core/core/core/l4/post/meta_group_reg[8][0]/C	u_top/u_core/u_b/u_b_core/core/core/l4/post/output_slot_reg[1][20]/CE
-0.097	u_top/u_core/u_b/u_b_core/core/core/l4/post/meta_group_reg[8][0]/C	u_top/u_core/u_b/u_b_core/core/core/l4/post/output_slot_reg[1][21]/CE
-0.097	u_top/u_core/u_b/u_b_core/core/core/l5/mac/mac/tree_stage[6].valid_q_reg[7]/C	u_top/u_core/u_b/u_b_core/core/core/l5/mac/issue/out_window_reg[2992]/CE
-0.097	u_top/u_core/u_b/u_b_core/core/core/l5/mac/mac/tree_stage[6].valid_q_reg[7]/C	u_top/u_core/u_b/u_b_core/core/core/l5/mac/issue/out_window_reg[2993]/CE
-0.097	u_top/u_core/u_b/u_b_core/core/core/l5/mac/mac/tree_stage[6].valid_q_reg[7]/C	u_top/u_core/u_b/u_b_core/core/core/l5/mac/issue/out_window_reg[2994]/CE
-0.097	u_top/u_core/u_b/u_b_core/core/core/l5/mac/mac/tree_stage[6].valid_q_reg[7]/C	u_top/u_core/u_b/u_b_core/core/core/l5/mac/issue/out_window_reg[2995]/CE
-0.097	u_top/u_core/u_b/u_b_core/core/core/l5/mac/mac/tree_stage[6].valid_q_reg[7]/C	u_top/u_core/u_b/u_b_core/core/core/l5/mac/issue/out_window_reg[2996]/CE
-0.097	u_top/u_core/u_b/u_b_core/core/core/l5/mac/mac/tree_stage[6].valid_q_reg[7]/C	u_top/u_core/u_b/u_b_core/core/core/l5/mac/issue/out_window_reg[2997]/CE
-0.097	u_top/u_core/u_b/u_b_core/core/core/l5/mac/issue/out_phase_reg[1]_rep/C	u_top/u_core/u_b/u_b_core/core/core/l5/mac/mac/out_lane[3].mult_lane[9].operand_pipe.weight_q_reg[1]/D
-0.096	u_top/u_core/u_b/u_b_core/core/core/l5/mac/mac/tree_stage[6].valid_q_reg[7]/C	u_top/u_core/u_b/u_b_core/core/core/l5/mac/mac/out_lane[3].mult_lane[13].operand_pipe.weight_q_reg[0]/R
-0.096	u_top/u_core/u_b/u_b_core/core/core/l5/mac/issue/out_phase_reg[2]_rep__3/C	u_top/u_core/u_b/u_b_core/core/core/l5/mac/mac/out_lane[3].mult_lane[8].operand_pipe.weight_q_reg[2]/D
-0.096	u_top/u_core/u_b/u_b_core/core/core/l5/gk.frontend/win/row_mod_d_reg[0]/C	u_top/u_core/u_b/u_b_core/core/core/l5/gk.frontend/win/shift_reg[19][49]/D
-0.096	u_top/u_core/u_b/u_b_core/core/core/l5/mac/issue/out_phase_reg[2]_rep__8/C	u_top/u_core/u_b/u_b_core/core/core/l5/mac/mac/out_lane[0].mult_lane[35].operand_pipe.act_q_reg[2]/D
-0.096	u_top/u_core/u_b/u_b_core/core/core/l5/gk.frontend/fifo/count_reg[1]/C	u_top/u_core/u_b/u_b_core/core/core/l5/gk.frontend/pending1_reg_replica_32/D
-0.096	u_top/u_core/u_b/u_b_core/core/core/l5/mac/mac/tree_stage[6].valid_q_reg[7]/C	u_top/u_core/u_b/u_b_core/core/core/l5/mac/issue/out_phase_reg[0]/D
-0.096	u_top/u_core/u_b/u_b_core/core/core/l5/gk.frontend/fifo/g_wide_read.g_read_slice[51].rd_ptr_local_reg[1]/C	u_top/u_core/u_b/u_b_core/core/core/l5/mac/issue/out_window_reg[3304]/D
-0.096	u_top/u_core/u_b/u_b_core/core/core/l5/mac/mac/tree_stage[6].valid_q_reg[7]/C	u_top/u_core/u_b/u_b_core/core/core/l5/mac/issue/out_phase_reg[1]_rep__0_replica/D
-0.095	u_top/u_core/u_b/u_b_core/core/core/l5/gk.frontend/win/shift_reg[17][200]/C	u_top/u_core/u_b/u_b_core/core/core/l5/gk.frontend/fifo/g_wide_read.g_read_slice[71].mem_slice_reg_0_3_6_11/RAMB/I
-0.095	u_top/u_core/u_b/u_b_core/core/core/l5/mac/issue/out_phase_reg[2]_replica_1/C	u_top/u_core/u_b/u_b_core/core/core/l5/mac/mac/out_lane[3].mult_lane[4].operand_pipe.act_q_reg[4]/D
-0.095	u_top/u_core/u_b/u_b_core/core/core/l5/mac/issue/out_phase_reg[0]_rep__10/C	u_top/u_core/u_b/u_b_core/core/core/l5/mac/mac/out_lane[0].mult_lane[22].operand_pipe.act_q_reg[15]/D
-0.095	u_top/u_core/u_b/u_b_core/core/core/l5/gk.frontend/win/row_mod_d_reg[0]_rep__4/C	u_top/u_core/u_b/u_b_core/core/core/l5/gk.frontend/win/shift_reg[14][187]/D
-0.095	u_top/u_core/u_b/u_b_core/core/core/l5/mac/issue/out_phase_reg[1]_rep__11/C	u_top/u_core/u_b/u_b_core/core/core/l5/mac/mac/out_lane[2].mult_lane[36].operand_pipe.act_q_reg[3]/D
-0.095	u_top/u_core/u_b/u_b_core/core/core/l5/mac/issue/out_phase_reg[2]_rep__1/C	u_top/u_core/u_b/u_b_core/core/core/l5/mac/mac/out_lane[0].mult_lane[20].operand_pipe.act_q_reg[5]/D
-0.095	u_top/u_core/u_b/u_b_core/core/core/shuffle/busy_reg/C	u_top/u_core/u_b/u_b_core/core/core/l5/gk.frontend/win/shift_reg[16][43]/R
-0.095	u_top/u_core/u_b/u_b_core/core/core/l5/mac/issue/out_phase_reg[1]_rep__9/C	u_top/u_core/u_b/u_b_core/core/core/l5/mac/mac/out_lane[1].mult_lane[7].operand_pipe.act_q_reg[14]/D
-0.095	u_top/u_core/u_b/u_b_core/core/core/l5/mac/mac/out_lane[0].mult_lane[49].operand_pipe.act_q_reg[7]/C	u_top/u_core/u_b/u_b_core/core/core/l5/mac/mac/out_lane[0].mult_lane[49].operand_pipe.sums_q_reg[0][0][49]/A[7]
-0.094	u_top/u_core/u_b/u_b_core/core/core/l5/mac/issue/out_phase_reg[0]_rep__13/C	u_top/u_core/u_b/u_b_core/core/core/l5/mac/mac/out_lane[2].mult_lane[4].operand_pipe.weight_q_reg[6]/D
-0.094	u_top/u_core/u_b/u_b_core/core/core/l5/mac/mac/tree_stage[6].valid_q_reg[7]/C	u_top/u_core/u_b/u_b_core/core/core/l5/mac/issue/out_window_reg[3212]/CE
-0.094	u_top/u_core/u_b/u_b_core/core/core/l5/mac/mac/tree_stage[6].valid_q_reg[7]/C	u_top/u_core/u_b/u_b_core/core/core/l5/mac/issue/out_window_reg[3213]/CE
-0.094	u_top/u_core/u_b/u_b_core/core/core/l5/mac/mac/tree_stage[6].valid_q_reg[7]/C	u_top/u_core/u_b/u_b_core/core/core/l5/mac/issue/out_window_reg[3214]/CE
-0.094	u_top/u_core/u_b/u_b_core/core/core/l5/mac/mac/tree_stage[6].valid_q_reg[7]/C	u_top/u_core/u_b/u_b_core/core/core/l5/mac/issue/out_window_reg[3215]/CE
-0.094	u_top/u_core/u_b/u_b_core/core/core/l5/mac/mac/tree_stage[6].valid_q_reg[7]/C	u_top/u_core/u_b/u_b_core/core/core/l5/mac/issue/out_window_reg[3216]/CE
-0.094	u_top/u_core/u_b/u_b_core/core/core/l5/mac/mac/tree_stage[6].valid_q_reg[7]/C	u_top/u_core/u_b/u_b_core/core/core/l5/mac/issue/out_window_reg[3217]/CE
-0.094	u_top/u_core/u_b/u_b_core/core/core/shuffle/busy_reg/C	u_top/u_core/u_b/u_b_core/core/core/l5/gk.frontend/win/shift_reg[23][81]/R
-0.094	u_top/u_core/u_b/u_b_core/core/core/shuffle/busy_reg/C	u_top/u_core/u_b/u_b_core/core/core/l5/gk.frontend/win/shift_reg[23][96]/R
-0.094	u_top/u_core/u_b/u_b_core/core/core/l5/gk.frontend/pad/interior_x_reg/C	u_top/u_core/u_b/u_b_core/core/core/l5/gk.frontend/win/bank_gen[3].mem_reg_0/DIPADIP[1]
-0.094	u_top/u_core/u_b/u_b_core/core/core/l5/mac/issue/out_phase_reg[0]_rep__15/C	u_top/u_core/u_b/u_b_core/core/core/l5/mac/mac/out_lane[0].mult_lane[9].operand_pipe.weight_q_reg[7]/D
-0.094	u_top/u_core/u_b/u_b_core/core/core/l5/gk.frontend/fifo/count_reg[1]/C	u_top/u_core/u_b/u_b_core/core/core/l5/gk.frontend/pending1_reg_replica_30/D
-0.094	u_top/u_core/u_b/u_b_core/core/core/l5/gk.frontend/win/bank_gen[0].mem_reg_3/CLKARDCLK	u_top/u_core/u_b/u_b_core/core/core/l5/gk.frontend/win/shift_reg[19][126]/D
-0.094	u_top/u_core/u_b/u_b_core/core/core/l5/gk.frontend/fifo/g_wide_read.g_read_slice[53].rd_ptr_local_reg[1]/C	u_top/u_core/u_b/u_b_core/core/core/l5/mac/issue/out_window_reg[3394]/D
-0.094	u_top/u_core/u_b/u_b_core/core/core/l5/mac/issue/out_window_reg[5152]/C	u_top/u_core/u_b/u_b_core/core/core/l5/mac/mac/out_lane[3].mult_lane[20].operand_pipe.act_q_reg[0]/D
-0.094	u_top/u_core/u_b/u_b_core/core/core/l5/gk.frontend/win/bank_gen[2].mem_reg_0/CLKARDCLK	u_top/u_core/u_b/u_b_core/core/core/l5/gk.frontend/win/shift_reg[9][29]/D
-0.094	u_top/u_core/u_b/u_b_core/core/core/l5/gk.frontend/fifo/count_reg[1]/C	u_top/u_core/u_b/u_b_core/core/core/f45/g_narrow_read.mem_reg_0_31_204_209/RAMA/WE
-0.094	u_top/u_core/u_b/u_b_core/core/core/l5/gk.frontend/fifo/count_reg[1]/C	u_top/u_core/u_b/u_b_core/core/core/f45/g_narrow_read.mem_reg_0_31_204_209/RAMA_D1/WE
-0.094	u_top/u_core/u_b/u_b_core/core/core/l5/gk.frontend/fifo/count_reg[1]/C	u_top/u_core/u_b/u_b_core/core/core/f45/g_narrow_read.mem_reg_0_31_204_209/RAMB/WE
-0.094	u_top/u_core/u_b/u_b_core/core/core/l5/gk.frontend/fifo/count_reg[1]/C	u_top/u_core/u_b/u_b_core/core/core/f45/g_narrow_read.mem_reg_0_31_204_209/RAMB_D1/WE
-0.094	u_top/u_core/u_b/u_b_core/core/core/l5/gk.frontend/fifo/count_reg[1]/C	u_top/u_core/u_b/u_b_core/core/core/f45/g_narrow_read.mem_reg_0_31_204_209/RAMC/WE
-0.094	u_top/u_core/u_b/u_b_core/core/core/l5/gk.frontend/fifo/count_reg[1]/C	u_top/u_core/u_b/u_b_core/core/core/f45/g_narrow_read.mem_reg_0_31_204_209/RAMC_D1/WE
-0.094	u_top/u_core/u_b/u_b_core/core/core/l5/gk.frontend/fifo/count_reg[1]/C	u_top/u_core/u_b/u_b_core/core/core/f45/g_narrow_read.mem_reg_0_31_204_209/RAMD/WE
-0.094	u_top/u_core/u_b/u_b_core/core/core/l5/gk.frontend/fifo/count_reg[1]/C	u_top/u_core/u_b/u_b_core/core/core/f45/g_narrow_read.mem_reg_0_31_204_209/RAMD_D1/WE
-0.093	u_top/u_core/u_b/u_b_core/core/core/l5/mac/issue/out_phase_reg[0]_rep__15/C	u_top/u_core/u_b/u_b_core/core/core/l5/mac/mac/out_lane[1].mult_lane[25].operand_pipe.weight_q_reg[5]/D
-0.093	u_top/u_core/u_b/u_b_core/core/core/shuffle/busy_reg/C	u_top/u_core/u_b/u_b_core/core/core/l5/gk.frontend/win/shift_reg[23][247]/R
-0.093	u_top/u_core/u_b/u_b_core/core/core/shuffle/busy_reg/C	u_top/u_core/u_b/u_b_core/core/core/l5/gk.frontend/win/shift_reg[4][188]/R
-0.093	u_top/u_core/u_b/u_b_core/core/core/f45/g_narrow_read.rd_ptr_local_reg[1]/C	u_top/u_core/u_b/u_b_core/core/core/l5/gk.frontend/win/bank_gen[3].mem_reg_1/DIADI[30]
-0.093	u_top/u_core/u_b/u_b_core/core/core/l5/mac/issue/out_phase_reg[1]_rep/C	u_top/u_core/u_b/u_b_core/core/core/l5/mac/mac/out_lane[1].mult_lane[48].operand_pipe.weight_q_reg[3]/D
-0.093	u_top/u_core/u_b/u_b_core/core/core/l5/mac/mac/tree_stage[3].valid_q_reg[4]/C	u_top/u_core/u_b/u_b_core/core/core/l5/mac/mac/tree_stage[3].channel[3].node[0].pair.sums_q_reg[3][3][0][16]/CE
-0.093	u_top/u_core/u_b/u_b_core/core/core/l5/mac/mac/tree_stage[3].valid_q_reg[4]/C	u_top/u_core/u_b/u_b_core/core/core/l5/mac/mac/tree_stage[3].channel[3].node[0].pair.sums_q_reg[3][3][0][17]/CE
-0.093	u_top/u_core/u_b/u_b_core/core/core/l5/mac/mac/tree_stage[3].valid_q_reg[4]/C	u_top/u_core/u_b/u_b_core/core/core/l5/mac/mac/tree_stage[3].channel[3].node[0].pair.sums_q_reg[3][3][0][18]/CE
-0.093	u_top/u_core/u_b/u_b_core/core/core/l5/mac/mac/tree_stage[3].valid_q_reg[4]/C	u_top/u_core/u_b/u_b_core/core/core/l5/mac/mac/tree_stage[3].channel[3].node[0].pair.sums_q_reg[3][3][0][19]/CE
-0.093	u_top/u_core/u_b/u_b_core/core/core/l5/mac/mac/tree_stage[6].valid_q_reg[7]/C	u_top/u_core/u_b/u_b_core/core/core/l5/mac/issue/out_window_reg[1502]/CE
-0.093	u_top/u_core/u_b/u_b_core/core/core/l5/mac/mac/tree_stage[6].valid_q_reg[7]/C	u_top/u_core/u_b/u_b_core/core/core/l5/mac/issue/out_window_reg[1503]/CE
-0.093	u_top/u_core/u_b/u_b_core/core/core/l5/mac/mac/tree_stage[6].valid_q_reg[7]/C	u_top/u_core/u_b/u_b_core/core/core/l5/mac/issue/out_window_reg[1504]/CE
-0.093	u_top/u_core/u_b/u_b_core/core/core/l5/mac/mac/tree_stage[6].valid_q_reg[7]/C	u_top/u_core/u_b/u_b_core/core/core/l5/mac/issue/out_window_reg[1505]/CE
-0.093	u_top/u_core/u_b/u_b_core/core/core/l5/mac/mac/tree_stage[6].valid_q_reg[7]/C	u_top/u_core/u_b/u_b_core/core/core/l5/mac/issue/out_window_reg[1506]/CE
-0.093	u_top/u_core/u_b/u_b_core/core/core/l5/mac/mac/tree_stage[6].valid_q_reg[7]/C	u_top/u_core/u_b/u_b_core/core/core/l5/mac/issue/out_window_reg[1507]/CE
-0.093	u_top/u_core/u_b/u_b_core/core/core/l5/mac/mac/tree_stage[6].valid_q_reg[7]/C	u_top/u_core/u_b/u_b_core/core/core/l5/mac/mac/tree_stage[2].channel[0].node[3].pair.sums_q_reg[2][0][3][16]/CE
-0.093	u_top/u_core/u_b/u_b_core/core/core/l5/mac/mac/tree_stage[6].valid_q_reg[7]/C	u_top/u_core/u_b/u_b_core/core/core/l5/mac/mac/tree_stage[2].channel[0].node[3].pair.sums_q_reg[2][0][3][17]/CE
-0.093	u_top/u_core/u_b/u_b_core/core/core/l5/mac/mac/tree_stage[6].valid_q_reg[7]/C	u_top/u_core/u_b/u_b_core/core/core/l5/mac/mac/tree_stage[2].channel[0].node[3].pair.sums_q_reg[2][0][3][18]/CE
-0.093	u_top/u_core/u_b/u_b_core/core/core/l5/mac/mac/tree_stage[6].valid_q_reg[7]/C	u_top/u_core/u_b/u_b_core/core/core/l5/mac/mac/tree_stage[2].channel[0].node[3].pair.sums_q_reg[2][0][3][19]/CE
-0.093	u_top/u_core/u_b/u_b_core/core/core/l5/mac/issue/out_phase_reg[0]_rep__13/C	u_top/u_core/u_b/u_b_core/core/core/l5/mac/mac/out_lane[2].mult_lane[4].operand_pipe.weight_q_reg[7]/D
-0.093	u_top/u_core/u_b/u_b_core/core/core/l5/gk.frontend/win/shift_reg[18][153]/C	u_top/u_core/u_b/u_b_core/core/core/l5/gk.frontend/fifo/g_wide_read.g_read_slice[74].mem_slice_reg_0_3_24_29/RAMA_D1/I
-0.093	u_top/u_core/u_b/u_b_core/core/core/l5/gk.frontend/win/bank_gen[1].mem_reg_6/CLKARDCLK	u_top/u_core/u_b/u_b_core/core/core/l5/gk.frontend/win/shift_reg[19][242]/D
-0.093	u_top/u_core/u_b/u_b_core/core/core/shuffle/busy_reg/C	u_top/u_core/u_b/u_b_core/core/core/l5/gk.frontend/win/shift_reg[17][159]/R
-0.093	u_top/u_core/u_b/u_b_core/core/core/shuffle/busy_reg/C	u_top/u_core/u_b/u_b_core/core/core/l5/gk.frontend/win/shift_reg[17][48]/R
-0.093	u_top/u_core/u_b/u_b_core/core/core/shuffle/busy_reg/C	u_top/u_core/u_b/u_b_core/core/core/l5/gk.frontend/win/shift_reg[17][85]/R
-0.093	u_top/u_core/u_b/u_b_core/core/core/shuffle/busy_reg/C	u_top/u_core/u_b/u_b_core/core/core/l5/gk.frontend/win/shift_reg[2][215]/R
-0.092	u_top/u_core/u_b/u_b_core/core/core/l5/gk.frontend/win/bank_gen[3].mem_reg_6/CLKARDCLK	u_top/u_core/u_b/u_b_core/core/core/l5/gk.frontend/win/shift_reg[14][246]/D
-0.092	u_top/u_core/u_b/u_b_core/core/core/l5/mac/issue/out_phase_reg[2]_rep__5/C	u_top/u_core/u_b/u_b_core/core/core/l5/mac/mac/out_lane[0].mult_lane[30].operand_pipe.act_q_reg[0]/D
-0.092	u_top/u_core/u_b/u_b_core/core/core/shuffle/busy_reg/C	u_top/u_core/u_b/u_b_core/core/core/l5/gk.frontend/win/shift_reg[17][158]/R
-0.092	u_top/u_core/u_b/u_b_core/core/core/shuffle/busy_reg/C	u_top/u_core/u_b/u_b_core/core/core/l5/gk.frontend/win/shift_reg[17][29]/R
-0.092	u_top/u_core/u_b/u_b_core/core/core/shuffle/busy_reg/C	u_top/u_core/u_b/u_b_core/core/core/l5/gk.frontend/win/shift_reg[17][89]/R
-0.092	u_top/u_core/u_b/u_b_core/core/core/shuffle/busy_reg/C	u_top/u_core/u_b/u_b_core/core/core/l5/gk.frontend/win/shift_reg[18][159]/R
-0.092	u_top/u_core/u_b/u_b_core/core/core/shuffle/busy_reg/C	u_top/u_core/u_b/u_b_core/core/core/l5/gk.frontend/win/shift_reg[18][174]/R
-0.092	u_top/u_core/u_b/u_b_core/core/core/shuffle/busy_reg/C	u_top/u_core/u_b/u_b_core/core/core/l5/gk.frontend/win/shift_reg[18][244]/R
-0.092	u_top/u_core/u_b/u_b_core/core/core/shuffle/busy_reg/C	u_top/u_core/u_b/u_b_core/core/core/l5/gk.frontend/win/shift_reg[18][29]/R
-0.092	u_top/u_core/u_b/u_b_core/core/core/shuffle/busy_reg/C	u_top/u_core/u_b/u_b_core/core/core/l5/gk.frontend/win/shift_reg[5][249]/R
-0.092	u_top/u_core/u_b/u_b_core/core/core/l3/gk.frontend/win/row_mod_d_reg[0]_rep/C	u_top/u_core/u_b/u_b_core/core/core/l3/gk.frontend/win/shift_reg[2][93]/D
-0.092	u_top/u_core/u_b/u_b_core/core/core/l5/mac/issue/out_phase_reg[0]_rep__2_replica_1/C	u_top/u_core/u_b/u_b_core/core/core/l5/mac/mac/out_lane[3].mult_lane[7].operand_pipe.act_q_reg[5]/D
-0.092	u_top/u_core/u_b/u_b_core/core/core/shuffle/busy_reg/C	u_top/u_core/u_b/u_b_core/core/core/l5/gk.frontend/win/shift_reg[2][18]/R
-0.092	u_top/u_core/u_b/u_b_core/core/core/shuffle/busy_reg/C	u_top/u_core/u_b/u_b_core/core/core/l5/gk.frontend/win/shift_reg[2][20]/R
-0.092	u_top/u_core/u_b/u_b_core/core/core/shuffle/busy_reg/C	u_top/u_core/u_b/u_b_core/core/core/l5/gk.frontend/win/shift_reg[11][58]/R
-0.092	u_top/u_core/u_b/u_b_core/core/core/l5/mac/issue/out_window_reg[3826]/C	u_top/u_core/u_b/u_b_core/core/core/l5/mac/mac/out_lane[1].mult_lane[39].operand_pipe.act_q_reg[2]/D
-0.092	u_top/u_core/u_b/u_b_core/core/core/l5/mac/issue/out_phase_reg[0]_rep__6/C	u_top/u_core/u_b/u_b_core/core/core/l5/mac/mac/out_lane[1].mult_lane[39].operand_pipe.act_q_reg[8]/D
-0.092	u_top/u_core/u_b/u_b_core/core/core/l5/mac/issue/out_phase_reg[0]_rep__1_replica/C	u_top/u_core/u_b/u_b_core/core/core/l5/mac/mac/out_lane[3].mult_lane[4].operand_pipe.act_q_reg[15]/D
-0.092	u_top/u_core/u_b/u_b_core/core/core/l5/mac/issue/out_phase_reg[0]_rep__15/C	u_top/u_core/u_b/u_b_core/core/core/l5/mac/mac/out_lane[2].mult_lane[24].operand_pipe.weight_q_reg[4]/R
-0.092	u_top/u_core/u_b/u_b_core/core/core/l5/mac/issue/out_phase_reg[0]_rep__15/C	u_top/u_core/u_b/u_b_core/core/core/l5/mac/mac/out_lane[2].mult_lane[24].operand_pipe.weight_q_reg[6]/R
-0.091	u_top/u_core/u_b/u_b_core/core/core/l5/mac/mac/tree_stage[6].valid_q_reg[7]/C	u_top/u_core/u_b/u_b_core/core/core/l5/mac/issue/out_window_reg[3248]/CE
-0.091	u_top/u_core/u_b/u_b_core/core/core/l5/mac/mac/tree_stage[6].valid_q_reg[7]/C	u_top/u_core/u_b/u_b_core/core/core/l5/mac/issue/out_window_reg[3249]/CE
-0.091	u_top/u_core/u_b/u_b_core/core/core/l5/mac/mac/tree_stage[6].valid_q_reg[7]/C	u_top/u_core/u_b/u_b_core/core/core/l5/mac/issue/out_window_reg[3250]/CE
-0.091	u_top/u_core/u_b/u_b_core/core/core/l5/mac/mac/tree_stage[6].valid_q_reg[7]/C	u_top/u_core/u_b/u_b_core/core/core/l5/mac/issue/out_window_reg[3251]/CE
-0.091	u_top/u_core/u_b/u_b_core/core/core/l5/mac/mac/tree_stage[6].valid_q_reg[7]/C	u_top/u_core/u_b/u_b_core/core/core/l5/mac/issue/out_window_reg[3252]/CE
-0.091	u_top/u_core/u_b/u_b_core/core/core/l5/mac/mac/tree_stage[6].valid_q_reg[7]/C	u_top/u_core/u_b/u_b_core/core/core/l5/mac/issue/out_window_reg[3253]/CE
-0.091	u_top/u_core/u_b/u_b_core/core/core/l5/mac/mac/tree_stage[3].valid_q_reg[4]/C	u_top/u_core/u_b/u_b_core/core/core/l5/mac/mac/tree_stage[3].channel[2].node[1].pair.sums_q_reg[3][2][1][10]/CE
-0.091	u_top/u_core/u_b/u_b_core/core/core/l5/mac/mac/tree_stage[3].valid_q_reg[4]/C	u_top/u_core/u_b/u_b_core/core/core/l5/mac/mac/tree_stage[3].channel[2].node[1].pair.sums_q_reg[3][2][1][11]/CE
-0.091	u_top/u_core/u_b/u_b_core/core/core/l5/mac/mac/tree_stage[3].valid_q_reg[4]/C	u_top/u_core/u_b/u_b_core/core/core/l5/mac/mac/tree_stage[3].channel[2].node[1].pair.sums_q_reg[3][2][1][8]/CE
-0.091	u_top/u_core/u_b/u_b_core/core/core/l5/mac/mac/tree_stage[3].valid_q_reg[4]/C	u_top/u_core/u_b/u_b_core/core/core/l5/mac/mac/tree_stage[3].channel[2].node[1].pair.sums_q_reg[3][2][1][9]/CE
-0.091	u_top/u_core/u_b/u_b_core/core/core/shuffle/busy_reg/C	u_top/u_core/u_b/u_b_core/core/core/l5/gk.frontend/win/shift_reg[15][199]/R
-0.091	u_top/u_core/u_b/u_b_core/core/core/shuffle/busy_reg/C	u_top/u_core/u_b/u_b_core/core/core/l5/gk.frontend/win/shift_reg[16][199]/R
-0.091	u_top/u_core/u_b/u_b_core/core/core/l5/gk.frontend/win/bank_gen[1].mem_reg_6/CLKARDCLK	u_top/u_core/u_b/u_b_core/core/core/l5/gk.frontend/win/shift_reg[19][249]/D
-0.091	u_top/u_core/u_b/u_b_core/core/core/l5/mac/mac/tree_stage[6].valid_q_reg[7]/C	u_top/u_core/u_b/u_b_core/core/core/l5/mac/mac/tree_stage[1].channel[3].node[1].pair.sums_q_reg[1][3][1][0]/CE
-0.091	u_top/u_core/u_b/u_b_core/core/core/l5/mac/mac/tree_stage[6].valid_q_reg[7]/C	u_top/u_core/u_b/u_b_core/core/core/l5/mac/mac/tree_stage[1].channel[3].node[1].pair.sums_q_reg[1][3][1][1]/CE
-0.091	u_top/u_core/u_b/u_b_core/core/core/l5/mac/mac/tree_stage[6].valid_q_reg[7]/C	u_top/u_core/u_b/u_b_core/core/core/l5/mac/mac/tree_stage[1].channel[3].node[1].pair.sums_q_reg[1][3][1][2]/CE
-0.091	u_top/u_core/u_b/u_b_core/core/core/l5/mac/mac/tree_stage[6].valid_q_reg[7]/C	u_top/u_core/u_b/u_b_core/core/core/l5/mac/mac/tree_stage[1].channel[3].node[1].pair.sums_q_reg[1][3][1][3]/CE
-0.091	u_top/u_core/u_b/u_b_core/core/core/l5/gk.frontend/win/bank_gen[1].mem_reg_3/CLKARDCLK	u_top/u_core/u_b/u_b_core/core/core/l5/gk.frontend/win/shift_reg[19][122]/D
-0.090	u_top/u_core/u_b/u_b_core/core/core/l5/mac/issue/out_phase_reg[0]_rep__15/C	u_top/u_core/u_b/u_b_core/core/core/l5/mac/mac/out_lane[1].mult_lane[25].operand_pipe.weight_q_reg[4]/D
-0.090	u_top/u_core/u_b/u_b_core/core/core/l5/gk.frontend/win/bank_gen[2].mem_reg_7/CLKARDCLK	u_top/u_core/u_b/u_b_core/core/core/l5/gk.frontend/win/shift_reg[4][253]/D
-0.090	u_top/u_core/u_b/u_b_core/core/core/shuffle/busy_reg/C	u_top/u_core/u_b/u_b_core/core/core/l5/gk.frontend/win/shift_reg[1][10]/R
-0.090	u_top/u_core/u_b/u_b_core/core/core/shuffle/busy_reg/C	u_top/u_core/u_b/u_b_core/core/core/l5/gk.frontend/win/shift_reg[1][234]/R
-0.090	u_top/u_core/u_b/u_b_core/core/core/shuffle/busy_reg/C	u_top/u_core/u_b/u_b_core/core/core/l5/gk.frontend/win/shift_reg[2][219]/R
-0.090	u_top/u_core/u_b/u_b_core/core/core/l5/mac/mac/tree_stage[6].valid_q_reg[7]/C	u_top/u_core/u_b/u_b_core/core/core/l5/mac/issue/out_window_reg[2486]/CE
-0.090	u_top/u_core/u_b/u_b_core/core/core/l5/mac/mac/tree_stage[6].valid_q_reg[7]/C	u_top/u_core/u_b/u_b_core/core/core/l5/mac/issue/out_window_reg[2487]/CE
-0.090	u_top/u_core/u_b/u_b_core/core/core/l5/mac/mac/tree_stage[6].valid_q_reg[7]/C	u_top/u_core/u_b/u_b_core/core/core/l5/mac/issue/out_window_reg[2488]/CE
-0.090	u_top/u_core/u_b/u_b_core/core/core/l5/mac/mac/tree_stage[6].valid_q_reg[7]/C	u_top/u_core/u_b/u_b_core/core/core/l5/mac/issue/out_window_reg[2489]/CE
-0.090	u_top/u_core/u_b/u_b_core/core/core/l5/mac/mac/tree_stage[6].valid_q_reg[7]/C	u_top/u_core/u_b/u_b_core/core/core/l5/mac/issue/out_window_reg[2490]/CE
-0.090	u_top/u_core/u_b/u_b_core/core/core/l5/mac/mac/tree_stage[6].valid_q_reg[7]/C	u_top/u_core/u_b/u_b_core/core/core/l5/mac/issue/out_window_reg[2491]/CE
-0.090	u_top/u_core/u_b/u_b_core/core/core/shuffle/busy_reg/C	u_top/u_core/u_b/u_b_core/core/core/l5/gk.frontend/win/shift_reg[4][182]/R
-0.090	u_top/u_core/u_b/u_b_core/core/core/l5/gk.frontend/win/row_mod_d_reg[1]_rep/C	u_top/u_core/u_b/u_b_core/core/core/l5/gk.frontend/win/shift_reg[9][87]/D
-0.090	u_top/u_core/u_b/u_b_core/core/core/l5/gk.frontend/fifo/wr_ptr_reg[1]/C	u_top/u_core/u_b/u_b_core/core/core/l5/gk.frontend/fifo/g_wide_read.g_read_slice[95].mem_slice_reg_0_3_36_41/RAMA/WADR1
-0.090	u_top/u_core/u_b/u_b_core/core/core/l5/gk.frontend/fifo/wr_ptr_reg[1]/C	u_top/u_core/u_b/u_b_core/core/core/l5/gk.frontend/fifo/g_wide_read.g_read_slice[95].mem_slice_reg_0_3_36_41/RAMA_D1/WADR1
-0.090	u_top/u_core/u_b/u_b_core/core/core/l5/gk.frontend/fifo/wr_ptr_reg[1]/C	u_top/u_core/u_b/u_b_core/core/core/l5/gk.frontend/fifo/g_wide_read.g_read_slice[95].mem_slice_reg_0_3_36_41/RAMB/WADR1
-0.090	u_top/u_core/u_b/u_b_core/core/core/l5/gk.frontend/fifo/wr_ptr_reg[1]/C	u_top/u_core/u_b/u_b_core/core/core/l5/gk.frontend/fifo/g_wide_read.g_read_slice[95].mem_slice_reg_0_3_36_41/RAMB_D1/WADR1
-0.090	u_top/u_core/u_b/u_b_core/core/core/l5/gk.frontend/fifo/wr_ptr_reg[1]/C	u_top/u_core/u_b/u_b_core/core/core/l5/gk.frontend/fifo/g_wide_read.g_read_slice[95].mem_slice_reg_0_3_36_41/RAMC/WADR1
-0.090	u_top/u_core/u_b/u_b_core/core/core/l5/gk.frontend/fifo/wr_ptr_reg[1]/C	u_top/u_core/u_b/u_b_core/core/core/l5/gk.frontend/fifo/g_wide_read.g_read_slice[95].mem_slice_reg_0_3_36_41/RAMC_D1/WADR1
-0.090	u_top/u_core/u_b/u_b_core/core/core/l5/gk.frontend/fifo/wr_ptr_reg[1]/C	u_top/u_core/u_b/u_b_core/core/core/l5/gk.frontend/fifo/g_wide_read.g_read_slice[95].mem_slice_reg_0_3_36_41/RAMD/ADR1
-0.090	u_top/u_core/u_b/u_b_core/core/core/l5/gk.frontend/fifo/wr_ptr_reg[1]/C	u_top/u_core/u_b/u_b_core/core/core/l5/gk.frontend/fifo/g_wide_read.g_read_slice[95].mem_slice_reg_0_3_36_41/RAMD_D1/ADR1
-0.090	u_top/u_core/u_b/u_b_core/core/core/l5/mac/g_l5_partial_buffer.partial_fifo/rd_ptr_reg_replica/C	u_top/u_core/u_b/u_b_core/core/core/l5/mac/acc/sum_stage_reg[3][35]/D
-0.090	u_top/u_core/u_b/u_b_core/core/core/l5/mac/mac/tree_stage[6].valid_q_reg[7]/C	u_top/u_core/u_b/u_b_core/core/core/l5/gk.frontend/fifo/g_wide_read.g_read_slice[13].rd_ptr_local_reg[0]/R
-0.090	u_top/u_core/u_b/u_b_core/core/core/l5/mac/mac/tree_stage[6].valid_q_reg[7]/C	u_top/u_core/u_b/u_b_core/core/core/l5/gk.frontend/fifo/g_wide_read.g_read_slice[13].rd_ptr_local_reg[1]/R
-0.090	u_top/u_core/u_b/u_b_core/core/core/l5/mac/issue/out_phase_reg[0]_rep__6/C	u_top/u_core/u_b/u_b_core/core/core/l5/mac/mac/out_lane[1].mult_lane[39].operand_pipe.act_q_reg[11]/D
-0.089	u_top/u_core/u_b/u_b_core/core/core/l5/gk.frontend/win/bank_gen[1].mem_reg_1/CLKARDCLK	u_top/u_core/u_b/u_b_core/core/core/l5/gk.frontend/win/shift_reg[4][39]/D
-0.089	u_top/u_core/u_b/u_b_core/core/core/l5/gk.frontend/win/bank_gen[0].mem_reg_4/CLKARDCLK	u_top/u_core/u_b/u_b_core/core/core/l5/gk.frontend/win/shift_reg[9][161]/D
-0.089	u_top/u_core/u_b/u_b_core/core/core/l3/gk.frontend/win/row_mod_d_reg[0]_rep/C	u_top/u_core/u_b/u_b_core/core/core/l3/gk.frontend/win/shift_reg[2][90]/D
-0.089	u_top/u_core/u_b/u_b_core/core/core/l5/mac/issue/out_phase_reg[0]_rep__2_replica/C	u_top/u_core/u_b/u_b_core/core/core/l5/mac/mac/out_lane[0].mult_lane[31].operand_pipe.act_q_reg[2]/D
-0.089	u_top/u_core/u_b/u_b_core/core/core/l5/mac/mac/tree_stage[6].valid_q_reg[7]/C	u_top/u_core/u_b/u_b_core/core/core/l5/gk.frontend/fifo/g_wide_read.g_read_slice[70].rd_ptr_local_reg[0]/R
-0.089	u_top/u_core/u_b/u_b_core/core/core/l5/mac/mac/tree_stage[6].valid_q_reg[7]/C	u_top/u_core/u_b/u_b_core/core/core/l5/gk.frontend/fifo/g_wide_read.g_read_slice[70].rd_ptr_local_reg[1]/R
-0.089	u_top/u_core/u_b/u_b_core/core/core/shuffle/busy_reg/C	u_top/u_core/u_b/u_b_core/core/core/l5/gk.frontend/win/shift_reg[18][212]/R
-0.089	u_top/u_core/u_b/u_b_core/core/core/shuffle/busy_reg/C	u_top/u_core/u_b/u_b_core/core/core/l5/gk.frontend/win/shift_reg[18][90]/R
-0.089	u_top/u_core/u_b/u_b_core/core/core/shuffle/busy_reg/C	u_top/u_core/u_b/u_b_core/core/core/l5/gk.frontend/win/shift_reg[8][168]/R
-0.089	u_top/u_core/u_b/u_b_core/core/core/shuffle/busy_reg/C	u_top/u_core/u_b/u_b_core/core/core/l5/gk.frontend/win/shift_reg[8][38]/R
-0.089	u_top/u_core/u_b/u_b_core/core/core/l5/gk.frontend/fifo/g_wide_read.g_read_slice[33].rd_ptr_local_reg[0]/C	u_top/u_core/u_b/u_b_core/core/core/l5/mac/issue/out_window_reg[2175]/D
-0.089	u_top/u_core/u_b/u_b_core/core/core/l5/mac/issue/out_phase_reg[2]_rep__8/C	u_top/u_core/u_b/u_b_core/core/core/l5/mac/mac/out_lane[3].mult_lane[43].operand_pipe.act_q_reg[8]/D
-0.089	u_top/u_core/u_b/u_b_core/core/core/l5/gk.frontend/win/bank_gen[1].mem_reg_1/CLKARDCLK	u_top/u_core/u_b/u_b_core/core/core/l5/gk.frontend/win/shift_reg[14][48]/D
-0.089	u_top/u_core/u_b/u_b_core/core/core/shuffle/busy_reg/C	u_top/u_core/u_b/u_b_core/core/core/l5/gk.frontend/win/shift_reg[22][182]/R
-0.089	u_top/u_core/u_b/u_b_core/core/core/shuffle/busy_reg/C	u_top/u_core/u_b/u_b_core/core/core/l5/gk.frontend/win/shift_reg[23][149]/R
-0.089	u_top/u_core/u_b/u_b_core/core/core/shuffle/busy_reg/C	u_top/u_core/u_b/u_b_core/core/core/l5/gk.frontend/win/shift_reg[23][151]/R
-0.089	u_top/u_core/u_b/u_b_core/core/core/shuffle/busy_reg/C	u_top/u_core/u_b/u_b_core/core/core/l5/gk.frontend/win/shift_reg[23][206]/R
-0.089	u_top/u_core/u_b/u_b_core/core/core/shuffle/busy_reg/C	u_top/u_core/u_b/u_b_core/core/core/l5/gk.frontend/win/shift_reg[23][211]/R
-0.089	u_top/u_core/u_b/u_b_core/core/core/shuffle/busy_reg/C	u_top/u_core/u_b/u_b_core/core/core/l5/gk.frontend/win/shift_reg[23][235]/R
-0.089	u_top/u_core/u_b/u_b_core/core/core/shuffle/busy_reg/C	u_top/u_core/u_b/u_b_core/core/core/l5/gk.frontend/win/shift_reg[23][64]/R
-0.089	u_top/u_core/u_b/u_b_core/core/core/l5/mac/mac/tree_stage[6].valid_q_reg[7]/C	u_top/u_core/u_b/u_b_core/core/core/l5/mac/mac/out_lane[1].mult_lane[7].operand_pipe.act_q_reg[7]/CE
-0.089	u_top/u_core/u_b/u_b_core/core/core/l5/mac/mac/tree_stage[6].valid_q_reg[7]/C	u_top/u_core/u_b/u_b_core/core/core/l5/mac/mac/out_lane[1].mult_lane[7].operand_pipe.weight_q_reg[5]/CE
-0.089	u_top/u_core/u_b/u_b_core/core/core/l5/mac/mac/tree_stage[6].valid_q_reg[7]/C	u_top/u_core/u_b/u_b_core/core/core/l5/mac/mac/out_lane[2].mult_lane[5].operand_pipe.weight_q_reg[3]/CE
-0.089	u_top/u_core/u_b/u_b_core/core/core/l5/mac/mac/tree_stage[6].valid_q_reg[7]/C	u_top/u_core/u_b/u_b_core/core/core/l5/mac/mac/out_lane[2].mult_lane[6].operand_pipe.weight_q_reg[0]/CE
-0.089	u_top/u_core/u_b/u_b_core/core/core/l5/mac/issue/out_phase_reg[2]_rep__0/C	u_top/u_core/u_b/u_b_core/core/core/l5/mac/mac/out_lane[1].mult_lane[49].operand_pipe.weight_q_reg[7]/D
-0.089	u_top/u_core/u_b/u_b_core/core/core/l5/gk.frontend/win/row_mod_d_reg[0]_rep__1/C	u_top/u_core/u_b/u_b_core/core/core/l5/gk.frontend/win/shift_reg[9][212]/D
-0.088	u_top/u_core/u_b/u_b_core/core/core/l5/mac/issue/out_phase_reg[1]_rep__16/C	u_top/u_core/u_b/u_b_core/core/core/l5/mac/mac/out_lane[2].mult_lane[12].operand_pipe.weight_q_reg[3]/D
-0.088	u_top/u_core/u_b/u_b_core/core/core/l5/mac/issue/out_window_reg[3268]/C	u_top/u_core/u_b/u_b_core/core/core/l5/mac/mac/out_lane[2].mult_lane[12].operand_pipe.act_q_reg[4]/D
-0.088	u_top/u_core/u_b/u_b_core/core/core/l5/gk.frontend/win/row_mod_d_reg[0]_rep__1/C	u_top/u_core/u_b/u_b_core/core/core/l5/gk.frontend/win/shift_reg[19][254]/D
-0.088	u_top/u_core/u_b/u_b_core/core/core/l5/mac/issue/out_phase_reg[2]_rep__5/C	u_top/u_core/u_b/u_b_core/core/core/l5/mac/mac/out_lane[3].mult_lane[30].operand_pipe.act_q_reg[1]/D
-0.088	u_top/u_core/u_b/u_b_core/core/core/l5/gk.frontend/pad/interior_y_reg/C	u_top/u_core/u_b/u_b_core/core/core/l5/gk.frontend/win/bank_gen[3].mem_reg_1/DIADI[7]
-0.088	u_top/u_core/u_b/u_b_core/core/core/l5/mac/issue/out_phase_reg[2]_rep__3/C	u_top/u_core/u_b/u_b_core/core/core/l5/mac/mac/out_lane[2].mult_lane[17].operand_pipe.act_q_reg[3]/D
-0.088	u_top/u_core/u_b/u_b_core/core/core/shuffle/busy_reg/C	u_top/u_core/u_b/u_b_core/core/core/l5/gk.frontend/win/shift_reg[15][232]/R
-0.088	u_top/u_core/u_b/u_b_core/core/core/shuffle/busy_reg/C	u_top/u_core/u_b/u_b_core/core/core/l5/gk.frontend/win/shift_reg[21][41]/R
-0.087	u_top/u_core/u_b/u_b_core/core/core/l5/gk.frontend/win/bank_gen[0].mem_reg_4/CLKARDCLK	u_top/u_core/u_b/u_b_core/core/core/l5/gk.frontend/win/shift_reg[19][161]/D
-0.087	u_top/u_core/u_b/u_b_core/core/core/shuffle/busy_reg/C	u_top/u_core/u_b/u_b_core/core/core/l5/gk.frontend/win/shift_reg[24][181]/R
-0.087	u_top/u_core/u_b/u_b_core/core/core/shuffle/busy_reg/C	u_top/u_core/u_b/u_b_core/core/core/l5/gk.frontend/win/shift_reg[24][204]/R
-0.087	u_top/u_core/u_b/u_b_core/core/core/l5/mac/issue/out_phase_reg[0]_rep__4/C	u_top/u_core/u_b/u_b_core/core/core/l5/mac/mac/out_lane[2].mult_lane[35].operand_pipe.act_q_reg[8]/D
-0.087	u_top/u_core/u_b/u_b_core/core/core/l4/post/meta_group_reg[8][2]/C	u_top/u_core/u_b/u_b_core/core/core/l4/post/output_slot_reg[1][73]/D
-0.087	u_top/u_core/u_b/u_b_core/core/core/l5/mac/issue/out_phase_reg[1]_rep__6/C	u_top/u_core/u_b/u_b_core/core/core/l5/mac/mac/out_lane[3].mult_lane[12].operand_pipe.act_q_reg[13]/D
-0.086	u_top/u_core/u_b/u_b_core/core/core/l5/gk.frontend/win/bank_gen[1].mem_reg_3/CLKARDCLK	u_top/u_core/u_b/u_b_core/core/core/l5/gk.frontend/win/shift_reg[9][125]/D
-0.086	u_top/u_core/u_b/u_b_core/core/core/l5/mac/issue/out_phase_reg[2]_rep__8/C	u_top/u_core/u_b/u_b_core/core/core/l5/mac/mac/out_lane[2].mult_lane[35].operand_pipe.act_q_reg[2]/D
-0.086	u_top/u_core/u_b/u_b_core/core/core/l5/gk.frontend/win/row_mod_d_reg[0]_rep__1/C	u_top/u_core/u_b/u_b_core/core/core/l5/gk.frontend/win/shift_reg[9][254]/D
-0.086	u_top/u_core/u_b/u_b_core/core/core/l5/gk.frontend/fifo/wr_ptr_reg[1]_rep__0/C	u_top/u_core/u_b/u_b_core/core/core/l5/gk.frontend/fifo/g_wide_read.g_read_slice[64].mem_slice_reg_0_3_42_47/RAMA/WADR1
-0.086	u_top/u_core/u_b/u_b_core/core/core/l5/gk.frontend/fifo/wr_ptr_reg[1]_rep__0/C	u_top/u_core/u_b/u_b_core/core/core/l5/gk.frontend/fifo/g_wide_read.g_read_slice[64].mem_slice_reg_0_3_42_47/RAMA_D1/WADR1
-0.086	u_top/u_core/u_b/u_b_core/core/core/l5/gk.frontend/fifo/wr_ptr_reg[1]_rep__0/C	u_top/u_core/u_b/u_b_core/core/core/l5/gk.frontend/fifo/g_wide_read.g_read_slice[64].mem_slice_reg_0_3_42_47/RAMB/WADR1
-0.086	u_top/u_core/u_b/u_b_core/core/core/l5/gk.frontend/fifo/wr_ptr_reg[1]_rep__0/C	u_top/u_core/u_b/u_b_core/core/core/l5/gk.frontend/fifo/g_wide_read.g_read_slice[64].mem_slice_reg_0_3_42_47/RAMB_D1/WADR1
-0.086	u_top/u_core/u_b/u_b_core/core/core/l5/gk.frontend/fifo/wr_ptr_reg[1]_rep__0/C	u_top/u_core/u_b/u_b_core/core/core/l5/gk.frontend/fifo/g_wide_read.g_read_slice[64].mem_slice_reg_0_3_42_47/RAMC/WADR1
-0.086	u_top/u_core/u_b/u_b_core/core/core/l5/gk.frontend/fifo/wr_ptr_reg[1]_rep__0/C	u_top/u_core/u_b/u_b_core/core/core/l5/gk.frontend/fifo/g_wide_read.g_read_slice[64].mem_slice_reg_0_3_42_47/RAMC_D1/WADR1
-0.086	u_top/u_core/u_b/u_b_core/core/core/l5/gk.frontend/fifo/wr_ptr_reg[1]_rep__0/C	u_top/u_core/u_b/u_b_core/core/core/l5/gk.frontend/fifo/g_wide_read.g_read_slice[64].mem_slice_reg_0_3_42_47/RAMD/ADR1
-0.086	u_top/u_core/u_b/u_b_core/core/core/l5/gk.frontend/fifo/wr_ptr_reg[1]_rep__0/C	u_top/u_core/u_b/u_b_core/core/core/l5/gk.frontend/fifo/g_wide_read.g_read_slice[64].mem_slice_reg_0_3_42_47/RAMD_D1/ADR1
-0.086	u_top/u_core/u_b/u_b_core/core/core/l5/mac/issue/out_phase_reg[0]_rep__13/C	u_top/u_core/u_b/u_b_core/core/core/l5/mac/mac/out_lane[3].mult_lane[26].operand_pipe.weight_q_reg[5]/D
-0.086	u_top/u_core/u_b/u_b_core/core/core/l5/mac/issue/out_window_reg[6308]/C	u_top/u_core/u_b/u_b_core/core/core/l5/mac/mac/out_lane[3].mult_lane[24].operand_pipe.act_q_reg[4]/D
-0.086	u_top/u_core/u_b/u_b_core/core/core/l5/mac/issue/out_phase_reg[1]_rep__6/C	u_top/u_core/u_b/u_b_core/core/core/l5/mac/mac/out_lane[2].mult_lane[20].operand_pipe.weight_q_reg[1]/D
-0.086	u_top/u_core/u_b/u_b_core/core/core/l5/gk.frontend/pad/interior_x_reg/C	u_top/u_core/u_b/u_b_core/core/core/l5/gk.frontend/win/pixel_d_reg[188]/CE
-0.086	u_top/u_core/u_b/u_b_core/core/core/l5/gk.frontend/pad/interior_x_reg/C	u_top/u_core/u_b/u_b_core/core/core/l5/gk.frontend/win/pixel_d_reg[206]/CE
-0.086	u_top/u_core/u_b/u_b_core/core/core/l5/gk.frontend/pad/interior_x_reg/C	u_top/u_core/u_b/u_b_core/core/core/l5/gk.frontend/win/pixel_d_reg[90]/CE
-0.085	u_top/u_core/u_b/u_b_core/core/core/l5/mac/issue/out_window_reg[3779]/C	u_top/u_core/u_b/u_b_core/core/core/l5/mac/mac/out_lane[2].mult_lane[14].operand_pipe.act_q_reg[3]/D
-0.085	u_top/u_core/u_b/u_b_core/core/core/f45/g_narrow_read.rd_ptr_local_reg[3]/C	u_top/u_core/u_b/u_b_core/core/core/l5/gk.frontend/win/bank_gen[3].mem_reg_2/DIADI[9]
-0.085	u_top/u_core/u_b/u_b_core/core/core/l5/gk.frontend/win/row_mod_d_reg[0]_rep__3/C	u_top/u_core/u_b/u_b_core/core/core/l5/gk.frontend/win/shift_reg[4][75]/D
-0.085	u_top/u_core/u_b/u_b_core/core/core/shuffle/busy_reg/C	u_top/u_core/u_b/u_b_core/core/core/l5/gk.frontend/win/shift_reg[21][142]/R
-0.085	u_top/u_core/u_b/u_b_core/core/core/shuffle/busy_reg/C	u_top/u_core/u_b/u_b_core/core/core/l5/gk.frontend/win/shift_reg[22][208]/R
-0.085	u_top/u_core/u_b/u_b_core/core/core/l5/gk.frontend/win/col_reg[6]/C	u_top/u_core/u_b/u_b_core/core/core/l5/gk.frontend/win/bank_gen[1].mem_reg_3/ADDRARDADDR[11]
-0.085	u_top/u_core/u_b/u_b_core/core/core/l5/mac/issue/out_phase_reg[1]_rep__6/C	u_top/u_core/u_b/u_b_core/core/core/l5/mac/mac/out_lane[2].mult_lane[23].operand_pipe.weight_q_reg[6]/D
-0.085	u_top/u_core/u_b/u_b_core/core/core/l5/mac/issue/out_window_reg[5261]/C	u_top/u_core/u_b/u_b_core/core/core/l5/mac/mac/out_lane[3].mult_lane[20].operand_pipe.act_q_reg[13]/D
-0.084	u_top/u_core/u_b/u_b_core/core/core/shuffle/busy_reg/C	u_top/u_core/u_b/u_b_core/core/core/l5/gk.frontend/win/shift_reg[0][203]/R
-0.084	u_top/u_core/u_b/u_b_core/core/core/shuffle/busy_reg/C	u_top/u_core/u_b/u_b_core/core/core/l5/gk.frontend/win/shift_reg[0][25]/R
-0.084	u_top/u_core/u_b/u_b_core/core/core/shuffle/busy_reg/C	u_top/u_core/u_b/u_b_core/core/core/l5/gk.frontend/win/shift_reg[0][32]/R
-0.084	u_top/u_core/u_b/u_b_core/core/core/shuffle/busy_reg/C	u_top/u_core/u_b/u_b_core/core/core/l5/gk.frontend/win/shift_reg[0][48]/R
-0.084	u_top/u_core/u_b/u_b_core/core/core/shuffle/busy_reg/C	u_top/u_core/u_b/u_b_core/core/core/l5/gk.frontend/win/shift_reg[0][97]/R
-0.084	u_top/u_core/u_b/u_b_core/core/core/shuffle/busy_reg/C	u_top/u_core/u_b/u_b_core/core/core/l5/gk.frontend/win/shift_reg[16][87]/R
-0.084	u_top/u_core/u_b/u_b_core/core/core/shuffle/busy_reg/C	u_top/u_core/u_b/u_b_core/core/core/l5/gk.frontend/win/shift_reg[1][224]/R
-0.084	u_top/u_core/u_b/u_b_core/core/core/shuffle/busy_reg/C	u_top/u_core/u_b/u_b_core/core/core/l5/gk.frontend/win/shift_reg[1][239]/R
-0.084	u_top/u_core/u_b/u_b_core/core/core/l5/gk.frontend/pad/interior_y_reg/C	u_top/u_core/u_b/u_b_core/core/core/l5/gk.frontend/win/bank_gen[2].mem_reg_3/DIADI[20]
-0.084	u_top/u_core/u_b/u_b_core/core/core/l5/mac/issue/out_phase_reg[2]_rep__8/C	u_top/u_core/u_b/u_b_core/core/core/l5/mac/mac/out_lane[2].mult_lane[35].operand_pipe.act_q_reg[4]/D
-0.084	u_top/u_core/u_b/u_b_core/core/core/f45/g_narrow_read.rd_ptr_local_reg[1]_replica/C	u_top/u_core/u_b/u_b_core/core/core/l5/gk.frontend/win/bank_gen[2].mem_reg_3/DIADI[2]
-0.084	u_top/u_core/u_b/u_b_core/core/core/l5/mac/mac/tree_stage[6].valid_q_reg[7]/C	u_top/u_core/u_b/u_b_core/core/core/l5/mac/mac/out_lane[2].mult_lane[32].operand_pipe.weight_q_reg[4]/CE
-0.084	u_top/u_core/u_b/u_b_core/core/core/l5/gk.frontend/fifo/wr_ptr_reg[1]_rep__5/C	u_top/u_core/u_b/u_b_core/core/core/l5/gk.frontend/fifo/g_wide_read.g_read_slice[6].mem_slice_reg_0_3_42_47/RAMA/WADR1
-0.084	u_top/u_core/u_b/u_b_core/core/core/l5/gk.frontend/fifo/wr_ptr_reg[1]_rep__5/C	u_top/u_core/u_b/u_b_core/core/core/l5/gk.frontend/fifo/g_wide_read.g_read_slice[6].mem_slice_reg_0_3_42_47/RAMA_D1/WADR1
-0.084	u_top/u_core/u_b/u_b_core/core/core/l5/gk.frontend/fifo/wr_ptr_reg[1]_rep__5/C	u_top/u_core/u_b/u_b_core/core/core/l5/gk.frontend/fifo/g_wide_read.g_read_slice[6].mem_slice_reg_0_3_42_47/RAMB/WADR1
-0.084	u_top/u_core/u_b/u_b_core/core/core/l5/gk.frontend/fifo/wr_ptr_reg[1]_rep__5/C	u_top/u_core/u_b/u_b_core/core/core/l5/gk.frontend/fifo/g_wide_read.g_read_slice[6].mem_slice_reg_0_3_42_47/RAMB_D1/WADR1
-0.084	u_top/u_core/u_b/u_b_core/core/core/l5/gk.frontend/fifo/wr_ptr_reg[1]_rep__5/C	u_top/u_core/u_b/u_b_core/core/core/l5/gk.frontend/fifo/g_wide_read.g_read_slice[6].mem_slice_reg_0_3_42_47/RAMC/WADR1
-0.084	u_top/u_core/u_b/u_b_core/core/core/l5/gk.frontend/fifo/wr_ptr_reg[1]_rep__5/C	u_top/u_core/u_b/u_b_core/core/core/l5/gk.frontend/fifo/g_wide_read.g_read_slice[6].mem_slice_reg_0_3_42_47/RAMC_D1/WADR1
-0.084	u_top/u_core/u_b/u_b_core/core/core/l5/gk.frontend/fifo/wr_ptr_reg[1]_rep__5/C	u_top/u_core/u_b/u_b_core/core/core/l5/gk.frontend/fifo/g_wide_read.g_read_slice[6].mem_slice_reg_0_3_42_47/RAMD/ADR1
-0.084	u_top/u_core/u_b/u_b_core/core/core/l5/gk.frontend/fifo/wr_ptr_reg[1]_rep__5/C	u_top/u_core/u_b/u_b_core/core/core/l5/gk.frontend/fifo/g_wide_read.g_read_slice[6].mem_slice_reg_0_3_42_47/RAMD_D1/ADR1
-0.084	u_top/u_core/u_in/req_addr_q_reg[0]_rep__4/C	u_top/u_core/u_in/last_p1_reg/D
-0.084	u_top/u_core/u_b/u_b_core/core/core/l5/mac/mac/tree_stage[6].valid_q_reg[7]/C	u_top/u_core/u_b/u_b_core/core/core/l5/mac/mac/tree_stage[2].channel[2].node[4].pair.sums_q_reg[2][2][4][0]/CE
-0.084	u_top/u_core/u_b/u_b_core/core/core/l5/mac/mac/tree_stage[6].valid_q_reg[7]/C	u_top/u_core/u_b/u_b_core/core/core/l5/mac/mac/tree_stage[2].channel[2].node[4].pair.sums_q_reg[2][2][4][1]/CE
-0.084	u_top/u_core/u_b/u_b_core/core/core/l5/mac/mac/tree_stage[6].valid_q_reg[7]/C	u_top/u_core/u_b/u_b_core/core/core/l5/mac/mac/tree_stage[2].channel[2].node[4].pair.sums_q_reg[2][2][4][2]/CE
-0.084	u_top/u_core/u_b/u_b_core/core/core/l5/mac/mac/tree_stage[6].valid_q_reg[7]/C	u_top/u_core/u_b/u_b_core/core/core/l5/mac/mac/tree_stage[2].channel[2].node[4].pair.sums_q_reg[2][2][4][3]/CE
-0.084	u_top/u_core/u_b/u_b_core/core/core/l5/mac/mac/tree_stage[6].valid_q_reg[7]/C	u_top/u_core/u_b/u_b_core/core/core/l5/mac/mac/tree_stage[2].channel[2].node[6].pair.sums_q_reg[2][2][6][16]/CE
-0.084	u_top/u_core/u_b/u_b_core/core/core/l5/mac/mac/tree_stage[6].valid_q_reg[7]/C	u_top/u_core/u_b/u_b_core/core/core/l5/mac/mac/tree_stage[2].channel[2].node[6].pair.sums_q_reg[2][2][6][17]/CE
-0.084	u_top/u_core/u_b/u_b_core/core/core/l5/mac/mac/tree_stage[6].valid_q_reg[7]/C	u_top/u_core/u_b/u_b_core/core/core/l5/mac/mac/tree_stage[2].channel[2].node[6].pair.sums_q_reg[2][2][6][18]/CE
-0.084	u_top/u_core/u_b/u_b_core/core/core/l5/mac/mac/tree_stage[6].valid_q_reg[7]/C	u_top/u_core/u_b/u_b_core/core/core/l5/mac/mac/tree_stage[2].channel[2].node[6].pair.sums_q_reg[2][2][6][19]/CE
-0.084	u_top/u_core/u_b/u_b_core/core/core/l5/mac/mac/tree_stage[6].valid_q_reg[7]/C	u_top/u_core/u_b/u_b_core/core/core/l5/mac/mac/out_lane[0].mult_lane[48].operand_pipe.weight_q_reg[0]/S
-0.084	u_top/u_core/u_ctrl/start_b_reg/C	u_top/u_core/u_in/req_addr_q_reg[13]_rep__9/CE
-0.083	u_top/u_core/u_b/u_b_core/core/core/l1/post/units[0].post/prelu_rounded_magnitude_s3_reg[0]/C	u_top/u_core/u_b/u_b_core/core/core/l1/post/units[0].post/requant_product_s50/B[11]
-0.083	u_top/u_core/u_b/u_b_core/core/core/l5/mac/mac/out_lane[0].mult_lane[49].operand_pipe.act_q_reg[10]/C	u_top/u_core/u_b/u_b_core/core/core/l5/mac/mac/out_lane[0].mult_lane[49].operand_pipe.sums_q_reg[0][0][49]/A[10]
-0.083	u_top/u_core/u_b/u_b_core/core/core/f45/g_narrow_read.rd_ptr_local_reg[1]/C	u_top/u_core/u_b/u_b_core/core/core/l5/gk.frontend/win/bank_gen[2].mem_reg_2/DIADI[26]
-0.083	u_top/u_core/u_b/u_b_core/core/core/l5/mac/issue/out_window_reg[3169]/C	u_top/u_core/u_b/u_b_core/core/core/l5/mac/mac/out_lane[3].mult_lane[12].operand_pipe.act_q_reg[1]/D
-0.083	u_top/u_core/u_b/u_b_core/core/core/l5/mac/mac/tree_stage[6].valid_q_reg[7]/C	u_top/u_core/u_b/u_b_core/core/core/l5/mac/mac/out_lane[0].mult_lane[34].operand_pipe.act_q_reg[8]/CE
-0.083	u_top/u_core/u_b/u_b_core/core/core/l5/mac/mac/tree_stage[6].valid_q_reg[7]/C	u_top/u_core/u_b/u_b_core/core/core/l5/mac/mac/out_lane[1].mult_lane[34].operand_pipe.act_q_reg[8]/CE
-0.083	u_top/u_core/u_b/u_b_core/core/core/l4/post/read_slot_reg_rep/C	u_top/u_core/u_b/u_b_core/core/core/f45/g_narrow_read.mem_reg_0_31_18_23/RAMB_D1/I
-0.083	u_top/u_core/u_b/u_b_core/core/core/l5/mac/mac/tree_stage[6].valid_q_reg[7]/C	u_top/u_core/u_b/u_b_core/core/core/l5/mac/mac/out_lane[3].mult_lane[28].operand_pipe.weight_q_reg[2]/R
-0.083	u_top/u_core/u_b/u_b_core/core/core/l5/mac/mac/tree_stage[6].valid_q_reg[7]/C	u_top/u_core/u_b/u_b_core/core/core/l5/mac/mac/out_lane[3].mult_lane[28].operand_pipe.weight_q_reg[3]/R
-0.083	u_top/u_core/u_b/u_b_core/core/core/l5/mac/mac/tree_stage[3].valid_q_reg[4]/C	u_top/u_core/u_b/u_b_core/core/core/l5/mac/mac/tree_stage[3].channel[2].node[1].pair.sums_q_reg[3][2][1][12]/CE
-0.083	u_top/u_core/u_b/u_b_core/core/core/l5/mac/mac/tree_stage[3].valid_q_reg[4]/C	u_top/u_core/u_b/u_b_core/core/core/l5/mac/mac/tree_stage[3].channel[2].node[1].pair.sums_q_reg[3][2][1][13]/CE
-0.083	u_top/u_core/u_b/u_b_core/core/core/l5/mac/mac/tree_stage[3].valid_q_reg[4]/C	u_top/u_core/u_b/u_b_core/core/core/l5/mac/mac/tree_stage[3].channel[2].node[1].pair.sums_q_reg[3][2][1][14]/CE
-0.083	u_top/u_core/u_b/u_b_core/core/core/l5/mac/mac/tree_stage[3].valid_q_reg[4]/C	u_top/u_core/u_b/u_b_core/core/core/l5/mac/mac/tree_stage[3].channel[2].node[1].pair.sums_q_reg[3][2][1][15]/CE
-0.083	u_top/u_core/u_b/u_b_core/core/core/l5/gk.frontend/win/bank_gen[1].mem_reg_6/CLKARDCLK	u_top/u_core/u_b/u_b_core/core/core/l5/gk.frontend/win/shift_reg[19][220]/D
-0.083	u_top/u_core/u_b/u_b_core/core/core/l5/mac/issue/out_phase_reg[0]_rep__3/C	u_top/u_core/u_b/u_b_core/core/core/l5/mac/mac/out_lane[3].mult_lane[8].operand_pipe.act_q_reg[6]/D
-0.083	u_top/u_core/u_b/u_b_core/core/core/l5/gk.frontend/win/col_reg[6]/C	u_top/u_core/u_b/u_b_core/core/core/l5/gk.frontend/win/bank_gen[0].mem_reg_3/ADDRARDADDR[11]
-0.083	u_top/u_core/u_b/u_b_core/core/core/l5/gk.frontend/fifo/g_wide_read.g_read_slice[89].rd_ptr_local_reg[0]/C	u_top/u_core/u_b/u_b_core/core/core/l5/mac/issue/out_window_reg[5697]/D
-0.082	u_top/u_core/u_b/u_b_core/core/core/l5/mac/issue/out_phase_reg[2]_rep__0/C	u_top/u_core/u_b/u_b_core/core/core/l5/mac/mac/out_lane[2].mult_lane[21].operand_pipe.weight_q_reg[6]/D
-0.082	u_top/u_core/u_b/u_b_core/core/core/shuffle/busy_reg/C	u_top/u_core/u_b/u_b_core/core/core/l5/gk.frontend/win/shift_reg[23][175]/R
-0.082	u_top/u_core/c2b_data_q_reg[0][3]/C	u_top/u_core/u_b/u_b_core/core/core/l1/gk.frontend/win/bank_gen[2].mem_reg/DIADI[3]
-0.082	u_top/u_core/u_b/u_b_core/core/core/l5/mac/mac/out_lane[2].mult_lane[22].operand_pipe.act_q_reg[15]/C	u_top/u_core/u_b/u_b_core/core/core/l5/mac/mac/out_lane[2].mult_lane[22].operand_pipe.sums_q_reg[0][2][22]/A[29]
-0.082	u_top/u_core/u_b/u_b_core/core/core/l5/mac/issue/out_phase_reg[2]/C	u_top/u_core/u_b/u_b_core/core/core/l5/mac/mac/out_lane[2].mult_lane[7].operand_pipe.act_q_reg[13]/D
-0.082	u_top/u_core/u_b/u_b_core/core/core/l5/gk.frontend/win/row_mod_d_reg[1]_rep__4/C	u_top/u_core/u_b/u_b_core/core/core/l5/gk.frontend/win/shift_reg[4][182]/D
-0.082	u_top/u_core/u_b/u_b_core/core/core/l5/mac/issue/out_window_reg[1054]/C	u_top/u_core/u_b/u_b_core/core/core/l5/mac/mac/out_lane[0].mult_lane[29].operand_pipe.act_q_reg[14]/D
-0.082	u_top/u_core/u_b/u_b_core/core/core/l5/mac/mac/tree_stage[6].valid_q_reg[7]/C	u_top/u_core/u_b/u_b_core/core/core/l5/mac/issue/out_window_reg[3382]/CE
-0.082	u_top/u_core/u_b/u_b_core/core/core/l5/mac/mac/tree_stage[6].valid_q_reg[7]/C	u_top/u_core/u_b/u_b_core/core/core/l5/mac/issue/out_window_reg[3383]/CE
-0.082	u_top/u_core/u_b/u_b_core/core/core/l5/mac/mac/tree_stage[6].valid_q_reg[7]/C	u_top/u_core/u_b/u_b_core/core/core/l5/mac/issue/out_window_reg[3384]/CE
-0.082	u_top/u_core/u_b/u_b_core/core/core/l5/mac/mac/tree_stage[6].valid_q_reg[7]/C	u_top/u_core/u_b/u_b_core/core/core/l5/mac/issue/out_window_reg[3385]/CE
-0.082	u_top/u_core/u_b/u_b_core/core/core/l5/mac/mac/tree_stage[6].valid_q_reg[7]/C	u_top/u_core/u_b/u_b_core/core/core/l5/mac/issue/out_window_reg[3386]/CE
-0.082	u_top/u_core/u_b/u_b_core/core/core/l5/mac/mac/tree_stage[6].valid_q_reg[7]/C	u_top/u_core/u_b/u_b_core/core/core/l5/mac/issue/out_window_reg[3387]/CE
-0.082	u_top/u_core/u_b/u_b_core/core/core/l5/gk.frontend/win/bank_gen[1].mem_reg_6/CLKARDCLK	u_top/u_core/u_b/u_b_core/core/core/l5/gk.frontend/win/shift_reg[19][234]/D
-0.082	u_top/u_core/u_b/u_b_core/core/core/l1/post/issue_slot_reg/C	u_top/u_core/u_b/u_b_core/core/core/l1/post/units[0].post/prelu_product_s10/A[9]
-0.082	u_top/u_core/u_b/u_b_core/core/core/l5/mac/mac/tree_stage[3].valid_q_reg[4]/C	u_top/u_core/u_b/u_b_core/core/core/l5/mac/mac/tree_stage[3].channel[0].node[3].pair.sums_q_reg[3][0][3][0]/CE
-0.082	u_top/u_core/u_b/u_b_core/core/core/l5/mac/mac/tree_stage[3].valid_q_reg[4]/C	u_top/u_core/u_b/u_b_core/core/core/l5/mac/mac/tree_stage[3].channel[0].node[3].pair.sums_q_reg[3][0][3][1]/CE
-0.082	u_top/u_core/u_b/u_b_core/core/core/l5/mac/mac/tree_stage[3].valid_q_reg[4]/C	u_top/u_core/u_b/u_b_core/core/core/l5/mac/mac/tree_stage[3].channel[0].node[3].pair.sums_q_reg[3][0][3][2]/CE
-0.082	u_top/u_core/u_b/u_b_core/core/core/l5/mac/mac/tree_stage[3].valid_q_reg[4]/C	u_top/u_core/u_b/u_b_core/core/core/l5/mac/mac/tree_stage[3].channel[0].node[3].pair.sums_q_reg[3][0][3][3]/CE
-0.082	u_top/u_core/u_b/u_b_core/core/core/shuffle/busy_reg/C	u_top/u_core/u_b/u_b_core/core/core/l5/gk.frontend/win/shift_reg[1][106]/R
-0.082	u_top/u_core/u_b/u_b_core/core/core/shuffle/busy_reg/C	u_top/u_core/u_b/u_b_core/core/core/l5/gk.frontend/win/shift_reg[1][195]/R
-0.082	u_top/u_core/u_b/u_b_core/core/core/shuffle/busy_reg/C	u_top/u_core/u_b/u_b_core/core/core/l5/gk.frontend/win/shift_reg[1][31]/R
-0.082	u_top/u_core/u_b/u_b_core/core/core/shuffle/busy_reg/C	u_top/u_core/u_b/u_b_core/core/core/l5/gk.frontend/win/shift_reg[2][122]/R
-0.082	u_top/u_core/u_b/u_b_core/core/core/shuffle/busy_reg/C	u_top/u_core/u_b/u_b_core/core/core/l5/gk.frontend/win/shift_reg[2][204]/R
-0.082	u_top/u_core/u_b/u_b_core/core/core/shuffle/busy_reg/C	u_top/u_core/u_b/u_b_core/core/core/l5/gk.frontend/win/shift_reg[2][26]/R
-0.082	u_top/u_core/u_b/u_b_core/core/core/shuffle/busy_reg/C	u_top/u_core/u_b/u_b_core/core/core/l5/gk.frontend/win/shift_reg[2][70]/R
-0.082	u_top/u_core/u_b/u_b_core/core/core/shuffle/busy_reg/C	u_top/u_core/u_b/u_b_core/core/core/l5/gk.frontend/win/shift_reg[2][88]/R
-0.082	u_top/u_core/u_b/u_b_core/core/core/shuffle/busy_reg/C	u_top/u_core/u_b/u_b_core/core/core/l5/gk.frontend/win/shift_reg[17][185]/R
-0.082	u_top/u_core/u_b/u_b_core/core/core/shuffle/busy_reg/C	u_top/u_core/u_b/u_b_core/core/core/l5/gk.frontend/win/shift_reg[18][187]/R
-0.082	u_top/u_core/u_b/u_b_core/core/core/shuffle/busy_reg/C	u_top/u_core/u_b/u_b_core/core/core/l5/gk.frontend/win/shift_reg[18][206]/R
-0.082	u_top/u_core/u_b/u_b_core/core/core/shuffle/busy_reg/C	u_top/u_core/u_b/u_b_core/core/core/l5/gk.frontend/win/shift_reg[18][76]/R
-0.082	u_top/u_core/u_b/u_b_core/core/core/l5/gk.frontend/fifo/wr_ptr_reg[0]/C	u_top/u_core/u_b/u_b_core/core/core/l5/gk.frontend/fifo/g_wide_read.g_read_slice[95].mem_slice_reg_0_3_0_5/RAMA/WADR0
-0.082	u_top/u_core/u_b/u_b_core/core/core/l5/gk.frontend/fifo/wr_ptr_reg[0]/C	u_top/u_core/u_b/u_b_core/core/core/l5/gk.frontend/fifo/g_wide_read.g_read_slice[95].mem_slice_reg_0_3_0_5/RAMA_D1/WADR0
-0.082	u_top/u_core/u_b/u_b_core/core/core/l5/gk.frontend/fifo/wr_ptr_reg[0]/C	u_top/u_core/u_b/u_b_core/core/core/l5/gk.frontend/fifo/g_wide_read.g_read_slice[95].mem_slice_reg_0_3_0_5/RAMB/WADR0
-0.082	u_top/u_core/u_b/u_b_core/core/core/l5/gk.frontend/fifo/wr_ptr_reg[0]/C	u_top/u_core/u_b/u_b_core/core/core/l5/gk.frontend/fifo/g_wide_read.g_read_slice[95].mem_slice_reg_0_3_0_5/RAMB_D1/WADR0
-0.082	u_top/u_core/u_b/u_b_core/core/core/l5/gk.frontend/fifo/wr_ptr_reg[0]/C	u_top/u_core/u_b/u_b_core/core/core/l5/gk.frontend/fifo/g_wide_read.g_read_slice[95].mem_slice_reg_0_3_0_5/RAMC/WADR0
-0.082	u_top/u_core/u_b/u_b_core/core/core/l5/gk.frontend/fifo/wr_ptr_reg[0]/C	u_top/u_core/u_b/u_b_core/core/core/l5/gk.frontend/fifo/g_wide_read.g_read_slice[95].mem_slice_reg_0_3_0_5/RAMC_D1/WADR0
-0.082	u_top/u_core/u_b/u_b_core/core/core/l5/gk.frontend/fifo/wr_ptr_reg[0]/C	u_top/u_core/u_b/u_b_core/core/core/l5/gk.frontend/fifo/g_wide_read.g_read_slice[95].mem_slice_reg_0_3_0_5/RAMD/ADR0
-0.082	u_top/u_core/u_b/u_b_core/core/core/l5/gk.frontend/fifo/wr_ptr_reg[0]/C	u_top/u_core/u_b/u_b_core/core/core/l5/gk.frontend/fifo/g_wide_read.g_read_slice[95].mem_slice_reg_0_3_0_5/RAMD_D1/ADR0
-0.082	u_top/u_core/u_b/u_b_core/core/core/l5/mac/issue/out_phase_reg[1]_rep__9/C	u_top/u_core/u_b/u_b_core/core/core/l5/mac/mac/out_lane[2].mult_lane[7].operand_pipe.act_q_reg[14]/D
-0.082	u_top/u_core/u_b/u_b_core/core/core/l5/gk.frontend/win/row_mod_d_reg[0]_rep__5/C	u_top/u_core/u_b/u_b_core/core/core/l5/gk.frontend/win/shift_reg[4][192]/D
-0.081	u_top/u_core/u_b/u_b_core/core/core/l5/mac/mac/out_lane[2].mult_lane[35].operand_pipe.act_q_reg[3]/C	u_top/u_core/u_b/u_b_core/core/core/l5/mac/mac/out_lane[2].mult_lane[35].operand_pipe.sums_q_reg[0][2][35]/A[3]
-0.081	u_top/u_core/u_b/u_b_core/core/core/l5/gk.frontend/win/bank_gen[2].mem_reg_7/CLKARDCLK	u_top/u_core/u_b/u_b_core/core/core/l5/gk.frontend/win/shift_reg[9][255]/D
-0.081	u_top/u_core/u_b/u_b_core/core/core/l5/mac/mac/tree_stage[6].valid_q_reg[7]/C	u_top/u_core/u_b/u_b_core/core/core/l5/mac/issue/out_window_reg[2636]/CE
-0.081	u_top/u_core/u_b/u_b_core/core/core/l5/mac/mac/tree_stage[6].valid_q_reg[7]/C	u_top/u_core/u_b/u_b_core/core/core/l5/mac/issue/out_window_reg[2637]/CE
-0.081	u_top/u_core/u_b/u_b_core/core/core/l5/mac/mac/tree_stage[6].valid_q_reg[7]/C	u_top/u_core/u_b/u_b_core/core/core/l5/mac/issue/out_window_reg[2638]/CE
-0.081	u_top/u_core/u_b/u_b_core/core/core/l5/mac/mac/tree_stage[6].valid_q_reg[7]/C	u_top/u_core/u_b/u_b_core/core/core/l5/mac/issue/out_window_reg[2639]/CE
-0.081	u_top/u_core/u_b/u_b_core/core/core/l5/mac/mac/tree_stage[6].valid_q_reg[7]/C	u_top/u_core/u_b/u_b_core/core/core/l5/mac/issue/out_window_reg[2640]/CE
-0.081	u_top/u_core/u_b/u_b_core/core/core/l5/mac/mac/tree_stage[6].valid_q_reg[7]/C	u_top/u_core/u_b/u_b_core/core/core/l5/mac/issue/out_window_reg[2641]/CE
-0.081	u_top/u_core/u_b/u_b_core/core/core/l5/gk.frontend/win/bank_gen[0].mem_reg_6/CLKARDCLK	u_top/u_core/u_b/u_b_core/core/core/l5/gk.frontend/win/shift_reg[4][231]/D
-0.081	u_top/u_core/u_b/u_b_core/core/core/l5/mac/mac/tree_stage[6].valid_q_reg[7]/C	u_top/u_core/u_b/u_b_core/core/core/l5/gk.frontend/fifo/g_wide_read.g_read_slice[84].rd_ptr_local_reg[0]/R
-0.081	u_top/u_core/u_b/u_b_core/core/core/l5/mac/mac/tree_stage[6].valid_q_reg[7]/C	u_top/u_core/u_b/u_b_core/core/core/l5/gk.frontend/fifo/g_wide_read.g_read_slice[84].rd_ptr_local_reg[1]/R
-0.081	u_top/u_core/u_b/u_b_core/core/core/shuffle/busy_reg/C	u_top/u_core/u_b/u_b_core/core/core/l5/gk.frontend/win/shift_reg[3][159]/R
-0.081	u_top/u_core/u_b/u_b_core/core/core/shuffle/busy_reg/C	u_top/u_core/u_b/u_b_core/core/core/l5/gk.frontend/win/shift_reg[3][222]/R
-0.081	u_top/u_core/u_b/u_b_core/core/core/shuffle/busy_reg/C	u_top/u_core/u_b/u_b_core/core/core/l5/gk.frontend/win/shift_reg[3][233]/R
-0.081	u_top/u_core/u_b/u_b_core/core/core/shuffle/busy_reg/C	u_top/u_core/u_b/u_b_core/core/core/l5/gk.frontend/win/shift_reg[3][244]/R
-0.081	u_top/u_core/u_b/u_b_core/core/core/shuffle/busy_reg/C	u_top/u_core/u_b/u_b_core/core/core/l5/gk.frontend/win/shift_reg[3][33]/R
-0.081	u_top/u_core/u_b/u_b_core/core/core/l5/mac/issue/out_phase_reg[2]_rep__5/C	u_top/u_core/u_b/u_b_core/core/core/l5/mac/mac/out_lane[1].mult_lane[30].operand_pipe.act_q_reg[0]/D
-0.081	u_top/u_core/u_b/u_b_core/core/core/l5/gk.frontend/fifo/g_wide_read.g_read_slice[33].rd_ptr_local_reg[0]/C	u_top/u_core/u_b/u_b_core/core/core/l5/mac/issue/out_window_reg[2172]/D
-0.081	u_top/u_core/u_b/u_b_core/core/core/l5/mac/mac/tree_stage[6].valid_q_reg[7]/C	u_top/u_core/u_b/u_b_core/core/core/l5/mac/mac/out_lane[1].mult_lane[4].operand_pipe.weight_q_reg[0]/R
-0.081	u_top/u_core/u_b/u_b_core/core/core/l5/gk.frontend/win/shift_reg[9][108]/C	u_top/u_core/u_b/u_b_core/core/core/l5/gk.frontend/fifo/g_wide_read.g_read_slice[37].mem_slice_reg_0_3_42_47/RAMB/I
-0.081	u_top/u_core/u_b/u_b_core/core/core/f45/g_narrow_read.rd_ptr_local_reg[0]_replica_3/C	u_top/u_core/u_b/u_b_core/core/core/l5/gk.frontend/win/bank_gen[2].mem_reg_1/DIADI[12]
-0.081	u_top/u_core/u_b/u_b_core/core/core/l5/mac/mac/tree_stage[6].valid_q_reg[7]/C	u_top/u_core/u_b/u_b_core/core/core/l5/mac/issue/out_window_reg[1066]/CE
-0.081	u_top/u_core/u_b/u_b_core/core/core/l5/mac/mac/tree_stage[6].valid_q_reg[7]/C	u_top/u_core/u_b/u_b_core/core/core/l5/mac/issue/out_window_reg[1067]/CE
-0.081	u_top/u_core/u_b/u_b_core/core/core/l5/mac/mac/tree_stage[6].valid_q_reg[7]/C	u_top/u_core/u_b/u_b_core/core/core/l5/mac/issue/out_window_reg[1068]/CE
-0.081	u_top/u_core/u_b/u_b_core/core/core/l5/mac/mac/tree_stage[6].valid_q_reg[7]/C	u_top/u_core/u_b/u_b_core/core/core/l5/mac/issue/out_window_reg[1069]/CE
-0.081	u_top/u_core/u_b/u_b_core/core/core/l5/mac/mac/tree_stage[6].valid_q_reg[7]/C	u_top/u_core/u_b/u_b_core/core/core/l5/mac/issue/out_window_reg[1070]/CE
-0.081	u_top/u_core/u_b/u_b_core/core/core/l5/mac/mac/tree_stage[6].valid_q_reg[7]/C	u_top/u_core/u_b/u_b_core/core/core/l5/mac/issue/out_window_reg[1071]/CE
-0.081	u_top/u_core/u_b/u_b_core/core/core/l5/mac/issue/out_phase_reg[0]_rep__11/C	u_top/u_core/u_b/u_b_core/core/core/l5/mac/mac/out_lane[1].mult_lane[23].operand_pipe.act_q_reg[2]/D
-0.081	u_top/u_core/u_b/u_b_core/core/core/l5/gk.frontend/win/bank_gen[0].mem_reg_3/CLKARDCLK	u_top/u_core/u_b/u_b_core/core/core/l5/gk.frontend/win/shift_reg[14][122]/D
-0.080	u_top/u_core/u_b/u_b_core/core/core/l5/gk.frontend/win/bank_gen[1].mem_reg_3/CLKARDCLK	u_top/u_core/u_b/u_b_core/core/core/l5/gk.frontend/win/shift_reg[9][132]/D
-0.080	u_top/u_core/u_b/u_b_core/core/core/l5/mac/mac/tree_stage[6].valid_q_reg[7]/C	u_top/u_core/u_b/u_b_core/core/core/l5/mac/issue/out_window_reg[1206]/CE
-0.080	u_top/u_core/u_b/u_b_core/core/core/l5/mac/mac/tree_stage[6].valid_q_reg[7]/C	u_top/u_core/u_b/u_b_core/core/core/l5/mac/issue/out_window_reg[1207]/CE
-0.080	u_top/u_core/u_b/u_b_core/core/core/l5/mac/mac/tree_stage[6].valid_q_reg[7]/C	u_top/u_core/u_b/u_b_core/core/core/l5/mac/issue/out_window_reg[1208]/CE
-0.080	u_top/u_core/u_b/u_b_core/core/core/l5/mac/mac/tree_stage[6].valid_q_reg[7]/C	u_top/u_core/u_b/u_b_core/core/core/l5/mac/issue/out_window_reg[1209]/CE
-0.080	u_top/u_core/u_b/u_b_core/core/core/l5/mac/mac/tree_stage[6].valid_q_reg[7]/C	u_top/u_core/u_b/u_b_core/core/core/l5/mac/issue/out_window_reg[1210]/CE
-0.080	u_top/u_core/u_b/u_b_core/core/core/l5/mac/mac/tree_stage[6].valid_q_reg[7]/C	u_top/u_core/u_b/u_b_core/core/core/l5/mac/issue/out_window_reg[1211]/CE
-0.080	u_top/u_core/u_b/u_b_core/core/core/shuffle/busy_reg/C	u_top/u_core/u_b/u_b_core/core/core/l5/gk.frontend/win/shift_reg[0][104]/R
-0.080	u_top/u_core/u_b/u_b_core/core/core/shuffle/busy_reg/C	u_top/u_core/u_b/u_b_core/core/core/l5/gk.frontend/win/shift_reg[20][232]/R
-0.080	u_top/u_core/u_b/u_b_core/core/core/shuffle/busy_reg/C	u_top/u_core/u_b/u_b_core/core/core/l5/gk.frontend/win/shift_reg[21][131]/R
-0.080	u_top/u_core/u_b/u_b_core/core/core/shuffle/busy_reg/C	u_top/u_core/u_b/u_b_core/core/core/l5/gk.frontend/win/shift_reg[21][25]/R
-0.080	u_top/u_core/u_b/u_b_core/core/core/shuffle/busy_reg/C	u_top/u_core/u_b/u_b_core/core/core/l5/gk.frontend/win/shift_reg[22][226]/R
-0.080	u_top/u_core/u_b/u_b_core/core/core/shuffle/busy_reg/C	u_top/u_core/u_b/u_b_core/core/core/l5/gk.frontend/win/shift_reg[22][227]/R
-0.080	u_top/u_core/u_b/u_b_core/core/core/l5/mac/mac/tree_stage[6].valid_q_reg[7]/C	u_top/u_core/u_b/u_b_core/core/core/l5/gk.frontend/fifo/g_wide_read.g_read_slice[82].rd_ptr_local_reg[0]/R
-0.080	u_top/u_core/u_b/u_b_core/core/core/l5/mac/mac/tree_stage[6].valid_q_reg[7]/C	u_top/u_core/u_b/u_b_core/core/core/l5/gk.frontend/fifo/g_wide_read.g_read_slice[82].rd_ptr_local_reg[1]/R
-0.080	u_top/u_core/u_b/u_b_core/core/core/shuffle/busy_reg/C	u_top/u_core/u_b/u_b_core/core/core/l5/gk.frontend/win/shift_reg[1][45]/R
-0.080	u_top/u_core/u_b/u_b_core/core/core/shuffle/busy_reg/C	u_top/u_core/u_b/u_b_core/core/core/l5/gk.frontend/win/shift_reg[2][118]/R
-0.080	u_top/u_core/u_b/u_b_core/core/core/shuffle/busy_reg/C	u_top/u_core/u_b/u_b_core/core/core/l5/gk.frontend/win/shift_reg[2][151]/R
-0.080	u_top/u_core/u_b/u_b_core/core/core/shuffle/busy_reg/C	u_top/u_core/u_b/u_b_core/core/core/l5/gk.frontend/win/shift_reg[2][28]/R
-0.080	u_top/u_core/u_b/u_b_core/core/core/shuffle/busy_reg/C	u_top/u_core/u_b/u_b_core/core/core/l5/gk.frontend/win/shift_reg[20][20]/R
-0.080	u_top/u_core/u_b/u_b_core/core/core/shuffle/busy_reg/C	u_top/u_core/u_b/u_b_core/core/core/l5/gk.frontend/win/shift_reg[20][240]/R
-0.080	u_top/u_core/u_b/u_b_core/core/core/shuffle/busy_reg/C	u_top/u_core/u_b/u_b_core/core/core/l5/gk.frontend/win/shift_reg[20][63]/R
-0.080	u_top/u_core/u_b/u_b_core/core/core/shuffle/busy_reg/C	u_top/u_core/u_b/u_b_core/core/core/l5/gk.frontend/win/shift_reg[20][93]/R
-0.080	u_top/u_core/u_b/u_b_core/core/core/shuffle/busy_reg/C	u_top/u_core/u_b/u_b_core/core/core/l5/gk.frontend/win/shift_reg[21][106]/R
-0.080	u_top/u_core/u_b/u_b_core/core/core/shuffle/busy_reg/C	u_top/u_core/u_b/u_b_core/core/core/l5/gk.frontend/win/shift_reg[21][210]/R
-0.080	u_top/u_core/u_b/u_b_core/core/core/shuffle/busy_reg/C	u_top/u_core/u_b/u_b_core/core/core/l5/gk.frontend/win/shift_reg[21][54]/R
-0.080	u_top/u_core/u_b/u_b_core/core/core/l5/mac/issue/out_phase_reg[1]_rep__11/C	u_top/u_core/u_b/u_b_core/core/core/l5/mac/mac/out_lane[1].mult_lane[41].operand_pipe.act_q_reg[5]/D
-0.079	u_top/u_core/u_b/u_b_core/core/core/l3/mac/mac/out_lane[3].mult_lane[1].operand_pipe.weight_q_reg[7]/C	u_top/u_core/u_b/u_b_core/core/core/l3/mac/mac/out_lane[3].mult_lane[1].operand_pipe.sums_q_reg[0][3][1]/B[9]
-0.079	u_top/u_core/u_b/u_b_core/core/core/l5/mac/mac/tree_stage[6].valid_q_reg[7]/C	u_top/u_core/u_b/u_b_core/core/core/l5/mac/issue/out_window_reg[1938]/CE
-0.079	u_top/u_core/u_b/u_b_core/core/core/l5/mac/mac/tree_stage[6].valid_q_reg[7]/C	u_top/u_core/u_b/u_b_core/core/core/l5/mac/issue/out_window_reg[1939]/CE
-0.079	u_top/u_core/u_b/u_b_core/core/core/l5/mac/mac/tree_stage[6].valid_q_reg[7]/C	u_top/u_core/u_b/u_b_core/core/core/l5/mac/issue/out_window_reg[1940]/CE
-0.079	u_top/u_core/u_b/u_b_core/core/core/l5/mac/mac/tree_stage[6].valid_q_reg[7]/C	u_top/u_core/u_b/u_b_core/core/core/l5/mac/issue/out_window_reg[1941]/CE
-0.079	u_top/u_core/u_b/u_b_core/core/core/l5/mac/mac/tree_stage[6].valid_q_reg[7]/C	u_top/u_core/u_b/u_b_core/core/core/l5/mac/issue/out_window_reg[1942]/CE
-0.079	u_top/u_core/u_b/u_b_core/core/core/l5/mac/mac/tree_stage[6].valid_q_reg[7]/C	u_top/u_core/u_b/u_b_core/core/core/l5/mac/issue/out_window_reg[1943]/CE
-0.079	u_top/u_core/u_b/u_b_core/core/core/l5/gk.frontend/fifo/count_reg[1]/C	u_top/u_core/u_b/u_b_core/core/core/l5/gk.frontend/pending1_reg_replica_1/D
-0.079	u_top/u_core/u_b/u_b_core/core/core/l5/mac/mac/out_lane[0].mult_lane[35].operand_pipe.act_q_reg[9]/C	u_top/u_core/u_b/u_b_core/core/core/l5/mac/mac/out_lane[0].mult_lane[35].operand_pipe.sums_q_reg[0][0][35]/A[9]
-0.079	u_top/u_core/u_b/u_b_core/core/core/l5/mac/mac/tree_stage[6].valid_q_reg[7]/C	u_top/u_core/u_b/u_b_core/core/core/l5/mac/mac/out_lane[1].mult_lane[33].operand_pipe.act_q_reg[0]/CE
-0.079	u_top/u_core/u_b/u_b_core/core/core/l5/mac/mac/tree_stage[6].valid_q_reg[7]/C	u_top/u_core/u_b/u_b_core/core/core/l5/mac/mac/out_lane[1].mult_lane[33].operand_pipe.act_q_reg[15]/CE
-0.079	u_top/u_core/u_b/u_b_core/core/core/l5/mac/mac/tree_stage[6].valid_q_reg[7]/C	u_top/u_core/u_b/u_b_core/core/core/l5/mac/mac/out_lane[1].mult_lane[33].operand_pipe.act_q_reg[1]/CE
-0.079	u_top/u_core/u_b/u_b_core/core/core/l5/mac/mac/tree_stage[6].valid_q_reg[7]/C	u_top/u_core/u_b/u_b_core/core/core/l5/mac/mac/out_lane[1].mult_lane[33].operand_pipe.act_q_reg[2]/CE
-0.079	u_top/u_core/u_b/u_b_core/core/core/l5/mac/mac/tree_stage[6].valid_q_reg[7]/C	u_top/u_core/u_b/u_b_core/core/core/l5/mac/mac/out_lane[1].mult_lane[33].operand_pipe.act_q_reg[3]/CE
-0.079	u_top/u_core/u_b/u_b_core/core/core/l5/mac/issue/out_window_reg[1993]/C	u_top/u_core/u_b/u_b_core/core/core/l5/mac/mac/out_lane[1].mult_lane[7].operand_pipe.act_q_reg[9]/D
-0.079	u_top/u_core/u_b/u_b_core/core/core/l5/mac/issue/out_phase_reg[0]_rep__11/C	u_top/u_core/u_b/u_b_core/core/core/l5/mac/mac/out_lane[2].mult_lane[24].operand_pipe.act_q_reg[1]/D
-0.079	u_top/u_core/u_b/u_b_core/core/core/l5/gk.frontend/win/bank_gen[2].mem_reg_0/CLKARDCLK	u_top/u_core/u_b/u_b_core/core/core/l5/gk.frontend/win/shift_reg[14][14]/D
-0.079	u_top/u_core/u_b/u_b_core/core/core/l5/mac/issue/out_phase_reg[1]_rep__12/C	u_top/u_core/u_b/u_b_core/core/core/l5/mac/mac/out_lane[3].mult_lane[37].operand_pipe.act_q_reg[11]/D
-0.079	u_top/u_core/u_b/u_b_core/core/core/l5/mac/issue/out_phase_reg[2]_rep__3/C	u_top/u_core/u_b/u_b_core/core/core/l5/mac/mac/out_lane[3].mult_lane[17].operand_pipe.act_q_reg[4]/D
-0.079	u_top/u_core/u_b/u_b_core/core/core/l5/mac/mac/out_lane[1].mult_lane[3].operand_pipe.weight_q_reg[0]/C	u_top/u_core/u_b/u_b_core/core/core/l5/mac/mac/out_lane[1].mult_lane[3].operand_pipe.sums_q_reg[0][1][3]/B[0]
-0.079	u_top/u_core/u_ctrl/start_b_reg/C	u_top/u_core/u_in/req_addr_q_reg[0]_rep__2/CE
-0.079	u_top/u_core/u_ctrl/start_b_reg/C	u_top/u_core/u_in/req_addr_q_reg[0]_rep__6/CE
-0.079	u_top/u_core/u_b/u_b_core/core/core/f45/g_narrow_read.rd_ptr_local_reg[0]_replica_3/C	u_top/u_core/u_b/u_b_core/core/core/l5/gk.frontend/win/bank_gen[2].mem_reg_1/DIADI[24]
-0.078	u_top/u_core/u_b/u_b_core/core/core/l5/mac/issue/out_phase_reg[1]_rep/C	u_top/u_core/u_b/u_b_core/core/core/l5/mac/mac/out_lane[0].mult_lane[49].operand_pipe.weight_q_reg[2]/D
-0.078	u_top/u_core/u_b/u_b_core/core/core/l5/mac/issue/out_window_reg[5545]/C	u_top/u_core/u_b/u_b_core/core/core/l5/mac/mac/out_lane[1].mult_lane[21].operand_pipe.act_q_reg[9]/D
-0.078	u_top/u_core/u_b/u_b_core/core/core/l5/mac/issue/out_phase_reg[1]_rep__10/C	u_top/u_core/u_b/u_b_core/core/core/l5/mac/mac/out_lane[2].mult_lane[35].operand_pipe.act_q_reg[11]/D
-0.078	u_top/u_core/u_b/u_b_core/core/core/l5/mac/mac/tree_stage[6].valid_q_reg[7]/C	u_top/u_core/u_b/u_b_core/core/core/l5/mac/issue/out_window_reg[3084]/CE
-0.078	u_top/u_core/u_b/u_b_core/core/core/l5/mac/mac/tree_stage[6].valid_q_reg[7]/C	u_top/u_core/u_b/u_b_core/core/core/l5/mac/issue/out_window_reg[3085]/CE
-0.078	u_top/u_core/u_b/u_b_core/core/core/l5/mac/mac/tree_stage[6].valid_q_reg[7]/C	u_top/u_core/u_b/u_b_core/core/core/l5/mac/issue/out_window_reg[3086]/CE
-0.078	u_top/u_core/u_b/u_b_core/core/core/l5/mac/mac/tree_stage[6].valid_q_reg[7]/C	u_top/u_core/u_b/u_b_core/core/core/l5/mac/issue/out_window_reg[3087]/CE
-0.078	u_top/u_core/u_b/u_b_core/core/core/l5/mac/mac/tree_stage[6].valid_q_reg[7]/C	u_top/u_core/u_b/u_b_core/core/core/l5/mac/issue/out_window_reg[3088]/CE
-0.078	u_top/u_core/u_b/u_b_core/core/core/l5/mac/mac/tree_stage[6].valid_q_reg[7]/C	u_top/u_core/u_b/u_b_core/core/core/l5/mac/issue/out_window_reg[3089]/CE
-0.078	u_top/u_core/u_b/u_b_core/core/core/l5/mac/mac/tree_stage[6].valid_q_reg[7]/C	u_top/u_core/u_b/u_b_core/core/core/l5/mac/issue/out_phase_reg[0]_rep__2_replica_2/D
-0.078	u_top/u_core/u_b/u_b_core/core/core/l5/mac/mac/tree_stage[6].valid_q_reg[7]/C	u_top/u_core/u_b/u_b_core/core/core/l5/mac/issue/out_window_reg[3300]/CE
-0.078	u_top/u_core/u_b/u_b_core/core/core/l5/mac/mac/tree_stage[6].valid_q_reg[7]/C	u_top/u_core/u_b/u_b_core/core/core/l5/mac/issue/out_window_reg[3301]/CE
-0.078	u_top/u_core/u_b/u_b_core/core/core/l5/mac/mac/tree_stage[6].valid_q_reg[7]/C	u_top/u_core/u_b/u_b_core/core/core/l5/mac/issue/out_window_reg[3302]/CE
-0.078	u_top/u_core/u_b/u_b_core/core/core/l5/mac/mac/tree_stage[6].valid_q_reg[7]/C	u_top/u_core/u_b/u_b_core/core/core/l5/mac/issue/out_window_reg[3303]/CE
-0.078	u_top/u_core/u_b/u_b_core/core/core/l5/mac/mac/tree_stage[6].valid_q_reg[7]/C	u_top/u_core/u_b/u_b_core/core/core/l5/mac/issue/out_window_reg[3304]/CE
-0.078	u_top/u_core/u_b/u_b_core/core/core/l5/mac/mac/tree_stage[6].valid_q_reg[7]/C	u_top/u_core/u_b/u_b_core/core/core/l5/mac/issue/out_window_reg[3305]/CE
-0.078	u_top/u_core/u_b/u_b_core/core/core/l5/mac/issue/out_phase_reg[1]_rep__14/C	u_top/u_core/u_b/u_b_core/core/core/l5/mac/mac/out_lane[0].mult_lane[45].operand_pipe.weight_q_reg[3]/D
-0.078	u_top/u_core/u_b/u_b_core/core/core/l5/gk.frontend/fifo/wr_ptr_reg[1]/C	u_top/u_core/u_b/u_b_core/core/core/l5/gk.frontend/fifo/g_wide_read.g_read_slice[92].mem_slice_reg_0_3_24_29/RAMA/WADR1
-0.078	u_top/u_core/u_b/u_b_core/core/core/l5/gk.frontend/fifo/wr_ptr_reg[1]/C	u_top/u_core/u_b/u_b_core/core/core/l5/gk.frontend/fifo/g_wide_read.g_read_slice[92].mem_slice_reg_0_3_24_29/RAMA_D1/WADR1
-0.078	u_top/u_core/u_b/u_b_core/core/core/l5/gk.frontend/fifo/wr_ptr_reg[1]/C	u_top/u_core/u_b/u_b_core/core/core/l5/gk.frontend/fifo/g_wide_read.g_read_slice[92].mem_slice_reg_0_3_24_29/RAMB/WADR1
-0.078	u_top/u_core/u_b/u_b_core/core/core/l5/gk.frontend/fifo/wr_ptr_reg[1]/C	u_top/u_core/u_b/u_b_core/core/core/l5/gk.frontend/fifo/g_wide_read.g_read_slice[92].mem_slice_reg_0_3_24_29/RAMB_D1/WADR1
-0.078	u_top/u_core/u_b/u_b_core/core/core/l5/gk.frontend/fifo/wr_ptr_reg[1]/C	u_top/u_core/u_b/u_b_core/core/core/l5/gk.frontend/fifo/g_wide_read.g_read_slice[92].mem_slice_reg_0_3_24_29/RAMC/WADR1
-0.078	u_top/u_core/u_b/u_b_core/core/core/l5/gk.frontend/fifo/wr_ptr_reg[1]/C	u_top/u_core/u_b/u_b_core/core/core/l5/gk.frontend/fifo/g_wide_read.g_read_slice[92].mem_slice_reg_0_3_24_29/RAMC_D1/WADR1
-0.078	u_top/u_core/u_b/u_b_core/core/core/l5/gk.frontend/fifo/wr_ptr_reg[1]/C	u_top/u_core/u_b/u_b_core/core/core/l5/gk.frontend/fifo/g_wide_read.g_read_slice[92].mem_slice_reg_0_3_24_29/RAMD/ADR1
-0.078	u_top/u_core/u_b/u_b_core/core/core/l5/gk.frontend/fifo/wr_ptr_reg[1]/C	u_top/u_core/u_b/u_b_core/core/core/l5/gk.frontend/fifo/g_wide_read.g_read_slice[92].mem_slice_reg_0_3_24_29/RAMD_D1/ADR1
-0.077	u_top/u_core/u_b/u_b_core/core/core/l5/mac/issue/out_phase_reg[0]_rep__5/C	u_top/u_core/u_b/u_b_core/core/core/l5/mac/mac/out_lane[0].mult_lane[37].operand_pipe.act_q_reg[10]/D
-0.077	u_top/u_core/u_b/u_b_core/core/core/l5/gk.frontend/fifo/count_reg[1]/C	u_top/u_core/u_b/u_b_core/core/core/l5/gk.frontend/pending1_reg_replica_29/D
-0.077	u_top/u_core/u_b/u_b_core/core/core/l5/gk.frontend/win/row_mod_d_reg[0]_rep__5/C	u_top/u_core/u_b/u_b_core/core/core/l5/gk.frontend/win/shift_reg[4][201]/D
-0.077	u_top/u_core/u_b/u_b_core/core/core/l5/mac/issue/out_phase_reg[1]_rep__15/C	u_top/u_core/u_b/u_b_core/core/core/l5/mac/mac/out_lane[1].mult_lane[47].operand_pipe.act_q_reg[7]/D
-0.077	u_top/u_core/u_b/u_b_core/core/core/l5/gk.frontend/win/bank_gen[0].mem_reg_3/CLKARDCLK	u_top/u_core/u_b/u_b_core/core/core/l5/gk.frontend/win/shift_reg[19][120]/D
-0.077	u_top/u_core/u_b/u_b_core/core/core/l5/gk.frontend/win/bank_gen[0].mem_reg_4/CLKARDCLK	u_top/u_core/u_b/u_b_core/core/core/l5/gk.frontend/win/shift_reg[9][179]/D
-0.077	u_top/u_core/u_b/u_b_core/core/core/l5/mac/mac/tree_stage[6].valid_q_reg[7]/C	u_top/u_core/u_b/u_b_core/core/core/l5/mac/issue/out_window_reg[1176]/CE
-0.077	u_top/u_core/u_b/u_b_core/core/core/l5/mac/mac/tree_stage[6].valid_q_reg[7]/C	u_top/u_core/u_b/u_b_core/core/core/l5/mac/issue/out_window_reg[1177]/CE
-0.077	u_top/u_core/u_b/u_b_core/core/core/l5/mac/mac/tree_stage[6].valid_q_reg[7]/C	u_top/u_core/u_b/u_b_core/core/core/l5/mac/issue/out_window_reg[1178]/CE
-0.077	u_top/u_core/u_b/u_b_core/core/core/l5/mac/mac/tree_stage[6].valid_q_reg[7]/C	u_top/u_core/u_b/u_b_core/core/core/l5/mac/issue/out_window_reg[1179]/CE
-0.077	u_top/u_core/u_b/u_b_core/core/core/l5/mac/mac/tree_stage[6].valid_q_reg[7]/C	u_top/u_core/u_b/u_b_core/core/core/l5/mac/issue/out_window_reg[1180]/CE
-0.077	u_top/u_core/u_b/u_b_core/core/core/l5/mac/mac/tree_stage[6].valid_q_reg[7]/C	u_top/u_core/u_b/u_b_core/core/core/l5/mac/issue/out_window_reg[1181]/CE
-0.077	u_top/u_core/u_b/u_b_core/core/core/l5/mac/mac/tree_stage[6].valid_q_reg[7]/C	u_top/u_core/u_b/u_b_core/core/core/l5/mac/issue/out_phase_reg[1]_rep__5/D
-0.076	u_top/u_core/u_b/u_b_core/core/core/l5/mac/issue/out_phase_reg[1]_rep__9/C	u_top/u_core/u_b/u_b_core/core/core/l5/mac/mac/out_lane[1].mult_lane[7].operand_pipe.act_q_reg[10]/D
-0.076	u_top/u_core/u_b/u_b_core/core/core/l5/mac/issue/out_phase_reg[1]_rep__9/C	u_top/u_core/u_b/u_b_core/core/core/l5/mac/mac/out_lane[3].mult_lane[33].operand_pipe.act_q_reg[2]/D
-0.076	u_top/u_core/u_b/u_b_core/core/core/shuffle/busy_reg/C	u_top/u_core/u_b/u_b_core/core/core/l5/gk.frontend/win/shift_reg[0][224]/R
-0.076	u_top/u_core/u_b/u_b_core/core/core/shuffle/busy_reg/C	u_top/u_core/u_b/u_b_core/core/core/l5/gk.frontend/win/shift_reg[0][30]/R
-0.076	u_top/u_core/u_b/u_b_core/core/core/shuffle/busy_reg/C	u_top/u_core/u_b/u_b_core/core/core/l5/gk.frontend/win/shift_reg[0][37]/R
-0.076	u_top/u_core/u_b/u_b_core/core/core/shuffle/busy_reg/C	u_top/u_core/u_b/u_b_core/core/core/l5/gk.frontend/win/shift_reg[0][54]/R
-0.076	u_top/u_core/u_b/u_b_core/core/core/shuffle/busy_reg/C	u_top/u_core/u_b/u_b_core/core/core/l5/gk.frontend/win/shift_reg[0][73]/R
-0.076	u_top/u_core/u_b/u_b_core/core/core/shuffle/busy_reg/C	u_top/u_core/u_b/u_b_core/core/core/l5/gk.frontend/win/shift_reg[16][23]/R
-0.076	u_top/u_core/u_b/u_b_core/core/core/shuffle/busy_reg/C	u_top/u_core/u_b/u_b_core/core/core/l5/gk.frontend/win/shift_reg[1][151]/R
-0.076	u_top/u_core/u_b/u_b_core/core/core/l5/gk.frontend/pending1_reg_replica_18/C	u_top/u_core/u_b/u_b_core/core/core/l5/gk.frontend/win/shift_reg[23][127]/CE
-0.076	u_top/u_core/u_b/u_b_core/core/core/l5/gk.frontend/pending1_reg_replica_18/C	u_top/u_core/u_b/u_b_core/core/core/l5/gk.frontend/win/shift_reg[23][138]/CE
-0.076	u_top/u_core/u_b/u_b_core/core/core/l5/gk.frontend/pending1_reg_replica_18/C	u_top/u_core/u_b/u_b_core/core/core/l5/gk.frontend/win/shift_reg[23][156]/CE
-0.076	u_top/u_core/u_b/u_b_core/core/core/l5/gk.frontend/pending1_reg_replica_18/C	u_top/u_core/u_b/u_b_core/core/core/l5/gk.frontend/win/shift_reg[23][171]/CE
-0.076	u_top/u_core/u_b/u_b_core/core/core/l5/gk.frontend/pending1_reg_replica_18/C	u_top/u_core/u_b/u_b_core/core/core/l5/gk.frontend/win/shift_reg[23][172]/CE
-0.076	u_top/u_core/u_b/u_b_core/core/core/l5/gk.frontend/pending1_reg_replica_18/C	u_top/u_core/u_b/u_b_core/core/core/l5/gk.frontend/win/shift_reg[23][238]/CE
-0.076	u_top/u_core/u_b/u_b_core/core/core/l5/gk.frontend/pending1_reg_replica_18/C	u_top/u_core/u_b/u_b_core/core/core/l5/gk.frontend/win/shift_reg[23][36]/CE
-0.076	u_top/u_core/u_b/u_b_core/core/core/l5/gk.frontend/pending1_reg_replica_18/C	u_top/u_core/u_b/u_b_core/core/core/l5/gk.frontend/win/shift_reg[23][99]/CE
-0.076	u_top/u_core/u_b/u_b_core/core/core/l5/gk.frontend/pad/interior_y_reg/C	u_top/u_core/u_b/u_b_core/core/core/l5/gk.frontend/win/bank_gen[0].mem_reg_6/DIPADIP[1]
-0.076	u_top/u_core/u_b/u_b_core/core/core/l5/gk.frontend/fifo/wr_ptr_reg[0]/C	u_top/u_core/u_b/u_b_core/core/core/l5/gk.frontend/fifo/g_wide_read.g_read_slice[88].mem_slice_reg_0_3_6_11/RAMA/WADR0
-0.076	u_top/u_core/u_b/u_b_core/core/core/l5/gk.frontend/fifo/wr_ptr_reg[0]/C	u_top/u_core/u_b/u_b_core/core/core/l5/gk.frontend/fifo/g_wide_read.g_read_slice[88].mem_slice_reg_0_3_6_11/RAMA_D1/WADR0
-0.076	u_top/u_core/u_b/u_b_core/core/core/l5/gk.frontend/fifo/wr_ptr_reg[0]/C	u_top/u_core/u_b/u_b_core/core/core/l5/gk.frontend/fifo/g_wide_read.g_read_slice[88].mem_slice_reg_0_3_6_11/RAMB/WADR0
-0.076	u_top/u_core/u_b/u_b_core/core/core/l5/gk.frontend/fifo/wr_ptr_reg[0]/C	u_top/u_core/u_b/u_b_core/core/core/l5/gk.frontend/fifo/g_wide_read.g_read_slice[88].mem_slice_reg_0_3_6_11/RAMB_D1/WADR0
-0.076	u_top/u_core/u_b/u_b_core/core/core/l5/gk.frontend/fifo/wr_ptr_reg[0]/C	u_top/u_core/u_b/u_b_core/core/core/l5/gk.frontend/fifo/g_wide_read.g_read_slice[88].mem_slice_reg_0_3_6_11/RAMC/WADR0
-0.076	u_top/u_core/u_b/u_b_core/core/core/l5/gk.frontend/fifo/wr_ptr_reg[0]/C	u_top/u_core/u_b/u_b_core/core/core/l5/gk.frontend/fifo/g_wide_read.g_read_slice[88].mem_slice_reg_0_3_6_11/RAMC_D1/WADR0
-0.076	u_top/u_core/u_b/u_b_core/core/core/l5/gk.frontend/fifo/wr_ptr_reg[0]/C	u_top/u_core/u_b/u_b_core/core/core/l5/gk.frontend/fifo/g_wide_read.g_read_slice[88].mem_slice_reg_0_3_6_11/RAMD/ADR0
-0.076	u_top/u_core/u_b/u_b_core/core/core/l5/gk.frontend/fifo/wr_ptr_reg[0]/C	u_top/u_core/u_b/u_b_core/core/core/l5/gk.frontend/fifo/g_wide_read.g_read_slice[88].mem_slice_reg_0_3_6_11/RAMD_D1/ADR0
-0.076	u_top/u_core/u_b/u_b_core/core/core/f45/g_narrow_read.rd_ptr_local_reg[2]/C	u_top/u_core/u_b/u_b_core/core/core/l5/gk.frontend/win/bank_gen[3].mem_reg_7/DIADI[3]
-0.075	u_top/u_core/u_b/u_b_core/core/core/l5/mac/mac/tree_stage[6].valid_q_reg[7]/C	u_top/u_core/u_b/u_b_core/core/core/l5/mac/issue/out_window_reg[3224]/CE
-0.075	u_top/u_core/u_b/u_b_core/core/core/l5/mac/mac/tree_stage[6].valid_q_reg[7]/C	u_top/u_core/u_b/u_b_core/core/core/l5/mac/issue/out_window_reg[3225]/CE
-0.075	u_top/u_core/u_b/u_b_core/core/core/l5/mac/mac/tree_stage[6].valid_q_reg[7]/C	u_top/u_core/u_b/u_b_core/core/core/l5/mac/issue/out_window_reg[3226]/CE
-0.075	u_top/u_core/u_b/u_b_core/core/core/l5/mac/mac/tree_stage[6].valid_q_reg[7]/C	u_top/u_core/u_b/u_b_core/core/core/l5/mac/issue/out_window_reg[3227]/CE
-0.075	u_top/u_core/u_b/u_b_core/core/core/l5/mac/mac/tree_stage[6].valid_q_reg[7]/C	u_top/u_core/u_b/u_b_core/core/core/l5/mac/issue/out_window_reg[3228]/CE
-0.075	u_top/u_core/u_b/u_b_core/core/core/l5/mac/mac/tree_stage[6].valid_q_reg[7]/C	u_top/u_core/u_b/u_b_core/core/core/l5/mac/issue/out_window_reg[3229]/CE
-0.075	u_top/u_core/u_b/u_b_core/core/core/l5/mac/mac/tree_stage[6].valid_q_reg[7]/C	u_top/u_core/u_b/u_b_core/core/core/l5/mac/issue/out_window_reg[5430]/CE
-0.075	u_top/u_core/u_b/u_b_core/core/core/l5/mac/mac/tree_stage[6].valid_q_reg[7]/C	u_top/u_core/u_b/u_b_core/core/core/l5/mac/issue/out_window_reg[5431]/CE
-0.075	u_top/u_core/u_b/u_b_core/core/core/l5/mac/mac/tree_stage[6].valid_q_reg[7]/C	u_top/u_core/u_b/u_b_core/core/core/l5/mac/issue/out_window_reg[5432]/CE
-0.075	u_top/u_core/u_b/u_b_core/core/core/l5/mac/mac/tree_stage[6].valid_q_reg[7]/C	u_top/u_core/u_b/u_b_core/core/core/l5/mac/issue/out_window_reg[5433]/CE
-0.075	u_top/u_core/u_b/u_b_core/core/core/l5/mac/mac/tree_stage[6].valid_q_reg[7]/C	u_top/u_core/u_b/u_b_core/core/core/l5/mac/issue/out_window_reg[5434]/CE
-0.075	u_top/u_core/u_b/u_b_core/core/core/l5/mac/mac/tree_stage[6].valid_q_reg[7]/C	u_top/u_core/u_b/u_b_core/core/core/l5/mac/issue/out_window_reg[5435]/CE
-0.075	u_top/u_core/u_b/u_b_core/core/core/l5/mac/mac/tree_stage[6].valid_q_reg[7]/C	u_top/u_core/u_b/u_b_core/core/core/l5/mac/issue/out_window_reg[6320]/CE
-0.075	u_top/u_core/u_b/u_b_core/core/core/l5/mac/mac/tree_stage[6].valid_q_reg[7]/C	u_top/u_core/u_b/u_b_core/core/core/l5/mac/issue/out_window_reg[6321]/CE
-0.075	u_top/u_core/u_b/u_b_core/core/core/l5/mac/mac/tree_stage[6].valid_q_reg[7]/C	u_top/u_core/u_b/u_b_core/core/core/l5/mac/issue/out_window_reg[6322]/CE
-0.075	u_top/u_core/u_b/u_b_core/core/core/l5/mac/mac/tree_stage[6].valid_q_reg[7]/C	u_top/u_core/u_b/u_b_core/core/core/l5/mac/issue/out_window_reg[6323]/CE
-0.075	u_top/u_core/u_b/u_b_core/core/core/l5/mac/mac/tree_stage[6].valid_q_reg[7]/C	u_top/u_core/u_b/u_b_core/core/core/l5/mac/issue/out_window_reg[6324]/CE
-0.075	u_top/u_core/u_b/u_b_core/core/core/l5/mac/mac/tree_stage[6].valid_q_reg[7]/C	u_top/u_core/u_b/u_b_core/core/core/l5/mac/issue/out_window_reg[6325]/CE
-0.075	u_top/u_core/u_b/u_b_core/core/core/l5/mac/issue/out_phase_reg[1]_rep__6/C	u_top/u_core/u_b/u_b_core/core/core/l5/mac/mac/out_lane[2].mult_lane[23].operand_pipe.weight_q_reg[7]/D
-0.075	u_top/u_core/u_b/u_b_core/core/core/l5/mac/mac/tree_stage[6].valid_q_reg[7]/C	u_top/u_core/u_b/u_b_core/core/core/l5/mac/issue/out_window_reg[2666]/CE
-0.075	u_top/u_core/u_b/u_b_core/core/core/l5/mac/mac/tree_stage[6].valid_q_reg[7]/C	u_top/u_core/u_b/u_b_core/core/core/l5/mac/issue/out_window_reg[2667]/CE
-0.075	u_top/u_core/u_b/u_b_core/core/core/l5/mac/mac/tree_stage[6].valid_q_reg[7]/C	u_top/u_core/u_b/u_b_core/core/core/l5/mac/issue/out_window_reg[2668]/CE
-0.075	u_top/u_core/u_b/u_b_core/core/core/l5/mac/mac/tree_stage[6].valid_q_reg[7]/C	u_top/u_core/u_b/u_b_core/core/core/l5/mac/issue/out_window_reg[2669]/CE
-0.075	u_top/u_core/u_b/u_b_core/core/core/l5/mac/mac/tree_stage[6].valid_q_reg[7]/C	u_top/u_core/u_b/u_b_core/core/core/l5/mac/issue/out_window_reg[2670]/CE
-0.075	u_top/u_core/u_b/u_b_core/core/core/l5/mac/mac/tree_stage[6].valid_q_reg[7]/C	u_top/u_core/u_b/u_b_core/core/core/l5/mac/issue/out_window_reg[2671]/CE
-0.075	u_top/u_core/u_b/u_b_core/core/core/l5/mac/issue/out_phase_reg[0]_rep__15/C	u_top/u_core/u_b/u_b_core/core/core/l5/mac/mac/out_lane[0].mult_lane[20].operand_pipe.weight_q_reg[1]/D
-0.075	u_top/u_core/u_b/u_b_core/core/core/l5/mac/issue/out_phase_reg[2]_rep__1/C	u_top/u_core/u_b/u_b_core/core/core/l5/mac/mac/out_lane[0].mult_lane[22].operand_pipe.weight_q_reg[3]/R
-0.075	u_top/u_core/u_b/u_b_core/core/core/l5/gk.frontend/win/bank_gen[1].mem_reg_0/CLKARDCLK	u_top/u_core/u_b/u_b_core/core/core/l5/gk.frontend/win/shift_reg[4][2]/D
-0.075	u_top/u_core/u_b/u_b_core/core/core/l5/gk.frontend/win/bank_gen[1].mem_reg_6/CLKARDCLK	u_top/u_core/u_b/u_b_core/core/core/l5/gk.frontend/win/shift_reg[19][233]/D
-0.075	u_top/u_core/u_b/u_b_core/core/core/l5/mac/mac/tree_stage[6].valid_q_reg[7]/C	u_top/u_core/u_b/u_b_core/core/core/l5/mac/mac/out_lane[2].mult_lane[23].operand_pipe.act_q_reg[13]/CE
-0.075	u_top/u_core/u_b/u_b_core/core/core/l5/mac/issue/out_phase_reg[2]/C	u_top/u_core/u_b/u_b_core/core/core/l5/mac/mac/out_lane[3].mult_lane[2].operand_pipe.weight_q_reg[0]/D
-0.075	u_top/u_core/u_b/u_b_core/core/core/l5/mac/issue/out_phase_reg[1]_rep/C	u_top/u_core/u_b/u_b_core/core/core/l5/mac/mac/out_lane[1].mult_lane[12].operand_pipe.weight_q_reg[4]/D
-0.075	u_top/u_core/u_b/u_b_core/core/core/l5/gk.frontend/win/shift_reg[8][193]/C	u_top/u_core/u_b/u_b_core/core/core/l5/gk.frontend/fifo/g_wide_read.g_read_slice[35].mem_slice_reg_0_3_0_5/RAMA_D1/I
-0.075	u_top/u_core/u_b/u_b_core/core/core/l5/gk.frontend/fifo/wr_ptr_reg[1]/C	u_top/u_core/u_b/u_b_core/core/core/l5/gk.frontend/fifo/g_wide_read.g_read_slice[90].mem_slice_reg_0_3_24_29/RAMA/WADR1
-0.075	u_top/u_core/u_b/u_b_core/core/core/l5/gk.frontend/fifo/wr_ptr_reg[1]/C	u_top/u_core/u_b/u_b_core/core/core/l5/gk.frontend/fifo/g_wide_read.g_read_slice[90].mem_slice_reg_0_3_24_29/RAMA_D1/WADR1
-0.075	u_top/u_core/u_b/u_b_core/core/core/l5/gk.frontend/fifo/wr_ptr_reg[1]/C	u_top/u_core/u_b/u_b_core/core/core/l5/gk.frontend/fifo/g_wide_read.g_read_slice[90].mem_slice_reg_0_3_24_29/RAMB/WADR1
-0.075	u_top/u_core/u_b/u_b_core/core/core/l5/gk.frontend/fifo/wr_ptr_reg[1]/C	u_top/u_core/u_b/u_b_core/core/core/l5/gk.frontend/fifo/g_wide_read.g_read_slice[90].mem_slice_reg_0_3_24_29/RAMB_D1/WADR1
-0.075	u_top/u_core/u_b/u_b_core/core/core/l5/gk.frontend/fifo/wr_ptr_reg[1]/C	u_top/u_core/u_b/u_b_core/core/core/l5/gk.frontend/fifo/g_wide_read.g_read_slice[90].mem_slice_reg_0_3_24_29/RAMC/WADR1
-0.075	u_top/u_core/u_b/u_b_core/core/core/l5/gk.frontend/fifo/wr_ptr_reg[1]/C	u_top/u_core/u_b/u_b_core/core/core/l5/gk.frontend/fifo/g_wide_read.g_read_slice[90].mem_slice_reg_0_3_24_29/RAMC_D1/WADR1
-0.075	u_top/u_core/u_b/u_b_core/core/core/l5/gk.frontend/fifo/wr_ptr_reg[1]/C	u_top/u_core/u_b/u_b_core/core/core/l5/gk.frontend/fifo/g_wide_read.g_read_slice[90].mem_slice_reg_0_3_24_29/RAMD/ADR1
-0.075	u_top/u_core/u_b/u_b_core/core/core/l5/gk.frontend/fifo/wr_ptr_reg[1]/C	u_top/u_core/u_b/u_b_core/core/core/l5/gk.frontend/fifo/g_wide_read.g_read_slice[90].mem_slice_reg_0_3_24_29/RAMD_D1/ADR1
-0.075	u_top/u_core/u_ctrl/start_b_reg/C	u_top/u_core/u_in/req_addr_q_reg[4]_rep__1/CE
-0.074	u_top/u_core/u_b/u_b_core/core/core/shuffle/busy_reg/C	u_top/u_core/u_b/u_b_core/core/core/l5/gk.frontend/win/shift_reg[11][152]/R
-0.074	u_top/u_core/u_b/u_b_core/core/core/shuffle/busy_reg/C	u_top/u_core/u_b/u_b_core/core/core/l5/gk.frontend/win/shift_reg[22][198]/R
-0.074	u_top/u_core/u_b/u_b_core/core/core/shuffle/busy_reg/C	u_top/u_core/u_b/u_b_core/core/core/l5/gk.frontend/win/shift_reg[23][126]/R
-0.074	u_top/u_core/u_b/u_b_core/core/core/shuffle/busy_reg/C	u_top/u_core/u_b/u_b_core/core/core/l5/gk.frontend/win/shift_reg[23][136]/R
-0.074	u_top/u_core/u_b/u_b_core/core/core/shuffle/busy_reg/C	u_top/u_core/u_b/u_b_core/core/core/l5/gk.frontend/win/shift_reg[23][165]/R
-0.074	u_top/u_core/u_b/u_b_core/core/core/shuffle/busy_reg/C	u_top/u_core/u_b/u_b_core/core/core/l5/gk.frontend/win/shift_reg[23][204]/R
-0.074	u_top/u_core/u_b/u_b_core/core/core/shuffle/busy_reg/C	u_top/u_core/u_b/u_b_core/core/core/l5/gk.frontend/win/shift_reg[23][219]/R
-0.074	u_top/u_core/u_b/u_b_core/core/core/shuffle/busy_reg/C	u_top/u_core/u_b/u_b_core/core/core/l5/gk.frontend/win/shift_reg[23][62]/R
-0.074	u_top/u_core/u_b/u_b_core/core/core/l5/mac/mac/tree_stage[6].valid_q_reg[7]/C	u_top/u_core/u_b/u_b_core/core/core/l5/mac/issue/out_window_reg[3440]/CE
-0.074	u_top/u_core/u_b/u_b_core/core/core/l5/mac/mac/tree_stage[6].valid_q_reg[7]/C	u_top/u_core/u_b/u_b_core/core/core/l5/mac/issue/out_window_reg[3441]/CE
-0.074	u_top/u_core/u_b/u_b_core/core/core/l5/mac/mac/tree_stage[6].valid_q_reg[7]/C	u_top/u_core/u_b/u_b_core/core/core/l5/mac/issue/out_window_reg[3442]/CE
-0.074	u_top/u_core/u_b/u_b_core/core/core/l5/mac/mac/tree_stage[6].valid_q_reg[7]/C	u_top/u_core/u_b/u_b_core/core/core/l5/mac/issue/out_window_reg[3443]/CE
-0.074	u_top/u_core/u_b/u_b_core/core/core/l5/mac/mac/tree_stage[6].valid_q_reg[7]/C	u_top/u_core/u_b/u_b_core/core/core/l5/mac/issue/out_window_reg[3444]/CE
-0.074	u_top/u_core/u_b/u_b_core/core/core/l5/mac/mac/tree_stage[6].valid_q_reg[7]/C	u_top/u_core/u_b/u_b_core/core/core/l5/mac/issue/out_window_reg[3445]/CE
-0.074	u_top/u_core/u_b/u_b_core/core/core/shuffle/busy_reg/C	u_top/u_core/u_b/u_b_core/core/core/l5/gk.frontend/win/shift_reg[16][231]/R
-0.074	u_top/u_core/u_b/u_b_core/core/core/shuffle/busy_reg/C	u_top/u_core/u_b/u_b_core/core/core/l5/gk.frontend/win/shift_reg[23][152]/R
-0.074	u_top/u_core/u_b/u_b_core/core/core/shuffle/busy_reg/C	u_top/u_core/u_b/u_b_core/core/core/l5/gk.frontend/win/shift_reg[23][246]/R
-0.074	u_top/u_core/u_b/u_b_core/core/core/shuffle/busy_reg/C	u_top/u_core/u_b/u_b_core/core/core/l5/gk.frontend/win/shift_reg[23][248]/R
-0.074	u_top/u_core/u_b/u_b_core/core/core/shuffle/busy_reg/C	u_top/u_core/u_b/u_b_core/core/core/l5/gk.frontend/win/shift_reg[23][24]/R
-0.074	u_top/u_core/u_b/u_b_core/core/core/shuffle/busy_reg/C	u_top/u_core/u_b/u_b_core/core/core/l5/gk.frontend/win/shift_reg[23][47]/R
-0.074	u_top/u_core/u_b/u_b_core/core/core/l5/gk.frontend/win/bank_gen[1].mem_reg_3/CLKARDCLK	u_top/u_core/u_b/u_b_core/core/core/l5/gk.frontend/win/shift_reg[19][132]/D
-0.074	u_top/u_core/u_b/u_b_core/core/core/f45/g_narrow_read.rd_ptr_local_reg[3]/C	u_top/u_core/u_b/u_b_core/core/core/l5/gk.frontend/win/bank_gen[1].mem_reg_6/DIADI[21]
-0.074	u_top/u_core/u_b/u_b_core/core/core/l5/mac/mac/tree_stage[6].valid_q_reg[7]/C	u_top/u_core/u_b/u_b_core/core/core/l5/mac/issue/out_window_reg[2252]/CE
-0.074	u_top/u_core/u_b/u_b_core/core/core/l5/mac/mac/tree_stage[6].valid_q_reg[7]/C	u_top/u_core/u_b/u_b_core/core/core/l5/mac/issue/out_window_reg[2253]/CE
-0.074	u_top/u_core/u_b/u_b_core/core/core/l5/mac/mac/tree_stage[6].valid_q_reg[7]/C	u_top/u_core/u_b/u_b_core/core/core/l5/mac/issue/out_window_reg[2254]/CE
-0.074	u_top/u_core/u_b/u_b_core/core/core/l5/mac/mac/tree_stage[6].valid_q_reg[7]/C	u_top/u_core/u_b/u_b_core/core/core/l5/mac/issue/out_window_reg[2255]/CE
-0.074	u_top/u_core/u_b/u_b_core/core/core/l5/mac/mac/tree_stage[6].valid_q_reg[7]/C	u_top/u_core/u_b/u_b_core/core/core/l5/mac/issue/out_window_reg[2256]/CE
-0.074	u_top/u_core/u_b/u_b_core/core/core/l5/mac/mac/tree_stage[6].valid_q_reg[7]/C	u_top/u_core/u_b/u_b_core/core/core/l5/mac/issue/out_window_reg[2257]/CE
-0.074	u_top/u_core/u_b/u_b_core/core/core/l5/mac/mac/tree_stage[6].valid_q_reg[7]/C	u_top/u_core/u_b/u_b_core/core/core/l5/mac/issue/out_window_reg[1380]/CE
-0.074	u_top/u_core/u_b/u_b_core/core/core/l5/mac/mac/tree_stage[6].valid_q_reg[7]/C	u_top/u_core/u_b/u_b_core/core/core/l5/mac/issue/out_window_reg[1381]/CE
-0.074	u_top/u_core/u_b/u_b_core/core/core/l5/mac/mac/tree_stage[6].valid_q_reg[7]/C	u_top/u_core/u_b/u_b_core/core/core/l5/mac/issue/out_window_reg[1382]/CE
-0.074	u_top/u_core/u_b/u_b_core/core/core/l5/mac/mac/tree_stage[6].valid_q_reg[7]/C	u_top/u_core/u_b/u_b_core/core/core/l5/mac/issue/out_window_reg[1383]/CE
-0.074	u_top/u_core/u_b/u_b_core/core/core/l5/mac/mac/tree_stage[6].valid_q_reg[7]/C	u_top/u_core/u_b/u_b_core/core/core/l5/mac/issue/out_window_reg[1384]/CE
-0.074	u_top/u_core/u_b/u_b_core/core/core/l5/mac/mac/tree_stage[6].valid_q_reg[7]/C	u_top/u_core/u_b/u_b_core/core/core/l5/mac/issue/out_window_reg[1385]/CE
-0.074	u_top/u_core/u_b/u_b_core/core/core/l5/mac/issue/out_phase_reg[0]_rep__0/C	u_top/u_core/u_b/u_b_core/core/core/l5/mac/mac/out_lane[2].mult_lane[28].operand_pipe.act_q_reg[0]/D
-0.074	u_top/u_core/u_b/u_b_core/core/core/l5/mac/issue/out_phase_reg[1]_rep__6/C	u_top/u_core/u_b/u_b_core/core/core/l5/mac/mac/out_lane[0].mult_lane[11].operand_pipe.act_q_reg[11]/D
-0.074	u_top/u_core/u_b/u_b_core/core/core/l5/mac/mac/tree_stage[3].valid_q_reg[4]/C	u_top/u_core/u_b/u_b_core/core/core/l5/mac/mac/tree_stage[3].channel[1].node[1].pair.sums_q_reg[3][1][1][16]/CE
-0.074	u_top/u_core/u_b/u_b_core/core/core/l5/mac/mac/tree_stage[3].valid_q_reg[4]/C	u_top/u_core/u_b/u_b_core/core/core/l5/mac/mac/tree_stage[3].channel[1].node[1].pair.sums_q_reg[3][1][1][17]/CE
-0.074	u_top/u_core/u_b/u_b_core/core/core/l5/mac/mac/tree_stage[3].valid_q_reg[4]/C	u_top/u_core/u_b/u_b_core/core/core/l5/mac/mac/tree_stage[3].channel[1].node[1].pair.sums_q_reg[3][1][1][18]/CE
-0.074	u_top/u_core/u_b/u_b_core/core/core/l5/mac/mac/tree_stage[3].valid_q_reg[4]/C	u_top/u_core/u_b/u_b_core/core/core/l5/mac/mac/tree_stage[3].channel[1].node[1].pair.sums_q_reg[3][1][1][19]/CE
-0.074	u_top/u_core/u_b/u_b_core/core/core/l5/mac/mac/tree_stage[6].valid_q_reg[7]/C	u_top/u_core/u_b/u_b_core/core/core/l5/mac/issue/out_window_reg[3200]/CE
-0.074	u_top/u_core/u_b/u_b_core/core/core/l5/mac/mac/tree_stage[6].valid_q_reg[7]/C	u_top/u_core/u_b/u_b_core/core/core/l5/mac/issue/out_window_reg[3201]/CE
-0.074	u_top/u_core/u_b/u_b_core/core/core/l5/mac/mac/tree_stage[6].valid_q_reg[7]/C	u_top/u_core/u_b/u_b_core/core/core/l5/mac/issue/out_window_reg[3202]/CE
-0.074	u_top/u_core/u_b/u_b_core/core/core/l5/mac/mac/tree_stage[6].valid_q_reg[7]/C	u_top/u_core/u_b/u_b_core/core/core/l5/mac/issue/out_window_reg[3203]/CE
-0.074	u_top/u_core/u_b/u_b_core/core/core/l5/mac/mac/tree_stage[6].valid_q_reg[7]/C	u_top/u_core/u_b/u_b_core/core/core/l5/mac/issue/out_window_reg[3204]/CE
-0.074	u_top/u_core/u_b/u_b_core/core/core/l5/mac/mac/tree_stage[6].valid_q_reg[7]/C	u_top/u_core/u_b/u_b_core/core/core/l5/mac/issue/out_window_reg[3205]/CE
-0.073	u_top/u_core/u_b/u_b_core/core/core/l5/gk.frontend/fifo/wr_ptr_reg[0]_rep__5/C	u_top/u_core/u_b/u_b_core/core/core/l5/gk.frontend/fifo/g_wide_read.g_read_slice[6].mem_slice_reg_0_3_18_23/RAMA/WADR0
-0.073	u_top/u_core/u_b/u_b_core/core/core/l5/gk.frontend/fifo/wr_ptr_reg[0]_rep__5/C	u_top/u_core/u_b/u_b_core/core/core/l5/gk.frontend/fifo/g_wide_read.g_read_slice[6].mem_slice_reg_0_3_18_23/RAMA_D1/WADR0
-0.073	u_top/u_core/u_b/u_b_core/core/core/l5/gk.frontend/fifo/wr_ptr_reg[0]_rep__5/C	u_top/u_core/u_b/u_b_core/core/core/l5/gk.frontend/fifo/g_wide_read.g_read_slice[6].mem_slice_reg_0_3_18_23/RAMB/WADR0
-0.073	u_top/u_core/u_b/u_b_core/core/core/l5/gk.frontend/fifo/wr_ptr_reg[0]_rep__5/C	u_top/u_core/u_b/u_b_core/core/core/l5/gk.frontend/fifo/g_wide_read.g_read_slice[6].mem_slice_reg_0_3_18_23/RAMB_D1/WADR0
-0.073	u_top/u_core/u_b/u_b_core/core/core/l5/gk.frontend/fifo/wr_ptr_reg[0]_rep__5/C	u_top/u_core/u_b/u_b_core/core/core/l5/gk.frontend/fifo/g_wide_read.g_read_slice[6].mem_slice_reg_0_3_18_23/RAMC/WADR0
-0.073	u_top/u_core/u_b/u_b_core/core/core/l5/gk.frontend/fifo/wr_ptr_reg[0]_rep__5/C	u_top/u_core/u_b/u_b_core/core/core/l5/gk.frontend/fifo/g_wide_read.g_read_slice[6].mem_slice_reg_0_3_18_23/RAMC_D1/WADR0
-0.073	u_top/u_core/u_b/u_b_core/core/core/l5/gk.frontend/fifo/wr_ptr_reg[0]_rep__5/C	u_top/u_core/u_b/u_b_core/core/core/l5/gk.frontend/fifo/g_wide_read.g_read_slice[6].mem_slice_reg_0_3_18_23/RAMD/ADR0
-0.073	u_top/u_core/u_b/u_b_core/core/core/l5/gk.frontend/fifo/wr_ptr_reg[0]_rep__5/C	u_top/u_core/u_b/u_b_core/core/core/l5/gk.frontend/fifo/g_wide_read.g_read_slice[6].mem_slice_reg_0_3_18_23/RAMD_D1/ADR0
-0.073	u_top/u_core/u_b/u_b_core/core/core/l5/mac/issue/out_phase_reg[2]_rep__5/C	u_top/u_core/u_b/u_b_core/core/core/l5/mac/mac/out_lane[3].mult_lane[30].operand_pipe.act_q_reg[3]/D
-0.073	u_top/u_core/u_b/u_b_core/core/core/l5/mac/mac/out_lane[1].mult_lane[23].operand_pipe.act_q_reg[4]/C	u_top/u_core/u_b/u_b_core/core/core/l5/mac/mac/out_lane[1].mult_lane[23].operand_pipe.sums_q_reg[0][1][23]/A[4]
-0.073	u_top/u_core/u_b/u_b_core/core/core/l5/mac/mac/tree_stage[6].valid_q_reg[7]/C	u_top/u_core/u_b/u_b_core/core/core/l5/mac/issue/out_window_reg[1944]/CE
-0.073	u_top/u_core/u_b/u_b_core/core/core/l5/mac/mac/tree_stage[6].valid_q_reg[7]/C	u_top/u_core/u_b/u_b_core/core/core/l5/mac/issue/out_window_reg[1945]/CE
-0.073	u_top/u_core/u_b/u_b_core/core/core/l5/mac/mac/tree_stage[6].valid_q_reg[7]/C	u_top/u_core/u_b/u_b_core/core/core/l5/mac/issue/out_window_reg[1946]/CE
-0.073	u_top/u_core/u_b/u_b_core/core/core/l5/mac/mac/tree_stage[6].valid_q_reg[7]/C	u_top/u_core/u_b/u_b_core/core/core/l5/mac/issue/out_window_reg[1947]/CE
-0.073	u_top/u_core/u_b/u_b_core/core/core/l5/mac/mac/tree_stage[6].valid_q_reg[7]/C	u_top/u_core/u_b/u_b_core/core/core/l5/mac/issue/out_window_reg[1948]/CE
-0.073	u_top/u_core/u_b/u_b_core/core/core/l5/mac/mac/tree_stage[6].valid_q_reg[7]/C	u_top/u_core/u_b/u_b_core/core/core/l5/mac/issue/out_window_reg[1949]/CE
-0.073	u_top/u_core/u_b/u_b_core/core/core/l5/mac/issue/out_phase_reg[1]_rep__12/C	u_top/u_core/u_b/u_b_core/core/core/l5/mac/mac/out_lane[3].mult_lane[46].operand_pipe.act_q_reg[7]/D
-0.073	u_top/u_core/u_b/u_b_core/core/core/shuffle/busy_reg/C	u_top/u_core/u_b/u_b_core/core/core/l5/gk.frontend/win/shift_reg[12][116]/R
-0.073	u_top/u_core/u_b/u_b_core/core/core/shuffle/busy_reg/C	u_top/u_core/u_b/u_b_core/core/core/l5/gk.frontend/win/shift_reg[12][142]/R
-0.073	u_top/u_core/u_b/u_b_core/core/core/shuffle/busy_reg/C	u_top/u_core/u_b/u_b_core/core/core/l5/gk.frontend/win/shift_reg[12][143]/R
-0.073	u_top/u_core/u_b/u_b_core/core/core/shuffle/busy_reg/C	u_top/u_core/u_b/u_b_core/core/core/l5/gk.frontend/win/shift_reg[12][144]/R
-0.073	u_top/u_core/u_b/u_b_core/core/core/shuffle/busy_reg/C	u_top/u_core/u_b/u_b_core/core/core/l5/gk.frontend/win/shift_reg[12][145]/R
-0.073	u_top/u_core/u_b/u_b_core/core/core/l4/post/meta_group_reg[8][1]/C	u_top/u_core/u_b/u_b_core/core/core/l4/post/output_slot_reg[1][75]/D
-0.073	u_top/u_core/u_b/u_b_core/core/core/l5/gk.frontend/win/shift_reg[24][27]/C	u_top/u_core/u_b/u_b_core/core/core/l5/gk.frontend/win/shift_reg[23][27]/D
-0.073	u_top/u_core/u_b/u_b_core/core/core/l5/mac/mac/tree_stage[6].valid_q_reg[7]/C	u_top/u_core/u_b/u_b_core/core/core/l5/mac/issue/out_window_reg[1852]/CE
-0.073	u_top/u_core/u_b/u_b_core/core/core/l5/mac/mac/tree_stage[6].valid_q_reg[7]/C	u_top/u_core/u_b/u_b_core/core/core/l5/mac/issue/out_window_reg[1853]/CE
-0.073	u_top/u_core/u_b/u_b_core/core/core/l5/mac/mac/tree_stage[6].valid_q_reg[7]/C	u_top/u_core/u_b/u_b_core/core/core/l5/mac/issue/out_window_reg[1854]/CE
-0.073	u_top/u_core/u_b/u_b_core/core/core/l5/mac/mac/tree_stage[6].valid_q_reg[7]/C	u_top/u_core/u_b/u_b_core/core/core/l5/mac/issue/out_window_reg[1855]/CE
-0.073	u_top/u_core/u_b/u_b_core/core/core/shuffle/busy_reg/C	u_top/u_core/u_b/u_b_core/core/core/l5/gk.frontend/win/shift_reg[16][245]/R
-0.073	u_top/u_core/u_b/u_b_core/core/core/shuffle/busy_reg/C	u_top/u_core/u_b/u_b_core/core/core/l5/gk.frontend/win/shift_reg[17][245]/R
-0.073	u_top/u_core/u_b/u_b_core/core/core/shuffle/busy_reg/C	u_top/u_core/u_b/u_b_core/core/core/l5/gk.frontend/win/shift_reg[18][120]/R
-0.073	u_top/u_core/u_b/u_b_core/core/core/shuffle/busy_reg/C	u_top/u_core/u_b/u_b_core/core/core/l5/gk.frontend/win/shift_reg[18][173]/R
-0.073	u_top/u_core/u_b/u_b_core/core/core/shuffle/busy_reg/C	u_top/u_core/u_b/u_b_core/core/core/l5/gk.frontend/win/shift_reg[18][245]/R
-0.073	u_top/u_core/u_b/u_b_core/core/core/shuffle/busy_reg/C	u_top/u_core/u_b/u_b_core/core/core/l5/gk.frontend/win/shift_reg[18][31]/R
-0.073	u_top/u_core/u_b/u_b_core/core/core/shuffle/busy_reg/C	u_top/u_core/u_b/u_b_core/core/core/l5/gk.frontend/win/shift_reg[18][45]/R
-0.073	u_top/u_core/u_b/u_b_core/core/core/shuffle/busy_reg/C	u_top/u_core/u_b/u_b_core/core/core/l5/gk.frontend/win/shift_reg[3][89]/R
-0.073	u_top/u_core/u_b/u_b_core/core/core/l5/gk.frontend/win/bank_gen[1].mem_reg_1/CLKARDCLK	u_top/u_core/u_b/u_b_core/core/core/l5/gk.frontend/win/shift_reg[14][41]/D
-0.073	u_top/u_core/u_b/u_b_core/core/core/shuffle/busy_reg/C	u_top/u_core/u_b/u_b_core/core/core/l5/gk.frontend/win/shift_reg[11][154]/R
-0.073	u_top/u_core/u_b/u_b_core/core/core/l5/gk.frontend/pad/interior_x_reg/C	u_top/u_core/u_b/u_b_core/core/core/l5/gk.frontend/win/bank_gen[2].mem_reg_2/DIPADIP[2]
-0.073	u_top/u_core/u_b/u_b_core/core/core/l5/mac/mac/out_lane[1].mult_lane[37].operand_pipe.weight_q_reg[4]/C	u_top/u_core/u_b/u_b_core/core/core/l5/mac/mac/out_lane[1].mult_lane[37].operand_pipe.sums_q_reg[0][1][37]/B[4]
-0.073	u_top/u_core/u_b/u_b_core/core/core/l5/gk.frontend/pad/interior_x_reg/C	u_top/u_core/u_b/u_b_core/core/core/l5/gk.frontend/win/bank_gen[0].mem_reg_2/DIADI[4]
-0.072	u_top/u_core/u_b/u_b_core/core/core/l5/mac/issue/out_phase_reg[2]_rep__6/C	u_top/u_core/u_b/u_b_core/core/core/l5/mac/mac/out_lane[0].mult_lane[42].operand_pipe.weight_q_reg[7]/D
-0.072	u_top/u_core/u_b/u_b_core/core/core/l5/gk.frontend/pending1_reg_replica_18/C	u_top/u_core/u_b/u_b_core/core/core/l5/gk.frontend/win/shift_reg[22][63]/CE
-0.072	u_top/u_core/u_b/u_b_core/core/core/l5/gk.frontend/pending1_reg_replica_18/C	u_top/u_core/u_b/u_b_core/core/core/l5/gk.frontend/win/shift_reg[22][70]/CE
-0.072	u_top/u_core/u_b/u_b_core/core/core/l5/gk.frontend/pending1_reg_replica_18/C	u_top/u_core/u_b/u_b_core/core/core/l5/gk.frontend/win/shift_reg[23][129]/CE
-0.072	u_top/u_core/u_b/u_b_core/core/core/l5/gk.frontend/pending1_reg_replica_18/C	u_top/u_core/u_b/u_b_core/core/core/l5/gk.frontend/win/shift_reg[23][141]/CE
-0.072	u_top/u_core/u_b/u_b_core/core/core/l5/gk.frontend/pending1_reg_replica_18/C	u_top/u_core/u_b/u_b_core/core/core/l5/gk.frontend/win/shift_reg[23][154]/CE
-0.072	u_top/u_core/u_b/u_b_core/core/core/l5/gk.frontend/pending1_reg_replica_18/C	u_top/u_core/u_b/u_b_core/core/core/l5/gk.frontend/win/shift_reg[23][54]/CE
-0.072	u_top/u_core/u_b/u_b_core/core/core/l5/gk.frontend/pending1_reg_replica_18/C	u_top/u_core/u_b/u_b_core/core/core/l5/gk.frontend/win/shift_reg[23][55]/CE
-0.072	u_top/u_core/u_b/u_b_core/core/core/l5/gk.frontend/pending1_reg_replica_18/C	u_top/u_core/u_b/u_b_core/core/core/l5/gk.frontend/win/shift_reg[23][7]/CE
-0.072	u_top/u_core/u_b/u_b_core/core/core/l3/gk.frontend/win/row_mod_d_reg[0]_rep/C	u_top/u_core/u_b/u_b_core/core/core/l3/gk.frontend/win/shift_reg[2][125]/D
-0.072	u_top/u_core/u_b/u_b_core/core/core/l5/gk.frontend/fifo/g_wide_read.g_read_slice[33].rd_ptr_local_reg[0]/C	u_top/u_core/u_b/u_b_core/core/core/l5/mac/issue/out_window_reg[2174]/D
-0.072	u_top/u_core/u_b/u_b_core/core/core/shuffle/busy_reg/C	u_top/u_core/u_b/u_b_core/core/core/l5/gk.frontend/win/shift_reg[15][254]/R
-0.072	u_top/u_core/u_b/u_b_core/core/core/shuffle/busy_reg/C	u_top/u_core/u_b/u_b_core/core/core/l5/gk.frontend/win/shift_reg[15][90]/R
-0.072	u_top/u_core/u_b/u_b_core/core/core/shuffle/busy_reg/C	u_top/u_core/u_b/u_b_core/core/core/l5/gk.frontend/win/shift_reg[15][92]/R
-0.072	u_top/u_core/u_b/u_b_core/core/core/shuffle/busy_reg/C	u_top/u_core/u_b/u_b_core/core/core/l5/gk.frontend/win/shift_reg[16][224]/R
-0.072	u_top/u_core/u_b/u_b_core/core/core/shuffle/busy_reg/C	u_top/u_core/u_b/u_b_core/core/core/l5/gk.frontend/win/shift_reg[20][118]/R
-0.072	u_top/u_core/u_b/u_b_core/core/core/shuffle/busy_reg/C	u_top/u_core/u_b/u_b_core/core/core/l5/gk.frontend/win/shift_reg[20][81]/R
-0.072	u_top/u_core/u_b/u_b_core/core/core/shuffle/busy_reg/C	u_top/u_core/u_b/u_b_core/core/core/l5/gk.frontend/win/shift_reg[20][89]/R
-0.072	u_top/u_core/u_b/u_b_core/core/core/shuffle/busy_reg/C	u_top/u_core/u_b/u_b_core/core/core/l5/gk.frontend/win/shift_reg[21][202]/R
-0.072	u_top/u_core/u_b/u_b_core/core/core/l5/mac/issue/out_window_reg[1574]/C	u_top/u_core/u_b/u_b_core/core/core/l5/mac/mac/out_lane[1].mult_lane[6].operand_pipe.act_q_reg[6]/D
-0.072	u_top/u_core/u_b/u_b_core/core/core/shuffle/busy_reg/C	u_top/u_core/u_b/u_b_core/core/core/l5/gk.frontend/win/shift_reg[7][193]/R
-0.072	u_top/u_core/u_b/u_b_core/core/core/shuffle/busy_reg/C	u_top/u_core/u_b/u_b_core/core/core/l5/gk.frontend/win/shift_reg[7][226]/R
-0.072	u_top/u_core/u_b/u_b_core/core/core/shuffle/busy_reg/C	u_top/u_core/u_b/u_b_core/core/core/l5/gk.frontend/win/shift_reg[7][36]/R
-0.072	u_top/u_core/u_b/u_b_core/core/core/shuffle/busy_reg/C	u_top/u_core/u_b/u_b_core/core/core/l5/gk.frontend/win/shift_reg[8][222]/R
-0.072	u_top/u_core/u_b/u_b_core/core/core/shuffle/busy_reg/C	u_top/u_core/u_b/u_b_core/core/core/l5/gk.frontend/win/shift_reg[8][247]/R
-0.072	u_top/u_core/u_b/u_b_core/core/core/shuffle/busy_reg/C	u_top/u_core/u_b/u_b_core/core/core/l5/gk.frontend/win/shift_reg[8][80]/R
-0.072	u_top/u_core/u_b/u_b_core/core/core/shuffle/busy_reg/C	u_top/u_core/u_b/u_b_core/core/core/l5/gk.frontend/win/shift_reg[8][88]/R
-0.072	u_top/u_core/u_b/u_b_core/core/core/shuffle/busy_reg/C	u_top/u_core/u_b/u_b_core/core/core/l5/gk.frontend/win/shift_reg[8][95]/R
-0.072	u_top/u_core/u_b/u_b_core/core/core/l5/gk.frontend/win/shift_reg[16][171]/C	u_top/u_core/u_b/u_b_core/core/core/l5/gk.frontend/fifo/g_wide_read.g_read_slice[66].mem_slice_reg_0_3_42_47/RAMA_D1/I
-0.072	u_top/u_core/u_b/u_b_core/core/core/l5/mac/issue/out_window_reg[6126]/C	u_top/u_core/u_b/u_b_core/core/core/l5/mac/mac/out_lane[2].mult_lane[23].operand_pipe.act_q_reg[14]/D
-0.072	u_top/u_core/u_b/u_b_core/core/core/l5/mac/mac/tree_stage[6].valid_q_reg[7]/C	u_top/u_core/u_b/u_b_core/core/core/l5/mac/mac/out_lane[2].mult_lane[26].operand_pipe.weight_q_reg[0]/R
-0.072	u_top/u_core/u_b/u_b_core/core/core/l5/mac/issue/out_phase_reg[0]_rep__4/C	u_top/u_core/u_b/u_b_core/core/core/l5/mac/mac/out_lane[1].mult_lane[11].operand_pipe.act_q_reg[8]/D
-0.072	u_top/u_core/u_b/u_b_core/core/core/l5/mac/issue/out_phase_reg[1]_rep__6/C	u_top/u_core/u_b/u_b_core/core/core/l5/mac/mac/out_lane[1].mult_lane[13].operand_pipe.act_q_reg[1]/D
-0.072	u_top/u_core/u_b/u_b_core/core/core/l5/mac/issue/out_phase_reg[0]_rep__6/C	u_top/u_core/u_b/u_b_core/core/core/l5/mac/mac/out_lane[1].mult_lane[15].operand_pipe.act_q_reg[6]/D
-0.072	u_top/u_core/u_b/u_b_core/core/core/l4/post/meta_group_reg[8][2]/C	u_top/u_core/u_b/u_b_core/core/core/l4/post/output_slot_reg[1][105]/D
-0.072	u_top/u_core/u_b/u_b_core/core/core/l5/mac/mac/tree_stage[6].valid_q_reg[7]/C	u_top/u_core/u_b/u_b_core/core/core/l5/mac/issue/out_window_reg[2560]/CE
-0.072	u_top/u_core/u_b/u_b_core/core/core/l5/mac/mac/tree_stage[6].valid_q_reg[7]/C	u_top/u_core/u_b/u_b_core/core/core/l5/mac/issue/out_window_reg[2561]/CE
-0.072	u_top/u_core/u_b/u_b_core/core/core/l5/mac/mac/tree_stage[6].valid_q_reg[7]/C	u_top/u_core/u_b/u_b_core/core/core/l5/mac/issue/out_window_reg[2562]/CE
-0.072	u_top/u_core/u_b/u_b_core/core/core/l5/mac/mac/tree_stage[6].valid_q_reg[7]/C	u_top/u_core/u_b/u_b_core/core/core/l5/mac/issue/out_window_reg[2563]/CE
-0.072	u_top/u_core/u_b/u_b_core/core/core/l5/mac/mac/tree_stage[6].valid_q_reg[7]/C	u_top/u_core/u_b/u_b_core/core/core/l5/mac/issue/out_window_reg[2564]/CE
-0.072	u_top/u_core/u_b/u_b_core/core/core/l5/mac/mac/tree_stage[6].valid_q_reg[7]/C	u_top/u_core/u_b/u_b_core/core/core/l5/mac/issue/out_window_reg[2565]/CE
-0.071	u_top/u_core/u_b/u_b_core/core/core/l5/mac/issue/out_phase_reg[1]_rep__2/C	u_top/u_core/u_b/u_b_core/core/core/l5/mac/mac/out_lane[1].mult_lane[1].operand_pipe.act_q_reg[0]/D
-0.071	u_top/u_core/u_b/u_b_core/core/core/l5/mac/issue/out_phase_reg[1]_rep__8_replica/C	u_top/u_core/u_b/u_b_core/core/core/l5/mac/mac/out_lane[2].mult_lane[6].operand_pipe.act_q_reg[3]/D
-0.071	u_top/u_core/u_b/u_b_core/core/core/l5/mac/issue/out_phase_reg[1]_rep__1/C	u_top/u_core/u_b/u_b_core/core/core/l5/mac/mac/out_lane[2].mult_lane[18].operand_pipe.act_q_reg[6]/D
-0.071	u_top/u_core/u_b/u_b_core/core/core/l5/mac/issue/out_phase_reg[1]_rep__12/C	u_top/u_core/u_b/u_b_core/core/core/l5/mac/mac/out_lane[3].mult_lane[37].operand_pipe.act_q_reg[5]/D
-0.071	u_top/u_core/u_b/u_b_core/core/core/l5/mac/issue/out_phase_reg[1]_rep__2/C	u_top/u_core/u_b/u_b_core/core/core/l5/mac/mac/out_lane[1].mult_lane[28].operand_pipe.act_q_reg[3]/D
-0.071	u_top/u_core/u_b/u_b_core/core/core/l5/gk.frontend/win/bank_gen[3].mem_reg_7/CLKARDCLK	u_top/u_core/u_b/u_b_core/core/core/l5/gk.frontend/win/shift_reg[9][252]/D
-0.070	u_top/u_core/u_b/u_b_core/core/core/l5/mac/issue/out_phase_reg[1]_rep/C	u_top/u_core/u_b/u_b_core/core/core/l5/mac/mac/out_lane[1].mult_lane[9].operand_pipe.weight_q_reg[6]/D
-0.070	u_top/u_core/u_b/u_b_core/core/core/l5/mac/issue/out_phase_reg[2]_rep__0/C	u_top/u_core/u_b/u_b_core/core/core/l5/mac/mac/out_lane[2].mult_lane[21].operand_pipe.weight_q_reg[5]/D
-0.070	u_top/u_core/u_b/u_b_core/core/core/shuffle/busy_reg/C	u_top/u_core/u_b/u_b_core/core/core/l5/gk.frontend/win/shift_reg[21][24]/R
-0.070	u_top/u_core/u_b/u_b_core/core/core/shuffle/busy_reg/C	u_top/u_core/u_b/u_b_core/core/core/l5/gk.frontend/win/shift_reg[22][24]/R
-0.070	u_top/u_core/u_b/u_b_core/core/core/l3/gk.frontend/win/row_mod_d_reg[0]_rep/C	u_top/u_core/u_b/u_b_core/core/core/l3/gk.frontend/win/shift_reg[2][121]/D
-0.070	u_top/u_core/u_b/u_b_core/core/core/l5/mac/issue/out_phase_reg[2]_rep/C	u_top/u_core/u_b/u_b_core/core/core/l5/mac/mac/out_lane[1].mult_lane[5].operand_pipe.weight_q_reg[5]/D
-0.070	u_top/u_core/u_b/u_b_core/core/core/f45/g_narrow_read.rd_ptr_local_reg[1]_replica_2/C	u_top/u_core/u_b/u_b_core/core/core/l5/gk.frontend/win/bank_gen[1].mem_reg_5/DIADI[0]
-0.070	u_top/u_core/u_b/u_b_core/core/core/l5/mac/issue/out_phase_reg[1]_rep__6/C	u_top/u_core/u_b/u_b_core/core/core/l5/mac/mac/out_lane[2].mult_lane[11].operand_pipe.act_q_reg[7]/D
-0.070	u_top/u_core/u_b/u_b_core/core/core/l5/mac/mac/tree_stage[6].valid_q_reg[7]/C	u_top/u_core/u_b/u_b_core/core/core/l5/mac/mac/out_lane[2].mult_lane[39].operand_pipe.act_q_reg[7]/CE
-0.070	u_top/u_core/u_b/u_b_core/core/core/l5/mac/mac/tree_stage[6].valid_q_reg[7]/C	u_top/u_core/u_b/u_b_core/core/core/l5/mac/mac/out_lane[0].mult_lane[20].operand_pipe.weight_q_reg[4]/CE
-0.070	u_top/u_core/u_b/u_b_core/core/core/l5/mac/mac/tree_stage[6].valid_q_reg[7]/C	u_top/u_core/u_b/u_b_core/core/core/l5/mac/mac/out_lane[0].mult_lane[20].operand_pipe.weight_q_reg[6]/CE
-0.070	u_top/u_core/u_b/u_b_core/core/core/shuffle/busy_reg/C	u_top/u_core/u_b/u_b_core/core/core/l5/gk.frontend/win/shift_reg[15][157]/R
-0.070	u_top/u_core/u_b/u_b_core/core/core/shuffle/busy_reg/C	u_top/u_core/u_b/u_b_core/core/core/l5/gk.frontend/win/shift_reg[15][216]/R
-0.070	u_top/u_core/u_b/u_b_core/core/core/shuffle/busy_reg/C	u_top/u_core/u_b/u_b_core/core/core/l5/gk.frontend/win/shift_reg[15][249]/R
-0.070	u_top/u_core/u_b/u_b_core/core/core/shuffle/busy_reg/C	u_top/u_core/u_b/u_b_core/core/core/l5/gk.frontend/win/shift_reg[15][26]/R
-0.070	u_top/u_core/u_b/u_b_core/core/core/shuffle/busy_reg/C	u_top/u_core/u_b/u_b_core/core/core/l5/gk.frontend/win/shift_reg[15][84]/R
-0.070	u_top/u_core/u_b/u_b_core/core/core/l5/gk.frontend/win/shift_reg[9][145]/C	u_top/u_core/u_b/u_b_core/core/core/l5/gk.frontend/win/shift_reg[8][145]/D
-0.070	u_top/u_core/u_b/u_b_core/core/core/l5/gk.frontend/win/bank_gen[1].mem_reg_6/CLKARDCLK	u_top/u_core/u_b/u_b_core/core/core/l5/gk.frontend/win/shift_reg[14][237]/D
-0.070	u_top/u_core/u_b/u_b_core/core/core/l5/gk.frontend/fifo/g_wide_read.g_read_slice[89].rd_ptr_local_reg[0]/C	u_top/u_core/u_b/u_b_core/core/core/l5/mac/issue/out_window_reg[5699]/D
-0.070	u_top/u_core/u_b/u_b_core/core/core/l5/mac/issue/out_phase_reg[2]_rep__8/C	u_top/u_core/u_b/u_b_core/core/core/l5/mac/mac/out_lane[3].mult_lane[43].operand_pipe.act_q_reg[10]/D
-0.069	u_top/u_core/u_b/u_b_core/core/core/l5/mac/issue/out_window_reg[5892]/C	u_top/u_core/u_b/u_b_core/core/core/l5/mac/mac/out_lane[1].mult_lane[23].operand_pipe.act_q_reg[4]/D
-0.069	u_top/u_core/u_b/u_b_core/core/core/shuffle/busy_reg/C	u_top/u_core/u_b/u_b_core/core/core/l3/gk.frontend/win/shift_reg[0][0]/R
-0.069	u_top/u_core/u_b/u_b_core/core/core/shuffle/busy_reg/C	u_top/u_core/u_b/u_b_core/core/core/l3/gk.frontend/win/shift_reg[0][2]/R
-0.069	u_top/u_core/u_b/u_b_core/core/core/l5/mac/mac/tree_stage[6].valid_q_reg[7]/C	u_top/u_core/u_b/u_b_core/core/core/l5/mac/mac/tree_stage[2].channel[2].node[7].pair.sums_q_reg[2][2][7][20]/CE
-0.069	u_top/u_core/u_b/u_b_core/core/core/l5/mac/mac/tree_stage[6].valid_q_reg[7]/C	u_top/u_core/u_b/u_b_core/core/core/l5/mac/mac/tree_stage[2].channel[2].node[7].pair.sums_q_reg[2][2][7][21]/CE
-0.069	u_top/u_core/u_b/u_b_core/core/core/l5/mac/mac/tree_stage[6].valid_q_reg[7]/C	u_top/u_core/u_b/u_b_core/core/core/l5/mac/mac/tree_stage[2].channel[2].node[7].pair.sums_q_reg[2][2][7][22]/CE
-0.069	u_top/u_core/u_b/u_b_core/core/core/l5/mac/mac/tree_stage[6].valid_q_reg[7]/C	u_top/u_core/u_b/u_b_core/core/core/l5/mac/mac/tree_stage[2].channel[2].node[7].pair.sums_q_reg[2][2][7][23]/CE
-0.069	u_top/u_core/u_b/u_b_core/core/core/l5/mac/issue/out_phase_reg[2]_rep__3/C	u_top/u_core/u_b/u_b_core/core/core/l5/mac/mac/out_lane[1].mult_lane[16].operand_pipe.act_q_reg[7]/D
-0.069	u_top/u_core/u_b/u_b_core/core/core/l5/gk.frontend/win/bank_gen[0].mem_reg_6/CLKARDCLK	u_top/u_core/u_b/u_b_core/core/core/l5/gk.frontend/win/shift_reg[4][222]/D
-0.069	u_top/u_core/u_b/u_b_core/core/core/l5/mac/issue/out_phase_reg[2]_rep__0/C	u_top/u_core/u_b/u_b_core/core/core/l5/mac/mac/out_lane[1].mult_lane[29].operand_pipe.weight_q_reg[7]/D
-0.069	u_top/u_core/u_b/u_b_core/core/core/l5/mac/issue/out_phase_reg[0]_rep__5/C	u_top/u_core/u_b/u_b_core/core/core/l5/mac/mac/out_lane[0].mult_lane[13].operand_pipe.act_q_reg[10]/D
-0.069	u_top/u_core/u_b/u_b_core/core/core/l5/mac/issue/out_phase_reg[2]/C	u_top/u_core/u_b/u_b_core/core/core/l5/mac/mac/out_lane[3].mult_lane[0].operand_pipe.act_q_reg[13]/D
-0.069	u_top/u_core/u_b/u_b_core/core/core/l5/gk.frontend/fifo/wr_ptr_reg[1]/C	u_top/u_core/u_b/u_b_core/core/core/l5/gk.frontend/fifo/g_wide_read.g_read_slice[95].mem_slice_reg_0_3_6_11/RAMA/WADR1
-0.069	u_top/u_core/u_b/u_b_core/core/core/l5/gk.frontend/fifo/wr_ptr_reg[1]/C	u_top/u_core/u_b/u_b_core/core/core/l5/gk.frontend/fifo/g_wide_read.g_read_slice[95].mem_slice_reg_0_3_6_11/RAMA_D1/WADR1
-0.069	u_top/u_core/u_b/u_b_core/core/core/l5/gk.frontend/fifo/wr_ptr_reg[1]/C	u_top/u_core/u_b/u_b_core/core/core/l5/gk.frontend/fifo/g_wide_read.g_read_slice[95].mem_slice_reg_0_3_6_11/RAMB/WADR1
-0.069	u_top/u_core/u_b/u_b_core/core/core/l5/gk.frontend/fifo/wr_ptr_reg[1]/C	u_top/u_core/u_b/u_b_core/core/core/l5/gk.frontend/fifo/g_wide_read.g_read_slice[95].mem_slice_reg_0_3_6_11/RAMB_D1/WADR1
-0.069	u_top/u_core/u_b/u_b_core/core/core/l5/gk.frontend/fifo/wr_ptr_reg[1]/C	u_top/u_core/u_b/u_b_core/core/core/l5/gk.frontend/fifo/g_wide_read.g_read_slice[95].mem_slice_reg_0_3_6_11/RAMC/WADR1
-0.069	u_top/u_core/u_b/u_b_core/core/core/l5/gk.frontend/fifo/wr_ptr_reg[1]/C	u_top/u_core/u_b/u_b_core/core/core/l5/gk.frontend/fifo/g_wide_read.g_read_slice[95].mem_slice_reg_0_3_6_11/RAMC_D1/WADR1
-0.069	u_top/u_core/u_b/u_b_core/core/core/l5/gk.frontend/fifo/wr_ptr_reg[1]/C	u_top/u_core/u_b/u_b_core/core/core/l5/gk.frontend/fifo/g_wide_read.g_read_slice[95].mem_slice_reg_0_3_6_11/RAMD/ADR1
-0.069	u_top/u_core/u_b/u_b_core/core/core/l5/gk.frontend/fifo/wr_ptr_reg[1]/C	u_top/u_core/u_b/u_b_core/core/core/l5/gk.frontend/fifo/g_wide_read.g_read_slice[95].mem_slice_reg_0_3_6_11/RAMD_D1/ADR1
-0.069	u_top/u_core/u_b/u_b_core/core/core/l5/mac/issue/out_phase_reg[2]_rep__0/C	u_top/u_core/u_b/u_b_core/core/core/l5/mac/mac/out_lane[1].mult_lane[18].operand_pipe.weight_q_reg[0]/D
-0.069	u_top/u_core/u_b/u_b_core/core/core/l5/mac/issue/out_phase_reg[0]/C	u_top/u_core/u_b/u_b_core/core/core/l5/mac/mac/out_lane[3].mult_lane[22].operand_pipe.weight_q_reg[4]/D
-0.069	u_top/u_core/c2b_data_q_reg[0][7]/C	u_top/u_core/u_b/u_b_core/core/core/l1/gk.frontend/win/bank_gen[3].mem_reg/DIADI[7]
-0.069	u_top/u_core/u_b/u_b_core/core/core/l5/mac/issue/out_phase_reg[2]_rep__3/C	u_top/u_core/u_b/u_b_core/core/core/l5/mac/mac/out_lane[2].mult_lane[18].operand_pipe.act_q_reg[10]/D
-0.069	u_top/u_core/u_b/u_b_core/core/core/l1/post/issue_slot_reg/C	u_top/u_core/u_b/u_b_core/core/core/l1/post/units[0].post/prelu_product_s10/A[5]
-0.069	u_top/u_core/u_b/u_b_core/core/core/l5/gk.frontend/win/row_mod_d_reg[1]_rep__4/C	u_top/u_core/u_b/u_b_core/core/core/l5/gk.frontend/win/shift_reg[4][189]/D
-0.069	u_top/u_core/u_b/u_b_core/core/core/l5/mac/issue/out_window_reg[1234]/C	u_top/u_core/u_b/u_b_core/core/core/l5/mac/mac/out_lane[2].mult_lane[29].operand_pipe.act_q_reg[2]/D
-0.069	u_top/u_core/u_b/u_b_core/core/core/l5/mac/issue/out_phase_reg[2]_rep__3/C	u_top/u_core/u_b/u_b_core/core/core/l5/mac/mac/out_lane[1].mult_lane[15].operand_pipe.act_q_reg[3]/D
-0.069	u_top/u_core/u_b/u_b_core/core/core/l5/mac/issue/out_phase_reg[1]_rep__14/C	u_top/u_core/u_b/u_b_core/core/core/l5/mac/mac/out_lane[0].mult_lane[45].operand_pipe.weight_q_reg[4]/D
-0.069	u_top/u_core/u_b/u_b_core/core/core/l5/mac/issue/out_phase_reg[1]_rep__14/C	u_top/u_core/u_b/u_b_core/core/core/l5/mac/mac/out_lane[0].mult_lane[45].operand_pipe.weight_q_reg[7]/D
-0.068	u_top/u_core/u_b/u_b_core/core/core/l5/gk.frontend/win/bank_gen[3].mem_reg_0/CLKARDCLK	u_top/u_core/u_b/u_b_core/core/core/l5/gk.frontend/win/shift_reg[14][29]/D
-0.068	u_top/u_core/u_ctrl/start_b_reg/C	u_top/u_core/u_in/req_addr_q_reg[7]_rep__12/CE
-0.068	u_top/u_core/u_b/u_b_core/core/core/l5/mac/issue/out_phase_reg[1]_rep__12/C	u_top/u_core/u_b/u_b_core/core/core/l5/mac/mac/out_lane[1].mult_lane[46].operand_pipe.act_q_reg[12]/D
-0.068	u_top/u_core/u_b/u_b_core/core/core/l5/mac/issue/out_window_reg[3779]/C	u_top/u_core/u_b/u_b_core/core/core/l5/mac/mac/out_lane[3].mult_lane[14].operand_pipe.act_q_reg[3]/D
-0.068	u_top/u_core/u_b/u_b_core/core/core/l5/mac/issue/out_phase_reg[1]_rep__14/C	u_top/u_core/u_b/u_b_core/core/core/l5/mac/mac/out_lane[0].mult_lane[20].operand_pipe.act_q_reg[12]/D
-0.068	u_top/u_core/u_b/u_b_core/core/core/l5/mac/issue/out_phase_reg[2]_rep/C	u_top/u_core/u_b/u_b_core/core/core/l5/mac/mac/out_lane[0].mult_lane[0].operand_pipe.weight_q_reg[3]/D
-0.068	u_top/u_core/u_b/u_b_core/core/core/l5/gk.frontend/win/shift_reg[24][4]/C	u_top/u_core/u_b/u_b_core/core/core/l5/gk.frontend/fifo/g_wide_read.g_read_slice[96].mem_slice_reg_0_3_0_5/RAMC/I
-0.068	u_top/u_core/u_b/u_b_core/core/core/l5/mac/mac/tree_stage[6].valid_q_reg[7]/C	u_top/u_core/u_b/u_b_core/core/core/l5/mac/mac/out_lane[3].mult_lane[31].operand_pipe.weight_q_reg[5]/R
-0.068	u_top/u_core/u_b/u_b_core/core/core/shuffle/busy_reg/C	u_top/u_core/u_b/u_b_core/core/core/l5/gk.frontend/win/shift_reg[12][21]/R
-0.068	u_top/u_core/u_b/u_b_core/core/core/shuffle/busy_reg/C	u_top/u_core/u_b/u_b_core/core/core/l5/gk.frontend/win/shift_reg[12][73]/R
-0.068	u_top/u_core/u_b/u_b_core/core/core/shuffle/busy_reg/C	u_top/u_core/u_b/u_b_core/core/core/l5/gk.frontend/win/shift_reg[12][97]/R
-0.068	u_top/u_core/u_b/u_b_core/core/core/shuffle/busy_reg/C	u_top/u_core/u_b/u_b_core/core/core/l5/gk.frontend/win/shift_reg[13][102]/R
-0.068	u_top/u_core/u_b/u_b_core/core/core/shuffle/busy_reg/C	u_top/u_core/u_b/u_b_core/core/core/l5/gk.frontend/win/shift_reg[13][184]/R
-0.068	u_top/u_core/u_b/u_b_core/core/core/shuffle/busy_reg/C	u_top/u_core/u_b/u_b_core/core/core/l5/gk.frontend/win/shift_reg[13][192]/R
-0.068	u_top/u_core/u_b/u_b_core/core/core/shuffle/busy_reg/C	u_top/u_core/u_b/u_b_core/core/core/l5/gk.frontend/win/shift_reg[13][98]/R
-0.068	u_top/u_core/u_b/u_b_core/core/core/shuffle/busy_reg/C	u_top/u_core/u_b/u_b_core/core/core/l5/gk.frontend/win/shift_reg[8][87]/R
-0.068	u_top/u_core/u_b/u_b_core/core/core/shuffle/busy_reg/C	u_top/u_core/u_b/u_b_core/core/core/l5/gk.frontend/win/shift_reg[0][114]/R
-0.068	u_top/u_core/u_b/u_b_core/core/core/shuffle/busy_reg/C	u_top/u_core/u_b/u_b_core/core/core/l5/gk.frontend/win/shift_reg[0][88]/R
-0.068	u_top/u_core/u_b/u_b_core/core/core/shuffle/busy_reg/C	u_top/u_core/u_b/u_b_core/core/core/l5/gk.frontend/win/shift_reg[1][50]/R
-0.068	u_top/u_core/u_b/u_b_core/core/core/shuffle/busy_reg/C	u_top/u_core/u_b/u_b_core/core/core/l5/gk.frontend/win/shift_reg[20][151]/R
-0.068	u_top/u_core/u_b/u_b_core/core/core/shuffle/busy_reg/C	u_top/u_core/u_b/u_b_core/core/core/l5/gk.frontend/win/shift_reg[20][229]/R
-0.068	u_top/u_core/u_b/u_b_core/core/core/l5/mac/issue/out_phase_reg[0]_rep__3/C	u_top/u_core/u_b/u_b_core/core/core/l5/mac/mac/out_lane[0].mult_lane[8].operand_pipe.act_q_reg[13]/D
-0.068	u_top/u_core/u_b/u_b_core/core/core/l5/mac/mac/tree_stage[6].valid_q_reg[7]/C	u_top/u_core/u_b/u_b_core/core/core/l5/mac/issue/out_window_reg[1880]/CE
-0.068	u_top/u_core/u_b/u_b_core/core/core/l5/mac/mac/tree_stage[6].valid_q_reg[7]/C	u_top/u_core/u_b/u_b_core/core/core/l5/mac/issue/out_window_reg[1881]/CE
-0.068	u_top/u_core/u_b/u_b_core/core/core/l5/mac/mac/tree_stage[6].valid_q_reg[7]/C	u_top/u_core/u_b/u_b_core/core/core/l5/mac/issue/out_window_reg[1882]/CE
-0.068	u_top/u_core/u_b/u_b_core/core/core/l5/mac/mac/tree_stage[6].valid_q_reg[7]/C	u_top/u_core/u_b/u_b_core/core/core/l5/mac/issue/out_window_reg[1883]/CE
-0.068	u_top/u_core/u_b/u_b_core/core/core/l5/mac/mac/tree_stage[6].valid_q_reg[7]/C	u_top/u_core/u_b/u_b_core/core/core/l5/mac/issue/out_window_reg[1884]/CE
-0.068	u_top/u_core/u_b/u_b_core/core/core/l5/mac/mac/tree_stage[6].valid_q_reg[7]/C	u_top/u_core/u_b/u_b_core/core/core/l5/mac/issue/out_window_reg[1885]/CE
-0.068	u_top/u_core/u_b/u_b_core/core/core/l5/mac/issue/out_window_reg[5509]/C	u_top/u_core/u_b/u_b_core/core/core/l5/mac/mac/out_lane[2].mult_lane[21].operand_pipe.act_q_reg[5]/D
-0.068	u_top/u_core/u_b/u_b_core/core/core/l5/mac/mac/tree_stage[6].valid_q_reg[7]/C	u_top/u_core/u_b/u_b_core/core/core/l5/mac/issue/out_window_reg[1158]/CE
-0.068	u_top/u_core/u_b/u_b_core/core/core/l5/mac/mac/tree_stage[6].valid_q_reg[7]/C	u_top/u_core/u_b/u_b_core/core/core/l5/mac/issue/out_window_reg[1159]/CE
-0.068	u_top/u_core/u_b/u_b_core/core/core/l5/mac/mac/tree_stage[6].valid_q_reg[7]/C	u_top/u_core/u_b/u_b_core/core/core/l5/mac/issue/out_window_reg[1160]/CE
-0.068	u_top/u_core/u_b/u_b_core/core/core/l5/mac/mac/tree_stage[6].valid_q_reg[7]/C	u_top/u_core/u_b/u_b_core/core/core/l5/mac/issue/out_window_reg[1161]/CE
-0.068	u_top/u_core/u_b/u_b_core/core/core/l5/mac/mac/tree_stage[6].valid_q_reg[7]/C	u_top/u_core/u_b/u_b_core/core/core/l5/mac/issue/out_window_reg[1162]/CE
-0.068	u_top/u_core/u_b/u_b_core/core/core/l5/mac/mac/tree_stage[6].valid_q_reg[7]/C	u_top/u_core/u_b/u_b_core/core/core/l5/mac/issue/out_window_reg[1163]/CE
-0.068	u_top/u_core/u_b/u_b_core/core/core/l5/mac/issue/out_phase_reg[0]_rep__11/C	u_top/u_core/u_b/u_b_core/core/core/l5/mac/mac/out_lane[3].mult_lane[24].operand_pipe.act_q_reg[1]/D
-0.068	u_top/u_core/u_b/u_b_core/core/core/l5/mac/issue/out_phase_reg[2]_replica_1/C	u_top/u_core/u_b/u_b_core/core/core/l5/mac/mac/out_lane[3].mult_lane[4].operand_pipe.act_q_reg[7]/D
-0.067	u_top/u_core/u_b/u_b_core/core/core/l5/mac/issue/out_phase_reg[2]_rep__1/C	u_top/u_core/u_b/u_b_core/core/core/l5/mac/mac/out_lane[2].mult_lane[20].operand_pipe.act_q_reg[5]/D
-0.067	u_top/u_core/u_b/u_b_core/core/core/l5/mac/mac/tree_stage[6].valid_q_reg[7]/C	u_top/u_core/u_b/u_b_core/core/core/l5/mac/issue/out_window_reg[1788]/CE
-0.067	u_top/u_core/u_b/u_b_core/core/core/l5/mac/mac/tree_stage[6].valid_q_reg[7]/C	u_top/u_core/u_b/u_b_core/core/core/l5/mac/issue/out_window_reg[1789]/CE
-0.067	u_top/u_core/u_b/u_b_core/core/core/l5/mac/mac/tree_stage[6].valid_q_reg[7]/C	u_top/u_core/u_b/u_b_core/core/core/l5/mac/issue/out_window_reg[1790]/CE
-0.067	u_top/u_core/u_b/u_b_core/core/core/l5/mac/mac/tree_stage[6].valid_q_reg[7]/C	u_top/u_core/u_b/u_b_core/core/core/l5/mac/issue/out_window_reg[1791]/CE
-0.067	u_top/u_core/u_b/u_b_core/core/core/shuffle/busy_reg/C	u_top/u_core/u_b/u_b_core/core/core/l5/gk.frontend/win/shift_reg[10][123]/R
-0.067	u_top/u_core/u_b/u_b_core/core/core/shuffle/busy_reg/C	u_top/u_core/u_b/u_b_core/core/core/l5/gk.frontend/win/shift_reg[10][176]/R
-0.067	u_top/u_core/u_b/u_b_core/core/core/shuffle/busy_reg/C	u_top/u_core/u_b/u_b_core/core/core/l5/gk.frontend/win/shift_reg[22][67]/R
-0.067	u_top/u_core/u_b/u_b_core/core/core/l5/gk.frontend/win/bank_gen[3].mem_reg_3/CLKARDCLK	u_top/u_core/u_b/u_b_core/core/core/l5/gk.frontend/win/shift_reg[14][124]/D
-0.067	u_top/u_core/u_b/u_b_core/core/core/l5/mac/issue/out_phase_reg[0]_rep__15/C	u_top/u_core/u_b/u_b_core/core/core/l5/mac/mac/out_lane[2].mult_lane[25].operand_pipe.weight_q_reg[5]/D
-0.067	u_top/u_core/u_b/u_b_core/core/core/l5/mac/issue/out_phase_reg[0]_rep__4/C	u_top/u_core/u_b/u_b_core/core/core/l5/mac/mac/out_lane[0].mult_lane[35].operand_pipe.act_q_reg[5]/D
-0.067	u_top/u_core/u_b/u_b_core/core/core/shuffle/busy_reg/C	u_top/u_core/u_b/u_b_core/core/core/l5/gk.frontend/win/shift_reg[15][213]/R
-0.067	u_top/u_core/u_b/u_b_core/core/core/shuffle/busy_reg/C	u_top/u_core/u_b/u_b_core/core/core/l5/gk.frontend/win/shift_reg[15][22]/R
-0.067	u_top/u_core/u_b/u_b_core/core/core/l5/mac/mac/tree_stage[6].valid_q_reg[7]/C	u_top/u_core/u_b/u_b_core/core/core/l5/mac/issue/out_window_reg[3818]/CE
-0.067	u_top/u_core/u_b/u_b_core/core/core/l5/mac/mac/tree_stage[6].valid_q_reg[7]/C	u_top/u_core/u_b/u_b_core/core/core/l5/mac/issue/out_window_reg[3819]/CE
-0.067	u_top/u_core/u_b/u_b_core/core/core/l5/mac/mac/tree_stage[6].valid_q_reg[7]/C	u_top/u_core/u_b/u_b_core/core/core/l5/mac/issue/out_window_reg[3820]/CE
-0.067	u_top/u_core/u_b/u_b_core/core/core/l5/mac/mac/tree_stage[6].valid_q_reg[7]/C	u_top/u_core/u_b/u_b_core/core/core/l5/mac/issue/out_window_reg[3821]/CE
-0.067	u_top/u_core/u_b/u_b_core/core/core/l5/mac/mac/tree_stage[6].valid_q_reg[7]/C	u_top/u_core/u_b/u_b_core/core/core/l5/mac/issue/out_window_reg[3822]/CE
-0.067	u_top/u_core/u_b/u_b_core/core/core/l5/mac/mac/tree_stage[6].valid_q_reg[7]/C	u_top/u_core/u_b/u_b_core/core/core/l5/mac/issue/out_window_reg[3823]/CE
-0.067	u_top/u_core/u_b/u_b_core/core/core/l5/mac/issue/out_phase_reg[1]_rep__8_replica/C	u_top/u_core/u_b/u_b_core/core/core/l5/mac/mac/out_lane[1].mult_lane[6].operand_pipe.act_q_reg[8]/D
-0.067	u_top/u_core/u_b/u_b_core/core/core/l5/mac/mac/tree_stage[6].valid_q_reg[7]/C	u_top/u_core/u_b/u_b_core/core/core/l5/mac/issue/out_window_reg[3288]/CE
-0.067	u_top/u_core/u_b/u_b_core/core/core/l5/mac/mac/tree_stage[6].valid_q_reg[7]/C	u_top/u_core/u_b/u_b_core/core/core/l5/mac/issue/out_window_reg[3289]/CE
-0.067	u_top/u_core/u_b/u_b_core/core/core/l5/mac/mac/tree_stage[6].valid_q_reg[7]/C	u_top/u_core/u_b/u_b_core/core/core/l5/mac/issue/out_window_reg[3290]/CE
-0.067	u_top/u_core/u_b/u_b_core/core/core/l5/mac/mac/tree_stage[6].valid_q_reg[7]/C	u_top/u_core/u_b/u_b_core/core/core/l5/mac/issue/out_window_reg[3291]/CE
-0.067	u_top/u_core/u_b/u_b_core/core/core/l5/mac/mac/tree_stage[6].valid_q_reg[7]/C	u_top/u_core/u_b/u_b_core/core/core/l5/mac/issue/out_window_reg[3292]/CE
-0.067	u_top/u_core/u_b/u_b_core/core/core/l5/mac/mac/tree_stage[6].valid_q_reg[7]/C	u_top/u_core/u_b/u_b_core/core/core/l5/mac/issue/out_window_reg[3293]/CE
-0.067	u_top/u_core/u_b/u_b_core/core/core/shuffle/busy_reg/C	u_top/u_core/u_b/u_b_core/core/core/l5/gk.frontend/win/shift_reg[18][97]/R
-0.066	u_top/u_core/u_b/u_b_core/core/core/l5/mac/issue/out_phase_reg[0]_rep__2_replica/C	u_top/u_core/u_b/u_b_core/core/core/l5/mac/mac/out_lane[2].mult_lane[31].operand_pipe.act_q_reg[10]/D
-0.066	u_top/u_core/u_b/u_b_core/core/core/l5/gk.frontend/win/col_reg[8]/C	u_top/u_core/u_b/u_b_core/core/core/l5/gk.frontend/win/bank_gen[1].mem_reg_6/ADDRARDADDR[13]
-0.066	u_top/u_core/u_b/u_b_core/core/core/l5/mac/mac/tree_stage[6].valid_q_reg[7]/C	u_top/u_core/u_b/u_b_core/core/core/l5/mac/issue/out_phase_reg[0]_rep__1_replica_2/D
-0.066	u_top/u_core/u_b/u_b_core/core/core/l5/gk.frontend/pending1_reg_replica_3/C	u_top/u_core/u_b/u_b_core/core/core/l5/gk.frontend/win/shift_reg[22][232]/CE
-0.066	u_top/u_core/u_b/u_b_core/core/core/l5/gk.frontend/pending1_reg_replica_3/C	u_top/u_core/u_b/u_b_core/core/core/l5/gk.frontend/win/shift_reg[23][161]/CE
-0.066	u_top/u_core/u_b/u_b_core/core/core/shuffle/busy_reg/C	u_top/u_core/u_b/u_b_core/core/core/l5/gk.frontend/fifo/g_wide_read.g_read_slice[7].rd_ptr_local_reg[0]/R
-0.066	u_top/u_core/u_b/u_b_core/core/core/shuffle/busy_reg/C	u_top/u_core/u_b/u_b_core/core/core/l5/gk.frontend/fifo/g_wide_read.g_read_slice[7].rd_ptr_local_reg[1]/R
-0.066	u_top/u_core/u_b/u_b_core/core/core/l5/mac/mac/tree_stage[6].valid_q_reg[7]/C	u_top/u_core/u_b/u_b_core/core/core/l5/mac/issue/out_window_reg[3562]/CE
-0.066	u_top/u_core/u_b/u_b_core/core/core/l5/mac/mac/tree_stage[6].valid_q_reg[7]/C	u_top/u_core/u_b/u_b_core/core/core/l5/mac/issue/out_window_reg[3563]/CE
-0.066	u_top/u_core/u_b/u_b_core/core/core/l5/mac/mac/tree_stage[6].valid_q_reg[7]/C	u_top/u_core/u_b/u_b_core/core/core/l5/mac/issue/out_window_reg[3564]/CE
-0.066	u_top/u_core/u_b/u_b_core/core/core/l5/mac/mac/tree_stage[6].valid_q_reg[7]/C	u_top/u_core/u_b/u_b_core/core/core/l5/mac/issue/out_window_reg[3565]/CE
-0.066	u_top/u_core/u_b/u_b_core/core/core/l5/mac/mac/tree_stage[6].valid_q_reg[7]/C	u_top/u_core/u_b/u_b_core/core/core/l5/mac/issue/out_window_reg[3566]/CE
-0.066	u_top/u_core/u_b/u_b_core/core/core/l5/mac/mac/tree_stage[6].valid_q_reg[7]/C	u_top/u_core/u_b/u_b_core/core/core/l5/mac/issue/out_window_reg[3567]/CE
-0.066	u_top/u_core/u_b/u_b_core/core/core/l5/mac/issue/out_window_reg[2028]/C	u_top/u_core/u_b/u_b_core/core/core/l5/mac/mac/out_lane[1].mult_lane[7].operand_pipe.act_q_reg[12]/D
-0.066	u_top/u_core/u_b/u_b_core/core/core/shuffle/busy_reg/C	u_top/u_core/u_b/u_b_core/core/core/l5/gk.frontend/win/shift_reg[11][80]/R
-0.066	u_top/u_core/u_b/u_b_core/core/core/l5/gk.frontend/win/shift_reg[19][119]/C	u_top/u_core/u_b/u_b_core/core/core/l5/gk.frontend/fifo/g_wide_read.g_read_slice[77].mem_slice_reg_0_3_54_59/RAMA_D1/I
-0.065	u_top/u_core/u_b/u_b_core/core/core/l5/mac/mac/tree_stage[6].valid_q_reg[7]/C	u_top/u_core/u_b/u_b_core/core/core/l5/mac/mac/out_lane[0].mult_lane[33].operand_pipe.act_q_reg[14]/CE
-0.065	u_top/u_core/u_b/u_b_core/core/core/l5/mac/mac/tree_stage[6].valid_q_reg[7]/C	u_top/u_core/u_b/u_b_core/core/core/l5/mac/mac/out_lane[0].mult_lane[35].operand_pipe.act_q_reg[0]/CE
-0.065	u_top/u_core/u_b/u_b_core/core/core/l5/mac/issue/out_phase_reg[0]_rep__11/C	u_top/u_core/u_b/u_b_core/core/core/l5/mac/mac/out_lane[2].mult_lane[23].operand_pipe.act_q_reg[8]/D
-0.065	u_top/u_core/u_b/u_b_core/core/core/l5/mac/mac/tree_stage[3].valid_q_reg[4]/C	u_top/u_core/u_b/u_b_core/core/core/l5/mac/mac/tree_stage[3].channel[3].node[0].pair.sums_q_reg[3][3][0][28]/CE
-0.065	u_top/u_core/u_b/u_b_core/core/core/l5/mac/mac/tree_stage[3].valid_q_reg[4]/C	u_top/u_core/u_b/u_b_core/core/core/l5/mac/mac/tree_stage[3].channel[3].node[0].pair.sums_q_reg[3][3][0][29]/CE
-0.065	u_top/u_core/u_b/u_b_core/core/core/l5/mac/mac/tree_stage[3].valid_q_reg[4]/C	u_top/u_core/u_b/u_b_core/core/core/l5/mac/mac/tree_stage[3].channel[3].node[0].pair.sums_q_reg[3][3][0][30]/CE
-0.065	u_top/u_core/u_b/u_b_core/core/core/l5/mac/mac/tree_stage[3].valid_q_reg[4]/C	u_top/u_core/u_b/u_b_core/core/core/l5/mac/mac/tree_stage[3].channel[3].node[0].pair.sums_q_reg[3][3][0][31]/CE
-0.065	u_top/u_core/u_b/u_b_core/core/core/l5/gk.frontend/fifo/wr_ptr_reg[0]_rep__5/C	u_top/u_core/u_b/u_b_core/core/core/l5/gk.frontend/fifo/g_wide_read.g_read_slice[4].mem_slice_reg_0_3_12_17/RAMA/WADR0
-0.065	u_top/u_core/u_b/u_b_core/core/core/l5/gk.frontend/fifo/wr_ptr_reg[0]_rep__5/C	u_top/u_core/u_b/u_b_core/core/core/l5/gk.frontend/fifo/g_wide_read.g_read_slice[4].mem_slice_reg_0_3_12_17/RAMA_D1/WADR0
-0.065	u_top/u_core/u_b/u_b_core/core/core/l5/gk.frontend/fifo/wr_ptr_reg[0]_rep__5/C	u_top/u_core/u_b/u_b_core/core/core/l5/gk.frontend/fifo/g_wide_read.g_read_slice[4].mem_slice_reg_0_3_12_17/RAMB/WADR0
-0.065	u_top/u_core/u_b/u_b_core/core/core/l5/gk.frontend/fifo/wr_ptr_reg[0]_rep__5/C	u_top/u_core/u_b/u_b_core/core/core/l5/gk.frontend/fifo/g_wide_read.g_read_slice[4].mem_slice_reg_0_3_12_17/RAMB_D1/WADR0
-0.065	u_top/u_core/u_b/u_b_core/core/core/l5/gk.frontend/fifo/wr_ptr_reg[0]_rep__5/C	u_top/u_core/u_b/u_b_core/core/core/l5/gk.frontend/fifo/g_wide_read.g_read_slice[4].mem_slice_reg_0_3_12_17/RAMC/WADR0
-0.065	u_top/u_core/u_b/u_b_core/core/core/l5/gk.frontend/fifo/wr_ptr_reg[0]_rep__5/C	u_top/u_core/u_b/u_b_core/core/core/l5/gk.frontend/fifo/g_wide_read.g_read_slice[4].mem_slice_reg_0_3_12_17/RAMC_D1/WADR0
-0.065	u_top/u_core/u_b/u_b_core/core/core/l5/gk.frontend/fifo/wr_ptr_reg[0]_rep__5/C	u_top/u_core/u_b/u_b_core/core/core/l5/gk.frontend/fifo/g_wide_read.g_read_slice[4].mem_slice_reg_0_3_12_17/RAMD/ADR0
-0.065	u_top/u_core/u_b/u_b_core/core/core/l5/gk.frontend/fifo/wr_ptr_reg[0]_rep__5/C	u_top/u_core/u_b/u_b_core/core/core/l5/gk.frontend/fifo/g_wide_read.g_read_slice[4].mem_slice_reg_0_3_12_17/RAMD_D1/ADR0
-0.065	u_top/u_core/u_ctrl/start_b_reg/C	u_top/u_core/u_in/req_addr_q_reg[14]_rep__1/CE
-0.065	u_top/u_core/u_b/u_b_core/core/core/l5/gk.frontend/win/bank_gen[0].mem_reg_3/CLKARDCLK	u_top/u_core/u_b/u_b_core/core/core/l5/gk.frontend/win/shift_reg[4][124]/D
-0.065	u_top/u_core/u_b/u_b_core/core/core/shuffle/busy_reg/C	u_top/u_core/u_b/u_b_core/core/core/l5/gk.frontend/win/shift_reg[12][92]/R
-0.065	u_top/u_core/u_b/u_b_core/core/core/shuffle/busy_reg/C	u_top/u_core/u_b/u_b_core/core/core/l5/gk.frontend/win/shift_reg[13][203]/R
-0.065	u_top/u_core/u_b/u_b_core/core/core/shuffle/busy_reg/C	u_top/u_core/u_b/u_b_core/core/core/l5/gk.frontend/win/shift_reg[8][76]/R
-0.065	u_top/u_core/u_b/u_b_core/core/core/l5/mac/mac/tree_stage[6].valid_q_reg[7]/C	u_top/u_core/u_b/u_b_core/core/core/l5/mac/mac/out_lane[2].mult_lane[34].operand_pipe.weight_q_reg[2]/CE
-0.065	u_top/u_core/u_b/u_b_core/core/core/l5/mac/issue/out_phase_reg[2]_rep__3/C	u_top/u_core/u_b/u_b_core/core/core/l5/mac/mac/out_lane[2].mult_lane[14].operand_pipe.act_q_reg[5]/D
-0.065	u_top/u_core/u_b/u_b_core/core/core/l5/mac/issue/out_phase_reg[1]_rep__12/C	u_top/u_core/u_b/u_b_core/core/core/l5/mac/mac/out_lane[3].mult_lane[46].operand_pipe.act_q_reg[14]/D
-0.065	u_top/u_core/u_b/u_b_core/core/core/l5/mac/issue/out_phase_reg[0]_rep__10/C	u_top/u_core/u_b/u_b_core/core/core/l5/mac/mac/out_lane[1].mult_lane[22].operand_pipe.act_q_reg[3]/D
-0.064	u_top/u_core/u_b/u_b_core/core/core/l5/gk.frontend/fifo/wr_ptr_reg[1]_rep__5/C	u_top/u_core/u_b/u_b_core/core/core/l5/gk.frontend/fifo/g_wide_read.g_read_slice[4].mem_slice_reg_0_3_48_53/RAMA/WADR1
-0.064	u_top/u_core/u_b/u_b_core/core/core/l5/gk.frontend/fifo/wr_ptr_reg[1]_rep__5/C	u_top/u_core/u_b/u_b_core/core/core/l5/gk.frontend/fifo/g_wide_read.g_read_slice[4].mem_slice_reg_0_3_48_53/RAMA_D1/WADR1
-0.064	u_top/u_core/u_b/u_b_core/core/core/l5/gk.frontend/fifo/wr_ptr_reg[1]_rep__5/C	u_top/u_core/u_b/u_b_core/core/core/l5/gk.frontend/fifo/g_wide_read.g_read_slice[4].mem_slice_reg_0_3_48_53/RAMB/WADR1
-0.064	u_top/u_core/u_b/u_b_core/core/core/l5/gk.frontend/fifo/wr_ptr_reg[1]_rep__5/C	u_top/u_core/u_b/u_b_core/core/core/l5/gk.frontend/fifo/g_wide_read.g_read_slice[4].mem_slice_reg_0_3_48_53/RAMB_D1/WADR1
-0.064	u_top/u_core/u_b/u_b_core/core/core/l5/gk.frontend/fifo/wr_ptr_reg[1]_rep__5/C	u_top/u_core/u_b/u_b_core/core/core/l5/gk.frontend/fifo/g_wide_read.g_read_slice[4].mem_slice_reg_0_3_48_53/RAMC/WADR1
-0.064	u_top/u_core/u_b/u_b_core/core/core/l5/gk.frontend/fifo/wr_ptr_reg[1]_rep__5/C	u_top/u_core/u_b/u_b_core/core/core/l5/gk.frontend/fifo/g_wide_read.g_read_slice[4].mem_slice_reg_0_3_48_53/RAMC_D1/WADR1
-0.064	u_top/u_core/u_b/u_b_core/core/core/l5/gk.frontend/fifo/wr_ptr_reg[1]_rep__5/C	u_top/u_core/u_b/u_b_core/core/core/l5/gk.frontend/fifo/g_wide_read.g_read_slice[4].mem_slice_reg_0_3_48_53/RAMD/ADR1
-0.064	u_top/u_core/u_b/u_b_core/core/core/l5/gk.frontend/fifo/wr_ptr_reg[1]_rep__5/C	u_top/u_core/u_b/u_b_core/core/core/l5/gk.frontend/fifo/g_wide_read.g_read_slice[4].mem_slice_reg_0_3_48_53/RAMD_D1/ADR1
-0.064	u_top/u_core/u_b/u_b_core/core/core/shuffle/busy_reg/C	u_top/u_core/u_b/u_b_core/core/core/l5/gk.frontend/win/shift_reg[10][36]/R
-0.064	u_top/u_core/u_b/u_b_core/core/core/shuffle/busy_reg/C	u_top/u_core/u_b/u_b_core/core/core/l5/gk.frontend/win/shift_reg[10][40]/R
-0.064	u_top/u_core/u_b/u_b_core/core/core/shuffle/busy_reg/C	u_top/u_core/u_b/u_b_core/core/core/l5/gk.frontend/win/shift_reg[11][177]/R
-0.064	u_top/u_core/u_b/u_b_core/core/core/shuffle/busy_reg/C	u_top/u_core/u_b/u_b_core/core/core/l5/gk.frontend/win/shift_reg[11][183]/R
-0.064	u_top/u_core/u_b/u_b_core/core/core/shuffle/busy_reg/C	u_top/u_core/u_b/u_b_core/core/core/l5/gk.frontend/win/shift_reg[11][195]/R
-0.064	u_top/u_core/u_b/u_b_core/core/core/shuffle/busy_reg/C	u_top/u_core/u_b/u_b_core/core/core/l5/gk.frontend/win/shift_reg[11][88]/R
-0.064	u_top/u_core/u_b/u_b_core/core/core/shuffle/busy_reg/C	u_top/u_core/u_b/u_b_core/core/core/l5/gk.frontend/win/shift_reg[23][103]/R
-0.064	u_top/u_core/u_b/u_b_core/core/core/shuffle/busy_reg/C	u_top/u_core/u_b/u_b_core/core/core/l5/gk.frontend/win/shift_reg[23][193]/R
-0.064	u_top/u_core/u_b/u_b_core/core/core/l5/mac/issue/out_phase_reg[0]_rep__2_replica/C	u_top/u_core/u_b/u_b_core/core/core/l5/mac/mac/out_lane[3].mult_lane[30].operand_pipe.act_q_reg[10]/D
-0.064	u_top/u_core/u_b/u_b_core/core/core/l5/mac/issue/out_window_reg[5892]/C	u_top/u_core/u_b/u_b_core/core/core/l5/mac/mac/out_lane[2].mult_lane[23].operand_pipe.act_q_reg[4]/D
-0.064	u_top/u_core/u_b/u_b_core/core/core/l5/mac/issue/out_phase_reg[0]_rep__14/C	u_top/u_core/u_b/u_b_core/core/core/l5/mac/mac/out_lane[0].mult_lane[7].operand_pipe.weight_q_reg[7]/D
-0.064	u_top/u_core/u_b/u_b_core/core/core/l5/mac/mac/tree_stage[6].valid_q_reg[7]/C	u_top/u_core/u_b/u_b_core/core/core/l5/mac/issue/out_window_reg[1404]/CE
-0.064	u_top/u_core/u_b/u_b_core/core/core/l5/mac/mac/tree_stage[6].valid_q_reg[7]/C	u_top/u_core/u_b/u_b_core/core/core/l5/mac/issue/out_window_reg[1405]/CE
-0.064	u_top/u_core/u_b/u_b_core/core/core/l5/mac/mac/tree_stage[6].valid_q_reg[7]/C	u_top/u_core/u_b/u_b_core/core/core/l5/mac/issue/out_window_reg[1406]/CE
-0.064	u_top/u_core/u_b/u_b_core/core/core/l5/mac/mac/tree_stage[6].valid_q_reg[7]/C	u_top/u_core/u_b/u_b_core/core/core/l5/mac/issue/out_window_reg[1407]/CE
-0.064	u_top/u_core/u_b/u_b_core/core/core/l4/post/read_slot_reg/C	u_top/u_core/u_b/u_b_core/core/core/f45/g_narrow_read.mem_reg_0_31_204_209/RAMC_D1/I
-0.064	u_top/u_core/u_b/u_b_core/core/core/shuffle/busy_reg/C	u_top/u_core/u_b/u_b_core/core/core/l5/gk.frontend/win/shift_reg[12][250]/R
-0.064	u_top/u_core/u_b/u_b_core/core/core/shuffle/busy_reg/C	u_top/u_core/u_b/u_b_core/core/core/l5/gk.frontend/win/shift_reg[18][161]/R
-0.064	u_top/u_core/u_b/u_b_core/core/core/l5/mac/issue/out_window_reg[3075]/C	u_top/u_core/u_b/u_b_core/core/core/l5/mac/mac/out_lane[0].mult_lane[12].operand_pipe.act_q_reg[3]/D
-0.064	u_top/u_core/u_b/u_b_core/core/core/shuffle/busy_reg/C	u_top/u_core/u_b/u_b_core/core/core/l5/gk.frontend/win/shift_reg[2][1]/R
-0.064	u_top/u_core/u_b/u_b_core/core/core/shuffle/busy_reg/C	u_top/u_core/u_b/u_b_core/core/core/l5/gk.frontend/win/shift_reg[2][91]/R
-0.064	u_top/u_core/u_b/u_b_core/core/core/shuffle/busy_reg/C	u_top/u_core/u_b/u_b_core/core/core/l5/gk.frontend/win/shift_reg[3][152]/R
-0.064	u_top/u_core/u_b/u_b_core/core/core/shuffle/busy_reg/C	u_top/u_core/u_b/u_b_core/core/core/l5/gk.frontend/win/shift_reg[3][153]/R
-0.064	u_top/u_core/u_b/u_b_core/core/core/shuffle/busy_reg/C	u_top/u_core/u_b/u_b_core/core/core/l5/gk.frontend/win/shift_reg[3][247]/R
-0.064	u_top/u_core/u_b/u_b_core/core/core/shuffle/busy_reg/C	u_top/u_core/u_b/u_b_core/core/core/l5/gk.frontend/win/shift_reg[3][57]/R
-0.064	u_top/u_core/u_b/u_b_core/core/core/shuffle/busy_reg/C	u_top/u_core/u_b/u_b_core/core/core/l5/gk.frontend/win/shift_reg[3][88]/R
-0.064	u_top/u_core/u_b/u_b_core/core/core/f45/g_narrow_read.rd_ptr_local_reg[3]/C	u_top/u_core/u_b/u_b_core/core/core/l5/gk.frontend/win/bank_gen[1].mem_reg_5/DIADI[10]
-0.064	u_top/u_core/u_b/u_b_core/core/core/l5/mac/issue/out_phase_reg[2]_rep__1/C	u_top/u_core/u_b/u_b_core/core/core/l5/mac/mac/out_lane[1].mult_lane[46].operand_pipe.act_q_reg[8]/D
-0.064	u_top/u_core/u_b/u_b_core/core/core/l5/mac/issue/out_phase_reg[1]_rep__6/C	u_top/u_core/u_b/u_b_core/core/core/l5/mac/mac/out_lane[2].mult_lane[12].operand_pipe.act_q_reg[0]/D
-0.064	u_top/u_core/u_pp/u_bank1/mem_reg_bram_5/CLKBWRCLK	u_top/u_core/u_pp/u_bank1/rd_data_reg[7]/D
-0.064	u_top/u_core/u_b/u_b_core/core/core/l5/mac/issue/out_phase_reg[1]_rep__8_replica_1/C	u_top/u_core/u_b/u_b_core/core/core/l5/mac/mac/out_lane[2].mult_lane[4].operand_pipe.act_q_reg[2]/D
-0.064	u_top/u_core/u_b/u_b_core/core/core/l5/mac/issue/out_phase_reg[1]_rep/C	u_top/u_core/u_b/u_b_core/core/core/l5/mac/mac/out_lane[1].mult_lane[20].operand_pipe.weight_q_reg[7]/D
-0.064	u_top/u_core/u_b/u_b_core/core/core/l5/mac/issue/out_phase_reg[0]_rep__5/C	u_top/u_core/u_b/u_b_core/core/core/l5/mac/mac/out_lane[3].mult_lane[13].operand_pipe.act_q_reg[10]/D
-0.063	u_top/u_core/u_b/u_b_core/core/core/l5/gk.frontend/win/bank_gen[3].mem_reg_6/CLKARDCLK	u_top/u_core/u_b/u_b_core/core/core/l5/gk.frontend/win/shift_reg[19][236]/D
-0.063	u_top/u_core/u_b/u_b_core/core/core/l5/gk.frontend/win/row_mod_d_reg[1]_rep__4/C	u_top/u_core/u_b/u_b_core/core/core/l5/gk.frontend/win/shift_reg[4][183]/D
-0.063	u_top/u_core/u_b/u_b_core/core/core/l5/gk.frontend/fifo/count_reg[2]/C	u_top/u_core/u_b/u_b_core/core/core/l5/gk.frontend/fifo/g_wide_read.g_read_slice[55].mem_slice_reg_0_3_12_17/RAMA/WE
-0.063	u_top/u_core/u_b/u_b_core/core/core/l5/gk.frontend/fifo/count_reg[2]/C	u_top/u_core/u_b/u_b_core/core/core/l5/gk.frontend/fifo/g_wide_read.g_read_slice[55].mem_slice_reg_0_3_12_17/RAMA_D1/WE
-0.063	u_top/u_core/u_b/u_b_core/core/core/l5/gk.frontend/fifo/count_reg[2]/C	u_top/u_core/u_b/u_b_core/core/core/l5/gk.frontend/fifo/g_wide_read.g_read_slice[55].mem_slice_reg_0_3_12_17/RAMB/WE
-0.063	u_top/u_core/u_b/u_b_core/core/core/l5/gk.frontend/fifo/count_reg[2]/C	u_top/u_core/u_b/u_b_core/core/core/l5/gk.frontend/fifo/g_wide_read.g_read_slice[55].mem_slice_reg_0_3_12_17/RAMB_D1/WE
-0.063	u_top/u_core/u_b/u_b_core/core/core/l5/gk.frontend/fifo/count_reg[2]/C	u_top/u_core/u_b/u_b_core/core/core/l5/gk.frontend/fifo/g_wide_read.g_read_slice[55].mem_slice_reg_0_3_12_17/RAMC/WE
-0.063	u_top/u_core/u_b/u_b_core/core/core/l5/gk.frontend/fifo/count_reg[2]/C	u_top/u_core/u_b/u_b_core/core/core/l5/gk.frontend/fifo/g_wide_read.g_read_slice[55].mem_slice_reg_0_3_12_17/RAMC_D1/WE
-0.063	u_top/u_core/u_b/u_b_core/core/core/l5/gk.frontend/fifo/count_reg[2]/C	u_top/u_core/u_b/u_b_core/core/core/l5/gk.frontend/fifo/g_wide_read.g_read_slice[55].mem_slice_reg_0_3_12_17/RAMD/WE
-0.063	u_top/u_core/u_b/u_b_core/core/core/l5/gk.frontend/fifo/count_reg[2]/C	u_top/u_core/u_b/u_b_core/core/core/l5/gk.frontend/fifo/g_wide_read.g_read_slice[55].mem_slice_reg_0_3_12_17/RAMD_D1/WE
-0.063	u_top/u_core/u_b/u_b_core/core/core/l5/gk.frontend/win/shift_reg[24][26]/C	u_top/u_core/u_b/u_b_core/core/core/l5/gk.frontend/win/shift_reg[23][26]/D
-0.063	u_top/u_core/u_b/u_b_core/core/core/l5/mac/mac/tree_stage[6].valid_q_reg[7]/C	u_top/u_core/u_b/u_b_core/core/core/l5/mac/issue/out_window_reg[2672]/CE
-0.063	u_top/u_core/u_b/u_b_core/core/core/l5/mac/mac/tree_stage[6].valid_q_reg[7]/C	u_top/u_core/u_b/u_b_core/core/core/l5/mac/issue/out_window_reg[2673]/CE
-0.063	u_top/u_core/u_b/u_b_core/core/core/l5/mac/mac/tree_stage[6].valid_q_reg[7]/C	u_top/u_core/u_b/u_b_core/core/core/l5/mac/issue/out_window_reg[2674]/CE
-0.063	u_top/u_core/u_b/u_b_core/core/core/l5/mac/mac/tree_stage[6].valid_q_reg[7]/C	u_top/u_core/u_b/u_b_core/core/core/l5/mac/issue/out_window_reg[2675]/CE
-0.063	u_top/u_core/u_b/u_b_core/core/core/l5/mac/mac/tree_stage[6].valid_q_reg[7]/C	u_top/u_core/u_b/u_b_core/core/core/l5/mac/issue/out_window_reg[2676]/CE
-0.063	u_top/u_core/u_b/u_b_core/core/core/l5/mac/mac/tree_stage[6].valid_q_reg[7]/C	u_top/u_core/u_b/u_b_core/core/core/l5/mac/issue/out_window_reg[2677]/CE
-0.062	u_top/u_core/u_b/u_b_core/core/core/l5/mac/issue/out_phase_reg[1]_rep__3/C	u_top/u_core/u_b/u_b_core/core/core/l5/mac/mac/out_lane[0].mult_lane[32].operand_pipe.weight_q_reg[0]/D
-0.062	u_top/u_core/u_b/u_b_core/core/core/l5/mac/issue/out_phase_reg[1]_rep__14/C	u_top/u_core/u_b/u_b_core/core/core/l5/mac/mac/out_lane[0].mult_lane[45].operand_pipe.weight_q_reg[6]/D
-0.062	u_top/u_core/u_b/u_b_core/core/core/shuffle/busy_reg/C	u_top/u_core/u_b/u_b_core/core/core/l5/gk.frontend/win/shift_reg[11][124]/R
-0.062	u_top/u_core/u_b/u_b_core/core/core/shuffle/busy_reg/C	u_top/u_core/u_b/u_b_core/core/core/l5/gk.frontend/win/shift_reg[11][245]/R
-0.062	u_top/u_core/u_b/u_b_core/core/core/shuffle/busy_reg/C	u_top/u_core/u_b/u_b_core/core/core/l5/gk.frontend/win/shift_reg[21][75]/R
-0.062	u_top/u_core/u_b/u_b_core/core/core/shuffle/busy_reg/C	u_top/u_core/u_b/u_b_core/core/core/l5/gk.frontend/win/shift_reg[22][139]/R
-0.062	u_top/u_core/u_b/u_b_core/core/core/shuffle/busy_reg/C	u_top/u_core/u_b/u_b_core/core/core/l5/gk.frontend/win/shift_reg[22][203]/R
-0.062	u_top/u_core/u_b/u_b_core/core/core/shuffle/busy_reg/C	u_top/u_core/u_b/u_b_core/core/core/l5/gk.frontend/win/shift_reg[23][166]/R
-0.062	u_top/u_core/u_b/u_b_core/core/core/shuffle/busy_reg/C	u_top/u_core/u_b/u_b_core/core/core/l5/gk.frontend/win/shift_reg[6][122]/R
-0.062	u_top/u_core/u_b/u_b_core/core/core/shuffle/busy_reg/C	u_top/u_core/u_b/u_b_core/core/core/l5/gk.frontend/win/shift_reg[6][59]/R
-0.062	u_top/u_core/u_b/u_b_core/core/core/l5/mac/issue/out_phase_reg[2]_rep/C	u_top/u_core/u_b/u_b_core/core/core/l5/mac/mac/out_lane[1].mult_lane[5].operand_pipe.weight_q_reg[7]/D
-0.062	u_top/u_core/u_b/u_b_core/core/core/l5/mac/mac/tree_stage[6].valid_q_reg[7]/C	u_top/u_core/u_b/u_b_core/core/core/l5/mac/issue/out_window_reg[3364]/CE
-0.062	u_top/u_core/u_b/u_b_core/core/core/l5/mac/mac/tree_stage[6].valid_q_reg[7]/C	u_top/u_core/u_b/u_b_core/core/core/l5/mac/issue/out_window_reg[3365]/CE
-0.062	u_top/u_core/u_b/u_b_core/core/core/l5/mac/mac/tree_stage[6].valid_q_reg[7]/C	u_top/u_core/u_b/u_b_core/core/core/l5/mac/issue/out_window_reg[3366]/CE
-0.062	u_top/u_core/u_b/u_b_core/core/core/l5/mac/mac/tree_stage[6].valid_q_reg[7]/C	u_top/u_core/u_b/u_b_core/core/core/l5/mac/issue/out_window_reg[3367]/CE
-0.062	u_top/u_core/u_b/u_b_core/core/core/l5/mac/mac/tree_stage[6].valid_q_reg[7]/C	u_top/u_core/u_b/u_b_core/core/core/l5/mac/issue/out_window_reg[3368]/CE
-0.062	u_top/u_core/u_b/u_b_core/core/core/l5/mac/mac/tree_stage[6].valid_q_reg[7]/C	u_top/u_core/u_b/u_b_core/core/core/l5/mac/issue/out_window_reg[3369]/CE
-0.062	u_top/u_core/u_b/u_b_core/core/core/l5/gk.frontend/fifo/g_wide_read.g_read_slice[38].rd_ptr_local_reg[0]/C	u_top/u_core/u_b/u_b_core/core/core/l5/mac/issue/out_window_reg[2481]/D
-0.062	u_top/u_core/u_b/u_b_core/core/core/l5/gk.frontend/win/shift_reg[22][205]/C	u_top/u_core/u_b/u_b_core/core/core/l5/gk.frontend/win/shift_reg[21][205]/D
-0.062	u_top/u_core/u_b/u_b_core/core/core/l5/mac/issue/out_phase_reg[2]_replica_1/C	u_top/u_core/u_b/u_b_core/core/core/l5/mac/mac/out_lane[2].mult_lane[4].operand_pipe.act_q_reg[4]/D
-0.062	u_top/u_core/u_b/u_b_core/core/core/l5/gk.frontend/fifo/g_wide_read.g_read_slice[89].rd_ptr_local_reg[0]/C	u_top/u_core/u_b/u_b_core/core/core/l5/mac/issue/out_window_reg[5696]/D
-0.062	u_top/u_core/u_b/u_b_core/core/core/l5/mac/mac/tree_stage[6].valid_q_reg[7]/C	u_top/u_core/u_b/u_b_core/core/core/l5/gk.frontend/fifo/g_wide_read.g_read_slice[13].rd_ptr_local_reg[0]/CE
-0.062	u_top/u_core/u_b/u_b_core/core/core/l5/mac/mac/tree_stage[6].valid_q_reg[7]/C	u_top/u_core/u_b/u_b_core/core/core/l5/gk.frontend/fifo/g_wide_read.g_read_slice[13].rd_ptr_local_reg[1]/CE
-0.062	u_top/u_core/u_b/u_b_core/core/core/l5/mac/mac/tree_stage[6].valid_q_reg[7]/C	u_top/u_core/u_b/u_b_core/core/core/l5/mac/mac/out_lane[0].mult_lane[35].operand_pipe.act_q_reg[10]/CE
-0.062	u_top/u_core/u_b/u_b_core/core/core/l5/mac/mac/tree_stage[6].valid_q_reg[7]/C	u_top/u_core/u_b/u_b_core/core/core/l5/mac/mac/out_lane[0].mult_lane[35].operand_pipe.act_q_reg[12]/CE
-0.062	u_top/u_core/u_b/u_b_core/core/core/l5/mac/mac/tree_stage[6].valid_q_reg[7]/C	u_top/u_core/u_b/u_b_core/core/core/l5/mac/mac/out_lane[0].mult_lane[35].operand_pipe.act_q_reg[13]/CE
-0.062	u_top/u_core/u_b/u_b_core/core/core/l5/mac/mac/tree_stage[6].valid_q_reg[7]/C	u_top/u_core/u_b/u_b_core/core/core/l5/mac/mac/out_lane[0].mult_lane[35].operand_pipe.act_q_reg[14]/CE
-0.062	u_top/u_core/u_b/u_b_core/core/core/l5/mac/mac/tree_stage[6].valid_q_reg[7]/C	u_top/u_core/u_b/u_b_core/core/core/l5/mac/mac/out_lane[0].mult_lane[37].operand_pipe.weight_q_reg[3]/CE
-0.062	u_top/u_core/u_b/u_b_core/core/core/l5/mac/mac/tree_stage[6].valid_q_reg[7]/C	u_top/u_core/u_b/u_b_core/core/core/l5/mac/mac/out_lane[0].mult_lane[38].operand_pipe.act_q_reg[11]/CE
-0.062	u_top/u_core/u_b/u_b_core/core/core/l5/mac/mac/tree_stage[6].valid_q_reg[7]/C	u_top/u_core/u_b/u_b_core/core/core/l5/mac/mac/out_lane[0].mult_lane[43].operand_pipe.act_q_reg[13]/CE
-0.061	u_top/u_core/u_b/u_b_core/core/core/l5/gk.frontend/win/bank_gen[3].mem_reg_6/CLKARDCLK	u_top/u_core/u_b/u_b_core/core/core/l5/gk.frontend/win/shift_reg[9][240]/D
-0.061	u_top/u_core/u_b/u_b_core/core/core/l5/mac/mac/tree_stage[6].valid_q_reg[7]/C	u_top/u_core/u_b/u_b_core/core/core/l5/mac/issue/out_window_reg[1974]/CE
-0.061	u_top/u_core/u_b/u_b_core/core/core/l5/mac/mac/tree_stage[6].valid_q_reg[7]/C	u_top/u_core/u_b/u_b_core/core/core/l5/mac/issue/out_window_reg[1975]/CE
-0.061	u_top/u_core/u_b/u_b_core/core/core/l5/mac/mac/tree_stage[6].valid_q_reg[7]/C	u_top/u_core/u_b/u_b_core/core/core/l5/mac/issue/out_window_reg[1976]/CE
-0.061	u_top/u_core/u_b/u_b_core/core/core/l5/mac/mac/tree_stage[6].valid_q_reg[7]/C	u_top/u_core/u_b/u_b_core/core/core/l5/mac/issue/out_window_reg[1977]/CE
-0.061	u_top/u_core/u_b/u_b_core/core/core/l5/mac/mac/tree_stage[6].valid_q_reg[7]/C	u_top/u_core/u_b/u_b_core/core/core/l5/mac/issue/out_window_reg[1978]/CE
-0.061	u_top/u_core/u_b/u_b_core/core/core/l5/mac/mac/tree_stage[6].valid_q_reg[7]/C	u_top/u_core/u_b/u_b_core/core/core/l5/mac/issue/out_window_reg[1979]/CE
-0.061	u_top/u_core/u_b/u_b_core/core/core/shuffle/busy_reg/C	u_top/u_core/u_b/u_b_core/core/core/l5/gk.frontend/win/shift_reg[11][77]/R
-0.061	u_top/u_core/u_b/u_b_core/core/core/shuffle/busy_reg/C	u_top/u_core/u_b/u_b_core/core/core/l5/gk.frontend/win/shift_reg[11][94]/R
-0.061	u_top/u_core/u_b/u_b_core/core/core/l5/mac/issue/out_phase_reg[0]_rep__14/C	u_top/u_core/u_b/u_b_core/core/core/l5/mac/mac/out_lane[0].mult_lane[7].operand_pipe.weight_q_reg[6]/D
-0.061	u_top/u_core/u_b/u_b_core/core/core/shuffle/busy_reg/C	u_top/u_core/u_b/u_b_core/core/core/l5/gk.frontend/win/shift_reg[16][108]/R
-0.061	u_top/u_core/u_b/u_b_core/core/core/shuffle/busy_reg/C	u_top/u_core/u_b/u_b_core/core/core/l5/gk.frontend/win/shift_reg[16][109]/R
-0.061	u_top/u_core/u_b/u_b_core/core/core/shuffle/busy_reg/C	u_top/u_core/u_b/u_b_core/core/core/l5/gk.frontend/win/shift_reg[16][155]/R
-0.061	u_top/u_core/u_b/u_b_core/core/core/shuffle/busy_reg/C	u_top/u_core/u_b/u_b_core/core/core/l5/gk.frontend/win/shift_reg[16][179]/R
-0.061	u_top/u_core/u_b/u_b_core/core/core/shuffle/busy_reg/C	u_top/u_core/u_b/u_b_core/core/core/l5/gk.frontend/win/shift_reg[17][186]/R
-0.061	u_top/u_core/u_b/u_b_core/core/core/shuffle/busy_reg/C	u_top/u_core/u_b/u_b_core/core/core/l5/gk.frontend/win/shift_reg[1][20]/R
-0.061	u_top/u_core/u_b/u_b_core/core/core/shuffle/busy_reg/C	u_top/u_core/u_b/u_b_core/core/core/l5/gk.frontend/win/shift_reg[2][184]/R
-0.061	u_top/u_core/u_ctrl/start_b_reg/C	u_top/u_core/u_in/req_addr_q_reg[10]_rep__1/CE
-0.061	u_top/u_core/u_b/u_b_core/core/core/l5/gk.frontend/win/bank_gen[1].mem_reg_0/CLKARDCLK	u_top/u_core/u_b/u_b_core/core/core/l5/gk.frontend/win/shift_reg[19][2]/D
-0.061	u_top/u_core/u_b/u_b_core/core/core/l5/gk.frontend/win/bank_gen[1].mem_reg_6/CLKARDCLK	u_top/u_core/u_b/u_b_core/core/core/l5/gk.frontend/win/shift_reg[19][237]/D
-0.061	u_top/u_core/u_b/u_b_core/core/core/l5/mac/mac/tree_stage[6].valid_q_reg[7]/C	u_top/u_core/u_b/u_b_core/core/core/l5/mac/issue/out_window_reg[3584]/CE
-0.061	u_top/u_core/u_b/u_b_core/core/core/l5/mac/mac/tree_stage[6].valid_q_reg[7]/C	u_top/u_core/u_b/u_b_core/core/core/l5/mac/issue/out_window_reg[3585]/CE
-0.061	u_top/u_core/u_b/u_b_core/core/core/l5/mac/mac/tree_stage[6].valid_q_reg[7]/C	u_top/u_core/u_b/u_b_core/core/core/l5/mac/issue/out_window_reg[3586]/CE
-0.061	u_top/u_core/u_b/u_b_core/core/core/l5/mac/mac/tree_stage[6].valid_q_reg[7]/C	u_top/u_core/u_b/u_b_core/core/core/l5/mac/issue/out_window_reg[3587]/CE
-0.061	u_top/u_core/u_b/u_b_core/core/core/l5/mac/mac/tree_stage[6].valid_q_reg[7]/C	u_top/u_core/u_b/u_b_core/core/core/l5/mac/issue/out_window_reg[3588]/CE
-0.061	u_top/u_core/u_b/u_b_core/core/core/l5/mac/mac/tree_stage[6].valid_q_reg[7]/C	u_top/u_core/u_b/u_b_core/core/core/l5/mac/issue/out_window_reg[3589]/CE
-0.061	u_top/u_core/u_pp/u_bank1/mem_reg_bram_19/CLKBWRCLK	u_top/u_core/u_pp/u_bank1/rd_data_reg[1]/D
-0.061	u_top/u_core/u_b/u_b_core/core/core/l5/mac/issue/out_phase_reg[0]_rep__0/C	u_top/u_core/u_b/u_b_core/core/core/l5/mac/mac/out_lane[2].mult_lane[28].operand_pipe.act_q_reg[1]/D
-0.060	u_top/u_core/u_b/u_b_core/core/core/l5/gk.frontend/win/bank_gen[2].mem_reg_0/CLKARDCLK	u_top/u_core/u_b/u_b_core/core/core/l5/gk.frontend/win/shift_reg[9][7]/D
-0.060	u_top/u_core/u_b/u_b_core/core/core/l5/gk.frontend/fifo/wr_ptr_reg[1]_rep__5/C	u_top/u_core/u_b/u_b_core/core/core/l5/gk.frontend/fifo/g_wide_read.g_read_slice[5].mem_slice_reg_0_3_36_41/RAMA/WADR1
-0.060	u_top/u_core/u_b/u_b_core/core/core/l5/gk.frontend/fifo/wr_ptr_reg[1]_rep__5/C	u_top/u_core/u_b/u_b_core/core/core/l5/gk.frontend/fifo/g_wide_read.g_read_slice[5].mem_slice_reg_0_3_36_41/RAMA_D1/WADR1
-0.060	u_top/u_core/u_b/u_b_core/core/core/l5/gk.frontend/fifo/wr_ptr_reg[1]_rep__5/C	u_top/u_core/u_b/u_b_core/core/core/l5/gk.frontend/fifo/g_wide_read.g_read_slice[5].mem_slice_reg_0_3_36_41/RAMB/WADR1
-0.060	u_top/u_core/u_b/u_b_core/core/core/l5/gk.frontend/fifo/wr_ptr_reg[1]_rep__5/C	u_top/u_core/u_b/u_b_core/core/core/l5/gk.frontend/fifo/g_wide_read.g_read_slice[5].mem_slice_reg_0_3_36_41/RAMB_D1/WADR1
-0.060	u_top/u_core/u_b/u_b_core/core/core/l5/gk.frontend/fifo/wr_ptr_reg[1]_rep__5/C	u_top/u_core/u_b/u_b_core/core/core/l5/gk.frontend/fifo/g_wide_read.g_read_slice[5].mem_slice_reg_0_3_36_41/RAMC/WADR1
-0.060	u_top/u_core/u_b/u_b_core/core/core/l5/gk.frontend/fifo/wr_ptr_reg[1]_rep__5/C	u_top/u_core/u_b/u_b_core/core/core/l5/gk.frontend/fifo/g_wide_read.g_read_slice[5].mem_slice_reg_0_3_36_41/RAMC_D1/WADR1
-0.060	u_top/u_core/u_b/u_b_core/core/core/l5/gk.frontend/fifo/wr_ptr_reg[1]_rep__5/C	u_top/u_core/u_b/u_b_core/core/core/l5/gk.frontend/fifo/g_wide_read.g_read_slice[5].mem_slice_reg_0_3_36_41/RAMD/ADR1
-0.060	u_top/u_core/u_b/u_b_core/core/core/l5/gk.frontend/fifo/wr_ptr_reg[1]_rep__5/C	u_top/u_core/u_b/u_b_core/core/core/l5/gk.frontend/fifo/g_wide_read.g_read_slice[5].mem_slice_reg_0_3_36_41/RAMD_D1/ADR1
-0.060	u_top/u_core/u_b/u_b_core/core/core/l5/mac/issue/out_phase_reg[0]_rep__2_replica_1/C	u_top/u_core/u_b/u_b_core/core/core/l5/mac/mac/out_lane[1].mult_lane[7].operand_pipe.act_q_reg[5]/D
-0.060	u_top/u_core/u_b/u_b_core/core/core/shuffle/busy_reg/C	u_top/u_core/u_b/u_b_core/core/core/l5/gk.frontend/win/shift_reg[13][188]/R
-0.060	u_top/u_core/u_b/u_b_core/core/core/shuffle/busy_reg/C	u_top/u_core/u_b/u_b_core/core/core/l5/gk.frontend/win/shift_reg[23][164]/R
-0.060	u_top/u_core/u_b/u_b_core/core/core/shuffle/busy_reg/C	u_top/u_core/u_b/u_b_core/core/core/l5/gk.frontend/win/shift_reg[2][199]/R
-0.060	u_top/u_core/u_b/u_b_core/core/core/shuffle/busy_reg/C	u_top/u_core/u_b/u_b_core/core/core/l5/gk.frontend/win/shift_reg[2][229]/R
-0.060	u_top/u_core/u_b/u_b_core/core/core/l5/mac/mac/tree_stage[3].valid_q_reg[4]/C	u_top/u_core/u_b/u_b_core/core/core/l5/mac/mac/tree_stage[3].channel[2].node[1].pair.sums_q_reg[3][2][1][24]/CE
-0.060	u_top/u_core/u_b/u_b_core/core/core/l5/mac/mac/tree_stage[3].valid_q_reg[4]/C	u_top/u_core/u_b/u_b_core/core/core/l5/mac/mac/tree_stage[3].channel[2].node[1].pair.sums_q_reg[3][2][1][25]/CE
-0.060	u_top/u_core/u_b/u_b_core/core/core/l5/mac/mac/tree_stage[3].valid_q_reg[4]/C	u_top/u_core/u_b/u_b_core/core/core/l5/mac/mac/tree_stage[3].channel[2].node[1].pair.sums_q_reg[3][2][1][26]/CE
-0.060	u_top/u_core/u_b/u_b_core/core/core/l5/mac/mac/tree_stage[3].valid_q_reg[4]/C	u_top/u_core/u_b/u_b_core/core/core/l5/mac/mac/tree_stage[3].channel[2].node[1].pair.sums_q_reg[3][2][1][27]/CE
-0.060	u_top/u_core/u_b/u_b_core/core/core/l5/mac/mac/tree_stage[6].valid_q_reg[7]/C	u_top/u_core/u_b/u_b_core/core/core/l5/mac/issue/out_window_reg[3760]/CE
-0.060	u_top/u_core/u_b/u_b_core/core/core/l5/mac/mac/tree_stage[6].valid_q_reg[7]/C	u_top/u_core/u_b/u_b_core/core/core/l5/mac/issue/out_window_reg[3761]/CE
-0.060	u_top/u_core/u_b/u_b_core/core/core/l5/mac/mac/tree_stage[6].valid_q_reg[7]/C	u_top/u_core/u_b/u_b_core/core/core/l5/mac/issue/out_window_reg[3762]/CE
-0.060	u_top/u_core/u_b/u_b_core/core/core/l5/mac/mac/tree_stage[6].valid_q_reg[7]/C	u_top/u_core/u_b/u_b_core/core/core/l5/mac/issue/out_window_reg[3763]/CE
-0.060	u_top/u_core/u_b/u_b_core/core/core/l5/mac/mac/tree_stage[6].valid_q_reg[7]/C	u_top/u_core/u_b/u_b_core/core/core/l5/mac/issue/out_window_reg[3764]/CE
-0.060	u_top/u_core/u_b/u_b_core/core/core/l5/mac/mac/tree_stage[6].valid_q_reg[7]/C	u_top/u_core/u_b/u_b_core/core/core/l5/mac/issue/out_window_reg[3765]/CE
-0.060	u_top/u_core/u_b/u_b_core/core/core/l5/mac/issue/out_phase_reg[1]_rep/C	u_top/u_core/u_b/u_b_core/core/core/l5/mac/mac/out_lane[2].mult_lane[18].operand_pipe.weight_q_reg[4]/D
-0.060	u_top/u_core/u_b/u_b_core/core/core/l5/gk.frontend/win/bank_gen[3].mem_reg_6/CLKARDCLK	u_top/u_core/u_b/u_b_core/core/core/l5/gk.frontend/win/shift_reg[14][216]/D
-0.060	u_top/u_core/u_b/u_b_core/core/core/l5/mac/issue/out_phase_reg[1]_rep__8_replica/C	u_top/u_core/u_b/u_b_core/core/core/l5/mac/mac/out_lane[0].mult_lane[6].operand_pipe.act_q_reg[14]/D
-0.060	u_top/u_core/u_b/u_b_core/core/core/l5/mac/mac/tree_stage[6].valid_q_reg[7]/C	u_top/u_core/u_b/u_b_core/core/core/l5/mac/issue/out_window_reg[3526]/CE
-0.060	u_top/u_core/u_b/u_b_core/core/core/l5/mac/mac/tree_stage[6].valid_q_reg[7]/C	u_top/u_core/u_b/u_b_core/core/core/l5/mac/issue/out_window_reg[3527]/CE
-0.060	u_top/u_core/u_b/u_b_core/core/core/l5/mac/mac/tree_stage[6].valid_q_reg[7]/C	u_top/u_core/u_b/u_b_core/core/core/l5/mac/issue/out_window_reg[3528]/CE
-0.060	u_top/u_core/u_b/u_b_core/core/core/l5/mac/mac/tree_stage[6].valid_q_reg[7]/C	u_top/u_core/u_b/u_b_core/core/core/l5/mac/issue/out_window_reg[3529]/CE
-0.060	u_top/u_core/u_b/u_b_core/core/core/l5/mac/mac/tree_stage[6].valid_q_reg[7]/C	u_top/u_core/u_b/u_b_core/core/core/l5/mac/issue/out_window_reg[3530]/CE
-0.060	u_top/u_core/u_b/u_b_core/core/core/l5/mac/mac/tree_stage[6].valid_q_reg[7]/C	u_top/u_core/u_b/u_b_core/core/core/l5/mac/issue/out_window_reg[3531]/CE
-0.060	u_top/u_core/u_b/u_b_core/core/core/shuffle/busy_reg/C	u_top/u_core/u_b/u_b_core/core/core/l5/gk.frontend/win/shift_reg[15][9]/R
-0.060	u_top/u_core/u_b/u_b_core/core/core/shuffle/busy_reg/C	u_top/u_core/u_b/u_b_core/core/core/l5/gk.frontend/win/shift_reg[20][91]/R
-0.060	u_top/u_core/u_b/u_b_core/core/core/l5/mac/issue/out_phase_reg[2]_rep__7/C	u_top/u_core/u_b/u_b_core/core/core/l5/mac/mac/out_lane[2].mult_lane[38].operand_pipe.act_q_reg[13]/D
-0.060	u_top/u_core/u_b/u_b_core/core/core/l5/mac/issue/out_phase_reg[2]_rep/C	u_top/u_core/u_b/u_b_core/core/core/l5/mac/mac/out_lane[0].mult_lane[7].operand_pipe.weight_q_reg[4]/D
-0.060	u_top/u_core/u_b/u_b_core/core/core/l5/mac/issue/out_phase_reg[2]_rep/C	u_top/u_core/u_b/u_b_core/core/core/l5/mac/mac/out_lane[2].mult_lane[6].operand_pipe.weight_q_reg[3]/D
-0.059	u_top/u_core/u_b/u_b_core/core/core/shuffle/busy_reg/C	u_top/u_core/u_b/u_b_core/core/core/l5/gk.frontend/win/shift_reg[16][125]/R
-0.059	u_top/u_core/u_b/u_b_core/core/core/shuffle/busy_reg/C	u_top/u_core/u_b/u_b_core/core/core/l5/gk.frontend/win/shift_reg[16][252]/R
-0.059	u_top/u_core/u_b/u_b_core/core/core/shuffle/busy_reg/C	u_top/u_core/u_b/u_b_core/core/core/l5/gk.frontend/win/shift_reg[16][62]/R
-0.059	u_top/u_core/u_b/u_b_core/core/core/shuffle/busy_reg/C	u_top/u_core/u_b/u_b_core/core/core/l5/gk.frontend/win/shift_reg[16][94]/R
-0.059	u_top/u_core/u_b/u_b_core/core/core/shuffle/busy_reg/C	u_top/u_core/u_b/u_b_core/core/core/l5/gk.frontend/win/shift_reg[1][180]/R
-0.059	u_top/u_core/u_b/u_b_core/core/core/shuffle/busy_reg/C	u_top/u_core/u_b/u_b_core/core/core/l5/gk.frontend/win/shift_reg[21][16]/R
-0.059	u_top/u_core/u_b/u_b_core/core/core/l5/mac/mac/tree_stage[6].valid_q_reg[7]/C	u_top/u_core/u_b/u_b_core/core/core/l5/mac/mac/out_lane[0].mult_lane[34].operand_pipe.act_q_reg[15]/CE
-0.059	u_top/u_core/u_b/u_b_core/core/core/l5/mac/mac/tree_stage[6].valid_q_reg[7]/C	u_top/u_core/u_b/u_b_core/core/core/l5/mac/mac/out_lane[0].mult_lane[40].operand_pipe.weight_q_reg[4]/CE
-0.059	u_top/u_core/u_b/u_b_core/core/core/l5/mac/mac/tree_stage[6].valid_q_reg[7]/C	u_top/u_core/u_b/u_b_core/core/core/l5/mac/mac/out_lane[0].mult_lane[40].operand_pipe.weight_q_reg[5]/CE
-0.059	u_top/u_core/u_b/u_b_core/core/core/l5/mac/mac/tree_stage[6].valid_q_reg[7]/C	u_top/u_core/u_b/u_b_core/core/core/l5/mac/mac/out_lane[0].mult_lane[40].operand_pipe.weight_q_reg[6]/CE
-0.059	u_top/u_core/u_b/u_b_core/core/core/l5/mac/mac/tree_stage[6].valid_q_reg[7]/C	u_top/u_core/u_b/u_b_core/core/core/l5/mac/mac/out_lane[0].mult_lane[40].operand_pipe.weight_q_reg[7]/CE
-0.059	u_top/u_core/u_b/u_b_core/core/core/l5/mac/mac/tree_stage[6].valid_q_reg[7]/C	u_top/u_core/u_b/u_b_core/core/core/l5/mac/mac/out_lane[0].mult_lane[43].operand_pipe.act_q_reg[15]/CE
-0.059	u_top/u_core/u_b/u_b_core/core/core/l5/mac/mac/tree_stage[6].valid_q_reg[7]/C	u_top/u_core/u_b/u_b_core/core/core/l5/mac/mac/out_lane[0].mult_lane[43].operand_pipe.act_q_reg[5]/CE
-0.059	u_top/u_core/u_b/u_b_core/core/core/l5/mac/mac/tree_stage[6].valid_q_reg[7]/C	u_top/u_core/u_b/u_b_core/core/core/l5/mac/mac/out_lane[1].mult_lane[43].operand_pipe.weight_q_reg[4]/CE
-0.059	u_top/u_core/u_b/u_b_core/core/core/l5/mac/issue/out_phase_reg[2]_rep__3/C	u_top/u_core/u_b/u_b_core/core/core/l5/mac/mac/out_lane[1].mult_lane[17].operand_pipe.act_q_reg[13]/D
-0.059	u_top/u_core/u_b/u_b_core/core/core/l5/gk.frontend/fifo/wr_ptr_reg[0]/C	u_top/u_core/u_b/u_b_core/core/core/l5/gk.frontend/fifo/g_wide_read.g_read_slice[89].mem_slice_reg_0_3_54_59/RAMA/WADR0
-0.059	u_top/u_core/u_b/u_b_core/core/core/l5/gk.frontend/fifo/wr_ptr_reg[0]/C	u_top/u_core/u_b/u_b_core/core/core/l5/gk.frontend/fifo/g_wide_read.g_read_slice[89].mem_slice_reg_0_3_54_59/RAMA_D1/WADR0
-0.059	u_top/u_core/u_b/u_b_core/core/core/l5/gk.frontend/fifo/wr_ptr_reg[0]/C	u_top/u_core/u_b/u_b_core/core/core/l5/gk.frontend/fifo/g_wide_read.g_read_slice[89].mem_slice_reg_0_3_54_59/RAMB/WADR0
-0.059	u_top/u_core/u_b/u_b_core/core/core/l5/gk.frontend/fifo/wr_ptr_reg[0]/C	u_top/u_core/u_b/u_b_core/core/core/l5/gk.frontend/fifo/g_wide_read.g_read_slice[89].mem_slice_reg_0_3_54_59/RAMB_D1/WADR0
-0.059	u_top/u_core/u_b/u_b_core/core/core/l5/gk.frontend/fifo/wr_ptr_reg[0]/C	u_top/u_core/u_b/u_b_core/core/core/l5/gk.frontend/fifo/g_wide_read.g_read_slice[89].mem_slice_reg_0_3_54_59/RAMC/WADR0
-0.059	u_top/u_core/u_b/u_b_core/core/core/l5/gk.frontend/fifo/wr_ptr_reg[0]/C	u_top/u_core/u_b/u_b_core/core/core/l5/gk.frontend/fifo/g_wide_read.g_read_slice[89].mem_slice_reg_0_3_54_59/RAMC_D1/WADR0
-0.059	u_top/u_core/u_b/u_b_core/core/core/l5/gk.frontend/fifo/wr_ptr_reg[0]/C	u_top/u_core/u_b/u_b_core/core/core/l5/gk.frontend/fifo/g_wide_read.g_read_slice[89].mem_slice_reg_0_3_54_59/RAMD/ADR0
-0.059	u_top/u_core/u_b/u_b_core/core/core/l5/gk.frontend/fifo/wr_ptr_reg[0]/C	u_top/u_core/u_b/u_b_core/core/core/l5/gk.frontend/fifo/g_wide_read.g_read_slice[89].mem_slice_reg_0_3_54_59/RAMD_D1/ADR0
-0.059	u_top/u_core/u_b/u_b_core/core/core/l5/gk.frontend/fifo/count_reg[1]/C	u_top/u_core/u_b/u_b_core/core/core/l4/post/occupied_reg[0]/D
-0.058	u_top/u_core/u_b/u_b_core/core/core/l5/mac/mac/out_lane[2].mult_lane[13].operand_pipe.act_q_reg[5]/C	u_top/u_core/u_b/u_b_core/core/core/l5/mac/mac/out_lane[2].mult_lane[13].operand_pipe.sums_q_reg[0][2][13]/A[5]
-0.058	u_top/u_core/u_b/u_b_core/core/core/l5/mac/issue/out_phase_reg[0]/C	u_top/u_core/u_b/u_b_core/core/core/l5/mac/mac/out_lane[3].mult_lane[22].operand_pipe.weight_q_reg[7]/D
-0.058	u_top/u_core/u_b/u_b_core/core/core/l5/mac/issue/out_phase_reg[1]_rep__1/C	u_top/u_core/u_b/u_b_core/core/core/l5/mac/mac/out_lane[1].mult_lane[18].operand_pipe.act_q_reg[11]/D
-0.058	u_top/u_core/u_pp/u_bank0/mem_reg_bram_19/CLKBWRCLK	u_top/u_core/u_pp/u_bank0/rd_data_reg[4]/D
-0.058	u_top/u_core/u_b/u_b_core/core/core/l5/mac/mac/tree_stage[6].valid_q_reg[7]/C	u_top/u_core/u_b/u_b_core/core/core/l5/mac/mac/out_lane[1].mult_lane[21].operand_pipe.act_q_reg[10]/CE
-0.058	u_top/u_core/u_b/u_b_core/core/core/shuffle/busy_reg/C	u_top/u_core/u_b/u_b_core/core/core/l5/gk.frontend/win/shift_reg[18][167]/R
-0.058	u_top/u_core/u_b/u_b_core/core/core/shuffle/busy_reg/C	u_top/u_core/u_b/u_b_core/core/core/l5/gk.frontend/win/shift_reg[18][28]/R
-0.058	u_top/u_core/u_b/u_b_core/core/core/shuffle/busy_reg/C	u_top/u_core/u_b/u_b_core/core/core/l5/gk.frontend/win/shift_reg[1][207]/R
-0.058	u_top/u_core/u_b/u_b_core/core/core/shuffle/busy_reg/C	u_top/u_core/u_b/u_b_core/core/core/l5/gk.frontend/win/shift_reg[1][235]/R
-0.058	u_top/u_core/u_b/u_b_core/core/core/shuffle/busy_reg/C	u_top/u_core/u_b/u_b_core/core/core/l5/gk.frontend/win/shift_reg[1][237]/R
-0.058	u_top/u_core/u_b/u_b_core/core/core/shuffle/busy_reg/C	u_top/u_core/u_b/u_b_core/core/core/l5/gk.frontend/win/shift_reg[2][112]/R
-0.058	u_top/u_core/u_b/u_b_core/core/core/shuffle/busy_reg/C	u_top/u_core/u_b/u_b_core/core/core/l5/gk.frontend/win/shift_reg[5][197]/R
-0.058	u_top/u_core/u_b/u_b_core/core/core/shuffle/busy_reg/C	u_top/u_core/u_b/u_b_core/core/core/l5/gk.frontend/win/shift_reg[5][97]/R
-0.058	u_top/u_core/u_b/u_b_core/core/core/l5/mac/issue/out_phase_reg[1]_rep__1/C	u_top/u_core/u_b/u_b_core/core/core/l5/mac/mac/out_lane[1].mult_lane[25].operand_pipe.act_q_reg[14]/D
-0.058	u_top/u_core/u_b/u_b_core/core/core/f45/g_narrow_read.rd_ptr_local_reg[1]/C	u_top/u_core/u_b/u_b_core/core/core/l5/gk.frontend/win/bank_gen[0].mem_reg_2/DIADI[26]
-0.058	u_top/u_core/u_b/u_b_core/core/core/l5/mac/issue/out_phase_reg[2]_rep/C	u_top/u_core/u_b/u_b_core/core/core/l5/mac/mac/out_lane[0].mult_lane[2].operand_pipe.weight_q_reg[5]/D
-0.058	u_top/u_core/u_b/u_b_core/core/core/l5/mac/issue/out_window_reg[1895]/C	u_top/u_core/u_b/u_b_core/core/core/l5/mac/mac/out_lane[1].mult_lane[7].operand_pipe.act_q_reg[7]/D
-0.057	u_top/u_core/u_b/u_b_core/core/core/shuffle/busy_reg/C	u_top/u_core/u_b/u_b_core/core/core/l5/gk.frontend/win/shift_reg[18][242]/R
-0.057	u_top/u_core/u_b/u_b_core/core/core/shuffle/busy_reg/C	u_top/u_core/u_b/u_b_core/core/core/l5/gk.frontend/win/shift_reg[10][243]/R
-0.057	u_top/u_core/u_b/u_b_core/core/core/shuffle/busy_reg/C	u_top/u_core/u_b/u_b_core/core/core/l5/gk.frontend/win/shift_reg[20][158]/R
-0.057	u_top/u_core/u_b/u_b_core/core/core/l5/mac/mac/tree_stage[6].valid_q_reg[7]/C	u_top/u_core/u_b/u_b_core/core/core/l5/mac/issue/out_window_reg[1798]/CE
-0.057	u_top/u_core/u_b/u_b_core/core/core/l5/mac/mac/tree_stage[6].valid_q_reg[7]/C	u_top/u_core/u_b/u_b_core/core/core/l5/mac/issue/out_window_reg[1799]/CE
-0.057	u_top/u_core/u_b/u_b_core/core/core/l5/mac/mac/tree_stage[6].valid_q_reg[7]/C	u_top/u_core/u_b/u_b_core/core/core/l5/mac/issue/out_window_reg[1800]/CE
-0.057	u_top/u_core/u_b/u_b_core/core/core/l5/mac/mac/tree_stage[6].valid_q_reg[7]/C	u_top/u_core/u_b/u_b_core/core/core/l5/mac/issue/out_window_reg[1801]/CE
-0.057	u_top/u_core/u_b/u_b_core/core/core/l5/mac/mac/tree_stage[6].valid_q_reg[7]/C	u_top/u_core/u_b/u_b_core/core/core/l5/mac/issue/out_window_reg[1802]/CE
-0.057	u_top/u_core/u_b/u_b_core/core/core/l5/mac/mac/tree_stage[6].valid_q_reg[7]/C	u_top/u_core/u_b/u_b_core/core/core/l5/mac/issue/out_window_reg[1803]/CE
-0.057	u_top/u_core/u_b/u_b_core/core/core/l5/mac/mac/tree_stage[6].valid_q_reg[7]/C	u_top/u_core/u_b/u_b_core/core/core/l5/mac/issue/out_window_reg[1350]/CE
-0.057	u_top/u_core/u_b/u_b_core/core/core/l5/mac/mac/tree_stage[6].valid_q_reg[7]/C	u_top/u_core/u_b/u_b_core/core/core/l5/mac/issue/out_window_reg[1351]/CE
-0.057	u_top/u_core/u_b/u_b_core/core/core/l5/mac/mac/tree_stage[6].valid_q_reg[7]/C	u_top/u_core/u_b/u_b_core/core/core/l5/mac/issue/out_window_reg[1352]/CE
-0.057	u_top/u_core/u_b/u_b_core/core/core/l5/mac/mac/tree_stage[6].valid_q_reg[7]/C	u_top/u_core/u_b/u_b_core/core/core/l5/mac/issue/out_window_reg[1353]/CE
-0.057	u_top/u_core/u_b/u_b_core/core/core/l5/mac/mac/tree_stage[6].valid_q_reg[7]/C	u_top/u_core/u_b/u_b_core/core/core/l5/mac/issue/out_window_reg[1354]/CE
-0.057	u_top/u_core/u_b/u_b_core/core/core/l5/mac/mac/tree_stage[6].valid_q_reg[7]/C	u_top/u_core/u_b/u_b_core/core/core/l5/mac/issue/out_window_reg[1355]/CE
-0.057	u_top/u_core/u_b/u_b_core/core/core/l5/mac/issue/out_phase_reg[0]_rep__10/C	u_top/u_core/u_b/u_b_core/core/core/l5/mac/mac/out_lane[3].mult_lane[46].operand_pipe.act_q_reg[2]/D
-0.057	u_top/u_core/u_b/u_b_core/core/core/l5/mac/mac/tree_stage[6].valid_q_reg[7]/C	u_top/u_core/u_b/u_b_core/core/core/l5/mac/issue/out_window_reg[3126]/CE
-0.057	u_top/u_core/u_b/u_b_core/core/core/l5/mac/mac/tree_stage[6].valid_q_reg[7]/C	u_top/u_core/u_b/u_b_core/core/core/l5/mac/issue/out_window_reg[3127]/CE
-0.057	u_top/u_core/u_b/u_b_core/core/core/l5/mac/mac/tree_stage[6].valid_q_reg[7]/C	u_top/u_core/u_b/u_b_core/core/core/l5/mac/issue/out_window_reg[3128]/CE
-0.057	u_top/u_core/u_b/u_b_core/core/core/l5/mac/mac/tree_stage[6].valid_q_reg[7]/C	u_top/u_core/u_b/u_b_core/core/core/l5/mac/issue/out_window_reg[3129]/CE
-0.057	u_top/u_core/u_b/u_b_core/core/core/l5/mac/mac/tree_stage[6].valid_q_reg[7]/C	u_top/u_core/u_b/u_b_core/core/core/l5/mac/issue/out_window_reg[3130]/CE
-0.057	u_top/u_core/u_b/u_b_core/core/core/l5/mac/mac/tree_stage[6].valid_q_reg[7]/C	u_top/u_core/u_b/u_b_core/core/core/l5/mac/issue/out_window_reg[3131]/CE
-0.057	u_top/u_core/u_b/u_b_core/core/core/l5/gk.frontend/pad/interior_x_reg/C	u_top/u_core/u_b/u_b_core/core/core/l5/gk.frontend/win/bank_gen[1].mem_reg_5/DIADI[26]
-0.057	u_top/u_core/u_b/u_b_core/core/core/shuffle/busy_reg/C	u_top/u_core/u_b/u_b_core/core/core/l5/gk.frontend/win/shift_reg[12][107]/R
-0.057	u_top/u_core/u_b/u_b_core/core/core/shuffle/busy_reg/C	u_top/u_core/u_b/u_b_core/core/core/l5/gk.frontend/win/shift_reg[12][115]/R
-0.057	u_top/u_core/u_b/u_b_core/core/core/shuffle/busy_reg/C	u_top/u_core/u_b/u_b_core/core/core/l5/gk.frontend/win/shift_reg[12][154]/R
-0.057	u_top/u_core/u_b/u_b_core/core/core/shuffle/busy_reg/C	u_top/u_core/u_b/u_b_core/core/core/l5/gk.frontend/win/shift_reg[12][157]/R
-0.057	u_top/u_core/u_b/u_b_core/core/core/shuffle/busy_reg/C	u_top/u_core/u_b/u_b_core/core/core/l5/gk.frontend/win/shift_reg[12][177]/R
-0.057	u_top/u_core/u_b/u_b_core/core/core/shuffle/busy_reg/C	u_top/u_core/u_b/u_b_core/core/core/l5/gk.frontend/win/shift_reg[12][237]/R
-0.057	u_top/u_core/u_b/u_b_core/core/core/shuffle/busy_reg/C	u_top/u_core/u_b/u_b_core/core/core/l5/gk.frontend/win/shift_reg[12][38]/R
-0.057	u_top/u_core/u_b/u_b_core/core/core/shuffle/busy_reg/C	u_top/u_core/u_b/u_b_core/core/core/l5/gk.frontend/win/shift_reg[22][152]/R
-0.057	u_top/u_core/u_b/u_b_core/core/core/shuffle/busy_reg/C	u_top/u_core/u_b/u_b_core/core/core/l5/gk.frontend/win/shift_reg[22][153]/R
-0.057	u_top/u_core/u_b/u_b_core/core/core/shuffle/busy_reg/C	u_top/u_core/u_b/u_b_core/core/core/l5/gk.frontend/win/shift_reg[22][178]/R
-0.057	u_top/u_core/u_b/u_b_core/core/core/shuffle/busy_reg/C	u_top/u_core/u_b/u_b_core/core/core/l5/gk.frontend/win/shift_reg[23][176]/R
-0.057	u_top/u_core/u_b/u_b_core/core/core/shuffle/busy_reg/C	u_top/u_core/u_b/u_b_core/core/core/l5/gk.frontend/win/shift_reg[23][177]/R
-0.057	u_top/u_core/u_b/u_b_core/core/core/shuffle/busy_reg/C	u_top/u_core/u_b/u_b_core/core/core/l5/gk.frontend/win/shift_reg[23][214]/R
-0.057	u_top/u_core/u_b/u_b_core/core/core/l5/mac/issue/out_phase_reg[2]_rep__1/C	u_top/u_core/u_b/u_b_core/core/core/l5/mac/mac/out_lane[3].mult_lane[47].operand_pipe.weight_q_reg[4]/R
-0.057	u_top/u_core/u_b/u_b_core/core/core/l5/mac/issue/out_phase_reg[2]_rep__1/C	u_top/u_core/u_b/u_b_core/core/core/l5/mac/mac/out_lane[3].mult_lane[47].operand_pipe.weight_q_reg[5]/R
-0.057	u_top/u_core/u_b/u_b_core/core/core/l5/mac/issue/out_phase_reg[2]_rep__1/C	u_top/u_core/u_b/u_b_core/core/core/l5/mac/mac/out_lane[3].mult_lane[47].operand_pipe.weight_q_reg[6]/R
-0.057	u_top/u_core/u_b/u_b_core/core/core/l5/mac/issue/out_phase_reg[2]_rep__1/C	u_top/u_core/u_b/u_b_core/core/core/l5/mac/mac/out_lane[3].mult_lane[47].operand_pipe.weight_q_reg[7]/R
-0.057	u_top/u_core/u_b/u_b_core/core/core/l5/mac/mac/tree_stage[3].valid_q_reg[4]/C	u_top/u_core/u_b/u_b_core/core/core/l5/mac/mac/tree_stage[3].channel[3].node[1].pair.sums_q_reg[3][3][1][4]/CE
-0.057	u_top/u_core/u_b/u_b_core/core/core/l5/mac/mac/tree_stage[3].valid_q_reg[4]/C	u_top/u_core/u_b/u_b_core/core/core/l5/mac/mac/tree_stage[3].channel[3].node[1].pair.sums_q_reg[3][3][1][5]/CE
-0.057	u_top/u_core/u_b/u_b_core/core/core/l5/mac/mac/tree_stage[3].valid_q_reg[4]/C	u_top/u_core/u_b/u_b_core/core/core/l5/mac/mac/tree_stage[3].channel[3].node[1].pair.sums_q_reg[3][3][1][6]/CE
-0.057	u_top/u_core/u_b/u_b_core/core/core/l5/mac/mac/tree_stage[3].valid_q_reg[4]/C	u_top/u_core/u_b/u_b_core/core/core/l5/mac/mac/tree_stage[3].channel[3].node[1].pair.sums_q_reg[3][3][1][7]/CE
-0.057	u_top/u_core/u_b/u_b_core/core/core/l5/mac/issue/out_phase_reg[2]_rep__3/C	u_top/u_core/u_b/u_b_core/core/core/l5/mac/mac/out_lane[2].mult_lane[16].operand_pipe.act_q_reg[10]/D
-0.057	u_top/u_core/u_b/u_b_core/core/core/l5/mac/mac/tree_stage[6].valid_q_reg[7]/C	u_top/u_core/u_b/u_b_core/core/core/l5/mac/mac/out_lane[2].mult_lane[39].operand_pipe.act_q_reg[8]/CE
-0.057	u_top/u_core/u_b/u_b_core/core/core/l5/mac/mac/tree_stage[6].valid_q_reg[7]/C	u_top/u_core/u_b/u_b_core/core/core/l5/mac/mac/out_lane[3].mult_lane[35].operand_pipe.act_q_reg[1]/CE
-0.056	u_top/u_core/u_b/u_b_core/core/core/shuffle/busy_reg/C	u_top/u_core/u_b/u_b_core/core/core/l5/gk.frontend/win/shift_reg[23][133]/R
-0.056	u_top/u_core/u_b/u_b_core/core/core/shuffle/busy_reg/C	u_top/u_core/u_b/u_b_core/core/core/l5/gk.frontend/win/shift_reg[23][182]/R
-0.056	u_top/u_core/u_b/u_b_core/core/core/l5/mac/issue/out_phase_reg[0]_rep__14/C	u_top/u_core/u_b/u_b_core/core/core/l5/mac/mac/out_lane[2].mult_lane[29].operand_pipe.weight_q_reg[6]/D
-0.056	u_top/u_core/u_b/u_b_core/core/core/l5/mac/issue/out_window_reg[5483]/C	u_top/u_core/u_b/u_b_core/core/core/l5/mac/mac/out_lane[3].mult_lane[21].operand_pipe.act_q_reg[11]/D
-0.056	u_top/u_core/u_b/u_b_core/core/core/l5/mac/mac/tree_stage[6].valid_q_reg[7]/C	u_top/u_core/u_b/u_b_core/core/core/l5/mac/issue/out_window_reg[2450]/CE
-0.056	u_top/u_core/u_b/u_b_core/core/core/l5/mac/mac/tree_stage[6].valid_q_reg[7]/C	u_top/u_core/u_b/u_b_core/core/core/l5/mac/issue/out_window_reg[2451]/CE
-0.056	u_top/u_core/u_b/u_b_core/core/core/l5/mac/mac/tree_stage[6].valid_q_reg[7]/C	u_top/u_core/u_b/u_b_core/core/core/l5/mac/issue/out_window_reg[2452]/CE
-0.056	u_top/u_core/u_b/u_b_core/core/core/l5/mac/mac/tree_stage[6].valid_q_reg[7]/C	u_top/u_core/u_b/u_b_core/core/core/l5/mac/issue/out_window_reg[2453]/CE
-0.056	u_top/u_core/u_b/u_b_core/core/core/l5/mac/mac/tree_stage[6].valid_q_reg[7]/C	u_top/u_core/u_b/u_b_core/core/core/l5/mac/issue/out_window_reg[2454]/CE
-0.056	u_top/u_core/u_b/u_b_core/core/core/l5/mac/mac/tree_stage[6].valid_q_reg[7]/C	u_top/u_core/u_b/u_b_core/core/core/l5/mac/issue/out_window_reg[2455]/CE
-0.056	u_top/u_core/u_b/u_b_core/core/core/l5/gk.frontend/win/bank_gen[2].mem_reg_0/CLKARDCLK	u_top/u_core/u_b/u_b_core/core/core/l5/gk.frontend/win/shift_reg[19][7]/D
-0.056	u_top/u_core/u_b/u_b_core/core/core/f45/g_narrow_read.rd_ptr_local_reg[3]/C	u_top/u_core/u_b/u_b_core/core/core/l5/gk.frontend/win/bank_gen[0].mem_reg_3/DIPADIP[3]
-0.056	u_top/u_core/u_b/u_b_core/core/core/l5/mac/mac/tree_stage[6].valid_q_reg[7]/C	u_top/u_core/u_b/u_b_core/core/core/l5/mac/issue/out_window_reg[3748]/CE
-0.056	u_top/u_core/u_b/u_b_core/core/core/l5/mac/mac/tree_stage[6].valid_q_reg[7]/C	u_top/u_core/u_b/u_b_core/core/core/l5/mac/issue/out_window_reg[3749]/CE
-0.056	u_top/u_core/u_b/u_b_core/core/core/l5/mac/mac/tree_stage[6].valid_q_reg[7]/C	u_top/u_core/u_b/u_b_core/core/core/l5/mac/issue/out_window_reg[3750]/CE
-0.056	u_top/u_core/u_b/u_b_core/core/core/l5/mac/mac/tree_stage[6].valid_q_reg[7]/C	u_top/u_core/u_b/u_b_core/core/core/l5/mac/issue/out_window_reg[3751]/CE
-0.056	u_top/u_core/u_b/u_b_core/core/core/l5/mac/mac/tree_stage[6].valid_q_reg[7]/C	u_top/u_core/u_b/u_b_core/core/core/l5/mac/issue/out_window_reg[3752]/CE
-0.056	u_top/u_core/u_b/u_b_core/core/core/l5/mac/mac/tree_stage[6].valid_q_reg[7]/C	u_top/u_core/u_b/u_b_core/core/core/l5/mac/issue/out_window_reg[3753]/CE
-0.056	u_top/u_core/u_b/u_b_core/core/core/l5/mac/issue/out_phase_reg[2]_rep__5/C	u_top/u_core/u_b/u_b_core/core/core/l5/mac/mac/out_lane[2].mult_lane[13].operand_pipe.weight_q_reg[1]/D
-0.056	u_top/u_core/u_b/u_b_core/core/core/l4/post/meta_group_reg[8][2]/C	u_top/u_core/u_b/u_b_core/core/core/l4/post/output_slot_reg[1][204]/D
-0.055	u_top/u_core/u_b/u_b_core/core/core/f45/g_narrow_read.rd_ptr_local_reg[3]/C	u_top/u_core/u_b/u_b_core/core/core/l5/gk.frontend/win/bank_gen[0].mem_reg_3/DIADI[10]
-0.055	u_top/u_core/u_b/u_b_core/core/core/l5/mac/issue/out_phase_reg[2]_rep__3/C	u_top/u_core/u_b/u_b_core/core/core/l5/mac/mac/out_lane[2].mult_lane[25].operand_pipe.act_q_reg[6]/D
-0.055	u_top/u_core/u_b/u_b_core/core/core/f45/g_narrow_read.rd_ptr_local_reg[1]/C	u_top/u_core/u_b/u_b_core/core/core/l5/gk.frontend/win/bank_gen[3].mem_reg_2/DIADI[26]
-0.055	u_top/u_core/u_b/u_b_core/core/core/l5/mac/issue/out_window_reg[1334]/C	u_top/u_core/u_b/u_b_core/core/core/l5/mac/mac/out_lane[1].mult_lane[30].operand_pipe.act_q_reg[6]/D
-0.055	u_top/u_core/u_b/u_b_core/core/core/l5/mac/mac/tree_stage[6].valid_q_reg[7]/C	u_top/u_core/u_b/u_b_core/core/core/l5/mac/issue/out_window_reg[3160]/CE
-0.055	u_top/u_core/u_b/u_b_core/core/core/l5/mac/mac/tree_stage[6].valid_q_reg[7]/C	u_top/u_core/u_b/u_b_core/core/core/l5/mac/issue/out_window_reg[3161]/CE
-0.055	u_top/u_core/u_b/u_b_core/core/core/l5/mac/mac/tree_stage[6].valid_q_reg[7]/C	u_top/u_core/u_b/u_b_core/core/core/l5/mac/issue/out_window_reg[3162]/CE
-0.055	u_top/u_core/u_b/u_b_core/core/core/l5/mac/mac/tree_stage[6].valid_q_reg[7]/C	u_top/u_core/u_b/u_b_core/core/core/l5/mac/issue/out_window_reg[3163]/CE
-0.055	u_top/u_core/u_b/u_b_core/core/core/l5/mac/mac/tree_stage[6].valid_q_reg[7]/C	u_top/u_core/u_b/u_b_core/core/core/l5/mac/issue/out_window_reg[3164]/CE
-0.055	u_top/u_core/u_b/u_b_core/core/core/l5/mac/mac/tree_stage[6].valid_q_reg[7]/C	u_top/u_core/u_b/u_b_core/core/core/l5/mac/issue/out_window_reg[3165]/CE
-0.055	u_top/u_core/u_pp/u_bank0/mem_reg_bram_1/CLKBWRCLK	u_top/u_core/u_pp/u_bank0/rd_data_reg[3]/D
-0.055	u_top/u_core/u_b/u_b_core/core/core/l5/gk.frontend/fifo/count_reg[1]/C	u_top/u_core/u_b/u_b_core/core/core/f45/g_narrow_read.mem_reg_0_31_72_77/RAMA/WE
-0.055	u_top/u_core/u_b/u_b_core/core/core/l5/gk.frontend/fifo/count_reg[1]/C	u_top/u_core/u_b/u_b_core/core/core/f45/g_narrow_read.mem_reg_0_31_72_77/RAMA_D1/WE
-0.055	u_top/u_core/u_b/u_b_core/core/core/l5/gk.frontend/fifo/count_reg[1]/C	u_top/u_core/u_b/u_b_core/core/core/f45/g_narrow_read.mem_reg_0_31_72_77/RAMB/WE
-0.055	u_top/u_core/u_b/u_b_core/core/core/l5/gk.frontend/fifo/count_reg[1]/C	u_top/u_core/u_b/u_b_core/core/core/f45/g_narrow_read.mem_reg_0_31_72_77/RAMB_D1/WE
-0.055	u_top/u_core/u_b/u_b_core/core/core/l5/gk.frontend/fifo/count_reg[1]/C	u_top/u_core/u_b/u_b_core/core/core/f45/g_narrow_read.mem_reg_0_31_72_77/RAMC/WE
-0.055	u_top/u_core/u_b/u_b_core/core/core/l5/gk.frontend/fifo/count_reg[1]/C	u_top/u_core/u_b/u_b_core/core/core/f45/g_narrow_read.mem_reg_0_31_72_77/RAMC_D1/WE
-0.055	u_top/u_core/u_b/u_b_core/core/core/l5/gk.frontend/fifo/count_reg[1]/C	u_top/u_core/u_b/u_b_core/core/core/f45/g_narrow_read.mem_reg_0_31_72_77/RAMD/WE
-0.055	u_top/u_core/u_b/u_b_core/core/core/l5/gk.frontend/fifo/count_reg[1]/C	u_top/u_core/u_b/u_b_core/core/core/f45/g_narrow_read.mem_reg_0_31_72_77/RAMD_D1/WE
-0.055	u_top/u_core/u_b/u_b_core/core/core/l5/mac/issue/out_phase_reg[1]_rep__12/C	u_top/u_core/u_b/u_b_core/core/core/l5/mac/mac/out_lane[2].mult_lane[46].operand_pipe.act_q_reg[14]/D
-0.055	u_top/u_core/u_b/u_b_core/core/core/l5/mac/issue/out_phase_reg[1]_rep__12/C	u_top/u_core/u_b/u_b_core/core/core/l5/mac/mac/out_lane[3].mult_lane[46].operand_pipe.act_q_reg[11]/D
-0.055	u_top/u_core/u_b/u_b_core/core/core/l5/mac/issue/out_phase_reg[1]_rep__16/C	u_top/u_core/u_b/u_b_core/core/core/l5/mac/mac/out_lane[3].mult_lane[48].operand_pipe.weight_q_reg[6]/D
-0.055	u_top/u_core/u_ctrl/start_b_reg/C	u_top/u_core/u_in/req_addr_q_reg[5]_rep__0/CE
-0.055	u_top/u_core/u_ctrl/start_b_reg/C	u_top/u_core/u_in/req_addr_q_reg[5]_rep__1/CE
-0.055	u_top/u_core/u_ctrl/start_b_reg/C	u_top/u_core/u_in/req_addr_q_reg[5]_rep__2/CE
-0.055	u_top/u_core/u_ctrl/start_b_reg/C	u_top/u_core/u_in/req_addr_q_reg[5]_rep__5/CE
-0.055	u_top/u_core/u_ctrl/start_b_reg/C	u_top/u_core/u_in/req_addr_q_reg[7]_rep__3/CE
-0.055	u_top/u_core/u_ctrl/start_b_reg/C	u_top/u_core/u_in/req_addr_q_reg[8]_rep__11/CE
-0.055	u_top/u_core/u_ctrl/start_b_reg/C	u_top/u_core/u_in/req_addr_q_reg[8]_rep__3/CE
-0.055	u_top/u_core/u_b/u_b_core/core/core/shuffle/busy_reg/C	u_top/u_core/u_b/u_b_core/core/core/l5/gk.frontend/win/shift_reg[16][141]/R
-0.055	u_top/u_core/u_b/u_b_core/core/core/shuffle/busy_reg/C	u_top/u_core/u_b/u_b_core/core/core/l5/gk.frontend/win/shift_reg[16][242]/R
-0.055	u_top/u_core/u_b/u_b_core/core/core/shuffle/busy_reg/C	u_top/u_core/u_b/u_b_core/core/core/l5/gk.frontend/win/shift_reg[16][92]/R
-0.055	u_top/u_core/u_b/u_b_core/core/core/shuffle/busy_reg/C	u_top/u_core/u_b/u_b_core/core/core/l5/gk.frontend/win/shift_reg[17][0]/R
-0.055	u_top/u_core/u_b/u_b_core/core/core/shuffle/busy_reg/C	u_top/u_core/u_b/u_b_core/core/core/l5/gk.frontend/win/shift_reg[17][216]/R
-0.055	u_top/u_core/u_b/u_b_core/core/core/f45/g_narrow_read.rd_ptr_local_reg[0]_replica_4/C	u_top/u_core/u_b/u_b_core/core/core/l5/gk.frontend/win/bank_gen[2].mem_reg_0/DIADI[12]
-0.055	u_top/u_core/u_b/u_b_core/core/core/l5/gk.frontend/win/bank_gen[0].mem_reg_3/CLKARDCLK	u_top/u_core/u_b/u_b_core/core/core/l5/gk.frontend/win/shift_reg[9][119]/D
-0.054	u_top/u_core/u_b/u_b_core/core/core/shuffle/busy_reg/C	u_top/u_core/u_b/u_b_core/core/core/l5/gk.frontend/win/shift_reg[4][209]/R
-0.054	u_top/u_core/u_b/u_b_core/core/core/l5/mac/issue/out_window_reg[1111]/C	u_top/u_core/u_b/u_b_core/core/core/l5/mac/mac/out_lane[2].mult_lane[29].operand_pipe.act_q_reg[7]/D
-0.054	u_top/u_core/u_b/u_b_core/core/core/l5/mac/mac/tree_stage[3].valid_q_reg[4]/C	u_top/u_core/u_b/u_b_core/core/core/l5/mac/mac/tree_stage[3].channel[3].node[1].pair.sums_q_reg[3][3][1][10]/CE
-0.054	u_top/u_core/u_b/u_b_core/core/core/l5/mac/mac/tree_stage[3].valid_q_reg[4]/C	u_top/u_core/u_b/u_b_core/core/core/l5/mac/mac/tree_stage[3].channel[3].node[1].pair.sums_q_reg[3][3][1][11]/CE
-0.054	u_top/u_core/u_b/u_b_core/core/core/l5/mac/mac/tree_stage[3].valid_q_reg[4]/C	u_top/u_core/u_b/u_b_core/core/core/l5/mac/mac/tree_stage[3].channel[3].node[1].pair.sums_q_reg[3][3][1][8]/CE
-0.054	u_top/u_core/u_b/u_b_core/core/core/l5/mac/mac/tree_stage[3].valid_q_reg[4]/C	u_top/u_core/u_b/u_b_core/core/core/l5/mac/mac/tree_stage[3].channel[3].node[1].pair.sums_q_reg[3][3][1][9]/CE
-0.054	u_top/u_core/u_b/u_b_core/core/core/l5/mac/issue/out_window_reg[5161]/C	u_top/u_core/u_b/u_b_core/core/core/l5/mac/mac/out_lane[0].mult_lane[20].operand_pipe.act_q_reg[9]/D
-0.054	u_top/u_core/u_b/u_b_core/core/core/l5/gk.frontend/fifo/count_reg[2]/C	u_top/u_core/u_b/u_b_core/core/core/l5/gk.frontend/win/shift_reg[14][29]/R
-0.054	u_top/u_core/u_b/u_b_core/core/core/l5/mac/mac/tree_stage[6].valid_q_reg[7]/C	u_top/u_core/u_b/u_b_core/core/core/l5/mac/issue/out_window_reg[1496]/CE
-0.054	u_top/u_core/u_b/u_b_core/core/core/l5/mac/mac/tree_stage[6].valid_q_reg[7]/C	u_top/u_core/u_b/u_b_core/core/core/l5/mac/issue/out_window_reg[1497]/CE
-0.054	u_top/u_core/u_b/u_b_core/core/core/l5/mac/mac/tree_stage[6].valid_q_reg[7]/C	u_top/u_core/u_b/u_b_core/core/core/l5/mac/issue/out_window_reg[1498]/CE
-0.054	u_top/u_core/u_b/u_b_core/core/core/l5/mac/mac/tree_stage[6].valid_q_reg[7]/C	u_top/u_core/u_b/u_b_core/core/core/l5/mac/issue/out_window_reg[1499]/CE
-0.054	u_top/u_core/u_b/u_b_core/core/core/l5/mac/mac/tree_stage[6].valid_q_reg[7]/C	u_top/u_core/u_b/u_b_core/core/core/l5/mac/issue/out_window_reg[1500]/CE
-0.054	u_top/u_core/u_b/u_b_core/core/core/l5/mac/mac/tree_stage[6].valid_q_reg[7]/C	u_top/u_core/u_b/u_b_core/core/core/l5/mac/issue/out_window_reg[1501]/CE
-0.054	u_top/u_core/u_b/u_b_core/core/core/l5/mac/issue/out_phase_reg[0]_rep__11/C	u_top/u_core/u_b/u_b_core/core/core/l5/mac/mac/out_lane[2].mult_lane[24].operand_pipe.act_q_reg[12]/D
-0.054	u_top/u_core/u_b/u_b_core/core/core/l5/mac/mac/tree_stage[6].valid_q_reg[7]/C	u_top/u_core/u_b/u_b_core/core/core/l5/mac/mac/out_lane[0].mult_lane[32].operand_pipe.act_q_reg[13]/CE
-0.054	u_top/u_core/u_b/u_b_core/core/core/l5/mac/mac/tree_stage[6].valid_q_reg[7]/C	u_top/u_core/u_b/u_b_core/core/core/l5/mac/mac/out_lane[0].mult_lane[36].operand_pipe.weight_q_reg[6]/CE
-0.053	u_top/u_core/u_b/u_b_core/core/core/shuffle/busy_reg/C	u_top/u_core/u_b/u_b_core/core/core/l5/gk.frontend/win/shift_reg[21][22]/R
-0.053	u_top/u_core/u_b/u_b_core/core/core/shuffle/busy_reg/C	u_top/u_core/u_b/u_b_core/core/core/l5/gk.frontend/win/shift_reg[0][39]/R
-0.053	u_top/u_core/u_b/u_b_core/core/core/shuffle/busy_reg/C	u_top/u_core/u_b/u_b_core/core/core/l5/gk.frontend/win/shift_reg[16][118]/R
-0.053	u_top/u_core/u_b/u_b_core/core/core/shuffle/busy_reg/C	u_top/u_core/u_b/u_b_core/core/core/l5/gk.frontend/win/shift_reg[16][250]/R
-0.053	u_top/u_core/u_b/u_b_core/core/core/shuffle/busy_reg/C	u_top/u_core/u_b/u_b_core/core/core/l5/gk.frontend/win/shift_reg[16][59]/R
-0.053	u_top/u_core/u_b/u_b_core/core/core/shuffle/busy_reg/C	u_top/u_core/u_b/u_b_core/core/core/l5/gk.frontend/win/shift_reg[1][208]/R
-0.053	u_top/u_core/u_b/u_b_core/core/core/shuffle/busy_reg/C	u_top/u_core/u_b/u_b_core/core/core/l5/gk.frontend/win/shift_reg[1][28]/R
-0.053	u_top/u_core/u_b/u_b_core/core/core/shuffle/busy_reg/C	u_top/u_core/u_b/u_b_core/core/core/l5/gk.frontend/win/shift_reg[1][37]/R
-0.053	u_top/u_core/u_b/u_b_core/core/core/l5/gk.frontend/win/bank_gen[1].mem_reg_1/CLKARDCLK	u_top/u_core/u_b/u_b_core/core/core/l5/gk.frontend/win/shift_reg[14][44]/D
-0.053	u_top/u_core/u_b/u_b_core/core/core/l5/mac/mac/tree_stage[3].valid_q_reg[4]/C	u_top/u_core/u_b/u_b_core/core/core/l5/mac/mac/tree_stage[3].phase_q_reg[4][2]/D
-0.053	u_top/u_core/u_b/u_b_core/core/core/shuffle/busy_reg/C	u_top/u_core/u_b/u_b_core/core/core/l5/gk.frontend/win/shift_reg[2][110]/R
-0.053	u_top/u_core/u_b/u_b_core/core/core/shuffle/busy_reg/C	u_top/u_core/u_b/u_b_core/core/core/l5/gk.frontend/win/shift_reg[2][121]/R
-0.053	u_top/u_core/u_b/u_b_core/core/core/shuffle/busy_reg/C	u_top/u_core/u_b/u_b_core/core/core/l5/gk.frontend/win/shift_reg[2][192]/R
-0.053	u_top/u_core/u_b/u_b_core/core/core/shuffle/busy_reg/C	u_top/u_core/u_b/u_b_core/core/core/l5/gk.frontend/win/shift_reg[2][193]/R
-0.053	u_top/u_core/u_b/u_b_core/core/core/shuffle/busy_reg/C	u_top/u_core/u_b/u_b_core/core/core/l5/gk.frontend/win/shift_reg[2][216]/R
-0.053	u_top/u_core/u_b/u_b_core/core/core/shuffle/busy_reg/C	u_top/u_core/u_b/u_b_core/core/core/l5/gk.frontend/win/shift_reg[2][31]/R
-0.053	u_top/u_core/u_b/u_b_core/core/core/shuffle/busy_reg/C	u_top/u_core/u_b/u_b_core/core/core/l5/gk.frontend/win/shift_reg[2][33]/R
-0.053	u_top/u_core/u_b/u_b_core/core/core/shuffle/busy_reg/C	u_top/u_core/u_b/u_b_core/core/core/l5/gk.frontend/win/shift_reg[2][93]/R
-0.053	u_top/u_core/u_b/u_b_core/core/core/shuffle/busy_reg/C	u_top/u_core/u_b/u_b_core/core/core/l5/gk.frontend/win/shift_reg[23][220]/R
-0.053	u_top/u_core/u_b/u_b_core/core/core/shuffle/busy_reg/C	u_top/u_core/u_b/u_b_core/core/core/l5/gk.frontend/win/shift_reg[22][125]/R
-0.053	u_top/u_core/u_b/u_b_core/core/core/shuffle/busy_reg/C	u_top/u_core/u_b/u_b_core/core/core/l5/gk.frontend/win/shift_reg[22][154]/R
-0.053	u_top/u_core/u_b/u_b_core/core/core/shuffle/busy_reg/C	u_top/u_core/u_b/u_b_core/core/core/l5/gk.frontend/win/shift_reg[22][156]/R
-0.053	u_top/u_core/u_b/u_b_core/core/core/shuffle/busy_reg/C	u_top/u_core/u_b/u_b_core/core/core/l5/gk.frontend/win/shift_reg[22][211]/R
-0.053	u_top/u_core/u_b/u_b_core/core/core/shuffle/busy_reg/C	u_top/u_core/u_b/u_b_core/core/core/l5/gk.frontend/win/shift_reg[22][214]/R
-0.053	u_top/u_core/u_b/u_b_core/core/core/shuffle/busy_reg/C	u_top/u_core/u_b/u_b_core/core/core/l5/gk.frontend/win/shift_reg[22][216]/R
-0.053	u_top/u_core/u_b/u_b_core/core/core/shuffle/busy_reg/C	u_top/u_core/u_b/u_b_core/core/core/l5/gk.frontend/win/shift_reg[23][158]/R
-0.053	u_top/u_core/u_b/u_b_core/core/core/shuffle/busy_reg/C	u_top/u_core/u_b/u_b_core/core/core/l5/gk.frontend/win/shift_reg[23][179]/R
-0.053	u_top/u_core/u_b/u_b_core/core/core/l5/mac/mac/tree_stage[6].valid_q_reg[7]/C	u_top/u_core/u_b/u_b_core/core/core/l5/mac/issue/out_window_reg[1432]/CE
-0.053	u_top/u_core/u_b/u_b_core/core/core/l5/mac/mac/tree_stage[6].valid_q_reg[7]/C	u_top/u_core/u_b/u_b_core/core/core/l5/mac/issue/out_window_reg[1433]/CE
-0.053	u_top/u_core/u_b/u_b_core/core/core/l5/mac/mac/tree_stage[6].valid_q_reg[7]/C	u_top/u_core/u_b/u_b_core/core/core/l5/mac/issue/out_window_reg[1434]/CE
-0.053	u_top/u_core/u_b/u_b_core/core/core/l5/mac/mac/tree_stage[6].valid_q_reg[7]/C	u_top/u_core/u_b/u_b_core/core/core/l5/mac/issue/out_window_reg[1435]/CE
-0.053	u_top/u_core/u_b/u_b_core/core/core/l5/mac/mac/tree_stage[6].valid_q_reg[7]/C	u_top/u_core/u_b/u_b_core/core/core/l5/mac/issue/out_window_reg[1436]/CE
-0.053	u_top/u_core/u_b/u_b_core/core/core/l5/mac/mac/tree_stage[6].valid_q_reg[7]/C	u_top/u_core/u_b/u_b_core/core/core/l5/mac/issue/out_window_reg[1437]/CE
-0.053	u_top/u_core/u_b/u_b_core/core/core/l5/mac/issue/out_phase_reg[0]_rep__5/C	u_top/u_core/u_b/u_b_core/core/core/l5/mac/mac/out_lane[2].mult_lane[11].operand_pipe.act_q_reg[15]/D
-0.053	u_top/u_core/u_b/u_b_core/core/core/l5/mac/issue/out_phase_reg[0]_rep__5/C	u_top/u_core/u_b/u_b_core/core/core/l5/mac/mac/out_lane[1].mult_lane[13].operand_pipe.act_q_reg[10]/D
-0.053	u_top/u_core/u_b/u_b_core/core/core/l5/mac/issue/out_phase_reg[1]_rep__8_replica/C	u_top/u_core/u_b/u_b_core/core/core/l5/mac/mac/out_lane[1].mult_lane[7].operand_pipe.act_q_reg[0]/D
-0.053	u_top/u_core/u_b/u_b_core/core/core/l5/mac/issue/out_phase_reg[2]_rep__3/C	u_top/u_core/u_b/u_b_core/core/core/l5/mac/mac/out_lane[2].mult_lane[16].operand_pipe.act_q_reg[4]/D
-0.053	u_top/u_core/u_b/u_b_core/core/core/l5/gk.frontend/fifo/g_wide_read.g_read_slice[89].rd_ptr_local_reg[0]/C	u_top/u_core/u_b/u_b_core/core/core/l5/mac/issue/out_window_reg[5698]/D
-0.052	u_top/u_core/u_b/u_b_core/core/core/l5/mac/mac/tree_stage[6].valid_q_reg[7]/C	u_top/u_core/u_b/u_b_core/core/core/l5/mac/issue/out_phase_reg[1]_rep__13_replica_4/D
-0.052	u_top/u_core/u_b/u_b_core/core/core/l5/gk.frontend/pending1_reg_replica_22/C	u_top/u_core/u_b/u_b_core/core/core/l5/gk.frontend/win/shift_reg[6][82]/CE
-0.052	u_top/u_core/u_b/u_b_core/core/core/l5/gk.frontend/pending1_reg_replica_22/C	u_top/u_core/u_b/u_b_core/core/core/l5/gk.frontend/win/shift_reg[6][87]/CE
-0.052	u_top/u_core/u_b/u_b_core/core/core/shuffle/busy_reg/C	u_top/u_core/u_b/u_b_core/core/core/l5/gk.frontend/win/shift_reg[22][120]/R
-0.052	u_top/u_core/u_b/u_b_core/core/core/l5/gk.frontend/pad/interior_y_reg/C	u_top/u_core/u_b/u_b_core/core/core/l5/gk.frontend/win/bank_gen[3].mem_reg_4/DIADI[11]
-0.052	u_top/u_core/u_in/req_addr_q_reg[4]_rep__3/C	u_top/u_core/u_rom/g_multi_bank.g_bank[0].u_bank/request_addr_q_reg_0_6/ADDRARDADDR[4]
-0.052	u_top/u_core/u_b/u_b_core/core/core/l5/gk.frontend/win/bank_gen[0].mem_reg_3/CLKARDCLK	u_top/u_core/u_b/u_b_core/core/core/l5/gk.frontend/win/shift_reg[9][118]/D
-0.052	u_top/u_core/u_b/u_b_core/core/core/l5/mac/mac/tree_stage[6].valid_q_reg[7]/C	u_top/u_core/u_b/u_b_core/core/core/l5/mac/issue/out_window_reg[1234]/CE
-0.052	u_top/u_core/u_b/u_b_core/core/core/l5/mac/mac/tree_stage[6].valid_q_reg[7]/C	u_top/u_core/u_b/u_b_core/core/core/l5/mac/issue/out_window_reg[1235]/CE
-0.052	u_top/u_core/u_b/u_b_core/core/core/l5/mac/mac/tree_stage[6].valid_q_reg[7]/C	u_top/u_core/u_b/u_b_core/core/core/l5/mac/issue/out_window_reg[1236]/CE
-0.052	u_top/u_core/u_b/u_b_core/core/core/l5/mac/mac/tree_stage[6].valid_q_reg[7]/C	u_top/u_core/u_b/u_b_core/core/core/l5/mac/issue/out_window_reg[1237]/CE
-0.052	u_top/u_core/u_b/u_b_core/core/core/l5/mac/mac/tree_stage[6].valid_q_reg[7]/C	u_top/u_core/u_b/u_b_core/core/core/l5/mac/issue/out_window_reg[1238]/CE
-0.052	u_top/u_core/u_b/u_b_core/core/core/l5/mac/mac/tree_stage[6].valid_q_reg[7]/C	u_top/u_core/u_b/u_b_core/core/core/l5/mac/issue/out_window_reg[1239]/CE
-0.052	u_top/u_core/u_b/u_b_core/core/core/l5/gk.frontend/win/bank_gen[1].mem_reg_6/CLKARDCLK	u_top/u_core/u_b/u_b_core/core/core/l5/gk.frontend/win/shift_reg[9][216]/D
-0.052	u_top/u_core/u_b/u_b_core/core/core/shuffle/busy_reg/C	u_top/u_core/u_b/u_b_core/core/core/l5/gk.frontend/win/shift_reg[15][150]/R
-0.052	u_top/u_core/u_b/u_b_core/core/core/shuffle/busy_reg/C	u_top/u_core/u_b/u_b_core/core/core/l5/gk.frontend/win/shift_reg[15][155]/R
-0.052	u_top/u_core/u_b/u_b_core/core/core/shuffle/busy_reg/C	u_top/u_core/u_b/u_b_core/core/core/l5/gk.frontend/win/shift_reg[15][18]/R
-0.052	u_top/u_core/u_b/u_b_core/core/core/shuffle/busy_reg/C	u_top/u_core/u_b/u_b_core/core/core/l5/gk.frontend/win/shift_reg[17][11]/R
-0.052	u_top/u_core/u_b/u_b_core/core/core/shuffle/busy_reg/C	u_top/u_core/u_b/u_b_core/core/core/l5/gk.frontend/win/shift_reg[20][149]/R
-0.052	u_top/u_core/u_b/u_b_core/core/core/shuffle/busy_reg/C	u_top/u_core/u_b/u_b_core/core/core/l5/gk.frontend/win/shift_reg[21][37]/R
-0.052	u_top/u_core/u_b/u_b_core/core/core/l5/mac/mac/tree_stage[6].valid_q_reg[7]/C	u_top/u_core/u_b/u_b_core/core/core/l5/mac/mac/out_lane[1].mult_lane[9].operand_pipe.weight_q_reg[7]/R
-0.052	u_top/u_core/u_b/u_b_core/core/core/shuffle/busy_reg/C	u_top/u_core/u_b/u_b_core/core/core/l5/gk.frontend/win/shift_reg[14][196]/R
-0.051	u_top/u_core/u_b/u_b_core/core/core/l5/gk.frontend/win/bank_gen[1].mem_reg_1/CLKARDCLK	u_top/u_core/u_b/u_b_core/core/core/l5/gk.frontend/win/shift_reg[4][44]/D
-0.051	u_top/u_core/u_b/u_b_core/core/core/l5/mac/mac/tree_stage[3].valid_q_reg[4]/C	u_top/u_core/u_b/u_b_core/core/core/l5/mac/mac/tree_stage[3].channel[3].node[2].pair.sums_q_reg[3][3][2][28]/CE
-0.051	u_top/u_core/u_b/u_b_core/core/core/l5/mac/mac/tree_stage[3].valid_q_reg[4]/C	u_top/u_core/u_b/u_b_core/core/core/l5/mac/mac/tree_stage[3].channel[3].node[2].pair.sums_q_reg[3][3][2][29]/CE
-0.051	u_top/u_core/u_b/u_b_core/core/core/l5/mac/mac/tree_stage[3].valid_q_reg[4]/C	u_top/u_core/u_b/u_b_core/core/core/l5/mac/mac/tree_stage[3].channel[3].node[2].pair.sums_q_reg[3][3][2][30]/CE
-0.051	u_top/u_core/u_b/u_b_core/core/core/l5/mac/mac/tree_stage[3].valid_q_reg[4]/C	u_top/u_core/u_b/u_b_core/core/core/l5/mac/mac/tree_stage[3].channel[3].node[2].pair.sums_q_reg[3][3][2][31]/CE
-0.051	u_top/u_core/u_b/u_b_core/core/core/l5/gk.frontend/pending1_reg_replica_18/C	u_top/u_core/u_b/u_b_core/core/core/l5/gk.frontend/win/shift_reg[22][253]/CE
-0.051	u_top/u_core/u_b/u_b_core/core/core/l5/gk.frontend/pending1_reg_replica_18/C	u_top/u_core/u_b/u_b_core/core/core/l5/gk.frontend/win/shift_reg[22][61]/CE
-0.051	u_top/u_core/u_b/u_b_core/core/core/l5/gk.frontend/pending1_reg_replica_18/C	u_top/u_core/u_b/u_b_core/core/core/l5/gk.frontend/win/shift_reg[23][244]/CE
-0.051	u_top/u_core/u_b/u_b_core/core/core/l5/gk.frontend/pending1_reg_replica_18/C	u_top/u_core/u_b/u_b_core/core/core/l5/gk.frontend/win/shift_reg[23][2]/CE
-0.051	u_top/u_core/u_b/u_b_core/core/core/l5/mac/mac/out_lane[3].mult_lane[7].operand_pipe.act_q_reg[4]/C	u_top/u_core/u_b/u_b_core/core/core/l5/mac/mac/out_lane[3].mult_lane[7].operand_pipe.sums_q_reg[0][3][7]/A[4]
-0.051	u_top/u_core/u_b/u_b_core/core/core/l5/mac/mac/tree_stage[6].valid_q_reg[7]/C	u_top/u_core/u_b/u_b_core/core/core/l5/mac/issue/out_window_reg[3078]/CE
-0.051	u_top/u_core/u_b/u_b_core/core/core/l5/mac/mac/tree_stage[6].valid_q_reg[7]/C	u_top/u_core/u_b/u_b_core/core/core/l5/mac/issue/out_window_reg[3079]/CE
-0.051	u_top/u_core/u_b/u_b_core/core/core/l5/mac/mac/tree_stage[6].valid_q_reg[7]/C	u_top/u_core/u_b/u_b_core/core/core/l5/mac/issue/out_window_reg[3080]/CE
-0.051	u_top/u_core/u_b/u_b_core/core/core/l5/mac/mac/tree_stage[6].valid_q_reg[7]/C	u_top/u_core/u_b/u_b_core/core/core/l5/mac/issue/out_window_reg[3081]/CE
-0.051	u_top/u_core/u_b/u_b_core/core/core/l5/mac/mac/tree_stage[6].valid_q_reg[7]/C	u_top/u_core/u_b/u_b_core/core/core/l5/mac/issue/out_window_reg[3082]/CE
-0.051	u_top/u_core/u_b/u_b_core/core/core/l5/mac/mac/tree_stage[6].valid_q_reg[7]/C	u_top/u_core/u_b/u_b_core/core/core/l5/mac/issue/out_window_reg[3083]/CE
-0.051	u_top/u_core/u_b/u_b_core/core/core/l5/gk.frontend/win/shift_reg[9][145]/C	u_top/u_core/u_b/u_b_core/core/core/l5/gk.frontend/fifo/g_wide_read.g_read_slice[38].mem_slice_reg_0_3_12_17/RAMC_D1/I
-0.051	u_top/u_core/u_b/u_b_core/core/core/l5/mac/issue/out_window_reg[1465]/C	u_top/u_core/u_b/u_b_core/core/core/l5/mac/mac/out_lane[0].mult_lane[30].operand_pipe.act_q_reg[9]/D
-0.051	u_top/u_core/u_b/u_b_core/core/core/l5/gk.frontend/win/shift_reg[21][64]/C	u_top/u_core/u_b/u_b_core/core/core/l5/gk.frontend/fifo/g_wide_read.g_read_slice[85].mem_slice_reg_0_3_0_5/RAMA/I
-0.050	u_top/u_core/u_b/u_b_core/core/core/l4/post/occupied_reg[0]/C	u_top/u_core/u_b/u_b_core/core/core/f34/g_narrow_read.mem_reg_0_31_24_29/RAMA/WE
-0.050	u_top/u_core/u_b/u_b_core/core/core/l4/post/occupied_reg[0]/C	u_top/u_core/u_b/u_b_core/core/core/f34/g_narrow_read.mem_reg_0_31_24_29/RAMA_D1/WE
-0.050	u_top/u_core/u_b/u_b_core/core/core/l4/post/occupied_reg[0]/C	u_top/u_core/u_b/u_b_core/core/core/f34/g_narrow_read.mem_reg_0_31_24_29/RAMB/WE
-0.050	u_top/u_core/u_b/u_b_core/core/core/l4/post/occupied_reg[0]/C	u_top/u_core/u_b/u_b_core/core/core/f34/g_narrow_read.mem_reg_0_31_24_29/RAMB_D1/WE
-0.050	u_top/u_core/u_b/u_b_core/core/core/l4/post/occupied_reg[0]/C	u_top/u_core/u_b/u_b_core/core/core/f34/g_narrow_read.mem_reg_0_31_24_29/RAMC/WE
-0.050	u_top/u_core/u_b/u_b_core/core/core/l4/post/occupied_reg[0]/C	u_top/u_core/u_b/u_b_core/core/core/f34/g_narrow_read.mem_reg_0_31_24_29/RAMC_D1/WE
-0.050	u_top/u_core/u_b/u_b_core/core/core/l4/post/occupied_reg[0]/C	u_top/u_core/u_b/u_b_core/core/core/f34/g_narrow_read.mem_reg_0_31_24_29/RAMD/WE
-0.050	u_top/u_core/u_b/u_b_core/core/core/l4/post/occupied_reg[0]/C	u_top/u_core/u_b/u_b_core/core/core/f34/g_narrow_read.mem_reg_0_31_24_29/RAMD_D1/WE
-0.050	u_top/u_core/u_b/u_b_core/core/core/l5/mac/issue/out_phase_reg[0]_rep__2_replica_1/C	u_top/u_core/u_b/u_b_core/core/core/l5/mac/mac/out_lane[3].mult_lane[7].operand_pipe.act_q_reg[8]/D
-0.050	u_top/u_core/u_b/u_b_core/core/core/l5/mac/issue/out_phase_reg[2]_rep__4/C	u_top/u_core/u_b/u_b_core/core/core/l5/mac/mac/out_lane[0].mult_lane[28].operand_pipe.act_q_reg[9]/D
-0.050	u_top/u_core/u_b/u_b_core/core/core/shuffle/busy_reg/C	u_top/u_core/u_b/u_b_core/core/core/l5/gk.frontend/win/shift_reg[16][149]/R
-0.050	u_top/u_core/u_b/u_b_core/core/core/shuffle/busy_reg/C	u_top/u_core/u_b/u_b_core/core/core/l5/gk.frontend/win/shift_reg[17][242]/R
-0.050	u_top/u_core/u_b/u_b_core/core/core/shuffle/busy_reg/C	u_top/u_core/u_b/u_b_core/core/core/l5/gk.frontend/win/shift_reg[2][92]/R
-0.050	u_top/u_core/u_b/u_b_core/core/core/shuffle/busy_reg/C	u_top/u_core/u_b/u_b_core/core/core/l5/gk.frontend/win/shift_reg[5][78]/R
-0.050	u_top/u_core/u_b/u_b_core/core/core/l5/mac/mac/tree_stage[6].valid_q_reg[7]/C	u_top/u_core/u_b/u_b_core/core/core/l5/mac/mac/out_lane[0].mult_lane[30].operand_pipe.weight_q_reg[7]/CE
-0.050	u_top/u_core/u_b/u_b_core/core/core/l5/mac/mac/tree_stage[6].valid_q_reg[7]/C	u_top/u_core/u_b/u_b_core/core/core/l5/mac/mac/out_lane[1].mult_lane[20].operand_pipe.act_q_reg[8]/CE
-0.050	u_top/u_core/u_b/u_b_core/core/core/l5/mac/mac/tree_stage[6].valid_q_reg[7]/C	u_top/u_core/u_b/u_b_core/core/core/l5/mac/mac/out_lane[1].mult_lane[21].operand_pipe.act_q_reg[9]/CE
-0.050	u_top/u_core/u_b/u_b_core/core/core/l5/mac/mac/tree_stage[6].valid_q_reg[7]/C	u_top/u_core/u_b/u_b_core/core/core/l5/mac/mac/out_lane[1].mult_lane[29].operand_pipe.act_q_reg[4]/CE
-0.050	u_top/u_core/u_b/u_b_core/core/core/l5/mac/mac/tree_stage[6].valid_q_reg[7]/C	u_top/u_core/u_b/u_b_core/core/core/l5/mac/mac/out_lane[3].mult_lane[20].operand_pipe.weight_q_reg[3]/CE
-0.050	u_top/u_core/u_b/u_b_core/core/core/l5/mac/mac/tree_stage[6].valid_q_reg[7]/C	u_top/u_core/u_b/u_b_core/core/core/l5/mac/mac/out_lane[3].mult_lane[21].operand_pipe.weight_q_reg[3]/CE
-0.050	u_top/u_core/u_b/u_b_core/core/core/l5/mac/issue/out_window_reg[1432]/C	u_top/u_core/u_b/u_b_core/core/core/l5/mac/mac/out_lane[2].mult_lane[30].operand_pipe.act_q_reg[8]/D
-0.050	u_top/u_core/u_b/u_b_core/core/core/l5/mac/mac/tree_stage[3].valid_q_reg[4]/C	u_top/u_core/u_b/u_b_core/core/core/l5/mac/mac/tree_stage[3].channel[3].node[3].pair.sums_q_reg[3][3][3][24]/CE
-0.050	u_top/u_core/u_b/u_b_core/core/core/l5/mac/mac/tree_stage[3].valid_q_reg[4]/C	u_top/u_core/u_b/u_b_core/core/core/l5/mac/mac/tree_stage[3].channel[3].node[3].pair.sums_q_reg[3][3][3][25]/CE
-0.050	u_top/u_core/u_b/u_b_core/core/core/l5/mac/mac/tree_stage[3].valid_q_reg[4]/C	u_top/u_core/u_b/u_b_core/core/core/l5/mac/mac/tree_stage[3].channel[3].node[3].pair.sums_q_reg[3][3][3][26]/CE
-0.050	u_top/u_core/u_b/u_b_core/core/core/l5/mac/mac/tree_stage[3].valid_q_reg[4]/C	u_top/u_core/u_b/u_b_core/core/core/l5/mac/mac/tree_stage[3].channel[3].node[3].pair.sums_q_reg[3][3][3][27]/CE
-0.050	u_top/u_core/u_b/u_b_core/core/core/l5/gk.frontend/fifo/wr_ptr_reg[0]_rep__5/C	u_top/u_core/u_b/u_b_core/core/core/l5/gk.frontend/fifo/g_wide_read.g_read_slice[11].mem_slice_reg_0_3_18_23/RAMA/WADR0
-0.050	u_top/u_core/u_b/u_b_core/core/core/l5/gk.frontend/fifo/wr_ptr_reg[0]_rep__5/C	u_top/u_core/u_b/u_b_core/core/core/l5/gk.frontend/fifo/g_wide_read.g_read_slice[11].mem_slice_reg_0_3_18_23/RAMA_D1/WADR0
-0.050	u_top/u_core/u_b/u_b_core/core/core/l5/gk.frontend/fifo/wr_ptr_reg[0]_rep__5/C	u_top/u_core/u_b/u_b_core/core/core/l5/gk.frontend/fifo/g_wide_read.g_read_slice[11].mem_slice_reg_0_3_18_23/RAMB/WADR0
-0.050	u_top/u_core/u_b/u_b_core/core/core/l5/gk.frontend/fifo/wr_ptr_reg[0]_rep__5/C	u_top/u_core/u_b/u_b_core/core/core/l5/gk.frontend/fifo/g_wide_read.g_read_slice[11].mem_slice_reg_0_3_18_23/RAMB_D1/WADR0
-0.050	u_top/u_core/u_b/u_b_core/core/core/l5/gk.frontend/fifo/wr_ptr_reg[0]_rep__5/C	u_top/u_core/u_b/u_b_core/core/core/l5/gk.frontend/fifo/g_wide_read.g_read_slice[11].mem_slice_reg_0_3_18_23/RAMC/WADR0
-0.050	u_top/u_core/u_b/u_b_core/core/core/l5/gk.frontend/fifo/wr_ptr_reg[0]_rep__5/C	u_top/u_core/u_b/u_b_core/core/core/l5/gk.frontend/fifo/g_wide_read.g_read_slice[11].mem_slice_reg_0_3_18_23/RAMC_D1/WADR0
-0.050	u_top/u_core/u_b/u_b_core/core/core/l5/gk.frontend/fifo/wr_ptr_reg[0]_rep__5/C	u_top/u_core/u_b/u_b_core/core/core/l5/gk.frontend/fifo/g_wide_read.g_read_slice[11].mem_slice_reg_0_3_18_23/RAMD/ADR0
-0.050	u_top/u_core/u_b/u_b_core/core/core/l5/gk.frontend/fifo/wr_ptr_reg[0]_rep__5/C	u_top/u_core/u_b/u_b_core/core/core/l5/gk.frontend/fifo/g_wide_read.g_read_slice[11].mem_slice_reg_0_3_18_23/RAMD_D1/ADR0
-0.050	u_top/u_core/u_b/u_b_core/core/core/l5/gk.frontend/win/shift_reg[1][130]/C	u_top/u_core/u_b/u_b_core/core/core/l5/gk.frontend/fifo/g_wide_read.g_read_slice[6].mem_slice_reg_0_3_0_5/RAMB/I
-0.050	u_top/u_core/u_b/u_b_core/core/core/shuffle/busy_reg/C	u_top/u_core/u_b/u_b_core/core/core/l5/gk.frontend/win/shift_reg[0][145]/R
-0.050	u_top/u_core/u_b/u_b_core/core/core/shuffle/busy_reg/C	u_top/u_core/u_b/u_b_core/core/core/l5/gk.frontend/win/shift_reg[16][58]/R
-0.050	u_top/u_core/u_b/u_b_core/core/core/shuffle/busy_reg/C	u_top/u_core/u_b/u_b_core/core/core/l5/gk.frontend/win/shift_reg[1][142]/R
-0.050	u_top/u_core/u_b/u_b_core/core/core/shuffle/busy_reg/C	u_top/u_core/u_b/u_b_core/core/core/l5/gk.frontend/win/shift_reg[1][175]/R
-0.050	u_top/u_core/u_b/u_b_core/core/core/l5/mac/mac/tree_stage[6].valid_q_reg[7]/C	u_top/u_core/u_b/u_b_core/core/core/l5/mac/issue/out_window_reg[3830]/CE
-0.050	u_top/u_core/u_b/u_b_core/core/core/l5/mac/mac/tree_stage[6].valid_q_reg[7]/C	u_top/u_core/u_b/u_b_core/core/core/l5/mac/issue/out_window_reg[3831]/CE
-0.050	u_top/u_core/u_b/u_b_core/core/core/l5/mac/mac/tree_stage[6].valid_q_reg[7]/C	u_top/u_core/u_b/u_b_core/core/core/l5/mac/issue/out_window_reg[3832]/CE
-0.050	u_top/u_core/u_b/u_b_core/core/core/l5/mac/mac/tree_stage[6].valid_q_reg[7]/C	u_top/u_core/u_b/u_b_core/core/core/l5/mac/issue/out_window_reg[3833]/CE
-0.050	u_top/u_core/u_b/u_b_core/core/core/l5/mac/mac/tree_stage[6].valid_q_reg[7]/C	u_top/u_core/u_b/u_b_core/core/core/l5/mac/issue/out_window_reg[3834]/CE
-0.050	u_top/u_core/u_b/u_b_core/core/core/l5/mac/mac/tree_stage[6].valid_q_reg[7]/C	u_top/u_core/u_b/u_b_core/core/core/l5/mac/issue/out_window_reg[3835]/CE
-0.050	u_top/u_core/u_b/u_b_core/core/core/l5/mac/mac/tree_stage[6].valid_q_reg[7]/C	u_top/u_core/u_b/u_b_core/core/core/l5/mac/issue/out_window_reg[3462]/CE
-0.050	u_top/u_core/u_b/u_b_core/core/core/l5/mac/mac/tree_stage[6].valid_q_reg[7]/C	u_top/u_core/u_b/u_b_core/core/core/l5/mac/issue/out_window_reg[3463]/CE
-0.050	u_top/u_core/u_b/u_b_core/core/core/l5/mac/mac/tree_stage[6].valid_q_reg[7]/C	u_top/u_core/u_b/u_b_core/core/core/l5/mac/issue/out_window_reg[3464]/CE
-0.050	u_top/u_core/u_b/u_b_core/core/core/l5/mac/mac/tree_stage[6].valid_q_reg[7]/C	u_top/u_core/u_b/u_b_core/core/core/l5/mac/issue/out_window_reg[3465]/CE
-0.050	u_top/u_core/u_b/u_b_core/core/core/l5/mac/mac/tree_stage[6].valid_q_reg[7]/C	u_top/u_core/u_b/u_b_core/core/core/l5/mac/issue/out_window_reg[3466]/CE
-0.050	u_top/u_core/u_b/u_b_core/core/core/l5/mac/mac/tree_stage[6].valid_q_reg[7]/C	u_top/u_core/u_b/u_b_core/core/core/l5/mac/issue/out_window_reg[3467]/CE
-0.050	u_top/u_core/u_b/u_b_core/core/core/l5/mac/mac/tree_stage[6].valid_q_reg[7]/C	u_top/u_core/u_b/u_b_core/core/core/l5/mac/mac/out_lane[1].mult_lane[20].operand_pipe.act_q_reg[1]/CE
-0.050	u_top/u_core/u_b/u_b_core/core/core/l5/mac/mac/tree_stage[6].valid_q_reg[7]/C	u_top/u_core/u_b/u_b_core/core/core/l5/mac/mac/out_lane[2].mult_lane[28].operand_pipe.act_q_reg[15]/CE
-0.050	u_top/u_core/u_b/u_b_core/core/core/l5/mac/mac/tree_stage[6].valid_q_reg[7]/C	u_top/u_core/u_b/u_b_core/core/core/l5/mac/mac/out_lane[2].mult_lane[28].operand_pipe.weight_q_reg[2]/CE
-0.050	u_top/u_core/u_b/u_b_core/core/core/l5/mac/mac/tree_stage[6].valid_q_reg[7]/C	u_top/u_core/u_b/u_b_core/core/core/l5/mac/mac/out_lane[2].mult_lane[28].operand_pipe.weight_q_reg[3]/CE
-0.050	u_top/u_core/u_b/u_b_core/core/core/l5/mac/mac/tree_stage[6].valid_q_reg[7]/C	u_top/u_core/u_b/u_b_core/core/core/l5/mac/mac/out_lane[2].mult_lane[28].operand_pipe.weight_q_reg[4]/CE
-0.050	u_top/u_core/u_b/u_b_core/core/core/l5/mac/mac/tree_stage[6].valid_q_reg[7]/C	u_top/u_core/u_b/u_b_core/core/core/l5/mac/mac/out_lane[2].mult_lane[28].operand_pipe.weight_q_reg[5]/CE
-0.050	u_top/u_core/u_b/u_b_core/core/core/l5/mac/mac/tree_stage[6].valid_q_reg[7]/C	u_top/u_core/u_b/u_b_core/core/core/l5/mac/mac/out_lane[2].mult_lane[28].operand_pipe.weight_q_reg[6]/CE
-0.050	u_top/u_core/u_b/u_b_core/core/core/l5/mac/issue/out_phase_reg[0]_rep__14/C	u_top/u_core/u_b/u_b_core/core/core/l5/mac/mac/out_lane[2].mult_lane[29].operand_pipe.weight_q_reg[5]/D
-0.050	u_top/u_core/u_b/u_b_core/core/core/l5/gk.frontend/fifo/g_wide_read.g_read_slice[59].rd_ptr_local_reg[1]/C	u_top/u_core/u_b/u_b_core/core/core/l5/mac/issue/out_window_reg[3793]/D
-0.049	u_top/u_core/u_b/u_b_core/core/core/l5/gk.frontend/win/row_mod_d_reg[1]_rep/C	u_top/u_core/u_b/u_b_core/core/core/l5/gk.frontend/win/shift_reg[9][73]/D
-0.049	u_top/u_core/u_b/u_b_core/core/core/l5/gk.frontend/win/row_mod_d_reg[0]_rep__3/C	u_top/u_core/u_b/u_b_core/core/core/l5/gk.frontend/win/shift_reg[14][78]/D
-0.049	u_top/u_core/u_b/u_b_core/core/core/shuffle/busy_reg/C	u_top/u_core/u_b/u_b_core/core/core/l5/gk.frontend/fifo/g_wide_read.g_read_slice[75].rd_ptr_local_reg[0]/R
-0.049	u_top/u_core/u_b/u_b_core/core/core/shuffle/busy_reg/C	u_top/u_core/u_b/u_b_core/core/core/l5/gk.frontend/fifo/g_wide_read.g_read_slice[75].rd_ptr_local_reg[1]/R
-0.049	u_top/u_core/u_b/u_b_core/core/core/l5/gk.frontend/fifo/g_wide_read.g_read_slice[38].rd_ptr_local_reg[0]/C	u_top/u_core/u_b/u_b_core/core/core/l5/mac/issue/out_window_reg[2483]/D
-0.049	u_top/u_core/u_b/u_b_core/core/core/l5/gk.frontend/win/bank_gen[1].mem_reg_3/CLKARDCLK	u_top/u_core/u_b/u_b_core/core/core/l5/gk.frontend/win/shift_reg[14][126]/D
-0.049	u_top/u_core/u_b/u_b_core/core/core/l5/mac/mac/tree_stage[6].valid_q_reg[7]/C	u_top/u_core/u_b/u_b_core/core/core/l5/mac/mac/out_lane[2].mult_lane[34].operand_pipe.act_q_reg[11]/CE
-0.049	u_top/u_core/u_b/u_b_core/core/core/l5/mac/mac/tree_stage[6].valid_q_reg[7]/C	u_top/u_core/u_b/u_b_core/core/core/l5/mac/mac/out_lane[2].mult_lane[35].operand_pipe.act_q_reg[6]/CE
-0.048	u_top/u_core/u_b/u_b_core/core/core/l5/mac/issue/out_window_reg[1622]/C	u_top/u_core/u_b/u_b_core/core/core/l5/mac/mac/out_lane[0].mult_lane[31].operand_pipe.act_q_reg[6]/D
-0.048	u_top/u_core/u_b/u_b_core/core/core/l5/gk.frontend/win/bank_gen[1].mem_reg_1/CLKARDCLK	u_top/u_core/u_b/u_b_core/core/core/l5/gk.frontend/win/shift_reg[19][48]/D
-0.048	u_top/u_core/u_b/u_b_core/core/core/l5/mac/issue/out_phase_reg[2]_rep__8/C	u_top/u_core/u_b/u_b_core/core/core/l5/mac/mac/out_lane[3].mult_lane[37].operand_pipe.weight_q_reg[2]/D
-0.048	u_top/u_core/u_b/u_b_core/core/core/l5/gk.frontend/win/bank_gen[1].mem_reg_1/CLKARDCLK	u_top/u_core/u_b/u_b_core/core/core/l5/gk.frontend/win/shift_reg[14][38]/D
-0.048	u_top/u_core/u_b/u_b_core/core/core/l5/mac/mac/tree_stage[6].valid_q_reg[7]/C	u_top/u_core/u_b/u_b_core/core/core/l5/mac/mac/tree_stage[2].channel[2].node[4].pair.sums_q_reg[2][2][4][12]/CE
-0.048	u_top/u_core/u_b/u_b_core/core/core/l5/mac/mac/tree_stage[6].valid_q_reg[7]/C	u_top/u_core/u_b/u_b_core/core/core/l5/mac/mac/tree_stage[2].channel[2].node[4].pair.sums_q_reg[2][2][4][13]/CE
-0.048	u_top/u_core/u_b/u_b_core/core/core/l5/mac/mac/tree_stage[6].valid_q_reg[7]/C	u_top/u_core/u_b/u_b_core/core/core/l5/mac/mac/tree_stage[2].channel[2].node[4].pair.sums_q_reg[2][2][4][14]/CE
-0.048	u_top/u_core/u_b/u_b_core/core/core/l5/mac/mac/tree_stage[6].valid_q_reg[7]/C	u_top/u_core/u_b/u_b_core/core/core/l5/mac/mac/tree_stage[2].channel[2].node[4].pair.sums_q_reg[2][2][4][15]/CE
-0.048	u_top/u_core/u_b/u_b_core/core/core/f45/g_narrow_read.rd_ptr_local_reg[1]/C	u_top/u_core/u_b/u_b_core/core/core/l5/gk.frontend/win/bank_gen[0].mem_reg_6/DIADI[24]
-0.048	u_top/u_core/u_b/u_b_core/core/core/l5/mac/issue/out_phase_reg[1]_rep__11/C	u_top/u_core/u_b/u_b_core/core/core/l5/mac/mac/out_lane[1].mult_lane[40].operand_pipe.act_q_reg[0]/D
-0.048	u_top/u_core/u_b/u_b_core/core/core/l5/gk.frontend/win/bank_gen[1].mem_reg_1/CLKARDCLK	u_top/u_core/u_b/u_b_core/core/core/l5/gk.frontend/win/shift_reg[14][39]/D
-0.048	u_top/u_core/u_b/u_b_core/core/core/shuffle/busy_reg/C	u_top/u_core/u_b/u_b_core/core/core/l5/gk.frontend/win/shift_reg[18][68]/R
-0.048	u_top/u_core/u_b/u_b_core/core/core/shuffle/busy_reg/C	u_top/u_core/u_b/u_b_core/core/core/l5/gk.frontend/win/shift_reg[2][116]/R
-0.048	u_top/u_core/u_b/u_b_core/core/core/shuffle/busy_reg/C	u_top/u_core/u_b/u_b_core/core/core/l5/gk.frontend/win/shift_reg[2][132]/R
-0.048	u_top/u_core/u_b/u_b_core/core/core/shuffle/busy_reg/C	u_top/u_core/u_b/u_b_core/core/core/l5/gk.frontend/win/shift_reg[2][36]/R
-0.048	u_top/u_core/u_b/u_b_core/core/core/shuffle/busy_reg/C	u_top/u_core/u_b/u_b_core/core/core/l5/gk.frontend/win/shift_reg[3][145]/R
-0.048	u_top/u_core/u_b/u_b_core/core/core/shuffle/busy_reg/C	u_top/u_core/u_b/u_b_core/core/core/l5/gk.frontend/win/shift_reg[10][177]/R
-0.048	u_top/u_core/u_b/u_b_core/core/core/shuffle/busy_reg/C	u_top/u_core/u_b/u_b_core/core/core/l5/gk.frontend/win/shift_reg[11][215]/R
-0.048	u_top/u_core/u_b/u_b_core/core/core/shuffle/busy_reg/C	u_top/u_core/u_b/u_b_core/core/core/l5/gk.frontend/win/shift_reg[11][28]/R
-0.048	u_top/u_core/u_b/u_b_core/core/core/shuffle/busy_reg/C	u_top/u_core/u_b/u_b_core/core/core/l5/gk.frontend/win/shift_reg[11][87]/R
-0.047	u_top/u_core/u_b/u_b_core/core/core/l5/mac/mac/tree_stage[6].valid_q_reg[7]/C	u_top/u_core/u_b/u_b_core/core/core/l5/mac/mac/tree_stage[2].channel[1].node[12].single.sums_q_reg[2][1][12][16]/CE
-0.047	u_top/u_core/u_b/u_b_core/core/core/l5/mac/mac/tree_stage[6].valid_q_reg[7]/C	u_top/u_core/u_b/u_b_core/core/core/l5/mac/mac/tree_stage[2].channel[1].node[12].single.sums_q_reg[2][1][12][17]/CE
-0.047	u_top/u_core/u_b/u_b_core/core/core/l5/mac/mac/tree_stage[6].valid_q_reg[7]/C	u_top/u_core/u_b/u_b_core/core/core/l5/mac/mac/tree_stage[2].channel[1].node[12].single.sums_q_reg[2][1][12][18]/CE
-0.047	u_top/u_core/u_b/u_b_core/core/core/l5/mac/mac/tree_stage[6].valid_q_reg[7]/C	u_top/u_core/u_b/u_b_core/core/core/l5/mac/mac/tree_stage[2].channel[1].node[12].single.sums_q_reg[2][1][12][20]/CE
-0.047	u_top/u_core/u_b/u_b_core/core/core/shuffle/busy_reg/C	u_top/u_core/u_b/u_b_core/core/core/l5/gk.frontend/win/shift_reg[20][189]/R
-0.047	u_top/u_core/u_b/u_b_core/core/core/shuffle/busy_reg/C	u_top/u_core/u_b/u_b_core/core/core/l5/gk.frontend/win/shift_reg[15][200]/R
-0.047	u_top/u_core/u_b/u_b_core/core/core/shuffle/busy_reg/C	u_top/u_core/u_b/u_b_core/core/core/l5/gk.frontend/win/shift_reg[20][190]/R
-0.047	u_top/u_core/u_b/u_b_core/core/core/l5/mac/issue/out_phase_reg[1]_rep__5/C	u_top/u_core/u_b/u_b_core/core/core/l5/mac/mac/out_lane[3].mult_lane[31].operand_pipe.act_q_reg[15]/D
-0.047	u_top/u_core/u_b/u_b_core/core/core/l5/mac/issue/out_phase_reg[0]_rep__4/C	u_top/u_core/u_b/u_b_core/core/core/l5/mac/mac/out_lane[0].mult_lane[10].operand_pipe.act_q_reg[9]/D
-0.046	u_top/u_core/u_b/u_b_core/core/core/l5/mac/mac/tree_stage[3].valid_q_reg[4]/C	u_top/u_core/u_b/u_b_core/core/core/l5/mac/mac/tree_stage[3].channel[1].node[3].pair.sums_q_reg[3][1][3][20]/CE
-0.046	u_top/u_core/u_b/u_b_core/core/core/l5/mac/mac/tree_stage[3].valid_q_reg[4]/C	u_top/u_core/u_b/u_b_core/core/core/l5/mac/mac/tree_stage[3].channel[1].node[3].pair.sums_q_reg[3][1][3][21]/CE
-0.046	u_top/u_core/u_b/u_b_core/core/core/l5/mac/mac/tree_stage[3].valid_q_reg[4]/C	u_top/u_core/u_b/u_b_core/core/core/l5/mac/mac/tree_stage[3].channel[1].node[3].pair.sums_q_reg[3][1][3][22]/CE
-0.046	u_top/u_core/u_b/u_b_core/core/core/l5/mac/mac/tree_stage[3].valid_q_reg[4]/C	u_top/u_core/u_b/u_b_core/core/core/l5/mac/mac/tree_stage[3].channel[1].node[3].pair.sums_q_reg[3][1][3][23]/CE
-0.046	u_top/u_core/u_b/u_b_core/core/core/l5/gk.frontend/win/bank_gen[1].mem_reg_3/CLKARDCLK	u_top/u_core/u_b/u_b_core/core/core/l5/gk.frontend/win/shift_reg[19][111]/D
-0.046	u_top/u_core/u_b/u_b_core/core/core/l4/post/meta_group_reg[8][1]/C	u_top/u_core/u_b/u_b_core/core/core/l4/post/output_slot_reg[0][75]/D
-0.046	u_top/u_core/u_b/u_b_core/core/core/l5/mac/mac/tree_stage[6].valid_q_reg[7]/C	u_top/u_core/u_b/u_b_core/core/core/l5/mac/mac/out_lane[2].mult_lane[1].operand_pipe.weight_q_reg[1]/R
-0.046	u_top/u_core/u_b/u_b_core/core/core/shuffle/busy_reg/C	u_top/u_core/u_b/u_b_core/core/core/l5/gk.frontend/win/shift_reg[21][243]/R
-0.046	u_top/u_core/u_b/u_b_core/core/core/shuffle/busy_reg/C	u_top/u_core/u_b/u_b_core/core/core/l5/gk.frontend/win/shift_reg[21][68]/R
-0.046	u_top/u_core/u_b/u_b_core/core/core/shuffle/busy_reg/C	u_top/u_core/u_b/u_b_core/core/core/l5/gk.frontend/win/shift_reg[22][176]/R
-0.046	u_top/u_core/u_b/u_b_core/core/core/l5/gk.frontend/win/shift_reg[8][186]/C	u_top/u_core/u_b/u_b_core/core/core/l5/gk.frontend/fifo/g_wide_read.g_read_slice[34].mem_slice_reg_0_3_54_59/RAMC/I
-0.046	u_top/u_core/u_b/u_b_core/core/core/shuffle/busy_reg/C	u_top/u_core/u_b/u_b_core/core/core/l5/gk.frontend/win/shift_reg[15][153]/R
-0.046	u_top/u_core/u_b/u_b_core/core/core/shuffle/busy_reg/C	u_top/u_core/u_b/u_b_core/core/core/l5/gk.frontend/win/shift_reg[21][161]/R
-0.046	u_top/u_core/u_b/u_b_core/core/core/shuffle/busy_reg/C	u_top/u_core/u_b/u_b_core/core/core/l5/gk.frontend/win/shift_reg[23][109]/R
-0.046	u_top/u_core/u_b/u_b_core/core/core/l5/mac/issue/out_phase_reg[1]/C	u_top/u_core/u_b/u_b_core/core/core/l5/mac/mac/out_lane[0].mult_lane[47].operand_pipe.weight_q_reg[7]/D
-0.046	u_top/u_core/u_b/u_b_core/core/core/l5/mac/mac/tree_stage[6].valid_q_reg[7]/C	u_top/u_core/u_b/u_b_core/core/core/l5/mac/issue/out_phase_reg[1]_rep__8_replica_1/D
-0.046	u_top/u_core/u_b/u_b_core/core/core/l5/mac/mac/tree_stage[6].valid_q_reg[7]/C	u_top/u_core/u_b/u_b_core/core/core/l5/mac/mac/tree_stage[2].channel[2].node[5].pair.sums_q_reg[2][2][5][20]/CE
-0.046	u_top/u_core/u_b/u_b_core/core/core/l5/mac/mac/tree_stage[6].valid_q_reg[7]/C	u_top/u_core/u_b/u_b_core/core/core/l5/mac/mac/tree_stage[2].channel[2].node[5].pair.sums_q_reg[2][2][5][21]/CE
-0.046	u_top/u_core/u_b/u_b_core/core/core/l5/mac/mac/tree_stage[6].valid_q_reg[7]/C	u_top/u_core/u_b/u_b_core/core/core/l5/mac/mac/tree_stage[2].channel[2].node[5].pair.sums_q_reg[2][2][5][22]/CE
-0.046	u_top/u_core/u_b/u_b_core/core/core/l5/mac/mac/tree_stage[6].valid_q_reg[7]/C	u_top/u_core/u_b/u_b_core/core/core/l5/mac/mac/tree_stage[2].channel[2].node[5].pair.sums_q_reg[2][2][5][23]/CE
-0.046	u_top/u_core/u_b/u_b_core/core/core/l5/mac/issue/out_window_reg[3081]/C	u_top/u_core/u_b/u_b_core/core/core/l5/mac/mac/out_lane[0].mult_lane[12].operand_pipe.act_q_reg[9]/D
-0.046	u_top/u_core/u_b/u_b_core/core/core/l5/mac/issue/out_phase_reg[1]_rep__11/C	u_top/u_core/u_b/u_b_core/core/core/l5/mac/mac/out_lane[1].mult_lane[40].operand_pipe.act_q_reg[5]/D
-0.045	u_top/u_core/u_b/u_b_core/core/core/l5/gk.frontend/win/shift_reg[16][166]/C	u_top/u_core/u_b/u_b_core/core/core/l5/gk.frontend/fifo/g_wide_read.g_read_slice[66].mem_slice_reg_0_3_36_41/RAMB/I
-0.045	u_top/u_core/u_b/u_b_core/core/core/l1/post/units[0].post/prelu_rounded_magnitude_s3_reg[0]/C	u_top/u_core/u_b/u_b_core/core/core/l1/post/units[0].post/requant_product_s50/B[14]
-0.045	u_top/u_core/u_b/u_b_core/core/core/l5/mac/mac/out_lane[1].mult_lane[12].operand_pipe.act_q_reg[5]/C	u_top/u_core/u_b/u_b_core/core/core/l5/mac/mac/out_lane[1].mult_lane[12].operand_pipe.sums_q_reg[0][1][12]/A[5]
-0.045	u_top/u_core/u_b/u_b_core/core/core/l5/gk.frontend/win/bank_gen[3].mem_reg_5/CLKARDCLK	u_top/u_core/u_b/u_b_core/core/core/l5/gk.frontend/win/shift_reg[4][205]/D
-0.045	u_top/u_core/u_b/u_b_core/core/core/l5/mac/issue/out_phase_reg[0]_rep__11/C	u_top/u_core/u_b/u_b_core/core/core/l5/mac/mac/out_lane[1].mult_lane[24].operand_pipe.act_q_reg[12]/D
-0.045	u_top/u_core/u_b/u_b_core/core/core/l5/gk.frontend/win/bank_gen[3].mem_reg_1/CLKARDCLK	u_top/u_core/u_b/u_b_core/core/core/l5/gk.frontend/win/shift_reg[9][71]/D
-0.045	u_top/u_core/u_b/u_b_core/core/core/l5/mac/issue/out_phase_reg[0]_rep__11/C	u_top/u_core/u_b/u_b_core/core/core/l5/mac/mac/out_lane[1].mult_lane[24].operand_pipe.act_q_reg[1]/D
-0.045	u_top/u_core/u_b/u_b_core/core/core/l5/mac/issue/out_phase_reg[2]_rep__0/C	u_top/u_core/u_b/u_b_core/core/core/l5/mac/mac/out_lane[3].mult_lane[29].operand_pipe.weight_q_reg[0]/D
-0.045	u_top/u_core/u_b/u_b_core/core/core/l5/mac/issue/out_phase_reg[2]_rep__1/C	u_top/u_core/u_b/u_b_core/core/core/l5/mac/mac/out_lane[1].mult_lane[45].operand_pipe.weight_q_reg[0]/R
-0.045	u_top/u_core/u_b/u_b_core/core/core/l1/gk.frontend/win/bank_gen[2].mem_reg/CLKARDCLK	u_top/u_core/u_b/u_b_core/core/core/l1/gk.frontend/win/shift_reg[14][3]/D
-0.045	u_top/u_core/u_b/u_b_core/core/core/l5/mac/mac/tree_stage[6].valid_q_reg[7]/C	u_top/u_core/u_b/u_b_core/core/core/l5/mac/issue/out_window_reg[3090]/CE
-0.045	u_top/u_core/u_b/u_b_core/core/core/l5/mac/mac/tree_stage[6].valid_q_reg[7]/C	u_top/u_core/u_b/u_b_core/core/core/l5/mac/issue/out_window_reg[3091]/CE
-0.045	u_top/u_core/u_b/u_b_core/core/core/l5/mac/mac/tree_stage[6].valid_q_reg[7]/C	u_top/u_core/u_b/u_b_core/core/core/l5/mac/issue/out_window_reg[3092]/CE
-0.045	u_top/u_core/u_b/u_b_core/core/core/l5/mac/mac/tree_stage[6].valid_q_reg[7]/C	u_top/u_core/u_b/u_b_core/core/core/l5/mac/issue/out_window_reg[3093]/CE
-0.045	u_top/u_core/u_b/u_b_core/core/core/l5/mac/mac/tree_stage[6].valid_q_reg[7]/C	u_top/u_core/u_b/u_b_core/core/core/l5/mac/issue/out_window_reg[3094]/CE
-0.045	u_top/u_core/u_b/u_b_core/core/core/l5/mac/mac/tree_stage[6].valid_q_reg[7]/C	u_top/u_core/u_b/u_b_core/core/core/l5/mac/issue/out_window_reg[3095]/CE
-0.045	u_top/u_core/u_b/u_b_core/core/core/l5/gk.frontend/win/bank_gen[1].mem_reg_5/CLKARDCLK	u_top/u_core/u_b/u_b_core/core/core/l5/gk.frontend/win/shift_reg[19][197]/D
-0.045	u_top/u_core/u_b/u_b_core/core/core/l5/gk.frontend/win/bank_gen[1].mem_reg_3/CLKARDCLK	u_top/u_core/u_b/u_b_core/core/core/l5/gk.frontend/win/shift_reg[14][125]/D
-0.045	u_top/u_core/u_b/u_b_core/core/core/shuffle/busy_reg/C	u_top/u_core/u_b/u_b_core/core/core/l5/gk.frontend/win/shift_reg[12][25]/R
-0.045	u_top/u_core/u_ctrl/start_b_reg/C	u_top/u_core/u_in/req_addr_q_reg[4]_rep__4/CE
-0.045	u_top/u_core/u_ctrl/start_b_reg/C	u_top/u_core/u_in/req_addr_q_reg[8]_rep__4/CE
-0.045	u_top/u_core/u_b/u_b_core/core/core/l5/mac/mac/out_lane[1].mult_lane[2].operand_pipe.weight_q_reg[7]/C	u_top/u_core/u_b/u_b_core/core/core/l5/mac/mac/out_lane[1].mult_lane[2].operand_pipe.sums_q_reg[0][1][2]/B[7]
-0.044	u_top/u_core/u_b/u_b_core/core/core/l5/mac/issue/out_phase_reg[1]_rep__12/C	u_top/u_core/u_b/u_b_core/core/core/l5/mac/mac/out_lane[1].mult_lane[38].operand_pipe.act_q_reg[9]/D
-0.044	u_top/u_core/u_b/u_b_core/core/core/l3/gk.frontend/win/row_mod_d_reg[0]_rep/C	u_top/u_core/u_b/u_b_core/core/core/l3/gk.frontend/win/shift_reg[2][123]/D
-0.044	u_top/u_core/u_b/u_b_core/core/core/l5/mac/mac/tree_stage[6].valid_q_reg[7]/C	u_top/u_core/u_b/u_b_core/core/core/l5/mac/issue/out_window_reg[1264]/CE
-0.044	u_top/u_core/u_b/u_b_core/core/core/l5/mac/mac/tree_stage[6].valid_q_reg[7]/C	u_top/u_core/u_b/u_b_core/core/core/l5/mac/issue/out_window_reg[1265]/CE
-0.044	u_top/u_core/u_b/u_b_core/core/core/l5/mac/mac/tree_stage[6].valid_q_reg[7]/C	u_top/u_core/u_b/u_b_core/core/core/l5/mac/issue/out_window_reg[1266]/CE
-0.044	u_top/u_core/u_b/u_b_core/core/core/l5/mac/mac/tree_stage[6].valid_q_reg[7]/C	u_top/u_core/u_b/u_b_core/core/core/l5/mac/issue/out_window_reg[1267]/CE
-0.044	u_top/u_core/u_b/u_b_core/core/core/l5/mac/mac/tree_stage[6].valid_q_reg[7]/C	u_top/u_core/u_b/u_b_core/core/core/l5/mac/issue/out_window_reg[1268]/CE
-0.044	u_top/u_core/u_b/u_b_core/core/core/l5/mac/mac/tree_stage[6].valid_q_reg[7]/C	u_top/u_core/u_b/u_b_core/core/core/l5/mac/issue/out_window_reg[1269]/CE
-0.044	u_top/u_core/u_b/u_b_core/core/core/l5/mac/issue/out_window_reg[3758]/C	u_top/u_core/u_b/u_b_core/core/core/l5/mac/mac/out_lane[0].mult_lane[14].operand_pipe.act_q_reg[14]/D
-0.044	u_top/u_core/u_b/u_b_core/core/core/l5/mac/mac/tree_stage[6].valid_q_reg[7]/C	u_top/u_core/u_b/u_b_core/core/core/l5/mac/issue/out_window_reg[1304]/CE
-0.044	u_top/u_core/u_b/u_b_core/core/core/l5/mac/mac/tree_stage[6].valid_q_reg[7]/C	u_top/u_core/u_b/u_b_core/core/core/l5/mac/issue/out_window_reg[1305]/CE
-0.044	u_top/u_core/u_b/u_b_core/core/core/l5/mac/mac/tree_stage[6].valid_q_reg[7]/C	u_top/u_core/u_b/u_b_core/core/core/l5/mac/issue/out_window_reg[1306]/CE
-0.044	u_top/u_core/u_b/u_b_core/core/core/l5/mac/mac/tree_stage[6].valid_q_reg[7]/C	u_top/u_core/u_b/u_b_core/core/core/l5/mac/issue/out_window_reg[1307]/CE
-0.044	u_top/u_core/u_b/u_b_core/core/core/l5/mac/mac/tree_stage[6].valid_q_reg[7]/C	u_top/u_core/u_b/u_b_core/core/core/l5/mac/issue/out_window_reg[1308]/CE
-0.044	u_top/u_core/u_b/u_b_core/core/core/l5/mac/mac/tree_stage[6].valid_q_reg[7]/C	u_top/u_core/u_b/u_b_core/core/core/l5/mac/issue/out_window_reg[1309]/CE
-0.044	u_top/u_core/u_b/u_b_core/core/core/l5/mac/issue/out_phase_reg[2]_rep__4/C	u_top/u_core/u_b/u_b_core/core/core/l5/mac/mac/out_lane[2].mult_lane[28].operand_pipe.act_q_reg[14]/D
-0.043	u_top/u_core/u_b/u_b_core/core/core/l5/mac/mac/tree_stage[6].valid_q_reg[7]/C	u_top/u_core/u_b/u_b_core/core/core/l5/mac/mac/out_lane[2].mult_lane[27].operand_pipe.weight_q_reg[3]/R
-0.043	u_top/u_core/u_b/u_b_core/core/core/l5/mac/mac/tree_stage[6].valid_q_reg[7]/C	u_top/u_core/u_b/u_b_core/core/core/l5/mac/mac/out_lane[3].mult_lane[31].operand_pipe.weight_q_reg[4]/R
-0.043	u_top/u_core/u_b/u_b_core/core/core/l5/mac/mac/tree_stage[6].valid_q_reg[7]/C	u_top/u_core/u_b/u_b_core/core/core/l5/mac/mac/out_lane[3].mult_lane[31].operand_pipe.weight_q_reg[6]/R
-0.043	u_top/u_core/u_b/u_b_core/core/core/shuffle/busy_reg/C	u_top/u_core/u_b/u_b_core/core/core/l5/gk.frontend/win/shift_reg[17][39]/R
-0.043	u_top/u_core/u_b/u_b_core/core/core/l5/mac/issue/out_phase_reg[0]_rep__0/C	u_top/u_core/u_b/u_b_core/core/core/l5/mac/mac/out_lane[2].mult_lane[3].operand_pipe.act_q_reg[14]/D
-0.043	u_top/u_core/u_b/u_b_core/core/core/l5/gk.frontend/win/shift_reg[20][14]/C	u_top/u_core/u_b/u_b_core/core/core/l5/gk.frontend/fifo/g_wide_read.g_read_slice[80].mem_slice_reg_0_3_12_17/RAMB/I
-0.043	u_top/u_core/u_b/u_b_core/core/core/l5/mac/issue/out_phase_reg[0]_rep__6/C	u_top/u_core/u_b/u_b_core/core/core/l5/mac/mac/out_lane[3].mult_lane[38].operand_pipe.act_q_reg[14]/D
-0.043	u_top/u_core/u_b/u_b_core/core/core/l5/gk.frontend/pad/interior_x_reg/C	u_top/u_core/u_b/u_b_core/core/core/l5/gk.frontend/win/bank_gen[0].mem_reg_5/DIADI[29]
-0.043	u_top/u_core/u_b/u_b_core/core/core/l5/gk.frontend/win/row_mod_d_reg[0]_rep__3/C	u_top/u_core/u_b/u_b_core/core/core/l5/gk.frontend/win/shift_reg[4][101]/D
-0.043	u_top/u_core/u_b/u_b_core/core/core/shuffle/busy_reg/C	u_top/u_core/u_b/u_b_core/core/core/l5/gk.frontend/win/shift_reg[20][18]/R
-0.043	u_top/u_core/u_b/u_b_core/core/core/shuffle/busy_reg/C	u_top/u_core/u_b/u_b_core/core/core/l5/gk.frontend/win/shift_reg[20][23]/R
-0.043	u_top/u_core/u_b/u_b_core/core/core/shuffle/busy_reg/C	u_top/u_core/u_b/u_b_core/core/core/l5/gk.frontend/win/shift_reg[21][133]/R
-0.043	u_top/u_core/u_b/u_b_core/core/core/shuffle/busy_reg/C	u_top/u_core/u_b/u_b_core/core/core/l5/gk.frontend/win/shift_reg[21][146]/R
-0.043	u_top/u_core/u_b/u_b_core/core/core/shuffle/busy_reg/C	u_top/u_core/u_b/u_b_core/core/core/l5/gk.frontend/win/shift_reg[21][81]/R
-0.043	u_top/u_core/u_b/u_b_core/core/core/shuffle/busy_reg/C	u_top/u_core/u_b/u_b_core/core/core/l5/gk.frontend/win/shift_reg[22][102]/R
-0.043	u_top/u_core/u_b/u_b_core/core/core/shuffle/busy_reg/C	u_top/u_core/u_b/u_b_core/core/core/l5/gk.frontend/win/shift_reg[22][131]/R
-0.043	u_top/u_core/u_b/u_b_core/core/core/shuffle/busy_reg/C	u_top/u_core/u_b/u_b_core/core/core/l5/gk.frontend/win/shift_reg[22][76]/R
-0.043	u_top/u_core/u_b/u_b_core/core/core/l5/mac/mac/tree_stage[6].valid_q_reg[7]/C	u_top/u_core/u_b/u_b_core/core/core/l5/mac/issue/out_window_reg[2654]/CE
-0.043	u_top/u_core/u_b/u_b_core/core/core/l5/mac/mac/tree_stage[6].valid_q_reg[7]/C	u_top/u_core/u_b/u_b_core/core/core/l5/mac/issue/out_window_reg[2655]/CE
-0.043	u_top/u_core/u_b/u_b_core/core/core/l5/mac/mac/tree_stage[6].valid_q_reg[7]/C	u_top/u_core/u_b/u_b_core/core/core/l5/mac/issue/out_window_reg[2656]/CE
-0.043	u_top/u_core/u_b/u_b_core/core/core/l5/mac/mac/tree_stage[6].valid_q_reg[7]/C	u_top/u_core/u_b/u_b_core/core/core/l5/mac/issue/out_window_reg[2657]/CE
-0.043	u_top/u_core/u_b/u_b_core/core/core/l5/mac/mac/tree_stage[6].valid_q_reg[7]/C	u_top/u_core/u_b/u_b_core/core/core/l5/mac/issue/out_window_reg[2658]/CE
-0.043	u_top/u_core/u_b/u_b_core/core/core/l5/mac/mac/tree_stage[6].valid_q_reg[7]/C	u_top/u_core/u_b/u_b_core/core/core/l5/mac/issue/out_window_reg[2659]/CE
-0.043	u_top/u_core/u_b/u_b_core/core/core/l5/mac/issue/out_phase_reg[1]_rep__16/C	u_top/u_core/u_b/u_b_core/core/core/l5/mac/mac/out_lane[1].mult_lane[13].operand_pipe.weight_q_reg[3]/D
-0.043	u_top/u_core/u_b/u_b_core/core/core/l5/mac/issue/out_phase_reg[2]_rep__8/C	u_top/u_core/u_b/u_b_core/core/core/l5/mac/mac/out_lane[2].mult_lane[36].operand_pipe.weight_q_reg[5]/R
-0.043	u_top/u_core/u_b/u_b_core/core/core/l5/mac/mac/tree_stage[6].valid_q_reg[7]/C	u_top/u_core/u_b/u_b_core/core/core/l5/mac/issue/out_phase_reg[1]_rep__8/D
-0.043	u_top/u_core/u_b/u_b_core/core/core/l5/gk.frontend/fifo/wr_ptr_reg[0]_rep__5/C	u_top/u_core/u_b/u_b_core/core/core/l5/gk.frontend/fifo/g_wide_read.g_read_slice[7].mem_slice_reg_0_3_42_47/RAMA/WADR0
-0.043	u_top/u_core/u_b/u_b_core/core/core/l5/gk.frontend/fifo/wr_ptr_reg[0]_rep__5/C	u_top/u_core/u_b/u_b_core/core/core/l5/gk.frontend/fifo/g_wide_read.g_read_slice[7].mem_slice_reg_0_3_42_47/RAMA_D1/WADR0
-0.043	u_top/u_core/u_b/u_b_core/core/core/l5/gk.frontend/fifo/wr_ptr_reg[0]_rep__5/C	u_top/u_core/u_b/u_b_core/core/core/l5/gk.frontend/fifo/g_wide_read.g_read_slice[7].mem_slice_reg_0_3_42_47/RAMB/WADR0
-0.043	u_top/u_core/u_b/u_b_core/core/core/l5/gk.frontend/fifo/wr_ptr_reg[0]_rep__5/C	u_top/u_core/u_b/u_b_core/core/core/l5/gk.frontend/fifo/g_wide_read.g_read_slice[7].mem_slice_reg_0_3_42_47/RAMB_D1/WADR0
-0.043	u_top/u_core/u_b/u_b_core/core/core/l5/gk.frontend/fifo/wr_ptr_reg[0]_rep__5/C	u_top/u_core/u_b/u_b_core/core/core/l5/gk.frontend/fifo/g_wide_read.g_read_slice[7].mem_slice_reg_0_3_42_47/RAMC/WADR0
-0.043	u_top/u_core/u_b/u_b_core/core/core/l5/gk.frontend/fifo/wr_ptr_reg[0]_rep__5/C	u_top/u_core/u_b/u_b_core/core/core/l5/gk.frontend/fifo/g_wide_read.g_read_slice[7].mem_slice_reg_0_3_42_47/RAMC_D1/WADR0
-0.043	u_top/u_core/u_b/u_b_core/core/core/l5/gk.frontend/fifo/wr_ptr_reg[0]_rep__5/C	u_top/u_core/u_b/u_b_core/core/core/l5/gk.frontend/fifo/g_wide_read.g_read_slice[7].mem_slice_reg_0_3_42_47/RAMD/ADR0
-0.043	u_top/u_core/u_b/u_b_core/core/core/l5/gk.frontend/fifo/wr_ptr_reg[0]_rep__5/C	u_top/u_core/u_b/u_b_core/core/core/l5/gk.frontend/fifo/g_wide_read.g_read_slice[7].mem_slice_reg_0_3_42_47/RAMD_D1/ADR0
-0.043	u_top/u_core/u_b/u_b_core/core/core/l5/mac/mac/tree_stage[6].valid_q_reg[7]/C	u_top/u_core/u_b/u_b_core/core/core/l5/gk.frontend/fifo/g_wide_read.g_read_slice[29].rd_ptr_local_reg[0]/R
-0.043	u_top/u_core/u_b/u_b_core/core/core/l5/mac/mac/tree_stage[6].valid_q_reg[7]/C	u_top/u_core/u_b/u_b_core/core/core/l5/gk.frontend/fifo/g_wide_read.g_read_slice[29].rd_ptr_local_reg[1]/R
-0.043	u_top/u_core/u_b/u_b_core/core/core/l5/mac/issue/out_phase_reg[1]_rep__2/C	u_top/u_core/u_b/u_b_core/core/core/l5/mac/mac/out_lane[0].mult_lane[28].operand_pipe.act_q_reg[6]/D
-0.043	u_top/u_core/u_b/u_b_core/core/core/l5/mac/mac/tree_stage[6].valid_q_reg[7]/C	u_top/u_core/u_b/u_b_core/core/core/l5/mac/issue/out_window_reg[1246]/CE
-0.043	u_top/u_core/u_b/u_b_core/core/core/l5/mac/mac/tree_stage[6].valid_q_reg[7]/C	u_top/u_core/u_b/u_b_core/core/core/l5/mac/issue/out_window_reg[1247]/CE
-0.043	u_top/u_core/u_b/u_b_core/core/core/l5/mac/mac/tree_stage[6].valid_q_reg[7]/C	u_top/u_core/u_b/u_b_core/core/core/l5/mac/issue/out_window_reg[1248]/CE
-0.043	u_top/u_core/u_b/u_b_core/core/core/l5/mac/mac/tree_stage[6].valid_q_reg[7]/C	u_top/u_core/u_b/u_b_core/core/core/l5/mac/issue/out_window_reg[1249]/CE
-0.043	u_top/u_core/u_b/u_b_core/core/core/l5/mac/mac/tree_stage[6].valid_q_reg[7]/C	u_top/u_core/u_b/u_b_core/core/core/l5/mac/issue/out_window_reg[1250]/CE
-0.043	u_top/u_core/u_b/u_b_core/core/core/l5/mac/mac/tree_stage[6].valid_q_reg[7]/C	u_top/u_core/u_b/u_b_core/core/core/l5/mac/issue/out_window_reg[1251]/CE
-0.042	u_top/u_core/u_b/u_b_core/core/core/l5/mac/issue/out_phase_reg[1]_rep__12/C	u_top/u_core/u_b/u_b_core/core/core/l5/mac/mac/out_lane[3].mult_lane[37].operand_pipe.act_q_reg[12]/D
-0.042	u_top/u_core/u_b/u_b_core/core/core/l5/mac/issue/out_phase_reg[0]_rep__15/C	u_top/u_core/u_b/u_b_core/core/core/l5/mac/mac/out_lane[0].mult_lane[17].operand_pipe.weight_q_reg[4]/D
-0.042	u_top/u_core/u_pp/wr_cnt_q_reg[12]/C	u_top/u_core/u_pp/u_bank1/mem_reg_bram_2/ENARDEN
-0.042	u_top/u_core/u_b/u_b_core/core/core/l3/gk.frontend/win/row_mod_d_reg[0]_rep/C	u_top/u_core/u_b/u_b_core/core/core/l3/gk.frontend/win/shift_reg[2][113]/D
-0.042	u_top/u_core/u_b/u_b_core/core/core/l5/mac/issue/out_phase_reg[2]_rep__6/C	u_top/u_core/u_b/u_b_core/core/core/l5/mac/mac/out_lane[2].mult_lane[48].operand_pipe.act_q_reg[2]/D
-0.042	u_top/u_core/u_b/u_b_core/core/core/l5/mac/issue/out_phase_reg[2]_rep__3/C	u_top/u_core/u_b/u_b_core/core/core/l5/mac/mac/out_lane[3].mult_lane[15].operand_pipe.act_q_reg[0]/D
-0.042	u_top/u_core/u_b/u_b_core/core/core/l5/gk.frontend/win/bank_gen[0].mem_reg_6/CLKARDCLK	u_top/u_core/u_b/u_b_core/core/core/l5/gk.frontend/win/shift_reg[9][222]/D
-0.042	u_top/u_core/u_b/u_b_core/core/core/l5/mac/issue/out_window_reg[1294]/C	u_top/u_core/u_b/u_b_core/core/core/l5/mac/mac/out_lane[3].mult_lane[5].operand_pipe.act_q_reg[14]/D
-0.042	u_top/u_core/u_b/u_b_core/core/core/l5/mac/mac/tree_stage[6].valid_q_reg[7]/C	u_top/u_core/u_b/u_b_core/core/core/l5/mac/issue/out_window_reg[682]/CE
-0.042	u_top/u_core/u_b/u_b_core/core/core/l5/mac/mac/tree_stage[6].valid_q_reg[7]/C	u_top/u_core/u_b/u_b_core/core/core/l5/mac/issue/out_window_reg[683]/CE
-0.042	u_top/u_core/u_b/u_b_core/core/core/l5/mac/mac/tree_stage[6].valid_q_reg[7]/C	u_top/u_core/u_b/u_b_core/core/core/l5/mac/issue/out_window_reg[684]/CE
-0.042	u_top/u_core/u_b/u_b_core/core/core/l5/mac/mac/tree_stage[6].valid_q_reg[7]/C	u_top/u_core/u_b/u_b_core/core/core/l5/mac/issue/out_window_reg[685]/CE
-0.042	u_top/u_core/u_b/u_b_core/core/core/l5/mac/mac/tree_stage[6].valid_q_reg[7]/C	u_top/u_core/u_b/u_b_core/core/core/l5/mac/issue/out_window_reg[686]/CE
-0.042	u_top/u_core/u_b/u_b_core/core/core/l5/mac/mac/tree_stage[6].valid_q_reg[7]/C	u_top/u_core/u_b/u_b_core/core/core/l5/mac/issue/out_window_reg[687]/CE
-0.042	u_top/u_core/u_b/u_b_core/core/core/l5/gk.frontend/fifo/wr_ptr_reg[1]/C	u_top/u_core/u_b/u_b_core/core/core/l5/gk.frontend/fifo/g_wide_read.g_read_slice[89].mem_slice_reg_0_3_24_29/RAMA/WADR1
-0.042	u_top/u_core/u_b/u_b_core/core/core/l5/gk.frontend/fifo/wr_ptr_reg[1]/C	u_top/u_core/u_b/u_b_core/core/core/l5/gk.frontend/fifo/g_wide_read.g_read_slice[89].mem_slice_reg_0_3_24_29/RAMA_D1/WADR1
-0.042	u_top/u_core/u_b/u_b_core/core/core/l5/gk.frontend/fifo/wr_ptr_reg[1]/C	u_top/u_core/u_b/u_b_core/core/core/l5/gk.frontend/fifo/g_wide_read.g_read_slice[89].mem_slice_reg_0_3_24_29/RAMB/WADR1
-0.042	u_top/u_core/u_b/u_b_core/core/core/l5/gk.frontend/fifo/wr_ptr_reg[1]/C	u_top/u_core/u_b/u_b_core/core/core/l5/gk.frontend/fifo/g_wide_read.g_read_slice[89].mem_slice_reg_0_3_24_29/RAMB_D1/WADR1
-0.042	u_top/u_core/u_b/u_b_core/core/core/l5/gk.frontend/fifo/wr_ptr_reg[1]/C	u_top/u_core/u_b/u_b_core/core/core/l5/gk.frontend/fifo/g_wide_read.g_read_slice[89].mem_slice_reg_0_3_24_29/RAMC/WADR1
-0.042	u_top/u_core/u_b/u_b_core/core/core/l5/gk.frontend/fifo/wr_ptr_reg[1]/C	u_top/u_core/u_b/u_b_core/core/core/l5/gk.frontend/fifo/g_wide_read.g_read_slice[89].mem_slice_reg_0_3_24_29/RAMC_D1/WADR1
-0.042	u_top/u_core/u_b/u_b_core/core/core/l5/gk.frontend/fifo/wr_ptr_reg[1]/C	u_top/u_core/u_b/u_b_core/core/core/l5/gk.frontend/fifo/g_wide_read.g_read_slice[89].mem_slice_reg_0_3_24_29/RAMD/ADR1
-0.042	u_top/u_core/u_b/u_b_core/core/core/l5/gk.frontend/fifo/wr_ptr_reg[1]/C	u_top/u_core/u_b/u_b_core/core/core/l5/gk.frontend/fifo/g_wide_read.g_read_slice[89].mem_slice_reg_0_3_24_29/RAMD_D1/ADR1
-0.042	u_top/u_core/u_b/u_b_core/core/core/l1/gk.frontend/win/bank_gen[2].mem_reg/CLKARDCLK	u_top/u_core/u_b/u_b_core/core/core/l1/gk.frontend/win/shift_reg[19][3]/D
-0.042	u_top/u_core/u_b/u_b_core/core/core/l5/gk.frontend/win/bank_gen[0].mem_reg_6/CLKARDCLK	u_top/u_core/u_b/u_b_core/core/core/l5/gk.frontend/win/shift_reg[14][219]/D
-0.042	u_top/u_core/u_b/u_b_core/core/core/l5/mac/mac/tree_stage[6].valid_q_reg[7]/C	u_top/u_core/u_b/u_b_core/core/core/l5/mac/issue/out_window_reg[1316]/CE
-0.042	u_top/u_core/u_b/u_b_core/core/core/l5/mac/mac/tree_stage[6].valid_q_reg[7]/C	u_top/u_core/u_b/u_b_core/core/core/l5/mac/issue/out_window_reg[1317]/CE
-0.042	u_top/u_core/u_b/u_b_core/core/core/l5/mac/mac/tree_stage[6].valid_q_reg[7]/C	u_top/u_core/u_b/u_b_core/core/core/l5/mac/issue/out_window_reg[1318]/CE
-0.042	u_top/u_core/u_b/u_b_core/core/core/l5/mac/mac/tree_stage[6].valid_q_reg[7]/C	u_top/u_core/u_b/u_b_core/core/core/l5/mac/issue/out_window_reg[1319]/CE
-0.042	u_top/u_core/u_b/u_b_core/core/core/l5/mac/mac/tree_stage[6].valid_q_reg[7]/C	u_top/u_core/u_b/u_b_core/core/core/l5/mac/issue/out_window_reg[1320]/CE
-0.042	u_top/u_core/u_b/u_b_core/core/core/l5/mac/mac/tree_stage[6].valid_q_reg[7]/C	u_top/u_core/u_b/u_b_core/core/core/l5/mac/issue/out_window_reg[1321]/CE
-0.042	u_top/u_core/u_ctrl/start_b_reg/C	u_top/u_core/u_in/req_addr_q_reg[11]_rep__3/CE
-0.041	u_top/u_core/u_b/u_b_core/core/core/l5/mac/issue/out_phase_reg[2]_rep__3/C	u_top/u_core/u_b/u_b_core/core/core/l5/mac/mac/out_lane[0].mult_lane[27].operand_pipe.weight_q_reg[1]/D
-0.041	u_top/u_core/u_b/u_b_core/core/core/l5/gk.frontend/pad/interior_x_reg/C	u_top/u_core/u_b/u_b_core/core/core/l5/gk.frontend/win/bank_gen[0].mem_reg_2/DIADI[23]
-0.041	u_top/u_core/u_b/u_b_core/core/core/l5/gk.frontend/win/row_mod_d_reg[0]_rep__3/C	u_top/u_core/u_b/u_b_core/core/core/l5/gk.frontend/win/shift_reg[4][107]/D
-0.041	u_top/u_core/u_b/u_b_core/core/core/l5/gk.frontend/fifo/g_wide_read.g_read_slice[38].rd_ptr_local_reg[0]/C	u_top/u_core/u_b/u_b_core/core/core/l5/mac/issue/out_window_reg[2480]/D
-0.041	u_top/u_core/u_b/u_b_core/core/core/l5/gk.frontend/fifo/count_reg[2]/C	u_top/u_core/u_b/u_b_core/core/core/l5/gk.frontend/fifo/g_wide_read.g_read_slice[74].mem_slice_reg_0_3_42_47/RAMA/WE
-0.041	u_top/u_core/u_b/u_b_core/core/core/l5/gk.frontend/fifo/count_reg[2]/C	u_top/u_core/u_b/u_b_core/core/core/l5/gk.frontend/fifo/g_wide_read.g_read_slice[74].mem_slice_reg_0_3_42_47/RAMA_D1/WE
-0.041	u_top/u_core/u_b/u_b_core/core/core/l5/gk.frontend/fifo/count_reg[2]/C	u_top/u_core/u_b/u_b_core/core/core/l5/gk.frontend/fifo/g_wide_read.g_read_slice[74].mem_slice_reg_0_3_42_47/RAMB/WE
-0.041	u_top/u_core/u_b/u_b_core/core/core/l5/gk.frontend/fifo/count_reg[2]/C	u_top/u_core/u_b/u_b_core/core/core/l5/gk.frontend/fifo/g_wide_read.g_read_slice[74].mem_slice_reg_0_3_42_47/RAMB_D1/WE
-0.041	u_top/u_core/u_b/u_b_core/core/core/l5/gk.frontend/fifo/count_reg[2]/C	u_top/u_core/u_b/u_b_core/core/core/l5/gk.frontend/fifo/g_wide_read.g_read_slice[74].mem_slice_reg_0_3_42_47/RAMC/WE
-0.041	u_top/u_core/u_b/u_b_core/core/core/l5/gk.frontend/fifo/count_reg[2]/C	u_top/u_core/u_b/u_b_core/core/core/l5/gk.frontend/fifo/g_wide_read.g_read_slice[74].mem_slice_reg_0_3_42_47/RAMC_D1/WE
-0.041	u_top/u_core/u_b/u_b_core/core/core/l5/gk.frontend/fifo/count_reg[2]/C	u_top/u_core/u_b/u_b_core/core/core/l5/gk.frontend/fifo/g_wide_read.g_read_slice[74].mem_slice_reg_0_3_42_47/RAMD/WE
-0.041	u_top/u_core/u_b/u_b_core/core/core/l5/gk.frontend/fifo/count_reg[2]/C	u_top/u_core/u_b/u_b_core/core/core/l5/gk.frontend/fifo/g_wide_read.g_read_slice[74].mem_slice_reg_0_3_42_47/RAMD_D1/WE
-0.041	u_top/u_core/u_b/u_b_core/core/core/l5/mac/issue/out_phase_reg[2]_replica_1/C	u_top/u_core/u_b/u_b_core/core/core/l5/mac/mac/out_lane[1].mult_lane[5].operand_pipe.act_q_reg[0]/D
-0.041	u_top/u_core/u_b/u_b_core/core/core/f45/g_narrow_read.rd_ptr_local_reg[1]_replica_3/C	u_top/u_core/u_b/u_b_core/core/core/l5/gk.frontend/win/bank_gen[3].mem_reg_0/DIADI[24]
-0.041	u_top/u_core/u_b/u_b_core/core/core/l5/mac/mac/out_lane[2].mult_lane[20].operand_pipe.act_q_reg[3]/C	u_top/u_core/u_b/u_b_core/core/core/l5/mac/mac/out_lane[2].mult_lane[20].operand_pipe.sums_q_reg[0][2][20]/A[3]
-0.041	u_top/u_core/u_b/u_b_core/core/core/l5/mac/issue/out_phase_reg[1]_rep__12/C	u_top/u_core/u_b/u_b_core/core/core/l5/mac/mac/out_lane[0].mult_lane[46].operand_pipe.act_q_reg[7]/D
-0.041	u_top/u_core/u_b/u_b_core/core/core/l5/gk.frontend/win/bank_gen[2].mem_reg_6/CLKARDCLK	u_top/u_core/u_b/u_b_core/core/core/l5/gk.frontend/win/shift_reg[9][234]/D
-0.041	u_top/u_core/u_b/u_b_core/core/core/f45/g_narrow_read.rd_ptr_local_reg[4]/C	u_top/u_core/u_b/u_b_core/core/core/l5/gk.frontend/win/bank_gen[2].mem_reg_2/DIADI[22]
-0.040	u_top/u_core/u_b/u_b_core/core/core/l5/mac/mac/out_lane[1].mult_lane[2].operand_pipe.act_q_reg[15]/C	u_top/u_core/u_b/u_b_core/core/core/l5/mac/mac/out_lane[1].mult_lane[2].operand_pipe.sums_q_reg[0][1][2]/A[20]
-0.040	u_top/u_core/u_b/u_b_core/core/core/l5/mac/mac/out_lane[1].mult_lane[2].operand_pipe.act_q_reg[15]/C	u_top/u_core/u_b/u_b_core/core/core/l5/mac/mac/out_lane[1].mult_lane[2].operand_pipe.sums_q_reg[0][1][2]/A[21]
-0.040	u_top/u_core/u_b/u_b_core/core/core/l5/mac/mac/out_lane[1].mult_lane[2].operand_pipe.act_q_reg[15]/C	u_top/u_core/u_b/u_b_core/core/core/l5/mac/mac/out_lane[1].mult_lane[2].operand_pipe.sums_q_reg[0][1][2]/A[22]
-0.040	u_top/u_core/u_b/u_b_core/core/core/l5/gk.frontend/win/bank_gen[1].mem_reg_6/CLKARDCLK	u_top/u_core/u_b/u_b_core/core/core/l5/gk.frontend/win/shift_reg[14][221]/D
-0.040	u_top/u_core/u_b/u_b_core/core/core/l5/mac/mac/tree_stage[6].valid_q_reg[7]/C	u_top/u_core/u_b/u_b_core/core/core/l5/gk.frontend/fifo/g_wide_read.g_read_slice[54].rd_ptr_local_reg[0]/CE
-0.040	u_top/u_core/u_b/u_b_core/core/core/l5/mac/mac/tree_stage[6].valid_q_reg[7]/C	u_top/u_core/u_b/u_b_core/core/core/l5/gk.frontend/fifo/g_wide_read.g_read_slice[54].rd_ptr_local_reg[1]/CE
-0.040	u_top/u_core/u_b/u_b_core/core/core/l5/mac/mac/tree_stage[6].valid_q_reg[7]/C	u_top/u_core/u_b/u_b_core/core/core/l5/mac/mac/tree_stage[2].channel[0].node[3].pair.sums_q_reg[2][0][3][20]/CE
-0.040	u_top/u_core/u_b/u_b_core/core/core/l5/mac/mac/tree_stage[6].valid_q_reg[7]/C	u_top/u_core/u_b/u_b_core/core/core/l5/mac/mac/tree_stage[2].channel[0].node[3].pair.sums_q_reg[2][0][3][21]/CE
-0.040	u_top/u_core/u_b/u_b_core/core/core/l5/mac/mac/tree_stage[6].valid_q_reg[7]/C	u_top/u_core/u_b/u_b_core/core/core/l5/mac/mac/tree_stage[2].channel[0].node[3].pair.sums_q_reg[2][0][3][22]/CE
-0.040	u_top/u_core/u_b/u_b_core/core/core/l5/mac/mac/tree_stage[6].valid_q_reg[7]/C	u_top/u_core/u_b/u_b_core/core/core/l5/mac/mac/tree_stage[2].channel[0].node[3].pair.sums_q_reg[2][0][3][23]/CE
-0.040	u_top/u_core/u_b/u_b_core/core/core/l5/mac/issue/out_phase_reg[0]_rep__2_replica_1/C	u_top/u_core/u_b/u_b_core/core/core/l5/mac/mac/out_lane[1].mult_lane[32].operand_pipe.act_q_reg[0]/D
-0.040	u_top/u_core/u_b/u_b_core/core/core/l5/mac/issue/out_phase_reg[2]_rep__3/C	u_top/u_core/u_b/u_b_core/core/core/l5/mac/mac/out_lane[0].mult_lane[16].operand_pipe.act_q_reg[11]/D
-0.040	u_top/u_core/u_pp/u_bank1/mem_reg_bram_25/CLKBWRCLK	u_top/u_core/u_pp/u_bank1/rd_data_reg[6]/D
-0.039	u_top/u_core/u_b/u_b_core/core/core/l5/gk.frontend/win/bank_gen[1].mem_reg_6/CLKARDCLK	u_top/u_core/u_b/u_b_core/core/core/l5/gk.frontend/win/shift_reg[4][239]/D
-0.039	u_top/u_core/u_b/u_b_core/core/core/l5/mac/mac/tree_stage[6].valid_q_reg[7]/C	u_top/u_core/u_b/u_b_core/core/core/l5/mac/issue/out_window_reg[5750]/CE
-0.039	u_top/u_core/u_b/u_b_core/core/core/l5/mac/mac/tree_stage[6].valid_q_reg[7]/C	u_top/u_core/u_b/u_b_core/core/core/l5/mac/issue/out_window_reg[5751]/CE
-0.039	u_top/u_core/u_b/u_b_core/core/core/l5/mac/mac/tree_stage[6].valid_q_reg[7]/C	u_top/u_core/u_b/u_b_core/core/core/l5/mac/issue/out_window_reg[5752]/CE
-0.039	u_top/u_core/u_b/u_b_core/core/core/l5/mac/mac/tree_stage[6].valid_q_reg[7]/C	u_top/u_core/u_b/u_b_core/core/core/l5/mac/issue/out_window_reg[5753]/CE
-0.039	u_top/u_core/u_b/u_b_core/core/core/l5/mac/mac/tree_stage[6].valid_q_reg[7]/C	u_top/u_core/u_b/u_b_core/core/core/l5/mac/issue/out_window_reg[5754]/CE
-0.039	u_top/u_core/u_b/u_b_core/core/core/l5/mac/mac/tree_stage[6].valid_q_reg[7]/C	u_top/u_core/u_b/u_b_core/core/core/l5/mac/issue/out_window_reg[5755]/CE
-0.039	u_top/u_core/u_b/u_b_core/core/core/l5/mac/mac/tree_stage[6].valid_q_reg[7]/C	u_top/u_core/u_b/u_b_core/core/core/l5/mac/issue/out_window_reg[2718]/CE
-0.039	u_top/u_core/u_b/u_b_core/core/core/l5/mac/mac/tree_stage[6].valid_q_reg[7]/C	u_top/u_core/u_b/u_b_core/core/core/l5/mac/issue/out_window_reg[2719]/CE
-0.039	u_top/u_core/u_b/u_b_core/core/core/l5/mac/mac/tree_stage[6].valid_q_reg[7]/C	u_top/u_core/u_b/u_b_core/core/core/l5/mac/issue/out_window_reg[2720]/CE
-0.039	u_top/u_core/u_b/u_b_core/core/core/l5/mac/mac/tree_stage[6].valid_q_reg[7]/C	u_top/u_core/u_b/u_b_core/core/core/l5/mac/issue/out_window_reg[2721]/CE
-0.039	u_top/u_core/u_b/u_b_core/core/core/l5/mac/mac/tree_stage[6].valid_q_reg[7]/C	u_top/u_core/u_b/u_b_core/core/core/l5/mac/issue/out_window_reg[2722]/CE
-0.039	u_top/u_core/u_b/u_b_core/core/core/l5/mac/mac/tree_stage[6].valid_q_reg[7]/C	u_top/u_core/u_b/u_b_core/core/core/l5/mac/issue/out_window_reg[2723]/CE
-0.039	u_top/u_core/u_b/u_b_core/core/core/l5/mac/mac/tree_stage[6].valid_q_reg[7]/C	u_top/u_core/u_b/u_b_core/core/core/l5/gk.frontend/fifo/g_wide_read.g_read_slice[25].rd_ptr_local_reg[0]/CE
-0.039	u_top/u_core/u_b/u_b_core/core/core/l5/mac/mac/tree_stage[6].valid_q_reg[7]/C	u_top/u_core/u_b/u_b_core/core/core/l5/gk.frontend/fifo/g_wide_read.g_read_slice[25].rd_ptr_local_reg[1]/CE
-0.039	u_top/u_core/u_b/u_b_core/core/core/l5/gk.frontend/win/bank_gen[3].mem_reg_0/CLKARDCLK	u_top/u_core/u_b/u_b_core/core/core/l5/gk.frontend/win/shift_reg[14][19]/D
-0.039	u_top/u_core/u_b/u_b_core/core/core/l5/mac/issue/out_phase_reg[1]_rep__12/C	u_top/u_core/u_b/u_b_core/core/core/l5/mac/mac/out_lane[2].mult_lane[39].operand_pipe.act_q_reg[10]/D
-0.039	u_top/u_core/u_b/u_b_core/core/core/shuffle/busy_reg/C	u_top/u_core/u_b/u_b_core/core/core/l5/gk.frontend/win/shift_reg[13][68]/R
-0.039	u_top/u_core/u_b/u_b_core/core/core/l5/mac/issue/out_phase_reg[0]_rep__9/C	u_top/u_core/u_b/u_b_core/core/core/l5/mac/mac/out_lane[2].mult_lane[45].operand_pipe.act_q_reg[2]/D
-0.039	u_top/u_core/u_b/u_b_core/core/core/l5/mac/mac/tree_stage[6].valid_q_reg[7]/C	u_top/u_core/u_b/u_b_core/core/core/l5/mac/issue/out_window_reg[1438]/CE
-0.039	u_top/u_core/u_b/u_b_core/core/core/l5/mac/mac/tree_stage[6].valid_q_reg[7]/C	u_top/u_core/u_b/u_b_core/core/core/l5/mac/issue/out_window_reg[1439]/CE
-0.039	u_top/u_core/u_b/u_b_core/core/core/l5/mac/mac/tree_stage[6].valid_q_reg[7]/C	u_top/u_core/u_b/u_b_core/core/core/l5/mac/issue/out_window_reg[1440]/CE
-0.039	u_top/u_core/u_b/u_b_core/core/core/l5/mac/mac/tree_stage[6].valid_q_reg[7]/C	u_top/u_core/u_b/u_b_core/core/core/l5/mac/issue/out_window_reg[1441]/CE
-0.039	u_top/u_core/u_b/u_b_core/core/core/l5/mac/mac/tree_stage[6].valid_q_reg[7]/C	u_top/u_core/u_b/u_b_core/core/core/l5/mac/issue/out_window_reg[1442]/CE
-0.039	u_top/u_core/u_b/u_b_core/core/core/l5/mac/mac/tree_stage[6].valid_q_reg[7]/C	u_top/u_core/u_b/u_b_core/core/core/l5/mac/issue/out_window_reg[1443]/CE
-0.039	u_top/u_core/u_b/u_b_core/core/core/shuffle/busy_reg/C	u_top/u_core/u_b/u_b_core/core/core/l5/gk.frontend/win/shift_reg[0][154]/R
-0.039	u_top/u_core/u_b/u_b_core/core/core/shuffle/busy_reg/C	u_top/u_core/u_b/u_b_core/core/core/l5/gk.frontend/win/shift_reg[1][152]/R
-0.039	u_top/u_core/u_b/u_b_core/core/core/shuffle/busy_reg/C	u_top/u_core/u_b/u_b_core/core/core/l5/gk.frontend/win/shift_reg[1][55]/R
-0.039	u_top/u_core/u_b/u_b_core/core/core/l5/mac/mac/tree_stage[3].valid_q_reg[4]/C	u_top/u_core/u_b/u_b_core/core/core/l5/mac/mac/tree_stage[3].channel[1].node[3].pair.sums_q_reg[3][1][3][16]/CE
-0.039	u_top/u_core/u_b/u_b_core/core/core/l5/mac/mac/tree_stage[3].valid_q_reg[4]/C	u_top/u_core/u_b/u_b_core/core/core/l5/mac/mac/tree_stage[3].channel[1].node[3].pair.sums_q_reg[3][1][3][17]/CE
-0.039	u_top/u_core/u_b/u_b_core/core/core/l5/mac/mac/tree_stage[3].valid_q_reg[4]/C	u_top/u_core/u_b/u_b_core/core/core/l5/mac/mac/tree_stage[3].channel[1].node[3].pair.sums_q_reg[3][1][3][18]/CE
-0.039	u_top/u_core/u_b/u_b_core/core/core/l5/mac/mac/tree_stage[3].valid_q_reg[4]/C	u_top/u_core/u_b/u_b_core/core/core/l5/mac/mac/tree_stage[3].channel[1].node[3].pair.sums_q_reg[3][1][3][19]/CE
-0.039	u_top/u_core/u_b/u_b_core/core/core/l5/mac/mac/tree_stage[6].valid_q_reg[7]/C	u_top/u_core/u_b/u_b_core/core/core/l5/gk.frontend/fifo/g_wide_read.g_read_slice[30].rd_ptr_local_reg[0]/CE
-0.039	u_top/u_core/u_b/u_b_core/core/core/l5/mac/mac/tree_stage[6].valid_q_reg[7]/C	u_top/u_core/u_b/u_b_core/core/core/l5/gk.frontend/fifo/g_wide_read.g_read_slice[30].rd_ptr_local_reg[1]/CE
-0.038	u_top/u_core/u_b/u_b_core/core/core/l5/mac/issue/out_phase_reg[0]_rep__6/C	u_top/u_core/u_b/u_b_core/core/core/l5/mac/mac/out_lane[0].mult_lane[15].operand_pipe.act_q_reg[9]/D
-0.038	u_top/u_core/u_b/u_b_core/core/core/shuffle/busy_reg/C	u_top/u_core/u_b/u_b_core/core/core/l5/gk.frontend/win/shift_reg[10][186]/R
-0.038	u_top/u_core/u_b/u_b_core/core/core/shuffle/busy_reg/C	u_top/u_core/u_b/u_b_core/core/core/l5/gk.frontend/win/shift_reg[10][248]/R
-0.038	u_top/u_core/u_b/u_b_core/core/core/shuffle/busy_reg/C	u_top/u_core/u_b/u_b_core/core/core/l5/gk.frontend/win/shift_reg[10][34]/R
-0.038	u_top/u_core/u_b/u_b_core/core/core/shuffle/busy_reg/C	u_top/u_core/u_b/u_b_core/core/core/l5/gk.frontend/win/shift_reg[10][5]/R
-0.038	u_top/u_core/u_b/u_b_core/core/core/shuffle/busy_reg/C	u_top/u_core/u_b/u_b_core/core/core/l5/gk.frontend/win/shift_reg[16][168]/R
-0.038	u_top/u_core/u_b/u_b_core/core/core/shuffle/busy_reg/C	u_top/u_core/u_b/u_b_core/core/core/l5/gk.frontend/win/shift_reg[21][183]/R
-0.038	u_top/u_core/u_b/u_b_core/core/core/shuffle/busy_reg/C	u_top/u_core/u_b/u_b_core/core/core/l5/gk.frontend/win/shift_reg[21][55]/R
-0.038	u_top/u_core/u_b/u_b_core/core/core/shuffle/busy_reg/C	u_top/u_core/u_b/u_b_core/core/core/l5/gk.frontend/win/shift_reg[21][84]/R
-0.038	u_top/u_core/u_b/u_b_core/core/core/l5/mac/mac/tree_stage[6].valid_q_reg[7]/C	u_top/u_core/u_b/u_b_core/core/core/l5/mac/issue/out_phase_reg[0]_rep__1/D
-0.038	u_top/u_core/u_b/u_b_core/core/core/l5/mac/mac/tree_stage[6].valid_q_reg[7]/C	u_top/u_core/u_b/u_b_core/core/core/l5/mac/mac/out_lane[0].mult_lane[20].operand_pipe.weight_q_reg[5]/CE
-0.038	u_top/u_core/u_b/u_b_core/core/core/l5/mac/mac/tree_stage[6].valid_q_reg[7]/C	u_top/u_core/u_b/u_b_core/core/core/l5/mac/mac/out_lane[0].mult_lane[20].operand_pipe.weight_q_reg[7]/CE
-0.038	u_top/u_core/u_b/u_b_core/core/core/l5/mac/issue/out_phase_reg[2]_rep__5/C	u_top/u_core/u_b/u_b_core/core/core/l5/mac/mac/out_lane[2].mult_lane[31].operand_pipe.act_q_reg[3]/D
-0.038	u_top/u_core/u_b/u_b_core/core/core/l5/mac/issue/out_window_reg[3471]/C	u_top/u_core/u_b/u_b_core/core/core/l5/mac/mac/out_lane[0].mult_lane[13].operand_pipe.act_q_reg[15]/D
-0.038	u_top/u_core/c2b_data_q_reg[1][4]/C	u_top/u_core/u_b/u_b_core/core/core/l1/gk.frontend/win/bank_gen[3].mem_reg/DIADI[4]
-0.037	u_top/u_core/u_b/u_b_core/core/core/l5/mac/issue/out_phase_reg[1]_rep__1/C	u_top/u_core/u_b/u_b_core/core/core/l5/mac/mac/out_lane[3].mult_lane[10].operand_pipe.weight_q_reg[3]/D
-0.037	u_top/u_core/u_b/u_b_core/core/core/l5/mac/issue/out_phase_reg[2]_rep__6/C	u_top/u_core/u_b/u_b_core/core/core/l5/mac/mac/out_lane[0].mult_lane[48].operand_pipe.act_q_reg[13]/D
-0.037	u_top/u_core/u_b/u_b_core/core/core/l5/gk.frontend/fifo/wr_ptr_reg[0]_rep__5/C	u_top/u_core/u_b/u_b_core/core/core/l5/gk.frontend/fifo/g_wide_read.g_read_slice[7].mem_slice_reg_0_3_18_23/RAMA/WADR0
-0.037	u_top/u_core/u_b/u_b_core/core/core/l5/gk.frontend/fifo/wr_ptr_reg[0]_rep__5/C	u_top/u_core/u_b/u_b_core/core/core/l5/gk.frontend/fifo/g_wide_read.g_read_slice[7].mem_slice_reg_0_3_18_23/RAMA_D1/WADR0
-0.037	u_top/u_core/u_b/u_b_core/core/core/l5/gk.frontend/fifo/wr_ptr_reg[0]_rep__5/C	u_top/u_core/u_b/u_b_core/core/core/l5/gk.frontend/fifo/g_wide_read.g_read_slice[7].mem_slice_reg_0_3_18_23/RAMB/WADR0
-0.037	u_top/u_core/u_b/u_b_core/core/core/l5/gk.frontend/fifo/wr_ptr_reg[0]_rep__5/C	u_top/u_core/u_b/u_b_core/core/core/l5/gk.frontend/fifo/g_wide_read.g_read_slice[7].mem_slice_reg_0_3_18_23/RAMB_D1/WADR0
-0.037	u_top/u_core/u_b/u_b_core/core/core/l5/gk.frontend/fifo/wr_ptr_reg[0]_rep__5/C	u_top/u_core/u_b/u_b_core/core/core/l5/gk.frontend/fifo/g_wide_read.g_read_slice[7].mem_slice_reg_0_3_18_23/RAMC/WADR0
-0.037	u_top/u_core/u_b/u_b_core/core/core/l5/gk.frontend/fifo/wr_ptr_reg[0]_rep__5/C	u_top/u_core/u_b/u_b_core/core/core/l5/gk.frontend/fifo/g_wide_read.g_read_slice[7].mem_slice_reg_0_3_18_23/RAMC_D1/WADR0
-0.037	u_top/u_core/u_b/u_b_core/core/core/l5/gk.frontend/fifo/wr_ptr_reg[0]_rep__5/C	u_top/u_core/u_b/u_b_core/core/core/l5/gk.frontend/fifo/g_wide_read.g_read_slice[7].mem_slice_reg_0_3_18_23/RAMD/ADR0
-0.037	u_top/u_core/u_b/u_b_core/core/core/l5/gk.frontend/fifo/wr_ptr_reg[0]_rep__5/C	u_top/u_core/u_b/u_b_core/core/core/l5/gk.frontend/fifo/g_wide_read.g_read_slice[7].mem_slice_reg_0_3_18_23/RAMD_D1/ADR0
-0.037	u_top/u_core/u_b/u_b_core/core/core/l5/gk.frontend/pad/interior_x_reg/C	u_top/u_core/u_b/u_b_core/core/core/l5/gk.frontend/win/bank_gen[2].mem_reg_2/DIADI[17]
-0.037	u_top/u_core/u_b/u_b_core/core/core/l5/gk.frontend/win/bank_gen[1].mem_reg_1/CLKARDCLK	u_top/u_core/u_b/u_b_core/core/core/l5/gk.frontend/win/shift_reg[19][64]/D
-0.037	u_top/u_core/u_b/u_b_core/core/core/l5/gk.frontend/win/bank_gen[0].mem_reg_3/CLKARDCLK	u_top/u_core/u_b/u_b_core/core/core/l5/gk.frontend/win/shift_reg[14][130]/D
-0.037	u_top/u_core/u_b/u_b_core/core/core/l4/post/meta_group_reg[8][1]/C	u_top/u_core/u_b/u_b_core/core/core/l4/post/output_slot_reg[1][72]/D
-0.037	u_top/u_core/u_b/u_b_core/core/core/l5/mac/mac/tree_stage[6].valid_q_reg[7]/C	u_top/u_core/u_b/u_b_core/core/core/l5/mac/mac/tree_stage[1].channel[1].node[14].pair.sums_q_reg[1][1][14][28]/CE
-0.037	u_top/u_core/u_b/u_b_core/core/core/l5/gk.frontend/win/row_mod_d_reg[1]_rep__5/C	u_top/u_core/u_b/u_b_core/core/core/l5/gk.frontend/win/shift_reg[14][203]/D
-0.037	u_top/u_core/u_b/u_b_core/core/core/l5/mac/issue/out_window_reg[1072]/C	u_top/u_core/u_b/u_b_core/core/core/l5/mac/mac/out_lane[3].mult_lane[29].operand_pipe.act_q_reg[0]/D
-0.037	u_top/u_core/u_b/u_b_core/core/core/l5/mac/mac/tree_stage[6].valid_q_reg[7]/C	u_top/u_core/u_b/u_b_core/core/core/l5/mac/mac/out_lane[2].mult_lane[17].operand_pipe.act_q_reg[10]/CE
-0.037	u_top/u_core/u_b/u_b_core/core/core/l5/mac/issue/out_phase_reg[1]_rep/C	u_top/u_core/u_b/u_b_core/core/core/l5/mac/mac/out_lane[1].mult_lane[47].operand_pipe.weight_q_reg[2]/D
-0.037	u_top/u_core/u_b/u_b_core/core/core/l5/gk.frontend/win/bank_gen[1].mem_reg_6/CLKARDCLK	u_top/u_core/u_b/u_b_core/core/core/l5/gk.frontend/win/shift_reg[14][251]/D
-0.036	u_top/u_core/u_b/u_b_core/core/core/l5/mac/mac/tree_stage[6].valid_q_reg[7]/C	u_top/u_core/u_b/u_b_core/core/core/l5/mac/issue/out_window_reg[3648]/CE
-0.036	u_top/u_core/u_b/u_b_core/core/core/l5/mac/mac/tree_stage[6].valid_q_reg[7]/C	u_top/u_core/u_b/u_b_core/core/core/l5/mac/issue/out_window_reg[3649]/CE
-0.036	u_top/u_core/u_b/u_b_core/core/core/l5/mac/mac/tree_stage[6].valid_q_reg[7]/C	u_top/u_core/u_b/u_b_core/core/core/l5/mac/issue/out_window_reg[3650]/CE
-0.036	u_top/u_core/u_b/u_b_core/core/core/l5/mac/mac/tree_stage[6].valid_q_reg[7]/C	u_top/u_core/u_b/u_b_core/core/core/l5/mac/issue/out_window_reg[3651]/CE
-0.036	u_top/u_core/u_b/u_b_core/core/core/l5/mac/mac/tree_stage[6].valid_q_reg[7]/C	u_top/u_core/u_b/u_b_core/core/core/l5/mac/issue/out_window_reg[3652]/CE
-0.036	u_top/u_core/u_b/u_b_core/core/core/l5/mac/mac/tree_stage[6].valid_q_reg[7]/C	u_top/u_core/u_b/u_b_core/core/core/l5/mac/issue/out_window_reg[3653]/CE
-0.036	u_top/u_core/u_b/u_b_core/core/core/l5/mac/mac/tree_stage[6].valid_q_reg[7]/C	u_top/u_core/u_b/u_b_core/core/core/l5/mac/mac/out_lane[2].mult_lane[17].operand_pipe.act_q_reg[7]/CE
-0.036	u_top/u_core/u_b/u_b_core/core/core/l5/mac/issue/out_phase_reg[2]_rep__8/C	u_top/u_core/u_b/u_b_core/core/core/l5/mac/mac/out_lane[2].mult_lane[35].operand_pipe.act_q_reg[12]/D
-0.036	u_top/u_core/u_b/u_b_core/core/core/l5/gk.frontend/fifo/g_wide_read.g_read_slice[89].rd_ptr_local_reg[0]/C	u_top/u_core/u_b/u_b_core/core/core/l5/mac/issue/out_window_reg[5727]/D
-0.036	u_top/u_core/u_b/u_b_core/core/core/l5/mac/mac/tree_stage[6].valid_q_reg[7]/C	u_top/u_core/u_b/u_b_core/core/core/l5/mac/mac/tree_stage[2].channel[3].node[2].pair.sums_q_reg[2][3][2][24]/CE
-0.036	u_top/u_core/u_b/u_b_core/core/core/l5/mac/mac/tree_stage[6].valid_q_reg[7]/C	u_top/u_core/u_b/u_b_core/core/core/l5/mac/mac/tree_stage[2].channel[3].node[2].pair.sums_q_reg[2][3][2][25]/CE
-0.036	u_top/u_core/u_b/u_b_core/core/core/l5/mac/mac/tree_stage[6].valid_q_reg[7]/C	u_top/u_core/u_b/u_b_core/core/core/l5/mac/mac/tree_stage[2].channel[3].node[2].pair.sums_q_reg[2][3][2][26]/CE
-0.036	u_top/u_core/u_b/u_b_core/core/core/l5/mac/mac/tree_stage[6].valid_q_reg[7]/C	u_top/u_core/u_b/u_b_core/core/core/l5/mac/mac/tree_stage[2].channel[3].node[2].pair.sums_q_reg[2][3][2][27]/CE
-0.035	u_top/u_core/u_b/u_b_core/core/core/shuffle/busy_reg/C	u_top/u_core/u_b/u_b_core/core/core/l5/gk.frontend/win/shift_reg[20][176]/R
-0.035	u_top/u_core/u_b/u_b_core/core/core/shuffle/busy_reg/C	u_top/u_core/u_b/u_b_core/core/core/l5/gk.frontend/win/shift_reg[20][206]/R
-0.035	u_top/u_core/u_b/u_b_core/core/core/shuffle/busy_reg/C	u_top/u_core/u_b/u_b_core/core/core/l5/gk.frontend/win/shift_reg[20][211]/R
-0.035	u_top/u_core/u_b/u_b_core/core/core/shuffle/busy_reg/C	u_top/u_core/u_b/u_b_core/core/core/l5/gk.frontend/win/shift_reg[20][221]/R
-0.035	u_top/u_core/u_b/u_b_core/core/core/shuffle/busy_reg/C	u_top/u_core/u_b/u_b_core/core/core/l5/gk.frontend/win/shift_reg[20][251]/R
-0.035	u_top/u_core/u_b/u_b_core/core/core/shuffle/busy_reg/C	u_top/u_core/u_b/u_b_core/core/core/l5/gk.frontend/win/shift_reg[20][29]/R
-0.035	u_top/u_core/u_b/u_b_core/core/core/shuffle/busy_reg/C	u_top/u_core/u_b/u_b_core/core/core/l5/gk.frontend/win/shift_reg[20][86]/R
-0.035	u_top/u_core/u_b/u_b_core/core/core/shuffle/busy_reg/C	u_top/u_core/u_b/u_b_core/core/core/l5/gk.frontend/win/shift_reg[21][100]/R
-0.035	u_top/u_core/u_b/u_b_core/core/core/l5/gk.frontend/win/bank_gen[1].mem_reg_6/CLKARDCLK	u_top/u_core/u_b/u_b_core/core/core/l5/gk.frontend/win/shift_reg[14][230]/D
-0.035	u_top/u_core/u_b/u_b_core/core/core/l5/gk.frontend/pad/interior_y_reg/C	u_top/u_core/u_b/u_b_core/core/core/l5/gk.frontend/win/bank_gen[2].mem_reg_4/DIADI[8]
-0.035	u_top/u_core/u_b/u_b_core/core/core/l5/mac/issue/out_phase_reg[0]_rep__6/C	u_top/u_core/u_b/u_b_core/core/core/l5/mac/mac/out_lane[3].mult_lane[39].operand_pipe.act_q_reg[14]/D
-0.035	u_top/u_core/u_b/u_b_core/core/core/l5/mac/issue/out_phase_reg[1]_rep/C	u_top/u_core/u_b/u_b_core/core/core/l5/mac/mac/out_lane[2].mult_lane[28].operand_pipe.weight_q_reg[1]/D
-0.035	u_top/u_core/u_b/u_b_core/core/core/l5/mac/issue/out_phase_reg[0]_rep__2_replica/C	u_top/u_core/u_b/u_b_core/core/core/l5/mac/mac/out_lane[2].mult_lane[31].operand_pipe.act_q_reg[2]/D
-0.035	u_top/u_core/u_b/u_b_core/core/core/l5/mac/issue/out_phase_reg[1]_rep__6/C	u_top/u_core/u_b/u_b_core/core/core/l5/mac/mac/out_lane[3].mult_lane[13].operand_pipe.act_q_reg[9]/D
-0.035	u_top/u_core/u_b/u_b_core/core/core/l5/mac/issue/out_phase_reg[1]_rep__9/C	u_top/u_core/u_b/u_b_core/core/core/l5/mac/mac/out_lane[2].mult_lane[42].operand_pipe.act_q_reg[6]/D
-0.035	u_top/u_core/u_b/u_b_core/core/core/l5/mac/mac/tree_stage[6].valid_q_reg[7]/C	u_top/u_core/u_b/u_b_core/core/core/l5/mac/issue/out_window_reg[2032]/CE
-0.035	u_top/u_core/u_b/u_b_core/core/core/l5/mac/mac/tree_stage[6].valid_q_reg[7]/C	u_top/u_core/u_b/u_b_core/core/core/l5/mac/issue/out_window_reg[2033]/CE
-0.035	u_top/u_core/u_b/u_b_core/core/core/l5/mac/mac/tree_stage[6].valid_q_reg[7]/C	u_top/u_core/u_b/u_b_core/core/core/l5/mac/issue/out_window_reg[2034]/CE
-0.035	u_top/u_core/u_b/u_b_core/core/core/l5/mac/mac/tree_stage[6].valid_q_reg[7]/C	u_top/u_core/u_b/u_b_core/core/core/l5/mac/issue/out_window_reg[2035]/CE
-0.035	u_top/u_core/u_b/u_b_core/core/core/l5/mac/mac/tree_stage[6].valid_q_reg[7]/C	u_top/u_core/u_b/u_b_core/core/core/l5/mac/issue/out_window_reg[2036]/CE
-0.035	u_top/u_core/u_b/u_b_core/core/core/l5/mac/mac/tree_stage[6].valid_q_reg[7]/C	u_top/u_core/u_b/u_b_core/core/core/l5/mac/issue/out_window_reg[2037]/CE
-0.035	u_top/u_core/u_b/u_b_core/core/core/shuffle/busy_reg/C	u_top/u_core/u_b/u_b_core/core/core/l5/gk.frontend/win/shift_reg[2][167]/R
-0.035	u_top/u_core/u_b/u_b_core/core/core/shuffle/busy_reg/C	u_top/u_core/u_b/u_b_core/core/core/l5/gk.frontend/win/shift_reg[2][238]/R
-0.035	u_top/u_core/u_b/u_b_core/core/core/shuffle/busy_reg/C	u_top/u_core/u_b/u_b_core/core/core/l5/gk.frontend/win/shift_reg[2][47]/R
-0.035	u_top/u_core/u_b/u_b_core/core/core/shuffle/busy_reg/C	u_top/u_core/u_b/u_b_core/core/core/l5/gk.frontend/win/shift_reg[2][95]/R
-0.035	u_top/u_core/u_b/u_b_core/core/core/shuffle/busy_reg/C	u_top/u_core/u_b/u_b_core/core/core/l5/gk.frontend/win/shift_reg[3][127]/R
-0.034	u_top/u_core/u_b/u_b_core/core/core/l5/mac/issue/out_window_reg[3524]/C	u_top/u_core/u_b/u_b_core/core/core/l5/mac/mac/out_lane[3].mult_lane[13].operand_pipe.act_q_reg[4]/D
-0.034	u_top/u_core/u_ctrl/start_b_reg/C	u_top/u_core/u_in/req_addr_q_reg[4]_rep__5/CE
-0.034	u_top/u_core/u_b/u_b_core/core/core/l1/post/issue_slot_reg/C	u_top/u_core/u_b/u_b_core/core/core/l1/post/units[0].post/prelu_product_s10/A[3]
-0.034	u_top/u_core/u_b/u_b_core/core/core/l5/mac/issue/out_phase_reg[1]_rep__2/C	u_top/u_core/u_b/u_b_core/core/core/l5/mac/mac/out_lane[3].mult_lane[27].operand_pipe.act_q_reg[4]/D
-0.034	u_top/u_core/u_b/u_b_core/core/core/l5/mac/issue/out_phase_reg[1]_rep__5/C	u_top/u_core/u_b/u_b_core/core/core/l5/mac/mac/out_lane[0].mult_lane[49].operand_pipe.act_q_reg[7]/D
-0.034	u_top/u_core/u_b/u_b_core/core/core/l5/mac/issue/out_phase_reg[0]_rep__11/C	u_top/u_core/u_b/u_b_core/core/core/l5/mac/mac/out_lane[0].mult_lane[49].operand_pipe.act_q_reg[0]/D
-0.034	u_top/u_core/u_b/u_b_core/core/core/l5/mac/mac/out_lane[2].mult_lane[35].operand_pipe.act_q_reg[6]/C	u_top/u_core/u_b/u_b_core/core/core/l5/mac/mac/out_lane[2].mult_lane[35].operand_pipe.sums_q_reg[0][2][35]/A[6]
-0.034	u_top/u_core/u_b/u_b_core/core/core/l5/mac/mac/tree_stage[6].valid_q_reg[7]/C	u_top/u_core/u_b/u_b_core/core/core/l5/mac/mac/tree_stage[1].channel[2].node[3].pair.sums_q_reg[1][2][3][12]/CE
-0.034	u_top/u_core/u_b/u_b_core/core/core/l5/mac/mac/tree_stage[6].valid_q_reg[7]/C	u_top/u_core/u_b/u_b_core/core/core/l5/mac/mac/tree_stage[1].channel[2].node[3].pair.sums_q_reg[1][2][3][13]/CE
-0.034	u_top/u_core/u_b/u_b_core/core/core/l5/mac/mac/tree_stage[6].valid_q_reg[7]/C	u_top/u_core/u_b/u_b_core/core/core/l5/mac/mac/tree_stage[1].channel[2].node[3].pair.sums_q_reg[1][2][3][14]/CE
-0.034	u_top/u_core/u_b/u_b_core/core/core/l5/mac/mac/tree_stage[6].valid_q_reg[7]/C	u_top/u_core/u_b/u_b_core/core/core/l5/mac/mac/tree_stage[1].channel[2].node[3].pair.sums_q_reg[1][2][3][15]/CE
-0.033	u_top/u_core/u_b/u_b_core/core/core/l5/gk.frontend/win/bank_gen[0].mem_reg_5/CLKARDCLK	u_top/u_core/u_b/u_b_core/core/core/l5/gk.frontend/win/shift_reg[9][215]/D
-0.033	u_top/u_core/u_b/u_b_core/core/core/l5/mac/issue/out_phase_reg[1]_rep__7/C	u_top/u_core/u_b/u_b_core/core/core/l5/mac/mac/out_lane[3].mult_lane[19].operand_pipe.weight_q_reg[4]/D
-0.033	u_top/u_core/u_b/u_b_core/core/core/l5/mac/mac/out_lane[2].mult_lane[35].operand_pipe.weight_q_reg[2]/C	u_top/u_core/u_b/u_b_core/core/core/l5/mac/mac/out_lane[2].mult_lane[35].operand_pipe.sums_q_reg[0][2][35]/B[2]
-0.033	u_top/u_core/u_b/u_b_core/core/core/l5/mac/issue/out_phase_reg[0]_rep__15/C	u_top/u_core/u_b/u_b_core/core/core/l5/mac/mac/out_lane[0].mult_lane[30].operand_pipe.weight_q_reg[4]/D
-0.033	u_top/u_core/u_b/u_b_core/core/core/l5/mac/issue/out_window_reg[3081]/C	u_top/u_core/u_b/u_b_core/core/core/l5/mac/mac/out_lane[1].mult_lane[12].operand_pipe.act_q_reg[9]/D
-0.033	u_top/u_core/u_b/u_b_core/core/core/l5/mac/issue/out_phase_reg[0]/C	u_top/u_core/u_b/u_b_core/core/core/l5/mac/mac/out_lane[0].mult_lane[23].operand_pipe.weight_q_reg[2]/D
-0.033	u_top/u_core/u_b/u_b_core/core/core/l5/gk.frontend/win/row_mod_d_reg[0]_rep__3/C	u_top/u_core/u_b/u_b_core/core/core/l5/gk.frontend/win/shift_reg[14][75]/D
-0.033	u_top/u_core/u_b/u_b_core/core/core/l5/gk.frontend/win/bank_gen[1].mem_reg_1/CLKARDCLK	u_top/u_core/u_b/u_b_core/core/core/l5/gk.frontend/win/shift_reg[14][50]/D
-0.033	u_top/u_core/u_b/u_b_core/core/core/l5/mac/mac/out_lane[0].mult_lane[38].operand_pipe.weight_q_reg[6]/C	u_top/u_core/u_b/u_b_core/core/core/l5/mac/mac/out_lane[0].mult_lane[38].operand_pipe.sums_q_reg[0][0][38]/B[6]
-0.033	u_top/u_core/u_b/u_b_core/core/core/l5/gk.frontend/fifo/wr_ptr_reg[0]_rep__5/C	u_top/u_core/u_b/u_b_core/core/core/l5/gk.frontend/fifo/g_wide_read.g_read_slice[9].mem_slice_reg_0_3_54_59/RAMA/WADR0
-0.033	u_top/u_core/u_b/u_b_core/core/core/l5/gk.frontend/fifo/wr_ptr_reg[0]_rep__5/C	u_top/u_core/u_b/u_b_core/core/core/l5/gk.frontend/fifo/g_wide_read.g_read_slice[9].mem_slice_reg_0_3_54_59/RAMA_D1/WADR0
-0.033	u_top/u_core/u_b/u_b_core/core/core/l5/gk.frontend/fifo/wr_ptr_reg[0]_rep__5/C	u_top/u_core/u_b/u_b_core/core/core/l5/gk.frontend/fifo/g_wide_read.g_read_slice[9].mem_slice_reg_0_3_54_59/RAMB/WADR0
-0.033	u_top/u_core/u_b/u_b_core/core/core/l5/gk.frontend/fifo/wr_ptr_reg[0]_rep__5/C	u_top/u_core/u_b/u_b_core/core/core/l5/gk.frontend/fifo/g_wide_read.g_read_slice[9].mem_slice_reg_0_3_54_59/RAMB_D1/WADR0
-0.033	u_top/u_core/u_b/u_b_core/core/core/l5/gk.frontend/fifo/wr_ptr_reg[0]_rep__5/C	u_top/u_core/u_b/u_b_core/core/core/l5/gk.frontend/fifo/g_wide_read.g_read_slice[9].mem_slice_reg_0_3_54_59/RAMC/WADR0
-0.033	u_top/u_core/u_b/u_b_core/core/core/l5/gk.frontend/fifo/wr_ptr_reg[0]_rep__5/C	u_top/u_core/u_b/u_b_core/core/core/l5/gk.frontend/fifo/g_wide_read.g_read_slice[9].mem_slice_reg_0_3_54_59/RAMC_D1/WADR0
-0.033	u_top/u_core/u_b/u_b_core/core/core/l5/gk.frontend/fifo/wr_ptr_reg[0]_rep__5/C	u_top/u_core/u_b/u_b_core/core/core/l5/gk.frontend/fifo/g_wide_read.g_read_slice[9].mem_slice_reg_0_3_54_59/RAMD/ADR0
-0.033	u_top/u_core/u_b/u_b_core/core/core/l5/gk.frontend/fifo/wr_ptr_reg[0]_rep__5/C	u_top/u_core/u_b/u_b_core/core/core/l5/gk.frontend/fifo/g_wide_read.g_read_slice[9].mem_slice_reg_0_3_54_59/RAMD_D1/ADR0
-0.033	u_top/u_core/u_b/u_b_core/core/core/l5/mac/issue/out_phase_reg[1]_rep__8_replica/C	u_top/u_core/u_b/u_b_core/core/core/l5/mac/mac/out_lane[1].mult_lane[6].operand_pipe.act_q_reg[12]/D
-0.033	u_top/u_core/u_b/u_b_core/core/core/l5/gk.frontend/win/bank_gen[2].mem_reg_0/CLKARDCLK	u_top/u_core/u_b/u_b_core/core/core/l5/gk.frontend/win/shift_reg[14][22]/D
-0.033	u_top/u_core/u_b/u_b_core/core/core/l5/gk.frontend/win/bank_gen[2].mem_reg_0/CLKARDCLK	u_top/u_core/u_b/u_b_core/core/core/l5/gk.frontend/win/shift_reg[14][13]/D
-0.033	u_top/u_core/u_b/u_b_core/core/core/l5/gk.frontend/win/row_mod_d_reg[0]_rep__3/C	u_top/u_core/u_b/u_b_core/core/core/l5/gk.frontend/win/shift_reg[4][93]/D
-0.032	u_top/u_core/u_b/u_b_core/core/core/l5/mac/mac/tree_stage[6].valid_q_reg[7]/C	u_top/u_core/u_b/u_b_core/core/core/l5/mac/mac/out_lane[0].mult_lane[13].operand_pipe.weight_q_reg[4]/CE
-0.032	u_top/u_core/u_b/u_b_core/core/core/l5/mac/mac/tree_stage[6].valid_q_reg[7]/C	u_top/u_core/u_b/u_b_core/core/core/l5/mac/mac/out_lane[0].mult_lane[13].operand_pipe.weight_q_reg[5]/CE
-0.032	u_top/u_core/u_b/u_b_core/core/core/l5/mac/mac/tree_stage[6].valid_q_reg[7]/C	u_top/u_core/u_b/u_b_core/core/core/l5/mac/mac/out_lane[0].mult_lane[13].operand_pipe.weight_q_reg[6]/CE
-0.032	u_top/u_core/u_b/u_b_core/core/core/l5/mac/issue/out_phase_reg[1]_rep__14/C	u_top/u_core/u_b/u_b_core/core/core/l5/mac/mac/out_lane[2].mult_lane[24].operand_pipe.act_q_reg[2]/D
-0.032	u_top/u_core/u_b/u_b_core/core/core/l5/mac/mac/tree_stage[6].valid_q_reg[7]/C	u_top/u_core/u_b/u_b_core/core/core/l5/gk.frontend/fifo/g_wide_read.g_read_slice[52].rd_ptr_local_reg[0]/CE
-0.032	u_top/u_core/u_b/u_b_core/core/core/l5/mac/mac/tree_stage[6].valid_q_reg[7]/C	u_top/u_core/u_b/u_b_core/core/core/l5/gk.frontend/fifo/g_wide_read.g_read_slice[52].rd_ptr_local_reg[1]/CE
-0.032	u_top/u_core/u_b/u_b_core/core/core/l5/gk.frontend/fifo/wr_ptr_reg[1]_rep__5/C	u_top/u_core/u_b/u_b_core/core/core/l5/gk.frontend/fifo/g_wide_read.g_read_slice[7].mem_slice_reg_0_3_6_11/RAMA/WADR1
-0.032	u_top/u_core/u_b/u_b_core/core/core/l5/gk.frontend/fifo/wr_ptr_reg[1]_rep__5/C	u_top/u_core/u_b/u_b_core/core/core/l5/gk.frontend/fifo/g_wide_read.g_read_slice[7].mem_slice_reg_0_3_6_11/RAMA_D1/WADR1
-0.032	u_top/u_core/u_b/u_b_core/core/core/l5/gk.frontend/fifo/wr_ptr_reg[1]_rep__5/C	u_top/u_core/u_b/u_b_core/core/core/l5/gk.frontend/fifo/g_wide_read.g_read_slice[7].mem_slice_reg_0_3_6_11/RAMB/WADR1
-0.032	u_top/u_core/u_b/u_b_core/core/core/l5/gk.frontend/fifo/wr_ptr_reg[1]_rep__5/C	u_top/u_core/u_b/u_b_core/core/core/l5/gk.frontend/fifo/g_wide_read.g_read_slice[7].mem_slice_reg_0_3_6_11/RAMB_D1/WADR1
-0.032	u_top/u_core/u_b/u_b_core/core/core/l5/gk.frontend/fifo/wr_ptr_reg[1]_rep__5/C	u_top/u_core/u_b/u_b_core/core/core/l5/gk.frontend/fifo/g_wide_read.g_read_slice[7].mem_slice_reg_0_3_6_11/RAMC/WADR1
-0.032	u_top/u_core/u_b/u_b_core/core/core/l5/gk.frontend/fifo/wr_ptr_reg[1]_rep__5/C	u_top/u_core/u_b/u_b_core/core/core/l5/gk.frontend/fifo/g_wide_read.g_read_slice[7].mem_slice_reg_0_3_6_11/RAMC_D1/WADR1
-0.032	u_top/u_core/u_b/u_b_core/core/core/l5/gk.frontend/fifo/wr_ptr_reg[1]_rep__5/C	u_top/u_core/u_b/u_b_core/core/core/l5/gk.frontend/fifo/g_wide_read.g_read_slice[7].mem_slice_reg_0_3_6_11/RAMD/ADR1
-0.032	u_top/u_core/u_b/u_b_core/core/core/l5/gk.frontend/fifo/wr_ptr_reg[1]_rep__5/C	u_top/u_core/u_b/u_b_core/core/core/l5/gk.frontend/fifo/g_wide_read.g_read_slice[7].mem_slice_reg_0_3_6_11/RAMD_D1/ADR1
-0.032	u_top/u_core/u_b/u_b_core/core/core/f45/g_narrow_read.rd_ptr_local_reg[4]/C	u_top/u_core/u_b/u_b_core/core/core/l5/gk.frontend/win/bank_gen[3].mem_reg_0/DIADI[0]
-0.032	u_top/u_core/u_b/u_b_core/core/core/l5/mac/issue/out_phase_reg[0]_rep__0/C	u_top/u_core/u_b/u_b_core/core/core/l5/mac/mac/out_lane[3].mult_lane[26].operand_pipe.act_q_reg[15]/D
-0.032	u_top/u_core/u_b/u_b_core/core/core/l5/mac/issue/out_phase_reg[2]_rep__3/C	u_top/u_core/u_b/u_b_core/core/core/l5/mac/mac/out_lane[2].mult_lane[17].operand_pipe.act_q_reg[7]/D
-0.032	u_top/u_core/u_b/u_b_core/core/core/l5/mac/issue/out_phase_reg[2]_rep__3/C	u_top/u_core/u_b/u_b_core/core/core/l5/mac/mac/out_lane[3].mult_lane[27].operand_pipe.weight_q_reg[1]/D
-0.032	u_top/u_core/u_b/u_b_core/core/core/l5/mac/mac/tree_stage[6].valid_q_reg[7]/C	u_top/u_core/u_b/u_b_core/core/core/l5/mac/issue/out_window_reg[3812]/CE
-0.032	u_top/u_core/u_b/u_b_core/core/core/l5/mac/mac/tree_stage[6].valid_q_reg[7]/C	u_top/u_core/u_b/u_b_core/core/core/l5/mac/issue/out_window_reg[3813]/CE
-0.032	u_top/u_core/u_b/u_b_core/core/core/l5/mac/mac/tree_stage[6].valid_q_reg[7]/C	u_top/u_core/u_b/u_b_core/core/core/l5/mac/issue/out_window_reg[3814]/CE
-0.032	u_top/u_core/u_b/u_b_core/core/core/l5/mac/mac/tree_stage[6].valid_q_reg[7]/C	u_top/u_core/u_b/u_b_core/core/core/l5/mac/issue/out_window_reg[3815]/CE
-0.032	u_top/u_core/u_b/u_b_core/core/core/l5/mac/mac/tree_stage[6].valid_q_reg[7]/C	u_top/u_core/u_b/u_b_core/core/core/l5/mac/issue/out_window_reg[3816]/CE
-0.032	u_top/u_core/u_b/u_b_core/core/core/l5/mac/mac/tree_stage[6].valid_q_reg[7]/C	u_top/u_core/u_b/u_b_core/core/core/l5/mac/issue/out_window_reg[3817]/CE
-0.032	u_top/u_core/u_b/u_b_core/core/core/l5/mac/mac/tree_stage[6].valid_q_reg[7]/C	u_top/u_core/u_b/u_b_core/core/core/l5/mac/issue/out_window_reg[2386]/CE
-0.032	u_top/u_core/u_b/u_b_core/core/core/l5/mac/mac/tree_stage[6].valid_q_reg[7]/C	u_top/u_core/u_b/u_b_core/core/core/l5/mac/issue/out_window_reg[2387]/CE
-0.032	u_top/u_core/u_b/u_b_core/core/core/l5/mac/mac/tree_stage[6].valid_q_reg[7]/C	u_top/u_core/u_b/u_b_core/core/core/l5/mac/issue/out_window_reg[2388]/CE
-0.032	u_top/u_core/u_b/u_b_core/core/core/l5/mac/mac/tree_stage[6].valid_q_reg[7]/C	u_top/u_core/u_b/u_b_core/core/core/l5/mac/issue/out_window_reg[2389]/CE
-0.032	u_top/u_core/u_b/u_b_core/core/core/l5/mac/mac/tree_stage[6].valid_q_reg[7]/C	u_top/u_core/u_b/u_b_core/core/core/l5/mac/issue/out_window_reg[2390]/CE
-0.032	u_top/u_core/u_b/u_b_core/core/core/l5/mac/mac/tree_stage[6].valid_q_reg[7]/C	u_top/u_core/u_b/u_b_core/core/core/l5/mac/issue/out_window_reg[2391]/CE
-0.032	u_top/u_core/u_b/u_b_core/core/core/l5/gk.frontend/fifo/g_wide_read.g_read_slice[38].rd_ptr_local_reg[0]/C	u_top/u_core/u_b/u_b_core/core/core/l5/mac/issue/out_window_reg[2482]/D
-0.032	u_top/u_core/u_b/u_b_core/core/core/l5/mac/issue/out_phase_reg[1]_rep__15/C	u_top/u_core/u_b/u_b_core/core/core/l5/mac/mac/out_lane[3].mult_lane[47].operand_pipe.act_q_reg[12]/D
-0.032	u_top/u_core/u_b/u_b_core/core/core/l5/mac/issue/out_phase_reg[1]_rep__5/C	u_top/u_core/u_b/u_b_core/core/core/l5/mac/mac/out_lane[0].mult_lane[31].operand_pipe.act_q_reg[15]/D
-0.032	u_top/u_core/u_b/u_b_core/core/core/l5/gk.frontend/pending1_reg_replica_9/C	u_top/u_core/u_b/u_b_core/core/core/l5/gk.frontend/win/shift_reg[10][131]/CE
-0.032	u_top/u_core/u_b/u_b_core/core/core/l5/gk.frontend/pending1_reg_replica_9/C	u_top/u_core/u_b/u_b_core/core/core/l5/gk.frontend/win/shift_reg[20][147]/CE
-0.032	u_top/u_core/u_b/u_b_core/core/core/l5/gk.frontend/pending1_reg_replica_9/C	u_top/u_core/u_b/u_b_core/core/core/l5/gk.frontend/win/shift_reg[20][222]/CE
-0.032	u_top/u_core/u_b/u_b_core/core/core/l5/gk.frontend/pending1_reg_replica_9/C	u_top/u_core/u_b/u_b_core/core/core/l5/gk.frontend/win/shift_reg[20][255]/CE
-0.032	u_top/u_core/u_b/u_b_core/core/core/l5/gk.frontend/pending1_reg_replica_9/C	u_top/u_core/u_b/u_b_core/core/core/l5/gk.frontend/win/shift_reg[20][27]/CE
-0.032	u_top/u_core/u_b/u_b_core/core/core/l5/gk.frontend/pending1_reg_replica_9/C	u_top/u_core/u_b/u_b_core/core/core/l5/gk.frontend/win/shift_reg[21][101]/CE
-0.032	u_top/u_core/u_b/u_b_core/core/core/l5/gk.frontend/pending1_reg_replica_9/C	u_top/u_core/u_b/u_b_core/core/core/l5/gk.frontend/win/shift_reg[21][211]/CE
-0.032	u_top/u_core/u_b/u_b_core/core/core/l5/gk.frontend/pending1_reg_replica_9/C	u_top/u_core/u_b/u_b_core/core/core/l5/gk.frontend/win/shift_reg[22][20]/CE
-0.032	u_top/u_core/u_b/u_b_core/core/core/l5/mac/mac/tree_stage[6].valid_q_reg[7]/C	u_top/u_core/u_b/u_b_core/core/core/l5/mac/issue/out_window_reg[2688]/CE
-0.032	u_top/u_core/u_b/u_b_core/core/core/l5/mac/mac/tree_stage[6].valid_q_reg[7]/C	u_top/u_core/u_b/u_b_core/core/core/l5/mac/issue/out_window_reg[2689]/CE
-0.032	u_top/u_core/u_b/u_b_core/core/core/l5/mac/mac/tree_stage[6].valid_q_reg[7]/C	u_top/u_core/u_b/u_b_core/core/core/l5/mac/issue/out_window_reg[2690]/CE
-0.032	u_top/u_core/u_b/u_b_core/core/core/l5/mac/mac/tree_stage[6].valid_q_reg[7]/C	u_top/u_core/u_b/u_b_core/core/core/l5/mac/issue/out_window_reg[2691]/CE
-0.032	u_top/u_core/u_b/u_b_core/core/core/l5/mac/mac/tree_stage[6].valid_q_reg[7]/C	u_top/u_core/u_b/u_b_core/core/core/l5/mac/issue/out_window_reg[2692]/CE
-0.032	u_top/u_core/u_b/u_b_core/core/core/l5/mac/mac/tree_stage[6].valid_q_reg[7]/C	u_top/u_core/u_b/u_b_core/core/core/l5/mac/issue/out_window_reg[2693]/CE
-0.032	u_top/u_core/u_b/u_b_core/core/core/l5/mac/issue/out_phase_reg[1]_rep__6/C	u_top/u_core/u_b/u_b_core/core/core/l5/mac/mac/out_lane[0].mult_lane[18].operand_pipe.weight_q_reg[7]/D
-0.032	u_top/u_core/u_b/u_b_core/core/core/l5/gk.frontend/win/bank_gen[1].mem_reg_1/CLKARDCLK	u_top/u_core/u_b/u_b_core/core/core/l5/gk.frontend/win/shift_reg[9][41]/D
-0.032	u_top/u_core/u_b/u_b_core/core/core/l5/gk.frontend/fifo/g_wide_read.g_read_slice[59].rd_ptr_local_reg[1]/C	u_top/u_core/u_b/u_b_core/core/core/l5/mac/issue/out_window_reg[3792]/D
-0.031	u_top/u_core/u_b/u_b_core/core/core/l5/mac/issue/out_phase_reg[1]_rep__6/C	u_top/u_core/u_b/u_b_core/core/core/l5/mac/mac/out_lane[0].mult_lane[11].operand_pipe.act_q_reg[1]/D
-0.031	u_top/u_core/u_b/u_b_core/core/core/l5/gk.frontend/fifo/wr_ptr_reg[0]_rep__2/C	u_top/u_core/u_b/u_b_core/core/core/l5/gk.frontend/fifo/g_wide_read.g_read_slice[41].mem_slice_reg_0_3_54_59/RAMA/WADR0
-0.031	u_top/u_core/u_b/u_b_core/core/core/l5/gk.frontend/fifo/wr_ptr_reg[0]_rep__2/C	u_top/u_core/u_b/u_b_core/core/core/l5/gk.frontend/fifo/g_wide_read.g_read_slice[41].mem_slice_reg_0_3_54_59/RAMA_D1/WADR0
-0.031	u_top/u_core/u_b/u_b_core/core/core/l5/gk.frontend/fifo/wr_ptr_reg[0]_rep__2/C	u_top/u_core/u_b/u_b_core/core/core/l5/gk.frontend/fifo/g_wide_read.g_read_slice[41].mem_slice_reg_0_3_54_59/RAMB/WADR0
-0.031	u_top/u_core/u_b/u_b_core/core/core/l5/gk.frontend/fifo/wr_ptr_reg[0]_rep__2/C	u_top/u_core/u_b/u_b_core/core/core/l5/gk.frontend/fifo/g_wide_read.g_read_slice[41].mem_slice_reg_0_3_54_59/RAMB_D1/WADR0
-0.031	u_top/u_core/u_b/u_b_core/core/core/l5/gk.frontend/fifo/wr_ptr_reg[0]_rep__2/C	u_top/u_core/u_b/u_b_core/core/core/l5/gk.frontend/fifo/g_wide_read.g_read_slice[41].mem_slice_reg_0_3_54_59/RAMC/WADR0
-0.031	u_top/u_core/u_b/u_b_core/core/core/l5/gk.frontend/fifo/wr_ptr_reg[0]_rep__2/C	u_top/u_core/u_b/u_b_core/core/core/l5/gk.frontend/fifo/g_wide_read.g_read_slice[41].mem_slice_reg_0_3_54_59/RAMC_D1/WADR0
-0.031	u_top/u_core/u_b/u_b_core/core/core/l5/gk.frontend/fifo/wr_ptr_reg[0]_rep__2/C	u_top/u_core/u_b/u_b_core/core/core/l5/gk.frontend/fifo/g_wide_read.g_read_slice[41].mem_slice_reg_0_3_54_59/RAMD/ADR0
-0.031	u_top/u_core/u_b/u_b_core/core/core/l5/gk.frontend/fifo/wr_ptr_reg[0]_rep__2/C	u_top/u_core/u_b/u_b_core/core/core/l5/gk.frontend/fifo/g_wide_read.g_read_slice[41].mem_slice_reg_0_3_54_59/RAMD_D1/ADR0
-0.031	u_top/u_core/u_b/u_b_core/core/core/l5/mac/mac/tree_stage[6].valid_q_reg[7]/C	u_top/u_core/u_b/u_b_core/core/core/l5/mac/issue/out_window_reg[1596]/CE
-0.031	u_top/u_core/u_b/u_b_core/core/core/l5/mac/mac/tree_stage[6].valid_q_reg[7]/C	u_top/u_core/u_b/u_b_core/core/core/l5/mac/issue/out_window_reg[1597]/CE
-0.031	u_top/u_core/u_b/u_b_core/core/core/l5/mac/mac/tree_stage[6].valid_q_reg[7]/C	u_top/u_core/u_b/u_b_core/core/core/l5/mac/issue/out_window_reg[1598]/CE
-0.031	u_top/u_core/u_b/u_b_core/core/core/l5/mac/mac/tree_stage[6].valid_q_reg[7]/C	u_top/u_core/u_b/u_b_core/core/core/l5/mac/issue/out_window_reg[1599]/CE
-0.031	u_top/u_core/u_b/u_b_core/core/core/f45/g_narrow_read.rd_ptr_local_reg[3]/C	u_top/u_core/u_b/u_b_core/core/core/l5/gk.frontend/win/bank_gen[0].mem_reg_2/DIADI[0]
-0.031	u_top/u_core/u_b/u_b_core/core/core/l5/gk.frontend/win/bank_gen[1].mem_reg_6/CLKARDCLK	u_top/u_core/u_b/u_b_core/core/core/l5/gk.frontend/win/shift_reg[19][240]/D
-0.031	u_top/u_core/u_b/u_b_core/core/core/l5/gk.frontend/win/bank_gen[1].mem_reg_1/CLKARDCLK	u_top/u_core/u_b/u_b_core/core/core/l5/gk.frontend/win/shift_reg[9][50]/D
-0.031	u_top/u_core/u_b/u_b_core/core/core/f45/g_narrow_read.rd_ptr_local_reg[1]_replica_3/C	u_top/u_core/u_b/u_b_core/core/core/l5/gk.frontend/win/bank_gen[1].mem_reg_0/DIADI[26]
-0.031	u_top/u_core/u_ctrl/start_b_reg/C	u_top/u_core/u_in/req_addr_q_reg[2]_rep__2/CE
-0.031	u_top/u_core/u_ctrl/start_b_reg/C	u_top/u_core/u_in/req_addr_q_reg[6]_rep__1/CE
-0.031	u_top/u_core/u_ctrl/start_b_reg/C	u_top/u_core/u_in/req_addr_q_reg[7]_rep__6/CE
-0.031	u_top/u_core/u_b/u_b_core/core/core/l5/gk.frontend/win/bank_gen[2].mem_reg_7/CLKARDCLK	u_top/u_core/u_b/u_b_core/core/core/l5/gk.frontend/win/shift_reg[14][253]/D
-0.031	u_top/u_core/u_b/u_b_core/core/core/shuffle/busy_reg/C	u_top/u_core/u_b/u_b_core/core/core/l5/gk.frontend/win/shift_reg[21][199]/R
-0.031	u_top/u_core/u_b/u_b_core/core/core/shuffle/busy_reg/C	u_top/u_core/u_b/u_b_core/core/core/l5/gk.frontend/win/shift_reg[21][59]/R
-0.031	u_top/u_core/u_b/u_b_core/core/core/l5/mac/issue/out_phase_reg[1]_rep__2/C	u_top/u_core/u_b/u_b_core/core/core/l5/mac/mac/out_lane[3].mult_lane[26].operand_pipe.act_q_reg[1]/D
-0.031	u_top/u_core/u_b/u_b_core/core/core/l5/mac/mac/tree_stage[6].valid_q_reg[7]/C	u_top/u_core/u_b/u_b_core/core/core/l5/mac/issue/out_window_reg[2288]/CE
-0.031	u_top/u_core/u_b/u_b_core/core/core/l5/mac/mac/tree_stage[6].valid_q_reg[7]/C	u_top/u_core/u_b/u_b_core/core/core/l5/mac/issue/out_window_reg[2289]/CE
-0.031	u_top/u_core/u_b/u_b_core/core/core/l5/mac/mac/tree_stage[6].valid_q_reg[7]/C	u_top/u_core/u_b/u_b_core/core/core/l5/mac/issue/out_window_reg[2290]/CE
-0.031	u_top/u_core/u_b/u_b_core/core/core/l5/mac/mac/tree_stage[6].valid_q_reg[7]/C	u_top/u_core/u_b/u_b_core/core/core/l5/mac/issue/out_window_reg[2291]/CE
-0.031	u_top/u_core/u_b/u_b_core/core/core/l5/mac/mac/tree_stage[6].valid_q_reg[7]/C	u_top/u_core/u_b/u_b_core/core/core/l5/mac/issue/out_window_reg[2292]/CE
-0.031	u_top/u_core/u_b/u_b_core/core/core/l5/mac/mac/tree_stage[6].valid_q_reg[7]/C	u_top/u_core/u_b/u_b_core/core/core/l5/mac/issue/out_window_reg[2293]/CE
-0.030	u_top/u_core/u_b/u_b_core/core/core/l5/mac/mac/tree_stage[6].valid_q_reg[7]/C	u_top/u_core/u_b/u_b_core/core/core/l5/mac/issue/out_window_reg[2864]/CE
-0.030	u_top/u_core/u_b/u_b_core/core/core/l5/mac/mac/tree_stage[6].valid_q_reg[7]/C	u_top/u_core/u_b/u_b_core/core/core/l5/mac/issue/out_window_reg[2865]/CE
-0.030	u_top/u_core/u_b/u_b_core/core/core/l5/mac/mac/tree_stage[6].valid_q_reg[7]/C	u_top/u_core/u_b/u_b_core/core/core/l5/mac/issue/out_window_reg[2866]/CE
-0.030	u_top/u_core/u_b/u_b_core/core/core/l5/mac/mac/tree_stage[6].valid_q_reg[7]/C	u_top/u_core/u_b/u_b_core/core/core/l5/mac/issue/out_window_reg[2867]/CE
-0.030	u_top/u_core/u_b/u_b_core/core/core/l5/mac/mac/tree_stage[6].valid_q_reg[7]/C	u_top/u_core/u_b/u_b_core/core/core/l5/mac/issue/out_window_reg[2868]/CE
-0.030	u_top/u_core/u_b/u_b_core/core/core/l5/mac/mac/tree_stage[6].valid_q_reg[7]/C	u_top/u_core/u_b/u_b_core/core/core/l5/mac/issue/out_window_reg[2869]/CE
-0.030	u_top/u_core/u_b/u_b_core/core/core/l5/gk.frontend/win/bank_gen[3].mem_reg_6/CLKARDCLK	u_top/u_core/u_b/u_b_core/core/core/l5/gk.frontend/win/shift_reg[19][218]/D
-0.030	u_top/u_core/u_b/u_b_core/core/core/l5/gk.frontend/pending1_reg_replica_17/C	u_top/u_core/u_b/u_b_core/core/core/l5/gk.frontend/win/shift_reg[10][10]/CE
-0.030	u_top/u_core/u_b/u_b_core/core/core/l5/gk.frontend/pending1_reg_replica_17/C	u_top/u_core/u_b/u_b_core/core/core/l5/gk.frontend/win/shift_reg[10][114]/CE
-0.030	u_top/u_core/u_b/u_b_core/core/core/l5/gk.frontend/pending1_reg_replica_17/C	u_top/u_core/u_b/u_b_core/core/core/l5/gk.frontend/win/shift_reg[16][228]/CE
-0.030	u_top/u_core/u_b/u_b_core/core/core/l5/gk.frontend/pending1_reg_replica_17/C	u_top/u_core/u_b/u_b_core/core/core/l5/gk.frontend/win/shift_reg[18][201]/CE
-0.030	u_top/u_core/u_b/u_b_core/core/core/l5/gk.frontend/pending1_reg_replica_17/C	u_top/u_core/u_b/u_b_core/core/core/l5/gk.frontend/win/shift_reg[21][125]/CE
-0.030	u_top/u_core/u_b/u_b_core/core/core/l5/gk.frontend/pending1_reg_replica_17/C	u_top/u_core/u_b/u_b_core/core/core/l5/gk.frontend/win/shift_reg[21][97]/CE
-0.030	u_top/u_core/u_b/u_b_core/core/core/l5/gk.frontend/pending1_reg_replica_17/C	u_top/u_core/u_b/u_b_core/core/core/l5/gk.frontend/win/shift_reg[21][99]/CE
-0.030	u_top/u_core/u_b/u_b_core/core/core/l5/gk.frontend/pending1_reg_replica_17/C	u_top/u_core/u_b/u_b_core/core/core/l5/gk.frontend/win/shift_reg[2][185]/CE
-0.030	u_top/u_core/u_b/u_b_core/core/core/l5/gk.frontend/fifo/wr_ptr_reg[0]/C	u_top/u_core/u_b/u_b_core/core/core/l5/gk.frontend/fifo/g_wide_read.g_read_slice[90].mem_slice_reg_0_3_30_35/RAMA/WADR0
-0.030	u_top/u_core/u_b/u_b_core/core/core/l5/gk.frontend/fifo/wr_ptr_reg[0]/C	u_top/u_core/u_b/u_b_core/core/core/l5/gk.frontend/fifo/g_wide_read.g_read_slice[90].mem_slice_reg_0_3_30_35/RAMA_D1/WADR0
-0.030	u_top/u_core/u_b/u_b_core/core/core/l5/gk.frontend/fifo/wr_ptr_reg[0]/C	u_top/u_core/u_b/u_b_core/core/core/l5/gk.frontend/fifo/g_wide_read.g_read_slice[90].mem_slice_reg_0_3_30_35/RAMB/WADR0
-0.030	u_top/u_core/u_b/u_b_core/core/core/l5/gk.frontend/fifo/wr_ptr_reg[0]/C	u_top/u_core/u_b/u_b_core/core/core/l5/gk.frontend/fifo/g_wide_read.g_read_slice[90].mem_slice_reg_0_3_30_35/RAMB_D1/WADR0
-0.030	u_top/u_core/u_b/u_b_core/core/core/l5/gk.frontend/fifo/wr_ptr_reg[0]/C	u_top/u_core/u_b/u_b_core/core/core/l5/gk.frontend/fifo/g_wide_read.g_read_slice[90].mem_slice_reg_0_3_30_35/RAMC/WADR0
-0.030	u_top/u_core/u_b/u_b_core/core/core/l5/gk.frontend/fifo/wr_ptr_reg[0]/C	u_top/u_core/u_b/u_b_core/core/core/l5/gk.frontend/fifo/g_wide_read.g_read_slice[90].mem_slice_reg_0_3_30_35/RAMC_D1/WADR0
-0.030	u_top/u_core/u_b/u_b_core/core/core/l5/gk.frontend/fifo/wr_ptr_reg[0]/C	u_top/u_core/u_b/u_b_core/core/core/l5/gk.frontend/fifo/g_wide_read.g_read_slice[90].mem_slice_reg_0_3_30_35/RAMD/ADR0
-0.030	u_top/u_core/u_b/u_b_core/core/core/l5/gk.frontend/fifo/wr_ptr_reg[0]/C	u_top/u_core/u_b/u_b_core/core/core/l5/gk.frontend/fifo/g_wide_read.g_read_slice[90].mem_slice_reg_0_3_30_35/RAMD_D1/ADR0
-0.030	u_top/u_core/u_b/u_b_core/core/core/l5/gk.frontend/win/bank_gen[1].mem_reg_3/CLKARDCLK	u_top/u_core/u_b/u_b_core/core/core/l5/gk.frontend/win/shift_reg[14][121]/D
-0.030	u_top/u_core/u_b/u_b_core/core/core/l5/mac/issue/out_phase_reg[0]_rep__0/C	u_top/u_core/u_b/u_b_core/core/core/l5/mac/mac/out_lane[1].mult_lane[28].operand_pipe.act_q_reg[7]/D
-0.030	u_top/u_core/u_b/u_b_core/core/core/l5/mac/mac/tree_stage[6].valid_q_reg[7]/C	u_top/u_core/u_b/u_b_core/core/core/l5/mac/mac/out_lane[0].mult_lane[17].operand_pipe.act_q_reg[6]/CE
-0.030	u_top/u_core/u_b/u_b_core/core/core/shuffle/busy_reg/C	u_top/u_core/u_b/u_b_core/core/core/l5/gk.frontend/win/shift_reg[11][102]/R
-0.030	u_top/u_core/u_b/u_b_core/core/core/shuffle/busy_reg/C	u_top/u_core/u_b/u_b_core/core/core/l5/gk.frontend/win/shift_reg[11][196]/R
-0.030	u_top/u_core/u_b/u_b_core/core/core/shuffle/busy_reg/C	u_top/u_core/u_b/u_b_core/core/core/l5/gk.frontend/win/shift_reg[11][211]/R
-0.030	u_top/u_core/u_b/u_b_core/core/core/shuffle/busy_reg/C	u_top/u_core/u_b/u_b_core/core/core/l5/gk.frontend/win/shift_reg[11][89]/R
-0.030	u_top/u_core/u_b/u_b_core/core/core/shuffle/busy_reg/C	u_top/u_core/u_b/u_b_core/core/core/l5/gk.frontend/win/shift_reg[8][204]/R
-0.030	u_top/u_core/u_b/u_b_core/core/core/f45/g_narrow_read.rd_ptr_local_reg[1]_replica_1/C	u_top/u_core/u_b/u_b_core/core/core/l5/gk.frontend/win/bank_gen[2].mem_reg_1/DIADI[21]
-0.030	u_top/u_core/u_b/u_b_core/core/core/f45/g_narrow_read.rd_ptr_local_reg[1]_replica_3/C	u_top/u_core/u_b/u_b_core/core/core/l5/gk.frontend/win/bank_gen[3].mem_reg_0/DIADI[29]
-0.030	u_top/u_core/u_b/u_b_core/core/core/l5/mac/issue/out_phase_reg[1]_rep__12/C	u_top/u_core/u_b/u_b_core/core/core/l5/mac/mac/out_lane[2].mult_lane[38].operand_pipe.act_q_reg[4]/D
-0.030	u_top/u_core/u_b/u_b_core/core/core/l5/gk.frontend/win/row_mod_d_reg[0]_rep__5/C	u_top/u_core/u_b/u_b_core/core/core/l5/gk.frontend/win/shift_reg[4][200]/D
-0.030	u_top/u_core/u_b/u_b_core/core/core/l5/mac/mac/tree_stage[6].valid_q_reg[7]/C	u_top/u_core/u_b/u_b_core/core/core/l5/mac/issue/out_window_reg[2678]/CE
-0.030	u_top/u_core/u_b/u_b_core/core/core/l5/mac/mac/tree_stage[6].valid_q_reg[7]/C	u_top/u_core/u_b/u_b_core/core/core/l5/mac/issue/out_window_reg[2679]/CE
-0.030	u_top/u_core/u_b/u_b_core/core/core/l5/mac/mac/tree_stage[6].valid_q_reg[7]/C	u_top/u_core/u_b/u_b_core/core/core/l5/mac/issue/out_window_reg[2680]/CE
-0.030	u_top/u_core/u_b/u_b_core/core/core/l5/mac/mac/tree_stage[6].valid_q_reg[7]/C	u_top/u_core/u_b/u_b_core/core/core/l5/mac/issue/out_window_reg[2681]/CE
-0.030	u_top/u_core/u_b/u_b_core/core/core/l5/mac/mac/tree_stage[6].valid_q_reg[7]/C	u_top/u_core/u_b/u_b_core/core/core/l5/mac/issue/out_window_reg[2682]/CE
-0.030	u_top/u_core/u_b/u_b_core/core/core/l5/mac/mac/tree_stage[6].valid_q_reg[7]/C	u_top/u_core/u_b/u_b_core/core/core/l5/mac/issue/out_window_reg[2683]/CE
-0.030	u_top/u_core/u_b/u_b_core/core/core/l5/mac/mac/tree_stage[6].valid_q_reg[7]/C	u_top/u_core/u_b/u_b_core/core/core/l5/mac/issue/out_window_reg[1118]/CE
-0.030	u_top/u_core/u_b/u_b_core/core/core/l5/mac/mac/tree_stage[6].valid_q_reg[7]/C	u_top/u_core/u_b/u_b_core/core/core/l5/mac/issue/out_window_reg[1119]/CE
-0.030	u_top/u_core/u_b/u_b_core/core/core/l5/mac/mac/tree_stage[6].valid_q_reg[7]/C	u_top/u_core/u_b/u_b_core/core/core/l5/mac/issue/out_window_reg[1120]/CE
-0.030	u_top/u_core/u_b/u_b_core/core/core/l5/mac/mac/tree_stage[6].valid_q_reg[7]/C	u_top/u_core/u_b/u_b_core/core/core/l5/mac/issue/out_window_reg[1121]/CE
-0.030	u_top/u_core/u_b/u_b_core/core/core/l5/mac/mac/tree_stage[6].valid_q_reg[7]/C	u_top/u_core/u_b/u_b_core/core/core/l5/mac/issue/out_window_reg[1122]/CE
-0.030	u_top/u_core/u_b/u_b_core/core/core/l5/mac/mac/tree_stage[6].valid_q_reg[7]/C	u_top/u_core/u_b/u_b_core/core/core/l5/mac/issue/out_window_reg[1123]/CE
-0.030	u_top/u_core/u_b/u_b_core/core/core/l5/gk.frontend/win/bank_gen[1].mem_reg_1/CLKARDCLK	u_top/u_core/u_b/u_b_core/core/core/l5/gk.frontend/win/shift_reg[9][40]/D
-0.029	u_top/u_core/u_b/u_b_core/core/core/l5/mac/mac/out_lane[3].mult_lane[6].operand_pipe.act_q_reg[15]/C	u_top/u_core/u_b/u_b_core/core/core/l5/mac/mac/out_lane[3].mult_lane[6].operand_pipe.sums_q_reg[0][3][6]/A[16]
-0.029	u_top/u_core/u_b/u_b_core/core/core/l5/mac/mac/out_lane[3].mult_lane[6].operand_pipe.act_q_reg[15]/C	u_top/u_core/u_b/u_b_core/core/core/l5/mac/mac/out_lane[3].mult_lane[6].operand_pipe.sums_q_reg[0][3][6]/A[17]
-0.029	u_top/u_core/u_b/u_b_core/core/core/l5/mac/mac/out_lane[3].mult_lane[6].operand_pipe.act_q_reg[15]/C	u_top/u_core/u_b/u_b_core/core/core/l5/mac/mac/out_lane[3].mult_lane[6].operand_pipe.sums_q_reg[0][3][6]/A[18]
-0.029	u_top/u_core/u_b/u_b_core/core/core/l5/mac/mac/out_lane[3].mult_lane[6].operand_pipe.act_q_reg[15]/C	u_top/u_core/u_b/u_b_core/core/core/l5/mac/mac/out_lane[3].mult_lane[6].operand_pipe.sums_q_reg[0][3][6]/A[19]
-0.029	u_top/u_core/u_b/u_b_core/core/core/l5/mac/mac/tree_stage[3].valid_q_reg[4]/C	u_top/u_core/u_b/u_b_core/core/core/l5/mac/mac/tree_stage[3].channel[1].node[1].pair.sums_q_reg[3][1][1][0]/CE
-0.029	u_top/u_core/u_b/u_b_core/core/core/l5/mac/mac/tree_stage[3].valid_q_reg[4]/C	u_top/u_core/u_b/u_b_core/core/core/l5/mac/mac/tree_stage[3].channel[1].node[1].pair.sums_q_reg[3][1][1][1]/CE
-0.029	u_top/u_core/u_b/u_b_core/core/core/l5/mac/mac/tree_stage[3].valid_q_reg[4]/C	u_top/u_core/u_b/u_b_core/core/core/l5/mac/mac/tree_stage[3].channel[1].node[1].pair.sums_q_reg[3][1][1][2]/CE
-0.029	u_top/u_core/u_b/u_b_core/core/core/l5/mac/mac/tree_stage[3].valid_q_reg[4]/C	u_top/u_core/u_b/u_b_core/core/core/l5/mac/mac/tree_stage[3].channel[1].node[1].pair.sums_q_reg[3][1][1][3]/CE
-0.029	u_top/u_core/u_b/u_b_core/core/core/l5/mac/issue/out_phase_reg[2]_rep__6/C	u_top/u_core/u_b/u_b_core/core/core/l5/mac/mac/out_lane[2].mult_lane[48].operand_pipe.act_q_reg[8]/D
-0.029	u_top/u_core/u_b/u_b_core/core/core/l5/mac/mac/tree_stage[6].valid_q_reg[7]/C	u_top/u_core/u_b/u_b_core/core/core/l5/mac/mac/tree_stage[1].channel[1].node[1].pair.sums_q_reg[1][1][1][10]/CE
-0.029	u_top/u_core/u_b/u_b_core/core/core/l5/mac/mac/tree_stage[6].valid_q_reg[7]/C	u_top/u_core/u_b/u_b_core/core/core/l5/mac/mac/tree_stage[1].channel[1].node[1].pair.sums_q_reg[1][1][1][11]/CE
-0.029	u_top/u_core/u_b/u_b_core/core/core/l5/mac/mac/tree_stage[6].valid_q_reg[7]/C	u_top/u_core/u_b/u_b_core/core/core/l5/mac/mac/tree_stage[1].channel[1].node[1].pair.sums_q_reg[1][1][1][8]/CE
-0.029	u_top/u_core/u_b/u_b_core/core/core/l5/mac/mac/tree_stage[6].valid_q_reg[7]/C	u_top/u_core/u_b/u_b_core/core/core/l5/mac/mac/tree_stage[1].channel[1].node[1].pair.sums_q_reg[1][1][1][9]/CE
-0.029	u_top/u_core/u_b/u_b_core/core/core/l5/gk.frontend/fifo/count_reg[2]/C	u_top/u_core/u_b/u_b_core/core/core/l5/gk.frontend/fifo/g_wide_read.g_read_slice[25].mem_slice_reg_0_3_60_63/RAMA/WE
-0.029	u_top/u_core/u_b/u_b_core/core/core/l5/gk.frontend/fifo/count_reg[2]/C	u_top/u_core/u_b/u_b_core/core/core/l5/gk.frontend/fifo/g_wide_read.g_read_slice[25].mem_slice_reg_0_3_60_63/RAMA_D1/WE
-0.029	u_top/u_core/u_b/u_b_core/core/core/l5/gk.frontend/fifo/count_reg[2]/C	u_top/u_core/u_b/u_b_core/core/core/l5/gk.frontend/fifo/g_wide_read.g_read_slice[25].mem_slice_reg_0_3_60_63/RAMB/WE
-0.029	u_top/u_core/u_b/u_b_core/core/core/l5/gk.frontend/fifo/count_reg[2]/C	u_top/u_core/u_b/u_b_core/core/core/l5/gk.frontend/fifo/g_wide_read.g_read_slice[25].mem_slice_reg_0_3_60_63/RAMB_D1/WE
-0.029	u_top/u_core/u_b/u_b_core/core/core/l5/gk.frontend/fifo/count_reg[2]/C	u_top/u_core/u_b/u_b_core/core/core/l5/gk.frontend/fifo/g_wide_read.g_read_slice[25].mem_slice_reg_0_3_60_63/RAMC/WE
-0.029	u_top/u_core/u_b/u_b_core/core/core/l5/gk.frontend/fifo/count_reg[2]/C	u_top/u_core/u_b/u_b_core/core/core/l5/gk.frontend/fifo/g_wide_read.g_read_slice[25].mem_slice_reg_0_3_60_63/RAMC_D1/WE
-0.029	u_top/u_core/u_b/u_b_core/core/core/l5/gk.frontend/fifo/count_reg[2]/C	u_top/u_core/u_b/u_b_core/core/core/l5/gk.frontend/fifo/g_wide_read.g_read_slice[25].mem_slice_reg_0_3_60_63/RAMD/WE
-0.029	u_top/u_core/u_b/u_b_core/core/core/l5/gk.frontend/fifo/count_reg[2]/C	u_top/u_core/u_b/u_b_core/core/core/l5/gk.frontend/fifo/g_wide_read.g_read_slice[25].mem_slice_reg_0_3_60_63/RAMD_D1/WE
-0.029	u_top/u_core/u_b/u_b_core/core/core/shuffle/busy_reg/C	u_top/u_core/u_b/u_b_core/core/core/l5/gk.frontend/win/shift_reg[2][78]/R
-0.029	u_top/u_core/u_b/u_b_core/core/core/l5/gk.frontend/fifo/wr_ptr_reg[0]/C	u_top/u_core/u_b/u_b_core/core/core/l5/gk.frontend/fifo/g_wide_read.g_read_slice[89].mem_slice_reg_0_3_24_29/RAMA/WADR0
-0.029	u_top/u_core/u_b/u_b_core/core/core/l5/gk.frontend/fifo/wr_ptr_reg[0]/C	u_top/u_core/u_b/u_b_core/core/core/l5/gk.frontend/fifo/g_wide_read.g_read_slice[89].mem_slice_reg_0_3_24_29/RAMA_D1/WADR0
-0.029	u_top/u_core/u_b/u_b_core/core/core/l5/gk.frontend/fifo/wr_ptr_reg[0]/C	u_top/u_core/u_b/u_b_core/core/core/l5/gk.frontend/fifo/g_wide_read.g_read_slice[89].mem_slice_reg_0_3_24_29/RAMB/WADR0
-0.029	u_top/u_core/u_b/u_b_core/core/core/l5/gk.frontend/fifo/wr_ptr_reg[0]/C	u_top/u_core/u_b/u_b_core/core/core/l5/gk.frontend/fifo/g_wide_read.g_read_slice[89].mem_slice_reg_0_3_24_29/RAMB_D1/WADR0
-0.029	u_top/u_core/u_b/u_b_core/core/core/l5/gk.frontend/fifo/wr_ptr_reg[0]/C	u_top/u_core/u_b/u_b_core/core/core/l5/gk.frontend/fifo/g_wide_read.g_read_slice[89].mem_slice_reg_0_3_24_29/RAMC/WADR0
-0.029	u_top/u_core/u_b/u_b_core/core/core/l5/gk.frontend/fifo/wr_ptr_reg[0]/C	u_top/u_core/u_b/u_b_core/core/core/l5/gk.frontend/fifo/g_wide_read.g_read_slice[89].mem_slice_reg_0_3_24_29/RAMC_D1/WADR0
-0.029	u_top/u_core/u_b/u_b_core/core/core/l5/gk.frontend/fifo/wr_ptr_reg[0]/C	u_top/u_core/u_b/u_b_core/core/core/l5/gk.frontend/fifo/g_wide_read.g_read_slice[89].mem_slice_reg_0_3_24_29/RAMD/ADR0
-0.029	u_top/u_core/u_b/u_b_core/core/core/l5/gk.frontend/fifo/wr_ptr_reg[0]/C	u_top/u_core/u_b/u_b_core/core/core/l5/gk.frontend/fifo/g_wide_read.g_read_slice[89].mem_slice_reg_0_3_24_29/RAMD_D1/ADR0
-0.029	u_top/u_core/u_b/u_b_core/core/core/l5/gk.frontend/win/bank_gen[1].mem_reg_6/CLKARDCLK	u_top/u_core/u_b/u_b_core/core/core/l5/gk.frontend/win/shift_reg[9][246]/D
-0.029	u_top/u_core/u_b/u_b_core/core/core/shuffle/busy_reg/C	u_top/u_core/u_b/u_b_core/core/core/l5/gk.frontend/win/shift_reg[2][172]/R
-0.029	u_top/u_core/u_b/u_b_core/core/core/shuffle/busy_reg/C	u_top/u_core/u_b/u_b_core/core/core/l5/gk.frontend/win/shift_reg[3][124]/R
-0.029	u_top/u_core/u_b/u_b_core/core/core/shuffle/busy_reg/C	u_top/u_core/u_b/u_b_core/core/core/l5/gk.frontend/win/shift_reg[3][144]/R
-0.029	u_top/u_core/u_b/u_b_core/core/core/shuffle/busy_reg/C	u_top/u_core/u_b/u_b_core/core/core/l5/gk.frontend/win/shift_reg[3][148]/R
-0.029	u_top/u_core/u_b/u_b_core/core/core/shuffle/busy_reg/C	u_top/u_core/u_b/u_b_core/core/core/l5/gk.frontend/win/shift_reg[3][178]/R
-0.029	u_top/u_core/u_b/u_b_core/core/core/shuffle/busy_reg/C	u_top/u_core/u_b/u_b_core/core/core/l5/gk.frontend/win/shift_reg[3][226]/R
-0.029	u_top/u_core/u_b/u_b_core/core/core/shuffle/busy_reg/C	u_top/u_core/u_b/u_b_core/core/core/l5/gk.frontend/win/shift_reg[3][234]/R
-0.029	u_top/u_core/u_b/u_b_core/core/core/shuffle/busy_reg/C	u_top/u_core/u_b/u_b_core/core/core/l5/gk.frontend/win/shift_reg[3][23]/R
-0.028	u_top/u_core/u_b/u_b_core/core/core/l5/gk.frontend/fifo/wr_ptr_reg[1]_rep__5/C	u_top/u_core/u_b/u_b_core/core/core/l5/gk.frontend/fifo/g_wide_read.g_read_slice[7].mem_slice_reg_0_3_30_35/RAMA/WADR1
-0.028	u_top/u_core/u_b/u_b_core/core/core/l5/gk.frontend/fifo/wr_ptr_reg[1]_rep__5/C	u_top/u_core/u_b/u_b_core/core/core/l5/gk.frontend/fifo/g_wide_read.g_read_slice[7].mem_slice_reg_0_3_30_35/RAMA_D1/WADR1
-0.028	u_top/u_core/u_b/u_b_core/core/core/l5/gk.frontend/fifo/wr_ptr_reg[1]_rep__5/C	u_top/u_core/u_b/u_b_core/core/core/l5/gk.frontend/fifo/g_wide_read.g_read_slice[7].mem_slice_reg_0_3_30_35/RAMB/WADR1
-0.028	u_top/u_core/u_b/u_b_core/core/core/l5/gk.frontend/fifo/wr_ptr_reg[1]_rep__5/C	u_top/u_core/u_b/u_b_core/core/core/l5/gk.frontend/fifo/g_wide_read.g_read_slice[7].mem_slice_reg_0_3_30_35/RAMB_D1/WADR1
-0.028	u_top/u_core/u_b/u_b_core/core/core/l5/gk.frontend/fifo/wr_ptr_reg[1]_rep__5/C	u_top/u_core/u_b/u_b_core/core/core/l5/gk.frontend/fifo/g_wide_read.g_read_slice[7].mem_slice_reg_0_3_30_35/RAMC/WADR1
-0.028	u_top/u_core/u_b/u_b_core/core/core/l5/gk.frontend/fifo/wr_ptr_reg[1]_rep__5/C	u_top/u_core/u_b/u_b_core/core/core/l5/gk.frontend/fifo/g_wide_read.g_read_slice[7].mem_slice_reg_0_3_30_35/RAMC_D1/WADR1
-0.028	u_top/u_core/u_b/u_b_core/core/core/l5/gk.frontend/fifo/wr_ptr_reg[1]_rep__5/C	u_top/u_core/u_b/u_b_core/core/core/l5/gk.frontend/fifo/g_wide_read.g_read_slice[7].mem_slice_reg_0_3_30_35/RAMD/ADR1
-0.028	u_top/u_core/u_b/u_b_core/core/core/l5/gk.frontend/fifo/wr_ptr_reg[1]_rep__5/C	u_top/u_core/u_b/u_b_core/core/core/l5/gk.frontend/fifo/g_wide_read.g_read_slice[7].mem_slice_reg_0_3_30_35/RAMD_D1/ADR1
-0.028	u_top/u_core/u_b/u_b_core/core/core/l5/mac/issue/out_phase_reg[0]_rep__10/C	u_top/u_core/u_b/u_b_core/core/core/l5/mac/mac/out_lane[1].mult_lane[47].operand_pipe.act_q_reg[4]/D
-0.028	u_top/u_core/u_b/u_b_core/core/core/l5/mac/issue/out_phase_reg[1]_rep__3/C	u_top/u_core/u_b/u_b_core/core/core/l5/mac/mac/out_lane[0].mult_lane[8].operand_pipe.act_q_reg[14]/D
-0.028	u_top/u_core/u_b/u_b_core/core/core/l5/gk.frontend/win/row_mod_d_reg[1]_rep__2/C	u_top/u_core/u_b/u_b_core/core/core/l5/gk.frontend/win/shift_reg[14][31]/D
-0.028	u_top/u_core/u_b/u_b_core/core/core/l4/post/occupied_reg[0]/C	u_top/u_core/u_b/u_b_core/core/core/f34/g_narrow_read.mem_reg_0_31_102_107/RAMA/WE
-0.028	u_top/u_core/u_b/u_b_core/core/core/l4/post/occupied_reg[0]/C	u_top/u_core/u_b/u_b_core/core/core/f34/g_narrow_read.mem_reg_0_31_102_107/RAMA_D1/WE
-0.028	u_top/u_core/u_b/u_b_core/core/core/l4/post/occupied_reg[0]/C	u_top/u_core/u_b/u_b_core/core/core/f34/g_narrow_read.mem_reg_0_31_102_107/RAMB/WE
-0.028	u_top/u_core/u_b/u_b_core/core/core/l4/post/occupied_reg[0]/C	u_top/u_core/u_b/u_b_core/core/core/f34/g_narrow_read.mem_reg_0_31_102_107/RAMB_D1/WE
-0.028	u_top/u_core/u_b/u_b_core/core/core/l4/post/occupied_reg[0]/C	u_top/u_core/u_b/u_b_core/core/core/f34/g_narrow_read.mem_reg_0_31_102_107/RAMC/WE
-0.028	u_top/u_core/u_b/u_b_core/core/core/l4/post/occupied_reg[0]/C	u_top/u_core/u_b/u_b_core/core/core/f34/g_narrow_read.mem_reg_0_31_102_107/RAMC_D1/WE
-0.028	u_top/u_core/u_b/u_b_core/core/core/l4/post/occupied_reg[0]/C	u_top/u_core/u_b/u_b_core/core/core/f34/g_narrow_read.mem_reg_0_31_102_107/RAMD/WE
-0.028	u_top/u_core/u_b/u_b_core/core/core/l4/post/occupied_reg[0]/C	u_top/u_core/u_b/u_b_core/core/core/f34/g_narrow_read.mem_reg_0_31_102_107/RAMD_D1/WE
-0.028	u_top/u_core/u_b/u_b_core/core/core/l5/gk.frontend/fifo/wr_ptr_reg[1]/C	u_top/u_core/u_b/u_b_core/core/core/l5/gk.frontend/fifo/g_wide_read.g_read_slice[94].mem_slice_reg_0_3_24_29/RAMA/WADR1
-0.028	u_top/u_core/u_b/u_b_core/core/core/l5/gk.frontend/fifo/wr_ptr_reg[1]/C	u_top/u_core/u_b/u_b_core/core/core/l5/gk.frontend/fifo/g_wide_read.g_read_slice[94].mem_slice_reg_0_3_24_29/RAMA_D1/WADR1
-0.028	u_top/u_core/u_b/u_b_core/core/core/l5/gk.frontend/fifo/wr_ptr_reg[1]/C	u_top/u_core/u_b/u_b_core/core/core/l5/gk.frontend/fifo/g_wide_read.g_read_slice[94].mem_slice_reg_0_3_24_29/RAMB/WADR1
-0.028	u_top/u_core/u_b/u_b_core/core/core/l5/gk.frontend/fifo/wr_ptr_reg[1]/C	u_top/u_core/u_b/u_b_core/core/core/l5/gk.frontend/fifo/g_wide_read.g_read_slice[94].mem_slice_reg_0_3_24_29/RAMB_D1/WADR1
-0.028	u_top/u_core/u_b/u_b_core/core/core/l5/gk.frontend/fifo/wr_ptr_reg[1]/C	u_top/u_core/u_b/u_b_core/core/core/l5/gk.frontend/fifo/g_wide_read.g_read_slice[94].mem_slice_reg_0_3_24_29/RAMC/WADR1
-0.028	u_top/u_core/u_b/u_b_core/core/core/l5/gk.frontend/fifo/wr_ptr_reg[1]/C	u_top/u_core/u_b/u_b_core/core/core/l5/gk.frontend/fifo/g_wide_read.g_read_slice[94].mem_slice_reg_0_3_24_29/RAMC_D1/WADR1
-0.028	u_top/u_core/u_b/u_b_core/core/core/l5/gk.frontend/fifo/wr_ptr_reg[1]/C	u_top/u_core/u_b/u_b_core/core/core/l5/gk.frontend/fifo/g_wide_read.g_read_slice[94].mem_slice_reg_0_3_24_29/RAMD/ADR1
-0.028	u_top/u_core/u_b/u_b_core/core/core/l5/gk.frontend/fifo/wr_ptr_reg[1]/C	u_top/u_core/u_b/u_b_core/core/core/l5/gk.frontend/fifo/g_wide_read.g_read_slice[94].mem_slice_reg_0_3_24_29/RAMD_D1/ADR1
-0.028	u_top/u_core/u_b/u_b_core/core/core/l5/mac/issue/out_phase_reg[2]_rep__1/C	u_top/u_core/u_b/u_b_core/core/core/l5/mac/mac/out_lane[3].mult_lane[20].operand_pipe.act_q_reg[15]/D
-0.027	u_top/u_core/u_b/u_b_core/core/core/l5/mac/mac/tree_stage[6].valid_q_reg[7]/C	u_top/u_core/u_b/u_b_core/core/core/l5/mac/mac/out_lane[0].mult_lane[48].operand_pipe.weight_q_reg[0]/CE
-0.027	u_top/u_core/u_b/u_b_core/core/core/l5/mac/mac/tree_stage[6].valid_q_reg[7]/C	u_top/u_core/u_b/u_b_core/core/core/l5/mac/issue/out_window_reg[914]/CE
-0.027	u_top/u_core/u_b/u_b_core/core/core/l5/mac/mac/tree_stage[6].valid_q_reg[7]/C	u_top/u_core/u_b/u_b_core/core/core/l5/mac/issue/out_window_reg[915]/CE
-0.027	u_top/u_core/u_b/u_b_core/core/core/l5/mac/mac/tree_stage[6].valid_q_reg[7]/C	u_top/u_core/u_b/u_b_core/core/core/l5/mac/issue/out_window_reg[916]/CE
-0.027	u_top/u_core/u_b/u_b_core/core/core/l5/mac/mac/tree_stage[6].valid_q_reg[7]/C	u_top/u_core/u_b/u_b_core/core/core/l5/mac/issue/out_window_reg[917]/CE
-0.027	u_top/u_core/u_b/u_b_core/core/core/l5/mac/mac/tree_stage[6].valid_q_reg[7]/C	u_top/u_core/u_b/u_b_core/core/core/l5/mac/issue/out_window_reg[918]/CE
-0.027	u_top/u_core/u_b/u_b_core/core/core/l5/mac/mac/tree_stage[6].valid_q_reg[7]/C	u_top/u_core/u_b/u_b_core/core/core/l5/mac/issue/out_window_reg[919]/CE
-0.027	u_top/u_core/u_b/u_b_core/core/core/shuffle/busy_reg/C	u_top/u_core/u_b/u_b_core/core/core/l5/gk.frontend/win/shift_reg[11][117]/R
-0.027	u_top/u_core/u_b/u_b_core/core/core/shuffle/busy_reg/C	u_top/u_core/u_b/u_b_core/core/core/l5/gk.frontend/win/shift_reg[11][198]/R
-0.027	u_top/u_core/u_b/u_b_core/core/core/shuffle/busy_reg/C	u_top/u_core/u_b/u_b_core/core/core/l5/gk.frontend/win/shift_reg[11][228]/R
-0.027	u_top/u_core/u_b/u_b_core/core/core/shuffle/busy_reg/C	u_top/u_core/u_b/u_b_core/core/core/l5/gk.frontend/win/shift_reg[11][39]/R
-0.027	u_top/u_core/u_b/u_b_core/core/core/shuffle/busy_reg/C	u_top/u_core/u_b/u_b_core/core/core/l5/gk.frontend/win/shift_reg[11][98]/R
-0.027	u_top/u_core/u_b/u_b_core/core/core/shuffle/busy_reg/C	u_top/u_core/u_b/u_b_core/core/core/l5/gk.frontend/win/shift_reg[7][22]/R
-0.027	u_top/u_core/u_b/u_b_core/core/core/shuffle/busy_reg/C	u_top/u_core/u_b/u_b_core/core/core/l5/gk.frontend/win/shift_reg[22][64]/R
-0.027	u_top/u_core/u_b/u_b_core/core/core/shuffle/busy_reg/C	u_top/u_core/u_b/u_b_core/core/core/l5/gk.frontend/win/shift_reg[23][207]/R
-0.027	u_top/u_core/u_b/u_b_core/core/core/l5/mac/issue/out_phase_reg[0]_rep__4/C	u_top/u_core/u_b/u_b_core/core/core/l5/mac/mac/out_lane[2].mult_lane[10].operand_pipe.act_q_reg[9]/D
-0.027	u_top/u_core/u_b/u_b_core/core/core/l5/mac/issue/out_phase_reg[0]_rep__15/C	u_top/u_core/u_b/u_b_core/core/core/l5/mac/mac/out_lane[2].mult_lane[27].operand_pipe.weight_q_reg[7]/D
-0.027	u_top/u_core/u_b/u_b_core/core/core/l5/mac/issue/out_window_reg[5898]/C	u_top/u_core/u_b/u_b_core/core/core/l5/mac/mac/out_lane[3].mult_lane[23].operand_pipe.act_q_reg[10]/D
-0.027	u_top/u_core/u_b/u_b_core/core/core/f45/g_narrow_read.rd_ptr_local_reg[0]_replica_3/C	u_top/u_core/u_b/u_b_core/core/core/l5/gk.frontend/win/bank_gen[0].mem_reg_1/DIADI[13]
-0.027	u_top/u_core/u_b/u_b_core/core/core/l5/gk.frontend/win/shift_reg[11][66]/C	u_top/u_core/u_b/u_b_core/core/core/l5/gk.frontend/fifo/g_wide_read.g_read_slice[45].mem_slice_reg_0_3_0_5/RAMB/I
-0.027	u_top/u_core/u_b/u_b_core/core/core/l5/mac/mac/tree_stage[6].valid_q_reg[7]/C	u_top/u_core/u_b/u_b_core/core/core/l5/mac/issue/out_window_reg[1758]/CE
-0.027	u_top/u_core/u_b/u_b_core/core/core/l5/mac/mac/tree_stage[6].valid_q_reg[7]/C	u_top/u_core/u_b/u_b_core/core/core/l5/mac/issue/out_window_reg[1759]/CE
-0.027	u_top/u_core/u_b/u_b_core/core/core/l5/mac/mac/tree_stage[6].valid_q_reg[7]/C	u_top/u_core/u_b/u_b_core/core/core/l5/mac/issue/out_window_reg[1760]/CE
-0.027	u_top/u_core/u_b/u_b_core/core/core/l5/mac/mac/tree_stage[6].valid_q_reg[7]/C	u_top/u_core/u_b/u_b_core/core/core/l5/mac/issue/out_window_reg[1761]/CE
-0.027	u_top/u_core/u_b/u_b_core/core/core/l5/mac/mac/tree_stage[6].valid_q_reg[7]/C	u_top/u_core/u_b/u_b_core/core/core/l5/mac/issue/out_window_reg[1762]/CE
-0.027	u_top/u_core/u_b/u_b_core/core/core/l5/mac/mac/tree_stage[6].valid_q_reg[7]/C	u_top/u_core/u_b/u_b_core/core/core/l5/mac/issue/out_window_reg[1763]/CE
-0.026	u_top/u_core/u_b/u_b_core/core/core/l5/gk.frontend/fifo/wr_ptr_reg[0]_rep__5/C	u_top/u_core/u_b/u_b_core/core/core/l5/gk.frontend/fifo/g_wide_read.g_read_slice[7].mem_slice_reg_0_3_48_53/RAMA/WADR0
-0.026	u_top/u_core/u_b/u_b_core/core/core/l5/gk.frontend/fifo/wr_ptr_reg[0]_rep__5/C	u_top/u_core/u_b/u_b_core/core/core/l5/gk.frontend/fifo/g_wide_read.g_read_slice[7].mem_slice_reg_0_3_48_53/RAMA_D1/WADR0
-0.026	u_top/u_core/u_b/u_b_core/core/core/l5/gk.frontend/fifo/wr_ptr_reg[0]_rep__5/C	u_top/u_core/u_b/u_b_core/core/core/l5/gk.frontend/fifo/g_wide_read.g_read_slice[7].mem_slice_reg_0_3_48_53/RAMB/WADR0
-0.026	u_top/u_core/u_b/u_b_core/core/core/l5/gk.frontend/fifo/wr_ptr_reg[0]_rep__5/C	u_top/u_core/u_b/u_b_core/core/core/l5/gk.frontend/fifo/g_wide_read.g_read_slice[7].mem_slice_reg_0_3_48_53/RAMB_D1/WADR0
-0.026	u_top/u_core/u_b/u_b_core/core/core/l5/gk.frontend/fifo/wr_ptr_reg[0]_rep__5/C	u_top/u_core/u_b/u_b_core/core/core/l5/gk.frontend/fifo/g_wide_read.g_read_slice[7].mem_slice_reg_0_3_48_53/RAMC/WADR0
-0.026	u_top/u_core/u_b/u_b_core/core/core/l5/gk.frontend/fifo/wr_ptr_reg[0]_rep__5/C	u_top/u_core/u_b/u_b_core/core/core/l5/gk.frontend/fifo/g_wide_read.g_read_slice[7].mem_slice_reg_0_3_48_53/RAMC_D1/WADR0
-0.026	u_top/u_core/u_b/u_b_core/core/core/l5/gk.frontend/fifo/wr_ptr_reg[0]_rep__5/C	u_top/u_core/u_b/u_b_core/core/core/l5/gk.frontend/fifo/g_wide_read.g_read_slice[7].mem_slice_reg_0_3_48_53/RAMD/ADR0
-0.026	u_top/u_core/u_b/u_b_core/core/core/l5/gk.frontend/fifo/wr_ptr_reg[0]_rep__5/C	u_top/u_core/u_b/u_b_core/core/core/l5/gk.frontend/fifo/g_wide_read.g_read_slice[7].mem_slice_reg_0_3_48_53/RAMD_D1/ADR0
-0.026	u_top/u_core/u_b/u_b_core/core/core/l5/mac/mac/tree_stage[6].valid_q_reg[7]/C	u_top/u_core/u_b/u_b_core/core/core/l5/mac/mac/tree_stage[2].channel[2].node[5].pair.sums_q_reg[2][2][5][0]/CE
-0.026	u_top/u_core/u_b/u_b_core/core/core/l5/mac/mac/tree_stage[6].valid_q_reg[7]/C	u_top/u_core/u_b/u_b_core/core/core/l5/mac/mac/tree_stage[2].channel[2].node[5].pair.sums_q_reg[2][2][5][1]/CE
-0.026	u_top/u_core/u_b/u_b_core/core/core/l5/mac/mac/tree_stage[6].valid_q_reg[7]/C	u_top/u_core/u_b/u_b_core/core/core/l5/mac/mac/tree_stage[2].channel[2].node[5].pair.sums_q_reg[2][2][5][2]/CE
-0.026	u_top/u_core/u_b/u_b_core/core/core/l5/mac/mac/tree_stage[6].valid_q_reg[7]/C	u_top/u_core/u_b/u_b_core/core/core/l5/mac/mac/tree_stage[2].channel[2].node[5].pair.sums_q_reg[2][2][5][3]/CE
-0.026	u_top/u_core/u_b/u_b_core/core/core/shuffle/busy_reg/C	u_top/u_core/u_b/u_b_core/core/core/l5/gk.frontend/win/shift_reg[11][46]/R
-0.026	u_top/u_core/u_b/u_b_core/core/core/l5/mac/issue/out_phase_reg[2]_rep__3/C	u_top/u_core/u_b/u_b_core/core/core/l5/mac/mac/out_lane[1].mult_lane[25].operand_pipe.act_q_reg[7]/D
-0.026	u_top/u_core/u_b/u_b_core/core/core/l5/gk.frontend/win/row_mod_d_reg[1]/C	u_top/u_core/u_b/u_b_core/core/core/l5/gk.frontend/win/shift_reg[9][12]/D
-0.026	u_top/u_core/u_b/u_b_core/core/core/l5/mac/issue/out_phase_reg[0]_rep__5/C	u_top/u_core/u_b/u_b_core/core/core/l5/mac/mac/out_lane[2].mult_lane[13].operand_pipe.act_q_reg[10]/D
-0.026	u_top/u_core/u_b/u_b_core/core/core/shuffle/busy_reg/C	u_top/u_core/u_b/u_b_core/core/core/l5/gk.frontend/fifo/g_wide_read.g_read_slice[44].rd_ptr_local_reg[0]/R
-0.026	u_top/u_core/u_b/u_b_core/core/core/shuffle/busy_reg/C	u_top/u_core/u_b/u_b_core/core/core/l5/gk.frontend/fifo/g_wide_read.g_read_slice[44].rd_ptr_local_reg[1]/R
-0.026	u_top/u_core/u_b/u_b_core/core/core/l5/mac/issue/out_phase_reg[0]_rep__5/C	u_top/u_core/u_b/u_b_core/core/core/l5/mac/mac/out_lane[1].mult_lane[37].operand_pipe.act_q_reg[10]/D
-0.026	u_top/u_core/u_b/u_b_core/core/core/l5/mac/issue/out_phase_reg[2]_rep__4/C	u_top/u_core/u_b/u_b_core/core/core/l5/mac/mac/out_lane[2].mult_lane[29].operand_pipe.act_q_reg[13]/D
-0.026	u_top/u_core/u_b/u_b_core/core/core/shuffle/busy_reg/C	u_top/u_core/u_b/u_b_core/core/core/l5/gk.frontend/win/shift_reg[17][178]/R
-0.026	u_top/u_core/u_b/u_b_core/core/core/l5/mac/issue/out_phase_reg[1]_rep/C	u_top/u_core/u_b/u_b_core/core/core/l5/mac/mac/out_lane[1].mult_lane[23].operand_pipe.weight_q_reg[0]/D
-0.026	u_top/u_core/u_b/u_b_core/core/core/l5/gk.frontend/pad/interior_x_reg/C	u_top/u_core/u_b/u_b_core/core/core/l5/gk.frontend/win/bank_gen[2].mem_reg_3/DIADI[27]
-0.026	u_top/u_core/u_b/u_b_core/core/core/l5/mac/mac/tree_stage[6].valid_q_reg[7]/C	u_top/u_core/u_b/u_b_core/core/core/l5/mac/mac/tree_stage[2].channel[3].node[2].pair.sums_q_reg[2][3][2][20]/CE
-0.026	u_top/u_core/u_b/u_b_core/core/core/l5/mac/mac/tree_stage[6].valid_q_reg[7]/C	u_top/u_core/u_b/u_b_core/core/core/l5/mac/mac/tree_stage[2].channel[3].node[2].pair.sums_q_reg[2][3][2][21]/CE
-0.026	u_top/u_core/u_b/u_b_core/core/core/l5/mac/mac/tree_stage[6].valid_q_reg[7]/C	u_top/u_core/u_b/u_b_core/core/core/l5/mac/mac/tree_stage[2].channel[3].node[2].pair.sums_q_reg[2][3][2][22]/CE
-0.026	u_top/u_core/u_b/u_b_core/core/core/l5/mac/mac/tree_stage[6].valid_q_reg[7]/C	u_top/u_core/u_b/u_b_core/core/core/l5/mac/mac/tree_stage[2].channel[3].node[2].pair.sums_q_reg[2][3][2][23]/CE
-0.026	u_top/u_core/u_b/u_b_core/core/core/l5/mac/issue/out_phase_reg[1]_rep__3/C	u_top/u_core/u_b/u_b_core/core/core/l5/mac/mac/out_lane[3].mult_lane[26].operand_pipe.act_q_reg[7]/D
-0.025	u_top/u_core/u_b/u_b_core/core/core/l5/mac/issue/out_phase_reg[2]_rep__6/C	u_top/u_core/u_b/u_b_core/core/core/l5/mac/mac/out_lane[0].mult_lane[48].operand_pipe.act_q_reg[6]/D
-0.025	u_top/u_core/u_b/u_b_core/core/core/l5/mac/issue/out_phase_reg[2]_rep__5/C	u_top/u_core/u_b/u_b_core/core/core/l5/mac/mac/out_lane[3].mult_lane[15].operand_pipe.weight_q_reg[2]/D
-0.025	u_top/u_core/u_b/u_b_core/core/core/l5/mac/issue/out_window_reg[3681]/C	u_top/u_core/u_b/u_b_core/core/core/l5/mac/mac/out_lane[1].mult_lane[14].operand_pipe.act_q_reg[1]/D
-0.025	u_top/u_core/u_b/u_b_core/core/core/l5/mac/issue/out_window_reg[3557]/C	u_top/u_core/u_b/u_b_core/core/core/l5/mac/mac/out_lane[1].mult_lane[13].operand_pipe.act_q_reg[5]/D
-0.025	u_top/u_core/u_b/u_b_core/core/core/l5/mac/mac/tree_stage[6].valid_q_reg[7]/C	u_top/u_core/u_b/u_b_core/core/core/l5/mac/issue/out_window_reg[2724]/CE
-0.025	u_top/u_core/u_b/u_b_core/core/core/l5/mac/mac/tree_stage[6].valid_q_reg[7]/C	u_top/u_core/u_b/u_b_core/core/core/l5/mac/issue/out_window_reg[2725]/CE
-0.025	u_top/u_core/u_b/u_b_core/core/core/l5/mac/mac/tree_stage[6].valid_q_reg[7]/C	u_top/u_core/u_b/u_b_core/core/core/l5/mac/issue/out_window_reg[2726]/CE
-0.025	u_top/u_core/u_b/u_b_core/core/core/l5/mac/mac/tree_stage[6].valid_q_reg[7]/C	u_top/u_core/u_b/u_b_core/core/core/l5/mac/issue/out_window_reg[2727]/CE
-0.025	u_top/u_core/u_b/u_b_core/core/core/l5/mac/mac/tree_stage[6].valid_q_reg[7]/C	u_top/u_core/u_b/u_b_core/core/core/l5/mac/issue/out_window_reg[2728]/CE
-0.025	u_top/u_core/u_b/u_b_core/core/core/l5/mac/mac/tree_stage[6].valid_q_reg[7]/C	u_top/u_core/u_b/u_b_core/core/core/l5/mac/issue/out_window_reg[2729]/CE
-0.025	u_top/u_core/u_b/u_b_core/core/core/l5/mac/issue/out_phase_reg[1]_rep__3/C	u_top/u_core/u_b/u_b_core/core/core/l5/mac/mac/out_lane[3].mult_lane[26].operand_pipe.act_q_reg[10]/D
-0.025	u_top/u_core/u_b/u_b_core/core/core/l5/mac/issue/out_phase_reg[1]_rep__15/C	u_top/u_core/u_b/u_b_core/core/core/l5/mac/mac/out_lane[1].mult_lane[47].operand_pipe.act_q_reg[12]/D
-0.025	u_top/u_core/u_b/u_b_core/core/core/l5/mac/issue/out_phase_reg[1]_rep/C	u_top/u_core/u_b/u_b_core/core/core/l5/mac/mac/out_lane[0].mult_lane[17].operand_pipe.weight_q_reg[0]/D
-0.025	u_top/u_core/u_b/u_b_core/core/core/l5/gk.frontend/win/col_reg[2]/C	u_top/u_core/u_b/u_b_core/core/core/l5/gk.frontend/win/bank_gen[3].mem_reg_6/ADDRARDADDR[7]
-0.024	u_top/u_core/u_b/u_b_core/core/core/l5/mac/issue/out_phase_reg[1]_rep__1/C	u_top/u_core/u_b/u_b_core/core/core/l5/mac/mac/out_lane[0].mult_lane[29].operand_pipe.weight_q_reg[2]/D
-0.024	u_top/u_core/u_b/u_b_core/core/core/l5/mac/issue/out_phase_reg[1]_rep__3/C	u_top/u_core/u_b/u_b_core/core/core/l5/mac/mac/out_lane[2].mult_lane[8].operand_pipe.act_q_reg[14]/D
-0.024	u_top/u_core/u_b/u_b_core/core/core/l5/mac/issue/out_window_reg[3791]/C	u_top/u_core/u_b/u_b_core/core/core/l5/mac/mac/out_lane[0].mult_lane[14].operand_pipe.act_q_reg[15]/D
-0.024	u_top/u_core/u_b/u_b_core/core/core/l5/gk.frontend/win/bank_gen[2].mem_reg_0/CLKARDCLK	u_top/u_core/u_b/u_b_core/core/core/l5/gk.frontend/win/shift_reg[4][21]/D
-0.024	u_top/u_core/u_b/u_b_core/core/core/l5/gk.frontend/win/col_reg[5]/C	u_top/u_core/u_b/u_b_core/core/core/l5/gk.frontend/win/bank_gen[0].mem_reg_3/ADDRARDADDR[10]
-0.024	u_top/u_core/u_b/u_b_core/core/core/l5/mac/issue/out_phase_reg[0]_rep__10/C	u_top/u_core/u_b/u_b_core/core/core/l5/mac/mac/out_lane[1].mult_lane[22].operand_pipe.act_q_reg[2]/D
-0.024	u_top/u_core/u_b/u_b_core/core/core/l5/mac/issue/out_phase_reg[0]_rep__10/C	u_top/u_core/u_b/u_b_core/core/core/l5/mac/mac/out_lane[2].mult_lane[46].operand_pipe.act_q_reg[0]/D
-0.024	u_top/u_core/u_b/u_b_core/core/core/l5/mac/mac/tree_stage[6].valid_q_reg[7]/C	u_top/u_core/u_b/u_b_core/core/core/l5/mac/issue/out_window_reg[3596]/CE
-0.024	u_top/u_core/u_b/u_b_core/core/core/l5/mac/mac/tree_stage[6].valid_q_reg[7]/C	u_top/u_core/u_b/u_b_core/core/core/l5/mac/issue/out_window_reg[3597]/CE
-0.024	u_top/u_core/u_b/u_b_core/core/core/l5/mac/mac/tree_stage[6].valid_q_reg[7]/C	u_top/u_core/u_b/u_b_core/core/core/l5/mac/issue/out_window_reg[3598]/CE
-0.024	u_top/u_core/u_b/u_b_core/core/core/l5/mac/mac/tree_stage[6].valid_q_reg[7]/C	u_top/u_core/u_b/u_b_core/core/core/l5/mac/issue/out_window_reg[3599]/CE
-0.024	u_top/u_core/u_b/u_b_core/core/core/l5/mac/mac/tree_stage[6].valid_q_reg[7]/C	u_top/u_core/u_b/u_b_core/core/core/l5/mac/issue/out_window_reg[3600]/CE
-0.024	u_top/u_core/u_b/u_b_core/core/core/l5/mac/mac/tree_stage[6].valid_q_reg[7]/C	u_top/u_core/u_b/u_b_core/core/core/l5/mac/issue/out_window_reg[3601]/CE
-0.023	u_top/u_core/u_b/u_b_core/core/core/l5/gk.frontend/win/bank_gen[1].mem_reg_6/CLKARDCLK	u_top/u_core/u_b/u_b_core/core/core/l5/gk.frontend/win/shift_reg[9][223]/D
-0.023	u_top/u_core/u_b/u_b_core/core/core/l5/gk.frontend/win/shift_reg[16][68]/C	u_top/u_core/u_b/u_b_core/core/core/l5/gk.frontend/fifo/g_wide_read.g_read_slice[65].mem_slice_reg_0_3_0_5/RAMC/I
-0.023	u_top/u_core/u_b/u_b_core/core/core/shuffle/busy_reg/C	u_top/u_core/u_b/u_b_core/core/core/l5/post/ready_slot_reg[1]/D
-0.023	u_top/u_core/u_b/u_b_core/core/core/l5/mac/issue/out_phase_reg[0]_rep__3/C	u_top/u_core/u_b/u_b_core/core/core/l5/mac/mac/out_lane[2].mult_lane[9].operand_pipe.act_q_reg[12]/D
-0.023	u_top/u_core/u_b/u_b_core/core/core/l5/mac/mac/tree_stage[6].valid_q_reg[7]/C	u_top/u_core/u_b/u_b_core/core/core/l5/mac/issue/out_window_reg[2898]/CE
-0.023	u_top/u_core/u_b/u_b_core/core/core/l5/mac/mac/tree_stage[6].valid_q_reg[7]/C	u_top/u_core/u_b/u_b_core/core/core/l5/mac/issue/out_window_reg[2899]/CE
-0.023	u_top/u_core/u_b/u_b_core/core/core/l5/mac/mac/tree_stage[6].valid_q_reg[7]/C	u_top/u_core/u_b/u_b_core/core/core/l5/mac/issue/out_window_reg[2900]/CE
-0.023	u_top/u_core/u_b/u_b_core/core/core/l5/mac/mac/tree_stage[6].valid_q_reg[7]/C	u_top/u_core/u_b/u_b_core/core/core/l5/mac/issue/out_window_reg[2901]/CE
-0.023	u_top/u_core/u_b/u_b_core/core/core/l5/mac/mac/tree_stage[6].valid_q_reg[7]/C	u_top/u_core/u_b/u_b_core/core/core/l5/mac/issue/out_window_reg[2902]/CE
-0.023	u_top/u_core/u_b/u_b_core/core/core/l5/mac/mac/tree_stage[6].valid_q_reg[7]/C	u_top/u_core/u_b/u_b_core/core/core/l5/mac/issue/out_window_reg[2903]/CE
-0.023	u_top/u_core/u_b/u_b_core/core/core/l5/gk.frontend/win/bank_gen[3].mem_reg_3/CLKARDCLK	u_top/u_core/u_b/u_b_core/core/core/l5/gk.frontend/win/shift_reg[9][133]/D
-0.023	u_top/u_core/u_b/u_b_core/core/core/l5/mac/issue/out_phase_reg[1]_rep__15/C	u_top/u_core/u_b/u_b_core/core/core/l5/mac/mac/out_lane[2].mult_lane[47].operand_pipe.act_q_reg[10]/D
-0.023	u_top/u_core/u_b/u_b_core/core/core/l5/mac/issue/out_phase_reg[1]_rep__11/C	u_top/u_core/u_b/u_b_core/core/core/l5/mac/mac/out_lane[3].mult_lane[41].operand_pipe.act_q_reg[15]/D
-0.023	u_top/u_core/u_b/u_b_core/core/core/l5/mac/issue/out_window_reg[6343]/C	u_top/u_core/u_b/u_b_core/core/core/l5/mac/mac/out_lane[2].mult_lane[24].operand_pipe.act_q_reg[7]/D
-0.023	u_top/u_core/u_b/u_b_core/core/core/l5/mac/mac/tree_stage[6].valid_q_reg[7]/C	u_top/u_core/u_b/u_b_core/core/core/l5/mac/issue/out_window_reg[1578]/CE
-0.023	u_top/u_core/u_b/u_b_core/core/core/l5/mac/mac/tree_stage[6].valid_q_reg[7]/C	u_top/u_core/u_b/u_b_core/core/core/l5/mac/issue/out_window_reg[1579]/CE
-0.023	u_top/u_core/u_b/u_b_core/core/core/l5/mac/mac/tree_stage[6].valid_q_reg[7]/C	u_top/u_core/u_b/u_b_core/core/core/l5/mac/issue/out_window_reg[1580]/CE
-0.023	u_top/u_core/u_b/u_b_core/core/core/l5/mac/mac/tree_stage[6].valid_q_reg[7]/C	u_top/u_core/u_b/u_b_core/core/core/l5/mac/issue/out_window_reg[1581]/CE
-0.023	u_top/u_core/u_b/u_b_core/core/core/l5/mac/mac/tree_stage[6].valid_q_reg[7]/C	u_top/u_core/u_b/u_b_core/core/core/l5/mac/issue/out_window_reg[1582]/CE
-0.023	u_top/u_core/u_b/u_b_core/core/core/l5/mac/mac/tree_stage[6].valid_q_reg[7]/C	u_top/u_core/u_b/u_b_core/core/core/l5/mac/issue/out_window_reg[1583]/CE
-0.023	u_top/u_core/u_ctrl/start_b_reg/C	u_top/u_core/u_in/req_addr_q_reg[11]_rep__0/CE
-0.023	u_top/u_core/u_ctrl/start_b_reg/C	u_top/u_core/u_in/req_addr_q_reg[11]_rep__1/CE
-0.023	u_top/u_core/u_ctrl/start_b_reg/C	u_top/u_core/u_in/req_addr_q_reg[11]_rep__2/CE
-0.023	u_top/u_core/u_ctrl/start_b_reg/C	u_top/u_core/u_in/req_addr_q_reg[11]_rep__5/CE
-0.023	u_top/u_core/u_ctrl/start_b_reg/C	u_top/u_core/u_in/req_addr_q_reg[12]_rep__0/CE
-0.023	u_top/u_core/u_ctrl/start_b_reg/C	u_top/u_core/u_in/req_addr_q_reg[12]_rep__1/CE
-0.023	u_top/u_core/u_ctrl/start_b_reg/C	u_top/u_core/u_in/req_addr_q_reg[12]_rep__2/CE
-0.023	u_top/u_core/u_ctrl/start_b_reg/C	u_top/u_core/u_in/req_addr_q_reg[12]_rep__5/CE
-0.023	u_top/u_core/u_b/u_b_core/core/core/l5/gk.frontend/fifo/g_wide_read.g_read_slice[89].rd_ptr_local_reg[0]/C	u_top/u_core/u_b/u_b_core/core/core/l5/mac/issue/out_window_reg[5729]/D
-0.023	u_top/u_core/u_b/u_b_core/core/core/l5/gk.frontend/win/bank_gen[1].mem_reg_1/CLKARDCLK	u_top/u_core/u_b/u_b_core/core/core/l5/gk.frontend/win/shift_reg[14][43]/D
-0.023	u_top/u_core/u_b/u_b_core/core/core/l5/mac/issue/out_phase_reg[2]_rep__1/C	u_top/u_core/u_b/u_b_core/core/core/l5/mac/mac/out_lane[1].mult_lane[46].operand_pipe.weight_q_reg[0]/R
-0.023	u_top/u_core/u_b/u_b_core/core/core/shuffle/busy_reg/C	u_top/u_core/u_b/u_b_core/core/core/l5/gk.frontend/win/shift_reg[22][202]/R
-0.023	u_top/u_core/u_b/u_b_core/core/core/shuffle/busy_reg/C	u_top/u_core/u_b/u_b_core/core/core/l5/gk.frontend/win/shift_reg[22][255]/R
-0.023	u_top/u_core/u_b/u_b_core/core/core/shuffle/busy_reg/C	u_top/u_core/u_b/u_b_core/core/core/l5/gk.frontend/win/shift_reg[23][105]/R
-0.023	u_top/u_core/u_b/u_b_core/core/core/shuffle/busy_reg/C	u_top/u_core/u_b/u_b_core/core/core/l5/gk.frontend/win/shift_reg[23][173]/R
-0.023	u_top/u_core/u_b/u_b_core/core/core/shuffle/busy_reg/C	u_top/u_core/u_b/u_b_core/core/core/l5/gk.frontend/win/shift_reg[23][196]/R
-0.023	u_top/u_core/u_b/u_b_core/core/core/shuffle/busy_reg/C	u_top/u_core/u_b/u_b_core/core/core/l5/gk.frontend/win/shift_reg[23][233]/R
-0.023	u_top/u_core/u_b/u_b_core/core/core/shuffle/busy_reg/C	u_top/u_core/u_b/u_b_core/core/core/l5/gk.frontend/win/shift_reg[23][255]/R
-0.023	u_top/u_core/u_b/u_b_core/core/core/shuffle/busy_reg/C	u_top/u_core/u_b/u_b_core/core/core/l5/gk.frontend/win/shift_reg[23][40]/R
-0.023	u_top/u_core/u_b/u_b_core/core/core/l5/mac/issue/out_window_reg[6308]/C	u_top/u_core/u_b/u_b_core/core/core/l5/mac/mac/out_lane[2].mult_lane[24].operand_pipe.act_q_reg[4]/D
-0.023	u_top/u_core/u_b/u_b_core/core/core/l5/mac/mac/tree_stage[6].valid_q_reg[7]/C	u_top/u_core/u_b/u_b_core/core/core/l5/mac/mac/tree_stage[1].channel[1].node[0].pair.sums_q_reg[1][1][0][4]/CE
-0.023	u_top/u_core/u_b/u_b_core/core/core/l5/mac/mac/tree_stage[6].valid_q_reg[7]/C	u_top/u_core/u_b/u_b_core/core/core/l5/mac/mac/tree_stage[1].channel[1].node[0].pair.sums_q_reg[1][1][0][5]/CE
-0.023	u_top/u_core/u_b/u_b_core/core/core/l5/mac/mac/tree_stage[6].valid_q_reg[7]/C	u_top/u_core/u_b/u_b_core/core/core/l5/mac/mac/tree_stage[1].channel[1].node[0].pair.sums_q_reg[1][1][0][6]/CE
-0.023	u_top/u_core/u_b/u_b_core/core/core/l5/mac/mac/tree_stage[6].valid_q_reg[7]/C	u_top/u_core/u_b/u_b_core/core/core/l5/mac/mac/tree_stage[1].channel[1].node[0].pair.sums_q_reg[1][1][0][7]/CE
-0.023	u_top/u_core/u_b/u_b_core/core/core/l5/mac/issue/out_phase_reg[0]_rep__2_replica/C	u_top/u_core/u_b/u_b_core/core/core/l5/mac/mac/out_lane[3].mult_lane[31].operand_pipe.act_q_reg[1]/D
-0.023	u_top/u_core/u_b/u_b_core/core/core/shuffle/busy_reg/C	u_top/u_core/u_b/u_b_core/core/core/l5/gk.frontend/win/shift_reg[12][162]/R
-0.023	u_top/u_core/u_b/u_b_core/core/core/shuffle/busy_reg/C	u_top/u_core/u_b/u_b_core/core/core/l5/gk.frontend/win/shift_reg[13][85]/R
-0.023	u_top/u_core/u_b/u_b_core/core/core/shuffle/busy_reg/C	u_top/u_core/u_b/u_b_core/core/core/l5/gk.frontend/win/shift_reg[13][87]/R
-0.023	u_top/u_core/u_b/u_b_core/core/core/l5/mac/issue/out_phase_reg[1]_rep__12/C	u_top/u_core/u_b/u_b_core/core/core/l5/mac/mac/out_lane[2].mult_lane[38].operand_pipe.act_q_reg[9]/D
-0.022	u_top/u_core/u_b/u_b_core/core/core/l5/gk.frontend/pad/interior_y_reg/C	u_top/u_core/u_b/u_b_core/core/core/l5/gk.frontend/win/bank_gen[1].mem_reg_6/DIPADIP[1]
-0.022	u_top/u_core/u_b/u_b_core/core/core/shuffle/busy_reg/C	u_top/u_core/u_b/u_b_core/core/core/l5/gk.frontend/win/shift_reg[4][201]/R
-0.022	u_top/u_core/u_b/u_b_core/core/core/l5/mac/issue/out_phase_reg[2]_rep__5/C	u_top/u_core/u_b/u_b_core/core/core/l5/mac/mac/out_lane[1].mult_lane[24].operand_pipe.weight_q_reg[4]/S
-0.022	u_top/u_core/u_b/u_b_core/core/core/l5/mac/issue/out_phase_reg[2]_rep__5/C	u_top/u_core/u_b/u_b_core/core/core/l5/mac/mac/out_lane[1].mult_lane[24].operand_pipe.weight_q_reg[5]/S
-0.022	u_top/u_core/u_b/u_b_core/core/core/l5/mac/issue/out_phase_reg[2]_rep__5/C	u_top/u_core/u_b/u_b_core/core/core/l5/mac/mac/out_lane[1].mult_lane[24].operand_pipe.weight_q_reg[6]/S
-0.022	u_top/u_core/u_b/u_b_core/core/core/l5/mac/issue/out_phase_reg[0]_rep__11/C	u_top/u_core/u_b/u_b_core/core/core/l5/mac/mac/out_lane[2].mult_lane[23].operand_pipe.act_q_reg[1]/D
-0.022	u_top/u_core/u_b/u_b_core/core/core/l5/mac/issue/out_window_reg[1622]/C	u_top/u_core/u_b/u_b_core/core/core/l5/mac/mac/out_lane[2].mult_lane[31].operand_pipe.act_q_reg[6]/D
-0.022	u_top/u_core/u_b/u_b_core/core/core/l5/mac/mac/tree_stage[6].valid_q_reg[7]/C	u_top/u_core/u_b/u_b_core/core/core/l5/mac/issue/out_phase_reg[0]_rep_replica/D
-0.022	u_top/u_core/u_b/u_b_core/core/core/l5/mac/issue/out_phase_reg[1]_rep__14/C	u_top/u_core/u_b/u_b_core/core/core/l5/mac/mac/out_lane[3].mult_lane[24].operand_pipe.act_q_reg[2]/D
-0.022	u_top/u_core/u_b/u_b_core/core/core/l5/gk.frontend/win/bank_gen[1].mem_reg_3/CLKARDCLK	u_top/u_core/u_b/u_b_core/core/core/l5/gk.frontend/win/shift_reg[9][124]/D
-0.022	u_top/u_core/u_b/u_b_core/core/core/l5/gk.frontend/fifo/wr_ptr_reg[0]/C	u_top/u_core/u_b/u_b_core/core/core/l5/gk.frontend/fifo/g_wide_read.g_read_slice[95].mem_slice_reg_0_3_54_59/RAMA/WADR0
-0.022	u_top/u_core/u_b/u_b_core/core/core/l5/gk.frontend/fifo/wr_ptr_reg[0]/C	u_top/u_core/u_b/u_b_core/core/core/l5/gk.frontend/fifo/g_wide_read.g_read_slice[95].mem_slice_reg_0_3_54_59/RAMA_D1/WADR0
-0.022	u_top/u_core/u_b/u_b_core/core/core/l5/gk.frontend/fifo/wr_ptr_reg[0]/C	u_top/u_core/u_b/u_b_core/core/core/l5/gk.frontend/fifo/g_wide_read.g_read_slice[95].mem_slice_reg_0_3_54_59/RAMB/WADR0
-0.022	u_top/u_core/u_b/u_b_core/core/core/l5/gk.frontend/fifo/wr_ptr_reg[0]/C	u_top/u_core/u_b/u_b_core/core/core/l5/gk.frontend/fifo/g_wide_read.g_read_slice[95].mem_slice_reg_0_3_54_59/RAMB_D1/WADR0
-0.022	u_top/u_core/u_b/u_b_core/core/core/l5/gk.frontend/fifo/wr_ptr_reg[0]/C	u_top/u_core/u_b/u_b_core/core/core/l5/gk.frontend/fifo/g_wide_read.g_read_slice[95].mem_slice_reg_0_3_54_59/RAMC/WADR0
-0.022	u_top/u_core/u_b/u_b_core/core/core/l5/gk.frontend/fifo/wr_ptr_reg[0]/C	u_top/u_core/u_b/u_b_core/core/core/l5/gk.frontend/fifo/g_wide_read.g_read_slice[95].mem_slice_reg_0_3_54_59/RAMC_D1/WADR0
-0.022	u_top/u_core/u_b/u_b_core/core/core/l5/gk.frontend/fifo/wr_ptr_reg[0]/C	u_top/u_core/u_b/u_b_core/core/core/l5/gk.frontend/fifo/g_wide_read.g_read_slice[95].mem_slice_reg_0_3_54_59/RAMD/ADR0
-0.022	u_top/u_core/u_b/u_b_core/core/core/l5/gk.frontend/fifo/wr_ptr_reg[0]/C	u_top/u_core/u_b/u_b_core/core/core/l5/gk.frontend/fifo/g_wide_read.g_read_slice[95].mem_slice_reg_0_3_54_59/RAMD_D1/ADR0
-0.022	u_top/u_core/u_b/u_b_core/core/core/l5/gk.frontend/win/shift_reg[24][143]/C	u_top/u_core/u_b/u_b_core/core/core/l5/gk.frontend/win/shift_reg[23][143]/D
-0.022	u_top/u_core/u_b/u_b_core/core/core/l5/gk.frontend/win/bank_gen[0].mem_reg_3/CLKARDCLK	u_top/u_core/u_b/u_b_core/core/core/l5/gk.frontend/win/shift_reg[19][142]/D
-0.022	u_top/u_core/u_b/u_b_core/core/core/l5/gk.frontend/win/shift_reg[20][7]/C	u_top/u_core/u_b/u_b_core/core/core/l5/gk.frontend/fifo/g_wide_read.g_read_slice[80].mem_slice_reg_0_3_6_11/RAMA_D1/I
-0.022	u_top/u_core/u_b/u_b_core/core/core/l5/mac/mac/tree_stage[6].valid_q_reg[7]/C	u_top/u_core/u_b/u_b_core/core/core/l5/mac/issue/out_window_reg[2038]/CE
-0.022	u_top/u_core/u_b/u_b_core/core/core/l5/mac/mac/tree_stage[6].valid_q_reg[7]/C	u_top/u_core/u_b/u_b_core/core/core/l5/mac/issue/out_window_reg[2039]/CE
-0.022	u_top/u_core/u_b/u_b_core/core/core/l5/mac/mac/tree_stage[6].valid_q_reg[7]/C	u_top/u_core/u_b/u_b_core/core/core/l5/mac/issue/out_window_reg[2040]/CE
-0.022	u_top/u_core/u_b/u_b_core/core/core/l5/mac/mac/tree_stage[6].valid_q_reg[7]/C	u_top/u_core/u_b/u_b_core/core/core/l5/mac/issue/out_window_reg[2041]/CE
-0.022	u_top/u_core/u_b/u_b_core/core/core/l5/mac/mac/tree_stage[6].valid_q_reg[7]/C	u_top/u_core/u_b/u_b_core/core/core/l5/mac/issue/out_window_reg[2042]/CE
-0.022	u_top/u_core/u_b/u_b_core/core/core/l5/mac/mac/tree_stage[6].valid_q_reg[7]/C	u_top/u_core/u_b/u_b_core/core/core/l5/mac/issue/out_window_reg[2043]/CE
-0.022	u_top/u_core/u_b/u_b_core/core/core/f45/g_narrow_read.rd_ptr_local_reg[1]_replica_2/C	u_top/u_core/u_b/u_b_core/core/core/l5/gk.frontend/win/bank_gen[1].mem_reg_5/DIADI[3]
-0.021	u_top/u_core/u_b/u_b_core/core/core/l5/mac/mac/tree_stage[6].valid_q_reg[7]/C	u_top/u_core/u_b/u_b_core/core/core/l5/gk.frontend/fifo/g_wide_read.g_read_slice[72].rd_ptr_local_reg[0]/R
-0.021	u_top/u_core/u_b/u_b_core/core/core/l5/mac/mac/tree_stage[6].valid_q_reg[7]/C	u_top/u_core/u_b/u_b_core/core/core/l5/gk.frontend/fifo/g_wide_read.g_read_slice[72].rd_ptr_local_reg[1]/R
-0.021	u_top/u_core/u_b/u_b_core/core/core/shuffle/busy_reg/C	u_top/u_core/u_b/u_b_core/core/core/l5/gk.frontend/win/shift_reg[13][191]/R
-0.021	u_top/u_core/u_b/u_b_core/core/core/l5/mac/issue/out_phase_reg[0]_rep/C	u_top/u_core/u_b/u_b_core/core/core/l5/mac/mac/out_lane[2].mult_lane[0].operand_pipe.act_q_reg[3]/D
-0.021	u_top/u_core/u_b/u_b_core/core/core/l5/mac/issue/out_window_reg[1470]/C	u_top/u_core/u_b/u_b_core/core/core/l5/mac/mac/out_lane[3].mult_lane[30].operand_pipe.act_q_reg[14]/D
-0.021	u_top/u_core/u_in/req_addr_q_reg[1]_rep__2/C	u_top/u_core/u_rom/g_multi_bank.g_bank[0].u_bank/request_addr_q_reg_0_6/ADDRARDADDR[1]
-0.021	u_top/u_core/u_b/u_b_core/core/core/l5/mac/mac/tree_stage[6].valid_q_reg[7]/C	u_top/u_core/u_b/u_b_core/core/core/l5/mac/mac/tree_stage[1].channel[0].node[0].pair.sums_q_reg[1][0][0][10]/CE
-0.021	u_top/u_core/u_b/u_b_core/core/core/l5/mac/mac/tree_stage[6].valid_q_reg[7]/C	u_top/u_core/u_b/u_b_core/core/core/l5/mac/mac/tree_stage[1].channel[0].node[0].pair.sums_q_reg[1][0][0][11]/CE
-0.021	u_top/u_core/u_b/u_b_core/core/core/l5/mac/mac/tree_stage[6].valid_q_reg[7]/C	u_top/u_core/u_b/u_b_core/core/core/l5/mac/mac/tree_stage[1].channel[0].node[0].pair.sums_q_reg[1][0][0][8]/CE
-0.021	u_top/u_core/u_b/u_b_core/core/core/l5/mac/mac/tree_stage[6].valid_q_reg[7]/C	u_top/u_core/u_b/u_b_core/core/core/l5/mac/mac/tree_stage[1].channel[0].node[0].pair.sums_q_reg[1][0][0][9]/CE
-0.021	u_top/u_core/u_b/u_b_core/core/core/l5/gk.frontend/pending1_reg_replica_6/C	u_top/u_core/u_b/u_b_core/core/core/l5/gk.frontend/win/shift_reg[10][1]/CE
-0.021	u_top/u_core/u_b/u_b_core/core/core/l5/gk.frontend/pending1_reg_replica_6/C	u_top/u_core/u_b/u_b_core/core/core/l5/gk.frontend/win/shift_reg[10][26]/CE
-0.021	u_top/u_core/u_b/u_b_core/core/core/l5/gk.frontend/pending1_reg_replica_6/C	u_top/u_core/u_b/u_b_core/core/core/l5/gk.frontend/win/shift_reg[10][3]/CE
-0.021	u_top/u_core/u_b/u_b_core/core/core/l5/gk.frontend/pending1_reg_replica_6/C	u_top/u_core/u_b/u_b_core/core/core/l5/gk.frontend/win/shift_reg[10][99]/CE
-0.021	u_top/u_core/u_b/u_b_core/core/core/l5/gk.frontend/pending1_reg_replica_6/C	u_top/u_core/u_b/u_b_core/core/core/l5/gk.frontend/win/shift_reg[21][245]/CE
-0.021	u_top/u_core/u_b/u_b_core/core/core/l5/gk.frontend/pending1_reg_replica_6/C	u_top/u_core/u_b/u_b_core/core/core/l5/gk.frontend/win/shift_reg[22][242]/CE
-0.021	u_top/u_core/u_b/u_b_core/core/core/l5/gk.frontend/pending1_reg_replica_6/C	u_top/u_core/u_b/u_b_core/core/core/l5/gk.frontend/win/shift_reg[22][31]/CE
-0.021	u_top/u_core/u_b/u_b_core/core/core/l5/gk.frontend/pending1_reg_replica_6/C	u_top/u_core/u_b/u_b_core/core/core/l5/gk.frontend/win/shift_reg[22][46]/CE
-0.021	u_top/u_core/u_b/u_b_core/core/core/l5/mac/mac/tree_stage[6].valid_q_reg[7]/C	u_top/u_core/u_b/u_b_core/core/core/l5/mac/mac/tree_stage[2].channel[2].node[5].pair.sums_q_reg[2][2][5][10]/CE
-0.021	u_top/u_core/u_b/u_b_core/core/core/l5/mac/mac/tree_stage[6].valid_q_reg[7]/C	u_top/u_core/u_b/u_b_core/core/core/l5/mac/mac/tree_stage[2].channel[2].node[5].pair.sums_q_reg[2][2][5][11]/CE
-0.021	u_top/u_core/u_b/u_b_core/core/core/l5/mac/mac/tree_stage[6].valid_q_reg[7]/C	u_top/u_core/u_b/u_b_core/core/core/l5/mac/mac/tree_stage[2].channel[2].node[5].pair.sums_q_reg[2][2][5][8]/CE
-0.021	u_top/u_core/u_b/u_b_core/core/core/l5/mac/mac/tree_stage[6].valid_q_reg[7]/C	u_top/u_core/u_b/u_b_core/core/core/l5/mac/mac/tree_stage[2].channel[2].node[5].pair.sums_q_reg[2][2][5][9]/CE
-0.021	u_top/u_core/u_b/u_b_core/core/core/l5/mac/issue/out_phase_reg[2]_rep__8/C	u_top/u_core/u_b/u_b_core/core/core/l5/mac/mac/out_lane[2].mult_lane[34].operand_pipe.weight_q_reg[6]/D
-0.020	u_top/u_core/u_b/u_b_core/core/core/l5/mac/issue/out_phase_reg[1]_rep__16/C	u_top/u_core/u_b/u_b_core/core/core/l5/mac/mac/out_lane[3].mult_lane[19].operand_pipe.weight_q_reg[1]/D
-0.020	u_top/u_core/u_b/u_b_core/core/core/f45/g_narrow_read.rd_ptr_local_reg[1]/C	u_top/u_core/u_b/u_b_core/core/core/l5/gk.frontend/win/bank_gen[0].mem_reg_6/DIADI[26]
-0.020	u_top/u_core/u_b/u_b_core/core/core/l4/post/read_slot_reg/C	u_top/u_core/u_b/u_b_core/core/core/f45/g_narrow_read.mem_reg_0_31_186_191/RAMA_D1/I
-0.020	u_top/u_core/u_b/u_b_core/core/core/l5/mac/mac/out_lane[2].mult_lane[22].operand_pipe.act_q_reg[15]/C	u_top/u_core/u_b/u_b_core/core/core/l5/mac/mac/out_lane[2].mult_lane[22].operand_pipe.sums_q_reg[0][2][22]/A[15]
-0.020	u_top/u_core/u_b/u_b_core/core/core/l5/gk.frontend/win/bank_gen[1].mem_reg_1/CLKARDCLK	u_top/u_core/u_b/u_b_core/core/core/l5/gk.frontend/win/shift_reg[19][53]/D
-0.020	u_top/u_core/u_b/u_b_core/core/core/l5/gk.frontend/pad/interior_x_reg/C	u_top/u_core/u_b/u_b_core/core/core/l5/gk.frontend/win/bank_gen[1].mem_reg_6/DIPADIP[0]
-0.020	u_top/u_core/u_b/u_b_core/core/core/l5/mac/issue/out_phase_reg[1]_rep__2/C	u_top/u_core/u_b/u_b_core/core/core/l5/mac/mac/out_lane[2].mult_lane[1].operand_pipe.act_q_reg[15]/D
-0.020	u_top/u_core/u_b/u_b_core/core/core/l5/mac/issue/out_phase_reg[1]_rep/C	u_top/u_core/u_b/u_b_core/core/core/l5/mac/mac/out_lane[0].mult_lane[22].operand_pipe.weight_q_reg[1]/D
-0.020	u_top/u_core/u_b/u_b_core/core/core/l5/mac/issue/out_window_reg[3075]/C	u_top/u_core/u_b/u_b_core/core/core/l5/mac/mac/out_lane[2].mult_lane[12].operand_pipe.act_q_reg[3]/D
-0.020	u_top/u_core/u_b/u_b_core/core/core/l5/gk.frontend/win/bank_gen[1].mem_reg_3/CLKARDCLK	u_top/u_core/u_b/u_b_core/core/core/l5/gk.frontend/win/shift_reg[14][131]/D
-0.020	u_top/u_core/u_b/u_b_core/core/core/l5/mac/issue/out_phase_reg[1]_rep__12/C	u_top/u_core/u_b/u_b_core/core/core/l5/mac/mac/out_lane[1].mult_lane[38].operand_pipe.act_q_reg[5]/D
-0.020	u_top/u_core/u_b/u_b_core/core/core/shuffle/busy_reg/C	u_top/u_core/u_b/u_b_core/core/core/l5/gk.frontend/win/shift_reg[12][159]/R
-0.020	u_top/u_core/u_b/u_b_core/core/core/shuffle/busy_reg/C	u_top/u_core/u_b/u_b_core/core/core/l5/gk.frontend/win/shift_reg[12][179]/R
-0.020	u_top/u_core/u_b/u_b_core/core/core/f45/g_narrow_read.rd_ptr_local_reg[4]/C	u_top/u_core/u_b/u_b_core/core/core/l5/gk.frontend/win/bank_gen[1].mem_reg_1/DIADI[22]
-0.019	u_top/u_core/u_b/u_b_core/core/core/l5/gk.frontend/fifo/count_reg[2]/C	u_top/u_core/u_b/u_b_core/core/core/l5/gk.frontend/fifo/g_wide_read.g_read_slice[31].mem_slice_reg_0_3_60_63/RAMA/WE
-0.019	u_top/u_core/u_b/u_b_core/core/core/l5/gk.frontend/fifo/count_reg[2]/C	u_top/u_core/u_b/u_b_core/core/core/l5/gk.frontend/fifo/g_wide_read.g_read_slice[31].mem_slice_reg_0_3_60_63/RAMA_D1/WE
-0.019	u_top/u_core/u_b/u_b_core/core/core/l5/gk.frontend/fifo/count_reg[2]/C	u_top/u_core/u_b/u_b_core/core/core/l5/gk.frontend/fifo/g_wide_read.g_read_slice[31].mem_slice_reg_0_3_60_63/RAMB/WE
-0.019	u_top/u_core/u_b/u_b_core/core/core/l5/gk.frontend/fifo/count_reg[2]/C	u_top/u_core/u_b/u_b_core/core/core/l5/gk.frontend/fifo/g_wide_read.g_read_slice[31].mem_slice_reg_0_3_60_63/RAMB_D1/WE
-0.019	u_top/u_core/u_b/u_b_core/core/core/l5/gk.frontend/fifo/count_reg[2]/C	u_top/u_core/u_b/u_b_core/core/core/l5/gk.frontend/fifo/g_wide_read.g_read_slice[31].mem_slice_reg_0_3_60_63/RAMC/WE
-0.019	u_top/u_core/u_b/u_b_core/core/core/l5/gk.frontend/fifo/count_reg[2]/C	u_top/u_core/u_b/u_b_core/core/core/l5/gk.frontend/fifo/g_wide_read.g_read_slice[31].mem_slice_reg_0_3_60_63/RAMC_D1/WE
-0.019	u_top/u_core/u_b/u_b_core/core/core/l5/gk.frontend/fifo/count_reg[2]/C	u_top/u_core/u_b/u_b_core/core/core/l5/gk.frontend/fifo/g_wide_read.g_read_slice[31].mem_slice_reg_0_3_60_63/RAMD/WE
-0.019	u_top/u_core/u_b/u_b_core/core/core/l5/gk.frontend/fifo/count_reg[2]/C	u_top/u_core/u_b/u_b_core/core/core/l5/gk.frontend/fifo/g_wide_read.g_read_slice[31].mem_slice_reg_0_3_60_63/RAMD_D1/WE
-0.019	u_top/u_core/u_b/u_b_core/core/core/l5/mac/issue/out_phase_reg[1]_rep__7/C	u_top/u_core/u_b/u_b_core/core/core/l5/mac/mac/out_lane[3].mult_lane[21].operand_pipe.weight_q_reg[7]/D
-0.019	u_top/u_core/u_pp/rd_ptr_q_reg[16]/C	u_top/u_core/u_pp/u_bank1/mem_reg_bram_13/ENBWREN
-0.019	u_top/u_core/u_b/u_b_core/core/core/l5/mac/issue/out_phase_reg[0]_rep__15/C	u_top/u_core/u_b/u_b_core/core/core/l5/mac/mac/out_lane[0].mult_lane[26].operand_pipe.weight_q_reg[0]/D
-0.019	u_top/u_core/u_b/u_b_core/core/core/shuffle/busy_reg/C	u_top/u_core/u_b/u_b_core/core/core/l5/gk.frontend/fifo/g_wide_read.g_read_slice[10].rd_ptr_local_reg[0]/R
-0.019	u_top/u_core/u_b/u_b_core/core/core/shuffle/busy_reg/C	u_top/u_core/u_b/u_b_core/core/core/l5/gk.frontend/fifo/g_wide_read.g_read_slice[10].rd_ptr_local_reg[1]/R
-0.019	u_top/u_core/u_b/u_b_core/core/core/l5/mac/mac/out_lane[3].mult_lane[24].operand_pipe.act_q_reg[12]/C	u_top/u_core/u_b/u_b_core/core/core/l5/mac/mac/out_lane[3].mult_lane[24].operand_pipe.sums_q_reg[0][3][24]/A[12]
-0.019	u_top/u_core/u_b/u_b_core/core/core/l5/mac/issue/out_phase_reg[1]_rep__1/C	u_top/u_core/u_b/u_b_core/core/core/l5/mac/mac/out_lane[2].mult_lane[17].operand_pipe.weight_q_reg[3]/D
-0.019	u_top/u_core/u_b/u_b_core/core/core/l5/gk.frontend/win/bank_gen[0].mem_reg_6/CLKARDCLK	u_top/u_core/u_b/u_b_core/core/core/l5/gk.frontend/win/shift_reg[4][237]/D
-0.019	u_top/u_core/u_b/u_b_core/core/core/l5/mac/issue/out_window_reg[3175]/C	u_top/u_core/u_b/u_b_core/core/core/l5/mac/mac/out_lane[0].mult_lane[12].operand_pipe.act_q_reg[7]/D
-0.019	u_top/u_core/u_b/u_b_core/core/core/shuffle/busy_reg/C	u_top/u_core/u_b/u_b_core/core/core/l5/gk.frontend/win/shift_reg[16][205]/R
-0.019	u_top/u_core/u_b/u_b_core/core/core/shuffle/busy_reg/C	u_top/u_core/u_b/u_b_core/core/core/l5/gk.frontend/win/shift_reg[1][247]/R
-0.019	u_top/u_core/u_b/u_b_core/core/core/shuffle/busy_reg/C	u_top/u_core/u_b/u_b_core/core/core/l5/gk.frontend/win/shift_reg[21][43]/R
-0.019	u_top/u_core/u_b/u_b_core/core/core/shuffle/busy_reg/C	u_top/u_core/u_b/u_b_core/core/core/l5/gk.frontend/win/shift_reg[21][6]/R
-0.019	u_top/u_core/u_b/u_b_core/core/core/shuffle/busy_reg/C	u_top/u_core/u_b/u_b_core/core/core/l5/gk.frontend/win/shift_reg[21][70]/R
-0.019	u_top/u_core/u_b/u_b_core/core/core/shuffle/busy_reg/C	u_top/u_core/u_b/u_b_core/core/core/l5/gk.frontend/win/shift_reg[21][8]/R
-0.019	u_top/u_core/u_b/u_b_core/core/core/f45/g_narrow_read.rd_ptr_local_reg[1]_replica_3/C	u_top/u_core/u_b/u_b_core/core/core/l5/gk.frontend/win/bank_gen[1].mem_reg_0/DIADI[19]
-0.019	u_top/u_core/u_b/u_b_core/core/core/l5/gk.frontend/pad/interior_x_reg/C	u_top/u_core/u_b/u_b_core/core/core/l5/gk.frontend/win/bank_gen[3].mem_reg_0/DIADI[1]
-0.018	u_top/u_core/u_b/u_b_core/core/core/l5/mac/issue/out_phase_reg[2]_rep__3/C	u_top/u_core/u_b/u_b_core/core/core/l5/mac/mac/out_lane[1].mult_lane[25].operand_pipe.act_q_reg[13]/D
-0.018	u_top/u_core/u_b/u_b_core/core/core/l5/mac/issue/out_phase_reg[0]_rep__0/C	u_top/u_core/u_b/u_b_core/core/core/l5/mac/mac/out_lane[2].mult_lane[27].operand_pipe.act_q_reg[12]/D
-0.018	u_top/u_core/u_b/u_b_core/core/core/l5/mac/mac/tree_stage[6].valid_q_reg[7]/C	u_top/u_core/u_b/u_b_core/core/core/l5/gk.frontend/fifo/g_wide_read.g_read_slice[99].rd_ptr_local_reg[0]/R
-0.018	u_top/u_core/u_b/u_b_core/core/core/l5/mac/mac/tree_stage[6].valid_q_reg[7]/C	u_top/u_core/u_b/u_b_core/core/core/l5/gk.frontend/fifo/g_wide_read.g_read_slice[99].rd_ptr_local_reg[1]/R
-0.018	u_top/u_core/u_b/u_b_core/core/core/shuffle/busy_reg/C	u_top/u_core/u_b/u_b_core/core/core/l5/gk.frontend/win/shift_reg[11][118]/R
-0.018	u_top/u_core/u_b/u_b_core/core/core/l1/post/units[0].post/prelu_rounded_magnitude_s3_reg[0]/C	u_top/u_core/u_b/u_b_core/core/core/l1/post/units[0].post/requant_product_s50/B[16]
-0.018	u_top/u_core/u_b/u_b_core/core/core/l1/post/units[0].post/prelu_rounded_magnitude_s3_reg[0]/C	u_top/u_core/u_b/u_b_core/core/core/l1/post/units[0].post/requant_product_s50/B[17]
-0.018	u_top/u_core/u_b/u_b_core/core/core/f45/g_narrow_read.rd_ptr_local_reg[3]/C	u_top/u_core/u_b/u_b_core/core/core/l5/gk.frontend/win/bank_gen[1].mem_reg_6/DIADI[22]
-0.018	u_top/u_core/u_b/u_b_core/core/core/shuffle/busy_reg/C	u_top/u_core/u_b/u_b_core/core/core/l5/gk.frontend/win/shift_reg[0][226]/R
-0.018	u_top/u_core/u_b/u_b_core/core/core/shuffle/busy_reg/C	u_top/u_core/u_b/u_b_core/core/core/l5/gk.frontend/win/shift_reg[0][240]/R
-0.018	u_top/u_core/u_b/u_b_core/core/core/shuffle/busy_reg/C	u_top/u_core/u_b/u_b_core/core/core/l5/gk.frontend/win/shift_reg[0][63]/R
-0.018	u_top/u_core/u_b/u_b_core/core/core/shuffle/busy_reg/C	u_top/u_core/u_b/u_b_core/core/core/l5/gk.frontend/win/shift_reg[1][255]/R
-0.018	u_top/u_core/u_b/u_b_core/core/core/shuffle/busy_reg/C	u_top/u_core/u_b/u_b_core/core/core/l5/gk.frontend/win/shift_reg[1][63]/R
-0.018	u_top/u_core/u_b/u_b_core/core/core/l5/mac/mac/tree_stage[6].valid_q_reg[7]/C	u_top/u_core/u_b/u_b_core/core/core/l5/mac/issue/out_window_reg[3172]/CE
-0.018	u_top/u_core/u_b/u_b_core/core/core/l5/mac/mac/tree_stage[6].valid_q_reg[7]/C	u_top/u_core/u_b/u_b_core/core/core/l5/mac/issue/out_window_reg[3173]/CE
-0.018	u_top/u_core/u_b/u_b_core/core/core/l5/mac/mac/tree_stage[6].valid_q_reg[7]/C	u_top/u_core/u_b/u_b_core/core/core/l5/mac/issue/out_window_reg[3174]/CE
-0.018	u_top/u_core/u_b/u_b_core/core/core/l5/mac/mac/tree_stage[6].valid_q_reg[7]/C	u_top/u_core/u_b/u_b_core/core/core/l5/mac/issue/out_window_reg[3175]/CE
-0.018	u_top/u_core/u_b/u_b_core/core/core/l5/mac/mac/tree_stage[6].valid_q_reg[7]/C	u_top/u_core/u_b/u_b_core/core/core/l5/mac/issue/out_window_reg[3176]/CE
-0.018	u_top/u_core/u_b/u_b_core/core/core/l5/mac/mac/tree_stage[6].valid_q_reg[7]/C	u_top/u_core/u_b/u_b_core/core/core/l5/mac/issue/out_window_reg[3177]/CE
-0.017	u_top/u_core/u_b/u_b_core/core/core/l5/mac/issue/out_phase_reg[2]_rep__3/C	u_top/u_core/u_b/u_b_core/core/core/l5/mac/mac/out_lane[0].mult_lane[17].operand_pipe.act_q_reg[0]/D
-0.017	u_top/u_core/u_b/u_b_core/core/core/shuffle/busy_reg/C	u_top/u_core/u_b/u_b_core/core/core/l5/gk.frontend/win/shift_reg[16][22]/R
-0.017	u_top/u_core/u_b/u_b_core/core/core/shuffle/busy_reg/C	u_top/u_core/u_b/u_b_core/core/core/l5/gk.frontend/win/shift_reg[16][247]/R
-0.017	u_top/u_core/u_b/u_b_core/core/core/shuffle/busy_reg/C	u_top/u_core/u_b/u_b_core/core/core/l5/gk.frontend/win/shift_reg[17][116]/R
-0.017	u_top/u_core/u_b/u_b_core/core/core/shuffle/busy_reg/C	u_top/u_core/u_b/u_b_core/core/core/l5/gk.frontend/win/shift_reg[17][247]/R
-0.017	u_top/u_core/u_b/u_b_core/core/core/shuffle/busy_reg/C	u_top/u_core/u_b/u_b_core/core/core/l5/gk.frontend/win/shift_reg[2][83]/R
-0.017	u_top/u_core/u_b/u_b_core/core/core/l5/gk.frontend/pending1_reg_replica_6/C	u_top/u_core/u_b/u_b_core/core/core/l5/gk.frontend/win/shift_reg[21][166]/CE
-0.017	u_top/u_core/u_b/u_b_core/core/core/shuffle/busy_reg/C	u_top/u_core/u_b/u_b_core/core/core/l5/gk.frontend/win/shift_reg[21][123]/R
-0.017	u_top/u_core/u_b/u_b_core/core/core/shuffle/busy_reg/C	u_top/u_core/u_b/u_b_core/core/core/l5/gk.frontend/win/shift_reg[23][16]/R
-0.017	u_top/u_core/u_b/u_b_core/core/core/l5/gk.frontend/pad/interior_y_reg/C	u_top/u_core/u_b/u_b_core/core/core/l5/gk.frontend/win/bank_gen[0].mem_reg_4/DIADI[4]
-0.017	u_top/u_core/u_b/u_b_core/core/core/f45/g_narrow_read.rd_ptr_local_reg[2]/C	u_top/u_core/u_b/u_b_core/core/core/l5/gk.frontend/win/bank_gen[2].mem_reg_1/DIADI[14]
-0.017	u_top/u_core/u_b/u_b_core/core/core/l5/gk.frontend/fifo/count_reg[2]/C	u_top/u_core/u_b/u_b_core/core/core/l5/gk.frontend/win/shift_reg[14][144]/R
-0.017	u_top/u_core/u_b/u_b_core/core/core/l5/gk.frontend/fifo/count_reg[2]/C	u_top/u_core/u_b/u_b_core/core/core/l5/gk.frontend/win/shift_reg[19][144]/R
-0.017	u_top/u_core/u_b/u_b_core/core/core/l5/gk.frontend/fifo/count_reg[2]/C	u_top/u_core/u_b/u_b_core/core/core/l5/gk.frontend/win/shift_reg[4][179]/R
-0.017	u_top/u_core/u_b/u_b_core/core/core/l5/gk.frontend/fifo/count_reg[2]/C	u_top/u_core/u_b/u_b_core/core/core/l5/gk.frontend/win/shift_reg[9][144]/R
-0.017	u_top/u_core/u_b/u_b_core/core/core/l5/mac/issue/out_phase_reg[0]_rep__3/C	u_top/u_core/u_b/u_b_core/core/core/l5/mac/mac/out_lane[3].mult_lane[32].operand_pipe.act_q_reg[13]/D
-0.016	u_top/u_core/u_b/u_b_core/core/core/l5/mac/issue/out_window_reg[5161]/C	u_top/u_core/u_b/u_b_core/core/core/l5/mac/mac/out_lane[3].mult_lane[20].operand_pipe.act_q_reg[9]/D
-0.016	u_top/u_core/u_b/u_b_core/core/core/l5/mac/issue/out_phase_reg[2]_rep__3/C	u_top/u_core/u_b/u_b_core/core/core/l5/mac/mac/out_lane[1].mult_lane[15].operand_pipe.act_q_reg[12]/D
-0.016	u_top/u_core/u_b/u_b_core/core/core/l5/mac/mac/tree_stage[6].valid_q_reg[7]/C	u_top/u_core/u_b/u_b_core/core/core/l5/mac/mac/tree_stage[2].channel[1].node[1].pair.sums_q_reg[2][1][1][16]/CE
-0.016	u_top/u_core/u_b/u_b_core/core/core/l5/mac/mac/tree_stage[6].valid_q_reg[7]/C	u_top/u_core/u_b/u_b_core/core/core/l5/mac/mac/tree_stage[2].channel[1].node[1].pair.sums_q_reg[2][1][1][17]/CE
-0.016	u_top/u_core/u_b/u_b_core/core/core/l5/mac/mac/tree_stage[6].valid_q_reg[7]/C	u_top/u_core/u_b/u_b_core/core/core/l5/mac/mac/tree_stage[2].channel[1].node[1].pair.sums_q_reg[2][1][1][18]/CE
-0.016	u_top/u_core/u_b/u_b_core/core/core/l5/mac/mac/tree_stage[6].valid_q_reg[7]/C	u_top/u_core/u_b/u_b_core/core/core/l5/mac/mac/tree_stage[2].channel[1].node[1].pair.sums_q_reg[2][1][1][19]/CE
-0.016	u_top/u_core/u_b/u_b_core/core/core/l5/mac/mac/tree_stage[3].valid_q_reg[4]/C	u_top/u_core/u_b/u_b_core/core/core/l5/mac/mac/tree_stage[3].channel[0].node[3].pair.sums_q_reg[3][0][3][10]/CE
-0.016	u_top/u_core/u_b/u_b_core/core/core/l5/mac/mac/tree_stage[3].valid_q_reg[4]/C	u_top/u_core/u_b/u_b_core/core/core/l5/mac/mac/tree_stage[3].channel[0].node[3].pair.sums_q_reg[3][0][3][11]/CE
-0.016	u_top/u_core/u_b/u_b_core/core/core/l5/mac/mac/tree_stage[3].valid_q_reg[4]/C	u_top/u_core/u_b/u_b_core/core/core/l5/mac/mac/tree_stage[3].channel[0].node[3].pair.sums_q_reg[3][0][3][8]/CE
-0.016	u_top/u_core/u_b/u_b_core/core/core/l5/mac/mac/tree_stage[3].valid_q_reg[4]/C	u_top/u_core/u_b/u_b_core/core/core/l5/mac/mac/tree_stage[3].channel[0].node[3].pair.sums_q_reg[3][0][3][9]/CE
-0.016	u_top/u_core/u_b/u_b_core/core/core/shuffle/busy_reg/C	u_top/u_core/u_b/u_b_core/core/core/l5/gk.frontend/win/shift_reg[4][184]/R
-0.016	u_top/u_core/u_b/u_b_core/core/core/l5/mac/mac/tree_stage[6].valid_q_reg[7]/C	u_top/u_core/u_b/u_b_core/core/core/l5/mac/issue/out_window_reg[786]/CE
-0.016	u_top/u_core/u_b/u_b_core/core/core/l5/mac/mac/tree_stage[6].valid_q_reg[7]/C	u_top/u_core/u_b/u_b_core/core/core/l5/mac/issue/out_window_reg[787]/CE
-0.016	u_top/u_core/u_b/u_b_core/core/core/l5/mac/mac/tree_stage[6].valid_q_reg[7]/C	u_top/u_core/u_b/u_b_core/core/core/l5/mac/issue/out_window_reg[788]/CE
-0.016	u_top/u_core/u_b/u_b_core/core/core/l5/mac/mac/tree_stage[6].valid_q_reg[7]/C	u_top/u_core/u_b/u_b_core/core/core/l5/mac/issue/out_window_reg[789]/CE
-0.016	u_top/u_core/u_b/u_b_core/core/core/l5/mac/mac/tree_stage[6].valid_q_reg[7]/C	u_top/u_core/u_b/u_b_core/core/core/l5/mac/issue/out_window_reg[790]/CE
-0.016	u_top/u_core/u_b/u_b_core/core/core/l5/mac/mac/tree_stage[6].valid_q_reg[7]/C	u_top/u_core/u_b/u_b_core/core/core/l5/mac/issue/out_window_reg[791]/CE
-0.016	u_top/u_core/u_b/u_b_core/core/core/l5/mac/issue/out_phase_reg[1]_rep__6/C	u_top/u_core/u_b/u_b_core/core/core/l5/mac/mac/out_lane[1].mult_lane[11].operand_pipe.act_q_reg[13]/D
-0.016	u_top/u_core/u_b/u_b_core/core/core/l5/mac/issue/out_phase_reg[0]_rep__2_replica_1/C	u_top/u_core/u_b/u_b_core/core/core/l5/mac/mac/out_lane[3].mult_lane[32].operand_pipe.act_q_reg[1]/D
-0.016	u_top/u_core/u_b/u_b_core/core/core/l5/mac/issue/out_phase_reg[0]_rep__0/C	u_top/u_core/u_b/u_b_core/core/core/l5/mac/mac/out_lane[2].mult_lane[27].operand_pipe.act_q_reg[1]/D
-0.016	u_top/u_core/u_b/u_b_core/core/core/l5/mac/issue/out_phase_reg[1]_rep__11/C	u_top/u_core/u_b/u_b_core/core/core/l5/mac/mac/out_lane[1].mult_lane[40].operand_pipe.act_q_reg[1]/D
-0.015	u_top/u_core/u_b/u_b_core/core/core/l5/mac/issue/out_phase_reg[0]_rep__13/C	u_top/u_core/u_b/u_b_core/core/core/l5/mac/mac/out_lane[2].mult_lane[4].operand_pipe.weight_q_reg[4]/D
-0.015	u_top/u_core/u_b/u_b_core/core/core/l5/mac/issue/out_phase_reg[1]_rep__16/C	u_top/u_core/u_b/u_b_core/core/core/l5/mac/mac/out_lane[3].mult_lane[46].operand_pipe.act_q_reg[5]/D
-0.015	u_top/u_core/u_b/u_b_core/core/core/l5/mac/issue/out_phase_reg[0]_rep__13/C	u_top/u_core/u_b/u_b_core/core/core/l5/mac/mac/out_lane[1].mult_lane[30].operand_pipe.weight_q_reg[7]/D
-0.015	u_top/u_core/u_b/u_b_core/core/core/l5/gk.frontend/win/bank_gen[3].mem_reg_6/CLKARDCLK	u_top/u_core/u_b/u_b_core/core/core/l5/gk.frontend/win/shift_reg[9][247]/D
-0.015	u_top/u_core/u_b/u_b_core/core/core/l5/gk.frontend/pad/interior_y_reg/C	u_top/u_core/u_b/u_b_core/core/core/l5/gk.frontend/win/bank_gen[0].mem_reg_4/DIADI[5]
-0.015	u_top/u_core/u_b/u_b_core/core/core/l4/post/meta_group_reg[8][1]/C	u_top/u_core/u_b/u_b_core/core/core/l4/post/output_slot_reg[0][25]/CE
-0.015	u_top/u_core/u_b/u_b_core/core/core/l5/gk.frontend/fifo/g_wide_read.g_read_slice[89].rd_ptr_local_reg[0]/C	u_top/u_core/u_b/u_b_core/core/core/l5/mac/issue/out_window_reg[5726]/D
-0.015	u_top/u_core/u_b/u_b_core/core/core/l5/mac/mac/tree_stage[6].valid_q_reg[7]/C	u_top/u_core/u_b/u_b_core/core/core/l5/mac/mac/out_lane[1].mult_lane[32].operand_pipe.act_q_reg[14]/CE
-0.015	u_top/u_core/u_b/u_b_core/core/core/l5/mac/mac/tree_stage[6].valid_q_reg[7]/C	u_top/u_core/u_b/u_b_core/core/core/l5/mac/issue/out_window_reg[2300]/CE
-0.015	u_top/u_core/u_b/u_b_core/core/core/l5/mac/mac/tree_stage[6].valid_q_reg[7]/C	u_top/u_core/u_b/u_b_core/core/core/l5/mac/issue/out_window_reg[2301]/CE
-0.015	u_top/u_core/u_b/u_b_core/core/core/l5/mac/mac/tree_stage[6].valid_q_reg[7]/C	u_top/u_core/u_b/u_b_core/core/core/l5/mac/issue/out_window_reg[2302]/CE
-0.015	u_top/u_core/u_b/u_b_core/core/core/l5/mac/mac/tree_stage[6].valid_q_reg[7]/C	u_top/u_core/u_b/u_b_core/core/core/l5/mac/issue/out_window_reg[2303]/CE
-0.015	u_top/u_core/u_b/u_b_core/core/core/l5/mac/issue/out_phase_reg[0]_rep/C	u_top/u_core/u_b/u_b_core/core/core/l5/mac/mac/out_lane[1].mult_lane[25].operand_pipe.act_q_reg[4]/D
-0.015	u_top/u_core/u_b/u_b_core/core/core/l5/mac/mac/tree_stage[6].valid_q_reg[7]/C	u_top/u_core/u_b/u_b_core/core/core/l5/mac/issue/out_window_reg[2648]/CE
-0.015	u_top/u_core/u_b/u_b_core/core/core/l5/mac/mac/tree_stage[6].valid_q_reg[7]/C	u_top/u_core/u_b/u_b_core/core/core/l5/mac/issue/out_window_reg[2649]/CE
-0.015	u_top/u_core/u_b/u_b_core/core/core/l5/mac/mac/tree_stage[6].valid_q_reg[7]/C	u_top/u_core/u_b/u_b_core/core/core/l5/mac/issue/out_window_reg[2650]/CE
-0.015	u_top/u_core/u_b/u_b_core/core/core/l5/mac/mac/tree_stage[6].valid_q_reg[7]/C	u_top/u_core/u_b/u_b_core/core/core/l5/mac/issue/out_window_reg[2651]/CE
-0.015	u_top/u_core/u_b/u_b_core/core/core/l5/mac/mac/tree_stage[6].valid_q_reg[7]/C	u_top/u_core/u_b/u_b_core/core/core/l5/mac/issue/out_window_reg[2652]/CE
-0.015	u_top/u_core/u_b/u_b_core/core/core/l5/mac/mac/tree_stage[6].valid_q_reg[7]/C	u_top/u_core/u_b/u_b_core/core/core/l5/mac/issue/out_window_reg[2653]/CE
-0.014	u_top/u_core/u_b/u_b_core/core/core/l5/mac/issue/out_phase_reg[0]_rep__5/C	u_top/u_core/u_b/u_b_core/core/core/l5/mac/mac/out_lane[1].mult_lane[12].operand_pipe.act_q_reg[5]/D
-0.014	u_top/u_core/u_b/u_b_core/core/core/l5/mac/issue/out_phase_reg[2]_rep__3/C	u_top/u_core/u_b/u_b_core/core/core/l5/mac/mac/out_lane[1].mult_lane[15].operand_pipe.act_q_reg[1]/D
-0.014	u_top/u_core/u_b/u_b_core/core/core/l5/gk.frontend/win/row_mod_d_reg[0]/C	u_top/u_core/u_b/u_b_core/core/core/l5/gk.frontend/win/shift_reg[19][61]/D
-0.014	u_top/u_core/u_b/u_b_core/core/core/l5/gk.frontend/pad/interior_x_reg/C	u_top/u_core/u_b/u_b_core/core/core/l5/gk.frontend/win/bank_gen[1].mem_reg_3/DIADI[29]
-0.014	u_top/u_core/u_b/u_b_core/core/core/f45/g_narrow_read.rd_ptr_local_reg[3]/C	u_top/u_core/u_b/u_b_core/core/core/l5/gk.frontend/win/bank_gen[3].mem_reg_5/DIADI[10]
-0.014	u_top/u_core/u_b/u_b_core/core/core/l5/mac/mac/tree_stage[6].valid_q_reg[7]/C	u_top/u_core/u_b/u_b_core/core/core/l5/mac/mac/out_lane[2].mult_lane[32].operand_pipe.weight_q_reg[6]/CE
-0.014	u_top/u_core/u_b/u_b_core/core/core/l5/mac/issue/out_phase_reg[1]_rep__6/C	u_top/u_core/u_b/u_b_core/core/core/l5/mac/mac/out_lane[0].mult_lane[11].operand_pipe.act_q_reg[2]/D
-0.014	u_top/u_core/u_b/u_b_core/core/core/l5/mac/issue/out_phase_reg[1]_rep__9/C	u_top/u_core/u_b/u_b_core/core/core/l5/mac/mac/out_lane[3].mult_lane[33].operand_pipe.act_q_reg[1]/D
-0.014	u_top/u_core/u_b/u_b_core/core/core/l4/post/meta_group_reg[8][2]/C	u_top/u_core/u_b/u_b_core/core/core/l4/post/output_slot_reg[0][76]/D
-0.014	u_top/u_core/u_b/u_b_core/core/core/l5/gk.frontend/pad/interior_x_reg/C	u_top/u_core/u_b/u_b_core/core/core/l5/gk.frontend/win/bank_gen[2].mem_reg_2/DIADI[21]
-0.014	u_top/u_core/u_b/u_b_core/core/core/l5/mac/issue/out_phase_reg[0]_rep__6/C	u_top/u_core/u_b/u_b_core/core/core/l5/mac/mac/out_lane[3].mult_lane[39].operand_pipe.act_q_reg[11]/D
-0.014	u_top/u_core/u_b/u_b_core/core/core/l5/mac/mac/tree_stage[6].valid_q_reg[7]/C	u_top/u_core/u_b/u_b_core/core/core/l5/mac/issue/out_window_reg[2776]/CE
-0.014	u_top/u_core/u_b/u_b_core/core/core/l5/mac/mac/tree_stage[6].valid_q_reg[7]/C	u_top/u_core/u_b/u_b_core/core/core/l5/mac/issue/out_window_reg[2777]/CE
-0.014	u_top/u_core/u_b/u_b_core/core/core/l5/mac/mac/tree_stage[6].valid_q_reg[7]/C	u_top/u_core/u_b/u_b_core/core/core/l5/mac/issue/out_window_reg[2778]/CE
-0.014	u_top/u_core/u_b/u_b_core/core/core/l5/mac/mac/tree_stage[6].valid_q_reg[7]/C	u_top/u_core/u_b/u_b_core/core/core/l5/mac/issue/out_window_reg[2779]/CE
-0.014	u_top/u_core/u_b/u_b_core/core/core/l5/mac/mac/tree_stage[6].valid_q_reg[7]/C	u_top/u_core/u_b/u_b_core/core/core/l5/mac/issue/out_window_reg[2780]/CE
-0.014	u_top/u_core/u_b/u_b_core/core/core/l5/mac/mac/tree_stage[6].valid_q_reg[7]/C	u_top/u_core/u_b/u_b_core/core/core/l5/mac/issue/out_window_reg[2781]/CE
-0.014	u_top/u_core/u_b/u_b_core/core/core/l5/mac/mac/out_lane[1].mult_lane[12].operand_pipe.act_q_reg[12]/C	u_top/u_core/u_b/u_b_core/core/core/l5/mac/mac/out_lane[1].mult_lane[12].operand_pipe.sums_q_reg[0][1][12]/A[12]
-0.014	u_top/u_core/u_b/u_b_core/core/core/l5/mac/issue/out_phase_reg[1]_rep__9/C	u_top/u_core/u_b/u_b_core/core/core/l5/mac/mac/out_lane[3].mult_lane[33].operand_pipe.act_q_reg[7]/D
-0.014	u_top/u_core/u_b/u_b_core/core/core/l5/mac/issue/out_phase_reg[2]_rep__5/C	u_top/u_core/u_b/u_b_core/core/core/l5/mac/mac/out_lane[3].mult_lane[26].operand_pipe.weight_q_reg[3]/D
-0.014	u_top/u_core/u_b/u_b_core/core/core/l5/mac/mac/tree_stage[3].valid_q_reg[4]/C	u_top/u_core/u_b/u_b_core/core/core/l5/mac/mac/tree_stage[3].channel[0].node[2].pair.sums_q_reg[3][0][2][10]/CE
-0.014	u_top/u_core/u_b/u_b_core/core/core/l5/mac/mac/tree_stage[3].valid_q_reg[4]/C	u_top/u_core/u_b/u_b_core/core/core/l5/mac/mac/tree_stage[3].channel[0].node[2].pair.sums_q_reg[3][0][2][11]/CE
-0.014	u_top/u_core/u_b/u_b_core/core/core/l5/mac/mac/tree_stage[3].valid_q_reg[4]/C	u_top/u_core/u_b/u_b_core/core/core/l5/mac/mac/tree_stage[3].channel[0].node[2].pair.sums_q_reg[3][0][2][8]/CE
-0.014	u_top/u_core/u_b/u_b_core/core/core/l5/mac/mac/tree_stage[3].valid_q_reg[4]/C	u_top/u_core/u_b/u_b_core/core/core/l5/mac/mac/tree_stage[3].channel[0].node[2].pair.sums_q_reg[3][0][2][9]/CE
-0.014	u_top/u_core/u_b/u_b_core/core/core/l5/mac/mac/tree_stage[6].valid_q_reg[7]/C	u_top/u_core/u_b/u_b_core/core/core/l5/gk.frontend/fifo/g_wide_read.g_read_slice[80].rd_ptr_local_reg[0]/R
-0.014	u_top/u_core/u_b/u_b_core/core/core/l5/mac/mac/tree_stage[6].valid_q_reg[7]/C	u_top/u_core/u_b/u_b_core/core/core/l5/gk.frontend/fifo/g_wide_read.g_read_slice[80].rd_ptr_local_reg[1]/R
-0.013	u_top/u_core/u_b/u_b_core/core/core/l5/mac/g_l5_partial_buffer.partial_fifo/rd_ptr_reg_replica/C	u_top/u_core/u_b/u_b_core/core/core/l5/mac/acc/sum_stage_reg[0][31]/D
-0.013	u_top/u_core/u_b/u_b_core/core/core/l5/mac/issue/out_phase_reg[2]/C	u_top/u_core/u_b/u_b_core/core/core/l5/mac/mac/out_lane[1].mult_lane[7].operand_pipe.act_q_reg[13]/D
-0.013	u_top/u_core/u_b/u_b_core/core/core/l5/gk.frontend/win/bank_gen[1].mem_reg_6/CLKARDCLK	u_top/u_core/u_b/u_b_core/core/core/l5/gk.frontend/win/shift_reg[9][237]/D
-0.013	u_top/u_core/u_b/u_b_core/core/core/shuffle/busy_reg/C	u_top/u_core/u_b/u_b_core/core/core/l5/gk.frontend/win/shift_reg[21][255]/R
-0.013	u_top/u_core/u_b/u_b_core/core/core/shuffle/busy_reg/C	u_top/u_core/u_b/u_b_core/core/core/l5/gk.frontend/win/shift_reg[22][26]/R
-0.013	u_top/u_core/u_b/u_b_core/core/core/shuffle/busy_reg/C	u_top/u_core/u_b/u_b_core/core/core/l5/gk.frontend/win/shift_reg[22][87]/R
-0.013	u_top/u_core/u_b/u_b_core/core/core/l5/mac/issue/out_phase_reg[2]_rep__1/C	u_top/u_core/u_b/u_b_core/core/core/l5/mac/mac/out_lane[3].mult_lane[20].operand_pipe.act_q_reg[5]/D
-0.013	u_top/u_core/u_b/u_b_core/core/core/l5/mac/mac/tree_stage[6].valid_q_reg[7]/C	u_top/u_core/u_b/u_b_core/core/core/l5/mac/mac/out_lane[0].mult_lane[17].operand_pipe.act_q_reg[13]/CE
-0.013	u_top/u_core/u_b/u_b_core/core/core/l5/mac/mac/tree_stage[6].valid_q_reg[7]/C	u_top/u_core/u_b/u_b_core/core/core/l5/gk.frontend/fifo/wr_ptr_reg[1]_rep__5/D
-0.013	u_top/u_core/u_b/u_b_core/core/core/shuffle/busy_reg/C	u_top/u_core/u_b/u_b_core/core/core/l5/gk.frontend/win/shift_reg[10][53]/R
-0.013	u_top/u_core/u_b/u_b_core/core/core/shuffle/busy_reg/C	u_top/u_core/u_b/u_b_core/core/core/l5/gk.frontend/win/shift_reg[16][229]/R
-0.013	u_top/u_core/u_b/u_b_core/core/core/shuffle/busy_reg/C	u_top/u_core/u_b/u_b_core/core/core/l5/gk.frontend/win/shift_reg[21][122]/R
-0.013	u_top/u_core/u_b/u_b_core/core/core/shuffle/busy_reg/C	u_top/u_core/u_b/u_b_core/core/core/l5/gk.frontend/win/shift_reg[22][72]/R
-0.013	u_top/u_core/u_b/u_b_core/core/core/shuffle/busy_reg/C	u_top/u_core/u_b/u_b_core/core/core/l5/gk.frontend/win/shift_reg[23][112]/R
-0.013	u_top/u_core/u_b/u_b_core/core/core/shuffle/busy_reg/C	u_top/u_core/u_b/u_b_core/core/core/l5/gk.frontend/win/shift_reg[23][162]/R
-0.013	u_top/u_core/u_b/u_b_core/core/core/shuffle/busy_reg/C	u_top/u_core/u_b/u_b_core/core/core/l5/gk.frontend/win/shift_reg[23][185]/R
-0.013	u_top/u_core/u_b/u_b_core/core/core/l5/gk.frontend/win/bank_gen[1].mem_reg_1/CLKARDCLK	u_top/u_core/u_b/u_b_core/core/core/l5/gk.frontend/win/shift_reg[14][59]/D
-0.013	u_top/u_core/u_b/u_b_core/core/core/l5/mac/issue/out_phase_reg[2]_rep__6/C	u_top/u_core/u_b/u_b_core/core/core/l5/mac/mac/out_lane[0].mult_lane[48].operand_pipe.act_q_reg[8]/D
-0.013	u_top/u_core/u_b/u_b_core/core/core/f45/g_narrow_read.rd_ptr_local_reg[4]/C	u_top/u_core/u_b/u_b_core/core/core/l5/gk.frontend/win/bank_gen[3].mem_reg_0/DIADI[10]
-0.013	u_top/u_core/u_b/u_b_core/core/core/l5/mac/issue/out_window_reg[3144]/C	u_top/u_core/u_b/u_b_core/core/core/l5/mac/mac/out_lane[1].mult_lane[12].operand_pipe.act_q_reg[8]/D
-0.013	u_top/u_core/u_b/u_b_core/core/core/l5/mac/issue/out_phase_reg[2]_rep__6/C	u_top/u_core/u_b/u_b_core/core/core/l5/mac/mac/out_lane[0].mult_lane[38].operand_pipe.weight_q_reg[5]/D
-0.013	u_top/u_core/u_b/u_b_core/core/core/l5/mac/mac/tree_stage[6].valid_q_reg[7]/C	u_top/u_core/u_b/u_b_core/core/core/l5/mac/mac/out_lane[2].mult_lane[16].operand_pipe.act_q_reg[13]/CE
-0.012	u_top/u_core/u_b/u_b_core/core/core/l5/mac/issue/out_window_reg[3142]/C	u_top/u_core/u_b/u_b_core/core/core/l5/mac/mac/out_lane[0].mult_lane[12].operand_pipe.act_q_reg[6]/D
-0.012	u_top/u_core/u_b/u_b_core/core/core/l5/mac/mac/out_lane[2].mult_lane[21].operand_pipe.act_q_reg[8]/C	u_top/u_core/u_b/u_b_core/core/core/l5/mac/mac/out_lane[2].mult_lane[21].operand_pipe.sums_q_reg[0][2][21]/A[8]
-0.012	u_top/u_core/u_b/u_b_core/core/core/l5/gk.frontend/win/bank_gen[1].mem_reg_1/CLKARDCLK	u_top/u_core/u_b/u_b_core/core/core/l5/gk.frontend/win/shift_reg[9][62]/D
-0.012	u_top/u_core/u_b/u_b_core/core/core/shuffle/busy_reg/C	u_top/u_core/u_b/u_b_core/core/core/l5/gk.frontend/win/shift_reg[4][194]/R
-0.012	u_top/u_core/u_b/u_b_core/core/core/l5/mac/issue/out_phase_reg[1]_rep__8_replica_1/C	u_top/u_core/u_b/u_b_core/core/core/l5/mac/mac/out_lane[1].mult_lane[4].operand_pipe.act_q_reg[2]/D
-0.012	u_top/u_core/u_b/u_b_core/core/core/l5/mac/mac/tree_stage[6].valid_q_reg[7]/C	u_top/u_core/u_b/u_b_core/core/core/l5/mac/mac/out_lane[1].mult_lane[35].operand_pipe.act_q_reg[4]/CE
-0.012	u_top/u_core/u_b/u_b_core/core/core/l5/mac/mac/tree_stage[6].valid_q_reg[7]/C	u_top/u_core/u_b/u_b_core/core/core/l5/mac/mac/out_lane[1].mult_lane[35].operand_pipe.act_q_reg[5]/CE
-0.012	u_top/u_core/u_b/u_b_core/core/core/l5/mac/mac/tree_stage[6].valid_q_reg[7]/C	u_top/u_core/u_b/u_b_core/core/core/l5/mac/mac/out_lane[1].mult_lane[35].operand_pipe.act_q_reg[8]/CE
-0.012	u_top/u_core/u_b/u_b_core/core/core/l5/mac/mac/tree_stage[6].valid_q_reg[7]/C	u_top/u_core/u_b/u_b_core/core/core/l5/mac/mac/out_lane[1].mult_lane[35].operand_pipe.act_q_reg[9]/CE
-0.012	u_top/u_core/u_b/u_b_core/core/core/l5/mac/mac/tree_stage[6].valid_q_reg[7]/C	u_top/u_core/u_b/u_b_core/core/core/l5/mac/mac/out_lane[2].mult_lane[37].operand_pipe.act_q_reg[11]/CE
-0.012	u_top/u_core/u_b/u_b_core/core/core/l5/mac/mac/tree_stage[6].valid_q_reg[7]/C	u_top/u_core/u_b/u_b_core/core/core/l5/mac/mac/out_lane[2].mult_lane[37].operand_pipe.act_q_reg[15]/CE
-0.012	u_top/u_core/u_b/u_b_core/core/core/l5/mac/mac/tree_stage[6].valid_q_reg[7]/C	u_top/u_core/u_b/u_b_core/core/core/l5/mac/mac/out_lane[2].mult_lane[37].operand_pipe.act_q_reg[1]/CE
-0.012	u_top/u_core/u_b/u_b_core/core/core/l5/mac/mac/tree_stage[6].valid_q_reg[7]/C	u_top/u_core/u_b/u_b_core/core/core/l5/mac/mac/out_lane[2].mult_lane[37].operand_pipe.act_q_reg[8]/CE
-0.012	u_top/u_core/u_b/u_b_core/core/core/l5/mac/issue/out_phase_reg[1]_rep/C	u_top/u_core/u_b/u_b_core/core/core/l5/mac/mac/out_lane[0].mult_lane[26].operand_pipe.weight_q_reg[7]/D
-0.012	u_top/u_core/u_b/u_b_core/core/core/l5/mac/issue/out_window_reg[2028]/C	u_top/u_core/u_b/u_b_core/core/core/l5/mac/mac/out_lane[2].mult_lane[7].operand_pipe.act_q_reg[12]/D
-0.012	u_top/u_core/u_b/u_b_core/core/core/l5/mac/issue/out_phase_reg[0]_rep__10/C	u_top/u_core/u_b/u_b_core/core/core/l5/mac/mac/out_lane[1].mult_lane[46].operand_pipe.act_q_reg[2]/D
-0.011	u_top/u_core/u_b/u_b_core/core/core/l5/mac/issue/out_phase_reg[1]_rep__2/C	u_top/u_core/u_b/u_b_core/core/core/l5/mac/mac/out_lane[1].mult_lane[28].operand_pipe.act_q_reg[2]/D
-0.011	u_top/u_core/u_b/u_b_core/core/core/l5/mac/issue/out_phase_reg[1]_rep__5/C	u_top/u_core/u_b/u_b_core/core/core/l5/mac/mac/out_lane[3].mult_lane[31].operand_pipe.act_q_reg[14]/D
-0.011	u_top/u_core/u_b/u_b_core/core/core/l5/mac/issue/out_phase_reg[0]_rep__0/C	u_top/u_core/u_b/u_b_core/core/core/l5/mac/mac/out_lane[2].mult_lane[28].operand_pipe.act_q_reg[7]/D
-0.011	u_top/u_core/u_b/u_b_core/core/core/l4/post/meta_group_reg[8][1]/C	u_top/u_core/u_b/u_b_core/core/core/l4/post/output_slot_reg[0][72]/D
-0.011	u_top/u_core/u_b/u_b_core/core/core/l5/gk.frontend/fifo/wr_ptr_reg[0]_rep__5/C	u_top/u_core/u_b/u_b_core/core/core/l5/gk.frontend/fifo/g_wide_read.g_read_slice[4].mem_slice_reg_0_3_36_41/RAMA/WADR0
-0.011	u_top/u_core/u_b/u_b_core/core/core/l5/gk.frontend/fifo/wr_ptr_reg[0]_rep__5/C	u_top/u_core/u_b/u_b_core/core/core/l5/gk.frontend/fifo/g_wide_read.g_read_slice[4].mem_slice_reg_0_3_36_41/RAMA_D1/WADR0
-0.011	u_top/u_core/u_b/u_b_core/core/core/l5/gk.frontend/fifo/wr_ptr_reg[0]_rep__5/C	u_top/u_core/u_b/u_b_core/core/core/l5/gk.frontend/fifo/g_wide_read.g_read_slice[4].mem_slice_reg_0_3_36_41/RAMB/WADR0
-0.011	u_top/u_core/u_b/u_b_core/core/core/l5/gk.frontend/fifo/wr_ptr_reg[0]_rep__5/C	u_top/u_core/u_b/u_b_core/core/core/l5/gk.frontend/fifo/g_wide_read.g_read_slice[4].mem_slice_reg_0_3_36_41/RAMB_D1/WADR0
-0.011	u_top/u_core/u_b/u_b_core/core/core/l5/gk.frontend/fifo/wr_ptr_reg[0]_rep__5/C	u_top/u_core/u_b/u_b_core/core/core/l5/gk.frontend/fifo/g_wide_read.g_read_slice[4].mem_slice_reg_0_3_36_41/RAMC/WADR0
-0.011	u_top/u_core/u_b/u_b_core/core/core/l5/gk.frontend/fifo/wr_ptr_reg[0]_rep__5/C	u_top/u_core/u_b/u_b_core/core/core/l5/gk.frontend/fifo/g_wide_read.g_read_slice[4].mem_slice_reg_0_3_36_41/RAMC_D1/WADR0
-0.011	u_top/u_core/u_b/u_b_core/core/core/l5/gk.frontend/fifo/wr_ptr_reg[0]_rep__5/C	u_top/u_core/u_b/u_b_core/core/core/l5/gk.frontend/fifo/g_wide_read.g_read_slice[4].mem_slice_reg_0_3_36_41/RAMD/ADR0
-0.011	u_top/u_core/u_b/u_b_core/core/core/l5/gk.frontend/fifo/wr_ptr_reg[0]_rep__5/C	u_top/u_core/u_b/u_b_core/core/core/l5/gk.frontend/fifo/g_wide_read.g_read_slice[4].mem_slice_reg_0_3_36_41/RAMD_D1/ADR0
-0.011	u_top/u_core/u_b/u_b_core/core/core/l5/gk.frontend/fifo/wr_ptr_reg[1]_rep__5/C	u_top/u_core/u_b/u_b_core/core/core/l5/gk.frontend/fifo/g_wide_read.g_read_slice[13].mem_slice_reg_0_3_24_29/RAMA/WADR1
-0.011	u_top/u_core/u_b/u_b_core/core/core/l5/gk.frontend/fifo/wr_ptr_reg[1]_rep__5/C	u_top/u_core/u_b/u_b_core/core/core/l5/gk.frontend/fifo/g_wide_read.g_read_slice[13].mem_slice_reg_0_3_24_29/RAMA_D1/WADR1
-0.011	u_top/u_core/u_b/u_b_core/core/core/l5/gk.frontend/fifo/wr_ptr_reg[1]_rep__5/C	u_top/u_core/u_b/u_b_core/core/core/l5/gk.frontend/fifo/g_wide_read.g_read_slice[13].mem_slice_reg_0_3_24_29/RAMB/WADR1
-0.011	u_top/u_core/u_b/u_b_core/core/core/l5/gk.frontend/fifo/wr_ptr_reg[1]_rep__5/C	u_top/u_core/u_b/u_b_core/core/core/l5/gk.frontend/fifo/g_wide_read.g_read_slice[13].mem_slice_reg_0_3_24_29/RAMB_D1/WADR1
-0.011	u_top/u_core/u_b/u_b_core/core/core/l5/gk.frontend/fifo/wr_ptr_reg[1]_rep__5/C	u_top/u_core/u_b/u_b_core/core/core/l5/gk.frontend/fifo/g_wide_read.g_read_slice[13].mem_slice_reg_0_3_24_29/RAMC/WADR1
-0.011	u_top/u_core/u_b/u_b_core/core/core/l5/gk.frontend/fifo/wr_ptr_reg[1]_rep__5/C	u_top/u_core/u_b/u_b_core/core/core/l5/gk.frontend/fifo/g_wide_read.g_read_slice[13].mem_slice_reg_0_3_24_29/RAMC_D1/WADR1
-0.011	u_top/u_core/u_b/u_b_core/core/core/l5/gk.frontend/fifo/wr_ptr_reg[1]_rep__5/C	u_top/u_core/u_b/u_b_core/core/core/l5/gk.frontend/fifo/g_wide_read.g_read_slice[13].mem_slice_reg_0_3_24_29/RAMD/ADR1
-0.011	u_top/u_core/u_b/u_b_core/core/core/l5/gk.frontend/fifo/wr_ptr_reg[1]_rep__5/C	u_top/u_core/u_b/u_b_core/core/core/l5/gk.frontend/fifo/g_wide_read.g_read_slice[13].mem_slice_reg_0_3_24_29/RAMD_D1/ADR1
-0.011	u_top/u_core/u_b/u_b_core/core/core/l5/mac/issue/out_window_reg[5892]/C	u_top/u_core/u_b/u_b_core/core/core/l5/mac/mac/out_lane[0].mult_lane[23].operand_pipe.act_q_reg[4]/D
-0.011	u_top/u_core/u_b/u_b_core/core/core/l5/mac/mac/tree_stage[6].valid_q_reg[7]/C	u_top/u_core/u_b/u_b_core/core/core/l5/mac/mac/out_lane[2].mult_lane[17].operand_pipe.act_q_reg[9]/CE
-0.011	u_top/u_core/u_b/u_b_core/core/core/l5/mac/issue/out_window_reg[5346]/C	u_top/u_core/u_b/u_b_core/core/core/l5/mac/mac/out_lane[1].mult_lane[20].operand_pipe.act_q_reg[2]/D
-0.011	u_top/u_core/u_b/u_b_core/core/core/l5/gk.frontend/win/bank_gen[3].mem_reg_0/CLKARDCLK	u_top/u_core/u_b/u_b_core/core/core/l5/gk.frontend/win/shift_reg[9][26]/D
-0.011	u_top/u_core/u_b/u_b_core/core/core/l5/mac/mac/tree_stage[6].valid_q_reg[7]/C	u_top/u_core/u_b/u_b_core/core/core/l5/mac/issue/out_window_reg[1036]/CE
-0.011	u_top/u_core/u_b/u_b_core/core/core/l5/mac/mac/tree_stage[6].valid_q_reg[7]/C	u_top/u_core/u_b/u_b_core/core/core/l5/mac/issue/out_window_reg[1037]/CE
-0.011	u_top/u_core/u_b/u_b_core/core/core/l5/mac/mac/tree_stage[6].valid_q_reg[7]/C	u_top/u_core/u_b/u_b_core/core/core/l5/mac/issue/out_window_reg[1038]/CE
-0.011	u_top/u_core/u_b/u_b_core/core/core/l5/mac/mac/tree_stage[6].valid_q_reg[7]/C	u_top/u_core/u_b/u_b_core/core/core/l5/mac/issue/out_window_reg[1039]/CE
-0.011	u_top/u_core/u_b/u_b_core/core/core/l5/mac/mac/tree_stage[6].valid_q_reg[7]/C	u_top/u_core/u_b/u_b_core/core/core/l5/mac/issue/out_window_reg[1040]/CE
-0.011	u_top/u_core/u_b/u_b_core/core/core/l5/mac/mac/tree_stage[6].valid_q_reg[7]/C	u_top/u_core/u_b/u_b_core/core/core/l5/mac/issue/out_window_reg[1041]/CE
-0.010	u_top/u_core/u_b/u_b_core/core/core/l5/gk.frontend/win/col_reg[1]_rep/C	u_top/u_core/u_b/u_b_core/core/core/l5/gk.frontend/win/bank_gen[3].mem_reg_0/ADDRARDADDR[6]
-0.010	u_top/u_core/u_b/u_b_core/core/core/l5/mac/mac/tree_stage[6].valid_q_reg[7]/C	u_top/u_core/u_b/u_b_core/core/core/l5/mac/issue/out_window_reg[2352]/CE
-0.010	u_top/u_core/u_b/u_b_core/core/core/l5/mac/mac/tree_stage[6].valid_q_reg[7]/C	u_top/u_core/u_b/u_b_core/core/core/l5/mac/issue/out_window_reg[2353]/CE
-0.010	u_top/u_core/u_b/u_b_core/core/core/l5/mac/mac/tree_stage[6].valid_q_reg[7]/C	u_top/u_core/u_b/u_b_core/core/core/l5/mac/issue/out_window_reg[2354]/CE
-0.010	u_top/u_core/u_b/u_b_core/core/core/l5/mac/mac/tree_stage[6].valid_q_reg[7]/C	u_top/u_core/u_b/u_b_core/core/core/l5/mac/issue/out_window_reg[2355]/CE
-0.010	u_top/u_core/u_b/u_b_core/core/core/l5/mac/mac/tree_stage[6].valid_q_reg[7]/C	u_top/u_core/u_b/u_b_core/core/core/l5/mac/issue/out_window_reg[2356]/CE
-0.010	u_top/u_core/u_b/u_b_core/core/core/l5/mac/mac/tree_stage[6].valid_q_reg[7]/C	u_top/u_core/u_b/u_b_core/core/core/l5/mac/issue/out_window_reg[2357]/CE
-0.010	u_top/u_core/u_b/u_b_core/core/core/l5/mac/mac/out_lane[1].mult_lane[12].operand_pipe.act_q_reg[11]/C	u_top/u_core/u_b/u_b_core/core/core/l5/mac/mac/out_lane[1].mult_lane[12].operand_pipe.sums_q_reg[0][1][12]/A[11]
-0.010	u_top/u_core/u_b/u_b_core/core/core/f45/g_narrow_read.rd_ptr_local_reg[0]_replica/C	u_top/u_core/u_b/u_b_core/core/core/l5/gk.frontend/win/bank_gen[0].mem_reg_2/DIADI[14]
-0.010	u_top/u_core/u_b/u_b_core/core/core/l5/mac/mac/out_lane[2].mult_lane[35].operand_pipe.weight_q_reg[7]/C	u_top/u_core/u_b/u_b_core/core/core/l5/mac/mac/out_lane[2].mult_lane[35].operand_pipe.sums_q_reg[0][2][35]/B[11]
-0.010	u_top/u_core/u_b/u_b_core/core/core/l5/mac/issue/out_phase_reg[0]_rep__6/C	u_top/u_core/u_b/u_b_core/core/core/l5/mac/mac/out_lane[2].mult_lane[15].operand_pipe.act_q_reg[5]/D
-0.010	u_top/u_core/u_b/u_b_core/core/core/l5/mac/issue/out_window_reg[3427]/C	u_top/u_core/u_b/u_b_core/core/core/l5/mac/mac/out_lane[3].mult_lane[13].operand_pipe.act_q_reg[3]/D
-0.010	u_top/u_core/u_b/u_b_core/core/core/l5/gk.frontend/fifo/g_wide_read.g_read_slice[3].rd_ptr_local_reg[0]/C	u_top/u_core/u_b/u_b_core/core/core/l5/mac/issue/out_window_reg[239]/D
-0.010	u_top/u_core/u_b/u_b_core/core/core/shuffle/busy_reg/C	u_top/u_core/u_b/u_b_core/core/core/l5/gk.frontend/win/shift_reg[17][180]/R
-0.010	u_top/u_core/u_b/u_b_core/core/core/shuffle/busy_reg/C	u_top/u_core/u_b/u_b_core/core/core/l5/gk.frontend/win/shift_reg[17][184]/R
-0.010	u_top/u_core/u_b/u_b_core/core/core/shuffle/busy_reg/C	u_top/u_core/u_b/u_b_core/core/core/l5/gk.frontend/win/shift_reg[23][119]/R
-0.010	u_top/u_core/u_b/u_b_core/core/core/shuffle/busy_reg/C	u_top/u_core/u_b/u_b_core/core/core/l5/gk.frontend/win/shift_reg[23][135]/R
-0.010	u_top/u_core/u_b/u_b_core/core/core/shuffle/busy_reg/C	u_top/u_core/u_b/u_b_core/core/core/l5/gk.frontend/win/shift_reg[23][170]/R
-0.010	u_top/u_core/u_b/u_b_core/core/core/shuffle/busy_reg/C	u_top/u_core/u_b/u_b_core/core/core/l5/gk.frontend/win/shift_reg[23][188]/R
-0.010	u_top/u_core/u_b/u_b_core/core/core/shuffle/busy_reg/C	u_top/u_core/u_b/u_b_core/core/core/l5/gk.frontend/win/shift_reg[23][67]/R
-0.010	u_top/u_core/u_b/u_b_core/core/core/shuffle/busy_reg/C	u_top/u_core/u_b/u_b_core/core/core/l5/gk.frontend/win/shift_reg[23][68]/R
-0.010	u_top/u_core/u_b/u_b_core/core/core/l5/mac/mac/tree_stage[6].valid_q_reg[7]/C	u_top/u_core/u_b/u_b_core/core/core/l5/mac/mac/out_lane[2].mult_lane[17].operand_pipe.act_q_reg[12]/CE
-0.010	u_top/u_core/u_b/u_b_core/core/core/l5/gk.frontend/win/bank_gen[2].mem_reg_6/CLKARDCLK	u_top/u_core/u_b/u_b_core/core/core/l5/gk.frontend/win/shift_reg[14][228]/D
-0.010	u_top/u_core/u_b/u_b_core/core/core/shuffle/busy_reg/C	u_top/u_core/u_b/u_b_core/core/core/l5/gk.frontend/win/shift_reg[15][76]/R
-0.010	u_top/u_core/u_b/u_b_core/core/core/l5/gk.frontend/pad/interior_y_reg/C	u_top/u_core/u_b/u_b_core/core/core/l5/gk.frontend/win/bank_gen[1].mem_reg_6/DIADI[18]
-0.009	u_top/u_core/u_b/u_b_core/core/core/l5/mac/issue/out_phase_reg[1]_rep__16/C	u_top/u_core/u_b/u_b_core/core/core/l5/mac/mac/out_lane[0].mult_lane[8].operand_pipe.weight_q_reg[2]/D
-0.009	u_top/u_core/u_b/u_b_core/core/core/l5/gk.frontend/win/row_mod_d_reg[1]_rep__3/C	u_top/u_core/u_b/u_b_core/core/core/l5/gk.frontend/win/shift_reg[14][82]/D
-0.009	u_top/u_core/u_b/u_b_core/core/core/l5/mac/issue/out_phase_reg[1]/C	u_top/u_core/u_b/u_b_core/core/core/l5/mac/mac/out_lane[0].mult_lane[47].operand_pipe.weight_q_reg[5]/D
-0.009	u_top/u_core/u_b/u_b_core/core/core/l5/mac/issue/out_phase_reg[1]_rep__14/C	u_top/u_core/u_b/u_b_core/core/core/l5/mac/mac/out_lane[0].mult_lane[19].operand_pipe.act_q_reg[10]/D
-0.009	u_top/u_core/u_b/u_b_core/core/core/l5/gk.frontend/win/bank_gen[2].mem_reg_0/CLKARDCLK	u_top/u_core/u_b/u_b_core/core/core/l5/gk.frontend/win/shift_reg[4][11]/D
-0.009	u_top/u_core/u_b/u_b_core/core/core/l5/mac/mac/tree_stage[6].valid_q_reg[7]/C	u_top/u_core/u_b/u_b_core/core/core/l5/mac/issue/out_window_reg[2980]/CE
-0.009	u_top/u_core/u_b/u_b_core/core/core/l5/mac/mac/tree_stage[6].valid_q_reg[7]/C	u_top/u_core/u_b/u_b_core/core/core/l5/mac/issue/out_window_reg[2981]/CE
-0.009	u_top/u_core/u_b/u_b_core/core/core/l5/mac/mac/tree_stage[6].valid_q_reg[7]/C	u_top/u_core/u_b/u_b_core/core/core/l5/mac/issue/out_window_reg[2982]/CE
-0.009	u_top/u_core/u_b/u_b_core/core/core/l5/mac/mac/tree_stage[6].valid_q_reg[7]/C	u_top/u_core/u_b/u_b_core/core/core/l5/mac/issue/out_window_reg[2983]/CE
-0.009	u_top/u_core/u_b/u_b_core/core/core/l5/mac/mac/tree_stage[6].valid_q_reg[7]/C	u_top/u_core/u_b/u_b_core/core/core/l5/mac/issue/out_window_reg[2984]/CE
-0.009	u_top/u_core/u_b/u_b_core/core/core/l5/mac/mac/tree_stage[6].valid_q_reg[7]/C	u_top/u_core/u_b/u_b_core/core/core/l5/mac/issue/out_window_reg[2985]/CE
-0.009	u_top/u_core/u_b/u_b_core/core/core/l5/mac/issue/out_phase_reg[2]_rep__3/C	u_top/u_core/u_b/u_b_core/core/core/l5/mac/mac/out_lane[0].mult_lane[16].operand_pipe.act_q_reg[6]/D
-0.009	u_top/u_core/u_b/u_b_core/core/core/l5/gk.frontend/win/shift_reg[1][246]/C	u_top/u_core/u_b/u_b_core/core/core/l5/gk.frontend/fifo/g_wide_read.g_read_slice[7].mem_slice_reg_0_3_54_59/RAMA/I
-0.009	u_top/u_core/u_b/u_b_core/core/core/l4/post/occupied_reg[0]/C	u_top/u_core/u_b/u_b_core/core/core/f34/g_narrow_read.mem_reg_0_31_126_127/DP/WE
-0.009	u_top/u_core/u_b/u_b_core/core/core/l4/post/occupied_reg[0]/C	u_top/u_core/u_b/u_b_core/core/core/f34/g_narrow_read.mem_reg_0_31_126_127/SP/WE
-0.009	u_top/u_core/u_b/u_b_core/core/core/l4/post/occupied_reg[0]/C	u_top/u_core/u_b/u_b_core/core/core/f34/g_narrow_read.mem_reg_0_31_126_127__0/DP/WE
-0.009	u_top/u_core/u_b/u_b_core/core/core/l4/post/occupied_reg[0]/C	u_top/u_core/u_b/u_b_core/core/core/f34/g_narrow_read.mem_reg_0_31_126_127__0/SP/WE
-0.009	u_top/u_core/u_b/u_b_core/core/core/l5/mac/mac/tree_stage[6].valid_q_reg[7]/C	u_top/u_core/u_b/u_b_core/core/core/l5/mac/mac/tree_stage[2].channel[3].node[2].pair.sums_q_reg[2][3][2][16]/CE
-0.009	u_top/u_core/u_b/u_b_core/core/core/l5/mac/mac/tree_stage[6].valid_q_reg[7]/C	u_top/u_core/u_b/u_b_core/core/core/l5/mac/mac/tree_stage[2].channel[3].node[2].pair.sums_q_reg[2][3][2][17]/CE
-0.009	u_top/u_core/u_b/u_b_core/core/core/l5/mac/mac/tree_stage[6].valid_q_reg[7]/C	u_top/u_core/u_b/u_b_core/core/core/l5/mac/mac/tree_stage[2].channel[3].node[2].pair.sums_q_reg[2][3][2][18]/CE
-0.009	u_top/u_core/u_b/u_b_core/core/core/l5/mac/mac/tree_stage[6].valid_q_reg[7]/C	u_top/u_core/u_b/u_b_core/core/core/l5/mac/mac/tree_stage[2].channel[3].node[2].pair.sums_q_reg[2][3][2][19]/CE
-0.009	u_top/u_core/u_b/u_b_core/core/core/l5/mac/issue/out_phase_reg[2]_rep__8/C	u_top/u_core/u_b/u_b_core/core/core/l5/mac/mac/out_lane[1].mult_lane[43].operand_pipe.act_q_reg[10]/D
-0.009	u_top/u_core/u_b/u_b_core/core/core/shuffle/busy_reg/C	u_top/u_core/u_b/u_b_core/core/core/l5/gk.frontend/win/shift_reg[17][241]/R
-0.009	u_top/u_core/u_b/u_b_core/core/core/shuffle/busy_reg/C	u_top/u_core/u_b/u_b_core/core/core/l5/gk.frontend/win/shift_reg[17][244]/R
-0.009	u_top/u_core/u_b/u_b_core/core/core/shuffle/busy_reg/C	u_top/u_core/u_b/u_b_core/core/core/l5/gk.frontend/win/shift_reg[18][13]/R
-0.009	u_top/u_core/u_b/u_b_core/core/core/shuffle/busy_reg/C	u_top/u_core/u_b/u_b_core/core/core/l5/gk.frontend/win/shift_reg[18][235]/R
-0.009	u_top/u_core/u_b/u_b_core/core/core/shuffle/busy_reg/C	u_top/u_core/u_b/u_b_core/core/core/l5/gk.frontend/win/shift_reg[18][24]/R
-0.009	u_top/u_core/u_b/u_b_core/core/core/shuffle/busy_reg/C	u_top/u_core/u_b/u_b_core/core/core/l5/gk.frontend/win/shift_reg[18][47]/R
-0.008	u_top/u_core/u_b/u_b_core/core/core/l5/gk.frontend/win/bank_gen[0].mem_reg_0/CLKARDCLK	u_top/u_core/u_b/u_b_core/core/core/l5/gk.frontend/win/shift_reg[9][35]/D
-0.008	u_top/u_core/u_b/u_b_core/core/core/l5/gk.frontend/win/bank_gen[1].mem_reg_1/CLKARDCLK	u_top/u_core/u_b/u_b_core/core/core/l5/gk.frontend/win/shift_reg[4][62]/D
-0.008	u_top/u_core/u_b/u_b_core/core/core/l5/gk.frontend/fifo/wr_ptr_reg[1]/C	u_top/u_core/u_b/u_b_core/core/core/l5/gk.frontend/fifo/g_wide_read.g_read_slice[91].mem_slice_reg_0_3_60_63/RAMA/WADR1
-0.008	u_top/u_core/u_b/u_b_core/core/core/l5/gk.frontend/fifo/wr_ptr_reg[1]/C	u_top/u_core/u_b/u_b_core/core/core/l5/gk.frontend/fifo/g_wide_read.g_read_slice[91].mem_slice_reg_0_3_60_63/RAMA_D1/WADR1
-0.008	u_top/u_core/u_b/u_b_core/core/core/l5/gk.frontend/fifo/wr_ptr_reg[1]/C	u_top/u_core/u_b/u_b_core/core/core/l5/gk.frontend/fifo/g_wide_read.g_read_slice[91].mem_slice_reg_0_3_60_63/RAMB/WADR1
-0.008	u_top/u_core/u_b/u_b_core/core/core/l5/gk.frontend/fifo/wr_ptr_reg[1]/C	u_top/u_core/u_b/u_b_core/core/core/l5/gk.frontend/fifo/g_wide_read.g_read_slice[91].mem_slice_reg_0_3_60_63/RAMB_D1/WADR1
-0.008	u_top/u_core/u_b/u_b_core/core/core/l5/gk.frontend/fifo/wr_ptr_reg[1]/C	u_top/u_core/u_b/u_b_core/core/core/l5/gk.frontend/fifo/g_wide_read.g_read_slice[91].mem_slice_reg_0_3_60_63/RAMC/WADR1
-0.008	u_top/u_core/u_b/u_b_core/core/core/l5/gk.frontend/fifo/wr_ptr_reg[1]/C	u_top/u_core/u_b/u_b_core/core/core/l5/gk.frontend/fifo/g_wide_read.g_read_slice[91].mem_slice_reg_0_3_60_63/RAMC_D1/WADR1
-0.008	u_top/u_core/u_b/u_b_core/core/core/l5/gk.frontend/fifo/wr_ptr_reg[1]/C	u_top/u_core/u_b/u_b_core/core/core/l5/gk.frontend/fifo/g_wide_read.g_read_slice[91].mem_slice_reg_0_3_60_63/RAMD/ADR1
-0.008	u_top/u_core/u_b/u_b_core/core/core/l5/gk.frontend/fifo/wr_ptr_reg[1]/C	u_top/u_core/u_b/u_b_core/core/core/l5/gk.frontend/fifo/g_wide_read.g_read_slice[91].mem_slice_reg_0_3_60_63/RAMD_D1/ADR1
-0.008	u_top/u_core/u_b/u_b_core/core/core/l5/mac/issue/out_phase_reg[0]_rep__5/C	u_top/u_core/u_b/u_b_core/core/core/l5/mac/mac/out_lane[3].mult_lane[12].operand_pipe.act_q_reg[5]/D
-0.008	u_top/u_core/u_b/u_b_core/core/core/l5/mac/mac/tree_stage[6].valid_q_reg[7]/C	u_top/u_core/u_b/u_b_core/core/core/l5/mac/issue/out_window_reg[1816]/CE
-0.008	u_top/u_core/u_b/u_b_core/core/core/l5/mac/mac/tree_stage[6].valid_q_reg[7]/C	u_top/u_core/u_b/u_b_core/core/core/l5/mac/issue/out_window_reg[1817]/CE
-0.008	u_top/u_core/u_b/u_b_core/core/core/l5/mac/mac/tree_stage[6].valid_q_reg[7]/C	u_top/u_core/u_b/u_b_core/core/core/l5/mac/issue/out_window_reg[1818]/CE
-0.008	u_top/u_core/u_b/u_b_core/core/core/l5/mac/mac/tree_stage[6].valid_q_reg[7]/C	u_top/u_core/u_b/u_b_core/core/core/l5/mac/issue/out_window_reg[1819]/CE
-0.008	u_top/u_core/u_b/u_b_core/core/core/l5/mac/mac/tree_stage[6].valid_q_reg[7]/C	u_top/u_core/u_b/u_b_core/core/core/l5/mac/issue/out_window_reg[1820]/CE
-0.008	u_top/u_core/u_b/u_b_core/core/core/l5/mac/mac/tree_stage[6].valid_q_reg[7]/C	u_top/u_core/u_b/u_b_core/core/core/l5/mac/issue/out_window_reg[1821]/CE
-0.008	u_top/u_core/u_b/u_b_core/core/core/l5/mac/mac/tree_stage[6].valid_q_reg[7]/C	u_top/u_core/u_b/u_b_core/core/core/l5/mac/issue/out_window_reg[3696]/CE
-0.008	u_top/u_core/u_b/u_b_core/core/core/l5/mac/mac/tree_stage[6].valid_q_reg[7]/C	u_top/u_core/u_b/u_b_core/core/core/l5/mac/issue/out_window_reg[3697]/CE
-0.008	u_top/u_core/u_b/u_b_core/core/core/l5/mac/mac/tree_stage[6].valid_q_reg[7]/C	u_top/u_core/u_b/u_b_core/core/core/l5/mac/issue/out_window_reg[3698]/CE
-0.008	u_top/u_core/u_b/u_b_core/core/core/l5/mac/mac/tree_stage[6].valid_q_reg[7]/C	u_top/u_core/u_b/u_b_core/core/core/l5/mac/issue/out_window_reg[3699]/CE
-0.008	u_top/u_core/u_b/u_b_core/core/core/l5/mac/mac/tree_stage[6].valid_q_reg[7]/C	u_top/u_core/u_b/u_b_core/core/core/l5/mac/issue/out_window_reg[3700]/CE
-0.008	u_top/u_core/u_b/u_b_core/core/core/l5/mac/mac/tree_stage[6].valid_q_reg[7]/C	u_top/u_core/u_b/u_b_core/core/core/l5/mac/issue/out_window_reg[3701]/CE
-0.008	u_top/u_core/u_b/u_b_core/core/core/l5/mac/mac/tree_stage[6].valid_q_reg[7]/C	u_top/u_core/u_b/u_b_core/core/core/l5/mac/mac/out_lane[2].mult_lane[0].operand_pipe.weight_q_reg[0]/R
-0.008	u_top/u_core/u_b/u_b_core/core/core/l5/mac/mac/tree_stage[6].valid_q_reg[7]/C	u_top/u_core/u_b/u_b_core/core/core/l5/mac/mac/out_lane[2].mult_lane[2].operand_pipe.weight_q_reg[3]/R
-0.008	u_top/u_core/u_b/u_b_core/core/core/l5/mac/mac/tree_stage[6].valid_q_reg[7]/C	u_top/u_core/u_b/u_b_core/core/core/l5/mac/mac/out_lane[2].mult_lane[2].operand_pipe.weight_q_reg[5]/R
-0.008	u_top/u_core/u_b/u_b_core/core/core/l5/mac/mac/tree_stage[6].valid_q_reg[7]/C	u_top/u_core/u_b/u_b_core/core/core/l5/mac/mac/out_lane[2].mult_lane[2].operand_pipe.weight_q_reg[6]/R
-0.008	u_top/u_core/u_b/u_b_core/core/core/l5/mac/mac/tree_stage[6].valid_q_reg[7]/C	u_top/u_core/u_b/u_b_core/core/core/l5/mac/mac/out_lane[2].mult_lane[2].operand_pipe.weight_q_reg[7]/R
-0.008	u_top/u_core/u_b/u_b_core/core/core/l5/mac/issue/out_phase_reg[0]_rep__9/C	u_top/u_core/u_b/u_b_core/core/core/l5/mac/mac/out_lane[3].mult_lane[45].operand_pipe.act_q_reg[2]/D
-0.008	u_top/u_core/u_pp/rd_busy_q_reg/C	u_top/u_core/u_pp/u_bank0/mem_reg_bram_4/ENBWREN
-0.008	u_top/u_core/u_b/u_b_core/core/core/shuffle/busy_reg/C	u_top/u_core/u_b/u_b_core/core/core/l5/gk.frontend/win/shift_reg[10][101]/R
-0.008	u_top/u_core/u_b/u_b_core/core/core/shuffle/busy_reg/C	u_top/u_core/u_b/u_b_core/core/core/l5/gk.frontend/win/shift_reg[10][242]/R
-0.008	u_top/u_core/u_b/u_b_core/core/core/shuffle/busy_reg/C	u_top/u_core/u_b/u_b_core/core/core/l5/gk.frontend/win/shift_reg[10][244]/R
-0.008	u_top/u_core/u_b/u_b_core/core/core/shuffle/busy_reg/C	u_top/u_core/u_b/u_b_core/core/core/l5/gk.frontend/win/shift_reg[15][105]/R
-0.008	u_top/u_core/u_b/u_b_core/core/core/shuffle/busy_reg/C	u_top/u_core/u_b/u_b_core/core/core/l5/gk.frontend/win/shift_reg[20][71]/R
-0.008	u_top/u_core/u_b/u_b_core/core/core/l5/mac/issue/out_phase_reg[0]_rep__2_replica_1/C	u_top/u_core/u_b/u_b_core/core/core/l5/mac/mac/out_lane[2].mult_lane[32].operand_pipe.act_q_reg[0]/D
-0.008	u_top/u_core/u_b/u_b_core/core/core/l5/mac/issue/out_phase_reg[1]_rep__5/C	u_top/u_core/u_b/u_b_core/core/core/l5/mac/mac/out_lane[2].mult_lane[30].operand_pipe.act_q_reg[2]/D
-0.008	u_top/u_core/u_b/u_b_core/core/core/l5/mac/issue/out_phase_reg[1]_rep__14/C	u_top/u_core/u_b/u_b_core/core/core/l5/mac/mac/out_lane[0].mult_lane[45].operand_pipe.weight_q_reg[5]/D
-0.008	u_top/u_core/u_b/u_b_core/core/core/l5/mac/issue/out_phase_reg[0]_rep__10/C	u_top/u_core/u_b/u_b_core/core/core/l5/mac/mac/out_lane[3].mult_lane[47].operand_pipe.act_q_reg[5]/D
-0.008	u_top/u_core/u_b/u_b_core/core/core/l5/gk.frontend/win/bank_gen[0].mem_reg_0/CLKARDCLK	u_top/u_core/u_b/u_b_core/core/core/l5/gk.frontend/win/shift_reg[9][31]/D
-0.008	u_top/u_core/u_b/u_b_core/core/core/l5/mac/issue/out_phase_reg[0]_rep__13/C	u_top/u_core/u_b/u_b_core/core/core/l5/mac/mac/out_lane[3].mult_lane[25].operand_pipe.weight_q_reg[6]/D
-0.007	u_top/u_core/u_b/u_b_core/core/core/l5/mac/issue/out_phase_reg[2]_rep__3/C	u_top/u_core/u_b/u_b_core/core/core/l5/mac/mac/out_lane[1].mult_lane[16].operand_pipe.act_q_reg[6]/D
-0.007	u_top/u_core/u_b/u_b_core/core/core/l5/mac/issue/out_phase_reg[1]_rep__6/C	u_top/u_core/u_b/u_b_core/core/core/l5/mac/mac/out_lane[2].mult_lane[29].operand_pipe.act_q_reg[6]/D
-0.007	u_top/u_core/u_b/u_b_core/core/core/l5/mac/issue/out_phase_reg[1]_rep__7/C	u_top/u_core/u_b/u_b_core/core/core/l5/mac/mac/out_lane[0].mult_lane[3].operand_pipe.weight_q_reg[4]/D
-0.007	u_top/u_core/u_b/u_b_core/core/core/shuffle/busy_reg/C	u_top/u_core/u_b/u_b_core/core/core/l5/gk.frontend/win/shift_reg[13][146]/R
-0.007	u_top/u_core/u_b/u_b_core/core/core/shuffle/busy_reg/C	u_top/u_core/u_b/u_b_core/core/core/l5/gk.frontend/win/shift_reg[13][147]/R
-0.007	u_top/u_core/u_b/u_b_core/core/core/shuffle/busy_reg/C	u_top/u_core/u_b/u_b_core/core/core/l5/gk.frontend/win/shift_reg[13][150]/R
-0.007	u_top/u_core/u_b/u_b_core/core/core/shuffle/busy_reg/C	u_top/u_core/u_b/u_b_core/core/core/l5/gk.frontend/win/shift_reg[13][170]/R
-0.007	u_top/u_core/u_b/u_b_core/core/core/shuffle/busy_reg/C	u_top/u_core/u_b/u_b_core/core/core/l5/gk.frontend/win/shift_reg[13][227]/R
-0.007	u_top/u_core/u_b/u_b_core/core/core/l5/mac/issue/out_phase_reg[0]_rep__11/C	u_top/u_core/u_b/u_b_core/core/core/l5/mac/mac/out_lane[2].mult_lane[23].operand_pipe.act_q_reg[12]/D
-0.007	u_top/u_core/u_b/u_b_core/core/core/shuffle/busy_reg/C	u_top/u_core/u_b/u_b_core/core/core/l5/gk.frontend/win/shift_reg[16][25]/R
-0.007	u_top/u_core/u_b/u_b_core/core/core/shuffle/busy_reg/C	u_top/u_core/u_b/u_b_core/core/core/l5/gk.frontend/win/shift_reg[18][169]/R
-0.007	u_top/u_core/u_b/u_b_core/core/core/l5/mac/mac/tree_stage[3].valid_q_reg[4]/C	u_top/u_core/u_b/u_b_core/core/core/l5/mac/mac/tree_stage[3].channel[0].node[3].pair.sums_q_reg[3][0][3][4]/CE
-0.007	u_top/u_core/u_b/u_b_core/core/core/l5/mac/mac/tree_stage[3].valid_q_reg[4]/C	u_top/u_core/u_b/u_b_core/core/core/l5/mac/mac/tree_stage[3].channel[0].node[3].pair.sums_q_reg[3][0][3][5]/CE
-0.007	u_top/u_core/u_b/u_b_core/core/core/l5/mac/mac/tree_stage[3].valid_q_reg[4]/C	u_top/u_core/u_b/u_b_core/core/core/l5/mac/mac/tree_stage[3].channel[0].node[3].pair.sums_q_reg[3][0][3][6]/CE
-0.007	u_top/u_core/u_b/u_b_core/core/core/l5/mac/mac/tree_stage[3].valid_q_reg[4]/C	u_top/u_core/u_b/u_b_core/core/core/l5/mac/mac/tree_stage[3].channel[0].node[3].pair.sums_q_reg[3][0][3][7]/CE
-0.007	u_top/u_core/u_b/u_b_core/core/core/l5/mac/issue/out_phase_reg[1]_rep__8_replica/C	u_top/u_core/u_b/u_b_core/core/core/l5/mac/mac/out_lane[1].mult_lane[6].operand_pipe.act_q_reg[9]/D
-0.007	u_top/u_core/u_b/u_b_core/core/core/l5/mac/issue/out_phase_reg[0]_rep__4/C	u_top/u_core/u_b/u_b_core/core/core/l5/mac/mac/out_lane[1].mult_lane[34].operand_pipe.act_q_reg[11]/D
-0.007	u_top/u_core/u_b/u_b_core/core/core/shuffle/busy_reg/C	u_top/u_core/u_b/u_b_core/core/core/l5/gk.frontend/win/shift_reg[16][119]/R
-0.007	u_top/u_core/u_b/u_b_core/core/core/shuffle/busy_reg/C	u_top/u_core/u_b/u_b_core/core/core/l5/gk.frontend/win/shift_reg[16][251]/R
-0.006	u_top/u_core/u_b/u_b_core/core/core/l5/gk.frontend/pending1_reg_replica_1/C	u_top/u_core/u_b/u_b_core/core/core/l5/gk.frontend/win/shift_reg[19][130]/CE
-0.006	u_top/u_core/u_b/u_b_core/core/core/l5/gk.frontend/pending1_reg_replica_1/C	u_top/u_core/u_b/u_b_core/core/core/l5/gk.frontend/win/shift_reg[4][130]/CE
-0.006	u_top/u_core/u_b/u_b_core/core/core/l5/gk.frontend/pending1_reg_replica_1/C	u_top/u_core/u_b/u_b_core/core/core/l5/gk.frontend/win/shift_reg[4][138]/CE
-0.006	u_top/u_core/u_b/u_b_core/core/core/l5/gk.frontend/pending1_reg_replica_1/C	u_top/u_core/u_b/u_b_core/core/core/l5/gk.frontend/win/shift_reg[4][1]/CE
-0.006	u_top/u_core/u_b/u_b_core/core/core/l5/mac/issue/out_window_reg[6319]/C	u_top/u_core/u_b/u_b_core/core/core/l5/mac/mac/out_lane[3].mult_lane[24].operand_pipe.act_q_reg[15]/D
-0.006	u_top/u_core/u_b/u_b_core/core/core/l3/mac/issue/out_phase_reg[0]_rep__2/C	u_top/u_core/u_b/u_b_core/core/core/l3/mac/mac/out_lane[0].mult_lane[6].operand_pipe.weight_q_reg[4]/D
-0.006	u_top/u_core/u_b/u_b_core/core/core/l5/mac/mac/tree_stage[6].valid_q_reg[7]/C	u_top/u_core/u_b/u_b_core/core/core/l5/mac/issue/out_window_reg[2480]/CE
-0.006	u_top/u_core/u_b/u_b_core/core/core/l5/mac/mac/tree_stage[6].valid_q_reg[7]/C	u_top/u_core/u_b/u_b_core/core/core/l5/mac/issue/out_window_reg[2481]/CE
-0.006	u_top/u_core/u_b/u_b_core/core/core/l5/mac/mac/tree_stage[6].valid_q_reg[7]/C	u_top/u_core/u_b/u_b_core/core/core/l5/mac/issue/out_window_reg[2482]/CE
-0.006	u_top/u_core/u_b/u_b_core/core/core/l5/mac/mac/tree_stage[6].valid_q_reg[7]/C	u_top/u_core/u_b/u_b_core/core/core/l5/mac/issue/out_window_reg[2483]/CE
-0.006	u_top/u_core/u_b/u_b_core/core/core/l5/mac/mac/tree_stage[6].valid_q_reg[7]/C	u_top/u_core/u_b/u_b_core/core/core/l5/mac/issue/out_window_reg[2484]/CE
-0.006	u_top/u_core/u_b/u_b_core/core/core/l5/mac/mac/tree_stage[6].valid_q_reg[7]/C	u_top/u_core/u_b/u_b_core/core/core/l5/mac/issue/out_window_reg[2485]/CE
-0.006	u_top/u_core/u_b/u_b_core/core/core/l5/mac/issue/out_phase_reg[0]_rep__10/C	u_top/u_core/u_b/u_b_core/core/core/l5/mac/mac/out_lane[3].mult_lane[46].operand_pipe.act_q_reg[0]/D
-0.006	u_top/u_core/u_b/u_b_core/core/core/l3/mac/issue/out_phase_reg[0]_rep__1/C	u_top/u_core/u_b/u_b_core/core/core/l3/mac/mac/out_lane[6].mult_lane[1].operand_pipe.act_q_reg[6]/D
-0.006	u_top/u_core/u_b/u_b_core/core/core/l5/mac/issue/out_phase_reg[1]_rep__15/C	u_top/u_core/u_b/u_b_core/core/core/l5/mac/mac/out_lane[2].mult_lane[47].operand_pipe.act_q_reg[12]/D
-0.006	u_top/u_core/u_b/u_b_core/core/core/l5/mac/issue/out_phase_reg[1]_rep__9/C	u_top/u_core/u_b/u_b_core/core/core/l5/mac/mac/out_lane[0].mult_lane[33].operand_pipe.act_q_reg[8]/D
-0.006	u_top/u_core/u_b/u_b_core/core/core/l5/mac/issue/out_phase_reg[1]_rep__6/C	u_top/u_core/u_b/u_b_core/core/core/l5/mac/mac/out_lane[1].mult_lane[29].operand_pipe.act_q_reg[6]/D
-0.006	u_top/u_core/u_b/u_b_core/core/core/l5/gk.frontend/fifo/g_wide_read.g_read_slice[89].rd_ptr_local_reg[0]/C	u_top/u_core/u_b/u_b_core/core/core/l5/mac/issue/out_window_reg[5728]/D
-0.006	u_top/u_core/u_b/u_b_core/core/core/l5/mac/issue/out_phase_reg[0]_rep__15/C	u_top/u_core/u_b/u_b_core/core/core/l5/mac/mac/out_lane[1].mult_lane[25].operand_pipe.weight_q_reg[7]/D
-0.005	u_top/u_core/u_b/u_b_core/core/core/l5/mac/issue/out_window_reg[5261]/C	u_top/u_core/u_b/u_b_core/core/core/l5/mac/mac/out_lane[2].mult_lane[20].operand_pipe.act_q_reg[13]/D
-0.005	u_top/u_core/c2b_data_q_reg[0][2]/C	u_top/u_core/u_b/u_b_core/core/core/l1/gk.frontend/win/bank_gen[2].mem_reg/DIADI[2]
-0.005	u_top/u_core/u_b/u_b_core/core/core/l5/mac/issue/out_phase_reg[1]_rep__14/C	u_top/u_core/u_b/u_b_core/core/core/l5/mac/mac/out_lane[2].mult_lane[20].operand_pipe.act_q_reg[4]/D
-0.005	u_top/u_core/u_b/u_b_core/core/core/shuffle/busy_reg/C	u_top/u_core/u_b/u_b_core/core/core/l5/gk.frontend/win/shift_reg[10][14]/R
-0.005	u_top/u_core/u_b/u_b_core/core/core/shuffle/busy_reg/C	u_top/u_core/u_b/u_b_core/core/core/l5/gk.frontend/win/shift_reg[10][238]/R
-0.005	u_top/u_core/u_b/u_b_core/core/core/shuffle/busy_reg/C	u_top/u_core/u_b/u_b_core/core/core/l5/gk.frontend/win/shift_reg[10][78]/R
-0.005	u_top/u_core/u_b/u_b_core/core/core/shuffle/busy_reg/C	u_top/u_core/u_b/u_b_core/core/core/l5/gk.frontend/win/shift_reg[15][184]/R
-0.005	u_top/u_core/u_b/u_b_core/core/core/shuffle/busy_reg/C	u_top/u_core/u_b/u_b_core/core/core/l5/gk.frontend/win/shift_reg[17][130]/R
-0.005	u_top/u_core/u_b/u_b_core/core/core/shuffle/busy_reg/C	u_top/u_core/u_b/u_b_core/core/core/l5/gk.frontend/win/shift_reg[1][240]/R
-0.005	u_top/u_core/u_b/u_b_core/core/core/shuffle/busy_reg/C	u_top/u_core/u_b/u_b_core/core/core/l5/gk.frontend/win/shift_reg[20][138]/R
-0.005	u_top/u_core/u_b/u_b_core/core/core/shuffle/busy_reg/C	u_top/u_core/u_b/u_b_core/core/core/l5/gk.frontend/win/shift_reg[20][75]/R
-0.005	u_top/u_core/u_b/u_b_core/core/core/l5/mac/issue/out_phase_reg[1]_rep__6/C	u_top/u_core/u_b/u_b_core/core/core/l5/mac/mac/out_lane[2].mult_lane[19].operand_pipe.weight_q_reg[2]/D
-0.005	u_top/u_core/u_b/u_b_core/core/core/l5/mac/mac/tree_stage[6].valid_q_reg[7]/C	u_top/u_core/u_b/u_b_core/core/core/l5/mac/issue/out_window_reg[6232]/CE
-0.005	u_top/u_core/u_b/u_b_core/core/core/l5/mac/mac/tree_stage[6].valid_q_reg[7]/C	u_top/u_core/u_b/u_b_core/core/core/l5/mac/issue/out_window_reg[6233]/CE
-0.005	u_top/u_core/u_b/u_b_core/core/core/l5/mac/mac/tree_stage[6].valid_q_reg[7]/C	u_top/u_core/u_b/u_b_core/core/core/l5/mac/issue/out_window_reg[6234]/CE
-0.005	u_top/u_core/u_b/u_b_core/core/core/l5/mac/mac/tree_stage[6].valid_q_reg[7]/C	u_top/u_core/u_b/u_b_core/core/core/l5/mac/issue/out_window_reg[6235]/CE
-0.005	u_top/u_core/u_b/u_b_core/core/core/l5/mac/mac/tree_stage[6].valid_q_reg[7]/C	u_top/u_core/u_b/u_b_core/core/core/l5/mac/issue/out_window_reg[6236]/CE
-0.005	u_top/u_core/u_b/u_b_core/core/core/l5/mac/mac/tree_stage[6].valid_q_reg[7]/C	u_top/u_core/u_b/u_b_core/core/core/l5/mac/issue/out_window_reg[6237]/CE
-0.005	u_top/u_core/u_b/u_b_core/core/core/l5/mac/issue/out_phase_reg[0]_rep__9/C	u_top/u_core/u_b/u_b_core/core/core/l5/mac/mac/out_lane[0].mult_lane[45].operand_pipe.act_q_reg[11]/D
-0.005	u_top/u_core/u_b/u_b_core/core/core/l5/mac/mac/out_lane[0].mult_lane[49].operand_pipe.act_q_reg[4]/C	u_top/u_core/u_b/u_b_core/core/core/l5/mac/mac/out_lane[0].mult_lane[49].operand_pipe.sums_q_reg[0][0][49]/A[4]
-0.005	u_top/u_core/u_b/u_b_core/core/core/l5/mac/issue/out_phase_reg[1]_rep__9/C	u_top/u_core/u_b/u_b_core/core/core/l5/mac/mac/out_lane[1].mult_lane[33].operand_pipe.act_q_reg[2]/D
-0.005	u_top/u_core/u_b/u_b_core/core/core/l5/mac/issue/out_window_reg[5152]/C	u_top/u_core/u_b/u_b_core/core/core/l5/mac/mac/out_lane[0].mult_lane[20].operand_pipe.act_q_reg[0]/D
-0.005	u_top/u_core/u_b/u_b_core/core/core/l5/mac/mac/tree_stage[6].valid_q_reg[7]/C	u_top/u_core/u_b/u_b_core/core/core/l5/mac/mac/tree_stage[2].channel[2].node[6].pair.sums_q_reg[2][2][6][10]/CE
-0.005	u_top/u_core/u_b/u_b_core/core/core/l5/mac/mac/tree_stage[6].valid_q_reg[7]/C	u_top/u_core/u_b/u_b_core/core/core/l5/mac/mac/tree_stage[2].channel[2].node[6].pair.sums_q_reg[2][2][6][11]/CE
-0.005	u_top/u_core/u_b/u_b_core/core/core/l5/mac/mac/tree_stage[6].valid_q_reg[7]/C	u_top/u_core/u_b/u_b_core/core/core/l5/mac/mac/tree_stage[2].channel[2].node[6].pair.sums_q_reg[2][2][6][8]/CE
-0.005	u_top/u_core/u_b/u_b_core/core/core/l5/mac/mac/tree_stage[6].valid_q_reg[7]/C	u_top/u_core/u_b/u_b_core/core/core/l5/mac/mac/tree_stage[2].channel[2].node[6].pair.sums_q_reg[2][2][6][9]/CE
-0.005	u_top/u_core/u_b/u_b_core/core/core/l5/gk.frontend/win/row_mod_d_reg[0]_rep__5/C	u_top/u_core/u_b/u_b_core/core/core/l5/gk.frontend/win/shift_reg[14][199]/D
-0.005	u_top/u_core/u_b/u_b_core/core/core/shuffle/busy_reg/C	u_top/u_core/u_b/u_b_core/core/core/l5/gk.frontend/win/shift_reg[13][209]/R
-0.005	u_top/u_core/u_b/u_b_core/core/core/shuffle/busy_reg/C	u_top/u_core/u_b/u_b_core/core/core/l5/gk.frontend/win/shift_reg[13][77]/R
-0.005	u_top/u_core/u_b/u_b_core/core/core/l4/post/occupied_reg[0]/C	u_top/u_core/u_b/u_b_core/core/core/f34/g_narrow_read.mem_reg_0_31_90_95/RAMA/WE
-0.005	u_top/u_core/u_b/u_b_core/core/core/l4/post/occupied_reg[0]/C	u_top/u_core/u_b/u_b_core/core/core/f34/g_narrow_read.mem_reg_0_31_90_95/RAMA_D1/WE
-0.005	u_top/u_core/u_b/u_b_core/core/core/l4/post/occupied_reg[0]/C	u_top/u_core/u_b/u_b_core/core/core/f34/g_narrow_read.mem_reg_0_31_90_95/RAMB/WE
-0.005	u_top/u_core/u_b/u_b_core/core/core/l4/post/occupied_reg[0]/C	u_top/u_core/u_b/u_b_core/core/core/f34/g_narrow_read.mem_reg_0_31_90_95/RAMB_D1/WE
-0.005	u_top/u_core/u_b/u_b_core/core/core/l4/post/occupied_reg[0]/C	u_top/u_core/u_b/u_b_core/core/core/f34/g_narrow_read.mem_reg_0_31_90_95/RAMC/WE
-0.005	u_top/u_core/u_b/u_b_core/core/core/l4/post/occupied_reg[0]/C	u_top/u_core/u_b/u_b_core/core/core/f34/g_narrow_read.mem_reg_0_31_90_95/RAMC_D1/WE
-0.005	u_top/u_core/u_b/u_b_core/core/core/l4/post/occupied_reg[0]/C	u_top/u_core/u_b/u_b_core/core/core/f34/g_narrow_read.mem_reg_0_31_90_95/RAMD/WE
-0.005	u_top/u_core/u_b/u_b_core/core/core/l4/post/occupied_reg[0]/C	u_top/u_core/u_b/u_b_core/core/core/f34/g_narrow_read.mem_reg_0_31_90_95/RAMD_D1/WE
-0.004	u_top/u_core/u_b/u_b_core/core/core/l5/mac/mac/tree_stage[6].valid_q_reg[7]/C	u_top/u_core/u_b/u_b_core/core/core/l5/gk.frontend/fifo/g_wide_read.g_read_slice[2].rd_ptr_local_reg[0]/R
-0.004	u_top/u_core/u_b/u_b_core/core/core/l5/mac/mac/tree_stage[6].valid_q_reg[7]/C	u_top/u_core/u_b/u_b_core/core/core/l5/gk.frontend/fifo/g_wide_read.g_read_slice[2].rd_ptr_local_reg[1]/R
-0.004	u_top/u_core/u_b/u_b_core/core/core/l5/gk.frontend/win/col_reg[5]/C	u_top/u_core/u_b/u_b_core/core/core/l5/gk.frontend/win/bank_gen[3].mem_reg_0/ADDRARDADDR[10]
-0.004	u_top/u_core/u_b/u_b_core/core/core/l5/mac/mac/tree_stage[6].valid_q_reg[7]/C	u_top/u_core/u_b/u_b_core/core/core/l5/mac/mac/out_lane[3].mult_lane[24].operand_pipe.weight_q_reg[3]/CE
-0.004	u_top/u_core/u_b/u_b_core/core/core/l5/gk.frontend/win/bank_gen[0].mem_reg_3/CLKARDCLK	u_top/u_core/u_b/u_b_core/core/core/l5/gk.frontend/win/shift_reg[14][118]/D
-0.004	u_top/u_core/u_b/u_b_core/core/core/l5/gk.frontend/win/bank_gen[1].mem_reg_3/CLKARDCLK	u_top/u_core/u_b/u_b_core/core/core/l5/gk.frontend/win/shift_reg[19][121]/D
-0.004	u_top/u_core/u_b/u_b_core/core/core/l5/gk.frontend/win/row_mod_d_reg[1]_rep__3/C	u_top/u_core/u_b/u_b_core/core/core/l5/gk.frontend/win/shift_reg[14][77]/D
-0.004	u_top/u_core/u_b/u_b_core/core/core/f45/g_narrow_read.rd_ptr_local_reg[3]/C	u_top/u_core/u_b/u_b_core/core/core/l5/gk.frontend/win/bank_gen[3].mem_reg_2/DIADI[24]
-0.004	u_top/u_core/u_b/u_b_core/core/core/l5/mac/g_l5_partial_buffer.partial_fifo/rd_ptr_reg_replica/C	u_top/u_core/u_b/u_b_core/core/core/l5/mac/acc/sum_stage_reg[0][34]/D
-0.004	u_top/u_core/u_b/u_b_core/core/core/l5/mac/mac/tree_stage[6].valid_q_reg[7]/C	u_top/u_core/u_b/u_b_core/core/core/l5/mac/mac/tree_stage[2].channel[2].node[6].pair.sums_q_reg[2][2][6][20]/CE
-0.004	u_top/u_core/u_b/u_b_core/core/core/l5/mac/mac/tree_stage[6].valid_q_reg[7]/C	u_top/u_core/u_b/u_b_core/core/core/l5/mac/mac/tree_stage[2].channel[2].node[6].pair.sums_q_reg[2][2][6][21]/CE
-0.004	u_top/u_core/u_b/u_b_core/core/core/l5/mac/mac/tree_stage[6].valid_q_reg[7]/C	u_top/u_core/u_b/u_b_core/core/core/l5/mac/mac/tree_stage[2].channel[2].node[6].pair.sums_q_reg[2][2][6][22]/CE
-0.004	u_top/u_core/u_b/u_b_core/core/core/l5/mac/mac/tree_stage[6].valid_q_reg[7]/C	u_top/u_core/u_b/u_b_core/core/core/l5/mac/mac/tree_stage[2].channel[2].node[6].pair.sums_q_reg[2][2][6][23]/CE
-0.004	u_top/u_core/u_b/u_b_core/core/core/l5/mac/issue/out_window_reg[3490]/C	u_top/u_core/u_b/u_b_core/core/core/l5/mac/mac/out_lane[1].mult_lane[13].operand_pipe.act_q_reg[2]/D
-0.004	u_top/u_core/u_b/u_b_core/core/core/l4/post/meta_group_reg[8][3]/C	u_top/u_core/u_b/u_b_core/core/core/l4/post/output_slot_reg[0][199]/CE
-0.004	u_top/u_core/u_b/u_b_core/core/core/l4/post/meta_group_reg[8][3]/C	u_top/u_core/u_b/u_b_core/core/core/l4/post/output_slot_reg[0][203]/CE
-0.004	u_top/u_core/u_b/u_b_core/core/core/l4/post/meta_group_reg[8][3]/C	u_top/u_core/u_b/u_b_core/core/core/l4/post/output_slot_reg[0][205]/CE
-0.004	u_top/u_core/u_b/u_b_core/core/core/l4/post/meta_group_reg[8][3]/C	u_top/u_core/u_b/u_b_core/core/core/l4/post/output_slot_reg[0][206]/CE
-0.004	u_top/u_core/u_b/u_b_core/core/core/shuffle/busy_reg/C	u_top/u_core/u_b/u_b_core/core/core/l5/gk.frontend/win/shift_reg[16][85]/R
-0.004	u_top/u_core/u_b/u_b_core/core/core/shuffle/busy_reg/C	u_top/u_core/u_b/u_b_core/core/core/l5/gk.frontend/win/shift_reg[17][243]/R
-0.004	u_top/u_core/u_b/u_b_core/core/core/shuffle/busy_reg/C	u_top/u_core/u_b/u_b_core/core/core/l5/gk.frontend/win/shift_reg[2][23]/R
-0.004	u_top/u_core/u_b/u_b_core/core/core/shuffle/busy_reg/C	u_top/u_core/u_b/u_b_core/core/core/l5/gk.frontend/win/shift_reg[2][35]/R
-0.004	u_top/u_core/u_b/u_b_core/core/core/shuffle/busy_reg/C	u_top/u_core/u_b/u_b_core/core/core/l5/gk.frontend/win/shift_reg[3][7]/R
-0.004	u_top/u_core/u_b/u_b_core/core/core/shuffle/busy_reg/C	u_top/u_core/u_b/u_b_core/core/core/l5/gk.frontend/win/shift_reg[3][9]/R
-0.004	u_top/u_core/u_b/u_b_core/core/core/shuffle/busy_reg/C	u_top/u_core/u_b/u_b_core/core/core/l5/gk.frontend/win/shift_reg[5][19]/R
-0.004	u_top/u_core/u_b/u_b_core/core/core/shuffle/busy_reg/C	u_top/u_core/u_b/u_b_core/core/core/l5/gk.frontend/win/shift_reg[6][143]/R
-0.004	u_top/u_core/u_b/u_b_core/core/core/l5/gk.frontend/win/shift_reg[1][88]/C	u_top/u_core/u_b/u_b_core/core/core/l5/gk.frontend/fifo/g_wide_read.g_read_slice[5].mem_slice_reg_0_3_24_29/RAMA/I
-0.004	u_top/u_core/u_b/u_b_core/core/core/l5/mac/issue/out_phase_reg[1]_rep__15/C	u_top/u_core/u_b/u_b_core/core/core/l5/mac/mac/out_lane[3].mult_lane[47].operand_pipe.act_q_reg[10]/D
-0.004	u_top/u_core/u_b/u_b_core/core/core/l5/mac/issue/out_phase_reg[0]_rep__2_replica/C	u_top/u_core/u_b/u_b_core/core/core/l5/mac/mac/out_lane[1].mult_lane[7].operand_pipe.act_q_reg[3]/D
-0.003	u_top/u_core/u_b/u_b_core/core/core/l5/mac/mac/tree_stage[6].valid_q_reg[7]/C	u_top/u_core/u_b/u_b_core/core/core/l5/mac/mac/tree_stage[5].channel[1].node[0].pair.sums_q_reg[5][1][0][16]/CE
-0.003	u_top/u_core/u_b/u_b_core/core/core/l5/mac/mac/tree_stage[6].valid_q_reg[7]/C	u_top/u_core/u_b/u_b_core/core/core/l5/mac/mac/tree_stage[5].channel[1].node[0].pair.sums_q_reg[5][1][0][17]/CE
-0.003	u_top/u_core/u_b/u_b_core/core/core/l5/mac/mac/tree_stage[6].valid_q_reg[7]/C	u_top/u_core/u_b/u_b_core/core/core/l5/mac/mac/tree_stage[5].channel[1].node[0].pair.sums_q_reg[5][1][0][18]/CE
-0.003	u_top/u_core/u_b/u_b_core/core/core/l5/mac/mac/tree_stage[6].valid_q_reg[7]/C	u_top/u_core/u_b/u_b_core/core/core/l5/mac/mac/tree_stage[5].channel[1].node[0].pair.sums_q_reg[5][1][0][19]/CE
-0.003	u_top/u_core/u_b/u_b_core/core/core/shuffle/busy_reg/C	u_top/u_core/u_b/u_b_core/core/core/l5/gk.frontend/win/shift_reg[12][150]/R
-0.003	u_top/u_core/u_b/u_b_core/core/core/shuffle/busy_reg/C	u_top/u_core/u_b/u_b_core/core/core/l5/gk.frontend/win/shift_reg[12][248]/R
-0.003	u_top/u_core/u_b/u_b_core/core/core/shuffle/busy_reg/C	u_top/u_core/u_b/u_b_core/core/core/l5/gk.frontend/win/shift_reg[12][31]/R
-0.003	u_top/u_core/u_b/u_b_core/core/core/shuffle/busy_reg/C	u_top/u_core/u_b/u_b_core/core/core/l5/gk.frontend/win/shift_reg[6][12]/R
-0.003	u_top/u_core/u_b/u_b_core/core/core/shuffle/busy_reg/C	u_top/u_core/u_b/u_b_core/core/core/l5/gk.frontend/win/shift_reg[6][14]/R
-0.003	u_top/u_core/u_b/u_b_core/core/core/shuffle/busy_reg/C	u_top/u_core/u_b/u_b_core/core/core/l5/gk.frontend/win/shift_reg[6][178]/R
-0.003	u_top/u_core/u_b/u_b_core/core/core/shuffle/busy_reg/C	u_top/u_core/u_b/u_b_core/core/core/l5/gk.frontend/win/shift_reg[6][180]/R
-0.003	u_top/u_core/u_b/u_b_core/core/core/shuffle/busy_reg/C	u_top/u_core/u_b/u_b_core/core/core/l5/gk.frontend/win/shift_reg[7][30]/R
-0.003	u_top/u_core/u_b/u_b_core/core/core/l5/mac/mac/out_lane[2].mult_lane[35].operand_pipe.act_q_reg[9]/C	u_top/u_core/u_b/u_b_core/core/core/l5/mac/mac/out_lane[2].mult_lane[35].operand_pipe.sums_q_reg[0][2][35]/A[9]
-0.003	u_top/u_core/u_b/u_b_core/core/core/shuffle/busy_reg/C	u_top/u_core/u_b/u_b_core/core/core/l5/gk.frontend/win/shift_reg[22][147]/R
-0.003	u_top/u_core/u_b/u_b_core/core/core/shuffle/busy_reg/C	u_top/u_core/u_b/u_b_core/core/core/l5/gk.frontend/win/shift_reg[22][217]/R
-0.003	u_top/u_core/u_b/u_b_core/core/core/shuffle/busy_reg/C	u_top/u_core/u_b/u_b_core/core/core/l5/gk.frontend/win/shift_reg[22][22]/R
-0.003	u_top/u_core/u_b/u_b_core/core/core/shuffle/busy_reg/C	u_top/u_core/u_b/u_b_core/core/core/l5/gk.frontend/win/shift_reg[22][254]/R
-0.003	u_top/u_core/u_b/u_b_core/core/core/shuffle/busy_reg/C	u_top/u_core/u_b/u_b_core/core/core/l5/gk.frontend/win/shift_reg[22][55]/R
-0.003	u_top/u_core/u_b/u_b_core/core/core/shuffle/busy_reg/C	u_top/u_core/u_b/u_b_core/core/core/l5/gk.frontend/win/shift_reg[22][82]/R
-0.003	u_top/u_core/u_b/u_b_core/core/core/shuffle/busy_reg/C	u_top/u_core/u_b/u_b_core/core/core/l5/gk.frontend/win/shift_reg[23][147]/R
-0.003	u_top/u_core/u_b/u_b_core/core/core/shuffle/busy_reg/C	u_top/u_core/u_b/u_b_core/core/core/l5/gk.frontend/win/shift_reg[23][22]/R
-0.003	u_top/u_core/u_b/u_b_core/core/core/l5/mac/mac/out_lane[2].mult_lane[35].operand_pipe.act_q_reg[10]/C	u_top/u_core/u_b/u_b_core/core/core/l5/mac/mac/out_lane[2].mult_lane[35].operand_pipe.sums_q_reg[0][2][35]/A[10]
-0.003	u_top/u_core/u_b/u_b_core/core/core/l5/mac/issue/out_phase_reg[0]_rep__13/C	u_top/u_core/u_b/u_b_core/core/core/l5/mac/mac/out_lane[1].mult_lane[30].operand_pipe.weight_q_reg[5]/D
-0.003	u_top/u_core/u_b/u_b_core/core/core/l5/gk.frontend/win/bank_gen[3].mem_reg_0/CLKARDCLK	u_top/u_core/u_b/u_b_core/core/core/l5/gk.frontend/win/shift_reg[4][24]/D
-0.003	u_top/u_core/u_b/u_b_core/core/core/shuffle/busy_reg/C	u_top/u_core/u_b/u_b_core/core/core/l5/gk.frontend/win/shift_reg[22][199]/R
-0.003	u_top/u_core/u_b/u_b_core/core/core/l5/gk.frontend/win/shift_reg[20][146]/C	u_top/u_core/u_b/u_b_core/core/core/l5/gk.frontend/fifo/g_wide_read.g_read_slice[82].mem_slice_reg_0_3_18_23/RAMA/I
-0.003	u_top/u_core/u_b/u_b_core/core/core/l5/mac/issue/out_phase_reg[0]/C	u_top/u_core/u_b/u_b_core/core/core/l5/mac/mac/out_lane[0].mult_lane[23].operand_pipe.weight_q_reg[5]/D
-0.003	u_top/u_core/u_b/u_b_core/core/core/l5/mac/issue/out_window_reg[3532]/C	u_top/u_core/u_b/u_b_core/core/core/l5/mac/mac/out_lane[1].mult_lane[13].operand_pipe.act_q_reg[12]/D
-0.003	u_top/u_core/u_b/u_b_core/core/core/l5/mac/issue/out_phase_reg[2]_rep__3/C	u_top/u_core/u_b/u_b_core/core/core/l5/mac/mac/out_lane[2].mult_lane[16].operand_pipe.act_q_reg[7]/D
-0.003	u_top/u_core/u_b/u_b_core/core/core/shuffle/busy_reg/C	u_top/u_core/u_b/u_b_core/core/core/l5/gk.frontend/win/shift_reg[15][242]/R
-0.003	u_top/u_core/u_b/u_b_core/core/core/shuffle/busy_reg/C	u_top/u_core/u_b/u_b_core/core/core/l5/gk.frontend/win/shift_reg[16][111]/R
-0.003	u_top/u_core/u_b/u_b_core/core/core/shuffle/busy_reg/C	u_top/u_core/u_b/u_b_core/core/core/l5/gk.frontend/win/shift_reg[16][11]/R
-0.003	u_top/u_core/u_b/u_b_core/core/core/shuffle/busy_reg/C	u_top/u_core/u_b/u_b_core/core/core/l5/gk.frontend/win/shift_reg[16][37]/R
-0.003	u_top/u_core/u_b/u_b_core/core/core/shuffle/busy_reg/C	u_top/u_core/u_b/u_b_core/core/core/l5/gk.frontend/win/shift_reg[17][37]/R
-0.003	u_top/u_core/u_b/u_b_core/core/core/shuffle/busy_reg/C	u_top/u_core/u_b/u_b_core/core/core/l5/gk.frontend/win/shift_reg[20][123]/R
-0.003	u_top/u_core/u_b/u_b_core/core/core/l5/mac/issue/out_phase_reg[0]_rep__11/C	u_top/u_core/u_b/u_b_core/core/core/l5/mac/mac/out_lane[1].mult_lane[23].operand_pipe.act_q_reg[8]/D
-0.003	u_top/u_core/u_b/u_b_core/core/core/l5/mac/issue/out_phase_reg[2]_rep/C	u_top/u_core/u_b/u_b_core/core/core/l5/mac/mac/out_lane[0].mult_lane[2].operand_pipe.weight_q_reg[6]/D
-0.002	u_top/u_core/u_b/u_b_core/core/core/l1/post/issue_slot_reg/C	u_top/u_core/u_b/u_b_core/core/core/l1/post/units[0].post/prelu_product_s10/A[15]
-0.002	u_top/u_core/u_b/u_b_core/core/core/l5/mac/issue/out_phase_reg[2]_rep__5/C	u_top/u_core/u_b/u_b_core/core/core/l5/mac/mac/out_lane[1].mult_lane[19].operand_pipe.weight_q_reg[0]/D
-0.002	u_top/u_core/u_b/u_b_core/core/core/l5/mac/issue/out_phase_reg[1]_rep__12/C	u_top/u_core/u_b/u_b_core/core/core/l5/mac/mac/out_lane[3].mult_lane[38].operand_pipe.act_q_reg[4]/D
-0.002	u_top/u_core/u_b/u_b_core/core/core/f45/g_narrow_read.rd_ptr_local_reg[3]/C	u_top/u_core/u_b/u_b_core/core/core/l5/gk.frontend/win/bank_gen[0].mem_reg_6/DIADI[5]
-0.002	u_top/u_core/u_b/u_b_core/core/core/l5/gk.frontend/pad/interior_x_reg/C	u_top/u_core/u_b/u_b_core/core/core/l5/gk.frontend/win/bank_gen[3].mem_reg_5/DIADI[1]
-0.002	u_top/u_core/u_b/u_b_core/core/core/l5/mac/issue/out_window_reg[1432]/C	u_top/u_core/u_b/u_b_core/core/core/l5/mac/mac/out_lane[0].mult_lane[30].operand_pipe.act_q_reg[8]/D
-0.002	u_top/u_core/u_b/u_b_core/core/core/f45/g_narrow_read.rd_ptr_local_reg[2]/C	u_top/u_core/u_b/u_b_core/core/core/l5/gk.frontend/win/bank_gen[3].mem_reg_7/DIADI[0]
-0.002	u_top/u_core/u_b/u_b_core/core/core/l5/mac/issue/out_phase_reg[0]_rep__4/C	u_top/u_core/u_b/u_b_core/core/core/l5/mac/mac/out_lane[0].mult_lane[10].operand_pipe.act_q_reg[10]/D
-0.002	u_top/u_core/u_b/u_b_core/core/core/f45/g_narrow_read.rd_ptr_local_reg[0]_replica/C	u_top/u_core/u_b/u_b_core/core/core/l5/gk.frontend/win/bank_gen[0].mem_reg_2/DIADI[20]
-0.002	u_top/u_core/u_b/u_b_core/core/core/l5/mac/issue/out_phase_reg[2]_replica_1/C	u_top/u_core/u_b/u_b_core/core/core/l5/mac/mac/out_lane[3].mult_lane[5].operand_pipe.act_q_reg[0]/D
-0.002	u_top/u_core/u_pp/u_bank0/mem_reg_bram_23/CLKBWRCLK	u_top/u_core/u_pp/u_bank0/rd_data_reg[6]/D
-0.002	u_top/u_core/u_b/u_b_core/core/core/l5/mac/mac/tree_stage[6].valid_q_reg[7]/C	u_top/u_core/u_b/u_b_core/core/core/l5/mac/mac/out_lane[2].mult_lane[3].operand_pipe.weight_q_reg[1]/R
-0.002	u_top/u_core/u_b/u_b_core/core/core/l5/mac/mac/tree_stage[6].valid_q_reg[7]/C	u_top/u_core/u_b/u_b_core/core/core/l5/mac/mac/out_lane[2].mult_lane[3].operand_pipe.weight_q_reg[2]/R
-0.002	u_top/u_core/u_b/u_b_core/core/core/l5/mac/mac/tree_stage[6].valid_q_reg[7]/C	u_top/u_core/u_b/u_b_core/core/core/l5/mac/mac/out_lane[3].mult_lane[4].operand_pipe.weight_q_reg[0]/S
-0.002	u_top/u_core/u_b/u_b_core/core/core/l5/mac/mac/tree_stage[6].valid_q_reg[7]/C	u_top/u_core/u_b/u_b_core/core/core/l5/mac/mac/out_lane[3].mult_lane[5].operand_pipe.weight_q_reg[0]/R
-0.002	u_top/u_core/u_b/u_b_core/core/core/l5/mac/issue/out_phase_reg[1]_rep__1/C	u_top/u_core/u_b/u_b_core/core/core/l5/mac/mac/out_lane[3].mult_lane[18].operand_pipe.act_q_reg[6]/D
-0.001	u_top/u_core/u_b/u_b_core/core/core/l5/mac/issue/out_phase_reg[2]/C	u_top/u_core/u_b/u_b_core/core/core/l5/mac/mac/out_lane[3].mult_lane[0].operand_pipe.act_q_reg[7]/D
-0.001	u_top/u_core/u_b/u_b_core/core/core/l5/gk.frontend/pad/interior_x_reg/C	u_top/u_core/u_b/u_b_core/core/core/l5/gk.frontend/win/bank_gen[1].mem_reg_5/DIADI[6]
-0.001	u_top/u_core/u_b/u_b_core/core/core/l5/mac/issue/out_phase_reg[2]_rep__0/C	u_top/u_core/u_b/u_b_core/core/core/l5/mac/mac/out_lane[1].mult_lane[25].operand_pipe.weight_q_reg[3]/D
-0.001	u_top/u_core/u_b/u_b_core/core/core/l3/post/occupied_reg[1]/C	u_top/u_core/u_b/u_b_core/core/core/l3/gk.frontend/fifo/g_wide_read.g_read_slice[5].rd_ptr_local_reg[0]/R
-0.001	u_top/u_core/u_b/u_b_core/core/core/l3/post/occupied_reg[1]/C	u_top/u_core/u_b/u_b_core/core/core/l3/gk.frontend/fifo/g_wide_read.g_read_slice[5].rd_ptr_local_reg[1]/R
-0.001	u_top/u_core/u_b/u_b_core/core/core/l5/mac/issue/out_phase_reg[2]_rep__5/C	u_top/u_core/u_b/u_b_core/core/core/l5/mac/mac/out_lane[1].mult_lane[49].operand_pipe.act_q_reg[13]/D
-0.001	u_top/u_core/u_b/u_b_core/core/core/l5/mac/mac/tree_stage[6].valid_q_reg[7]/C	u_top/u_core/u_b/u_b_core/core/core/l5/mac/mac/out_lane[0].mult_lane[45].operand_pipe.act_q_reg[4]/CE
-0.001	u_top/u_core/u_b/u_b_core/core/core/l5/mac/mac/tree_stage[6].valid_q_reg[7]/C	u_top/u_core/u_b/u_b_core/core/core/l5/mac/mac/out_lane[0].mult_lane[45].operand_pipe.act_q_reg[7]/CE
-0.001	u_top/u_core/u_b/u_b_core/core/core/l5/mac/mac/tree_stage[6].valid_q_reg[7]/C	u_top/u_core/u_b/u_b_core/core/core/l5/mac/mac/out_lane[2].mult_lane[42].operand_pipe.act_q_reg[11]/CE
-0.001	u_top/u_core/u_b/u_b_core/core/core/l5/mac/mac/tree_stage[6].valid_q_reg[7]/C	u_top/u_core/u_b/u_b_core/core/core/l5/mac/mac/out_lane[2].mult_lane[42].operand_pipe.weight_q_reg[7]/CE
-0.001	u_top/u_core/u_b/u_b_core/core/core/l5/mac/issue/out_phase_reg[0]_rep__6/C	u_top/u_core/u_b/u_b_core/core/core/l5/mac/mac/out_lane[1].mult_lane[39].operand_pipe.act_q_reg[9]/D
-0.001	u_top/u_core/u_ctrl/start_b_reg/C	u_top/u_core/u_in/req_addr_q_reg[10]_rep__5/CE
-0.001	u_top/u_core/u_ctrl/start_b_reg/C	u_top/u_core/u_in/req_addr_q_reg[11]_rep/CE
-0.001	u_top/u_core/u_b/u_b_core/core/core/l5/gk.frontend/win/bank_gen[1].mem_reg_5/CLKARDCLK	u_top/u_core/u_b/u_b_core/core/core/l5/gk.frontend/win/shift_reg[9][190]/D
-0.001	u_top/u_core/u_b/u_b_core/core/core/l5/mac/mac/tree_stage[3].valid_q_reg[4]/C	u_top/u_core/u_b/u_b_core/core/core/l5/mac/mac/tree_stage[3].channel[3].node[0].pair.sums_q_reg[3][3][0][0]/CE
-0.001	u_top/u_core/u_b/u_b_core/core/core/l5/mac/mac/tree_stage[3].valid_q_reg[4]/C	u_top/u_core/u_b/u_b_core/core/core/l5/mac/mac/tree_stage[3].channel[3].node[0].pair.sums_q_reg[3][3][0][1]/CE
-0.001	u_top/u_core/u_b/u_b_core/core/core/l5/mac/mac/tree_stage[3].valid_q_reg[4]/C	u_top/u_core/u_b/u_b_core/core/core/l5/mac/mac/tree_stage[3].channel[3].node[0].pair.sums_q_reg[3][3][0][2]/CE
-0.001	u_top/u_core/u_b/u_b_core/core/core/l5/mac/mac/tree_stage[3].valid_q_reg[4]/C	u_top/u_core/u_b/u_b_core/core/core/l5/mac/mac/tree_stage[3].channel[3].node[0].pair.sums_q_reg[3][3][0][3]/CE
