Copyright 1986-2022 Xilinx, Inc. All Rights Reserved. Copyright 2022-2025 Advanced Micro Devices, Inc. All Rights Reserved.
-------------------------------------------------------------------------------------------------------------------------------------------------------------------
| Tool Version : Vivado v.2025.2 (win64) Build 6299465 Fri Nov 14 19:35:11 GMT 2025
| Date         : Sat Sep 26 21:50:00 2026
| Host         : OMENMAX running 64-bit major release  (build 9200)
| Command      : report_timing -delay_type min -max_paths 100 -nworst 1 -file V:/_synth_bc/postroute200_v1_pressure000_try1/reports/before_pressure/hold_paths.rpt
| Design       : c_synth_top
| Device       : 7a200t-fbg484
| Speed File   : -2  PRODUCTION 1.23 2018-06-13
| Design State : Routed
-------------------------------------------------------------------------------------------------------------------------------------------------------------------

Timing Report

Slack (MET) :             0.013ns  (arrival time - required time)
  Source:                 u_top/u_core/u_b/u_b_core/core/core/l4/mac/acc/out_data_reg[407]/C
                            (rising edge-triggered cell FDRE clocked by u_top_n_1388  {rise@0.000ns fall@2.500ns period=5.000ns})
  Destination:            u_top/u_core/u_b/u_b_core/core/core/l4/post/input_slot_reg[0][407]/D
                            (rising edge-triggered cell FDRE clocked by u_top_n_1388  {rise@0.000ns fall@2.500ns period=5.000ns})
  Path Group:             u_top_n_1388
  Path Type:              Hold (Min at Fast Process Corner)
  Requirement:            0.000ns  (u_top_n_1388 rise@0.000ns - u_top_n_1388 rise@0.000ns)
  Data Path Delay:        0.345ns  (logic 0.164ns (47.585%)  route 0.181ns (52.415%))
  Logic Levels:           0  
  Clock Path Skew:        0.269ns (DCD - SCD - CPR)
    Destination Clock Delay (DCD):    2.477ns
    Source Clock Delay      (SCD):    1.925ns
    Clock Pessimism Removal (CPR):    0.284ns

    Location             Delay type                Incr(ns)  Path(ns)    Netlist Resource(s)
  -------------------------------------------------------------------    -------------------
                         (clock u_top_n_1388 rise edge)
                                                      0.000     0.000 r  
    W19                                               0.000     0.000 r  sys_clk (IN)
                         net (fo=0)                   0.000     0.000    sys_clk
    W19                  IBUF (Prop_ibuf_I_O)         0.277     0.277 r  sys_clk_IBUF_inst/O
                         net (fo=1, routed)           0.440     0.717    u_top/sys_clk_IBUF
    MMCME2_ADV_X0Y2      MMCME2_ADV (Prop_mmcme2_adv_CLKIN1_CLKOUT0)
                                                      0.050     0.767 r  u_top/g_mmcm.u_mmcm/CLKOUT0
                         net (fo=1, routed)           0.545     1.312    u_top_n_1388
    BUFGCTRL_X0Y0        BUFG (Prop_bufg_I_O)         0.026     1.338 r  input_slot_reg[1][511]_i_3/O
                         net (fo=61850, routed)       0.587     1.925    u_top/u_core/u_b/u_b_core/core/core/l4/mac/acc/clk_200
    SLICE_X44Y149        FDRE                                         r  u_top/u_core/u_b/u_b_core/core/core/l4/mac/acc/out_data_reg[407]/C
  -------------------------------------------------------------------    -------------------
    SLICE_X44Y149        FDRE (Prop_fdre_C_Q)         0.164     2.089 r  u_top/u_core/u_b/u_b_core/core/core/l4/mac/acc/out_data_reg[407]/Q
                         net (fo=2, routed)           0.181     2.269    u_top/u_core/u_b/u_b_core/core/core/l4/post/D[407]
    SLICE_X44Y150        FDRE                                         r  u_top/u_core/u_b/u_b_core/core/core/l4/post/input_slot_reg[0][407]/D
  -------------------------------------------------------------------    -------------------

                         (clock u_top_n_1388 rise edge)
                                                      0.000     0.000 r  
    W19                                               0.000     0.000 r  sys_clk (IN)
                         net (fo=0)                   0.000     0.000    sys_clk
    W19                  IBUF (Prop_ibuf_I_O)         0.465     0.465 r  sys_clk_IBUF_inst/O
                         net (fo=1, routed)           0.480     0.945    u_top/sys_clk_IBUF
    MMCME2_ADV_X0Y2      MMCME2_ADV (Prop_mmcme2_adv_CLKIN1_CLKOUT0)
                                                      0.053     0.998 r  u_top/g_mmcm.u_mmcm/CLKOUT0
                         net (fo=1, routed)           0.595     1.593    u_top_n_1388
    BUFGCTRL_X0Y0        BUFG (Prop_bufg_I_O)         0.029     1.622 r  input_slot_reg[1][511]_i_3/O
                         net (fo=61850, routed)       0.855     2.477    u_top/u_core/u_b/u_b_core/core/core/l4/post/clk_200
    SLICE_X44Y150        FDRE                                         r  u_top/u_core/u_b/u_b_core/core/core/l4/post/input_slot_reg[0][407]/C
                         clock pessimism             -0.284     2.193    
    SLICE_X44Y150        FDRE (Hold_fdre_C_D)         0.063     2.256    u_top/u_core/u_b/u_b_core/core/core/l4/post/input_slot_reg[0][407]
  -------------------------------------------------------------------
                         required time                         -2.256    
                         arrival time                           2.269    
  -------------------------------------------------------------------
                         slack                                  0.013    

Slack (MET) :             0.036ns  (arrival time - required time)
  Source:                 u_top/u_core/u_b/u_b_core/core/core/l3/gk.frontend/win/shift_reg[3][36]/C
                            (rising edge-triggered cell FDRE clocked by u_top_n_1388  {rise@0.000ns fall@2.500ns period=5.000ns})
  Destination:            u_top/u_core/u_b/u_b_core/core/core/l3/gk.frontend/fifo/g_wide_read.g_read_slice[6].mem_slice_reg_0_3_36_41/RAMA/I
                            (rising edge-triggered cell RAMD32 clocked by u_top_n_1388  {rise@0.000ns fall@2.500ns period=5.000ns})
  Path Group:             u_top_n_1388
  Path Type:              Hold (Min at Fast Process Corner)
  Requirement:            0.000ns  (u_top_n_1388 rise@0.000ns - u_top_n_1388 rise@0.000ns)
  Data Path Delay:        0.196ns  (logic 0.141ns (71.838%)  route 0.055ns (28.162%))
  Logic Levels:           0  
  Clock Path Skew:        0.013ns (DCD - SCD - CPR)
    Destination Clock Delay (DCD):    2.544ns
    Source Clock Delay      (SCD):    1.987ns
    Clock Pessimism Removal (CPR):    0.544ns

    Location             Delay type                Incr(ns)  Path(ns)    Netlist Resource(s)
  -------------------------------------------------------------------    -------------------
                         (clock u_top_n_1388 rise edge)
                                                      0.000     0.000 r  
    W19                                               0.000     0.000 r  sys_clk (IN)
                         net (fo=0)                   0.000     0.000    sys_clk
    W19                  IBUF (Prop_ibuf_I_O)         0.277     0.277 r  sys_clk_IBUF_inst/O
                         net (fo=1, routed)           0.440     0.717    u_top/sys_clk_IBUF
    MMCME2_ADV_X0Y2      MMCME2_ADV (Prop_mmcme2_adv_CLKIN1_CLKOUT0)
                                                      0.050     0.767 r  u_top/g_mmcm.u_mmcm/CLKOUT0
                         net (fo=1, routed)           0.545     1.312    u_top_n_1388
    BUFGCTRL_X0Y0        BUFG (Prop_bufg_I_O)         0.026     1.338 r  input_slot_reg[1][511]_i_3/O
                         net (fo=61850, routed)       0.649     1.987    u_top/u_core/u_b/u_b_core/core/core/l3/gk.frontend/win/clk_200
    SLICE_X45Y87         FDRE                                         r  u_top/u_core/u_b/u_b_core/core/core/l3/gk.frontend/win/shift_reg[3][36]/C
  -------------------------------------------------------------------    -------------------
    SLICE_X45Y87         FDRE (Prop_fdre_C_Q)         0.141     2.128 r  u_top/u_core/u_b/u_b_core/core/core/l3/gk.frontend/win/shift_reg[3][36]/Q
                         net (fo=1, routed)           0.055     2.183    u_top/u_core/u_b/u_b_core/core/core/l3/gk.frontend/fifo/g_wide_read.g_read_slice[6].mem_slice_reg_0_3_36_41/DIA0
    SLICE_X44Y87         RAMD32                                       r  u_top/u_core/u_b/u_b_core/core/core/l3/gk.frontend/fifo/g_wide_read.g_read_slice[6].mem_slice_reg_0_3_36_41/RAMA/I
  -------------------------------------------------------------------    -------------------

                         (clock u_top_n_1388 rise edge)
                                                      0.000     0.000 r  
    W19                                               0.000     0.000 r  sys_clk (IN)
                         net (fo=0)                   0.000     0.000    sys_clk
    W19                  IBUF (Prop_ibuf_I_O)         0.465     0.465 r  sys_clk_IBUF_inst/O
                         net (fo=1, routed)           0.480     0.945    u_top/sys_clk_IBUF
    MMCME2_ADV_X0Y2      MMCME2_ADV (Prop_mmcme2_adv_CLKIN1_CLKOUT0)
                                                      0.053     0.998 r  u_top/g_mmcm.u_mmcm/CLKOUT0
                         net (fo=1, routed)           0.595     1.593    u_top_n_1388
    BUFGCTRL_X0Y0        BUFG (Prop_bufg_I_O)         0.029     1.622 r  input_slot_reg[1][511]_i_3/O
                         net (fo=61850, routed)       0.923     2.544    u_top/u_core/u_b/u_b_core/core/core/l3/gk.frontend/fifo/g_wide_read.g_read_slice[6].mem_slice_reg_0_3_36_41/WCLK
    SLICE_X44Y87         RAMD32                                       r  u_top/u_core/u_b/u_b_core/core/core/l3/gk.frontend/fifo/g_wide_read.g_read_slice[6].mem_slice_reg_0_3_36_41/RAMA/CLK
                         clock pessimism             -0.544     2.000    
    SLICE_X44Y87         RAMD32 (Hold_ramd32_CLK_I)
                                                      0.147     2.147    u_top/u_core/u_b/u_b_core/core/core/l3/gk.frontend/fifo/g_wide_read.g_read_slice[6].mem_slice_reg_0_3_36_41/RAMA
  -------------------------------------------------------------------
                         required time                         -2.147    
                         arrival time                           2.183    
  -------------------------------------------------------------------
                         slack                                  0.036    

Slack (MET) :             0.036ns  (arrival time - required time)
  Source:                 u_top/u_core/u_b/u_b_core/core/core/l3/gk.frontend/win/shift_reg[3][100]/C
                            (rising edge-triggered cell FDRE clocked by u_top_n_1388  {rise@0.000ns fall@2.500ns period=5.000ns})
  Destination:            u_top/u_core/u_b/u_b_core/core/core/l3/gk.frontend/fifo/g_wide_read.g_read_slice[7].mem_slice_reg_0_3_36_41/RAMA/I
                            (rising edge-triggered cell RAMD32 clocked by u_top_n_1388  {rise@0.000ns fall@2.500ns period=5.000ns})
  Path Group:             u_top_n_1388
  Path Type:              Hold (Min at Fast Process Corner)
  Requirement:            0.000ns  (u_top_n_1388 rise@0.000ns - u_top_n_1388 rise@0.000ns)
  Data Path Delay:        0.196ns  (logic 0.141ns (71.838%)  route 0.055ns (28.162%))
  Logic Levels:           0  
  Clock Path Skew:        0.013ns (DCD - SCD - CPR)
    Destination Clock Delay (DCD):    2.542ns
    Source Clock Delay      (SCD):    1.986ns
    Clock Pessimism Removal (CPR):    0.543ns

    Location             Delay type                Incr(ns)  Path(ns)    Netlist Resource(s)
  -------------------------------------------------------------------    -------------------
                         (clock u_top_n_1388 rise edge)
                                                      0.000     0.000 r  
    W19                                               0.000     0.000 r  sys_clk (IN)
                         net (fo=0)                   0.000     0.000    sys_clk
    W19                  IBUF (Prop_ibuf_I_O)         0.277     0.277 r  sys_clk_IBUF_inst/O
                         net (fo=1, routed)           0.440     0.717    u_top/sys_clk_IBUF
    MMCME2_ADV_X0Y2      MMCME2_ADV (Prop_mmcme2_adv_CLKIN1_CLKOUT0)
                                                      0.050     0.767 r  u_top/g_mmcm.u_mmcm/CLKOUT0
                         net (fo=1, routed)           0.545     1.312    u_top_n_1388
    BUFGCTRL_X0Y0        BUFG (Prop_bufg_I_O)         0.026     1.338 r  input_slot_reg[1][511]_i_3/O
                         net (fo=61850, routed)       0.648     1.986    u_top/u_core/u_b/u_b_core/core/core/l3/gk.frontend/win/clk_200
    SLICE_X53Y86         FDRE                                         r  u_top/u_core/u_b/u_b_core/core/core/l3/gk.frontend/win/shift_reg[3][100]/C
  -------------------------------------------------------------------    -------------------
    SLICE_X53Y86         FDRE (Prop_fdre_C_Q)         0.141     2.127 r  u_top/u_core/u_b/u_b_core/core/core/l3/gk.frontend/win/shift_reg[3][100]/Q
                         net (fo=1, routed)           0.055     2.182    u_top/u_core/u_b/u_b_core/core/core/l3/gk.frontend/fifo/g_wide_read.g_read_slice[7].mem_slice_reg_0_3_36_41/DIA0
    SLICE_X52Y86         RAMD32                                       r  u_top/u_core/u_b/u_b_core/core/core/l3/gk.frontend/fifo/g_wide_read.g_read_slice[7].mem_slice_reg_0_3_36_41/RAMA/I
  -------------------------------------------------------------------    -------------------

                         (clock u_top_n_1388 rise edge)
                                                      0.000     0.000 r  
    W19                                               0.000     0.000 r  sys_clk (IN)
                         net (fo=0)                   0.000     0.000    sys_clk
    W19                  IBUF (Prop_ibuf_I_O)         0.465     0.465 r  sys_clk_IBUF_inst/O
                         net (fo=1, routed)           0.480     0.945    u_top/sys_clk_IBUF
    MMCME2_ADV_X0Y2      MMCME2_ADV (Prop_mmcme2_adv_CLKIN1_CLKOUT0)
                                                      0.053     0.998 r  u_top/g_mmcm.u_mmcm/CLKOUT0
                         net (fo=1, routed)           0.595     1.593    u_top_n_1388
    BUFGCTRL_X0Y0        BUFG (Prop_bufg_I_O)         0.029     1.622 r  input_slot_reg[1][511]_i_3/O
                         net (fo=61850, routed)       0.921     2.542    u_top/u_core/u_b/u_b_core/core/core/l3/gk.frontend/fifo/g_wide_read.g_read_slice[7].mem_slice_reg_0_3_36_41/WCLK
    SLICE_X52Y86         RAMD32                                       r  u_top/u_core/u_b/u_b_core/core/core/l3/gk.frontend/fifo/g_wide_read.g_read_slice[7].mem_slice_reg_0_3_36_41/RAMA/CLK
                         clock pessimism             -0.543     1.999    
    SLICE_X52Y86         RAMD32 (Hold_ramd32_CLK_I)
                                                      0.147     2.146    u_top/u_core/u_b/u_b_core/core/core/l3/gk.frontend/fifo/g_wide_read.g_read_slice[7].mem_slice_reg_0_3_36_41/RAMA
  -------------------------------------------------------------------
                         required time                         -2.146    
                         arrival time                           2.182    
  -------------------------------------------------------------------
                         slack                                  0.036    

Slack (MET) :             0.046ns  (arrival time - required time)
  Source:                 u_top/u_core/u_b/u_b_core/core/core/l4/post/units[0].post/prelu_magnitude_s2_reg[43]/C
                            (rising edge-triggered cell FDRE clocked by u_top_n_1388  {rise@0.000ns fall@2.500ns period=5.000ns})
  Destination:            u_top/u_core/u_b/u_b_core/core/core/l4/post/units[0].post/prelu_rounded_magnitude_s3_reg[30]/D
                            (rising edge-triggered cell FDRE clocked by u_top_n_1388  {rise@0.000ns fall@2.500ns period=5.000ns})
  Path Group:             u_top_n_1388
  Path Type:              Hold (Min at Fast Process Corner)
  Requirement:            0.000ns  (u_top_n_1388 rise@0.000ns - u_top_n_1388 rise@0.000ns)
  Data Path Delay:        0.448ns  (logic 0.350ns (78.080%)  route 0.098ns (21.920%))
  Logic Levels:           2  (CARRY4=2)
  Clock Path Skew:        0.268ns (DCD - SCD - CPR)
    Destination Clock Delay (DCD):    2.476ns
    Source Clock Delay      (SCD):    1.925ns
    Clock Pessimism Removal (CPR):    0.284ns

    Location             Delay type                Incr(ns)  Path(ns)    Netlist Resource(s)
  -------------------------------------------------------------------    -------------------
                         (clock u_top_n_1388 rise edge)
                                                      0.000     0.000 r  
    W19                                               0.000     0.000 r  sys_clk (IN)
                         net (fo=0)                   0.000     0.000    sys_clk
    W19                  IBUF (Prop_ibuf_I_O)         0.277     0.277 r  sys_clk_IBUF_inst/O
                         net (fo=1, routed)           0.440     0.717    u_top/sys_clk_IBUF
    MMCME2_ADV_X0Y2      MMCME2_ADV (Prop_mmcme2_adv_CLKIN1_CLKOUT0)
                                                      0.050     0.767 r  u_top/g_mmcm.u_mmcm/CLKOUT0
                         net (fo=1, routed)           0.545     1.312    u_top_n_1388
    BUFGCTRL_X0Y0        BUFG (Prop_bufg_I_O)         0.026     1.338 r  input_slot_reg[1][511]_i_3/O
                         net (fo=61850, routed)       0.587     1.925    u_top/u_core/u_b/u_b_core/core/core/l4/post/units[0].post/clk_200
    SLICE_X47Y149        FDRE                                         r  u_top/u_core/u_b/u_b_core/core/core/l4/post/units[0].post/prelu_magnitude_s2_reg[43]/C
  -------------------------------------------------------------------    -------------------
    SLICE_X47Y149        FDRE (Prop_fdre_C_Q)         0.141     2.066 r  u_top/u_core/u_b/u_b_core/core/core/l4/post/units[0].post/prelu_magnitude_s2_reg[43]/Q
                         net (fo=1, routed)           0.098     2.163    u_top/u_core/u_b/u_b_core/core/core/l4/post/units[0].post/prelu_magnitude_s2_reg_n_0_[43]
    SLICE_X48Y149        CARRY4 (Prop_carry4_S[2]_CO[3])
                                                      0.156     2.319 r  u_top/u_core/u_b/u_b_core/core/core/l4/post/units[0].post/prelu_rounded_magnitude_s3_reg[29]_i_1/CO[3]
                         net (fo=1, routed)           0.001     2.320    u_top/u_core/u_b/u_b_core/core/core/l4/post/units[0].post/prelu_rounded_magnitude_s3_reg[29]_i_1_n_0
    SLICE_X48Y150        CARRY4 (Prop_carry4_CI_O[0])
                                                      0.053     2.373 r  u_top/u_core/u_b/u_b_core/core/core/l4/post/units[0].post/prelu_rounded_magnitude_s3_reg[32]_i_1/O[0]
                         net (fo=1, routed)           0.000     2.373    u_top/u_core/u_b/u_b_core/core/core/l4/post/units[0].post/prelu_round_sum_s2[45]
    SLICE_X48Y150        FDRE                                         r  u_top/u_core/u_b/u_b_core/core/core/l4/post/units[0].post/prelu_rounded_magnitude_s3_reg[30]/D
  -------------------------------------------------------------------    -------------------

                         (clock u_top_n_1388 rise edge)
                                                      0.000     0.000 r  
    W19                                               0.000     0.000 r  sys_clk (IN)
                         net (fo=0)                   0.000     0.000    sys_clk
    W19                  IBUF (Prop_ibuf_I_O)         0.465     0.465 r  sys_clk_IBUF_inst/O
                         net (fo=1, routed)           0.480     0.945    u_top/sys_clk_IBUF
    MMCME2_ADV_X0Y2      MMCME2_ADV (Prop_mmcme2_adv_CLKIN1_CLKOUT0)
                                                      0.053     0.998 r  u_top/g_mmcm.u_mmcm/CLKOUT0
                         net (fo=1, routed)           0.595     1.593    u_top_n_1388
    BUFGCTRL_X0Y0        BUFG (Prop_bufg_I_O)         0.029     1.622 r  input_slot_reg[1][511]_i_3/O
                         net (fo=61850, routed)       0.854     2.476    u_top/u_core/u_b/u_b_core/core/core/l4/post/units[0].post/clk_200
    SLICE_X48Y150        FDRE                                         r  u_top/u_core/u_b/u_b_core/core/core/l4/post/units[0].post/prelu_rounded_magnitude_s3_reg[30]/C
                         clock pessimism             -0.284     2.192    
    SLICE_X48Y150        FDRE (Hold_fdre_C_D)         0.134     2.326    u_top/u_core/u_b/u_b_core/core/core/l4/post/units[0].post/prelu_rounded_magnitude_s3_reg[30]
  -------------------------------------------------------------------
                         required time                         -2.326    
                         arrival time                           2.373    
  -------------------------------------------------------------------
                         slack                                  0.046    

Slack (MET) :             0.055ns  (arrival time - required time)
  Source:                 u_top/u_core/u_b/u_b_core/core/core/l5/gk.frontend/win/shift_reg[12][226]/C
                            (rising edge-triggered cell FDRE clocked by u_top_n_1388  {rise@0.000ns fall@2.500ns period=5.000ns})
  Destination:            u_top/u_core/u_b/u_b_core/core/core/l5/gk.frontend/fifo/g_wide_read.g_read_slice[51].mem_slice_reg_0_3_30_35/RAMC/I
                            (rising edge-triggered cell RAMD32 clocked by u_top_n_1388  {rise@0.000ns fall@2.500ns period=5.000ns})
  Path Group:             u_top_n_1388
  Path Type:              Hold (Min at Fast Process Corner)
  Requirement:            0.000ns  (u_top_n_1388 rise@0.000ns - u_top_n_1388 rise@0.000ns)
  Data Path Delay:        0.346ns  (logic 0.128ns (37.042%)  route 0.218ns (62.958%))
  Logic Levels:           0  
  Clock Path Skew:        0.199ns (DCD - SCD - CPR)
    Destination Clock Delay (DCD):    2.487ns
    Source Clock Delay      (SCD):    1.999ns
    Clock Pessimism Removal (CPR):    0.289ns

    Location             Delay type                Incr(ns)  Path(ns)    Netlist Resource(s)
  -------------------------------------------------------------------    -------------------
                         (clock u_top_n_1388 rise edge)
                                                      0.000     0.000 r  
    W19                                               0.000     0.000 r  sys_clk (IN)
                         net (fo=0)                   0.000     0.000    sys_clk
    W19                  IBUF (Prop_ibuf_I_O)         0.277     0.277 r  sys_clk_IBUF_inst/O
                         net (fo=1, routed)           0.440     0.717    u_top/sys_clk_IBUF
    MMCME2_ADV_X0Y2      MMCME2_ADV (Prop_mmcme2_adv_CLKIN1_CLKOUT0)
                                                      0.050     0.767 r  u_top/g_mmcm.u_mmcm/CLKOUT0
                         net (fo=1, routed)           0.545     1.312    u_top_n_1388
    BUFGCTRL_X0Y0        BUFG (Prop_bufg_I_O)         0.026     1.338 r  input_slot_reg[1][511]_i_3/O
                         net (fo=61850, routed)       0.661     1.999    u_top/u_core/u_b/u_b_core/core/core/l5/gk.frontend/win/clk_200
    SLICE_X129Y99        FDRE                                         r  u_top/u_core/u_b/u_b_core/core/core/l5/gk.frontend/win/shift_reg[12][226]/C
  -------------------------------------------------------------------    -------------------
    SLICE_X129Y99        FDRE (Prop_fdre_C_Q)         0.128     2.127 r  u_top/u_core/u_b/u_b_core/core/core/l5/gk.frontend/win/shift_reg[12][226]/Q
                         net (fo=2, routed)           0.218     2.345    u_top/u_core/u_b/u_b_core/core/core/l5/gk.frontend/fifo/g_wide_read.g_read_slice[51].mem_slice_reg_0_3_30_35/DIC0
    SLICE_X128Y100       RAMD32                                       r  u_top/u_core/u_b/u_b_core/core/core/l5/gk.frontend/fifo/g_wide_read.g_read_slice[51].mem_slice_reg_0_3_30_35/RAMC/I
  -------------------------------------------------------------------    -------------------

                         (clock u_top_n_1388 rise edge)
                                                      0.000     0.000 r  
    W19                                               0.000     0.000 r  sys_clk (IN)
                         net (fo=0)                   0.000     0.000    sys_clk
    W19                  IBUF (Prop_ibuf_I_O)         0.465     0.465 r  sys_clk_IBUF_inst/O
                         net (fo=1, routed)           0.480     0.945    u_top/sys_clk_IBUF
    MMCME2_ADV_X0Y2      MMCME2_ADV (Prop_mmcme2_adv_CLKIN1_CLKOUT0)
                                                      0.053     0.998 r  u_top/g_mmcm.u_mmcm/CLKOUT0
                         net (fo=1, routed)           0.595     1.593    u_top_n_1388
    BUFGCTRL_X0Y0        BUFG (Prop_bufg_I_O)         0.029     1.622 r  input_slot_reg[1][511]_i_3/O
                         net (fo=61850, routed)       0.866     2.487    u_top/u_core/u_b/u_b_core/core/core/l5/gk.frontend/fifo/g_wide_read.g_read_slice[51].mem_slice_reg_0_3_30_35/WCLK
    SLICE_X128Y100       RAMD32                                       r  u_top/u_core/u_b/u_b_core/core/core/l5/gk.frontend/fifo/g_wide_read.g_read_slice[51].mem_slice_reg_0_3_30_35/RAMC/CLK
                         clock pessimism             -0.289     2.199    
    SLICE_X128Y100       RAMD32 (Hold_ramd32_CLK_I)
                                                      0.091     2.290    u_top/u_core/u_b/u_b_core/core/core/l5/gk.frontend/fifo/g_wide_read.g_read_slice[51].mem_slice_reg_0_3_30_35/RAMC
  -------------------------------------------------------------------
                         required time                         -2.290    
                         arrival time                           2.345    
  -------------------------------------------------------------------
                         slack                                  0.055    

Slack (MET) :             0.059ns  (arrival time - required time)
  Source:                 u_top/u_core/u_b/u_b_core/core/core/l4/post/units[0].post/prelu_magnitude_s2_reg[43]/C
                            (rising edge-triggered cell FDRE clocked by u_top_n_1388  {rise@0.000ns fall@2.500ns period=5.000ns})
  Destination:            u_top/u_core/u_b/u_b_core/core/core/l4/post/units[0].post/prelu_rounded_magnitude_s3_reg[32]/D
                            (rising edge-triggered cell FDRE clocked by u_top_n_1388  {rise@0.000ns fall@2.500ns period=5.000ns})
  Path Group:             u_top_n_1388
  Path Type:              Hold (Min at Fast Process Corner)
  Requirement:            0.000ns  (u_top_n_1388 rise@0.000ns - u_top_n_1388 rise@0.000ns)
  Data Path Delay:        0.461ns  (logic 0.363ns (78.697%)  route 0.098ns (21.303%))
  Logic Levels:           2  (CARRY4=2)
  Clock Path Skew:        0.268ns (DCD - SCD - CPR)
    Destination Clock Delay (DCD):    2.476ns
    Source Clock Delay      (SCD):    1.925ns
    Clock Pessimism Removal (CPR):    0.284ns

    Location             Delay type                Incr(ns)  Path(ns)    Netlist Resource(s)
  -------------------------------------------------------------------    -------------------
                         (clock u_top_n_1388 rise edge)
                                                      0.000     0.000 r  
    W19                                               0.000     0.000 r  sys_clk (IN)
                         net (fo=0)                   0.000     0.000    sys_clk
    W19                  IBUF (Prop_ibuf_I_O)         0.277     0.277 r  sys_clk_IBUF_inst/O
                         net (fo=1, routed)           0.440     0.717    u_top/sys_clk_IBUF
    MMCME2_ADV_X0Y2      MMCME2_ADV (Prop_mmcme2_adv_CLKIN1_CLKOUT0)
                                                      0.050     0.767 r  u_top/g_mmcm.u_mmcm/CLKOUT0
                         net (fo=1, routed)           0.545     1.312    u_top_n_1388
    BUFGCTRL_X0Y0        BUFG (Prop_bufg_I_O)         0.026     1.338 r  input_slot_reg[1][511]_i_3/O
                         net (fo=61850, routed)       0.587     1.925    u_top/u_core/u_b/u_b_core/core/core/l4/post/units[0].post/clk_200
    SLICE_X47Y149        FDRE                                         r  u_top/u_core/u_b/u_b_core/core/core/l4/post/units[0].post/prelu_magnitude_s2_reg[43]/C
  -------------------------------------------------------------------    -------------------
    SLICE_X47Y149        FDRE (Prop_fdre_C_Q)         0.141     2.066 r  u_top/u_core/u_b/u_b_core/core/core/l4/post/units[0].post/prelu_magnitude_s2_reg[43]/Q
                         net (fo=1, routed)           0.098     2.163    u_top/u_core/u_b/u_b_core/core/core/l4/post/units[0].post/prelu_magnitude_s2_reg_n_0_[43]
    SLICE_X48Y149        CARRY4 (Prop_carry4_S[2]_CO[3])
                                                      0.156     2.319 r  u_top/u_core/u_b/u_b_core/core/core/l4/post/units[0].post/prelu_rounded_magnitude_s3_reg[29]_i_1/CO[3]
                         net (fo=1, routed)           0.001     2.320    u_top/u_core/u_b/u_b_core/core/core/l4/post/units[0].post/prelu_rounded_magnitude_s3_reg[29]_i_1_n_0
    SLICE_X48Y150        CARRY4 (Prop_carry4_CI_O[2])
                                                      0.066     2.386 r  u_top/u_core/u_b/u_b_core/core/core/l4/post/units[0].post/prelu_rounded_magnitude_s3_reg[32]_i_1/O[2]
                         net (fo=1, routed)           0.000     2.386    u_top/u_core/u_b/u_b_core/core/core/l4/post/units[0].post/prelu_round_sum_s2[47]
    SLICE_X48Y150        FDRE                                         r  u_top/u_core/u_b/u_b_core/core/core/l4/post/units[0].post/prelu_rounded_magnitude_s3_reg[32]/D
  -------------------------------------------------------------------    -------------------

                         (clock u_top_n_1388 rise edge)
                                                      0.000     0.000 r  
    W19                                               0.000     0.000 r  sys_clk (IN)
                         net (fo=0)                   0.000     0.000    sys_clk
    W19                  IBUF (Prop_ibuf_I_O)         0.465     0.465 r  sys_clk_IBUF_inst/O
                         net (fo=1, routed)           0.480     0.945    u_top/sys_clk_IBUF
    MMCME2_ADV_X0Y2      MMCME2_ADV (Prop_mmcme2_adv_CLKIN1_CLKOUT0)
                                                      0.053     0.998 r  u_top/g_mmcm.u_mmcm/CLKOUT0
                         net (fo=1, routed)           0.595     1.593    u_top_n_1388
    BUFGCTRL_X0Y0        BUFG (Prop_bufg_I_O)         0.029     1.622 r  input_slot_reg[1][511]_i_3/O
                         net (fo=61850, routed)       0.854     2.476    u_top/u_core/u_b/u_b_core/core/core/l4/post/units[0].post/clk_200
    SLICE_X48Y150        FDRE                                         r  u_top/u_core/u_b/u_b_core/core/core/l4/post/units[0].post/prelu_rounded_magnitude_s3_reg[32]/C
                         clock pessimism             -0.284     2.192    
    SLICE_X48Y150        FDRE (Hold_fdre_C_D)         0.134     2.326    u_top/u_core/u_b/u_b_core/core/core/l4/post/units[0].post/prelu_rounded_magnitude_s3_reg[32]
  -------------------------------------------------------------------
                         required time                         -2.326    
                         arrival time                           2.386    
  -------------------------------------------------------------------
                         slack                                  0.059    

Slack (MET) :             0.062ns  (arrival time - required time)
  Source:                 u_top/u_core/u_b/u_b_core/core/core/l5/mac/mac/tree_stage[1].channel[3].node[19].pair.sums_q_reg[1][3][19][9]/C
                            (rising edge-triggered cell FDRE clocked by u_top_n_1388  {rise@0.000ns fall@2.500ns period=5.000ns})
  Destination:            u_top/u_core/u_b/u_b_core/core/core/l5/mac/mac/tree_stage[2].channel[3].node[9].pair.sums_q_reg[2][3][9][9]/D
                            (rising edge-triggered cell FDRE clocked by u_top_n_1388  {rise@0.000ns fall@2.500ns period=5.000ns})
  Path Group:             u_top_n_1388
  Path Type:              Hold (Min at Fast Process Corner)
  Requirement:            0.000ns  (u_top_n_1388 rise@0.000ns - u_top_n_1388 rise@0.000ns)
  Data Path Delay:        0.436ns  (logic 0.251ns (57.550%)  route 0.185ns (42.450%))
  Logic Levels:           2  (CARRY4=1 LUT2=1)
  Clock Path Skew:        0.269ns (DCD - SCD - CPR)
    Destination Clock Delay (DCD):    2.480ns
    Source Clock Delay      (SCD):    1.928ns
    Clock Pessimism Removal (CPR):    0.284ns

    Location             Delay type                Incr(ns)  Path(ns)    Netlist Resource(s)
  -------------------------------------------------------------------    -------------------
                         (clock u_top_n_1388 rise edge)
                                                      0.000     0.000 r  
    W19                                               0.000     0.000 r  sys_clk (IN)
                         net (fo=0)                   0.000     0.000    sys_clk
    W19                  IBUF (Prop_ibuf_I_O)         0.277     0.277 r  sys_clk_IBUF_inst/O
                         net (fo=1, routed)           0.440     0.717    u_top/sys_clk_IBUF
    MMCME2_ADV_X0Y2      MMCME2_ADV (Prop_mmcme2_adv_CLKIN1_CLKOUT0)
                                                      0.050     0.767 r  u_top/g_mmcm.u_mmcm/CLKOUT0
                         net (fo=1, routed)           0.545     1.312    u_top_n_1388
    BUFGCTRL_X0Y0        BUFG (Prop_bufg_I_O)         0.026     1.338 r  input_slot_reg[1][511]_i_3/O
                         net (fo=61850, routed)       0.590     1.928    u_top/u_core/u_b/u_b_core/core/core/l5/mac/mac/clk_200
    SLICE_X105Y147       FDRE                                         r  u_top/u_core/u_b/u_b_core/core/core/l5/mac/mac/tree_stage[1].channel[3].node[19].pair.sums_q_reg[1][3][19][9]/C
  -------------------------------------------------------------------    -------------------
    SLICE_X105Y147       FDRE (Prop_fdre_C_Q)         0.141     2.069 r  u_top/u_core/u_b/u_b_core/core/core/l5/mac/mac/tree_stage[1].channel[3].node[19].pair.sums_q_reg[1][3][19][9]/Q
                         net (fo=1, routed)           0.185     2.254    u_top/u_core/u_b/u_b_core/core/core/l5/mac/mac/tree_stage[1].channel[3].node[19].pair.sums_q_reg[1][3][19]_338[9]
    SLICE_X107Y150       LUT2 (Prop_lut2_I1_O)        0.045     2.299 r  u_top/u_core/u_b/u_b_core/core/core/l5/mac/mac/tree_stage[2].channel[3].node[9].pair.sums_q[2][3][9][11]_i_4/O
                         net (fo=1, routed)           0.000     2.299    u_top/u_core/u_b/u_b_core/core/core/l5/mac/mac/tree_stage[2].channel[3].node[9].pair.sums_q[2][3][9][11]_i_4_n_0
    SLICE_X107Y150       CARRY4 (Prop_carry4_S[1]_O[1])
                                                      0.065     2.364 r  u_top/u_core/u_b/u_b_core/core/core/l5/mac/mac/tree_stage[2].channel[3].node[9].pair.sums_q_reg[2][3][9][11]_i_1/O[1]
                         net (fo=1, routed)           0.000     2.364    u_top/u_core/u_b/u_b_core/core/core/l5/mac/mac/tree_stage[2].channel[3].node[9].pair.added[9]
    SLICE_X107Y150       FDRE                                         r  u_top/u_core/u_b/u_b_core/core/core/l5/mac/mac/tree_stage[2].channel[3].node[9].pair.sums_q_reg[2][3][9][9]/D
  -------------------------------------------------------------------    -------------------

                         (clock u_top_n_1388 rise edge)
                                                      0.000     0.000 r  
    W19                                               0.000     0.000 r  sys_clk (IN)
                         net (fo=0)                   0.000     0.000    sys_clk
    W19                  IBUF (Prop_ibuf_I_O)         0.465     0.465 r  sys_clk_IBUF_inst/O
                         net (fo=1, routed)           0.480     0.945    u_top/sys_clk_IBUF
    MMCME2_ADV_X0Y2      MMCME2_ADV (Prop_mmcme2_adv_CLKIN1_CLKOUT0)
                                                      0.053     0.998 r  u_top/g_mmcm.u_mmcm/CLKOUT0
                         net (fo=1, routed)           0.595     1.593    u_top_n_1388
    BUFGCTRL_X0Y0        BUFG (Prop_bufg_I_O)         0.029     1.622 r  input_slot_reg[1][511]_i_3/O
                         net (fo=61850, routed)       0.859     2.480    u_top/u_core/u_b/u_b_core/core/core/l5/mac/mac/clk_200
    SLICE_X107Y150       FDRE                                         r  u_top/u_core/u_b/u_b_core/core/core/l5/mac/mac/tree_stage[2].channel[3].node[9].pair.sums_q_reg[2][3][9][9]/C
                         clock pessimism             -0.284     2.196    
    SLICE_X107Y150       FDRE (Hold_fdre_C_D)         0.105     2.301    u_top/u_core/u_b/u_b_core/core/core/l5/mac/mac/tree_stage[2].channel[3].node[9].pair.sums_q_reg[2][3][9][9]
  -------------------------------------------------------------------
                         required time                         -2.301    
                         arrival time                           2.364    
  -------------------------------------------------------------------
                         slack                                  0.062    

Slack (MET) :             0.062ns  (arrival time - required time)
  Source:                 u_top/u_core/u_b/u_b_core/core/core/l5/mac/mac/tree_stage[2].channel[2].node[8].pair.sums_q_reg[2][2][8][21]/C
                            (rising edge-triggered cell FDRE clocked by u_top_n_1388  {rise@0.000ns fall@2.500ns period=5.000ns})
  Destination:            u_top/u_core/u_b/u_b_core/core/core/l5/mac/mac/tree_stage[3].channel[2].node[4].pair.sums_q_reg[3][2][4][21]/D
                            (rising edge-triggered cell FDRE clocked by u_top_n_1388  {rise@0.000ns fall@2.500ns period=5.000ns})
  Path Group:             u_top_n_1388
  Path Type:              Hold (Min at Fast Process Corner)
  Requirement:            0.000ns  (u_top_n_1388 rise@0.000ns - u_top_n_1388 rise@0.000ns)
  Data Path Delay:        0.437ns  (logic 0.251ns (57.385%)  route 0.186ns (42.615%))
  Logic Levels:           2  (CARRY4=1 LUT2=1)
  Clock Path Skew:        0.270ns (DCD - SCD - CPR)
    Destination Clock Delay (DCD):    2.484ns
    Source Clock Delay      (SCD):    1.931ns
    Clock Pessimism Removal (CPR):    0.284ns

    Location             Delay type                Incr(ns)  Path(ns)    Netlist Resource(s)
  -------------------------------------------------------------------    -------------------
                         (clock u_top_n_1388 rise edge)
                                                      0.000     0.000 r  
    W19                                               0.000     0.000 r  sys_clk (IN)
                         net (fo=0)                   0.000     0.000    sys_clk
    W19                  IBUF (Prop_ibuf_I_O)         0.277     0.277 r  sys_clk_IBUF_inst/O
                         net (fo=1, routed)           0.440     0.717    u_top/sys_clk_IBUF
    MMCME2_ADV_X0Y2      MMCME2_ADV (Prop_mmcme2_adv_CLKIN1_CLKOUT0)
                                                      0.050     0.767 r  u_top/g_mmcm.u_mmcm/CLKOUT0
                         net (fo=1, routed)           0.545     1.312    u_top_n_1388
    BUFGCTRL_X0Y0        BUFG (Prop_bufg_I_O)         0.026     1.338 r  input_slot_reg[1][511]_i_3/O
                         net (fo=61850, routed)       0.593     1.931    u_top/u_core/u_b/u_b_core/core/core/l5/mac/mac/clk_200
    SLICE_X118Y144       FDRE                                         r  u_top/u_core/u_b/u_b_core/core/core/l5/mac/mac/tree_stage[2].channel[2].node[8].pair.sums_q_reg[2][2][8][21]/C
  -------------------------------------------------------------------    -------------------
    SLICE_X118Y144       FDRE (Prop_fdre_C_Q)         0.141     2.072 r  u_top/u_core/u_b/u_b_core/core/core/l5/mac/mac/tree_stage[2].channel[2].node[8].pair.sums_q_reg[2][2][8][21]/Q
                         net (fo=2, routed)           0.186     2.258    u_top/u_core/u_b/u_b_core/core/core/l5/mac/mac/tree_stage[2].channel[2].node[8].pair.sums_q_reg[2][2][8]_335[21]
    SLICE_X117Y150       LUT2 (Prop_lut2_I0_O)        0.045     2.303 r  u_top/u_core/u_b/u_b_core/core/core/l5/mac/mac/tree_stage[3].channel[2].node[4].pair.sums_q[3][2][4][23]_i_4/O
                         net (fo=1, routed)           0.000     2.303    u_top/u_core/u_b/u_b_core/core/core/l5/mac/mac/tree_stage[3].channel[2].node[4].pair.sums_q[3][2][4][23]_i_4_n_0
    SLICE_X117Y150       CARRY4 (Prop_carry4_S[1]_O[1])
                                                      0.065     2.368 r  u_top/u_core/u_b/u_b_core/core/core/l5/mac/mac/tree_stage[3].channel[2].node[4].pair.sums_q_reg[3][2][4][23]_i_1/O[1]
                         net (fo=1, routed)           0.000     2.368    u_top/u_core/u_b/u_b_core/core/core/l5/mac/mac/tree_stage[3].channel[2].node[4].pair.added[21]
    SLICE_X117Y150       FDRE                                         r  u_top/u_core/u_b/u_b_core/core/core/l5/mac/mac/tree_stage[3].channel[2].node[4].pair.sums_q_reg[3][2][4][21]/D
  -------------------------------------------------------------------    -------------------

                         (clock u_top_n_1388 rise edge)
                                                      0.000     0.000 r  
    W19                                               0.000     0.000 r  sys_clk (IN)
                         net (fo=0)                   0.000     0.000    sys_clk
    W19                  IBUF (Prop_ibuf_I_O)         0.465     0.465 r  sys_clk_IBUF_inst/O
                         net (fo=1, routed)           0.480     0.945    u_top/sys_clk_IBUF
    MMCME2_ADV_X0Y2      MMCME2_ADV (Prop_mmcme2_adv_CLKIN1_CLKOUT0)
                                                      0.053     0.998 r  u_top/g_mmcm.u_mmcm/CLKOUT0
                         net (fo=1, routed)           0.595     1.593    u_top_n_1388
    BUFGCTRL_X0Y0        BUFG (Prop_bufg_I_O)         0.029     1.622 r  input_slot_reg[1][511]_i_3/O
                         net (fo=61850, routed)       0.863     2.484    u_top/u_core/u_b/u_b_core/core/core/l5/mac/mac/clk_200
    SLICE_X117Y150       FDRE                                         r  u_top/u_core/u_b/u_b_core/core/core/l5/mac/mac/tree_stage[3].channel[2].node[4].pair.sums_q_reg[3][2][4][21]/C
                         clock pessimism             -0.284     2.200    
    SLICE_X117Y150       FDRE (Hold_fdre_C_D)         0.105     2.305    u_top/u_core/u_b/u_b_core/core/core/l5/mac/mac/tree_stage[3].channel[2].node[4].pair.sums_q_reg[3][2][4][21]
  -------------------------------------------------------------------
                         required time                         -2.305    
                         arrival time                           2.368    
  -------------------------------------------------------------------
                         slack                                  0.062    

Slack (MET) :             0.062ns  (arrival time - required time)
  Source:                 u_top/u_core/u_b/u_b_core/core/core/l5/mac/mac/tree_stage[2].channel[2].node[8].pair.sums_q_reg[2][2][8][29]/C
                            (rising edge-triggered cell FDRE clocked by u_top_n_1388  {rise@0.000ns fall@2.500ns period=5.000ns})
  Destination:            u_top/u_core/u_b/u_b_core/core/core/l5/mac/mac/tree_stage[3].channel[2].node[4].pair.sums_q_reg[3][2][4][29]/D
                            (rising edge-triggered cell FDRE clocked by u_top_n_1388  {rise@0.000ns fall@2.500ns period=5.000ns})
  Path Group:             u_top_n_1388
  Path Type:              Hold (Min at Fast Process Corner)
  Requirement:            0.000ns  (u_top_n_1388 rise@0.000ns - u_top_n_1388 rise@0.000ns)
  Data Path Delay:        0.437ns  (logic 0.251ns (57.385%)  route 0.186ns (42.615%))
  Logic Levels:           2  (CARRY4=1 LUT2=1)
  Clock Path Skew:        0.270ns (DCD - SCD - CPR)
    Destination Clock Delay (DCD):    2.484ns
    Source Clock Delay      (SCD):    1.931ns
    Clock Pessimism Removal (CPR):    0.284ns

    Location             Delay type                Incr(ns)  Path(ns)    Netlist Resource(s)
  -------------------------------------------------------------------    -------------------
                         (clock u_top_n_1388 rise edge)
                                                      0.000     0.000 r  
    W19                                               0.000     0.000 r  sys_clk (IN)
                         net (fo=0)                   0.000     0.000    sys_clk
    W19                  IBUF (Prop_ibuf_I_O)         0.277     0.277 r  sys_clk_IBUF_inst/O
                         net (fo=1, routed)           0.440     0.717    u_top/sys_clk_IBUF
    MMCME2_ADV_X0Y2      MMCME2_ADV (Prop_mmcme2_adv_CLKIN1_CLKOUT0)
                                                      0.050     0.767 r  u_top/g_mmcm.u_mmcm/CLKOUT0
                         net (fo=1, routed)           0.545     1.312    u_top_n_1388
    BUFGCTRL_X0Y0        BUFG (Prop_bufg_I_O)         0.026     1.338 r  input_slot_reg[1][511]_i_3/O
                         net (fo=61850, routed)       0.593     1.931    u_top/u_core/u_b/u_b_core/core/core/l5/mac/mac/clk_200
    SLICE_X118Y146       FDRE                                         r  u_top/u_core/u_b/u_b_core/core/core/l5/mac/mac/tree_stage[2].channel[2].node[8].pair.sums_q_reg[2][2][8][29]/C
  -------------------------------------------------------------------    -------------------
    SLICE_X118Y146       FDRE (Prop_fdre_C_Q)         0.141     2.072 r  u_top/u_core/u_b/u_b_core/core/core/l5/mac/mac/tree_stage[2].channel[2].node[8].pair.sums_q_reg[2][2][8][29]/Q
                         net (fo=2, routed)           0.186     2.258    u_top/u_core/u_b/u_b_core/core/core/l5/mac/mac/tree_stage[2].channel[2].node[8].pair.sums_q_reg[2][2][8]_335[29]
    SLICE_X117Y152       LUT2 (Prop_lut2_I0_O)        0.045     2.303 r  u_top/u_core/u_b/u_b_core/core/core/l5/mac/mac/tree_stage[3].channel[2].node[4].pair.sums_q[3][2][4][31]_i_4/O
                         net (fo=1, routed)           0.000     2.303    u_top/u_core/u_b/u_b_core/core/core/l5/mac/mac/tree_stage[3].channel[2].node[4].pair.sums_q[3][2][4][31]_i_4_n_0
    SLICE_X117Y152       CARRY4 (Prop_carry4_S[1]_O[1])
                                                      0.065     2.368 r  u_top/u_core/u_b/u_b_core/core/core/l5/mac/mac/tree_stage[3].channel[2].node[4].pair.sums_q_reg[3][2][4][31]_i_1/O[1]
                         net (fo=1, routed)           0.000     2.368    u_top/u_core/u_b/u_b_core/core/core/l5/mac/mac/tree_stage[3].channel[2].node[4].pair.added[29]
    SLICE_X117Y152       FDRE                                         r  u_top/u_core/u_b/u_b_core/core/core/l5/mac/mac/tree_stage[3].channel[2].node[4].pair.sums_q_reg[3][2][4][29]/D
  -------------------------------------------------------------------    -------------------

                         (clock u_top_n_1388 rise edge)
                                                      0.000     0.000 r  
    W19                                               0.000     0.000 r  sys_clk (IN)
                         net (fo=0)                   0.000     0.000    sys_clk
    W19                  IBUF (Prop_ibuf_I_O)         0.465     0.465 r  sys_clk_IBUF_inst/O
                         net (fo=1, routed)           0.480     0.945    u_top/sys_clk_IBUF
    MMCME2_ADV_X0Y2      MMCME2_ADV (Prop_mmcme2_adv_CLKIN1_CLKOUT0)
                                                      0.053     0.998 r  u_top/g_mmcm.u_mmcm/CLKOUT0
                         net (fo=1, routed)           0.595     1.593    u_top_n_1388
    BUFGCTRL_X0Y0        BUFG (Prop_bufg_I_O)         0.029     1.622 r  input_slot_reg[1][511]_i_3/O
                         net (fo=61850, routed)       0.863     2.484    u_top/u_core/u_b/u_b_core/core/core/l5/mac/mac/clk_200
    SLICE_X117Y152       FDRE                                         r  u_top/u_core/u_b/u_b_core/core/core/l5/mac/mac/tree_stage[3].channel[2].node[4].pair.sums_q_reg[3][2][4][29]/C
                         clock pessimism             -0.284     2.200    
    SLICE_X117Y152       FDRE (Hold_fdre_C_D)         0.105     2.305    u_top/u_core/u_b/u_b_core/core/core/l5/mac/mac/tree_stage[3].channel[2].node[4].pair.sums_q_reg[3][2][4][29]
  -------------------------------------------------------------------
                         required time                         -2.305    
                         arrival time                           2.368    
  -------------------------------------------------------------------
                         slack                                  0.062    

Slack (MET) :             0.065ns  (arrival time - required time)
  Source:                 u_top/u_core/u_b/u_b_core/core/core/l5/mac/mac/tree_stage[1].channel[0].node[2].pair.sums_q_reg[1][0][2][20]/C
                            (rising edge-triggered cell FDRE clocked by u_top_n_1388  {rise@0.000ns fall@2.500ns period=5.000ns})
  Destination:            u_top/u_core/u_b/u_b_core/core/core/l5/mac/mac/tree_stage[2].channel[0].node[1].pair.sums_q_reg[2][0][1][21]/D
                            (rising edge-triggered cell FDRE clocked by u_top_n_1388  {rise@0.000ns fall@2.500ns period=5.000ns})
  Path Group:             u_top_n_1388
  Path Type:              Hold (Min at Fast Process Corner)
  Requirement:            0.000ns  (u_top_n_1388 rise@0.000ns - u_top_n_1388 rise@0.000ns)
  Data Path Delay:        0.441ns  (logic 0.265ns (60.061%)  route 0.176ns (39.939%))
  Logic Levels:           1  (CARRY4=1)
  Clock Path Skew:        0.271ns (DCD - SCD - CPR)
    Destination Clock Delay (DCD):    2.466ns
    Source Clock Delay      (SCD):    1.912ns
    Clock Pessimism Removal (CPR):    0.284ns

    Location             Delay type                Incr(ns)  Path(ns)    Netlist Resource(s)
  -------------------------------------------------------------------    -------------------
                         (clock u_top_n_1388 rise edge)
                                                      0.000     0.000 r  
    W19                                               0.000     0.000 r  sys_clk (IN)
                         net (fo=0)                   0.000     0.000    sys_clk
    W19                  IBUF (Prop_ibuf_I_O)         0.277     0.277 r  sys_clk_IBUF_inst/O
                         net (fo=1, routed)           0.440     0.717    u_top/sys_clk_IBUF
    MMCME2_ADV_X0Y2      MMCME2_ADV (Prop_mmcme2_adv_CLKIN1_CLKOUT0)
                                                      0.050     0.767 r  u_top/g_mmcm.u_mmcm/CLKOUT0
                         net (fo=1, routed)           0.545     1.312    u_top_n_1388
    BUFGCTRL_X0Y0        BUFG (Prop_bufg_I_O)         0.026     1.338 r  input_slot_reg[1][511]_i_3/O
                         net (fo=61850, routed)       0.574     1.912    u_top/u_core/u_b/u_b_core/core/core/l5/mac/mac/clk_200
    SLICE_X75Y150        FDRE                                         r  u_top/u_core/u_b/u_b_core/core/core/l5/mac/mac/tree_stage[1].channel[0].node[2].pair.sums_q_reg[1][0][2][20]/C
  -------------------------------------------------------------------    -------------------
    SLICE_X75Y150        FDRE (Prop_fdre_C_Q)         0.141     2.053 r  u_top/u_core/u_b/u_b_core/core/core/l5/mac/mac/tree_stage[1].channel[0].node[2].pair.sums_q_reg[1][0][2][20]/Q
                         net (fo=2, routed)           0.176     2.229    u_top/u_core/u_b/u_b_core/core/core/l5/mac/mac/tree_stage[1].channel[0].node[2].pair.sums_q_reg[1][0][2]_387[20]
    SLICE_X77Y148        CARRY4 (Prop_carry4_DI[0]_O[1])
                                                      0.124     2.353 r  u_top/u_core/u_b/u_b_core/core/core/l5/mac/mac/tree_stage[2].channel[0].node[1].pair.sums_q_reg[2][0][1][23]_i_1/O[1]
                         net (fo=1, routed)           0.000     2.353    u_top/u_core/u_b/u_b_core/core/core/l5/mac/mac/tree_stage[2].channel[0].node[1].pair.added[21]
    SLICE_X77Y148        FDRE                                         r  u_top/u_core/u_b/u_b_core/core/core/l5/mac/mac/tree_stage[2].channel[0].node[1].pair.sums_q_reg[2][0][1][21]/D
  -------------------------------------------------------------------    -------------------

                         (clock u_top_n_1388 rise edge)
                                                      0.000     0.000 r  
    W19                                               0.000     0.000 r  sys_clk (IN)
                         net (fo=0)                   0.000     0.000    sys_clk
    W19                  IBUF (Prop_ibuf_I_O)         0.465     0.465 r  sys_clk_IBUF_inst/O
                         net (fo=1, routed)           0.480     0.945    u_top/sys_clk_IBUF
    MMCME2_ADV_X0Y2      MMCME2_ADV (Prop_mmcme2_adv_CLKIN1_CLKOUT0)
                                                      0.053     0.998 r  u_top/g_mmcm.u_mmcm/CLKOUT0
                         net (fo=1, routed)           0.595     1.593    u_top_n_1388
    BUFGCTRL_X0Y0        BUFG (Prop_bufg_I_O)         0.029     1.622 r  input_slot_reg[1][511]_i_3/O
                         net (fo=61850, routed)       0.845     2.466    u_top/u_core/u_b/u_b_core/core/core/l5/mac/mac/clk_200
    SLICE_X77Y148        FDRE                                         r  u_top/u_core/u_b/u_b_core/core/core/l5/mac/mac/tree_stage[2].channel[0].node[1].pair.sums_q_reg[2][0][1][21]/C
                         clock pessimism             -0.284     2.183    
    SLICE_X77Y148        FDRE (Hold_fdre_C_D)         0.105     2.288    u_top/u_core/u_b/u_b_core/core/core/l5/mac/mac/tree_stage[2].channel[0].node[1].pair.sums_q_reg[2][0][1][21]
  -------------------------------------------------------------------
                         required time                         -2.288    
                         arrival time                           2.353    
  -------------------------------------------------------------------
                         slack                                  0.065    

Slack (MET) :             0.066ns  (arrival time - required time)
  Source:                 u_top/u_core/u_b/u_b_core/core/core/l5/mac/mac/tree_stage[1].channel[2].node[18].pair.sums_q_reg[1][2][18][19]/C
                            (rising edge-triggered cell FDRE clocked by u_top_n_1388  {rise@0.000ns fall@2.500ns period=5.000ns})
  Destination:            u_top/u_core/u_b/u_b_core/core/core/l5/mac/mac/tree_stage[2].channel[2].node[9].pair.sums_q_reg[2][2][9][20]/D
                            (rising edge-triggered cell FDRE clocked by u_top_n_1388  {rise@0.000ns fall@2.500ns period=5.000ns})
  Path Group:             u_top_n_1388
  Path Type:              Hold (Min at Fast Process Corner)
  Requirement:            0.000ns  (u_top_n_1388 rise@0.000ns - u_top_n_1388 rise@0.000ns)
  Data Path Delay:        0.439ns  (logic 0.308ns (70.101%)  route 0.131ns (29.899%))
  Logic Levels:           2  (CARRY4=2)
  Clock Path Skew:        0.268ns (DCD - SCD - CPR)
    Destination Clock Delay (DCD):    2.484ns
    Source Clock Delay      (SCD):    1.933ns
    Clock Pessimism Removal (CPR):    0.284ns

    Location             Delay type                Incr(ns)  Path(ns)    Netlist Resource(s)
  -------------------------------------------------------------------    -------------------
                         (clock u_top_n_1388 rise edge)
                                                      0.000     0.000 r  
    W19                                               0.000     0.000 r  sys_clk (IN)
                         net (fo=0)                   0.000     0.000    sys_clk
    W19                  IBUF (Prop_ibuf_I_O)         0.277     0.277 r  sys_clk_IBUF_inst/O
                         net (fo=1, routed)           0.440     0.717    u_top/sys_clk_IBUF
    MMCME2_ADV_X0Y2      MMCME2_ADV (Prop_mmcme2_adv_CLKIN1_CLKOUT0)
                                                      0.050     0.767 r  u_top/g_mmcm.u_mmcm/CLKOUT0
                         net (fo=1, routed)           0.545     1.312    u_top_n_1388
    BUFGCTRL_X0Y0        BUFG (Prop_bufg_I_O)         0.026     1.338 r  input_slot_reg[1][511]_i_3/O
                         net (fo=61850, routed)       0.595     1.933    u_top/u_core/u_b/u_b_core/core/core/l5/mac/mac/clk_200
    SLICE_X125Y149       FDRE                                         r  u_top/u_core/u_b/u_b_core/core/core/l5/mac/mac/tree_stage[1].channel[2].node[18].pair.sums_q_reg[1][2][18][19]/C
  -------------------------------------------------------------------    -------------------
    SLICE_X125Y149       FDRE (Prop_fdre_C_Q)         0.141     2.074 r  u_top/u_core/u_b/u_b_core/core/core/l5/mac/mac/tree_stage[1].channel[2].node[18].pair.sums_q_reg[1][2][18][19]/Q
                         net (fo=2, routed)           0.131     2.204    u_top/u_core/u_b/u_b_core/core/core/l5/mac/mac/tree_stage[1].channel[2].node[18].pair.sums_q_reg[1][2][18]_331[19]
    SLICE_X123Y149       CARRY4 (Prop_carry4_DI[3]_CO[3])
                                                      0.113     2.317 r  u_top/u_core/u_b/u_b_core/core/core/l5/mac/mac/tree_stage[2].channel[2].node[9].pair.sums_q_reg[2][2][9][19]_i_1/CO[3]
                         net (fo=1, routed)           0.001     2.318    u_top/u_core/u_b/u_b_core/core/core/l5/mac/mac/tree_stage[2].channel[2].node[9].pair.sums_q_reg[2][2][9][19]_i_1_n_0
    SLICE_X123Y150       CARRY4 (Prop_carry4_CI_O[0])
                                                      0.054     2.372 r  u_top/u_core/u_b/u_b_core/core/core/l5/mac/mac/tree_stage[2].channel[2].node[9].pair.sums_q_reg[2][2][9][23]_i_1/O[0]
                         net (fo=1, routed)           0.000     2.372    u_top/u_core/u_b/u_b_core/core/core/l5/mac/mac/tree_stage[2].channel[2].node[9].pair.added[20]
    SLICE_X123Y150       FDRE                                         r  u_top/u_core/u_b/u_b_core/core/core/l5/mac/mac/tree_stage[2].channel[2].node[9].pair.sums_q_reg[2][2][9][20]/D
  -------------------------------------------------------------------    -------------------

                         (clock u_top_n_1388 rise edge)
                                                      0.000     0.000 r  
    W19                                               0.000     0.000 r  sys_clk (IN)
                         net (fo=0)                   0.000     0.000    sys_clk
    W19                  IBUF (Prop_ibuf_I_O)         0.465     0.465 r  sys_clk_IBUF_inst/O
                         net (fo=1, routed)           0.480     0.945    u_top/sys_clk_IBUF
    MMCME2_ADV_X0Y2      MMCME2_ADV (Prop_mmcme2_adv_CLKIN1_CLKOUT0)
                                                      0.053     0.998 r  u_top/g_mmcm.u_mmcm/CLKOUT0
                         net (fo=1, routed)           0.595     1.593    u_top_n_1388
    BUFGCTRL_X0Y0        BUFG (Prop_bufg_I_O)         0.029     1.622 r  input_slot_reg[1][511]_i_3/O
                         net (fo=61850, routed)       0.863     2.484    u_top/u_core/u_b/u_b_core/core/core/l5/mac/mac/clk_200
    SLICE_X123Y150       FDRE                                         r  u_top/u_core/u_b/u_b_core/core/core/l5/mac/mac/tree_stage[2].channel[2].node[9].pair.sums_q_reg[2][2][9][20]/C
                         clock pessimism             -0.284     2.200    
    SLICE_X123Y150       FDRE (Hold_fdre_C_D)         0.105     2.305    u_top/u_core/u_b/u_b_core/core/core/l5/mac/mac/tree_stage[2].channel[2].node[9].pair.sums_q_reg[2][2][9][20]
  -------------------------------------------------------------------
                         required time                         -2.305    
                         arrival time                           2.372    
  -------------------------------------------------------------------
                         slack                                  0.066    

Slack (MET) :             0.068ns  (arrival time - required time)
  Source:                 u_top/u_core/u_b/u_b_core/core/core/l2/post/units[0].post/accumulator_s2_reg[17]/C
                            (rising edge-triggered cell FDRE clocked by u_top_n_1388  {rise@0.000ns fall@2.500ns period=5.000ns})
  Destination:            u_top/u_core/u_b/u_b_core/core/core/l2/post/units[0].post/accumulator_s3_reg[17]/D
                            (rising edge-triggered cell FDRE clocked by u_top_n_1388  {rise@0.000ns fall@2.500ns period=5.000ns})
  Path Group:             u_top_n_1388
  Path Type:              Hold (Min at Fast Process Corner)
  Requirement:            0.000ns  (u_top_n_1388 rise@0.000ns - u_top_n_1388 rise@0.000ns)
  Data Path Delay:        0.337ns  (logic 0.141ns (41.810%)  route 0.196ns (58.190%))
  Logic Levels:           0  
  Clock Path Skew:        0.199ns (DCD - SCD - CPR)
    Destination Clock Delay (DCD):    2.520ns
    Source Clock Delay      (SCD):    2.032ns
    Clock Pessimism Removal (CPR):    0.289ns

    Location             Delay type                Incr(ns)  Path(ns)    Netlist Resource(s)
  -------------------------------------------------------------------    -------------------
                         (clock u_top_n_1388 rise edge)
                                                      0.000     0.000 r  
    W19                                               0.000     0.000 r  sys_clk (IN)
                         net (fo=0)                   0.000     0.000    sys_clk
    W19                  IBUF (Prop_ibuf_I_O)         0.277     0.277 r  sys_clk_IBUF_inst/O
                         net (fo=1, routed)           0.440     0.717    u_top/sys_clk_IBUF
    MMCME2_ADV_X0Y2      MMCME2_ADV (Prop_mmcme2_adv_CLKIN1_CLKOUT0)
                                                      0.050     0.767 r  u_top/g_mmcm.u_mmcm/CLKOUT0
                         net (fo=1, routed)           0.545     1.312    u_top_n_1388
    BUFGCTRL_X0Y0        BUFG (Prop_bufg_I_O)         0.026     1.338 r  input_slot_reg[1][511]_i_3/O
                         net (fo=61850, routed)       0.694     2.032    u_top/u_core/u_b/u_b_core/core/core/l2/post/units[0].post/clk_200
    SLICE_X9Y97          FDRE                                         r  u_top/u_core/u_b/u_b_core/core/core/l2/post/units[0].post/accumulator_s2_reg[17]/C
  -------------------------------------------------------------------    -------------------
    SLICE_X9Y97          FDRE (Prop_fdre_C_Q)         0.141     2.173 r  u_top/u_core/u_b/u_b_core/core/core/l2/post/units[0].post/accumulator_s2_reg[17]/Q
                         net (fo=1, routed)           0.196     2.369    u_top/u_core/u_b/u_b_core/core/core/l2/post/units[0].post/accumulator_s2[17]
    SLICE_X11Y103        FDRE                                         r  u_top/u_core/u_b/u_b_core/core/core/l2/post/units[0].post/accumulator_s3_reg[17]/D
  -------------------------------------------------------------------    -------------------

                         (clock u_top_n_1388 rise edge)
                                                      0.000     0.000 r  
    W19                                               0.000     0.000 r  sys_clk (IN)
                         net (fo=0)                   0.000     0.000    sys_clk
    W19                  IBUF (Prop_ibuf_I_O)         0.465     0.465 r  sys_clk_IBUF_inst/O
                         net (fo=1, routed)           0.480     0.945    u_top/sys_clk_IBUF
    MMCME2_ADV_X0Y2      MMCME2_ADV (Prop_mmcme2_adv_CLKIN1_CLKOUT0)
                                                      0.053     0.998 r  u_top/g_mmcm.u_mmcm/CLKOUT0
                         net (fo=1, routed)           0.595     1.593    u_top_n_1388
    BUFGCTRL_X0Y0        BUFG (Prop_bufg_I_O)         0.029     1.622 r  input_slot_reg[1][511]_i_3/O
                         net (fo=61850, routed)       0.899     2.520    u_top/u_core/u_b/u_b_core/core/core/l2/post/units[0].post/clk_200
    SLICE_X11Y103        FDRE                                         r  u_top/u_core/u_b/u_b_core/core/core/l2/post/units[0].post/accumulator_s3_reg[17]/C
                         clock pessimism             -0.289     2.232    
    SLICE_X11Y103        FDRE (Hold_fdre_C_D)         0.070     2.302    u_top/u_core/u_b/u_b_core/core/core/l2/post/units[0].post/accumulator_s3_reg[17]
  -------------------------------------------------------------------
                         required time                         -2.302    
                         arrival time                           2.369    
  -------------------------------------------------------------------
                         slack                                  0.068    

Slack (MET) :             0.069ns  (arrival time - required time)
  Source:                 u_top/u_core/u_b/u_b_core/core/core/l5/mac/mac/tree_stage[1].channel[0].node[2].pair.sums_q_reg[1][0][2][22]/C
                            (rising edge-triggered cell FDRE clocked by u_top_n_1388  {rise@0.000ns fall@2.500ns period=5.000ns})
  Destination:            u_top/u_core/u_b/u_b_core/core/core/l5/mac/mac/tree_stage[2].channel[0].node[1].pair.sums_q_reg[2][0][1][23]/D
                            (rising edge-triggered cell FDRE clocked by u_top_n_1388  {rise@0.000ns fall@2.500ns period=5.000ns})
  Path Group:             u_top_n_1388
  Path Type:              Hold (Min at Fast Process Corner)
  Requirement:            0.000ns  (u_top_n_1388 rise@0.000ns - u_top_n_1388 rise@0.000ns)
  Data Path Delay:        0.445ns  (logic 0.268ns (60.195%)  route 0.177ns (39.805%))
  Logic Levels:           1  (CARRY4=1)
  Clock Path Skew:        0.271ns (DCD - SCD - CPR)
    Destination Clock Delay (DCD):    2.466ns
    Source Clock Delay      (SCD):    1.912ns
    Clock Pessimism Removal (CPR):    0.284ns

    Location             Delay type                Incr(ns)  Path(ns)    Netlist Resource(s)
  -------------------------------------------------------------------    -------------------
                         (clock u_top_n_1388 rise edge)
                                                      0.000     0.000 r  
    W19                                               0.000     0.000 r  sys_clk (IN)
                         net (fo=0)                   0.000     0.000    sys_clk
    W19                  IBUF (Prop_ibuf_I_O)         0.277     0.277 r  sys_clk_IBUF_inst/O
                         net (fo=1, routed)           0.440     0.717    u_top/sys_clk_IBUF
    MMCME2_ADV_X0Y2      MMCME2_ADV (Prop_mmcme2_adv_CLKIN1_CLKOUT0)
                                                      0.050     0.767 r  u_top/g_mmcm.u_mmcm/CLKOUT0
                         net (fo=1, routed)           0.545     1.312    u_top_n_1388
    BUFGCTRL_X0Y0        BUFG (Prop_bufg_I_O)         0.026     1.338 r  input_slot_reg[1][511]_i_3/O
                         net (fo=61850, routed)       0.574     1.912    u_top/u_core/u_b/u_b_core/core/core/l5/mac/mac/clk_200
    SLICE_X75Y150        FDRE                                         r  u_top/u_core/u_b/u_b_core/core/core/l5/mac/mac/tree_stage[1].channel[0].node[2].pair.sums_q_reg[1][0][2][22]/C
  -------------------------------------------------------------------    -------------------
    SLICE_X75Y150        FDRE (Prop_fdre_C_Q)         0.141     2.053 r  u_top/u_core/u_b/u_b_core/core/core/l5/mac/mac/tree_stage[1].channel[0].node[2].pair.sums_q_reg[1][0][2][22]/Q
                         net (fo=2, routed)           0.177     2.230    u_top/u_core/u_b/u_b_core/core/core/l5/mac/mac/tree_stage[1].channel[0].node[2].pair.sums_q_reg[1][0][2]_387[22]
    SLICE_X77Y148        CARRY4 (Prop_carry4_DI[2]_O[3])
                                                      0.127     2.357 r  u_top/u_core/u_b/u_b_core/core/core/l5/mac/mac/tree_stage[2].channel[0].node[1].pair.sums_q_reg[2][0][1][23]_i_1/O[3]
                         net (fo=1, routed)           0.000     2.357    u_top/u_core/u_b/u_b_core/core/core/l5/mac/mac/tree_stage[2].channel[0].node[1].pair.added[23]
    SLICE_X77Y148        FDRE                                         r  u_top/u_core/u_b/u_b_core/core/core/l5/mac/mac/tree_stage[2].channel[0].node[1].pair.sums_q_reg[2][0][1][23]/D
  -------------------------------------------------------------------    -------------------

                         (clock u_top_n_1388 rise edge)
                                                      0.000     0.000 r  
    W19                                               0.000     0.000 r  sys_clk (IN)
                         net (fo=0)                   0.000     0.000    sys_clk
    W19                  IBUF (Prop_ibuf_I_O)         0.465     0.465 r  sys_clk_IBUF_inst/O
                         net (fo=1, routed)           0.480     0.945    u_top/sys_clk_IBUF
    MMCME2_ADV_X0Y2      MMCME2_ADV (Prop_mmcme2_adv_CLKIN1_CLKOUT0)
                                                      0.053     0.998 r  u_top/g_mmcm.u_mmcm/CLKOUT0
                         net (fo=1, routed)           0.595     1.593    u_top_n_1388
    BUFGCTRL_X0Y0        BUFG (Prop_bufg_I_O)         0.029     1.622 r  input_slot_reg[1][511]_i_3/O
                         net (fo=61850, routed)       0.845     2.466    u_top/u_core/u_b/u_b_core/core/core/l5/mac/mac/clk_200
    SLICE_X77Y148        FDRE                                         r  u_top/u_core/u_b/u_b_core/core/core/l5/mac/mac/tree_stage[2].channel[0].node[1].pair.sums_q_reg[2][0][1][23]/C
                         clock pessimism             -0.284     2.183    
    SLICE_X77Y148        FDRE (Hold_fdre_C_D)         0.105     2.288    u_top/u_core/u_b/u_b_core/core/core/l5/mac/mac/tree_stage[2].channel[0].node[1].pair.sums_q_reg[2][0][1][23]
  -------------------------------------------------------------------
                         required time                         -2.288    
                         arrival time                           2.357    
  -------------------------------------------------------------------
                         slack                                  0.069    

Slack (MET) :             0.070ns  (arrival time - required time)
  Source:                 u_top/u_core/u_b/u_b_core/core/core/l5/mac/mac/tree_stage[2].channel[3].node[8].pair.sums_q_reg[2][3][8][10]/C
                            (rising edge-triggered cell FDRE clocked by u_top_n_1388  {rise@0.000ns fall@2.500ns period=5.000ns})
  Destination:            u_top/u_core/u_b/u_b_core/core/core/l5/mac/mac/tree_stage[3].channel[3].node[4].pair.sums_q_reg[3][3][4][11]/D
                            (rising edge-triggered cell FDRE clocked by u_top_n_1388  {rise@0.000ns fall@2.500ns period=5.000ns})
  Path Group:             u_top_n_1388
  Path Type:              Hold (Min at Fast Process Corner)
  Requirement:            0.000ns  (u_top_n_1388 rise@0.000ns - u_top_n_1388 rise@0.000ns)
  Data Path Delay:        0.442ns  (logic 0.268ns (60.652%)  route 0.174ns (39.348%))
  Logic Levels:           1  (CARRY4=1)
  Clock Path Skew:        0.267ns (DCD - SCD - CPR)
    Destination Clock Delay (DCD):    2.480ns
    Source Clock Delay      (SCD):    1.930ns
    Clock Pessimism Removal (CPR):    0.284ns

    Location             Delay type                Incr(ns)  Path(ns)    Netlist Resource(s)
  -------------------------------------------------------------------    -------------------
                         (clock u_top_n_1388 rise edge)
                                                      0.000     0.000 r  
    W19                                               0.000     0.000 r  sys_clk (IN)
                         net (fo=0)                   0.000     0.000    sys_clk
    W19                  IBUF (Prop_ibuf_I_O)         0.277     0.277 r  sys_clk_IBUF_inst/O
                         net (fo=1, routed)           0.440     0.717    u_top/sys_clk_IBUF
    MMCME2_ADV_X0Y2      MMCME2_ADV (Prop_mmcme2_adv_CLKIN1_CLKOUT0)
                                                      0.050     0.767 r  u_top/g_mmcm.u_mmcm/CLKOUT0
                         net (fo=1, routed)           0.545     1.312    u_top_n_1388
    BUFGCTRL_X0Y0        BUFG (Prop_bufg_I_O)         0.026     1.338 r  input_slot_reg[1][511]_i_3/O
                         net (fo=61850, routed)       0.592     1.930    u_top/u_core/u_b/u_b_core/core/core/l5/mac/mac/clk_200
    SLICE_X110Y149       FDRE                                         r  u_top/u_core/u_b/u_b_core/core/core/l5/mac/mac/tree_stage[2].channel[3].node[8].pair.sums_q_reg[2][3][8][10]/C
  -------------------------------------------------------------------    -------------------
    SLICE_X110Y149       FDRE (Prop_fdre_C_Q)         0.141     2.071 r  u_top/u_core/u_b/u_b_core/core/core/l5/mac/mac/tree_stage[2].channel[3].node[8].pair.sums_q_reg[2][3][8][10]/Q
                         net (fo=2, routed)           0.174     2.244    u_top/u_core/u_b/u_b_core/core/core/l5/mac/mac/tree_stage[2].channel[3].node[8].pair.sums_q_reg[2][3][8]_343[10]
    SLICE_X106Y150       CARRY4 (Prop_carry4_DI[2]_O[3])
                                                      0.127     2.371 r  u_top/u_core/u_b/u_b_core/core/core/l5/mac/mac/tree_stage[3].channel[3].node[4].pair.sums_q_reg[3][3][4][11]_i_1/O[3]
                         net (fo=1, routed)           0.000     2.371    u_top/u_core/u_b/u_b_core/core/core/l5/mac/mac/tree_stage[3].channel[3].node[4].pair.added[11]
    SLICE_X106Y150       FDRE                                         r  u_top/u_core/u_b/u_b_core/core/core/l5/mac/mac/tree_stage[3].channel[3].node[4].pair.sums_q_reg[3][3][4][11]/D
  -------------------------------------------------------------------    -------------------

                         (clock u_top_n_1388 rise edge)
                                                      0.000     0.000 r  
    W19                                               0.000     0.000 r  sys_clk (IN)
                         net (fo=0)                   0.000     0.000    sys_clk
    W19                  IBUF (Prop_ibuf_I_O)         0.465     0.465 r  sys_clk_IBUF_inst/O
                         net (fo=1, routed)           0.480     0.945    u_top/sys_clk_IBUF
    MMCME2_ADV_X0Y2      MMCME2_ADV (Prop_mmcme2_adv_CLKIN1_CLKOUT0)
                                                      0.053     0.998 r  u_top/g_mmcm.u_mmcm/CLKOUT0
                         net (fo=1, routed)           0.595     1.593    u_top_n_1388
    BUFGCTRL_X0Y0        BUFG (Prop_bufg_I_O)         0.029     1.622 r  input_slot_reg[1][511]_i_3/O
                         net (fo=61850, routed)       0.859     2.480    u_top/u_core/u_b/u_b_core/core/core/l5/mac/mac/clk_200
    SLICE_X106Y150       FDRE                                         r  u_top/u_core/u_b/u_b_core/core/core/l5/mac/mac/tree_stage[3].channel[3].node[4].pair.sums_q_reg[3][3][4][11]/C
                         clock pessimism             -0.284     2.196    
    SLICE_X106Y150       FDRE (Hold_fdre_C_D)         0.105     2.301    u_top/u_core/u_b/u_b_core/core/core/l5/mac/mac/tree_stage[3].channel[3].node[4].pair.sums_q_reg[3][3][4][11]
  -------------------------------------------------------------------
                         required time                         -2.301    
                         arrival time                           2.371    
  -------------------------------------------------------------------
                         slack                                  0.070    

Slack (MET) :             0.071ns  (arrival time - required time)
  Source:                 u_top/u_core/u_b/u_b_core/core/core/l3/gk.frontend/win/shift_reg[0][36]/C
                            (rising edge-triggered cell FDRE clocked by u_top_n_1388  {rise@0.000ns fall@2.500ns period=5.000ns})
  Destination:            u_top/u_core/u_b/u_b_core/core/core/l3/gk.frontend/fifo/g_wide_read.g_read_slice[0].mem_slice_reg_0_3_36_41/RAMA/I
                            (rising edge-triggered cell RAMD32 clocked by u_top_n_1388  {rise@0.000ns fall@2.500ns period=5.000ns})
  Path Group:             u_top_n_1388
  Path Type:              Hold (Min at Fast Process Corner)
  Requirement:            0.000ns  (u_top_n_1388 rise@0.000ns - u_top_n_1388 rise@0.000ns)
  Data Path Delay:        0.254ns  (logic 0.141ns (55.507%)  route 0.113ns (44.493%))
  Logic Levels:           0  
  Clock Path Skew:        0.036ns (DCD - SCD - CPR)
    Destination Clock Delay (DCD):    2.539ns
    Source Clock Delay      (SCD):    1.982ns
    Clock Pessimism Removal (CPR):    0.521ns

    Location             Delay type                Incr(ns)  Path(ns)    Netlist Resource(s)
  -------------------------------------------------------------------    -------------------
                         (clock u_top_n_1388 rise edge)
                                                      0.000     0.000 r  
    W19                                               0.000     0.000 r  sys_clk (IN)
                         net (fo=0)                   0.000     0.000    sys_clk
    W19                  IBUF (Prop_ibuf_I_O)         0.277     0.277 r  sys_clk_IBUF_inst/O
                         net (fo=1, routed)           0.440     0.717    u_top/sys_clk_IBUF
    MMCME2_ADV_X0Y2      MMCME2_ADV (Prop_mmcme2_adv_CLKIN1_CLKOUT0)
                                                      0.050     0.767 r  u_top/g_mmcm.u_mmcm/CLKOUT0
                         net (fo=1, routed)           0.545     1.312    u_top_n_1388
    BUFGCTRL_X0Y0        BUFG (Prop_bufg_I_O)         0.026     1.338 r  input_slot_reg[1][511]_i_3/O
                         net (fo=61850, routed)       0.644     1.982    u_top/u_core/u_b/u_b_core/core/core/l3/gk.frontend/win/clk_200
    SLICE_X69Y93         FDRE                                         r  u_top/u_core/u_b/u_b_core/core/core/l3/gk.frontend/win/shift_reg[0][36]/C
  -------------------------------------------------------------------    -------------------
    SLICE_X69Y93         FDRE (Prop_fdre_C_Q)         0.141     2.123 r  u_top/u_core/u_b/u_b_core/core/core/l3/gk.frontend/win/shift_reg[0][36]/Q
                         net (fo=1, routed)           0.113     2.236    u_top/u_core/u_b/u_b_core/core/core/l3/gk.frontend/fifo/g_wide_read.g_read_slice[0].mem_slice_reg_0_3_36_41/DIA0
    SLICE_X70Y93         RAMD32                                       r  u_top/u_core/u_b/u_b_core/core/core/l3/gk.frontend/fifo/g_wide_read.g_read_slice[0].mem_slice_reg_0_3_36_41/RAMA/I
  -------------------------------------------------------------------    -------------------

                         (clock u_top_n_1388 rise edge)
                                                      0.000     0.000 r  
    W19                                               0.000     0.000 r  sys_clk (IN)
                         net (fo=0)                   0.000     0.000    sys_clk
    W19                  IBUF (Prop_ibuf_I_O)         0.465     0.465 r  sys_clk_IBUF_inst/O
                         net (fo=1, routed)           0.480     0.945    u_top/sys_clk_IBUF
    MMCME2_ADV_X0Y2      MMCME2_ADV (Prop_mmcme2_adv_CLKIN1_CLKOUT0)
                                                      0.053     0.998 r  u_top/g_mmcm.u_mmcm/CLKOUT0
                         net (fo=1, routed)           0.595     1.593    u_top_n_1388
    BUFGCTRL_X0Y0        BUFG (Prop_bufg_I_O)         0.029     1.622 r  input_slot_reg[1][511]_i_3/O
                         net (fo=61850, routed)       0.918     2.539    u_top/u_core/u_b/u_b_core/core/core/l3/gk.frontend/fifo/g_wide_read.g_read_slice[0].mem_slice_reg_0_3_36_41/WCLK
    SLICE_X70Y93         RAMD32                                       r  u_top/u_core/u_b/u_b_core/core/core/l3/gk.frontend/fifo/g_wide_read.g_read_slice[0].mem_slice_reg_0_3_36_41/RAMA/CLK
                         clock pessimism             -0.521     2.018    
    SLICE_X70Y93         RAMD32 (Hold_ramd32_CLK_I)
                                                      0.147     2.165    u_top/u_core/u_b/u_b_core/core/core/l3/gk.frontend/fifo/g_wide_read.g_read_slice[0].mem_slice_reg_0_3_36_41/RAMA
  -------------------------------------------------------------------
                         required time                         -2.165    
                         arrival time                           2.236    
  -------------------------------------------------------------------
                         slack                                  0.071    

Slack (MET) :             0.072ns  (arrival time - required time)
  Source:                 u_top/u_core/u_in/req_addr_q_reg[13]_rep__13/C
                            (rising edge-triggered cell FDCE clocked by u_top_n_1388  {rise@0.000ns fall@2.500ns period=5.000ns})
  Destination:            u_top/u_core/u_rom/g_multi_bank.g_bank[3].u_bank/dout_reg_0_6/ADDRARDADDR[13]
                            (rising edge-triggered cell RAMB36E1 clocked by u_top_n_1388  {rise@0.000ns fall@2.500ns period=5.000ns})
  Path Group:             u_top_n_1388
  Path Type:              Hold (Min at Fast Process Corner)
  Requirement:            0.000ns  (u_top_n_1388 rise@0.000ns - u_top_n_1388 rise@0.000ns)
  Data Path Delay:        0.308ns  (logic 0.141ns (45.744%)  route 0.167ns (54.256%))
  Logic Levels:           0  
  Clock Path Skew:        0.054ns (DCD - SCD - CPR)
    Destination Clock Delay (DCD):    2.573ns
    Source Clock Delay      (SCD):    1.978ns
    Clock Pessimism Removal (CPR):    0.541ns

    Location             Delay type                Incr(ns)  Path(ns)    Netlist Resource(s)
  -------------------------------------------------------------------    -------------------
                         (clock u_top_n_1388 rise edge)
                                                      0.000     0.000 r  
    W19                                               0.000     0.000 r  sys_clk (IN)
                         net (fo=0)                   0.000     0.000    sys_clk
    W19                  IBUF (Prop_ibuf_I_O)         0.277     0.277 r  sys_clk_IBUF_inst/O
                         net (fo=1, routed)           0.440     0.717    u_top/sys_clk_IBUF
    MMCME2_ADV_X0Y2      MMCME2_ADV (Prop_mmcme2_adv_CLKIN1_CLKOUT0)
                                                      0.050     0.767 r  u_top/g_mmcm.u_mmcm/CLKOUT0
                         net (fo=1, routed)           0.545     1.312    u_top_n_1388
    BUFGCTRL_X0Y0        BUFG (Prop_bufg_I_O)         0.026     1.338 r  input_slot_reg[1][511]_i_3/O
                         net (fo=61850, routed)       0.640     1.978    u_top/u_core/u_in/clk_200
    SLICE_X89Y56         FDCE                                         r  u_top/u_core/u_in/req_addr_q_reg[13]_rep__13/C
  -------------------------------------------------------------------    -------------------
    SLICE_X89Y56         FDCE (Prop_fdce_C_Q)         0.141     2.119 r  u_top/u_core/u_in/req_addr_q_reg[13]_rep__13/Q
                         net (fo=6, routed)           0.167     2.286    u_top/u_core/u_rom/g_multi_bank.g_bank[3].u_bank/dout_reg_0_6_0[13]
    RAMB36_X5Y11         RAMB36E1                                     r  u_top/u_core/u_rom/g_multi_bank.g_bank[3].u_bank/dout_reg_0_6/ADDRARDADDR[13]
  -------------------------------------------------------------------    -------------------

                         (clock u_top_n_1388 rise edge)
                                                      0.000     0.000 r  
    W19                                               0.000     0.000 r  sys_clk (IN)
                         net (fo=0)                   0.000     0.000    sys_clk
    W19                  IBUF (Prop_ibuf_I_O)         0.465     0.465 r  sys_clk_IBUF_inst/O
                         net (fo=1, routed)           0.480     0.945    u_top/sys_clk_IBUF
    MMCME2_ADV_X0Y2      MMCME2_ADV (Prop_mmcme2_adv_CLKIN1_CLKOUT0)
                                                      0.053     0.998 r  u_top/g_mmcm.u_mmcm/CLKOUT0
                         net (fo=1, routed)           0.595     1.593    u_top_n_1388
    BUFGCTRL_X0Y0        BUFG (Prop_bufg_I_O)         0.029     1.622 r  input_slot_reg[1][511]_i_3/O
                         net (fo=61850, routed)       0.951     2.573    u_top/u_core/u_rom/g_multi_bank.g_bank[3].u_bank/clk_200
    RAMB36_X5Y11         RAMB36E1                                     r  u_top/u_core/u_rom/g_multi_bank.g_bank[3].u_bank/dout_reg_0_6/CLKARDCLK
                         clock pessimism             -0.541     2.032    
    RAMB36_X5Y11         RAMB36E1 (Hold_ramb36e1_CLKARDCLK_ADDRARDADDR[13])
                                                      0.183     2.215    u_top/u_core/u_rom/g_multi_bank.g_bank[3].u_bank/dout_reg_0_6
  -------------------------------------------------------------------
                         required time                         -2.215    
                         arrival time                           2.286    
  -------------------------------------------------------------------
                         slack                                  0.072    

Slack (MET) :             0.072ns  (arrival time - required time)
  Source:                 u_top/u_core/u_b/u_b_core/core/core/l5/mac/mac/tree_stage[2].channel[3].node[8].pair.sums_q_reg[2][3][8][8]/C
                            (rising edge-triggered cell FDRE clocked by u_top_n_1388  {rise@0.000ns fall@2.500ns period=5.000ns})
  Destination:            u_top/u_core/u_b/u_b_core/core/core/l5/mac/mac/tree_stage[3].channel[3].node[4].pair.sums_q_reg[3][3][4][9]/D
                            (rising edge-triggered cell FDRE clocked by u_top_n_1388  {rise@0.000ns fall@2.500ns period=5.000ns})
  Path Group:             u_top_n_1388
  Path Type:              Hold (Min at Fast Process Corner)
  Requirement:            0.000ns  (u_top_n_1388 rise@0.000ns - u_top_n_1388 rise@0.000ns)
  Data Path Delay:        0.444ns  (logic 0.265ns (59.747%)  route 0.179ns (40.253%))
  Logic Levels:           1  (CARRY4=1)
  Clock Path Skew:        0.267ns (DCD - SCD - CPR)
    Destination Clock Delay (DCD):    2.480ns
    Source Clock Delay      (SCD):    1.930ns
    Clock Pessimism Removal (CPR):    0.284ns

    Location             Delay type                Incr(ns)  Path(ns)    Netlist Resource(s)
  -------------------------------------------------------------------    -------------------
                         (clock u_top_n_1388 rise edge)
                                                      0.000     0.000 r  
    W19                                               0.000     0.000 r  sys_clk (IN)
                         net (fo=0)                   0.000     0.000    sys_clk
    W19                  IBUF (Prop_ibuf_I_O)         0.277     0.277 r  sys_clk_IBUF_inst/O
                         net (fo=1, routed)           0.440     0.717    u_top/sys_clk_IBUF
    MMCME2_ADV_X0Y2      MMCME2_ADV (Prop_mmcme2_adv_CLKIN1_CLKOUT0)
                                                      0.050     0.767 r  u_top/g_mmcm.u_mmcm/CLKOUT0
                         net (fo=1, routed)           0.545     1.312    u_top_n_1388
    BUFGCTRL_X0Y0        BUFG (Prop_bufg_I_O)         0.026     1.338 r  input_slot_reg[1][511]_i_3/O
                         net (fo=61850, routed)       0.592     1.930    u_top/u_core/u_b/u_b_core/core/core/l5/mac/mac/clk_200
    SLICE_X110Y149       FDRE                                         r  u_top/u_core/u_b/u_b_core/core/core/l5/mac/mac/tree_stage[2].channel[3].node[8].pair.sums_q_reg[2][3][8][8]/C
  -------------------------------------------------------------------    -------------------
    SLICE_X110Y149       FDRE (Prop_fdre_C_Q)         0.141     2.071 r  u_top/u_core/u_b/u_b_core/core/core/l5/mac/mac/tree_stage[2].channel[3].node[8].pair.sums_q_reg[2][3][8][8]/Q
                         net (fo=2, routed)           0.179     2.249    u_top/u_core/u_b/u_b_core/core/core/l5/mac/mac/tree_stage[2].channel[3].node[8].pair.sums_q_reg[2][3][8]_343[8]
    SLICE_X106Y150       CARRY4 (Prop_carry4_DI[0]_O[1])
                                                      0.124     2.373 r  u_top/u_core/u_b/u_b_core/core/core/l5/mac/mac/tree_stage[3].channel[3].node[4].pair.sums_q_reg[3][3][4][11]_i_1/O[1]
                         net (fo=1, routed)           0.000     2.373    u_top/u_core/u_b/u_b_core/core/core/l5/mac/mac/tree_stage[3].channel[3].node[4].pair.added[9]
    SLICE_X106Y150       FDRE                                         r  u_top/u_core/u_b/u_b_core/core/core/l5/mac/mac/tree_stage[3].channel[3].node[4].pair.sums_q_reg[3][3][4][9]/D
  -------------------------------------------------------------------    -------------------

                         (clock u_top_n_1388 rise edge)
                                                      0.000     0.000 r  
    W19                                               0.000     0.000 r  sys_clk (IN)
                         net (fo=0)                   0.000     0.000    sys_clk
    W19                  IBUF (Prop_ibuf_I_O)         0.465     0.465 r  sys_clk_IBUF_inst/O
                         net (fo=1, routed)           0.480     0.945    u_top/sys_clk_IBUF
    MMCME2_ADV_X0Y2      MMCME2_ADV (Prop_mmcme2_adv_CLKIN1_CLKOUT0)
                                                      0.053     0.998 r  u_top/g_mmcm.u_mmcm/CLKOUT0
                         net (fo=1, routed)           0.595     1.593    u_top_n_1388
    BUFGCTRL_X0Y0        BUFG (Prop_bufg_I_O)         0.029     1.622 r  input_slot_reg[1][511]_i_3/O
                         net (fo=61850, routed)       0.859     2.480    u_top/u_core/u_b/u_b_core/core/core/l5/mac/mac/clk_200
    SLICE_X106Y150       FDRE                                         r  u_top/u_core/u_b/u_b_core/core/core/l5/mac/mac/tree_stage[3].channel[3].node[4].pair.sums_q_reg[3][3][4][9]/C
                         clock pessimism             -0.284     2.196    
    SLICE_X106Y150       FDRE (Hold_fdre_C_D)         0.105     2.301    u_top/u_core/u_b/u_b_core/core/core/l5/mac/mac/tree_stage[3].channel[3].node[4].pair.sums_q_reg[3][3][4][9]
  -------------------------------------------------------------------
                         required time                         -2.301    
                         arrival time                           2.373    
  -------------------------------------------------------------------
                         slack                                  0.072    

Slack (MET) :             0.072ns  (arrival time - required time)
  Source:                 u_top/u_core/u_b/u_b_core/core/core/l1/gk.frontend/win/shift_reg[0][2]/C
                            (rising edge-triggered cell FDRE clocked by u_top_n_1388  {rise@0.000ns fall@2.500ns period=5.000ns})
  Destination:            u_top/u_core/u_b/u_b_core/core/core/l1/gk.frontend/fifo/g_narrow_read.mem_reg_0_3_0_5/RAMB/I
                            (rising edge-triggered cell RAMD32 clocked by u_top_n_1388  {rise@0.000ns fall@2.500ns period=5.000ns})
  Path Group:             u_top_n_1388
  Path Type:              Hold (Min at Fast Process Corner)
  Requirement:            0.000ns  (u_top_n_1388 rise@0.000ns - u_top_n_1388 rise@0.000ns)
  Data Path Delay:        0.254ns  (logic 0.141ns (55.507%)  route 0.113ns (44.493%))
  Logic Levels:           0  
  Clock Path Skew:        0.036ns (DCD - SCD - CPR)
    Destination Clock Delay (DCD):    2.523ns
    Source Clock Delay      (SCD):    1.966ns
    Clock Pessimism Removal (CPR):    0.521ns

    Location             Delay type                Incr(ns)  Path(ns)    Netlist Resource(s)
  -------------------------------------------------------------------    -------------------
                         (clock u_top_n_1388 rise edge)
                                                      0.000     0.000 r  
    W19                                               0.000     0.000 r  sys_clk (IN)
                         net (fo=0)                   0.000     0.000    sys_clk
    W19                  IBUF (Prop_ibuf_I_O)         0.277     0.277 r  sys_clk_IBUF_inst/O
                         net (fo=1, routed)           0.440     0.717    u_top/sys_clk_IBUF
    MMCME2_ADV_X0Y2      MMCME2_ADV (Prop_mmcme2_adv_CLKIN1_CLKOUT0)
                                                      0.050     0.767 r  u_top/g_mmcm.u_mmcm/CLKOUT0
                         net (fo=1, routed)           0.545     1.312    u_top_n_1388
    BUFGCTRL_X0Y0        BUFG (Prop_bufg_I_O)         0.026     1.338 r  input_slot_reg[1][511]_i_3/O
                         net (fo=61850, routed)       0.628     1.966    u_top/u_core/u_b/u_b_core/core/core/l1/gk.frontend/win/clk_200
    SLICE_X89Y73         FDRE                                         r  u_top/u_core/u_b/u_b_core/core/core/l1/gk.frontend/win/shift_reg[0][2]/C
  -------------------------------------------------------------------    -------------------
    SLICE_X89Y73         FDRE (Prop_fdre_C_Q)         0.141     2.107 r  u_top/u_core/u_b/u_b_core/core/core/l1/gk.frontend/win/shift_reg[0][2]/Q
                         net (fo=1, routed)           0.113     2.220    u_top/u_core/u_b/u_b_core/core/core/l1/gk.frontend/fifo/g_narrow_read.mem_reg_0_3_0_5/DIB0
    SLICE_X90Y73         RAMD32                                       r  u_top/u_core/u_b/u_b_core/core/core/l1/gk.frontend/fifo/g_narrow_read.mem_reg_0_3_0_5/RAMB/I
  -------------------------------------------------------------------    -------------------

                         (clock u_top_n_1388 rise edge)
                                                      0.000     0.000 r  
    W19                                               0.000     0.000 r  sys_clk (IN)
                         net (fo=0)                   0.000     0.000    sys_clk
    W19                  IBUF (Prop_ibuf_I_O)         0.465     0.465 r  sys_clk_IBUF_inst/O
                         net (fo=1, routed)           0.480     0.945    u_top/sys_clk_IBUF
    MMCME2_ADV_X0Y2      MMCME2_ADV (Prop_mmcme2_adv_CLKIN1_CLKOUT0)
                                                      0.053     0.998 r  u_top/g_mmcm.u_mmcm/CLKOUT0
                         net (fo=1, routed)           0.595     1.593    u_top_n_1388
    BUFGCTRL_X0Y0        BUFG (Prop_bufg_I_O)         0.029     1.622 r  input_slot_reg[1][511]_i_3/O
                         net (fo=61850, routed)       0.902     2.523    u_top/u_core/u_b/u_b_core/core/core/l1/gk.frontend/fifo/g_narrow_read.mem_reg_0_3_0_5/WCLK
    SLICE_X90Y73         RAMD32                                       r  u_top/u_core/u_b/u_b_core/core/core/l1/gk.frontend/fifo/g_narrow_read.mem_reg_0_3_0_5/RAMB/CLK
                         clock pessimism             -0.521     2.002    
    SLICE_X90Y73         RAMD32 (Hold_ramd32_CLK_I)
                                                      0.146     2.148    u_top/u_core/u_b/u_b_core/core/core/l1/gk.frontend/fifo/g_narrow_read.mem_reg_0_3_0_5/RAMB
  -------------------------------------------------------------------
                         required time                         -2.148    
                         arrival time                           2.220    
  -------------------------------------------------------------------
                         slack                                  0.072    

Slack (MET) :             0.072ns  (arrival time - required time)
  Source:                 u_top/u_core/u_pp/wr_cnt_q_reg[7]_rep__5/C
                            (rising edge-triggered cell FDCE clocked by u_top_n_1388  {rise@0.000ns fall@2.500ns period=5.000ns})
  Destination:            u_top/u_core/u_pp/u_bank0/mem_reg_bram_28/ADDRARDADDR[10]
                            (rising edge-triggered cell RAMB36E1 clocked by u_top_n_1388  {rise@0.000ns fall@2.500ns period=5.000ns})
  Path Group:             u_top_n_1388
  Path Type:              Hold (Min at Fast Process Corner)
  Requirement:            0.000ns  (u_top_n_1388 rise@0.000ns - u_top_n_1388 rise@0.000ns)
  Data Path Delay:        0.305ns  (logic 0.141ns (46.260%)  route 0.164ns (53.740%))
  Logic Levels:           0  
  Clock Path Skew:        0.050ns (DCD - SCD - CPR)
    Destination Clock Delay (DCD):    2.539ns
    Source Clock Delay      (SCD):    1.950ns
    Clock Pessimism Removal (CPR):    0.540ns

    Location             Delay type                Incr(ns)  Path(ns)    Netlist Resource(s)
  -------------------------------------------------------------------    -------------------
                         (clock u_top_n_1388 rise edge)
                                                      0.000     0.000 r  
    W19                                               0.000     0.000 r  sys_clk (IN)
                         net (fo=0)                   0.000     0.000    sys_clk
    W19                  IBUF (Prop_ibuf_I_O)         0.277     0.277 r  sys_clk_IBUF_inst/O
                         net (fo=1, routed)           0.440     0.717    u_top/sys_clk_IBUF
    MMCME2_ADV_X0Y2      MMCME2_ADV (Prop_mmcme2_adv_CLKIN1_CLKOUT0)
                                                      0.050     0.767 r  u_top/g_mmcm.u_mmcm/CLKOUT0
                         net (fo=1, routed)           0.545     1.312    u_top_n_1388
    BUFGCTRL_X0Y0        BUFG (Prop_bufg_I_O)         0.026     1.338 r  input_slot_reg[1][511]_i_3/O
                         net (fo=61850, routed)       0.612     1.950    u_top/u_core/u_pp/clk_200
    SLICE_X23Y171        FDCE                                         r  u_top/u_core/u_pp/wr_cnt_q_reg[7]_rep__5/C
  -------------------------------------------------------------------    -------------------
    SLICE_X23Y171        FDCE (Prop_fdce_C_Q)         0.141     2.091 r  u_top/u_core/u_pp/wr_cnt_q_reg[7]_rep__5/Q
                         net (fo=10, routed)          0.164     2.254    u_top/u_core/u_pp/u_bank0/wr_cnt_q[6]
    RAMB36_X1Y34         RAMB36E1                                     r  u_top/u_core/u_pp/u_bank0/mem_reg_bram_28/ADDRARDADDR[10]
  -------------------------------------------------------------------    -------------------

                         (clock u_top_n_1388 rise edge)
                                                      0.000     0.000 r  
    W19                                               0.000     0.000 r  sys_clk (IN)
                         net (fo=0)                   0.000     0.000    sys_clk
    W19                  IBUF (Prop_ibuf_I_O)         0.465     0.465 r  sys_clk_IBUF_inst/O
                         net (fo=1, routed)           0.480     0.945    u_top/sys_clk_IBUF
    MMCME2_ADV_X0Y2      MMCME2_ADV (Prop_mmcme2_adv_CLKIN1_CLKOUT0)
                                                      0.053     0.998 r  u_top/g_mmcm.u_mmcm/CLKOUT0
                         net (fo=1, routed)           0.595     1.593    u_top_n_1388
    BUFGCTRL_X0Y0        BUFG (Prop_bufg_I_O)         0.029     1.622 r  input_slot_reg[1][511]_i_3/O
                         net (fo=61850, routed)       0.917     2.539    u_top/u_core/u_pp/u_bank0/clk_200
    RAMB36_X1Y34         RAMB36E1                                     r  u_top/u_core/u_pp/u_bank0/mem_reg_bram_28/CLKARDCLK
                         clock pessimism             -0.540     1.999    
    RAMB36_X1Y34         RAMB36E1 (Hold_ramb36e1_CLKARDCLK_ADDRARDADDR[10])
                                                      0.183     2.182    u_top/u_core/u_pp/u_bank0/mem_reg_bram_28
  -------------------------------------------------------------------
                         required time                         -2.182    
                         arrival time                           2.254    
  -------------------------------------------------------------------
                         slack                                  0.072    

Slack (MET) :             0.073ns  (arrival time - required time)
  Source:                 u_top/u_core/u_b/u_b_core/core/core/l3/gk.frontend/win/shift_reg[0][56]/C
                            (rising edge-triggered cell FDRE clocked by u_top_n_1388  {rise@0.000ns fall@2.500ns period=5.000ns})
  Destination:            u_top/u_core/u_b/u_b_core/core/core/l3/gk.frontend/fifo/g_wide_read.g_read_slice[0].mem_slice_reg_0_3_54_59/RAMB/I
                            (rising edge-triggered cell RAMD32 clocked by u_top_n_1388  {rise@0.000ns fall@2.500ns period=5.000ns})
  Path Group:             u_top_n_1388
  Path Type:              Hold (Min at Fast Process Corner)
  Requirement:            0.000ns  (u_top_n_1388 rise@0.000ns - u_top_n_1388 rise@0.000ns)
  Data Path Delay:        0.257ns  (logic 0.141ns (54.934%)  route 0.116ns (45.066%))
  Logic Levels:           0  
  Clock Path Skew:        0.038ns (DCD - SCD - CPR)
    Destination Clock Delay (DCD):    2.540ns
    Source Clock Delay      (SCD):    1.981ns
    Clock Pessimism Removal (CPR):    0.521ns

    Location             Delay type                Incr(ns)  Path(ns)    Netlist Resource(s)
  -------------------------------------------------------------------    -------------------
                         (clock u_top_n_1388 rise edge)
                                                      0.000     0.000 r  
    W19                                               0.000     0.000 r  sys_clk (IN)
                         net (fo=0)                   0.000     0.000    sys_clk
    W19                  IBUF (Prop_ibuf_I_O)         0.277     0.277 r  sys_clk_IBUF_inst/O
                         net (fo=1, routed)           0.440     0.717    u_top/sys_clk_IBUF
    MMCME2_ADV_X0Y2      MMCME2_ADV (Prop_mmcme2_adv_CLKIN1_CLKOUT0)
                                                      0.050     0.767 r  u_top/g_mmcm.u_mmcm/CLKOUT0
                         net (fo=1, routed)           0.545     1.312    u_top_n_1388
    BUFGCTRL_X0Y0        BUFG (Prop_bufg_I_O)         0.026     1.338 r  input_slot_reg[1][511]_i_3/O
                         net (fo=61850, routed)       0.643     1.981    u_top/u_core/u_b/u_b_core/core/core/l3/gk.frontend/win/clk_200
    SLICE_X71Y93         FDRE                                         r  u_top/u_core/u_b/u_b_core/core/core/l3/gk.frontend/win/shift_reg[0][56]/C
  -------------------------------------------------------------------    -------------------
    SLICE_X71Y93         FDRE (Prop_fdre_C_Q)         0.141     2.122 r  u_top/u_core/u_b/u_b_core/core/core/l3/gk.frontend/win/shift_reg[0][56]/Q
                         net (fo=1, routed)           0.116     2.238    u_top/u_core/u_b/u_b_core/core/core/l3/gk.frontend/fifo/g_wide_read.g_read_slice[0].mem_slice_reg_0_3_54_59/DIB0
    SLICE_X68Y94         RAMD32                                       r  u_top/u_core/u_b/u_b_core/core/core/l3/gk.frontend/fifo/g_wide_read.g_read_slice[0].mem_slice_reg_0_3_54_59/RAMB/I
  -------------------------------------------------------------------    -------------------

                         (clock u_top_n_1388 rise edge)
                                                      0.000     0.000 r  
    W19                                               0.000     0.000 r  sys_clk (IN)
                         net (fo=0)                   0.000     0.000    sys_clk
    W19                  IBUF (Prop_ibuf_I_O)         0.465     0.465 r  sys_clk_IBUF_inst/O
                         net (fo=1, routed)           0.480     0.945    u_top/sys_clk_IBUF
    MMCME2_ADV_X0Y2      MMCME2_ADV (Prop_mmcme2_adv_CLKIN1_CLKOUT0)
                                                      0.053     0.998 r  u_top/g_mmcm.u_mmcm/CLKOUT0
                         net (fo=1, routed)           0.595     1.593    u_top_n_1388
    BUFGCTRL_X0Y0        BUFG (Prop_bufg_I_O)         0.029     1.622 r  input_slot_reg[1][511]_i_3/O
                         net (fo=61850, routed)       0.919     2.540    u_top/u_core/u_b/u_b_core/core/core/l3/gk.frontend/fifo/g_wide_read.g_read_slice[0].mem_slice_reg_0_3_54_59/WCLK
    SLICE_X68Y94         RAMD32                                       r  u_top/u_core/u_b/u_b_core/core/core/l3/gk.frontend/fifo/g_wide_read.g_read_slice[0].mem_slice_reg_0_3_54_59/RAMB/CLK
                         clock pessimism             -0.521     2.019    
    SLICE_X68Y94         RAMD32 (Hold_ramd32_CLK_I)
                                                      0.146     2.165    u_top/u_core/u_b/u_b_core/core/core/l3/gk.frontend/fifo/g_wide_read.g_read_slice[0].mem_slice_reg_0_3_54_59/RAMB
  -------------------------------------------------------------------
                         required time                         -2.165    
                         arrival time                           2.238    
  -------------------------------------------------------------------
                         slack                                  0.073    

Slack (MET) :             0.073ns  (arrival time - required time)
  Source:                 u_top/u_core/u_b/u_b_core/core/core/l5/gk.frontend/win/pixel_d_reg[158]/C
                            (rising edge-triggered cell FDRE clocked by u_top_n_1388  {rise@0.000ns fall@2.500ns period=5.000ns})
  Destination:            u_top/u_core/u_b/u_b_core/core/core/l5/gk.frontend/win/shift_reg[24][158]/D
                            (rising edge-triggered cell FDRE clocked by u_top_n_1388  {rise@0.000ns fall@2.500ns period=5.000ns})
  Path Group:             u_top_n_1388
  Path Type:              Hold (Min at Fast Process Corner)
  Requirement:            0.000ns  (u_top_n_1388 rise@0.000ns - u_top_n_1388 rise@0.000ns)
  Data Path Delay:        0.326ns  (logic 0.164ns (50.294%)  route 0.162ns (49.706%))
  Logic Levels:           0  
  Clock Path Skew:        0.200ns (DCD - SCD - CPR)
    Destination Clock Delay (DCD):    2.474ns
    Source Clock Delay      (SCD):    1.985ns
    Clock Pessimism Removal (CPR):    0.289ns

    Location             Delay type                Incr(ns)  Path(ns)    Netlist Resource(s)
  -------------------------------------------------------------------    -------------------
                         (clock u_top_n_1388 rise edge)
                                                      0.000     0.000 r  
    W19                                               0.000     0.000 r  sys_clk (IN)
                         net (fo=0)                   0.000     0.000    sys_clk
    W19                  IBUF (Prop_ibuf_I_O)         0.277     0.277 r  sys_clk_IBUF_inst/O
                         net (fo=1, routed)           0.440     0.717    u_top/sys_clk_IBUF
    MMCME2_ADV_X0Y2      MMCME2_ADV (Prop_mmcme2_adv_CLKIN1_CLKOUT0)
                                                      0.050     0.767 r  u_top/g_mmcm.u_mmcm/CLKOUT0
                         net (fo=1, routed)           0.545     1.312    u_top_n_1388
    BUFGCTRL_X0Y0        BUFG (Prop_bufg_I_O)         0.026     1.338 r  input_slot_reg[1][511]_i_3/O
                         net (fo=61850, routed)       0.647     1.985    u_top/u_core/u_b/u_b_core/core/core/l5/gk.frontend/win/clk_200
    SLICE_X92Y99         FDRE                                         r  u_top/u_core/u_b/u_b_core/core/core/l5/gk.frontend/win/pixel_d_reg[158]/C
  -------------------------------------------------------------------    -------------------
    SLICE_X92Y99         FDRE (Prop_fdre_C_Q)         0.164     2.149 r  u_top/u_core/u_b/u_b_core/core/core/l5/gk.frontend/win/pixel_d_reg[158]/Q
                         net (fo=1, routed)           0.162     2.311    u_top/u_core/u_b/u_b_core/core/core/l5/gk.frontend/win/pixel_d[158]
    SLICE_X96Y100        FDRE                                         r  u_top/u_core/u_b/u_b_core/core/core/l5/gk.frontend/win/shift_reg[24][158]/D
  -------------------------------------------------------------------    -------------------

                         (clock u_top_n_1388 rise edge)
                                                      0.000     0.000 r  
    W19                                               0.000     0.000 r  sys_clk (IN)
                         net (fo=0)                   0.000     0.000    sys_clk
    W19                  IBUF (Prop_ibuf_I_O)         0.465     0.465 r  sys_clk_IBUF_inst/O
                         net (fo=1, routed)           0.480     0.945    u_top/sys_clk_IBUF
    MMCME2_ADV_X0Y2      MMCME2_ADV (Prop_mmcme2_adv_CLKIN1_CLKOUT0)
                                                      0.053     0.998 r  u_top/g_mmcm.u_mmcm/CLKOUT0
                         net (fo=1, routed)           0.595     1.593    u_top_n_1388
    BUFGCTRL_X0Y0        BUFG (Prop_bufg_I_O)         0.029     1.622 r  input_slot_reg[1][511]_i_3/O
                         net (fo=61850, routed)       0.853     2.474    u_top/u_core/u_b/u_b_core/core/core/l5/gk.frontend/win/clk_200
    SLICE_X96Y100        FDRE                                         r  u_top/u_core/u_b/u_b_core/core/core/l5/gk.frontend/win/shift_reg[24][158]/C
                         clock pessimism             -0.289     2.186    
    SLICE_X96Y100        FDRE (Hold_fdre_C_D)         0.053     2.239    u_top/u_core/u_b/u_b_core/core/core/l5/gk.frontend/win/shift_reg[24][158]
  -------------------------------------------------------------------
                         required time                         -2.239    
                         arrival time                           2.311    
  -------------------------------------------------------------------
                         slack                                  0.073    

Slack (MET) :             0.074ns  (arrival time - required time)
  Source:                 u_top/u_core/u_b/u_b_core/core/core/l5/mac/mac/tree_stage[2].channel[3].node[9].pair.sums_q_reg[2][3][9][7]/C
                            (rising edge-triggered cell FDRE clocked by u_top_n_1388  {rise@0.000ns fall@2.500ns period=5.000ns})
  Destination:            u_top/u_core/u_b/u_b_core/core/core/l5/mac/mac/tree_stage[3].channel[3].node[4].pair.sums_q_reg[3][3][4][8]/D
                            (rising edge-triggered cell FDRE clocked by u_top_n_1388  {rise@0.000ns fall@2.500ns period=5.000ns})
  Path Group:             u_top_n_1388
  Path Type:              Hold (Min at Fast Process Corner)
  Requirement:            0.000ns  (u_top_n_1388 rise@0.000ns - u_top_n_1388 rise@0.000ns)
  Data Path Delay:        0.447ns  (logic 0.355ns (79.343%)  route 0.092ns (20.657%))
  Logic Levels:           3  (CARRY4=2 LUT2=1)
  Clock Path Skew:        0.269ns (DCD - SCD - CPR)
    Destination Clock Delay (DCD):    2.480ns
    Source Clock Delay      (SCD):    1.928ns
    Clock Pessimism Removal (CPR):    0.284ns

    Location             Delay type                Incr(ns)  Path(ns)    Netlist Resource(s)
  -------------------------------------------------------------------    -------------------
                         (clock u_top_n_1388 rise edge)
                                                      0.000     0.000 r  
    W19                                               0.000     0.000 r  sys_clk (IN)
                         net (fo=0)                   0.000     0.000    sys_clk
    W19                  IBUF (Prop_ibuf_I_O)         0.277     0.277 r  sys_clk_IBUF_inst/O
                         net (fo=1, routed)           0.440     0.717    u_top/sys_clk_IBUF
    MMCME2_ADV_X0Y2      MMCME2_ADV (Prop_mmcme2_adv_CLKIN1_CLKOUT0)
                                                      0.050     0.767 r  u_top/g_mmcm.u_mmcm/CLKOUT0
                         net (fo=1, routed)           0.545     1.312    u_top_n_1388
    BUFGCTRL_X0Y0        BUFG (Prop_bufg_I_O)         0.026     1.338 r  input_slot_reg[1][511]_i_3/O
                         net (fo=61850, routed)       0.590     1.928    u_top/u_core/u_b/u_b_core/core/core/l5/mac/mac/clk_200
    SLICE_X107Y149       FDRE                                         r  u_top/u_core/u_b/u_b_core/core/core/l5/mac/mac/tree_stage[2].channel[3].node[9].pair.sums_q_reg[2][3][9][7]/C
  -------------------------------------------------------------------    -------------------
    SLICE_X107Y149       FDRE (Prop_fdre_C_Q)         0.141     2.069 r  u_top/u_core/u_b/u_b_core/core/core/l5/mac/mac/tree_stage[2].channel[3].node[9].pair.sums_q_reg[2][3][9][7]/Q
                         net (fo=1, routed)           0.092     2.160    u_top/u_core/u_b/u_b_core/core/core/l5/mac/mac/tree_stage[2].channel[3].node[9].pair.sums_q_reg[2][3][9]_340[7]
    SLICE_X106Y149       LUT2 (Prop_lut2_I1_O)        0.045     2.205 r  u_top/u_core/u_b/u_b_core/core/core/l5/mac/mac/tree_stage[3].channel[3].node[4].pair.sums_q[3][3][4][7]_i_2/O
                         net (fo=1, routed)           0.000     2.205    u_top/u_core/u_b/u_b_core/core/core/l5/mac/mac/tree_stage[3].channel[3].node[4].pair.sums_q[3][3][4][7]_i_2_n_0
    SLICE_X106Y149       CARRY4 (Prop_carry4_S[3]_CO[3])
                                                      0.115     2.320 r  u_top/u_core/u_b/u_b_core/core/core/l5/mac/mac/tree_stage[3].channel[3].node[4].pair.sums_q_reg[3][3][4][7]_i_1/CO[3]
                         net (fo=1, routed)           0.001     2.321    u_top/u_core/u_b/u_b_core/core/core/l5/mac/mac/tree_stage[3].channel[3].node[4].pair.sums_q_reg[3][3][4][7]_i_1_n_0
    SLICE_X106Y150       CARRY4 (Prop_carry4_CI_O[0])
                                                      0.054     2.375 r  u_top/u_core/u_b/u_b_core/core/core/l5/mac/mac/tree_stage[3].channel[3].node[4].pair.sums_q_reg[3][3][4][11]_i_1/O[0]
                         net (fo=1, routed)           0.000     2.375    u_top/u_core/u_b/u_b_core/core/core/l5/mac/mac/tree_stage[3].channel[3].node[4].pair.added[8]
    SLICE_X106Y150       FDRE                                         r  u_top/u_core/u_b/u_b_core/core/core/l5/mac/mac/tree_stage[3].channel[3].node[4].pair.sums_q_reg[3][3][4][8]/D
  -------------------------------------------------------------------    -------------------

                         (clock u_top_n_1388 rise edge)
                                                      0.000     0.000 r  
    W19                                               0.000     0.000 r  sys_clk (IN)
                         net (fo=0)                   0.000     0.000    sys_clk
    W19                  IBUF (Prop_ibuf_I_O)         0.465     0.465 r  sys_clk_IBUF_inst/O
                         net (fo=1, routed)           0.480     0.945    u_top/sys_clk_IBUF
    MMCME2_ADV_X0Y2      MMCME2_ADV (Prop_mmcme2_adv_CLKIN1_CLKOUT0)
                                                      0.053     0.998 r  u_top/g_mmcm.u_mmcm/CLKOUT0
                         net (fo=1, routed)           0.595     1.593    u_top_n_1388
    BUFGCTRL_X0Y0        BUFG (Prop_bufg_I_O)         0.029     1.622 r  input_slot_reg[1][511]_i_3/O
                         net (fo=61850, routed)       0.859     2.480    u_top/u_core/u_b/u_b_core/core/core/l5/mac/mac/clk_200
    SLICE_X106Y150       FDRE                                         r  u_top/u_core/u_b/u_b_core/core/core/l5/mac/mac/tree_stage[3].channel[3].node[4].pair.sums_q_reg[3][3][4][8]/C
                         clock pessimism             -0.284     2.196    
    SLICE_X106Y150       FDRE (Hold_fdre_C_D)         0.105     2.301    u_top/u_core/u_b/u_b_core/core/core/l5/mac/mac/tree_stage[3].channel[3].node[4].pair.sums_q_reg[3][3][4][8]
  -------------------------------------------------------------------
                         required time                         -2.301    
                         arrival time                           2.375    
  -------------------------------------------------------------------
                         slack                                  0.074    

Slack (MET) :             0.074ns  (arrival time - required time)
  Source:                 u_top/u_core/u_b/u_b_core/core/core/l3/gk.frontend/win/shift_reg[6][12]/C
                            (rising edge-triggered cell FDRE clocked by u_top_n_1388  {rise@0.000ns fall@2.500ns period=5.000ns})
  Destination:            u_top/u_core/u_b/u_b_core/core/core/l3/gk.frontend/fifo/g_wide_read.g_read_slice[12].mem_slice_reg_0_3_12_17/RAMA/I
                            (rising edge-triggered cell RAMD32 clocked by u_top_n_1388  {rise@0.000ns fall@2.500ns period=5.000ns})
  Path Group:             u_top_n_1388
  Path Type:              Hold (Min at Fast Process Corner)
  Requirement:            0.000ns  (u_top_n_1388 rise@0.000ns - u_top_n_1388 rise@0.000ns)
  Data Path Delay:        0.256ns  (logic 0.141ns (55.136%)  route 0.115ns (44.864%))
  Logic Levels:           0  
  Clock Path Skew:        0.035ns (DCD - SCD - CPR)
    Destination Clock Delay (DCD):    2.475ns
    Source Clock Delay      (SCD):    1.923ns
    Clock Pessimism Removal (CPR):    0.518ns

    Location             Delay type                Incr(ns)  Path(ns)    Netlist Resource(s)
  -------------------------------------------------------------------    -------------------
                         (clock u_top_n_1388 rise edge)
                                                      0.000     0.000 r  
    W19                                               0.000     0.000 r  sys_clk (IN)
                         net (fo=0)                   0.000     0.000    sys_clk
    W19                  IBUF (Prop_ibuf_I_O)         0.277     0.277 r  sys_clk_IBUF_inst/O
                         net (fo=1, routed)           0.440     0.717    u_top/sys_clk_IBUF
    MMCME2_ADV_X0Y2      MMCME2_ADV (Prop_mmcme2_adv_CLKIN1_CLKOUT0)
                                                      0.050     0.767 r  u_top/g_mmcm.u_mmcm/CLKOUT0
                         net (fo=1, routed)           0.545     1.312    u_top_n_1388
    BUFGCTRL_X0Y0        BUFG (Prop_bufg_I_O)         0.026     1.338 r  input_slot_reg[1][511]_i_3/O
                         net (fo=61850, routed)       0.585     1.923    u_top/u_core/u_b/u_b_core/core/core/l3/gk.frontend/win/clk_200
    SLICE_X57Y103        FDRE                                         r  u_top/u_core/u_b/u_b_core/core/core/l3/gk.frontend/win/shift_reg[6][12]/C
  -------------------------------------------------------------------    -------------------
    SLICE_X57Y103        FDRE (Prop_fdre_C_Q)         0.141     2.064 r  u_top/u_core/u_b/u_b_core/core/core/l3/gk.frontend/win/shift_reg[6][12]/Q
                         net (fo=1, routed)           0.115     2.178    u_top/u_core/u_b/u_b_core/core/core/l3/gk.frontend/fifo/g_wide_read.g_read_slice[12].mem_slice_reg_0_3_12_17/DIA0
    SLICE_X60Y103        RAMD32                                       r  u_top/u_core/u_b/u_b_core/core/core/l3/gk.frontend/fifo/g_wide_read.g_read_slice[12].mem_slice_reg_0_3_12_17/RAMA/I
  -------------------------------------------------------------------    -------------------

                         (clock u_top_n_1388 rise edge)
                                                      0.000     0.000 r  
    W19                                               0.000     0.000 r  sys_clk (IN)
                         net (fo=0)                   0.000     0.000    sys_clk
    W19                  IBUF (Prop_ibuf_I_O)         0.465     0.465 r  sys_clk_IBUF_inst/O
                         net (fo=1, routed)           0.480     0.945    u_top/sys_clk_IBUF
    MMCME2_ADV_X0Y2      MMCME2_ADV (Prop_mmcme2_adv_CLKIN1_CLKOUT0)
                                                      0.053     0.998 r  u_top/g_mmcm.u_mmcm/CLKOUT0
                         net (fo=1, routed)           0.595     1.593    u_top_n_1388
    BUFGCTRL_X0Y0        BUFG (Prop_bufg_I_O)         0.029     1.622 r  input_slot_reg[1][511]_i_3/O
                         net (fo=61850, routed)       0.854     2.475    u_top/u_core/u_b/u_b_core/core/core/l3/gk.frontend/fifo/g_wide_read.g_read_slice[12].mem_slice_reg_0_3_12_17/WCLK
    SLICE_X60Y103        RAMD32                                       r  u_top/u_core/u_b/u_b_core/core/core/l3/gk.frontend/fifo/g_wide_read.g_read_slice[12].mem_slice_reg_0_3_12_17/RAMA/CLK
                         clock pessimism             -0.518     1.958    
    SLICE_X60Y103        RAMD32 (Hold_ramd32_CLK_I)
                                                      0.147     2.105    u_top/u_core/u_b/u_b_core/core/core/l3/gk.frontend/fifo/g_wide_read.g_read_slice[12].mem_slice_reg_0_3_12_17/RAMA
  -------------------------------------------------------------------
                         required time                         -2.105    
                         arrival time                           2.178    
  -------------------------------------------------------------------
                         slack                                  0.074    

Slack (MET) :             0.074ns  (arrival time - required time)
  Source:                 u_top/u_core/u_b/u_b_core/core/core/l5/mac/mac/tree_stage[6].channel[1].node[0].pair.sums_q_reg[6][1][0][30]/C
                            (rising edge-triggered cell FDRE clocked by u_top_n_1388  {rise@0.000ns fall@2.500ns period=5.000ns})
  Destination:            u_top/u_core/u_b/u_b_core/core/core/l5/mac/g_l5_partial_buffer.partial_fifo/data_q_reg_0_1_60_65/RAMB/I
                            (rising edge-triggered cell RAMD32 clocked by u_top_n_1388  {rise@0.000ns fall@2.500ns period=5.000ns})
  Path Group:             u_top_n_1388
  Path Type:              Hold (Min at Fast Process Corner)
  Requirement:            0.000ns  (u_top_n_1388 rise@0.000ns - u_top_n_1388 rise@0.000ns)
  Data Path Delay:        0.254ns  (logic 0.141ns (55.507%)  route 0.113ns (44.493%))
  Logic Levels:           0  
  Clock Path Skew:        0.034ns (DCD - SCD - CPR)
    Destination Clock Delay (DCD):    2.456ns
    Source Clock Delay      (SCD):    1.905ns
    Clock Pessimism Removal (CPR):    0.518ns

    Location             Delay type                Incr(ns)  Path(ns)    Netlist Resource(s)
  -------------------------------------------------------------------    -------------------
                         (clock u_top_n_1388 rise edge)
                                                      0.000     0.000 r  
    W19                                               0.000     0.000 r  sys_clk (IN)
                         net (fo=0)                   0.000     0.000    sys_clk
    W19                  IBUF (Prop_ibuf_I_O)         0.277     0.277 r  sys_clk_IBUF_inst/O
                         net (fo=1, routed)           0.440     0.717    u_top/sys_clk_IBUF
    MMCME2_ADV_X0Y2      MMCME2_ADV (Prop_mmcme2_adv_CLKIN1_CLKOUT0)
                                                      0.050     0.767 r  u_top/g_mmcm.u_mmcm/CLKOUT0
                         net (fo=1, routed)           0.545     1.312    u_top_n_1388
    BUFGCTRL_X0Y0        BUFG (Prop_bufg_I_O)         0.026     1.338 r  input_slot_reg[1][511]_i_3/O
                         net (fo=61850, routed)       0.567     1.905    u_top/u_core/u_b/u_b_core/core/core/l5/mac/mac/clk_200
    SLICE_X69Y179        FDRE                                         r  u_top/u_core/u_b/u_b_core/core/core/l5/mac/mac/tree_stage[6].channel[1].node[0].pair.sums_q_reg[6][1][0][30]/C
  -------------------------------------------------------------------    -------------------
    SLICE_X69Y179        FDRE (Prop_fdre_C_Q)         0.141     2.046 r  u_top/u_core/u_b/u_b_core/core/core/l5/mac/mac/tree_stage[6].channel[1].node[0].pair.sums_q_reg[6][1][0][30]/Q
                         net (fo=1, routed)           0.113     2.159    u_top/u_core/u_b/u_b_core/core/core/l5/mac/g_l5_partial_buffer.partial_fifo/data_q_reg_0_1_60_65/DIB0
    SLICE_X70Y179        RAMD32                                       r  u_top/u_core/u_b/u_b_core/core/core/l5/mac/g_l5_partial_buffer.partial_fifo/data_q_reg_0_1_60_65/RAMB/I
  -------------------------------------------------------------------    -------------------

                         (clock u_top_n_1388 rise edge)
                                                      0.000     0.000 r  
    W19                                               0.000     0.000 r  sys_clk (IN)
                         net (fo=0)                   0.000     0.000    sys_clk
    W19                  IBUF (Prop_ibuf_I_O)         0.465     0.465 r  sys_clk_IBUF_inst/O
                         net (fo=1, routed)           0.480     0.945    u_top/sys_clk_IBUF
    MMCME2_ADV_X0Y2      MMCME2_ADV (Prop_mmcme2_adv_CLKIN1_CLKOUT0)
                                                      0.053     0.998 r  u_top/g_mmcm.u_mmcm/CLKOUT0
                         net (fo=1, routed)           0.595     1.593    u_top_n_1388
    BUFGCTRL_X0Y0        BUFG (Prop_bufg_I_O)         0.029     1.622 r  input_slot_reg[1][511]_i_3/O
                         net (fo=61850, routed)       0.835     2.456    u_top/u_core/u_b/u_b_core/core/core/l5/mac/g_l5_partial_buffer.partial_fifo/data_q_reg_0_1_60_65/WCLK
    SLICE_X70Y179        RAMD32                                       r  u_top/u_core/u_b/u_b_core/core/core/l5/mac/g_l5_partial_buffer.partial_fifo/data_q_reg_0_1_60_65/RAMB/CLK
                         clock pessimism             -0.518     1.939    
    SLICE_X70Y179        RAMD32 (Hold_ramd32_CLK_I)
                                                      0.146     2.085    u_top/u_core/u_b/u_b_core/core/core/l5/mac/g_l5_partial_buffer.partial_fifo/data_q_reg_0_1_60_65/RAMB
  -------------------------------------------------------------------
                         required time                         -2.085    
                         arrival time                           2.159    
  -------------------------------------------------------------------
                         slack                                  0.074    

Slack (MET) :             0.077ns  (arrival time - required time)
  Source:                 u_top/u_core/u_b/u_b_core/core/core/l5/gk.frontend/win/shift_reg[0][102]/C
                            (rising edge-triggered cell FDRE clocked by u_top_n_1388  {rise@0.000ns fall@2.500ns period=5.000ns})
  Destination:            u_top/u_core/u_b/u_b_core/core/core/l5/gk.frontend/fifo/g_wide_read.g_read_slice[1].mem_slice_reg_0_3_36_41/RAMB/I
                            (rising edge-triggered cell RAMD32 clocked by u_top_n_1388  {rise@0.000ns fall@2.500ns period=5.000ns})
  Path Group:             u_top_n_1388
  Path Type:              Hold (Min at Fast Process Corner)
  Requirement:            0.000ns  (u_top_n_1388 rise@0.000ns - u_top_n_1388 rise@0.000ns)
  Data Path Delay:        0.257ns  (logic 0.141ns (54.934%)  route 0.116ns (45.066%))
  Logic Levels:           0  
  Clock Path Skew:        0.034ns (DCD - SCD - CPR)
    Destination Clock Delay (DCD):    2.463ns
    Source Clock Delay      (SCD):    1.912ns
    Clock Pessimism Removal (CPR):    0.518ns

    Location             Delay type                Incr(ns)  Path(ns)    Netlist Resource(s)
  -------------------------------------------------------------------    -------------------
                         (clock u_top_n_1388 rise edge)
                                                      0.000     0.000 r  
    W19                                               0.000     0.000 r  sys_clk (IN)
                         net (fo=0)                   0.000     0.000    sys_clk
    W19                  IBUF (Prop_ibuf_I_O)         0.277     0.277 r  sys_clk_IBUF_inst/O
                         net (fo=1, routed)           0.440     0.717    u_top/sys_clk_IBUF
    MMCME2_ADV_X0Y2      MMCME2_ADV (Prop_mmcme2_adv_CLKIN1_CLKOUT0)
                                                      0.050     0.767 r  u_top/g_mmcm.u_mmcm/CLKOUT0
                         net (fo=1, routed)           0.545     1.312    u_top_n_1388
    BUFGCTRL_X0Y0        BUFG (Prop_bufg_I_O)         0.026     1.338 r  input_slot_reg[1][511]_i_3/O
                         net (fo=61850, routed)       0.574     1.912    u_top/u_core/u_b/u_b_core/core/core/l5/gk.frontend/win/clk_200
    SLICE_X97Y131        FDRE                                         r  u_top/u_core/u_b/u_b_core/core/core/l5/gk.frontend/win/shift_reg[0][102]/C
  -------------------------------------------------------------------    -------------------
    SLICE_X97Y131        FDRE (Prop_fdre_C_Q)         0.141     2.053 r  u_top/u_core/u_b/u_b_core/core/core/l5/gk.frontend/win/shift_reg[0][102]/Q
                         net (fo=1, routed)           0.116     2.168    u_top/u_core/u_b/u_b_core/core/core/l5/gk.frontend/fifo/g_wide_read.g_read_slice[1].mem_slice_reg_0_3_36_41/DIB0
    SLICE_X94Y132        RAMD32                                       r  u_top/u_core/u_b/u_b_core/core/core/l5/gk.frontend/fifo/g_wide_read.g_read_slice[1].mem_slice_reg_0_3_36_41/RAMB/I
  -------------------------------------------------------------------    -------------------

                         (clock u_top_n_1388 rise edge)
                                                      0.000     0.000 r  
    W19                                               0.000     0.000 r  sys_clk (IN)
                         net (fo=0)                   0.000     0.000    sys_clk
    W19                  IBUF (Prop_ibuf_I_O)         0.465     0.465 r  sys_clk_IBUF_inst/O
                         net (fo=1, routed)           0.480     0.945    u_top/sys_clk_IBUF
    MMCME2_ADV_X0Y2      MMCME2_ADV (Prop_mmcme2_adv_CLKIN1_CLKOUT0)
                                                      0.053     0.998 r  u_top/g_mmcm.u_mmcm/CLKOUT0
                         net (fo=1, routed)           0.595     1.593    u_top_n_1388
    BUFGCTRL_X0Y0        BUFG (Prop_bufg_I_O)         0.029     1.622 r  input_slot_reg[1][511]_i_3/O
                         net (fo=61850, routed)       0.842     2.463    u_top/u_core/u_b/u_b_core/core/core/l5/gk.frontend/fifo/g_wide_read.g_read_slice[1].mem_slice_reg_0_3_36_41/WCLK
    SLICE_X94Y132        RAMD32                                       r  u_top/u_core/u_b/u_b_core/core/core/l5/gk.frontend/fifo/g_wide_read.g_read_slice[1].mem_slice_reg_0_3_36_41/RAMB/CLK
                         clock pessimism             -0.518     1.946    
    SLICE_X94Y132        RAMD32 (Hold_ramd32_CLK_I)
                                                      0.146     2.092    u_top/u_core/u_b/u_b_core/core/core/l5/gk.frontend/fifo/g_wide_read.g_read_slice[1].mem_slice_reg_0_3_36_41/RAMB
  -------------------------------------------------------------------
                         required time                         -2.092    
                         arrival time                           2.168    
  -------------------------------------------------------------------
                         slack                                  0.077    

Slack (MET) :             0.077ns  (arrival time - required time)
  Source:                 u_top/u_core/u_b/u_b_core/core/core/l3/gk.frontend/win/shift_reg[3][114]/C
                            (rising edge-triggered cell FDRE clocked by u_top_n_1388  {rise@0.000ns fall@2.500ns period=5.000ns})
  Destination:            u_top/u_core/u_b/u_b_core/core/core/l3/gk.frontend/fifo/g_wide_read.g_read_slice[7].mem_slice_reg_0_3_48_53/RAMB/I
                            (rising edge-triggered cell RAMD32 clocked by u_top_n_1388  {rise@0.000ns fall@2.500ns period=5.000ns})
  Path Group:             u_top_n_1388
  Path Type:              Hold (Min at Fast Process Corner)
  Requirement:            0.000ns  (u_top_n_1388 rise@0.000ns - u_top_n_1388 rise@0.000ns)
  Data Path Delay:        0.261ns  (logic 0.141ns (54.003%)  route 0.120ns (45.997%))
  Logic Levels:           0  
  Clock Path Skew:        0.038ns (DCD - SCD - CPR)
    Destination Clock Delay (DCD):    2.542ns
    Source Clock Delay      (SCD):    1.983ns
    Clock Pessimism Removal (CPR):    0.521ns

    Location             Delay type                Incr(ns)  Path(ns)    Netlist Resource(s)
  -------------------------------------------------------------------    -------------------
                         (clock u_top_n_1388 rise edge)
                                                      0.000     0.000 r  
    W19                                               0.000     0.000 r  sys_clk (IN)
                         net (fo=0)                   0.000     0.000    sys_clk
    W19                  IBUF (Prop_ibuf_I_O)         0.277     0.277 r  sys_clk_IBUF_inst/O
                         net (fo=1, routed)           0.440     0.717    u_top/sys_clk_IBUF
    MMCME2_ADV_X0Y2      MMCME2_ADV (Prop_mmcme2_adv_CLKIN1_CLKOUT0)
                                                      0.050     0.767 r  u_top/g_mmcm.u_mmcm/CLKOUT0
                         net (fo=1, routed)           0.545     1.312    u_top_n_1388
    BUFGCTRL_X0Y0        BUFG (Prop_bufg_I_O)         0.026     1.338 r  input_slot_reg[1][511]_i_3/O
                         net (fo=61850, routed)       0.645     1.983    u_top/u_core/u_b/u_b_core/core/core/l3/gk.frontend/win/clk_200
    SLICE_X58Y86         FDRE                                         r  u_top/u_core/u_b/u_b_core/core/core/l3/gk.frontend/win/shift_reg[3][114]/C
  -------------------------------------------------------------------    -------------------
    SLICE_X58Y86         FDRE (Prop_fdre_C_Q)         0.141     2.124 r  u_top/u_core/u_b/u_b_core/core/core/l3/gk.frontend/win/shift_reg[3][114]/Q
                         net (fo=1, routed)           0.120     2.244    u_top/u_core/u_b/u_b_core/core/core/l3/gk.frontend/fifo/g_wide_read.g_read_slice[7].mem_slice_reg_0_3_48_53/DIB0
    SLICE_X56Y86         RAMD32                                       r  u_top/u_core/u_b/u_b_core/core/core/l3/gk.frontend/fifo/g_wide_read.g_read_slice[7].mem_slice_reg_0_3_48_53/RAMB/I
  -------------------------------------------------------------------    -------------------

                         (clock u_top_n_1388 rise edge)
                                                      0.000     0.000 r  
    W19                                               0.000     0.000 r  sys_clk (IN)
                         net (fo=0)                   0.000     0.000    sys_clk
    W19                  IBUF (Prop_ibuf_I_O)         0.465     0.465 r  sys_clk_IBUF_inst/O
                         net (fo=1, routed)           0.480     0.945    u_top/sys_clk_IBUF
    MMCME2_ADV_X0Y2      MMCME2_ADV (Prop_mmcme2_adv_CLKIN1_CLKOUT0)
                                                      0.053     0.998 r  u_top/g_mmcm.u_mmcm/CLKOUT0
                         net (fo=1, routed)           0.595     1.593    u_top_n_1388
    BUFGCTRL_X0Y0        BUFG (Prop_bufg_I_O)         0.029     1.622 r  input_slot_reg[1][511]_i_3/O
                         net (fo=61850, routed)       0.921     2.542    u_top/u_core/u_b/u_b_core/core/core/l3/gk.frontend/fifo/g_wide_read.g_read_slice[7].mem_slice_reg_0_3_48_53/WCLK
    SLICE_X56Y86         RAMD32                                       r  u_top/u_core/u_b/u_b_core/core/core/l3/gk.frontend/fifo/g_wide_read.g_read_slice[7].mem_slice_reg_0_3_48_53/RAMB/CLK
                         clock pessimism             -0.521     2.021    
    SLICE_X56Y86         RAMD32 (Hold_ramd32_CLK_I)
                                                      0.146     2.167    u_top/u_core/u_b/u_b_core/core/core/l3/gk.frontend/fifo/g_wide_read.g_read_slice[7].mem_slice_reg_0_3_48_53/RAMB
  -------------------------------------------------------------------
                         required time                         -2.167    
                         arrival time                           2.244    
  -------------------------------------------------------------------
                         slack                                  0.077    

Slack (MET) :             0.077ns  (arrival time - required time)
  Source:                 u_top/u_core/u_b/u_b_core/core/core/l3/gk.frontend/win/shift_reg[6][6]/C
                            (rising edge-triggered cell FDRE clocked by u_top_n_1388  {rise@0.000ns fall@2.500ns period=5.000ns})
  Destination:            u_top/u_core/u_b/u_b_core/core/core/l3/gk.frontend/fifo/g_wide_read.g_read_slice[12].mem_slice_reg_0_3_6_11/RAMA/I
                            (rising edge-triggered cell RAMD32 clocked by u_top_n_1388  {rise@0.000ns fall@2.500ns period=5.000ns})
  Path Group:             u_top_n_1388
  Path Type:              Hold (Min at Fast Process Corner)
  Requirement:            0.000ns  (u_top_n_1388 rise@0.000ns - u_top_n_1388 rise@0.000ns)
  Data Path Delay:        0.240ns  (logic 0.141ns (58.643%)  route 0.099ns (41.357%))
  Logic Levels:           0  
  Clock Path Skew:        0.016ns (DCD - SCD - CPR)
    Destination Clock Delay (DCD):    2.476ns
    Source Clock Delay      (SCD):    1.922ns
    Clock Pessimism Removal (CPR):    0.539ns

    Location             Delay type                Incr(ns)  Path(ns)    Netlist Resource(s)
  -------------------------------------------------------------------    -------------------
                         (clock u_top_n_1388 rise edge)
                                                      0.000     0.000 r  
    W19                                               0.000     0.000 r  sys_clk (IN)
                         net (fo=0)                   0.000     0.000    sys_clk
    W19                  IBUF (Prop_ibuf_I_O)         0.277     0.277 r  sys_clk_IBUF_inst/O
                         net (fo=1, routed)           0.440     0.717    u_top/sys_clk_IBUF
    MMCME2_ADV_X0Y2      MMCME2_ADV (Prop_mmcme2_adv_CLKIN1_CLKOUT0)
                                                      0.050     0.767 r  u_top/g_mmcm.u_mmcm/CLKOUT0
                         net (fo=1, routed)           0.545     1.312    u_top_n_1388
    BUFGCTRL_X0Y0        BUFG (Prop_bufg_I_O)         0.026     1.338 r  input_slot_reg[1][511]_i_3/O
                         net (fo=61850, routed)       0.584     1.922    u_top/u_core/u_b/u_b_core/core/core/l3/gk.frontend/win/clk_200
    SLICE_X59Y102        FDRE                                         r  u_top/u_core/u_b/u_b_core/core/core/l3/gk.frontend/win/shift_reg[6][6]/C
  -------------------------------------------------------------------    -------------------
    SLICE_X59Y102        FDRE (Prop_fdre_C_Q)         0.141     2.063 r  u_top/u_core/u_b/u_b_core/core/core/l3/gk.frontend/win/shift_reg[6][6]/Q
                         net (fo=1, routed)           0.099     2.162    u_top/u_core/u_b/u_b_core/core/core/l3/gk.frontend/fifo/g_wide_read.g_read_slice[12].mem_slice_reg_0_3_6_11/DIA0
    SLICE_X60Y102        RAMD32                                       r  u_top/u_core/u_b/u_b_core/core/core/l3/gk.frontend/fifo/g_wide_read.g_read_slice[12].mem_slice_reg_0_3_6_11/RAMA/I
  -------------------------------------------------------------------    -------------------

                         (clock u_top_n_1388 rise edge)
                                                      0.000     0.000 r  
    W19                                               0.000     0.000 r  sys_clk (IN)
                         net (fo=0)                   0.000     0.000    sys_clk
    W19                  IBUF (Prop_ibuf_I_O)         0.465     0.465 r  sys_clk_IBUF_inst/O
                         net (fo=1, routed)           0.480     0.945    u_top/sys_clk_IBUF
    MMCME2_ADV_X0Y2      MMCME2_ADV (Prop_mmcme2_adv_CLKIN1_CLKOUT0)
                                                      0.053     0.998 r  u_top/g_mmcm.u_mmcm/CLKOUT0
                         net (fo=1, routed)           0.595     1.593    u_top_n_1388
    BUFGCTRL_X0Y0        BUFG (Prop_bufg_I_O)         0.029     1.622 r  input_slot_reg[1][511]_i_3/O
                         net (fo=61850, routed)       0.855     2.476    u_top/u_core/u_b/u_b_core/core/core/l3/gk.frontend/fifo/g_wide_read.g_read_slice[12].mem_slice_reg_0_3_6_11/WCLK
    SLICE_X60Y102        RAMD32                                       r  u_top/u_core/u_b/u_b_core/core/core/l3/gk.frontend/fifo/g_wide_read.g_read_slice[12].mem_slice_reg_0_3_6_11/RAMA/CLK
                         clock pessimism             -0.539     1.938    
    SLICE_X60Y102        RAMD32 (Hold_ramd32_CLK_I)
                                                      0.147     2.085    u_top/u_core/u_b/u_b_core/core/core/l3/gk.frontend/fifo/g_wide_read.g_read_slice[12].mem_slice_reg_0_3_6_11/RAMA
  -------------------------------------------------------------------
                         required time                         -2.085    
                         arrival time                           2.162    
  -------------------------------------------------------------------
                         slack                                  0.077    

Slack (MET) :             0.077ns  (arrival time - required time)
  Source:                 u_top/u_core/u_b/u_b_core/core/core/l5/mac/mac/tree_stage[1].channel[2].node[18].pair.sums_q_reg[1][2][18][19]/C
                            (rising edge-triggered cell FDRE clocked by u_top_n_1388  {rise@0.000ns fall@2.500ns period=5.000ns})
  Destination:            u_top/u_core/u_b/u_b_core/core/core/l5/mac/mac/tree_stage[2].channel[2].node[9].pair.sums_q_reg[2][2][9][22]/D
                            (rising edge-triggered cell FDRE clocked by u_top_n_1388  {rise@0.000ns fall@2.500ns period=5.000ns})
  Path Group:             u_top_n_1388
  Path Type:              Hold (Min at Fast Process Corner)
  Requirement:            0.000ns  (u_top_n_1388 rise@0.000ns - u_top_n_1388 rise@0.000ns)
  Data Path Delay:        0.450ns  (logic 0.319ns (70.831%)  route 0.131ns (29.169%))
  Logic Levels:           2  (CARRY4=2)
  Clock Path Skew:        0.268ns (DCD - SCD - CPR)
    Destination Clock Delay (DCD):    2.484ns
    Source Clock Delay      (SCD):    1.933ns
    Clock Pessimism Removal (CPR):    0.284ns

    Location             Delay type                Incr(ns)  Path(ns)    Netlist Resource(s)
  -------------------------------------------------------------------    -------------------
                         (clock u_top_n_1388 rise edge)
                                                      0.000     0.000 r  
    W19                                               0.000     0.000 r  sys_clk (IN)
                         net (fo=0)                   0.000     0.000    sys_clk
    W19                  IBUF (Prop_ibuf_I_O)         0.277     0.277 r  sys_clk_IBUF_inst/O
                         net (fo=1, routed)           0.440     0.717    u_top/sys_clk_IBUF
    MMCME2_ADV_X0Y2      MMCME2_ADV (Prop_mmcme2_adv_CLKIN1_CLKOUT0)
                                                      0.050     0.767 r  u_top/g_mmcm.u_mmcm/CLKOUT0
                         net (fo=1, routed)           0.545     1.312    u_top_n_1388
    BUFGCTRL_X0Y0        BUFG (Prop_bufg_I_O)         0.026     1.338 r  input_slot_reg[1][511]_i_3/O
                         net (fo=61850, routed)       0.595     1.933    u_top/u_core/u_b/u_b_core/core/core/l5/mac/mac/clk_200
    SLICE_X125Y149       FDRE                                         r  u_top/u_core/u_b/u_b_core/core/core/l5/mac/mac/tree_stage[1].channel[2].node[18].pair.sums_q_reg[1][2][18][19]/C
  -------------------------------------------------------------------    -------------------
    SLICE_X125Y149       FDRE (Prop_fdre_C_Q)         0.141     2.074 r  u_top/u_core/u_b/u_b_core/core/core/l5/mac/mac/tree_stage[1].channel[2].node[18].pair.sums_q_reg[1][2][18][19]/Q
                         net (fo=2, routed)           0.131     2.204    u_top/u_core/u_b/u_b_core/core/core/l5/mac/mac/tree_stage[1].channel[2].node[18].pair.sums_q_reg[1][2][18]_331[19]
    SLICE_X123Y149       CARRY4 (Prop_carry4_DI[3]_CO[3])
                                                      0.113     2.317 r  u_top/u_core/u_b/u_b_core/core/core/l5/mac/mac/tree_stage[2].channel[2].node[9].pair.sums_q_reg[2][2][9][19]_i_1/CO[3]
                         net (fo=1, routed)           0.001     2.318    u_top/u_core/u_b/u_b_core/core/core/l5/mac/mac/tree_stage[2].channel[2].node[9].pair.sums_q_reg[2][2][9][19]_i_1_n_0
    SLICE_X123Y150       CARRY4 (Prop_carry4_CI_O[2])
                                                      0.065     2.383 r  u_top/u_core/u_b/u_b_core/core/core/l5/mac/mac/tree_stage[2].channel[2].node[9].pair.sums_q_reg[2][2][9][23]_i_1/O[2]
                         net (fo=1, routed)           0.000     2.383    u_top/u_core/u_b/u_b_core/core/core/l5/mac/mac/tree_stage[2].channel[2].node[9].pair.added[22]
    SLICE_X123Y150       FDRE                                         r  u_top/u_core/u_b/u_b_core/core/core/l5/mac/mac/tree_stage[2].channel[2].node[9].pair.sums_q_reg[2][2][9][22]/D
  -------------------------------------------------------------------    -------------------

                         (clock u_top_n_1388 rise edge)
                                                      0.000     0.000 r  
    W19                                               0.000     0.000 r  sys_clk (IN)
                         net (fo=0)                   0.000     0.000    sys_clk
    W19                  IBUF (Prop_ibuf_I_O)         0.465     0.465 r  sys_clk_IBUF_inst/O
                         net (fo=1, routed)           0.480     0.945    u_top/sys_clk_IBUF
    MMCME2_ADV_X0Y2      MMCME2_ADV (Prop_mmcme2_adv_CLKIN1_CLKOUT0)
                                                      0.053     0.998 r  u_top/g_mmcm.u_mmcm/CLKOUT0
                         net (fo=1, routed)           0.595     1.593    u_top_n_1388
    BUFGCTRL_X0Y0        BUFG (Prop_bufg_I_O)         0.029     1.622 r  input_slot_reg[1][511]_i_3/O
                         net (fo=61850, routed)       0.863     2.484    u_top/u_core/u_b/u_b_core/core/core/l5/mac/mac/clk_200
    SLICE_X123Y150       FDRE                                         r  u_top/u_core/u_b/u_b_core/core/core/l5/mac/mac/tree_stage[2].channel[2].node[9].pair.sums_q_reg[2][2][9][22]/C
                         clock pessimism             -0.284     2.200    
    SLICE_X123Y150       FDRE (Hold_fdre_C_D)         0.105     2.305    u_top/u_core/u_b/u_b_core/core/core/l5/mac/mac/tree_stage[2].channel[2].node[9].pair.sums_q_reg[2][2][9][22]
  -------------------------------------------------------------------
                         required time                         -2.305    
                         arrival time                           2.383    
  -------------------------------------------------------------------
                         slack                                  0.077    

Slack (MET) :             0.079ns  (arrival time - required time)
  Source:                 u_top/u_core/u_b/u_b_core/core/core/l5/gk.frontend/win/shift_reg[15][166]/C
                            (rising edge-triggered cell FDRE clocked by u_top_n_1388  {rise@0.000ns fall@2.500ns period=5.000ns})
  Destination:            u_top/u_core/u_b/u_b_core/core/core/l5/gk.frontend/fifo/g_wide_read.g_read_slice[62].mem_slice_reg_0_3_36_41/RAMB/I
                            (rising edge-triggered cell RAMD32 clocked by u_top_n_1388  {rise@0.000ns fall@2.500ns period=5.000ns})
  Path Group:             u_top_n_1388
  Path Type:              Hold (Min at Fast Process Corner)
  Requirement:            0.000ns  (u_top_n_1388 rise@0.000ns - u_top_n_1388 rise@0.000ns)
  Data Path Delay:        0.259ns  (logic 0.141ns (54.510%)  route 0.118ns (45.490%))
  Logic Levels:           0  
  Clock Path Skew:        0.034ns (DCD - SCD - CPR)
    Destination Clock Delay (DCD):    2.473ns
    Source Clock Delay      (SCD):    1.922ns
    Clock Pessimism Removal (CPR):    0.518ns

    Location             Delay type                Incr(ns)  Path(ns)    Netlist Resource(s)
  -------------------------------------------------------------------    -------------------
                         (clock u_top_n_1388 rise edge)
                                                      0.000     0.000 r  
    W19                                               0.000     0.000 r  sys_clk (IN)
                         net (fo=0)                   0.000     0.000    sys_clk
    W19                  IBUF (Prop_ibuf_I_O)         0.277     0.277 r  sys_clk_IBUF_inst/O
                         net (fo=1, routed)           0.440     0.717    u_top/sys_clk_IBUF
    MMCME2_ADV_X0Y2      MMCME2_ADV (Prop_mmcme2_adv_CLKIN1_CLKOUT0)
                                                      0.050     0.767 r  u_top/g_mmcm.u_mmcm/CLKOUT0
                         net (fo=1, routed)           0.545     1.312    u_top_n_1388
    BUFGCTRL_X0Y0        BUFG (Prop_bufg_I_O)         0.026     1.338 r  input_slot_reg[1][511]_i_3/O
                         net (fo=61850, routed)       0.584     1.922    u_top/u_core/u_b/u_b_core/core/core/l5/gk.frontend/win/clk_200
    SLICE_X126Y128       FDRE                                         r  u_top/u_core/u_b/u_b_core/core/core/l5/gk.frontend/win/shift_reg[15][166]/C
  -------------------------------------------------------------------    -------------------
    SLICE_X126Y128       FDRE (Prop_fdre_C_Q)         0.141     2.063 r  u_top/u_core/u_b/u_b_core/core/core/l5/gk.frontend/win/shift_reg[15][166]/Q
                         net (fo=1, routed)           0.118     2.180    u_top/u_core/u_b/u_b_core/core/core/l5/gk.frontend/fifo/g_wide_read.g_read_slice[62].mem_slice_reg_0_3_36_41/DIB0
    SLICE_X128Y127       RAMD32                                       r  u_top/u_core/u_b/u_b_core/core/core/l5/gk.frontend/fifo/g_wide_read.g_read_slice[62].mem_slice_reg_0_3_36_41/RAMB/I
  -------------------------------------------------------------------    -------------------

                         (clock u_top_n_1388 rise edge)
                                                      0.000     0.000 r  
    W19                                               0.000     0.000 r  sys_clk (IN)
                         net (fo=0)                   0.000     0.000    sys_clk
    W19                  IBUF (Prop_ibuf_I_O)         0.465     0.465 r  sys_clk_IBUF_inst/O
                         net (fo=1, routed)           0.480     0.945    u_top/sys_clk_IBUF
    MMCME2_ADV_X0Y2      MMCME2_ADV (Prop_mmcme2_adv_CLKIN1_CLKOUT0)
                                                      0.053     0.998 r  u_top/g_mmcm.u_mmcm/CLKOUT0
                         net (fo=1, routed)           0.595     1.593    u_top_n_1388
    BUFGCTRL_X0Y0        BUFG (Prop_bufg_I_O)         0.029     1.622 r  input_slot_reg[1][511]_i_3/O
                         net (fo=61850, routed)       0.852     2.473    u_top/u_core/u_b/u_b_core/core/core/l5/gk.frontend/fifo/g_wide_read.g_read_slice[62].mem_slice_reg_0_3_36_41/WCLK
    SLICE_X128Y127       RAMD32                                       r  u_top/u_core/u_b/u_b_core/core/core/l5/gk.frontend/fifo/g_wide_read.g_read_slice[62].mem_slice_reg_0_3_36_41/RAMB/CLK
                         clock pessimism             -0.518     1.956    
    SLICE_X128Y127       RAMD32 (Hold_ramd32_CLK_I)
                                                      0.146     2.102    u_top/u_core/u_b/u_b_core/core/core/l5/gk.frontend/fifo/g_wide_read.g_read_slice[62].mem_slice_reg_0_3_36_41/RAMB
  -------------------------------------------------------------------
                         required time                         -2.102    
                         arrival time                           2.180    
  -------------------------------------------------------------------
                         slack                                  0.079    

Slack (MET) :             0.079ns  (arrival time - required time)
  Source:                 u_top/u_core/u_b/u_b_core/core/core/l3/gk.frontend/win/shift_reg[6][106]/C
                            (rising edge-triggered cell FDRE clocked by u_top_n_1388  {rise@0.000ns fall@2.500ns period=5.000ns})
  Destination:            u_top/u_core/u_b/u_b_core/core/core/l3/gk.frontend/fifo/g_wide_read.g_read_slice[13].mem_slice_reg_0_3_42_47/RAMA/I
                            (rising edge-triggered cell RAMD32 clocked by u_top_n_1388  {rise@0.000ns fall@2.500ns period=5.000ns})
  Path Group:             u_top_n_1388
  Path Type:              Hold (Min at Fast Process Corner)
  Requirement:            0.000ns  (u_top_n_1388 rise@0.000ns - u_top_n_1388 rise@0.000ns)
  Data Path Delay:        0.242ns  (logic 0.141ns (58.222%)  route 0.101ns (41.777%))
  Logic Levels:           0  
  Clock Path Skew:        0.016ns (DCD - SCD - CPR)
    Destination Clock Delay (DCD):    2.474ns
    Source Clock Delay      (SCD):    1.920ns
    Clock Pessimism Removal (CPR):    0.539ns

    Location             Delay type                Incr(ns)  Path(ns)    Netlist Resource(s)
  -------------------------------------------------------------------    -------------------
                         (clock u_top_n_1388 rise edge)
                                                      0.000     0.000 r  
    W19                                               0.000     0.000 r  sys_clk (IN)
                         net (fo=0)                   0.000     0.000    sys_clk
    W19                  IBUF (Prop_ibuf_I_O)         0.277     0.277 r  sys_clk_IBUF_inst/O
                         net (fo=1, routed)           0.440     0.717    u_top/sys_clk_IBUF
    MMCME2_ADV_X0Y2      MMCME2_ADV (Prop_mmcme2_adv_CLKIN1_CLKOUT0)
                                                      0.050     0.767 r  u_top/g_mmcm.u_mmcm/CLKOUT0
                         net (fo=1, routed)           0.545     1.312    u_top_n_1388
    BUFGCTRL_X0Y0        BUFG (Prop_bufg_I_O)         0.026     1.338 r  input_slot_reg[1][511]_i_3/O
                         net (fo=61850, routed)       0.582     1.920    u_top/u_core/u_b/u_b_core/core/core/l3/gk.frontend/win/clk_200
    SLICE_X58Y108        FDRE                                         r  u_top/u_core/u_b/u_b_core/core/core/l3/gk.frontend/win/shift_reg[6][106]/C
  -------------------------------------------------------------------    -------------------
    SLICE_X58Y108        FDRE (Prop_fdre_C_Q)         0.141     2.061 r  u_top/u_core/u_b/u_b_core/core/core/l3/gk.frontend/win/shift_reg[6][106]/Q
                         net (fo=1, routed)           0.101     2.162    u_top/u_core/u_b/u_b_core/core/core/l3/gk.frontend/fifo/g_wide_read.g_read_slice[13].mem_slice_reg_0_3_42_47/DIA0
    SLICE_X60Y107        RAMD32                                       r  u_top/u_core/u_b/u_b_core/core/core/l3/gk.frontend/fifo/g_wide_read.g_read_slice[13].mem_slice_reg_0_3_42_47/RAMA/I
  -------------------------------------------------------------------    -------------------

                         (clock u_top_n_1388 rise edge)
                                                      0.000     0.000 r  
    W19                                               0.000     0.000 r  sys_clk (IN)
                         net (fo=0)                   0.000     0.000    sys_clk
    W19                  IBUF (Prop_ibuf_I_O)         0.465     0.465 r  sys_clk_IBUF_inst/O
                         net (fo=1, routed)           0.480     0.945    u_top/sys_clk_IBUF
    MMCME2_ADV_X0Y2      MMCME2_ADV (Prop_mmcme2_adv_CLKIN1_CLKOUT0)
                                                      0.053     0.998 r  u_top/g_mmcm.u_mmcm/CLKOUT0
                         net (fo=1, routed)           0.595     1.593    u_top_n_1388
    BUFGCTRL_X0Y0        BUFG (Prop_bufg_I_O)         0.029     1.622 r  input_slot_reg[1][511]_i_3/O
                         net (fo=61850, routed)       0.853     2.474    u_top/u_core/u_b/u_b_core/core/core/l3/gk.frontend/fifo/g_wide_read.g_read_slice[13].mem_slice_reg_0_3_42_47/WCLK
    SLICE_X60Y107        RAMD32                                       r  u_top/u_core/u_b/u_b_core/core/core/l3/gk.frontend/fifo/g_wide_read.g_read_slice[13].mem_slice_reg_0_3_42_47/RAMA/CLK
                         clock pessimism             -0.539     1.936    
    SLICE_X60Y107        RAMD32 (Hold_ramd32_CLK_I)
                                                      0.147     2.083    u_top/u_core/u_b/u_b_core/core/core/l3/gk.frontend/fifo/g_wide_read.g_read_slice[13].mem_slice_reg_0_3_42_47/RAMA
  -------------------------------------------------------------------
                         required time                         -2.083    
                         arrival time                           2.162    
  -------------------------------------------------------------------
                         slack                                  0.079    

Slack (MET) :             0.079ns  (arrival time - required time)
  Source:                 u_top/u_core/u_b/u_b_core/core/core/l3/gk.frontend/win/shift_reg[3][12]/C
                            (rising edge-triggered cell FDRE clocked by u_top_n_1388  {rise@0.000ns fall@2.500ns period=5.000ns})
  Destination:            u_top/u_core/u_b/u_b_core/core/core/l3/gk.frontend/fifo/g_wide_read.g_read_slice[6].mem_slice_reg_0_3_12_17/RAMA/I
                            (rising edge-triggered cell RAMD32 clocked by u_top_n_1388  {rise@0.000ns fall@2.500ns period=5.000ns})
  Path Group:             u_top_n_1388
  Path Type:              Hold (Min at Fast Process Corner)
  Requirement:            0.000ns  (u_top_n_1388 rise@0.000ns - u_top_n_1388 rise@0.000ns)
  Data Path Delay:        0.242ns  (logic 0.141ns (58.218%)  route 0.101ns (41.782%))
  Logic Levels:           0  
  Clock Path Skew:        0.016ns (DCD - SCD - CPR)
    Destination Clock Delay (DCD):    2.546ns
    Source Clock Delay      (SCD):    1.989ns
    Clock Pessimism Removal (CPR):    0.541ns

    Location             Delay type                Incr(ns)  Path(ns)    Netlist Resource(s)
  -------------------------------------------------------------------    -------------------
                         (clock u_top_n_1388 rise edge)
                                                      0.000     0.000 r  
    W19                                               0.000     0.000 r  sys_clk (IN)
                         net (fo=0)                   0.000     0.000    sys_clk
    W19                  IBUF (Prop_ibuf_I_O)         0.277     0.277 r  sys_clk_IBUF_inst/O
                         net (fo=1, routed)           0.440     0.717    u_top/sys_clk_IBUF
    MMCME2_ADV_X0Y2      MMCME2_ADV (Prop_mmcme2_adv_CLKIN1_CLKOUT0)
                                                      0.050     0.767 r  u_top/g_mmcm.u_mmcm/CLKOUT0
                         net (fo=1, routed)           0.545     1.312    u_top_n_1388
    BUFGCTRL_X0Y0        BUFG (Prop_bufg_I_O)         0.026     1.338 r  input_slot_reg[1][511]_i_3/O
                         net (fo=61850, routed)       0.651     1.989    u_top/u_core/u_b/u_b_core/core/core/l3/gk.frontend/win/clk_200
    SLICE_X50Y90         FDRE                                         r  u_top/u_core/u_b/u_b_core/core/core/l3/gk.frontend/win/shift_reg[3][12]/C
  -------------------------------------------------------------------    -------------------
    SLICE_X50Y90         FDRE (Prop_fdre_C_Q)         0.141     2.130 r  u_top/u_core/u_b/u_b_core/core/core/l3/gk.frontend/win/shift_reg[3][12]/Q
                         net (fo=1, routed)           0.101     2.231    u_top/u_core/u_b/u_b_core/core/core/l3/gk.frontend/fifo/g_wide_read.g_read_slice[6].mem_slice_reg_0_3_12_17/DIA0
    SLICE_X52Y90         RAMD32                                       r  u_top/u_core/u_b/u_b_core/core/core/l3/gk.frontend/fifo/g_wide_read.g_read_slice[6].mem_slice_reg_0_3_12_17/RAMA/I
  -------------------------------------------------------------------    -------------------

                         (clock u_top_n_1388 rise edge)
                                                      0.000     0.000 r  
    W19                                               0.000     0.000 r  sys_clk (IN)
                         net (fo=0)                   0.000     0.000    sys_clk
    W19                  IBUF (Prop_ibuf_I_O)         0.465     0.465 r  sys_clk_IBUF_inst/O
                         net (fo=1, routed)           0.480     0.945    u_top/sys_clk_IBUF
    MMCME2_ADV_X0Y2      MMCME2_ADV (Prop_mmcme2_adv_CLKIN1_CLKOUT0)
                                                      0.053     0.998 r  u_top/g_mmcm.u_mmcm/CLKOUT0
                         net (fo=1, routed)           0.595     1.593    u_top_n_1388
    BUFGCTRL_X0Y0        BUFG (Prop_bufg_I_O)         0.029     1.622 r  input_slot_reg[1][511]_i_3/O
                         net (fo=61850, routed)       0.925     2.546    u_top/u_core/u_b/u_b_core/core/core/l3/gk.frontend/fifo/g_wide_read.g_read_slice[6].mem_slice_reg_0_3_12_17/WCLK
    SLICE_X52Y90         RAMD32                                       r  u_top/u_core/u_b/u_b_core/core/core/l3/gk.frontend/fifo/g_wide_read.g_read_slice[6].mem_slice_reg_0_3_12_17/RAMA/CLK
                         clock pessimism             -0.541     2.005    
    SLICE_X52Y90         RAMD32 (Hold_ramd32_CLK_I)
                                                      0.147     2.152    u_top/u_core/u_b/u_b_core/core/core/l3/gk.frontend/fifo/g_wide_read.g_read_slice[6].mem_slice_reg_0_3_12_17/RAMA
  -------------------------------------------------------------------
                         required time                         -2.152    
                         arrival time                           2.231    
  -------------------------------------------------------------------
                         slack                                  0.079    

Slack (MET) :             0.079ns  (arrival time - required time)
  Source:                 u_top/u_core/u_b/u_b_core/core/core/l5/gk.frontend/fifo/wr_ptr_reg[1]_rep__1/C
                            (rising edge-triggered cell FDRE clocked by u_top_n_1388  {rise@0.000ns fall@2.500ns period=5.000ns})
  Destination:            u_top/u_core/u_b/u_b_core/core/core/l5/gk.frontend/fifo/g_wide_read.g_read_slice[52].mem_slice_reg_0_3_36_41/RAMA/WADR1
                            (rising edge-triggered cell RAMD32 clocked by u_top_n_1388  {rise@0.000ns fall@2.500ns period=5.000ns})
  Path Group:             u_top_n_1388
  Path Type:              Hold (Min at Fast Process Corner)
  Requirement:            0.000ns  (u_top_n_1388 rise@0.000ns - u_top_n_1388 rise@0.000ns)
  Data Path Delay:        0.404ns  (logic 0.141ns (34.866%)  route 0.263ns (65.134%))
  Logic Levels:           0  
  Clock Path Skew:        0.016ns (DCD - SCD - CPR)
    Destination Clock Delay (DCD):    2.486ns
    Source Clock Delay      (SCD):    1.932ns
    Clock Pessimism Removal (CPR):    0.539ns

    Location             Delay type                Incr(ns)  Path(ns)    Netlist Resource(s)
  -------------------------------------------------------------------    -------------------
                         (clock u_top_n_1388 rise edge)
                                                      0.000     0.000 r  
    W19                                               0.000     0.000 r  sys_clk (IN)
                         net (fo=0)                   0.000     0.000    sys_clk
    W19                  IBUF (Prop_ibuf_I_O)         0.277     0.277 r  sys_clk_IBUF_inst/O
                         net (fo=1, routed)           0.440     0.717    u_top/sys_clk_IBUF
    MMCME2_ADV_X0Y2      MMCME2_ADV (Prop_mmcme2_adv_CLKIN1_CLKOUT0)
                                                      0.050     0.767 r  u_top/g_mmcm.u_mmcm/CLKOUT0
                         net (fo=1, routed)           0.545     1.312    u_top_n_1388
    BUFGCTRL_X0Y0        BUFG (Prop_bufg_I_O)         0.026     1.338 r  input_slot_reg[1][511]_i_3/O
                         net (fo=61850, routed)       0.594     1.932    u_top/u_core/u_b/u_b_core/core/core/l5/gk.frontend/fifo/clk_200
    SLICE_X129Y106       FDRE                                         r  u_top/u_core/u_b/u_b_core/core/core/l5/gk.frontend/fifo/wr_ptr_reg[1]_rep__1/C
  -------------------------------------------------------------------    -------------------
    SLICE_X129Y106       FDRE (Prop_fdre_C_Q)         0.141     2.073 r  u_top/u_core/u_b/u_b_core/core/core/l5/gk.frontend/fifo/wr_ptr_reg[1]_rep__1/Q
                         net (fo=1056, routed)        0.263     2.336    u_top/u_core/u_b/u_b_core/core/core/l5/gk.frontend/fifo/g_wide_read.g_read_slice[52].mem_slice_reg_0_3_36_41/ADDRD1
    SLICE_X128Y105       RAMD32                                       r  u_top/u_core/u_b/u_b_core/core/core/l5/gk.frontend/fifo/g_wide_read.g_read_slice[52].mem_slice_reg_0_3_36_41/RAMA/WADR1
  -------------------------------------------------------------------    -------------------

                         (clock u_top_n_1388 rise edge)
                                                      0.000     0.000 r  
    W19                                               0.000     0.000 r  sys_clk (IN)
                         net (fo=0)                   0.000     0.000    sys_clk
    W19                  IBUF (Prop_ibuf_I_O)         0.465     0.465 r  sys_clk_IBUF_inst/O
                         net (fo=1, routed)           0.480     0.945    u_top/sys_clk_IBUF
    MMCME2_ADV_X0Y2      MMCME2_ADV (Prop_mmcme2_adv_CLKIN1_CLKOUT0)
                                                      0.053     0.998 r  u_top/g_mmcm.u_mmcm/CLKOUT0
                         net (fo=1, routed)           0.595     1.593    u_top_n_1388
    BUFGCTRL_X0Y0        BUFG (Prop_bufg_I_O)         0.029     1.622 r  input_slot_reg[1][511]_i_3/O
                         net (fo=61850, routed)       0.865     2.486    u_top/u_core/u_b/u_b_core/core/core/l5/gk.frontend/fifo/g_wide_read.g_read_slice[52].mem_slice_reg_0_3_36_41/WCLK
    SLICE_X128Y105       RAMD32                                       r  u_top/u_core/u_b/u_b_core/core/core/l5/gk.frontend/fifo/g_wide_read.g_read_slice[52].mem_slice_reg_0_3_36_41/RAMA/CLK
                         clock pessimism             -0.539     1.948    
    SLICE_X128Y105       RAMD32 (Hold_ramd32_CLK_WADR1)
                                                      0.309     2.257    u_top/u_core/u_b/u_b_core/core/core/l5/gk.frontend/fifo/g_wide_read.g_read_slice[52].mem_slice_reg_0_3_36_41/RAMA
  -------------------------------------------------------------------
                         required time                         -2.257    
                         arrival time                           2.336    
  -------------------------------------------------------------------
                         slack                                  0.079    

Slack (MET) :             0.079ns  (arrival time - required time)
  Source:                 u_top/u_core/u_b/u_b_core/core/core/l5/gk.frontend/fifo/wr_ptr_reg[1]_rep__1/C
                            (rising edge-triggered cell FDRE clocked by u_top_n_1388  {rise@0.000ns fall@2.500ns period=5.000ns})
  Destination:            u_top/u_core/u_b/u_b_core/core/core/l5/gk.frontend/fifo/g_wide_read.g_read_slice[52].mem_slice_reg_0_3_36_41/RAMA_D1/WADR1
                            (rising edge-triggered cell RAMD32 clocked by u_top_n_1388  {rise@0.000ns fall@2.500ns period=5.000ns})
  Path Group:             u_top_n_1388
  Path Type:              Hold (Min at Fast Process Corner)
  Requirement:            0.000ns  (u_top_n_1388 rise@0.000ns - u_top_n_1388 rise@0.000ns)
  Data Path Delay:        0.404ns  (logic 0.141ns (34.866%)  route 0.263ns (65.134%))
  Logic Levels:           0  
  Clock Path Skew:        0.016ns (DCD - SCD - CPR)
    Destination Clock Delay (DCD):    2.486ns
    Source Clock Delay      (SCD):    1.932ns
    Clock Pessimism Removal (CPR):    0.539ns

    Location             Delay type                Incr(ns)  Path(ns)    Netlist Resource(s)
  -------------------------------------------------------------------    -------------------
                         (clock u_top_n_1388 rise edge)
                                                      0.000     0.000 r  
    W19                                               0.000     0.000 r  sys_clk (IN)
                         net (fo=0)                   0.000     0.000    sys_clk
    W19                  IBUF (Prop_ibuf_I_O)         0.277     0.277 r  sys_clk_IBUF_inst/O
                         net (fo=1, routed)           0.440     0.717    u_top/sys_clk_IBUF
    MMCME2_ADV_X0Y2      MMCME2_ADV (Prop_mmcme2_adv_CLKIN1_CLKOUT0)
                                                      0.050     0.767 r  u_top/g_mmcm.u_mmcm/CLKOUT0
                         net (fo=1, routed)           0.545     1.312    u_top_n_1388
    BUFGCTRL_X0Y0        BUFG (Prop_bufg_I_O)         0.026     1.338 r  input_slot_reg[1][511]_i_3/O
                         net (fo=61850, routed)       0.594     1.932    u_top/u_core/u_b/u_b_core/core/core/l5/gk.frontend/fifo/clk_200
    SLICE_X129Y106       FDRE                                         r  u_top/u_core/u_b/u_b_core/core/core/l5/gk.frontend/fifo/wr_ptr_reg[1]_rep__1/C
  -------------------------------------------------------------------    -------------------
    SLICE_X129Y106       FDRE (Prop_fdre_C_Q)         0.141     2.073 r  u_top/u_core/u_b/u_b_core/core/core/l5/gk.frontend/fifo/wr_ptr_reg[1]_rep__1/Q
                         net (fo=1056, routed)        0.263     2.336    u_top/u_core/u_b/u_b_core/core/core/l5/gk.frontend/fifo/g_wide_read.g_read_slice[52].mem_slice_reg_0_3_36_41/ADDRD1
    SLICE_X128Y105       RAMD32                                       r  u_top/u_core/u_b/u_b_core/core/core/l5/gk.frontend/fifo/g_wide_read.g_read_slice[52].mem_slice_reg_0_3_36_41/RAMA_D1/WADR1
  -------------------------------------------------------------------    -------------------

                         (clock u_top_n_1388 rise edge)
                                                      0.000     0.000 r  
    W19                                               0.000     0.000 r  sys_clk (IN)
                         net (fo=0)                   0.000     0.000    sys_clk
    W19                  IBUF (Prop_ibuf_I_O)         0.465     0.465 r  sys_clk_IBUF_inst/O
                         net (fo=1, routed)           0.480     0.945    u_top/sys_clk_IBUF
    MMCME2_ADV_X0Y2      MMCME2_ADV (Prop_mmcme2_adv_CLKIN1_CLKOUT0)
                                                      0.053     0.998 r  u_top/g_mmcm.u_mmcm/CLKOUT0
                         net (fo=1, routed)           0.595     1.593    u_top_n_1388
    BUFGCTRL_X0Y0        BUFG (Prop_bufg_I_O)         0.029     1.622 r  input_slot_reg[1][511]_i_3/O
                         net (fo=61850, routed)       0.865     2.486    u_top/u_core/u_b/u_b_core/core/core/l5/gk.frontend/fifo/g_wide_read.g_read_slice[52].mem_slice_reg_0_3_36_41/WCLK
    SLICE_X128Y105       RAMD32                                       r  u_top/u_core/u_b/u_b_core/core/core/l5/gk.frontend/fifo/g_wide_read.g_read_slice[52].mem_slice_reg_0_3_36_41/RAMA_D1/CLK
                         clock pessimism             -0.539     1.948    
    SLICE_X128Y105       RAMD32 (Hold_ramd32_CLK_WADR1)
                                                      0.309     2.257    u_top/u_core/u_b/u_b_core/core/core/l5/gk.frontend/fifo/g_wide_read.g_read_slice[52].mem_slice_reg_0_3_36_41/RAMA_D1
  -------------------------------------------------------------------
                         required time                         -2.257    
                         arrival time                           2.336    
  -------------------------------------------------------------------
                         slack                                  0.079    

Slack (MET) :             0.079ns  (arrival time - required time)
  Source:                 u_top/u_core/u_b/u_b_core/core/core/l5/gk.frontend/fifo/wr_ptr_reg[1]_rep__1/C
                            (rising edge-triggered cell FDRE clocked by u_top_n_1388  {rise@0.000ns fall@2.500ns period=5.000ns})
  Destination:            u_top/u_core/u_b/u_b_core/core/core/l5/gk.frontend/fifo/g_wide_read.g_read_slice[52].mem_slice_reg_0_3_36_41/RAMB/WADR1
                            (rising edge-triggered cell RAMD32 clocked by u_top_n_1388  {rise@0.000ns fall@2.500ns period=5.000ns})
  Path Group:             u_top_n_1388
  Path Type:              Hold (Min at Fast Process Corner)
  Requirement:            0.000ns  (u_top_n_1388 rise@0.000ns - u_top_n_1388 rise@0.000ns)
  Data Path Delay:        0.404ns  (logic 0.141ns (34.866%)  route 0.263ns (65.134%))
  Logic Levels:           0  
  Clock Path Skew:        0.016ns (DCD - SCD - CPR)
    Destination Clock Delay (DCD):    2.486ns
    Source Clock Delay      (SCD):    1.932ns
    Clock Pessimism Removal (CPR):    0.539ns

    Location             Delay type                Incr(ns)  Path(ns)    Netlist Resource(s)
  -------------------------------------------------------------------    -------------------
                         (clock u_top_n_1388 rise edge)
                                                      0.000     0.000 r  
    W19                                               0.000     0.000 r  sys_clk (IN)
                         net (fo=0)                   0.000     0.000    sys_clk
    W19                  IBUF (Prop_ibuf_I_O)         0.277     0.277 r  sys_clk_IBUF_inst/O
                         net (fo=1, routed)           0.440     0.717    u_top/sys_clk_IBUF
    MMCME2_ADV_X0Y2      MMCME2_ADV (Prop_mmcme2_adv_CLKIN1_CLKOUT0)
                                                      0.050     0.767 r  u_top/g_mmcm.u_mmcm/CLKOUT0
                         net (fo=1, routed)           0.545     1.312    u_top_n_1388
    BUFGCTRL_X0Y0        BUFG (Prop_bufg_I_O)         0.026     1.338 r  input_slot_reg[1][511]_i_3/O
                         net (fo=61850, routed)       0.594     1.932    u_top/u_core/u_b/u_b_core/core/core/l5/gk.frontend/fifo/clk_200
    SLICE_X129Y106       FDRE                                         r  u_top/u_core/u_b/u_b_core/core/core/l5/gk.frontend/fifo/wr_ptr_reg[1]_rep__1/C
  -------------------------------------------------------------------    -------------------
    SLICE_X129Y106       FDRE (Prop_fdre_C_Q)         0.141     2.073 r  u_top/u_core/u_b/u_b_core/core/core/l5/gk.frontend/fifo/wr_ptr_reg[1]_rep__1/Q
                         net (fo=1056, routed)        0.263     2.336    u_top/u_core/u_b/u_b_core/core/core/l5/gk.frontend/fifo/g_wide_read.g_read_slice[52].mem_slice_reg_0_3_36_41/ADDRD1
    SLICE_X128Y105       RAMD32                                       r  u_top/u_core/u_b/u_b_core/core/core/l5/gk.frontend/fifo/g_wide_read.g_read_slice[52].mem_slice_reg_0_3_36_41/RAMB/WADR1
  -------------------------------------------------------------------    -------------------

                         (clock u_top_n_1388 rise edge)
                                                      0.000     0.000 r  
    W19                                               0.000     0.000 r  sys_clk (IN)
                         net (fo=0)                   0.000     0.000    sys_clk
    W19                  IBUF (Prop_ibuf_I_O)         0.465     0.465 r  sys_clk_IBUF_inst/O
                         net (fo=1, routed)           0.480     0.945    u_top/sys_clk_IBUF
    MMCME2_ADV_X0Y2      MMCME2_ADV (Prop_mmcme2_adv_CLKIN1_CLKOUT0)
                                                      0.053     0.998 r  u_top/g_mmcm.u_mmcm/CLKOUT0
                         net (fo=1, routed)           0.595     1.593    u_top_n_1388
    BUFGCTRL_X0Y0        BUFG (Prop_bufg_I_O)         0.029     1.622 r  input_slot_reg[1][511]_i_3/O
                         net (fo=61850, routed)       0.865     2.486    u_top/u_core/u_b/u_b_core/core/core/l5/gk.frontend/fifo/g_wide_read.g_read_slice[52].mem_slice_reg_0_3_36_41/WCLK
    SLICE_X128Y105       RAMD32                                       r  u_top/u_core/u_b/u_b_core/core/core/l5/gk.frontend/fifo/g_wide_read.g_read_slice[52].mem_slice_reg_0_3_36_41/RAMB/CLK
                         clock pessimism             -0.539     1.948    
    SLICE_X128Y105       RAMD32 (Hold_ramd32_CLK_WADR1)
                                                      0.309     2.257    u_top/u_core/u_b/u_b_core/core/core/l5/gk.frontend/fifo/g_wide_read.g_read_slice[52].mem_slice_reg_0_3_36_41/RAMB
  -------------------------------------------------------------------
                         required time                         -2.257    
                         arrival time                           2.336    
  -------------------------------------------------------------------
                         slack                                  0.079    

Slack (MET) :             0.079ns  (arrival time - required time)
  Source:                 u_top/u_core/u_b/u_b_core/core/core/l5/gk.frontend/fifo/wr_ptr_reg[1]_rep__1/C
                            (rising edge-triggered cell FDRE clocked by u_top_n_1388  {rise@0.000ns fall@2.500ns period=5.000ns})
  Destination:            u_top/u_core/u_b/u_b_core/core/core/l5/gk.frontend/fifo/g_wide_read.g_read_slice[52].mem_slice_reg_0_3_36_41/RAMB_D1/WADR1
                            (rising edge-triggered cell RAMD32 clocked by u_top_n_1388  {rise@0.000ns fall@2.500ns period=5.000ns})
  Path Group:             u_top_n_1388
  Path Type:              Hold (Min at Fast Process Corner)
  Requirement:            0.000ns  (u_top_n_1388 rise@0.000ns - u_top_n_1388 rise@0.000ns)
  Data Path Delay:        0.404ns  (logic 0.141ns (34.866%)  route 0.263ns (65.134%))
  Logic Levels:           0  
  Clock Path Skew:        0.016ns (DCD - SCD - CPR)
    Destination Clock Delay (DCD):    2.486ns
    Source Clock Delay      (SCD):    1.932ns
    Clock Pessimism Removal (CPR):    0.539ns

    Location             Delay type                Incr(ns)  Path(ns)    Netlist Resource(s)
  -------------------------------------------------------------------    -------------------
                         (clock u_top_n_1388 rise edge)
                                                      0.000     0.000 r  
    W19                                               0.000     0.000 r  sys_clk (IN)
                         net (fo=0)                   0.000     0.000    sys_clk
    W19                  IBUF (Prop_ibuf_I_O)         0.277     0.277 r  sys_clk_IBUF_inst/O
                         net (fo=1, routed)           0.440     0.717    u_top/sys_clk_IBUF
    MMCME2_ADV_X0Y2      MMCME2_ADV (Prop_mmcme2_adv_CLKIN1_CLKOUT0)
                                                      0.050     0.767 r  u_top/g_mmcm.u_mmcm/CLKOUT0
                         net (fo=1, routed)           0.545     1.312    u_top_n_1388
    BUFGCTRL_X0Y0        BUFG (Prop_bufg_I_O)         0.026     1.338 r  input_slot_reg[1][511]_i_3/O
                         net (fo=61850, routed)       0.594     1.932    u_top/u_core/u_b/u_b_core/core/core/l5/gk.frontend/fifo/clk_200
    SLICE_X129Y106       FDRE                                         r  u_top/u_core/u_b/u_b_core/core/core/l5/gk.frontend/fifo/wr_ptr_reg[1]_rep__1/C
  -------------------------------------------------------------------    -------------------
    SLICE_X129Y106       FDRE (Prop_fdre_C_Q)         0.141     2.073 r  u_top/u_core/u_b/u_b_core/core/core/l5/gk.frontend/fifo/wr_ptr_reg[1]_rep__1/Q
                         net (fo=1056, routed)        0.263     2.336    u_top/u_core/u_b/u_b_core/core/core/l5/gk.frontend/fifo/g_wide_read.g_read_slice[52].mem_slice_reg_0_3_36_41/ADDRD1
    SLICE_X128Y105       RAMD32                                       r  u_top/u_core/u_b/u_b_core/core/core/l5/gk.frontend/fifo/g_wide_read.g_read_slice[52].mem_slice_reg_0_3_36_41/RAMB_D1/WADR1
  -------------------------------------------------------------------    -------------------

                         (clock u_top_n_1388 rise edge)
                                                      0.000     0.000 r  
    W19                                               0.000     0.000 r  sys_clk (IN)
                         net (fo=0)                   0.000     0.000    sys_clk
    W19                  IBUF (Prop_ibuf_I_O)         0.465     0.465 r  sys_clk_IBUF_inst/O
                         net (fo=1, routed)           0.480     0.945    u_top/sys_clk_IBUF
    MMCME2_ADV_X0Y2      MMCME2_ADV (Prop_mmcme2_adv_CLKIN1_CLKOUT0)
                                                      0.053     0.998 r  u_top/g_mmcm.u_mmcm/CLKOUT0
                         net (fo=1, routed)           0.595     1.593    u_top_n_1388
    BUFGCTRL_X0Y0        BUFG (Prop_bufg_I_O)         0.029     1.622 r  input_slot_reg[1][511]_i_3/O
                         net (fo=61850, routed)       0.865     2.486    u_top/u_core/u_b/u_b_core/core/core/l5/gk.frontend/fifo/g_wide_read.g_read_slice[52].mem_slice_reg_0_3_36_41/WCLK
    SLICE_X128Y105       RAMD32                                       r  u_top/u_core/u_b/u_b_core/core/core/l5/gk.frontend/fifo/g_wide_read.g_read_slice[52].mem_slice_reg_0_3_36_41/RAMB_D1/CLK
                         clock pessimism             -0.539     1.948    
    SLICE_X128Y105       RAMD32 (Hold_ramd32_CLK_WADR1)
                                                      0.309     2.257    u_top/u_core/u_b/u_b_core/core/core/l5/gk.frontend/fifo/g_wide_read.g_read_slice[52].mem_slice_reg_0_3_36_41/RAMB_D1
  -------------------------------------------------------------------
                         required time                         -2.257    
                         arrival time                           2.336    
  -------------------------------------------------------------------
                         slack                                  0.079    

Slack (MET) :             0.079ns  (arrival time - required time)
  Source:                 u_top/u_core/u_b/u_b_core/core/core/l5/gk.frontend/fifo/wr_ptr_reg[1]_rep__1/C
                            (rising edge-triggered cell FDRE clocked by u_top_n_1388  {rise@0.000ns fall@2.500ns period=5.000ns})
  Destination:            u_top/u_core/u_b/u_b_core/core/core/l5/gk.frontend/fifo/g_wide_read.g_read_slice[52].mem_slice_reg_0_3_36_41/RAMC/WADR1
                            (rising edge-triggered cell RAMD32 clocked by u_top_n_1388  {rise@0.000ns fall@2.500ns period=5.000ns})
  Path Group:             u_top_n_1388
  Path Type:              Hold (Min at Fast Process Corner)
  Requirement:            0.000ns  (u_top_n_1388 rise@0.000ns - u_top_n_1388 rise@0.000ns)
  Data Path Delay:        0.404ns  (logic 0.141ns (34.866%)  route 0.263ns (65.134%))
  Logic Levels:           0  
  Clock Path Skew:        0.016ns (DCD - SCD - CPR)
    Destination Clock Delay (DCD):    2.486ns
    Source Clock Delay      (SCD):    1.932ns
    Clock Pessimism Removal (CPR):    0.539ns

    Location             Delay type                Incr(ns)  Path(ns)    Netlist Resource(s)
  -------------------------------------------------------------------    -------------------
                         (clock u_top_n_1388 rise edge)
                                                      0.000     0.000 r  
    W19                                               0.000     0.000 r  sys_clk (IN)
                         net (fo=0)                   0.000     0.000    sys_clk
    W19                  IBUF (Prop_ibuf_I_O)         0.277     0.277 r  sys_clk_IBUF_inst/O
                         net (fo=1, routed)           0.440     0.717    u_top/sys_clk_IBUF
    MMCME2_ADV_X0Y2      MMCME2_ADV (Prop_mmcme2_adv_CLKIN1_CLKOUT0)
                                                      0.050     0.767 r  u_top/g_mmcm.u_mmcm/CLKOUT0
                         net (fo=1, routed)           0.545     1.312    u_top_n_1388
    BUFGCTRL_X0Y0        BUFG (Prop_bufg_I_O)         0.026     1.338 r  input_slot_reg[1][511]_i_3/O
                         net (fo=61850, routed)       0.594     1.932    u_top/u_core/u_b/u_b_core/core/core/l5/gk.frontend/fifo/clk_200
    SLICE_X129Y106       FDRE                                         r  u_top/u_core/u_b/u_b_core/core/core/l5/gk.frontend/fifo/wr_ptr_reg[1]_rep__1/C
  -------------------------------------------------------------------    -------------------
    SLICE_X129Y106       FDRE (Prop_fdre_C_Q)         0.141     2.073 r  u_top/u_core/u_b/u_b_core/core/core/l5/gk.frontend/fifo/wr_ptr_reg[1]_rep__1/Q
                         net (fo=1056, routed)        0.263     2.336    u_top/u_core/u_b/u_b_core/core/core/l5/gk.frontend/fifo/g_wide_read.g_read_slice[52].mem_slice_reg_0_3_36_41/ADDRD1
    SLICE_X128Y105       RAMD32                                       r  u_top/u_core/u_b/u_b_core/core/core/l5/gk.frontend/fifo/g_wide_read.g_read_slice[52].mem_slice_reg_0_3_36_41/RAMC/WADR1
  -------------------------------------------------------------------    -------------------

                         (clock u_top_n_1388 rise edge)
                                                      0.000     0.000 r  
    W19                                               0.000     0.000 r  sys_clk (IN)
                         net (fo=0)                   0.000     0.000    sys_clk
    W19                  IBUF (Prop_ibuf_I_O)         0.465     0.465 r  sys_clk_IBUF_inst/O
                         net (fo=1, routed)           0.480     0.945    u_top/sys_clk_IBUF
    MMCME2_ADV_X0Y2      MMCME2_ADV (Prop_mmcme2_adv_CLKIN1_CLKOUT0)
                                                      0.053     0.998 r  u_top/g_mmcm.u_mmcm/CLKOUT0
                         net (fo=1, routed)           0.595     1.593    u_top_n_1388
    BUFGCTRL_X0Y0        BUFG (Prop_bufg_I_O)         0.029     1.622 r  input_slot_reg[1][511]_i_3/O
                         net (fo=61850, routed)       0.865     2.486    u_top/u_core/u_b/u_b_core/core/core/l5/gk.frontend/fifo/g_wide_read.g_read_slice[52].mem_slice_reg_0_3_36_41/WCLK
    SLICE_X128Y105       RAMD32                                       r  u_top/u_core/u_b/u_b_core/core/core/l5/gk.frontend/fifo/g_wide_read.g_read_slice[52].mem_slice_reg_0_3_36_41/RAMC/CLK
                         clock pessimism             -0.539     1.948    
    SLICE_X128Y105       RAMD32 (Hold_ramd32_CLK_WADR1)
                                                      0.309     2.257    u_top/u_core/u_b/u_b_core/core/core/l5/gk.frontend/fifo/g_wide_read.g_read_slice[52].mem_slice_reg_0_3_36_41/RAMC
  -------------------------------------------------------------------
                         required time                         -2.257    
                         arrival time                           2.336    
  -------------------------------------------------------------------
                         slack                                  0.079    

Slack (MET) :             0.079ns  (arrival time - required time)
  Source:                 u_top/u_core/u_b/u_b_core/core/core/l5/gk.frontend/fifo/wr_ptr_reg[1]_rep__1/C
                            (rising edge-triggered cell FDRE clocked by u_top_n_1388  {rise@0.000ns fall@2.500ns period=5.000ns})
  Destination:            u_top/u_core/u_b/u_b_core/core/core/l5/gk.frontend/fifo/g_wide_read.g_read_slice[52].mem_slice_reg_0_3_36_41/RAMC_D1/WADR1
                            (rising edge-triggered cell RAMD32 clocked by u_top_n_1388  {rise@0.000ns fall@2.500ns period=5.000ns})
  Path Group:             u_top_n_1388
  Path Type:              Hold (Min at Fast Process Corner)
  Requirement:            0.000ns  (u_top_n_1388 rise@0.000ns - u_top_n_1388 rise@0.000ns)
  Data Path Delay:        0.404ns  (logic 0.141ns (34.866%)  route 0.263ns (65.134%))
  Logic Levels:           0  
  Clock Path Skew:        0.016ns (DCD - SCD - CPR)
    Destination Clock Delay (DCD):    2.486ns
    Source Clock Delay      (SCD):    1.932ns
    Clock Pessimism Removal (CPR):    0.539ns

    Location             Delay type                Incr(ns)  Path(ns)    Netlist Resource(s)
  -------------------------------------------------------------------    -------------------
                         (clock u_top_n_1388 rise edge)
                                                      0.000     0.000 r  
    W19                                               0.000     0.000 r  sys_clk (IN)
                         net (fo=0)                   0.000     0.000    sys_clk
    W19                  IBUF (Prop_ibuf_I_O)         0.277     0.277 r  sys_clk_IBUF_inst/O
                         net (fo=1, routed)           0.440     0.717    u_top/sys_clk_IBUF
    MMCME2_ADV_X0Y2      MMCME2_ADV (Prop_mmcme2_adv_CLKIN1_CLKOUT0)
                                                      0.050     0.767 r  u_top/g_mmcm.u_mmcm/CLKOUT0
                         net (fo=1, routed)           0.545     1.312    u_top_n_1388
    BUFGCTRL_X0Y0        BUFG (Prop_bufg_I_O)         0.026     1.338 r  input_slot_reg[1][511]_i_3/O
                         net (fo=61850, routed)       0.594     1.932    u_top/u_core/u_b/u_b_core/core/core/l5/gk.frontend/fifo/clk_200
    SLICE_X129Y106       FDRE                                         r  u_top/u_core/u_b/u_b_core/core/core/l5/gk.frontend/fifo/wr_ptr_reg[1]_rep__1/C
  -------------------------------------------------------------------    -------------------
    SLICE_X129Y106       FDRE (Prop_fdre_C_Q)         0.141     2.073 r  u_top/u_core/u_b/u_b_core/core/core/l5/gk.frontend/fifo/wr_ptr_reg[1]_rep__1/Q
                         net (fo=1056, routed)        0.263     2.336    u_top/u_core/u_b/u_b_core/core/core/l5/gk.frontend/fifo/g_wide_read.g_read_slice[52].mem_slice_reg_0_3_36_41/ADDRD1
    SLICE_X128Y105       RAMD32                                       r  u_top/u_core/u_b/u_b_core/core/core/l5/gk.frontend/fifo/g_wide_read.g_read_slice[52].mem_slice_reg_0_3_36_41/RAMC_D1/WADR1
  -------------------------------------------------------------------    -------------------

                         (clock u_top_n_1388 rise edge)
                                                      0.000     0.000 r  
    W19                                               0.000     0.000 r  sys_clk (IN)
                         net (fo=0)                   0.000     0.000    sys_clk
    W19                  IBUF (Prop_ibuf_I_O)         0.465     0.465 r  sys_clk_IBUF_inst/O
                         net (fo=1, routed)           0.480     0.945    u_top/sys_clk_IBUF
    MMCME2_ADV_X0Y2      MMCME2_ADV (Prop_mmcme2_adv_CLKIN1_CLKOUT0)
                                                      0.053     0.998 r  u_top/g_mmcm.u_mmcm/CLKOUT0
                         net (fo=1, routed)           0.595     1.593    u_top_n_1388
    BUFGCTRL_X0Y0        BUFG (Prop_bufg_I_O)         0.029     1.622 r  input_slot_reg[1][511]_i_3/O
                         net (fo=61850, routed)       0.865     2.486    u_top/u_core/u_b/u_b_core/core/core/l5/gk.frontend/fifo/g_wide_read.g_read_slice[52].mem_slice_reg_0_3_36_41/WCLK
    SLICE_X128Y105       RAMD32                                       r  u_top/u_core/u_b/u_b_core/core/core/l5/gk.frontend/fifo/g_wide_read.g_read_slice[52].mem_slice_reg_0_3_36_41/RAMC_D1/CLK
                         clock pessimism             -0.539     1.948    
    SLICE_X128Y105       RAMD32 (Hold_ramd32_CLK_WADR1)
                                                      0.309     2.257    u_top/u_core/u_b/u_b_core/core/core/l5/gk.frontend/fifo/g_wide_read.g_read_slice[52].mem_slice_reg_0_3_36_41/RAMC_D1
  -------------------------------------------------------------------
                         required time                         -2.257    
                         arrival time                           2.336    
  -------------------------------------------------------------------
                         slack                                  0.079    

Slack (MET) :             0.079ns  (arrival time - required time)
  Source:                 u_top/u_core/u_b/u_b_core/core/core/l5/gk.frontend/fifo/wr_ptr_reg[1]_rep__1/C
                            (rising edge-triggered cell FDRE clocked by u_top_n_1388  {rise@0.000ns fall@2.500ns period=5.000ns})
  Destination:            u_top/u_core/u_b/u_b_core/core/core/l5/gk.frontend/fifo/g_wide_read.g_read_slice[52].mem_slice_reg_0_3_36_41/RAMD/ADR1
                            (rising edge-triggered cell RAMS32 clocked by u_top_n_1388  {rise@0.000ns fall@2.500ns period=5.000ns})
  Path Group:             u_top_n_1388
  Path Type:              Hold (Min at Fast Process Corner)
  Requirement:            0.000ns  (u_top_n_1388 rise@0.000ns - u_top_n_1388 rise@0.000ns)
  Data Path Delay:        0.404ns  (logic 0.141ns (34.866%)  route 0.263ns (65.134%))
  Logic Levels:           0  
  Clock Path Skew:        0.016ns (DCD - SCD - CPR)
    Destination Clock Delay (DCD):    2.486ns
    Source Clock Delay      (SCD):    1.932ns
    Clock Pessimism Removal (CPR):    0.539ns

    Location             Delay type                Incr(ns)  Path(ns)    Netlist Resource(s)
  -------------------------------------------------------------------    -------------------
                         (clock u_top_n_1388 rise edge)
                                                      0.000     0.000 r  
    W19                                               0.000     0.000 r  sys_clk (IN)
                         net (fo=0)                   0.000     0.000    sys_clk
    W19                  IBUF (Prop_ibuf_I_O)         0.277     0.277 r  sys_clk_IBUF_inst/O
                         net (fo=1, routed)           0.440     0.717    u_top/sys_clk_IBUF
    MMCME2_ADV_X0Y2      MMCME2_ADV (Prop_mmcme2_adv_CLKIN1_CLKOUT0)
                                                      0.050     0.767 r  u_top/g_mmcm.u_mmcm/CLKOUT0
                         net (fo=1, routed)           0.545     1.312    u_top_n_1388
    BUFGCTRL_X0Y0        BUFG (Prop_bufg_I_O)         0.026     1.338 r  input_slot_reg[1][511]_i_3/O
                         net (fo=61850, routed)       0.594     1.932    u_top/u_core/u_b/u_b_core/core/core/l5/gk.frontend/fifo/clk_200
    SLICE_X129Y106       FDRE                                         r  u_top/u_core/u_b/u_b_core/core/core/l5/gk.frontend/fifo/wr_ptr_reg[1]_rep__1/C
  -------------------------------------------------------------------    -------------------
    SLICE_X129Y106       FDRE (Prop_fdre_C_Q)         0.141     2.073 r  u_top/u_core/u_b/u_b_core/core/core/l5/gk.frontend/fifo/wr_ptr_reg[1]_rep__1/Q
                         net (fo=1056, routed)        0.263     2.336    u_top/u_core/u_b/u_b_core/core/core/l5/gk.frontend/fifo/g_wide_read.g_read_slice[52].mem_slice_reg_0_3_36_41/ADDRD1
    SLICE_X128Y105       RAMS32                                       r  u_top/u_core/u_b/u_b_core/core/core/l5/gk.frontend/fifo/g_wide_read.g_read_slice[52].mem_slice_reg_0_3_36_41/RAMD/ADR1
  -------------------------------------------------------------------    -------------------

                         (clock u_top_n_1388 rise edge)
                                                      0.000     0.000 r  
    W19                                               0.000     0.000 r  sys_clk (IN)
                         net (fo=0)                   0.000     0.000    sys_clk
    W19                  IBUF (Prop_ibuf_I_O)         0.465     0.465 r  sys_clk_IBUF_inst/O
                         net (fo=1, routed)           0.480     0.945    u_top/sys_clk_IBUF
    MMCME2_ADV_X0Y2      MMCME2_ADV (Prop_mmcme2_adv_CLKIN1_CLKOUT0)
                                                      0.053     0.998 r  u_top/g_mmcm.u_mmcm/CLKOUT0
                         net (fo=1, routed)           0.595     1.593    u_top_n_1388
    BUFGCTRL_X0Y0        BUFG (Prop_bufg_I_O)         0.029     1.622 r  input_slot_reg[1][511]_i_3/O
                         net (fo=61850, routed)       0.865     2.486    u_top/u_core/u_b/u_b_core/core/core/l5/gk.frontend/fifo/g_wide_read.g_read_slice[52].mem_slice_reg_0_3_36_41/WCLK
    SLICE_X128Y105       RAMS32                                       r  u_top/u_core/u_b/u_b_core/core/core/l5/gk.frontend/fifo/g_wide_read.g_read_slice[52].mem_slice_reg_0_3_36_41/RAMD/CLK
                         clock pessimism             -0.539     1.948    
    SLICE_X128Y105       RAMS32 (Hold_rams32_CLK_ADR1)
                                                      0.309     2.257    u_top/u_core/u_b/u_b_core/core/core/l5/gk.frontend/fifo/g_wide_read.g_read_slice[52].mem_slice_reg_0_3_36_41/RAMD
  -------------------------------------------------------------------
                         required time                         -2.257    
                         arrival time                           2.336    
  -------------------------------------------------------------------
                         slack                                  0.079    

Slack (MET) :             0.079ns  (arrival time - required time)
  Source:                 u_top/u_core/u_b/u_b_core/core/core/l5/gk.frontend/fifo/wr_ptr_reg[1]_rep__1/C
                            (rising edge-triggered cell FDRE clocked by u_top_n_1388  {rise@0.000ns fall@2.500ns period=5.000ns})
  Destination:            u_top/u_core/u_b/u_b_core/core/core/l5/gk.frontend/fifo/g_wide_read.g_read_slice[52].mem_slice_reg_0_3_36_41/RAMD_D1/ADR1
                            (rising edge-triggered cell RAMS32 clocked by u_top_n_1388  {rise@0.000ns fall@2.500ns period=5.000ns})
  Path Group:             u_top_n_1388
  Path Type:              Hold (Min at Fast Process Corner)
  Requirement:            0.000ns  (u_top_n_1388 rise@0.000ns - u_top_n_1388 rise@0.000ns)
  Data Path Delay:        0.404ns  (logic 0.141ns (34.866%)  route 0.263ns (65.134%))
  Logic Levels:           0  
  Clock Path Skew:        0.016ns (DCD - SCD - CPR)
    Destination Clock Delay (DCD):    2.486ns
    Source Clock Delay      (SCD):    1.932ns
    Clock Pessimism Removal (CPR):    0.539ns

    Location             Delay type                Incr(ns)  Path(ns)    Netlist Resource(s)
  -------------------------------------------------------------------    -------------------
                         (clock u_top_n_1388 rise edge)
                                                      0.000     0.000 r  
    W19                                               0.000     0.000 r  sys_clk (IN)
                         net (fo=0)                   0.000     0.000    sys_clk
    W19                  IBUF (Prop_ibuf_I_O)         0.277     0.277 r  sys_clk_IBUF_inst/O
                         net (fo=1, routed)           0.440     0.717    u_top/sys_clk_IBUF
    MMCME2_ADV_X0Y2      MMCME2_ADV (Prop_mmcme2_adv_CLKIN1_CLKOUT0)
                                                      0.050     0.767 r  u_top/g_mmcm.u_mmcm/CLKOUT0
                         net (fo=1, routed)           0.545     1.312    u_top_n_1388
    BUFGCTRL_X0Y0        BUFG (Prop_bufg_I_O)         0.026     1.338 r  input_slot_reg[1][511]_i_3/O
                         net (fo=61850, routed)       0.594     1.932    u_top/u_core/u_b/u_b_core/core/core/l5/gk.frontend/fifo/clk_200
    SLICE_X129Y106       FDRE                                         r  u_top/u_core/u_b/u_b_core/core/core/l5/gk.frontend/fifo/wr_ptr_reg[1]_rep__1/C
  -------------------------------------------------------------------    -------------------
    SLICE_X129Y106       FDRE (Prop_fdre_C_Q)         0.141     2.073 r  u_top/u_core/u_b/u_b_core/core/core/l5/gk.frontend/fifo/wr_ptr_reg[1]_rep__1/Q
                         net (fo=1056, routed)        0.263     2.336    u_top/u_core/u_b/u_b_core/core/core/l5/gk.frontend/fifo/g_wide_read.g_read_slice[52].mem_slice_reg_0_3_36_41/ADDRD1
    SLICE_X128Y105       RAMS32                                       r  u_top/u_core/u_b/u_b_core/core/core/l5/gk.frontend/fifo/g_wide_read.g_read_slice[52].mem_slice_reg_0_3_36_41/RAMD_D1/ADR1
  -------------------------------------------------------------------    -------------------

                         (clock u_top_n_1388 rise edge)
                                                      0.000     0.000 r  
    W19                                               0.000     0.000 r  sys_clk (IN)
                         net (fo=0)                   0.000     0.000    sys_clk
    W19                  IBUF (Prop_ibuf_I_O)         0.465     0.465 r  sys_clk_IBUF_inst/O
                         net (fo=1, routed)           0.480     0.945    u_top/sys_clk_IBUF
    MMCME2_ADV_X0Y2      MMCME2_ADV (Prop_mmcme2_adv_CLKIN1_CLKOUT0)
                                                      0.053     0.998 r  u_top/g_mmcm.u_mmcm/CLKOUT0
                         net (fo=1, routed)           0.595     1.593    u_top_n_1388
    BUFGCTRL_X0Y0        BUFG (Prop_bufg_I_O)         0.029     1.622 r  input_slot_reg[1][511]_i_3/O
                         net (fo=61850, routed)       0.865     2.486    u_top/u_core/u_b/u_b_core/core/core/l5/gk.frontend/fifo/g_wide_read.g_read_slice[52].mem_slice_reg_0_3_36_41/WCLK
    SLICE_X128Y105       RAMS32                                       r  u_top/u_core/u_b/u_b_core/core/core/l5/gk.frontend/fifo/g_wide_read.g_read_slice[52].mem_slice_reg_0_3_36_41/RAMD_D1/CLK
                         clock pessimism             -0.539     1.948    
    SLICE_X128Y105       RAMS32 (Hold_rams32_CLK_ADR1)
                                                      0.309     2.257    u_top/u_core/u_b/u_b_core/core/core/l5/gk.frontend/fifo/g_wide_read.g_read_slice[52].mem_slice_reg_0_3_36_41/RAMD_D1
  -------------------------------------------------------------------
                         required time                         -2.257    
                         arrival time                           2.336    
  -------------------------------------------------------------------
                         slack                                  0.079    

Slack (MET) :             0.080ns  (arrival time - required time)
  Source:                 u_top/u_core/u_b/u_b_core/core/core/l5/gk.frontend/win/shift_reg[14][106]/C
                            (rising edge-triggered cell FDRE clocked by u_top_n_1388  {rise@0.000ns fall@2.500ns period=5.000ns})
  Destination:            u_top/u_core/u_b/u_b_core/core/core/l5/gk.frontend/fifo/g_wide_read.g_read_slice[57].mem_slice_reg_0_3_42_47/RAMA/I
                            (rising edge-triggered cell RAMD32 clocked by u_top_n_1388  {rise@0.000ns fall@2.500ns period=5.000ns})
  Path Group:             u_top_n_1388
  Path Type:              Hold (Min at Fast Process Corner)
  Requirement:            0.000ns  (u_top_n_1388 rise@0.000ns - u_top_n_1388 rise@0.000ns)
  Data Path Delay:        0.264ns  (logic 0.141ns (53.423%)  route 0.123ns (46.577%))
  Logic Levels:           0  
  Clock Path Skew:        0.037ns (DCD - SCD - CPR)
    Destination Clock Delay (DCD):    2.486ns
    Source Clock Delay      (SCD):    1.932ns
    Clock Pessimism Removal (CPR):    0.518ns

    Location             Delay type                Incr(ns)  Path(ns)    Netlist Resource(s)
  -------------------------------------------------------------------    -------------------
                         (clock u_top_n_1388 rise edge)
                                                      0.000     0.000 r  
    W19                                               0.000     0.000 r  sys_clk (IN)
                         net (fo=0)                   0.000     0.000    sys_clk
    W19                  IBUF (Prop_ibuf_I_O)         0.277     0.277 r  sys_clk_IBUF_inst/O
                         net (fo=1, routed)           0.440     0.717    u_top/sys_clk_IBUF
    MMCME2_ADV_X0Y2      MMCME2_ADV (Prop_mmcme2_adv_CLKIN1_CLKOUT0)
                                                      0.050     0.767 r  u_top/g_mmcm.u_mmcm/CLKOUT0
                         net (fo=1, routed)           0.545     1.312    u_top_n_1388
    BUFGCTRL_X0Y0        BUFG (Prop_bufg_I_O)         0.026     1.338 r  input_slot_reg[1][511]_i_3/O
                         net (fo=61850, routed)       0.594     1.932    u_top/u_core/u_b/u_b_core/core/core/l5/gk.frontend/win/clk_200
    SLICE_X117Y100       FDRE                                         r  u_top/u_core/u_b/u_b_core/core/core/l5/gk.frontend/win/shift_reg[14][106]/C
  -------------------------------------------------------------------    -------------------
    SLICE_X117Y100       FDRE (Prop_fdre_C_Q)         0.141     2.073 r  u_top/u_core/u_b/u_b_core/core/core/l5/gk.frontend/win/shift_reg[14][106]/Q
                         net (fo=2, routed)           0.123     2.196    u_top/u_core/u_b/u_b_core/core/core/l5/gk.frontend/fifo/g_wide_read.g_read_slice[57].mem_slice_reg_0_3_42_47/DIA0
    SLICE_X120Y100       RAMD32                                       r  u_top/u_core/u_b/u_b_core/core/core/l5/gk.frontend/fifo/g_wide_read.g_read_slice[57].mem_slice_reg_0_3_42_47/RAMA/I
  -------------------------------------------------------------------    -------------------

                         (clock u_top_n_1388 rise edge)
                                                      0.000     0.000 r  
    W19                                               0.000     0.000 r  sys_clk (IN)
                         net (fo=0)                   0.000     0.000    sys_clk
    W19                  IBUF (Prop_ibuf_I_O)         0.465     0.465 r  sys_clk_IBUF_inst/O
                         net (fo=1, routed)           0.480     0.945    u_top/sys_clk_IBUF
    MMCME2_ADV_X0Y2      MMCME2_ADV (Prop_mmcme2_adv_CLKIN1_CLKOUT0)
                                                      0.053     0.998 r  u_top/g_mmcm.u_mmcm/CLKOUT0
                         net (fo=1, routed)           0.595     1.593    u_top_n_1388
    BUFGCTRL_X0Y0        BUFG (Prop_bufg_I_O)         0.029     1.622 r  input_slot_reg[1][511]_i_3/O
                         net (fo=61850, routed)       0.865     2.486    u_top/u_core/u_b/u_b_core/core/core/l5/gk.frontend/fifo/g_wide_read.g_read_slice[57].mem_slice_reg_0_3_42_47/WCLK
    SLICE_X120Y100       RAMD32                                       r  u_top/u_core/u_b/u_b_core/core/core/l5/gk.frontend/fifo/g_wide_read.g_read_slice[57].mem_slice_reg_0_3_42_47/RAMA/CLK
                         clock pessimism             -0.518     1.969    
    SLICE_X120Y100       RAMD32 (Hold_ramd32_CLK_I)
                                                      0.147     2.116    u_top/u_core/u_b/u_b_core/core/core/l5/gk.frontend/fifo/g_wide_read.g_read_slice[57].mem_slice_reg_0_3_42_47/RAMA
  -------------------------------------------------------------------
                         required time                         -2.116    
                         arrival time                           2.196    
  -------------------------------------------------------------------
                         slack                                  0.080    

Slack (MET) :             0.080ns  (arrival time - required time)
  Source:                 u_top/u_core/u_b/u_b_core/core/core/l1/gk.frontend/win/shift_reg[5][4]/C
                            (rising edge-triggered cell FDRE clocked by u_top_n_1388  {rise@0.000ns fall@2.500ns period=5.000ns})
  Destination:            u_top/u_core/u_b/u_b_core/core/core/l1/gk.frontend/fifo/g_narrow_read.mem_reg_0_3_42_47/RAMB/I
                            (rising edge-triggered cell RAMD32 clocked by u_top_n_1388  {rise@0.000ns fall@2.500ns period=5.000ns})
  Path Group:             u_top_n_1388
  Path Type:              Hold (Min at Fast Process Corner)
  Requirement:            0.000ns  (u_top_n_1388 rise@0.000ns - u_top_n_1388 rise@0.000ns)
  Data Path Delay:        0.240ns  (logic 0.141ns (58.643%)  route 0.099ns (41.357%))
  Logic Levels:           0  
  Clock Path Skew:        0.014ns (DCD - SCD - CPR)
    Destination Clock Delay (DCD):    2.532ns
    Source Clock Delay      (SCD):    1.977ns
    Clock Pessimism Removal (CPR):    0.541ns

    Location             Delay type                Incr(ns)  Path(ns)    Netlist Resource(s)
  -------------------------------------------------------------------    -------------------
                         (clock u_top_n_1388 rise edge)
                                                      0.000     0.000 r  
    W19                                               0.000     0.000 r  sys_clk (IN)
                         net (fo=0)                   0.000     0.000    sys_clk
    W19                  IBUF (Prop_ibuf_I_O)         0.277     0.277 r  sys_clk_IBUF_inst/O
                         net (fo=1, routed)           0.440     0.717    u_top/sys_clk_IBUF
    MMCME2_ADV_X0Y2      MMCME2_ADV (Prop_mmcme2_adv_CLKIN1_CLKOUT0)
                                                      0.050     0.767 r  u_top/g_mmcm.u_mmcm/CLKOUT0
                         net (fo=1, routed)           0.545     1.312    u_top_n_1388
    BUFGCTRL_X0Y0        BUFG (Prop_bufg_I_O)         0.026     1.338 r  input_slot_reg[1][511]_i_3/O
                         net (fo=61850, routed)       0.639     1.977    u_top/u_core/u_b/u_b_core/core/core/l1/gk.frontend/win/clk_200
    SLICE_X93Y81         FDRE                                         r  u_top/u_core/u_b/u_b_core/core/core/l1/gk.frontend/win/shift_reg[5][4]/C
  -------------------------------------------------------------------    -------------------
    SLICE_X93Y81         FDRE (Prop_fdre_C_Q)         0.141     2.118 r  u_top/u_core/u_b/u_b_core/core/core/l1/gk.frontend/win/shift_reg[5][4]/Q
                         net (fo=1, routed)           0.099     2.218    u_top/u_core/u_b/u_b_core/core/core/l1/gk.frontend/fifo/g_narrow_read.mem_reg_0_3_42_47/DIB0
    SLICE_X94Y81         RAMD32                                       r  u_top/u_core/u_b/u_b_core/core/core/l1/gk.frontend/fifo/g_narrow_read.mem_reg_0_3_42_47/RAMB/I
  -------------------------------------------------------------------    -------------------

                         (clock u_top_n_1388 rise edge)
                                                      0.000     0.000 r  
    W19                                               0.000     0.000 r  sys_clk (IN)
                         net (fo=0)                   0.000     0.000    sys_clk
    W19                  IBUF (Prop_ibuf_I_O)         0.465     0.465 r  sys_clk_IBUF_inst/O
                         net (fo=1, routed)           0.480     0.945    u_top/sys_clk_IBUF
    MMCME2_ADV_X0Y2      MMCME2_ADV (Prop_mmcme2_adv_CLKIN1_CLKOUT0)
                                                      0.053     0.998 r  u_top/g_mmcm.u_mmcm/CLKOUT0
                         net (fo=1, routed)           0.595     1.593    u_top_n_1388
    BUFGCTRL_X0Y0        BUFG (Prop_bufg_I_O)         0.029     1.622 r  input_slot_reg[1][511]_i_3/O
                         net (fo=61850, routed)       0.911     2.532    u_top/u_core/u_b/u_b_core/core/core/l1/gk.frontend/fifo/g_narrow_read.mem_reg_0_3_42_47/WCLK
    SLICE_X94Y81         RAMD32                                       r  u_top/u_core/u_b/u_b_core/core/core/l1/gk.frontend/fifo/g_narrow_read.mem_reg_0_3_42_47/RAMB/CLK
                         clock pessimism             -0.541     1.991    
    SLICE_X94Y81         RAMD32 (Hold_ramd32_CLK_I)
                                                      0.146     2.137    u_top/u_core/u_b/u_b_core/core/core/l1/gk.frontend/fifo/g_narrow_read.mem_reg_0_3_42_47/RAMB
  -------------------------------------------------------------------
                         required time                         -2.137    
                         arrival time                           2.218    
  -------------------------------------------------------------------
                         slack                                  0.080    

Slack (MET) :             0.080ns  (arrival time - required time)
  Source:                 u_top/u_core/u_b/u_b_core/core/core/l5/gk.frontend/win/shift_reg[0][34]/C
                            (rising edge-triggered cell FDRE clocked by u_top_n_1388  {rise@0.000ns fall@2.500ns period=5.000ns})
  Destination:            u_top/u_core/u_b/u_b_core/core/core/l5/gk.frontend/fifo/g_wide_read.g_read_slice[0].mem_slice_reg_0_3_30_35/RAMC/I
                            (rising edge-triggered cell RAMD32 clocked by u_top_n_1388  {rise@0.000ns fall@2.500ns period=5.000ns})
  Path Group:             u_top_n_1388
  Path Type:              Hold (Min at Fast Process Corner)
  Requirement:            0.000ns  (u_top_n_1388 rise@0.000ns - u_top_n_1388 rise@0.000ns)
  Data Path Delay:        0.240ns  (logic 0.141ns (58.643%)  route 0.099ns (41.357%))
  Logic Levels:           0  
  Clock Path Skew:        0.016ns (DCD - SCD - CPR)
    Destination Clock Delay (DCD):    2.480ns
    Source Clock Delay      (SCD):    1.926ns
    Clock Pessimism Removal (CPR):    0.539ns

    Location             Delay type                Incr(ns)  Path(ns)    Netlist Resource(s)
  -------------------------------------------------------------------    -------------------
                         (clock u_top_n_1388 rise edge)
                                                      0.000     0.000 r  
    W19                                               0.000     0.000 r  sys_clk (IN)
                         net (fo=0)                   0.000     0.000    sys_clk
    W19                  IBUF (Prop_ibuf_I_O)         0.277     0.277 r  sys_clk_IBUF_inst/O
                         net (fo=1, routed)           0.440     0.717    u_top/sys_clk_IBUF
    MMCME2_ADV_X0Y2      MMCME2_ADV (Prop_mmcme2_adv_CLKIN1_CLKOUT0)
                                                      0.050     0.767 r  u_top/g_mmcm.u_mmcm/CLKOUT0
                         net (fo=1, routed)           0.545     1.312    u_top_n_1388
    BUFGCTRL_X0Y0        BUFG (Prop_bufg_I_O)         0.026     1.338 r  input_slot_reg[1][511]_i_3/O
                         net (fo=61850, routed)       0.588     1.926    u_top/u_core/u_b/u_b_core/core/core/l5/gk.frontend/win/clk_200
    SLICE_X107Y142       FDRE                                         r  u_top/u_core/u_b/u_b_core/core/core/l5/gk.frontend/win/shift_reg[0][34]/C
  -------------------------------------------------------------------    -------------------
    SLICE_X107Y142       FDRE (Prop_fdre_C_Q)         0.141     2.067 r  u_top/u_core/u_b/u_b_core/core/core/l5/gk.frontend/win/shift_reg[0][34]/Q
                         net (fo=1, routed)           0.099     2.166    u_top/u_core/u_b/u_b_core/core/core/l5/gk.frontend/fifo/g_wide_read.g_read_slice[0].mem_slice_reg_0_3_30_35/DIC0
    SLICE_X104Y142       RAMD32                                       r  u_top/u_core/u_b/u_b_core/core/core/l5/gk.frontend/fifo/g_wide_read.g_read_slice[0].mem_slice_reg_0_3_30_35/RAMC/I
  -------------------------------------------------------------------    -------------------

                         (clock u_top_n_1388 rise edge)
                                                      0.000     0.000 r  
    W19                                               0.000     0.000 r  sys_clk (IN)
                         net (fo=0)                   0.000     0.000    sys_clk
    W19                  IBUF (Prop_ibuf_I_O)         0.465     0.465 r  sys_clk_IBUF_inst/O
                         net (fo=1, routed)           0.480     0.945    u_top/sys_clk_IBUF
    MMCME2_ADV_X0Y2      MMCME2_ADV (Prop_mmcme2_adv_CLKIN1_CLKOUT0)
                                                      0.053     0.998 r  u_top/g_mmcm.u_mmcm/CLKOUT0
                         net (fo=1, routed)           0.595     1.593    u_top_n_1388
    BUFGCTRL_X0Y0        BUFG (Prop_bufg_I_O)         0.029     1.622 r  input_slot_reg[1][511]_i_3/O
                         net (fo=61850, routed)       0.859     2.480    u_top/u_core/u_b/u_b_core/core/core/l5/gk.frontend/fifo/g_wide_read.g_read_slice[0].mem_slice_reg_0_3_30_35/WCLK
    SLICE_X104Y142       RAMD32                                       r  u_top/u_core/u_b/u_b_core/core/core/l5/gk.frontend/fifo/g_wide_read.g_read_slice[0].mem_slice_reg_0_3_30_35/RAMC/CLK
                         clock pessimism             -0.539     1.942    
    SLICE_X104Y142       RAMD32 (Hold_ramd32_CLK_I)
                                                      0.144     2.086    u_top/u_core/u_b/u_b_core/core/core/l5/gk.frontend/fifo/g_wide_read.g_read_slice[0].mem_slice_reg_0_3_30_35/RAMC
  -------------------------------------------------------------------
                         required time                         -2.086    
                         arrival time                           2.166    
  -------------------------------------------------------------------
                         slack                                  0.080    

Slack (MET) :             0.081ns  (arrival time - required time)
  Source:                 u_top/u_core/u_b/u_b_core/core/core/l5/gk.frontend/win/pixel_d_reg[156]/C
                            (rising edge-triggered cell FDRE clocked by u_top_n_1388  {rise@0.000ns fall@2.500ns period=5.000ns})
  Destination:            u_top/u_core/u_b/u_b_core/core/core/l5/gk.frontend/win/shift_reg[24][156]/D
                            (rising edge-triggered cell FDRE clocked by u_top_n_1388  {rise@0.000ns fall@2.500ns period=5.000ns})
  Path Group:             u_top_n_1388
  Path Type:              Hold (Min at Fast Process Corner)
  Requirement:            0.000ns  (u_top_n_1388 rise@0.000ns - u_top_n_1388 rise@0.000ns)
  Data Path Delay:        0.341ns  (logic 0.164ns (48.075%)  route 0.177ns (51.925%))
  Logic Levels:           0  
  Clock Path Skew:        0.200ns (DCD - SCD - CPR)
    Destination Clock Delay (DCD):    2.474ns
    Source Clock Delay      (SCD):    1.985ns
    Clock Pessimism Removal (CPR):    0.289ns

    Location             Delay type                Incr(ns)  Path(ns)    Netlist Resource(s)
  -------------------------------------------------------------------    -------------------
                         (clock u_top_n_1388 rise edge)
                                                      0.000     0.000 r  
    W19                                               0.000     0.000 r  sys_clk (IN)
                         net (fo=0)                   0.000     0.000    sys_clk
    W19                  IBUF (Prop_ibuf_I_O)         0.277     0.277 r  sys_clk_IBUF_inst/O
                         net (fo=1, routed)           0.440     0.717    u_top/sys_clk_IBUF
    MMCME2_ADV_X0Y2      MMCME2_ADV (Prop_mmcme2_adv_CLKIN1_CLKOUT0)
                                                      0.050     0.767 r  u_top/g_mmcm.u_mmcm/CLKOUT0
                         net (fo=1, routed)           0.545     1.312    u_top_n_1388
    BUFGCTRL_X0Y0        BUFG (Prop_bufg_I_O)         0.026     1.338 r  input_slot_reg[1][511]_i_3/O
                         net (fo=61850, routed)       0.647     1.985    u_top/u_core/u_b/u_b_core/core/core/l5/gk.frontend/win/clk_200
    SLICE_X94Y99         FDRE                                         r  u_top/u_core/u_b/u_b_core/core/core/l5/gk.frontend/win/pixel_d_reg[156]/C
  -------------------------------------------------------------------    -------------------
    SLICE_X94Y99         FDRE (Prop_fdre_C_Q)         0.164     2.149 r  u_top/u_core/u_b/u_b_core/core/core/l5/gk.frontend/win/pixel_d_reg[156]/Q
                         net (fo=1, routed)           0.177     2.326    u_top/u_core/u_b/u_b_core/core/core/l5/gk.frontend/win/pixel_d[156]
    SLICE_X96Y100        FDRE                                         r  u_top/u_core/u_b/u_b_core/core/core/l5/gk.frontend/win/shift_reg[24][156]/D
  -------------------------------------------------------------------    -------------------

                         (clock u_top_n_1388 rise edge)
                                                      0.000     0.000 r  
    W19                                               0.000     0.000 r  sys_clk (IN)
                         net (fo=0)                   0.000     0.000    sys_clk
    W19                  IBUF (Prop_ibuf_I_O)         0.465     0.465 r  sys_clk_IBUF_inst/O
                         net (fo=1, routed)           0.480     0.945    u_top/sys_clk_IBUF
    MMCME2_ADV_X0Y2      MMCME2_ADV (Prop_mmcme2_adv_CLKIN1_CLKOUT0)
                                                      0.053     0.998 r  u_top/g_mmcm.u_mmcm/CLKOUT0
                         net (fo=1, routed)           0.595     1.593    u_top_n_1388
    BUFGCTRL_X0Y0        BUFG (Prop_bufg_I_O)         0.029     1.622 r  input_slot_reg[1][511]_i_3/O
                         net (fo=61850, routed)       0.853     2.474    u_top/u_core/u_b/u_b_core/core/core/l5/gk.frontend/win/clk_200
    SLICE_X96Y100        FDRE                                         r  u_top/u_core/u_b/u_b_core/core/core/l5/gk.frontend/win/shift_reg[24][156]/C
                         clock pessimism             -0.289     2.186    
    SLICE_X96Y100        FDRE (Hold_fdre_C_D)         0.060     2.246    u_top/u_core/u_b/u_b_core/core/core/l5/gk.frontend/win/shift_reg[24][156]
  -------------------------------------------------------------------
                         required time                         -2.246    
                         arrival time                           2.326    
  -------------------------------------------------------------------
                         slack                                  0.081    

Slack (MET) :             0.081ns  (arrival time - required time)
  Source:                 u_top/u_core/u_b/u_b_core/core/core/l3/gk.frontend/win/shift_reg[6][50]/C
                            (rising edge-triggered cell FDRE clocked by u_top_n_1388  {rise@0.000ns fall@2.500ns period=5.000ns})
  Destination:            u_top/u_core/u_b/u_b_core/core/core/l3/gk.frontend/fifo/g_wide_read.g_read_slice[12].mem_slice_reg_0_3_48_53/RAMB/I
                            (rising edge-triggered cell RAMD32 clocked by u_top_n_1388  {rise@0.000ns fall@2.500ns period=5.000ns})
  Path Group:             u_top_n_1388
  Path Type:              Hold (Min at Fast Process Corner)
  Requirement:            0.000ns  (u_top_n_1388 rise@0.000ns - u_top_n_1388 rise@0.000ns)
  Data Path Delay:        0.243ns  (logic 0.141ns (57.982%)  route 0.102ns (42.018%))
  Logic Levels:           0  
  Clock Path Skew:        0.016ns (DCD - SCD - CPR)
    Destination Clock Delay (DCD):    2.546ns
    Source Clock Delay      (SCD):    1.988ns
    Clock Pessimism Removal (CPR):    0.542ns

    Location             Delay type                Incr(ns)  Path(ns)    Netlist Resource(s)
  -------------------------------------------------------------------    -------------------
                         (clock u_top_n_1388 rise edge)
                                                      0.000     0.000 r  
    W19                                               0.000     0.000 r  sys_clk (IN)
                         net (fo=0)                   0.000     0.000    sys_clk
    W19                  IBUF (Prop_ibuf_I_O)         0.277     0.277 r  sys_clk_IBUF_inst/O
                         net (fo=1, routed)           0.440     0.717    u_top/sys_clk_IBUF
    MMCME2_ADV_X0Y2      MMCME2_ADV (Prop_mmcme2_adv_CLKIN1_CLKOUT0)
                                                      0.050     0.767 r  u_top/g_mmcm.u_mmcm/CLKOUT0
                         net (fo=1, routed)           0.545     1.312    u_top_n_1388
    BUFGCTRL_X0Y0        BUFG (Prop_bufg_I_O)         0.026     1.338 r  input_slot_reg[1][511]_i_3/O
                         net (fo=61850, routed)       0.650     1.988    u_top/u_core/u_b/u_b_core/core/core/l3/gk.frontend/win/clk_200
    SLICE_X58Y98         FDRE                                         r  u_top/u_core/u_b/u_b_core/core/core/l3/gk.frontend/win/shift_reg[6][50]/C
  -------------------------------------------------------------------    -------------------
    SLICE_X58Y98         FDRE (Prop_fdre_C_Q)         0.141     2.129 r  u_top/u_core/u_b/u_b_core/core/core/l3/gk.frontend/win/shift_reg[6][50]/Q
                         net (fo=1, routed)           0.102     2.231    u_top/u_core/u_b/u_b_core/core/core/l3/gk.frontend/fifo/g_wide_read.g_read_slice[12].mem_slice_reg_0_3_48_53/DIB0
    SLICE_X60Y98         RAMD32                                       r  u_top/u_core/u_b/u_b_core/core/core/l3/gk.frontend/fifo/g_wide_read.g_read_slice[12].mem_slice_reg_0_3_48_53/RAMB/I
  -------------------------------------------------------------------    -------------------

                         (clock u_top_n_1388 rise edge)
                                                      0.000     0.000 r  
    W19                                               0.000     0.000 r  sys_clk (IN)
                         net (fo=0)                   0.000     0.000    sys_clk
    W19                  IBUF (Prop_ibuf_I_O)         0.465     0.465 r  sys_clk_IBUF_inst/O
                         net (fo=1, routed)           0.480     0.945    u_top/sys_clk_IBUF
    MMCME2_ADV_X0Y2      MMCME2_ADV (Prop_mmcme2_adv_CLKIN1_CLKOUT0)
                                                      0.053     0.998 r  u_top/g_mmcm.u_mmcm/CLKOUT0
                         net (fo=1, routed)           0.595     1.593    u_top_n_1388
    BUFGCTRL_X0Y0        BUFG (Prop_bufg_I_O)         0.029     1.622 r  input_slot_reg[1][511]_i_3/O
                         net (fo=61850, routed)       0.925     2.546    u_top/u_core/u_b/u_b_core/core/core/l3/gk.frontend/fifo/g_wide_read.g_read_slice[12].mem_slice_reg_0_3_48_53/WCLK
    SLICE_X60Y98         RAMD32                                       r  u_top/u_core/u_b/u_b_core/core/core/l3/gk.frontend/fifo/g_wide_read.g_read_slice[12].mem_slice_reg_0_3_48_53/RAMB/CLK
                         clock pessimism             -0.542     2.004    
    SLICE_X60Y98         RAMD32 (Hold_ramd32_CLK_I)
                                                      0.146     2.150    u_top/u_core/u_b/u_b_core/core/core/l3/gk.frontend/fifo/g_wide_read.g_read_slice[12].mem_slice_reg_0_3_48_53/RAMB
  -------------------------------------------------------------------
                         required time                         -2.150    
                         arrival time                           2.231    
  -------------------------------------------------------------------
                         slack                                  0.081    

Slack (MET) :             0.081ns  (arrival time - required time)
  Source:                 u_top/u_core/u_b/u_b_core/core/core/l3/gk.frontend/win/shift_reg[3][108]/C
                            (rising edge-triggered cell FDRE clocked by u_top_n_1388  {rise@0.000ns fall@2.500ns period=5.000ns})
  Destination:            u_top/u_core/u_b/u_b_core/core/core/l3/gk.frontend/fifo/g_wide_read.g_read_slice[7].mem_slice_reg_0_3_42_47/RAMB/I
                            (rising edge-triggered cell RAMD32 clocked by u_top_n_1388  {rise@0.000ns fall@2.500ns period=5.000ns})
  Path Group:             u_top_n_1388
  Path Type:              Hold (Min at Fast Process Corner)
  Requirement:            0.000ns  (u_top_n_1388 rise@0.000ns - u_top_n_1388 rise@0.000ns)
  Data Path Delay:        0.243ns  (logic 0.141ns (57.982%)  route 0.102ns (42.018%))
  Logic Levels:           0  
  Clock Path Skew:        0.016ns (DCD - SCD - CPR)
    Destination Clock Delay (DCD):    2.546ns
    Source Clock Delay      (SCD):    1.989ns
    Clock Pessimism Removal (CPR):    0.541ns

    Location             Delay type                Incr(ns)  Path(ns)    Netlist Resource(s)
  -------------------------------------------------------------------    -------------------
                         (clock u_top_n_1388 rise edge)
                                                      0.000     0.000 r  
    W19                                               0.000     0.000 r  sys_clk (IN)
                         net (fo=0)                   0.000     0.000    sys_clk
    W19                  IBUF (Prop_ibuf_I_O)         0.277     0.277 r  sys_clk_IBUF_inst/O
                         net (fo=1, routed)           0.440     0.717    u_top/sys_clk_IBUF
    MMCME2_ADV_X0Y2      MMCME2_ADV (Prop_mmcme2_adv_CLKIN1_CLKOUT0)
                                                      0.050     0.767 r  u_top/g_mmcm.u_mmcm/CLKOUT0
                         net (fo=1, routed)           0.545     1.312    u_top_n_1388
    BUFGCTRL_X0Y0        BUFG (Prop_bufg_I_O)         0.026     1.338 r  input_slot_reg[1][511]_i_3/O
                         net (fo=61850, routed)       0.651     1.989    u_top/u_core/u_b/u_b_core/core/core/l3/gk.frontend/win/clk_200
    SLICE_X50Y92         FDRE                                         r  u_top/u_core/u_b/u_b_core/core/core/l3/gk.frontend/win/shift_reg[3][108]/C
  -------------------------------------------------------------------    -------------------
    SLICE_X50Y92         FDRE (Prop_fdre_C_Q)         0.141     2.130 r  u_top/u_core/u_b/u_b_core/core/core/l3/gk.frontend/win/shift_reg[3][108]/Q
                         net (fo=1, routed)           0.102     2.232    u_top/u_core/u_b/u_b_core/core/core/l3/gk.frontend/fifo/g_wide_read.g_read_slice[7].mem_slice_reg_0_3_42_47/DIB0
    SLICE_X52Y92         RAMD32                                       r  u_top/u_core/u_b/u_b_core/core/core/l3/gk.frontend/fifo/g_wide_read.g_read_slice[7].mem_slice_reg_0_3_42_47/RAMB/I
  -------------------------------------------------------------------    -------------------

                         (clock u_top_n_1388 rise edge)
                                                      0.000     0.000 r  
    W19                                               0.000     0.000 r  sys_clk (IN)
                         net (fo=0)                   0.000     0.000    sys_clk
    W19                  IBUF (Prop_ibuf_I_O)         0.465     0.465 r  sys_clk_IBUF_inst/O
                         net (fo=1, routed)           0.480     0.945    u_top/sys_clk_IBUF
    MMCME2_ADV_X0Y2      MMCME2_ADV (Prop_mmcme2_adv_CLKIN1_CLKOUT0)
                                                      0.053     0.998 r  u_top/g_mmcm.u_mmcm/CLKOUT0
                         net (fo=1, routed)           0.595     1.593    u_top_n_1388
    BUFGCTRL_X0Y0        BUFG (Prop_bufg_I_O)         0.029     1.622 r  input_slot_reg[1][511]_i_3/O
                         net (fo=61850, routed)       0.925     2.546    u_top/u_core/u_b/u_b_core/core/core/l3/gk.frontend/fifo/g_wide_read.g_read_slice[7].mem_slice_reg_0_3_42_47/WCLK
    SLICE_X52Y92         RAMD32                                       r  u_top/u_core/u_b/u_b_core/core/core/l3/gk.frontend/fifo/g_wide_read.g_read_slice[7].mem_slice_reg_0_3_42_47/RAMB/CLK
                         clock pessimism             -0.541     2.005    
    SLICE_X52Y92         RAMD32 (Hold_ramd32_CLK_I)
                                                      0.146     2.151    u_top/u_core/u_b/u_b_core/core/core/l3/gk.frontend/fifo/g_wide_read.g_read_slice[7].mem_slice_reg_0_3_42_47/RAMB
  -------------------------------------------------------------------
                         required time                         -2.151    
                         arrival time                           2.232    
  -------------------------------------------------------------------
                         slack                                  0.081    

Slack (MET) :             0.082ns  (arrival time - required time)
  Source:                 u_top/u_core/u_b/u_b_core/core/core/l5/gk.frontend/win/shift_reg[15][158]/C
                            (rising edge-triggered cell FDRE clocked by u_top_n_1388  {rise@0.000ns fall@2.500ns period=5.000ns})
  Destination:            u_top/u_core/u_b/u_b_core/core/core/l5/gk.frontend/fifo/g_wide_read.g_read_slice[62].mem_slice_reg_0_3_30_35/RAMA/I
                            (rising edge-triggered cell RAMD32 clocked by u_top_n_1388  {rise@0.000ns fall@2.500ns period=5.000ns})
  Path Group:             u_top_n_1388
  Path Type:              Hold (Min at Fast Process Corner)
  Requirement:            0.000ns  (u_top_n_1388 rise@0.000ns - u_top_n_1388 rise@0.000ns)
  Data Path Delay:        0.243ns  (logic 0.141ns (58.054%)  route 0.102ns (41.946%))
  Logic Levels:           0  
  Clock Path Skew:        0.014ns (DCD - SCD - CPR)
    Destination Clock Delay (DCD):    2.474ns
    Source Clock Delay      (SCD):    1.922ns
    Clock Pessimism Removal (CPR):    0.539ns

    Location             Delay type                Incr(ns)  Path(ns)    Netlist Resource(s)
  -------------------------------------------------------------------    -------------------
                         (clock u_top_n_1388 rise edge)
                                                      0.000     0.000 r  
    W19                                               0.000     0.000 r  sys_clk (IN)
                         net (fo=0)                   0.000     0.000    sys_clk
    W19                  IBUF (Prop_ibuf_I_O)         0.277     0.277 r  sys_clk_IBUF_inst/O
                         net (fo=1, routed)           0.440     0.717    u_top/sys_clk_IBUF
    MMCME2_ADV_X0Y2      MMCME2_ADV (Prop_mmcme2_adv_CLKIN1_CLKOUT0)
                                                      0.050     0.767 r  u_top/g_mmcm.u_mmcm/CLKOUT0
                         net (fo=1, routed)           0.545     1.312    u_top_n_1388
    BUFGCTRL_X0Y0        BUFG (Prop_bufg_I_O)         0.026     1.338 r  input_slot_reg[1][511]_i_3/O
                         net (fo=61850, routed)       0.584     1.922    u_top/u_core/u_b/u_b_core/core/core/l5/gk.frontend/win/clk_200
    SLICE_X126Y121       FDRE                                         r  u_top/u_core/u_b/u_b_core/core/core/l5/gk.frontend/win/shift_reg[15][158]/C
  -------------------------------------------------------------------    -------------------
    SLICE_X126Y121       FDRE (Prop_fdre_C_Q)         0.141     2.063 r  u_top/u_core/u_b/u_b_core/core/core/l5/gk.frontend/win/shift_reg[15][158]/Q
                         net (fo=1, routed)           0.102     2.164    u_top/u_core/u_b/u_b_core/core/core/l5/gk.frontend/fifo/g_wide_read.g_read_slice[62].mem_slice_reg_0_3_30_35/DIA0
    SLICE_X124Y121       RAMD32                                       r  u_top/u_core/u_b/u_b_core/core/core/l5/gk.frontend/fifo/g_wide_read.g_read_slice[62].mem_slice_reg_0_3_30_35/RAMA/I
  -------------------------------------------------------------------    -------------------

                         (clock u_top_n_1388 rise edge)
                                                      0.000     0.000 r  
    W19                                               0.000     0.000 r  sys_clk (IN)
                         net (fo=0)                   0.000     0.000    sys_clk
    W19                  IBUF (Prop_ibuf_I_O)         0.465     0.465 r  sys_clk_IBUF_inst/O
                         net (fo=1, routed)           0.480     0.945    u_top/sys_clk_IBUF
    MMCME2_ADV_X0Y2      MMCME2_ADV (Prop_mmcme2_adv_CLKIN1_CLKOUT0)
                                                      0.053     0.998 r  u_top/g_mmcm.u_mmcm/CLKOUT0
                         net (fo=1, routed)           0.595     1.593    u_top_n_1388
    BUFGCTRL_X0Y0        BUFG (Prop_bufg_I_O)         0.029     1.622 r  input_slot_reg[1][511]_i_3/O
                         net (fo=61850, routed)       0.853     2.474    u_top/u_core/u_b/u_b_core/core/core/l5/gk.frontend/fifo/g_wide_read.g_read_slice[62].mem_slice_reg_0_3_30_35/WCLK
    SLICE_X124Y121       RAMD32                                       r  u_top/u_core/u_b/u_b_core/core/core/l5/gk.frontend/fifo/g_wide_read.g_read_slice[62].mem_slice_reg_0_3_30_35/RAMA/CLK
                         clock pessimism             -0.539     1.936    
    SLICE_X124Y121       RAMD32 (Hold_ramd32_CLK_I)
                                                      0.147     2.083    u_top/u_core/u_b/u_b_core/core/core/l5/gk.frontend/fifo/g_wide_read.g_read_slice[62].mem_slice_reg_0_3_30_35/RAMA
  -------------------------------------------------------------------
                         required time                         -2.083    
                         arrival time                           2.164    
  -------------------------------------------------------------------
                         slack                                  0.082    

Slack (MET) :             0.082ns  (arrival time - required time)
  Source:                 u_top/u_core/u_b/u_b_core/core/core/l5/gk.frontend/win/shift_reg[15][120]/C
                            (rising edge-triggered cell FDRE clocked by u_top_n_1388  {rise@0.000ns fall@2.500ns period=5.000ns})
  Destination:            u_top/u_core/u_b/u_b_core/core/core/l5/gk.frontend/fifo/g_wide_read.g_read_slice[61].mem_slice_reg_0_3_54_59/RAMB/I
                            (rising edge-triggered cell RAMD32 clocked by u_top_n_1388  {rise@0.000ns fall@2.500ns period=5.000ns})
  Path Group:             u_top_n_1388
  Path Type:              Hold (Min at Fast Process Corner)
  Requirement:            0.000ns  (u_top_n_1388 rise@0.000ns - u_top_n_1388 rise@0.000ns)
  Data Path Delay:        0.241ns  (logic 0.141ns (58.459%)  route 0.100ns (41.541%))
  Logic Levels:           0  
  Clock Path Skew:        0.013ns (DCD - SCD - CPR)
    Destination Clock Delay (DCD):    2.467ns
    Source Clock Delay      (SCD):    1.916ns
    Clock Pessimism Removal (CPR):    0.539ns

    Location             Delay type                Incr(ns)  Path(ns)    Netlist Resource(s)
  -------------------------------------------------------------------    -------------------
                         (clock u_top_n_1388 rise edge)
                                                      0.000     0.000 r  
    W19                                               0.000     0.000 r  sys_clk (IN)
                         net (fo=0)                   0.000     0.000    sys_clk
    W19                  IBUF (Prop_ibuf_I_O)         0.277     0.277 r  sys_clk_IBUF_inst/O
                         net (fo=1, routed)           0.440     0.717    u_top/sys_clk_IBUF
    MMCME2_ADV_X0Y2      MMCME2_ADV (Prop_mmcme2_adv_CLKIN1_CLKOUT0)
                                                      0.050     0.767 r  u_top/g_mmcm.u_mmcm/CLKOUT0
                         net (fo=1, routed)           0.545     1.312    u_top_n_1388
    BUFGCTRL_X0Y0        BUFG (Prop_bufg_I_O)         0.026     1.338 r  input_slot_reg[1][511]_i_3/O
                         net (fo=61850, routed)       0.578     1.916    u_top/u_core/u_b/u_b_core/core/core/l5/gk.frontend/win/clk_200
    SLICE_X110Y125       FDRE                                         r  u_top/u_core/u_b/u_b_core/core/core/l5/gk.frontend/win/shift_reg[15][120]/C
  -------------------------------------------------------------------    -------------------
    SLICE_X110Y125       FDRE (Prop_fdre_C_Q)         0.141     2.057 r  u_top/u_core/u_b/u_b_core/core/core/l5/gk.frontend/win/shift_reg[15][120]/Q
                         net (fo=1, routed)           0.100     2.157    u_top/u_core/u_b/u_b_core/core/core/l5/gk.frontend/fifo/g_wide_read.g_read_slice[61].mem_slice_reg_0_3_54_59/DIB0
    SLICE_X108Y125       RAMD32                                       r  u_top/u_core/u_b/u_b_core/core/core/l5/gk.frontend/fifo/g_wide_read.g_read_slice[61].mem_slice_reg_0_3_54_59/RAMB/I
  -------------------------------------------------------------------    -------------------

                         (clock u_top_n_1388 rise edge)
                                                      0.000     0.000 r  
    W19                                               0.000     0.000 r  sys_clk (IN)
                         net (fo=0)                   0.000     0.000    sys_clk
    W19                  IBUF (Prop_ibuf_I_O)         0.465     0.465 r  sys_clk_IBUF_inst/O
                         net (fo=1, routed)           0.480     0.945    u_top/sys_clk_IBUF
    MMCME2_ADV_X0Y2      MMCME2_ADV (Prop_mmcme2_adv_CLKIN1_CLKOUT0)
                                                      0.053     0.998 r  u_top/g_mmcm.u_mmcm/CLKOUT0
                         net (fo=1, routed)           0.595     1.593    u_top_n_1388
    BUFGCTRL_X0Y0        BUFG (Prop_bufg_I_O)         0.029     1.622 r  input_slot_reg[1][511]_i_3/O
                         net (fo=61850, routed)       0.846     2.467    u_top/u_core/u_b/u_b_core/core/core/l5/gk.frontend/fifo/g_wide_read.g_read_slice[61].mem_slice_reg_0_3_54_59/WCLK
    SLICE_X108Y125       RAMD32                                       r  u_top/u_core/u_b/u_b_core/core/core/l5/gk.frontend/fifo/g_wide_read.g_read_slice[61].mem_slice_reg_0_3_54_59/RAMB/CLK
                         clock pessimism             -0.539     1.929    
    SLICE_X108Y125       RAMD32 (Hold_ramd32_CLK_I)
                                                      0.146     2.075    u_top/u_core/u_b/u_b_core/core/core/l5/gk.frontend/fifo/g_wide_read.g_read_slice[61].mem_slice_reg_0_3_54_59/RAMB
  -------------------------------------------------------------------
                         required time                         -2.075    
                         arrival time                           2.157    
  -------------------------------------------------------------------
                         slack                                  0.082    

Slack (MET) :             0.082ns  (arrival time - required time)
  Source:                 u_top/u_core/u_b/u_b_core/core/core/l3/gk.frontend/win/shift_reg[3][40]/C
                            (rising edge-triggered cell FDRE clocked by u_top_n_1388  {rise@0.000ns fall@2.500ns period=5.000ns})
  Destination:            u_top/u_core/u_b/u_b_core/core/core/l3/gk.frontend/fifo/g_wide_read.g_read_slice[6].mem_slice_reg_0_3_36_41/RAMC/I
                            (rising edge-triggered cell RAMD32 clocked by u_top_n_1388  {rise@0.000ns fall@2.500ns period=5.000ns})
  Path Group:             u_top_n_1388
  Path Type:              Hold (Min at Fast Process Corner)
  Requirement:            0.000ns  (u_top_n_1388 rise@0.000ns - u_top_n_1388 rise@0.000ns)
  Data Path Delay:        0.185ns  (logic 0.128ns (69.109%)  route 0.057ns (30.891%))
  Logic Levels:           0  
  Clock Path Skew:        0.013ns (DCD - SCD - CPR)
    Destination Clock Delay (DCD):    2.544ns
    Source Clock Delay      (SCD):    1.987ns
    Clock Pessimism Removal (CPR):    0.544ns

    Location             Delay type                Incr(ns)  Path(ns)    Netlist Resource(s)
  -------------------------------------------------------------------    -------------------
                         (clock u_top_n_1388 rise edge)
                                                      0.000     0.000 r  
    W19                                               0.000     0.000 r  sys_clk (IN)
                         net (fo=0)                   0.000     0.000    sys_clk
    W19                  IBUF (Prop_ibuf_I_O)         0.277     0.277 r  sys_clk_IBUF_inst/O
                         net (fo=1, routed)           0.440     0.717    u_top/sys_clk_IBUF
    MMCME2_ADV_X0Y2      MMCME2_ADV (Prop_mmcme2_adv_CLKIN1_CLKOUT0)
                                                      0.050     0.767 r  u_top/g_mmcm.u_mmcm/CLKOUT0
                         net (fo=1, routed)           0.545     1.312    u_top_n_1388
    BUFGCTRL_X0Y0        BUFG (Prop_bufg_I_O)         0.026     1.338 r  input_slot_reg[1][511]_i_3/O
                         net (fo=61850, routed)       0.649     1.987    u_top/u_core/u_b/u_b_core/core/core/l3/gk.frontend/win/clk_200
    SLICE_X45Y87         FDRE                                         r  u_top/u_core/u_b/u_b_core/core/core/l3/gk.frontend/win/shift_reg[3][40]/C
  -------------------------------------------------------------------    -------------------
    SLICE_X45Y87         FDRE (Prop_fdre_C_Q)         0.128     2.115 r  u_top/u_core/u_b/u_b_core/core/core/l3/gk.frontend/win/shift_reg[3][40]/Q
                         net (fo=1, routed)           0.057     2.172    u_top/u_core/u_b/u_b_core/core/core/l3/gk.frontend/fifo/g_wide_read.g_read_slice[6].mem_slice_reg_0_3_36_41/DIC0
    SLICE_X44Y87         RAMD32                                       r  u_top/u_core/u_b/u_b_core/core/core/l3/gk.frontend/fifo/g_wide_read.g_read_slice[6].mem_slice_reg_0_3_36_41/RAMC/I
  -------------------------------------------------------------------    -------------------

                         (clock u_top_n_1388 rise edge)
                                                      0.000     0.000 r  
    W19                                               0.000     0.000 r  sys_clk (IN)
                         net (fo=0)                   0.000     0.000    sys_clk
    W19                  IBUF (Prop_ibuf_I_O)         0.465     0.465 r  sys_clk_IBUF_inst/O
                         net (fo=1, routed)           0.480     0.945    u_top/sys_clk_IBUF
    MMCME2_ADV_X0Y2      MMCME2_ADV (Prop_mmcme2_adv_CLKIN1_CLKOUT0)
                                                      0.053     0.998 r  u_top/g_mmcm.u_mmcm/CLKOUT0
                         net (fo=1, routed)           0.595     1.593    u_top_n_1388
    BUFGCTRL_X0Y0        BUFG (Prop_bufg_I_O)         0.029     1.622 r  input_slot_reg[1][511]_i_3/O
                         net (fo=61850, routed)       0.923     2.544    u_top/u_core/u_b/u_b_core/core/core/l3/gk.frontend/fifo/g_wide_read.g_read_slice[6].mem_slice_reg_0_3_36_41/WCLK
    SLICE_X44Y87         RAMD32                                       r  u_top/u_core/u_b/u_b_core/core/core/l3/gk.frontend/fifo/g_wide_read.g_read_slice[6].mem_slice_reg_0_3_36_41/RAMC/CLK
                         clock pessimism             -0.544     2.000    
    SLICE_X44Y87         RAMD32 (Hold_ramd32_CLK_I)
                                                      0.090     2.090    u_top/u_core/u_b/u_b_core/core/core/l3/gk.frontend/fifo/g_wide_read.g_read_slice[6].mem_slice_reg_0_3_36_41/RAMC
  -------------------------------------------------------------------
                         required time                         -2.090    
                         arrival time                           2.172    
  -------------------------------------------------------------------
                         slack                                  0.082    

Slack (MET) :             0.082ns  (arrival time - required time)
  Source:                 u_top/u_core/u_b/u_b_core/core/core/l5/mac/mac/tree_stage[1].channel[0].node[2].pair.sums_q_reg[1][0][2][20]/C
                            (rising edge-triggered cell FDRE clocked by u_top_n_1388  {rise@0.000ns fall@2.500ns period=5.000ns})
  Destination:            u_top/u_core/u_b/u_b_core/core/core/l5/mac/mac/tree_stage[2].channel[0].node[1].pair.sums_q_reg[2][0][1][20]/D
                            (rising edge-triggered cell FDRE clocked by u_top_n_1388  {rise@0.000ns fall@2.500ns period=5.000ns})
  Path Group:             u_top_n_1388
  Path Type:              Hold (Min at Fast Process Corner)
  Requirement:            0.000ns  (u_top_n_1388 rise@0.000ns - u_top_n_1388 rise@0.000ns)
  Data Path Delay:        0.458ns  (logic 0.256ns (55.869%)  route 0.202ns (44.131%))
  Logic Levels:           2  (CARRY4=1 LUT2=1)
  Clock Path Skew:        0.271ns (DCD - SCD - CPR)
    Destination Clock Delay (DCD):    2.466ns
    Source Clock Delay      (SCD):    1.912ns
    Clock Pessimism Removal (CPR):    0.284ns

    Location             Delay type                Incr(ns)  Path(ns)    Netlist Resource(s)
  -------------------------------------------------------------------    -------------------
                         (clock u_top_n_1388 rise edge)
                                                      0.000     0.000 r  
    W19                                               0.000     0.000 r  sys_clk (IN)
                         net (fo=0)                   0.000     0.000    sys_clk
    W19                  IBUF (Prop_ibuf_I_O)         0.277     0.277 r  sys_clk_IBUF_inst/O
                         net (fo=1, routed)           0.440     0.717    u_top/sys_clk_IBUF
    MMCME2_ADV_X0Y2      MMCME2_ADV (Prop_mmcme2_adv_CLKIN1_CLKOUT0)
                                                      0.050     0.767 r  u_top/g_mmcm.u_mmcm/CLKOUT0
                         net (fo=1, routed)           0.545     1.312    u_top_n_1388
    BUFGCTRL_X0Y0        BUFG (Prop_bufg_I_O)         0.026     1.338 r  input_slot_reg[1][511]_i_3/O
                         net (fo=61850, routed)       0.574     1.912    u_top/u_core/u_b/u_b_core/core/core/l5/mac/mac/clk_200
    SLICE_X75Y150        FDRE                                         r  u_top/u_core/u_b/u_b_core/core/core/l5/mac/mac/tree_stage[1].channel[0].node[2].pair.sums_q_reg[1][0][2][20]/C
  -------------------------------------------------------------------    -------------------
    SLICE_X75Y150        FDRE (Prop_fdre_C_Q)         0.141     2.053 r  u_top/u_core/u_b/u_b_core/core/core/l5/mac/mac/tree_stage[1].channel[0].node[2].pair.sums_q_reg[1][0][2][20]/Q
                         net (fo=2, routed)           0.202     2.255    u_top/u_core/u_b/u_b_core/core/core/l5/mac/mac/tree_stage[1].channel[0].node[2].pair.sums_q_reg[1][0][2]_387[20]
    SLICE_X77Y148        LUT2 (Prop_lut2_I0_O)        0.045     2.300 r  u_top/u_core/u_b/u_b_core/core/core/l5/mac/mac/tree_stage[2].channel[0].node[1].pair.sums_q[2][0][1][23]_i_5/O
                         net (fo=1, routed)           0.000     2.300    u_top/u_core/u_b/u_b_core/core/core/l5/mac/mac/tree_stage[2].channel[0].node[1].pair.sums_q[2][0][1][23]_i_5_n_0
    SLICE_X77Y148        CARRY4 (Prop_carry4_S[0]_O[0])
                                                      0.070     2.370 r  u_top/u_core/u_b/u_b_core/core/core/l5/mac/mac/tree_stage[2].channel[0].node[1].pair.sums_q_reg[2][0][1][23]_i_1/O[0]
                         net (fo=1, routed)           0.000     2.370    u_top/u_core/u_b/u_b_core/core/core/l5/mac/mac/tree_stage[2].channel[0].node[1].pair.added[20]
    SLICE_X77Y148        FDRE                                         r  u_top/u_core/u_b/u_b_core/core/core/l5/mac/mac/tree_stage[2].channel[0].node[1].pair.sums_q_reg[2][0][1][20]/D
  -------------------------------------------------------------------    -------------------

                         (clock u_top_n_1388 rise edge)
                                                      0.000     0.000 r  
    W19                                               0.000     0.000 r  sys_clk (IN)
                         net (fo=0)                   0.000     0.000    sys_clk
    W19                  IBUF (Prop_ibuf_I_O)         0.465     0.465 r  sys_clk_IBUF_inst/O
                         net (fo=1, routed)           0.480     0.945    u_top/sys_clk_IBUF
    MMCME2_ADV_X0Y2      MMCME2_ADV (Prop_mmcme2_adv_CLKIN1_CLKOUT0)
                                                      0.053     0.998 r  u_top/g_mmcm.u_mmcm/CLKOUT0
                         net (fo=1, routed)           0.595     1.593    u_top_n_1388
    BUFGCTRL_X0Y0        BUFG (Prop_bufg_I_O)         0.029     1.622 r  input_slot_reg[1][511]_i_3/O
                         net (fo=61850, routed)       0.845     2.466    u_top/u_core/u_b/u_b_core/core/core/l5/mac/mac/clk_200
    SLICE_X77Y148        FDRE                                         r  u_top/u_core/u_b/u_b_core/core/core/l5/mac/mac/tree_stage[2].channel[0].node[1].pair.sums_q_reg[2][0][1][20]/C
                         clock pessimism             -0.284     2.183    
    SLICE_X77Y148        FDRE (Hold_fdre_C_D)         0.105     2.288    u_top/u_core/u_b/u_b_core/core/core/l5/mac/mac/tree_stage[2].channel[0].node[1].pair.sums_q_reg[2][0][1][20]
  -------------------------------------------------------------------
                         required time                         -2.288    
                         arrival time                           2.370    
  -------------------------------------------------------------------
                         slack                                  0.082    

Slack (MET) :             0.082ns  (arrival time - required time)
  Source:                 u_top/u_core/u_b/u_b_core/core/core/l4/post/units[0].post/prelu_magnitude_s2_reg[43]/C
                            (rising edge-triggered cell FDRE clocked by u_top_n_1388  {rise@0.000ns fall@2.500ns period=5.000ns})
  Destination:            u_top/u_core/u_b/u_b_core/core/core/l4/post/units[0].post/prelu_rounded_magnitude_s3_reg[31]/D
                            (rising edge-triggered cell FDRE clocked by u_top_n_1388  {rise@0.000ns fall@2.500ns period=5.000ns})
  Path Group:             u_top_n_1388
  Path Type:              Hold (Min at Fast Process Corner)
  Requirement:            0.000ns  (u_top_n_1388 rise@0.000ns - u_top_n_1388 rise@0.000ns)
  Data Path Delay:        0.484ns  (logic 0.386ns (79.709%)  route 0.098ns (20.291%))
  Logic Levels:           2  (CARRY4=2)
  Clock Path Skew:        0.268ns (DCD - SCD - CPR)
    Destination Clock Delay (DCD):    2.476ns
    Source Clock Delay      (SCD):    1.925ns
    Clock Pessimism Removal (CPR):    0.284ns

    Location             Delay type                Incr(ns)  Path(ns)    Netlist Resource(s)
  -------------------------------------------------------------------    -------------------
                         (clock u_top_n_1388 rise edge)
                                                      0.000     0.000 r  
    W19                                               0.000     0.000 r  sys_clk (IN)
                         net (fo=0)                   0.000     0.000    sys_clk
    W19                  IBUF (Prop_ibuf_I_O)         0.277     0.277 r  sys_clk_IBUF_inst/O
                         net (fo=1, routed)           0.440     0.717    u_top/sys_clk_IBUF
    MMCME2_ADV_X0Y2      MMCME2_ADV (Prop_mmcme2_adv_CLKIN1_CLKOUT0)
                                                      0.050     0.767 r  u_top/g_mmcm.u_mmcm/CLKOUT0
                         net (fo=1, routed)           0.545     1.312    u_top_n_1388
    BUFGCTRL_X0Y0        BUFG (Prop_bufg_I_O)         0.026     1.338 r  input_slot_reg[1][511]_i_3/O
                         net (fo=61850, routed)       0.587     1.925    u_top/u_core/u_b/u_b_core/core/core/l4/post/units[0].post/clk_200
    SLICE_X47Y149        FDRE                                         r  u_top/u_core/u_b/u_b_core/core/core/l4/post/units[0].post/prelu_magnitude_s2_reg[43]/C
  -------------------------------------------------------------------    -------------------
    SLICE_X47Y149        FDRE (Prop_fdre_C_Q)         0.141     2.066 r  u_top/u_core/u_b/u_b_core/core/core/l4/post/units[0].post/prelu_magnitude_s2_reg[43]/Q
                         net (fo=1, routed)           0.098     2.163    u_top/u_core/u_b/u_b_core/core/core/l4/post/units[0].post/prelu_magnitude_s2_reg_n_0_[43]
    SLICE_X48Y149        CARRY4 (Prop_carry4_S[2]_CO[3])
                                                      0.156     2.319 r  u_top/u_core/u_b/u_b_core/core/core/l4/post/units[0].post/prelu_rounded_magnitude_s3_reg[29]_i_1/CO[3]
                         net (fo=1, routed)           0.001     2.320    u_top/u_core/u_b/u_b_core/core/core/l4/post/units[0].post/prelu_rounded_magnitude_s3_reg[29]_i_1_n_0
    SLICE_X48Y150        CARRY4 (Prop_carry4_CI_O[1])
                                                      0.089     2.409 r  u_top/u_core/u_b/u_b_core/core/core/l4/post/units[0].post/prelu_rounded_magnitude_s3_reg[32]_i_1/O[1]
                         net (fo=1, routed)           0.000     2.409    u_top/u_core/u_b/u_b_core/core/core/l4/post/units[0].post/prelu_round_sum_s2[46]
    SLICE_X48Y150        FDRE                                         r  u_top/u_core/u_b/u_b_core/core/core/l4/post/units[0].post/prelu_rounded_magnitude_s3_reg[31]/D
  -------------------------------------------------------------------    -------------------

                         (clock u_top_n_1388 rise edge)
                                                      0.000     0.000 r  
    W19                                               0.000     0.000 r  sys_clk (IN)
                         net (fo=0)                   0.000     0.000    sys_clk
    W19                  IBUF (Prop_ibuf_I_O)         0.465     0.465 r  sys_clk_IBUF_inst/O
                         net (fo=1, routed)           0.480     0.945    u_top/sys_clk_IBUF
    MMCME2_ADV_X0Y2      MMCME2_ADV (Prop_mmcme2_adv_CLKIN1_CLKOUT0)
                                                      0.053     0.998 r  u_top/g_mmcm.u_mmcm/CLKOUT0
                         net (fo=1, routed)           0.595     1.593    u_top_n_1388
    BUFGCTRL_X0Y0        BUFG (Prop_bufg_I_O)         0.029     1.622 r  input_slot_reg[1][511]_i_3/O
                         net (fo=61850, routed)       0.854     2.476    u_top/u_core/u_b/u_b_core/core/core/l4/post/units[0].post/clk_200
    SLICE_X48Y150        FDRE                                         r  u_top/u_core/u_b/u_b_core/core/core/l4/post/units[0].post/prelu_rounded_magnitude_s3_reg[31]/C
                         clock pessimism             -0.284     2.192    
    SLICE_X48Y150        FDRE (Hold_fdre_C_D)         0.134     2.326    u_top/u_core/u_b/u_b_core/core/core/l4/post/units[0].post/prelu_rounded_magnitude_s3_reg[31]
  -------------------------------------------------------------------
                         required time                         -2.326    
                         arrival time                           2.409    
  -------------------------------------------------------------------
                         slack                                  0.082    

Slack (MET) :             0.082ns  (arrival time - required time)
  Source:                 u_top/u_core/u_b/u_b_core/core/core/l3/gk.frontend/win/shift_reg[3][116]/C
                            (rising edge-triggered cell FDRE clocked by u_top_n_1388  {rise@0.000ns fall@2.500ns period=5.000ns})
  Destination:            u_top/u_core/u_b/u_b_core/core/core/l3/gk.frontend/fifo/g_wide_read.g_read_slice[7].mem_slice_reg_0_3_48_53/RAMC/I
                            (rising edge-triggered cell RAMD32 clocked by u_top_n_1388  {rise@0.000ns fall@2.500ns period=5.000ns})
  Path Group:             u_top_n_1388
  Path Type:              Hold (Min at Fast Process Corner)
  Requirement:            0.000ns  (u_top_n_1388 rise@0.000ns - u_top_n_1388 rise@0.000ns)
  Data Path Delay:        0.241ns  (logic 0.141ns (58.401%)  route 0.100ns (41.599%))
  Logic Levels:           0  
  Clock Path Skew:        0.015ns (DCD - SCD - CPR)
    Destination Clock Delay (DCD):    2.542ns
    Source Clock Delay      (SCD):    1.985ns
    Clock Pessimism Removal (CPR):    0.542ns

    Location             Delay type                Incr(ns)  Path(ns)    Netlist Resource(s)
  -------------------------------------------------------------------    -------------------
                         (clock u_top_n_1388 rise edge)
                                                      0.000     0.000 r  
    W19                                               0.000     0.000 r  sys_clk (IN)
                         net (fo=0)                   0.000     0.000    sys_clk
    W19                  IBUF (Prop_ibuf_I_O)         0.277     0.277 r  sys_clk_IBUF_inst/O
                         net (fo=1, routed)           0.440     0.717    u_top/sys_clk_IBUF
    MMCME2_ADV_X0Y2      MMCME2_ADV (Prop_mmcme2_adv_CLKIN1_CLKOUT0)
                                                      0.050     0.767 r  u_top/g_mmcm.u_mmcm/CLKOUT0
                         net (fo=1, routed)           0.545     1.312    u_top_n_1388
    BUFGCTRL_X0Y0        BUFG (Prop_bufg_I_O)         0.026     1.338 r  input_slot_reg[1][511]_i_3/O
                         net (fo=61850, routed)       0.647     1.985    u_top/u_core/u_b/u_b_core/core/core/l3/gk.frontend/win/clk_200
    SLICE_X55Y86         FDRE                                         r  u_top/u_core/u_b/u_b_core/core/core/l3/gk.frontend/win/shift_reg[3][116]/C
  -------------------------------------------------------------------    -------------------
    SLICE_X55Y86         FDRE (Prop_fdre_C_Q)         0.141     2.126 r  u_top/u_core/u_b/u_b_core/core/core/l3/gk.frontend/win/shift_reg[3][116]/Q
                         net (fo=1, routed)           0.100     2.227    u_top/u_core/u_b/u_b_core/core/core/l3/gk.frontend/fifo/g_wide_read.g_read_slice[7].mem_slice_reg_0_3_48_53/DIC0
    SLICE_X56Y86         RAMD32                                       r  u_top/u_core/u_b/u_b_core/core/core/l3/gk.frontend/fifo/g_wide_read.g_read_slice[7].mem_slice_reg_0_3_48_53/RAMC/I
  -------------------------------------------------------------------    -------------------

                         (clock u_top_n_1388 rise edge)
                                                      0.000     0.000 r  
    W19                                               0.000     0.000 r  sys_clk (IN)
                         net (fo=0)                   0.000     0.000    sys_clk
    W19                  IBUF (Prop_ibuf_I_O)         0.465     0.465 r  sys_clk_IBUF_inst/O
                         net (fo=1, routed)           0.480     0.945    u_top/sys_clk_IBUF
    MMCME2_ADV_X0Y2      MMCME2_ADV (Prop_mmcme2_adv_CLKIN1_CLKOUT0)
                                                      0.053     0.998 r  u_top/g_mmcm.u_mmcm/CLKOUT0
                         net (fo=1, routed)           0.595     1.593    u_top_n_1388
    BUFGCTRL_X0Y0        BUFG (Prop_bufg_I_O)         0.029     1.622 r  input_slot_reg[1][511]_i_3/O
                         net (fo=61850, routed)       0.921     2.542    u_top/u_core/u_b/u_b_core/core/core/l3/gk.frontend/fifo/g_wide_read.g_read_slice[7].mem_slice_reg_0_3_48_53/WCLK
    SLICE_X56Y86         RAMD32                                       r  u_top/u_core/u_b/u_b_core/core/core/l3/gk.frontend/fifo/g_wide_read.g_read_slice[7].mem_slice_reg_0_3_48_53/RAMC/CLK
                         clock pessimism             -0.542     2.000    
    SLICE_X56Y86         RAMD32 (Hold_ramd32_CLK_I)
                                                      0.144     2.144    u_top/u_core/u_b/u_b_core/core/core/l3/gk.frontend/fifo/g_wide_read.g_read_slice[7].mem_slice_reg_0_3_48_53/RAMC
  -------------------------------------------------------------------
                         required time                         -2.144    
                         arrival time                           2.227    
  -------------------------------------------------------------------
                         slack                                  0.082    

Slack (MET) :             0.083ns  (arrival time - required time)
  Source:                 u_top/u_core/u_b/u_b_core/core/core/l3/gk.frontend/win/shift_reg[3][16]/C
                            (rising edge-triggered cell FDRE clocked by u_top_n_1388  {rise@0.000ns fall@2.500ns period=5.000ns})
  Destination:            u_top/u_core/u_b/u_b_core/core/core/l3/gk.frontend/fifo/g_wide_read.g_read_slice[6].mem_slice_reg_0_3_12_17/RAMC/I
                            (rising edge-triggered cell RAMD32 clocked by u_top_n_1388  {rise@0.000ns fall@2.500ns period=5.000ns})
  Path Group:             u_top_n_1388
  Path Type:              Hold (Min at Fast Process Corner)
  Requirement:            0.000ns  (u_top_n_1388 rise@0.000ns - u_top_n_1388 rise@0.000ns)
  Data Path Delay:        0.243ns  (logic 0.141ns (57.987%)  route 0.102ns (42.013%))
  Logic Levels:           0  
  Clock Path Skew:        0.016ns (DCD - SCD - CPR)
    Destination Clock Delay (DCD):    2.546ns
    Source Clock Delay      (SCD):    1.989ns
    Clock Pessimism Removal (CPR):    0.541ns

    Location             Delay type                Incr(ns)  Path(ns)    Netlist Resource(s)
  -------------------------------------------------------------------    -------------------
                         (clock u_top_n_1388 rise edge)
                                                      0.000     0.000 r  
    W19                                               0.000     0.000 r  sys_clk (IN)
                         net (fo=0)                   0.000     0.000    sys_clk
    W19                  IBUF (Prop_ibuf_I_O)         0.277     0.277 r  sys_clk_IBUF_inst/O
                         net (fo=1, routed)           0.440     0.717    u_top/sys_clk_IBUF
    MMCME2_ADV_X0Y2      MMCME2_ADV (Prop_mmcme2_adv_CLKIN1_CLKOUT0)
                                                      0.050     0.767 r  u_top/g_mmcm.u_mmcm/CLKOUT0
                         net (fo=1, routed)           0.545     1.312    u_top_n_1388
    BUFGCTRL_X0Y0        BUFG (Prop_bufg_I_O)         0.026     1.338 r  input_slot_reg[1][511]_i_3/O
                         net (fo=61850, routed)       0.651     1.989    u_top/u_core/u_b/u_b_core/core/core/l3/gk.frontend/win/clk_200
    SLICE_X50Y90         FDRE                                         r  u_top/u_core/u_b/u_b_core/core/core/l3/gk.frontend/win/shift_reg[3][16]/C
  -------------------------------------------------------------------    -------------------
    SLICE_X50Y90         FDRE (Prop_fdre_C_Q)         0.141     2.130 r  u_top/u_core/u_b/u_b_core/core/core/l3/gk.frontend/win/shift_reg[3][16]/Q
                         net (fo=1, routed)           0.102     2.232    u_top/u_core/u_b/u_b_core/core/core/l3/gk.frontend/fifo/g_wide_read.g_read_slice[6].mem_slice_reg_0_3_12_17/DIC0
    SLICE_X52Y90         RAMD32                                       r  u_top/u_core/u_b/u_b_core/core/core/l3/gk.frontend/fifo/g_wide_read.g_read_slice[6].mem_slice_reg_0_3_12_17/RAMC/I
  -------------------------------------------------------------------    -------------------

                         (clock u_top_n_1388 rise edge)
                                                      0.000     0.000 r  
    W19                                               0.000     0.000 r  sys_clk (IN)
                         net (fo=0)                   0.000     0.000    sys_clk
    W19                  IBUF (Prop_ibuf_I_O)         0.465     0.465 r  sys_clk_IBUF_inst/O
                         net (fo=1, routed)           0.480     0.945    u_top/sys_clk_IBUF
    MMCME2_ADV_X0Y2      MMCME2_ADV (Prop_mmcme2_adv_CLKIN1_CLKOUT0)
                                                      0.053     0.998 r  u_top/g_mmcm.u_mmcm/CLKOUT0
                         net (fo=1, routed)           0.595     1.593    u_top_n_1388
    BUFGCTRL_X0Y0        BUFG (Prop_bufg_I_O)         0.029     1.622 r  input_slot_reg[1][511]_i_3/O
                         net (fo=61850, routed)       0.925     2.546    u_top/u_core/u_b/u_b_core/core/core/l3/gk.frontend/fifo/g_wide_read.g_read_slice[6].mem_slice_reg_0_3_12_17/WCLK
    SLICE_X52Y90         RAMD32                                       r  u_top/u_core/u_b/u_b_core/core/core/l3/gk.frontend/fifo/g_wide_read.g_read_slice[6].mem_slice_reg_0_3_12_17/RAMC/CLK
                         clock pessimism             -0.541     2.005    
    SLICE_X52Y90         RAMD32 (Hold_ramd32_CLK_I)
                                                      0.144     2.149    u_top/u_core/u_b/u_b_core/core/core/l3/gk.frontend/fifo/g_wide_read.g_read_slice[6].mem_slice_reg_0_3_12_17/RAMC
  -------------------------------------------------------------------
                         required time                         -2.149    
                         arrival time                           2.232    
  -------------------------------------------------------------------
                         slack                                  0.083    

Slack (MET) :             0.083ns  (arrival time - required time)
  Source:                 u_top/u_core/u_b/u_b_core/core/core/l3/gk.frontend/win/shift_reg[3][80]/C
                            (rising edge-triggered cell FDRE clocked by u_top_n_1388  {rise@0.000ns fall@2.500ns period=5.000ns})
  Destination:            u_top/u_core/u_b/u_b_core/core/core/l3/gk.frontend/fifo/g_wide_read.g_read_slice[7].mem_slice_reg_0_3_12_17/RAMC/I
                            (rising edge-triggered cell RAMD32 clocked by u_top_n_1388  {rise@0.000ns fall@2.500ns period=5.000ns})
  Path Group:             u_top_n_1388
  Path Type:              Hold (Min at Fast Process Corner)
  Requirement:            0.000ns  (u_top_n_1388 rise@0.000ns - u_top_n_1388 rise@0.000ns)
  Data Path Delay:        0.243ns  (logic 0.141ns (57.987%)  route 0.102ns (42.013%))
  Logic Levels:           0  
  Clock Path Skew:        0.016ns (DCD - SCD - CPR)
    Destination Clock Delay (DCD):    2.547ns
    Source Clock Delay      (SCD):    1.990ns
    Clock Pessimism Removal (CPR):    0.541ns

    Location             Delay type                Incr(ns)  Path(ns)    Netlist Resource(s)
  -------------------------------------------------------------------    -------------------
                         (clock u_top_n_1388 rise edge)
                                                      0.000     0.000 r  
    W19                                               0.000     0.000 r  sys_clk (IN)
                         net (fo=0)                   0.000     0.000    sys_clk
    W19                  IBUF (Prop_ibuf_I_O)         0.277     0.277 r  sys_clk_IBUF_inst/O
                         net (fo=1, routed)           0.440     0.717    u_top/sys_clk_IBUF
    MMCME2_ADV_X0Y2      MMCME2_ADV (Prop_mmcme2_adv_CLKIN1_CLKOUT0)
                                                      0.050     0.767 r  u_top/g_mmcm.u_mmcm/CLKOUT0
                         net (fo=1, routed)           0.545     1.312    u_top_n_1388
    BUFGCTRL_X0Y0        BUFG (Prop_bufg_I_O)         0.026     1.338 r  input_slot_reg[1][511]_i_3/O
                         net (fo=61850, routed)       0.652     1.990    u_top/u_core/u_b/u_b_core/core/core/l3/gk.frontend/win/clk_200
    SLICE_X50Y94         FDRE                                         r  u_top/u_core/u_b/u_b_core/core/core/l3/gk.frontend/win/shift_reg[3][80]/C
  -------------------------------------------------------------------    -------------------
    SLICE_X50Y94         FDRE (Prop_fdre_C_Q)         0.141     2.131 r  u_top/u_core/u_b/u_b_core/core/core/l3/gk.frontend/win/shift_reg[3][80]/Q
                         net (fo=1, routed)           0.102     2.233    u_top/u_core/u_b/u_b_core/core/core/l3/gk.frontend/fifo/g_wide_read.g_read_slice[7].mem_slice_reg_0_3_12_17/DIC0
    SLICE_X52Y94         RAMD32                                       r  u_top/u_core/u_b/u_b_core/core/core/l3/gk.frontend/fifo/g_wide_read.g_read_slice[7].mem_slice_reg_0_3_12_17/RAMC/I
  -------------------------------------------------------------------    -------------------

                         (clock u_top_n_1388 rise edge)
                                                      0.000     0.000 r  
    W19                                               0.000     0.000 r  sys_clk (IN)
                         net (fo=0)                   0.000     0.000    sys_clk
    W19                  IBUF (Prop_ibuf_I_O)         0.465     0.465 r  sys_clk_IBUF_inst/O
                         net (fo=1, routed)           0.480     0.945    u_top/sys_clk_IBUF
    MMCME2_ADV_X0Y2      MMCME2_ADV (Prop_mmcme2_adv_CLKIN1_CLKOUT0)
                                                      0.053     0.998 r  u_top/g_mmcm.u_mmcm/CLKOUT0
                         net (fo=1, routed)           0.595     1.593    u_top_n_1388
    BUFGCTRL_X0Y0        BUFG (Prop_bufg_I_O)         0.029     1.622 r  input_slot_reg[1][511]_i_3/O
                         net (fo=61850, routed)       0.926     2.547    u_top/u_core/u_b/u_b_core/core/core/l3/gk.frontend/fifo/g_wide_read.g_read_slice[7].mem_slice_reg_0_3_12_17/WCLK
    SLICE_X52Y94         RAMD32                                       r  u_top/u_core/u_b/u_b_core/core/core/l3/gk.frontend/fifo/g_wide_read.g_read_slice[7].mem_slice_reg_0_3_12_17/RAMC/CLK
                         clock pessimism             -0.541     2.006    
    SLICE_X52Y94         RAMD32 (Hold_ramd32_CLK_I)
                                                      0.144     2.150    u_top/u_core/u_b/u_b_core/core/core/l3/gk.frontend/fifo/g_wide_read.g_read_slice[7].mem_slice_reg_0_3_12_17/RAMC
  -------------------------------------------------------------------
                         required time                         -2.150    
                         arrival time                           2.233    
  -------------------------------------------------------------------
                         slack                                  0.083    

Slack (MET) :             0.083ns  (arrival time - required time)
  Source:                 u_top/u_core/u_b/u_b_core/core/core/l3/gk.frontend/win/shift_reg[3][110]/C
                            (rising edge-triggered cell FDRE clocked by u_top_n_1388  {rise@0.000ns fall@2.500ns period=5.000ns})
  Destination:            u_top/u_core/u_b/u_b_core/core/core/l3/gk.frontend/fifo/g_wide_read.g_read_slice[7].mem_slice_reg_0_3_42_47/RAMC/I
                            (rising edge-triggered cell RAMD32 clocked by u_top_n_1388  {rise@0.000ns fall@2.500ns period=5.000ns})
  Path Group:             u_top_n_1388
  Path Type:              Hold (Min at Fast Process Corner)
  Requirement:            0.000ns  (u_top_n_1388 rise@0.000ns - u_top_n_1388 rise@0.000ns)
  Data Path Delay:        0.243ns  (logic 0.141ns (57.987%)  route 0.102ns (42.013%))
  Logic Levels:           0  
  Clock Path Skew:        0.016ns (DCD - SCD - CPR)
    Destination Clock Delay (DCD):    2.546ns
    Source Clock Delay      (SCD):    1.989ns
    Clock Pessimism Removal (CPR):    0.541ns

    Location             Delay type                Incr(ns)  Path(ns)    Netlist Resource(s)
  -------------------------------------------------------------------    -------------------
                         (clock u_top_n_1388 rise edge)
                                                      0.000     0.000 r  
    W19                                               0.000     0.000 r  sys_clk (IN)
                         net (fo=0)                   0.000     0.000    sys_clk
    W19                  IBUF (Prop_ibuf_I_O)         0.277     0.277 r  sys_clk_IBUF_inst/O
                         net (fo=1, routed)           0.440     0.717    u_top/sys_clk_IBUF
    MMCME2_ADV_X0Y2      MMCME2_ADV (Prop_mmcme2_adv_CLKIN1_CLKOUT0)
                                                      0.050     0.767 r  u_top/g_mmcm.u_mmcm/CLKOUT0
                         net (fo=1, routed)           0.545     1.312    u_top_n_1388
    BUFGCTRL_X0Y0        BUFG (Prop_bufg_I_O)         0.026     1.338 r  input_slot_reg[1][511]_i_3/O
                         net (fo=61850, routed)       0.651     1.989    u_top/u_core/u_b/u_b_core/core/core/l3/gk.frontend/win/clk_200
    SLICE_X50Y92         FDRE                                         r  u_top/u_core/u_b/u_b_core/core/core/l3/gk.frontend/win/shift_reg[3][110]/C
  -------------------------------------------------------------------    -------------------
    SLICE_X50Y92         FDRE (Prop_fdre_C_Q)         0.141     2.130 r  u_top/u_core/u_b/u_b_core/core/core/l3/gk.frontend/win/shift_reg[3][110]/Q
                         net (fo=1, routed)           0.102     2.232    u_top/u_core/u_b/u_b_core/core/core/l3/gk.frontend/fifo/g_wide_read.g_read_slice[7].mem_slice_reg_0_3_42_47/DIC0
    SLICE_X52Y92         RAMD32                                       r  u_top/u_core/u_b/u_b_core/core/core/l3/gk.frontend/fifo/g_wide_read.g_read_slice[7].mem_slice_reg_0_3_42_47/RAMC/I
  -------------------------------------------------------------------    -------------------

                         (clock u_top_n_1388 rise edge)
                                                      0.000     0.000 r  
    W19                                               0.000     0.000 r  sys_clk (IN)
                         net (fo=0)                   0.000     0.000    sys_clk
    W19                  IBUF (Prop_ibuf_I_O)         0.465     0.465 r  sys_clk_IBUF_inst/O
                         net (fo=1, routed)           0.480     0.945    u_top/sys_clk_IBUF
    MMCME2_ADV_X0Y2      MMCME2_ADV (Prop_mmcme2_adv_CLKIN1_CLKOUT0)
                                                      0.053     0.998 r  u_top/g_mmcm.u_mmcm/CLKOUT0
                         net (fo=1, routed)           0.595     1.593    u_top_n_1388
    BUFGCTRL_X0Y0        BUFG (Prop_bufg_I_O)         0.029     1.622 r  input_slot_reg[1][511]_i_3/O
                         net (fo=61850, routed)       0.925     2.546    u_top/u_core/u_b/u_b_core/core/core/l3/gk.frontend/fifo/g_wide_read.g_read_slice[7].mem_slice_reg_0_3_42_47/WCLK
    SLICE_X52Y92         RAMD32                                       r  u_top/u_core/u_b/u_b_core/core/core/l3/gk.frontend/fifo/g_wide_read.g_read_slice[7].mem_slice_reg_0_3_42_47/RAMC/CLK
                         clock pessimism             -0.541     2.005    
    SLICE_X52Y92         RAMD32 (Hold_ramd32_CLK_I)
                                                      0.144     2.149    u_top/u_core/u_b/u_b_core/core/core/l3/gk.frontend/fifo/g_wide_read.g_read_slice[7].mem_slice_reg_0_3_42_47/RAMC
  -------------------------------------------------------------------
                         required time                         -2.149    
                         arrival time                           2.232    
  -------------------------------------------------------------------
                         slack                                  0.083    

Slack (MET) :             0.084ns  (arrival time - required time)
  Source:                 u_top/u_core/u_b/u_b_core/core/core/l3/gk.frontend/win/pixel_d_reg[62]/C
                            (rising edge-triggered cell FDRE clocked by u_top_n_1388  {rise@0.000ns fall@2.500ns period=5.000ns})
  Destination:            u_top/u_core/u_b/u_b_core/core/core/l3/gk.frontend/win/shift_reg[8][62]/D
                            (rising edge-triggered cell FDRE clocked by u_top_n_1388  {rise@0.000ns fall@2.500ns period=5.000ns})
  Path Group:             u_top_n_1388
  Path Type:              Hold (Min at Fast Process Corner)
  Requirement:            0.000ns  (u_top_n_1388 rise@0.000ns - u_top_n_1388 rise@0.000ns)
  Data Path Delay:        0.305ns  (logic 0.128ns (41.938%)  route 0.177ns (58.062%))
  Logic Levels:           0  
  Clock Path Skew:        0.199ns (DCD - SCD - CPR)
    Destination Clock Delay (DCD):    2.509ns
    Source Clock Delay      (SCD):    2.021ns
    Clock Pessimism Removal (CPR):    0.289ns

    Location             Delay type                Incr(ns)  Path(ns)    Netlist Resource(s)
  -------------------------------------------------------------------    -------------------
                         (clock u_top_n_1388 rise edge)
                                                      0.000     0.000 r  
    W19                                               0.000     0.000 r  sys_clk (IN)
                         net (fo=0)                   0.000     0.000    sys_clk
    W19                  IBUF (Prop_ibuf_I_O)         0.277     0.277 r  sys_clk_IBUF_inst/O
                         net (fo=1, routed)           0.440     0.717    u_top/sys_clk_IBUF
    MMCME2_ADV_X0Y2      MMCME2_ADV (Prop_mmcme2_adv_CLKIN1_CLKOUT0)
                                                      0.050     0.767 r  u_top/g_mmcm.u_mmcm/CLKOUT0
                         net (fo=1, routed)           0.545     1.312    u_top_n_1388
    BUFGCTRL_X0Y0        BUFG (Prop_bufg_I_O)         0.026     1.338 r  input_slot_reg[1][511]_i_3/O
                         net (fo=61850, routed)       0.683     2.021    u_top/u_core/u_b/u_b_core/core/core/l3/gk.frontend/win/clk_200
    SLICE_X39Y99         FDRE                                         r  u_top/u_core/u_b/u_b_core/core/core/l3/gk.frontend/win/pixel_d_reg[62]/C
  -------------------------------------------------------------------    -------------------
    SLICE_X39Y99         FDRE (Prop_fdre_C_Q)         0.128     2.149 r  u_top/u_core/u_b/u_b_core/core/core/l3/gk.frontend/win/pixel_d_reg[62]/Q
                         net (fo=1, routed)           0.177     2.326    u_top/u_core/u_b/u_b_core/core/core/l3/gk.frontend/win/pixel_d[62]
    SLICE_X39Y103        FDRE                                         r  u_top/u_core/u_b/u_b_core/core/core/l3/gk.frontend/win/shift_reg[8][62]/D
  -------------------------------------------------------------------    -------------------

                         (clock u_top_n_1388 rise edge)
                                                      0.000     0.000 r  
    W19                                               0.000     0.000 r  sys_clk (IN)
                         net (fo=0)                   0.000     0.000    sys_clk
    W19                  IBUF (Prop_ibuf_I_O)         0.465     0.465 r  sys_clk_IBUF_inst/O
                         net (fo=1, routed)           0.480     0.945    u_top/sys_clk_IBUF
    MMCME2_ADV_X0Y2      MMCME2_ADV (Prop_mmcme2_adv_CLKIN1_CLKOUT0)
                                                      0.053     0.998 r  u_top/g_mmcm.u_mmcm/CLKOUT0
                         net (fo=1, routed)           0.595     1.593    u_top_n_1388
    BUFGCTRL_X0Y0        BUFG (Prop_bufg_I_O)         0.029     1.622 r  input_slot_reg[1][511]_i_3/O
                         net (fo=61850, routed)       0.888     2.509    u_top/u_core/u_b/u_b_core/core/core/l3/gk.frontend/win/clk_200
    SLICE_X39Y103        FDRE                                         r  u_top/u_core/u_b/u_b_core/core/core/l3/gk.frontend/win/shift_reg[8][62]/C
                         clock pessimism             -0.289     2.221    
    SLICE_X39Y103        FDRE (Hold_fdre_C_D)         0.022     2.243    u_top/u_core/u_b/u_b_core/core/core/l3/gk.frontend/win/shift_reg[8][62]
  -------------------------------------------------------------------
                         required time                         -2.243    
                         arrival time                           2.326    
  -------------------------------------------------------------------
                         slack                                  0.084    

Slack (MET) :             0.085ns  (arrival time - required time)
  Source:                 u_top/u_core/u_b/u_b_core/core/core/l5/mac/mac/tree_stage[2].channel[3].node[9].pair.sums_q_reg[2][3][9][7]/C
                            (rising edge-triggered cell FDRE clocked by u_top_n_1388  {rise@0.000ns fall@2.500ns period=5.000ns})
  Destination:            u_top/u_core/u_b/u_b_core/core/core/l5/mac/mac/tree_stage[3].channel[3].node[4].pair.sums_q_reg[3][3][4][10]/D
                            (rising edge-triggered cell FDRE clocked by u_top_n_1388  {rise@0.000ns fall@2.500ns period=5.000ns})
  Path Group:             u_top_n_1388
  Path Type:              Hold (Min at Fast Process Corner)
  Requirement:            0.000ns  (u_top_n_1388 rise@0.000ns - u_top_n_1388 rise@0.000ns)
  Data Path Delay:        0.458ns  (logic 0.366ns (79.838%)  route 0.092ns (20.162%))
  Logic Levels:           3  (CARRY4=2 LUT2=1)
  Clock Path Skew:        0.269ns (DCD - SCD - CPR)
    Destination Clock Delay (DCD):    2.480ns
    Source Clock Delay      (SCD):    1.928ns
    Clock Pessimism Removal (CPR):    0.284ns

    Location             Delay type                Incr(ns)  Path(ns)    Netlist Resource(s)
  -------------------------------------------------------------------    -------------------
                         (clock u_top_n_1388 rise edge)
                                                      0.000     0.000 r  
    W19                                               0.000     0.000 r  sys_clk (IN)
                         net (fo=0)                   0.000     0.000    sys_clk
    W19                  IBUF (Prop_ibuf_I_O)         0.277     0.277 r  sys_clk_IBUF_inst/O
                         net (fo=1, routed)           0.440     0.717    u_top/sys_clk_IBUF
    MMCME2_ADV_X0Y2      MMCME2_ADV (Prop_mmcme2_adv_CLKIN1_CLKOUT0)
                                                      0.050     0.767 r  u_top/g_mmcm.u_mmcm/CLKOUT0
                         net (fo=1, routed)           0.545     1.312    u_top_n_1388
    BUFGCTRL_X0Y0        BUFG (Prop_bufg_I_O)         0.026     1.338 r  input_slot_reg[1][511]_i_3/O
                         net (fo=61850, routed)       0.590     1.928    u_top/u_core/u_b/u_b_core/core/core/l5/mac/mac/clk_200
    SLICE_X107Y149       FDRE                                         r  u_top/u_core/u_b/u_b_core/core/core/l5/mac/mac/tree_stage[2].channel[3].node[9].pair.sums_q_reg[2][3][9][7]/C
  -------------------------------------------------------------------    -------------------
    SLICE_X107Y149       FDRE (Prop_fdre_C_Q)         0.141     2.069 r  u_top/u_core/u_b/u_b_core/core/core/l5/mac/mac/tree_stage[2].channel[3].node[9].pair.sums_q_reg[2][3][9][7]/Q
                         net (fo=1, routed)           0.092     2.160    u_top/u_core/u_b/u_b_core/core/core/l5/mac/mac/tree_stage[2].channel[3].node[9].pair.sums_q_reg[2][3][9]_340[7]
    SLICE_X106Y149       LUT2 (Prop_lut2_I1_O)        0.045     2.205 r  u_top/u_core/u_b/u_b_core/core/core/l5/mac/mac/tree_stage[3].channel[3].node[4].pair.sums_q[3][3][4][7]_i_2/O
                         net (fo=1, routed)           0.000     2.205    u_top/u_core/u_b/u_b_core/core/core/l5/mac/mac/tree_stage[3].channel[3].node[4].pair.sums_q[3][3][4][7]_i_2_n_0
    SLICE_X106Y149       CARRY4 (Prop_carry4_S[3]_CO[3])
                                                      0.115     2.320 r  u_top/u_core/u_b/u_b_core/core/core/l5/mac/mac/tree_stage[3].channel[3].node[4].pair.sums_q_reg[3][3][4][7]_i_1/CO[3]
                         net (fo=1, routed)           0.001     2.321    u_top/u_core/u_b/u_b_core/core/core/l5/mac/mac/tree_stage[3].channel[3].node[4].pair.sums_q_reg[3][3][4][7]_i_1_n_0
    SLICE_X106Y150       CARRY4 (Prop_carry4_CI_O[2])
                                                      0.065     2.386 r  u_top/u_core/u_b/u_b_core/core/core/l5/mac/mac/tree_stage[3].channel[3].node[4].pair.sums_q_reg[3][3][4][11]_i_1/O[2]
                         net (fo=1, routed)           0.000     2.386    u_top/u_core/u_b/u_b_core/core/core/l5/mac/mac/tree_stage[3].channel[3].node[4].pair.added[10]
    SLICE_X106Y150       FDRE                                         r  u_top/u_core/u_b/u_b_core/core/core/l5/mac/mac/tree_stage[3].channel[3].node[4].pair.sums_q_reg[3][3][4][10]/D
  -------------------------------------------------------------------    -------------------

                         (clock u_top_n_1388 rise edge)
                                                      0.000     0.000 r  
    W19                                               0.000     0.000 r  sys_clk (IN)
                         net (fo=0)                   0.000     0.000    sys_clk
    W19                  IBUF (Prop_ibuf_I_O)         0.465     0.465 r  sys_clk_IBUF_inst/O
                         net (fo=1, routed)           0.480     0.945    u_top/sys_clk_IBUF
    MMCME2_ADV_X0Y2      MMCME2_ADV (Prop_mmcme2_adv_CLKIN1_CLKOUT0)
                                                      0.053     0.998 r  u_top/g_mmcm.u_mmcm/CLKOUT0
                         net (fo=1, routed)           0.595     1.593    u_top_n_1388
    BUFGCTRL_X0Y0        BUFG (Prop_bufg_I_O)         0.029     1.622 r  input_slot_reg[1][511]_i_3/O
                         net (fo=61850, routed)       0.859     2.480    u_top/u_core/u_b/u_b_core/core/core/l5/mac/mac/clk_200
    SLICE_X106Y150       FDRE                                         r  u_top/u_core/u_b/u_b_core/core/core/l5/mac/mac/tree_stage[3].channel[3].node[4].pair.sums_q_reg[3][3][4][10]/C
                         clock pessimism             -0.284     2.196    
    SLICE_X106Y150       FDRE (Hold_fdre_C_D)         0.105     2.301    u_top/u_core/u_b/u_b_core/core/core/l5/mac/mac/tree_stage[3].channel[3].node[4].pair.sums_q_reg[3][3][4][10]
  -------------------------------------------------------------------
                         required time                         -2.301    
                         arrival time                           2.386    
  -------------------------------------------------------------------
                         slack                                  0.085    

Slack (MET) :             0.085ns  (arrival time - required time)
  Source:                 u_top/u_core/u_b/u_b_core/core/core/l5/gk.frontend/win/shift_reg[7][112]/C
                            (rising edge-triggered cell FDRE clocked by u_top_n_1388  {rise@0.000ns fall@2.500ns period=5.000ns})
  Destination:            u_top/u_core/u_b/u_b_core/core/core/l5/gk.frontend/fifo/g_wide_read.g_read_slice[29].mem_slice_reg_0_3_48_53/RAMA/I
                            (rising edge-triggered cell RAMD32 clocked by u_top_n_1388  {rise@0.000ns fall@2.500ns period=5.000ns})
  Path Group:             u_top_n_1388
  Path Type:              Hold (Min at Fast Process Corner)
  Requirement:            0.000ns  (u_top_n_1388 rise@0.000ns - u_top_n_1388 rise@0.000ns)
  Data Path Delay:        0.248ns  (logic 0.141ns (56.880%)  route 0.107ns (43.120%))
  Logic Levels:           0  
  Clock Path Skew:        0.016ns (DCD - SCD - CPR)
    Destination Clock Delay (DCD):    2.486ns
    Source Clock Delay      (SCD):    1.932ns
    Clock Pessimism Removal (CPR):    0.539ns

    Location             Delay type                Incr(ns)  Path(ns)    Netlist Resource(s)
  -------------------------------------------------------------------    -------------------
                         (clock u_top_n_1388 rise edge)
                                                      0.000     0.000 r  
    W19                                               0.000     0.000 r  sys_clk (IN)
                         net (fo=0)                   0.000     0.000    sys_clk
    W19                  IBUF (Prop_ibuf_I_O)         0.277     0.277 r  sys_clk_IBUF_inst/O
                         net (fo=1, routed)           0.440     0.717    u_top/sys_clk_IBUF
    MMCME2_ADV_X0Y2      MMCME2_ADV (Prop_mmcme2_adv_CLKIN1_CLKOUT0)
                                                      0.050     0.767 r  u_top/g_mmcm.u_mmcm/CLKOUT0
                         net (fo=1, routed)           0.545     1.312    u_top_n_1388
    BUFGCTRL_X0Y0        BUFG (Prop_bufg_I_O)         0.026     1.338 r  input_slot_reg[1][511]_i_3/O
                         net (fo=61850, routed)       0.594     1.932    u_top/u_core/u_b/u_b_core/core/core/l5/gk.frontend/win/clk_200
    SLICE_X127Y105       FDRE                                         r  u_top/u_core/u_b/u_b_core/core/core/l5/gk.frontend/win/shift_reg[7][112]/C
  -------------------------------------------------------------------    -------------------
    SLICE_X127Y105       FDRE (Prop_fdre_C_Q)         0.141     2.073 r  u_top/u_core/u_b/u_b_core/core/core/l5/gk.frontend/win/shift_reg[7][112]/Q
                         net (fo=2, routed)           0.107     2.179    u_top/u_core/u_b/u_b_core/core/core/l5/gk.frontend/fifo/g_wide_read.g_read_slice[29].mem_slice_reg_0_3_48_53/DIA0
    SLICE_X124Y106       RAMD32                                       r  u_top/u_core/u_b/u_b_core/core/core/l5/gk.frontend/fifo/g_wide_read.g_read_slice[29].mem_slice_reg_0_3_48_53/RAMA/I
  -------------------------------------------------------------------    -------------------

                         (clock u_top_n_1388 rise edge)
                                                      0.000     0.000 r  
    W19                                               0.000     0.000 r  sys_clk (IN)
                         net (fo=0)                   0.000     0.000    sys_clk
    W19                  IBUF (Prop_ibuf_I_O)         0.465     0.465 r  sys_clk_IBUF_inst/O
                         net (fo=1, routed)           0.480     0.945    u_top/sys_clk_IBUF
    MMCME2_ADV_X0Y2      MMCME2_ADV (Prop_mmcme2_adv_CLKIN1_CLKOUT0)
                                                      0.053     0.998 r  u_top/g_mmcm.u_mmcm/CLKOUT0
                         net (fo=1, routed)           0.595     1.593    u_top_n_1388
    BUFGCTRL_X0Y0        BUFG (Prop_bufg_I_O)         0.029     1.622 r  input_slot_reg[1][511]_i_3/O
                         net (fo=61850, routed)       0.865     2.486    u_top/u_core/u_b/u_b_core/core/core/l5/gk.frontend/fifo/g_wide_read.g_read_slice[29].mem_slice_reg_0_3_48_53/WCLK
    SLICE_X124Y106       RAMD32                                       r  u_top/u_core/u_b/u_b_core/core/core/l5/gk.frontend/fifo/g_wide_read.g_read_slice[29].mem_slice_reg_0_3_48_53/RAMA/CLK
                         clock pessimism             -0.539     1.948    
    SLICE_X124Y106       RAMD32 (Hold_ramd32_CLK_I)
                                                      0.147     2.095    u_top/u_core/u_b/u_b_core/core/core/l5/gk.frontend/fifo/g_wide_read.g_read_slice[29].mem_slice_reg_0_3_48_53/RAMA
  -------------------------------------------------------------------
                         required time                         -2.095    
                         arrival time                           2.179    
  -------------------------------------------------------------------
                         slack                                  0.085    

Slack (MET) :             0.085ns  (arrival time - required time)
  Source:                 u_top/u_core/u_b/u_b_core/core/core/l5/mac/mac/tree_stage[1].channel[3].node[16].pair.sums_q_reg[1][3][16][11]/C
                            (rising edge-triggered cell FDRE clocked by u_top_n_1388  {rise@0.000ns fall@2.500ns period=5.000ns})
  Destination:            u_top/u_core/u_b/u_b_core/core/core/l5/mac/mac/tree_stage[2].channel[3].node[8].pair.sums_q_reg[2][3][8][12]/D
                            (rising edge-triggered cell FDRE clocked by u_top_n_1388  {rise@0.000ns fall@2.500ns period=5.000ns})
  Path Group:             u_top_n_1388
  Path Type:              Hold (Min at Fast Process Corner)
  Requirement:            0.000ns  (u_top_n_1388 rise@0.000ns - u_top_n_1388 rise@0.000ns)
  Data Path Delay:        0.459ns  (logic 0.355ns (77.326%)  route 0.104ns (22.674%))
  Logic Levels:           3  (CARRY4=2 LUT2=1)
  Clock Path Skew:        0.269ns (DCD - SCD - CPR)
    Destination Clock Delay (DCD):    2.482ns
    Source Clock Delay      (SCD):    1.930ns
    Clock Pessimism Removal (CPR):    0.284ns

    Location             Delay type                Incr(ns)  Path(ns)    Netlist Resource(s)
  -------------------------------------------------------------------    -------------------
                         (clock u_top_n_1388 rise edge)
                                                      0.000     0.000 r  
    W19                                               0.000     0.000 r  sys_clk (IN)
                         net (fo=0)                   0.000     0.000    sys_clk
    W19                  IBUF (Prop_ibuf_I_O)         0.277     0.277 r  sys_clk_IBUF_inst/O
                         net (fo=1, routed)           0.440     0.717    u_top/sys_clk_IBUF
    MMCME2_ADV_X0Y2      MMCME2_ADV (Prop_mmcme2_adv_CLKIN1_CLKOUT0)
                                                      0.050     0.767 r  u_top/g_mmcm.u_mmcm/CLKOUT0
                         net (fo=1, routed)           0.545     1.312    u_top_n_1388
    BUFGCTRL_X0Y0        BUFG (Prop_bufg_I_O)         0.026     1.338 r  input_slot_reg[1][511]_i_3/O
                         net (fo=61850, routed)       0.592     1.930    u_top/u_core/u_b/u_b_core/core/core/l5/mac/mac/clk_200
    SLICE_X111Y149       FDRE                                         r  u_top/u_core/u_b/u_b_core/core/core/l5/mac/mac/tree_stage[1].channel[3].node[16].pair.sums_q_reg[1][3][16][11]/C
  -------------------------------------------------------------------    -------------------
    SLICE_X111Y149       FDRE (Prop_fdre_C_Q)         0.141     2.071 r  u_top/u_core/u_b/u_b_core/core/core/l5/mac/mac/tree_stage[1].channel[3].node[16].pair.sums_q_reg[1][3][16][11]/Q
                         net (fo=2, routed)           0.103     2.174    u_top/u_core/u_b/u_b_core/core/core/l5/mac/mac/tree_stage[1].channel[3].node[16].pair.sums_q_reg[1][3][16]_342[11]
    SLICE_X110Y149       LUT2 (Prop_lut2_I0_O)        0.045     2.219 r  u_top/u_core/u_b/u_b_core/core/core/l5/mac/mac/tree_stage[2].channel[3].node[8].pair.sums_q[2][3][8][11]_i_2/O
                         net (fo=1, routed)           0.000     2.219    u_top/u_core/u_b/u_b_core/core/core/l5/mac/mac/tree_stage[2].channel[3].node[8].pair.sums_q[2][3][8][11]_i_2_n_0
    SLICE_X110Y149       CARRY4 (Prop_carry4_S[3]_CO[3])
                                                      0.115     2.334 r  u_top/u_core/u_b/u_b_core/core/core/l5/mac/mac/tree_stage[2].channel[3].node[8].pair.sums_q_reg[2][3][8][11]_i_1/CO[3]
                         net (fo=1, routed)           0.001     2.335    u_top/u_core/u_b/u_b_core/core/core/l5/mac/mac/tree_stage[2].channel[3].node[8].pair.sums_q_reg[2][3][8][11]_i_1_n_0
    SLICE_X110Y150       CARRY4 (Prop_carry4_CI_O[0])
                                                      0.054     2.389 r  u_top/u_core/u_b/u_b_core/core/core/l5/mac/mac/tree_stage[2].channel[3].node[8].pair.sums_q_reg[2][3][8][15]_i_1/O[0]
                         net (fo=1, routed)           0.000     2.389    u_top/u_core/u_b/u_b_core/core/core/l5/mac/mac/tree_stage[2].channel[3].node[8].pair.added[12]
    SLICE_X110Y150       FDRE                                         r  u_top/u_core/u_b/u_b_core/core/core/l5/mac/mac/tree_stage[2].channel[3].node[8].pair.sums_q_reg[2][3][8][12]/D
  -------------------------------------------------------------------    -------------------

                         (clock u_top_n_1388 rise edge)
                                                      0.000     0.000 r  
    W19                                               0.000     0.000 r  sys_clk (IN)
                         net (fo=0)                   0.000     0.000    sys_clk
    W19                  IBUF (Prop_ibuf_I_O)         0.465     0.465 r  sys_clk_IBUF_inst/O
                         net (fo=1, routed)           0.480     0.945    u_top/sys_clk_IBUF
    MMCME2_ADV_X0Y2      MMCME2_ADV (Prop_mmcme2_adv_CLKIN1_CLKOUT0)
                                                      0.053     0.998 r  u_top/g_mmcm.u_mmcm/CLKOUT0
                         net (fo=1, routed)           0.595     1.593    u_top_n_1388
    BUFGCTRL_X0Y0        BUFG (Prop_bufg_I_O)         0.029     1.622 r  input_slot_reg[1][511]_i_3/O
                         net (fo=61850, routed)       0.860     2.482    u_top/u_core/u_b/u_b_core/core/core/l5/mac/mac/clk_200
    SLICE_X110Y150       FDRE                                         r  u_top/u_core/u_b/u_b_core/core/core/l5/mac/mac/tree_stage[2].channel[3].node[8].pair.sums_q_reg[2][3][8][12]/C
                         clock pessimism             -0.284     2.198    
    SLICE_X110Y150       FDRE (Hold_fdre_C_D)         0.105     2.303    u_top/u_core/u_b/u_b_core/core/core/l5/mac/mac/tree_stage[2].channel[3].node[8].pair.sums_q_reg[2][3][8][12]
  -------------------------------------------------------------------
                         required time                         -2.303    
                         arrival time                           2.389    
  -------------------------------------------------------------------
                         slack                                  0.085    

Slack (MET) :             0.085ns  (arrival time - required time)
  Source:                 u_top/u_core/u_b/u_b_core/core/core/l5/gk.frontend/win/pixel_d_reg[160]/C
                            (rising edge-triggered cell FDRE clocked by u_top_n_1388  {rise@0.000ns fall@2.500ns period=5.000ns})
  Destination:            u_top/u_core/u_b/u_b_core/core/core/l5/gk.frontend/win/shift_reg[24][160]/D
                            (rising edge-triggered cell FDRE clocked by u_top_n_1388  {rise@0.000ns fall@2.500ns period=5.000ns})
  Path Group:             u_top_n_1388
  Path Type:              Hold (Min at Fast Process Corner)
  Requirement:            0.000ns  (u_top_n_1388 rise@0.000ns - u_top_n_1388 rise@0.000ns)
  Data Path Delay:        0.362ns  (logic 0.164ns (45.350%)  route 0.198ns (54.650%))
  Logic Levels:           0  
  Clock Path Skew:        0.200ns (DCD - SCD - CPR)
    Destination Clock Delay (DCD):    2.474ns
    Source Clock Delay      (SCD):    1.985ns
    Clock Pessimism Removal (CPR):    0.289ns

    Location             Delay type                Incr(ns)  Path(ns)    Netlist Resource(s)
  -------------------------------------------------------------------    -------------------
                         (clock u_top_n_1388 rise edge)
                                                      0.000     0.000 r  
    W19                                               0.000     0.000 r  sys_clk (IN)
                         net (fo=0)                   0.000     0.000    sys_clk
    W19                  IBUF (Prop_ibuf_I_O)         0.277     0.277 r  sys_clk_IBUF_inst/O
                         net (fo=1, routed)           0.440     0.717    u_top/sys_clk_IBUF
    MMCME2_ADV_X0Y2      MMCME2_ADV (Prop_mmcme2_adv_CLKIN1_CLKOUT0)
                                                      0.050     0.767 r  u_top/g_mmcm.u_mmcm/CLKOUT0
                         net (fo=1, routed)           0.545     1.312    u_top_n_1388
    BUFGCTRL_X0Y0        BUFG (Prop_bufg_I_O)         0.026     1.338 r  input_slot_reg[1][511]_i_3/O
                         net (fo=61850, routed)       0.647     1.985    u_top/u_core/u_b/u_b_core/core/core/l5/gk.frontend/win/clk_200
    SLICE_X94Y99         FDRE                                         r  u_top/u_core/u_b/u_b_core/core/core/l5/gk.frontend/win/pixel_d_reg[160]/C
  -------------------------------------------------------------------    -------------------
    SLICE_X94Y99         FDRE (Prop_fdre_C_Q)         0.164     2.149 r  u_top/u_core/u_b/u_b_core/core/core/l5/gk.frontend/win/pixel_d_reg[160]/Q
                         net (fo=1, routed)           0.198     2.347    u_top/u_core/u_b/u_b_core/core/core/l5/gk.frontend/win/pixel_d[160]
    SLICE_X96Y100        FDRE                                         r  u_top/u_core/u_b/u_b_core/core/core/l5/gk.frontend/win/shift_reg[24][160]/D
  -------------------------------------------------------------------    -------------------

                         (clock u_top_n_1388 rise edge)
                                                      0.000     0.000 r  
    W19                                               0.000     0.000 r  sys_clk (IN)
                         net (fo=0)                   0.000     0.000    sys_clk
    W19                  IBUF (Prop_ibuf_I_O)         0.465     0.465 r  sys_clk_IBUF_inst/O
                         net (fo=1, routed)           0.480     0.945    u_top/sys_clk_IBUF
    MMCME2_ADV_X0Y2      MMCME2_ADV (Prop_mmcme2_adv_CLKIN1_CLKOUT0)
                                                      0.053     0.998 r  u_top/g_mmcm.u_mmcm/CLKOUT0
                         net (fo=1, routed)           0.595     1.593    u_top_n_1388
    BUFGCTRL_X0Y0        BUFG (Prop_bufg_I_O)         0.029     1.622 r  input_slot_reg[1][511]_i_3/O
                         net (fo=61850, routed)       0.853     2.474    u_top/u_core/u_b/u_b_core/core/core/l5/gk.frontend/win/clk_200
    SLICE_X96Y100        FDRE                                         r  u_top/u_core/u_b/u_b_core/core/core/l5/gk.frontend/win/shift_reg[24][160]/C
                         clock pessimism             -0.289     2.186    
    SLICE_X96Y100        FDRE (Hold_fdre_C_D)         0.076     2.262    u_top/u_core/u_b/u_b_core/core/core/l5/gk.frontend/win/shift_reg[24][160]
  -------------------------------------------------------------------
                         required time                         -2.262    
                         arrival time                           2.347    
  -------------------------------------------------------------------
                         slack                                  0.085    

Slack (MET) :             0.085ns  (arrival time - required time)
  Source:                 u_top/u_core/u_b/u_b_core/core/core/l3/gk.frontend/win/shift_reg[7][126]/C
                            (rising edge-triggered cell FDRE clocked by u_top_n_1388  {rise@0.000ns fall@2.500ns period=5.000ns})
  Destination:            u_top/u_core/u_b/u_b_core/core/core/l3/gk.frontend/fifo/g_wide_read.g_read_slice[15].mem_slice_reg_0_3_60_63/RAMB/I
                            (rising edge-triggered cell RAMD32 clocked by u_top_n_1388  {rise@0.000ns fall@2.500ns period=5.000ns})
  Path Group:             u_top_n_1388
  Path Type:              Hold (Min at Fast Process Corner)
  Requirement:            0.000ns  (u_top_n_1388 rise@0.000ns - u_top_n_1388 rise@0.000ns)
  Data Path Delay:        0.270ns  (logic 0.141ns (52.151%)  route 0.129ns (47.849%))
  Logic Levels:           0  
  Clock Path Skew:        0.039ns (DCD - SCD - CPR)
    Destination Clock Delay (DCD):    2.476ns
    Source Clock Delay      (SCD):    1.920ns
    Clock Pessimism Removal (CPR):    0.518ns

    Location             Delay type                Incr(ns)  Path(ns)    Netlist Resource(s)
  -------------------------------------------------------------------    -------------------
                         (clock u_top_n_1388 rise edge)
                                                      0.000     0.000 r  
    W19                                               0.000     0.000 r  sys_clk (IN)
                         net (fo=0)                   0.000     0.000    sys_clk
    W19                  IBUF (Prop_ibuf_I_O)         0.277     0.277 r  sys_clk_IBUF_inst/O
                         net (fo=1, routed)           0.440     0.717    u_top/sys_clk_IBUF
    MMCME2_ADV_X0Y2      MMCME2_ADV (Prop_mmcme2_adv_CLKIN1_CLKOUT0)
                                                      0.050     0.767 r  u_top/g_mmcm.u_mmcm/CLKOUT0
                         net (fo=1, routed)           0.545     1.312    u_top_n_1388
    BUFGCTRL_X0Y0        BUFG (Prop_bufg_I_O)         0.026     1.338 r  input_slot_reg[1][511]_i_3/O
                         net (fo=61850, routed)       0.582     1.920    u_top/u_core/u_b/u_b_core/core/core/l3/gk.frontend/win/clk_200
    SLICE_X59Y109        FDRE                                         r  u_top/u_core/u_b/u_b_core/core/core/l3/gk.frontend/win/shift_reg[7][126]/C
  -------------------------------------------------------------------    -------------------
    SLICE_X59Y109        FDRE (Prop_fdre_C_Q)         0.141     2.061 r  u_top/u_core/u_b/u_b_core/core/core/l3/gk.frontend/win/shift_reg[7][126]/Q
                         net (fo=2, routed)           0.129     2.190    u_top/u_core/u_b/u_b_core/core/core/l3/gk.frontend/fifo/g_wide_read.g_read_slice[15].mem_slice_reg_0_3_60_63/DIB0
    SLICE_X56Y108        RAMD32                                       r  u_top/u_core/u_b/u_b_core/core/core/l3/gk.frontend/fifo/g_wide_read.g_read_slice[15].mem_slice_reg_0_3_60_63/RAMB/I
  -------------------------------------------------------------------    -------------------

                         (clock u_top_n_1388 rise edge)
                                                      0.000     0.000 r  
    W19                                               0.000     0.000 r  sys_clk (IN)
                         net (fo=0)                   0.000     0.000    sys_clk
    W19                  IBUF (Prop_ibuf_I_O)         0.465     0.465 r  sys_clk_IBUF_inst/O
                         net (fo=1, routed)           0.480     0.945    u_top/sys_clk_IBUF
    MMCME2_ADV_X0Y2      MMCME2_ADV (Prop_mmcme2_adv_CLKIN1_CLKOUT0)
                                                      0.053     0.998 r  u_top/g_mmcm.u_mmcm/CLKOUT0
                         net (fo=1, routed)           0.595     1.593    u_top_n_1388
    BUFGCTRL_X0Y0        BUFG (Prop_bufg_I_O)         0.029     1.622 r  input_slot_reg[1][511]_i_3/O
                         net (fo=61850, routed)       0.855     2.476    u_top/u_core/u_b/u_b_core/core/core/l3/gk.frontend/fifo/g_wide_read.g_read_slice[15].mem_slice_reg_0_3_60_63/WCLK
    SLICE_X56Y108        RAMD32                                       r  u_top/u_core/u_b/u_b_core/core/core/l3/gk.frontend/fifo/g_wide_read.g_read_slice[15].mem_slice_reg_0_3_60_63/RAMB/CLK
                         clock pessimism             -0.518     1.959    
    SLICE_X56Y108        RAMD32 (Hold_ramd32_CLK_I)
                                                      0.146     2.105    u_top/u_core/u_b/u_b_core/core/core/l3/gk.frontend/fifo/g_wide_read.g_read_slice[15].mem_slice_reg_0_3_60_63/RAMB
  -------------------------------------------------------------------
                         required time                         -2.105    
                         arrival time                           2.190    
  -------------------------------------------------------------------
                         slack                                  0.085    

Slack (MET) :             0.085ns  (arrival time - required time)
  Source:                 u_top/u_core/u_b/u_b_core/core/core/f45/wr_ptr_reg[0]/C
                            (rising edge-triggered cell FDRE clocked by u_top_n_1388  {rise@0.000ns fall@2.500ns period=5.000ns})
  Destination:            u_top/u_core/u_b/u_b_core/core/core/f45/g_narrow_read.mem_reg_0_31_240_245/RAMA/WADR0
                            (rising edge-triggered cell RAMD32 clocked by u_top_n_1388  {rise@0.000ns fall@2.500ns period=5.000ns})
  Path Group:             u_top_n_1388
  Path Type:              Hold (Min at Fast Process Corner)
  Requirement:            0.000ns  (u_top_n_1388 rise@0.000ns - u_top_n_1388 rise@0.000ns)
  Data Path Delay:        0.430ns  (logic 0.141ns (32.761%)  route 0.289ns (67.239%))
  Logic Levels:           0  
  Clock Path Skew:        0.035ns (DCD - SCD - CPR)
    Destination Clock Delay (DCD):    2.447ns
    Source Clock Delay      (SCD):    1.895ns
    Clock Pessimism Removal (CPR):    0.518ns

    Location             Delay type                Incr(ns)  Path(ns)    Netlist Resource(s)
  -------------------------------------------------------------------    -------------------
                         (clock u_top_n_1388 rise edge)
                                                      0.000     0.000 r  
    W19                                               0.000     0.000 r  sys_clk (IN)
                         net (fo=0)                   0.000     0.000    sys_clk
    W19                  IBUF (Prop_ibuf_I_O)         0.277     0.277 r  sys_clk_IBUF_inst/O
                         net (fo=1, routed)           0.440     0.717    u_top/sys_clk_IBUF
    MMCME2_ADV_X0Y2      MMCME2_ADV (Prop_mmcme2_adv_CLKIN1_CLKOUT0)
                                                      0.050     0.767 r  u_top/g_mmcm.u_mmcm/CLKOUT0
                         net (fo=1, routed)           0.545     1.312    u_top_n_1388
    BUFGCTRL_X0Y0        BUFG (Prop_bufg_I_O)         0.026     1.338 r  input_slot_reg[1][511]_i_3/O
                         net (fo=61850, routed)       0.557     1.895    u_top/u_core/u_b/u_b_core/core/core/f45/clk_200
    SLICE_X82Y119        FDRE                                         r  u_top/u_core/u_b/u_b_core/core/core/f45/wr_ptr_reg[0]/C
  -------------------------------------------------------------------    -------------------
    SLICE_X82Y119        FDRE (Prop_fdre_C_Q)         0.141     2.036 r  u_top/u_core/u_b/u_b_core/core/core/f45/wr_ptr_reg[0]/Q
                         net (fo=349, routed)         0.289     2.325    u_top/u_core/u_b/u_b_core/core/core/f45/g_narrow_read.mem_reg_0_31_240_245/ADDRD0
    SLICE_X80Y120        RAMD32                                       r  u_top/u_core/u_b/u_b_core/core/core/f45/g_narrow_read.mem_reg_0_31_240_245/RAMA/WADR0
  -------------------------------------------------------------------    -------------------

                         (clock u_top_n_1388 rise edge)
                                                      0.000     0.000 r  
    W19                                               0.000     0.000 r  sys_clk (IN)
                         net (fo=0)                   0.000     0.000    sys_clk
    W19                  IBUF (Prop_ibuf_I_O)         0.465     0.465 r  sys_clk_IBUF_inst/O
                         net (fo=1, routed)           0.480     0.945    u_top/sys_clk_IBUF
    MMCME2_ADV_X0Y2      MMCME2_ADV (Prop_mmcme2_adv_CLKIN1_CLKOUT0)
                                                      0.053     0.998 r  u_top/g_mmcm.u_mmcm/CLKOUT0
                         net (fo=1, routed)           0.595     1.593    u_top_n_1388
    BUFGCTRL_X0Y0        BUFG (Prop_bufg_I_O)         0.029     1.622 r  input_slot_reg[1][511]_i_3/O
                         net (fo=61850, routed)       0.826     2.447    u_top/u_core/u_b/u_b_core/core/core/f45/g_narrow_read.mem_reg_0_31_240_245/WCLK
    SLICE_X80Y120        RAMD32                                       r  u_top/u_core/u_b/u_b_core/core/core/f45/g_narrow_read.mem_reg_0_31_240_245/RAMA/CLK
                         clock pessimism             -0.518     1.930    
    SLICE_X80Y120        RAMD32 (Hold_ramd32_CLK_WADR0)
                                                      0.310     2.240    u_top/u_core/u_b/u_b_core/core/core/f45/g_narrow_read.mem_reg_0_31_240_245/RAMA
  -------------------------------------------------------------------
                         required time                         -2.240    
                         arrival time                           2.325    
  -------------------------------------------------------------------
                         slack                                  0.085    

Slack (MET) :             0.085ns  (arrival time - required time)
  Source:                 u_top/u_core/u_b/u_b_core/core/core/f45/wr_ptr_reg[0]/C
                            (rising edge-triggered cell FDRE clocked by u_top_n_1388  {rise@0.000ns fall@2.500ns period=5.000ns})
  Destination:            u_top/u_core/u_b/u_b_core/core/core/f45/g_narrow_read.mem_reg_0_31_240_245/RAMA_D1/WADR0
                            (rising edge-triggered cell RAMD32 clocked by u_top_n_1388  {rise@0.000ns fall@2.500ns period=5.000ns})
  Path Group:             u_top_n_1388
  Path Type:              Hold (Min at Fast Process Corner)
  Requirement:            0.000ns  (u_top_n_1388 rise@0.000ns - u_top_n_1388 rise@0.000ns)
  Data Path Delay:        0.430ns  (logic 0.141ns (32.761%)  route 0.289ns (67.239%))
  Logic Levels:           0  
  Clock Path Skew:        0.035ns (DCD - SCD - CPR)
    Destination Clock Delay (DCD):    2.447ns
    Source Clock Delay      (SCD):    1.895ns
    Clock Pessimism Removal (CPR):    0.518ns

    Location             Delay type                Incr(ns)  Path(ns)    Netlist Resource(s)
  -------------------------------------------------------------------    -------------------
                         (clock u_top_n_1388 rise edge)
                                                      0.000     0.000 r  
    W19                                               0.000     0.000 r  sys_clk (IN)
                         net (fo=0)                   0.000     0.000    sys_clk
    W19                  IBUF (Prop_ibuf_I_O)         0.277     0.277 r  sys_clk_IBUF_inst/O
                         net (fo=1, routed)           0.440     0.717    u_top/sys_clk_IBUF
    MMCME2_ADV_X0Y2      MMCME2_ADV (Prop_mmcme2_adv_CLKIN1_CLKOUT0)
                                                      0.050     0.767 r  u_top/g_mmcm.u_mmcm/CLKOUT0
                         net (fo=1, routed)           0.545     1.312    u_top_n_1388
    BUFGCTRL_X0Y0        BUFG (Prop_bufg_I_O)         0.026     1.338 r  input_slot_reg[1][511]_i_3/O
                         net (fo=61850, routed)       0.557     1.895    u_top/u_core/u_b/u_b_core/core/core/f45/clk_200
    SLICE_X82Y119        FDRE                                         r  u_top/u_core/u_b/u_b_core/core/core/f45/wr_ptr_reg[0]/C
  -------------------------------------------------------------------    -------------------
    SLICE_X82Y119        FDRE (Prop_fdre_C_Q)         0.141     2.036 r  u_top/u_core/u_b/u_b_core/core/core/f45/wr_ptr_reg[0]/Q
                         net (fo=349, routed)         0.289     2.325    u_top/u_core/u_b/u_b_core/core/core/f45/g_narrow_read.mem_reg_0_31_240_245/ADDRD0
    SLICE_X80Y120        RAMD32                                       r  u_top/u_core/u_b/u_b_core/core/core/f45/g_narrow_read.mem_reg_0_31_240_245/RAMA_D1/WADR0
  -------------------------------------------------------------------    -------------------

                         (clock u_top_n_1388 rise edge)
                                                      0.000     0.000 r  
    W19                                               0.000     0.000 r  sys_clk (IN)
                         net (fo=0)                   0.000     0.000    sys_clk
    W19                  IBUF (Prop_ibuf_I_O)         0.465     0.465 r  sys_clk_IBUF_inst/O
                         net (fo=1, routed)           0.480     0.945    u_top/sys_clk_IBUF
    MMCME2_ADV_X0Y2      MMCME2_ADV (Prop_mmcme2_adv_CLKIN1_CLKOUT0)
                                                      0.053     0.998 r  u_top/g_mmcm.u_mmcm/CLKOUT0
                         net (fo=1, routed)           0.595     1.593    u_top_n_1388
    BUFGCTRL_X0Y0        BUFG (Prop_bufg_I_O)         0.029     1.622 r  input_slot_reg[1][511]_i_3/O
                         net (fo=61850, routed)       0.826     2.447    u_top/u_core/u_b/u_b_core/core/core/f45/g_narrow_read.mem_reg_0_31_240_245/WCLK
    SLICE_X80Y120        RAMD32                                       r  u_top/u_core/u_b/u_b_core/core/core/f45/g_narrow_read.mem_reg_0_31_240_245/RAMA_D1/CLK
                         clock pessimism             -0.518     1.930    
    SLICE_X80Y120        RAMD32 (Hold_ramd32_CLK_WADR0)
                                                      0.310     2.240    u_top/u_core/u_b/u_b_core/core/core/f45/g_narrow_read.mem_reg_0_31_240_245/RAMA_D1
  -------------------------------------------------------------------
                         required time                         -2.240    
                         arrival time                           2.325    
  -------------------------------------------------------------------
                         slack                                  0.085    

Slack (MET) :             0.085ns  (arrival time - required time)
  Source:                 u_top/u_core/u_b/u_b_core/core/core/f45/wr_ptr_reg[0]/C
                            (rising edge-triggered cell FDRE clocked by u_top_n_1388  {rise@0.000ns fall@2.500ns period=5.000ns})
  Destination:            u_top/u_core/u_b/u_b_core/core/core/f45/g_narrow_read.mem_reg_0_31_240_245/RAMB/WADR0
                            (rising edge-triggered cell RAMD32 clocked by u_top_n_1388  {rise@0.000ns fall@2.500ns period=5.000ns})
  Path Group:             u_top_n_1388
  Path Type:              Hold (Min at Fast Process Corner)
  Requirement:            0.000ns  (u_top_n_1388 rise@0.000ns - u_top_n_1388 rise@0.000ns)
  Data Path Delay:        0.430ns  (logic 0.141ns (32.761%)  route 0.289ns (67.239%))
  Logic Levels:           0  
  Clock Path Skew:        0.035ns (DCD - SCD - CPR)
    Destination Clock Delay (DCD):    2.447ns
    Source Clock Delay      (SCD):    1.895ns
    Clock Pessimism Removal (CPR):    0.518ns

    Location             Delay type                Incr(ns)  Path(ns)    Netlist Resource(s)
  -------------------------------------------------------------------    -------------------
                         (clock u_top_n_1388 rise edge)
                                                      0.000     0.000 r  
    W19                                               0.000     0.000 r  sys_clk (IN)
                         net (fo=0)                   0.000     0.000    sys_clk
    W19                  IBUF (Prop_ibuf_I_O)         0.277     0.277 r  sys_clk_IBUF_inst/O
                         net (fo=1, routed)           0.440     0.717    u_top/sys_clk_IBUF
    MMCME2_ADV_X0Y2      MMCME2_ADV (Prop_mmcme2_adv_CLKIN1_CLKOUT0)
                                                      0.050     0.767 r  u_top/g_mmcm.u_mmcm/CLKOUT0
                         net (fo=1, routed)           0.545     1.312    u_top_n_1388
    BUFGCTRL_X0Y0        BUFG (Prop_bufg_I_O)         0.026     1.338 r  input_slot_reg[1][511]_i_3/O
                         net (fo=61850, routed)       0.557     1.895    u_top/u_core/u_b/u_b_core/core/core/f45/clk_200
    SLICE_X82Y119        FDRE                                         r  u_top/u_core/u_b/u_b_core/core/core/f45/wr_ptr_reg[0]/C
  -------------------------------------------------------------------    -------------------
    SLICE_X82Y119        FDRE (Prop_fdre_C_Q)         0.141     2.036 r  u_top/u_core/u_b/u_b_core/core/core/f45/wr_ptr_reg[0]/Q
                         net (fo=349, routed)         0.289     2.325    u_top/u_core/u_b/u_b_core/core/core/f45/g_narrow_read.mem_reg_0_31_240_245/ADDRD0
    SLICE_X80Y120        RAMD32                                       r  u_top/u_core/u_b/u_b_core/core/core/f45/g_narrow_read.mem_reg_0_31_240_245/RAMB/WADR0
  -------------------------------------------------------------------    -------------------

                         (clock u_top_n_1388 rise edge)
                                                      0.000     0.000 r  
    W19                                               0.000     0.000 r  sys_clk (IN)
                         net (fo=0)                   0.000     0.000    sys_clk
    W19                  IBUF (Prop_ibuf_I_O)         0.465     0.465 r  sys_clk_IBUF_inst/O
                         net (fo=1, routed)           0.480     0.945    u_top/sys_clk_IBUF
    MMCME2_ADV_X0Y2      MMCME2_ADV (Prop_mmcme2_adv_CLKIN1_CLKOUT0)
                                                      0.053     0.998 r  u_top/g_mmcm.u_mmcm/CLKOUT0
                         net (fo=1, routed)           0.595     1.593    u_top_n_1388
    BUFGCTRL_X0Y0        BUFG (Prop_bufg_I_O)         0.029     1.622 r  input_slot_reg[1][511]_i_3/O
                         net (fo=61850, routed)       0.826     2.447    u_top/u_core/u_b/u_b_core/core/core/f45/g_narrow_read.mem_reg_0_31_240_245/WCLK
    SLICE_X80Y120        RAMD32                                       r  u_top/u_core/u_b/u_b_core/core/core/f45/g_narrow_read.mem_reg_0_31_240_245/RAMB/CLK
                         clock pessimism             -0.518     1.930    
    SLICE_X80Y120        RAMD32 (Hold_ramd32_CLK_WADR0)
                                                      0.310     2.240    u_top/u_core/u_b/u_b_core/core/core/f45/g_narrow_read.mem_reg_0_31_240_245/RAMB
  -------------------------------------------------------------------
                         required time                         -2.240    
                         arrival time                           2.325    
  -------------------------------------------------------------------
                         slack                                  0.085    

Slack (MET) :             0.085ns  (arrival time - required time)
  Source:                 u_top/u_core/u_b/u_b_core/core/core/f45/wr_ptr_reg[0]/C
                            (rising edge-triggered cell FDRE clocked by u_top_n_1388  {rise@0.000ns fall@2.500ns period=5.000ns})
  Destination:            u_top/u_core/u_b/u_b_core/core/core/f45/g_narrow_read.mem_reg_0_31_240_245/RAMB_D1/WADR0
                            (rising edge-triggered cell RAMD32 clocked by u_top_n_1388  {rise@0.000ns fall@2.500ns period=5.000ns})
  Path Group:             u_top_n_1388
  Path Type:              Hold (Min at Fast Process Corner)
  Requirement:            0.000ns  (u_top_n_1388 rise@0.000ns - u_top_n_1388 rise@0.000ns)
  Data Path Delay:        0.430ns  (logic 0.141ns (32.761%)  route 0.289ns (67.239%))
  Logic Levels:           0  
  Clock Path Skew:        0.035ns (DCD - SCD - CPR)
    Destination Clock Delay (DCD):    2.447ns
    Source Clock Delay      (SCD):    1.895ns
    Clock Pessimism Removal (CPR):    0.518ns

    Location             Delay type                Incr(ns)  Path(ns)    Netlist Resource(s)
  -------------------------------------------------------------------    -------------------
                         (clock u_top_n_1388 rise edge)
                                                      0.000     0.000 r  
    W19                                               0.000     0.000 r  sys_clk (IN)
                         net (fo=0)                   0.000     0.000    sys_clk
    W19                  IBUF (Prop_ibuf_I_O)         0.277     0.277 r  sys_clk_IBUF_inst/O
                         net (fo=1, routed)           0.440     0.717    u_top/sys_clk_IBUF
    MMCME2_ADV_X0Y2      MMCME2_ADV (Prop_mmcme2_adv_CLKIN1_CLKOUT0)
                                                      0.050     0.767 r  u_top/g_mmcm.u_mmcm/CLKOUT0
                         net (fo=1, routed)           0.545     1.312    u_top_n_1388
    BUFGCTRL_X0Y0        BUFG (Prop_bufg_I_O)         0.026     1.338 r  input_slot_reg[1][511]_i_3/O
                         net (fo=61850, routed)       0.557     1.895    u_top/u_core/u_b/u_b_core/core/core/f45/clk_200
    SLICE_X82Y119        FDRE                                         r  u_top/u_core/u_b/u_b_core/core/core/f45/wr_ptr_reg[0]/C
  -------------------------------------------------------------------    -------------------
    SLICE_X82Y119        FDRE (Prop_fdre_C_Q)         0.141     2.036 r  u_top/u_core/u_b/u_b_core/core/core/f45/wr_ptr_reg[0]/Q
                         net (fo=349, routed)         0.289     2.325    u_top/u_core/u_b/u_b_core/core/core/f45/g_narrow_read.mem_reg_0_31_240_245/ADDRD0
    SLICE_X80Y120        RAMD32                                       r  u_top/u_core/u_b/u_b_core/core/core/f45/g_narrow_read.mem_reg_0_31_240_245/RAMB_D1/WADR0
  -------------------------------------------------------------------    -------------------

                         (clock u_top_n_1388 rise edge)
                                                      0.000     0.000 r  
    W19                                               0.000     0.000 r  sys_clk (IN)
                         net (fo=0)                   0.000     0.000    sys_clk
    W19                  IBUF (Prop_ibuf_I_O)         0.465     0.465 r  sys_clk_IBUF_inst/O
                         net (fo=1, routed)           0.480     0.945    u_top/sys_clk_IBUF
    MMCME2_ADV_X0Y2      MMCME2_ADV (Prop_mmcme2_adv_CLKIN1_CLKOUT0)
                                                      0.053     0.998 r  u_top/g_mmcm.u_mmcm/CLKOUT0
                         net (fo=1, routed)           0.595     1.593    u_top_n_1388
    BUFGCTRL_X0Y0        BUFG (Prop_bufg_I_O)         0.029     1.622 r  input_slot_reg[1][511]_i_3/O
                         net (fo=61850, routed)       0.826     2.447    u_top/u_core/u_b/u_b_core/core/core/f45/g_narrow_read.mem_reg_0_31_240_245/WCLK
    SLICE_X80Y120        RAMD32                                       r  u_top/u_core/u_b/u_b_core/core/core/f45/g_narrow_read.mem_reg_0_31_240_245/RAMB_D1/CLK
                         clock pessimism             -0.518     1.930    
    SLICE_X80Y120        RAMD32 (Hold_ramd32_CLK_WADR0)
                                                      0.310     2.240    u_top/u_core/u_b/u_b_core/core/core/f45/g_narrow_read.mem_reg_0_31_240_245/RAMB_D1
  -------------------------------------------------------------------
                         required time                         -2.240    
                         arrival time                           2.325    
  -------------------------------------------------------------------
                         slack                                  0.085    

Slack (MET) :             0.085ns  (arrival time - required time)
  Source:                 u_top/u_core/u_b/u_b_core/core/core/f45/wr_ptr_reg[0]/C
                            (rising edge-triggered cell FDRE clocked by u_top_n_1388  {rise@0.000ns fall@2.500ns period=5.000ns})
  Destination:            u_top/u_core/u_b/u_b_core/core/core/f45/g_narrow_read.mem_reg_0_31_240_245/RAMC/WADR0
                            (rising edge-triggered cell RAMD32 clocked by u_top_n_1388  {rise@0.000ns fall@2.500ns period=5.000ns})
  Path Group:             u_top_n_1388
  Path Type:              Hold (Min at Fast Process Corner)
  Requirement:            0.000ns  (u_top_n_1388 rise@0.000ns - u_top_n_1388 rise@0.000ns)
  Data Path Delay:        0.430ns  (logic 0.141ns (32.761%)  route 0.289ns (67.239%))
  Logic Levels:           0  
  Clock Path Skew:        0.035ns (DCD - SCD - CPR)
    Destination Clock Delay (DCD):    2.447ns
    Source Clock Delay      (SCD):    1.895ns
    Clock Pessimism Removal (CPR):    0.518ns

    Location             Delay type                Incr(ns)  Path(ns)    Netlist Resource(s)
  -------------------------------------------------------------------    -------------------
                         (clock u_top_n_1388 rise edge)
                                                      0.000     0.000 r  
    W19                                               0.000     0.000 r  sys_clk (IN)
                         net (fo=0)                   0.000     0.000    sys_clk
    W19                  IBUF (Prop_ibuf_I_O)         0.277     0.277 r  sys_clk_IBUF_inst/O
                         net (fo=1, routed)           0.440     0.717    u_top/sys_clk_IBUF
    MMCME2_ADV_X0Y2      MMCME2_ADV (Prop_mmcme2_adv_CLKIN1_CLKOUT0)
                                                      0.050     0.767 r  u_top/g_mmcm.u_mmcm/CLKOUT0
                         net (fo=1, routed)           0.545     1.312    u_top_n_1388
    BUFGCTRL_X0Y0        BUFG (Prop_bufg_I_O)         0.026     1.338 r  input_slot_reg[1][511]_i_3/O
                         net (fo=61850, routed)       0.557     1.895    u_top/u_core/u_b/u_b_core/core/core/f45/clk_200
    SLICE_X82Y119        FDRE                                         r  u_top/u_core/u_b/u_b_core/core/core/f45/wr_ptr_reg[0]/C
  -------------------------------------------------------------------    -------------------
    SLICE_X82Y119        FDRE (Prop_fdre_C_Q)         0.141     2.036 r  u_top/u_core/u_b/u_b_core/core/core/f45/wr_ptr_reg[0]/Q
                         net (fo=349, routed)         0.289     2.325    u_top/u_core/u_b/u_b_core/core/core/f45/g_narrow_read.mem_reg_0_31_240_245/ADDRD0
    SLICE_X80Y120        RAMD32                                       r  u_top/u_core/u_b/u_b_core/core/core/f45/g_narrow_read.mem_reg_0_31_240_245/RAMC/WADR0
  -------------------------------------------------------------------    -------------------

                         (clock u_top_n_1388 rise edge)
                                                      0.000     0.000 r  
    W19                                               0.000     0.000 r  sys_clk (IN)
                         net (fo=0)                   0.000     0.000    sys_clk
    W19                  IBUF (Prop_ibuf_I_O)         0.465     0.465 r  sys_clk_IBUF_inst/O
                         net (fo=1, routed)           0.480     0.945    u_top/sys_clk_IBUF
    MMCME2_ADV_X0Y2      MMCME2_ADV (Prop_mmcme2_adv_CLKIN1_CLKOUT0)
                                                      0.053     0.998 r  u_top/g_mmcm.u_mmcm/CLKOUT0
                         net (fo=1, routed)           0.595     1.593    u_top_n_1388
    BUFGCTRL_X0Y0        BUFG (Prop_bufg_I_O)         0.029     1.622 r  input_slot_reg[1][511]_i_3/O
                         net (fo=61850, routed)       0.826     2.447    u_top/u_core/u_b/u_b_core/core/core/f45/g_narrow_read.mem_reg_0_31_240_245/WCLK
    SLICE_X80Y120        RAMD32                                       r  u_top/u_core/u_b/u_b_core/core/core/f45/g_narrow_read.mem_reg_0_31_240_245/RAMC/CLK
                         clock pessimism             -0.518     1.930    
    SLICE_X80Y120        RAMD32 (Hold_ramd32_CLK_WADR0)
                                                      0.310     2.240    u_top/u_core/u_b/u_b_core/core/core/f45/g_narrow_read.mem_reg_0_31_240_245/RAMC
  -------------------------------------------------------------------
                         required time                         -2.240    
                         arrival time                           2.325    
  -------------------------------------------------------------------
                         slack                                  0.085    

Slack (MET) :             0.085ns  (arrival time - required time)
  Source:                 u_top/u_core/u_b/u_b_core/core/core/f45/wr_ptr_reg[0]/C
                            (rising edge-triggered cell FDRE clocked by u_top_n_1388  {rise@0.000ns fall@2.500ns period=5.000ns})
  Destination:            u_top/u_core/u_b/u_b_core/core/core/f45/g_narrow_read.mem_reg_0_31_240_245/RAMC_D1/WADR0
                            (rising edge-triggered cell RAMD32 clocked by u_top_n_1388  {rise@0.000ns fall@2.500ns period=5.000ns})
  Path Group:             u_top_n_1388
  Path Type:              Hold (Min at Fast Process Corner)
  Requirement:            0.000ns  (u_top_n_1388 rise@0.000ns - u_top_n_1388 rise@0.000ns)
  Data Path Delay:        0.430ns  (logic 0.141ns (32.761%)  route 0.289ns (67.239%))
  Logic Levels:           0  
  Clock Path Skew:        0.035ns (DCD - SCD - CPR)
    Destination Clock Delay (DCD):    2.447ns
    Source Clock Delay      (SCD):    1.895ns
    Clock Pessimism Removal (CPR):    0.518ns

    Location             Delay type                Incr(ns)  Path(ns)    Netlist Resource(s)
  -------------------------------------------------------------------    -------------------
                         (clock u_top_n_1388 rise edge)
                                                      0.000     0.000 r  
    W19                                               0.000     0.000 r  sys_clk (IN)
                         net (fo=0)                   0.000     0.000    sys_clk
    W19                  IBUF (Prop_ibuf_I_O)         0.277     0.277 r  sys_clk_IBUF_inst/O
                         net (fo=1, routed)           0.440     0.717    u_top/sys_clk_IBUF
    MMCME2_ADV_X0Y2      MMCME2_ADV (Prop_mmcme2_adv_CLKIN1_CLKOUT0)
                                                      0.050     0.767 r  u_top/g_mmcm.u_mmcm/CLKOUT0
                         net (fo=1, routed)           0.545     1.312    u_top_n_1388
    BUFGCTRL_X0Y0        BUFG (Prop_bufg_I_O)         0.026     1.338 r  input_slot_reg[1][511]_i_3/O
                         net (fo=61850, routed)       0.557     1.895    u_top/u_core/u_b/u_b_core/core/core/f45/clk_200
    SLICE_X82Y119        FDRE                                         r  u_top/u_core/u_b/u_b_core/core/core/f45/wr_ptr_reg[0]/C
  -------------------------------------------------------------------    -------------------
    SLICE_X82Y119        FDRE (Prop_fdre_C_Q)         0.141     2.036 r  u_top/u_core/u_b/u_b_core/core/core/f45/wr_ptr_reg[0]/Q
                         net (fo=349, routed)         0.289     2.325    u_top/u_core/u_b/u_b_core/core/core/f45/g_narrow_read.mem_reg_0_31_240_245/ADDRD0
    SLICE_X80Y120        RAMD32                                       r  u_top/u_core/u_b/u_b_core/core/core/f45/g_narrow_read.mem_reg_0_31_240_245/RAMC_D1/WADR0
  -------------------------------------------------------------------    -------------------

                         (clock u_top_n_1388 rise edge)
                                                      0.000     0.000 r  
    W19                                               0.000     0.000 r  sys_clk (IN)
                         net (fo=0)                   0.000     0.000    sys_clk
    W19                  IBUF (Prop_ibuf_I_O)         0.465     0.465 r  sys_clk_IBUF_inst/O
                         net (fo=1, routed)           0.480     0.945    u_top/sys_clk_IBUF
    MMCME2_ADV_X0Y2      MMCME2_ADV (Prop_mmcme2_adv_CLKIN1_CLKOUT0)
                                                      0.053     0.998 r  u_top/g_mmcm.u_mmcm/CLKOUT0
                         net (fo=1, routed)           0.595     1.593    u_top_n_1388
    BUFGCTRL_X0Y0        BUFG (Prop_bufg_I_O)         0.029     1.622 r  input_slot_reg[1][511]_i_3/O
                         net (fo=61850, routed)       0.826     2.447    u_top/u_core/u_b/u_b_core/core/core/f45/g_narrow_read.mem_reg_0_31_240_245/WCLK
    SLICE_X80Y120        RAMD32                                       r  u_top/u_core/u_b/u_b_core/core/core/f45/g_narrow_read.mem_reg_0_31_240_245/RAMC_D1/CLK
                         clock pessimism             -0.518     1.930    
    SLICE_X80Y120        RAMD32 (Hold_ramd32_CLK_WADR0)
                                                      0.310     2.240    u_top/u_core/u_b/u_b_core/core/core/f45/g_narrow_read.mem_reg_0_31_240_245/RAMC_D1
  -------------------------------------------------------------------
                         required time                         -2.240    
                         arrival time                           2.325    
  -------------------------------------------------------------------
                         slack                                  0.085    

Slack (MET) :             0.085ns  (arrival time - required time)
  Source:                 u_top/u_core/u_b/u_b_core/core/core/f45/wr_ptr_reg[0]/C
                            (rising edge-triggered cell FDRE clocked by u_top_n_1388  {rise@0.000ns fall@2.500ns period=5.000ns})
  Destination:            u_top/u_core/u_b/u_b_core/core/core/f45/g_narrow_read.mem_reg_0_31_240_245/RAMD/ADR0
                            (rising edge-triggered cell RAMS32 clocked by u_top_n_1388  {rise@0.000ns fall@2.500ns period=5.000ns})
  Path Group:             u_top_n_1388
  Path Type:              Hold (Min at Fast Process Corner)
  Requirement:            0.000ns  (u_top_n_1388 rise@0.000ns - u_top_n_1388 rise@0.000ns)
  Data Path Delay:        0.430ns  (logic 0.141ns (32.761%)  route 0.289ns (67.239%))
  Logic Levels:           0  
  Clock Path Skew:        0.035ns (DCD - SCD - CPR)
    Destination Clock Delay (DCD):    2.447ns
    Source Clock Delay      (SCD):    1.895ns
    Clock Pessimism Removal (CPR):    0.518ns

    Location             Delay type                Incr(ns)  Path(ns)    Netlist Resource(s)
  -------------------------------------------------------------------    -------------------
                         (clock u_top_n_1388 rise edge)
                                                      0.000     0.000 r  
    W19                                               0.000     0.000 r  sys_clk (IN)
                         net (fo=0)                   0.000     0.000    sys_clk
    W19                  IBUF (Prop_ibuf_I_O)         0.277     0.277 r  sys_clk_IBUF_inst/O
                         net (fo=1, routed)           0.440     0.717    u_top/sys_clk_IBUF
    MMCME2_ADV_X0Y2      MMCME2_ADV (Prop_mmcme2_adv_CLKIN1_CLKOUT0)
                                                      0.050     0.767 r  u_top/g_mmcm.u_mmcm/CLKOUT0
                         net (fo=1, routed)           0.545     1.312    u_top_n_1388
    BUFGCTRL_X0Y0        BUFG (Prop_bufg_I_O)         0.026     1.338 r  input_slot_reg[1][511]_i_3/O
                         net (fo=61850, routed)       0.557     1.895    u_top/u_core/u_b/u_b_core/core/core/f45/clk_200
    SLICE_X82Y119        FDRE                                         r  u_top/u_core/u_b/u_b_core/core/core/f45/wr_ptr_reg[0]/C
  -------------------------------------------------------------------    -------------------
    SLICE_X82Y119        FDRE (Prop_fdre_C_Q)         0.141     2.036 r  u_top/u_core/u_b/u_b_core/core/core/f45/wr_ptr_reg[0]/Q
                         net (fo=349, routed)         0.289     2.325    u_top/u_core/u_b/u_b_core/core/core/f45/g_narrow_read.mem_reg_0_31_240_245/ADDRD0
    SLICE_X80Y120        RAMS32                                       r  u_top/u_core/u_b/u_b_core/core/core/f45/g_narrow_read.mem_reg_0_31_240_245/RAMD/ADR0
  -------------------------------------------------------------------    -------------------

                         (clock u_top_n_1388 rise edge)
                                                      0.000     0.000 r  
    W19                                               0.000     0.000 r  sys_clk (IN)
                         net (fo=0)                   0.000     0.000    sys_clk
    W19                  IBUF (Prop_ibuf_I_O)         0.465     0.465 r  sys_clk_IBUF_inst/O
                         net (fo=1, routed)           0.480     0.945    u_top/sys_clk_IBUF
    MMCME2_ADV_X0Y2      MMCME2_ADV (Prop_mmcme2_adv_CLKIN1_CLKOUT0)
                                                      0.053     0.998 r  u_top/g_mmcm.u_mmcm/CLKOUT0
                         net (fo=1, routed)           0.595     1.593    u_top_n_1388
    BUFGCTRL_X0Y0        BUFG (Prop_bufg_I_O)         0.029     1.622 r  input_slot_reg[1][511]_i_3/O
                         net (fo=61850, routed)       0.826     2.447    u_top/u_core/u_b/u_b_core/core/core/f45/g_narrow_read.mem_reg_0_31_240_245/WCLK
    SLICE_X80Y120        RAMS32                                       r  u_top/u_core/u_b/u_b_core/core/core/f45/g_narrow_read.mem_reg_0_31_240_245/RAMD/CLK
                         clock pessimism             -0.518     1.930    
    SLICE_X80Y120        RAMS32 (Hold_rams32_CLK_ADR0)
                                                      0.310     2.240    u_top/u_core/u_b/u_b_core/core/core/f45/g_narrow_read.mem_reg_0_31_240_245/RAMD
  -------------------------------------------------------------------
                         required time                         -2.240    
                         arrival time                           2.325    
  -------------------------------------------------------------------
                         slack                                  0.085    

Slack (MET) :             0.085ns  (arrival time - required time)
  Source:                 u_top/u_core/u_b/u_b_core/core/core/f45/wr_ptr_reg[0]/C
                            (rising edge-triggered cell FDRE clocked by u_top_n_1388  {rise@0.000ns fall@2.500ns period=5.000ns})
  Destination:            u_top/u_core/u_b/u_b_core/core/core/f45/g_narrow_read.mem_reg_0_31_240_245/RAMD_D1/ADR0
                            (rising edge-triggered cell RAMS32 clocked by u_top_n_1388  {rise@0.000ns fall@2.500ns period=5.000ns})
  Path Group:             u_top_n_1388
  Path Type:              Hold (Min at Fast Process Corner)
  Requirement:            0.000ns  (u_top_n_1388 rise@0.000ns - u_top_n_1388 rise@0.000ns)
  Data Path Delay:        0.430ns  (logic 0.141ns (32.761%)  route 0.289ns (67.239%))
  Logic Levels:           0  
  Clock Path Skew:        0.035ns (DCD - SCD - CPR)
    Destination Clock Delay (DCD):    2.447ns
    Source Clock Delay      (SCD):    1.895ns
    Clock Pessimism Removal (CPR):    0.518ns

    Location             Delay type                Incr(ns)  Path(ns)    Netlist Resource(s)
  -------------------------------------------------------------------    -------------------
                         (clock u_top_n_1388 rise edge)
                                                      0.000     0.000 r  
    W19                                               0.000     0.000 r  sys_clk (IN)
                         net (fo=0)                   0.000     0.000    sys_clk
    W19                  IBUF (Prop_ibuf_I_O)         0.277     0.277 r  sys_clk_IBUF_inst/O
                         net (fo=1, routed)           0.440     0.717    u_top/sys_clk_IBUF
    MMCME2_ADV_X0Y2      MMCME2_ADV (Prop_mmcme2_adv_CLKIN1_CLKOUT0)
                                                      0.050     0.767 r  u_top/g_mmcm.u_mmcm/CLKOUT0
                         net (fo=1, routed)           0.545     1.312    u_top_n_1388
    BUFGCTRL_X0Y0        BUFG (Prop_bufg_I_O)         0.026     1.338 r  input_slot_reg[1][511]_i_3/O
                         net (fo=61850, routed)       0.557     1.895    u_top/u_core/u_b/u_b_core/core/core/f45/clk_200
    SLICE_X82Y119        FDRE                                         r  u_top/u_core/u_b/u_b_core/core/core/f45/wr_ptr_reg[0]/C
  -------------------------------------------------------------------    -------------------
    SLICE_X82Y119        FDRE (Prop_fdre_C_Q)         0.141     2.036 r  u_top/u_core/u_b/u_b_core/core/core/f45/wr_ptr_reg[0]/Q
                         net (fo=349, routed)         0.289     2.325    u_top/u_core/u_b/u_b_core/core/core/f45/g_narrow_read.mem_reg_0_31_240_245/ADDRD0
    SLICE_X80Y120        RAMS32                                       r  u_top/u_core/u_b/u_b_core/core/core/f45/g_narrow_read.mem_reg_0_31_240_245/RAMD_D1/ADR0
  -------------------------------------------------------------------    -------------------

                         (clock u_top_n_1388 rise edge)
                                                      0.000     0.000 r  
    W19                                               0.000     0.000 r  sys_clk (IN)
                         net (fo=0)                   0.000     0.000    sys_clk
    W19                  IBUF (Prop_ibuf_I_O)         0.465     0.465 r  sys_clk_IBUF_inst/O
                         net (fo=1, routed)           0.480     0.945    u_top/sys_clk_IBUF
    MMCME2_ADV_X0Y2      MMCME2_ADV (Prop_mmcme2_adv_CLKIN1_CLKOUT0)
                                                      0.053     0.998 r  u_top/g_mmcm.u_mmcm/CLKOUT0
                         net (fo=1, routed)           0.595     1.593    u_top_n_1388
    BUFGCTRL_X0Y0        BUFG (Prop_bufg_I_O)         0.029     1.622 r  input_slot_reg[1][511]_i_3/O
                         net (fo=61850, routed)       0.826     2.447    u_top/u_core/u_b/u_b_core/core/core/f45/g_narrow_read.mem_reg_0_31_240_245/WCLK
    SLICE_X80Y120        RAMS32                                       r  u_top/u_core/u_b/u_b_core/core/core/f45/g_narrow_read.mem_reg_0_31_240_245/RAMD_D1/CLK
                         clock pessimism             -0.518     1.930    
    SLICE_X80Y120        RAMS32 (Hold_rams32_CLK_ADR0)
                                                      0.310     2.240    u_top/u_core/u_b/u_b_core/core/core/f45/g_narrow_read.mem_reg_0_31_240_245/RAMD_D1
  -------------------------------------------------------------------
                         required time                         -2.240    
                         arrival time                           2.325    
  -------------------------------------------------------------------
                         slack                                  0.085    

Slack (MET) :             0.086ns  (arrival time - required time)
  Source:                 u_top/u_core/u_b/u_b_core/core/core/l4/post/output_slot_reg[0][236]/C
                            (rising edge-triggered cell FDRE clocked by u_top_n_1388  {rise@0.000ns fall@2.500ns period=5.000ns})
  Destination:            u_top/u_core/u_b/u_b_core/core/core/f45/g_narrow_read.mem_reg_0_31_234_239/RAMB/I
                            (rising edge-triggered cell RAMD32 clocked by u_top_n_1388  {rise@0.000ns fall@2.500ns period=5.000ns})
  Path Group:             u_top_n_1388
  Path Type:              Hold (Min at Fast Process Corner)
  Requirement:            0.000ns  (u_top_n_1388 rise@0.000ns - u_top_n_1388 rise@0.000ns)
  Data Path Delay:        0.497ns  (logic 0.209ns (42.066%)  route 0.288ns (57.934%))
  Logic Levels:           1  (LUT3=1)
  Clock Path Skew:        0.265ns (DCD - SCD - CPR)
    Destination Clock Delay (DCD):    2.450ns
    Source Clock Delay      (SCD):    1.897ns
    Clock Pessimism Removal (CPR):    0.289ns

    Location             Delay type                Incr(ns)  Path(ns)    Netlist Resource(s)
  -------------------------------------------------------------------    -------------------
                         (clock u_top_n_1388 rise edge)
                                                      0.000     0.000 r  
    W19                                               0.000     0.000 r  sys_clk (IN)
                         net (fo=0)                   0.000     0.000    sys_clk
    W19                  IBUF (Prop_ibuf_I_O)         0.277     0.277 r  sys_clk_IBUF_inst/O
                         net (fo=1, routed)           0.440     0.717    u_top/sys_clk_IBUF
    MMCME2_ADV_X0Y2      MMCME2_ADV (Prop_mmcme2_adv_CLKIN1_CLKOUT0)
                                                      0.050     0.767 r  u_top/g_mmcm.u_mmcm/CLKOUT0
                         net (fo=1, routed)           0.545     1.312    u_top_n_1388
    BUFGCTRL_X0Y0        BUFG (Prop_bufg_I_O)         0.026     1.338 r  input_slot_reg[1][511]_i_3/O
                         net (fo=61850, routed)       0.559     1.897    u_top/u_core/u_b/u_b_core/core/core/l4/post/clk_200
    SLICE_X80Y118        FDRE                                         r  u_top/u_core/u_b/u_b_core/core/core/l4/post/output_slot_reg[0][236]/C
  -------------------------------------------------------------------    -------------------
    SLICE_X80Y118        FDRE (Prop_fdre_C_Q)         0.164     2.061 r  u_top/u_core/u_b/u_b_core/core/core/l4/post/output_slot_reg[0][236]/Q
                         net (fo=1, routed)           0.081     2.142    u_top/u_core/u_b/u_b_core/core/core/l4/post/output_slot_reg[0]_215[236]
    SLICE_X81Y118        LUT3 (Prop_lut3_I1_O)        0.045     2.187 r  u_top/u_core/u_b/u_b_core/core/core/l4/post/g_narrow_read.mem_reg_0_31_234_239_i_4/O
                         net (fo=1, routed)           0.206     2.393    u_top/u_core/u_b/u_b_core/core/core/f45/g_narrow_read.mem_reg_0_31_234_239/DIB0
    SLICE_X84Y116        RAMD32                                       r  u_top/u_core/u_b/u_b_core/core/core/f45/g_narrow_read.mem_reg_0_31_234_239/RAMB/I
  -------------------------------------------------------------------    -------------------

                         (clock u_top_n_1388 rise edge)
                                                      0.000     0.000 r  
    W19                                               0.000     0.000 r  sys_clk (IN)
                         net (fo=0)                   0.000     0.000    sys_clk
    W19                  IBUF (Prop_ibuf_I_O)         0.465     0.465 r  sys_clk_IBUF_inst/O
                         net (fo=1, routed)           0.480     0.945    u_top/sys_clk_IBUF
    MMCME2_ADV_X0Y2      MMCME2_ADV (Prop_mmcme2_adv_CLKIN1_CLKOUT0)
                                                      0.053     0.998 r  u_top/g_mmcm.u_mmcm/CLKOUT0
                         net (fo=1, routed)           0.595     1.593    u_top_n_1388
    BUFGCTRL_X0Y0        BUFG (Prop_bufg_I_O)         0.029     1.622 r  input_slot_reg[1][511]_i_3/O
                         net (fo=61850, routed)       0.829     2.450    u_top/u_core/u_b/u_b_core/core/core/f45/g_narrow_read.mem_reg_0_31_234_239/WCLK
    SLICE_X84Y116        RAMD32                                       r  u_top/u_core/u_b/u_b_core/core/core/f45/g_narrow_read.mem_reg_0_31_234_239/RAMB/CLK
                         clock pessimism             -0.289     2.162    
    SLICE_X84Y116        RAMD32 (Hold_ramd32_CLK_I)
                                                      0.146     2.308    u_top/u_core/u_b/u_b_core/core/core/f45/g_narrow_read.mem_reg_0_31_234_239/RAMB
  -------------------------------------------------------------------
                         required time                         -2.308    
                         arrival time                           2.393    
  -------------------------------------------------------------------
                         slack                                  0.086    

Slack (MET) :             0.086ns  (arrival time - required time)
  Source:                 u_top/u_core/u_b/u_b_core/core/core/l5/gk.frontend/win/shift_reg[6][158]/C
                            (rising edge-triggered cell FDRE clocked by u_top_n_1388  {rise@0.000ns fall@2.500ns period=5.000ns})
  Destination:            u_top/u_core/u_b/u_b_core/core/core/l5/gk.frontend/win/shift_reg[5][158]/D
                            (rising edge-triggered cell FDRE clocked by u_top_n_1388  {rise@0.000ns fall@2.500ns period=5.000ns})
  Path Group:             u_top_n_1388
  Path Type:              Hold (Min at Fast Process Corner)
  Requirement:            0.000ns  (u_top_n_1388 rise@0.000ns - u_top_n_1388 rise@0.000ns)
  Data Path Delay:        0.308ns  (logic 0.128ns (41.617%)  route 0.180ns (58.383%))
  Logic Levels:           0  
  Clock Path Skew:        0.199ns (DCD - SCD - CPR)
    Destination Clock Delay (DCD):    2.484ns
    Source Clock Delay      (SCD):    1.996ns
    Clock Pessimism Removal (CPR):    0.289ns

    Location             Delay type                Incr(ns)  Path(ns)    Netlist Resource(s)
  -------------------------------------------------------------------    -------------------
                         (clock u_top_n_1388 rise edge)
                                                      0.000     0.000 r  
    W19                                               0.000     0.000 r  sys_clk (IN)
                         net (fo=0)                   0.000     0.000    sys_clk
    W19                  IBUF (Prop_ibuf_I_O)         0.277     0.277 r  sys_clk_IBUF_inst/O
                         net (fo=1, routed)           0.440     0.717    u_top/sys_clk_IBUF
    MMCME2_ADV_X0Y2      MMCME2_ADV (Prop_mmcme2_adv_CLKIN1_CLKOUT0)
                                                      0.050     0.767 r  u_top/g_mmcm.u_mmcm/CLKOUT0
                         net (fo=1, routed)           0.545     1.312    u_top_n_1388
    BUFGCTRL_X0Y0        BUFG (Prop_bufg_I_O)         0.026     1.338 r  input_slot_reg[1][511]_i_3/O
                         net (fo=61850, routed)       0.658     1.996    u_top/u_core/u_b/u_b_core/core/core/l5/gk.frontend/win/clk_200
    SLICE_X109Y99        FDRE                                         r  u_top/u_core/u_b/u_b_core/core/core/l5/gk.frontend/win/shift_reg[6][158]/C
  -------------------------------------------------------------------    -------------------
    SLICE_X109Y99        FDRE (Prop_fdre_C_Q)         0.128     2.124 r  u_top/u_core/u_b/u_b_core/core/core/l5/gk.frontend/win/shift_reg[6][158]/Q
                         net (fo=2, routed)           0.180     2.304    u_top/u_core/u_b/u_b_core/core/core/l5/gk.frontend/win/window_flat[1694]
    SLICE_X109Y102       FDRE                                         r  u_top/u_core/u_b/u_b_core/core/core/l5/gk.frontend/win/shift_reg[5][158]/D
  -------------------------------------------------------------------    -------------------

                         (clock u_top_n_1388 rise edge)
                                                      0.000     0.000 r  
    W19                                               0.000     0.000 r  sys_clk (IN)
                         net (fo=0)                   0.000     0.000    sys_clk
    W19                  IBUF (Prop_ibuf_I_O)         0.465     0.465 r  sys_clk_IBUF_inst/O
                         net (fo=1, routed)           0.480     0.945    u_top/sys_clk_IBUF
    MMCME2_ADV_X0Y2      MMCME2_ADV (Prop_mmcme2_adv_CLKIN1_CLKOUT0)
                                                      0.053     0.998 r  u_top/g_mmcm.u_mmcm/CLKOUT0
                         net (fo=1, routed)           0.595     1.593    u_top_n_1388
    BUFGCTRL_X0Y0        BUFG (Prop_bufg_I_O)         0.029     1.622 r  input_slot_reg[1][511]_i_3/O
                         net (fo=61850, routed)       0.863     2.484    u_top/u_core/u_b/u_b_core/core/core/l5/gk.frontend/win/clk_200
    SLICE_X109Y102       FDRE                                         r  u_top/u_core/u_b/u_b_core/core/core/l5/gk.frontend/win/shift_reg[5][158]/C
                         clock pessimism             -0.289     2.196    
    SLICE_X109Y102       FDRE (Hold_fdre_C_D)         0.022     2.218    u_top/u_core/u_b/u_b_core/core/core/l5/gk.frontend/win/shift_reg[5][158]
  -------------------------------------------------------------------
                         required time                         -2.218    
                         arrival time                           2.304    
  -------------------------------------------------------------------
                         slack                                  0.086    

Slack (MET) :             0.086ns  (arrival time - required time)
  Source:                 u_top/u_core/u_b/u_b_core/core/core/l5/gk.frontend/win/pixel_d_reg[60]/C
                            (rising edge-triggered cell FDRE clocked by u_top_n_1388  {rise@0.000ns fall@2.500ns period=5.000ns})
  Destination:            u_top/u_core/u_b/u_b_core/core/core/l5/gk.frontend/win/shift_reg[24][60]/D
                            (rising edge-triggered cell FDRE clocked by u_top_n_1388  {rise@0.000ns fall@2.500ns period=5.000ns})
  Path Group:             u_top_n_1388
  Path Type:              Hold (Min at Fast Process Corner)
  Requirement:            0.000ns  (u_top_n_1388 rise@0.000ns - u_top_n_1388 rise@0.000ns)
  Data Path Delay:        0.309ns  (logic 0.148ns (47.914%)  route 0.161ns (52.086%))
  Logic Levels:           0  
  Clock Path Skew:        0.198ns (DCD - SCD - CPR)
    Destination Clock Delay (DCD):    2.472ns
    Source Clock Delay      (SCD):    1.985ns
    Clock Pessimism Removal (CPR):    0.289ns

    Location             Delay type                Incr(ns)  Path(ns)    Netlist Resource(s)
  -------------------------------------------------------------------    -------------------
                         (clock u_top_n_1388 rise edge)
                                                      0.000     0.000 r  
    W19                                               0.000     0.000 r  sys_clk (IN)
                         net (fo=0)                   0.000     0.000    sys_clk
    W19                  IBUF (Prop_ibuf_I_O)         0.277     0.277 r  sys_clk_IBUF_inst/O
                         net (fo=1, routed)           0.440     0.717    u_top/sys_clk_IBUF
    MMCME2_ADV_X0Y2      MMCME2_ADV (Prop_mmcme2_adv_CLKIN1_CLKOUT0)
                                                      0.050     0.767 r  u_top/g_mmcm.u_mmcm/CLKOUT0
                         net (fo=1, routed)           0.545     1.312    u_top_n_1388
    BUFGCTRL_X0Y0        BUFG (Prop_bufg_I_O)         0.026     1.338 r  input_slot_reg[1][511]_i_3/O
                         net (fo=61850, routed)       0.647     1.985    u_top/u_core/u_b/u_b_core/core/core/l5/gk.frontend/win/clk_200
    SLICE_X92Y99         FDRE                                         r  u_top/u_core/u_b/u_b_core/core/core/l5/gk.frontend/win/pixel_d_reg[60]/C
  -------------------------------------------------------------------    -------------------
    SLICE_X92Y99         FDRE (Prop_fdre_C_Q)         0.148     2.133 r  u_top/u_core/u_b/u_b_core/core/core/l5/gk.frontend/win/pixel_d_reg[60]/Q
                         net (fo=1, routed)           0.161     2.294    u_top/u_core/u_b/u_b_core/core/core/l5/gk.frontend/win/pixel_d[60]
    SLICE_X95Y100        FDRE                                         r  u_top/u_core/u_b/u_b_core/core/core/l5/gk.frontend/win/shift_reg[24][60]/D
  -------------------------------------------------------------------    -------------------

                         (clock u_top_n_1388 rise edge)
                                                      0.000     0.000 r  
    W19                                               0.000     0.000 r  sys_clk (IN)
                         net (fo=0)                   0.000     0.000    sys_clk
    W19                  IBUF (Prop_ibuf_I_O)         0.465     0.465 r  sys_clk_IBUF_inst/O
                         net (fo=1, routed)           0.480     0.945    u_top/sys_clk_IBUF
    MMCME2_ADV_X0Y2      MMCME2_ADV (Prop_mmcme2_adv_CLKIN1_CLKOUT0)
                                                      0.053     0.998 r  u_top/g_mmcm.u_mmcm/CLKOUT0
                         net (fo=1, routed)           0.595     1.593    u_top_n_1388
    BUFGCTRL_X0Y0        BUFG (Prop_bufg_I_O)         0.029     1.622 r  input_slot_reg[1][511]_i_3/O
                         net (fo=61850, routed)       0.851     2.472    u_top/u_core/u_b/u_b_core/core/core/l5/gk.frontend/win/clk_200
    SLICE_X95Y100        FDRE                                         r  u_top/u_core/u_b/u_b_core/core/core/l5/gk.frontend/win/shift_reg[24][60]/C
                         clock pessimism             -0.289     2.184    
    SLICE_X95Y100        FDRE (Hold_fdre_C_D)         0.024     2.208    u_top/u_core/u_b/u_b_core/core/core/l5/gk.frontend/win/shift_reg[24][60]
  -------------------------------------------------------------------
                         required time                         -2.208    
                         arrival time                           2.294    
  -------------------------------------------------------------------
                         slack                                  0.086    

Slack (MET) :             0.087ns  (arrival time - required time)
  Source:                 u_top/u_core/u_b/u_b_core/core/core/l1/gk.frontend/win/shift_reg[18][0]/C
                            (rising edge-triggered cell FDRE clocked by u_top_n_1388  {rise@0.000ns fall@2.500ns period=5.000ns})
  Destination:            u_top/u_core/u_b/u_b_core/core/core/l1/gk.frontend/fifo/g_narrow_read.mem_reg_0_3_144_149/RAMA/I
                            (rising edge-triggered cell RAMD32 clocked by u_top_n_1388  {rise@0.000ns fall@2.500ns period=5.000ns})
  Path Group:             u_top_n_1388
  Path Type:              Hold (Min at Fast Process Corner)
  Requirement:            0.000ns  (u_top_n_1388 rise@0.000ns - u_top_n_1388 rise@0.000ns)
  Data Path Delay:        0.270ns  (logic 0.141ns (52.291%)  route 0.129ns (47.709%))
  Logic Levels:           0  
  Clock Path Skew:        0.036ns (DCD - SCD - CPR)
    Destination Clock Delay (DCD):    2.517ns
    Source Clock Delay      (SCD):    1.960ns
    Clock Pessimism Removal (CPR):    0.521ns

    Location             Delay type                Incr(ns)  Path(ns)    Netlist Resource(s)
  -------------------------------------------------------------------    -------------------
                         (clock u_top_n_1388 rise edge)
                                                      0.000     0.000 r  
    W19                                               0.000     0.000 r  sys_clk (IN)
                         net (fo=0)                   0.000     0.000    sys_clk
    W19                  IBUF (Prop_ibuf_I_O)         0.277     0.277 r  sys_clk_IBUF_inst/O
                         net (fo=1, routed)           0.440     0.717    u_top/sys_clk_IBUF
    MMCME2_ADV_X0Y2      MMCME2_ADV (Prop_mmcme2_adv_CLKIN1_CLKOUT0)
                                                      0.050     0.767 r  u_top/g_mmcm.u_mmcm/CLKOUT0
                         net (fo=1, routed)           0.545     1.312    u_top_n_1388
    BUFGCTRL_X0Y0        BUFG (Prop_bufg_I_O)         0.026     1.338 r  input_slot_reg[1][511]_i_3/O
                         net (fo=61850, routed)       0.622     1.960    u_top/u_core/u_b/u_b_core/core/core/l1/gk.frontend/win/clk_200
    SLICE_X82Y79         FDRE                                         r  u_top/u_core/u_b/u_b_core/core/core/l1/gk.frontend/win/shift_reg[18][0]/C
  -------------------------------------------------------------------    -------------------
    SLICE_X82Y79         FDRE (Prop_fdre_C_Q)         0.141     2.101 r  u_top/u_core/u_b/u_b_core/core/core/l1/gk.frontend/win/shift_reg[18][0]/Q
                         net (fo=2, routed)           0.129     2.230    u_top/u_core/u_b/u_b_core/core/core/l1/gk.frontend/fifo/g_narrow_read.mem_reg_0_3_144_149/DIA0
    SLICE_X80Y79         RAMD32                                       r  u_top/u_core/u_b/u_b_core/core/core/l1/gk.frontend/fifo/g_narrow_read.mem_reg_0_3_144_149/RAMA/I
  -------------------------------------------------------------------    -------------------

                         (clock u_top_n_1388 rise edge)
                                                      0.000     0.000 r  
    W19                                               0.000     0.000 r  sys_clk (IN)
                         net (fo=0)                   0.000     0.000    sys_clk
    W19                  IBUF (Prop_ibuf_I_O)         0.465     0.465 r  sys_clk_IBUF_inst/O
                         net (fo=1, routed)           0.480     0.945    u_top/sys_clk_IBUF
    MMCME2_ADV_X0Y2      MMCME2_ADV (Prop_mmcme2_adv_CLKIN1_CLKOUT0)
                                                      0.053     0.998 r  u_top/g_mmcm.u_mmcm/CLKOUT0
                         net (fo=1, routed)           0.595     1.593    u_top_n_1388
    BUFGCTRL_X0Y0        BUFG (Prop_bufg_I_O)         0.029     1.622 r  input_slot_reg[1][511]_i_3/O
                         net (fo=61850, routed)       0.896     2.517    u_top/u_core/u_b/u_b_core/core/core/l1/gk.frontend/fifo/g_narrow_read.mem_reg_0_3_144_149/WCLK
    SLICE_X80Y79         RAMD32                                       r  u_top/u_core/u_b/u_b_core/core/core/l1/gk.frontend/fifo/g_narrow_read.mem_reg_0_3_144_149/RAMA/CLK
                         clock pessimism             -0.521     1.996    
    SLICE_X80Y79         RAMD32 (Hold_ramd32_CLK_I)
                                                      0.147     2.143    u_top/u_core/u_b/u_b_core/core/core/l1/gk.frontend/fifo/g_narrow_read.mem_reg_0_3_144_149/RAMA
  -------------------------------------------------------------------
                         required time                         -2.143    
                         arrival time                           2.230    
  -------------------------------------------------------------------
                         slack                                  0.087    

Slack (MET) :             0.087ns  (arrival time - required time)
  Source:                 u_top/u_core/u_b/u_b_core/core/core/l1/gk.frontend/fifo/wr_ptr_reg[1]/C
                            (rising edge-triggered cell FDRE clocked by u_top_n_1388  {rise@0.000ns fall@2.500ns period=5.000ns})
  Destination:            u_top/u_core/u_b/u_b_core/core/core/l1/gk.frontend/fifo/g_narrow_read.mem_reg_0_3_156_161/RAMA/WADR1
                            (rising edge-triggered cell RAMD32 clocked by u_top_n_1388  {rise@0.000ns fall@2.500ns period=5.000ns})
  Path Group:             u_top_n_1388
  Path Type:              Hold (Min at Fast Process Corner)
  Requirement:            0.000ns  (u_top_n_1388 rise@0.000ns - u_top_n_1388 rise@0.000ns)
  Data Path Delay:        0.409ns  (logic 0.141ns (34.458%)  route 0.268ns (65.542%))
  Logic Levels:           0  
  Clock Path Skew:        0.013ns (DCD - SCD - CPR)
    Destination Clock Delay (DCD):    2.519ns
    Source Clock Delay      (SCD):    1.964ns
    Clock Pessimism Removal (CPR):    0.542ns

    Location             Delay type                Incr(ns)  Path(ns)    Netlist Resource(s)
  -------------------------------------------------------------------    -------------------
                         (clock u_top_n_1388 rise edge)
                                                      0.000     0.000 r  
    W19                                               0.000     0.000 r  sys_clk (IN)
                         net (fo=0)                   0.000     0.000    sys_clk
    W19                  IBUF (Prop_ibuf_I_O)         0.277     0.277 r  sys_clk_IBUF_inst/O
                         net (fo=1, routed)           0.440     0.717    u_top/sys_clk_IBUF
    MMCME2_ADV_X0Y2      MMCME2_ADV (Prop_mmcme2_adv_CLKIN1_CLKOUT0)
                                                      0.050     0.767 r  u_top/g_mmcm.u_mmcm/CLKOUT0
                         net (fo=1, routed)           0.545     1.312    u_top_n_1388
    BUFGCTRL_X0Y0        BUFG (Prop_bufg_I_O)         0.026     1.338 r  input_slot_reg[1][511]_i_3/O
                         net (fo=61850, routed)       0.626     1.964    u_top/u_core/u_b/u_b_core/core/core/l1/gk.frontend/fifo/clk_200
    SLICE_X81Y82         FDRE                                         r  u_top/u_core/u_b/u_b_core/core/core/l1/gk.frontend/fifo/wr_ptr_reg[1]/C
  -------------------------------------------------------------------    -------------------
    SLICE_X81Y82         FDRE (Prop_fdre_C_Q)         0.141     2.105 r  u_top/u_core/u_b/u_b_core/core/core/l1/gk.frontend/fifo/wr_ptr_reg[1]/Q
                         net (fo=271, routed)         0.268     2.373    u_top/u_core/u_b/u_b_core/core/core/l1/gk.frontend/fifo/g_narrow_read.mem_reg_0_3_156_161/ADDRD1
    SLICE_X80Y81         RAMD32                                       r  u_top/u_core/u_b/u_b_core/core/core/l1/gk.frontend/fifo/g_narrow_read.mem_reg_0_3_156_161/RAMA/WADR1
  -------------------------------------------------------------------    -------------------

                         (clock u_top_n_1388 rise edge)
                                                      0.000     0.000 r  
    W19                                               0.000     0.000 r  sys_clk (IN)
                         net (fo=0)                   0.000     0.000    sys_clk
    W19                  IBUF (Prop_ibuf_I_O)         0.465     0.465 r  sys_clk_IBUF_inst/O
                         net (fo=1, routed)           0.480     0.945    u_top/sys_clk_IBUF
    MMCME2_ADV_X0Y2      MMCME2_ADV (Prop_mmcme2_adv_CLKIN1_CLKOUT0)
                                                      0.053     0.998 r  u_top/g_mmcm.u_mmcm/CLKOUT0
                         net (fo=1, routed)           0.595     1.593    u_top_n_1388
    BUFGCTRL_X0Y0        BUFG (Prop_bufg_I_O)         0.029     1.622 r  input_slot_reg[1][511]_i_3/O
                         net (fo=61850, routed)       0.898     2.519    u_top/u_core/u_b/u_b_core/core/core/l1/gk.frontend/fifo/g_narrow_read.mem_reg_0_3_156_161/WCLK
    SLICE_X80Y81         RAMD32                                       r  u_top/u_core/u_b/u_b_core/core/core/l1/gk.frontend/fifo/g_narrow_read.mem_reg_0_3_156_161/RAMA/CLK
                         clock pessimism             -0.542     1.977    
    SLICE_X80Y81         RAMD32 (Hold_ramd32_CLK_WADR1)
                                                      0.309     2.286    u_top/u_core/u_b/u_b_core/core/core/l1/gk.frontend/fifo/g_narrow_read.mem_reg_0_3_156_161/RAMA
  -------------------------------------------------------------------
                         required time                         -2.286    
                         arrival time                           2.373    
  -------------------------------------------------------------------
                         slack                                  0.087    

Slack (MET) :             0.087ns  (arrival time - required time)
  Source:                 u_top/u_core/u_b/u_b_core/core/core/l1/gk.frontend/fifo/wr_ptr_reg[1]/C
                            (rising edge-triggered cell FDRE clocked by u_top_n_1388  {rise@0.000ns fall@2.500ns period=5.000ns})
  Destination:            u_top/u_core/u_b/u_b_core/core/core/l1/gk.frontend/fifo/g_narrow_read.mem_reg_0_3_156_161/RAMA_D1/WADR1
                            (rising edge-triggered cell RAMD32 clocked by u_top_n_1388  {rise@0.000ns fall@2.500ns period=5.000ns})
  Path Group:             u_top_n_1388
  Path Type:              Hold (Min at Fast Process Corner)
  Requirement:            0.000ns  (u_top_n_1388 rise@0.000ns - u_top_n_1388 rise@0.000ns)
  Data Path Delay:        0.409ns  (logic 0.141ns (34.458%)  route 0.268ns (65.542%))
  Logic Levels:           0  
  Clock Path Skew:        0.013ns (DCD - SCD - CPR)
    Destination Clock Delay (DCD):    2.519ns
    Source Clock Delay      (SCD):    1.964ns
    Clock Pessimism Removal (CPR):    0.542ns

    Location             Delay type                Incr(ns)  Path(ns)    Netlist Resource(s)
  -------------------------------------------------------------------    -------------------
                         (clock u_top_n_1388 rise edge)
                                                      0.000     0.000 r  
    W19                                               0.000     0.000 r  sys_clk (IN)
                         net (fo=0)                   0.000     0.000    sys_clk
    W19                  IBUF (Prop_ibuf_I_O)         0.277     0.277 r  sys_clk_IBUF_inst/O
                         net (fo=1, routed)           0.440     0.717    u_top/sys_clk_IBUF
    MMCME2_ADV_X0Y2      MMCME2_ADV (Prop_mmcme2_adv_CLKIN1_CLKOUT0)
                                                      0.050     0.767 r  u_top/g_mmcm.u_mmcm/CLKOUT0
                         net (fo=1, routed)           0.545     1.312    u_top_n_1388
    BUFGCTRL_X0Y0        BUFG (Prop_bufg_I_O)         0.026     1.338 r  input_slot_reg[1][511]_i_3/O
                         net (fo=61850, routed)       0.626     1.964    u_top/u_core/u_b/u_b_core/core/core/l1/gk.frontend/fifo/clk_200
    SLICE_X81Y82         FDRE                                         r  u_top/u_core/u_b/u_b_core/core/core/l1/gk.frontend/fifo/wr_ptr_reg[1]/C
  -------------------------------------------------------------------    -------------------
    SLICE_X81Y82         FDRE (Prop_fdre_C_Q)         0.141     2.105 r  u_top/u_core/u_b/u_b_core/core/core/l1/gk.frontend/fifo/wr_ptr_reg[1]/Q
                         net (fo=271, routed)         0.268     2.373    u_top/u_core/u_b/u_b_core/core/core/l1/gk.frontend/fifo/g_narrow_read.mem_reg_0_3_156_161/ADDRD1
    SLICE_X80Y81         RAMD32                                       r  u_top/u_core/u_b/u_b_core/core/core/l1/gk.frontend/fifo/g_narrow_read.mem_reg_0_3_156_161/RAMA_D1/WADR1
  -------------------------------------------------------------------    -------------------

                         (clock u_top_n_1388 rise edge)
                                                      0.000     0.000 r  
    W19                                               0.000     0.000 r  sys_clk (IN)
                         net (fo=0)                   0.000     0.000    sys_clk
    W19                  IBUF (Prop_ibuf_I_O)         0.465     0.465 r  sys_clk_IBUF_inst/O
                         net (fo=1, routed)           0.480     0.945    u_top/sys_clk_IBUF
    MMCME2_ADV_X0Y2      MMCME2_ADV (Prop_mmcme2_adv_CLKIN1_CLKOUT0)
                                                      0.053     0.998 r  u_top/g_mmcm.u_mmcm/CLKOUT0
                         net (fo=1, routed)           0.595     1.593    u_top_n_1388
    BUFGCTRL_X0Y0        BUFG (Prop_bufg_I_O)         0.029     1.622 r  input_slot_reg[1][511]_i_3/O
                         net (fo=61850, routed)       0.898     2.519    u_top/u_core/u_b/u_b_core/core/core/l1/gk.frontend/fifo/g_narrow_read.mem_reg_0_3_156_161/WCLK
    SLICE_X80Y81         RAMD32                                       r  u_top/u_core/u_b/u_b_core/core/core/l1/gk.frontend/fifo/g_narrow_read.mem_reg_0_3_156_161/RAMA_D1/CLK
                         clock pessimism             -0.542     1.977    
    SLICE_X80Y81         RAMD32 (Hold_ramd32_CLK_WADR1)
                                                      0.309     2.286    u_top/u_core/u_b/u_b_core/core/core/l1/gk.frontend/fifo/g_narrow_read.mem_reg_0_3_156_161/RAMA_D1
  -------------------------------------------------------------------
                         required time                         -2.286    
                         arrival time                           2.373    
  -------------------------------------------------------------------
                         slack                                  0.087    

Slack (MET) :             0.087ns  (arrival time - required time)
  Source:                 u_top/u_core/u_b/u_b_core/core/core/l1/gk.frontend/fifo/wr_ptr_reg[1]/C
                            (rising edge-triggered cell FDRE clocked by u_top_n_1388  {rise@0.000ns fall@2.500ns period=5.000ns})
  Destination:            u_top/u_core/u_b/u_b_core/core/core/l1/gk.frontend/fifo/g_narrow_read.mem_reg_0_3_156_161/RAMB/WADR1
                            (rising edge-triggered cell RAMD32 clocked by u_top_n_1388  {rise@0.000ns fall@2.500ns period=5.000ns})
  Path Group:             u_top_n_1388
  Path Type:              Hold (Min at Fast Process Corner)
  Requirement:            0.000ns  (u_top_n_1388 rise@0.000ns - u_top_n_1388 rise@0.000ns)
  Data Path Delay:        0.409ns  (logic 0.141ns (34.458%)  route 0.268ns (65.542%))
  Logic Levels:           0  
  Clock Path Skew:        0.013ns (DCD - SCD - CPR)
    Destination Clock Delay (DCD):    2.519ns
    Source Clock Delay      (SCD):    1.964ns
    Clock Pessimism Removal (CPR):    0.542ns

    Location             Delay type                Incr(ns)  Path(ns)    Netlist Resource(s)
  -------------------------------------------------------------------    -------------------
                         (clock u_top_n_1388 rise edge)
                                                      0.000     0.000 r  
    W19                                               0.000     0.000 r  sys_clk (IN)
                         net (fo=0)                   0.000     0.000    sys_clk
    W19                  IBUF (Prop_ibuf_I_O)         0.277     0.277 r  sys_clk_IBUF_inst/O
                         net (fo=1, routed)           0.440     0.717    u_top/sys_clk_IBUF
    MMCME2_ADV_X0Y2      MMCME2_ADV (Prop_mmcme2_adv_CLKIN1_CLKOUT0)
                                                      0.050     0.767 r  u_top/g_mmcm.u_mmcm/CLKOUT0
                         net (fo=1, routed)           0.545     1.312    u_top_n_1388
    BUFGCTRL_X0Y0        BUFG (Prop_bufg_I_O)         0.026     1.338 r  input_slot_reg[1][511]_i_3/O
                         net (fo=61850, routed)       0.626     1.964    u_top/u_core/u_b/u_b_core/core/core/l1/gk.frontend/fifo/clk_200
    SLICE_X81Y82         FDRE                                         r  u_top/u_core/u_b/u_b_core/core/core/l1/gk.frontend/fifo/wr_ptr_reg[1]/C
  -------------------------------------------------------------------    -------------------
    SLICE_X81Y82         FDRE (Prop_fdre_C_Q)         0.141     2.105 r  u_top/u_core/u_b/u_b_core/core/core/l1/gk.frontend/fifo/wr_ptr_reg[1]/Q
                         net (fo=271, routed)         0.268     2.373    u_top/u_core/u_b/u_b_core/core/core/l1/gk.frontend/fifo/g_narrow_read.mem_reg_0_3_156_161/ADDRD1
    SLICE_X80Y81         RAMD32                                       r  u_top/u_core/u_b/u_b_core/core/core/l1/gk.frontend/fifo/g_narrow_read.mem_reg_0_3_156_161/RAMB/WADR1
  -------------------------------------------------------------------    -------------------

                         (clock u_top_n_1388 rise edge)
                                                      0.000     0.000 r  
    W19                                               0.000     0.000 r  sys_clk (IN)
                         net (fo=0)                   0.000     0.000    sys_clk
    W19                  IBUF (Prop_ibuf_I_O)         0.465     0.465 r  sys_clk_IBUF_inst/O
                         net (fo=1, routed)           0.480     0.945    u_top/sys_clk_IBUF
    MMCME2_ADV_X0Y2      MMCME2_ADV (Prop_mmcme2_adv_CLKIN1_CLKOUT0)
                                                      0.053     0.998 r  u_top/g_mmcm.u_mmcm/CLKOUT0
                         net (fo=1, routed)           0.595     1.593    u_top_n_1388
    BUFGCTRL_X0Y0        BUFG (Prop_bufg_I_O)         0.029     1.622 r  input_slot_reg[1][511]_i_3/O
                         net (fo=61850, routed)       0.898     2.519    u_top/u_core/u_b/u_b_core/core/core/l1/gk.frontend/fifo/g_narrow_read.mem_reg_0_3_156_161/WCLK
    SLICE_X80Y81         RAMD32                                       r  u_top/u_core/u_b/u_b_core/core/core/l1/gk.frontend/fifo/g_narrow_read.mem_reg_0_3_156_161/RAMB/CLK
                         clock pessimism             -0.542     1.977    
    SLICE_X80Y81         RAMD32 (Hold_ramd32_CLK_WADR1)
                                                      0.309     2.286    u_top/u_core/u_b/u_b_core/core/core/l1/gk.frontend/fifo/g_narrow_read.mem_reg_0_3_156_161/RAMB
  -------------------------------------------------------------------
                         required time                         -2.286    
                         arrival time                           2.373    
  -------------------------------------------------------------------
                         slack                                  0.087    

Slack (MET) :             0.087ns  (arrival time - required time)
  Source:                 u_top/u_core/u_b/u_b_core/core/core/l1/gk.frontend/fifo/wr_ptr_reg[1]/C
                            (rising edge-triggered cell FDRE clocked by u_top_n_1388  {rise@0.000ns fall@2.500ns period=5.000ns})
  Destination:            u_top/u_core/u_b/u_b_core/core/core/l1/gk.frontend/fifo/g_narrow_read.mem_reg_0_3_156_161/RAMB_D1/WADR1
                            (rising edge-triggered cell RAMD32 clocked by u_top_n_1388  {rise@0.000ns fall@2.500ns period=5.000ns})
  Path Group:             u_top_n_1388
  Path Type:              Hold (Min at Fast Process Corner)
  Requirement:            0.000ns  (u_top_n_1388 rise@0.000ns - u_top_n_1388 rise@0.000ns)
  Data Path Delay:        0.409ns  (logic 0.141ns (34.458%)  route 0.268ns (65.542%))
  Logic Levels:           0  
  Clock Path Skew:        0.013ns (DCD - SCD - CPR)
    Destination Clock Delay (DCD):    2.519ns
    Source Clock Delay      (SCD):    1.964ns
    Clock Pessimism Removal (CPR):    0.542ns

    Location             Delay type                Incr(ns)  Path(ns)    Netlist Resource(s)
  -------------------------------------------------------------------    -------------------
                         (clock u_top_n_1388 rise edge)
                                                      0.000     0.000 r  
    W19                                               0.000     0.000 r  sys_clk (IN)
                         net (fo=0)                   0.000     0.000    sys_clk
    W19                  IBUF (Prop_ibuf_I_O)         0.277     0.277 r  sys_clk_IBUF_inst/O
                         net (fo=1, routed)           0.440     0.717    u_top/sys_clk_IBUF
    MMCME2_ADV_X0Y2      MMCME2_ADV (Prop_mmcme2_adv_CLKIN1_CLKOUT0)
                                                      0.050     0.767 r  u_top/g_mmcm.u_mmcm/CLKOUT0
                         net (fo=1, routed)           0.545     1.312    u_top_n_1388
    BUFGCTRL_X0Y0        BUFG (Prop_bufg_I_O)         0.026     1.338 r  input_slot_reg[1][511]_i_3/O
                         net (fo=61850, routed)       0.626     1.964    u_top/u_core/u_b/u_b_core/core/core/l1/gk.frontend/fifo/clk_200
    SLICE_X81Y82         FDRE                                         r  u_top/u_core/u_b/u_b_core/core/core/l1/gk.frontend/fifo/wr_ptr_reg[1]/C
  -------------------------------------------------------------------    -------------------
    SLICE_X81Y82         FDRE (Prop_fdre_C_Q)         0.141     2.105 r  u_top/u_core/u_b/u_b_core/core/core/l1/gk.frontend/fifo/wr_ptr_reg[1]/Q
                         net (fo=271, routed)         0.268     2.373    u_top/u_core/u_b/u_b_core/core/core/l1/gk.frontend/fifo/g_narrow_read.mem_reg_0_3_156_161/ADDRD1
    SLICE_X80Y81         RAMD32                                       r  u_top/u_core/u_b/u_b_core/core/core/l1/gk.frontend/fifo/g_narrow_read.mem_reg_0_3_156_161/RAMB_D1/WADR1
  -------------------------------------------------------------------    -------------------

                         (clock u_top_n_1388 rise edge)
                                                      0.000     0.000 r  
    W19                                               0.000     0.000 r  sys_clk (IN)
                         net (fo=0)                   0.000     0.000    sys_clk
    W19                  IBUF (Prop_ibuf_I_O)         0.465     0.465 r  sys_clk_IBUF_inst/O
                         net (fo=1, routed)           0.480     0.945    u_top/sys_clk_IBUF
    MMCME2_ADV_X0Y2      MMCME2_ADV (Prop_mmcme2_adv_CLKIN1_CLKOUT0)
                                                      0.053     0.998 r  u_top/g_mmcm.u_mmcm/CLKOUT0
                         net (fo=1, routed)           0.595     1.593    u_top_n_1388
    BUFGCTRL_X0Y0        BUFG (Prop_bufg_I_O)         0.029     1.622 r  input_slot_reg[1][511]_i_3/O
                         net (fo=61850, routed)       0.898     2.519    u_top/u_core/u_b/u_b_core/core/core/l1/gk.frontend/fifo/g_narrow_read.mem_reg_0_3_156_161/WCLK
    SLICE_X80Y81         RAMD32                                       r  u_top/u_core/u_b/u_b_core/core/core/l1/gk.frontend/fifo/g_narrow_read.mem_reg_0_3_156_161/RAMB_D1/CLK
                         clock pessimism             -0.542     1.977    
    SLICE_X80Y81         RAMD32 (Hold_ramd32_CLK_WADR1)
                                                      0.309     2.286    u_top/u_core/u_b/u_b_core/core/core/l1/gk.frontend/fifo/g_narrow_read.mem_reg_0_3_156_161/RAMB_D1
  -------------------------------------------------------------------
                         required time                         -2.286    
                         arrival time                           2.373    
  -------------------------------------------------------------------
                         slack                                  0.087    

Slack (MET) :             0.087ns  (arrival time - required time)
  Source:                 u_top/u_core/u_b/u_b_core/core/core/l1/gk.frontend/fifo/wr_ptr_reg[1]/C
                            (rising edge-triggered cell FDRE clocked by u_top_n_1388  {rise@0.000ns fall@2.500ns period=5.000ns})
  Destination:            u_top/u_core/u_b/u_b_core/core/core/l1/gk.frontend/fifo/g_narrow_read.mem_reg_0_3_156_161/RAMC/WADR1
                            (rising edge-triggered cell RAMD32 clocked by u_top_n_1388  {rise@0.000ns fall@2.500ns period=5.000ns})
  Path Group:             u_top_n_1388
  Path Type:              Hold (Min at Fast Process Corner)
  Requirement:            0.000ns  (u_top_n_1388 rise@0.000ns - u_top_n_1388 rise@0.000ns)
  Data Path Delay:        0.409ns  (logic 0.141ns (34.458%)  route 0.268ns (65.542%))
  Logic Levels:           0  
  Clock Path Skew:        0.013ns (DCD - SCD - CPR)
    Destination Clock Delay (DCD):    2.519ns
    Source Clock Delay      (SCD):    1.964ns
    Clock Pessimism Removal (CPR):    0.542ns

    Location             Delay type                Incr(ns)  Path(ns)    Netlist Resource(s)
  -------------------------------------------------------------------    -------------------
                         (clock u_top_n_1388 rise edge)
                                                      0.000     0.000 r  
    W19                                               0.000     0.000 r  sys_clk (IN)
                         net (fo=0)                   0.000     0.000    sys_clk
    W19                  IBUF (Prop_ibuf_I_O)         0.277     0.277 r  sys_clk_IBUF_inst/O
                         net (fo=1, routed)           0.440     0.717    u_top/sys_clk_IBUF
    MMCME2_ADV_X0Y2      MMCME2_ADV (Prop_mmcme2_adv_CLKIN1_CLKOUT0)
                                                      0.050     0.767 r  u_top/g_mmcm.u_mmcm/CLKOUT0
                         net (fo=1, routed)           0.545     1.312    u_top_n_1388
    BUFGCTRL_X0Y0        BUFG (Prop_bufg_I_O)         0.026     1.338 r  input_slot_reg[1][511]_i_3/O
                         net (fo=61850, routed)       0.626     1.964    u_top/u_core/u_b/u_b_core/core/core/l1/gk.frontend/fifo/clk_200
    SLICE_X81Y82         FDRE                                         r  u_top/u_core/u_b/u_b_core/core/core/l1/gk.frontend/fifo/wr_ptr_reg[1]/C
  -------------------------------------------------------------------    -------------------
    SLICE_X81Y82         FDRE (Prop_fdre_C_Q)         0.141     2.105 r  u_top/u_core/u_b/u_b_core/core/core/l1/gk.frontend/fifo/wr_ptr_reg[1]/Q
                         net (fo=271, routed)         0.268     2.373    u_top/u_core/u_b/u_b_core/core/core/l1/gk.frontend/fifo/g_narrow_read.mem_reg_0_3_156_161/ADDRD1
    SLICE_X80Y81         RAMD32                                       r  u_top/u_core/u_b/u_b_core/core/core/l1/gk.frontend/fifo/g_narrow_read.mem_reg_0_3_156_161/RAMC/WADR1
  -------------------------------------------------------------------    -------------------

                         (clock u_top_n_1388 rise edge)
                                                      0.000     0.000 r  
    W19                                               0.000     0.000 r  sys_clk (IN)
                         net (fo=0)                   0.000     0.000    sys_clk
    W19                  IBUF (Prop_ibuf_I_O)         0.465     0.465 r  sys_clk_IBUF_inst/O
                         net (fo=1, routed)           0.480     0.945    u_top/sys_clk_IBUF
    MMCME2_ADV_X0Y2      MMCME2_ADV (Prop_mmcme2_adv_CLKIN1_CLKOUT0)
                                                      0.053     0.998 r  u_top/g_mmcm.u_mmcm/CLKOUT0
                         net (fo=1, routed)           0.595     1.593    u_top_n_1388
    BUFGCTRL_X0Y0        BUFG (Prop_bufg_I_O)         0.029     1.622 r  input_slot_reg[1][511]_i_3/O
                         net (fo=61850, routed)       0.898     2.519    u_top/u_core/u_b/u_b_core/core/core/l1/gk.frontend/fifo/g_narrow_read.mem_reg_0_3_156_161/WCLK
    SLICE_X80Y81         RAMD32                                       r  u_top/u_core/u_b/u_b_core/core/core/l1/gk.frontend/fifo/g_narrow_read.mem_reg_0_3_156_161/RAMC/CLK
                         clock pessimism             -0.542     1.977    
    SLICE_X80Y81         RAMD32 (Hold_ramd32_CLK_WADR1)
                                                      0.309     2.286    u_top/u_core/u_b/u_b_core/core/core/l1/gk.frontend/fifo/g_narrow_read.mem_reg_0_3_156_161/RAMC
  -------------------------------------------------------------------
                         required time                         -2.286    
                         arrival time                           2.373    
  -------------------------------------------------------------------
                         slack                                  0.087    

Slack (MET) :             0.087ns  (arrival time - required time)
  Source:                 u_top/u_core/u_b/u_b_core/core/core/l1/gk.frontend/fifo/wr_ptr_reg[1]/C
                            (rising edge-triggered cell FDRE clocked by u_top_n_1388  {rise@0.000ns fall@2.500ns period=5.000ns})
  Destination:            u_top/u_core/u_b/u_b_core/core/core/l1/gk.frontend/fifo/g_narrow_read.mem_reg_0_3_156_161/RAMC_D1/WADR1
                            (rising edge-triggered cell RAMD32 clocked by u_top_n_1388  {rise@0.000ns fall@2.500ns period=5.000ns})
  Path Group:             u_top_n_1388
  Path Type:              Hold (Min at Fast Process Corner)
  Requirement:            0.000ns  (u_top_n_1388 rise@0.000ns - u_top_n_1388 rise@0.000ns)
  Data Path Delay:        0.409ns  (logic 0.141ns (34.458%)  route 0.268ns (65.542%))
  Logic Levels:           0  
  Clock Path Skew:        0.013ns (DCD - SCD - CPR)
    Destination Clock Delay (DCD):    2.519ns
    Source Clock Delay      (SCD):    1.964ns
    Clock Pessimism Removal (CPR):    0.542ns

    Location             Delay type                Incr(ns)  Path(ns)    Netlist Resource(s)
  -------------------------------------------------------------------    -------------------
                         (clock u_top_n_1388 rise edge)
                                                      0.000     0.000 r  
    W19                                               0.000     0.000 r  sys_clk (IN)
                         net (fo=0)                   0.000     0.000    sys_clk
    W19                  IBUF (Prop_ibuf_I_O)         0.277     0.277 r  sys_clk_IBUF_inst/O
                         net (fo=1, routed)           0.440     0.717    u_top/sys_clk_IBUF
    MMCME2_ADV_X0Y2      MMCME2_ADV (Prop_mmcme2_adv_CLKIN1_CLKOUT0)
                                                      0.050     0.767 r  u_top/g_mmcm.u_mmcm/CLKOUT0
                         net (fo=1, routed)           0.545     1.312    u_top_n_1388
    BUFGCTRL_X0Y0        BUFG (Prop_bufg_I_O)         0.026     1.338 r  input_slot_reg[1][511]_i_3/O
                         net (fo=61850, routed)       0.626     1.964    u_top/u_core/u_b/u_b_core/core/core/l1/gk.frontend/fifo/clk_200
    SLICE_X81Y82         FDRE                                         r  u_top/u_core/u_b/u_b_core/core/core/l1/gk.frontend/fifo/wr_ptr_reg[1]/C
  -------------------------------------------------------------------    -------------------
    SLICE_X81Y82         FDRE (Prop_fdre_C_Q)         0.141     2.105 r  u_top/u_core/u_b/u_b_core/core/core/l1/gk.frontend/fifo/wr_ptr_reg[1]/Q
                         net (fo=271, routed)         0.268     2.373    u_top/u_core/u_b/u_b_core/core/core/l1/gk.frontend/fifo/g_narrow_read.mem_reg_0_3_156_161/ADDRD1
    SLICE_X80Y81         RAMD32                                       r  u_top/u_core/u_b/u_b_core/core/core/l1/gk.frontend/fifo/g_narrow_read.mem_reg_0_3_156_161/RAMC_D1/WADR1
  -------------------------------------------------------------------    -------------------

                         (clock u_top_n_1388 rise edge)
                                                      0.000     0.000 r  
    W19                                               0.000     0.000 r  sys_clk (IN)
                         net (fo=0)                   0.000     0.000    sys_clk
    W19                  IBUF (Prop_ibuf_I_O)         0.465     0.465 r  sys_clk_IBUF_inst/O
                         net (fo=1, routed)           0.480     0.945    u_top/sys_clk_IBUF
    MMCME2_ADV_X0Y2      MMCME2_ADV (Prop_mmcme2_adv_CLKIN1_CLKOUT0)
                                                      0.053     0.998 r  u_top/g_mmcm.u_mmcm/CLKOUT0
                         net (fo=1, routed)           0.595     1.593    u_top_n_1388
    BUFGCTRL_X0Y0        BUFG (Prop_bufg_I_O)         0.029     1.622 r  input_slot_reg[1][511]_i_3/O
                         net (fo=61850, routed)       0.898     2.519    u_top/u_core/u_b/u_b_core/core/core/l1/gk.frontend/fifo/g_narrow_read.mem_reg_0_3_156_161/WCLK
    SLICE_X80Y81         RAMD32                                       r  u_top/u_core/u_b/u_b_core/core/core/l1/gk.frontend/fifo/g_narrow_read.mem_reg_0_3_156_161/RAMC_D1/CLK
                         clock pessimism             -0.542     1.977    
    SLICE_X80Y81         RAMD32 (Hold_ramd32_CLK_WADR1)
                                                      0.309     2.286    u_top/u_core/u_b/u_b_core/core/core/l1/gk.frontend/fifo/g_narrow_read.mem_reg_0_3_156_161/RAMC_D1
  -------------------------------------------------------------------
                         required time                         -2.286    
                         arrival time                           2.373    
  -------------------------------------------------------------------
                         slack                                  0.087    

Slack (MET) :             0.087ns  (arrival time - required time)
  Source:                 u_top/u_core/u_b/u_b_core/core/core/l1/gk.frontend/fifo/wr_ptr_reg[1]/C
                            (rising edge-triggered cell FDRE clocked by u_top_n_1388  {rise@0.000ns fall@2.500ns period=5.000ns})
  Destination:            u_top/u_core/u_b/u_b_core/core/core/l1/gk.frontend/fifo/g_narrow_read.mem_reg_0_3_156_161/RAMD/ADR1
                            (rising edge-triggered cell RAMS32 clocked by u_top_n_1388  {rise@0.000ns fall@2.500ns period=5.000ns})
  Path Group:             u_top_n_1388
  Path Type:              Hold (Min at Fast Process Corner)
  Requirement:            0.000ns  (u_top_n_1388 rise@0.000ns - u_top_n_1388 rise@0.000ns)
  Data Path Delay:        0.409ns  (logic 0.141ns (34.458%)  route 0.268ns (65.542%))
  Logic Levels:           0  
  Clock Path Skew:        0.013ns (DCD - SCD - CPR)
    Destination Clock Delay (DCD):    2.519ns
    Source Clock Delay      (SCD):    1.964ns
    Clock Pessimism Removal (CPR):    0.542ns

    Location             Delay type                Incr(ns)  Path(ns)    Netlist Resource(s)
  -------------------------------------------------------------------    -------------------
                         (clock u_top_n_1388 rise edge)
                                                      0.000     0.000 r  
    W19                                               0.000     0.000 r  sys_clk (IN)
                         net (fo=0)                   0.000     0.000    sys_clk
    W19                  IBUF (Prop_ibuf_I_O)         0.277     0.277 r  sys_clk_IBUF_inst/O
                         net (fo=1, routed)           0.440     0.717    u_top/sys_clk_IBUF
    MMCME2_ADV_X0Y2      MMCME2_ADV (Prop_mmcme2_adv_CLKIN1_CLKOUT0)
                                                      0.050     0.767 r  u_top/g_mmcm.u_mmcm/CLKOUT0
                         net (fo=1, routed)           0.545     1.312    u_top_n_1388
    BUFGCTRL_X0Y0        BUFG (Prop_bufg_I_O)         0.026     1.338 r  input_slot_reg[1][511]_i_3/O
                         net (fo=61850, routed)       0.626     1.964    u_top/u_core/u_b/u_b_core/core/core/l1/gk.frontend/fifo/clk_200
    SLICE_X81Y82         FDRE                                         r  u_top/u_core/u_b/u_b_core/core/core/l1/gk.frontend/fifo/wr_ptr_reg[1]/C
  -------------------------------------------------------------------    -------------------
    SLICE_X81Y82         FDRE (Prop_fdre_C_Q)         0.141     2.105 r  u_top/u_core/u_b/u_b_core/core/core/l1/gk.frontend/fifo/wr_ptr_reg[1]/Q
                         net (fo=271, routed)         0.268     2.373    u_top/u_core/u_b/u_b_core/core/core/l1/gk.frontend/fifo/g_narrow_read.mem_reg_0_3_156_161/ADDRD1
    SLICE_X80Y81         RAMS32                                       r  u_top/u_core/u_b/u_b_core/core/core/l1/gk.frontend/fifo/g_narrow_read.mem_reg_0_3_156_161/RAMD/ADR1
  -------------------------------------------------------------------    -------------------

                         (clock u_top_n_1388 rise edge)
                                                      0.000     0.000 r  
    W19                                               0.000     0.000 r  sys_clk (IN)
                         net (fo=0)                   0.000     0.000    sys_clk
    W19                  IBUF (Prop_ibuf_I_O)         0.465     0.465 r  sys_clk_IBUF_inst/O
                         net (fo=1, routed)           0.480     0.945    u_top/sys_clk_IBUF
    MMCME2_ADV_X0Y2      MMCME2_ADV (Prop_mmcme2_adv_CLKIN1_CLKOUT0)
                                                      0.053     0.998 r  u_top/g_mmcm.u_mmcm/CLKOUT0
                         net (fo=1, routed)           0.595     1.593    u_top_n_1388
    BUFGCTRL_X0Y0        BUFG (Prop_bufg_I_O)         0.029     1.622 r  input_slot_reg[1][511]_i_3/O
                         net (fo=61850, routed)       0.898     2.519    u_top/u_core/u_b/u_b_core/core/core/l1/gk.frontend/fifo/g_narrow_read.mem_reg_0_3_156_161/WCLK
    SLICE_X80Y81         RAMS32                                       r  u_top/u_core/u_b/u_b_core/core/core/l1/gk.frontend/fifo/g_narrow_read.mem_reg_0_3_156_161/RAMD/CLK
                         clock pessimism             -0.542     1.977    
    SLICE_X80Y81         RAMS32 (Hold_rams32_CLK_ADR1)
                                                      0.309     2.286    u_top/u_core/u_b/u_b_core/core/core/l1/gk.frontend/fifo/g_narrow_read.mem_reg_0_3_156_161/RAMD
  -------------------------------------------------------------------
                         required time                         -2.286    
                         arrival time                           2.373    
  -------------------------------------------------------------------
                         slack                                  0.087    

Slack (MET) :             0.087ns  (arrival time - required time)
  Source:                 u_top/u_core/u_b/u_b_core/core/core/l1/gk.frontend/fifo/wr_ptr_reg[1]/C
                            (rising edge-triggered cell FDRE clocked by u_top_n_1388  {rise@0.000ns fall@2.500ns period=5.000ns})
  Destination:            u_top/u_core/u_b/u_b_core/core/core/l1/gk.frontend/fifo/g_narrow_read.mem_reg_0_3_156_161/RAMD_D1/ADR1
                            (rising edge-triggered cell RAMS32 clocked by u_top_n_1388  {rise@0.000ns fall@2.500ns period=5.000ns})
  Path Group:             u_top_n_1388
  Path Type:              Hold (Min at Fast Process Corner)
  Requirement:            0.000ns  (u_top_n_1388 rise@0.000ns - u_top_n_1388 rise@0.000ns)
  Data Path Delay:        0.409ns  (logic 0.141ns (34.458%)  route 0.268ns (65.542%))
  Logic Levels:           0  
  Clock Path Skew:        0.013ns (DCD - SCD - CPR)
    Destination Clock Delay (DCD):    2.519ns
    Source Clock Delay      (SCD):    1.964ns
    Clock Pessimism Removal (CPR):    0.542ns

    Location             Delay type                Incr(ns)  Path(ns)    Netlist Resource(s)
  -------------------------------------------------------------------    -------------------
                         (clock u_top_n_1388 rise edge)
                                                      0.000     0.000 r  
    W19                                               0.000     0.000 r  sys_clk (IN)
                         net (fo=0)                   0.000     0.000    sys_clk
    W19                  IBUF (Prop_ibuf_I_O)         0.277     0.277 r  sys_clk_IBUF_inst/O
                         net (fo=1, routed)           0.440     0.717    u_top/sys_clk_IBUF
    MMCME2_ADV_X0Y2      MMCME2_ADV (Prop_mmcme2_adv_CLKIN1_CLKOUT0)
                                                      0.050     0.767 r  u_top/g_mmcm.u_mmcm/CLKOUT0
                         net (fo=1, routed)           0.545     1.312    u_top_n_1388
    BUFGCTRL_X0Y0        BUFG (Prop_bufg_I_O)         0.026     1.338 r  input_slot_reg[1][511]_i_3/O
                         net (fo=61850, routed)       0.626     1.964    u_top/u_core/u_b/u_b_core/core/core/l1/gk.frontend/fifo/clk_200
    SLICE_X81Y82         FDRE                                         r  u_top/u_core/u_b/u_b_core/core/core/l1/gk.frontend/fifo/wr_ptr_reg[1]/C
  -------------------------------------------------------------------    -------------------
    SLICE_X81Y82         FDRE (Prop_fdre_C_Q)         0.141     2.105 r  u_top/u_core/u_b/u_b_core/core/core/l1/gk.frontend/fifo/wr_ptr_reg[1]/Q
                         net (fo=271, routed)         0.268     2.373    u_top/u_core/u_b/u_b_core/core/core/l1/gk.frontend/fifo/g_narrow_read.mem_reg_0_3_156_161/ADDRD1
    SLICE_X80Y81         RAMS32                                       r  u_top/u_core/u_b/u_b_core/core/core/l1/gk.frontend/fifo/g_narrow_read.mem_reg_0_3_156_161/RAMD_D1/ADR1
  -------------------------------------------------------------------    -------------------

                         (clock u_top_n_1388 rise edge)
                                                      0.000     0.000 r  
    W19                                               0.000     0.000 r  sys_clk (IN)
                         net (fo=0)                   0.000     0.000    sys_clk
    W19                  IBUF (Prop_ibuf_I_O)         0.465     0.465 r  sys_clk_IBUF_inst/O
                         net (fo=1, routed)           0.480     0.945    u_top/sys_clk_IBUF
    MMCME2_ADV_X0Y2      MMCME2_ADV (Prop_mmcme2_adv_CLKIN1_CLKOUT0)
                                                      0.053     0.998 r  u_top/g_mmcm.u_mmcm/CLKOUT0
                         net (fo=1, routed)           0.595     1.593    u_top_n_1388
    BUFGCTRL_X0Y0        BUFG (Prop_bufg_I_O)         0.029     1.622 r  input_slot_reg[1][511]_i_3/O
                         net (fo=61850, routed)       0.898     2.519    u_top/u_core/u_b/u_b_core/core/core/l1/gk.frontend/fifo/g_narrow_read.mem_reg_0_3_156_161/WCLK
    SLICE_X80Y81         RAMS32                                       r  u_top/u_core/u_b/u_b_core/core/core/l1/gk.frontend/fifo/g_narrow_read.mem_reg_0_3_156_161/RAMD_D1/CLK
                         clock pessimism             -0.542     1.977    
    SLICE_X80Y81         RAMS32 (Hold_rams32_CLK_ADR1)
                                                      0.309     2.286    u_top/u_core/u_b/u_b_core/core/core/l1/gk.frontend/fifo/g_narrow_read.mem_reg_0_3_156_161/RAMD_D1
  -------------------------------------------------------------------
                         required time                         -2.286    
                         arrival time                           2.373    
  -------------------------------------------------------------------
                         slack                                  0.087    

Slack (MET) :             0.087ns  (arrival time - required time)
  Source:                 u_top/u_core/u_b/u_b_core/core/core/l5/mac/mac/tree_stage[1].channel[0].node[2].pair.sums_q_reg[1][0][2][21]/C
                            (rising edge-triggered cell FDRE clocked by u_top_n_1388  {rise@0.000ns fall@2.500ns period=5.000ns})
  Destination:            u_top/u_core/u_b/u_b_core/core/core/l5/mac/mac/tree_stage[2].channel[0].node[1].pair.sums_q_reg[2][0][1][22]/D
                            (rising edge-triggered cell FDRE clocked by u_top_n_1388  {rise@0.000ns fall@2.500ns period=5.000ns})
  Path Group:             u_top_n_1388
  Path Type:              Hold (Min at Fast Process Corner)
  Requirement:            0.000ns  (u_top_n_1388 rise@0.000ns - u_top_n_1388 rise@0.000ns)
  Data Path Delay:        0.463ns  (logic 0.287ns (61.958%)  route 0.176ns (38.042%))
  Logic Levels:           1  (CARRY4=1)
  Clock Path Skew:        0.271ns (DCD - SCD - CPR)
    Destination Clock Delay (DCD):    2.466ns
    Source Clock Delay      (SCD):    1.912ns
    Clock Pessimism Removal (CPR):    0.284ns

    Location             Delay type                Incr(ns)  Path(ns)    Netlist Resource(s)
  -------------------------------------------------------------------    -------------------
                         (clock u_top_n_1388 rise edge)
                                                      0.000     0.000 r  
    W19                                               0.000     0.000 r  sys_clk (IN)
                         net (fo=0)                   0.000     0.000    sys_clk
    W19                  IBUF (Prop_ibuf_I_O)         0.277     0.277 r  sys_clk_IBUF_inst/O
                         net (fo=1, routed)           0.440     0.717    u_top/sys_clk_IBUF
    MMCME2_ADV_X0Y2      MMCME2_ADV (Prop_mmcme2_adv_CLKIN1_CLKOUT0)
                                                      0.050     0.767 r  u_top/g_mmcm.u_mmcm/CLKOUT0
                         net (fo=1, routed)           0.545     1.312    u_top_n_1388
    BUFGCTRL_X0Y0        BUFG (Prop_bufg_I_O)         0.026     1.338 r  input_slot_reg[1][511]_i_3/O
                         net (fo=61850, routed)       0.574     1.912    u_top/u_core/u_b/u_b_core/core/core/l5/mac/mac/clk_200
    SLICE_X75Y150        FDRE                                         r  u_top/u_core/u_b/u_b_core/core/core/l5/mac/mac/tree_stage[1].channel[0].node[2].pair.sums_q_reg[1][0][2][21]/C
  -------------------------------------------------------------------    -------------------
    SLICE_X75Y150        FDRE (Prop_fdre_C_Q)         0.141     2.053 r  u_top/u_core/u_b/u_b_core/core/core/l5/mac/mac/tree_stage[1].channel[0].node[2].pair.sums_q_reg[1][0][2][21]/Q
                         net (fo=2, routed)           0.176     2.229    u_top/u_core/u_b/u_b_core/core/core/l5/mac/mac/tree_stage[1].channel[0].node[2].pair.sums_q_reg[1][0][2]_387[21]
    SLICE_X77Y148        CARRY4 (Prop_carry4_DI[1]_O[2])
                                                      0.146     2.375 r  u_top/u_core/u_b/u_b_core/core/core/l5/mac/mac/tree_stage[2].channel[0].node[1].pair.sums_q_reg[2][0][1][23]_i_1/O[2]
                         net (fo=1, routed)           0.000     2.375    u_top/u_core/u_b/u_b_core/core/core/l5/mac/mac/tree_stage[2].channel[0].node[1].pair.added[22]
    SLICE_X77Y148        FDRE                                         r  u_top/u_core/u_b/u_b_core/core/core/l5/mac/mac/tree_stage[2].channel[0].node[1].pair.sums_q_reg[2][0][1][22]/D
  -------------------------------------------------------------------    -------------------

                         (clock u_top_n_1388 rise edge)
                                                      0.000     0.000 r  
    W19                                               0.000     0.000 r  sys_clk (IN)
                         net (fo=0)                   0.000     0.000    sys_clk
    W19                  IBUF (Prop_ibuf_I_O)         0.465     0.465 r  sys_clk_IBUF_inst/O
                         net (fo=1, routed)           0.480     0.945    u_top/sys_clk_IBUF
    MMCME2_ADV_X0Y2      MMCME2_ADV (Prop_mmcme2_adv_CLKIN1_CLKOUT0)
                                                      0.053     0.998 r  u_top/g_mmcm.u_mmcm/CLKOUT0
                         net (fo=1, routed)           0.595     1.593    u_top_n_1388
    BUFGCTRL_X0Y0        BUFG (Prop_bufg_I_O)         0.029     1.622 r  input_slot_reg[1][511]_i_3/O
                         net (fo=61850, routed)       0.845     2.466    u_top/u_core/u_b/u_b_core/core/core/l5/mac/mac/clk_200
    SLICE_X77Y148        FDRE                                         r  u_top/u_core/u_b/u_b_core/core/core/l5/mac/mac/tree_stage[2].channel[0].node[1].pair.sums_q_reg[2][0][1][22]/C
                         clock pessimism             -0.284     2.183    
    SLICE_X77Y148        FDRE (Hold_fdre_C_D)         0.105     2.288    u_top/u_core/u_b/u_b_core/core/core/l5/mac/mac/tree_stage[2].channel[0].node[1].pair.sums_q_reg[2][0][1][22]
  -------------------------------------------------------------------
                         required time                         -2.288    
                         arrival time                           2.375    
  -------------------------------------------------------------------
                         slack                                  0.087    

Slack (MET) :             0.087ns  (arrival time - required time)
  Source:                 u_top/u_core/u_b/u_b_core/core/core/l3/gk.frontend/win/shift_reg[7][46]/C
                            (rising edge-triggered cell FDRE clocked by u_top_n_1388  {rise@0.000ns fall@2.500ns period=5.000ns})
  Destination:            u_top/u_core/u_b/u_b_core/core/core/l3/gk.frontend/fifo/g_wide_read.g_read_slice[14].mem_slice_reg_0_3_42_47/RAMC/I
                            (rising edge-triggered cell RAMD32 clocked by u_top_n_1388  {rise@0.000ns fall@2.500ns period=5.000ns})
  Path Group:             u_top_n_1388
  Path Type:              Hold (Min at Fast Process Corner)
  Requirement:            0.000ns  (u_top_n_1388 rise@0.000ns - u_top_n_1388 rise@0.000ns)
  Data Path Delay:        0.267ns  (logic 0.141ns (52.730%)  route 0.126ns (47.270%))
  Logic Levels:           0  
  Clock Path Skew:        0.036ns (DCD - SCD - CPR)
    Destination Clock Delay (DCD):    2.477ns
    Source Clock Delay      (SCD):    1.924ns
    Clock Pessimism Removal (CPR):    0.518ns

    Location             Delay type                Incr(ns)  Path(ns)    Netlist Resource(s)
  -------------------------------------------------------------------    -------------------
                         (clock u_top_n_1388 rise edge)
                                                      0.000     0.000 r  
    W19                                               0.000     0.000 r  sys_clk (IN)
                         net (fo=0)                   0.000     0.000    sys_clk
    W19                  IBUF (Prop_ibuf_I_O)         0.277     0.277 r  sys_clk_IBUF_inst/O
                         net (fo=1, routed)           0.440     0.717    u_top/sys_clk_IBUF
    MMCME2_ADV_X0Y2      MMCME2_ADV (Prop_mmcme2_adv_CLKIN1_CLKOUT0)
                                                      0.050     0.767 r  u_top/g_mmcm.u_mmcm/CLKOUT0
                         net (fo=1, routed)           0.545     1.312    u_top_n_1388
    BUFGCTRL_X0Y0        BUFG (Prop_bufg_I_O)         0.026     1.338 r  input_slot_reg[1][511]_i_3/O
                         net (fo=61850, routed)       0.586     1.924    u_top/u_core/u_b/u_b_core/core/core/l3/gk.frontend/win/clk_200
    SLICE_X53Y105        FDRE                                         r  u_top/u_core/u_b/u_b_core/core/core/l3/gk.frontend/win/shift_reg[7][46]/C
  -------------------------------------------------------------------    -------------------
    SLICE_X53Y105        FDRE (Prop_fdre_C_Q)         0.141     2.065 r  u_top/u_core/u_b/u_b_core/core/core/l3/gk.frontend/win/shift_reg[7][46]/Q
                         net (fo=2, routed)           0.126     2.191    u_top/u_core/u_b/u_b_core/core/core/l3/gk.frontend/fifo/g_wide_read.g_read_slice[14].mem_slice_reg_0_3_42_47/DIC0
    SLICE_X56Y105        RAMD32                                       r  u_top/u_core/u_b/u_b_core/core/core/l3/gk.frontend/fifo/g_wide_read.g_read_slice[14].mem_slice_reg_0_3_42_47/RAMC/I
  -------------------------------------------------------------------    -------------------

                         (clock u_top_n_1388 rise edge)
                                                      0.000     0.000 r  
    W19                                               0.000     0.000 r  sys_clk (IN)
                         net (fo=0)                   0.000     0.000    sys_clk
    W19                  IBUF (Prop_ibuf_I_O)         0.465     0.465 r  sys_clk_IBUF_inst/O
                         net (fo=1, routed)           0.480     0.945    u_top/sys_clk_IBUF
    MMCME2_ADV_X0Y2      MMCME2_ADV (Prop_mmcme2_adv_CLKIN1_CLKOUT0)
                                                      0.053     0.998 r  u_top/g_mmcm.u_mmcm/CLKOUT0
                         net (fo=1, routed)           0.595     1.593    u_top_n_1388
    BUFGCTRL_X0Y0        BUFG (Prop_bufg_I_O)         0.029     1.622 r  input_slot_reg[1][511]_i_3/O
                         net (fo=61850, routed)       0.856     2.477    u_top/u_core/u_b/u_b_core/core/core/l3/gk.frontend/fifo/g_wide_read.g_read_slice[14].mem_slice_reg_0_3_42_47/WCLK
    SLICE_X56Y105        RAMD32                                       r  u_top/u_core/u_b/u_b_core/core/core/l3/gk.frontend/fifo/g_wide_read.g_read_slice[14].mem_slice_reg_0_3_42_47/RAMC/CLK
                         clock pessimism             -0.518     1.960    
    SLICE_X56Y105        RAMD32 (Hold_ramd32_CLK_I)
                                                      0.144     2.104    u_top/u_core/u_b/u_b_core/core/core/l3/gk.frontend/fifo/g_wide_read.g_read_slice[14].mem_slice_reg_0_3_42_47/RAMC
  -------------------------------------------------------------------
                         required time                         -2.104    
                         arrival time                           2.191    
  -------------------------------------------------------------------
                         slack                                  0.087    

Slack (MET) :             0.088ns  (arrival time - required time)
  Source:                 u_top/u_core/u_b/u_b_core/core/core/l2/post/units[0].post/accumulator_s2_reg[9]/C
                            (rising edge-triggered cell FDRE clocked by u_top_n_1388  {rise@0.000ns fall@2.500ns period=5.000ns})
  Destination:            u_top/u_core/u_b/u_b_core/core/core/l2/post/units[0].post/accumulator_s3_reg[9]/D
                            (rising edge-triggered cell FDRE clocked by u_top_n_1388  {rise@0.000ns fall@2.500ns period=5.000ns})
  Path Group:             u_top_n_1388
  Path Type:              Hold (Min at Fast Process Corner)
  Requirement:            0.000ns  (u_top_n_1388 rise@0.000ns - u_top_n_1388 rise@0.000ns)
  Data Path Delay:        0.360ns  (logic 0.141ns (39.148%)  route 0.219ns (60.852%))
  Logic Levels:           0  
  Clock Path Skew:        0.200ns (DCD - SCD - CPR)
    Destination Clock Delay (DCD):    2.521ns
    Source Clock Delay      (SCD):    2.032ns
    Clock Pessimism Removal (CPR):    0.289ns

    Location             Delay type                Incr(ns)  Path(ns)    Netlist Resource(s)
  -------------------------------------------------------------------    -------------------
                         (clock u_top_n_1388 rise edge)
                                                      0.000     0.000 r  
    W19                                               0.000     0.000 r  sys_clk (IN)
                         net (fo=0)                   0.000     0.000    sys_clk
    W19                  IBUF (Prop_ibuf_I_O)         0.277     0.277 r  sys_clk_IBUF_inst/O
                         net (fo=1, routed)           0.440     0.717    u_top/sys_clk_IBUF
    MMCME2_ADV_X0Y2      MMCME2_ADV (Prop_mmcme2_adv_CLKIN1_CLKOUT0)
                                                      0.050     0.767 r  u_top/g_mmcm.u_mmcm/CLKOUT0
                         net (fo=1, routed)           0.545     1.312    u_top_n_1388
    BUFGCTRL_X0Y0        BUFG (Prop_bufg_I_O)         0.026     1.338 r  input_slot_reg[1][511]_i_3/O
                         net (fo=61850, routed)       0.694     2.032    u_top/u_core/u_b/u_b_core/core/core/l2/post/units[0].post/clk_200
    SLICE_X9Y97          FDRE                                         r  u_top/u_core/u_b/u_b_core/core/core/l2/post/units[0].post/accumulator_s2_reg[9]/C
  -------------------------------------------------------------------    -------------------
    SLICE_X9Y97          FDRE (Prop_fdre_C_Q)         0.141     2.173 r  u_top/u_core/u_b/u_b_core/core/core/l2/post/units[0].post/accumulator_s2_reg[9]/Q
                         net (fo=1, routed)           0.219     2.392    u_top/u_core/u_b/u_b_core/core/core/l2/post/units[0].post/accumulator_s2[9]
    SLICE_X11Y100        FDRE                                         r  u_top/u_core/u_b/u_b_core/core/core/l2/post/units[0].post/accumulator_s3_reg[9]/D
  -------------------------------------------------------------------    -------------------

                         (clock u_top_n_1388 rise edge)
                                                      0.000     0.000 r  
    W19                                               0.000     0.000 r  sys_clk (IN)
                         net (fo=0)                   0.000     0.000    sys_clk
    W19                  IBUF (Prop_ibuf_I_O)         0.465     0.465 r  sys_clk_IBUF_inst/O
                         net (fo=1, routed)           0.480     0.945    u_top/sys_clk_IBUF
    MMCME2_ADV_X0Y2      MMCME2_ADV (Prop_mmcme2_adv_CLKIN1_CLKOUT0)
                                                      0.053     0.998 r  u_top/g_mmcm.u_mmcm/CLKOUT0
                         net (fo=1, routed)           0.595     1.593    u_top_n_1388
    BUFGCTRL_X0Y0        BUFG (Prop_bufg_I_O)         0.029     1.622 r  input_slot_reg[1][511]_i_3/O
                         net (fo=61850, routed)       0.900     2.521    u_top/u_core/u_b/u_b_core/core/core/l2/post/units[0].post/clk_200
    SLICE_X11Y100        FDRE                                         r  u_top/u_core/u_b/u_b_core/core/core/l2/post/units[0].post/accumulator_s3_reg[9]/C
                         clock pessimism             -0.289     2.233    
    SLICE_X11Y100        FDRE (Hold_fdre_C_D)         0.072     2.305    u_top/u_core/u_b/u_b_core/core/core/l2/post/units[0].post/accumulator_s3_reg[9]
  -------------------------------------------------------------------
                         required time                         -2.305    
                         arrival time                           2.392    
  -------------------------------------------------------------------
                         slack                                  0.088    

Slack (MET) :             0.088ns  (arrival time - required time)
  Source:                 u_top/u_core/u_b/u_b_core/core/core/l1/gk.frontend/win/shift_reg[0][6]/C
                            (rising edge-triggered cell FDRE clocked by u_top_n_1388  {rise@0.000ns fall@2.500ns period=5.000ns})
  Destination:            u_top/u_core/u_b/u_b_core/core/core/l1/gk.frontend/fifo/g_narrow_read.mem_reg_0_3_6_11/RAMA/I
                            (rising edge-triggered cell RAMD32 clocked by u_top_n_1388  {rise@0.000ns fall@2.500ns period=5.000ns})
  Path Group:             u_top_n_1388
  Path Type:              Hold (Min at Fast Process Corner)
  Requirement:            0.000ns  (u_top_n_1388 rise@0.000ns - u_top_n_1388 rise@0.000ns)
  Data Path Delay:        0.249ns  (logic 0.141ns (56.528%)  route 0.108ns (43.472%))
  Logic Levels:           0  
  Clock Path Skew:        0.014ns (DCD - SCD - CPR)
    Destination Clock Delay (DCD):    2.520ns
    Source Clock Delay      (SCD):    1.965ns
    Clock Pessimism Removal (CPR):    0.541ns

    Location             Delay type                Incr(ns)  Path(ns)    Netlist Resource(s)
  -------------------------------------------------------------------    -------------------
                         (clock u_top_n_1388 rise edge)
                                                      0.000     0.000 r  
    W19                                               0.000     0.000 r  sys_clk (IN)
                         net (fo=0)                   0.000     0.000    sys_clk
    W19                  IBUF (Prop_ibuf_I_O)         0.277     0.277 r  sys_clk_IBUF_inst/O
                         net (fo=1, routed)           0.440     0.717    u_top/sys_clk_IBUF
    MMCME2_ADV_X0Y2      MMCME2_ADV (Prop_mmcme2_adv_CLKIN1_CLKOUT0)
                                                      0.050     0.767 r  u_top/g_mmcm.u_mmcm/CLKOUT0
                         net (fo=1, routed)           0.545     1.312    u_top_n_1388
    BUFGCTRL_X0Y0        BUFG (Prop_bufg_I_O)         0.026     1.338 r  input_slot_reg[1][511]_i_3/O
                         net (fo=61850, routed)       0.627     1.965    u_top/u_core/u_b/u_b_core/core/core/l1/gk.frontend/win/clk_200
    SLICE_X89Y74         FDRE                                         r  u_top/u_core/u_b/u_b_core/core/core/l1/gk.frontend/win/shift_reg[0][6]/C
  -------------------------------------------------------------------    -------------------
    SLICE_X89Y74         FDRE (Prop_fdre_C_Q)         0.141     2.106 r  u_top/u_core/u_b/u_b_core/core/core/l1/gk.frontend/win/shift_reg[0][6]/Q
                         net (fo=1, routed)           0.108     2.215    u_top/u_core/u_b/u_b_core/core/core/l1/gk.frontend/fifo/g_narrow_read.mem_reg_0_3_6_11/DIA0
    SLICE_X88Y73         RAMD32                                       r  u_top/u_core/u_b/u_b_core/core/core/l1/gk.frontend/fifo/g_narrow_read.mem_reg_0_3_6_11/RAMA/I
  -------------------------------------------------------------------    -------------------

                         (clock u_top_n_1388 rise edge)
                                                      0.000     0.000 r  
    W19                                               0.000     0.000 r  sys_clk (IN)
                         net (fo=0)                   0.000     0.000    sys_clk
    W19                  IBUF (Prop_ibuf_I_O)         0.465     0.465 r  sys_clk_IBUF_inst/O
                         net (fo=1, routed)           0.480     0.945    u_top/sys_clk_IBUF
    MMCME2_ADV_X0Y2      MMCME2_ADV (Prop_mmcme2_adv_CLKIN1_CLKOUT0)
                                                      0.053     0.998 r  u_top/g_mmcm.u_mmcm/CLKOUT0
                         net (fo=1, routed)           0.595     1.593    u_top_n_1388
    BUFGCTRL_X0Y0        BUFG (Prop_bufg_I_O)         0.029     1.622 r  input_slot_reg[1][511]_i_3/O
                         net (fo=61850, routed)       0.899     2.520    u_top/u_core/u_b/u_b_core/core/core/l1/gk.frontend/fifo/g_narrow_read.mem_reg_0_3_6_11/WCLK
    SLICE_X88Y73         RAMD32                                       r  u_top/u_core/u_b/u_b_core/core/core/l1/gk.frontend/fifo/g_narrow_read.mem_reg_0_3_6_11/RAMA/CLK
                         clock pessimism             -0.541     1.979    
    SLICE_X88Y73         RAMD32 (Hold_ramd32_CLK_I)
                                                      0.147     2.126    u_top/u_core/u_b/u_b_core/core/core/l1/gk.frontend/fifo/g_narrow_read.mem_reg_0_3_6_11/RAMA
  -------------------------------------------------------------------
                         required time                         -2.126    
                         arrival time                           2.215    
  -------------------------------------------------------------------
                         slack                                  0.088    

Slack (MET) :             0.089ns  (arrival time - required time)
  Source:                 u_top/u_core/u_b/u_b_core/core/core/l5/gk.frontend/win/shift_reg[8][108]/C
                            (rising edge-triggered cell FDRE clocked by u_top_n_1388  {rise@0.000ns fall@2.500ns period=5.000ns})
  Destination:            u_top/u_core/u_b/u_b_core/core/core/l5/gk.frontend/win/shift_reg[7][108]/D
                            (rising edge-triggered cell FDRE clocked by u_top_n_1388  {rise@0.000ns fall@2.500ns period=5.000ns})
  Path Group:             u_top_n_1388
  Path Type:              Hold (Min at Fast Process Corner)
  Requirement:            0.000ns  (u_top_n_1388 rise@0.000ns - u_top_n_1388 rise@0.000ns)
  Data Path Delay:        0.303ns  (logic 0.128ns (42.242%)  route 0.175ns (57.758%))
  Logic Levels:           0  
  Clock Path Skew:        0.197ns (DCD - SCD - CPR)
    Destination Clock Delay (DCD):    2.482ns
    Source Clock Delay      (SCD):    1.996ns
    Clock Pessimism Removal (CPR):    0.289ns

    Location             Delay type                Incr(ns)  Path(ns)    Netlist Resource(s)
  -------------------------------------------------------------------    -------------------
                         (clock u_top_n_1388 rise edge)
                                                      0.000     0.000 r  
    W19                                               0.000     0.000 r  sys_clk (IN)
                         net (fo=0)                   0.000     0.000    sys_clk
    W19                  IBUF (Prop_ibuf_I_O)         0.277     0.277 r  sys_clk_IBUF_inst/O
                         net (fo=1, routed)           0.440     0.717    u_top/sys_clk_IBUF
    MMCME2_ADV_X0Y2      MMCME2_ADV (Prop_mmcme2_adv_CLKIN1_CLKOUT0)
                                                      0.050     0.767 r  u_top/g_mmcm.u_mmcm/CLKOUT0
                         net (fo=1, routed)           0.545     1.312    u_top_n_1388
    BUFGCTRL_X0Y0        BUFG (Prop_bufg_I_O)         0.026     1.338 r  input_slot_reg[1][511]_i_3/O
                         net (fo=61850, routed)       0.658     1.996    u_top/u_core/u_b/u_b_core/core/core/l5/gk.frontend/win/clk_200
    SLICE_X111Y99        FDRE                                         r  u_top/u_core/u_b/u_b_core/core/core/l5/gk.frontend/win/shift_reg[8][108]/C
  -------------------------------------------------------------------    -------------------
    SLICE_X111Y99        FDRE (Prop_fdre_C_Q)         0.128     2.124 r  u_top/u_core/u_b/u_b_core/core/core/l5/gk.frontend/win/shift_reg[8][108]/Q
                         net (fo=2, routed)           0.175     2.299    u_top/u_core/u_b/u_b_core/core/core/l5/gk.frontend/win/window_flat[2156]
    SLICE_X105Y100       FDRE                                         r  u_top/u_core/u_b/u_b_core/core/core/l5/gk.frontend/win/shift_reg[7][108]/D
  -------------------------------------------------------------------    -------------------

                         (clock u_top_n_1388 rise edge)
                                                      0.000     0.000 r  
    W19                                               0.000     0.000 r  sys_clk (IN)
                         net (fo=0)                   0.000     0.000    sys_clk
    W19                  IBUF (Prop_ibuf_I_O)         0.465     0.465 r  sys_clk_IBUF_inst/O
                         net (fo=1, routed)           0.480     0.945    u_top/sys_clk_IBUF
    MMCME2_ADV_X0Y2      MMCME2_ADV (Prop_mmcme2_adv_CLKIN1_CLKOUT0)
                                                      0.053     0.998 r  u_top/g_mmcm.u_mmcm/CLKOUT0
                         net (fo=1, routed)           0.595     1.593    u_top_n_1388
    BUFGCTRL_X0Y0        BUFG (Prop_bufg_I_O)         0.029     1.622 r  input_slot_reg[1][511]_i_3/O
                         net (fo=61850, routed)       0.861     2.482    u_top/u_core/u_b/u_b_core/core/core/l5/gk.frontend/win/clk_200
    SLICE_X105Y100       FDRE                                         r  u_top/u_core/u_b/u_b_core/core/core/l5/gk.frontend/win/shift_reg[7][108]/C
                         clock pessimism             -0.289     2.194    
    SLICE_X105Y100       FDRE (Hold_fdre_C_D)         0.017     2.211    u_top/u_core/u_b/u_b_core/core/core/l5/gk.frontend/win/shift_reg[7][108]
  -------------------------------------------------------------------
                         required time                         -2.211    
                         arrival time                           2.299    
  -------------------------------------------------------------------
                         slack                                  0.089    

Slack (MET) :             0.089ns  (arrival time - required time)
  Source:                 u_top/u_core/u_b/u_b_core/core/core/l3/gk.frontend/win/shift_reg[2][68]/C
                            (rising edge-triggered cell FDRE clocked by u_top_n_1388  {rise@0.000ns fall@2.500ns period=5.000ns})
  Destination:            u_top/u_core/u_b/u_b_core/core/core/l3/gk.frontend/fifo/g_wide_read.g_read_slice[5].mem_slice_reg_0_3_0_5/RAMC/I
                            (rising edge-triggered cell RAMD32 clocked by u_top_n_1388  {rise@0.000ns fall@2.500ns period=5.000ns})
  Path Group:             u_top_n_1388
  Path Type:              Hold (Min at Fast Process Corner)
  Requirement:            0.000ns  (u_top_n_1388 rise@0.000ns - u_top_n_1388 rise@0.000ns)
  Data Path Delay:        0.270ns  (logic 0.141ns (52.287%)  route 0.129ns (47.712%))
  Logic Levels:           0  
  Clock Path Skew:        0.037ns (DCD - SCD - CPR)
    Destination Clock Delay (DCD):    2.547ns
    Source Clock Delay      (SCD):    1.989ns
    Clock Pessimism Removal (CPR):    0.521ns

    Location             Delay type                Incr(ns)  Path(ns)    Netlist Resource(s)
  -------------------------------------------------------------------    -------------------
                         (clock u_top_n_1388 rise edge)
                                                      0.000     0.000 r  
    W19                                               0.000     0.000 r  sys_clk (IN)
                         net (fo=0)                   0.000     0.000    sys_clk
    W19                  IBUF (Prop_ibuf_I_O)         0.277     0.277 r  sys_clk_IBUF_inst/O
                         net (fo=1, routed)           0.440     0.717    u_top/sys_clk_IBUF
    MMCME2_ADV_X0Y2      MMCME2_ADV (Prop_mmcme2_adv_CLKIN1_CLKOUT0)
                                                      0.050     0.767 r  u_top/g_mmcm.u_mmcm/CLKOUT0
                         net (fo=1, routed)           0.545     1.312    u_top_n_1388
    BUFGCTRL_X0Y0        BUFG (Prop_bufg_I_O)         0.026     1.338 r  input_slot_reg[1][511]_i_3/O
                         net (fo=61850, routed)       0.651     1.989    u_top/u_core/u_b/u_b_core/core/core/l3/gk.frontend/win/clk_200
    SLICE_X43Y91         FDRE                                         r  u_top/u_core/u_b/u_b_core/core/core/l3/gk.frontend/win/shift_reg[2][68]/C
  -------------------------------------------------------------------    -------------------
    SLICE_X43Y91         FDRE (Prop_fdre_C_Q)         0.141     2.130 r  u_top/u_core/u_b/u_b_core/core/core/l3/gk.frontend/win/shift_reg[2][68]/Q
                         net (fo=2, routed)           0.129     2.259    u_top/u_core/u_b/u_b_core/core/core/l3/gk.frontend/fifo/g_wide_read.g_read_slice[5].mem_slice_reg_0_3_0_5/DIC0
    SLICE_X44Y91         RAMD32                                       r  u_top/u_core/u_b/u_b_core/core/core/l3/gk.frontend/fifo/g_wide_read.g_read_slice[5].mem_slice_reg_0_3_0_5/RAMC/I
  -------------------------------------------------------------------    -------------------

                         (clock u_top_n_1388 rise edge)
                                                      0.000     0.000 r  
    W19                                               0.000     0.000 r  sys_clk (IN)
                         net (fo=0)                   0.000     0.000    sys_clk
    W19                  IBUF (Prop_ibuf_I_O)         0.465     0.465 r  sys_clk_IBUF_inst/O
                         net (fo=1, routed)           0.480     0.945    u_top/sys_clk_IBUF
    MMCME2_ADV_X0Y2      MMCME2_ADV (Prop_mmcme2_adv_CLKIN1_CLKOUT0)
                                                      0.053     0.998 r  u_top/g_mmcm.u_mmcm/CLKOUT0
                         net (fo=1, routed)           0.595     1.593    u_top_n_1388
    BUFGCTRL_X0Y0        BUFG (Prop_bufg_I_O)         0.029     1.622 r  input_slot_reg[1][511]_i_3/O
                         net (fo=61850, routed)       0.926     2.547    u_top/u_core/u_b/u_b_core/core/core/l3/gk.frontend/fifo/g_wide_read.g_read_slice[5].mem_slice_reg_0_3_0_5/WCLK
    SLICE_X44Y91         RAMD32                                       r  u_top/u_core/u_b/u_b_core/core/core/l3/gk.frontend/fifo/g_wide_read.g_read_slice[5].mem_slice_reg_0_3_0_5/RAMC/CLK
                         clock pessimism             -0.521     2.026    
    SLICE_X44Y91         RAMD32 (Hold_ramd32_CLK_I)
                                                      0.144     2.170    u_top/u_core/u_b/u_b_core/core/core/l3/gk.frontend/fifo/g_wide_read.g_read_slice[5].mem_slice_reg_0_3_0_5/RAMC
  -------------------------------------------------------------------
                         required time                         -2.170    
                         arrival time                           2.259    
  -------------------------------------------------------------------
                         slack                                  0.089    

Slack (MET) :             0.089ns  (arrival time - required time)
  Source:                 u_top/u_core/u_b/u_b_core/core/core/l1/mac/mac/tree_stage[2].channel[1].node[0].pair.sums_q_reg[2][1][0][13]/C
                            (rising edge-triggered cell FDRE clocked by u_top_n_1388  {rise@0.000ns fall@2.500ns period=5.000ns})
  Destination:            u_top/u_core/u_b/u_b_core/core/core/l1/mac/mac/tree_stage[3].channel[1].node[0].pair.sums_q_reg[3][1][0][13]/D
                            (rising edge-triggered cell FDRE clocked by u_top_n_1388  {rise@0.000ns fall@2.500ns period=5.000ns})
  Path Group:             u_top_n_1388
  Path Type:              Hold (Min at Fast Process Corner)
  Requirement:            0.000ns  (u_top_n_1388 rise@0.000ns - u_top_n_1388 rise@0.000ns)
  Data Path Delay:        0.455ns  (logic 0.251ns (55.203%)  route 0.204ns (44.797%))
  Logic Levels:           2  (CARRY4=1 LUT2=1)
  Clock Path Skew:        0.261ns (DCD - SCD - CPR)
    Destination Clock Delay (DCD):    2.519ns
    Source Clock Delay      (SCD):    1.966ns
    Clock Pessimism Removal (CPR):    0.292ns

    Location             Delay type                Incr(ns)  Path(ns)    Netlist Resource(s)
  -------------------------------------------------------------------    -------------------
                         (clock u_top_n_1388 rise edge)
                                                      0.000     0.000 r  
    W19                                               0.000     0.000 r  sys_clk (IN)
                         net (fo=0)                   0.000     0.000    sys_clk
    W19                  IBUF (Prop_ibuf_I_O)         0.277     0.277 r  sys_clk_IBUF_inst/O
                         net (fo=1, routed)           0.440     0.717    u_top/sys_clk_IBUF
    MMCME2_ADV_X0Y2      MMCME2_ADV (Prop_mmcme2_adv_CLKIN1_CLKOUT0)
                                                      0.050     0.767 r  u_top/g_mmcm.u_mmcm/CLKOUT0
                         net (fo=1, routed)           0.545     1.312    u_top_n_1388
    BUFGCTRL_X0Y0        BUFG (Prop_bufg_I_O)         0.026     1.338 r  input_slot_reg[1][511]_i_3/O
                         net (fo=61850, routed)       0.628     1.966    u_top/u_core/u_b/u_b_core/core/core/l1/mac/mac/clk_200
    SLICE_X85Y63         FDRE                                         r  u_top/u_core/u_b/u_b_core/core/core/l1/mac/mac/tree_stage[2].channel[1].node[0].pair.sums_q_reg[2][1][0][13]/C
  -------------------------------------------------------------------    -------------------
    SLICE_X85Y63         FDRE (Prop_fdre_C_Q)         0.141     2.107 r  u_top/u_core/u_b/u_b_core/core/core/l1/mac/mac/tree_stage[2].channel[1].node[0].pair.sums_q_reg[2][1][0][13]/Q
                         net (fo=2, routed)           0.204     2.311    u_top/u_core/u_b/u_b_core/core/core/l1/mac/mac/tree_stage[2].channel[1].node[0].pair.sums_q_reg[2][1][0][27]_0[13]
    SLICE_X82Y66         LUT2 (Prop_lut2_I0_O)        0.045     2.356 r  u_top/u_core/u_b/u_b_core/core/core/l1/mac/mac/tree_stage[3].channel[1].node[0].pair.sums_q[3][1][0][15]_i_4/O
                         net (fo=1, routed)           0.000     2.356    u_top_n_3415
    SLICE_X82Y66         CARRY4 (Prop_carry4_S[1]_O[1])
                                                      0.065     2.421 r  mac/mac/tree_stage[3].channel[1].node[0].pair.sums_q_reg[3][1][0][15]_i_1/O[1]
                         net (fo=1, routed)           0.000     2.421    u_top/u_core/u_b/u_b_core/core/core/l1/mac/mac/tree_stage[3].channel[1].node[0].pair.sums_q_reg[3][1][0][27]_2[13]
    SLICE_X82Y66         FDRE                                         r  u_top/u_core/u_b/u_b_core/core/core/l1/mac/mac/tree_stage[3].channel[1].node[0].pair.sums_q_reg[3][1][0][13]/D
  -------------------------------------------------------------------    -------------------

                         (clock u_top_n_1388 rise edge)
                                                      0.000     0.000 r  
    W19                                               0.000     0.000 r  sys_clk (IN)
                         net (fo=0)                   0.000     0.000    sys_clk
    W19                  IBUF (Prop_ibuf_I_O)         0.465     0.465 r  sys_clk_IBUF_inst/O
                         net (fo=1, routed)           0.480     0.945    u_top/sys_clk_IBUF
    MMCME2_ADV_X0Y2      MMCME2_ADV (Prop_mmcme2_adv_CLKIN1_CLKOUT0)
                                                      0.053     0.998 r  u_top/g_mmcm.u_mmcm/CLKOUT0
                         net (fo=1, routed)           0.595     1.593    u_top_n_1388
    BUFGCTRL_X0Y0        BUFG (Prop_bufg_I_O)         0.029     1.622 r  input_slot_reg[1][511]_i_3/O
                         net (fo=61850, routed)       0.898     2.519    u_top/u_core/u_b/u_b_core/core/core/l1/mac/mac/clk_200
    SLICE_X82Y66         FDRE                                         r  u_top/u_core/u_b/u_b_core/core/core/l1/mac/mac/tree_stage[3].channel[1].node[0].pair.sums_q_reg[3][1][0][13]/C
                         clock pessimism             -0.292     2.227    
    SLICE_X82Y66         FDRE (Hold_fdre_C_D)         0.105     2.332    u_top/u_core/u_b/u_b_core/core/core/l1/mac/mac/tree_stage[3].channel[1].node[0].pair.sums_q_reg[3][1][0][13]
  -------------------------------------------------------------------
                         required time                         -2.332    
                         arrival time                           2.421    
  -------------------------------------------------------------------
                         slack                                  0.089    

Slack (MET) :             0.089ns  (arrival time - required time)
  Source:                 u_top/u_core/u_b/u_b_core/core/core/l1/mac/mac/tree_stage[2].channel[1].node[0].pair.sums_q_reg[2][1][0][1]/C
                            (rising edge-triggered cell FDRE clocked by u_top_n_1388  {rise@0.000ns fall@2.500ns period=5.000ns})
  Destination:            u_top/u_core/u_b/u_b_core/core/core/l1/mac/mac/tree_stage[3].channel[1].node[0].pair.sums_q_reg[3][1][0][1]/D
                            (rising edge-triggered cell FDRE clocked by u_top_n_1388  {rise@0.000ns fall@2.500ns period=5.000ns})
  Path Group:             u_top_n_1388
  Path Type:              Hold (Min at Fast Process Corner)
  Requirement:            0.000ns  (u_top_n_1388 rise@0.000ns - u_top_n_1388 rise@0.000ns)
  Data Path Delay:        0.455ns  (logic 0.251ns (55.203%)  route 0.204ns (44.797%))
  Logic Levels:           2  (CARRY4=1 LUT2=1)
  Clock Path Skew:        0.261ns (DCD - SCD - CPR)
    Destination Clock Delay (DCD):    2.521ns
    Source Clock Delay      (SCD):    1.968ns
    Clock Pessimism Removal (CPR):    0.292ns

    Location             Delay type                Incr(ns)  Path(ns)    Netlist Resource(s)
  -------------------------------------------------------------------    -------------------
                         (clock u_top_n_1388 rise edge)
                                                      0.000     0.000 r  
    W19                                               0.000     0.000 r  sys_clk (IN)
                         net (fo=0)                   0.000     0.000    sys_clk
    W19                  IBUF (Prop_ibuf_I_O)         0.277     0.277 r  sys_clk_IBUF_inst/O
                         net (fo=1, routed)           0.440     0.717    u_top/sys_clk_IBUF
    MMCME2_ADV_X0Y2      MMCME2_ADV (Prop_mmcme2_adv_CLKIN1_CLKOUT0)
                                                      0.050     0.767 r  u_top/g_mmcm.u_mmcm/CLKOUT0
                         net (fo=1, routed)           0.545     1.312    u_top_n_1388
    BUFGCTRL_X0Y0        BUFG (Prop_bufg_I_O)         0.026     1.338 r  input_slot_reg[1][511]_i_3/O
                         net (fo=61850, routed)       0.630     1.968    u_top/u_core/u_b/u_b_core/core/core/l1/mac/mac/clk_200
    SLICE_X85Y60         FDRE                                         r  u_top/u_core/u_b/u_b_core/core/core/l1/mac/mac/tree_stage[2].channel[1].node[0].pair.sums_q_reg[2][1][0][1]/C
  -------------------------------------------------------------------    -------------------
    SLICE_X85Y60         FDRE (Prop_fdre_C_Q)         0.141     2.109 r  u_top/u_core/u_b/u_b_core/core/core/l1/mac/mac/tree_stage[2].channel[1].node[0].pair.sums_q_reg[2][1][0][1]/Q
                         net (fo=2, routed)           0.204     2.313    u_top/u_core/u_b/u_b_core/core/core/l1/mac/mac/tree_stage[2].channel[1].node[0].pair.sums_q_reg[2][1][0][27]_0[1]
    SLICE_X82Y63         LUT2 (Prop_lut2_I0_O)        0.045     2.358 r  u_top/u_core/u_b/u_b_core/core/core/l1/mac/mac/tree_stage[3].channel[1].node[0].pair.sums_q[3][1][0][3]_i_4/O
                         net (fo=1, routed)           0.000     2.358    u_top_n_3403
    SLICE_X82Y63         CARRY4 (Prop_carry4_S[1]_O[1])
                                                      0.065     2.423 r  mac/mac/tree_stage[3].channel[1].node[0].pair.sums_q_reg[3][1][0][3]_i_1/O[1]
                         net (fo=1, routed)           0.000     2.423    u_top/u_core/u_b/u_b_core/core/core/l1/mac/mac/tree_stage[3].channel[1].node[0].pair.sums_q_reg[3][1][0][27]_2[1]
    SLICE_X82Y63         FDRE                                         r  u_top/u_core/u_b/u_b_core/core/core/l1/mac/mac/tree_stage[3].channel[1].node[0].pair.sums_q_reg[3][1][0][1]/D
  -------------------------------------------------------------------    -------------------

                         (clock u_top_n_1388 rise edge)
                                                      0.000     0.000 r  
    W19                                               0.000     0.000 r  sys_clk (IN)
                         net (fo=0)                   0.000     0.000    sys_clk
    W19                  IBUF (Prop_ibuf_I_O)         0.465     0.465 r  sys_clk_IBUF_inst/O
                         net (fo=1, routed)           0.480     0.945    u_top/sys_clk_IBUF
    MMCME2_ADV_X0Y2      MMCME2_ADV (Prop_mmcme2_adv_CLKIN1_CLKOUT0)
                                                      0.053     0.998 r  u_top/g_mmcm.u_mmcm/CLKOUT0
                         net (fo=1, routed)           0.595     1.593    u_top_n_1388
    BUFGCTRL_X0Y0        BUFG (Prop_bufg_I_O)         0.029     1.622 r  input_slot_reg[1][511]_i_3/O
                         net (fo=61850, routed)       0.900     2.521    u_top/u_core/u_b/u_b_core/core/core/l1/mac/mac/clk_200
    SLICE_X82Y63         FDRE                                         r  u_top/u_core/u_b/u_b_core/core/core/l1/mac/mac/tree_stage[3].channel[1].node[0].pair.sums_q_reg[3][1][0][1]/C
                         clock pessimism             -0.292     2.229    
    SLICE_X82Y63         FDRE (Hold_fdre_C_D)         0.105     2.334    u_top/u_core/u_b/u_b_core/core/core/l1/mac/mac/tree_stage[3].channel[1].node[0].pair.sums_q_reg[3][1][0][1]
  -------------------------------------------------------------------
                         required time                         -2.334    
                         arrival time                           2.423    
  -------------------------------------------------------------------
                         slack                                  0.089    

Slack (MET) :             0.089ns  (arrival time - required time)
  Source:                 u_top/u_core/u_b/u_b_core/core/core/l1/mac/mac/tree_stage[2].channel[1].node[0].pair.sums_q_reg[2][1][0][5]/C
                            (rising edge-triggered cell FDRE clocked by u_top_n_1388  {rise@0.000ns fall@2.500ns period=5.000ns})
  Destination:            u_top/u_core/u_b/u_b_core/core/core/l1/mac/mac/tree_stage[3].channel[1].node[0].pair.sums_q_reg[3][1][0][5]/D
                            (rising edge-triggered cell FDRE clocked by u_top_n_1388  {rise@0.000ns fall@2.500ns period=5.000ns})
  Path Group:             u_top_n_1388
  Path Type:              Hold (Min at Fast Process Corner)
  Requirement:            0.000ns  (u_top_n_1388 rise@0.000ns - u_top_n_1388 rise@0.000ns)
  Data Path Delay:        0.455ns  (logic 0.251ns (55.203%)  route 0.204ns (44.797%))
  Logic Levels:           2  (CARRY4=1 LUT2=1)
  Clock Path Skew:        0.261ns (DCD - SCD - CPR)
    Destination Clock Delay (DCD):    2.521ns
    Source Clock Delay      (SCD):    1.968ns
    Clock Pessimism Removal (CPR):    0.292ns

    Location             Delay type                Incr(ns)  Path(ns)    Netlist Resource(s)
  -------------------------------------------------------------------    -------------------
                         (clock u_top_n_1388 rise edge)
                                                      0.000     0.000 r  
    W19                                               0.000     0.000 r  sys_clk (IN)
                         net (fo=0)                   0.000     0.000    sys_clk
    W19                  IBUF (Prop_ibuf_I_O)         0.277     0.277 r  sys_clk_IBUF_inst/O
                         net (fo=1, routed)           0.440     0.717    u_top/sys_clk_IBUF
    MMCME2_ADV_X0Y2      MMCME2_ADV (Prop_mmcme2_adv_CLKIN1_CLKOUT0)
                                                      0.050     0.767 r  u_top/g_mmcm.u_mmcm/CLKOUT0
                         net (fo=1, routed)           0.545     1.312    u_top_n_1388
    BUFGCTRL_X0Y0        BUFG (Prop_bufg_I_O)         0.026     1.338 r  input_slot_reg[1][511]_i_3/O
                         net (fo=61850, routed)       0.630     1.968    u_top/u_core/u_b/u_b_core/core/core/l1/mac/mac/clk_200
    SLICE_X85Y61         FDRE                                         r  u_top/u_core/u_b/u_b_core/core/core/l1/mac/mac/tree_stage[2].channel[1].node[0].pair.sums_q_reg[2][1][0][5]/C
  -------------------------------------------------------------------    -------------------
    SLICE_X85Y61         FDRE (Prop_fdre_C_Q)         0.141     2.109 r  u_top/u_core/u_b/u_b_core/core/core/l1/mac/mac/tree_stage[2].channel[1].node[0].pair.sums_q_reg[2][1][0][5]/Q
                         net (fo=2, routed)           0.204     2.313    u_top/u_core/u_b/u_b_core/core/core/l1/mac/mac/tree_stage[2].channel[1].node[0].pair.sums_q_reg[2][1][0][27]_0[5]
    SLICE_X82Y64         LUT2 (Prop_lut2_I0_O)        0.045     2.358 r  u_top/u_core/u_b/u_b_core/core/core/l1/mac/mac/tree_stage[3].channel[1].node[0].pair.sums_q[3][1][0][7]_i_4/O
                         net (fo=1, routed)           0.000     2.358    u_top_n_3407
    SLICE_X82Y64         CARRY4 (Prop_carry4_S[1]_O[1])
                                                      0.065     2.423 r  mac/mac/tree_stage[3].channel[1].node[0].pair.sums_q_reg[3][1][0][7]_i_1/O[1]
                         net (fo=1, routed)           0.000     2.423    u_top/u_core/u_b/u_b_core/core/core/l1/mac/mac/tree_stage[3].channel[1].node[0].pair.sums_q_reg[3][1][0][27]_2[5]
    SLICE_X82Y64         FDRE                                         r  u_top/u_core/u_b/u_b_core/core/core/l1/mac/mac/tree_stage[3].channel[1].node[0].pair.sums_q_reg[3][1][0][5]/D
  -------------------------------------------------------------------    -------------------

                         (clock u_top_n_1388 rise edge)
                                                      0.000     0.000 r  
    W19                                               0.000     0.000 r  sys_clk (IN)
                         net (fo=0)                   0.000     0.000    sys_clk
    W19                  IBUF (Prop_ibuf_I_O)         0.465     0.465 r  sys_clk_IBUF_inst/O
                         net (fo=1, routed)           0.480     0.945    u_top/sys_clk_IBUF
    MMCME2_ADV_X0Y2      MMCME2_ADV (Prop_mmcme2_adv_CLKIN1_CLKOUT0)
                                                      0.053     0.998 r  u_top/g_mmcm.u_mmcm/CLKOUT0
                         net (fo=1, routed)           0.595     1.593    u_top_n_1388
    BUFGCTRL_X0Y0        BUFG (Prop_bufg_I_O)         0.029     1.622 r  input_slot_reg[1][511]_i_3/O
                         net (fo=61850, routed)       0.900     2.521    u_top/u_core/u_b/u_b_core/core/core/l1/mac/mac/clk_200
    SLICE_X82Y64         FDRE                                         r  u_top/u_core/u_b/u_b_core/core/core/l1/mac/mac/tree_stage[3].channel[1].node[0].pair.sums_q_reg[3][1][0][5]/C
                         clock pessimism             -0.292     2.229    
    SLICE_X82Y64         FDRE (Hold_fdre_C_D)         0.105     2.334    u_top/u_core/u_b/u_b_core/core/core/l1/mac/mac/tree_stage[3].channel[1].node[0].pair.sums_q_reg[3][1][0][5]
  -------------------------------------------------------------------
                         required time                         -2.334    
                         arrival time                           2.423    
  -------------------------------------------------------------------
                         slack                                  0.089    

Slack (MET) :             0.089ns  (arrival time - required time)
  Source:                 u_top/u_core/u_b/u_b_core/core/core/l1/mac/mac/tree_stage[2].channel[1].node[0].pair.sums_q_reg[2][1][0][9]/C
                            (rising edge-triggered cell FDRE clocked by u_top_n_1388  {rise@0.000ns fall@2.500ns period=5.000ns})
  Destination:            u_top/u_core/u_b/u_b_core/core/core/l1/mac/mac/tree_stage[3].channel[1].node[0].pair.sums_q_reg[3][1][0][9]/D
                            (rising edge-triggered cell FDRE clocked by u_top_n_1388  {rise@0.000ns fall@2.500ns period=5.000ns})
  Path Group:             u_top_n_1388
  Path Type:              Hold (Min at Fast Process Corner)
  Requirement:            0.000ns  (u_top_n_1388 rise@0.000ns - u_top_n_1388 rise@0.000ns)
  Data Path Delay:        0.455ns  (logic 0.251ns (55.203%)  route 0.204ns (44.797%))
  Logic Levels:           2  (CARRY4=1 LUT2=1)
  Clock Path Skew:        0.261ns (DCD - SCD - CPR)
    Destination Clock Delay (DCD):    2.520ns
    Source Clock Delay      (SCD):    1.967ns
    Clock Pessimism Removal (CPR):    0.292ns

    Location             Delay type                Incr(ns)  Path(ns)    Netlist Resource(s)
  -------------------------------------------------------------------    -------------------
                         (clock u_top_n_1388 rise edge)
                                                      0.000     0.000 r  
    W19                                               0.000     0.000 r  sys_clk (IN)
                         net (fo=0)                   0.000     0.000    sys_clk
    W19                  IBUF (Prop_ibuf_I_O)         0.277     0.277 r  sys_clk_IBUF_inst/O
                         net (fo=1, routed)           0.440     0.717    u_top/sys_clk_IBUF
    MMCME2_ADV_X0Y2      MMCME2_ADV (Prop_mmcme2_adv_CLKIN1_CLKOUT0)
                                                      0.050     0.767 r  u_top/g_mmcm.u_mmcm/CLKOUT0
                         net (fo=1, routed)           0.545     1.312    u_top_n_1388
    BUFGCTRL_X0Y0        BUFG (Prop_bufg_I_O)         0.026     1.338 r  input_slot_reg[1][511]_i_3/O
                         net (fo=61850, routed)       0.629     1.967    u_top/u_core/u_b/u_b_core/core/core/l1/mac/mac/clk_200
    SLICE_X85Y62         FDRE                                         r  u_top/u_core/u_b/u_b_core/core/core/l1/mac/mac/tree_stage[2].channel[1].node[0].pair.sums_q_reg[2][1][0][9]/C
  -------------------------------------------------------------------    -------------------
    SLICE_X85Y62         FDRE (Prop_fdre_C_Q)         0.141     2.108 r  u_top/u_core/u_b/u_b_core/core/core/l1/mac/mac/tree_stage[2].channel[1].node[0].pair.sums_q_reg[2][1][0][9]/Q
                         net (fo=2, routed)           0.204     2.312    u_top/u_core/u_b/u_b_core/core/core/l1/mac/mac/tree_stage[2].channel[1].node[0].pair.sums_q_reg[2][1][0][27]_0[9]
    SLICE_X82Y65         LUT2 (Prop_lut2_I0_O)        0.045     2.357 r  u_top/u_core/u_b/u_b_core/core/core/l1/mac/mac/tree_stage[3].channel[1].node[0].pair.sums_q[3][1][0][11]_i_4/O
                         net (fo=1, routed)           0.000     2.357    u_top_n_3411
    SLICE_X82Y65         CARRY4 (Prop_carry4_S[1]_O[1])
                                                      0.065     2.422 r  mac/mac/tree_stage[3].channel[1].node[0].pair.sums_q_reg[3][1][0][11]_i_1/O[1]
                         net (fo=1, routed)           0.000     2.422    u_top/u_core/u_b/u_b_core/core/core/l1/mac/mac/tree_stage[3].channel[1].node[0].pair.sums_q_reg[3][1][0][27]_2[9]
    SLICE_X82Y65         FDRE                                         r  u_top/u_core/u_b/u_b_core/core/core/l1/mac/mac/tree_stage[3].channel[1].node[0].pair.sums_q_reg[3][1][0][9]/D
  -------------------------------------------------------------------    -------------------

                         (clock u_top_n_1388 rise edge)
                                                      0.000     0.000 r  
    W19                                               0.000     0.000 r  sys_clk (IN)
                         net (fo=0)                   0.000     0.000    sys_clk
    W19                  IBUF (Prop_ibuf_I_O)         0.465     0.465 r  sys_clk_IBUF_inst/O
                         net (fo=1, routed)           0.480     0.945    u_top/sys_clk_IBUF
    MMCME2_ADV_X0Y2      MMCME2_ADV (Prop_mmcme2_adv_CLKIN1_CLKOUT0)
                                                      0.053     0.998 r  u_top/g_mmcm.u_mmcm/CLKOUT0
                         net (fo=1, routed)           0.595     1.593    u_top_n_1388
    BUFGCTRL_X0Y0        BUFG (Prop_bufg_I_O)         0.029     1.622 r  input_slot_reg[1][511]_i_3/O
                         net (fo=61850, routed)       0.899     2.520    u_top/u_core/u_b/u_b_core/core/core/l1/mac/mac/clk_200
    SLICE_X82Y65         FDRE                                         r  u_top/u_core/u_b/u_b_core/core/core/l1/mac/mac/tree_stage[3].channel[1].node[0].pair.sums_q_reg[3][1][0][9]/C
                         clock pessimism             -0.292     2.228    
    SLICE_X82Y65         FDRE (Hold_fdre_C_D)         0.105     2.333    u_top/u_core/u_b/u_b_core/core/core/l1/mac/mac/tree_stage[3].channel[1].node[0].pair.sums_q_reg[3][1][0][9]
  -------------------------------------------------------------------
                         required time                         -2.333    
                         arrival time                           2.422    
  -------------------------------------------------------------------
                         slack                                  0.089    

Slack (MET) :             0.089ns  (arrival time - required time)
  Source:                 u_top/u_core/u_b/u_b_core/core/core/l5/gk.frontend/win/shift_reg[15][210]/C
                            (rising edge-triggered cell FDRE clocked by u_top_n_1388  {rise@0.000ns fall@2.500ns period=5.000ns})
  Destination:            u_top/u_core/u_b/u_b_core/core/core/l5/gk.frontend/fifo/g_wide_read.g_read_slice[63].mem_slice_reg_0_3_18_23/RAMA/I
                            (rising edge-triggered cell RAMD32 clocked by u_top_n_1388  {rise@0.000ns fall@2.500ns period=5.000ns})
  Path Group:             u_top_n_1388
  Path Type:              Hold (Min at Fast Process Corner)
  Requirement:            0.000ns  (u_top_n_1388 rise@0.000ns - u_top_n_1388 rise@0.000ns)
  Data Path Delay:        0.249ns  (logic 0.141ns (56.528%)  route 0.108ns (43.472%))
  Logic Levels:           0  
  Clock Path Skew:        0.013ns (DCD - SCD - CPR)
    Destination Clock Delay (DCD):    2.472ns
    Source Clock Delay      (SCD):    1.921ns
    Clock Pessimism Removal (CPR):    0.539ns

    Location             Delay type                Incr(ns)  Path(ns)    Netlist Resource(s)
  -------------------------------------------------------------------    -------------------
                         (clock u_top_n_1388 rise edge)
                                                      0.000     0.000 r  
    W19                                               0.000     0.000 r  sys_clk (IN)
                         net (fo=0)                   0.000     0.000    sys_clk
    W19                  IBUF (Prop_ibuf_I_O)         0.277     0.277 r  sys_clk_IBUF_inst/O
                         net (fo=1, routed)           0.440     0.717    u_top/sys_clk_IBUF
    MMCME2_ADV_X0Y2      MMCME2_ADV (Prop_mmcme2_adv_CLKIN1_CLKOUT0)
                                                      0.050     0.767 r  u_top/g_mmcm.u_mmcm/CLKOUT0
                         net (fo=1, routed)           0.545     1.312    u_top_n_1388
    BUFGCTRL_X0Y0        BUFG (Prop_bufg_I_O)         0.026     1.338 r  input_slot_reg[1][511]_i_3/O
                         net (fo=61850, routed)       0.583     1.921    u_top/u_core/u_b/u_b_core/core/core/l5/gk.frontend/win/clk_200
    SLICE_X117Y121       FDRE                                         r  u_top/u_core/u_b/u_b_core/core/core/l5/gk.frontend/win/shift_reg[15][210]/C
  -------------------------------------------------------------------    -------------------
    SLICE_X117Y121       FDRE (Prop_fdre_C_Q)         0.141     2.062 r  u_top/u_core/u_b/u_b_core/core/core/l5/gk.frontend/win/shift_reg[15][210]/Q
                         net (fo=1, routed)           0.108     2.170    u_top/u_core/u_b/u_b_core/core/core/l5/gk.frontend/fifo/g_wide_read.g_read_slice[63].mem_slice_reg_0_3_18_23/DIA0
    SLICE_X116Y122       RAMD32                                       r  u_top/u_core/u_b/u_b_core/core/core/l5/gk.frontend/fifo/g_wide_read.g_read_slice[63].mem_slice_reg_0_3_18_23/RAMA/I
  -------------------------------------------------------------------    -------------------

                         (clock u_top_n_1388 rise edge)
                                                      0.000     0.000 r  
    W19                                               0.000     0.000 r  sys_clk (IN)
                         net (fo=0)                   0.000     0.000    sys_clk
    W19                  IBUF (Prop_ibuf_I_O)         0.465     0.465 r  sys_clk_IBUF_inst/O
                         net (fo=1, routed)           0.480     0.945    u_top/sys_clk_IBUF
    MMCME2_ADV_X0Y2      MMCME2_ADV (Prop_mmcme2_adv_CLKIN1_CLKOUT0)
                                                      0.053     0.998 r  u_top/g_mmcm.u_mmcm/CLKOUT0
                         net (fo=1, routed)           0.595     1.593    u_top_n_1388
    BUFGCTRL_X0Y0        BUFG (Prop_bufg_I_O)         0.029     1.622 r  input_slot_reg[1][511]_i_3/O
                         net (fo=61850, routed)       0.851     2.472    u_top/u_core/u_b/u_b_core/core/core/l5/gk.frontend/fifo/g_wide_read.g_read_slice[63].mem_slice_reg_0_3_18_23/WCLK
    SLICE_X116Y122       RAMD32                                       r  u_top/u_core/u_b/u_b_core/core/core/l5/gk.frontend/fifo/g_wide_read.g_read_slice[63].mem_slice_reg_0_3_18_23/RAMA/CLK
                         clock pessimism             -0.539     1.934    
    SLICE_X116Y122       RAMD32 (Hold_ramd32_CLK_I)
                                                      0.147     2.081    u_top/u_core/u_b/u_b_core/core/core/l5/gk.frontend/fifo/g_wide_read.g_read_slice[63].mem_slice_reg_0_3_18_23/RAMA
  -------------------------------------------------------------------
                         required time                         -2.081    
                         arrival time                           2.170    
  -------------------------------------------------------------------
                         slack                                  0.089    

Slack (MET) :             0.090ns  (arrival time - required time)
  Source:                 u_top/u_core/u_b/u_b_core/core/core/l1/mac/mac/tree_stage[2].channel[1].node[0].pair.sums_q_reg[2][1][0][17]/C
                            (rising edge-triggered cell FDRE clocked by u_top_n_1388  {rise@0.000ns fall@2.500ns period=5.000ns})
  Destination:            u_top/u_core/u_b/u_b_core/core/core/l1/mac/mac/tree_stage[3].channel[1].node[0].pair.sums_q_reg[3][1][0][17]/D
                            (rising edge-triggered cell FDRE clocked by u_top_n_1388  {rise@0.000ns fall@2.500ns period=5.000ns})
  Path Group:             u_top_n_1388
  Path Type:              Hold (Min at Fast Process Corner)
  Requirement:            0.000ns  (u_top_n_1388 rise@0.000ns - u_top_n_1388 rise@0.000ns)
  Data Path Delay:        0.455ns  (logic 0.251ns (55.203%)  route 0.204ns (44.797%))
  Logic Levels:           2  (CARRY4=1 LUT2=1)
  Clock Path Skew:        0.260ns (DCD - SCD - CPR)
    Destination Clock Delay (DCD):    2.518ns
    Source Clock Delay      (SCD):    1.966ns
    Clock Pessimism Removal (CPR):    0.292ns

    Location             Delay type                Incr(ns)  Path(ns)    Netlist Resource(s)
  -------------------------------------------------------------------    -------------------
                         (clock u_top_n_1388 rise edge)
                                                      0.000     0.000 r  
    W19                                               0.000     0.000 r  sys_clk (IN)
                         net (fo=0)                   0.000     0.000    sys_clk
    W19                  IBUF (Prop_ibuf_I_O)         0.277     0.277 r  sys_clk_IBUF_inst/O
                         net (fo=1, routed)           0.440     0.717    u_top/sys_clk_IBUF
    MMCME2_ADV_X0Y2      MMCME2_ADV (Prop_mmcme2_adv_CLKIN1_CLKOUT0)
                                                      0.050     0.767 r  u_top/g_mmcm.u_mmcm/CLKOUT0
                         net (fo=1, routed)           0.545     1.312    u_top_n_1388
    BUFGCTRL_X0Y0        BUFG (Prop_bufg_I_O)         0.026     1.338 r  input_slot_reg[1][511]_i_3/O
                         net (fo=61850, routed)       0.628     1.966    u_top/u_core/u_b/u_b_core/core/core/l1/mac/mac/clk_200
    SLICE_X85Y64         FDRE                                         r  u_top/u_core/u_b/u_b_core/core/core/l1/mac/mac/tree_stage[2].channel[1].node[0].pair.sums_q_reg[2][1][0][17]/C
  -------------------------------------------------------------------    -------------------
    SLICE_X85Y64         FDRE (Prop_fdre_C_Q)         0.141     2.107 r  u_top/u_core/u_b/u_b_core/core/core/l1/mac/mac/tree_stage[2].channel[1].node[0].pair.sums_q_reg[2][1][0][17]/Q
                         net (fo=2, routed)           0.204     2.311    u_top/u_core/u_b/u_b_core/core/core/l1/mac/mac/tree_stage[2].channel[1].node[0].pair.sums_q_reg[2][1][0][27]_0[17]
    SLICE_X82Y67         LUT2 (Prop_lut2_I0_O)        0.045     2.356 r  u_top/u_core/u_b/u_b_core/core/core/l1/mac/mac/tree_stage[3].channel[1].node[0].pair.sums_q[3][1][0][19]_i_4/O
                         net (fo=1, routed)           0.000     2.356    u_top_n_3419
    SLICE_X82Y67         CARRY4 (Prop_carry4_S[1]_O[1])
                                                      0.065     2.421 r  mac/mac/tree_stage[3].channel[1].node[0].pair.sums_q_reg[3][1][0][19]_i_1/O[1]
                         net (fo=1, routed)           0.000     2.421    u_top/u_core/u_b/u_b_core/core/core/l1/mac/mac/tree_stage[3].channel[1].node[0].pair.sums_q_reg[3][1][0][27]_2[17]
    SLICE_X82Y67         FDRE                                         r  u_top/u_core/u_b/u_b_core/core/core/l1/mac/mac/tree_stage[3].channel[1].node[0].pair.sums_q_reg[3][1][0][17]/D
  -------------------------------------------------------------------    -------------------

                         (clock u_top_n_1388 rise edge)
                                                      0.000     0.000 r  
    W19                                               0.000     0.000 r  sys_clk (IN)
                         net (fo=0)                   0.000     0.000    sys_clk
    W19                  IBUF (Prop_ibuf_I_O)         0.465     0.465 r  sys_clk_IBUF_inst/O
                         net (fo=1, routed)           0.480     0.945    u_top/sys_clk_IBUF
    MMCME2_ADV_X0Y2      MMCME2_ADV (Prop_mmcme2_adv_CLKIN1_CLKOUT0)
                                                      0.053     0.998 r  u_top/g_mmcm.u_mmcm/CLKOUT0
                         net (fo=1, routed)           0.595     1.593    u_top_n_1388
    BUFGCTRL_X0Y0        BUFG (Prop_bufg_I_O)         0.029     1.622 r  input_slot_reg[1][511]_i_3/O
                         net (fo=61850, routed)       0.897     2.518    u_top/u_core/u_b/u_b_core/core/core/l1/mac/mac/clk_200
    SLICE_X82Y67         FDRE                                         r  u_top/u_core/u_b/u_b_core/core/core/l1/mac/mac/tree_stage[3].channel[1].node[0].pair.sums_q_reg[3][1][0][17]/C
                         clock pessimism             -0.292     2.226    
    SLICE_X82Y67         FDRE (Hold_fdre_C_D)         0.105     2.331    u_top/u_core/u_b/u_b_core/core/core/l1/mac/mac/tree_stage[3].channel[1].node[0].pair.sums_q_reg[3][1][0][17]
  -------------------------------------------------------------------
                         required time                         -2.331    
                         arrival time                           2.421    
  -------------------------------------------------------------------
                         slack                                  0.090    

Slack (MET) :             0.090ns  (arrival time - required time)
  Source:                 u_top/u_core/u_b/u_b_core/core/core/l3/gk.frontend/win/shift_reg[8][108]/C
                            (rising edge-triggered cell FDRE clocked by u_top_n_1388  {rise@0.000ns fall@2.500ns period=5.000ns})
  Destination:            u_top/u_core/u_b/u_b_core/core/core/l3/gk.frontend/fifo/g_wide_read.g_read_slice[17].mem_slice_reg_0_3_42_47/RAMB/I
                            (rising edge-triggered cell RAMD32 clocked by u_top_n_1388  {rise@0.000ns fall@2.500ns period=5.000ns})
  Path Group:             u_top_n_1388
  Path Type:              Hold (Min at Fast Process Corner)
  Requirement:            0.000ns  (u_top_n_1388 rise@0.000ns - u_top_n_1388 rise@0.000ns)
  Data Path Delay:        0.273ns  (logic 0.141ns (51.693%)  route 0.132ns (48.307%))
  Logic Levels:           0  
  Clock Path Skew:        0.037ns (DCD - SCD - CPR)
    Destination Clock Delay (DCD):    2.476ns
    Source Clock Delay      (SCD):    1.922ns
    Clock Pessimism Removal (CPR):    0.518ns

    Location             Delay type                Incr(ns)  Path(ns)    Netlist Resource(s)
  -------------------------------------------------------------------    -------------------
                         (clock u_top_n_1388 rise edge)
                                                      0.000     0.000 r  
    W19                                               0.000     0.000 r  sys_clk (IN)
                         net (fo=0)                   0.000     0.000    sys_clk
    W19                  IBUF (Prop_ibuf_I_O)         0.277     0.277 r  sys_clk_IBUF_inst/O
                         net (fo=1, routed)           0.440     0.717    u_top/sys_clk_IBUF
    MMCME2_ADV_X0Y2      MMCME2_ADV (Prop_mmcme2_adv_CLKIN1_CLKOUT0)
                                                      0.050     0.767 r  u_top/g_mmcm.u_mmcm/CLKOUT0
                         net (fo=1, routed)           0.545     1.312    u_top_n_1388
    BUFGCTRL_X0Y0        BUFG (Prop_bufg_I_O)         0.026     1.338 r  input_slot_reg[1][511]_i_3/O
                         net (fo=61850, routed)       0.584     1.922    u_top/u_core/u_b/u_b_core/core/core/l3/gk.frontend/win/clk_200
    SLICE_X54Y108        FDRE                                         r  u_top/u_core/u_b/u_b_core/core/core/l3/gk.frontend/win/shift_reg[8][108]/C
  -------------------------------------------------------------------    -------------------
    SLICE_X54Y108        FDRE (Prop_fdre_C_Q)         0.141     2.063 r  u_top/u_core/u_b/u_b_core/core/core/l3/gk.frontend/win/shift_reg[8][108]/Q
                         net (fo=2, routed)           0.132     2.194    u_top/u_core/u_b/u_b_core/core/core/l3/gk.frontend/fifo/g_wide_read.g_read_slice[17].mem_slice_reg_0_3_42_47/DIB0
    SLICE_X52Y108        RAMD32                                       r  u_top/u_core/u_b/u_b_core/core/core/l3/gk.frontend/fifo/g_wide_read.g_read_slice[17].mem_slice_reg_0_3_42_47/RAMB/I
  -------------------------------------------------------------------    -------------------

                         (clock u_top_n_1388 rise edge)
                                                      0.000     0.000 r  
    W19                                               0.000     0.000 r  sys_clk (IN)
                         net (fo=0)                   0.000     0.000    sys_clk
    W19                  IBUF (Prop_ibuf_I_O)         0.465     0.465 r  sys_clk_IBUF_inst/O
                         net (fo=1, routed)           0.480     0.945    u_top/sys_clk_IBUF
    MMCME2_ADV_X0Y2      MMCME2_ADV (Prop_mmcme2_adv_CLKIN1_CLKOUT0)
                                                      0.053     0.998 r  u_top/g_mmcm.u_mmcm/CLKOUT0
                         net (fo=1, routed)           0.595     1.593    u_top_n_1388
    BUFGCTRL_X0Y0        BUFG (Prop_bufg_I_O)         0.029     1.622 r  input_slot_reg[1][511]_i_3/O
                         net (fo=61850, routed)       0.855     2.476    u_top/u_core/u_b/u_b_core/core/core/l3/gk.frontend/fifo/g_wide_read.g_read_slice[17].mem_slice_reg_0_3_42_47/WCLK
    SLICE_X52Y108        RAMD32                                       r  u_top/u_core/u_b/u_b_core/core/core/l3/gk.frontend/fifo/g_wide_read.g_read_slice[17].mem_slice_reg_0_3_42_47/RAMB/CLK
                         clock pessimism             -0.518     1.959    
    SLICE_X52Y108        RAMD32 (Hold_ramd32_CLK_I)
                                                      0.146     2.105    u_top/u_core/u_b/u_b_core/core/core/l3/gk.frontend/fifo/g_wide_read.g_read_slice[17].mem_slice_reg_0_3_42_47/RAMB
  -------------------------------------------------------------------
                         required time                         -2.105    
                         arrival time                           2.194    
  -------------------------------------------------------------------
                         slack                                  0.090    

Slack (MET) :             0.091ns  (arrival time - required time)
  Source:                 u_top/u_core/u_b/u_b_core/core/core/l5/gk.frontend/win/shift_reg[17][142]/C
                            (rising edge-triggered cell FDRE clocked by u_top_n_1388  {rise@0.000ns fall@2.500ns period=5.000ns})
  Destination:            u_top/u_core/u_b/u_b_core/core/core/l5/gk.frontend/fifo/g_wide_read.g_read_slice[70].mem_slice_reg_0_3_12_17/RAMB/I
                            (rising edge-triggered cell RAMD32 clocked by u_top_n_1388  {rise@0.000ns fall@2.500ns period=5.000ns})
  Path Group:             u_top_n_1388
  Path Type:              Hold (Min at Fast Process Corner)
  Requirement:            0.000ns  (u_top_n_1388 rise@0.000ns - u_top_n_1388 rise@0.000ns)
  Data Path Delay:        0.250ns  (logic 0.141ns (56.512%)  route 0.109ns (43.488%))
  Logic Levels:           0  
  Clock Path Skew:        0.013ns (DCD - SCD - CPR)
    Destination Clock Delay (DCD):    2.474ns
    Source Clock Delay      (SCD):    1.923ns
    Clock Pessimism Removal (CPR):    0.539ns

    Location             Delay type                Incr(ns)  Path(ns)    Netlist Resource(s)
  -------------------------------------------------------------------    -------------------
                         (clock u_top_n_1388 rise edge)
                                                      0.000     0.000 r  
    W19                                               0.000     0.000 r  sys_clk (IN)
                         net (fo=0)                   0.000     0.000    sys_clk
    W19                  IBUF (Prop_ibuf_I_O)         0.277     0.277 r  sys_clk_IBUF_inst/O
                         net (fo=1, routed)           0.440     0.717    u_top/sys_clk_IBUF
    MMCME2_ADV_X0Y2      MMCME2_ADV (Prop_mmcme2_adv_CLKIN1_CLKOUT0)
                                                      0.050     0.767 r  u_top/g_mmcm.u_mmcm/CLKOUT0
                         net (fo=1, routed)           0.545     1.312    u_top_n_1388
    BUFGCTRL_X0Y0        BUFG (Prop_bufg_I_O)         0.026     1.338 r  input_slot_reg[1][511]_i_3/O
                         net (fo=61850, routed)       0.585     1.923    u_top/u_core/u_b/u_b_core/core/core/l5/gk.frontend/win/clk_200
    SLICE_X115Y118       FDRE                                         r  u_top/u_core/u_b/u_b_core/core/core/l5/gk.frontend/win/shift_reg[17][142]/C
  -------------------------------------------------------------------    -------------------
    SLICE_X115Y118       FDRE (Prop_fdre_C_Q)         0.141     2.064 r  u_top/u_core/u_b/u_b_core/core/core/l5/gk.frontend/win/shift_reg[17][142]/Q
                         net (fo=2, routed)           0.109     2.172    u_top/u_core/u_b/u_b_core/core/core/l5/gk.frontend/fifo/g_wide_read.g_read_slice[70].mem_slice_reg_0_3_12_17/DIB0
    SLICE_X112Y119       RAMD32                                       r  u_top/u_core/u_b/u_b_core/core/core/l5/gk.frontend/fifo/g_wide_read.g_read_slice[70].mem_slice_reg_0_3_12_17/RAMB/I
  -------------------------------------------------------------------    -------------------

                         (clock u_top_n_1388 rise edge)
                                                      0.000     0.000 r  
    W19                                               0.000     0.000 r  sys_clk (IN)
                         net (fo=0)                   0.000     0.000    sys_clk
    W19                  IBUF (Prop_ibuf_I_O)         0.465     0.465 r  sys_clk_IBUF_inst/O
                         net (fo=1, routed)           0.480     0.945    u_top/sys_clk_IBUF
    MMCME2_ADV_X0Y2      MMCME2_ADV (Prop_mmcme2_adv_CLKIN1_CLKOUT0)
                                                      0.053     0.998 r  u_top/g_mmcm.u_mmcm/CLKOUT0
                         net (fo=1, routed)           0.595     1.593    u_top_n_1388
    BUFGCTRL_X0Y0        BUFG (Prop_bufg_I_O)         0.029     1.622 r  input_slot_reg[1][511]_i_3/O
                         net (fo=61850, routed)       0.853     2.474    u_top/u_core/u_b/u_b_core/core/core/l5/gk.frontend/fifo/g_wide_read.g_read_slice[70].mem_slice_reg_0_3_12_17/WCLK
    SLICE_X112Y119       RAMD32                                       r  u_top/u_core/u_b/u_b_core/core/core/l5/gk.frontend/fifo/g_wide_read.g_read_slice[70].mem_slice_reg_0_3_12_17/RAMB/CLK
                         clock pessimism             -0.539     1.936    
    SLICE_X112Y119       RAMD32 (Hold_ramd32_CLK_I)
                                                      0.146     2.082    u_top/u_core/u_b/u_b_core/core/core/l5/gk.frontend/fifo/g_wide_read.g_read_slice[70].mem_slice_reg_0_3_12_17/RAMB
  -------------------------------------------------------------------
                         required time                         -2.082    
                         arrival time                           2.172    
  -------------------------------------------------------------------
                         slack                                  0.091    

Slack (MET) :             0.091ns  (arrival time - required time)
  Source:                 u_top/u_core/u_b/u_b_core/core/core/l1/mac/mac/tree_stage[2].channel[1].node[0].pair.sums_q_reg[2][1][0][21]/C
                            (rising edge-triggered cell FDRE clocked by u_top_n_1388  {rise@0.000ns fall@2.500ns period=5.000ns})
  Destination:            u_top/u_core/u_b/u_b_core/core/core/l1/mac/mac/tree_stage[3].channel[1].node[0].pair.sums_q_reg[3][1][0][21]/D
                            (rising edge-triggered cell FDRE clocked by u_top_n_1388  {rise@0.000ns fall@2.500ns period=5.000ns})
  Path Group:             u_top_n_1388
  Path Type:              Hold (Min at Fast Process Corner)
  Requirement:            0.000ns  (u_top_n_1388 rise@0.000ns - u_top_n_1388 rise@0.000ns)
  Data Path Delay:        0.455ns  (logic 0.251ns (55.203%)  route 0.204ns (44.797%))
  Logic Levels:           2  (CARRY4=1 LUT2=1)
  Clock Path Skew:        0.259ns (DCD - SCD - CPR)
    Destination Clock Delay (DCD):    2.517ns
    Source Clock Delay      (SCD):    1.966ns
    Clock Pessimism Removal (CPR):    0.292ns

    Location             Delay type                Incr(ns)  Path(ns)    Netlist Resource(s)
  -------------------------------------------------------------------    -------------------
                         (clock u_top_n_1388 rise edge)
                                                      0.000     0.000 r  
    W19                                               0.000     0.000 r  sys_clk (IN)
                         net (fo=0)                   0.000     0.000    sys_clk
    W19                  IBUF (Prop_ibuf_I_O)         0.277     0.277 r  sys_clk_IBUF_inst/O
                         net (fo=1, routed)           0.440     0.717    u_top/sys_clk_IBUF
    MMCME2_ADV_X0Y2      MMCME2_ADV (Prop_mmcme2_adv_CLKIN1_CLKOUT0)
                                                      0.050     0.767 r  u_top/g_mmcm.u_mmcm/CLKOUT0
                         net (fo=1, routed)           0.545     1.312    u_top_n_1388
    BUFGCTRL_X0Y0        BUFG (Prop_bufg_I_O)         0.026     1.338 r  input_slot_reg[1][511]_i_3/O
                         net (fo=61850, routed)       0.628     1.966    u_top/u_core/u_b/u_b_core/core/core/l1/mac/mac/clk_200
    SLICE_X85Y65         FDRE                                         r  u_top/u_core/u_b/u_b_core/core/core/l1/mac/mac/tree_stage[2].channel[1].node[0].pair.sums_q_reg[2][1][0][21]/C
  -------------------------------------------------------------------    -------------------
    SLICE_X85Y65         FDRE (Prop_fdre_C_Q)         0.141     2.107 r  u_top/u_core/u_b/u_b_core/core/core/l1/mac/mac/tree_stage[2].channel[1].node[0].pair.sums_q_reg[2][1][0][21]/Q
                         net (fo=2, routed)           0.204     2.311    u_top/u_core/u_b/u_b_core/core/core/l1/mac/mac/tree_stage[2].channel[1].node[0].pair.sums_q_reg[2][1][0][27]_0[21]
    SLICE_X82Y68         LUT2 (Prop_lut2_I0_O)        0.045     2.356 r  u_top/u_core/u_b/u_b_core/core/core/l1/mac/mac/tree_stage[3].channel[1].node[0].pair.sums_q[3][1][0][23]_i_4/O
                         net (fo=1, routed)           0.000     2.356    u_top_n_3423
    SLICE_X82Y68         CARRY4 (Prop_carry4_S[1]_O[1])
                                                      0.065     2.421 r  mac/mac/tree_stage[3].channel[1].node[0].pair.sums_q_reg[3][1][0][23]_i_1/O[1]
                         net (fo=1, routed)           0.000     2.421    u_top/u_core/u_b/u_b_core/core/core/l1/mac/mac/tree_stage[3].channel[1].node[0].pair.sums_q_reg[3][1][0][27]_2[21]
    SLICE_X82Y68         FDRE                                         r  u_top/u_core/u_b/u_b_core/core/core/l1/mac/mac/tree_stage[3].channel[1].node[0].pair.sums_q_reg[3][1][0][21]/D
  -------------------------------------------------------------------    -------------------

                         (clock u_top_n_1388 rise edge)
                                                      0.000     0.000 r  
    W19                                               0.000     0.000 r  sys_clk (IN)
                         net (fo=0)                   0.000     0.000    sys_clk
    W19                  IBUF (Prop_ibuf_I_O)         0.465     0.465 r  sys_clk_IBUF_inst/O
                         net (fo=1, routed)           0.480     0.945    u_top/sys_clk_IBUF
    MMCME2_ADV_X0Y2      MMCME2_ADV (Prop_mmcme2_adv_CLKIN1_CLKOUT0)
                                                      0.053     0.998 r  u_top/g_mmcm.u_mmcm/CLKOUT0
                         net (fo=1, routed)           0.595     1.593    u_top_n_1388
    BUFGCTRL_X0Y0        BUFG (Prop_bufg_I_O)         0.029     1.622 r  input_slot_reg[1][511]_i_3/O
                         net (fo=61850, routed)       0.896     2.517    u_top/u_core/u_b/u_b_core/core/core/l1/mac/mac/clk_200
    SLICE_X82Y68         FDRE                                         r  u_top/u_core/u_b/u_b_core/core/core/l1/mac/mac/tree_stage[3].channel[1].node[0].pair.sums_q_reg[3][1][0][21]/C
                         clock pessimism             -0.292     2.225    
    SLICE_X82Y68         FDRE (Hold_fdre_C_D)         0.105     2.330    u_top/u_core/u_b/u_b_core/core/core/l1/mac/mac/tree_stage[3].channel[1].node[0].pair.sums_q_reg[3][1][0][21]
  -------------------------------------------------------------------
                         required time                         -2.330    
                         arrival time                           2.421    
  -------------------------------------------------------------------
                         slack                                  0.091    

Slack (MET) :             0.091ns  (arrival time - required time)
  Source:                 u_top/u_core/u_b/u_b_core/core/core/l1/mac/mac/tree_stage[2].channel[1].node[0].pair.sums_q_reg[2][1][0][25]/C
                            (rising edge-triggered cell FDRE clocked by u_top_n_1388  {rise@0.000ns fall@2.500ns period=5.000ns})
  Destination:            u_top/u_core/u_b/u_b_core/core/core/l1/mac/mac/tree_stage[3].channel[1].node[0].pair.sums_q_reg[3][1][0][25]/D
                            (rising edge-triggered cell FDRE clocked by u_top_n_1388  {rise@0.000ns fall@2.500ns period=5.000ns})
  Path Group:             u_top_n_1388
  Path Type:              Hold (Min at Fast Process Corner)
  Requirement:            0.000ns  (u_top_n_1388 rise@0.000ns - u_top_n_1388 rise@0.000ns)
  Data Path Delay:        0.455ns  (logic 0.251ns (55.203%)  route 0.204ns (44.797%))
  Logic Levels:           2  (CARRY4=1 LUT2=1)
  Clock Path Skew:        0.259ns (DCD - SCD - CPR)
    Destination Clock Delay (DCD):    2.516ns
    Source Clock Delay      (SCD):    1.965ns
    Clock Pessimism Removal (CPR):    0.292ns

    Location             Delay type                Incr(ns)  Path(ns)    Netlist Resource(s)
  -------------------------------------------------------------------    -------------------
                         (clock u_top_n_1388 rise edge)
                                                      0.000     0.000 r  
    W19                                               0.000     0.000 r  sys_clk (IN)
                         net (fo=0)                   0.000     0.000    sys_clk
    W19                  IBUF (Prop_ibuf_I_O)         0.277     0.277 r  sys_clk_IBUF_inst/O
                         net (fo=1, routed)           0.440     0.717    u_top/sys_clk_IBUF
    MMCME2_ADV_X0Y2      MMCME2_ADV (Prop_mmcme2_adv_CLKIN1_CLKOUT0)
                                                      0.050     0.767 r  u_top/g_mmcm.u_mmcm/CLKOUT0
                         net (fo=1, routed)           0.545     1.312    u_top_n_1388
    BUFGCTRL_X0Y0        BUFG (Prop_bufg_I_O)         0.026     1.338 r  input_slot_reg[1][511]_i_3/O
                         net (fo=61850, routed)       0.627     1.965    u_top/u_core/u_b/u_b_core/core/core/l1/mac/mac/clk_200
    SLICE_X85Y66         FDRE                                         r  u_top/u_core/u_b/u_b_core/core/core/l1/mac/mac/tree_stage[2].channel[1].node[0].pair.sums_q_reg[2][1][0][25]/C
  -------------------------------------------------------------------    -------------------
    SLICE_X85Y66         FDRE (Prop_fdre_C_Q)         0.141     2.106 r  u_top/u_core/u_b/u_b_core/core/core/l1/mac/mac/tree_stage[2].channel[1].node[0].pair.sums_q_reg[2][1][0][25]/Q
                         net (fo=2, routed)           0.204     2.310    u_top/u_core/u_b/u_b_core/core/core/l1/mac/mac/tree_stage[2].channel[1].node[0].pair.sums_q_reg[2][1][0][27]_0[25]
    SLICE_X82Y69         LUT2 (Prop_lut2_I0_O)        0.045     2.355 r  u_top/u_core/u_b/u_b_core/core/core/l1/mac/mac/tree_stage[3].channel[1].node[0].pair.sums_q[3][1][0][27]_i_4/O
                         net (fo=1, routed)           0.000     2.355    u_top_n_3427
    SLICE_X82Y69         CARRY4 (Prop_carry4_S[1]_O[1])
                                                      0.065     2.420 r  mac/mac/tree_stage[3].channel[1].node[0].pair.sums_q_reg[3][1][0][27]_i_1/O[1]
                         net (fo=1, routed)           0.000     2.420    u_top/u_core/u_b/u_b_core/core/core/l1/mac/mac/tree_stage[3].channel[1].node[0].pair.sums_q_reg[3][1][0][27]_2[25]
    SLICE_X82Y69         FDRE                                         r  u_top/u_core/u_b/u_b_core/core/core/l1/mac/mac/tree_stage[3].channel[1].node[0].pair.sums_q_reg[3][1][0][25]/D
  -------------------------------------------------------------------    -------------------

                         (clock u_top_n_1388 rise edge)
                                                      0.000     0.000 r  
    W19                                               0.000     0.000 r  sys_clk (IN)
                         net (fo=0)                   0.000     0.000    sys_clk
    W19                  IBUF (Prop_ibuf_I_O)         0.465     0.465 r  sys_clk_IBUF_inst/O
                         net (fo=1, routed)           0.480     0.945    u_top/sys_clk_IBUF
    MMCME2_ADV_X0Y2      MMCME2_ADV (Prop_mmcme2_adv_CLKIN1_CLKOUT0)
                                                      0.053     0.998 r  u_top/g_mmcm.u_mmcm/CLKOUT0
                         net (fo=1, routed)           0.595     1.593    u_top_n_1388
    BUFGCTRL_X0Y0        BUFG (Prop_bufg_I_O)         0.029     1.622 r  input_slot_reg[1][511]_i_3/O
                         net (fo=61850, routed)       0.895     2.516    u_top/u_core/u_b/u_b_core/core/core/l1/mac/mac/clk_200
    SLICE_X82Y69         FDRE                                         r  u_top/u_core/u_b/u_b_core/core/core/l1/mac/mac/tree_stage[3].channel[1].node[0].pair.sums_q_reg[3][1][0][25]/C
                         clock pessimism             -0.292     2.224    
    SLICE_X82Y69         FDRE (Hold_fdre_C_D)         0.105     2.329    u_top/u_core/u_b/u_b_core/core/core/l1/mac/mac/tree_stage[3].channel[1].node[0].pair.sums_q_reg[3][1][0][25]
  -------------------------------------------------------------------
                         required time                         -2.329    
                         arrival time                           2.420    
  -------------------------------------------------------------------
                         slack                                  0.091    

Slack (MET) :             0.091ns  (arrival time - required time)
  Source:                 u_top/u_core/u_b/u_b_core/core/core/l1/mac/mac/tree_stage[2].channel[1].node[0].pair.sums_q_reg[2][1][0][29]/C
                            (rising edge-triggered cell FDRE clocked by u_top_n_1388  {rise@0.000ns fall@2.500ns period=5.000ns})
  Destination:            u_top/u_core/u_b/u_b_core/core/core/l1/mac/mac/tree_stage[3].channel[1].node[0].pair.sums_q_reg[3][1][0][29]/D
                            (rising edge-triggered cell FDRE clocked by u_top_n_1388  {rise@0.000ns fall@2.500ns period=5.000ns})
  Path Group:             u_top_n_1388
  Path Type:              Hold (Min at Fast Process Corner)
  Requirement:            0.000ns  (u_top_n_1388 rise@0.000ns - u_top_n_1388 rise@0.000ns)
  Data Path Delay:        0.455ns  (logic 0.251ns (55.203%)  route 0.204ns (44.797%))
  Logic Levels:           2  (CARRY4=1 LUT2=1)
  Clock Path Skew:        0.259ns (DCD - SCD - CPR)
    Destination Clock Delay (DCD):    2.515ns
    Source Clock Delay      (SCD):    1.964ns
    Clock Pessimism Removal (CPR):    0.292ns

    Location             Delay type                Incr(ns)  Path(ns)    Netlist Resource(s)
  -------------------------------------------------------------------    -------------------
                         (clock u_top_n_1388 rise edge)
                                                      0.000     0.000 r  
    W19                                               0.000     0.000 r  sys_clk (IN)
                         net (fo=0)                   0.000     0.000    sys_clk
    W19                  IBUF (Prop_ibuf_I_O)         0.277     0.277 r  sys_clk_IBUF_inst/O
                         net (fo=1, routed)           0.440     0.717    u_top/sys_clk_IBUF
    MMCME2_ADV_X0Y2      MMCME2_ADV (Prop_mmcme2_adv_CLKIN1_CLKOUT0)
                                                      0.050     0.767 r  u_top/g_mmcm.u_mmcm/CLKOUT0
                         net (fo=1, routed)           0.545     1.312    u_top_n_1388
    BUFGCTRL_X0Y0        BUFG (Prop_bufg_I_O)         0.026     1.338 r  input_slot_reg[1][511]_i_3/O
                         net (fo=61850, routed)       0.626     1.964    u_top/u_core/u_b/u_b_core/core/core/l1/mac/mac/clk_200
    SLICE_X85Y67         FDRE                                         r  u_top/u_core/u_b/u_b_core/core/core/l1/mac/mac/tree_stage[2].channel[1].node[0].pair.sums_q_reg[2][1][0][29]/C
  -------------------------------------------------------------------    -------------------
    SLICE_X85Y67         FDRE (Prop_fdre_C_Q)         0.141     2.105 r  u_top/u_core/u_b/u_b_core/core/core/l1/mac/mac/tree_stage[2].channel[1].node[0].pair.sums_q_reg[2][1][0][29]/Q
                         net (fo=2, routed)           0.204     2.309    u_top/u_core/u_b/u_b_core/core/core/l1/mac/mac/tree_stage[2].channel[1].node[0].pair.sums_q_reg[2][1][0]_43[29]
    SLICE_X82Y70         LUT2 (Prop_lut2_I0_O)        0.045     2.354 r  u_top/u_core/u_b/u_b_core/core/core/l1/mac/mac/tree_stage[3].channel[1].node[0].pair.sums_q[3][1][0][31]_i_4/O
                         net (fo=1, routed)           0.000     2.354    u_top/u_core/u_b/u_b_core/core/core/l1/mac/mac/tree_stage[3].channel[1].node[0].pair.sums_q[3][1][0][31]_i_4_n_0
    SLICE_X82Y70         CARRY4 (Prop_carry4_S[1]_O[1])
                                                      0.065     2.419 r  u_top/u_core/u_b/u_b_core/core/core/l1/mac/mac/tree_stage[3].channel[1].node[0].pair.sums_q_reg[3][1][0][31]_i_1/O[1]
                         net (fo=1, routed)           0.000     2.419    u_top/u_core/u_b/u_b_core/core/core/l1/mac/mac/tree_stage[3].channel[1].node[0].pair.added[29]
    SLICE_X82Y70         FDRE                                         r  u_top/u_core/u_b/u_b_core/core/core/l1/mac/mac/tree_stage[3].channel[1].node[0].pair.sums_q_reg[3][1][0][29]/D
  -------------------------------------------------------------------    -------------------

                         (clock u_top_n_1388 rise edge)
                                                      0.000     0.000 r  
    W19                                               0.000     0.000 r  sys_clk (IN)
                         net (fo=0)                   0.000     0.000    sys_clk
    W19                  IBUF (Prop_ibuf_I_O)         0.465     0.465 r  sys_clk_IBUF_inst/O
                         net (fo=1, routed)           0.480     0.945    u_top/sys_clk_IBUF
    MMCME2_ADV_X0Y2      MMCME2_ADV (Prop_mmcme2_adv_CLKIN1_CLKOUT0)
                                                      0.053     0.998 r  u_top/g_mmcm.u_mmcm/CLKOUT0
                         net (fo=1, routed)           0.595     1.593    u_top_n_1388
    BUFGCTRL_X0Y0        BUFG (Prop_bufg_I_O)         0.029     1.622 r  input_slot_reg[1][511]_i_3/O
                         net (fo=61850, routed)       0.894     2.515    u_top/u_core/u_b/u_b_core/core/core/l1/mac/mac/clk_200
    SLICE_X82Y70         FDRE                                         r  u_top/u_core/u_b/u_b_core/core/core/l1/mac/mac/tree_stage[3].channel[1].node[0].pair.sums_q_reg[3][1][0][29]/C
                         clock pessimism             -0.292     2.223    
    SLICE_X82Y70         FDRE (Hold_fdre_C_D)         0.105     2.328    u_top/u_core/u_b/u_b_core/core/core/l1/mac/mac/tree_stage[3].channel[1].node[0].pair.sums_q_reg[3][1][0][29]
  -------------------------------------------------------------------
                         required time                         -2.328    
                         arrival time                           2.419    
  -------------------------------------------------------------------
                         slack                                  0.091    

Slack (MET) :             0.091ns  (arrival time - required time)
  Source:                 u_top/u_core/u_b/u_b_core/core/core/f23/wr_ptr_reg[3]/C
                            (rising edge-triggered cell FDRE clocked by u_top_n_1388  {rise@0.000ns fall@2.500ns period=5.000ns})
  Destination:            u_top/u_core/u_b/u_b_core/core/core/f23/g_narrow_read.mem_reg_0_31_42_47/RAMA/WADR3
                            (rising edge-triggered cell RAMD32 clocked by u_top_n_1388  {rise@0.000ns fall@2.500ns period=5.000ns})
  Path Group:             u_top_n_1388
  Path Type:              Hold (Min at Fast Process Corner)
  Requirement:            0.000ns  (u_top_n_1388 rise@0.000ns - u_top_n_1388 rise@0.000ns)
  Data Path Delay:        0.348ns  (logic 0.141ns (40.548%)  route 0.207ns (59.452%))
  Logic Levels:           0  
  Clock Path Skew:        0.017ns (DCD - SCD - CPR)
    Destination Clock Delay (DCD):    2.578ns
    Source Clock Delay      (SCD):    2.018ns
    Clock Pessimism Removal (CPR):    0.543ns

    Location             Delay type                Incr(ns)  Path(ns)    Netlist Resource(s)
  -------------------------------------------------------------------    -------------------
                         (clock u_top_n_1388 rise edge)
                                                      0.000     0.000 r  
    W19                                               0.000     0.000 r  sys_clk (IN)
                         net (fo=0)                   0.000     0.000    sys_clk
    W19                  IBUF (Prop_ibuf_I_O)         0.277     0.277 r  sys_clk_IBUF_inst/O
                         net (fo=1, routed)           0.440     0.717    u_top/sys_clk_IBUF
    MMCME2_ADV_X0Y2      MMCME2_ADV (Prop_mmcme2_adv_CLKIN1_CLKOUT0)
                                                      0.050     0.767 r  u_top/g_mmcm.u_mmcm/CLKOUT0
                         net (fo=1, routed)           0.545     1.312    u_top_n_1388
    BUFGCTRL_X0Y0        BUFG (Prop_bufg_I_O)         0.026     1.338 r  input_slot_reg[1][511]_i_3/O
                         net (fo=61850, routed)       0.680     2.018    u_top/u_core/u_b/u_b_core/core/core/f23/clk_200
    SLICE_X37Y87         FDRE                                         r  u_top/u_core/u_b/u_b_core/core/core/f23/wr_ptr_reg[3]/C
  -------------------------------------------------------------------    -------------------
    SLICE_X37Y87         FDRE (Prop_fdre_C_Q)         0.141     2.159 r  u_top/u_core/u_b/u_b_core/core/core/f23/wr_ptr_reg[3]/Q
                         net (fo=176, routed)         0.207     2.366    u_top/u_core/u_b/u_b_core/core/core/f23/g_narrow_read.mem_reg_0_31_42_47/ADDRD3
    SLICE_X36Y88         RAMD32                                       r  u_top/u_core/u_b/u_b_core/core/core/f23/g_narrow_read.mem_reg_0_31_42_47/RAMA/WADR3
  -------------------------------------------------------------------    -------------------

                         (clock u_top_n_1388 rise edge)
                                                      0.000     0.000 r  
    W19                                               0.000     0.000 r  sys_clk (IN)
                         net (fo=0)                   0.000     0.000    sys_clk
    W19                  IBUF (Prop_ibuf_I_O)         0.465     0.465 r  sys_clk_IBUF_inst/O
                         net (fo=1, routed)           0.480     0.945    u_top/sys_clk_IBUF
    MMCME2_ADV_X0Y2      MMCME2_ADV (Prop_mmcme2_adv_CLKIN1_CLKOUT0)
                                                      0.053     0.998 r  u_top/g_mmcm.u_mmcm/CLKOUT0
                         net (fo=1, routed)           0.595     1.593    u_top_n_1388
    BUFGCTRL_X0Y0        BUFG (Prop_bufg_I_O)         0.029     1.622 r  input_slot_reg[1][511]_i_3/O
                         net (fo=61850, routed)       0.957     2.578    u_top/u_core/u_b/u_b_core/core/core/f23/g_narrow_read.mem_reg_0_31_42_47/WCLK
    SLICE_X36Y88         RAMD32                                       r  u_top/u_core/u_b/u_b_core/core/core/f23/g_narrow_read.mem_reg_0_31_42_47/RAMA/CLK
                         clock pessimism             -0.543     2.035    
    SLICE_X36Y88         RAMD32 (Hold_ramd32_CLK_WADR3)
                                                      0.240     2.275    u_top/u_core/u_b/u_b_core/core/core/f23/g_narrow_read.mem_reg_0_31_42_47/RAMA
  -------------------------------------------------------------------
                         required time                         -2.275    
                         arrival time                           2.366    
  -------------------------------------------------------------------
                         slack                                  0.091    

Slack (MET) :             0.091ns  (arrival time - required time)
  Source:                 u_top/u_core/u_b/u_b_core/core/core/f23/wr_ptr_reg[3]/C
                            (rising edge-triggered cell FDRE clocked by u_top_n_1388  {rise@0.000ns fall@2.500ns period=5.000ns})
  Destination:            u_top/u_core/u_b/u_b_core/core/core/f23/g_narrow_read.mem_reg_0_31_42_47/RAMA_D1/WADR3
                            (rising edge-triggered cell RAMD32 clocked by u_top_n_1388  {rise@0.000ns fall@2.500ns period=5.000ns})
  Path Group:             u_top_n_1388
  Path Type:              Hold (Min at Fast Process Corner)
  Requirement:            0.000ns  (u_top_n_1388 rise@0.000ns - u_top_n_1388 rise@0.000ns)
  Data Path Delay:        0.348ns  (logic 0.141ns (40.548%)  route 0.207ns (59.452%))
  Logic Levels:           0  
  Clock Path Skew:        0.017ns (DCD - SCD - CPR)
    Destination Clock Delay (DCD):    2.578ns
    Source Clock Delay      (SCD):    2.018ns
    Clock Pessimism Removal (CPR):    0.543ns

    Location             Delay type                Incr(ns)  Path(ns)    Netlist Resource(s)
  -------------------------------------------------------------------    -------------------
                         (clock u_top_n_1388 rise edge)
                                                      0.000     0.000 r  
    W19                                               0.000     0.000 r  sys_clk (IN)
                         net (fo=0)                   0.000     0.000    sys_clk
    W19                  IBUF (Prop_ibuf_I_O)         0.277     0.277 r  sys_clk_IBUF_inst/O
                         net (fo=1, routed)           0.440     0.717    u_top/sys_clk_IBUF
    MMCME2_ADV_X0Y2      MMCME2_ADV (Prop_mmcme2_adv_CLKIN1_CLKOUT0)
                                                      0.050     0.767 r  u_top/g_mmcm.u_mmcm/CLKOUT0
                         net (fo=1, routed)           0.545     1.312    u_top_n_1388
    BUFGCTRL_X0Y0        BUFG (Prop_bufg_I_O)         0.026     1.338 r  input_slot_reg[1][511]_i_3/O
                         net (fo=61850, routed)       0.680     2.018    u_top/u_core/u_b/u_b_core/core/core/f23/clk_200
    SLICE_X37Y87         FDRE                                         r  u_top/u_core/u_b/u_b_core/core/core/f23/wr_ptr_reg[3]/C
  -------------------------------------------------------------------    -------------------
    SLICE_X37Y87         FDRE (Prop_fdre_C_Q)         0.141     2.159 r  u_top/u_core/u_b/u_b_core/core/core/f23/wr_ptr_reg[3]/Q
                         net (fo=176, routed)         0.207     2.366    u_top/u_core/u_b/u_b_core/core/core/f23/g_narrow_read.mem_reg_0_31_42_47/ADDRD3
    SLICE_X36Y88         RAMD32                                       r  u_top/u_core/u_b/u_b_core/core/core/f23/g_narrow_read.mem_reg_0_31_42_47/RAMA_D1/WADR3
  -------------------------------------------------------------------    -------------------

                         (clock u_top_n_1388 rise edge)
                                                      0.000     0.000 r  
    W19                                               0.000     0.000 r  sys_clk (IN)
                         net (fo=0)                   0.000     0.000    sys_clk
    W19                  IBUF (Prop_ibuf_I_O)         0.465     0.465 r  sys_clk_IBUF_inst/O
                         net (fo=1, routed)           0.480     0.945    u_top/sys_clk_IBUF
    MMCME2_ADV_X0Y2      MMCME2_ADV (Prop_mmcme2_adv_CLKIN1_CLKOUT0)
                                                      0.053     0.998 r  u_top/g_mmcm.u_mmcm/CLKOUT0
                         net (fo=1, routed)           0.595     1.593    u_top_n_1388
    BUFGCTRL_X0Y0        BUFG (Prop_bufg_I_O)         0.029     1.622 r  input_slot_reg[1][511]_i_3/O
                         net (fo=61850, routed)       0.957     2.578    u_top/u_core/u_b/u_b_core/core/core/f23/g_narrow_read.mem_reg_0_31_42_47/WCLK
    SLICE_X36Y88         RAMD32                                       r  u_top/u_core/u_b/u_b_core/core/core/f23/g_narrow_read.mem_reg_0_31_42_47/RAMA_D1/CLK
                         clock pessimism             -0.543     2.035    
    SLICE_X36Y88         RAMD32 (Hold_ramd32_CLK_WADR3)
                                                      0.240     2.275    u_top/u_core/u_b/u_b_core/core/core/f23/g_narrow_read.mem_reg_0_31_42_47/RAMA_D1
  -------------------------------------------------------------------
                         required time                         -2.275    
                         arrival time                           2.366    
  -------------------------------------------------------------------
                         slack                                  0.091    

Slack (MET) :             0.091ns  (arrival time - required time)
  Source:                 u_top/u_core/u_b/u_b_core/core/core/f23/wr_ptr_reg[3]/C
                            (rising edge-triggered cell FDRE clocked by u_top_n_1388  {rise@0.000ns fall@2.500ns period=5.000ns})
  Destination:            u_top/u_core/u_b/u_b_core/core/core/f23/g_narrow_read.mem_reg_0_31_42_47/RAMB/WADR3
                            (rising edge-triggered cell RAMD32 clocked by u_top_n_1388  {rise@0.000ns fall@2.500ns period=5.000ns})
  Path Group:             u_top_n_1388
  Path Type:              Hold (Min at Fast Process Corner)
  Requirement:            0.000ns  (u_top_n_1388 rise@0.000ns - u_top_n_1388 rise@0.000ns)
  Data Path Delay:        0.348ns  (logic 0.141ns (40.548%)  route 0.207ns (59.452%))
  Logic Levels:           0  
  Clock Path Skew:        0.017ns (DCD - SCD - CPR)
    Destination Clock Delay (DCD):    2.578ns
    Source Clock Delay      (SCD):    2.018ns
    Clock Pessimism Removal (CPR):    0.543ns

    Location             Delay type                Incr(ns)  Path(ns)    Netlist Resource(s)
  -------------------------------------------------------------------    -------------------
                         (clock u_top_n_1388 rise edge)
                                                      0.000     0.000 r  
    W19                                               0.000     0.000 r  sys_clk (IN)
                         net (fo=0)                   0.000     0.000    sys_clk
    W19                  IBUF (Prop_ibuf_I_O)         0.277     0.277 r  sys_clk_IBUF_inst/O
                         net (fo=1, routed)           0.440     0.717    u_top/sys_clk_IBUF
    MMCME2_ADV_X0Y2      MMCME2_ADV (Prop_mmcme2_adv_CLKIN1_CLKOUT0)
                                                      0.050     0.767 r  u_top/g_mmcm.u_mmcm/CLKOUT0
                         net (fo=1, routed)           0.545     1.312    u_top_n_1388
    BUFGCTRL_X0Y0        BUFG (Prop_bufg_I_O)         0.026     1.338 r  input_slot_reg[1][511]_i_3/O
                         net (fo=61850, routed)       0.680     2.018    u_top/u_core/u_b/u_b_core/core/core/f23/clk_200
    SLICE_X37Y87         FDRE                                         r  u_top/u_core/u_b/u_b_core/core/core/f23/wr_ptr_reg[3]/C
  -------------------------------------------------------------------    -------------------
    SLICE_X37Y87         FDRE (Prop_fdre_C_Q)         0.141     2.159 r  u_top/u_core/u_b/u_b_core/core/core/f23/wr_ptr_reg[3]/Q
                         net (fo=176, routed)         0.207     2.366    u_top/u_core/u_b/u_b_core/core/core/f23/g_narrow_read.mem_reg_0_31_42_47/ADDRD3
    SLICE_X36Y88         RAMD32                                       r  u_top/u_core/u_b/u_b_core/core/core/f23/g_narrow_read.mem_reg_0_31_42_47/RAMB/WADR3
  -------------------------------------------------------------------    -------------------

                         (clock u_top_n_1388 rise edge)
                                                      0.000     0.000 r  
    W19                                               0.000     0.000 r  sys_clk (IN)
                         net (fo=0)                   0.000     0.000    sys_clk
    W19                  IBUF (Prop_ibuf_I_O)         0.465     0.465 r  sys_clk_IBUF_inst/O
                         net (fo=1, routed)           0.480     0.945    u_top/sys_clk_IBUF
    MMCME2_ADV_X0Y2      MMCME2_ADV (Prop_mmcme2_adv_CLKIN1_CLKOUT0)
                                                      0.053     0.998 r  u_top/g_mmcm.u_mmcm/CLKOUT0
                         net (fo=1, routed)           0.595     1.593    u_top_n_1388
    BUFGCTRL_X0Y0        BUFG (Prop_bufg_I_O)         0.029     1.622 r  input_slot_reg[1][511]_i_3/O
                         net (fo=61850, routed)       0.957     2.578    u_top/u_core/u_b/u_b_core/core/core/f23/g_narrow_read.mem_reg_0_31_42_47/WCLK
    SLICE_X36Y88         RAMD32                                       r  u_top/u_core/u_b/u_b_core/core/core/f23/g_narrow_read.mem_reg_0_31_42_47/RAMB/CLK
                         clock pessimism             -0.543     2.035    
    SLICE_X36Y88         RAMD32 (Hold_ramd32_CLK_WADR3)
                                                      0.240     2.275    u_top/u_core/u_b/u_b_core/core/core/f23/g_narrow_read.mem_reg_0_31_42_47/RAMB
  -------------------------------------------------------------------
                         required time                         -2.275    
                         arrival time                           2.366    
  -------------------------------------------------------------------
                         slack                                  0.091    




