Copyright 1986-2022 Xilinx, Inc. All Rights Reserved. Copyright 2022-2025 Advanced Micro Devices, Inc. All Rights Reserved.
-----------------------------------------------------------------------------------------------------------------------------------------------------
| Tool Version : Vivado v.2025.2 (win64) Build 6299465 Fri Nov 14 19:35:11 GMT 2025
| Date         : Thu Sep 24 16:26:21 2026
| Host         : OMENMAX running 64-bit major release  (build 9200)
| Command      : report_timing_summary -file V://_synth_bc/acc36_realrom_member_b_ascii_ramdecomp/reports/timing_summary_postroute.rpt -max_paths 20
| Design       : c_synth_top
| Device       : 7a200t-fbg484
| Speed File   : -2  PRODUCTION 1.23 2018-06-13
| Design State : Routed
-----------------------------------------------------------------------------------------------------------------------------------------------------

Timing Summary Report

------------------------------------------------------------------------------------------------
| Timer Settings
| --------------
------------------------------------------------------------------------------------------------

  Enable Multi Corner Analysis               :  Yes
  Enable Pessimism Removal                   :  Yes
  Pessimism Removal Resolution               :  Nearest Common Node
  Enable Input Delay Default Clock           :  No
  Enable Preset / Clear Arcs                 :  No
  Disable Flight Delays                      :  No
  Ignore I/O Paths                           :  No
  Timing Early Launch at Borrowing Latches   :  No
  Borrow Time for Max Delay Exceptions       :  Yes
  Merge Timing Exceptions                    :  Yes
  Inter-SLR Compensation                     :  Conservative

  Corner  Analyze    Analyze    
  Name    Max Paths  Min Paths  
  ------  ---------  ---------  
  Slow    Yes        Yes        
  Fast    Yes        Yes        


------------------------------------------------------------------------------------------------
| Report Methodology
| ------------------
------------------------------------------------------------------------------------------------

No report available as report_methodology has not been run prior. Run report_methodology on the current design for the summary of methodology violations.



check_timing report

Table of Contents
-----------------
1. checking no_clock (0)
2. checking constant_clock (0)
3. checking pulse_width_clock (0)
4. checking unconstrained_internal_endpoints (0)
5. checking no_input_delay (1)
6. checking no_output_delay (9)
7. checking multiple_clock (0)
8. checking generated_clocks (0)
9. checking loops (0)
10. checking partial_input_delay (0)
11. checking partial_output_delay (0)
12. checking latch_loops (0)

1. checking no_clock (0)
------------------------
 There are 0 register/latch pins with no clock.


2. checking constant_clock (0)
------------------------------
 There are 0 register/latch pins with constant_clock.


3. checking pulse_width_clock (0)
---------------------------------
 There are 0 register/latch pins which need pulse_width check


4. checking unconstrained_internal_endpoints (0)
------------------------------------------------
 There are 0 pins that are not constrained for maximum delay.

 There are 0 pins that are not constrained for maximum delay due to constant clock.


5. checking no_input_delay (1)
------------------------------
 There are 0 input ports with no input delay specified.

 There is 1 input port with no input delay but user has a false path constraint. (MEDIUM)


6. checking no_output_delay (9)
-------------------------------
 There are 9 ports with no output delay specified. (HIGH)

 There are 0 ports with no output delay but user has a false path constraint

 There are 0 ports with no output delay but with a timing clock defined on it or propagating through it


7. checking multiple_clock (0)
------------------------------
 There are 0 register/latch pins with multiple clocks.


8. checking generated_clocks (0)
--------------------------------
 There are 0 generated clocks that are not connected to a clock source.


9. checking loops (0)
---------------------
 There are 0 combinational loops in the design.


10. checking partial_input_delay (0)
------------------------------------
 There are 0 input ports with partial input delay specified.


11. checking partial_output_delay (0)
-------------------------------------
 There are 0 ports with partial output delay specified.


12. checking latch_loops (0)
----------------------------
 There are 0 combinational latch loops in the design through latch input



------------------------------------------------------------------------------------------------
| Design Timing Summary
| ---------------------
------------------------------------------------------------------------------------------------

    WNS(ns)      TNS(ns)  TNS Failing Endpoints  TNS Total Endpoints      WHS(ns)      THS(ns)  THS Failing Endpoints  THS Total Endpoints     WPWS(ns)     TPWS(ns)  TPWS Failing Endpoints  TPWS Total Endpoints  
    -------      -------  ---------------------  -------------------      -------      -------  ---------------------  -------------------     --------     --------  ----------------------  --------------------  
     -0.719    -2842.755                  16217               178441        0.036        0.000                      0               178441        1.370        0.000                       0                 61183  


Timing constraints are not met.


------------------------------------------------------------------------------------------------
| Clock Summary
| -------------
------------------------------------------------------------------------------------------------

Clock           Waveform(ns)         Period(ns)      Frequency(MHz)
-----           ------------         ----------      --------------
sys_clk         {0.000 10.000}       20.000          50.000          
  g_mmcm.clkfb  {0.000 10.000}       20.000          50.000          
  u_top_n_1799  {0.000 2.500}        5.000           200.000         


------------------------------------------------------------------------------------------------
| Intra Clock Table
| -----------------
------------------------------------------------------------------------------------------------

Clock               WNS(ns)      TNS(ns)  TNS Failing Endpoints  TNS Total Endpoints      WHS(ns)      THS(ns)  THS Failing Endpoints  THS Total Endpoints     WPWS(ns)     TPWS(ns)  TPWS Failing Endpoints  TPWS Total Endpoints  
-----               -------      -------  ---------------------  -------------------      -------      -------  ---------------------  -------------------     --------     --------  ----------------------  --------------------  
sys_clk                                                                                                                                                           7.000        0.000                       0                     1  
  g_mmcm.clkfb                                                                                                                                                   18.751        0.000                       0                     2  
  u_top_n_1799       -0.719    -2842.755                  16217               178441        0.036        0.000                      0               178441        1.370        0.000                       0                 61180  


------------------------------------------------------------------------------------------------
| Inter Clock Table
| -----------------
------------------------------------------------------------------------------------------------

From Clock    To Clock          WNS(ns)      TNS(ns)  TNS Failing Endpoints  TNS Total Endpoints      WHS(ns)      THS(ns)  THS Failing Endpoints  THS Total Endpoints  
----------    --------          -------      -------  ---------------------  -------------------      -------      -------  ---------------------  -------------------  


------------------------------------------------------------------------------------------------
| Other Path Groups Table
| -----------------------
------------------------------------------------------------------------------------------------

Path Group    From Clock    To Clock          WNS(ns)      TNS(ns)  TNS Failing Endpoints  TNS Total Endpoints      WHS(ns)      THS(ns)  THS Failing Endpoints  THS Total Endpoints  
----------    ----------    --------          -------      -------  ---------------------  -------------------      -------      -------  ---------------------  -------------------  


------------------------------------------------------------------------------------------------
| Timing Details
| --------------
------------------------------------------------------------------------------------------------


---------------------------------------------------------------------------------------------------
From Clock:  sys_clk
  To Clock:  sys_clk

Setup :           NA  Failing Endpoints,  Worst Slack           NA  ,  Total Violation           NA
Hold  :           NA  Failing Endpoints,  Worst Slack           NA  ,  Total Violation           NA
PW    :            0  Failing Endpoints,  Worst Slack        7.000ns,  Total Violation        0.000ns
---------------------------------------------------------------------------------------------------


Pulse Width Checks
--------------------------------------------------------------------------------------
Clock Name:         sys_clk
Waveform(ns):       { 0.000 10.000 }
Period(ns):         20.000
Sources:            { sys_clk }

Check Type        Corner  Lib Pin            Reference Pin  Required(ns)  Actual(ns)  Slack(ns)  Location         Pin
Min Period        n/a     MMCME2_ADV/CLKIN1  n/a            1.249         20.000      18.751     MMCME2_ADV_X0Y2  u_top/g_mmcm.u_mmcm/CLKIN1
Max Period        n/a     MMCME2_ADV/CLKIN1  n/a            100.000       20.000      80.000     MMCME2_ADV_X0Y2  u_top/g_mmcm.u_mmcm/CLKIN1
Low Pulse Width   Slow    MMCME2_ADV/CLKIN1  n/a            3.000         10.000      7.000      MMCME2_ADV_X0Y2  u_top/g_mmcm.u_mmcm/CLKIN1
Low Pulse Width   Fast    MMCME2_ADV/CLKIN1  n/a            3.000         10.000      7.000      MMCME2_ADV_X0Y2  u_top/g_mmcm.u_mmcm/CLKIN1
High Pulse Width  Slow    MMCME2_ADV/CLKIN1  n/a            3.000         10.000      7.000      MMCME2_ADV_X0Y2  u_top/g_mmcm.u_mmcm/CLKIN1
High Pulse Width  Fast    MMCME2_ADV/CLKIN1  n/a            3.000         10.000      7.000      MMCME2_ADV_X0Y2  u_top/g_mmcm.u_mmcm/CLKIN1



---------------------------------------------------------------------------------------------------
From Clock:  g_mmcm.clkfb
  To Clock:  g_mmcm.clkfb

Setup :           NA  Failing Endpoints,  Worst Slack           NA  ,  Total Violation           NA
Hold  :           NA  Failing Endpoints,  Worst Slack           NA  ,  Total Violation           NA
PW    :            0  Failing Endpoints,  Worst Slack       18.751ns,  Total Violation        0.000ns
---------------------------------------------------------------------------------------------------


Pulse Width Checks
--------------------------------------------------------------------------------------
Clock Name:         g_mmcm.clkfb
Waveform(ns):       { 0.000 10.000 }
Period(ns):         20.000
Sources:            { u_top/g_mmcm.u_mmcm/CLKFBOUT }

Check Type  Corner  Lib Pin              Reference Pin  Required(ns)  Actual(ns)  Slack(ns)  Location         Pin
Min Period  n/a     MMCME2_ADV/CLKFBOUT  n/a            1.249         20.000      18.751     MMCME2_ADV_X0Y2  u_top/g_mmcm.u_mmcm/CLKFBOUT
Min Period  n/a     MMCME2_ADV/CLKFBIN   n/a            1.249         20.000      18.751     MMCME2_ADV_X0Y2  u_top/g_mmcm.u_mmcm/CLKFBIN
Max Period  n/a     MMCME2_ADV/CLKFBIN   n/a            100.000       20.000      80.000     MMCME2_ADV_X0Y2  u_top/g_mmcm.u_mmcm/CLKFBIN
Max Period  n/a     MMCME2_ADV/CLKFBOUT  n/a            213.360       20.000      193.360    MMCME2_ADV_X0Y2  u_top/g_mmcm.u_mmcm/CLKFBOUT



---------------------------------------------------------------------------------------------------
From Clock:  u_top_n_1799
  To Clock:  u_top_n_1799

Setup :        16217  Failing Endpoints,  Worst Slack       -0.719ns,  Total Violation    -2842.755ns
Hold  :            0  Failing Endpoints,  Worst Slack        0.036ns,  Total Violation        0.000ns
PW    :            0  Failing Endpoints,  Worst Slack        1.370ns,  Total Violation        0.000ns
---------------------------------------------------------------------------------------------------


Max Delay Paths
--------------------------------------------------------------------------------------
Slack (VIOLATED) :        -0.719ns  (required time - arrival time)
  Source:                 u_top/u_core/u_b/u_b_core/core/core/l5/mac/acc/sum_valid_reg/C
                            (rising edge-triggered cell FDRE clocked by u_top_n_1799  {rise@0.000ns fall@2.500ns period=5.000ns})
  Destination:            u_top/u_core/u_b/u_b_core/core/core/l5/gk.frontend/fifo/g_wide_read.g_read_slice[98].rd_ptr_local_reg[0]/R
                            (rising edge-triggered cell FDRE clocked by u_top_n_1799  {rise@0.000ns fall@2.500ns period=5.000ns})
  Path Group:             u_top_n_1799
  Path Type:              Setup (Max at Slow Process Corner)
  Requirement:            5.000ns  (u_top_n_1799 rise@5.000ns - u_top_n_1799 rise@0.000ns)
  Data Path Delay:        5.367ns  (logic 0.904ns (16.843%)  route 4.463ns (83.157%))
  Logic Levels:           5  (LUT3=1 LUT4=1 LUT6=3)
  Clock Path Skew:        0.069ns (DCD - SCD + CPR)
    Destination Clock Delay (DCD):    5.454ns = ( 10.454 - 5.000 ) 
    Source Clock Delay      (SCD):    5.598ns
    Clock Pessimism Removal (CPR):    0.213ns
  Clock Uncertainty:      0.069ns  ((TSJ^2 + DJ^2)^1/2) / 2 + PE
    Total System Jitter     (TSJ):    0.071ns
    Discrete Jitter          (DJ):    0.118ns
    Phase Error              (PE):    0.000ns

    Location             Delay type                Incr(ns)  Path(ns)    Netlist Resource(s)
  -------------------------------------------------------------------    -------------------
                         (clock u_top_n_1799 rise edge)
                                                      0.000     0.000 r  
    W19                                               0.000     0.000 r  sys_clk (IN)
                         net (fo=0)                   0.000     0.000    sys_clk
    W19                  IBUF (Prop_ibuf_I_O)         1.440     1.440 r  sys_clk_IBUF_inst/O
                         net (fo=1, routed)           1.065     2.505    u_top/sys_clk_IBUF
    MMCME2_ADV_X0Y2      MMCME2_ADV (Prop_mmcme2_adv_CLKIN1_CLKOUT0)
                                                      0.077     2.582 r  u_top/g_mmcm.u_mmcm/CLKOUT0
                         net (fo=1, routed)           1.559     4.141    u_top_n_1799
    BUFGCTRL_X0Y0        BUFG (Prop_bufg_I_O)         0.081     4.222 r  bank_gen[3].mem_reg_i_1/O
                         net (fo=61184, routed)       1.376     5.598    u_top/u_core/u_b/u_b_core/core/core/l5/mac/acc/clk_200
    SLICE_X86Y130        FDRE                                         r  u_top/u_core/u_b/u_b_core/core/core/l5/mac/acc/sum_valid_reg/C
  -------------------------------------------------------------------    -------------------
    SLICE_X86Y130        FDRE (Prop_fdre_C_Q)         0.379     5.977 f  u_top/u_core/u_b/u_b_core/core/core/l5/mac/acc/sum_valid_reg/Q
                         net (fo=6, routed)           0.710     6.687    u_top/u_core/u_b/u_b_core/core/core/l5/mac/acc/sum_valid_reg_0
    SLICE_X85Y129        LUT6 (Prop_lut6_I0_O)        0.105     6.792 r  u_top/u_core/u_b/u_b_core/core/core/l5/mac/acc/tree_stage[2].channel[2].node[3].pair.sums_q[2][2][3][31]_i_3/O
                         net (fo=17, routed)          0.215     7.007    u_top/u_core/u_b/u_b_core/core/core/l5/mac/mac/ready_7
    SLICE_X85Y129        LUT6 (Prop_lut6_I2_O)        0.105     7.112 r  u_top/u_core/u_b/u_b_core/core/core/l5/mac/mac/out_lane[2].mult_lane[15].operand_pipe.sums_q_reg[0][2][15]_i_2/O
                         net (fo=19, routed)          0.298     7.410    u_top/u_core/u_b/u_b_core/core/core/l5/mac/mac/ready_2
    SLICE_X87Y129        LUT3 (Prop_lut3_I1_O)        0.105     7.515 r  u_top/u_core/u_b/u_b_core/core/core/l5/mac/mac/out_lane[3].mult_lane[48].operand_pipe.act_q[15]_i_3/O
                         net (fo=76, routed)          0.911     8.426    u_top/u_core/u_b/u_b_core/core/core/l5/mac/issue/issue_ready
    SLICE_X81Y112        LUT6 (Prop_lut6_I4_O)        0.105     8.531 r  u_top/u_core/u_b/u_b_core/core/core/l5/mac/issue/out_window[6399]_i_1/O
                         net (fo=6704, routed)        1.379     9.909    u_top/u_core/u_b/u_b_core/core/core/l5/gk.frontend/fifo/g_wide_read.g_read_slice[0].rd_ptr_local_reg[1]_0
    SLICE_X72Y104        LUT4 (Prop_lut4_I3_O)        0.105    10.014 r  u_top/u_core/u_b/u_b_core/core/core/l5/gk.frontend/fifo/g_wide_read.g_read_slice[98].rd_ptr_local[1]_i_1/O
                         net (fo=2, routed)           0.951    10.965    u_top/u_core/u_b/u_b_core/core/core/l5/gk.frontend/fifo/g_wide_read.g_read_slice[98].rd_ptr_local[1]_i_1_n_0
    SLICE_X49Y98         FDRE                                         r  u_top/u_core/u_b/u_b_core/core/core/l5/gk.frontend/fifo/g_wide_read.g_read_slice[98].rd_ptr_local_reg[0]/R
  -------------------------------------------------------------------    -------------------

                         (clock u_top_n_1799 rise edge)
                                                      5.000     5.000 r  
    W19                                               0.000     5.000 r  sys_clk (IN)
                         net (fo=0)                   0.000     5.000    sys_clk
    W19                  IBUF (Prop_ibuf_I_O)         1.374     6.374 r  sys_clk_IBUF_inst/O
                         net (fo=1, routed)           1.004     7.378    u_top/sys_clk_IBUF
    MMCME2_ADV_X0Y2      MMCME2_ADV (Prop_mmcme2_adv_CLKIN1_CLKOUT0)
                                                      0.073     7.451 r  u_top/g_mmcm.u_mmcm/CLKOUT0
                         net (fo=1, routed)           1.488     8.938    u_top_n_1799
    BUFGCTRL_X0Y0        BUFG (Prop_bufg_I_O)         0.077     9.015 r  bank_gen[3].mem_reg_i_1/O
                         net (fo=61184, routed)       1.439    10.454    u_top/u_core/u_b/u_b_core/core/core/l5/gk.frontend/fifo/clk_200
    SLICE_X49Y98         FDRE                                         r  u_top/u_core/u_b/u_b_core/core/core/l5/gk.frontend/fifo/g_wide_read.g_read_slice[98].rd_ptr_local_reg[0]/C
                         clock pessimism              0.213    10.667    
                         clock uncertainty           -0.069    10.598    
    SLICE_X49Y98         FDRE (Setup_fdre_C_R)       -0.352    10.246    u_top/u_core/u_b/u_b_core/core/core/l5/gk.frontend/fifo/g_wide_read.g_read_slice[98].rd_ptr_local_reg[0]
  -------------------------------------------------------------------
                         required time                         10.246    
                         arrival time                         -10.965    
  -------------------------------------------------------------------
                         slack                                 -0.719    

Slack (VIOLATED) :        -0.719ns  (required time - arrival time)
  Source:                 u_top/u_core/u_b/u_b_core/core/core/l5/mac/acc/sum_valid_reg/C
                            (rising edge-triggered cell FDRE clocked by u_top_n_1799  {rise@0.000ns fall@2.500ns period=5.000ns})
  Destination:            u_top/u_core/u_b/u_b_core/core/core/l5/gk.frontend/fifo/g_wide_read.g_read_slice[98].rd_ptr_local_reg[1]/R
                            (rising edge-triggered cell FDRE clocked by u_top_n_1799  {rise@0.000ns fall@2.500ns period=5.000ns})
  Path Group:             u_top_n_1799
  Path Type:              Setup (Max at Slow Process Corner)
  Requirement:            5.000ns  (u_top_n_1799 rise@5.000ns - u_top_n_1799 rise@0.000ns)
  Data Path Delay:        5.367ns  (logic 0.904ns (16.843%)  route 4.463ns (83.157%))
  Logic Levels:           5  (LUT3=1 LUT4=1 LUT6=3)
  Clock Path Skew:        0.069ns (DCD - SCD + CPR)
    Destination Clock Delay (DCD):    5.454ns = ( 10.454 - 5.000 ) 
    Source Clock Delay      (SCD):    5.598ns
    Clock Pessimism Removal (CPR):    0.213ns
  Clock Uncertainty:      0.069ns  ((TSJ^2 + DJ^2)^1/2) / 2 + PE
    Total System Jitter     (TSJ):    0.071ns
    Discrete Jitter          (DJ):    0.118ns
    Phase Error              (PE):    0.000ns

    Location             Delay type                Incr(ns)  Path(ns)    Netlist Resource(s)
  -------------------------------------------------------------------    -------------------
                         (clock u_top_n_1799 rise edge)
                                                      0.000     0.000 r  
    W19                                               0.000     0.000 r  sys_clk (IN)
                         net (fo=0)                   0.000     0.000    sys_clk
    W19                  IBUF (Prop_ibuf_I_O)         1.440     1.440 r  sys_clk_IBUF_inst/O
                         net (fo=1, routed)           1.065     2.505    u_top/sys_clk_IBUF
    MMCME2_ADV_X0Y2      MMCME2_ADV (Prop_mmcme2_adv_CLKIN1_CLKOUT0)
                                                      0.077     2.582 r  u_top/g_mmcm.u_mmcm/CLKOUT0
                         net (fo=1, routed)           1.559     4.141    u_top_n_1799
    BUFGCTRL_X0Y0        BUFG (Prop_bufg_I_O)         0.081     4.222 r  bank_gen[3].mem_reg_i_1/O
                         net (fo=61184, routed)       1.376     5.598    u_top/u_core/u_b/u_b_core/core/core/l5/mac/acc/clk_200
    SLICE_X86Y130        FDRE                                         r  u_top/u_core/u_b/u_b_core/core/core/l5/mac/acc/sum_valid_reg/C
  -------------------------------------------------------------------    -------------------
    SLICE_X86Y130        FDRE (Prop_fdre_C_Q)         0.379     5.977 f  u_top/u_core/u_b/u_b_core/core/core/l5/mac/acc/sum_valid_reg/Q
                         net (fo=6, routed)           0.710     6.687    u_top/u_core/u_b/u_b_core/core/core/l5/mac/acc/sum_valid_reg_0
    SLICE_X85Y129        LUT6 (Prop_lut6_I0_O)        0.105     6.792 r  u_top/u_core/u_b/u_b_core/core/core/l5/mac/acc/tree_stage[2].channel[2].node[3].pair.sums_q[2][2][3][31]_i_3/O
                         net (fo=17, routed)          0.215     7.007    u_top/u_core/u_b/u_b_core/core/core/l5/mac/mac/ready_7
    SLICE_X85Y129        LUT6 (Prop_lut6_I2_O)        0.105     7.112 r  u_top/u_core/u_b/u_b_core/core/core/l5/mac/mac/out_lane[2].mult_lane[15].operand_pipe.sums_q_reg[0][2][15]_i_2/O
                         net (fo=19, routed)          0.298     7.410    u_top/u_core/u_b/u_b_core/core/core/l5/mac/mac/ready_2
    SLICE_X87Y129        LUT3 (Prop_lut3_I1_O)        0.105     7.515 r  u_top/u_core/u_b/u_b_core/core/core/l5/mac/mac/out_lane[3].mult_lane[48].operand_pipe.act_q[15]_i_3/O
                         net (fo=76, routed)          0.911     8.426    u_top/u_core/u_b/u_b_core/core/core/l5/mac/issue/issue_ready
    SLICE_X81Y112        LUT6 (Prop_lut6_I4_O)        0.105     8.531 r  u_top/u_core/u_b/u_b_core/core/core/l5/mac/issue/out_window[6399]_i_1/O
                         net (fo=6704, routed)        1.379     9.909    u_top/u_core/u_b/u_b_core/core/core/l5/gk.frontend/fifo/g_wide_read.g_read_slice[0].rd_ptr_local_reg[1]_0
    SLICE_X72Y104        LUT4 (Prop_lut4_I3_O)        0.105    10.014 r  u_top/u_core/u_b/u_b_core/core/core/l5/gk.frontend/fifo/g_wide_read.g_read_slice[98].rd_ptr_local[1]_i_1/O
                         net (fo=2, routed)           0.951    10.965    u_top/u_core/u_b/u_b_core/core/core/l5/gk.frontend/fifo/g_wide_read.g_read_slice[98].rd_ptr_local[1]_i_1_n_0
    SLICE_X49Y98         FDRE                                         r  u_top/u_core/u_b/u_b_core/core/core/l5/gk.frontend/fifo/g_wide_read.g_read_slice[98].rd_ptr_local_reg[1]/R
  -------------------------------------------------------------------    -------------------

                         (clock u_top_n_1799 rise edge)
                                                      5.000     5.000 r  
    W19                                               0.000     5.000 r  sys_clk (IN)
                         net (fo=0)                   0.000     5.000    sys_clk
    W19                  IBUF (Prop_ibuf_I_O)         1.374     6.374 r  sys_clk_IBUF_inst/O
                         net (fo=1, routed)           1.004     7.378    u_top/sys_clk_IBUF
    MMCME2_ADV_X0Y2      MMCME2_ADV (Prop_mmcme2_adv_CLKIN1_CLKOUT0)
                                                      0.073     7.451 r  u_top/g_mmcm.u_mmcm/CLKOUT0
                         net (fo=1, routed)           1.488     8.938    u_top_n_1799
    BUFGCTRL_X0Y0        BUFG (Prop_bufg_I_O)         0.077     9.015 r  bank_gen[3].mem_reg_i_1/O
                         net (fo=61184, routed)       1.439    10.454    u_top/u_core/u_b/u_b_core/core/core/l5/gk.frontend/fifo/clk_200
    SLICE_X49Y98         FDRE                                         r  u_top/u_core/u_b/u_b_core/core/core/l5/gk.frontend/fifo/g_wide_read.g_read_slice[98].rd_ptr_local_reg[1]/C
                         clock pessimism              0.213    10.667    
                         clock uncertainty           -0.069    10.598    
    SLICE_X49Y98         FDRE (Setup_fdre_C_R)       -0.352    10.246    u_top/u_core/u_b/u_b_core/core/core/l5/gk.frontend/fifo/g_wide_read.g_read_slice[98].rd_ptr_local_reg[1]
  -------------------------------------------------------------------
                         required time                         10.246    
                         arrival time                         -10.965    
  -------------------------------------------------------------------
                         slack                                 -0.719    

Slack (VIOLATED) :        -0.713ns  (required time - arrival time)
  Source:                 u_top/u_core/u_b/u_b_core/core/core/l5/mac/acc/sum_valid_reg/C
                            (rising edge-triggered cell FDRE clocked by u_top_n_1799  {rise@0.000ns fall@2.500ns period=5.000ns})
  Destination:            u_top/u_core/u_b/u_b_core/core/core/l5/gk.frontend/fifo/g_wide_read.g_read_slice[13].rd_ptr_local_reg[0]/R
                            (rising edge-triggered cell FDRE clocked by u_top_n_1799  {rise@0.000ns fall@2.500ns period=5.000ns})
  Path Group:             u_top_n_1799
  Path Type:              Setup (Max at Slow Process Corner)
  Requirement:            5.000ns  (u_top_n_1799 rise@5.000ns - u_top_n_1799 rise@0.000ns)
  Data Path Delay:        5.339ns  (logic 0.904ns (16.932%)  route 4.435ns (83.068%))
  Logic Levels:           5  (LUT3=1 LUT4=1 LUT6=3)
  Clock Path Skew:        0.047ns (DCD - SCD + CPR)
    Destination Clock Delay (DCD):    5.432ns = ( 10.432 - 5.000 ) 
    Source Clock Delay      (SCD):    5.598ns
    Clock Pessimism Removal (CPR):    0.213ns
  Clock Uncertainty:      0.069ns  ((TSJ^2 + DJ^2)^1/2) / 2 + PE
    Total System Jitter     (TSJ):    0.071ns
    Discrete Jitter          (DJ):    0.118ns
    Phase Error              (PE):    0.000ns

    Location             Delay type                Incr(ns)  Path(ns)    Netlist Resource(s)
  -------------------------------------------------------------------    -------------------
                         (clock u_top_n_1799 rise edge)
                                                      0.000     0.000 r  
    W19                                               0.000     0.000 r  sys_clk (IN)
                         net (fo=0)                   0.000     0.000    sys_clk
    W19                  IBUF (Prop_ibuf_I_O)         1.440     1.440 r  sys_clk_IBUF_inst/O
                         net (fo=1, routed)           1.065     2.505    u_top/sys_clk_IBUF
    MMCME2_ADV_X0Y2      MMCME2_ADV (Prop_mmcme2_adv_CLKIN1_CLKOUT0)
                                                      0.077     2.582 r  u_top/g_mmcm.u_mmcm/CLKOUT0
                         net (fo=1, routed)           1.559     4.141    u_top_n_1799
    BUFGCTRL_X0Y0        BUFG (Prop_bufg_I_O)         0.081     4.222 r  bank_gen[3].mem_reg_i_1/O
                         net (fo=61184, routed)       1.376     5.598    u_top/u_core/u_b/u_b_core/core/core/l5/mac/acc/clk_200
    SLICE_X86Y130        FDRE                                         r  u_top/u_core/u_b/u_b_core/core/core/l5/mac/acc/sum_valid_reg/C
  -------------------------------------------------------------------    -------------------
    SLICE_X86Y130        FDRE (Prop_fdre_C_Q)         0.379     5.977 f  u_top/u_core/u_b/u_b_core/core/core/l5/mac/acc/sum_valid_reg/Q
                         net (fo=6, routed)           0.710     6.687    u_top/u_core/u_b/u_b_core/core/core/l5/mac/acc/sum_valid_reg_0
    SLICE_X85Y129        LUT6 (Prop_lut6_I0_O)        0.105     6.792 r  u_top/u_core/u_b/u_b_core/core/core/l5/mac/acc/tree_stage[2].channel[2].node[3].pair.sums_q[2][2][3][31]_i_3/O
                         net (fo=17, routed)          0.215     7.007    u_top/u_core/u_b/u_b_core/core/core/l5/mac/mac/ready_7
    SLICE_X85Y129        LUT6 (Prop_lut6_I2_O)        0.105     7.112 r  u_top/u_core/u_b/u_b_core/core/core/l5/mac/mac/out_lane[2].mult_lane[15].operand_pipe.sums_q_reg[0][2][15]_i_2/O
                         net (fo=19, routed)          0.298     7.410    u_top/u_core/u_b/u_b_core/core/core/l5/mac/mac/ready_2
    SLICE_X87Y129        LUT3 (Prop_lut3_I1_O)        0.105     7.515 r  u_top/u_core/u_b/u_b_core/core/core/l5/mac/mac/out_lane[3].mult_lane[48].operand_pipe.act_q[15]_i_3/O
                         net (fo=76, routed)          0.911     8.426    u_top/u_core/u_b/u_b_core/core/core/l5/mac/issue/issue_ready
    SLICE_X81Y112        LUT6 (Prop_lut6_I4_O)        0.105     8.531 r  u_top/u_core/u_b/u_b_core/core/core/l5/mac/issue/out_window[6399]_i_1/O
                         net (fo=6704, routed)        1.413     9.944    u_top/u_core/u_b/u_b_core/core/core/l5/gk.frontend/fifo/g_wide_read.g_read_slice[0].rd_ptr_local_reg[1]_0
    SLICE_X74Y95         LUT4 (Prop_lut4_I3_O)        0.105    10.049 r  u_top/u_core/u_b/u_b_core/core/core/l5/gk.frontend/fifo/g_wide_read.g_read_slice[13].rd_ptr_local[1]_i_1__0/O
                         net (fo=2, routed)           0.888    10.937    u_top/u_core/u_b/u_b_core/core/core/l5/gk.frontend/fifo/g_wide_read.g_read_slice[13].rd_ptr_local[1]_i_1__0_n_0
    SLICE_X75Y82         FDRE                                         r  u_top/u_core/u_b/u_b_core/core/core/l5/gk.frontend/fifo/g_wide_read.g_read_slice[13].rd_ptr_local_reg[0]/R
  -------------------------------------------------------------------    -------------------

                         (clock u_top_n_1799 rise edge)
                                                      5.000     5.000 r  
    W19                                               0.000     5.000 r  sys_clk (IN)
                         net (fo=0)                   0.000     5.000    sys_clk
    W19                  IBUF (Prop_ibuf_I_O)         1.374     6.374 r  sys_clk_IBUF_inst/O
                         net (fo=1, routed)           1.004     7.378    u_top/sys_clk_IBUF
    MMCME2_ADV_X0Y2      MMCME2_ADV (Prop_mmcme2_adv_CLKIN1_CLKOUT0)
                                                      0.073     7.451 r  u_top/g_mmcm.u_mmcm/CLKOUT0
                         net (fo=1, routed)           1.488     8.938    u_top_n_1799
    BUFGCTRL_X0Y0        BUFG (Prop_bufg_I_O)         0.077     9.015 r  bank_gen[3].mem_reg_i_1/O
                         net (fo=61184, routed)       1.417    10.432    u_top/u_core/u_b/u_b_core/core/core/l5/gk.frontend/fifo/clk_200
    SLICE_X75Y82         FDRE                                         r  u_top/u_core/u_b/u_b_core/core/core/l5/gk.frontend/fifo/g_wide_read.g_read_slice[13].rd_ptr_local_reg[0]/C
                         clock pessimism              0.213    10.645    
                         clock uncertainty           -0.069    10.576    
    SLICE_X75Y82         FDRE (Setup_fdre_C_R)       -0.352    10.224    u_top/u_core/u_b/u_b_core/core/core/l5/gk.frontend/fifo/g_wide_read.g_read_slice[13].rd_ptr_local_reg[0]
  -------------------------------------------------------------------
                         required time                         10.224    
                         arrival time                         -10.937    
  -------------------------------------------------------------------
                         slack                                 -0.713    

Slack (VIOLATED) :        -0.713ns  (required time - arrival time)
  Source:                 u_top/u_core/u_b/u_b_core/core/core/l5/mac/acc/sum_valid_reg/C
                            (rising edge-triggered cell FDRE clocked by u_top_n_1799  {rise@0.000ns fall@2.500ns period=5.000ns})
  Destination:            u_top/u_core/u_b/u_b_core/core/core/l5/gk.frontend/fifo/g_wide_read.g_read_slice[13].rd_ptr_local_reg[1]/R
                            (rising edge-triggered cell FDRE clocked by u_top_n_1799  {rise@0.000ns fall@2.500ns period=5.000ns})
  Path Group:             u_top_n_1799
  Path Type:              Setup (Max at Slow Process Corner)
  Requirement:            5.000ns  (u_top_n_1799 rise@5.000ns - u_top_n_1799 rise@0.000ns)
  Data Path Delay:        5.339ns  (logic 0.904ns (16.932%)  route 4.435ns (83.068%))
  Logic Levels:           5  (LUT3=1 LUT4=1 LUT6=3)
  Clock Path Skew:        0.047ns (DCD - SCD + CPR)
    Destination Clock Delay (DCD):    5.432ns = ( 10.432 - 5.000 ) 
    Source Clock Delay      (SCD):    5.598ns
    Clock Pessimism Removal (CPR):    0.213ns
  Clock Uncertainty:      0.069ns  ((TSJ^2 + DJ^2)^1/2) / 2 + PE
    Total System Jitter     (TSJ):    0.071ns
    Discrete Jitter          (DJ):    0.118ns
    Phase Error              (PE):    0.000ns

    Location             Delay type                Incr(ns)  Path(ns)    Netlist Resource(s)
  -------------------------------------------------------------------    -------------------
                         (clock u_top_n_1799 rise edge)
                                                      0.000     0.000 r  
    W19                                               0.000     0.000 r  sys_clk (IN)
                         net (fo=0)                   0.000     0.000    sys_clk
    W19                  IBUF (Prop_ibuf_I_O)         1.440     1.440 r  sys_clk_IBUF_inst/O
                         net (fo=1, routed)           1.065     2.505    u_top/sys_clk_IBUF
    MMCME2_ADV_X0Y2      MMCME2_ADV (Prop_mmcme2_adv_CLKIN1_CLKOUT0)
                                                      0.077     2.582 r  u_top/g_mmcm.u_mmcm/CLKOUT0
                         net (fo=1, routed)           1.559     4.141    u_top_n_1799
    BUFGCTRL_X0Y0        BUFG (Prop_bufg_I_O)         0.081     4.222 r  bank_gen[3].mem_reg_i_1/O
                         net (fo=61184, routed)       1.376     5.598    u_top/u_core/u_b/u_b_core/core/core/l5/mac/acc/clk_200
    SLICE_X86Y130        FDRE                                         r  u_top/u_core/u_b/u_b_core/core/core/l5/mac/acc/sum_valid_reg/C
  -------------------------------------------------------------------    -------------------
    SLICE_X86Y130        FDRE (Prop_fdre_C_Q)         0.379     5.977 f  u_top/u_core/u_b/u_b_core/core/core/l5/mac/acc/sum_valid_reg/Q
                         net (fo=6, routed)           0.710     6.687    u_top/u_core/u_b/u_b_core/core/core/l5/mac/acc/sum_valid_reg_0
    SLICE_X85Y129        LUT6 (Prop_lut6_I0_O)        0.105     6.792 r  u_top/u_core/u_b/u_b_core/core/core/l5/mac/acc/tree_stage[2].channel[2].node[3].pair.sums_q[2][2][3][31]_i_3/O
                         net (fo=17, routed)          0.215     7.007    u_top/u_core/u_b/u_b_core/core/core/l5/mac/mac/ready_7
    SLICE_X85Y129        LUT6 (Prop_lut6_I2_O)        0.105     7.112 r  u_top/u_core/u_b/u_b_core/core/core/l5/mac/mac/out_lane[2].mult_lane[15].operand_pipe.sums_q_reg[0][2][15]_i_2/O
                         net (fo=19, routed)          0.298     7.410    u_top/u_core/u_b/u_b_core/core/core/l5/mac/mac/ready_2
    SLICE_X87Y129        LUT3 (Prop_lut3_I1_O)        0.105     7.515 r  u_top/u_core/u_b/u_b_core/core/core/l5/mac/mac/out_lane[3].mult_lane[48].operand_pipe.act_q[15]_i_3/O
                         net (fo=76, routed)          0.911     8.426    u_top/u_core/u_b/u_b_core/core/core/l5/mac/issue/issue_ready
    SLICE_X81Y112        LUT6 (Prop_lut6_I4_O)        0.105     8.531 r  u_top/u_core/u_b/u_b_core/core/core/l5/mac/issue/out_window[6399]_i_1/O
                         net (fo=6704, routed)        1.413     9.944    u_top/u_core/u_b/u_b_core/core/core/l5/gk.frontend/fifo/g_wide_read.g_read_slice[0].rd_ptr_local_reg[1]_0
    SLICE_X74Y95         LUT4 (Prop_lut4_I3_O)        0.105    10.049 r  u_top/u_core/u_b/u_b_core/core/core/l5/gk.frontend/fifo/g_wide_read.g_read_slice[13].rd_ptr_local[1]_i_1__0/O
                         net (fo=2, routed)           0.888    10.937    u_top/u_core/u_b/u_b_core/core/core/l5/gk.frontend/fifo/g_wide_read.g_read_slice[13].rd_ptr_local[1]_i_1__0_n_0
    SLICE_X75Y82         FDRE                                         r  u_top/u_core/u_b/u_b_core/core/core/l5/gk.frontend/fifo/g_wide_read.g_read_slice[13].rd_ptr_local_reg[1]/R
  -------------------------------------------------------------------    -------------------

                         (clock u_top_n_1799 rise edge)
                                                      5.000     5.000 r  
    W19                                               0.000     5.000 r  sys_clk (IN)
                         net (fo=0)                   0.000     5.000    sys_clk
    W19                  IBUF (Prop_ibuf_I_O)         1.374     6.374 r  sys_clk_IBUF_inst/O
                         net (fo=1, routed)           1.004     7.378    u_top/sys_clk_IBUF
    MMCME2_ADV_X0Y2      MMCME2_ADV (Prop_mmcme2_adv_CLKIN1_CLKOUT0)
                                                      0.073     7.451 r  u_top/g_mmcm.u_mmcm/CLKOUT0
                         net (fo=1, routed)           1.488     8.938    u_top_n_1799
    BUFGCTRL_X0Y0        BUFG (Prop_bufg_I_O)         0.077     9.015 r  bank_gen[3].mem_reg_i_1/O
                         net (fo=61184, routed)       1.417    10.432    u_top/u_core/u_b/u_b_core/core/core/l5/gk.frontend/fifo/clk_200
    SLICE_X75Y82         FDRE                                         r  u_top/u_core/u_b/u_b_core/core/core/l5/gk.frontend/fifo/g_wide_read.g_read_slice[13].rd_ptr_local_reg[1]/C
                         clock pessimism              0.213    10.645    
                         clock uncertainty           -0.069    10.576    
    SLICE_X75Y82         FDRE (Setup_fdre_C_R)       -0.352    10.224    u_top/u_core/u_b/u_b_core/core/core/l5/gk.frontend/fifo/g_wide_read.g_read_slice[13].rd_ptr_local_reg[1]
  -------------------------------------------------------------------
                         required time                         10.224    
                         arrival time                         -10.937    
  -------------------------------------------------------------------
                         slack                                 -0.713    

Slack (VIOLATED) :        -0.668ns  (required time - arrival time)
  Source:                 u_top/u_core/u_b/u_b_core/core/core/l5/mac/acc/sum_valid_reg/C
                            (rising edge-triggered cell FDRE clocked by u_top_n_1799  {rise@0.000ns fall@2.500ns period=5.000ns})
  Destination:            u_top/u_core/u_b/u_b_core/core/core/l5/gk.frontend/fifo/g_wide_read.g_read_slice[84].rd_ptr_local_reg[0]/R
                            (rising edge-triggered cell FDRE clocked by u_top_n_1799  {rise@0.000ns fall@2.500ns period=5.000ns})
  Path Group:             u_top_n_1799
  Path Type:              Setup (Max at Slow Process Corner)
  Requirement:            5.000ns  (u_top_n_1799 rise@5.000ns - u_top_n_1799 rise@0.000ns)
  Data Path Delay:        5.093ns  (logic 0.904ns (17.750%)  route 4.189ns (82.250%))
  Logic Levels:           5  (LUT3=1 LUT4=1 LUT6=3)
  Clock Path Skew:        -0.083ns (DCD - SCD + CPR)
    Destination Clock Delay (DCD):    5.302ns = ( 10.302 - 5.000 ) 
    Source Clock Delay      (SCD):    5.598ns
    Clock Pessimism Removal (CPR):    0.213ns
  Clock Uncertainty:      0.069ns  ((TSJ^2 + DJ^2)^1/2) / 2 + PE
    Total System Jitter     (TSJ):    0.071ns
    Discrete Jitter          (DJ):    0.118ns
    Phase Error              (PE):    0.000ns

    Location             Delay type                Incr(ns)  Path(ns)    Netlist Resource(s)
  -------------------------------------------------------------------    -------------------
                         (clock u_top_n_1799 rise edge)
                                                      0.000     0.000 r  
    W19                                               0.000     0.000 r  sys_clk (IN)
                         net (fo=0)                   0.000     0.000    sys_clk
    W19                  IBUF (Prop_ibuf_I_O)         1.440     1.440 r  sys_clk_IBUF_inst/O
                         net (fo=1, routed)           1.065     2.505    u_top/sys_clk_IBUF
    MMCME2_ADV_X0Y2      MMCME2_ADV (Prop_mmcme2_adv_CLKIN1_CLKOUT0)
                                                      0.077     2.582 r  u_top/g_mmcm.u_mmcm/CLKOUT0
                         net (fo=1, routed)           1.559     4.141    u_top_n_1799
    BUFGCTRL_X0Y0        BUFG (Prop_bufg_I_O)         0.081     4.222 r  bank_gen[3].mem_reg_i_1/O
                         net (fo=61184, routed)       1.376     5.598    u_top/u_core/u_b/u_b_core/core/core/l5/mac/acc/clk_200
    SLICE_X86Y130        FDRE                                         r  u_top/u_core/u_b/u_b_core/core/core/l5/mac/acc/sum_valid_reg/C
  -------------------------------------------------------------------    -------------------
    SLICE_X86Y130        FDRE (Prop_fdre_C_Q)         0.379     5.977 f  u_top/u_core/u_b/u_b_core/core/core/l5/mac/acc/sum_valid_reg/Q
                         net (fo=6, routed)           0.710     6.687    u_top/u_core/u_b/u_b_core/core/core/l5/mac/acc/sum_valid_reg_0
    SLICE_X85Y129        LUT6 (Prop_lut6_I0_O)        0.105     6.792 r  u_top/u_core/u_b/u_b_core/core/core/l5/mac/acc/tree_stage[2].channel[2].node[3].pair.sums_q[2][2][3][31]_i_3/O
                         net (fo=17, routed)          0.215     7.007    u_top/u_core/u_b/u_b_core/core/core/l5/mac/mac/ready_7
    SLICE_X85Y129        LUT6 (Prop_lut6_I2_O)        0.105     7.112 r  u_top/u_core/u_b/u_b_core/core/core/l5/mac/mac/out_lane[2].mult_lane[15].operand_pipe.sums_q_reg[0][2][15]_i_2/O
                         net (fo=19, routed)          0.298     7.410    u_top/u_core/u_b/u_b_core/core/core/l5/mac/mac/ready_2
    SLICE_X87Y129        LUT3 (Prop_lut3_I1_O)        0.105     7.515 r  u_top/u_core/u_b/u_b_core/core/core/l5/mac/mac/out_lane[3].mult_lane[48].operand_pipe.act_q[15]_i_3/O
                         net (fo=76, routed)          0.911     8.426    u_top/u_core/u_b/u_b_core/core/core/l5/mac/issue/issue_ready
    SLICE_X81Y112        LUT6 (Prop_lut6_I4_O)        0.105     8.531 r  u_top/u_core/u_b/u_b_core/core/core/l5/mac/issue/out_window[6399]_i_1/O
                         net (fo=6704, routed)        1.397     9.927    u_top/u_core/u_b/u_b_core/core/core/l5/gk.frontend/fifo/g_wide_read.g_read_slice[0].rd_ptr_local_reg[1]_0
    SLICE_X68Y130        LUT4 (Prop_lut4_I3_O)        0.105    10.032 r  u_top/u_core/u_b/u_b_core/core/core/l5/gk.frontend/fifo/g_wide_read.g_read_slice[84].rd_ptr_local[1]_i_1/O
                         net (fo=2, routed)           0.659    10.691    u_top/u_core/u_b/u_b_core/core/core/l5/gk.frontend/fifo/g_wide_read.g_read_slice[84].rd_ptr_local[1]_i_1_n_0
    SLICE_X70Y138        FDRE                                         r  u_top/u_core/u_b/u_b_core/core/core/l5/gk.frontend/fifo/g_wide_read.g_read_slice[84].rd_ptr_local_reg[0]/R
  -------------------------------------------------------------------    -------------------

                         (clock u_top_n_1799 rise edge)
                                                      5.000     5.000 r  
    W19                                               0.000     5.000 r  sys_clk (IN)
                         net (fo=0)                   0.000     5.000    sys_clk
    W19                  IBUF (Prop_ibuf_I_O)         1.374     6.374 r  sys_clk_IBUF_inst/O
                         net (fo=1, routed)           1.004     7.378    u_top/sys_clk_IBUF
    MMCME2_ADV_X0Y2      MMCME2_ADV (Prop_mmcme2_adv_CLKIN1_CLKOUT0)
                                                      0.073     7.451 r  u_top/g_mmcm.u_mmcm/CLKOUT0
                         net (fo=1, routed)           1.488     8.938    u_top_n_1799
    BUFGCTRL_X0Y0        BUFG (Prop_bufg_I_O)         0.077     9.015 r  bank_gen[3].mem_reg_i_1/O
                         net (fo=61184, routed)       1.287    10.302    u_top/u_core/u_b/u_b_core/core/core/l5/gk.frontend/fifo/clk_200
    SLICE_X70Y138        FDRE                                         r  u_top/u_core/u_b/u_b_core/core/core/l5/gk.frontend/fifo/g_wide_read.g_read_slice[84].rd_ptr_local_reg[0]/C
                         clock pessimism              0.213    10.515    
                         clock uncertainty           -0.069    10.446    
    SLICE_X70Y138        FDRE (Setup_fdre_C_R)       -0.423    10.023    u_top/u_core/u_b/u_b_core/core/core/l5/gk.frontend/fifo/g_wide_read.g_read_slice[84].rd_ptr_local_reg[0]
  -------------------------------------------------------------------
                         required time                         10.023    
                         arrival time                         -10.691    
  -------------------------------------------------------------------
                         slack                                 -0.668    

Slack (VIOLATED) :        -0.668ns  (required time - arrival time)
  Source:                 u_top/u_core/u_b/u_b_core/core/core/l5/mac/acc/sum_valid_reg/C
                            (rising edge-triggered cell FDRE clocked by u_top_n_1799  {rise@0.000ns fall@2.500ns period=5.000ns})
  Destination:            u_top/u_core/u_b/u_b_core/core/core/l5/gk.frontend/fifo/g_wide_read.g_read_slice[84].rd_ptr_local_reg[1]/R
                            (rising edge-triggered cell FDRE clocked by u_top_n_1799  {rise@0.000ns fall@2.500ns period=5.000ns})
  Path Group:             u_top_n_1799
  Path Type:              Setup (Max at Slow Process Corner)
  Requirement:            5.000ns  (u_top_n_1799 rise@5.000ns - u_top_n_1799 rise@0.000ns)
  Data Path Delay:        5.093ns  (logic 0.904ns (17.750%)  route 4.189ns (82.250%))
  Logic Levels:           5  (LUT3=1 LUT4=1 LUT6=3)
  Clock Path Skew:        -0.083ns (DCD - SCD + CPR)
    Destination Clock Delay (DCD):    5.302ns = ( 10.302 - 5.000 ) 
    Source Clock Delay      (SCD):    5.598ns
    Clock Pessimism Removal (CPR):    0.213ns
  Clock Uncertainty:      0.069ns  ((TSJ^2 + DJ^2)^1/2) / 2 + PE
    Total System Jitter     (TSJ):    0.071ns
    Discrete Jitter          (DJ):    0.118ns
    Phase Error              (PE):    0.000ns

    Location             Delay type                Incr(ns)  Path(ns)    Netlist Resource(s)
  -------------------------------------------------------------------    -------------------
                         (clock u_top_n_1799 rise edge)
                                                      0.000     0.000 r  
    W19                                               0.000     0.000 r  sys_clk (IN)
                         net (fo=0)                   0.000     0.000    sys_clk
    W19                  IBUF (Prop_ibuf_I_O)         1.440     1.440 r  sys_clk_IBUF_inst/O
                         net (fo=1, routed)           1.065     2.505    u_top/sys_clk_IBUF
    MMCME2_ADV_X0Y2      MMCME2_ADV (Prop_mmcme2_adv_CLKIN1_CLKOUT0)
                                                      0.077     2.582 r  u_top/g_mmcm.u_mmcm/CLKOUT0
                         net (fo=1, routed)           1.559     4.141    u_top_n_1799
    BUFGCTRL_X0Y0        BUFG (Prop_bufg_I_O)         0.081     4.222 r  bank_gen[3].mem_reg_i_1/O
                         net (fo=61184, routed)       1.376     5.598    u_top/u_core/u_b/u_b_core/core/core/l5/mac/acc/clk_200
    SLICE_X86Y130        FDRE                                         r  u_top/u_core/u_b/u_b_core/core/core/l5/mac/acc/sum_valid_reg/C
  -------------------------------------------------------------------    -------------------
    SLICE_X86Y130        FDRE (Prop_fdre_C_Q)         0.379     5.977 f  u_top/u_core/u_b/u_b_core/core/core/l5/mac/acc/sum_valid_reg/Q
                         net (fo=6, routed)           0.710     6.687    u_top/u_core/u_b/u_b_core/core/core/l5/mac/acc/sum_valid_reg_0
    SLICE_X85Y129        LUT6 (Prop_lut6_I0_O)        0.105     6.792 r  u_top/u_core/u_b/u_b_core/core/core/l5/mac/acc/tree_stage[2].channel[2].node[3].pair.sums_q[2][2][3][31]_i_3/O
                         net (fo=17, routed)          0.215     7.007    u_top/u_core/u_b/u_b_core/core/core/l5/mac/mac/ready_7
    SLICE_X85Y129        LUT6 (Prop_lut6_I2_O)        0.105     7.112 r  u_top/u_core/u_b/u_b_core/core/core/l5/mac/mac/out_lane[2].mult_lane[15].operand_pipe.sums_q_reg[0][2][15]_i_2/O
                         net (fo=19, routed)          0.298     7.410    u_top/u_core/u_b/u_b_core/core/core/l5/mac/mac/ready_2
    SLICE_X87Y129        LUT3 (Prop_lut3_I1_O)        0.105     7.515 r  u_top/u_core/u_b/u_b_core/core/core/l5/mac/mac/out_lane[3].mult_lane[48].operand_pipe.act_q[15]_i_3/O
                         net (fo=76, routed)          0.911     8.426    u_top/u_core/u_b/u_b_core/core/core/l5/mac/issue/issue_ready
    SLICE_X81Y112        LUT6 (Prop_lut6_I4_O)        0.105     8.531 r  u_top/u_core/u_b/u_b_core/core/core/l5/mac/issue/out_window[6399]_i_1/O
                         net (fo=6704, routed)        1.397     9.927    u_top/u_core/u_b/u_b_core/core/core/l5/gk.frontend/fifo/g_wide_read.g_read_slice[0].rd_ptr_local_reg[1]_0
    SLICE_X68Y130        LUT4 (Prop_lut4_I3_O)        0.105    10.032 r  u_top/u_core/u_b/u_b_core/core/core/l5/gk.frontend/fifo/g_wide_read.g_read_slice[84].rd_ptr_local[1]_i_1/O
                         net (fo=2, routed)           0.659    10.691    u_top/u_core/u_b/u_b_core/core/core/l5/gk.frontend/fifo/g_wide_read.g_read_slice[84].rd_ptr_local[1]_i_1_n_0
    SLICE_X70Y138        FDRE                                         r  u_top/u_core/u_b/u_b_core/core/core/l5/gk.frontend/fifo/g_wide_read.g_read_slice[84].rd_ptr_local_reg[1]/R
  -------------------------------------------------------------------    -------------------

                         (clock u_top_n_1799 rise edge)
                                                      5.000     5.000 r  
    W19                                               0.000     5.000 r  sys_clk (IN)
                         net (fo=0)                   0.000     5.000    sys_clk
    W19                  IBUF (Prop_ibuf_I_O)         1.374     6.374 r  sys_clk_IBUF_inst/O
                         net (fo=1, routed)           1.004     7.378    u_top/sys_clk_IBUF
    MMCME2_ADV_X0Y2      MMCME2_ADV (Prop_mmcme2_adv_CLKIN1_CLKOUT0)
                                                      0.073     7.451 r  u_top/g_mmcm.u_mmcm/CLKOUT0
                         net (fo=1, routed)           1.488     8.938    u_top_n_1799
    BUFGCTRL_X0Y0        BUFG (Prop_bufg_I_O)         0.077     9.015 r  bank_gen[3].mem_reg_i_1/O
                         net (fo=61184, routed)       1.287    10.302    u_top/u_core/u_b/u_b_core/core/core/l5/gk.frontend/fifo/clk_200
    SLICE_X70Y138        FDRE                                         r  u_top/u_core/u_b/u_b_core/core/core/l5/gk.frontend/fifo/g_wide_read.g_read_slice[84].rd_ptr_local_reg[1]/C
                         clock pessimism              0.213    10.515    
                         clock uncertainty           -0.069    10.446    
    SLICE_X70Y138        FDRE (Setup_fdre_C_R)       -0.423    10.023    u_top/u_core/u_b/u_b_core/core/core/l5/gk.frontend/fifo/g_wide_read.g_read_slice[84].rd_ptr_local_reg[1]
  -------------------------------------------------------------------
                         required time                         10.023    
                         arrival time                         -10.691    
  -------------------------------------------------------------------
                         slack                                 -0.668    

Slack (VIOLATED) :        -0.650ns  (required time - arrival time)
  Source:                 u_top/u_core/u_pp/u_bank1/mem_reg_bram_7/CLKBWRCLK
                            (rising edge-triggered cell RAMB36E1 clocked by u_top_n_1799  {rise@0.000ns fall@2.500ns period=5.000ns})
  Destination:            u_top/u_core/u_rb/byte_q_reg[6]/D
                            (rising edge-triggered cell FDCE clocked by u_top_n_1799  {rise@0.000ns fall@2.500ns period=5.000ns})
  Path Group:             u_top_n_1799
  Path Type:              Setup (Max at Slow Process Corner)
  Requirement:            5.000ns  (u_top_n_1799 rise@5.000ns - u_top_n_1799 rise@0.000ns)
  Data Path Delay:        5.391ns  (logic 2.884ns (53.498%)  route 2.507ns (46.502%))
  Logic Levels:           4  (LUT6=2 MUXF7=2)
  Clock Path Skew:        -0.250ns (DCD - SCD + CPR)
    Destination Clock Delay (DCD):    5.302ns = ( 10.302 - 5.000 ) 
    Source Clock Delay      (SCD):    5.760ns
    Clock Pessimism Removal (CPR):    0.207ns
  Clock Uncertainty:      0.069ns  ((TSJ^2 + DJ^2)^1/2) / 2 + PE
    Total System Jitter     (TSJ):    0.071ns
    Discrete Jitter          (DJ):    0.118ns
    Phase Error              (PE):    0.000ns

    Location             Delay type                Incr(ns)  Path(ns)    Netlist Resource(s)
  -------------------------------------------------------------------    -------------------
                         (clock u_top_n_1799 rise edge)
                                                      0.000     0.000 r  
    W19                                               0.000     0.000 r  sys_clk (IN)
                         net (fo=0)                   0.000     0.000    sys_clk
    W19                  IBUF (Prop_ibuf_I_O)         1.440     1.440 r  sys_clk_IBUF_inst/O
                         net (fo=1, routed)           1.065     2.505    u_top/sys_clk_IBUF
    MMCME2_ADV_X0Y2      MMCME2_ADV (Prop_mmcme2_adv_CLKIN1_CLKOUT0)
                                                      0.077     2.582 r  u_top/g_mmcm.u_mmcm/CLKOUT0
                         net (fo=1, routed)           1.559     4.141    u_top_n_1799
    BUFGCTRL_X0Y0        BUFG (Prop_bufg_I_O)         0.081     4.222 r  bank_gen[3].mem_reg_i_1/O
                         net (fo=61184, routed)       1.537     5.760    u_top/u_core/u_pp/u_bank1/clk_200
    RAMB36_X0Y28         RAMB36E1                                     r  u_top/u_core/u_pp/u_bank1/mem_reg_bram_7/CLKBWRCLK
  -------------------------------------------------------------------    -------------------
    RAMB36_X0Y28         RAMB36E1 (Prop_ramb36e1_CLKBWRCLK_DOBDO[6])
                                                      2.125     7.885 r  u_top/u_core/u_pp/u_bank1/mem_reg_bram_7/DOBDO[6]
                         net (fo=1, routed)           1.449     9.333    u_top/u_core/u_pp/u_bank1/mem_reg_bram_7_n_61
    SLICE_X36Y147        LUT6 (Prop_lut6_I0_O)        0.105     9.438 r  u_top/u_core/u_pp/u_bank1/byte_q[6]_i_27/O
                         net (fo=1, routed)           0.000     9.438    u_top/u_core/u_pp/u_bank1/byte_q[6]_i_27_n_0
    SLICE_X36Y147        MUXF7 (Prop_muxf7_I1_O)      0.206     9.644 r  u_top/u_core/u_pp/u_bank1/byte_q_reg[6]_i_11/O
                         net (fo=1, routed)           1.058    10.702    u_top/u_core/u_pp/u_bank1/byte_q_reg[6]_i_11_n_0
    SLICE_X55Y150        LUT6 (Prop_lut6_I5_O)        0.242    10.944 r  u_top/u_core/u_pp/u_bank1/byte_q[6]_i_3/O
                         net (fo=1, routed)           0.000    10.944    u_top/u_core/u_pp/u_bank0/byte_q_reg[6]
    SLICE_X55Y150        MUXF7 (Prop_muxf7_I1_O)      0.206    11.150 r  u_top/u_core/u_pp/u_bank0/byte_q_reg[6]_i_1/O
                         net (fo=1, routed)           0.000    11.150    u_top/u_core/u_rb/D[6]
    SLICE_X55Y150        FDCE                                         r  u_top/u_core/u_rb/byte_q_reg[6]/D
  -------------------------------------------------------------------    -------------------

                         (clock u_top_n_1799 rise edge)
                                                      5.000     5.000 r  
    W19                                               0.000     5.000 r  sys_clk (IN)
                         net (fo=0)                   0.000     5.000    sys_clk
    W19                  IBUF (Prop_ibuf_I_O)         1.374     6.374 r  sys_clk_IBUF_inst/O
                         net (fo=1, routed)           1.004     7.378    u_top/sys_clk_IBUF
    MMCME2_ADV_X0Y2      MMCME2_ADV (Prop_mmcme2_adv_CLKIN1_CLKOUT0)
                                                      0.073     7.451 r  u_top/g_mmcm.u_mmcm/CLKOUT0
                         net (fo=1, routed)           1.488     8.938    u_top_n_1799
    BUFGCTRL_X0Y0        BUFG (Prop_bufg_I_O)         0.077     9.015 r  bank_gen[3].mem_reg_i_1/O
                         net (fo=61184, routed)       1.287    10.302    u_top/u_core/u_rb/clk_200
    SLICE_X55Y150        FDCE                                         r  u_top/u_core/u_rb/byte_q_reg[6]/C
                         clock pessimism              0.207    10.509    
                         clock uncertainty           -0.069    10.440    
    SLICE_X55Y150        FDCE (Setup_fdce_C_D)        0.060    10.500    u_top/u_core/u_rb/byte_q_reg[6]
  -------------------------------------------------------------------
                         required time                         10.500    
                         arrival time                         -11.150    
  -------------------------------------------------------------------
                         slack                                 -0.650    

Slack (VIOLATED) :        -0.646ns  (required time - arrival time)
  Source:                 u_top/u_core/u_pp/u_bank1/mem_reg_bram_15/CLKBWRCLK
                            (rising edge-triggered cell RAMB36E1 clocked by u_top_n_1799  {rise@0.000ns fall@2.500ns period=5.000ns})
  Destination:            u_top/u_core/u_rb/byte_q_reg[5]/D
                            (rising edge-triggered cell FDCE clocked by u_top_n_1799  {rise@0.000ns fall@2.500ns period=5.000ns})
  Path Group:             u_top_n_1799
  Path Type:              Setup (Max at Slow Process Corner)
  Requirement:            5.000ns  (u_top_n_1799 rise@5.000ns - u_top_n_1799 rise@0.000ns)
  Data Path Delay:        5.519ns  (logic 2.870ns (51.998%)  route 2.649ns (48.002%))
  Logic Levels:           4  (LUT6=2 MUXF7=2)
  Clock Path Skew:        -0.118ns (DCD - SCD + CPR)
    Destination Clock Delay (DCD):    5.317ns = ( 10.317 - 5.000 ) 
    Source Clock Delay      (SCD):    5.642ns
    Clock Pessimism Removal (CPR):    0.207ns
  Clock Uncertainty:      0.069ns  ((TSJ^2 + DJ^2)^1/2) / 2 + PE
    Total System Jitter     (TSJ):    0.071ns
    Discrete Jitter          (DJ):    0.118ns
    Phase Error              (PE):    0.000ns

    Location             Delay type                Incr(ns)  Path(ns)    Netlist Resource(s)
  -------------------------------------------------------------------    -------------------
                         (clock u_top_n_1799 rise edge)
                                                      0.000     0.000 r  
    W19                                               0.000     0.000 r  sys_clk (IN)
                         net (fo=0)                   0.000     0.000    sys_clk
    W19                  IBUF (Prop_ibuf_I_O)         1.440     1.440 r  sys_clk_IBUF_inst/O
                         net (fo=1, routed)           1.065     2.505    u_top/sys_clk_IBUF
    MMCME2_ADV_X0Y2      MMCME2_ADV (Prop_mmcme2_adv_CLKIN1_CLKOUT0)
                                                      0.077     2.582 r  u_top/g_mmcm.u_mmcm/CLKOUT0
                         net (fo=1, routed)           1.559     4.141    u_top_n_1799
    BUFGCTRL_X0Y0        BUFG (Prop_bufg_I_O)         0.081     4.222 r  bank_gen[3].mem_reg_i_1/O
                         net (fo=61184, routed)       1.420     5.642    u_top/u_core/u_pp/u_bank1/clk_200
    RAMB36_X5Y32         RAMB36E1                                     r  u_top/u_core/u_pp/u_bank1/mem_reg_bram_15/CLKBWRCLK
  -------------------------------------------------------------------    -------------------
    RAMB36_X5Y32         RAMB36E1 (Prop_ramb36e1_CLKBWRCLK_DOBDO[5])
                                                      2.125     7.767 r  u_top/u_core/u_pp/u_bank1/mem_reg_bram_15/DOBDO[5]
                         net (fo=1, routed)           1.667     9.434    u_top/u_core/u_pp/u_bank1/mem_reg_bram_15_n_62
    SLICE_X43Y151        LUT6 (Prop_lut6_I0_O)        0.105     9.539 r  u_top/u_core/u_pp/u_bank1/byte_q[5]_i_25/O
                         net (fo=1, routed)           0.000     9.539    u_top/u_core/u_pp/u_bank1/byte_q[5]_i_25_n_0
    SLICE_X43Y151        MUXF7 (Prop_muxf7_I1_O)      0.182     9.721 r  u_top/u_core/u_pp/u_bank1/byte_q_reg[5]_i_10/O
                         net (fo=1, routed)           0.982    10.704    u_top/u_core/u_pp/u_bank1/byte_q_reg[5]_i_10_n_0
    SLICE_X51Y148        LUT6 (Prop_lut6_I3_O)        0.252    10.956 r  u_top/u_core/u_pp/u_bank1/byte_q[5]_i_3/O
                         net (fo=1, routed)           0.000    10.956    u_top/u_core/u_pp/u_bank0/byte_q_reg[5]
    SLICE_X51Y148        MUXF7 (Prop_muxf7_I1_O)      0.206    11.162 r  u_top/u_core/u_pp/u_bank0/byte_q_reg[5]_i_1/O
                         net (fo=1, routed)           0.000    11.162    u_top/u_core/u_rb/D[5]
    SLICE_X51Y148        FDCE                                         r  u_top/u_core/u_rb/byte_q_reg[5]/D
  -------------------------------------------------------------------    -------------------

                         (clock u_top_n_1799 rise edge)
                                                      5.000     5.000 r  
    W19                                               0.000     5.000 r  sys_clk (IN)
                         net (fo=0)                   0.000     5.000    sys_clk
    W19                  IBUF (Prop_ibuf_I_O)         1.374     6.374 r  sys_clk_IBUF_inst/O
                         net (fo=1, routed)           1.004     7.378    u_top/sys_clk_IBUF
    MMCME2_ADV_X0Y2      MMCME2_ADV (Prop_mmcme2_adv_CLKIN1_CLKOUT0)
                                                      0.073     7.451 r  u_top/g_mmcm.u_mmcm/CLKOUT0
                         net (fo=1, routed)           1.488     8.938    u_top_n_1799
    BUFGCTRL_X0Y0        BUFG (Prop_bufg_I_O)         0.077     9.015 r  bank_gen[3].mem_reg_i_1/O
                         net (fo=61184, routed)       1.302    10.317    u_top/u_core/u_rb/clk_200
    SLICE_X51Y148        FDCE                                         r  u_top/u_core/u_rb/byte_q_reg[5]/C
                         clock pessimism              0.207    10.524    
                         clock uncertainty           -0.069    10.455    
    SLICE_X51Y148        FDCE (Setup_fdce_C_D)        0.060    10.515    u_top/u_core/u_rb/byte_q_reg[5]
  -------------------------------------------------------------------
                         required time                         10.515    
                         arrival time                         -11.162    
  -------------------------------------------------------------------
                         slack                                 -0.646    

Slack (VIOLATED) :        -0.644ns  (required time - arrival time)
  Source:                 u_top/u_core/u_pp/u_bank0/mem_reg_bram_22/CLKBWRCLK
                            (rising edge-triggered cell RAMB36E1 clocked by u_top_n_1799  {rise@0.000ns fall@2.500ns period=5.000ns})
  Destination:            u_top/u_core/u_rb/byte_q_reg[0]/D
                            (rising edge-triggered cell FDCE clocked by u_top_n_1799  {rise@0.000ns fall@2.500ns period=5.000ns})
  Path Group:             u_top_n_1799
  Path Type:              Setup (Max at Slow Process Corner)
  Requirement:            5.000ns  (u_top_n_1799 rise@5.000ns - u_top_n_1799 rise@0.000ns)
  Data Path Delay:        5.528ns  (logic 2.827ns (51.136%)  route 2.701ns (48.864%))
  Logic Levels:           4  (LUT6=2 MUXF7=2)
  Clock Path Skew:        -0.107ns (DCD - SCD + CPR)
    Destination Clock Delay (DCD):    5.317ns = ( 10.317 - 5.000 ) 
    Source Clock Delay      (SCD):    5.631ns
    Clock Pessimism Removal (CPR):    0.207ns
  Clock Uncertainty:      0.069ns  ((TSJ^2 + DJ^2)^1/2) / 2 + PE
    Total System Jitter     (TSJ):    0.071ns
    Discrete Jitter          (DJ):    0.118ns
    Phase Error              (PE):    0.000ns

    Location             Delay type                Incr(ns)  Path(ns)    Netlist Resource(s)
  -------------------------------------------------------------------    -------------------
                         (clock u_top_n_1799 rise edge)
                                                      0.000     0.000 r  
    W19                                               0.000     0.000 r  sys_clk (IN)
                         net (fo=0)                   0.000     0.000    sys_clk
    W19                  IBUF (Prop_ibuf_I_O)         1.440     1.440 r  sys_clk_IBUF_inst/O
                         net (fo=1, routed)           1.065     2.505    u_top/sys_clk_IBUF
    MMCME2_ADV_X0Y2      MMCME2_ADV (Prop_mmcme2_adv_CLKIN1_CLKOUT0)
                                                      0.077     2.582 r  u_top/g_mmcm.u_mmcm/CLKOUT0
                         net (fo=1, routed)           1.559     4.141    u_top_n_1799
    BUFGCTRL_X0Y0        BUFG (Prop_bufg_I_O)         0.081     4.222 r  bank_gen[3].mem_reg_i_1/O
                         net (fo=61184, routed)       1.409     5.631    u_top/u_core/u_pp/u_bank0/clk_200
    RAMB36_X4Y36         RAMB36E1                                     r  u_top/u_core/u_pp/u_bank0/mem_reg_bram_22/CLKBWRCLK
  -------------------------------------------------------------------    -------------------
    RAMB36_X4Y36         RAMB36E1 (Prop_ramb36e1_CLKBWRCLK_DOBDO[0])
                                                      2.125     7.756 r  u_top/u_core/u_pp/u_bank0/mem_reg_bram_22/DOBDO[0]
                         net (fo=1, routed)           1.349     9.105    u_top/u_core/u_pp/u_bank0/mem_reg_bram_22_n_67
    SLICE_X62Y170        LUT6 (Prop_lut6_I1_O)        0.105     9.210 r  u_top/u_core/u_pp/u_bank0/byte_q[0]_i_15/O
                         net (fo=1, routed)           0.000     9.210    u_top/u_core/u_pp/u_bank0/byte_q[0]_i_15_n_0
    SLICE_X62Y170        MUXF7 (Prop_muxf7_I1_O)      0.178     9.388 r  u_top/u_core/u_pp/u_bank0/byte_q_reg[0]_i_5/O
                         net (fo=1, routed)           1.352    10.740    u_top/u_core/u_pp/u_bank0/byte_q_reg[0]_i_5_n_0
    SLICE_X49Y147        LUT6 (Prop_lut6_I1_O)        0.241    10.981 r  u_top/u_core/u_pp/u_bank0/byte_q[0]_i_2/O
                         net (fo=1, routed)           0.000    10.981    u_top/u_core/u_pp/u_bank0/byte_q[0]_i_2_n_0
    SLICE_X49Y147        MUXF7 (Prop_muxf7_I0_O)      0.178    11.159 r  u_top/u_core/u_pp/u_bank0/byte_q_reg[0]_i_1/O
                         net (fo=1, routed)           0.000    11.159    u_top/u_core/u_rb/D[0]
    SLICE_X49Y147        FDCE                                         r  u_top/u_core/u_rb/byte_q_reg[0]/D
  -------------------------------------------------------------------    -------------------

                         (clock u_top_n_1799 rise edge)
                                                      5.000     5.000 r  
    W19                                               0.000     5.000 r  sys_clk (IN)
                         net (fo=0)                   0.000     5.000    sys_clk
    W19                  IBUF (Prop_ibuf_I_O)         1.374     6.374 r  sys_clk_IBUF_inst/O
                         net (fo=1, routed)           1.004     7.378    u_top/sys_clk_IBUF
    MMCME2_ADV_X0Y2      MMCME2_ADV (Prop_mmcme2_adv_CLKIN1_CLKOUT0)
                                                      0.073     7.451 r  u_top/g_mmcm.u_mmcm/CLKOUT0
                         net (fo=1, routed)           1.488     8.938    u_top_n_1799
    BUFGCTRL_X0Y0        BUFG (Prop_bufg_I_O)         0.077     9.015 r  bank_gen[3].mem_reg_i_1/O
                         net (fo=61184, routed)       1.302    10.317    u_top/u_core/u_rb/clk_200
    SLICE_X49Y147        FDCE                                         r  u_top/u_core/u_rb/byte_q_reg[0]/C
                         clock pessimism              0.207    10.524    
                         clock uncertainty           -0.069    10.455    
    SLICE_X49Y147        FDCE (Setup_fdce_C_D)        0.060    10.515    u_top/u_core/u_rb/byte_q_reg[0]
  -------------------------------------------------------------------
                         required time                         10.515    
                         arrival time                         -11.159    
  -------------------------------------------------------------------
                         slack                                 -0.644    

Slack (VIOLATED) :        -0.636ns  (required time - arrival time)
  Source:                 u_top/u_core/u_b/u_b_core/core/core/l5/mac/issue/out_phase_reg[0]_rep__14_replica_1/C
                            (rising edge-triggered cell FDRE clocked by u_top_n_1799  {rise@0.000ns fall@2.500ns period=5.000ns})
  Destination:            u_top/u_core/u_b/u_b_core/core/core/l5/mac/mac/out_lane[2].mult_lane[29].operand_pipe.act_q_reg[7]/D
                            (rising edge-triggered cell FDRE clocked by u_top_n_1799  {rise@0.000ns fall@2.500ns period=5.000ns})
  Path Group:             u_top_n_1799
  Path Type:              Setup (Max at Slow Process Corner)
  Requirement:            5.000ns  (u_top_n_1799 rise@5.000ns - u_top_n_1799 rise@0.000ns)
  Data Path Delay:        5.155ns  (logic 0.770ns (14.936%)  route 4.385ns (85.064%))
  Logic Levels:           2  (LUT6=1 MUXF7=1)
  Clock Path Skew:        -0.241ns (DCD - SCD + CPR)
    Destination Clock Delay (DCD):    5.301ns = ( 10.301 - 5.000 ) 
    Source Clock Delay      (SCD):    5.755ns
    Clock Pessimism Removal (CPR):    0.213ns
  Clock Uncertainty:      0.069ns  ((TSJ^2 + DJ^2)^1/2) / 2 + PE
    Total System Jitter     (TSJ):    0.071ns
    Discrete Jitter          (DJ):    0.118ns
    Phase Error              (PE):    0.000ns

    Location             Delay type                Incr(ns)  Path(ns)    Netlist Resource(s)
  -------------------------------------------------------------------    -------------------
                         (clock u_top_n_1799 rise edge)
                                                      0.000     0.000 r  
    W19                                               0.000     0.000 r  sys_clk (IN)
                         net (fo=0)                   0.000     0.000    sys_clk
    W19                  IBUF (Prop_ibuf_I_O)         1.440     1.440 r  sys_clk_IBUF_inst/O
                         net (fo=1, routed)           1.065     2.505    u_top/sys_clk_IBUF
    MMCME2_ADV_X0Y2      MMCME2_ADV (Prop_mmcme2_adv_CLKIN1_CLKOUT0)
                                                      0.077     2.582 r  u_top/g_mmcm.u_mmcm/CLKOUT0
                         net (fo=1, routed)           1.559     4.141    u_top_n_1799
    BUFGCTRL_X0Y0        BUFG (Prop_bufg_I_O)         0.081     4.222 r  bank_gen[3].mem_reg_i_1/O
                         net (fo=61184, routed)       1.533     5.755    u_top/u_core/u_b/u_b_core/core/core/l5/mac/issue/clk_200
    SLICE_X73Y80         FDRE                                         r  u_top/u_core/u_b/u_b_core/core/core/l5/mac/issue/out_phase_reg[0]_rep__14_replica_1/C
  -------------------------------------------------------------------    -------------------
    SLICE_X73Y80         FDRE (Prop_fdre_C_Q)         0.348     6.103 r  u_top/u_core/u_b/u_b_core/core/core/l5/mac/issue/out_phase_reg[0]_rep__14_replica_1/Q
                         net (fo=28, routed)          1.224     7.327    u_top/u_core/u_b/u_b_core/core/core/l5/mac/issue/out_phase_reg[0]_rep__14_n_0_repN_1
    SLICE_X65Y76         LUT6 (Prop_lut6_I4_O)        0.240     7.567 r  u_top/u_core/u_b/u_b_core/core/core/l5/mac/issue/out_lane[3].mult_lane[29].operand_pipe.act_q[7]_i_3/O
                         net (fo=1, routed)           0.000     7.567    u_top/u_core/u_b/u_b_core/core/core/l5/mac/issue/out_lane[3].mult_lane[29].operand_pipe.act_q[7]_i_3_n_0
    SLICE_X65Y76         MUXF7 (Prop_muxf7_I1_O)      0.182     7.749 r  u_top/u_core/u_b/u_b_core/core/core/l5/mac/issue/out_lane[3].mult_lane[29].operand_pipe.act_q_reg[7]_i_1/O
                         net (fo=4, routed)           3.161    10.911    u_top/u_core/u_b/u_b_core/core/core/l5/mac/mac/out_lane[3].mult_lane[29].operand_pipe.act_q_reg[15]_0[7]
    SLICE_X67Y134        FDRE                                         r  u_top/u_core/u_b/u_b_core/core/core/l5/mac/mac/out_lane[2].mult_lane[29].operand_pipe.act_q_reg[7]/D
  -------------------------------------------------------------------    -------------------

                         (clock u_top_n_1799 rise edge)
                                                      5.000     5.000 r  
    W19                                               0.000     5.000 r  sys_clk (IN)
                         net (fo=0)                   0.000     5.000    sys_clk
    W19                  IBUF (Prop_ibuf_I_O)         1.374     6.374 r  sys_clk_IBUF_inst/O
                         net (fo=1, routed)           1.004     7.378    u_top/sys_clk_IBUF
    MMCME2_ADV_X0Y2      MMCME2_ADV (Prop_mmcme2_adv_CLKIN1_CLKOUT0)
                                                      0.073     7.451 r  u_top/g_mmcm.u_mmcm/CLKOUT0
                         net (fo=1, routed)           1.488     8.938    u_top_n_1799
    BUFGCTRL_X0Y0        BUFG (Prop_bufg_I_O)         0.077     9.015 r  bank_gen[3].mem_reg_i_1/O
                         net (fo=61184, routed)       1.286    10.301    u_top/u_core/u_b/u_b_core/core/core/l5/mac/mac/clk_200
    SLICE_X67Y134        FDRE                                         r  u_top/u_core/u_b/u_b_core/core/core/l5/mac/mac/out_lane[2].mult_lane[29].operand_pipe.act_q_reg[7]/C
                         clock pessimism              0.213    10.514    
                         clock uncertainty           -0.069    10.445    
    SLICE_X67Y134        FDRE (Setup_fdre_C_D)       -0.171    10.274    u_top/u_core/u_b/u_b_core/core/core/l5/mac/mac/out_lane[2].mult_lane[29].operand_pipe.act_q_reg[7]
  -------------------------------------------------------------------
                         required time                         10.274    
                         arrival time                         -10.911    
  -------------------------------------------------------------------
                         slack                                 -0.636    

Slack (VIOLATED) :        -0.635ns  (required time - arrival time)
  Source:                 u_top/u_core/u_pp/u_bank0/mem_reg_bram_7/CLKBWRCLK
                            (rising edge-triggered cell RAMB36E1 clocked by u_top_n_1799  {rise@0.000ns fall@2.500ns period=5.000ns})
  Destination:            u_top/u_core/u_rb/byte_q_reg[7]/D
                            (rising edge-triggered cell FDCE clocked by u_top_n_1799  {rise@0.000ns fall@2.500ns period=5.000ns})
  Path Group:             u_top_n_1799
  Path Type:              Setup (Max at Slow Process Corner)
  Requirement:            5.000ns  (u_top_n_1799 rise@5.000ns - u_top_n_1799 rise@0.000ns)
  Data Path Delay:        5.543ns  (logic 2.877ns (51.902%)  route 2.666ns (48.098%))
  Logic Levels:           4  (LUT6=2 MUXF7=2)
  Clock Path Skew:        -0.083ns (DCD - SCD + CPR)
    Destination Clock Delay (DCD):    5.303ns = ( 10.303 - 5.000 ) 
    Source Clock Delay      (SCD):    5.659ns
    Clock Pessimism Removal (CPR):    0.273ns
  Clock Uncertainty:      0.069ns  ((TSJ^2 + DJ^2)^1/2) / 2 + PE
    Total System Jitter     (TSJ):    0.071ns
    Discrete Jitter          (DJ):    0.118ns
    Phase Error              (PE):    0.000ns

    Location             Delay type                Incr(ns)  Path(ns)    Netlist Resource(s)
  -------------------------------------------------------------------    -------------------
                         (clock u_top_n_1799 rise edge)
                                                      0.000     0.000 r  
    W19                                               0.000     0.000 r  sys_clk (IN)
                         net (fo=0)                   0.000     0.000    sys_clk
    W19                  IBUF (Prop_ibuf_I_O)         1.440     1.440 r  sys_clk_IBUF_inst/O
                         net (fo=1, routed)           1.065     2.505    u_top/sys_clk_IBUF
    MMCME2_ADV_X0Y2      MMCME2_ADV (Prop_mmcme2_adv_CLKIN1_CLKOUT0)
                                                      0.077     2.582 r  u_top/g_mmcm.u_mmcm/CLKOUT0
                         net (fo=1, routed)           1.559     4.141    u_top_n_1799
    BUFGCTRL_X0Y0        BUFG (Prop_bufg_I_O)         0.081     4.222 r  bank_gen[3].mem_reg_i_1/O
                         net (fo=61184, routed)       1.437     5.659    u_top/u_core/u_pp/u_bank0/clk_200
    RAMB36_X2Y39         RAMB36E1                                     r  u_top/u_core/u_pp/u_bank0/mem_reg_bram_7/CLKBWRCLK
  -------------------------------------------------------------------    -------------------
    RAMB36_X2Y39         RAMB36E1 (Prop_ramb36e1_CLKBWRCLK_DOBDO[7])
                                                      2.125     7.784 r  u_top/u_core/u_pp/u_bank0/mem_reg_bram_7/DOBDO[7]
                         net (fo=1, routed)           1.486     9.270    u_top/u_core/u_pp/u_bank0/mem_reg_bram_7_n_60
    SLICE_X42Y171        LUT6 (Prop_lut6_I0_O)        0.105     9.375 r  u_top/u_core/u_pp/u_bank0/byte_q[7]_i_19/O
                         net (fo=1, routed)           0.000     9.375    u_top/u_core/u_pp/u_bank0/byte_q[7]_i_19_n_0
    SLICE_X42Y171        MUXF7 (Prop_muxf7_I1_O)      0.206     9.581 r  u_top/u_core/u_pp/u_bank0/byte_q_reg[7]_i_7/O
                         net (fo=1, routed)           1.180    10.761    u_top/u_core/u_pp/u_bank0/byte_q_reg[7]_i_7_n_0
    SLICE_X47Y154        LUT6 (Prop_lut6_I5_O)        0.242    11.003 r  u_top/u_core/u_pp/u_bank0/byte_q[7]_i_2/O
                         net (fo=1, routed)           0.000    11.003    u_top/u_core/u_pp/u_bank0/byte_q[7]_i_2_n_0
    SLICE_X47Y154        MUXF7 (Prop_muxf7_I0_O)      0.199    11.202 r  u_top/u_core/u_pp/u_bank0/byte_q_reg[7]_i_1/O
                         net (fo=1, routed)           0.000    11.202    u_top/u_core/u_rb/D[7]
    SLICE_X47Y154        FDCE                                         r  u_top/u_core/u_rb/byte_q_reg[7]/D
  -------------------------------------------------------------------    -------------------

                         (clock u_top_n_1799 rise edge)
                                                      5.000     5.000 r  
    W19                                               0.000     5.000 r  sys_clk (IN)
                         net (fo=0)                   0.000     5.000    sys_clk
    W19                  IBUF (Prop_ibuf_I_O)         1.374     6.374 r  sys_clk_IBUF_inst/O
                         net (fo=1, routed)           1.004     7.378    u_top/sys_clk_IBUF
    MMCME2_ADV_X0Y2      MMCME2_ADV (Prop_mmcme2_adv_CLKIN1_CLKOUT0)
                                                      0.073     7.451 r  u_top/g_mmcm.u_mmcm/CLKOUT0
                         net (fo=1, routed)           1.488     8.938    u_top_n_1799
    BUFGCTRL_X0Y0        BUFG (Prop_bufg_I_O)         0.077     9.015 r  bank_gen[3].mem_reg_i_1/O
                         net (fo=61184, routed)       1.288    10.303    u_top/u_core/u_rb/clk_200
    SLICE_X47Y154        FDCE                                         r  u_top/u_core/u_rb/byte_q_reg[7]/C
                         clock pessimism              0.273    10.576    
                         clock uncertainty           -0.069    10.508    
    SLICE_X47Y154        FDCE (Setup_fdce_C_D)        0.060    10.568    u_top/u_core/u_rb/byte_q_reg[7]
  -------------------------------------------------------------------
                         required time                         10.568    
                         arrival time                         -11.202    
  -------------------------------------------------------------------
                         slack                                 -0.635    

Slack (VIOLATED) :        -0.628ns  (required time - arrival time)
  Source:                 u_top/u_core/u_b/u_b_core/core/core/l1/mac/acc/sum_stage_reg[7][0]/C
                            (rising edge-triggered cell FDRE clocked by u_top_n_1799  {rise@0.000ns fall@2.500ns period=5.000ns})
  Destination:            u_top/u_core/u_b/u_b_core/core/core/l1/mac/acc/out_data_reg[226]/S
                            (rising edge-triggered cell FDSE clocked by u_top_n_1799  {rise@0.000ns fall@2.500ns period=5.000ns})
  Path Group:             u_top_n_1799
  Path Type:              Setup (Max at Slow Process Corner)
  Requirement:            5.000ns  (u_top_n_1799 rise@5.000ns - u_top_n_1799 rise@0.000ns)
  Data Path Delay:        5.159ns  (logic 2.881ns (55.846%)  route 2.278ns (44.154%))
  Logic Levels:           12  (CARRY4=10 LUT2=1 LUT5=1)
  Clock Path Skew:        -0.048ns (DCD - SCD + CPR)
    Destination Clock Delay (DCD):    5.465ns = ( 10.465 - 5.000 ) 
    Source Clock Delay      (SCD):    5.793ns
    Clock Pessimism Removal (CPR):    0.280ns
  Clock Uncertainty:      0.069ns  ((TSJ^2 + DJ^2)^1/2) / 2 + PE
    Total System Jitter     (TSJ):    0.071ns
    Discrete Jitter          (DJ):    0.118ns
    Phase Error              (PE):    0.000ns

    Location             Delay type                Incr(ns)  Path(ns)    Netlist Resource(s)
  -------------------------------------------------------------------    -------------------
                         (clock u_top_n_1799 rise edge)
                                                      0.000     0.000 r  
    W19                                               0.000     0.000 r  sys_clk (IN)
                         net (fo=0)                   0.000     0.000    sys_clk
    W19                  IBUF (Prop_ibuf_I_O)         1.440     1.440 r  sys_clk_IBUF_inst/O
                         net (fo=1, routed)           1.065     2.505    u_top/sys_clk_IBUF
    MMCME2_ADV_X0Y2      MMCME2_ADV (Prop_mmcme2_adv_CLKIN1_CLKOUT0)
                                                      0.077     2.582 r  u_top/g_mmcm.u_mmcm/CLKOUT0
                         net (fo=1, routed)           1.559     4.141    u_top_n_1799
    BUFGCTRL_X0Y0        BUFG (Prop_bufg_I_O)         0.081     4.222 r  bank_gen[3].mem_reg_i_1/O
                         net (fo=61184, routed)       1.571     5.793    u_top/u_core/u_b/u_b_core/core/core/l1/mac/acc/clk_200
    SLICE_X117Y50        FDRE                                         r  u_top/u_core/u_b/u_b_core/core/core/l1/mac/acc/sum_stage_reg[7][0]/C
  -------------------------------------------------------------------    -------------------
    SLICE_X117Y50        FDRE (Prop_fdre_C_Q)         0.348     6.141 r  u_top/u_core/u_b/u_b_core/core/core/l1/mac/acc/sum_stage_reg[7][0]/Q
                         net (fo=2, routed)           0.683     6.824    u_top/u_core/u_b/u_b_core/core/core/l1/mac/acc/sum_stage_reg[7]_272[0]
    SLICE_X115Y50        CARRY4 (Prop_carry4_S[0]_CO[3])
                                                      0.682     7.506 r  u_top/u_core/u_b/u_b_core/core/core/l1/mac/acc/out_data_reg[227]_i_2/CO[3]
                         net (fo=1, routed)           0.000     7.506    u_top/u_core/u_b/u_b_core/core/core/l1/mac/acc/out_data_reg[227]_i_2_n_0
    SLICE_X115Y51        CARRY4 (Prop_carry4_CI_CO[3])
                                                      0.098     7.604 r  u_top/u_core/u_b/u_b_core/core/core/l1/mac/acc/out_data_reg[231]_i_2/CO[3]
                         net (fo=1, routed)           0.000     7.604    u_top/u_core/u_b/u_b_core/core/core/l1/mac/acc/out_data_reg[231]_i_2_n_0
    SLICE_X115Y52        CARRY4 (Prop_carry4_CI_CO[3])
                                                      0.098     7.702 r  u_top/u_core/u_b/u_b_core/core/core/l1/mac/acc/out_data_reg[235]_i_2/CO[3]
                         net (fo=1, routed)           0.000     7.702    u_top/u_core/u_b/u_b_core/core/core/l1/mac/acc/out_data_reg[235]_i_2_n_0
    SLICE_X115Y53        CARRY4 (Prop_carry4_CI_CO[3])
                                                      0.098     7.800 r  u_top/u_core/u_b/u_b_core/core/core/l1/mac/acc/out_data_reg[239]_i_2/CO[3]
                         net (fo=1, routed)           0.000     7.800    u_top/u_core/u_b/u_b_core/core/core/l1/mac/acc/out_data_reg[239]_i_2_n_0
    SLICE_X115Y54        CARRY4 (Prop_carry4_CI_CO[3])
                                                      0.098     7.898 r  u_top/u_core/u_b/u_b_core/core/core/l1/mac/acc/out_data_reg[243]_i_2/CO[3]
                         net (fo=1, routed)           0.000     7.898    u_top/u_core/u_b/u_b_core/core/core/l1/mac/acc/out_data_reg[243]_i_2_n_0
    SLICE_X115Y55        CARRY4 (Prop_carry4_CI_CO[3])
                                                      0.098     7.996 r  u_top/u_core/u_b/u_b_core/core/core/l1/mac/acc/out_data_reg[247]_i_2/CO[3]
                         net (fo=1, routed)           0.000     7.996    u_top/u_core/u_b/u_b_core/core/core/l1/mac/acc/out_data_reg[247]_i_2_n_0
    SLICE_X115Y56        CARRY4 (Prop_carry4_CI_CO[3])
                                                      0.098     8.094 r  u_top/u_core/u_b/u_b_core/core/core/l1/mac/acc/out_data_reg[251]_i_2/CO[3]
                         net (fo=1, routed)           0.000     8.094    u_top/u_core/u_b/u_b_core/core/core/l1/mac/acc/out_data_reg[251]_i_2_n_0
    SLICE_X115Y57        CARRY4 (Prop_carry4_CI_CO[3])
                                                      0.098     8.192 r  u_top/u_core/u_b/u_b_core/core/core/l1/mac/acc/out_data_reg[255]_i_2/CO[3]
                         net (fo=1, routed)           0.000     8.192    u_top/u_core/u_b/u_b_core/core/core/l1/mac/acc/out_data_reg[255]_i_2_n_0
    SLICE_X115Y58        CARRY4 (Prop_carry4_CI_O[0])
                                                      0.180     8.372 f  u_top/u_core/u_b/u_b_core/core/core/l1/mac/acc/i___127_i_7/O[0]
                         net (fo=4, routed)           0.578     8.951    u_top/u_core/u_b/u_b_core/core/core/l1/mac/acc/i___127_i_7_n_7
    SLICE_X113Y57        LUT2 (Prop_lut2_I1_O)        0.249     9.200 r  u_top/u_core/u_b/u_b_core/core/core/l1/mac/acc/i___127_i_5/O
                         net (fo=1, routed)           0.000     9.200    u_top/u_core/u_b/u_b_core/core/core/l1/mac/acc/i___127_i_5_n_0
    SLICE_X113Y57        CARRY4 (Prop_carry4_S[1]_CO[2])
                                                      0.475     9.675 r  u_top/u_core/u_b/u_b_core/core/core/l1/mac/acc/i___127_i_1/CO[2]
                         net (fo=2, routed)           0.288     9.963    u_top/u_core/u_b/u_b_core/core/core/l1/mac/sat_i32137_in
    SLICE_X112Y57        LUT5 (Prop_lut5_I4_O)        0.261    10.224 r  u_top/u_core/u_b/u_b_core/core/core/l1/mac/i___127/O
                         net (fo=31, routed)          0.728    10.952    u_top/u_core/u_b/u_b_core/core/core/l1/mac/acc/out_data_reg[254]_0
    SLICE_X111Y53        FDSE                                         r  u_top/u_core/u_b/u_b_core/core/core/l1/mac/acc/out_data_reg[226]/S
  -------------------------------------------------------------------    -------------------

                         (clock u_top_n_1799 rise edge)
                                                      5.000     5.000 r  
    W19                                               0.000     5.000 r  sys_clk (IN)
                         net (fo=0)                   0.000     5.000    sys_clk
    W19                  IBUF (Prop_ibuf_I_O)         1.374     6.374 r  sys_clk_IBUF_inst/O
                         net (fo=1, routed)           1.004     7.378    u_top/sys_clk_IBUF
    MMCME2_ADV_X0Y2      MMCME2_ADV (Prop_mmcme2_adv_CLKIN1_CLKOUT0)
                                                      0.073     7.451 r  u_top/g_mmcm.u_mmcm/CLKOUT0
                         net (fo=1, routed)           1.488     8.938    u_top_n_1799
    BUFGCTRL_X0Y0        BUFG (Prop_bufg_I_O)         0.077     9.015 r  bank_gen[3].mem_reg_i_1/O
                         net (fo=61184, routed)       1.450    10.465    u_top/u_core/u_b/u_b_core/core/core/l1/mac/acc/clk_200
    SLICE_X111Y53        FDSE                                         r  u_top/u_core/u_b/u_b_core/core/core/l1/mac/acc/out_data_reg[226]/C
                         clock pessimism              0.280    10.745    
                         clock uncertainty           -0.069    10.676    
    SLICE_X111Y53        FDSE (Setup_fdse_C_S)       -0.352    10.324    u_top/u_core/u_b/u_b_core/core/core/l1/mac/acc/out_data_reg[226]
  -------------------------------------------------------------------
                         required time                         10.324    
                         arrival time                         -10.952    
  -------------------------------------------------------------------
                         slack                                 -0.628    

Slack (VIOLATED) :        -0.628ns  (required time - arrival time)
  Source:                 u_top/u_core/u_b/u_b_core/core/core/l1/mac/acc/sum_stage_reg[7][0]/C
                            (rising edge-triggered cell FDRE clocked by u_top_n_1799  {rise@0.000ns fall@2.500ns period=5.000ns})
  Destination:            u_top/u_core/u_b/u_b_core/core/core/l1/mac/acc/out_data_reg[236]/S
                            (rising edge-triggered cell FDSE clocked by u_top_n_1799  {rise@0.000ns fall@2.500ns period=5.000ns})
  Path Group:             u_top_n_1799
  Path Type:              Setup (Max at Slow Process Corner)
  Requirement:            5.000ns  (u_top_n_1799 rise@5.000ns - u_top_n_1799 rise@0.000ns)
  Data Path Delay:        5.159ns  (logic 2.881ns (55.846%)  route 2.278ns (44.154%))
  Logic Levels:           12  (CARRY4=10 LUT2=1 LUT5=1)
  Clock Path Skew:        -0.048ns (DCD - SCD + CPR)
    Destination Clock Delay (DCD):    5.465ns = ( 10.465 - 5.000 ) 
    Source Clock Delay      (SCD):    5.793ns
    Clock Pessimism Removal (CPR):    0.280ns
  Clock Uncertainty:      0.069ns  ((TSJ^2 + DJ^2)^1/2) / 2 + PE
    Total System Jitter     (TSJ):    0.071ns
    Discrete Jitter          (DJ):    0.118ns
    Phase Error              (PE):    0.000ns

    Location             Delay type                Incr(ns)  Path(ns)    Netlist Resource(s)
  -------------------------------------------------------------------    -------------------
                         (clock u_top_n_1799 rise edge)
                                                      0.000     0.000 r  
    W19                                               0.000     0.000 r  sys_clk (IN)
                         net (fo=0)                   0.000     0.000    sys_clk
    W19                  IBUF (Prop_ibuf_I_O)         1.440     1.440 r  sys_clk_IBUF_inst/O
                         net (fo=1, routed)           1.065     2.505    u_top/sys_clk_IBUF
    MMCME2_ADV_X0Y2      MMCME2_ADV (Prop_mmcme2_adv_CLKIN1_CLKOUT0)
                                                      0.077     2.582 r  u_top/g_mmcm.u_mmcm/CLKOUT0
                         net (fo=1, routed)           1.559     4.141    u_top_n_1799
    BUFGCTRL_X0Y0        BUFG (Prop_bufg_I_O)         0.081     4.222 r  bank_gen[3].mem_reg_i_1/O
                         net (fo=61184, routed)       1.571     5.793    u_top/u_core/u_b/u_b_core/core/core/l1/mac/acc/clk_200
    SLICE_X117Y50        FDRE                                         r  u_top/u_core/u_b/u_b_core/core/core/l1/mac/acc/sum_stage_reg[7][0]/C
  -------------------------------------------------------------------    -------------------
    SLICE_X117Y50        FDRE (Prop_fdre_C_Q)         0.348     6.141 r  u_top/u_core/u_b/u_b_core/core/core/l1/mac/acc/sum_stage_reg[7][0]/Q
                         net (fo=2, routed)           0.683     6.824    u_top/u_core/u_b/u_b_core/core/core/l1/mac/acc/sum_stage_reg[7]_272[0]
    SLICE_X115Y50        CARRY4 (Prop_carry4_S[0]_CO[3])
                                                      0.682     7.506 r  u_top/u_core/u_b/u_b_core/core/core/l1/mac/acc/out_data_reg[227]_i_2/CO[3]
                         net (fo=1, routed)           0.000     7.506    u_top/u_core/u_b/u_b_core/core/core/l1/mac/acc/out_data_reg[227]_i_2_n_0
    SLICE_X115Y51        CARRY4 (Prop_carry4_CI_CO[3])
                                                      0.098     7.604 r  u_top/u_core/u_b/u_b_core/core/core/l1/mac/acc/out_data_reg[231]_i_2/CO[3]
                         net (fo=1, routed)           0.000     7.604    u_top/u_core/u_b/u_b_core/core/core/l1/mac/acc/out_data_reg[231]_i_2_n_0
    SLICE_X115Y52        CARRY4 (Prop_carry4_CI_CO[3])
                                                      0.098     7.702 r  u_top/u_core/u_b/u_b_core/core/core/l1/mac/acc/out_data_reg[235]_i_2/CO[3]
                         net (fo=1, routed)           0.000     7.702    u_top/u_core/u_b/u_b_core/core/core/l1/mac/acc/out_data_reg[235]_i_2_n_0
    SLICE_X115Y53        CARRY4 (Prop_carry4_CI_CO[3])
                                                      0.098     7.800 r  u_top/u_core/u_b/u_b_core/core/core/l1/mac/acc/out_data_reg[239]_i_2/CO[3]
                         net (fo=1, routed)           0.000     7.800    u_top/u_core/u_b/u_b_core/core/core/l1/mac/acc/out_data_reg[239]_i_2_n_0
    SLICE_X115Y54        CARRY4 (Prop_carry4_CI_CO[3])
                                                      0.098     7.898 r  u_top/u_core/u_b/u_b_core/core/core/l1/mac/acc/out_data_reg[243]_i_2/CO[3]
                         net (fo=1, routed)           0.000     7.898    u_top/u_core/u_b/u_b_core/core/core/l1/mac/acc/out_data_reg[243]_i_2_n_0
    SLICE_X115Y55        CARRY4 (Prop_carry4_CI_CO[3])
                                                      0.098     7.996 r  u_top/u_core/u_b/u_b_core/core/core/l1/mac/acc/out_data_reg[247]_i_2/CO[3]
                         net (fo=1, routed)           0.000     7.996    u_top/u_core/u_b/u_b_core/core/core/l1/mac/acc/out_data_reg[247]_i_2_n_0
    SLICE_X115Y56        CARRY4 (Prop_carry4_CI_CO[3])
                                                      0.098     8.094 r  u_top/u_core/u_b/u_b_core/core/core/l1/mac/acc/out_data_reg[251]_i_2/CO[3]
                         net (fo=1, routed)           0.000     8.094    u_top/u_core/u_b/u_b_core/core/core/l1/mac/acc/out_data_reg[251]_i_2_n_0
    SLICE_X115Y57        CARRY4 (Prop_carry4_CI_CO[3])
                                                      0.098     8.192 r  u_top/u_core/u_b/u_b_core/core/core/l1/mac/acc/out_data_reg[255]_i_2/CO[3]
                         net (fo=1, routed)           0.000     8.192    u_top/u_core/u_b/u_b_core/core/core/l1/mac/acc/out_data_reg[255]_i_2_n_0
    SLICE_X115Y58        CARRY4 (Prop_carry4_CI_O[0])
                                                      0.180     8.372 f  u_top/u_core/u_b/u_b_core/core/core/l1/mac/acc/i___127_i_7/O[0]
                         net (fo=4, routed)           0.578     8.951    u_top/u_core/u_b/u_b_core/core/core/l1/mac/acc/i___127_i_7_n_7
    SLICE_X113Y57        LUT2 (Prop_lut2_I1_O)        0.249     9.200 r  u_top/u_core/u_b/u_b_core/core/core/l1/mac/acc/i___127_i_5/O
                         net (fo=1, routed)           0.000     9.200    u_top/u_core/u_b/u_b_core/core/core/l1/mac/acc/i___127_i_5_n_0
    SLICE_X113Y57        CARRY4 (Prop_carry4_S[1]_CO[2])
                                                      0.475     9.675 r  u_top/u_core/u_b/u_b_core/core/core/l1/mac/acc/i___127_i_1/CO[2]
                         net (fo=2, routed)           0.288     9.963    u_top/u_core/u_b/u_b_core/core/core/l1/mac/sat_i32137_in
    SLICE_X112Y57        LUT5 (Prop_lut5_I4_O)        0.261    10.224 r  u_top/u_core/u_b/u_b_core/core/core/l1/mac/i___127/O
                         net (fo=31, routed)          0.728    10.952    u_top/u_core/u_b/u_b_core/core/core/l1/mac/acc/out_data_reg[254]_0
    SLICE_X111Y53        FDSE                                         r  u_top/u_core/u_b/u_b_core/core/core/l1/mac/acc/out_data_reg[236]/S
  -------------------------------------------------------------------    -------------------

                         (clock u_top_n_1799 rise edge)
                                                      5.000     5.000 r  
    W19                                               0.000     5.000 r  sys_clk (IN)
                         net (fo=0)                   0.000     5.000    sys_clk
    W19                  IBUF (Prop_ibuf_I_O)         1.374     6.374 r  sys_clk_IBUF_inst/O
                         net (fo=1, routed)           1.004     7.378    u_top/sys_clk_IBUF
    MMCME2_ADV_X0Y2      MMCME2_ADV (Prop_mmcme2_adv_CLKIN1_CLKOUT0)
                                                      0.073     7.451 r  u_top/g_mmcm.u_mmcm/CLKOUT0
                         net (fo=1, routed)           1.488     8.938    u_top_n_1799
    BUFGCTRL_X0Y0        BUFG (Prop_bufg_I_O)         0.077     9.015 r  bank_gen[3].mem_reg_i_1/O
                         net (fo=61184, routed)       1.450    10.465    u_top/u_core/u_b/u_b_core/core/core/l1/mac/acc/clk_200
    SLICE_X111Y53        FDSE                                         r  u_top/u_core/u_b/u_b_core/core/core/l1/mac/acc/out_data_reg[236]/C
                         clock pessimism              0.280    10.745    
                         clock uncertainty           -0.069    10.676    
    SLICE_X111Y53        FDSE (Setup_fdse_C_S)       -0.352    10.324    u_top/u_core/u_b/u_b_core/core/core/l1/mac/acc/out_data_reg[236]
  -------------------------------------------------------------------
                         required time                         10.324    
                         arrival time                         -10.952    
  -------------------------------------------------------------------
                         slack                                 -0.628    

Slack (VIOLATED) :        -0.628ns  (required time - arrival time)
  Source:                 u_top/u_core/u_b/u_b_core/core/core/l1/mac/acc/sum_stage_reg[7][0]/C
                            (rising edge-triggered cell FDRE clocked by u_top_n_1799  {rise@0.000ns fall@2.500ns period=5.000ns})
  Destination:            u_top/u_core/u_b/u_b_core/core/core/l1/mac/acc/out_data_reg[237]/S
                            (rising edge-triggered cell FDSE clocked by u_top_n_1799  {rise@0.000ns fall@2.500ns period=5.000ns})
  Path Group:             u_top_n_1799
  Path Type:              Setup (Max at Slow Process Corner)
  Requirement:            5.000ns  (u_top_n_1799 rise@5.000ns - u_top_n_1799 rise@0.000ns)
  Data Path Delay:        5.159ns  (logic 2.881ns (55.846%)  route 2.278ns (44.154%))
  Logic Levels:           12  (CARRY4=10 LUT2=1 LUT5=1)
  Clock Path Skew:        -0.048ns (DCD - SCD + CPR)
    Destination Clock Delay (DCD):    5.465ns = ( 10.465 - 5.000 ) 
    Source Clock Delay      (SCD):    5.793ns
    Clock Pessimism Removal (CPR):    0.280ns
  Clock Uncertainty:      0.069ns  ((TSJ^2 + DJ^2)^1/2) / 2 + PE
    Total System Jitter     (TSJ):    0.071ns
    Discrete Jitter          (DJ):    0.118ns
    Phase Error              (PE):    0.000ns

    Location             Delay type                Incr(ns)  Path(ns)    Netlist Resource(s)
  -------------------------------------------------------------------    -------------------
                         (clock u_top_n_1799 rise edge)
                                                      0.000     0.000 r  
    W19                                               0.000     0.000 r  sys_clk (IN)
                         net (fo=0)                   0.000     0.000    sys_clk
    W19                  IBUF (Prop_ibuf_I_O)         1.440     1.440 r  sys_clk_IBUF_inst/O
                         net (fo=1, routed)           1.065     2.505    u_top/sys_clk_IBUF
    MMCME2_ADV_X0Y2      MMCME2_ADV (Prop_mmcme2_adv_CLKIN1_CLKOUT0)
                                                      0.077     2.582 r  u_top/g_mmcm.u_mmcm/CLKOUT0
                         net (fo=1, routed)           1.559     4.141    u_top_n_1799
    BUFGCTRL_X0Y0        BUFG (Prop_bufg_I_O)         0.081     4.222 r  bank_gen[3].mem_reg_i_1/O
                         net (fo=61184, routed)       1.571     5.793    u_top/u_core/u_b/u_b_core/core/core/l1/mac/acc/clk_200
    SLICE_X117Y50        FDRE                                         r  u_top/u_core/u_b/u_b_core/core/core/l1/mac/acc/sum_stage_reg[7][0]/C
  -------------------------------------------------------------------    -------------------
    SLICE_X117Y50        FDRE (Prop_fdre_C_Q)         0.348     6.141 r  u_top/u_core/u_b/u_b_core/core/core/l1/mac/acc/sum_stage_reg[7][0]/Q
                         net (fo=2, routed)           0.683     6.824    u_top/u_core/u_b/u_b_core/core/core/l1/mac/acc/sum_stage_reg[7]_272[0]
    SLICE_X115Y50        CARRY4 (Prop_carry4_S[0]_CO[3])
                                                      0.682     7.506 r  u_top/u_core/u_b/u_b_core/core/core/l1/mac/acc/out_data_reg[227]_i_2/CO[3]
                         net (fo=1, routed)           0.000     7.506    u_top/u_core/u_b/u_b_core/core/core/l1/mac/acc/out_data_reg[227]_i_2_n_0
    SLICE_X115Y51        CARRY4 (Prop_carry4_CI_CO[3])
                                                      0.098     7.604 r  u_top/u_core/u_b/u_b_core/core/core/l1/mac/acc/out_data_reg[231]_i_2/CO[3]
                         net (fo=1, routed)           0.000     7.604    u_top/u_core/u_b/u_b_core/core/core/l1/mac/acc/out_data_reg[231]_i_2_n_0
    SLICE_X115Y52        CARRY4 (Prop_carry4_CI_CO[3])
                                                      0.098     7.702 r  u_top/u_core/u_b/u_b_core/core/core/l1/mac/acc/out_data_reg[235]_i_2/CO[3]
                         net (fo=1, routed)           0.000     7.702    u_top/u_core/u_b/u_b_core/core/core/l1/mac/acc/out_data_reg[235]_i_2_n_0
    SLICE_X115Y53        CARRY4 (Prop_carry4_CI_CO[3])
                                                      0.098     7.800 r  u_top/u_core/u_b/u_b_core/core/core/l1/mac/acc/out_data_reg[239]_i_2/CO[3]
                         net (fo=1, routed)           0.000     7.800    u_top/u_core/u_b/u_b_core/core/core/l1/mac/acc/out_data_reg[239]_i_2_n_0
    SLICE_X115Y54        CARRY4 (Prop_carry4_CI_CO[3])
                                                      0.098     7.898 r  u_top/u_core/u_b/u_b_core/core/core/l1/mac/acc/out_data_reg[243]_i_2/CO[3]
                         net (fo=1, routed)           0.000     7.898    u_top/u_core/u_b/u_b_core/core/core/l1/mac/acc/out_data_reg[243]_i_2_n_0
    SLICE_X115Y55        CARRY4 (Prop_carry4_CI_CO[3])
                                                      0.098     7.996 r  u_top/u_core/u_b/u_b_core/core/core/l1/mac/acc/out_data_reg[247]_i_2/CO[3]
                         net (fo=1, routed)           0.000     7.996    u_top/u_core/u_b/u_b_core/core/core/l1/mac/acc/out_data_reg[247]_i_2_n_0
    SLICE_X115Y56        CARRY4 (Prop_carry4_CI_CO[3])
                                                      0.098     8.094 r  u_top/u_core/u_b/u_b_core/core/core/l1/mac/acc/out_data_reg[251]_i_2/CO[3]
                         net (fo=1, routed)           0.000     8.094    u_top/u_core/u_b/u_b_core/core/core/l1/mac/acc/out_data_reg[251]_i_2_n_0
    SLICE_X115Y57        CARRY4 (Prop_carry4_CI_CO[3])
                                                      0.098     8.192 r  u_top/u_core/u_b/u_b_core/core/core/l1/mac/acc/out_data_reg[255]_i_2/CO[3]
                         net (fo=1, routed)           0.000     8.192    u_top/u_core/u_b/u_b_core/core/core/l1/mac/acc/out_data_reg[255]_i_2_n_0
    SLICE_X115Y58        CARRY4 (Prop_carry4_CI_O[0])
                                                      0.180     8.372 f  u_top/u_core/u_b/u_b_core/core/core/l1/mac/acc/i___127_i_7/O[0]
                         net (fo=4, routed)           0.578     8.951    u_top/u_core/u_b/u_b_core/core/core/l1/mac/acc/i___127_i_7_n_7
    SLICE_X113Y57        LUT2 (Prop_lut2_I1_O)        0.249     9.200 r  u_top/u_core/u_b/u_b_core/core/core/l1/mac/acc/i___127_i_5/O
                         net (fo=1, routed)           0.000     9.200    u_top/u_core/u_b/u_b_core/core/core/l1/mac/acc/i___127_i_5_n_0
    SLICE_X113Y57        CARRY4 (Prop_carry4_S[1]_CO[2])
                                                      0.475     9.675 r  u_top/u_core/u_b/u_b_core/core/core/l1/mac/acc/i___127_i_1/CO[2]
                         net (fo=2, routed)           0.288     9.963    u_top/u_core/u_b/u_b_core/core/core/l1/mac/sat_i32137_in
    SLICE_X112Y57        LUT5 (Prop_lut5_I4_O)        0.261    10.224 r  u_top/u_core/u_b/u_b_core/core/core/l1/mac/i___127/O
                         net (fo=31, routed)          0.728    10.952    u_top/u_core/u_b/u_b_core/core/core/l1/mac/acc/out_data_reg[254]_0
    SLICE_X111Y53        FDSE                                         r  u_top/u_core/u_b/u_b_core/core/core/l1/mac/acc/out_data_reg[237]/S
  -------------------------------------------------------------------    -------------------

                         (clock u_top_n_1799 rise edge)
                                                      5.000     5.000 r  
    W19                                               0.000     5.000 r  sys_clk (IN)
                         net (fo=0)                   0.000     5.000    sys_clk
    W19                  IBUF (Prop_ibuf_I_O)         1.374     6.374 r  sys_clk_IBUF_inst/O
                         net (fo=1, routed)           1.004     7.378    u_top/sys_clk_IBUF
    MMCME2_ADV_X0Y2      MMCME2_ADV (Prop_mmcme2_adv_CLKIN1_CLKOUT0)
                                                      0.073     7.451 r  u_top/g_mmcm.u_mmcm/CLKOUT0
                         net (fo=1, routed)           1.488     8.938    u_top_n_1799
    BUFGCTRL_X0Y0        BUFG (Prop_bufg_I_O)         0.077     9.015 r  bank_gen[3].mem_reg_i_1/O
                         net (fo=61184, routed)       1.450    10.465    u_top/u_core/u_b/u_b_core/core/core/l1/mac/acc/clk_200
    SLICE_X111Y53        FDSE                                         r  u_top/u_core/u_b/u_b_core/core/core/l1/mac/acc/out_data_reg[237]/C
                         clock pessimism              0.280    10.745    
                         clock uncertainty           -0.069    10.676    
    SLICE_X111Y53        FDSE (Setup_fdse_C_S)       -0.352    10.324    u_top/u_core/u_b/u_b_core/core/core/l1/mac/acc/out_data_reg[237]
  -------------------------------------------------------------------
                         required time                         10.324    
                         arrival time                         -10.952    
  -------------------------------------------------------------------
                         slack                                 -0.628    

Slack (VIOLATED) :        -0.628ns  (required time - arrival time)
  Source:                 u_top/u_core/u_b/u_b_core/core/core/l1/mac/acc/sum_stage_reg[7][0]/C
                            (rising edge-triggered cell FDRE clocked by u_top_n_1799  {rise@0.000ns fall@2.500ns period=5.000ns})
  Destination:            u_top/u_core/u_b/u_b_core/core/core/l1/mac/acc/out_data_reg[238]/S
                            (rising edge-triggered cell FDSE clocked by u_top_n_1799  {rise@0.000ns fall@2.500ns period=5.000ns})
  Path Group:             u_top_n_1799
  Path Type:              Setup (Max at Slow Process Corner)
  Requirement:            5.000ns  (u_top_n_1799 rise@5.000ns - u_top_n_1799 rise@0.000ns)
  Data Path Delay:        5.159ns  (logic 2.881ns (55.846%)  route 2.278ns (44.154%))
  Logic Levels:           12  (CARRY4=10 LUT2=1 LUT5=1)
  Clock Path Skew:        -0.048ns (DCD - SCD + CPR)
    Destination Clock Delay (DCD):    5.465ns = ( 10.465 - 5.000 ) 
    Source Clock Delay      (SCD):    5.793ns
    Clock Pessimism Removal (CPR):    0.280ns
  Clock Uncertainty:      0.069ns  ((TSJ^2 + DJ^2)^1/2) / 2 + PE
    Total System Jitter     (TSJ):    0.071ns
    Discrete Jitter          (DJ):    0.118ns
    Phase Error              (PE):    0.000ns

    Location             Delay type                Incr(ns)  Path(ns)    Netlist Resource(s)
  -------------------------------------------------------------------    -------------------
                         (clock u_top_n_1799 rise edge)
                                                      0.000     0.000 r  
    W19                                               0.000     0.000 r  sys_clk (IN)
                         net (fo=0)                   0.000     0.000    sys_clk
    W19                  IBUF (Prop_ibuf_I_O)         1.440     1.440 r  sys_clk_IBUF_inst/O
                         net (fo=1, routed)           1.065     2.505    u_top/sys_clk_IBUF
    MMCME2_ADV_X0Y2      MMCME2_ADV (Prop_mmcme2_adv_CLKIN1_CLKOUT0)
                                                      0.077     2.582 r  u_top/g_mmcm.u_mmcm/CLKOUT0
                         net (fo=1, routed)           1.559     4.141    u_top_n_1799
    BUFGCTRL_X0Y0        BUFG (Prop_bufg_I_O)         0.081     4.222 r  bank_gen[3].mem_reg_i_1/O
                         net (fo=61184, routed)       1.571     5.793    u_top/u_core/u_b/u_b_core/core/core/l1/mac/acc/clk_200
    SLICE_X117Y50        FDRE                                         r  u_top/u_core/u_b/u_b_core/core/core/l1/mac/acc/sum_stage_reg[7][0]/C
  -------------------------------------------------------------------    -------------------
    SLICE_X117Y50        FDRE (Prop_fdre_C_Q)         0.348     6.141 r  u_top/u_core/u_b/u_b_core/core/core/l1/mac/acc/sum_stage_reg[7][0]/Q
                         net (fo=2, routed)           0.683     6.824    u_top/u_core/u_b/u_b_core/core/core/l1/mac/acc/sum_stage_reg[7]_272[0]
    SLICE_X115Y50        CARRY4 (Prop_carry4_S[0]_CO[3])
                                                      0.682     7.506 r  u_top/u_core/u_b/u_b_core/core/core/l1/mac/acc/out_data_reg[227]_i_2/CO[3]
                         net (fo=1, routed)           0.000     7.506    u_top/u_core/u_b/u_b_core/core/core/l1/mac/acc/out_data_reg[227]_i_2_n_0
    SLICE_X115Y51        CARRY4 (Prop_carry4_CI_CO[3])
                                                      0.098     7.604 r  u_top/u_core/u_b/u_b_core/core/core/l1/mac/acc/out_data_reg[231]_i_2/CO[3]
                         net (fo=1, routed)           0.000     7.604    u_top/u_core/u_b/u_b_core/core/core/l1/mac/acc/out_data_reg[231]_i_2_n_0
    SLICE_X115Y52        CARRY4 (Prop_carry4_CI_CO[3])
                                                      0.098     7.702 r  u_top/u_core/u_b/u_b_core/core/core/l1/mac/acc/out_data_reg[235]_i_2/CO[3]
                         net (fo=1, routed)           0.000     7.702    u_top/u_core/u_b/u_b_core/core/core/l1/mac/acc/out_data_reg[235]_i_2_n_0
    SLICE_X115Y53        CARRY4 (Prop_carry4_CI_CO[3])
                                                      0.098     7.800 r  u_top/u_core/u_b/u_b_core/core/core/l1/mac/acc/out_data_reg[239]_i_2/CO[3]
                         net (fo=1, routed)           0.000     7.800    u_top/u_core/u_b/u_b_core/core/core/l1/mac/acc/out_data_reg[239]_i_2_n_0
    SLICE_X115Y54        CARRY4 (Prop_carry4_CI_CO[3])
                                                      0.098     7.898 r  u_top/u_core/u_b/u_b_core/core/core/l1/mac/acc/out_data_reg[243]_i_2/CO[3]
                         net (fo=1, routed)           0.000     7.898    u_top/u_core/u_b/u_b_core/core/core/l1/mac/acc/out_data_reg[243]_i_2_n_0
    SLICE_X115Y55        CARRY4 (Prop_carry4_CI_CO[3])
                                                      0.098     7.996 r  u_top/u_core/u_b/u_b_core/core/core/l1/mac/acc/out_data_reg[247]_i_2/CO[3]
                         net (fo=1, routed)           0.000     7.996    u_top/u_core/u_b/u_b_core/core/core/l1/mac/acc/out_data_reg[247]_i_2_n_0
    SLICE_X115Y56        CARRY4 (Prop_carry4_CI_CO[3])
                                                      0.098     8.094 r  u_top/u_core/u_b/u_b_core/core/core/l1/mac/acc/out_data_reg[251]_i_2/CO[3]
                         net (fo=1, routed)           0.000     8.094    u_top/u_core/u_b/u_b_core/core/core/l1/mac/acc/out_data_reg[251]_i_2_n_0
    SLICE_X115Y57        CARRY4 (Prop_carry4_CI_CO[3])
                                                      0.098     8.192 r  u_top/u_core/u_b/u_b_core/core/core/l1/mac/acc/out_data_reg[255]_i_2/CO[3]
                         net (fo=1, routed)           0.000     8.192    u_top/u_core/u_b/u_b_core/core/core/l1/mac/acc/out_data_reg[255]_i_2_n_0
    SLICE_X115Y58        CARRY4 (Prop_carry4_CI_O[0])
                                                      0.180     8.372 f  u_top/u_core/u_b/u_b_core/core/core/l1/mac/acc/i___127_i_7/O[0]
                         net (fo=4, routed)           0.578     8.951    u_top/u_core/u_b/u_b_core/core/core/l1/mac/acc/i___127_i_7_n_7
    SLICE_X113Y57        LUT2 (Prop_lut2_I1_O)        0.249     9.200 r  u_top/u_core/u_b/u_b_core/core/core/l1/mac/acc/i___127_i_5/O
                         net (fo=1, routed)           0.000     9.200    u_top/u_core/u_b/u_b_core/core/core/l1/mac/acc/i___127_i_5_n_0
    SLICE_X113Y57        CARRY4 (Prop_carry4_S[1]_CO[2])
                                                      0.475     9.675 r  u_top/u_core/u_b/u_b_core/core/core/l1/mac/acc/i___127_i_1/CO[2]
                         net (fo=2, routed)           0.288     9.963    u_top/u_core/u_b/u_b_core/core/core/l1/mac/sat_i32137_in
    SLICE_X112Y57        LUT5 (Prop_lut5_I4_O)        0.261    10.224 r  u_top/u_core/u_b/u_b_core/core/core/l1/mac/i___127/O
                         net (fo=31, routed)          0.728    10.952    u_top/u_core/u_b/u_b_core/core/core/l1/mac/acc/out_data_reg[254]_0
    SLICE_X111Y53        FDSE                                         r  u_top/u_core/u_b/u_b_core/core/core/l1/mac/acc/out_data_reg[238]/S
  -------------------------------------------------------------------    -------------------

                         (clock u_top_n_1799 rise edge)
                                                      5.000     5.000 r  
    W19                                               0.000     5.000 r  sys_clk (IN)
                         net (fo=0)                   0.000     5.000    sys_clk
    W19                  IBUF (Prop_ibuf_I_O)         1.374     6.374 r  sys_clk_IBUF_inst/O
                         net (fo=1, routed)           1.004     7.378    u_top/sys_clk_IBUF
    MMCME2_ADV_X0Y2      MMCME2_ADV (Prop_mmcme2_adv_CLKIN1_CLKOUT0)
                                                      0.073     7.451 r  u_top/g_mmcm.u_mmcm/CLKOUT0
                         net (fo=1, routed)           1.488     8.938    u_top_n_1799
    BUFGCTRL_X0Y0        BUFG (Prop_bufg_I_O)         0.077     9.015 r  bank_gen[3].mem_reg_i_1/O
                         net (fo=61184, routed)       1.450    10.465    u_top/u_core/u_b/u_b_core/core/core/l1/mac/acc/clk_200
    SLICE_X111Y53        FDSE                                         r  u_top/u_core/u_b/u_b_core/core/core/l1/mac/acc/out_data_reg[238]/C
                         clock pessimism              0.280    10.745    
                         clock uncertainty           -0.069    10.676    
    SLICE_X111Y53        FDSE (Setup_fdse_C_S)       -0.352    10.324    u_top/u_core/u_b/u_b_core/core/core/l1/mac/acc/out_data_reg[238]
  -------------------------------------------------------------------
                         required time                         10.324    
                         arrival time                         -10.952    
  -------------------------------------------------------------------
                         slack                                 -0.628    

Slack (VIOLATED) :        -0.611ns  (required time - arrival time)
  Source:                 u_top/u_core/u_b/u_b_core/core/core/l1/mac/acc/sum_stage_reg[7][0]/C
                            (rising edge-triggered cell FDRE clocked by u_top_n_1799  {rise@0.000ns fall@2.500ns period=5.000ns})
  Destination:            u_top/u_core/u_b/u_b_core/core/core/l1/mac/acc/out_data_reg[233]/S
                            (rising edge-triggered cell FDSE clocked by u_top_n_1799  {rise@0.000ns fall@2.500ns period=5.000ns})
  Path Group:             u_top_n_1799
  Path Type:              Setup (Max at Slow Process Corner)
  Requirement:            5.000ns  (u_top_n_1799 rise@5.000ns - u_top_n_1799 rise@0.000ns)
  Data Path Delay:        5.144ns  (logic 2.881ns (56.008%)  route 2.263ns (43.992%))
  Logic Levels:           12  (CARRY4=10 LUT2=1 LUT5=1)
  Clock Path Skew:        -0.046ns (DCD - SCD + CPR)
    Destination Clock Delay (DCD):    5.467ns = ( 10.467 - 5.000 ) 
    Source Clock Delay      (SCD):    5.793ns
    Clock Pessimism Removal (CPR):    0.280ns
  Clock Uncertainty:      0.069ns  ((TSJ^2 + DJ^2)^1/2) / 2 + PE
    Total System Jitter     (TSJ):    0.071ns
    Discrete Jitter          (DJ):    0.118ns
    Phase Error              (PE):    0.000ns

    Location             Delay type                Incr(ns)  Path(ns)    Netlist Resource(s)
  -------------------------------------------------------------------    -------------------
                         (clock u_top_n_1799 rise edge)
                                                      0.000     0.000 r  
    W19                                               0.000     0.000 r  sys_clk (IN)
                         net (fo=0)                   0.000     0.000    sys_clk
    W19                  IBUF (Prop_ibuf_I_O)         1.440     1.440 r  sys_clk_IBUF_inst/O
                         net (fo=1, routed)           1.065     2.505    u_top/sys_clk_IBUF
    MMCME2_ADV_X0Y2      MMCME2_ADV (Prop_mmcme2_adv_CLKIN1_CLKOUT0)
                                                      0.077     2.582 r  u_top/g_mmcm.u_mmcm/CLKOUT0
                         net (fo=1, routed)           1.559     4.141    u_top_n_1799
    BUFGCTRL_X0Y0        BUFG (Prop_bufg_I_O)         0.081     4.222 r  bank_gen[3].mem_reg_i_1/O
                         net (fo=61184, routed)       1.571     5.793    u_top/u_core/u_b/u_b_core/core/core/l1/mac/acc/clk_200
    SLICE_X117Y50        FDRE                                         r  u_top/u_core/u_b/u_b_core/core/core/l1/mac/acc/sum_stage_reg[7][0]/C
  -------------------------------------------------------------------    -------------------
    SLICE_X117Y50        FDRE (Prop_fdre_C_Q)         0.348     6.141 r  u_top/u_core/u_b/u_b_core/core/core/l1/mac/acc/sum_stage_reg[7][0]/Q
                         net (fo=2, routed)           0.683     6.824    u_top/u_core/u_b/u_b_core/core/core/l1/mac/acc/sum_stage_reg[7]_272[0]
    SLICE_X115Y50        CARRY4 (Prop_carry4_S[0]_CO[3])
                                                      0.682     7.506 r  u_top/u_core/u_b/u_b_core/core/core/l1/mac/acc/out_data_reg[227]_i_2/CO[3]
                         net (fo=1, routed)           0.000     7.506    u_top/u_core/u_b/u_b_core/core/core/l1/mac/acc/out_data_reg[227]_i_2_n_0
    SLICE_X115Y51        CARRY4 (Prop_carry4_CI_CO[3])
                                                      0.098     7.604 r  u_top/u_core/u_b/u_b_core/core/core/l1/mac/acc/out_data_reg[231]_i_2/CO[3]
                         net (fo=1, routed)           0.000     7.604    u_top/u_core/u_b/u_b_core/core/core/l1/mac/acc/out_data_reg[231]_i_2_n_0
    SLICE_X115Y52        CARRY4 (Prop_carry4_CI_CO[3])
                                                      0.098     7.702 r  u_top/u_core/u_b/u_b_core/core/core/l1/mac/acc/out_data_reg[235]_i_2/CO[3]
                         net (fo=1, routed)           0.000     7.702    u_top/u_core/u_b/u_b_core/core/core/l1/mac/acc/out_data_reg[235]_i_2_n_0
    SLICE_X115Y53        CARRY4 (Prop_carry4_CI_CO[3])
                                                      0.098     7.800 r  u_top/u_core/u_b/u_b_core/core/core/l1/mac/acc/out_data_reg[239]_i_2/CO[3]
                         net (fo=1, routed)           0.000     7.800    u_top/u_core/u_b/u_b_core/core/core/l1/mac/acc/out_data_reg[239]_i_2_n_0
    SLICE_X115Y54        CARRY4 (Prop_carry4_CI_CO[3])
                                                      0.098     7.898 r  u_top/u_core/u_b/u_b_core/core/core/l1/mac/acc/out_data_reg[243]_i_2/CO[3]
                         net (fo=1, routed)           0.000     7.898    u_top/u_core/u_b/u_b_core/core/core/l1/mac/acc/out_data_reg[243]_i_2_n_0
    SLICE_X115Y55        CARRY4 (Prop_carry4_CI_CO[3])
                                                      0.098     7.996 r  u_top/u_core/u_b/u_b_core/core/core/l1/mac/acc/out_data_reg[247]_i_2/CO[3]
                         net (fo=1, routed)           0.000     7.996    u_top/u_core/u_b/u_b_core/core/core/l1/mac/acc/out_data_reg[247]_i_2_n_0
    SLICE_X115Y56        CARRY4 (Prop_carry4_CI_CO[3])
                                                      0.098     8.094 r  u_top/u_core/u_b/u_b_core/core/core/l1/mac/acc/out_data_reg[251]_i_2/CO[3]
                         net (fo=1, routed)           0.000     8.094    u_top/u_core/u_b/u_b_core/core/core/l1/mac/acc/out_data_reg[251]_i_2_n_0
    SLICE_X115Y57        CARRY4 (Prop_carry4_CI_CO[3])
                                                      0.098     8.192 r  u_top/u_core/u_b/u_b_core/core/core/l1/mac/acc/out_data_reg[255]_i_2/CO[3]
                         net (fo=1, routed)           0.000     8.192    u_top/u_core/u_b/u_b_core/core/core/l1/mac/acc/out_data_reg[255]_i_2_n_0
    SLICE_X115Y58        CARRY4 (Prop_carry4_CI_O[0])
                                                      0.180     8.372 f  u_top/u_core/u_b/u_b_core/core/core/l1/mac/acc/i___127_i_7/O[0]
                         net (fo=4, routed)           0.578     8.951    u_top/u_core/u_b/u_b_core/core/core/l1/mac/acc/i___127_i_7_n_7
    SLICE_X113Y57        LUT2 (Prop_lut2_I1_O)        0.249     9.200 r  u_top/u_core/u_b/u_b_core/core/core/l1/mac/acc/i___127_i_5/O
                         net (fo=1, routed)           0.000     9.200    u_top/u_core/u_b/u_b_core/core/core/l1/mac/acc/i___127_i_5_n_0
    SLICE_X113Y57        CARRY4 (Prop_carry4_S[1]_CO[2])
                                                      0.475     9.675 r  u_top/u_core/u_b/u_b_core/core/core/l1/mac/acc/i___127_i_1/CO[2]
                         net (fo=2, routed)           0.288     9.963    u_top/u_core/u_b/u_b_core/core/core/l1/mac/sat_i32137_in
    SLICE_X112Y57        LUT5 (Prop_lut5_I4_O)        0.261    10.224 r  u_top/u_core/u_b/u_b_core/core/core/l1/mac/i___127/O
                         net (fo=31, routed)          0.713    10.937    u_top/u_core/u_b/u_b_core/core/core/l1/mac/acc/out_data_reg[254]_0
    SLICE_X113Y53        FDSE                                         r  u_top/u_core/u_b/u_b_core/core/core/l1/mac/acc/out_data_reg[233]/S
  -------------------------------------------------------------------    -------------------

                         (clock u_top_n_1799 rise edge)
                                                      5.000     5.000 r  
    W19                                               0.000     5.000 r  sys_clk (IN)
                         net (fo=0)                   0.000     5.000    sys_clk
    W19                  IBUF (Prop_ibuf_I_O)         1.374     6.374 r  sys_clk_IBUF_inst/O
                         net (fo=1, routed)           1.004     7.378    u_top/sys_clk_IBUF
    MMCME2_ADV_X0Y2      MMCME2_ADV (Prop_mmcme2_adv_CLKIN1_CLKOUT0)
                                                      0.073     7.451 r  u_top/g_mmcm.u_mmcm/CLKOUT0
                         net (fo=1, routed)           1.488     8.938    u_top_n_1799
    BUFGCTRL_X0Y0        BUFG (Prop_bufg_I_O)         0.077     9.015 r  bank_gen[3].mem_reg_i_1/O
                         net (fo=61184, routed)       1.452    10.467    u_top/u_core/u_b/u_b_core/core/core/l1/mac/acc/clk_200
    SLICE_X113Y53        FDSE                                         r  u_top/u_core/u_b/u_b_core/core/core/l1/mac/acc/out_data_reg[233]/C
                         clock pessimism              0.280    10.747    
                         clock uncertainty           -0.069    10.678    
    SLICE_X113Y53        FDSE (Setup_fdse_C_S)       -0.352    10.326    u_top/u_core/u_b/u_b_core/core/core/l1/mac/acc/out_data_reg[233]
  -------------------------------------------------------------------
                         required time                         10.326    
                         arrival time                         -10.937    
  -------------------------------------------------------------------
                         slack                                 -0.611    

Slack (VIOLATED) :        -0.611ns  (required time - arrival time)
  Source:                 u_top/u_core/u_b/u_b_core/core/core/l1/mac/acc/sum_stage_reg[7][0]/C
                            (rising edge-triggered cell FDRE clocked by u_top_n_1799  {rise@0.000ns fall@2.500ns period=5.000ns})
  Destination:            u_top/u_core/u_b/u_b_core/core/core/l1/mac/acc/out_data_reg[240]/S
                            (rising edge-triggered cell FDSE clocked by u_top_n_1799  {rise@0.000ns fall@2.500ns period=5.000ns})
  Path Group:             u_top_n_1799
  Path Type:              Setup (Max at Slow Process Corner)
  Requirement:            5.000ns  (u_top_n_1799 rise@5.000ns - u_top_n_1799 rise@0.000ns)
  Data Path Delay:        5.144ns  (logic 2.881ns (56.008%)  route 2.263ns (43.992%))
  Logic Levels:           12  (CARRY4=10 LUT2=1 LUT5=1)
  Clock Path Skew:        -0.046ns (DCD - SCD + CPR)
    Destination Clock Delay (DCD):    5.467ns = ( 10.467 - 5.000 ) 
    Source Clock Delay      (SCD):    5.793ns
    Clock Pessimism Removal (CPR):    0.280ns
  Clock Uncertainty:      0.069ns  ((TSJ^2 + DJ^2)^1/2) / 2 + PE
    Total System Jitter     (TSJ):    0.071ns
    Discrete Jitter          (DJ):    0.118ns
    Phase Error              (PE):    0.000ns

    Location             Delay type                Incr(ns)  Path(ns)    Netlist Resource(s)
  -------------------------------------------------------------------    -------------------
                         (clock u_top_n_1799 rise edge)
                                                      0.000     0.000 r  
    W19                                               0.000     0.000 r  sys_clk (IN)
                         net (fo=0)                   0.000     0.000    sys_clk
    W19                  IBUF (Prop_ibuf_I_O)         1.440     1.440 r  sys_clk_IBUF_inst/O
                         net (fo=1, routed)           1.065     2.505    u_top/sys_clk_IBUF
    MMCME2_ADV_X0Y2      MMCME2_ADV (Prop_mmcme2_adv_CLKIN1_CLKOUT0)
                                                      0.077     2.582 r  u_top/g_mmcm.u_mmcm/CLKOUT0
                         net (fo=1, routed)           1.559     4.141    u_top_n_1799
    BUFGCTRL_X0Y0        BUFG (Prop_bufg_I_O)         0.081     4.222 r  bank_gen[3].mem_reg_i_1/O
                         net (fo=61184, routed)       1.571     5.793    u_top/u_core/u_b/u_b_core/core/core/l1/mac/acc/clk_200
    SLICE_X117Y50        FDRE                                         r  u_top/u_core/u_b/u_b_core/core/core/l1/mac/acc/sum_stage_reg[7][0]/C
  -------------------------------------------------------------------    -------------------
    SLICE_X117Y50        FDRE (Prop_fdre_C_Q)         0.348     6.141 r  u_top/u_core/u_b/u_b_core/core/core/l1/mac/acc/sum_stage_reg[7][0]/Q
                         net (fo=2, routed)           0.683     6.824    u_top/u_core/u_b/u_b_core/core/core/l1/mac/acc/sum_stage_reg[7]_272[0]
    SLICE_X115Y50        CARRY4 (Prop_carry4_S[0]_CO[3])
                                                      0.682     7.506 r  u_top/u_core/u_b/u_b_core/core/core/l1/mac/acc/out_data_reg[227]_i_2/CO[3]
                         net (fo=1, routed)           0.000     7.506    u_top/u_core/u_b/u_b_core/core/core/l1/mac/acc/out_data_reg[227]_i_2_n_0
    SLICE_X115Y51        CARRY4 (Prop_carry4_CI_CO[3])
                                                      0.098     7.604 r  u_top/u_core/u_b/u_b_core/core/core/l1/mac/acc/out_data_reg[231]_i_2/CO[3]
                         net (fo=1, routed)           0.000     7.604    u_top/u_core/u_b/u_b_core/core/core/l1/mac/acc/out_data_reg[231]_i_2_n_0
    SLICE_X115Y52        CARRY4 (Prop_carry4_CI_CO[3])
                                                      0.098     7.702 r  u_top/u_core/u_b/u_b_core/core/core/l1/mac/acc/out_data_reg[235]_i_2/CO[3]
                         net (fo=1, routed)           0.000     7.702    u_top/u_core/u_b/u_b_core/core/core/l1/mac/acc/out_data_reg[235]_i_2_n_0
    SLICE_X115Y53        CARRY4 (Prop_carry4_CI_CO[3])
                                                      0.098     7.800 r  u_top/u_core/u_b/u_b_core/core/core/l1/mac/acc/out_data_reg[239]_i_2/CO[3]
                         net (fo=1, routed)           0.000     7.800    u_top/u_core/u_b/u_b_core/core/core/l1/mac/acc/out_data_reg[239]_i_2_n_0
    SLICE_X115Y54        CARRY4 (Prop_carry4_CI_CO[3])
                                                      0.098     7.898 r  u_top/u_core/u_b/u_b_core/core/core/l1/mac/acc/out_data_reg[243]_i_2/CO[3]
                         net (fo=1, routed)           0.000     7.898    u_top/u_core/u_b/u_b_core/core/core/l1/mac/acc/out_data_reg[243]_i_2_n_0
    SLICE_X115Y55        CARRY4 (Prop_carry4_CI_CO[3])
                                                      0.098     7.996 r  u_top/u_core/u_b/u_b_core/core/core/l1/mac/acc/out_data_reg[247]_i_2/CO[3]
                         net (fo=1, routed)           0.000     7.996    u_top/u_core/u_b/u_b_core/core/core/l1/mac/acc/out_data_reg[247]_i_2_n_0
    SLICE_X115Y56        CARRY4 (Prop_carry4_CI_CO[3])
                                                      0.098     8.094 r  u_top/u_core/u_b/u_b_core/core/core/l1/mac/acc/out_data_reg[251]_i_2/CO[3]
                         net (fo=1, routed)           0.000     8.094    u_top/u_core/u_b/u_b_core/core/core/l1/mac/acc/out_data_reg[251]_i_2_n_0
    SLICE_X115Y57        CARRY4 (Prop_carry4_CI_CO[3])
                                                      0.098     8.192 r  u_top/u_core/u_b/u_b_core/core/core/l1/mac/acc/out_data_reg[255]_i_2/CO[3]
                         net (fo=1, routed)           0.000     8.192    u_top/u_core/u_b/u_b_core/core/core/l1/mac/acc/out_data_reg[255]_i_2_n_0
    SLICE_X115Y58        CARRY4 (Prop_carry4_CI_O[0])
                                                      0.180     8.372 f  u_top/u_core/u_b/u_b_core/core/core/l1/mac/acc/i___127_i_7/O[0]
                         net (fo=4, routed)           0.578     8.951    u_top/u_core/u_b/u_b_core/core/core/l1/mac/acc/i___127_i_7_n_7
    SLICE_X113Y57        LUT2 (Prop_lut2_I1_O)        0.249     9.200 r  u_top/u_core/u_b/u_b_core/core/core/l1/mac/acc/i___127_i_5/O
                         net (fo=1, routed)           0.000     9.200    u_top/u_core/u_b/u_b_core/core/core/l1/mac/acc/i___127_i_5_n_0
    SLICE_X113Y57        CARRY4 (Prop_carry4_S[1]_CO[2])
                                                      0.475     9.675 r  u_top/u_core/u_b/u_b_core/core/core/l1/mac/acc/i___127_i_1/CO[2]
                         net (fo=2, routed)           0.288     9.963    u_top/u_core/u_b/u_b_core/core/core/l1/mac/sat_i32137_in
    SLICE_X112Y57        LUT5 (Prop_lut5_I4_O)        0.261    10.224 r  u_top/u_core/u_b/u_b_core/core/core/l1/mac/i___127/O
                         net (fo=31, routed)          0.713    10.937    u_top/u_core/u_b/u_b_core/core/core/l1/mac/acc/out_data_reg[254]_0
    SLICE_X113Y53        FDSE                                         r  u_top/u_core/u_b/u_b_core/core/core/l1/mac/acc/out_data_reg[240]/S
  -------------------------------------------------------------------    -------------------

                         (clock u_top_n_1799 rise edge)
                                                      5.000     5.000 r  
    W19                                               0.000     5.000 r  sys_clk (IN)
                         net (fo=0)                   0.000     5.000    sys_clk
    W19                  IBUF (Prop_ibuf_I_O)         1.374     6.374 r  sys_clk_IBUF_inst/O
                         net (fo=1, routed)           1.004     7.378    u_top/sys_clk_IBUF
    MMCME2_ADV_X0Y2      MMCME2_ADV (Prop_mmcme2_adv_CLKIN1_CLKOUT0)
                                                      0.073     7.451 r  u_top/g_mmcm.u_mmcm/CLKOUT0
                         net (fo=1, routed)           1.488     8.938    u_top_n_1799
    BUFGCTRL_X0Y0        BUFG (Prop_bufg_I_O)         0.077     9.015 r  bank_gen[3].mem_reg_i_1/O
                         net (fo=61184, routed)       1.452    10.467    u_top/u_core/u_b/u_b_core/core/core/l1/mac/acc/clk_200
    SLICE_X113Y53        FDSE                                         r  u_top/u_core/u_b/u_b_core/core/core/l1/mac/acc/out_data_reg[240]/C
                         clock pessimism              0.280    10.747    
                         clock uncertainty           -0.069    10.678    
    SLICE_X113Y53        FDSE (Setup_fdse_C_S)       -0.352    10.326    u_top/u_core/u_b/u_b_core/core/core/l1/mac/acc/out_data_reg[240]
  -------------------------------------------------------------------
                         required time                         10.326    
                         arrival time                         -10.937    
  -------------------------------------------------------------------
                         slack                                 -0.611    

Slack (VIOLATED) :        -0.611ns  (required time - arrival time)
  Source:                 u_top/u_core/u_b/u_b_core/core/core/l1/mac/acc/sum_stage_reg[7][0]/C
                            (rising edge-triggered cell FDRE clocked by u_top_n_1799  {rise@0.000ns fall@2.500ns period=5.000ns})
  Destination:            u_top/u_core/u_b/u_b_core/core/core/l1/mac/acc/out_data_reg[242]/S
                            (rising edge-triggered cell FDSE clocked by u_top_n_1799  {rise@0.000ns fall@2.500ns period=5.000ns})
  Path Group:             u_top_n_1799
  Path Type:              Setup (Max at Slow Process Corner)
  Requirement:            5.000ns  (u_top_n_1799 rise@5.000ns - u_top_n_1799 rise@0.000ns)
  Data Path Delay:        5.144ns  (logic 2.881ns (56.008%)  route 2.263ns (43.992%))
  Logic Levels:           12  (CARRY4=10 LUT2=1 LUT5=1)
  Clock Path Skew:        -0.046ns (DCD - SCD + CPR)
    Destination Clock Delay (DCD):    5.467ns = ( 10.467 - 5.000 ) 
    Source Clock Delay      (SCD):    5.793ns
    Clock Pessimism Removal (CPR):    0.280ns
  Clock Uncertainty:      0.069ns  ((TSJ^2 + DJ^2)^1/2) / 2 + PE
    Total System Jitter     (TSJ):    0.071ns
    Discrete Jitter          (DJ):    0.118ns
    Phase Error              (PE):    0.000ns

    Location             Delay type                Incr(ns)  Path(ns)    Netlist Resource(s)
  -------------------------------------------------------------------    -------------------
                         (clock u_top_n_1799 rise edge)
                                                      0.000     0.000 r  
    W19                                               0.000     0.000 r  sys_clk (IN)
                         net (fo=0)                   0.000     0.000    sys_clk
    W19                  IBUF (Prop_ibuf_I_O)         1.440     1.440 r  sys_clk_IBUF_inst/O
                         net (fo=1, routed)           1.065     2.505    u_top/sys_clk_IBUF
    MMCME2_ADV_X0Y2      MMCME2_ADV (Prop_mmcme2_adv_CLKIN1_CLKOUT0)
                                                      0.077     2.582 r  u_top/g_mmcm.u_mmcm/CLKOUT0
                         net (fo=1, routed)           1.559     4.141    u_top_n_1799
    BUFGCTRL_X0Y0        BUFG (Prop_bufg_I_O)         0.081     4.222 r  bank_gen[3].mem_reg_i_1/O
                         net (fo=61184, routed)       1.571     5.793    u_top/u_core/u_b/u_b_core/core/core/l1/mac/acc/clk_200
    SLICE_X117Y50        FDRE                                         r  u_top/u_core/u_b/u_b_core/core/core/l1/mac/acc/sum_stage_reg[7][0]/C
  -------------------------------------------------------------------    -------------------
    SLICE_X117Y50        FDRE (Prop_fdre_C_Q)         0.348     6.141 r  u_top/u_core/u_b/u_b_core/core/core/l1/mac/acc/sum_stage_reg[7][0]/Q
                         net (fo=2, routed)           0.683     6.824    u_top/u_core/u_b/u_b_core/core/core/l1/mac/acc/sum_stage_reg[7]_272[0]
    SLICE_X115Y50        CARRY4 (Prop_carry4_S[0]_CO[3])
                                                      0.682     7.506 r  u_top/u_core/u_b/u_b_core/core/core/l1/mac/acc/out_data_reg[227]_i_2/CO[3]
                         net (fo=1, routed)           0.000     7.506    u_top/u_core/u_b/u_b_core/core/core/l1/mac/acc/out_data_reg[227]_i_2_n_0
    SLICE_X115Y51        CARRY4 (Prop_carry4_CI_CO[3])
                                                      0.098     7.604 r  u_top/u_core/u_b/u_b_core/core/core/l1/mac/acc/out_data_reg[231]_i_2/CO[3]
                         net (fo=1, routed)           0.000     7.604    u_top/u_core/u_b/u_b_core/core/core/l1/mac/acc/out_data_reg[231]_i_2_n_0
    SLICE_X115Y52        CARRY4 (Prop_carry4_CI_CO[3])
                                                      0.098     7.702 r  u_top/u_core/u_b/u_b_core/core/core/l1/mac/acc/out_data_reg[235]_i_2/CO[3]
                         net (fo=1, routed)           0.000     7.702    u_top/u_core/u_b/u_b_core/core/core/l1/mac/acc/out_data_reg[235]_i_2_n_0
    SLICE_X115Y53        CARRY4 (Prop_carry4_CI_CO[3])
                                                      0.098     7.800 r  u_top/u_core/u_b/u_b_core/core/core/l1/mac/acc/out_data_reg[239]_i_2/CO[3]
                         net (fo=1, routed)           0.000     7.800    u_top/u_core/u_b/u_b_core/core/core/l1/mac/acc/out_data_reg[239]_i_2_n_0
    SLICE_X115Y54        CARRY4 (Prop_carry4_CI_CO[3])
                                                      0.098     7.898 r  u_top/u_core/u_b/u_b_core/core/core/l1/mac/acc/out_data_reg[243]_i_2/CO[3]
                         net (fo=1, routed)           0.000     7.898    u_top/u_core/u_b/u_b_core/core/core/l1/mac/acc/out_data_reg[243]_i_2_n_0
    SLICE_X115Y55        CARRY4 (Prop_carry4_CI_CO[3])
                                                      0.098     7.996 r  u_top/u_core/u_b/u_b_core/core/core/l1/mac/acc/out_data_reg[247]_i_2/CO[3]
                         net (fo=1, routed)           0.000     7.996    u_top/u_core/u_b/u_b_core/core/core/l1/mac/acc/out_data_reg[247]_i_2_n_0
    SLICE_X115Y56        CARRY4 (Prop_carry4_CI_CO[3])
                                                      0.098     8.094 r  u_top/u_core/u_b/u_b_core/core/core/l1/mac/acc/out_data_reg[251]_i_2/CO[3]
                         net (fo=1, routed)           0.000     8.094    u_top/u_core/u_b/u_b_core/core/core/l1/mac/acc/out_data_reg[251]_i_2_n_0
    SLICE_X115Y57        CARRY4 (Prop_carry4_CI_CO[3])
                                                      0.098     8.192 r  u_top/u_core/u_b/u_b_core/core/core/l1/mac/acc/out_data_reg[255]_i_2/CO[3]
                         net (fo=1, routed)           0.000     8.192    u_top/u_core/u_b/u_b_core/core/core/l1/mac/acc/out_data_reg[255]_i_2_n_0
    SLICE_X115Y58        CARRY4 (Prop_carry4_CI_O[0])
                                                      0.180     8.372 f  u_top/u_core/u_b/u_b_core/core/core/l1/mac/acc/i___127_i_7/O[0]
                         net (fo=4, routed)           0.578     8.951    u_top/u_core/u_b/u_b_core/core/core/l1/mac/acc/i___127_i_7_n_7
    SLICE_X113Y57        LUT2 (Prop_lut2_I1_O)        0.249     9.200 r  u_top/u_core/u_b/u_b_core/core/core/l1/mac/acc/i___127_i_5/O
                         net (fo=1, routed)           0.000     9.200    u_top/u_core/u_b/u_b_core/core/core/l1/mac/acc/i___127_i_5_n_0
    SLICE_X113Y57        CARRY4 (Prop_carry4_S[1]_CO[2])
                                                      0.475     9.675 r  u_top/u_core/u_b/u_b_core/core/core/l1/mac/acc/i___127_i_1/CO[2]
                         net (fo=2, routed)           0.288     9.963    u_top/u_core/u_b/u_b_core/core/core/l1/mac/sat_i32137_in
    SLICE_X112Y57        LUT5 (Prop_lut5_I4_O)        0.261    10.224 r  u_top/u_core/u_b/u_b_core/core/core/l1/mac/i___127/O
                         net (fo=31, routed)          0.713    10.937    u_top/u_core/u_b/u_b_core/core/core/l1/mac/acc/out_data_reg[254]_0
    SLICE_X113Y53        FDSE                                         r  u_top/u_core/u_b/u_b_core/core/core/l1/mac/acc/out_data_reg[242]/S
  -------------------------------------------------------------------    -------------------

                         (clock u_top_n_1799 rise edge)
                                                      5.000     5.000 r  
    W19                                               0.000     5.000 r  sys_clk (IN)
                         net (fo=0)                   0.000     5.000    sys_clk
    W19                  IBUF (Prop_ibuf_I_O)         1.374     6.374 r  sys_clk_IBUF_inst/O
                         net (fo=1, routed)           1.004     7.378    u_top/sys_clk_IBUF
    MMCME2_ADV_X0Y2      MMCME2_ADV (Prop_mmcme2_adv_CLKIN1_CLKOUT0)
                                                      0.073     7.451 r  u_top/g_mmcm.u_mmcm/CLKOUT0
                         net (fo=1, routed)           1.488     8.938    u_top_n_1799
    BUFGCTRL_X0Y0        BUFG (Prop_bufg_I_O)         0.077     9.015 r  bank_gen[3].mem_reg_i_1/O
                         net (fo=61184, routed)       1.452    10.467    u_top/u_core/u_b/u_b_core/core/core/l1/mac/acc/clk_200
    SLICE_X113Y53        FDSE                                         r  u_top/u_core/u_b/u_b_core/core/core/l1/mac/acc/out_data_reg[242]/C
                         clock pessimism              0.280    10.747    
                         clock uncertainty           -0.069    10.678    
    SLICE_X113Y53        FDSE (Setup_fdse_C_S)       -0.352    10.326    u_top/u_core/u_b/u_b_core/core/core/l1/mac/acc/out_data_reg[242]
  -------------------------------------------------------------------
                         required time                         10.326    
                         arrival time                         -10.937    
  -------------------------------------------------------------------
                         slack                                 -0.611    

Slack (VIOLATED) :        -0.611ns  (required time - arrival time)
  Source:                 u_top/u_core/u_b/u_b_core/core/core/l1/mac/acc/sum_stage_reg[7][0]/C
                            (rising edge-triggered cell FDRE clocked by u_top_n_1799  {rise@0.000ns fall@2.500ns period=5.000ns})
  Destination:            u_top/u_core/u_b/u_b_core/core/core/l1/mac/acc/out_data_reg[243]/S
                            (rising edge-triggered cell FDSE clocked by u_top_n_1799  {rise@0.000ns fall@2.500ns period=5.000ns})
  Path Group:             u_top_n_1799
  Path Type:              Setup (Max at Slow Process Corner)
  Requirement:            5.000ns  (u_top_n_1799 rise@5.000ns - u_top_n_1799 rise@0.000ns)
  Data Path Delay:        5.144ns  (logic 2.881ns (56.008%)  route 2.263ns (43.992%))
  Logic Levels:           12  (CARRY4=10 LUT2=1 LUT5=1)
  Clock Path Skew:        -0.046ns (DCD - SCD + CPR)
    Destination Clock Delay (DCD):    5.467ns = ( 10.467 - 5.000 ) 
    Source Clock Delay      (SCD):    5.793ns
    Clock Pessimism Removal (CPR):    0.280ns
  Clock Uncertainty:      0.069ns  ((TSJ^2 + DJ^2)^1/2) / 2 + PE
    Total System Jitter     (TSJ):    0.071ns
    Discrete Jitter          (DJ):    0.118ns
    Phase Error              (PE):    0.000ns

    Location             Delay type                Incr(ns)  Path(ns)    Netlist Resource(s)
  -------------------------------------------------------------------    -------------------
                         (clock u_top_n_1799 rise edge)
                                                      0.000     0.000 r  
    W19                                               0.000     0.000 r  sys_clk (IN)
                         net (fo=0)                   0.000     0.000    sys_clk
    W19                  IBUF (Prop_ibuf_I_O)         1.440     1.440 r  sys_clk_IBUF_inst/O
                         net (fo=1, routed)           1.065     2.505    u_top/sys_clk_IBUF
    MMCME2_ADV_X0Y2      MMCME2_ADV (Prop_mmcme2_adv_CLKIN1_CLKOUT0)
                                                      0.077     2.582 r  u_top/g_mmcm.u_mmcm/CLKOUT0
                         net (fo=1, routed)           1.559     4.141    u_top_n_1799
    BUFGCTRL_X0Y0        BUFG (Prop_bufg_I_O)         0.081     4.222 r  bank_gen[3].mem_reg_i_1/O
                         net (fo=61184, routed)       1.571     5.793    u_top/u_core/u_b/u_b_core/core/core/l1/mac/acc/clk_200
    SLICE_X117Y50        FDRE                                         r  u_top/u_core/u_b/u_b_core/core/core/l1/mac/acc/sum_stage_reg[7][0]/C
  -------------------------------------------------------------------    -------------------
    SLICE_X117Y50        FDRE (Prop_fdre_C_Q)         0.348     6.141 r  u_top/u_core/u_b/u_b_core/core/core/l1/mac/acc/sum_stage_reg[7][0]/Q
                         net (fo=2, routed)           0.683     6.824    u_top/u_core/u_b/u_b_core/core/core/l1/mac/acc/sum_stage_reg[7]_272[0]
    SLICE_X115Y50        CARRY4 (Prop_carry4_S[0]_CO[3])
                                                      0.682     7.506 r  u_top/u_core/u_b/u_b_core/core/core/l1/mac/acc/out_data_reg[227]_i_2/CO[3]
                         net (fo=1, routed)           0.000     7.506    u_top/u_core/u_b/u_b_core/core/core/l1/mac/acc/out_data_reg[227]_i_2_n_0
    SLICE_X115Y51        CARRY4 (Prop_carry4_CI_CO[3])
                                                      0.098     7.604 r  u_top/u_core/u_b/u_b_core/core/core/l1/mac/acc/out_data_reg[231]_i_2/CO[3]
                         net (fo=1, routed)           0.000     7.604    u_top/u_core/u_b/u_b_core/core/core/l1/mac/acc/out_data_reg[231]_i_2_n_0
    SLICE_X115Y52        CARRY4 (Prop_carry4_CI_CO[3])
                                                      0.098     7.702 r  u_top/u_core/u_b/u_b_core/core/core/l1/mac/acc/out_data_reg[235]_i_2/CO[3]
                         net (fo=1, routed)           0.000     7.702    u_top/u_core/u_b/u_b_core/core/core/l1/mac/acc/out_data_reg[235]_i_2_n_0
    SLICE_X115Y53        CARRY4 (Prop_carry4_CI_CO[3])
                                                      0.098     7.800 r  u_top/u_core/u_b/u_b_core/core/core/l1/mac/acc/out_data_reg[239]_i_2/CO[3]
                         net (fo=1, routed)           0.000     7.800    u_top/u_core/u_b/u_b_core/core/core/l1/mac/acc/out_data_reg[239]_i_2_n_0
    SLICE_X115Y54        CARRY4 (Prop_carry4_CI_CO[3])
                                                      0.098     7.898 r  u_top/u_core/u_b/u_b_core/core/core/l1/mac/acc/out_data_reg[243]_i_2/CO[3]
                         net (fo=1, routed)           0.000     7.898    u_top/u_core/u_b/u_b_core/core/core/l1/mac/acc/out_data_reg[243]_i_2_n_0
    SLICE_X115Y55        CARRY4 (Prop_carry4_CI_CO[3])
                                                      0.098     7.996 r  u_top/u_core/u_b/u_b_core/core/core/l1/mac/acc/out_data_reg[247]_i_2/CO[3]
                         net (fo=1, routed)           0.000     7.996    u_top/u_core/u_b/u_b_core/core/core/l1/mac/acc/out_data_reg[247]_i_2_n_0
    SLICE_X115Y56        CARRY4 (Prop_carry4_CI_CO[3])
                                                      0.098     8.094 r  u_top/u_core/u_b/u_b_core/core/core/l1/mac/acc/out_data_reg[251]_i_2/CO[3]
                         net (fo=1, routed)           0.000     8.094    u_top/u_core/u_b/u_b_core/core/core/l1/mac/acc/out_data_reg[251]_i_2_n_0
    SLICE_X115Y57        CARRY4 (Prop_carry4_CI_CO[3])
                                                      0.098     8.192 r  u_top/u_core/u_b/u_b_core/core/core/l1/mac/acc/out_data_reg[255]_i_2/CO[3]
                         net (fo=1, routed)           0.000     8.192    u_top/u_core/u_b/u_b_core/core/core/l1/mac/acc/out_data_reg[255]_i_2_n_0
    SLICE_X115Y58        CARRY4 (Prop_carry4_CI_O[0])
                                                      0.180     8.372 f  u_top/u_core/u_b/u_b_core/core/core/l1/mac/acc/i___127_i_7/O[0]
                         net (fo=4, routed)           0.578     8.951    u_top/u_core/u_b/u_b_core/core/core/l1/mac/acc/i___127_i_7_n_7
    SLICE_X113Y57        LUT2 (Prop_lut2_I1_O)        0.249     9.200 r  u_top/u_core/u_b/u_b_core/core/core/l1/mac/acc/i___127_i_5/O
                         net (fo=1, routed)           0.000     9.200    u_top/u_core/u_b/u_b_core/core/core/l1/mac/acc/i___127_i_5_n_0
    SLICE_X113Y57        CARRY4 (Prop_carry4_S[1]_CO[2])
                                                      0.475     9.675 r  u_top/u_core/u_b/u_b_core/core/core/l1/mac/acc/i___127_i_1/CO[2]
                         net (fo=2, routed)           0.288     9.963    u_top/u_core/u_b/u_b_core/core/core/l1/mac/sat_i32137_in
    SLICE_X112Y57        LUT5 (Prop_lut5_I4_O)        0.261    10.224 r  u_top/u_core/u_b/u_b_core/core/core/l1/mac/i___127/O
                         net (fo=31, routed)          0.713    10.937    u_top/u_core/u_b/u_b_core/core/core/l1/mac/acc/out_data_reg[254]_0
    SLICE_X113Y53        FDSE                                         r  u_top/u_core/u_b/u_b_core/core/core/l1/mac/acc/out_data_reg[243]/S
  -------------------------------------------------------------------    -------------------

                         (clock u_top_n_1799 rise edge)
                                                      5.000     5.000 r  
    W19                                               0.000     5.000 r  sys_clk (IN)
                         net (fo=0)                   0.000     5.000    sys_clk
    W19                  IBUF (Prop_ibuf_I_O)         1.374     6.374 r  sys_clk_IBUF_inst/O
                         net (fo=1, routed)           1.004     7.378    u_top/sys_clk_IBUF
    MMCME2_ADV_X0Y2      MMCME2_ADV (Prop_mmcme2_adv_CLKIN1_CLKOUT0)
                                                      0.073     7.451 r  u_top/g_mmcm.u_mmcm/CLKOUT0
                         net (fo=1, routed)           1.488     8.938    u_top_n_1799
    BUFGCTRL_X0Y0        BUFG (Prop_bufg_I_O)         0.077     9.015 r  bank_gen[3].mem_reg_i_1/O
                         net (fo=61184, routed)       1.452    10.467    u_top/u_core/u_b/u_b_core/core/core/l1/mac/acc/clk_200
    SLICE_X113Y53        FDSE                                         r  u_top/u_core/u_b/u_b_core/core/core/l1/mac/acc/out_data_reg[243]/C
                         clock pessimism              0.280    10.747    
                         clock uncertainty           -0.069    10.678    
    SLICE_X113Y53        FDSE (Setup_fdse_C_S)       -0.352    10.326    u_top/u_core/u_b/u_b_core/core/core/l1/mac/acc/out_data_reg[243]
  -------------------------------------------------------------------
                         required time                         10.326    
                         arrival time                         -10.937    
  -------------------------------------------------------------------
                         slack                                 -0.611    

Slack (VIOLATED) :        -0.610ns  (required time - arrival time)
  Source:                 u_top/u_core/u_b/u_b_core/core/core/l5/mac/acc/sum_valid_reg/C
                            (rising edge-triggered cell FDRE clocked by u_top_n_1799  {rise@0.000ns fall@2.500ns period=5.000ns})
  Destination:            u_top/u_core/u_b/u_b_core/core/core/l5/gk.frontend/fifo/g_wide_read.g_read_slice[36].rd_ptr_local_reg[0]/R
                            (rising edge-triggered cell FDRE clocked by u_top_n_1799  {rise@0.000ns fall@2.500ns period=5.000ns})
  Path Group:             u_top_n_1799
  Path Type:              Setup (Max at Slow Process Corner)
  Requirement:            5.000ns  (u_top_n_1799 rise@5.000ns - u_top_n_1799 rise@0.000ns)
  Data Path Delay:        5.149ns  (logic 0.904ns (17.556%)  route 4.245ns (82.445%))
  Logic Levels:           5  (LUT3=1 LUT4=1 LUT6=3)
  Clock Path Skew:        0.031ns (DCD - SCD + CPR)
    Destination Clock Delay (DCD):    5.416ns = ( 10.416 - 5.000 ) 
    Source Clock Delay      (SCD):    5.598ns
    Clock Pessimism Removal (CPR):    0.213ns
  Clock Uncertainty:      0.069ns  ((TSJ^2 + DJ^2)^1/2) / 2 + PE
    Total System Jitter     (TSJ):    0.071ns
    Discrete Jitter          (DJ):    0.118ns
    Phase Error              (PE):    0.000ns

    Location             Delay type                Incr(ns)  Path(ns)    Netlist Resource(s)
  -------------------------------------------------------------------    -------------------
                         (clock u_top_n_1799 rise edge)
                                                      0.000     0.000 r  
    W19                                               0.000     0.000 r  sys_clk (IN)
                         net (fo=0)                   0.000     0.000    sys_clk
    W19                  IBUF (Prop_ibuf_I_O)         1.440     1.440 r  sys_clk_IBUF_inst/O
                         net (fo=1, routed)           1.065     2.505    u_top/sys_clk_IBUF
    MMCME2_ADV_X0Y2      MMCME2_ADV (Prop_mmcme2_adv_CLKIN1_CLKOUT0)
                                                      0.077     2.582 r  u_top/g_mmcm.u_mmcm/CLKOUT0
                         net (fo=1, routed)           1.559     4.141    u_top_n_1799
    BUFGCTRL_X0Y0        BUFG (Prop_bufg_I_O)         0.081     4.222 r  bank_gen[3].mem_reg_i_1/O
                         net (fo=61184, routed)       1.376     5.598    u_top/u_core/u_b/u_b_core/core/core/l5/mac/acc/clk_200
    SLICE_X86Y130        FDRE                                         r  u_top/u_core/u_b/u_b_core/core/core/l5/mac/acc/sum_valid_reg/C
  -------------------------------------------------------------------    -------------------
    SLICE_X86Y130        FDRE (Prop_fdre_C_Q)         0.379     5.977 f  u_top/u_core/u_b/u_b_core/core/core/l5/mac/acc/sum_valid_reg/Q
                         net (fo=6, routed)           0.710     6.687    u_top/u_core/u_b/u_b_core/core/core/l5/mac/acc/sum_valid_reg_0
    SLICE_X85Y129        LUT6 (Prop_lut6_I0_O)        0.105     6.792 r  u_top/u_core/u_b/u_b_core/core/core/l5/mac/acc/tree_stage[2].channel[2].node[3].pair.sums_q[2][2][3][31]_i_3/O
                         net (fo=17, routed)          0.215     7.007    u_top/u_core/u_b/u_b_core/core/core/l5/mac/mac/ready_7
    SLICE_X85Y129        LUT6 (Prop_lut6_I2_O)        0.105     7.112 r  u_top/u_core/u_b/u_b_core/core/core/l5/mac/mac/out_lane[2].mult_lane[15].operand_pipe.sums_q_reg[0][2][15]_i_2/O
                         net (fo=19, routed)          0.298     7.410    u_top/u_core/u_b/u_b_core/core/core/l5/mac/mac/ready_2
    SLICE_X87Y129        LUT3 (Prop_lut3_I1_O)        0.105     7.515 r  u_top/u_core/u_b/u_b_core/core/core/l5/mac/mac/out_lane[3].mult_lane[48].operand_pipe.act_q[15]_i_3/O
                         net (fo=76, routed)          0.911     8.426    u_top/u_core/u_b/u_b_core/core/core/l5/mac/issue/issue_ready
    SLICE_X81Y112        LUT6 (Prop_lut6_I4_O)        0.105     8.531 r  u_top/u_core/u_b/u_b_core/core/core/l5/mac/issue/out_window[6399]_i_1/O
                         net (fo=6704, routed)        1.093     9.624    u_top/u_core/u_b/u_b_core/core/core/l5/gk.frontend/fifo/g_wide_read.g_read_slice[0].rd_ptr_local_reg[1]_0
    SLICE_X81Y92         LUT4 (Prop_lut4_I3_O)        0.105     9.729 r  u_top/u_core/u_b/u_b_core/core/core/l5/gk.frontend/fifo/g_wide_read.g_read_slice[36].rd_ptr_local[1]_i_1/O
                         net (fo=2, routed)           1.018    10.747    u_top/u_core/u_b/u_b_core/core/core/l5/gk.frontend/fifo/g_wide_read.g_read_slice[36].rd_ptr_local[1]_i_1_n_0
    SLICE_X80Y72         FDRE                                         r  u_top/u_core/u_b/u_b_core/core/core/l5/gk.frontend/fifo/g_wide_read.g_read_slice[36].rd_ptr_local_reg[0]/R
  -------------------------------------------------------------------    -------------------

                         (clock u_top_n_1799 rise edge)
                                                      5.000     5.000 r  
    W19                                               0.000     5.000 r  sys_clk (IN)
                         net (fo=0)                   0.000     5.000    sys_clk
    W19                  IBUF (Prop_ibuf_I_O)         1.374     6.374 r  sys_clk_IBUF_inst/O
                         net (fo=1, routed)           1.004     7.378    u_top/sys_clk_IBUF
    MMCME2_ADV_X0Y2      MMCME2_ADV (Prop_mmcme2_adv_CLKIN1_CLKOUT0)
                                                      0.073     7.451 r  u_top/g_mmcm.u_mmcm/CLKOUT0
                         net (fo=1, routed)           1.488     8.938    u_top_n_1799
    BUFGCTRL_X0Y0        BUFG (Prop_bufg_I_O)         0.077     9.015 r  bank_gen[3].mem_reg_i_1/O
                         net (fo=61184, routed)       1.401    10.416    u_top/u_core/u_b/u_b_core/core/core/l5/gk.frontend/fifo/clk_200
    SLICE_X80Y72         FDRE                                         r  u_top/u_core/u_b/u_b_core/core/core/l5/gk.frontend/fifo/g_wide_read.g_read_slice[36].rd_ptr_local_reg[0]/C
                         clock pessimism              0.213    10.629    
                         clock uncertainty           -0.069    10.560    
    SLICE_X80Y72         FDRE (Setup_fdre_C_R)       -0.423    10.137    u_top/u_core/u_b/u_b_core/core/core/l5/gk.frontend/fifo/g_wide_read.g_read_slice[36].rd_ptr_local_reg[0]
  -------------------------------------------------------------------
                         required time                         10.137    
                         arrival time                         -10.747    
  -------------------------------------------------------------------
                         slack                                 -0.610    





Min Delay Paths
--------------------------------------------------------------------------------------
Slack (MET) :             0.036ns  (arrival time - required time)
  Source:                 u_top/u_core/u_b/u_b_core/core/core/l5/gk.frontend/win/shift_reg[5][210]/C
                            (rising edge-triggered cell FDRE clocked by u_top_n_1799  {rise@0.000ns fall@2.500ns period=5.000ns})
  Destination:            u_top/u_core/u_b/u_b_core/core/core/l5/gk.frontend/fifo/g_wide_read.g_read_slice[23].mem_slice_reg_0_3_18_23/RAMA/I
                            (rising edge-triggered cell RAMD32 clocked by u_top_n_1799  {rise@0.000ns fall@2.500ns period=5.000ns})
  Path Group:             u_top_n_1799
  Path Type:              Hold (Min at Fast Process Corner)
  Requirement:            0.000ns  (u_top_n_1799 rise@0.000ns - u_top_n_1799 rise@0.000ns)
  Data Path Delay:        0.196ns  (logic 0.141ns (71.838%)  route 0.055ns (28.162%))
  Logic Levels:           0  
  Clock Path Skew:        0.013ns (DCD - SCD - CPR)
    Destination Clock Delay (DCD):    2.460ns
    Source Clock Delay      (SCD):    1.908ns
    Clock Pessimism Removal (CPR):    0.540ns

    Location             Delay type                Incr(ns)  Path(ns)    Netlist Resource(s)
  -------------------------------------------------------------------    -------------------
                         (clock u_top_n_1799 rise edge)
                                                      0.000     0.000 r  
    W19                                               0.000     0.000 r  sys_clk (IN)
                         net (fo=0)                   0.000     0.000    sys_clk
    W19                  IBUF (Prop_ibuf_I_O)         0.277     0.277 r  sys_clk_IBUF_inst/O
                         net (fo=1, routed)           0.440     0.717    u_top/sys_clk_IBUF
    MMCME2_ADV_X0Y2      MMCME2_ADV (Prop_mmcme2_adv_CLKIN1_CLKOUT0)
                                                      0.050     0.767 r  u_top/g_mmcm.u_mmcm/CLKOUT0
                         net (fo=1, routed)           0.545     1.312    u_top_n_1799
    BUFGCTRL_X0Y0        BUFG (Prop_bufg_I_O)         0.026     1.338 r  bank_gen[3].mem_reg_i_1/O
                         net (fo=61184, routed)       0.570     1.908    u_top/u_core/u_b/u_b_core/core/core/l5/gk.frontend/win/clk_200
    SLICE_X71Y118        FDRE                                         r  u_top/u_core/u_b/u_b_core/core/core/l5/gk.frontend/win/shift_reg[5][210]/C
  -------------------------------------------------------------------    -------------------
    SLICE_X71Y118        FDRE (Prop_fdre_C_Q)         0.141     2.049 r  u_top/u_core/u_b/u_b_core/core/core/l5/gk.frontend/win/shift_reg[5][210]/Q
                         net (fo=1, routed)           0.055     2.104    u_top/u_core/u_b/u_b_core/core/core/l5/gk.frontend/fifo/g_wide_read.g_read_slice[23].mem_slice_reg_0_3_18_23/DIA0
    SLICE_X70Y118        RAMD32                                       r  u_top/u_core/u_b/u_b_core/core/core/l5/gk.frontend/fifo/g_wide_read.g_read_slice[23].mem_slice_reg_0_3_18_23/RAMA/I
  -------------------------------------------------------------------    -------------------

                         (clock u_top_n_1799 rise edge)
                                                      0.000     0.000 r  
    W19                                               0.000     0.000 r  sys_clk (IN)
                         net (fo=0)                   0.000     0.000    sys_clk
    W19                  IBUF (Prop_ibuf_I_O)         0.465     0.465 r  sys_clk_IBUF_inst/O
                         net (fo=1, routed)           0.480     0.945    u_top/sys_clk_IBUF
    MMCME2_ADV_X0Y2      MMCME2_ADV (Prop_mmcme2_adv_CLKIN1_CLKOUT0)
                                                      0.053     0.998 r  u_top/g_mmcm.u_mmcm/CLKOUT0
                         net (fo=1, routed)           0.595     1.593    u_top_n_1799
    BUFGCTRL_X0Y0        BUFG (Prop_bufg_I_O)         0.029     1.622 r  bank_gen[3].mem_reg_i_1/O
                         net (fo=61184, routed)       0.839     2.460    u_top/u_core/u_b/u_b_core/core/core/l5/gk.frontend/fifo/g_wide_read.g_read_slice[23].mem_slice_reg_0_3_18_23/WCLK
    SLICE_X70Y118        RAMD32                                       r  u_top/u_core/u_b/u_b_core/core/core/l5/gk.frontend/fifo/g_wide_read.g_read_slice[23].mem_slice_reg_0_3_18_23/RAMA/CLK
                         clock pessimism             -0.540     1.921    
    SLICE_X70Y118        RAMD32 (Hold_ramd32_CLK_I)
                                                      0.147     2.068    u_top/u_core/u_b/u_b_core/core/core/l5/gk.frontend/fifo/g_wide_read.g_read_slice[23].mem_slice_reg_0_3_18_23/RAMA
  -------------------------------------------------------------------
                         required time                         -2.068    
                         arrival time                           2.104    
  -------------------------------------------------------------------
                         slack                                  0.036    

Slack (MET) :             0.048ns  (arrival time - required time)
  Source:                 u_top/u_core/u_b/u_b_core/core/core/l5/gk.frontend/win/shift_reg[2][0]/C
                            (rising edge-triggered cell FDRE clocked by u_top_n_1799  {rise@0.000ns fall@2.500ns period=5.000ns})
  Destination:            u_top/u_core/u_b/u_b_core/core/core/l5/gk.frontend/fifo/g_wide_read.g_read_slice[8].mem_slice_reg_0_3_0_5/RAMA/I
                            (rising edge-triggered cell RAMD32 clocked by u_top_n_1799  {rise@0.000ns fall@2.500ns period=5.000ns})
  Path Group:             u_top_n_1799
  Path Type:              Hold (Min at Fast Process Corner)
  Requirement:            0.000ns  (u_top_n_1799 rise@0.000ns - u_top_n_1799 rise@0.000ns)
  Data Path Delay:        0.208ns  (logic 0.141ns (67.807%)  route 0.067ns (32.193%))
  Logic Levels:           0  
  Clock Path Skew:        0.013ns (DCD - SCD - CPR)
    Destination Clock Delay (DCD):    2.548ns
    Source Clock Delay      (SCD):    1.991ns
    Clock Pessimism Removal (CPR):    0.544ns

    Location             Delay type                Incr(ns)  Path(ns)    Netlist Resource(s)
  -------------------------------------------------------------------    -------------------
                         (clock u_top_n_1799 rise edge)
                                                      0.000     0.000 r  
    W19                                               0.000     0.000 r  sys_clk (IN)
                         net (fo=0)                   0.000     0.000    sys_clk
    W19                  IBUF (Prop_ibuf_I_O)         0.277     0.277 r  sys_clk_IBUF_inst/O
                         net (fo=1, routed)           0.440     0.717    u_top/sys_clk_IBUF
    MMCME2_ADV_X0Y2      MMCME2_ADV (Prop_mmcme2_adv_CLKIN1_CLKOUT0)
                                                      0.050     0.767 r  u_top/g_mmcm.u_mmcm/CLKOUT0
                         net (fo=1, routed)           0.545     1.312    u_top_n_1799
    BUFGCTRL_X0Y0        BUFG (Prop_bufg_I_O)         0.026     1.338 r  bank_gen[3].mem_reg_i_1/O
                         net (fo=61184, routed)       0.653     1.991    u_top/u_core/u_b/u_b_core/core/core/l5/gk.frontend/win/clk_200
    SLICE_X47Y99         FDRE                                         r  u_top/u_core/u_b/u_b_core/core/core/l5/gk.frontend/win/shift_reg[2][0]/C
  -------------------------------------------------------------------    -------------------
    SLICE_X47Y99         FDRE (Prop_fdre_C_Q)         0.141     2.132 r  u_top/u_core/u_b/u_b_core/core/core/l5/gk.frontend/win/shift_reg[2][0]/Q
                         net (fo=2, routed)           0.067     2.199    u_top/u_core/u_b/u_b_core/core/core/l5/gk.frontend/fifo/g_wide_read.g_read_slice[8].mem_slice_reg_0_3_0_5/DIA0
    SLICE_X46Y99         RAMD32                                       r  u_top/u_core/u_b/u_b_core/core/core/l5/gk.frontend/fifo/g_wide_read.g_read_slice[8].mem_slice_reg_0_3_0_5/RAMA/I
  -------------------------------------------------------------------    -------------------

                         (clock u_top_n_1799 rise edge)
                                                      0.000     0.000 r  
    W19                                               0.000     0.000 r  sys_clk (IN)
                         net (fo=0)                   0.000     0.000    sys_clk
    W19                  IBUF (Prop_ibuf_I_O)         0.465     0.465 r  sys_clk_IBUF_inst/O
                         net (fo=1, routed)           0.480     0.945    u_top/sys_clk_IBUF
    MMCME2_ADV_X0Y2      MMCME2_ADV (Prop_mmcme2_adv_CLKIN1_CLKOUT0)
                                                      0.053     0.998 r  u_top/g_mmcm.u_mmcm/CLKOUT0
                         net (fo=1, routed)           0.595     1.593    u_top_n_1799
    BUFGCTRL_X0Y0        BUFG (Prop_bufg_I_O)         0.029     1.622 r  bank_gen[3].mem_reg_i_1/O
                         net (fo=61184, routed)       0.927     2.548    u_top/u_core/u_b/u_b_core/core/core/l5/gk.frontend/fifo/g_wide_read.g_read_slice[8].mem_slice_reg_0_3_0_5/WCLK
    SLICE_X46Y99         RAMD32                                       r  u_top/u_core/u_b/u_b_core/core/core/l5/gk.frontend/fifo/g_wide_read.g_read_slice[8].mem_slice_reg_0_3_0_5/RAMA/CLK
                         clock pessimism             -0.544     2.004    
    SLICE_X46Y99         RAMD32 (Hold_ramd32_CLK_I)
                                                      0.147     2.151    u_top/u_core/u_b/u_b_core/core/core/l5/gk.frontend/fifo/g_wide_read.g_read_slice[8].mem_slice_reg_0_3_0_5/RAMA
  -------------------------------------------------------------------
                         required time                         -2.151    
                         arrival time                           2.199    
  -------------------------------------------------------------------
                         slack                                  0.048    

Slack (MET) :             0.059ns  (arrival time - required time)
  Source:                 u_top/u_core/u_b/u_b_core/core/core/l3/mac/mac/tree_stage[3].channel[6].node[0].pair.sums_q_reg[3][6][0][19]/C
                            (rising edge-triggered cell FDRE clocked by u_top_n_1799  {rise@0.000ns fall@2.500ns period=5.000ns})
  Destination:            u_top/u_core/u_b/u_b_core/core/core/l3/mac/mac/tree_stage[4].channel[6].node[0].pair.sums_q_reg[4][6][0][19]/D
                            (rising edge-triggered cell FDRE clocked by u_top_n_1799  {rise@0.000ns fall@2.500ns period=5.000ns})
  Path Group:             u_top_n_1799
  Path Type:              Hold (Min at Fast Process Corner)
  Requirement:            0.000ns  (u_top_n_1799 rise@0.000ns - u_top_n_1799 rise@0.000ns)
  Data Path Delay:        0.507ns  (logic 0.272ns (53.607%)  route 0.235ns (46.393%))
  Logic Levels:           2  (CARRY4=1 LUT2=1)
  Clock Path Skew:        0.343ns (DCD - SCD - CPR)
    Destination Clock Delay (DCD):    2.667ns
    Source Clock Delay      (SCD):    2.032ns
    Clock Pessimism Removal (CPR):    0.292ns

    Location             Delay type                Incr(ns)  Path(ns)    Netlist Resource(s)
  -------------------------------------------------------------------    -------------------
                         (clock u_top_n_1799 rise edge)
                                                      0.000     0.000 r  
    W19                                               0.000     0.000 r  sys_clk (IN)
                         net (fo=0)                   0.000     0.000    sys_clk
    W19                  IBUF (Prop_ibuf_I_O)         0.277     0.277 r  sys_clk_IBUF_inst/O
                         net (fo=1, routed)           0.440     0.717    u_top/sys_clk_IBUF
    MMCME2_ADV_X0Y2      MMCME2_ADV (Prop_mmcme2_adv_CLKIN1_CLKOUT0)
                                                      0.050     0.767 r  u_top/g_mmcm.u_mmcm/CLKOUT0
                         net (fo=1, routed)           0.545     1.312    u_top_n_1799
    BUFGCTRL_X0Y0        BUFG (Prop_bufg_I_O)         0.026     1.338 r  bank_gen[3].mem_reg_i_1/O
                         net (fo=61184, routed)       0.694     2.032    u_top/u_core/u_b/u_b_core/core/core/l3/mac/mac/clk_200
    SLICE_X10Y51         FDRE                                         r  u_top/u_core/u_b/u_b_core/core/core/l3/mac/mac/tree_stage[3].channel[6].node[0].pair.sums_q_reg[3][6][0][19]/C
  -------------------------------------------------------------------    -------------------
    SLICE_X10Y51         FDRE (Prop_fdre_C_Q)         0.164     2.196 r  u_top/u_core/u_b/u_b_core/core/core/l3/mac/mac/tree_stage[3].channel[6].node[0].pair.sums_q_reg[3][6][0][19]/Q
                         net (fo=2, routed)           0.235     2.432    u_top/u_core/u_b/u_b_core/core/core/l3/mac/mac/tree_stage[3].channel[6].node[0].pair.sums_q_reg[3][6][0][31]_0[19]
    SLICE_X11Y48         LUT2 (Prop_lut2_I0_O)        0.045     2.477 r  u_top/u_core/u_b/u_b_core/core/core/l3/mac/mac/tree_stage[4].channel[6].node[0].pair.sums_q[4][6][0][19]_i_2/O
                         net (fo=1, routed)           0.000     2.477    u_top_n_5386
    SLICE_X11Y48         CARRY4 (Prop_carry4_S[3]_O[3])
                                                      0.063     2.540 r  mac/tree_stage[4].channel[6].node[0].pair.sums_q_reg[4][6][0][19]_i_1/O[3]
                         net (fo=1, routed)           0.000     2.540    u_top/u_core/u_b/u_b_core/core/core/l3/mac/mac/tree_stage[4].channel[6].node[0].pair.sums_q_reg[4][6][0][27]_0[19]
    SLICE_X11Y48         FDRE                                         r  u_top/u_core/u_b/u_b_core/core/core/l3/mac/mac/tree_stage[4].channel[6].node[0].pair.sums_q_reg[4][6][0][19]/D
  -------------------------------------------------------------------    -------------------

                         (clock u_top_n_1799 rise edge)
                                                      0.000     0.000 r  
    W19                                               0.000     0.000 r  sys_clk (IN)
                         net (fo=0)                   0.000     0.000    sys_clk
    W19                  IBUF (Prop_ibuf_I_O)         0.465     0.465 r  sys_clk_IBUF_inst/O
                         net (fo=1, routed)           0.480     0.945    u_top/sys_clk_IBUF
    MMCME2_ADV_X0Y2      MMCME2_ADV (Prop_mmcme2_adv_CLKIN1_CLKOUT0)
                                                      0.053     0.998 r  u_top/g_mmcm.u_mmcm/CLKOUT0
                         net (fo=1, routed)           0.595     1.593    u_top_n_1799
    BUFGCTRL_X0Y0        BUFG (Prop_bufg_I_O)         0.029     1.622 r  bank_gen[3].mem_reg_i_1/O
                         net (fo=61184, routed)       1.046     2.667    u_top/u_core/u_b/u_b_core/core/core/l3/mac/mac/clk_200
    SLICE_X11Y48         FDRE                                         r  u_top/u_core/u_b/u_b_core/core/core/l3/mac/mac/tree_stage[4].channel[6].node[0].pair.sums_q_reg[4][6][0][19]/C
                         clock pessimism             -0.292     2.375    
    SLICE_X11Y48         FDRE (Hold_fdre_C_D)         0.105     2.480    u_top/u_core/u_b/u_b_core/core/core/l3/mac/mac/tree_stage[4].channel[6].node[0].pair.sums_q_reg[4][6][0][19]
  -------------------------------------------------------------------
                         required time                         -2.480    
                         arrival time                           2.540    
  -------------------------------------------------------------------
                         slack                                  0.059    

Slack (MET) :             0.065ns  (arrival time - required time)
  Source:                 u_top/u_core/u_b/u_b_core/core/core/l5/mac/mac/tree_stage[3].channel[1].node[5].pair.sums_q_reg[3][1][5][3]/C
                            (rising edge-triggered cell FDRE clocked by u_top_n_1799  {rise@0.000ns fall@2.500ns period=5.000ns})
  Destination:            u_top/u_core/u_b/u_b_core/core/core/l5/mac/mac/tree_stage[4].channel[1].node[2].pair.sums_q_reg[4][1][2][8]/D
                            (rising edge-triggered cell FDRE clocked by u_top_n_1799  {rise@0.000ns fall@2.500ns period=5.000ns})
  Path Group:             u_top_n_1799
  Path Type:              Hold (Min at Fast Process Corner)
  Requirement:            0.000ns  (u_top_n_1799 rise@0.000ns - u_top_n_1799 rise@0.000ns)
  Data Path Delay:        0.468ns  (logic 0.388ns (82.881%)  route 0.080ns (17.119%))
  Logic Levels:           4  (CARRY4=3 LUT2=1)
  Clock Path Skew:        0.269ns (DCD - SCD - CPR)
    Destination Clock Delay (DCD):    2.464ns
    Source Clock Delay      (SCD):    1.912ns
    Clock Pessimism Removal (CPR):    0.284ns

    Location             Delay type                Incr(ns)  Path(ns)    Netlist Resource(s)
  -------------------------------------------------------------------    -------------------
                         (clock u_top_n_1799 rise edge)
                                                      0.000     0.000 r  
    W19                                               0.000     0.000 r  sys_clk (IN)
                         net (fo=0)                   0.000     0.000    sys_clk
    W19                  IBUF (Prop_ibuf_I_O)         0.277     0.277 r  sys_clk_IBUF_inst/O
                         net (fo=1, routed)           0.440     0.717    u_top/sys_clk_IBUF
    MMCME2_ADV_X0Y2      MMCME2_ADV (Prop_mmcme2_adv_CLKIN1_CLKOUT0)
                                                      0.050     0.767 r  u_top/g_mmcm.u_mmcm/CLKOUT0
                         net (fo=1, routed)           0.545     1.312    u_top_n_1799
    BUFGCTRL_X0Y0        BUFG (Prop_bufg_I_O)         0.026     1.338 r  bank_gen[3].mem_reg_i_1/O
                         net (fo=61184, routed)       0.574     1.912    u_top/u_core/u_b/u_b_core/core/core/l5/mac/mac/clk_200
    SLICE_X77Y148        FDRE                                         r  u_top/u_core/u_b/u_b_core/core/core/l5/mac/mac/tree_stage[3].channel[1].node[5].pair.sums_q_reg[3][1][5][3]/C
  -------------------------------------------------------------------    -------------------
    SLICE_X77Y148        FDRE (Prop_fdre_C_Q)         0.141     2.053 r  u_top/u_core/u_b/u_b_core/core/core/l5/mac/mac/tree_stage[3].channel[1].node[5].pair.sums_q_reg[3][1][5][3]/Q
                         net (fo=1, routed)           0.079     2.132    u_top/u_core/u_b/u_b_core/core/core/l5/mac/mac/tree_stage[3].channel[1].node[5].pair.sums_q_reg[3][1][5]_427[3]
    SLICE_X76Y148        LUT2 (Prop_lut2_I1_O)        0.045     2.177 r  u_top/u_core/u_b/u_b_core/core/core/l5/mac/mac/tree_stage[4].channel[1].node[2].pair.sums_q[4][1][2][3]_i_2/O
                         net (fo=1, routed)           0.000     2.177    u_top/u_core/u_b/u_b_core/core/core/l5/mac/mac/tree_stage[4].channel[1].node[2].pair.sums_q[4][1][2][3]_i_2_n_0
    SLICE_X76Y148        CARRY4 (Prop_carry4_S[3]_CO[3])
                                                      0.109     2.286 r  u_top/u_core/u_b/u_b_core/core/core/l5/mac/mac/tree_stage[4].channel[1].node[2].pair.sums_q_reg[4][1][2][3]_i_1/CO[3]
                         net (fo=1, routed)           0.000     2.286    u_top/u_core/u_b/u_b_core/core/core/l5/mac/mac/tree_stage[4].channel[1].node[2].pair.sums_q_reg[4][1][2][3]_i_1_n_0
    SLICE_X76Y149        CARRY4 (Prop_carry4_CI_CO[3])
                                                      0.040     2.326 r  u_top/u_core/u_b/u_b_core/core/core/l5/mac/mac/tree_stage[4].channel[1].node[2].pair.sums_q_reg[4][1][2][7]_i_1/CO[3]
                         net (fo=1, routed)           0.001     2.327    u_top/u_core/u_b/u_b_core/core/core/l5/mac/mac/tree_stage[4].channel[1].node[2].pair.sums_q_reg[4][1][2][7]_i_1_n_0
    SLICE_X76Y150        CARRY4 (Prop_carry4_CI_O[0])
                                                      0.053     2.380 r  u_top/u_core/u_b/u_b_core/core/core/l5/mac/mac/tree_stage[4].channel[1].node[2].pair.sums_q_reg[4][1][2][11]_i_1/O[0]
                         net (fo=1, routed)           0.000     2.380    u_top/u_core/u_b/u_b_core/core/core/l5/mac/mac/tree_stage[4].channel[1].node[2].pair.added[8]
    SLICE_X76Y150        FDRE                                         r  u_top/u_core/u_b/u_b_core/core/core/l5/mac/mac/tree_stage[4].channel[1].node[2].pair.sums_q_reg[4][1][2][8]/D
  -------------------------------------------------------------------    -------------------

                         (clock u_top_n_1799 rise edge)
                                                      0.000     0.000 r  
    W19                                               0.000     0.000 r  sys_clk (IN)
                         net (fo=0)                   0.000     0.000    sys_clk
    W19                  IBUF (Prop_ibuf_I_O)         0.465     0.465 r  sys_clk_IBUF_inst/O
                         net (fo=1, routed)           0.480     0.945    u_top/sys_clk_IBUF
    MMCME2_ADV_X0Y2      MMCME2_ADV (Prop_mmcme2_adv_CLKIN1_CLKOUT0)
                                                      0.053     0.998 r  u_top/g_mmcm.u_mmcm/CLKOUT0
                         net (fo=1, routed)           0.595     1.593    u_top_n_1799
    BUFGCTRL_X0Y0        BUFG (Prop_bufg_I_O)         0.029     1.622 r  bank_gen[3].mem_reg_i_1/O
                         net (fo=61184, routed)       0.843     2.464    u_top/u_core/u_b/u_b_core/core/core/l5/mac/mac/clk_200
    SLICE_X76Y150        FDRE                                         r  u_top/u_core/u_b/u_b_core/core/core/l5/mac/mac/tree_stage[4].channel[1].node[2].pair.sums_q_reg[4][1][2][8]/C
                         clock pessimism             -0.284     2.180    
    SLICE_X76Y150        FDRE (Hold_fdre_C_D)         0.134     2.314    u_top/u_core/u_b/u_b_core/core/core/l5/mac/mac/tree_stage[4].channel[1].node[2].pair.sums_q_reg[4][1][2][8]
  -------------------------------------------------------------------
                         required time                         -2.314    
                         arrival time                           2.380    
  -------------------------------------------------------------------
                         slack                                  0.065    

Slack (MET) :             0.067ns  (arrival time - required time)
  Source:                 u_top/u_core/u_b/u_b_core/core/core/l5/mac/mac/tree_stage[5].channel[1].node[1].pair.sums_q_reg[5][1][1][11]/C
                            (rising edge-triggered cell FDRE clocked by u_top_n_1799  {rise@0.000ns fall@2.500ns period=5.000ns})
  Destination:            u_top/u_core/u_b/u_b_core/core/core/l5/mac/mac/tree_stage[6].channel[1].node[0].pair.sums_q_reg[6][1][0][12]/D
                            (rising edge-triggered cell FDRE clocked by u_top_n_1799  {rise@0.000ns fall@2.500ns period=5.000ns})
  Path Group:             u_top_n_1799
  Path Type:              Hold (Min at Fast Process Corner)
  Requirement:            0.000ns  (u_top_n_1799 rise@0.000ns - u_top_n_1799 rise@0.000ns)
  Data Path Delay:        0.440ns  (logic 0.355ns (80.707%)  route 0.085ns (19.293%))
  Logic Levels:           3  (CARRY4=2 LUT2=1)
  Clock Path Skew:        0.268ns (DCD - SCD - CPR)
    Destination Clock Delay (DCD):    2.456ns
    Source Clock Delay      (SCD):    1.905ns
    Clock Pessimism Removal (CPR):    0.284ns

    Location             Delay type                Incr(ns)  Path(ns)    Netlist Resource(s)
  -------------------------------------------------------------------    -------------------
                         (clock u_top_n_1799 rise edge)
                                                      0.000     0.000 r  
    W19                                               0.000     0.000 r  sys_clk (IN)
                         net (fo=0)                   0.000     0.000    sys_clk
    W19                  IBUF (Prop_ibuf_I_O)         0.277     0.277 r  sys_clk_IBUF_inst/O
                         net (fo=1, routed)           0.440     0.717    u_top/sys_clk_IBUF
    MMCME2_ADV_X0Y2      MMCME2_ADV (Prop_mmcme2_adv_CLKIN1_CLKOUT0)
                                                      0.050     0.767 r  u_top/g_mmcm.u_mmcm/CLKOUT0
                         net (fo=1, routed)           0.545     1.312    u_top_n_1799
    BUFGCTRL_X0Y0        BUFG (Prop_bufg_I_O)         0.026     1.338 r  bank_gen[3].mem_reg_i_1/O
                         net (fo=61184, routed)       0.567     1.905    u_top/u_core/u_b/u_b_core/core/core/l5/mac/mac/clk_200
    SLICE_X86Y149        FDRE                                         r  u_top/u_core/u_b/u_b_core/core/core/l5/mac/mac/tree_stage[5].channel[1].node[1].pair.sums_q_reg[5][1][1][11]/C
  -------------------------------------------------------------------    -------------------
    SLICE_X86Y149        FDRE (Prop_fdre_C_Q)         0.141     2.046 r  u_top/u_core/u_b/u_b_core/core/core/l5/mac/mac/tree_stage[5].channel[1].node[1].pair.sums_q_reg[5][1][1][11]/Q
                         net (fo=1, routed)           0.084     2.130    u_top/u_core/u_b/u_b_core/core/core/l5/mac/mac/tree_stage[5].channel[1].node[1].pair.sums_q_reg[5][1][1]_436[11]
    SLICE_X87Y149        LUT2 (Prop_lut2_I1_O)        0.045     2.175 r  u_top/u_core/u_b/u_b_core/core/core/l5/mac/mac/tree_stage[6].channel[1].node[0].pair.sums_q[6][1][0][11]_i_2/O
                         net (fo=1, routed)           0.000     2.175    u_top/u_core/u_b/u_b_core/core/core/l5/mac/mac/tree_stage[6].channel[1].node[0].pair.sums_q[6][1][0][11]_i_2_n_0
    SLICE_X87Y149        CARRY4 (Prop_carry4_S[3]_CO[3])
                                                      0.115     2.290 r  u_top/u_core/u_b/u_b_core/core/core/l5/mac/mac/tree_stage[6].channel[1].node[0].pair.sums_q_reg[6][1][0][11]_i_1/CO[3]
                         net (fo=1, routed)           0.001     2.290    u_top/u_core/u_b/u_b_core/core/core/l5/mac/mac/tree_stage[6].channel[1].node[0].pair.sums_q_reg[6][1][0][11]_i_1_n_0
    SLICE_X87Y150        CARRY4 (Prop_carry4_CI_O[0])
                                                      0.054     2.344 r  u_top/u_core/u_b/u_b_core/core/core/l5/mac/mac/tree_stage[6].channel[1].node[0].pair.sums_q_reg[6][1][0][15]_i_1/O[0]
                         net (fo=1, routed)           0.000     2.344    u_top/u_core/u_b/u_b_core/core/core/l5/mac/mac/tree_stage[6].channel[1].node[0].pair.added[12]
    SLICE_X87Y150        FDRE                                         r  u_top/u_core/u_b/u_b_core/core/core/l5/mac/mac/tree_stage[6].channel[1].node[0].pair.sums_q_reg[6][1][0][12]/D
  -------------------------------------------------------------------    -------------------

                         (clock u_top_n_1799 rise edge)
                                                      0.000     0.000 r  
    W19                                               0.000     0.000 r  sys_clk (IN)
                         net (fo=0)                   0.000     0.000    sys_clk
    W19                  IBUF (Prop_ibuf_I_O)         0.465     0.465 r  sys_clk_IBUF_inst/O
                         net (fo=1, routed)           0.480     0.945    u_top/sys_clk_IBUF
    MMCME2_ADV_X0Y2      MMCME2_ADV (Prop_mmcme2_adv_CLKIN1_CLKOUT0)
                                                      0.053     0.998 r  u_top/g_mmcm.u_mmcm/CLKOUT0
                         net (fo=1, routed)           0.595     1.593    u_top_n_1799
    BUFGCTRL_X0Y0        BUFG (Prop_bufg_I_O)         0.029     1.622 r  bank_gen[3].mem_reg_i_1/O
                         net (fo=61184, routed)       0.834     2.456    u_top/u_core/u_b/u_b_core/core/core/l5/mac/mac/clk_200
    SLICE_X87Y150        FDRE                                         r  u_top/u_core/u_b/u_b_core/core/core/l5/mac/mac/tree_stage[6].channel[1].node[0].pair.sums_q_reg[6][1][0][12]/C
                         clock pessimism             -0.284     2.172    
    SLICE_X87Y150        FDRE (Hold_fdre_C_D)         0.105     2.277    u_top/u_core/u_b/u_b_core/core/core/l5/mac/mac/tree_stage[6].channel[1].node[0].pair.sums_q_reg[6][1][0][12]
  -------------------------------------------------------------------
                         required time                         -2.277    
                         arrival time                           2.344    
  -------------------------------------------------------------------
                         slack                                  0.067    

Slack (MET) :             0.071ns  (arrival time - required time)
  Source:                 u_top/u_core/u_in/req_addr_q_reg[7]_rep__10/C
                            (rising edge-triggered cell FDCE clocked by u_top_n_1799  {rise@0.000ns fall@2.500ns period=5.000ns})
  Destination:            u_top/u_core/u_rom/g_multi_bank.g_bank[2].u_bank/dout_reg_0_3/ADDRARDADDR[7]
                            (rising edge-triggered cell RAMB36E1 clocked by u_top_n_1799  {rise@0.000ns fall@2.500ns period=5.000ns})
  Path Group:             u_top_n_1799
  Path Type:              Hold (Min at Fast Process Corner)
  Requirement:            0.000ns  (u_top_n_1799 rise@0.000ns - u_top_n_1799 rise@0.000ns)
  Data Path Delay:        0.308ns  (logic 0.141ns (45.744%)  route 0.167ns (54.256%))
  Logic Levels:           0  
  Clock Path Skew:        0.055ns (DCD - SCD - CPR)
    Destination Clock Delay (DCD):    2.574ns
    Source Clock Delay      (SCD):    1.977ns
    Clock Pessimism Removal (CPR):    0.542ns

    Location             Delay type                Incr(ns)  Path(ns)    Netlist Resource(s)
  -------------------------------------------------------------------    -------------------
                         (clock u_top_n_1799 rise edge)
                                                      0.000     0.000 r  
    W19                                               0.000     0.000 r  sys_clk (IN)
                         net (fo=0)                   0.000     0.000    sys_clk
    W19                  IBUF (Prop_ibuf_I_O)         0.277     0.277 r  sys_clk_IBUF_inst/O
                         net (fo=1, routed)           0.440     0.717    u_top/sys_clk_IBUF
    MMCME2_ADV_X0Y2      MMCME2_ADV (Prop_mmcme2_adv_CLKIN1_CLKOUT0)
                                                      0.050     0.767 r  u_top/g_mmcm.u_mmcm/CLKOUT0
                         net (fo=1, routed)           0.545     1.312    u_top_n_1799
    BUFGCTRL_X0Y0        BUFG (Prop_bufg_I_O)         0.026     1.338 r  bank_gen[3].mem_reg_i_1/O
                         net (fo=61184, routed)       0.639     1.977    u_top/u_core/u_in/clk_200
    SLICE_X77Y53         FDCE                                         r  u_top/u_core/u_in/req_addr_q_reg[7]_rep__10/C
  -------------------------------------------------------------------    -------------------
    SLICE_X77Y53         FDCE (Prop_fdce_C_Q)         0.141     2.118 r  u_top/u_core/u_in/req_addr_q_reg[7]_rep__10/Q
                         net (fo=6, routed)           0.167     2.285    u_top/u_core/u_rom/g_multi_bank.g_bank[2].u_bank/dout_reg_0_3_0[7]
    RAMB36_X4Y10         RAMB36E1                                     r  u_top/u_core/u_rom/g_multi_bank.g_bank[2].u_bank/dout_reg_0_3/ADDRARDADDR[7]
  -------------------------------------------------------------------    -------------------

                         (clock u_top_n_1799 rise edge)
                                                      0.000     0.000 r  
    W19                                               0.000     0.000 r  sys_clk (IN)
                         net (fo=0)                   0.000     0.000    sys_clk
    W19                  IBUF (Prop_ibuf_I_O)         0.465     0.465 r  sys_clk_IBUF_inst/O
                         net (fo=1, routed)           0.480     0.945    u_top/sys_clk_IBUF
    MMCME2_ADV_X0Y2      MMCME2_ADV (Prop_mmcme2_adv_CLKIN1_CLKOUT0)
                                                      0.053     0.998 r  u_top/g_mmcm.u_mmcm/CLKOUT0
                         net (fo=1, routed)           0.595     1.593    u_top_n_1799
    BUFGCTRL_X0Y0        BUFG (Prop_bufg_I_O)         0.029     1.622 r  bank_gen[3].mem_reg_i_1/O
                         net (fo=61184, routed)       0.952     2.574    u_top/u_core/u_rom/g_multi_bank.g_bank[2].u_bank/clk_200
    RAMB36_X4Y10         RAMB36E1                                     r  u_top/u_core/u_rom/g_multi_bank.g_bank[2].u_bank/dout_reg_0_3/CLKARDCLK
                         clock pessimism             -0.542     2.032    
    RAMB36_X4Y10         RAMB36E1 (Hold_ramb36e1_CLKARDCLK_ADDRARDADDR[7])
                                                      0.183     2.215    u_top/u_core/u_rom/g_multi_bank.g_bank[2].u_bank/dout_reg_0_3
  -------------------------------------------------------------------
                         required time                         -2.215    
                         arrival time                           2.285    
  -------------------------------------------------------------------
                         slack                                  0.071    

Slack (MET) :             0.071ns  (arrival time - required time)
  Source:                 u_top/u_core/u_b/u_b_core/core/core/l5/gk.frontend/win/shift_reg[0][170]/C
                            (rising edge-triggered cell FDRE clocked by u_top_n_1799  {rise@0.000ns fall@2.500ns period=5.000ns})
  Destination:            u_top/u_core/u_b/u_b_core/core/core/l5/gk.frontend/fifo/g_wide_read.g_read_slice[2].mem_slice_reg_0_3_42_47/RAMA/I
                            (rising edge-triggered cell RAMD32 clocked by u_top_n_1799  {rise@0.000ns fall@2.500ns period=5.000ns})
  Path Group:             u_top_n_1799
  Path Type:              Hold (Min at Fast Process Corner)
  Requirement:            0.000ns  (u_top_n_1799 rise@0.000ns - u_top_n_1799 rise@0.000ns)
  Data Path Delay:        0.256ns  (logic 0.141ns (55.003%)  route 0.115ns (44.997%))
  Logic Levels:           0  
  Clock Path Skew:        0.038ns (DCD - SCD - CPR)
    Destination Clock Delay (DCD):    2.472ns
    Source Clock Delay      (SCD):    1.917ns
    Clock Pessimism Removal (CPR):    0.518ns

    Location             Delay type                Incr(ns)  Path(ns)    Netlist Resource(s)
  -------------------------------------------------------------------    -------------------
                         (clock u_top_n_1799 rise edge)
                                                      0.000     0.000 r  
    W19                                               0.000     0.000 r  sys_clk (IN)
                         net (fo=0)                   0.000     0.000    sys_clk
    W19                  IBUF (Prop_ibuf_I_O)         0.277     0.277 r  sys_clk_IBUF_inst/O
                         net (fo=1, routed)           0.440     0.717    u_top/sys_clk_IBUF
    MMCME2_ADV_X0Y2      MMCME2_ADV (Prop_mmcme2_adv_CLKIN1_CLKOUT0)
                                                      0.050     0.767 r  u_top/g_mmcm.u_mmcm/CLKOUT0
                         net (fo=1, routed)           0.545     1.312    u_top_n_1799
    BUFGCTRL_X0Y0        BUFG (Prop_bufg_I_O)         0.026     1.338 r  bank_gen[3].mem_reg_i_1/O
                         net (fo=61184, routed)       0.579     1.917    u_top/u_core/u_b/u_b_core/core/core/l5/gk.frontend/win/clk_200
    SLICE_X59Y113        FDRE                                         r  u_top/u_core/u_b/u_b_core/core/core/l5/gk.frontend/win/shift_reg[0][170]/C
  -------------------------------------------------------------------    -------------------
    SLICE_X59Y113        FDRE (Prop_fdre_C_Q)         0.141     2.058 r  u_top/u_core/u_b/u_b_core/core/core/l5/gk.frontend/win/shift_reg[0][170]/Q
                         net (fo=1, routed)           0.115     2.173    u_top/u_core/u_b/u_b_core/core/core/l5/gk.frontend/fifo/g_wide_read.g_read_slice[2].mem_slice_reg_0_3_42_47/DIA0
    SLICE_X56Y113        RAMD32                                       r  u_top/u_core/u_b/u_b_core/core/core/l5/gk.frontend/fifo/g_wide_read.g_read_slice[2].mem_slice_reg_0_3_42_47/RAMA/I
  -------------------------------------------------------------------    -------------------

                         (clock u_top_n_1799 rise edge)
                                                      0.000     0.000 r  
    W19                                               0.000     0.000 r  sys_clk (IN)
                         net (fo=0)                   0.000     0.000    sys_clk
    W19                  IBUF (Prop_ibuf_I_O)         0.465     0.465 r  sys_clk_IBUF_inst/O
                         net (fo=1, routed)           0.480     0.945    u_top/sys_clk_IBUF
    MMCME2_ADV_X0Y2      MMCME2_ADV (Prop_mmcme2_adv_CLKIN1_CLKOUT0)
                                                      0.053     0.998 r  u_top/g_mmcm.u_mmcm/CLKOUT0
                         net (fo=1, routed)           0.595     1.593    u_top_n_1799
    BUFGCTRL_X0Y0        BUFG (Prop_bufg_I_O)         0.029     1.622 r  bank_gen[3].mem_reg_i_1/O
                         net (fo=61184, routed)       0.851     2.472    u_top/u_core/u_b/u_b_core/core/core/l5/gk.frontend/fifo/g_wide_read.g_read_slice[2].mem_slice_reg_0_3_42_47/WCLK
    SLICE_X56Y113        RAMD32                                       r  u_top/u_core/u_b/u_b_core/core/core/l5/gk.frontend/fifo/g_wide_read.g_read_slice[2].mem_slice_reg_0_3_42_47/RAMA/CLK
                         clock pessimism             -0.518     1.955    
    SLICE_X56Y113        RAMD32 (Hold_ramd32_CLK_I)
                                                      0.147     2.102    u_top/u_core/u_b/u_b_core/core/core/l5/gk.frontend/fifo/g_wide_read.g_read_slice[2].mem_slice_reg_0_3_42_47/RAMA
  -------------------------------------------------------------------
                         required time                         -2.102    
                         arrival time                           2.173    
  -------------------------------------------------------------------
                         slack                                  0.071    

Slack (MET) :             0.073ns  (arrival time - required time)
  Source:                 u_top/u_core/u_b/u_b_core/core/core/l5/gk.frontend/win/shift_reg[5][246]/C
                            (rising edge-triggered cell FDRE clocked by u_top_n_1799  {rise@0.000ns fall@2.500ns period=5.000ns})
  Destination:            u_top/u_core/u_b/u_b_core/core/core/l5/gk.frontend/fifo/g_wide_read.g_read_slice[23].mem_slice_reg_0_3_54_59/RAMA/I
                            (rising edge-triggered cell RAMD32 clocked by u_top_n_1799  {rise@0.000ns fall@2.500ns period=5.000ns})
  Path Group:             u_top_n_1799
  Path Type:              Hold (Min at Fast Process Corner)
  Requirement:            0.000ns  (u_top_n_1799 rise@0.000ns - u_top_n_1799 rise@0.000ns)
  Data Path Delay:        0.254ns  (logic 0.141ns (55.507%)  route 0.113ns (44.493%))
  Logic Levels:           0  
  Clock Path Skew:        0.034ns (DCD - SCD - CPR)
    Destination Clock Delay (DCD):    2.457ns
    Source Clock Delay      (SCD):    1.906ns
    Clock Pessimism Removal (CPR):    0.518ns

    Location             Delay type                Incr(ns)  Path(ns)    Netlist Resource(s)
  -------------------------------------------------------------------    -------------------
                         (clock u_top_n_1799 rise edge)
                                                      0.000     0.000 r  
    W19                                               0.000     0.000 r  sys_clk (IN)
                         net (fo=0)                   0.000     0.000    sys_clk
    W19                  IBUF (Prop_ibuf_I_O)         0.277     0.277 r  sys_clk_IBUF_inst/O
                         net (fo=1, routed)           0.440     0.717    u_top/sys_clk_IBUF
    MMCME2_ADV_X0Y2      MMCME2_ADV (Prop_mmcme2_adv_CLKIN1_CLKOUT0)
                                                      0.050     0.767 r  u_top/g_mmcm.u_mmcm/CLKOUT0
                         net (fo=1, routed)           0.545     1.312    u_top_n_1799
    BUFGCTRL_X0Y0        BUFG (Prop_bufg_I_O)         0.026     1.338 r  bank_gen[3].mem_reg_i_1/O
                         net (fo=61184, routed)       0.568     1.906    u_top/u_core/u_b/u_b_core/core/core/l5/gk.frontend/win/clk_200
    SLICE_X69Y121        FDRE                                         r  u_top/u_core/u_b/u_b_core/core/core/l5/gk.frontend/win/shift_reg[5][246]/C
  -------------------------------------------------------------------    -------------------
    SLICE_X69Y121        FDRE (Prop_fdre_C_Q)         0.141     2.047 r  u_top/u_core/u_b/u_b_core/core/core/l5/gk.frontend/win/shift_reg[5][246]/Q
                         net (fo=1, routed)           0.113     2.160    u_top/u_core/u_b/u_b_core/core/core/l5/gk.frontend/fifo/g_wide_read.g_read_slice[23].mem_slice_reg_0_3_54_59/DIA0
    SLICE_X70Y121        RAMD32                                       r  u_top/u_core/u_b/u_b_core/core/core/l5/gk.frontend/fifo/g_wide_read.g_read_slice[23].mem_slice_reg_0_3_54_59/RAMA/I
  -------------------------------------------------------------------    -------------------

                         (clock u_top_n_1799 rise edge)
                                                      0.000     0.000 r  
    W19                                               0.000     0.000 r  sys_clk (IN)
                         net (fo=0)                   0.000     0.000    sys_clk
    W19                  IBUF (Prop_ibuf_I_O)         0.465     0.465 r  sys_clk_IBUF_inst/O
                         net (fo=1, routed)           0.480     0.945    u_top/sys_clk_IBUF
    MMCME2_ADV_X0Y2      MMCME2_ADV (Prop_mmcme2_adv_CLKIN1_CLKOUT0)
                                                      0.053     0.998 r  u_top/g_mmcm.u_mmcm/CLKOUT0
                         net (fo=1, routed)           0.595     1.593    u_top_n_1799
    BUFGCTRL_X0Y0        BUFG (Prop_bufg_I_O)         0.029     1.622 r  bank_gen[3].mem_reg_i_1/O
                         net (fo=61184, routed)       0.836     2.457    u_top/u_core/u_b/u_b_core/core/core/l5/gk.frontend/fifo/g_wide_read.g_read_slice[23].mem_slice_reg_0_3_54_59/WCLK
    SLICE_X70Y121        RAMD32                                       r  u_top/u_core/u_b/u_b_core/core/core/l5/gk.frontend/fifo/g_wide_read.g_read_slice[23].mem_slice_reg_0_3_54_59/RAMA/CLK
                         clock pessimism             -0.518     1.940    
    SLICE_X70Y121        RAMD32 (Hold_ramd32_CLK_I)
                                                      0.147     2.087    u_top/u_core/u_b/u_b_core/core/core/l5/gk.frontend/fifo/g_wide_read.g_read_slice[23].mem_slice_reg_0_3_54_59/RAMA
  -------------------------------------------------------------------
                         required time                         -2.087    
                         arrival time                           2.160    
  -------------------------------------------------------------------
                         slack                                  0.073    

Slack (MET) :             0.074ns  (arrival time - required time)
  Source:                 u_top/u_core/u_b/u_b_core/core/core/l1/mac/mac/tree_stage[2].channel[0].node[6].single.sums_q_reg[2][0][6][9]/C
                            (rising edge-triggered cell FDRE clocked by u_top_n_1799  {rise@0.000ns fall@2.500ns period=5.000ns})
  Destination:            u_top/u_core/u_b/u_b_core/core/core/l1/mac/mac/tree_stage[3].channel[0].node[3].single.sums_q_reg[3][0][3][9]/D
                            (rising edge-triggered cell FDRE clocked by u_top_n_1799  {rise@0.000ns fall@2.500ns period=5.000ns})
  Path Group:             u_top_n_1799
  Path Type:              Hold (Min at Fast Process Corner)
  Requirement:            0.000ns  (u_top_n_1799 rise@0.000ns - u_top_n_1799 rise@0.000ns)
  Data Path Delay:        0.342ns  (logic 0.164ns (47.917%)  route 0.178ns (52.084%))
  Logic Levels:           0  
  Clock Path Skew:        0.190ns (DCD - SCD - CPR)
    Destination Clock Delay (DCD):    2.557ns
    Source Clock Delay      (SCD):    2.075ns
    Clock Pessimism Removal (CPR):    0.292ns

    Location             Delay type                Incr(ns)  Path(ns)    Netlist Resource(s)
  -------------------------------------------------------------------    -------------------
                         (clock u_top_n_1799 rise edge)
                                                      0.000     0.000 r  
    W19                                               0.000     0.000 r  sys_clk (IN)
                         net (fo=0)                   0.000     0.000    sys_clk
    W19                  IBUF (Prop_ibuf_I_O)         0.277     0.277 r  sys_clk_IBUF_inst/O
                         net (fo=1, routed)           0.440     0.717    u_top/sys_clk_IBUF
    MMCME2_ADV_X0Y2      MMCME2_ADV (Prop_mmcme2_adv_CLKIN1_CLKOUT0)
                                                      0.050     0.767 r  u_top/g_mmcm.u_mmcm/CLKOUT0
                         net (fo=1, routed)           0.545     1.312    u_top_n_1799
    BUFGCTRL_X0Y0        BUFG (Prop_bufg_I_O)         0.026     1.338 r  bank_gen[3].mem_reg_i_1/O
                         net (fo=61184, routed)       0.737     2.075    u_top/u_core/u_b/u_b_core/core/core/l1/mac/mac/clk_200
    SLICE_X132Y48        FDRE                                         r  u_top/u_core/u_b/u_b_core/core/core/l1/mac/mac/tree_stage[2].channel[0].node[6].single.sums_q_reg[2][0][6][9]/C
  -------------------------------------------------------------------    -------------------
    SLICE_X132Y48        FDRE (Prop_fdre_C_Q)         0.164     2.239 r  u_top/u_core/u_b/u_b_core/core/core/l1/mac/mac/tree_stage[2].channel[0].node[6].single.sums_q_reg[2][0][6][9]/Q
                         net (fo=1, routed)           0.178     2.417    u_top/u_core/u_b/u_b_core/core/core/l1/mac/mac/tree_stage[2].channel[0].node[6].single.sums_q_reg[2][0][6]_33[9]
    SLICE_X130Y50        FDRE                                         r  u_top/u_core/u_b/u_b_core/core/core/l1/mac/mac/tree_stage[3].channel[0].node[3].single.sums_q_reg[3][0][3][9]/D
  -------------------------------------------------------------------    -------------------

                         (clock u_top_n_1799 rise edge)
                                                      0.000     0.000 r  
    W19                                               0.000     0.000 r  sys_clk (IN)
                         net (fo=0)                   0.000     0.000    sys_clk
    W19                  IBUF (Prop_ibuf_I_O)         0.465     0.465 r  sys_clk_IBUF_inst/O
                         net (fo=1, routed)           0.480     0.945    u_top/sys_clk_IBUF
    MMCME2_ADV_X0Y2      MMCME2_ADV (Prop_mmcme2_adv_CLKIN1_CLKOUT0)
                                                      0.053     0.998 r  u_top/g_mmcm.u_mmcm/CLKOUT0
                         net (fo=1, routed)           0.595     1.593    u_top_n_1799
    BUFGCTRL_X0Y0        BUFG (Prop_bufg_I_O)         0.029     1.622 r  bank_gen[3].mem_reg_i_1/O
                         net (fo=61184, routed)       0.936     2.557    u_top/u_core/u_b/u_b_core/core/core/l1/mac/mac/clk_200
    SLICE_X130Y50        FDRE                                         r  u_top/u_core/u_b/u_b_core/core/core/l1/mac/mac/tree_stage[3].channel[0].node[3].single.sums_q_reg[3][0][3][9]/C
                         clock pessimism             -0.292     2.265    
    SLICE_X130Y50        FDRE (Hold_fdre_C_D)         0.078     2.343    u_top/u_core/u_b/u_b_core/core/core/l1/mac/mac/tree_stage[3].channel[0].node[3].single.sums_q_reg[3][0][3][9]
  -------------------------------------------------------------------
                         required time                         -2.343    
                         arrival time                           2.417    
  -------------------------------------------------------------------
                         slack                                  0.074    

Slack (MET) :             0.074ns  (arrival time - required time)
  Source:                 u_top/u_core/u_b/u_b_core/core/core/l5/gk.frontend/win/shift_reg[5][248]/C
                            (rising edge-triggered cell FDRE clocked by u_top_n_1799  {rise@0.000ns fall@2.500ns period=5.000ns})
  Destination:            u_top/u_core/u_b/u_b_core/core/core/l5/gk.frontend/fifo/g_wide_read.g_read_slice[23].mem_slice_reg_0_3_54_59/RAMB/I
                            (rising edge-triggered cell RAMD32 clocked by u_top_n_1799  {rise@0.000ns fall@2.500ns period=5.000ns})
  Path Group:             u_top_n_1799
  Path Type:              Hold (Min at Fast Process Corner)
  Requirement:            0.000ns  (u_top_n_1799 rise@0.000ns - u_top_n_1799 rise@0.000ns)
  Data Path Delay:        0.254ns  (logic 0.141ns (55.507%)  route 0.113ns (44.493%))
  Logic Levels:           0  
  Clock Path Skew:        0.034ns (DCD - SCD - CPR)
    Destination Clock Delay (DCD):    2.457ns
    Source Clock Delay      (SCD):    1.906ns
    Clock Pessimism Removal (CPR):    0.518ns

    Location             Delay type                Incr(ns)  Path(ns)    Netlist Resource(s)
  -------------------------------------------------------------------    -------------------
                         (clock u_top_n_1799 rise edge)
                                                      0.000     0.000 r  
    W19                                               0.000     0.000 r  sys_clk (IN)
                         net (fo=0)                   0.000     0.000    sys_clk
    W19                  IBUF (Prop_ibuf_I_O)         0.277     0.277 r  sys_clk_IBUF_inst/O
                         net (fo=1, routed)           0.440     0.717    u_top/sys_clk_IBUF
    MMCME2_ADV_X0Y2      MMCME2_ADV (Prop_mmcme2_adv_CLKIN1_CLKOUT0)
                                                      0.050     0.767 r  u_top/g_mmcm.u_mmcm/CLKOUT0
                         net (fo=1, routed)           0.545     1.312    u_top_n_1799
    BUFGCTRL_X0Y0        BUFG (Prop_bufg_I_O)         0.026     1.338 r  bank_gen[3].mem_reg_i_1/O
                         net (fo=61184, routed)       0.568     1.906    u_top/u_core/u_b/u_b_core/core/core/l5/gk.frontend/win/clk_200
    SLICE_X69Y121        FDRE                                         r  u_top/u_core/u_b/u_b_core/core/core/l5/gk.frontend/win/shift_reg[5][248]/C
  -------------------------------------------------------------------    -------------------
    SLICE_X69Y121        FDRE (Prop_fdre_C_Q)         0.141     2.047 r  u_top/u_core/u_b/u_b_core/core/core/l5/gk.frontend/win/shift_reg[5][248]/Q
                         net (fo=1, routed)           0.113     2.160    u_top/u_core/u_b/u_b_core/core/core/l5/gk.frontend/fifo/g_wide_read.g_read_slice[23].mem_slice_reg_0_3_54_59/DIB0
    SLICE_X70Y121        RAMD32                                       r  u_top/u_core/u_b/u_b_core/core/core/l5/gk.frontend/fifo/g_wide_read.g_read_slice[23].mem_slice_reg_0_3_54_59/RAMB/I
  -------------------------------------------------------------------    -------------------

                         (clock u_top_n_1799 rise edge)
                                                      0.000     0.000 r  
    W19                                               0.000     0.000 r  sys_clk (IN)
                         net (fo=0)                   0.000     0.000    sys_clk
    W19                  IBUF (Prop_ibuf_I_O)         0.465     0.465 r  sys_clk_IBUF_inst/O
                         net (fo=1, routed)           0.480     0.945    u_top/sys_clk_IBUF
    MMCME2_ADV_X0Y2      MMCME2_ADV (Prop_mmcme2_adv_CLKIN1_CLKOUT0)
                                                      0.053     0.998 r  u_top/g_mmcm.u_mmcm/CLKOUT0
                         net (fo=1, routed)           0.595     1.593    u_top_n_1799
    BUFGCTRL_X0Y0        BUFG (Prop_bufg_I_O)         0.029     1.622 r  bank_gen[3].mem_reg_i_1/O
                         net (fo=61184, routed)       0.836     2.457    u_top/u_core/u_b/u_b_core/core/core/l5/gk.frontend/fifo/g_wide_read.g_read_slice[23].mem_slice_reg_0_3_54_59/WCLK
    SLICE_X70Y121        RAMD32                                       r  u_top/u_core/u_b/u_b_core/core/core/l5/gk.frontend/fifo/g_wide_read.g_read_slice[23].mem_slice_reg_0_3_54_59/RAMB/CLK
                         clock pessimism             -0.518     1.940    
    SLICE_X70Y121        RAMD32 (Hold_ramd32_CLK_I)
                                                      0.146     2.086    u_top/u_core/u_b/u_b_core/core/core/l5/gk.frontend/fifo/g_wide_read.g_read_slice[23].mem_slice_reg_0_3_54_59/RAMB
  -------------------------------------------------------------------
                         required time                         -2.086    
                         arrival time                           2.160    
  -------------------------------------------------------------------
                         slack                                  0.074    

Slack (MET) :             0.075ns  (arrival time - required time)
  Source:                 u_top/u_core/u_b/u_b_core/core/core/l1/mac/mac/tree_stage[2].channel[0].node[6].single.sums_q_reg[2][0][6][15]/C
                            (rising edge-triggered cell FDRE clocked by u_top_n_1799  {rise@0.000ns fall@2.500ns period=5.000ns})
  Destination:            u_top/u_core/u_b/u_b_core/core/core/l1/mac/mac/tree_stage[3].channel[0].node[3].single.sums_q_reg[3][0][3][15]/D
                            (rising edge-triggered cell FDRE clocked by u_top_n_1799  {rise@0.000ns fall@2.500ns period=5.000ns})
  Path Group:             u_top_n_1799
  Path Type:              Hold (Min at Fast Process Corner)
  Requirement:            0.000ns  (u_top_n_1799 rise@0.000ns - u_top_n_1799 rise@0.000ns)
  Data Path Delay:        0.341ns  (logic 0.164ns (48.094%)  route 0.177ns (51.906%))
  Logic Levels:           0  
  Clock Path Skew:        0.190ns (DCD - SCD - CPR)
    Destination Clock Delay (DCD):    2.557ns
    Source Clock Delay      (SCD):    2.075ns
    Clock Pessimism Removal (CPR):    0.292ns

    Location             Delay type                Incr(ns)  Path(ns)    Netlist Resource(s)
  -------------------------------------------------------------------    -------------------
                         (clock u_top_n_1799 rise edge)
                                                      0.000     0.000 r  
    W19                                               0.000     0.000 r  sys_clk (IN)
                         net (fo=0)                   0.000     0.000    sys_clk
    W19                  IBUF (Prop_ibuf_I_O)         0.277     0.277 r  sys_clk_IBUF_inst/O
                         net (fo=1, routed)           0.440     0.717    u_top/sys_clk_IBUF
    MMCME2_ADV_X0Y2      MMCME2_ADV (Prop_mmcme2_adv_CLKIN1_CLKOUT0)
                                                      0.050     0.767 r  u_top/g_mmcm.u_mmcm/CLKOUT0
                         net (fo=1, routed)           0.545     1.312    u_top_n_1799
    BUFGCTRL_X0Y0        BUFG (Prop_bufg_I_O)         0.026     1.338 r  bank_gen[3].mem_reg_i_1/O
                         net (fo=61184, routed)       0.737     2.075    u_top/u_core/u_b/u_b_core/core/core/l1/mac/mac/clk_200
    SLICE_X132Y48        FDRE                                         r  u_top/u_core/u_b/u_b_core/core/core/l1/mac/mac/tree_stage[2].channel[0].node[6].single.sums_q_reg[2][0][6][15]/C
  -------------------------------------------------------------------    -------------------
    SLICE_X132Y48        FDRE (Prop_fdre_C_Q)         0.164     2.239 r  u_top/u_core/u_b/u_b_core/core/core/l1/mac/mac/tree_stage[2].channel[0].node[6].single.sums_q_reg[2][0][6][15]/Q
                         net (fo=1, routed)           0.177     2.416    u_top/u_core/u_b/u_b_core/core/core/l1/mac/mac/tree_stage[2].channel[0].node[6].single.sums_q_reg[2][0][6]_33[15]
    SLICE_X130Y50        FDRE                                         r  u_top/u_core/u_b/u_b_core/core/core/l1/mac/mac/tree_stage[3].channel[0].node[3].single.sums_q_reg[3][0][3][15]/D
  -------------------------------------------------------------------    -------------------

                         (clock u_top_n_1799 rise edge)
                                                      0.000     0.000 r  
    W19                                               0.000     0.000 r  sys_clk (IN)
                         net (fo=0)                   0.000     0.000    sys_clk
    W19                  IBUF (Prop_ibuf_I_O)         0.465     0.465 r  sys_clk_IBUF_inst/O
                         net (fo=1, routed)           0.480     0.945    u_top/sys_clk_IBUF
    MMCME2_ADV_X0Y2      MMCME2_ADV (Prop_mmcme2_adv_CLKIN1_CLKOUT0)
                                                      0.053     0.998 r  u_top/g_mmcm.u_mmcm/CLKOUT0
                         net (fo=1, routed)           0.595     1.593    u_top_n_1799
    BUFGCTRL_X0Y0        BUFG (Prop_bufg_I_O)         0.029     1.622 r  bank_gen[3].mem_reg_i_1/O
                         net (fo=61184, routed)       0.936     2.557    u_top/u_core/u_b/u_b_core/core/core/l1/mac/mac/clk_200
    SLICE_X130Y50        FDRE                                         r  u_top/u_core/u_b/u_b_core/core/core/l1/mac/mac/tree_stage[3].channel[0].node[3].single.sums_q_reg[3][0][3][15]/C
                         clock pessimism             -0.292     2.265    
    SLICE_X130Y50        FDRE (Hold_fdre_C_D)         0.076     2.341    u_top/u_core/u_b/u_b_core/core/core/l1/mac/mac/tree_stage[3].channel[0].node[3].single.sums_q_reg[3][0][3][15]
  -------------------------------------------------------------------
                         required time                         -2.341    
                         arrival time                           2.416    
  -------------------------------------------------------------------
                         slack                                  0.075    

Slack (MET) :             0.075ns  (arrival time - required time)
  Source:                 u_top/u_core/u_b/u_b_core/core/core/l5/mac/mac/tree_stage[6].channel[0].node[0].pair.sums_q_reg[6][0][0][16]/C
                            (rising edge-triggered cell FDRE clocked by u_top_n_1799  {rise@0.000ns fall@2.500ns period=5.000ns})
  Destination:            u_top/u_core/u_b/u_b_core/core/core/l5/mac/acc/accum_reg[0][16]/D
                            (rising edge-triggered cell FDRE clocked by u_top_n_1799  {rise@0.000ns fall@2.500ns period=5.000ns})
  Path Group:             u_top_n_1799
  Path Type:              Hold (Min at Fast Process Corner)
  Requirement:            0.000ns  (u_top_n_1799 rise@0.000ns - u_top_n_1799 rise@0.000ns)
  Data Path Delay:        0.446ns  (logic 0.256ns (57.446%)  route 0.190ns (42.554%))
  Logic Levels:           2  (CARRY4=1 LUT5=1)
  Clock Path Skew:        0.269ns (DCD - SCD - CPR)
    Destination Clock Delay (DCD):    2.471ns
    Source Clock Delay      (SCD):    1.919ns
    Clock Pessimism Removal (CPR):    0.284ns

    Location             Delay type                Incr(ns)  Path(ns)    Netlist Resource(s)
  -------------------------------------------------------------------    -------------------
                         (clock u_top_n_1799 rise edge)
                                                      0.000     0.000 r  
    W19                                               0.000     0.000 r  sys_clk (IN)
                         net (fo=0)                   0.000     0.000    sys_clk
    W19                  IBUF (Prop_ibuf_I_O)         0.277     0.277 r  sys_clk_IBUF_inst/O
                         net (fo=1, routed)           0.440     0.717    u_top/sys_clk_IBUF
    MMCME2_ADV_X0Y2      MMCME2_ADV (Prop_mmcme2_adv_CLKIN1_CLKOUT0)
                                                      0.050     0.767 r  u_top/g_mmcm.u_mmcm/CLKOUT0
                         net (fo=1, routed)           0.545     1.312    u_top_n_1799
    BUFGCTRL_X0Y0        BUFG (Prop_bufg_I_O)         0.026     1.338 r  bank_gen[3].mem_reg_i_1/O
                         net (fo=61184, routed)       0.581     1.919    u_top/u_core/u_b/u_b_core/core/core/l5/mac/mac/clk_200
    SLICE_X93Y149        FDRE                                         r  u_top/u_core/u_b/u_b_core/core/core/l5/mac/mac/tree_stage[6].channel[0].node[0].pair.sums_q_reg[6][0][0][16]/C
  -------------------------------------------------------------------    -------------------
    SLICE_X93Y149        FDRE (Prop_fdre_C_Q)         0.141     2.060 r  u_top/u_core/u_b/u_b_core/core/core/l5/mac/mac/tree_stage[6].channel[0].node[0].pair.sums_q_reg[6][0][0][16]/Q
                         net (fo=2, routed)           0.190     2.249    u_top/u_core/u_b/u_b_core/core/core/l5/mac/mac/partial_sums__0[16]
    SLICE_X97Y153        LUT5 (Prop_lut5_I4_O)        0.045     2.294 r  u_top/u_core/u_b/u_b_core/core/core/l5/mac/mac/i__carry__3_i_4__2/O
                         net (fo=1, routed)           0.000     2.294    u_top/u_core/u_b/u_b_core/core/core/l5/mac/acc/sum_stage_reg[0][19]_0[0]
    SLICE_X97Y153        CARRY4 (Prop_carry4_S[0]_O[0])
                                                      0.070     2.364 r  u_top/u_core/u_b/u_b_core/core/core/l5/mac/acc/_inferred__0/i__carry__3/O[0]
                         net (fo=2, routed)           0.000     2.364    u_top/u_core/u_b/u_b_core/core/core/l5/mac/acc/_inferred__0/i__carry__3_n_7
    SLICE_X97Y153        FDRE                                         r  u_top/u_core/u_b/u_b_core/core/core/l5/mac/acc/accum_reg[0][16]/D
  -------------------------------------------------------------------    -------------------

                         (clock u_top_n_1799 rise edge)
                                                      0.000     0.000 r  
    W19                                               0.000     0.000 r  sys_clk (IN)
                         net (fo=0)                   0.000     0.000    sys_clk
    W19                  IBUF (Prop_ibuf_I_O)         0.465     0.465 r  sys_clk_IBUF_inst/O
                         net (fo=1, routed)           0.480     0.945    u_top/sys_clk_IBUF
    MMCME2_ADV_X0Y2      MMCME2_ADV (Prop_mmcme2_adv_CLKIN1_CLKOUT0)
                                                      0.053     0.998 r  u_top/g_mmcm.u_mmcm/CLKOUT0
                         net (fo=1, routed)           0.595     1.593    u_top_n_1799
    BUFGCTRL_X0Y0        BUFG (Prop_bufg_I_O)         0.029     1.622 r  bank_gen[3].mem_reg_i_1/O
                         net (fo=61184, routed)       0.849     2.471    u_top/u_core/u_b/u_b_core/core/core/l5/mac/acc/clk_200
    SLICE_X97Y153        FDRE                                         r  u_top/u_core/u_b/u_b_core/core/core/l5/mac/acc/accum_reg[0][16]/C
                         clock pessimism             -0.284     2.187    
    SLICE_X97Y153        FDRE (Hold_fdre_C_D)         0.102     2.289    u_top/u_core/u_b/u_b_core/core/core/l5/mac/acc/accum_reg[0][16]
  -------------------------------------------------------------------
                         required time                         -2.289    
                         arrival time                           2.364    
  -------------------------------------------------------------------
                         slack                                  0.075    

Slack (MET) :             0.076ns  (arrival time - required time)
  Source:                 u_top/u_core/u_b/u_b_core/core/core/l5/mac/mac/tree_stage[2].channel[0].node[10].pair.sums_q_reg[2][0][10][9]/C
                            (rising edge-triggered cell FDRE clocked by u_top_n_1799  {rise@0.000ns fall@2.500ns period=5.000ns})
  Destination:            u_top/u_core/u_b/u_b_core/core/core/l5/mac/mac/tree_stage[3].channel[0].node[5].pair.sums_q_reg[3][0][5][10]/D
                            (rising edge-triggered cell FDRE clocked by u_top_n_1799  {rise@0.000ns fall@2.500ns period=5.000ns})
  Path Group:             u_top_n_1799
  Path Type:              Hold (Min at Fast Process Corner)
  Requirement:            0.000ns  (u_top_n_1799 rise@0.000ns - u_top_n_1799 rise@0.000ns)
  Data Path Delay:        0.483ns  (logic 0.313ns (64.858%)  route 0.170ns (35.142%))
  Logic Levels:           1  (CARRY4=1)
  Clock Path Skew:        0.273ns (DCD - SCD - CPR)
    Destination Clock Delay (DCD):    2.470ns
    Source Clock Delay      (SCD):    1.914ns
    Clock Pessimism Removal (CPR):    0.284ns

    Location             Delay type                Incr(ns)  Path(ns)    Netlist Resource(s)
  -------------------------------------------------------------------    -------------------
                         (clock u_top_n_1799 rise edge)
                                                      0.000     0.000 r  
    W19                                               0.000     0.000 r  sys_clk (IN)
                         net (fo=0)                   0.000     0.000    sys_clk
    W19                  IBUF (Prop_ibuf_I_O)         0.277     0.277 r  sys_clk_IBUF_inst/O
                         net (fo=1, routed)           0.440     0.717    u_top/sys_clk_IBUF
    MMCME2_ADV_X0Y2      MMCME2_ADV (Prop_mmcme2_adv_CLKIN1_CLKOUT0)
                                                      0.050     0.767 r  u_top/g_mmcm.u_mmcm/CLKOUT0
                         net (fo=1, routed)           0.545     1.312    u_top_n_1799
    BUFGCTRL_X0Y0        BUFG (Prop_bufg_I_O)         0.026     1.338 r  bank_gen[3].mem_reg_i_1/O
                         net (fo=61184, routed)       0.576     1.914    u_top/u_core/u_b/u_b_core/core/core/l5/mac/mac/clk_200
    SLICE_X70Y152        FDRE                                         r  u_top/u_core/u_b/u_b_core/core/core/l5/mac/mac/tree_stage[2].channel[0].node[10].pair.sums_q_reg[2][0][10][9]/C
  -------------------------------------------------------------------    -------------------
    SLICE_X70Y152        FDRE (Prop_fdre_C_Q)         0.164     2.078 r  u_top/u_core/u_b/u_b_core/core/core/l5/mac/mac/tree_stage[2].channel[0].node[10].pair.sums_q_reg[2][0][10][9]/Q
                         net (fo=2, routed)           0.170     2.247    u_top/u_core/u_b/u_b_core/core/core/l5/mac/mac/tree_stage[2].channel[0].node[10].pair.sums_q_reg_n_0_[2][0][10][9]
    SLICE_X72Y149        CARRY4 (Prop_carry4_DI[1]_O[2])
                                                      0.149     2.396 r  u_top/u_core/u_b/u_b_core/core/core/l5/mac/mac/tree_stage[3].channel[0].node[5].pair.sums_q_reg[3][0][5][11]_i_1/O[2]
                         net (fo=1, routed)           0.000     2.396    u_top/u_core/u_b/u_b_core/core/core/l5/mac/mac/tree_stage[3].channel[0].node[5].pair.added[10]
    SLICE_X72Y149        FDRE                                         r  u_top/u_core/u_b/u_b_core/core/core/l5/mac/mac/tree_stage[3].channel[0].node[5].pair.sums_q_reg[3][0][5][10]/D
  -------------------------------------------------------------------    -------------------

                         (clock u_top_n_1799 rise edge)
                                                      0.000     0.000 r  
    W19                                               0.000     0.000 r  sys_clk (IN)
                         net (fo=0)                   0.000     0.000    sys_clk
    W19                  IBUF (Prop_ibuf_I_O)         0.465     0.465 r  sys_clk_IBUF_inst/O
                         net (fo=1, routed)           0.480     0.945    u_top/sys_clk_IBUF
    MMCME2_ADV_X0Y2      MMCME2_ADV (Prop_mmcme2_adv_CLKIN1_CLKOUT0)
                                                      0.053     0.998 r  u_top/g_mmcm.u_mmcm/CLKOUT0
                         net (fo=1, routed)           0.595     1.593    u_top_n_1799
    BUFGCTRL_X0Y0        BUFG (Prop_bufg_I_O)         0.029     1.622 r  bank_gen[3].mem_reg_i_1/O
                         net (fo=61184, routed)       0.849     2.470    u_top/u_core/u_b/u_b_core/core/core/l5/mac/mac/clk_200
    SLICE_X72Y149        FDRE                                         r  u_top/u_core/u_b/u_b_core/core/core/l5/mac/mac/tree_stage[3].channel[0].node[5].pair.sums_q_reg[3][0][5][10]/C
                         clock pessimism             -0.284     2.187    
    SLICE_X72Y149        FDRE (Hold_fdre_C_D)         0.134     2.321    u_top/u_core/u_b/u_b_core/core/core/l5/mac/mac/tree_stage[3].channel[0].node[5].pair.sums_q_reg[3][0][5][10]
  -------------------------------------------------------------------
                         required time                         -2.321    
                         arrival time                           2.396    
  -------------------------------------------------------------------
                         slack                                  0.076    

Slack (MET) :             0.076ns  (arrival time - required time)
  Source:                 u_top/u_core/u_b/u_b_core/core/core/l5/mac/mac/tree_stage[2].channel[0].node[10].pair.sums_q_reg[2][0][10][5]/C
                            (rising edge-triggered cell FDRE clocked by u_top_n_1799  {rise@0.000ns fall@2.500ns period=5.000ns})
  Destination:            u_top/u_core/u_b/u_b_core/core/core/l5/mac/mac/tree_stage[3].channel[0].node[5].pair.sums_q_reg[3][0][5][6]/D
                            (rising edge-triggered cell FDRE clocked by u_top_n_1799  {rise@0.000ns fall@2.500ns period=5.000ns})
  Path Group:             u_top_n_1799
  Path Type:              Hold (Min at Fast Process Corner)
  Requirement:            0.000ns  (u_top_n_1799 rise@0.000ns - u_top_n_1799 rise@0.000ns)
  Data Path Delay:        0.483ns  (logic 0.313ns (64.858%)  route 0.170ns (35.142%))
  Logic Levels:           1  (CARRY4=1)
  Clock Path Skew:        0.273ns (DCD - SCD - CPR)
    Destination Clock Delay (DCD):    2.470ns
    Source Clock Delay      (SCD):    1.914ns
    Clock Pessimism Removal (CPR):    0.284ns

    Location             Delay type                Incr(ns)  Path(ns)    Netlist Resource(s)
  -------------------------------------------------------------------    -------------------
                         (clock u_top_n_1799 rise edge)
                                                      0.000     0.000 r  
    W19                                               0.000     0.000 r  sys_clk (IN)
                         net (fo=0)                   0.000     0.000    sys_clk
    W19                  IBUF (Prop_ibuf_I_O)         0.277     0.277 r  sys_clk_IBUF_inst/O
                         net (fo=1, routed)           0.440     0.717    u_top/sys_clk_IBUF
    MMCME2_ADV_X0Y2      MMCME2_ADV (Prop_mmcme2_adv_CLKIN1_CLKOUT0)
                                                      0.050     0.767 r  u_top/g_mmcm.u_mmcm/CLKOUT0
                         net (fo=1, routed)           0.545     1.312    u_top_n_1799
    BUFGCTRL_X0Y0        BUFG (Prop_bufg_I_O)         0.026     1.338 r  bank_gen[3].mem_reg_i_1/O
                         net (fo=61184, routed)       0.576     1.914    u_top/u_core/u_b/u_b_core/core/core/l5/mac/mac/clk_200
    SLICE_X70Y151        FDRE                                         r  u_top/u_core/u_b/u_b_core/core/core/l5/mac/mac/tree_stage[2].channel[0].node[10].pair.sums_q_reg[2][0][10][5]/C
  -------------------------------------------------------------------    -------------------
    SLICE_X70Y151        FDRE (Prop_fdre_C_Q)         0.164     2.078 r  u_top/u_core/u_b/u_b_core/core/core/l5/mac/mac/tree_stage[2].channel[0].node[10].pair.sums_q_reg[2][0][10][5]/Q
                         net (fo=2, routed)           0.170     2.247    u_top/u_core/u_b/u_b_core/core/core/l5/mac/mac/tree_stage[2].channel[0].node[10].pair.sums_q_reg_n_0_[2][0][10][5]
    SLICE_X72Y148        CARRY4 (Prop_carry4_DI[1]_O[2])
                                                      0.149     2.396 r  u_top/u_core/u_b/u_b_core/core/core/l5/mac/mac/tree_stage[3].channel[0].node[5].pair.sums_q_reg[3][0][5][7]_i_1/O[2]
                         net (fo=1, routed)           0.000     2.396    u_top/u_core/u_b/u_b_core/core/core/l5/mac/mac/tree_stage[3].channel[0].node[5].pair.added[6]
    SLICE_X72Y148        FDRE                                         r  u_top/u_core/u_b/u_b_core/core/core/l5/mac/mac/tree_stage[3].channel[0].node[5].pair.sums_q_reg[3][0][5][6]/D
  -------------------------------------------------------------------    -------------------

                         (clock u_top_n_1799 rise edge)
                                                      0.000     0.000 r  
    W19                                               0.000     0.000 r  sys_clk (IN)
                         net (fo=0)                   0.000     0.000    sys_clk
    W19                  IBUF (Prop_ibuf_I_O)         0.465     0.465 r  sys_clk_IBUF_inst/O
                         net (fo=1, routed)           0.480     0.945    u_top/sys_clk_IBUF
    MMCME2_ADV_X0Y2      MMCME2_ADV (Prop_mmcme2_adv_CLKIN1_CLKOUT0)
                                                      0.053     0.998 r  u_top/g_mmcm.u_mmcm/CLKOUT0
                         net (fo=1, routed)           0.595     1.593    u_top_n_1799
    BUFGCTRL_X0Y0        BUFG (Prop_bufg_I_O)         0.029     1.622 r  bank_gen[3].mem_reg_i_1/O
                         net (fo=61184, routed)       0.849     2.470    u_top/u_core/u_b/u_b_core/core/core/l5/mac/mac/clk_200
    SLICE_X72Y148        FDRE                                         r  u_top/u_core/u_b/u_b_core/core/core/l5/mac/mac/tree_stage[3].channel[0].node[5].pair.sums_q_reg[3][0][5][6]/C
                         clock pessimism             -0.284     2.187    
    SLICE_X72Y148        FDRE (Hold_fdre_C_D)         0.134     2.321    u_top/u_core/u_b/u_b_core/core/core/l5/mac/mac/tree_stage[3].channel[0].node[5].pair.sums_q_reg[3][0][5][6]
  -------------------------------------------------------------------
                         required time                         -2.321    
                         arrival time                           2.396    
  -------------------------------------------------------------------
                         slack                                  0.076    

Slack (MET) :             0.076ns  (arrival time - required time)
  Source:                 u_top/u_core/u_b/u_b_core/core/core/l5/mac/mac/tree_stage[2].channel[0].node[10].pair.sums_q_reg[2][0][10][1]/C
                            (rising edge-triggered cell FDRE clocked by u_top_n_1799  {rise@0.000ns fall@2.500ns period=5.000ns})
  Destination:            u_top/u_core/u_b/u_b_core/core/core/l5/mac/mac/tree_stage[3].channel[0].node[5].pair.sums_q_reg[3][0][5][2]/D
                            (rising edge-triggered cell FDRE clocked by u_top_n_1799  {rise@0.000ns fall@2.500ns period=5.000ns})
  Path Group:             u_top_n_1799
  Path Type:              Hold (Min at Fast Process Corner)
  Requirement:            0.000ns  (u_top_n_1799 rise@0.000ns - u_top_n_1799 rise@0.000ns)
  Data Path Delay:        0.483ns  (logic 0.313ns (64.858%)  route 0.170ns (35.142%))
  Logic Levels:           1  (CARRY4=1)
  Clock Path Skew:        0.273ns (DCD - SCD - CPR)
    Destination Clock Delay (DCD):    2.470ns
    Source Clock Delay      (SCD):    1.914ns
    Clock Pessimism Removal (CPR):    0.284ns

    Location             Delay type                Incr(ns)  Path(ns)    Netlist Resource(s)
  -------------------------------------------------------------------    -------------------
                         (clock u_top_n_1799 rise edge)
                                                      0.000     0.000 r  
    W19                                               0.000     0.000 r  sys_clk (IN)
                         net (fo=0)                   0.000     0.000    sys_clk
    W19                  IBUF (Prop_ibuf_I_O)         0.277     0.277 r  sys_clk_IBUF_inst/O
                         net (fo=1, routed)           0.440     0.717    u_top/sys_clk_IBUF
    MMCME2_ADV_X0Y2      MMCME2_ADV (Prop_mmcme2_adv_CLKIN1_CLKOUT0)
                                                      0.050     0.767 r  u_top/g_mmcm.u_mmcm/CLKOUT0
                         net (fo=1, routed)           0.545     1.312    u_top_n_1799
    BUFGCTRL_X0Y0        BUFG (Prop_bufg_I_O)         0.026     1.338 r  bank_gen[3].mem_reg_i_1/O
                         net (fo=61184, routed)       0.576     1.914    u_top/u_core/u_b/u_b_core/core/core/l5/mac/mac/clk_200
    SLICE_X70Y150        FDRE                                         r  u_top/u_core/u_b/u_b_core/core/core/l5/mac/mac/tree_stage[2].channel[0].node[10].pair.sums_q_reg[2][0][10][1]/C
  -------------------------------------------------------------------    -------------------
    SLICE_X70Y150        FDRE (Prop_fdre_C_Q)         0.164     2.078 r  u_top/u_core/u_b/u_b_core/core/core/l5/mac/mac/tree_stage[2].channel[0].node[10].pair.sums_q_reg[2][0][10][1]/Q
                         net (fo=2, routed)           0.170     2.247    u_top/u_core/u_b/u_b_core/core/core/l5/mac/mac/tree_stage[2].channel[0].node[10].pair.sums_q_reg_n_0_[2][0][10][1]
    SLICE_X72Y147        CARRY4 (Prop_carry4_DI[1]_O[2])
                                                      0.149     2.396 r  u_top/u_core/u_b/u_b_core/core/core/l5/mac/mac/tree_stage[3].channel[0].node[5].pair.sums_q_reg[3][0][5][3]_i_1/O[2]
                         net (fo=1, routed)           0.000     2.396    u_top/u_core/u_b/u_b_core/core/core/l5/mac/mac/tree_stage[3].channel[0].node[5].pair.added[2]
    SLICE_X72Y147        FDRE                                         r  u_top/u_core/u_b/u_b_core/core/core/l5/mac/mac/tree_stage[3].channel[0].node[5].pair.sums_q_reg[3][0][5][2]/D
  -------------------------------------------------------------------    -------------------

                         (clock u_top_n_1799 rise edge)
                                                      0.000     0.000 r  
    W19                                               0.000     0.000 r  sys_clk (IN)
                         net (fo=0)                   0.000     0.000    sys_clk
    W19                  IBUF (Prop_ibuf_I_O)         0.465     0.465 r  sys_clk_IBUF_inst/O
                         net (fo=1, routed)           0.480     0.945    u_top/sys_clk_IBUF
    MMCME2_ADV_X0Y2      MMCME2_ADV (Prop_mmcme2_adv_CLKIN1_CLKOUT0)
                                                      0.053     0.998 r  u_top/g_mmcm.u_mmcm/CLKOUT0
                         net (fo=1, routed)           0.595     1.593    u_top_n_1799
    BUFGCTRL_X0Y0        BUFG (Prop_bufg_I_O)         0.029     1.622 r  bank_gen[3].mem_reg_i_1/O
                         net (fo=61184, routed)       0.849     2.470    u_top/u_core/u_b/u_b_core/core/core/l5/mac/mac/clk_200
    SLICE_X72Y147        FDRE                                         r  u_top/u_core/u_b/u_b_core/core/core/l5/mac/mac/tree_stage[3].channel[0].node[5].pair.sums_q_reg[3][0][5][2]/C
                         clock pessimism             -0.284     2.187    
    SLICE_X72Y147        FDRE (Hold_fdre_C_D)         0.134     2.321    u_top/u_core/u_b/u_b_core/core/core/l5/mac/mac/tree_stage[3].channel[0].node[5].pair.sums_q_reg[3][0][5][2]
  -------------------------------------------------------------------
                         required time                         -2.321    
                         arrival time                           2.396    
  -------------------------------------------------------------------
                         slack                                  0.076    

Slack (MET) :             0.076ns  (arrival time - required time)
  Source:                 u_top/u_core/u_b/u_b_core/core/core/l4/mac/acc/out_data_reg[444]/C
                            (rising edge-triggered cell FDRE clocked by u_top_n_1799  {rise@0.000ns fall@2.500ns period=5.000ns})
  Destination:            u_top/u_core/u_b/u_b_core/core/core/l4/post/input_slot_reg[0][444]/D
                            (rising edge-triggered cell FDRE clocked by u_top_n_1799  {rise@0.000ns fall@2.500ns period=5.000ns})
  Path Group:             u_top_n_1799
  Path Type:              Hold (Min at Fast Process Corner)
  Requirement:            0.000ns  (u_top_n_1799 rise@0.000ns - u_top_n_1799 rise@0.000ns)
  Data Path Delay:        0.344ns  (logic 0.141ns (41.040%)  route 0.203ns (58.960%))
  Logic Levels:           0  
  Clock Path Skew:        0.201ns (DCD - SCD - CPR)
    Destination Clock Delay (DCD):    2.549ns
    Source Clock Delay      (SCD):    2.059ns
    Clock Pessimism Removal (CPR):    0.289ns

    Location             Delay type                Incr(ns)  Path(ns)    Netlist Resource(s)
  -------------------------------------------------------------------    -------------------
                         (clock u_top_n_1799 rise edge)
                                                      0.000     0.000 r  
    W19                                               0.000     0.000 r  sys_clk (IN)
                         net (fo=0)                   0.000     0.000    sys_clk
    W19                  IBUF (Prop_ibuf_I_O)         0.277     0.277 r  sys_clk_IBUF_inst/O
                         net (fo=1, routed)           0.440     0.717    u_top/sys_clk_IBUF
    MMCME2_ADV_X0Y2      MMCME2_ADV (Prop_mmcme2_adv_CLKIN1_CLKOUT0)
                                                      0.050     0.767 r  u_top/g_mmcm.u_mmcm/CLKOUT0
                         net (fo=1, routed)           0.545     1.312    u_top_n_1799
    BUFGCTRL_X0Y0        BUFG (Prop_bufg_I_O)         0.026     1.338 r  bank_gen[3].mem_reg_i_1/O
                         net (fo=61184, routed)       0.721     2.059    u_top/u_core/u_b/u_b_core/core/core/l4/mac/acc/clk_200
    SLICE_X7Y97          FDRE                                         r  u_top/u_core/u_b/u_b_core/core/core/l4/mac/acc/out_data_reg[444]/C
  -------------------------------------------------------------------    -------------------
    SLICE_X7Y97          FDRE (Prop_fdre_C_Q)         0.141     2.200 r  u_top/u_core/u_b/u_b_core/core/core/l4/mac/acc/out_data_reg[444]/Q
                         net (fo=2, routed)           0.203     2.403    u_top/u_core/u_b/u_b_core/core/core/l4/post/D[444]
    SLICE_X7Y104         FDRE                                         r  u_top/u_core/u_b/u_b_core/core/core/l4/post/input_slot_reg[0][444]/D
  -------------------------------------------------------------------    -------------------

                         (clock u_top_n_1799 rise edge)
                                                      0.000     0.000 r  
    W19                                               0.000     0.000 r  sys_clk (IN)
                         net (fo=0)                   0.000     0.000    sys_clk
    W19                  IBUF (Prop_ibuf_I_O)         0.465     0.465 r  sys_clk_IBUF_inst/O
                         net (fo=1, routed)           0.480     0.945    u_top/sys_clk_IBUF
    MMCME2_ADV_X0Y2      MMCME2_ADV (Prop_mmcme2_adv_CLKIN1_CLKOUT0)
                                                      0.053     0.998 r  u_top/g_mmcm.u_mmcm/CLKOUT0
                         net (fo=1, routed)           0.595     1.593    u_top_n_1799
    BUFGCTRL_X0Y0        BUFG (Prop_bufg_I_O)         0.029     1.622 r  bank_gen[3].mem_reg_i_1/O
                         net (fo=61184, routed)       0.928     2.549    u_top/u_core/u_b/u_b_core/core/core/l4/post/clk_200
    SLICE_X7Y104         FDRE                                         r  u_top/u_core/u_b/u_b_core/core/core/l4/post/input_slot_reg[0][444]/C
                         clock pessimism             -0.289     2.261    
    SLICE_X7Y104         FDRE (Hold_fdre_C_D)         0.066     2.327    u_top/u_core/u_b/u_b_core/core/core/l4/post/input_slot_reg[0][444]
  -------------------------------------------------------------------
                         required time                         -2.327    
                         arrival time                           2.403    
  -------------------------------------------------------------------
                         slack                                  0.076    

Slack (MET) :             0.077ns  (arrival time - required time)
  Source:                 u_top/u_core/u_b/u_b_core/core/core/l5/gk.frontend/win/shift_reg[0][198]/C
                            (rising edge-triggered cell FDRE clocked by u_top_n_1799  {rise@0.000ns fall@2.500ns period=5.000ns})
  Destination:            u_top/u_core/u_b/u_b_core/core/core/l5/gk.frontend/fifo/g_wide_read.g_read_slice[3].mem_slice_reg_0_3_6_11/RAMA/I
                            (rising edge-triggered cell RAMD32 clocked by u_top_n_1799  {rise@0.000ns fall@2.500ns period=5.000ns})
  Path Group:             u_top_n_1799
  Path Type:              Hold (Min at Fast Process Corner)
  Requirement:            0.000ns  (u_top_n_1799 rise@0.000ns - u_top_n_1799 rise@0.000ns)
  Data Path Delay:        0.260ns  (logic 0.141ns (54.152%)  route 0.119ns (45.848%))
  Logic Levels:           0  
  Clock Path Skew:        0.036ns (DCD - SCD - CPR)
    Destination Clock Delay (DCD):    2.467ns
    Source Clock Delay      (SCD):    1.914ns
    Clock Pessimism Removal (CPR):    0.518ns

    Location             Delay type                Incr(ns)  Path(ns)    Netlist Resource(s)
  -------------------------------------------------------------------    -------------------
                         (clock u_top_n_1799 rise edge)
                                                      0.000     0.000 r  
    W19                                               0.000     0.000 r  sys_clk (IN)
                         net (fo=0)                   0.000     0.000    sys_clk
    W19                  IBUF (Prop_ibuf_I_O)         0.277     0.277 r  sys_clk_IBUF_inst/O
                         net (fo=1, routed)           0.440     0.717    u_top/sys_clk_IBUF
    MMCME2_ADV_X0Y2      MMCME2_ADV (Prop_mmcme2_adv_CLKIN1_CLKOUT0)
                                                      0.050     0.767 r  u_top/g_mmcm.u_mmcm/CLKOUT0
                         net (fo=1, routed)           0.545     1.312    u_top_n_1799
    BUFGCTRL_X0Y0        BUFG (Prop_bufg_I_O)         0.026     1.338 r  bank_gen[3].mem_reg_i_1/O
                         net (fo=61184, routed)       0.576     1.914    u_top/u_core/u_b/u_b_core/core/core/l5/gk.frontend/win/clk_200
    SLICE_X58Y118        FDRE                                         r  u_top/u_core/u_b/u_b_core/core/core/l5/gk.frontend/win/shift_reg[0][198]/C
  -------------------------------------------------------------------    -------------------
    SLICE_X58Y118        FDRE (Prop_fdre_C_Q)         0.141     2.055 r  u_top/u_core/u_b/u_b_core/core/core/l5/gk.frontend/win/shift_reg[0][198]/Q
                         net (fo=1, routed)           0.119     2.174    u_top/u_core/u_b/u_b_core/core/core/l5/gk.frontend/fifo/g_wide_read.g_read_slice[3].mem_slice_reg_0_3_6_11/DIA0
    SLICE_X56Y119        RAMD32                                       r  u_top/u_core/u_b/u_b_core/core/core/l5/gk.frontend/fifo/g_wide_read.g_read_slice[3].mem_slice_reg_0_3_6_11/RAMA/I
  -------------------------------------------------------------------    -------------------

                         (clock u_top_n_1799 rise edge)
                                                      0.000     0.000 r  
    W19                                               0.000     0.000 r  sys_clk (IN)
                         net (fo=0)                   0.000     0.000    sys_clk
    W19                  IBUF (Prop_ibuf_I_O)         0.465     0.465 r  sys_clk_IBUF_inst/O
                         net (fo=1, routed)           0.480     0.945    u_top/sys_clk_IBUF
    MMCME2_ADV_X0Y2      MMCME2_ADV (Prop_mmcme2_adv_CLKIN1_CLKOUT0)
                                                      0.053     0.998 r  u_top/g_mmcm.u_mmcm/CLKOUT0
                         net (fo=1, routed)           0.595     1.593    u_top_n_1799
    BUFGCTRL_X0Y0        BUFG (Prop_bufg_I_O)         0.029     1.622 r  bank_gen[3].mem_reg_i_1/O
                         net (fo=61184, routed)       0.846     2.467    u_top/u_core/u_b/u_b_core/core/core/l5/gk.frontend/fifo/g_wide_read.g_read_slice[3].mem_slice_reg_0_3_6_11/WCLK
    SLICE_X56Y119        RAMD32                                       r  u_top/u_core/u_b/u_b_core/core/core/l5/gk.frontend/fifo/g_wide_read.g_read_slice[3].mem_slice_reg_0_3_6_11/RAMA/CLK
                         clock pessimism             -0.518     1.950    
    SLICE_X56Y119        RAMD32 (Hold_ramd32_CLK_I)
                                                      0.147     2.097    u_top/u_core/u_b/u_b_core/core/core/l5/gk.frontend/fifo/g_wide_read.g_read_slice[3].mem_slice_reg_0_3_6_11/RAMA
  -------------------------------------------------------------------
                         required time                         -2.097    
                         arrival time                           2.174    
  -------------------------------------------------------------------
                         slack                                  0.077    

Slack (MET) :             0.077ns  (arrival time - required time)
  Source:                 u_top/u_core/u_b/u_b_core/core/core/l5/gk.frontend/win/shift_reg[5][42]/C
                            (rising edge-triggered cell FDRE clocked by u_top_n_1799  {rise@0.000ns fall@2.500ns period=5.000ns})
  Destination:            u_top/u_core/u_b/u_b_core/core/core/l5/gk.frontend/fifo/g_wide_read.g_read_slice[20].mem_slice_reg_0_3_42_47/RAMA/I
                            (rising edge-triggered cell RAMD32 clocked by u_top_n_1799  {rise@0.000ns fall@2.500ns period=5.000ns})
  Path Group:             u_top_n_1799
  Path Type:              Hold (Min at Fast Process Corner)
  Requirement:            0.000ns  (u_top_n_1799 rise@0.000ns - u_top_n_1799 rise@0.000ns)
  Data Path Delay:        0.240ns  (logic 0.141ns (58.643%)  route 0.099ns (41.357%))
  Logic Levels:           0  
  Clock Path Skew:        0.016ns (DCD - SCD - CPR)
    Destination Clock Delay (DCD):    2.477ns
    Source Clock Delay      (SCD):    1.924ns
    Clock Pessimism Removal (CPR):    0.538ns

    Location             Delay type                Incr(ns)  Path(ns)    Netlist Resource(s)
  -------------------------------------------------------------------    -------------------
                         (clock u_top_n_1799 rise edge)
                                                      0.000     0.000 r  
    W19                                               0.000     0.000 r  sys_clk (IN)
                         net (fo=0)                   0.000     0.000    sys_clk
    W19                  IBUF (Prop_ibuf_I_O)         0.277     0.277 r  sys_clk_IBUF_inst/O
                         net (fo=1, routed)           0.440     0.717    u_top/sys_clk_IBUF
    MMCME2_ADV_X0Y2      MMCME2_ADV (Prop_mmcme2_adv_CLKIN1_CLKOUT0)
                                                      0.050     0.767 r  u_top/g_mmcm.u_mmcm/CLKOUT0
                         net (fo=1, routed)           0.545     1.312    u_top_n_1799
    BUFGCTRL_X0Y0        BUFG (Prop_bufg_I_O)         0.026     1.338 r  bank_gen[3].mem_reg_i_1/O
                         net (fo=61184, routed)       0.586     1.924    u_top/u_core/u_b/u_b_core/core/core/l5/gk.frontend/win/clk_200
    SLICE_X51Y104        FDRE                                         r  u_top/u_core/u_b/u_b_core/core/core/l5/gk.frontend/win/shift_reg[5][42]/C
  -------------------------------------------------------------------    -------------------
    SLICE_X51Y104        FDRE (Prop_fdre_C_Q)         0.141     2.065 r  u_top/u_core/u_b/u_b_core/core/core/l5/gk.frontend/win/shift_reg[5][42]/Q
                         net (fo=1, routed)           0.099     2.164    u_top/u_core/u_b/u_b_core/core/core/l5/gk.frontend/fifo/g_wide_read.g_read_slice[20].mem_slice_reg_0_3_42_47/DIA0
    SLICE_X52Y104        RAMD32                                       r  u_top/u_core/u_b/u_b_core/core/core/l5/gk.frontend/fifo/g_wide_read.g_read_slice[20].mem_slice_reg_0_3_42_47/RAMA/I
  -------------------------------------------------------------------    -------------------

                         (clock u_top_n_1799 rise edge)
                                                      0.000     0.000 r  
    W19                                               0.000     0.000 r  sys_clk (IN)
                         net (fo=0)                   0.000     0.000    sys_clk
    W19                  IBUF (Prop_ibuf_I_O)         0.465     0.465 r  sys_clk_IBUF_inst/O
                         net (fo=1, routed)           0.480     0.945    u_top/sys_clk_IBUF
    MMCME2_ADV_X0Y2      MMCME2_ADV (Prop_mmcme2_adv_CLKIN1_CLKOUT0)
                                                      0.053     0.998 r  u_top/g_mmcm.u_mmcm/CLKOUT0
                         net (fo=1, routed)           0.595     1.593    u_top_n_1799
    BUFGCTRL_X0Y0        BUFG (Prop_bufg_I_O)         0.029     1.622 r  bank_gen[3].mem_reg_i_1/O
                         net (fo=61184, routed)       0.856     2.477    u_top/u_core/u_b/u_b_core/core/core/l5/gk.frontend/fifo/g_wide_read.g_read_slice[20].mem_slice_reg_0_3_42_47/WCLK
    SLICE_X52Y104        RAMD32                                       r  u_top/u_core/u_b/u_b_core/core/core/l5/gk.frontend/fifo/g_wide_read.g_read_slice[20].mem_slice_reg_0_3_42_47/RAMA/CLK
                         clock pessimism             -0.538     1.940    
    SLICE_X52Y104        RAMD32 (Hold_ramd32_CLK_I)
                                                      0.147     2.087    u_top/u_core/u_b/u_b_core/core/core/l5/gk.frontend/fifo/g_wide_read.g_read_slice[20].mem_slice_reg_0_3_42_47/RAMA
  -------------------------------------------------------------------
                         required time                         -2.087    
                         arrival time                           2.164    
  -------------------------------------------------------------------
                         slack                                  0.077    

Slack (MET) :             0.078ns  (arrival time - required time)
  Source:                 u_top/u_core/u_b/u_b_core/core/core/l5/gk.frontend/win/shift_reg[0][236]/C
                            (rising edge-triggered cell FDRE clocked by u_top_n_1799  {rise@0.000ns fall@2.500ns period=5.000ns})
  Destination:            u_top/u_core/u_b/u_b_core/core/core/l5/gk.frontend/fifo/g_wide_read.g_read_slice[3].mem_slice_reg_0_3_42_47/RAMB/I
                            (rising edge-triggered cell RAMD32 clocked by u_top_n_1799  {rise@0.000ns fall@2.500ns period=5.000ns})
  Path Group:             u_top_n_1799
  Path Type:              Hold (Min at Fast Process Corner)
  Requirement:            0.000ns  (u_top_n_1799 rise@0.000ns - u_top_n_1799 rise@0.000ns)
  Data Path Delay:        0.239ns  (logic 0.141ns (59.062%)  route 0.098ns (40.938%))
  Logic Levels:           0  
  Clock Path Skew:        0.015ns (DCD - SCD - CPR)
    Destination Clock Delay (DCD):    2.470ns
    Source Clock Delay      (SCD):    1.917ns
    Clock Pessimism Removal (CPR):    0.539ns

    Location             Delay type                Incr(ns)  Path(ns)    Netlist Resource(s)
  -------------------------------------------------------------------    -------------------
                         (clock u_top_n_1799 rise edge)
                                                      0.000     0.000 r  
    W19                                               0.000     0.000 r  sys_clk (IN)
                         net (fo=0)                   0.000     0.000    sys_clk
    W19                  IBUF (Prop_ibuf_I_O)         0.277     0.277 r  sys_clk_IBUF_inst/O
                         net (fo=1, routed)           0.440     0.717    u_top/sys_clk_IBUF
    MMCME2_ADV_X0Y2      MMCME2_ADV (Prop_mmcme2_adv_CLKIN1_CLKOUT0)
                                                      0.050     0.767 r  u_top/g_mmcm.u_mmcm/CLKOUT0
                         net (fo=1, routed)           0.545     1.312    u_top_n_1799
    BUFGCTRL_X0Y0        BUFG (Prop_bufg_I_O)         0.026     1.338 r  bank_gen[3].mem_reg_i_1/O
                         net (fo=61184, routed)       0.579     1.917    u_top/u_core/u_b/u_b_core/core/core/l5/gk.frontend/win/clk_200
    SLICE_X59Y113        FDRE                                         r  u_top/u_core/u_b/u_b_core/core/core/l5/gk.frontend/win/shift_reg[0][236]/C
  -------------------------------------------------------------------    -------------------
    SLICE_X59Y113        FDRE (Prop_fdre_C_Q)         0.141     2.058 r  u_top/u_core/u_b/u_b_core/core/core/l5/gk.frontend/win/shift_reg[0][236]/Q
                         net (fo=1, routed)           0.098     2.155    u_top/u_core/u_b/u_b_core/core/core/l5/gk.frontend/fifo/g_wide_read.g_read_slice[3].mem_slice_reg_0_3_42_47/DIB0
    SLICE_X60Y114        RAMD32                                       r  u_top/u_core/u_b/u_b_core/core/core/l5/gk.frontend/fifo/g_wide_read.g_read_slice[3].mem_slice_reg_0_3_42_47/RAMB/I
  -------------------------------------------------------------------    -------------------

                         (clock u_top_n_1799 rise edge)
                                                      0.000     0.000 r  
    W19                                               0.000     0.000 r  sys_clk (IN)
                         net (fo=0)                   0.000     0.000    sys_clk
    W19                  IBUF (Prop_ibuf_I_O)         0.465     0.465 r  sys_clk_IBUF_inst/O
                         net (fo=1, routed)           0.480     0.945    u_top/sys_clk_IBUF
    MMCME2_ADV_X0Y2      MMCME2_ADV (Prop_mmcme2_adv_CLKIN1_CLKOUT0)
                                                      0.053     0.998 r  u_top/g_mmcm.u_mmcm/CLKOUT0
                         net (fo=1, routed)           0.595     1.593    u_top_n_1799
    BUFGCTRL_X0Y0        BUFG (Prop_bufg_I_O)         0.029     1.622 r  bank_gen[3].mem_reg_i_1/O
                         net (fo=61184, routed)       0.849     2.470    u_top/u_core/u_b/u_b_core/core/core/l5/gk.frontend/fifo/g_wide_read.g_read_slice[3].mem_slice_reg_0_3_42_47/WCLK
    SLICE_X60Y114        RAMD32                                       r  u_top/u_core/u_b/u_b_core/core/core/l5/gk.frontend/fifo/g_wide_read.g_read_slice[3].mem_slice_reg_0_3_42_47/RAMB/CLK
                         clock pessimism             -0.539     1.932    
    SLICE_X60Y114        RAMD32 (Hold_ramd32_CLK_I)
                                                      0.146     2.078    u_top/u_core/u_b/u_b_core/core/core/l5/gk.frontend/fifo/g_wide_read.g_read_slice[3].mem_slice_reg_0_3_42_47/RAMB
  -------------------------------------------------------------------
                         required time                         -2.078    
                         arrival time                           2.155    
  -------------------------------------------------------------------
                         slack                                  0.078    

Slack (MET) :             0.078ns  (arrival time - required time)
  Source:                 u_top/u_core/u_b/u_b_core/core/core/l5/mac/mac/tree_stage[5].channel[1].node[1].pair.sums_q_reg[5][1][1][11]/C
                            (rising edge-triggered cell FDRE clocked by u_top_n_1799  {rise@0.000ns fall@2.500ns period=5.000ns})
  Destination:            u_top/u_core/u_b/u_b_core/core/core/l5/mac/mac/tree_stage[6].channel[1].node[0].pair.sums_q_reg[6][1][0][14]/D
                            (rising edge-triggered cell FDRE clocked by u_top_n_1799  {rise@0.000ns fall@2.500ns period=5.000ns})
  Path Group:             u_top_n_1799
  Path Type:              Hold (Min at Fast Process Corner)
  Requirement:            0.000ns  (u_top_n_1799 rise@0.000ns - u_top_n_1799 rise@0.000ns)
  Data Path Delay:        0.451ns  (logic 0.366ns (81.178%)  route 0.085ns (18.822%))
  Logic Levels:           3  (CARRY4=2 LUT2=1)
  Clock Path Skew:        0.268ns (DCD - SCD - CPR)
    Destination Clock Delay (DCD):    2.456ns
    Source Clock Delay      (SCD):    1.905ns
    Clock Pessimism Removal (CPR):    0.284ns

    Location             Delay type                Incr(ns)  Path(ns)    Netlist Resource(s)
  -------------------------------------------------------------------    -------------------
                         (clock u_top_n_1799 rise edge)
                                                      0.000     0.000 r  
    W19                                               0.000     0.000 r  sys_clk (IN)
                         net (fo=0)                   0.000     0.000    sys_clk
    W19                  IBUF (Prop_ibuf_I_O)         0.277     0.277 r  sys_clk_IBUF_inst/O
                         net (fo=1, routed)           0.440     0.717    u_top/sys_clk_IBUF
    MMCME2_ADV_X0Y2      MMCME2_ADV (Prop_mmcme2_adv_CLKIN1_CLKOUT0)
                                                      0.050     0.767 r  u_top/g_mmcm.u_mmcm/CLKOUT0
                         net (fo=1, routed)           0.545     1.312    u_top_n_1799
    BUFGCTRL_X0Y0        BUFG (Prop_bufg_I_O)         0.026     1.338 r  bank_gen[3].mem_reg_i_1/O
                         net (fo=61184, routed)       0.567     1.905    u_top/u_core/u_b/u_b_core/core/core/l5/mac/mac/clk_200
    SLICE_X86Y149        FDRE                                         r  u_top/u_core/u_b/u_b_core/core/core/l5/mac/mac/tree_stage[5].channel[1].node[1].pair.sums_q_reg[5][1][1][11]/C
  -------------------------------------------------------------------    -------------------
    SLICE_X86Y149        FDRE (Prop_fdre_C_Q)         0.141     2.046 r  u_top/u_core/u_b/u_b_core/core/core/l5/mac/mac/tree_stage[5].channel[1].node[1].pair.sums_q_reg[5][1][1][11]/Q
                         net (fo=1, routed)           0.084     2.130    u_top/u_core/u_b/u_b_core/core/core/l5/mac/mac/tree_stage[5].channel[1].node[1].pair.sums_q_reg[5][1][1]_436[11]
    SLICE_X87Y149        LUT2 (Prop_lut2_I1_O)        0.045     2.175 r  u_top/u_core/u_b/u_b_core/core/core/l5/mac/mac/tree_stage[6].channel[1].node[0].pair.sums_q[6][1][0][11]_i_2/O
                         net (fo=1, routed)           0.000     2.175    u_top/u_core/u_b/u_b_core/core/core/l5/mac/mac/tree_stage[6].channel[1].node[0].pair.sums_q[6][1][0][11]_i_2_n_0
    SLICE_X87Y149        CARRY4 (Prop_carry4_S[3]_CO[3])
                                                      0.115     2.290 r  u_top/u_core/u_b/u_b_core/core/core/l5/mac/mac/tree_stage[6].channel[1].node[0].pair.sums_q_reg[6][1][0][11]_i_1/CO[3]
                         net (fo=1, routed)           0.001     2.290    u_top/u_core/u_b/u_b_core/core/core/l5/mac/mac/tree_stage[6].channel[1].node[0].pair.sums_q_reg[6][1][0][11]_i_1_n_0
    SLICE_X87Y150        CARRY4 (Prop_carry4_CI_O[2])
                                                      0.065     2.355 r  u_top/u_core/u_b/u_b_core/core/core/l5/mac/mac/tree_stage[6].channel[1].node[0].pair.sums_q_reg[6][1][0][15]_i_1/O[2]
                         net (fo=1, routed)           0.000     2.355    u_top/u_core/u_b/u_b_core/core/core/l5/mac/mac/tree_stage[6].channel[1].node[0].pair.added[14]
    SLICE_X87Y150        FDRE                                         r  u_top/u_core/u_b/u_b_core/core/core/l5/mac/mac/tree_stage[6].channel[1].node[0].pair.sums_q_reg[6][1][0][14]/D
  -------------------------------------------------------------------    -------------------

                         (clock u_top_n_1799 rise edge)
                                                      0.000     0.000 r  
    W19                                               0.000     0.000 r  sys_clk (IN)
                         net (fo=0)                   0.000     0.000    sys_clk
    W19                  IBUF (Prop_ibuf_I_O)         0.465     0.465 r  sys_clk_IBUF_inst/O
                         net (fo=1, routed)           0.480     0.945    u_top/sys_clk_IBUF
    MMCME2_ADV_X0Y2      MMCME2_ADV (Prop_mmcme2_adv_CLKIN1_CLKOUT0)
                                                      0.053     0.998 r  u_top/g_mmcm.u_mmcm/CLKOUT0
                         net (fo=1, routed)           0.595     1.593    u_top_n_1799
    BUFGCTRL_X0Y0        BUFG (Prop_bufg_I_O)         0.029     1.622 r  bank_gen[3].mem_reg_i_1/O
                         net (fo=61184, routed)       0.834     2.456    u_top/u_core/u_b/u_b_core/core/core/l5/mac/mac/clk_200
    SLICE_X87Y150        FDRE                                         r  u_top/u_core/u_b/u_b_core/core/core/l5/mac/mac/tree_stage[6].channel[1].node[0].pair.sums_q_reg[6][1][0][14]/C
                         clock pessimism             -0.284     2.172    
    SLICE_X87Y150        FDRE (Hold_fdre_C_D)         0.105     2.277    u_top/u_core/u_b/u_b_core/core/core/l5/mac/mac/tree_stage[6].channel[1].node[0].pair.sums_q_reg[6][1][0][14]
  -------------------------------------------------------------------
                         required time                         -2.277    
                         arrival time                           2.355    
  -------------------------------------------------------------------
                         slack                                  0.078    





Pulse Width Checks
--------------------------------------------------------------------------------------
Clock Name:         u_top_n_1799
Waveform(ns):       { 0.000 2.500 }
Period(ns):         5.000
Sources:            { u_top/g_mmcm.u_mmcm/CLKOUT0 }

Check Type        Corner  Lib Pin             Reference Pin  Required(ns)  Actual(ns)  Slack(ns)  Location         Pin
Min Period        n/a     DSP48E1/CLK         n/a            3.272         5.000       1.728      DSP48_X6Y33      u_top/u_core/u_b/u_b_core/core/core/l1/post/units[0].post/prelu_product_s1_reg/CLK
Min Period        n/a     DSP48E1/CLK         n/a            3.272         5.000       1.728      DSP48_X6Y31      u_top/u_core/u_b/u_b_core/core/core/l1/post/units[0].post/requant_product_s5_reg/CLK
Min Period        n/a     DSP48E1/CLK         n/a            3.272         5.000       1.728      DSP48_X6Y27      u_top/u_core/u_b/u_b_core/core/core/l1/post/units[1].post/prelu_product_s1_reg/CLK
Min Period        n/a     DSP48E1/CLK         n/a            3.272         5.000       1.728      DSP48_X5Y29      u_top/u_core/u_b/u_b_core/core/core/l1/post/units[1].post/requant_product_s5_reg/CLK
Min Period        n/a     DSP48E1/CLK         n/a            3.272         5.000       1.728      DSP48_X3Y25      u_top/u_core/u_b/u_b_core/core/core/l2/post/units[0].post/prelu_product_s1_reg/CLK
Min Period        n/a     DSP48E1/CLK         n/a            3.272         5.000       1.728      DSP48_X2Y28      u_top/u_core/u_b/u_b_core/core/core/l2/post/units[0].post/requant_product_s5_reg/CLK
Min Period        n/a     DSP48E1/CLK         n/a            3.272         5.000       1.728      DSP48_X1Y27      u_top/u_core/u_b/u_b_core/core/core/l3/post/units[0].post/prelu_product_s1_reg/CLK
Min Period        n/a     DSP48E1/CLK         n/a            3.272         5.000       1.728      DSP48_X0Y33      u_top/u_core/u_b/u_b_core/core/core/l3/post/units[0].post/requant_product_s5_reg/CLK
Min Period        n/a     DSP48E1/CLK         n/a            3.272         5.000       1.728      DSP48_X1Y44      u_top/u_core/u_b/u_b_core/core/core/l4/post/units[0].post/prelu_product_s1_reg/CLK
Min Period        n/a     DSP48E1/CLK         n/a            3.272         5.000       1.728      DSP48_X0Y52      u_top/u_core/u_b/u_b_core/core/core/l4/post/units[0].post/requant_product_s5_reg/CLK
Min Period        n/a     DSP48E1/CLK         n/a            3.272         5.000       1.728      DSP48_X1Y42      u_top/u_core/u_b/u_b_core/core/core/l4/post/units[1].post/prelu_product_s1_reg/CLK
Min Period        n/a     DSP48E1/CLK         n/a            3.272         5.000       1.728      DSP48_X1Y47      u_top/u_core/u_b/u_b_core/core/core/l4/post/units[1].post/requant_product_s5_reg/CLK
Min Period        n/a     DSP48E1/CLK         n/a            3.272         5.000       1.728      DSP48_X7Y69      u_top/u_core/u_b/u_b_core/core/core/l5/post/units[0].post/requant_product_s5_reg/CLK
Min Period        n/a     DSP48E1/CLK         n/a            3.272         5.000       1.728      DSP48_X7Y71      u_top/u_core/u_b/u_b_core/core/core/l5/post/units[0].post/requant_product_s5_reg__0/CLK
Min Period        n/a     DSP48E1/CLK         n/a            3.109         5.000       1.891      DSP48_X6Y29      u_top/u_core/u_b/u_b_core/core/core/l1/post/units[0].post/requant_product_s5_reg__0/CLK
Min Period        n/a     DSP48E1/CLK         n/a            3.109         5.000       1.891      DSP48_X5Y27      u_top/u_core/u_b/u_b_core/core/core/l1/post/units[1].post/requant_product_s5_reg__0/CLK
Min Period        n/a     DSP48E1/CLK         n/a            3.109         5.000       1.891      DSP48_X2Y26      u_top/u_core/u_b/u_b_core/core/core/l2/post/units[0].post/requant_product_s5_reg__0/CLK
Min Period        n/a     DSP48E1/CLK         n/a            3.109         5.000       1.891      DSP48_X0Y31      u_top/u_core/u_b/u_b_core/core/core/l3/post/units[0].post/requant_product_s5_reg__0/CLK
Min Period        n/a     DSP48E1/CLK         n/a            3.109         5.000       1.891      DSP48_X1Y49      u_top/u_core/u_b/u_b_core/core/core/l4/post/units[0].post/requant_product_s5_reg__0/CLK
Min Period        n/a     DSP48E1/CLK         n/a            3.109         5.000       1.891      DSP48_X0Y47      u_top/u_core/u_b/u_b_core/core/core/l4/post/units[1].post/requant_product_s5_reg__0/CLK
Max Period        n/a     MMCME2_ADV/CLKOUT0  n/a            213.360       5.000       208.360    MMCME2_ADV_X0Y2  u_top/g_mmcm.u_mmcm/CLKOUT0
Low Pulse Width   Slow    RAMD32/CLK          n/a            1.130         2.500       1.370      SLICE_X92Y52     u_top/u_core/u_b/u_b_core/core/core/f12/g_narrow_read.mem_reg_0_31_0_5/RAMA/CLK
Low Pulse Width   Fast    RAMD32/CLK          n/a            1.130         2.500       1.370      SLICE_X92Y52     u_top/u_core/u_b/u_b_core/core/core/f12/g_narrow_read.mem_reg_0_31_0_5/RAMA/CLK
Low Pulse Width   Slow    RAMD32/CLK          n/a            1.130         2.500       1.370      SLICE_X92Y52     u_top/u_core/u_b/u_b_core/core/core/f12/g_narrow_read.mem_reg_0_31_0_5/RAMA_D1/CLK
Low Pulse Width   Fast    RAMD32/CLK          n/a            1.130         2.500       1.370      SLICE_X92Y52     u_top/u_core/u_b/u_b_core/core/core/f12/g_narrow_read.mem_reg_0_31_0_5/RAMA_D1/CLK
Low Pulse Width   Slow    RAMD32/CLK          n/a            1.130         2.500       1.370      SLICE_X92Y52     u_top/u_core/u_b/u_b_core/core/core/f12/g_narrow_read.mem_reg_0_31_0_5/RAMB/CLK
Low Pulse Width   Fast    RAMD32/CLK          n/a            1.130         2.500       1.370      SLICE_X92Y52     u_top/u_core/u_b/u_b_core/core/core/f12/g_narrow_read.mem_reg_0_31_0_5/RAMB/CLK
Low Pulse Width   Slow    RAMD32/CLK          n/a            1.130         2.500       1.370      SLICE_X92Y52     u_top/u_core/u_b/u_b_core/core/core/f12/g_narrow_read.mem_reg_0_31_0_5/RAMB_D1/CLK
Low Pulse Width   Fast    RAMD32/CLK          n/a            1.130         2.500       1.370      SLICE_X92Y52     u_top/u_core/u_b/u_b_core/core/core/f12/g_narrow_read.mem_reg_0_31_0_5/RAMB_D1/CLK
Low Pulse Width   Slow    RAMD32/CLK          n/a            1.130         2.500       1.370      SLICE_X92Y52     u_top/u_core/u_b/u_b_core/core/core/f12/g_narrow_read.mem_reg_0_31_0_5/RAMC/CLK
Low Pulse Width   Fast    RAMD32/CLK          n/a            1.130         2.500       1.370      SLICE_X92Y52     u_top/u_core/u_b/u_b_core/core/core/f12/g_narrow_read.mem_reg_0_31_0_5/RAMC/CLK
Low Pulse Width   Slow    RAMD32/CLK          n/a            1.130         2.500       1.370      SLICE_X92Y52     u_top/u_core/u_b/u_b_core/core/core/f12/g_narrow_read.mem_reg_0_31_0_5/RAMC_D1/CLK
Low Pulse Width   Fast    RAMD32/CLK          n/a            1.130         2.500       1.370      SLICE_X92Y52     u_top/u_core/u_b/u_b_core/core/core/f12/g_narrow_read.mem_reg_0_31_0_5/RAMC_D1/CLK
Low Pulse Width   Slow    RAMS32/CLK          n/a            1.130         2.500       1.370      SLICE_X92Y52     u_top/u_core/u_b/u_b_core/core/core/f12/g_narrow_read.mem_reg_0_31_0_5/RAMD/CLK
Low Pulse Width   Fast    RAMS32/CLK          n/a            1.130         2.500       1.370      SLICE_X92Y52     u_top/u_core/u_b/u_b_core/core/core/f12/g_narrow_read.mem_reg_0_31_0_5/RAMD/CLK
Low Pulse Width   Slow    RAMS32/CLK          n/a            1.130         2.500       1.370      SLICE_X92Y52     u_top/u_core/u_b/u_b_core/core/core/f12/g_narrow_read.mem_reg_0_31_0_5/RAMD_D1/CLK
Low Pulse Width   Fast    RAMS32/CLK          n/a            1.130         2.500       1.370      SLICE_X92Y52     u_top/u_core/u_b/u_b_core/core/core/f12/g_narrow_read.mem_reg_0_31_0_5/RAMD_D1/CLK
Low Pulse Width   Slow    RAMD32/CLK          n/a            1.130         2.500       1.370      SLICE_X102Y54    u_top/u_core/u_b/u_b_core/core/core/f12/g_narrow_read.mem_reg_0_31_102_107/RAMA/CLK
Low Pulse Width   Fast    RAMD32/CLK          n/a            1.130         2.500       1.370      SLICE_X102Y54    u_top/u_core/u_b/u_b_core/core/core/f12/g_narrow_read.mem_reg_0_31_102_107/RAMA/CLK
Low Pulse Width   Slow    RAMD32/CLK          n/a            1.130         2.500       1.370      SLICE_X102Y54    u_top/u_core/u_b/u_b_core/core/core/f12/g_narrow_read.mem_reg_0_31_102_107/RAMA_D1/CLK
Low Pulse Width   Fast    RAMD32/CLK          n/a            1.130         2.500       1.370      SLICE_X102Y54    u_top/u_core/u_b/u_b_core/core/core/f12/g_narrow_read.mem_reg_0_31_102_107/RAMA_D1/CLK
High Pulse Width  Slow    RAMD32/CLK          n/a            1.130         2.500       1.370      SLICE_X92Y52     u_top/u_core/u_b/u_b_core/core/core/f12/g_narrow_read.mem_reg_0_31_0_5/RAMA/CLK
High Pulse Width  Fast    RAMD32/CLK          n/a            1.130         2.500       1.370      SLICE_X92Y52     u_top/u_core/u_b/u_b_core/core/core/f12/g_narrow_read.mem_reg_0_31_0_5/RAMA/CLK
High Pulse Width  Slow    RAMD32/CLK          n/a            1.130         2.500       1.370      SLICE_X92Y52     u_top/u_core/u_b/u_b_core/core/core/f12/g_narrow_read.mem_reg_0_31_0_5/RAMA_D1/CLK
High Pulse Width  Fast    RAMD32/CLK          n/a            1.130         2.500       1.370      SLICE_X92Y52     u_top/u_core/u_b/u_b_core/core/core/f12/g_narrow_read.mem_reg_0_31_0_5/RAMA_D1/CLK
High Pulse Width  Slow    RAMD32/CLK          n/a            1.130         2.500       1.370      SLICE_X92Y52     u_top/u_core/u_b/u_b_core/core/core/f12/g_narrow_read.mem_reg_0_31_0_5/RAMB/CLK
High Pulse Width  Fast    RAMD32/CLK          n/a            1.130         2.500       1.370      SLICE_X92Y52     u_top/u_core/u_b/u_b_core/core/core/f12/g_narrow_read.mem_reg_0_31_0_5/RAMB/CLK
High Pulse Width  Slow    RAMD32/CLK          n/a            1.130         2.500       1.370      SLICE_X92Y52     u_top/u_core/u_b/u_b_core/core/core/f12/g_narrow_read.mem_reg_0_31_0_5/RAMB_D1/CLK
High Pulse Width  Fast    RAMD32/CLK          n/a            1.130         2.500       1.370      SLICE_X92Y52     u_top/u_core/u_b/u_b_core/core/core/f12/g_narrow_read.mem_reg_0_31_0_5/RAMB_D1/CLK
High Pulse Width  Slow    RAMD32/CLK          n/a            1.130         2.500       1.370      SLICE_X92Y52     u_top/u_core/u_b/u_b_core/core/core/f12/g_narrow_read.mem_reg_0_31_0_5/RAMC/CLK
High Pulse Width  Fast    RAMD32/CLK          n/a            1.130         2.500       1.370      SLICE_X92Y52     u_top/u_core/u_b/u_b_core/core/core/f12/g_narrow_read.mem_reg_0_31_0_5/RAMC/CLK
High Pulse Width  Slow    RAMD32/CLK          n/a            1.130         2.500       1.370      SLICE_X92Y52     u_top/u_core/u_b/u_b_core/core/core/f12/g_narrow_read.mem_reg_0_31_0_5/RAMC_D1/CLK
High Pulse Width  Fast    RAMD32/CLK          n/a            1.130         2.500       1.370      SLICE_X92Y52     u_top/u_core/u_b/u_b_core/core/core/f12/g_narrow_read.mem_reg_0_31_0_5/RAMC_D1/CLK
High Pulse Width  Slow    RAMS32/CLK          n/a            1.130         2.500       1.370      SLICE_X92Y52     u_top/u_core/u_b/u_b_core/core/core/f12/g_narrow_read.mem_reg_0_31_0_5/RAMD/CLK
High Pulse Width  Fast    RAMS32/CLK          n/a            1.130         2.500       1.370      SLICE_X92Y52     u_top/u_core/u_b/u_b_core/core/core/f12/g_narrow_read.mem_reg_0_31_0_5/RAMD/CLK
High Pulse Width  Slow    RAMS32/CLK          n/a            1.130         2.500       1.370      SLICE_X92Y52     u_top/u_core/u_b/u_b_core/core/core/f12/g_narrow_read.mem_reg_0_31_0_5/RAMD_D1/CLK
High Pulse Width  Fast    RAMS32/CLK          n/a            1.130         2.500       1.370      SLICE_X92Y52     u_top/u_core/u_b/u_b_core/core/core/f12/g_narrow_read.mem_reg_0_31_0_5/RAMD_D1/CLK
High Pulse Width  Slow    RAMD32/CLK          n/a            1.130         2.500       1.370      SLICE_X102Y54    u_top/u_core/u_b/u_b_core/core/core/f12/g_narrow_read.mem_reg_0_31_102_107/RAMA/CLK
High Pulse Width  Fast    RAMD32/CLK          n/a            1.130         2.500       1.370      SLICE_X102Y54    u_top/u_core/u_b/u_b_core/core/core/f12/g_narrow_read.mem_reg_0_31_102_107/RAMA/CLK
High Pulse Width  Slow    RAMD32/CLK          n/a            1.130         2.500       1.370      SLICE_X102Y54    u_top/u_core/u_b/u_b_core/core/core/f12/g_narrow_read.mem_reg_0_31_102_107/RAMA_D1/CLK
High Pulse Width  Fast    RAMD32/CLK          n/a            1.130         2.500       1.370      SLICE_X102Y54    u_top/u_core/u_b/u_b_core/core/core/f12/g_narrow_read.mem_reg_0_31_102_107/RAMA_D1/CLK



