#-----------------------------------------------------------
# Vivado v2025.2 (64-bit)
# SW Build 6299465 on Fri Nov 14 19:35:11 GMT 2025
# IP Build 6300035 on Fri Nov 14 10:48:45 MST 2025
# SharedData Build 6298862 on Thu Nov 13 04:50:51 MST 2025
# Start of session at: Sat Oct  3 19:19:44 2026
# Process ID         : 16840
# Current directory  : V:/
# Command line       : vivado.exe -mode batch -source experiments/timing_200_20261003/synth_pad_flags.tcl -log _synth_bc/pad_flags_impl_20261003_vivado.log -journal _synth_bc/pad_flags_impl_20261003_vivado.jou -tclargs impl acc36 ascii ramdecomp
# Log file           : V:/_synth_bc/pad_flags_impl_20261003_vivado.log
# Journal file       : V:/_synth_bc/pad_flags_impl_20261003_vivado.jou
# Running On         : OMENMAX
# Platform           : Windows Server 2016 or Windows 10
# Operating System   : 26200
# Processor Detail   : Intel(R) Core(TM) Ultra 9 275HX
# CPU Frequency      : 3072 MHz
# CPU Physical cores : 24
# CPU Logical cores  : 24
# Host memory        : 33737 MB
# Swap memory        : 34359 MB
# Total Virtual      : 68097 MB
# Available Virtual  : 44913 MB
#-----------------------------------------------------------
source experiments/timing_200_20261003/synth_pad_flags.tcl
# set target_part    "xc7a200tfbg484-2"
# set_param general.maxThreads 2
# set top_module     "c_synth_top"
# set target_clk_mhz 200
# set setup_tag "setup030"
# set setup_extra_ns 0.300
# if {[info exists argv] && [lsearch -exact $argv nominal] >= 0} {
#     set setup_tag "setup000"
#     set setup_extra_ns 0.000
# }
# set do_impl 0
# set variant "l5splitmem_realrom_200_member_b_pad_flags_20261003_setup030"
# if {[info exists argv] && [lsearch -exact $argv "acc36"] >= 0} { set variant "acc36_realrom_200_member_b_pad_flags_20261003_setup030" }
# if {[info exists argv] && [lsearch -exact $argv "ascii"] >= 0} { append variant "_ascii" }
# set use_ramdecomp [expr {[info exists argv] && [lsearch -exact $argv "ramdecomp"] >= 0}]
# if {$use_ramdecomp} { append variant "_ramdecomp" }
# set use_srl [expr {[info exists argv] && [lsearch -exact $argv srl] >= 0}]
# if {$use_srl} {append variant "_srl"}
# if {$setup_tag eq "setup000"} {set variant [string map {pipeline030 pipeline000} $variant]}
# if {[info exists argv]} { foreach a $argv { if {$a eq "impl"} { set do_impl 1 } } }
# if {!$use_ramdecomp || [lsearch -exact $argv acc36]<0} {error "Pipeline candidate requires acc36 ramdecomp"}
# set script_dir [file normalize [file dirname [info script]]]
# set root_dir   [file normalize "$script_dir/../.."]
# set candidate_dir $script_dir
# set script_dir "$root_dir/experiments/timing_200_20260926"
# set experiment_dir "$root_dir/experiments/l5_splitmem_20260924"
# set rtl_dir    "$root_dir/rtl"
# set input_rom_file "$experiment_dir/rtl/c/input_rom.v"
# set xdc_dir    "$root_dir/constr"
# set b_real_dir "$rtl_dir/b_real_ae29515"
# set fifo_file "$candidate_dir/pad_flags/elastic_fifo.sv"
# if {$use_srl} {set fifo_file "$script_dir/fifo_srl/elastic_fifo.sv"}
# set mac_issue_file "$script_dir/mac_buffer/mac_issue_stage.sv"
# set stream_layer_file "$experiment_dir/rtl/b/fsrcnn_stream_layer.sv"
# set network_core_file "$experiment_dir/rtl/b/fsrcnn_network_core.sv"
# set phase_acc_file "$experiment_dir/rtl/b/phase_accumulator.sv"
# if {[info exists argv] && [lsearch -exact $argv "acc36"] >= 0} { set phase_acc_file "$script_dir/bias_early/phase_accumulator_36.sv" }
# set input_stream_file "$experiment_dir/rtl/c/input_stream.v"
# set c_core_file "$experiment_dir/rtl/c/c_core.v"
# set stripe_file "$rtl_dir/stripe_buffer.v"
# if {$use_ramdecomp} { set stripe_file "$script_dir/stripe_pipe/stripe_buffer.v" }
# set b_patch_dir "$experiment_dir/rtl/b"
# set rom_dir    "$root_dir/rom/member_a_d16_s8_m1_c16"
# set stage      "$root_dir/_synth_bc/$variant"
# set out_dir    "$stage/reports"
# if {[file exists $stage]} {error "Refuse to overwrite candidate stage"}
# file mkdir $out_dir
# set config_file [open "$out_dir/run_config.txt" w]
# puts $config_file "script=[file normalize [info script]]"
# puts $config_file "argv=$argv"
# puts $config_file "extra_setup_ns=$setup_extra_ns"
# puts $config_file "target_MHz=$target_clk_mhz"
# puts $config_file "vivado=[version -short]"
# close $config_file
# file mkdir "$stage/rtl"
# set real_input_rom "$root_dir/ref/a_full_integer_golden/input_rom_2p19_u8.mem"
# if {![file exists $real_input_rom]} { error "missing frozen A full input ROM: $real_input_rom" }
# file copy -force $real_input_rom "$stage/rtl/input_image_pattern.mem"
# set roms [glob -nocomplain -types f -directory $rom_dir *_packed.mem]
# if {[llength $roms] != 19} { error "æœŸæœ› 19 ä¸? *_packed.memï¼Œå®žå¾? [llength $roms]ï¼?$rom_dirï¼?" }
# foreach f $roms { file copy -force $f "$stage/[file tail $f]" }
# puts "== staged [llength $roms] packed ROMs + frozen A input ROM to $stage =="
== staged 19 packed ROMs + frozen A input ROM to V://_synth_bc/acc36_realrom_200_member_b_pad_flags_20261003_setup030_ascii_ramdecomp ==
# set real_bank_dir "$root_dir/member_b_evidence/real_banks"
# set real_bank_files [glob -nocomplain -types f -directory $real_bank_dir rom_bank_*.mem]
# if {[llength $real_bank_files] != 16} { error "expected 16 real A image banks under $real_bank_dir" }
# foreach f $real_bank_files { file copy -force $f "$stage/[file tail $f]" }
# puts "== staged 16 real A image ROM banks from $real_bank_dir =="
== staged 16 real A image ROM banks from V://member_b_evidence/real_banks ==
# cd $stage
# set git_sha "unknown"
# catch {set git_sha [string trim [exec git -C $root_dir rev-parse HEAD]]}
# set local_mod "unknown"
# if {[catch {exec git -C $root_dir status --porcelain -- {*}[list rtl tb scripts constr docs rom] } g]} {
#     set local_mod "(git status unavailable)"
# } else {
#     set local_mod [string map {\n { }} [string trim $g]]
#     if {$local_mod eq ""} { set local_mod "clean" }
# }
# puts "================================================================"
================================================================
# puts " REAL B five-layer + C shell -- SYNTHESIS (part $target_part)"
 REAL B five-layer + C shell -- SYNTHESIS (part xc7a200tfbg484-2)
# puts " top=$top_module  C_USE_B_REAL=1  do_impl=$do_impl"
 top=c_synth_top  C_USE_B_REAL=1  do_impl=1
# puts "================================================================"
================================================================
# set c_files [list \
#     "$rtl_dir/c_config.vh"     \
#     $input_rom_file     \
#     $input_stream_file  \
#     $stripe_file \
#     "$script_dir/stripe_pipe/pingpong_buffer.v"\
#     "$rtl_dir/output_stream.v" \
#     "$rtl_dir/uart_tx.v"       \
#     "$rtl_dir/readback_ctrl.v" \
#     "$rtl_dir/c_ctrl.v"        \
#     "$rtl_dir/b_core_stub.v"   \
#     "$rtl_dir/b_core_if.v"     \
#     $c_core_file        \
#     "$rtl_dir/c_top.v"         \
#     "$rtl_dir/c_synth_top.v"   \
# ]
# foreach f $c_files { if {![file exists $f]} { error "ç¼ºå°‘ C ä¾¡ì RTL: $f" } }
# read_verilog -verbose $c_files
# set b_files [list \
#     "$candidate_dir/pad_flags/same_pad_raster.sv"            \
#     $fifo_file               \
#     "$b_real_dir/stream/window_kminus1_bram.sv"        \
#     "$b_real_dir/stream/window_stream_frontend.sv"     \
#     "$b_real_dir/stream/eight_phase_issue.sv"          \
#     "$b_patch_dir/phase_mac_pipeline.sv"               \
#     $phase_acc_file                \
#     $mac_issue_file            \
#     "$script_dir/requant_pipe/vector_postprocess_shared.sv"        \
#     $stream_layer_file        \
#     "$b_real_dir/stream/pixel_shuffle2x_row_banks.sv"  \
#     $network_core_file        \
#     "$b_real_dir/stream/fsrcnn_network_mem_top.sv"     \
#     "$b_real_dir/stream/b_core_real.sv"                \
#     "$script_dir/requant_pipe/prelu_requantize.sv"                 \
# ]
# foreach f $b_files { if {![file exists $f]} { error "ç¼ºå°‘ B çœŸå®ž RTL: $f" } }
# read_verilog -sv -verbose $b_files
# read_xdc "$xdc_dir/c_top.xdc"
# set mf [open "$out_dir/source_files.txt" w]
# foreach f [concat $c_files $b_files [list "$xdc_dir/c_top.xdc"]] {puts $mf $f}
# close $mf
# puts [exec "C:/Users/24889/.cache/codex-runtimes/codex-primary-runtime/dependencies/python/python.exe" -I     "$root_dir/experiments/timing_200_20260926/freeze_launch_inputs.py" $variant     "experiments/timing_200_20261003/synth_pad_flags.tcl"]
acc36_realrom_200_member_b_pad_flags_20261003_setup030_ascii_ramdecomp: frozen 66 input hashes
# synth_design -top $top_module -part $target_part \
#     -flatten_hierarchy rebuilt \
#     -verilog_define C_USE_B_REAL
Command: synth_design -top c_synth_top -part xc7a200tfbg484-2 -flatten_hierarchy rebuilt -verilog_define C_USE_B_REAL
Starting synth_design
Attempting to get a license for feature 'Synthesis' and/or device 'xc7a200t'
INFO: [Common 17-349] Got license for feature 'Synthesis' and/or device 'xc7a200t'
INFO: [Device 21-403] Loading part xc7a200tfbg484-2
INFO: [Synth 8-7079] Multithreading enabled for synth_design using a maximum of 2 processes.
INFO: [Synth 8-7078] Launching helper process for spawning children vivado processes
INFO: [Synth 8-7075] Helper process launched with PID 27044
---------------------------------------------------------------------------------
Starting RTL Elaboration : Time (s): cpu = 00:00:03 ; elapsed = 00:00:03 . Memory (MB): peak = 1307.906 ; gain = 540.621
---------------------------------------------------------------------------------
INFO: [Synth 8-6157] synthesizing module 'c_synth_top' [V:/rtl/c_synth_top.v:28]
INFO: [Synth 8-6157] synthesizing module 'c_top' [V:/rtl/c_top.v:29]
	Parameter IMG_W bound to: 960 - type: integer 
	Parameter IMG_H bound to: 540 - type: integer 
	Parameter OUT_W bound to: 1920 - type: integer 
	Parameter OUT_H bound to: 1080 - type: integer 
	Parameter STRIPE_H bound to: 64 - type: integer 
	Parameter PIXEL_W bound to: 8 - type: integer 
	Parameter ROM_ADDR_W bound to: 19 - type: integer 
	Parameter ROM_DEPTH bound to: 524288 - type: integer 
	Parameter ROM_INIT_MODE bound to: 0 - type: integer 
	Parameter ROM_INIT_EN bound to: 1 - type: integer 
	Parameter ROM_INIT_FILE bound to: rtl/input_image_pattern.mem - type: string 
	Parameter USE_MMCM bound to: 1 - type: integer 
	Parameter CLK_HZ bound to: 200000000 - type: integer 
	Parameter UART_BAUD bound to: 921600 - type: integer 
	Parameter RB_ENABLE bound to: 1 - type: integer 
	Parameter AUTO_START_EN bound to: 1 - type: integer 
	Parameter AUTO_START_CYCLES bound to: 20000000 - type: integer 
INFO: [Synth 8-6157] synthesizing module 'MMCME2_BASE' [F:/Xilinx/2025.2/Vivado/scripts/rt/data/unisim_comp.v:95964]
	Parameter BANDWIDTH bound to: OPTIMIZED - type: string 
	Parameter CLKFBOUT_MULT_F bound to: 2.400000e+01 - type: double 
	Parameter CLKFBOUT_PHASE bound to: 0.000000e+00 - type: double 
	Parameter CLKIN1_PERIOD bound to: 2.000000e+01 - type: double 
	Parameter CLKOUT0_DIVIDE_F bound to: 6.000000e+00 - type: double 
	Parameter CLKOUT0_DUTY_CYCLE bound to: 5.000000e-01 - type: double 
	Parameter CLKOUT0_PHASE bound to: 0.000000e+00 - type: double 
	Parameter DIVCLK_DIVIDE bound to: 1 - type: integer 
	Parameter REF_JITTER1 bound to: 1.000000e-02 - type: double 
	Parameter STARTUP_WAIT bound to: FALSE - type: string 
INFO: [Synth 8-6155] done synthesizing module 'MMCME2_BASE' (0#1) [F:/Xilinx/2025.2/Vivado/scripts/rt/data/unisim_comp.v:95964]
INFO: [Synth 8-6157] synthesizing module 'c_core' [V:/experiments/l5_splitmem_20260924/rtl/c/c_core.v:34]
	Parameter IMG_W bound to: 960 - type: integer 
	Parameter IMG_H bound to: 540 - type: integer 
	Parameter OUT_W bound to: 1920 - type: integer 
	Parameter OUT_H bound to: 1080 - type: integer 
	Parameter STRIPE_H bound to: 64 - type: integer 
	Parameter PIXEL_W bound to: 8 - type: integer 
	Parameter ROM_ADDR_W bound to: 19 - type: integer 
	Parameter ROM_DEPTH bound to: 524288 - type: integer 
	Parameter ROM_INIT_MODE bound to: 0 - type: integer 
	Parameter ROM_INIT_EN bound to: 1 - type: integer 
	Parameter ROM_INIT_FILE bound to: rtl/input_image_pattern.mem - type: string 
	Parameter CLK_HZ bound to: 200000000 - type: integer 
	Parameter UART_BAUD bound to: 921600 - type: integer 
INFO: [Synth 8-6157] synthesizing module 'c_ctrl' [V:/rtl/c_ctrl.v:32]
INFO: [Synth 8-6155] done synthesizing module 'c_ctrl' (0#1) [V:/rtl/c_ctrl.v:32]
INFO: [Synth 8-6157] synthesizing module 'input_rom' [V:/experiments/l5_splitmem_20260924/rtl/c/input_rom.v:60]
	Parameter ADDR_W bound to: 19 - type: integer 
	Parameter DATA_W bound to: 8 - type: integer 
	Parameter MEM_DEPTH bound to: 524288 - type: integer 
	Parameter INIT_MODE bound to: 0 - type: integer 
	Parameter INIT_EN bound to: 1 - type: integer 
	Parameter INIT_FILE bound to: rtl/input_image_pattern.mem - type: string 
INFO: [Synth 8-6157] synthesizing module 'input_rom_bank' [V:/experiments/l5_splitmem_20260924/rtl/c/input_rom.v:5]
	Parameter BANK_ID bound to: 0 - type: integer 
	Parameter BANK_DEPTH bound to: 32768 - type: integer 
	Parameter ADDR_W bound to: 15 - type: integer 
	Parameter DATA_W bound to: 8 - type: integer 
	Parameter INIT_MODE bound to: 0 - type: integer 
	Parameter INIT_EN bound to: 1 - type: integer 
INFO: [Synth 8-3876] $readmem data file 'rom_bank_000.mem' is read successfully [V:/experiments/l5_splitmem_20260924/rtl/c/input_rom.v:33]
INFO: [Synth 8-6155] done synthesizing module 'input_rom_bank' (0#1) [V:/experiments/l5_splitmem_20260924/rtl/c/input_rom.v:5]
INFO: [Synth 8-6157] synthesizing module 'input_rom_bank__parameterized0' [V:/experiments/l5_splitmem_20260924/rtl/c/input_rom.v:5]
	Parameter BANK_ID bound to: 1 - type: integer 
	Parameter BANK_DEPTH bound to: 32768 - type: integer 
	Parameter ADDR_W bound to: 15 - type: integer 
	Parameter DATA_W bound to: 8 - type: integer 
	Parameter INIT_MODE bound to: 0 - type: integer 
	Parameter INIT_EN bound to: 1 - type: integer 
INFO: [Synth 8-3876] $readmem data file 'rom_bank_001.mem' is read successfully [V:/experiments/l5_splitmem_20260924/rtl/c/input_rom.v:34]
INFO: [Synth 8-6155] done synthesizing module 'input_rom_bank__parameterized0' (0#1) [V:/experiments/l5_splitmem_20260924/rtl/c/input_rom.v:5]
INFO: [Synth 8-6157] synthesizing module 'input_rom_bank__parameterized1' [V:/experiments/l5_splitmem_20260924/rtl/c/input_rom.v:5]
	Parameter BANK_ID bound to: 2 - type: integer 
	Parameter BANK_DEPTH bound to: 32768 - type: integer 
	Parameter ADDR_W bound to: 15 - type: integer 
	Parameter DATA_W bound to: 8 - type: integer 
	Parameter INIT_MODE bound to: 0 - type: integer 
	Parameter INIT_EN bound to: 1 - type: integer 
INFO: [Synth 8-3876] $readmem data file 'rom_bank_002.mem' is read successfully [V:/experiments/l5_splitmem_20260924/rtl/c/input_rom.v:35]
INFO: [Synth 8-6155] done synthesizing module 'input_rom_bank__parameterized1' (0#1) [V:/experiments/l5_splitmem_20260924/rtl/c/input_rom.v:5]
INFO: [Synth 8-6157] synthesizing module 'input_rom_bank__parameterized2' [V:/experiments/l5_splitmem_20260924/rtl/c/input_rom.v:5]
	Parameter BANK_ID bound to: 3 - type: integer 
	Parameter BANK_DEPTH bound to: 32768 - type: integer 
	Parameter ADDR_W bound to: 15 - type: integer 
	Parameter DATA_W bound to: 8 - type: integer 
	Parameter INIT_MODE bound to: 0 - type: integer 
	Parameter INIT_EN bound to: 1 - type: integer 
INFO: [Synth 8-3876] $readmem data file 'rom_bank_003.mem' is read successfully [V:/experiments/l5_splitmem_20260924/rtl/c/input_rom.v:36]
INFO: [Synth 8-6155] done synthesizing module 'input_rom_bank__parameterized2' (0#1) [V:/experiments/l5_splitmem_20260924/rtl/c/input_rom.v:5]
INFO: [Synth 8-6157] synthesizing module 'input_rom_bank__parameterized3' [V:/experiments/l5_splitmem_20260924/rtl/c/input_rom.v:5]
	Parameter BANK_ID bound to: 4 - type: integer 
	Parameter BANK_DEPTH bound to: 32768 - type: integer 
	Parameter ADDR_W bound to: 15 - type: integer 
	Parameter DATA_W bound to: 8 - type: integer 
	Parameter INIT_MODE bound to: 0 - type: integer 
	Parameter INIT_EN bound to: 1 - type: integer 
INFO: [Synth 8-3876] $readmem data file 'rom_bank_004.mem' is read successfully [V:/experiments/l5_splitmem_20260924/rtl/c/input_rom.v:37]
INFO: [Synth 8-6155] done synthesizing module 'input_rom_bank__parameterized3' (0#1) [V:/experiments/l5_splitmem_20260924/rtl/c/input_rom.v:5]
INFO: [Synth 8-6157] synthesizing module 'input_rom_bank__parameterized4' [V:/experiments/l5_splitmem_20260924/rtl/c/input_rom.v:5]
	Parameter BANK_ID bound to: 5 - type: integer 
	Parameter BANK_DEPTH bound to: 32768 - type: integer 
	Parameter ADDR_W bound to: 15 - type: integer 
	Parameter DATA_W bound to: 8 - type: integer 
	Parameter INIT_MODE bound to: 0 - type: integer 
	Parameter INIT_EN bound to: 1 - type: integer 
INFO: [Synth 8-3876] $readmem data file 'rom_bank_005.mem' is read successfully [V:/experiments/l5_splitmem_20260924/rtl/c/input_rom.v:38]
INFO: [Synth 8-6155] done synthesizing module 'input_rom_bank__parameterized4' (0#1) [V:/experiments/l5_splitmem_20260924/rtl/c/input_rom.v:5]
INFO: [Synth 8-6157] synthesizing module 'input_rom_bank__parameterized5' [V:/experiments/l5_splitmem_20260924/rtl/c/input_rom.v:5]
	Parameter BANK_ID bound to: 6 - type: integer 
	Parameter BANK_DEPTH bound to: 32768 - type: integer 
	Parameter ADDR_W bound to: 15 - type: integer 
	Parameter DATA_W bound to: 8 - type: integer 
	Parameter INIT_MODE bound to: 0 - type: integer 
	Parameter INIT_EN bound to: 1 - type: integer 
INFO: [Synth 8-3876] $readmem data file 'rom_bank_006.mem' is read successfully [V:/experiments/l5_splitmem_20260924/rtl/c/input_rom.v:39]
INFO: [Synth 8-6155] done synthesizing module 'input_rom_bank__parameterized5' (0#1) [V:/experiments/l5_splitmem_20260924/rtl/c/input_rom.v:5]
INFO: [Synth 8-6157] synthesizing module 'input_rom_bank__parameterized6' [V:/experiments/l5_splitmem_20260924/rtl/c/input_rom.v:5]
	Parameter BANK_ID bound to: 7 - type: integer 
	Parameter BANK_DEPTH bound to: 32768 - type: integer 
	Parameter ADDR_W bound to: 15 - type: integer 
	Parameter DATA_W bound to: 8 - type: integer 
	Parameter INIT_MODE bound to: 0 - type: integer 
	Parameter INIT_EN bound to: 1 - type: integer 
INFO: [Synth 8-3876] $readmem data file 'rom_bank_007.mem' is read successfully [V:/experiments/l5_splitmem_20260924/rtl/c/input_rom.v:40]
INFO: [Synth 8-6155] done synthesizing module 'input_rom_bank__parameterized6' (0#1) [V:/experiments/l5_splitmem_20260924/rtl/c/input_rom.v:5]
INFO: [Synth 8-6157] synthesizing module 'input_rom_bank__parameterized7' [V:/experiments/l5_splitmem_20260924/rtl/c/input_rom.v:5]
	Parameter BANK_ID bound to: 8 - type: integer 
	Parameter BANK_DEPTH bound to: 32768 - type: integer 
	Parameter ADDR_W bound to: 15 - type: integer 
	Parameter DATA_W bound to: 8 - type: integer 
	Parameter INIT_MODE bound to: 0 - type: integer 
	Parameter INIT_EN bound to: 1 - type: integer 
INFO: [Synth 8-3876] $readmem data file 'rom_bank_008.mem' is read successfully [V:/experiments/l5_splitmem_20260924/rtl/c/input_rom.v:41]
INFO: [Synth 8-6155] done synthesizing module 'input_rom_bank__parameterized7' (0#1) [V:/experiments/l5_splitmem_20260924/rtl/c/input_rom.v:5]
INFO: [Synth 8-6157] synthesizing module 'input_rom_bank__parameterized8' [V:/experiments/l5_splitmem_20260924/rtl/c/input_rom.v:5]
	Parameter BANK_ID bound to: 9 - type: integer 
	Parameter BANK_DEPTH bound to: 32768 - type: integer 
	Parameter ADDR_W bound to: 15 - type: integer 
	Parameter DATA_W bound to: 8 - type: integer 
	Parameter INIT_MODE bound to: 0 - type: integer 
	Parameter INIT_EN bound to: 1 - type: integer 
INFO: [Synth 8-3876] $readmem data file 'rom_bank_009.mem' is read successfully [V:/experiments/l5_splitmem_20260924/rtl/c/input_rom.v:42]
INFO: [Synth 8-6155] done synthesizing module 'input_rom_bank__parameterized8' (0#1) [V:/experiments/l5_splitmem_20260924/rtl/c/input_rom.v:5]
INFO: [Synth 8-6157] synthesizing module 'input_rom_bank__parameterized9' [V:/experiments/l5_splitmem_20260924/rtl/c/input_rom.v:5]
	Parameter BANK_ID bound to: 10 - type: integer 
	Parameter BANK_DEPTH bound to: 32768 - type: integer 
	Parameter ADDR_W bound to: 15 - type: integer 
	Parameter DATA_W bound to: 8 - type: integer 
	Parameter INIT_MODE bound to: 0 - type: integer 
	Parameter INIT_EN bound to: 1 - type: integer 
INFO: [Synth 8-3876] $readmem data file 'rom_bank_010.mem' is read successfully [V:/experiments/l5_splitmem_20260924/rtl/c/input_rom.v:43]
INFO: [Synth 8-6155] done synthesizing module 'input_rom_bank__parameterized9' (0#1) [V:/experiments/l5_splitmem_20260924/rtl/c/input_rom.v:5]
INFO: [Synth 8-6157] synthesizing module 'input_rom_bank__parameterized10' [V:/experiments/l5_splitmem_20260924/rtl/c/input_rom.v:5]
	Parameter BANK_ID bound to: 11 - type: integer 
	Parameter BANK_DEPTH bound to: 32768 - type: integer 
	Parameter ADDR_W bound to: 15 - type: integer 
	Parameter DATA_W bound to: 8 - type: integer 
	Parameter INIT_MODE bound to: 0 - type: integer 
	Parameter INIT_EN bound to: 1 - type: integer 
INFO: [Synth 8-3876] $readmem data file 'rom_bank_011.mem' is read successfully [V:/experiments/l5_splitmem_20260924/rtl/c/input_rom.v:44]
INFO: [Synth 8-6155] done synthesizing module 'input_rom_bank__parameterized10' (0#1) [V:/experiments/l5_splitmem_20260924/rtl/c/input_rom.v:5]
INFO: [Synth 8-6157] synthesizing module 'input_rom_bank__parameterized11' [V:/experiments/l5_splitmem_20260924/rtl/c/input_rom.v:5]
	Parameter BANK_ID bound to: 12 - type: integer 
	Parameter BANK_DEPTH bound to: 32768 - type: integer 
	Parameter ADDR_W bound to: 15 - type: integer 
	Parameter DATA_W bound to: 8 - type: integer 
	Parameter INIT_MODE bound to: 0 - type: integer 
	Parameter INIT_EN bound to: 1 - type: integer 
INFO: [Synth 8-3876] $readmem data file 'rom_bank_012.mem' is read successfully [V:/experiments/l5_splitmem_20260924/rtl/c/input_rom.v:45]
INFO: [Synth 8-6155] done synthesizing module 'input_rom_bank__parameterized11' (0#1) [V:/experiments/l5_splitmem_20260924/rtl/c/input_rom.v:5]
INFO: [Synth 8-6157] synthesizing module 'input_rom_bank__parameterized12' [V:/experiments/l5_splitmem_20260924/rtl/c/input_rom.v:5]
	Parameter BANK_ID bound to: 13 - type: integer 
	Parameter BANK_DEPTH bound to: 32768 - type: integer 
	Parameter ADDR_W bound to: 15 - type: integer 
	Parameter DATA_W bound to: 8 - type: integer 
	Parameter INIT_MODE bound to: 0 - type: integer 
	Parameter INIT_EN bound to: 1 - type: integer 
INFO: [Synth 8-3876] $readmem data file 'rom_bank_013.mem' is read successfully [V:/experiments/l5_splitmem_20260924/rtl/c/input_rom.v:46]
INFO: [Synth 8-6155] done synthesizing module 'input_rom_bank__parameterized12' (0#1) [V:/experiments/l5_splitmem_20260924/rtl/c/input_rom.v:5]
INFO: [Synth 8-6157] synthesizing module 'input_rom_bank__parameterized13' [V:/experiments/l5_splitmem_20260924/rtl/c/input_rom.v:5]
	Parameter BANK_ID bound to: 14 - type: integer 
	Parameter BANK_DEPTH bound to: 32768 - type: integer 
	Parameter ADDR_W bound to: 15 - type: integer 
	Parameter DATA_W bound to: 8 - type: integer 
	Parameter INIT_MODE bound to: 0 - type: integer 
	Parameter INIT_EN bound to: 1 - type: integer 
INFO: [Synth 8-3876] $readmem data file 'rom_bank_014.mem' is read successfully [V:/experiments/l5_splitmem_20260924/rtl/c/input_rom.v:47]
INFO: [Synth 8-6155] done synthesizing module 'input_rom_bank__parameterized13' (0#1) [V:/experiments/l5_splitmem_20260924/rtl/c/input_rom.v:5]
INFO: [Synth 8-6157] synthesizing module 'input_rom_bank__parameterized14' [V:/experiments/l5_splitmem_20260924/rtl/c/input_rom.v:5]
	Parameter BANK_ID bound to: 15 - type: integer 
	Parameter BANK_DEPTH bound to: 32768 - type: integer 
	Parameter ADDR_W bound to: 15 - type: integer 
	Parameter DATA_W bound to: 8 - type: integer 
	Parameter INIT_MODE bound to: 0 - type: integer 
	Parameter INIT_EN bound to: 1 - type: integer 
INFO: [Synth 8-3876] $readmem data file 'rom_bank_015.mem' is read successfully [V:/experiments/l5_splitmem_20260924/rtl/c/input_rom.v:48]
INFO: [Synth 8-6155] done synthesizing module 'input_rom_bank__parameterized14' (0#1) [V:/experiments/l5_splitmem_20260924/rtl/c/input_rom.v:5]
INFO: [Synth 8-6155] done synthesizing module 'input_rom' (0#1) [V:/experiments/l5_splitmem_20260924/rtl/c/input_rom.v:60]
INFO: [Synth 8-6157] synthesizing module 'input_stream' [V:/experiments/l5_splitmem_20260924/rtl/c/input_stream.v:31]
	Parameter IMG_W bound to: 960 - type: integer 
	Parameter IMG_H bound to: 540 - type: integer 
	Parameter PIXEL_W bound to: 8 - type: integer 
	Parameter ADDR_W bound to: 19 - type: integer 
	Parameter TOT_PIX bound to: 518400 - type: integer 
INFO: [Synth 8-6155] done synthesizing module 'input_stream' (0#1) [V:/experiments/l5_splitmem_20260924/rtl/c/input_stream.v:31]
INFO: [Synth 8-6157] synthesizing module 'b_core_if' [V:/rtl/b_core_if.v:59]
	Parameter IMG_W bound to: 960 - type: integer 
	Parameter IMG_H bound to: 540 - type: integer 
	Parameter OUT_W bound to: 1920 - type: integer 
	Parameter OUT_H bound to: 1080 - type: integer 
	Parameter STRIPE_H bound to: 64 - type: integer 
	Parameter DATA_W bound to: 8 - type: integer 
INFO: [Synth 8-6157] synthesizing module 'b_core_real' [V:/rtl/b_real_ae29515/stream/b_core_real.sv:6]
	Parameter IMG_W bound to: 960 - type: integer 
	Parameter IMG_H bound to: 540 - type: integer 
	Parameter STRIPE_H bound to: 64 - type: integer 
INFO: [Synth 8-6157] synthesizing module 'fsrcnn_network_mem_top' [V:/rtl/b_real_ae29515/stream/fsrcnn_network_mem_top.sv:6]
	Parameter IMG_W bound to: 960 - type: integer 
	Parameter IMG_H bound to: 540 - type: integer 
	Parameter STRIPE_ROWS bound to: 64 - type: integer 
INFO: [Synth 8-3876] $readmem data file 'feature_weights_packed.mem' is read successfully [V:/rtl/b_real_ae29515/stream/fsrcnn_network_mem_top.sv:36]
INFO: [Synth 8-3876] $readmem data file 'feature_bias_packed.mem' is read successfully [V:/rtl/b_real_ae29515/stream/fsrcnn_network_mem_top.sv:36]
INFO: [Synth 8-3876] $readmem data file 'feature_prelu_packed.mem' is read successfully [V:/rtl/b_real_ae29515/stream/fsrcnn_network_mem_top.sv:37]
INFO: [Synth 8-3876] $readmem data file 'feature_q31_packed.mem' is read successfully [V:/rtl/b_real_ae29515/stream/fsrcnn_network_mem_top.sv:37]
INFO: [Synth 8-3876] $readmem data file 'shrink_weights_packed.mem' is read successfully [V:/rtl/b_real_ae29515/stream/fsrcnn_network_mem_top.sv:38]
INFO: [Synth 8-3876] $readmem data file 'shrink_bias_packed.mem' is read successfully [V:/rtl/b_real_ae29515/stream/fsrcnn_network_mem_top.sv:38]
INFO: [Synth 8-3876] $readmem data file 'shrink_prelu_packed.mem' is read successfully [V:/rtl/b_real_ae29515/stream/fsrcnn_network_mem_top.sv:39]
INFO: [Synth 8-3876] $readmem data file 'shrink_q31_packed.mem' is read successfully [V:/rtl/b_real_ae29515/stream/fsrcnn_network_mem_top.sv:39]
INFO: [Synth 8-3876] $readmem data file 'mapping0_weights_packed.mem' is read successfully [V:/rtl/b_real_ae29515/stream/fsrcnn_network_mem_top.sv:40]
INFO: [Synth 8-3876] $readmem data file 'mapping0_bias_packed.mem' is read successfully [V:/rtl/b_real_ae29515/stream/fsrcnn_network_mem_top.sv:40]
INFO: [Synth 8-3876] $readmem data file 'mapping0_prelu_packed.mem' is read successfully [V:/rtl/b_real_ae29515/stream/fsrcnn_network_mem_top.sv:41]
INFO: [Synth 8-3876] $readmem data file 'mapping0_q31_packed.mem' is read successfully [V:/rtl/b_real_ae29515/stream/fsrcnn_network_mem_top.sv:41]
INFO: [Synth 8-3876] $readmem data file 'expand_weights_packed.mem' is read successfully [V:/rtl/b_real_ae29515/stream/fsrcnn_network_mem_top.sv:42]
INFO: [Synth 8-3876] $readmem data file 'expand_bias_packed.mem' is read successfully [V:/rtl/b_real_ae29515/stream/fsrcnn_network_mem_top.sv:42]
INFO: [Synth 8-3876] $readmem data file 'expand_prelu_packed.mem' is read successfully [V:/rtl/b_real_ae29515/stream/fsrcnn_network_mem_top.sv:43]
INFO: [Synth 8-3876] $readmem data file 'expand_q31_packed.mem' is read successfully [V:/rtl/b_real_ae29515/stream/fsrcnn_network_mem_top.sv:43]
INFO: [Synth 8-3876] $readmem data file 'subpixel_weights_packed.mem' is read successfully [V:/rtl/b_real_ae29515/stream/fsrcnn_network_mem_top.sv:44]
INFO: [Synth 8-3876] $readmem data file 'subpixel_bias_packed.mem' is read successfully [V:/rtl/b_real_ae29515/stream/fsrcnn_network_mem_top.sv:44]
INFO: [Synth 8-3876] $readmem data file 'subpixel_q31_packed.mem' is read successfully [V:/rtl/b_real_ae29515/stream/fsrcnn_network_mem_top.sv:45]
INFO: [Synth 8-6157] synthesizing module 'fsrcnn_network_core' [V:/experiments/l5_splitmem_20260924/rtl/b/fsrcnn_network_core.sv:8]
	Parameter IMG_W bound to: 960 - type: integer 
	Parameter IMG_H bound to: 540 - type: integer 
	Parameter STRIPE_ROWS bound to: 64 - type: integer 
INFO: [Synth 8-6157] synthesizing module 'fsrcnn_stream_layer' [V:/experiments/l5_splitmem_20260924/rtl/b/fsrcnn_stream_layer.sv:6]
	Parameter IMG_W bound to: 960 - type: integer 
	Parameter IMG_H bound to: 540 - type: integer 
	Parameter K bound to: 5 - type: integer 
	Parameter CIN bound to: 1 - type: integer 
	Parameter COUT bound to: 16 - type: integer 
	Parameter IN_PAR bound to: 1 - type: integer 
	Parameter OUT_PAR bound to: 2 - type: integer 
	Parameter ACT_W bound to: 8 - type: integer 
	Parameter ACT_UNSIGNED bound to: 1 - type: integer 
	Parameter OUT_W bound to: 16 - type: integer 
	Parameter PIPE_SELECTED_OPERANDS bound to: 1 - type: integer 
INFO: [Synth 8-6157] synthesizing module 'window_stream_frontend' [V:/rtl/b_real_ae29515/stream/window_stream_frontend.sv:7]
	Parameter DATA_W bound to: 8 - type: integer 
	Parameter IMG_W bound to: 960 - type: integer 
	Parameter IMG_H bound to: 540 - type: integer 
	Parameter K bound to: 5 - type: integer 
	Parameter FIFO_DEPTH bound to: 4 - type: integer 
INFO: [Synth 8-6157] synthesizing module 'same_pad_raster' [V:/experiments/timing_200_20261003/pad_flags/same_pad_raster.sv:7]
	Parameter DATA_W bound to: 8 - type: integer 
	Parameter IMG_W bound to: 960 - type: integer 
	Parameter IMG_H bound to: 540 - type: integer 
	Parameter PAD bound to: 2 - type: integer 
INFO: [Synth 8-6155] done synthesizing module 'same_pad_raster' (0#1) [V:/experiments/timing_200_20261003/pad_flags/same_pad_raster.sv:7]
INFO: [Synth 8-6157] synthesizing module 'window_kminus1_bram' [V:/rtl/b_real_ae29515/stream/window_kminus1_bram.sv:6]
	Parameter DATA_W bound to: 8 - type: integer 
	Parameter IMG_W bound to: 964 - type: integer 
	Parameter K bound to: 5 - type: integer 
INFO: [Synth 8-6155] done synthesizing module 'window_kminus1_bram' (0#1) [V:/rtl/b_real_ae29515/stream/window_kminus1_bram.sv:6]
INFO: [Synth 8-6157] synthesizing module 'elastic_fifo' [V:/experiments/timing_200_20261003/pad_flags/elastic_fifo.sv:5]
	Parameter DATA_W bound to: 200 - type: integer 
	Parameter DEPTH bound to: 4 - type: integer 
INFO: [Synth 8-6155] done synthesizing module 'elastic_fifo' (0#1) [V:/experiments/timing_200_20261003/pad_flags/elastic_fifo.sv:5]
INFO: [Synth 8-6155] done synthesizing module 'window_stream_frontend' (0#1) [V:/rtl/b_real_ae29515/stream/window_stream_frontend.sv:7]
INFO: [Synth 8-6157] synthesizing module 'mac_issue_stage' [V:/experiments/timing_200_20260926/mac_buffer/mac_issue_stage.sv:7]
	Parameter K bound to: 5 - type: integer 
	Parameter CIN bound to: 1 - type: integer 
	Parameter COUT bound to: 16 - type: integer 
	Parameter IN_PAR bound to: 1 - type: integer 
	Parameter OUT_PAR bound to: 2 - type: integer 
	Parameter ACT_W bound to: 8 - type: integer 
	Parameter ACT_UNSIGNED bound to: 1 - type: integer 
	Parameter PIPE_SELECTED_OPERANDS bound to: 1 - type: integer 
INFO: [Synth 8-6157] synthesizing module 'eight_phase_issue' [V:/rtl/b_real_ae29515/stream/eight_phase_issue.sv:7]
	Parameter DATA_W bound to: 200 - type: integer 
INFO: [Synth 8-6155] done synthesizing module 'eight_phase_issue' (0#1) [V:/rtl/b_real_ae29515/stream/eight_phase_issue.sv:7]
INFO: [Synth 8-6157] synthesizing module 'phase_mac_pipeline' [V:/experiments/l5_splitmem_20260924/rtl/b/phase_mac_pipeline.sv:7]
	Parameter K bound to: 5 - type: integer 
	Parameter CIN bound to: 1 - type: integer 
	Parameter COUT bound to: 16 - type: integer 
	Parameter IN_PAR bound to: 1 - type: integer 
	Parameter OUT_PAR bound to: 2 - type: integer 
	Parameter ACT_W bound to: 8 - type: integer 
	Parameter ACT_UNSIGNED bound to: 1 - type: integer 
	Parameter PIPE_SELECTED_OPERANDS bound to: 1 - type: integer 
INFO: [Synth 8-226] default block is never used [V:/experiments/l5_splitmem_20260924/rtl/b/phase_mac_pipeline.sv:68]
INFO: [Synth 8-226] default block is never used [V:/experiments/l5_splitmem_20260924/rtl/b/phase_mac_pipeline.sv:68]
INFO: [Synth 8-226] default block is never used [V:/experiments/l5_splitmem_20260924/rtl/b/phase_mac_pipeline.sv:68]
INFO: [Synth 8-226] default block is never used [V:/experiments/l5_splitmem_20260924/rtl/b/phase_mac_pipeline.sv:68]
INFO: [Synth 8-226] default block is never used [V:/experiments/l5_splitmem_20260924/rtl/b/phase_mac_pipeline.sv:68]
INFO: [Synth 8-226] default block is never used [V:/experiments/l5_splitmem_20260924/rtl/b/phase_mac_pipeline.sv:68]
INFO: [Synth 8-226] default block is never used [V:/experiments/l5_splitmem_20260924/rtl/b/phase_mac_pipeline.sv:68]
INFO: [Synth 8-226] default block is never used [V:/experiments/l5_splitmem_20260924/rtl/b/phase_mac_pipeline.sv:68]
INFO: [Synth 8-226] default block is never used [V:/experiments/l5_splitmem_20260924/rtl/b/phase_mac_pipeline.sv:68]
INFO: [Synth 8-226] default block is never used [V:/experiments/l5_splitmem_20260924/rtl/b/phase_mac_pipeline.sv:68]
INFO: [Synth 8-226] default block is never used [V:/experiments/l5_splitmem_20260924/rtl/b/phase_mac_pipeline.sv:68]
INFO: [Synth 8-226] default block is never used [V:/experiments/l5_splitmem_20260924/rtl/b/phase_mac_pipeline.sv:68]
INFO: [Synth 8-226] default block is never used [V:/experiments/l5_splitmem_20260924/rtl/b/phase_mac_pipeline.sv:68]
INFO: [Synth 8-226] default block is never used [V:/experiments/l5_splitmem_20260924/rtl/b/phase_mac_pipeline.sv:68]
INFO: [Synth 8-226] default block is never used [V:/experiments/l5_splitmem_20260924/rtl/b/phase_mac_pipeline.sv:68]
INFO: [Synth 8-226] default block is never used [V:/experiments/l5_splitmem_20260924/rtl/b/phase_mac_pipeline.sv:68]
INFO: [Synth 8-226] default block is never used [V:/experiments/l5_splitmem_20260924/rtl/b/phase_mac_pipeline.sv:68]
INFO: [Synth 8-226] default block is never used [V:/experiments/l5_splitmem_20260924/rtl/b/phase_mac_pipeline.sv:68]
INFO: [Synth 8-226] default block is never used [V:/experiments/l5_splitmem_20260924/rtl/b/phase_mac_pipeline.sv:68]
INFO: [Synth 8-226] default block is never used [V:/experiments/l5_splitmem_20260924/rtl/b/phase_mac_pipeline.sv:68]
INFO: [Synth 8-226] default block is never used [V:/experiments/l5_splitmem_20260924/rtl/b/phase_mac_pipeline.sv:68]
INFO: [Synth 8-226] default block is never used [V:/experiments/l5_splitmem_20260924/rtl/b/phase_mac_pipeline.sv:68]
INFO: [Synth 8-226] default block is never used [V:/experiments/l5_splitmem_20260924/rtl/b/phase_mac_pipeline.sv:68]
INFO: [Synth 8-226] default block is never used [V:/experiments/l5_splitmem_20260924/rtl/b/phase_mac_pipeline.sv:68]
INFO: [Synth 8-226] default block is never used [V:/experiments/l5_splitmem_20260924/rtl/b/phase_mac_pipeline.sv:68]
INFO: [Synth 8-226] default block is never used [V:/experiments/l5_splitmem_20260924/rtl/b/phase_mac_pipeline.sv:68]
INFO: [Synth 8-226] default block is never used [V:/experiments/l5_splitmem_20260924/rtl/b/phase_mac_pipeline.sv:68]
INFO: [Synth 8-226] default block is never used [V:/experiments/l5_splitmem_20260924/rtl/b/phase_mac_pipeline.sv:68]
INFO: [Synth 8-226] default block is never used [V:/experiments/l5_splitmem_20260924/rtl/b/phase_mac_pipeline.sv:68]
INFO: [Synth 8-226] default block is never used [V:/experiments/l5_splitmem_20260924/rtl/b/phase_mac_pipeline.sv:68]
INFO: [Synth 8-226] default block is never used [V:/experiments/l5_splitmem_20260924/rtl/b/phase_mac_pipeline.sv:68]
INFO: [Synth 8-226] default block is never used [V:/experiments/l5_splitmem_20260924/rtl/b/phase_mac_pipeline.sv:68]
INFO: [Synth 8-226] default block is never used [V:/experiments/l5_splitmem_20260924/rtl/b/phase_mac_pipeline.sv:68]
INFO: [Synth 8-226] default block is never used [V:/experiments/l5_splitmem_20260924/rtl/b/phase_mac_pipeline.sv:68]
INFO: [Synth 8-226] default block is never used [V:/experiments/l5_splitmem_20260924/rtl/b/phase_mac_pipeline.sv:68]
INFO: [Synth 8-226] default block is never used [V:/experiments/l5_splitmem_20260924/rtl/b/phase_mac_pipeline.sv:68]
INFO: [Synth 8-226] default block is never used [V:/experiments/l5_splitmem_20260924/rtl/b/phase_mac_pipeline.sv:68]
INFO: [Synth 8-226] default block is never used [V:/experiments/l5_splitmem_20260924/rtl/b/phase_mac_pipeline.sv:68]
INFO: [Synth 8-226] default block is never used [V:/experiments/l5_splitmem_20260924/rtl/b/phase_mac_pipeline.sv:68]
INFO: [Synth 8-226] default block is never used [V:/experiments/l5_splitmem_20260924/rtl/b/phase_mac_pipeline.sv:68]
INFO: [Synth 8-226] default block is never used [V:/experiments/l5_splitmem_20260924/rtl/b/phase_mac_pipeline.sv:68]
INFO: [Synth 8-226] default block is never used [V:/experiments/l5_splitmem_20260924/rtl/b/phase_mac_pipeline.sv:68]
INFO: [Synth 8-226] default block is never used [V:/experiments/l5_splitmem_20260924/rtl/b/phase_mac_pipeline.sv:68]
INFO: [Synth 8-226] default block is never used [V:/experiments/l5_splitmem_20260924/rtl/b/phase_mac_pipeline.sv:68]
INFO: [Synth 8-226] default block is never used [V:/experiments/l5_splitmem_20260924/rtl/b/phase_mac_pipeline.sv:68]
INFO: [Synth 8-226] default block is never used [V:/experiments/l5_splitmem_20260924/rtl/b/phase_mac_pipeline.sv:68]
INFO: [Synth 8-226] default block is never used [V:/experiments/l5_splitmem_20260924/rtl/b/phase_mac_pipeline.sv:68]
INFO: [Synth 8-226] default block is never used [V:/experiments/l5_splitmem_20260924/rtl/b/phase_mac_pipeline.sv:68]
INFO: [Synth 8-226] default block is never used [V:/experiments/l5_splitmem_20260924/rtl/b/phase_mac_pipeline.sv:68]
INFO: [Synth 8-226] default block is never used [V:/experiments/l5_splitmem_20260924/rtl/b/phase_mac_pipeline.sv:68]
INFO: [Synth 8-6155] done synthesizing module 'phase_mac_pipeline' (0#1) [V:/experiments/l5_splitmem_20260924/rtl/b/phase_mac_pipeline.sv:7]
INFO: [Synth 8-6157] synthesizing module 'phase_accumulator' [V:/experiments/timing_200_20260926/bias_early/phase_accumulator_36.sv:10]
	Parameter CIN bound to: 1 - type: integer 
	Parameter COUT bound to: 16 - type: integer 
	Parameter IN_PAR bound to: 1 - type: integer 
	Parameter OUT_PAR bound to: 2 - type: integer 
INFO: [Synth 8-6155] done synthesizing module 'phase_accumulator' (0#1) [V:/experiments/timing_200_20260926/bias_early/phase_accumulator_36.sv:10]
INFO: [Synth 8-6155] done synthesizing module 'mac_issue_stage' (0#1) [V:/experiments/timing_200_20260926/mac_buffer/mac_issue_stage.sv:7]
INFO: [Synth 8-6157] synthesizing module 'vector_postprocess_shared' [V:/experiments/timing_200_20260926/requant_pipe/vector_postprocess_shared.sv:7]
	Parameter CHANNELS bound to: 16 - type: integer 
	Parameter LANES bound to: 2 - type: integer 
	Parameter OUT_W bound to: 16 - type: integer 
	Parameter OUT_SIGNED bound to: 1 - type: integer 
	Parameter APPLY_PRELU bound to: 1 - type: integer 
INFO: [Synth 8-6157] synthesizing module 'prelu_requantize' [V:/experiments/timing_200_20260926/requant_pipe/prelu_requantize.sv:8]
	Parameter OUT_W bound to: 16 - type: integer 
	Parameter OUT_SIGNED bound to: 1 - type: integer 
	Parameter APPLY_PRELU bound to: 1 - type: integer 
INFO: [Synth 8-6155] done synthesizing module 'prelu_requantize' (0#1) [V:/experiments/timing_200_20260926/requant_pipe/prelu_requantize.sv:8]
INFO: [Synth 8-6155] done synthesizing module 'vector_postprocess_shared' (0#1) [V:/experiments/timing_200_20260926/requant_pipe/vector_postprocess_shared.sv:7]
INFO: [Synth 8-6155] done synthesizing module 'fsrcnn_stream_layer' (0#1) [V:/experiments/l5_splitmem_20260924/rtl/b/fsrcnn_stream_layer.sv:6]
INFO: [Synth 8-6157] synthesizing module 'elastic_fifo__parameterized0' [V:/experiments/timing_200_20261003/pad_flags/elastic_fifo.sv:5]
	Parameter DATA_W bound to: 256 - type: integer 
	Parameter DEPTH bound to: 32 - type: integer 
INFO: [Synth 8-6155] done synthesizing module 'elastic_fifo__parameterized0' (0#1) [V:/experiments/timing_200_20261003/pad_flags/elastic_fifo.sv:5]
INFO: [Synth 8-6157] synthesizing module 'fsrcnn_stream_layer__parameterized0' [V:/experiments/l5_splitmem_20260924/rtl/b/fsrcnn_stream_layer.sv:6]
	Parameter IMG_W bound to: 960 - type: integer 
	Parameter IMG_H bound to: 540 - type: integer 
	Parameter K bound to: 1 - type: integer 
	Parameter CIN bound to: 16 - type: integer 
	Parameter COUT bound to: 8 - type: integer 
	Parameter IN_PAR bound to: 2 - type: integer 
	Parameter OUT_PAR bound to: 8 - type: integer 
	Parameter ACT_W bound to: 16 - type: integer 
	Parameter ACT_UNSIGNED bound to: 0 - type: integer 
	Parameter OUT_W bound to: 16 - type: integer 
	Parameter PIPE_SELECTED_OPERANDS bound to: 1 - type: integer 
INFO: [Synth 8-6157] synthesizing module 'mac_issue_stage__parameterized0' [V:/experiments/timing_200_20260926/mac_buffer/mac_issue_stage.sv:7]
	Parameter K bound to: 1 - type: integer 
	Parameter CIN bound to: 16 - type: integer 
	Parameter COUT bound to: 8 - type: integer 
	Parameter IN_PAR bound to: 2 - type: integer 
	Parameter OUT_PAR bound to: 8 - type: integer 
	Parameter ACT_W bound to: 16 - type: integer 
	Parameter ACT_UNSIGNED bound to: 0 - type: integer 
	Parameter PIPE_SELECTED_OPERANDS bound to: 1 - type: integer 
INFO: [Synth 8-6157] synthesizing module 'eight_phase_issue__parameterized0' [V:/rtl/b_real_ae29515/stream/eight_phase_issue.sv:7]
	Parameter DATA_W bound to: 256 - type: integer 
INFO: [Synth 8-6155] done synthesizing module 'eight_phase_issue__parameterized0' (0#1) [V:/rtl/b_real_ae29515/stream/eight_phase_issue.sv:7]
INFO: [Synth 8-6157] synthesizing module 'phase_mac_pipeline__parameterized0' [V:/experiments/l5_splitmem_20260924/rtl/b/phase_mac_pipeline.sv:7]
	Parameter K bound to: 1 - type: integer 
	Parameter CIN bound to: 16 - type: integer 
	Parameter COUT bound to: 8 - type: integer 
	Parameter IN_PAR bound to: 2 - type: integer 
	Parameter OUT_PAR bound to: 8 - type: integer 
	Parameter ACT_W bound to: 16 - type: integer 
	Parameter ACT_UNSIGNED bound to: 0 - type: integer 
	Parameter PIPE_SELECTED_OPERANDS bound to: 1 - type: integer 
INFO: [Synth 8-226] default block is never used [V:/experiments/l5_splitmem_20260924/rtl/b/phase_mac_pipeline.sv:68]
INFO: [Synth 8-226] default block is never used [V:/experiments/l5_splitmem_20260924/rtl/b/phase_mac_pipeline.sv:68]
INFO: [Synth 8-226] default block is never used [V:/experiments/l5_splitmem_20260924/rtl/b/phase_mac_pipeline.sv:68]
INFO: [Synth 8-226] default block is never used [V:/experiments/l5_splitmem_20260924/rtl/b/phase_mac_pipeline.sv:68]
INFO: [Synth 8-226] default block is never used [V:/experiments/l5_splitmem_20260924/rtl/b/phase_mac_pipeline.sv:68]
INFO: [Synth 8-226] default block is never used [V:/experiments/l5_splitmem_20260924/rtl/b/phase_mac_pipeline.sv:68]
INFO: [Synth 8-226] default block is never used [V:/experiments/l5_splitmem_20260924/rtl/b/phase_mac_pipeline.sv:68]
INFO: [Synth 8-226] default block is never used [V:/experiments/l5_splitmem_20260924/rtl/b/phase_mac_pipeline.sv:68]
INFO: [Synth 8-226] default block is never used [V:/experiments/l5_splitmem_20260924/rtl/b/phase_mac_pipeline.sv:68]
INFO: [Synth 8-226] default block is never used [V:/experiments/l5_splitmem_20260924/rtl/b/phase_mac_pipeline.sv:68]
INFO: [Synth 8-226] default block is never used [V:/experiments/l5_splitmem_20260924/rtl/b/phase_mac_pipeline.sv:68]
INFO: [Synth 8-226] default block is never used [V:/experiments/l5_splitmem_20260924/rtl/b/phase_mac_pipeline.sv:68]
INFO: [Synth 8-226] default block is never used [V:/experiments/l5_splitmem_20260924/rtl/b/phase_mac_pipeline.sv:68]
INFO: [Synth 8-226] default block is never used [V:/experiments/l5_splitmem_20260924/rtl/b/phase_mac_pipeline.sv:68]
INFO: [Synth 8-226] default block is never used [V:/experiments/l5_splitmem_20260924/rtl/b/phase_mac_pipeline.sv:68]
INFO: [Synth 8-226] default block is never used [V:/experiments/l5_splitmem_20260924/rtl/b/phase_mac_pipeline.sv:68]
INFO: [Synth 8-6155] done synthesizing module 'phase_mac_pipeline__parameterized0' (0#1) [V:/experiments/l5_splitmem_20260924/rtl/b/phase_mac_pipeline.sv:7]
INFO: [Synth 8-6157] synthesizing module 'phase_accumulator__parameterized0' [V:/experiments/timing_200_20260926/bias_early/phase_accumulator_36.sv:10]
	Parameter CIN bound to: 16 - type: integer 
	Parameter COUT bound to: 8 - type: integer 
	Parameter IN_PAR bound to: 2 - type: integer 
	Parameter OUT_PAR bound to: 8 - type: integer 
INFO: [Synth 8-6155] done synthesizing module 'phase_accumulator__parameterized0' (0#1) [V:/experiments/timing_200_20260926/bias_early/phase_accumulator_36.sv:10]
INFO: [Synth 8-6155] done synthesizing module 'mac_issue_stage__parameterized0' (0#1) [V:/experiments/timing_200_20260926/mac_buffer/mac_issue_stage.sv:7]
INFO: [Synth 8-6157] synthesizing module 'vector_postprocess_shared__parameterized0' [V:/experiments/timing_200_20260926/requant_pipe/vector_postprocess_shared.sv:7]
	Parameter CHANNELS bound to: 8 - type: integer 
	Parameter LANES bound to: 1 - type: integer 
	Parameter OUT_W bound to: 16 - type: integer 
	Parameter OUT_SIGNED bound to: 1 - type: integer 
	Parameter APPLY_PRELU bound to: 1 - type: integer 
INFO: [Synth 8-6155] done synthesizing module 'vector_postprocess_shared__parameterized0' (0#1) [V:/experiments/timing_200_20260926/requant_pipe/vector_postprocess_shared.sv:7]
INFO: [Synth 8-6155] done synthesizing module 'fsrcnn_stream_layer__parameterized0' (0#1) [V:/experiments/l5_splitmem_20260924/rtl/b/fsrcnn_stream_layer.sv:6]
INFO: [Synth 8-6157] synthesizing module 'elastic_fifo__parameterized1' [V:/experiments/timing_200_20261003/pad_flags/elastic_fifo.sv:5]
	Parameter DATA_W bound to: 128 - type: integer 
	Parameter DEPTH bound to: 32 - type: integer 
INFO: [Synth 8-6155] done synthesizing module 'elastic_fifo__parameterized1' (0#1) [V:/experiments/timing_200_20261003/pad_flags/elastic_fifo.sv:5]
INFO: [Synth 8-6157] synthesizing module 'fsrcnn_stream_layer__parameterized1' [V:/experiments/l5_splitmem_20260924/rtl/b/fsrcnn_stream_layer.sv:6]
	Parameter IMG_W bound to: 960 - type: integer 
	Parameter IMG_H bound to: 540 - type: integer 
	Parameter K bound to: 3 - type: integer 
	Parameter CIN bound to: 8 - type: integer 
	Parameter COUT bound to: 8 - type: integer 
	Parameter IN_PAR bound to: 1 - type: integer 
	Parameter OUT_PAR bound to: 8 - type: integer 
	Parameter ACT_W bound to: 16 - type: integer 
	Parameter ACT_UNSIGNED bound to: 0 - type: integer 
	Parameter OUT_W bound to: 16 - type: integer 
	Parameter PIPE_SELECTED_OPERANDS bound to: 1 - type: integer 
INFO: [Synth 8-6157] synthesizing module 'window_stream_frontend__parameterized0' [V:/rtl/b_real_ae29515/stream/window_stream_frontend.sv:7]
	Parameter DATA_W bound to: 128 - type: integer 
	Parameter IMG_W bound to: 960 - type: integer 
	Parameter IMG_H bound to: 540 - type: integer 
	Parameter K bound to: 3 - type: integer 
	Parameter FIFO_DEPTH bound to: 4 - type: integer 
INFO: [Synth 8-6157] synthesizing module 'same_pad_raster__parameterized0' [V:/experiments/timing_200_20261003/pad_flags/same_pad_raster.sv:7]
	Parameter DATA_W bound to: 128 - type: integer 
	Parameter IMG_W bound to: 960 - type: integer 
	Parameter IMG_H bound to: 540 - type: integer 
	Parameter PAD bound to: 1 - type: integer 
INFO: [Synth 8-6155] done synthesizing module 'same_pad_raster__parameterized0' (0#1) [V:/experiments/timing_200_20261003/pad_flags/same_pad_raster.sv:7]
INFO: [Synth 8-6157] synthesizing module 'window_kminus1_bram__parameterized0' [V:/rtl/b_real_ae29515/stream/window_kminus1_bram.sv:6]
	Parameter DATA_W bound to: 128 - type: integer 
	Parameter IMG_W bound to: 962 - type: integer 
	Parameter K bound to: 3 - type: integer 
INFO: [Synth 8-6155] done synthesizing module 'window_kminus1_bram__parameterized0' (0#1) [V:/rtl/b_real_ae29515/stream/window_kminus1_bram.sv:6]
INFO: [Synth 8-6157] synthesizing module 'elastic_fifo__parameterized2' [V:/experiments/timing_200_20261003/pad_flags/elastic_fifo.sv:5]
	Parameter DATA_W bound to: 1152 - type: integer 
	Parameter DEPTH bound to: 4 - type: integer 
INFO: [Synth 8-6155] done synthesizing module 'elastic_fifo__parameterized2' (0#1) [V:/experiments/timing_200_20261003/pad_flags/elastic_fifo.sv:5]
INFO: [Synth 8-6155] done synthesizing module 'window_stream_frontend__parameterized0' (0#1) [V:/rtl/b_real_ae29515/stream/window_stream_frontend.sv:7]
INFO: [Synth 8-6157] synthesizing module 'mac_issue_stage__parameterized1' [V:/experiments/timing_200_20260926/mac_buffer/mac_issue_stage.sv:7]
	Parameter K bound to: 3 - type: integer 
	Parameter CIN bound to: 8 - type: integer 
	Parameter COUT bound to: 8 - type: integer 
	Parameter IN_PAR bound to: 1 - type: integer 
	Parameter OUT_PAR bound to: 8 - type: integer 
	Parameter ACT_W bound to: 16 - type: integer 
	Parameter ACT_UNSIGNED bound to: 0 - type: integer 
	Parameter PIPE_SELECTED_OPERANDS bound to: 1 - type: integer 
INFO: [Synth 8-6157] synthesizing module 'eight_phase_issue__parameterized1' [V:/rtl/b_real_ae29515/stream/eight_phase_issue.sv:7]
	Parameter DATA_W bound to: 1152 - type: integer 
INFO: [Synth 8-6155] done synthesizing module 'eight_phase_issue__parameterized1' (0#1) [V:/rtl/b_real_ae29515/stream/eight_phase_issue.sv:7]
INFO: [Synth 8-6157] synthesizing module 'phase_mac_pipeline__parameterized1' [V:/experiments/l5_splitmem_20260924/rtl/b/phase_mac_pipeline.sv:7]
	Parameter K bound to: 3 - type: integer 
	Parameter CIN bound to: 8 - type: integer 
	Parameter COUT bound to: 8 - type: integer 
	Parameter IN_PAR bound to: 1 - type: integer 
	Parameter OUT_PAR bound to: 8 - type: integer 
	Parameter ACT_W bound to: 16 - type: integer 
	Parameter ACT_UNSIGNED bound to: 0 - type: integer 
	Parameter PIPE_SELECTED_OPERANDS bound to: 1 - type: integer 
INFO: [Synth 8-226] default block is never used [V:/experiments/l5_splitmem_20260924/rtl/b/phase_mac_pipeline.sv:68]
INFO: [Synth 8-226] default block is never used [V:/experiments/l5_splitmem_20260924/rtl/b/phase_mac_pipeline.sv:68]
INFO: [Synth 8-226] default block is never used [V:/experiments/l5_splitmem_20260924/rtl/b/phase_mac_pipeline.sv:68]
INFO: [Synth 8-226] default block is never used [V:/experiments/l5_splitmem_20260924/rtl/b/phase_mac_pipeline.sv:68]
INFO: [Synth 8-226] default block is never used [V:/experiments/l5_splitmem_20260924/rtl/b/phase_mac_pipeline.sv:68]
INFO: [Synth 8-226] default block is never used [V:/experiments/l5_splitmem_20260924/rtl/b/phase_mac_pipeline.sv:68]
INFO: [Synth 8-226] default block is never used [V:/experiments/l5_splitmem_20260924/rtl/b/phase_mac_pipeline.sv:68]
INFO: [Synth 8-226] default block is never used [V:/experiments/l5_splitmem_20260924/rtl/b/phase_mac_pipeline.sv:68]
INFO: [Synth 8-226] default block is never used [V:/experiments/l5_splitmem_20260924/rtl/b/phase_mac_pipeline.sv:68]
INFO: [Synth 8-226] default block is never used [V:/experiments/l5_splitmem_20260924/rtl/b/phase_mac_pipeline.sv:68]
INFO: [Synth 8-226] default block is never used [V:/experiments/l5_splitmem_20260924/rtl/b/phase_mac_pipeline.sv:68]
INFO: [Synth 8-226] default block is never used [V:/experiments/l5_splitmem_20260924/rtl/b/phase_mac_pipeline.sv:68]
INFO: [Synth 8-226] default block is never used [V:/experiments/l5_splitmem_20260924/rtl/b/phase_mac_pipeline.sv:68]
INFO: [Synth 8-226] default block is never used [V:/experiments/l5_splitmem_20260924/rtl/b/phase_mac_pipeline.sv:68]
INFO: [Synth 8-226] default block is never used [V:/experiments/l5_splitmem_20260924/rtl/b/phase_mac_pipeline.sv:68]
INFO: [Synth 8-226] default block is never used [V:/experiments/l5_splitmem_20260924/rtl/b/phase_mac_pipeline.sv:68]
INFO: [Synth 8-226] default block is never used [V:/experiments/l5_splitmem_20260924/rtl/b/phase_mac_pipeline.sv:68]
INFO: [Synth 8-226] default block is never used [V:/experiments/l5_splitmem_20260924/rtl/b/phase_mac_pipeline.sv:68]
INFO: [Synth 8-226] default block is never used [V:/experiments/l5_splitmem_20260924/rtl/b/phase_mac_pipeline.sv:68]
INFO: [Synth 8-226] default block is never used [V:/experiments/l5_splitmem_20260924/rtl/b/phase_mac_pipeline.sv:68]
INFO: [Synth 8-226] default block is never used [V:/experiments/l5_splitmem_20260924/rtl/b/phase_mac_pipeline.sv:68]
INFO: [Synth 8-226] default block is never used [V:/experiments/l5_splitmem_20260924/rtl/b/phase_mac_pipeline.sv:68]
INFO: [Synth 8-226] default block is never used [V:/experiments/l5_splitmem_20260924/rtl/b/phase_mac_pipeline.sv:68]
INFO: [Synth 8-226] default block is never used [V:/experiments/l5_splitmem_20260924/rtl/b/phase_mac_pipeline.sv:68]
INFO: [Synth 8-226] default block is never used [V:/experiments/l5_splitmem_20260924/rtl/b/phase_mac_pipeline.sv:68]
INFO: [Synth 8-226] default block is never used [V:/experiments/l5_splitmem_20260924/rtl/b/phase_mac_pipeline.sv:68]
INFO: [Synth 8-226] default block is never used [V:/experiments/l5_splitmem_20260924/rtl/b/phase_mac_pipeline.sv:68]
INFO: [Synth 8-226] default block is never used [V:/experiments/l5_splitmem_20260924/rtl/b/phase_mac_pipeline.sv:68]
INFO: [Synth 8-226] default block is never used [V:/experiments/l5_splitmem_20260924/rtl/b/phase_mac_pipeline.sv:68]
INFO: [Synth 8-226] default block is never used [V:/experiments/l5_splitmem_20260924/rtl/b/phase_mac_pipeline.sv:68]
INFO: [Synth 8-226] default block is never used [V:/experiments/l5_splitmem_20260924/rtl/b/phase_mac_pipeline.sv:68]
INFO: [Synth 8-226] default block is never used [V:/experiments/l5_splitmem_20260924/rtl/b/phase_mac_pipeline.sv:68]
INFO: [Synth 8-226] default block is never used [V:/experiments/l5_splitmem_20260924/rtl/b/phase_mac_pipeline.sv:68]
INFO: [Synth 8-226] default block is never used [V:/experiments/l5_splitmem_20260924/rtl/b/phase_mac_pipeline.sv:68]
INFO: [Common 17-14] Message 'Synth 8-226' appears 100 times and further instances of the messages will be disabled. Use the Tcl command set_msg_config to change the current settings.
INFO: [Synth 8-6155] done synthesizing module 'phase_mac_pipeline__parameterized1' (0#1) [V:/experiments/l5_splitmem_20260924/rtl/b/phase_mac_pipeline.sv:7]
INFO: [Synth 8-6157] synthesizing module 'phase_accumulator__parameterized1' [V:/experiments/timing_200_20260926/bias_early/phase_accumulator_36.sv:10]
	Parameter CIN bound to: 8 - type: integer 
	Parameter COUT bound to: 8 - type: integer 
	Parameter IN_PAR bound to: 1 - type: integer 
	Parameter OUT_PAR bound to: 8 - type: integer 
INFO: [Synth 8-6155] done synthesizing module 'phase_accumulator__parameterized1' (0#1) [V:/experiments/timing_200_20260926/bias_early/phase_accumulator_36.sv:10]
INFO: [Synth 8-6155] done synthesizing module 'mac_issue_stage__parameterized1' (0#1) [V:/experiments/timing_200_20260926/mac_buffer/mac_issue_stage.sv:7]
INFO: [Synth 8-6155] done synthesizing module 'fsrcnn_stream_layer__parameterized1' (0#1) [V:/experiments/l5_splitmem_20260924/rtl/b/fsrcnn_stream_layer.sv:6]
INFO: [Synth 8-6157] synthesizing module 'fsrcnn_stream_layer__parameterized2' [V:/experiments/l5_splitmem_20260924/rtl/b/fsrcnn_stream_layer.sv:6]
	Parameter IMG_W bound to: 960 - type: integer 
	Parameter IMG_H bound to: 540 - type: integer 
	Parameter K bound to: 1 - type: integer 
	Parameter CIN bound to: 8 - type: integer 
	Parameter COUT bound to: 16 - type: integer 
	Parameter IN_PAR bound to: 1 - type: integer 
	Parameter OUT_PAR bound to: 16 - type: integer 
	Parameter ACT_W bound to: 16 - type: integer 
	Parameter ACT_UNSIGNED bound to: 0 - type: integer 
	Parameter OUT_W bound to: 16 - type: integer 
	Parameter PIPE_SELECTED_OPERANDS bound to: 1 - type: integer 
INFO: [Synth 8-6157] synthesizing module 'mac_issue_stage__parameterized2' [V:/experiments/timing_200_20260926/mac_buffer/mac_issue_stage.sv:7]
	Parameter K bound to: 1 - type: integer 
	Parameter CIN bound to: 8 - type: integer 
	Parameter COUT bound to: 16 - type: integer 
	Parameter IN_PAR bound to: 1 - type: integer 
	Parameter OUT_PAR bound to: 16 - type: integer 
	Parameter ACT_W bound to: 16 - type: integer 
	Parameter ACT_UNSIGNED bound to: 0 - type: integer 
	Parameter PIPE_SELECTED_OPERANDS bound to: 1 - type: integer 
INFO: [Synth 8-6157] synthesizing module 'eight_phase_issue__parameterized2' [V:/rtl/b_real_ae29515/stream/eight_phase_issue.sv:7]
	Parameter DATA_W bound to: 128 - type: integer 
INFO: [Synth 8-6155] done synthesizing module 'eight_phase_issue__parameterized2' (0#1) [V:/rtl/b_real_ae29515/stream/eight_phase_issue.sv:7]
INFO: [Synth 8-6157] synthesizing module 'phase_mac_pipeline__parameterized2' [V:/experiments/l5_splitmem_20260924/rtl/b/phase_mac_pipeline.sv:7]
	Parameter K bound to: 1 - type: integer 
	Parameter CIN bound to: 8 - type: integer 
	Parameter COUT bound to: 16 - type: integer 
	Parameter IN_PAR bound to: 1 - type: integer 
	Parameter OUT_PAR bound to: 16 - type: integer 
	Parameter ACT_W bound to: 16 - type: integer 
	Parameter ACT_UNSIGNED bound to: 0 - type: integer 
	Parameter PIPE_SELECTED_OPERANDS bound to: 1 - type: integer 
INFO: [Synth 8-6155] done synthesizing module 'phase_mac_pipeline__parameterized2' (0#1) [V:/experiments/l5_splitmem_20260924/rtl/b/phase_mac_pipeline.sv:7]
INFO: [Synth 8-6157] synthesizing module 'phase_accumulator__parameterized2' [V:/experiments/timing_200_20260926/bias_early/phase_accumulator_36.sv:10]
	Parameter CIN bound to: 8 - type: integer 
	Parameter COUT bound to: 16 - type: integer 
	Parameter IN_PAR bound to: 1 - type: integer 
	Parameter OUT_PAR bound to: 16 - type: integer 
INFO: [Synth 8-6155] done synthesizing module 'phase_accumulator__parameterized2' (0#1) [V:/experiments/timing_200_20260926/bias_early/phase_accumulator_36.sv:10]
INFO: [Synth 8-6155] done synthesizing module 'mac_issue_stage__parameterized2' (0#1) [V:/experiments/timing_200_20260926/mac_buffer/mac_issue_stage.sv:7]
INFO: [Synth 8-6155] done synthesizing module 'fsrcnn_stream_layer__parameterized2' (0#1) [V:/experiments/l5_splitmem_20260924/rtl/b/fsrcnn_stream_layer.sv:6]
INFO: [Synth 8-6157] synthesizing module 'fsrcnn_stream_layer__parameterized3' [V:/experiments/l5_splitmem_20260924/rtl/b/fsrcnn_stream_layer.sv:6]
	Parameter IMG_W bound to: 960 - type: integer 
	Parameter IMG_H bound to: 540 - type: integer 
	Parameter K bound to: 5 - type: integer 
	Parameter CIN bound to: 16 - type: integer 
	Parameter COUT bound to: 4 - type: integer 
	Parameter IN_PAR bound to: 2 - type: integer 
	Parameter OUT_PAR bound to: 4 - type: integer 
	Parameter ACT_W bound to: 16 - type: integer 
	Parameter ACT_UNSIGNED bound to: 0 - type: integer 
	Parameter OUT_W bound to: 8 - type: integer 
	Parameter APPLY_PRELU bound to: 0 - type: integer 
	Parameter PIPE_SELECTED_OPERANDS bound to: 1 - type: integer 
INFO: [Synth 8-6157] synthesizing module 'window_stream_frontend__parameterized1' [V:/rtl/b_real_ae29515/stream/window_stream_frontend.sv:7]
	Parameter DATA_W bound to: 256 - type: integer 
	Parameter IMG_W bound to: 960 - type: integer 
	Parameter IMG_H bound to: 540 - type: integer 
	Parameter K bound to: 5 - type: integer 
	Parameter FIFO_DEPTH bound to: 4 - type: integer 
INFO: [Synth 8-6157] synthesizing module 'same_pad_raster__parameterized1' [V:/experiments/timing_200_20261003/pad_flags/same_pad_raster.sv:7]
	Parameter DATA_W bound to: 256 - type: integer 
	Parameter IMG_W bound to: 960 - type: integer 
	Parameter IMG_H bound to: 540 - type: integer 
	Parameter PAD bound to: 2 - type: integer 
INFO: [Synth 8-6155] done synthesizing module 'same_pad_raster__parameterized1' (0#1) [V:/experiments/timing_200_20261003/pad_flags/same_pad_raster.sv:7]
INFO: [Synth 8-6157] synthesizing module 'window_kminus1_bram__parameterized1' [V:/rtl/b_real_ae29515/stream/window_kminus1_bram.sv:6]
	Parameter DATA_W bound to: 256 - type: integer 
	Parameter IMG_W bound to: 964 - type: integer 
	Parameter K bound to: 5 - type: integer 
INFO: [Synth 8-6155] done synthesizing module 'window_kminus1_bram__parameterized1' (0#1) [V:/rtl/b_real_ae29515/stream/window_kminus1_bram.sv:6]
INFO: [Synth 8-6157] synthesizing module 'elastic_fifo__parameterized3' [V:/experiments/timing_200_20261003/pad_flags/elastic_fifo.sv:5]
	Parameter DATA_W bound to: 6400 - type: integer 
	Parameter DEPTH bound to: 4 - type: integer 
INFO: [Synth 8-6155] done synthesizing module 'elastic_fifo__parameterized3' (0#1) [V:/experiments/timing_200_20261003/pad_flags/elastic_fifo.sv:5]
INFO: [Synth 8-6155] done synthesizing module 'window_stream_frontend__parameterized1' (0#1) [V:/rtl/b_real_ae29515/stream/window_stream_frontend.sv:7]
INFO: [Synth 8-6157] synthesizing module 'mac_issue_stage__parameterized3' [V:/experiments/timing_200_20260926/mac_buffer/mac_issue_stage.sv:7]
	Parameter K bound to: 5 - type: integer 
	Parameter CIN bound to: 16 - type: integer 
	Parameter COUT bound to: 4 - type: integer 
	Parameter IN_PAR bound to: 2 - type: integer 
	Parameter OUT_PAR bound to: 4 - type: integer 
	Parameter ACT_W bound to: 16 - type: integer 
	Parameter ACT_UNSIGNED bound to: 0 - type: integer 
	Parameter PIPE_SELECTED_OPERANDS bound to: 1 - type: integer 
INFO: [Synth 8-6157] synthesizing module 'mac_partial_fifo2' [V:/experiments/timing_200_20260926/mac_buffer/mac_issue_stage.sv:81]
	Parameter DATA_W bound to: 131 - type: integer 
INFO: [Synth 8-6155] done synthesizing module 'mac_partial_fifo2' (0#1) [V:/experiments/timing_200_20260926/mac_buffer/mac_issue_stage.sv:81]
INFO: [Synth 8-6157] synthesizing module 'eight_phase_issue__parameterized3' [V:/rtl/b_real_ae29515/stream/eight_phase_issue.sv:7]
	Parameter DATA_W bound to: 6400 - type: integer 
INFO: [Synth 8-6155] done synthesizing module 'eight_phase_issue__parameterized3' (0#1) [V:/rtl/b_real_ae29515/stream/eight_phase_issue.sv:7]
INFO: [Synth 8-6157] synthesizing module 'phase_mac_pipeline__parameterized3' [V:/experiments/l5_splitmem_20260924/rtl/b/phase_mac_pipeline.sv:7]
	Parameter K bound to: 5 - type: integer 
	Parameter CIN bound to: 16 - type: integer 
	Parameter COUT bound to: 4 - type: integer 
	Parameter IN_PAR bound to: 2 - type: integer 
	Parameter OUT_PAR bound to: 4 - type: integer 
	Parameter ACT_W bound to: 16 - type: integer 
	Parameter ACT_UNSIGNED bound to: 0 - type: integer 
	Parameter PIPE_SELECTED_OPERANDS bound to: 1 - type: integer 
INFO: [Synth 8-6155] done synthesizing module 'phase_mac_pipeline__parameterized3' (0#1) [V:/experiments/l5_splitmem_20260924/rtl/b/phase_mac_pipeline.sv:7]
INFO: [Synth 8-6157] synthesizing module 'phase_accumulator__parameterized3' [V:/experiments/timing_200_20260926/bias_early/phase_accumulator_36.sv:10]
	Parameter CIN bound to: 16 - type: integer 
	Parameter COUT bound to: 4 - type: integer 
	Parameter IN_PAR bound to: 2 - type: integer 
	Parameter OUT_PAR bound to: 4 - type: integer 
INFO: [Synth 8-6155] done synthesizing module 'phase_accumulator__parameterized3' (0#1) [V:/experiments/timing_200_20260926/bias_early/phase_accumulator_36.sv:10]
INFO: [Synth 8-6155] done synthesizing module 'mac_issue_stage__parameterized3' (0#1) [V:/experiments/timing_200_20260926/mac_buffer/mac_issue_stage.sv:7]
INFO: [Synth 8-6157] synthesizing module 'vector_postprocess_shared__parameterized1' [V:/experiments/timing_200_20260926/requant_pipe/vector_postprocess_shared.sv:7]
	Parameter CHANNELS bound to: 4 - type: integer 
	Parameter LANES bound to: 1 - type: integer 
	Parameter OUT_W bound to: 8 - type: integer 
	Parameter OUT_SIGNED bound to: 0 - type: integer 
	Parameter APPLY_PRELU bound to: 0 - type: integer 
INFO: [Synth 8-6157] synthesizing module 'prelu_requantize__parameterized0' [V:/experiments/timing_200_20260926/requant_pipe/prelu_requantize.sv:8]
	Parameter OUT_W bound to: 8 - type: integer 
	Parameter OUT_SIGNED bound to: 0 - type: integer 
	Parameter APPLY_PRELU bound to: 0 - type: integer 
INFO: [Synth 8-6155] done synthesizing module 'prelu_requantize__parameterized0' (0#1) [V:/experiments/timing_200_20260926/requant_pipe/prelu_requantize.sv:8]
INFO: [Synth 8-6155] done synthesizing module 'vector_postprocess_shared__parameterized1' (0#1) [V:/experiments/timing_200_20260926/requant_pipe/vector_postprocess_shared.sv:7]
INFO: [Synth 8-6155] done synthesizing module 'fsrcnn_stream_layer__parameterized3' (0#1) [V:/experiments/l5_splitmem_20260924/rtl/b/fsrcnn_stream_layer.sv:6]
INFO: [Synth 8-6157] synthesizing module 'pixel_shuffle2x_row_banks' [V:/rtl/b_real_ae29515/stream/pixel_shuffle2x_row_banks.sv:8]
	Parameter IMG_W bound to: 960 - type: integer 
	Parameter IMG_H bound to: 540 - type: integer 
	Parameter STRIPE_ROWS bound to: 64 - type: integer 
INFO: [Synth 8-6155] done synthesizing module 'pixel_shuffle2x_row_banks' (0#1) [V:/rtl/b_real_ae29515/stream/pixel_shuffle2x_row_banks.sv:8]
INFO: [Synth 8-6155] done synthesizing module 'fsrcnn_network_core' (0#1) [V:/experiments/l5_splitmem_20260924/rtl/b/fsrcnn_network_core.sv:8]
INFO: [Synth 8-6155] done synthesizing module 'fsrcnn_network_mem_top' (0#1) [V:/rtl/b_real_ae29515/stream/fsrcnn_network_mem_top.sv:6]
INFO: [Synth 8-6155] done synthesizing module 'b_core_real' (0#1) [V:/rtl/b_real_ae29515/stream/b_core_real.sv:6]
INFO: [Synth 8-6155] done synthesizing module 'b_core_if' (0#1) [V:/rtl/b_core_if.v:59]
INFO: [Synth 8-6157] synthesizing module 'output_stream' [V:/rtl/output_stream.v:36]
	Parameter OUT_W bound to: 1920 - type: integer 
	Parameter OUT_H bound to: 1080 - type: integer 
	Parameter STRIPE_H bound to: 64 - type: integer 
	Parameter DATA_W bound to: 8 - type: integer 
	Parameter ADDR_W bound to: 17 - type: integer 
WARNING: [Synth 8-589] replacing case/wildcard equality operator !== with logical equality operator != [V:/rtl/output_stream.v:211]
WARNING: [Synth 8-589] replacing case/wildcard equality operator !== with logical equality operator != [V:/rtl/output_stream.v:221]
INFO: [Synth 8-6155] done synthesizing module 'output_stream' (0#1) [V:/rtl/output_stream.v:36]
INFO: [Synth 8-6157] synthesizing module 'pingpong_buffer' [V:/experiments/timing_200_20260926/stripe_pipe/pingpong_buffer.v:34]
	Parameter WIDTH bound to: 1920 - type: integer 
	Parameter ROWS bound to: 64 - type: integer 
	Parameter DATA_W bound to: 8 - type: integer 
	Parameter ADDR_W bound to: 17 - type: integer 
INFO: [Synth 8-6157] synthesizing module 'stripe_buffer' [V:/experiments/timing_200_20260926/stripe_pipe/stripe_buffer.v:32]
	Parameter WIDTH bound to: 1920 - type: integer 
	Parameter ROWS bound to: 64 - type: integer 
	Parameter DATA_W bound to: 8 - type: integer 
	Parameter ADDR_W bound to: 17 - type: integer 
INFO: [Synth 8-6155] done synthesizing module 'stripe_buffer' (0#1) [V:/experiments/timing_200_20260926/stripe_pipe/stripe_buffer.v:32]
INFO: [Synth 8-6155] done synthesizing module 'pingpong_buffer' (0#1) [V:/experiments/timing_200_20260926/stripe_pipe/pingpong_buffer.v:34]
INFO: [Synth 8-6157] synthesizing module 'uart_tx' [V:/rtl/uart_tx.v:25]
	Parameter CLK_HZ bound to: 200000000 - type: integer 
	Parameter BAUD bound to: 921600 - type: integer 
	Parameter BAUD_DIV bound to: 217 - type: integer 
	Parameter DATA_W bound to: 8 - type: integer 
INFO: [Synth 8-6155] done synthesizing module 'uart_tx' (0#1) [V:/rtl/uart_tx.v:25]
INFO: [Synth 8-6157] synthesizing module 'readback_ctrl' [V:/rtl/readback_ctrl.v:30]
	Parameter DATA_W bound to: 8 - type: integer 
INFO: [Synth 8-6155] done synthesizing module 'readback_ctrl' (0#1) [V:/rtl/readback_ctrl.v:30]
INFO: [Synth 8-6155] done synthesizing module 'c_core' (0#1) [V:/experiments/l5_splitmem_20260924/rtl/c/c_core.v:34]
INFO: [Synth 8-6155] done synthesizing module 'c_top' (0#1) [V:/rtl/c_top.v:29]
INFO: [Synth 8-6155] done synthesizing module 'c_synth_top' (0#1) [V:/rtl/c_synth_top.v:28]
WARNING: [Synth 8-6014] Unused sequential element expected_phase_reg was removed.  [V:/experiments/timing_200_20260926/bias_early/phase_accumulator_36.sv:69]
WARNING: [Synth 8-6014] Unused sequential element group_reg was removed.  [V:/experiments/timing_200_20260926/bias_early/phase_accumulator_36.sv:89]
WARNING: [Synth 8-6014] Unused sequential element next_sum_reg was removed.  [V:/experiments/timing_200_20260926/bias_early/phase_accumulator_36.sv:91]
WARNING: [Synth 8-6014] Unused sequential element meta_valid_reg was removed.  [V:/experiments/timing_200_20260926/requant_pipe/vector_postprocess_shared.sv:90]
WARNING: [Synth 8-6014] Unused sequential element expected_phase_reg was removed.  [V:/experiments/timing_200_20260926/bias_early/phase_accumulator_36.sv:69]
WARNING: [Synth 8-6014] Unused sequential element group_reg was removed.  [V:/experiments/timing_200_20260926/bias_early/phase_accumulator_36.sv:89]
WARNING: [Synth 8-6014] Unused sequential element next_sum_reg was removed.  [V:/experiments/timing_200_20260926/bias_early/phase_accumulator_36.sv:91]
WARNING: [Synth 8-6014] Unused sequential element meta_valid_reg was removed.  [V:/experiments/timing_200_20260926/requant_pipe/vector_postprocess_shared.sv:90]
WARNING: [Synth 8-6014] Unused sequential element expected_phase_reg was removed.  [V:/experiments/timing_200_20260926/bias_early/phase_accumulator_36.sv:69]
WARNING: [Synth 8-6014] Unused sequential element group_reg was removed.  [V:/experiments/timing_200_20260926/bias_early/phase_accumulator_36.sv:89]
WARNING: [Synth 8-6014] Unused sequential element next_sum_reg was removed.  [V:/experiments/timing_200_20260926/bias_early/phase_accumulator_36.sv:91]
WARNING: [Synth 8-11357] Potential Runtime issue for 3D-RAM or RAM from Record/Structs for RAM  sums_q_reg with 13056 registers
WARNING: [Synth 8-6014] Unused sequential element expected_phase_reg was removed.  [V:/experiments/timing_200_20260926/bias_early/phase_accumulator_36.sv:69]
WARNING: [Synth 8-6014] Unused sequential element group_reg was removed.  [V:/experiments/timing_200_20260926/bias_early/phase_accumulator_36.sv:89]
WARNING: [Synth 8-6014] Unused sequential element next_sum_reg was removed.  [V:/experiments/timing_200_20260926/bias_early/phase_accumulator_36.sv:91]
WARNING: [Synth 8-6014] Unused sequential element prelu_product_s1_reg was removed.  [V:/experiments/timing_200_20260926/requant_pipe/prelu_requantize.sv:29]
WARNING: [Synth 8-6014] Unused sequential element prelu_magnitude_s2_reg was removed.  [V:/experiments/timing_200_20260926/requant_pipe/prelu_requantize.sv:41]
WARNING: [Synth 8-6014] Unused sequential element prelu_negative_s2_reg was removed.  [V:/experiments/timing_200_20260926/requant_pipe/prelu_requantize.sv:118]
WARNING: [Synth 8-6014] Unused sequential element prelu_rounded_magnitude_s3_reg was removed.  [V:/experiments/timing_200_20260926/requant_pipe/prelu_requantize.sv:135]
WARNING: [Synth 8-6014] Unused sequential element prelu_negative_s3_reg was removed.  [V:/experiments/timing_200_20260926/requant_pipe/prelu_requantize.sv:136]
WARNING: [Synth 8-6014] Unused sequential element meta_valid_reg was removed.  [V:/experiments/timing_200_20260926/requant_pipe/vector_postprocess_shared.sv:90]
WARNING: [Synth 8-7137] Register c2b_data_q_reg in module c_core has both Set and reset with same priority. This may cause simulation mismatches. Consider rewriting code 
WARNING: [Synth 8-7137] Register c2b_x_q_reg in module c_core has both Set and reset with same priority. This may cause simulation mismatches. Consider rewriting code 
WARNING: [Synth 8-7137] Register c2b_y_q_reg in module c_core has both Set and reset with same priority. This may cause simulation mismatches. Consider rewriting code 
WARNING: [Synth 8-4767] Trying to implement RAM 'c2b_data_q_reg' in registers. Block RAM or DRAM implementation is not possible; see log for reasons. [V:/experiments/l5_splitmem_20260924/rtl/c/c_core.v:121]
Reason is one or more of the following :
	1: RAM is sensitive to asynchronous reset signal. this RTL style is not supported. 
WARNING: [Synth 8-4767] Trying to implement RAM 'c2b_x_q_reg' in registers. Block RAM or DRAM implementation is not possible; see log for reasons. [V:/experiments/l5_splitmem_20260924/rtl/c/c_core.v:122]
Reason is one or more of the following :
	1: RAM is sensitive to asynchronous reset signal. this RTL style is not supported. 
WARNING: [Synth 8-4767] Trying to implement RAM 'c2b_y_q_reg' in registers. Block RAM or DRAM implementation is not possible; see log for reasons. [V:/experiments/l5_splitmem_20260924/rtl/c/c_core.v:123]
Reason is one or more of the following :
	1: RAM is sensitive to asynchronous reset signal. this RTL style is not supported. 
WARNING: [Synth 8-7129] Port rd_avail in module readback_ctrl is either unconnected or has no load
WARNING: [Synth 8-7129] Port rd_start in module readback_ctrl is either unconnected or has no load
WARNING: [Synth 8-7129] Port prelu_q15[15] in module prelu_requantize__parameterized0 is either unconnected or has no load
WARNING: [Synth 8-7129] Port prelu_q15[14] in module prelu_requantize__parameterized0 is either unconnected or has no load
WARNING: [Synth 8-7129] Port prelu_q15[13] in module prelu_requantize__parameterized0 is either unconnected or has no load
WARNING: [Synth 8-7129] Port prelu_q15[12] in module prelu_requantize__parameterized0 is either unconnected or has no load
WARNING: [Synth 8-7129] Port prelu_q15[11] in module prelu_requantize__parameterized0 is either unconnected or has no load
WARNING: [Synth 8-7129] Port prelu_q15[10] in module prelu_requantize__parameterized0 is either unconnected or has no load
WARNING: [Synth 8-7129] Port prelu_q15[9] in module prelu_requantize__parameterized0 is either unconnected or has no load
WARNING: [Synth 8-7129] Port prelu_q15[8] in module prelu_requantize__parameterized0 is either unconnected or has no load
WARNING: [Synth 8-7129] Port prelu_q15[7] in module prelu_requantize__parameterized0 is either unconnected or has no load
WARNING: [Synth 8-7129] Port prelu_q15[6] in module prelu_requantize__parameterized0 is either unconnected or has no load
WARNING: [Synth 8-7129] Port prelu_q15[5] in module prelu_requantize__parameterized0 is either unconnected or has no load
WARNING: [Synth 8-7129] Port prelu_q15[4] in module prelu_requantize__parameterized0 is either unconnected or has no load
WARNING: [Synth 8-7129] Port prelu_q15[3] in module prelu_requantize__parameterized0 is either unconnected or has no load
WARNING: [Synth 8-7129] Port prelu_q15[2] in module prelu_requantize__parameterized0 is either unconnected or has no load
WARNING: [Synth 8-7129] Port prelu_q15[1] in module prelu_requantize__parameterized0 is either unconnected or has no load
WARNING: [Synth 8-7129] Port prelu_q15[0] in module prelu_requantize__parameterized0 is either unconnected or has no load
WARNING: [Synth 8-7129] Port start in module fsrcnn_stream_layer__parameterized2 is either unconnected or has no load
WARNING: [Synth 8-7129] Port start in module fsrcnn_stream_layer__parameterized0 is either unconnected or has no load
WARNING: [Synth 8-7129] Port b_busy in module c_ctrl is either unconnected or has no load
---------------------------------------------------------------------------------
Finished RTL Elaboration : Time (s): cpu = 00:00:11 ; elapsed = 00:00:12 . Memory (MB): peak = 2092.141 ; gain = 1324.855
---------------------------------------------------------------------------------
---------------------------------------------------------------------------------
Start Handling Custom Attributes
---------------------------------------------------------------------------------
---------------------------------------------------------------------------------
Finished Handling Custom Attributes : Time (s): cpu = 00:00:12 ; elapsed = 00:00:12 . Memory (MB): peak = 2092.141 ; gain = 1324.855
---------------------------------------------------------------------------------
---------------------------------------------------------------------------------
Finished RTL Optimization Phase 1 : Time (s): cpu = 00:00:12 ; elapsed = 00:00:12 . Memory (MB): peak = 2092.141 ; gain = 1324.855
---------------------------------------------------------------------------------
Netlist sorting complete. Time (s): cpu = 00:00:01 ; elapsed = 00:00:00.694 . Memory (MB): peak = 2092.141 ; gain = 0.000
INFO: [Netlist 29-17] Analyzing 1 Unisim elements for replacement
INFO: [Netlist 29-28] Unisim Transformation completed in 0 CPU seconds
INFO: [Project 1-570] Preparing netlist for logic optimization

Processing XDC Constraints
Initializing timing engine
Parsing XDC File [V:/constr/c_top.xdc]
Finished Parsing XDC File [V:/constr/c_top.xdc]
INFO: [Project 1-236] Implementation specific constraints were found while reading constraint file [V:/constr/c_top.xdc]. These constraints will be ignored for synthesis but will be used in implementation. Impacted constraints are listed in the file [.Xil/c_synth_top_propImpl.xdc].
Resolution: To avoid this warning, move constraints listed in [.Xil/c_synth_top_propImpl.xdc] to another XDC file and exclude this new file from synthesis with the used_in_synthesis property (File Properties dialog in GUI) and re-run elaboration/synthesis.
INFO: [Timing 38-2] Deriving generated clocks
Completed Processing XDC Constraints

Netlist sorting complete. Time (s): cpu = 00:00:00 ; elapsed = 00:00:00.022 . Memory (MB): peak = 2251.836 ; gain = 0.000
INFO: [Project 1-111] Unisim Transformation Summary:
  A total of 1 instances were transformed.
  MMCME2_BASE => MMCME2_ADV: 1 instance 

Constraint Validation Runtime : Time (s): cpu = 00:00:00 ; elapsed = 00:00:00.431 . Memory (MB): peak = 2251.836 ; gain = 0.000
---------------------------------------------------------------------------------
Finished Constraint Validation : Time (s): cpu = 00:00:28 ; elapsed = 00:00:28 . Memory (MB): peak = 2251.836 ; gain = 1484.551
---------------------------------------------------------------------------------
---------------------------------------------------------------------------------
Start Loading Part and Timing Information
---------------------------------------------------------------------------------
Loading part: xc7a200tfbg484-2
---------------------------------------------------------------------------------
Finished Loading Part and Timing Information : Time (s): cpu = 00:00:28 ; elapsed = 00:00:28 . Memory (MB): peak = 2251.836 ; gain = 1484.551
---------------------------------------------------------------------------------
---------------------------------------------------------------------------------
Start Applying 'set_property' XDC Constraints
---------------------------------------------------------------------------------
---------------------------------------------------------------------------------
Finished applying 'set_property' XDC Constraints : Time (s): cpu = 00:00:28 ; elapsed = 00:00:28 . Memory (MB): peak = 2251.836 ; gain = 1484.551
---------------------------------------------------------------------------------
INFO: [Synth 8-802] inferred FSM for state register 'st_reg' in module 'c_ctrl'
WARNING: [Synth 8-6014] Unused sequential element out_x_reg was removed.  [V:/rtl/b_real_ae29515/stream/pixel_shuffle2x_row_banks.sv:74]
WARNING: [Synth 8-6014] Unused sequential element out_x_reg_rep was removed.  [V:/rtl/b_real_ae29515/stream/pixel_shuffle2x_row_banks.sv:74]
INFO: [Synth 8-802] inferred FSM for state register 'st_reg' in module 'uart_tx'
---------------------------------------------------------------------------------------------------
                   State |                     New Encoding |                Previous Encoding 
---------------------------------------------------------------------------------------------------
                  S_IDLE |                              001 |                               00
                   S_RUN |                              010 |                               01
                  S_DONE |                              100 |                               10
---------------------------------------------------------------------------------------------------
INFO: [Synth 8-3354] encoded FSM with state register 'st_reg' using encoding 'one-hot' in module 'c_ctrl'
---------------------------------------------------------------------------------------------------
                   State |                     New Encoding |                Previous Encoding 
---------------------------------------------------------------------------------------------------
                  S_IDLE |                               00 |                               00
                 S_START |                               01 |                               01
                  S_DATA |                               10 |                               10
                  S_STOP |                               11 |                               11
---------------------------------------------------------------------------------------------------
INFO: [Synth 8-3354] encoded FSM with state register 'st_reg' using encoding 'sequential' in module 'uart_tx'
---------------------------------------------------------------------------------
Finished RTL Optimization Phase 2 : Time (s): cpu = 00:00:45 ; elapsed = 00:00:46 . Memory (MB): peak = 2350.422 ; gain = 1583.137
---------------------------------------------------------------------------------
---------------------------------------------------------------------------------
Start RTL Component Statistics 
---------------------------------------------------------------------------------
Detailed RTL Component Info : 
+---Adders : 
	   2 Input   49 Bit       Adders := 6     
	   2 Input   48 Bit       Adders := 6     
	   2 Input   36 Bit       Adders := 52    
	   2 Input   34 Bit       Adders := 7     
	   2 Input   32 Bit       Adders := 322   
	   2 Input   17 Bit       Adders := 3     
	   3 Input   16 Bit       Adders := 1     
	   2 Input   11 Bit       Adders := 4     
	   2 Input   10 Bit       Adders := 15    
	   2 Input    8 Bit       Adders := 1     
	   2 Input    6 Bit       Adders := 4     
	   3 Input    5 Bit       Adders := 3     
	   2 Input    5 Bit       Adders := 9     
	   2 Input    4 Bit       Adders := 10    
	   2 Input    3 Bit       Adders := 12    
	   2 Input    2 Bit       Adders := 128   
	   2 Input    1 Bit       Adders := 1     
+---Registers : 
	             6400 Bit    Registers := 1     
	             1152 Bit    Registers := 1     
	              512 Bit    Registers := 6     
	              256 Bit    Registers := 41    
	              200 Bit    Registers := 1     
	              128 Bit    Registers := 20    
	               64 Bit    Registers := 14    
	               49 Bit    Registers := 6     
	               48 Bit    Registers := 6     
	               36 Bit    Registers := 104   
	               34 Bit    Registers := 7     
	               33 Bit    Registers := 6     
	               32 Bit    Registers := 402   
	               24 Bit    Registers := 24    
	               17 Bit    Registers := 11    
	               16 Bit    Registers := 325   
	               11 Bit    Registers := 3     
	               10 Bit    Registers := 16    
	                9 Bit    Registers := 5     
	                8 Bit    Registers := 462   
	                6 Bit    Registers := 4     
	                5 Bit    Registers := 1     
	                4 Bit    Registers := 59    
	                3 Bit    Registers := 35    
	                2 Bit    Registers := 134   
	                1 Bit    Registers := 205   
+---Multipliers : 
	              32x32  Multipliers := 7     
	              16x32  Multipliers := 6     
+---RAMs : 
	             960K Bit	(122880 X 8 bit)          RAMs := 2     
	             241K Bit	(964 X 256 bit)          RAMs := 4     
	             120K Bit	(962 X 128 bit)          RAMs := 2     
	              30K Bit	(960 X 32 bit)          RAMs := 2     
	               7K Bit	(964 X 8 bit)          RAMs := 4     
	              262 Bit	(2 X 131 bit)          RAMs := 1     
+---ROMs : 
	                    ROMs := 16    
+---Muxes : 
	   2 Input  512 Bit        Muxes := 4     
	   2 Input  256 Bit        Muxes := 19    
	   4 Input  256 Bit        Muxes := 4     
	   2 Input  128 Bit        Muxes := 15    
	   2 Input   49 Bit        Muxes := 6     
	   2 Input   36 Bit        Muxes := 52    
	   2 Input   32 Bit        Muxes := 40    
	   4 Input   32 Bit        Muxes := 8     
	   3 Input   32 Bit        Muxes := 52    
	   3 Input   17 Bit        Muxes := 1     
	   2 Input   17 Bit        Muxes := 5     
	   2 Input   16 Bit        Muxes := 25    
	   2 Input   11 Bit        Muxes := 3     
	   2 Input   10 Bit        Muxes := 5     
	   2 Input    8 Bit        Muxes := 5     
	   4 Input    8 Bit        Muxes := 6     
	   2 Input    7 Bit        Muxes := 1     
	   2 Input    5 Bit        Muxes := 9     
	   2 Input    4 Bit        Muxes := 50    
	   3 Input    3 Bit        Muxes := 3     
	   2 Input    3 Bit        Muxes := 5     
	   4 Input    3 Bit        Muxes := 1     
	   2 Input    2 Bit        Muxes := 48    
	   3 Input    2 Bit        Muxes := 6     
	   4 Input    2 Bit        Muxes := 1     
	   2 Input    1 Bit        Muxes := 423   
	   3 Input    1 Bit        Muxes := 18    
	   4 Input    1 Bit        Muxes := 9     
---------------------------------------------------------------------------------
Finished RTL Component Statistics 
---------------------------------------------------------------------------------
---------------------------------------------------------------------------------
Start Part Resource Summary
---------------------------------------------------------------------------------
Part Resources:
DSPs: 740 (col length:100)
BRAMs: 730 (col length: RAMB18 100 RAMB36 50)
---------------------------------------------------------------------------------
Finished Part Resource Summary
---------------------------------------------------------------------------------
---------------------------------------------------------------------------------
Start Cross Boundary and Area Optimization
---------------------------------------------------------------------------------
DSP Report: Generating DSP out_lane[0].mult_lane[1].operand_pipe.sums_q_reg[0][0][1], operation Mode is: (A*B)'.
DSP Report: register out_lane[0].mult_lane[1].operand_pipe.sums_q_reg[0][0][1] is absorbed into DSP out_lane[0].mult_lane[1].operand_pipe.sums_q_reg[0][0][1].
DSP Report: operator out_lane[0].mult_lane[1].operand_pipe.product_q is absorbed into DSP out_lane[0].mult_lane[1].operand_pipe.sums_q_reg[0][0][1].
DSP Report: Generating DSP out_lane[0].mult_lane[0].operand_pipe.sums_q_reg[0][0][0], operation Mode is: (A*B)'.
DSP Report: register out_lane[0].mult_lane[0].operand_pipe.sums_q_reg[0][0][0] is absorbed into DSP out_lane[0].mult_lane[0].operand_pipe.sums_q_reg[0][0][0].
DSP Report: operator out_lane[0].mult_lane[0].operand_pipe.product_q is absorbed into DSP out_lane[0].mult_lane[0].operand_pipe.sums_q_reg[0][0][0].
DSP Report: Generating DSP out_lane[1].mult_lane[1].operand_pipe.sums_q_reg[0][1][1], operation Mode is: (A*B)'.
DSP Report: register out_lane[1].mult_lane[1].operand_pipe.sums_q_reg[0][1][1] is absorbed into DSP out_lane[1].mult_lane[1].operand_pipe.sums_q_reg[0][1][1].
DSP Report: operator out_lane[1].mult_lane[1].operand_pipe.product_q is absorbed into DSP out_lane[1].mult_lane[1].operand_pipe.sums_q_reg[0][1][1].
DSP Report: Generating DSP out_lane[1].mult_lane[0].operand_pipe.sums_q_reg[0][1][0], operation Mode is: (A*B)'.
DSP Report: register out_lane[1].mult_lane[0].operand_pipe.sums_q_reg[0][1][0] is absorbed into DSP out_lane[1].mult_lane[0].operand_pipe.sums_q_reg[0][1][0].
DSP Report: operator out_lane[1].mult_lane[0].operand_pipe.product_q is absorbed into DSP out_lane[1].mult_lane[0].operand_pipe.sums_q_reg[0][1][0].
DSP Report: Generating DSP out_lane[2].mult_lane[1].operand_pipe.sums_q_reg[0][2][1], operation Mode is: (A*B)'.
DSP Report: register out_lane[2].mult_lane[1].operand_pipe.sums_q_reg[0][2][1] is absorbed into DSP out_lane[2].mult_lane[1].operand_pipe.sums_q_reg[0][2][1].
DSP Report: operator out_lane[2].mult_lane[1].operand_pipe.product_q is absorbed into DSP out_lane[2].mult_lane[1].operand_pipe.sums_q_reg[0][2][1].
DSP Report: Generating DSP out_lane[2].mult_lane[0].operand_pipe.sums_q_reg[0][2][0], operation Mode is: (A*B)'.
DSP Report: register out_lane[2].mult_lane[0].operand_pipe.sums_q_reg[0][2][0] is absorbed into DSP out_lane[2].mult_lane[0].operand_pipe.sums_q_reg[0][2][0].
DSP Report: operator out_lane[2].mult_lane[0].operand_pipe.product_q is absorbed into DSP out_lane[2].mult_lane[0].operand_pipe.sums_q_reg[0][2][0].
DSP Report: Generating DSP out_lane[3].mult_lane[1].operand_pipe.sums_q_reg[0][3][1], operation Mode is: (A*B)'.
DSP Report: register out_lane[3].mult_lane[1].operand_pipe.sums_q_reg[0][3][1] is absorbed into DSP out_lane[3].mult_lane[1].operand_pipe.sums_q_reg[0][3][1].
DSP Report: operator out_lane[3].mult_lane[1].operand_pipe.product_q is absorbed into DSP out_lane[3].mult_lane[1].operand_pipe.sums_q_reg[0][3][1].
DSP Report: Generating DSP out_lane[3].mult_lane[0].operand_pipe.sums_q_reg[0][3][0], operation Mode is: (A*B)'.
DSP Report: register out_lane[3].mult_lane[0].operand_pipe.sums_q_reg[0][3][0] is absorbed into DSP out_lane[3].mult_lane[0].operand_pipe.sums_q_reg[0][3][0].
DSP Report: operator out_lane[3].mult_lane[0].operand_pipe.product_q is absorbed into DSP out_lane[3].mult_lane[0].operand_pipe.sums_q_reg[0][3][0].
DSP Report: Generating DSP out_lane[4].mult_lane[1].operand_pipe.sums_q_reg[0][4][1], operation Mode is: (A*B)'.
DSP Report: register out_lane[4].mult_lane[1].operand_pipe.sums_q_reg[0][4][1] is absorbed into DSP out_lane[4].mult_lane[1].operand_pipe.sums_q_reg[0][4][1].
DSP Report: operator out_lane[4].mult_lane[1].operand_pipe.product_q is absorbed into DSP out_lane[4].mult_lane[1].operand_pipe.sums_q_reg[0][4][1].
DSP Report: Generating DSP out_lane[4].mult_lane[0].operand_pipe.sums_q_reg[0][4][0], operation Mode is: (A*B)'.
DSP Report: register out_lane[4].mult_lane[0].operand_pipe.sums_q_reg[0][4][0] is absorbed into DSP out_lane[4].mult_lane[0].operand_pipe.sums_q_reg[0][4][0].
DSP Report: operator out_lane[4].mult_lane[0].operand_pipe.product_q is absorbed into DSP out_lane[4].mult_lane[0].operand_pipe.sums_q_reg[0][4][0].
DSP Report: Generating DSP out_lane[5].mult_lane[1].operand_pipe.sums_q_reg[0][5][1], operation Mode is: (A*B)'.
DSP Report: register out_lane[5].mult_lane[1].operand_pipe.sums_q_reg[0][5][1] is absorbed into DSP out_lane[5].mult_lane[1].operand_pipe.sums_q_reg[0][5][1].
DSP Report: operator out_lane[5].mult_lane[1].operand_pipe.product_q is absorbed into DSP out_lane[5].mult_lane[1].operand_pipe.sums_q_reg[0][5][1].
DSP Report: Generating DSP out_lane[5].mult_lane[0].operand_pipe.sums_q_reg[0][5][0], operation Mode is: (A*B)'.
DSP Report: register out_lane[5].mult_lane[0].operand_pipe.sums_q_reg[0][5][0] is absorbed into DSP out_lane[5].mult_lane[0].operand_pipe.sums_q_reg[0][5][0].
DSP Report: operator out_lane[5].mult_lane[0].operand_pipe.product_q is absorbed into DSP out_lane[5].mult_lane[0].operand_pipe.sums_q_reg[0][5][0].
DSP Report: Generating DSP out_lane[6].mult_lane[1].operand_pipe.sums_q_reg[0][6][1], operation Mode is: (A*B)'.
DSP Report: register out_lane[6].mult_lane[1].operand_pipe.sums_q_reg[0][6][1] is absorbed into DSP out_lane[6].mult_lane[1].operand_pipe.sums_q_reg[0][6][1].
DSP Report: operator out_lane[6].mult_lane[1].operand_pipe.product_q is absorbed into DSP out_lane[6].mult_lane[1].operand_pipe.sums_q_reg[0][6][1].
DSP Report: Generating DSP out_lane[6].mult_lane[0].operand_pipe.sums_q_reg[0][6][0], operation Mode is: (A*B)'.
DSP Report: register out_lane[6].mult_lane[0].operand_pipe.sums_q_reg[0][6][0] is absorbed into DSP out_lane[6].mult_lane[0].operand_pipe.sums_q_reg[0][6][0].
DSP Report: operator out_lane[6].mult_lane[0].operand_pipe.product_q is absorbed into DSP out_lane[6].mult_lane[0].operand_pipe.sums_q_reg[0][6][0].
DSP Report: Generating DSP out_lane[7].mult_lane[1].operand_pipe.sums_q_reg[0][7][1], operation Mode is: (A*B)'.
DSP Report: register out_lane[7].mult_lane[1].operand_pipe.sums_q_reg[0][7][1] is absorbed into DSP out_lane[7].mult_lane[1].operand_pipe.sums_q_reg[0][7][1].
DSP Report: operator out_lane[7].mult_lane[1].operand_pipe.product_q is absorbed into DSP out_lane[7].mult_lane[1].operand_pipe.sums_q_reg[0][7][1].
DSP Report: Generating DSP out_lane[7].mult_lane[0].operand_pipe.sums_q_reg[0][7][0], operation Mode is: (A*B)'.
DSP Report: register out_lane[7].mult_lane[0].operand_pipe.sums_q_reg[0][7][0] is absorbed into DSP out_lane[7].mult_lane[0].operand_pipe.sums_q_reg[0][7][0].
DSP Report: operator out_lane[7].mult_lane[0].operand_pipe.product_q is absorbed into DSP out_lane[7].mult_lane[0].operand_pipe.sums_q_reg[0][7][0].
DSP Report: Generating DSP mac/out_lane[0].mult_lane[0].operand_pipe.sums_q_reg[0][0][0], operation Mode is: (A*B)'.
DSP Report: register mac/out_lane[0].mult_lane[0].operand_pipe.sums_q_reg[0][0][0] is absorbed into DSP mac/out_lane[0].mult_lane[0].operand_pipe.sums_q_reg[0][0][0].
DSP Report: operator mac/out_lane[0].mult_lane[0].operand_pipe.product_q is absorbed into DSP mac/out_lane[0].mult_lane[0].operand_pipe.sums_q_reg[0][0][0].
DSP Report: Generating DSP mac/out_lane[1].mult_lane[0].operand_pipe.sums_q_reg[0][1][0], operation Mode is: (A*B)'.
DSP Report: register mac/out_lane[1].mult_lane[0].operand_pipe.sums_q_reg[0][1][0] is absorbed into DSP mac/out_lane[1].mult_lane[0].operand_pipe.sums_q_reg[0][1][0].
DSP Report: operator mac/out_lane[1].mult_lane[0].operand_pipe.product_q is absorbed into DSP mac/out_lane[1].mult_lane[0].operand_pipe.sums_q_reg[0][1][0].
DSP Report: Generating DSP mac/out_lane[2].mult_lane[0].operand_pipe.sums_q_reg[0][2][0], operation Mode is: (A*B)'.
DSP Report: register mac/out_lane[2].mult_lane[0].operand_pipe.sums_q_reg[0][2][0] is absorbed into DSP mac/out_lane[2].mult_lane[0].operand_pipe.sums_q_reg[0][2][0].
DSP Report: operator mac/out_lane[2].mult_lane[0].operand_pipe.product_q is absorbed into DSP mac/out_lane[2].mult_lane[0].operand_pipe.sums_q_reg[0][2][0].
DSP Report: Generating DSP mac/out_lane[3].mult_lane[0].operand_pipe.sums_q_reg[0][3][0], operation Mode is: (A*B)'.
DSP Report: register mac/out_lane[3].mult_lane[0].operand_pipe.sums_q_reg[0][3][0] is absorbed into DSP mac/out_lane[3].mult_lane[0].operand_pipe.sums_q_reg[0][3][0].
DSP Report: operator mac/out_lane[3].mult_lane[0].operand_pipe.product_q is absorbed into DSP mac/out_lane[3].mult_lane[0].operand_pipe.sums_q_reg[0][3][0].
DSP Report: Generating DSP mac/out_lane[4].mult_lane[0].operand_pipe.sums_q_reg[0][4][0], operation Mode is: (A*B)'.
DSP Report: register mac/out_lane[4].mult_lane[0].operand_pipe.sums_q_reg[0][4][0] is absorbed into DSP mac/out_lane[4].mult_lane[0].operand_pipe.sums_q_reg[0][4][0].
DSP Report: operator mac/out_lane[4].mult_lane[0].operand_pipe.product_q is absorbed into DSP mac/out_lane[4].mult_lane[0].operand_pipe.sums_q_reg[0][4][0].
DSP Report: Generating DSP mac/out_lane[5].mult_lane[0].operand_pipe.sums_q_reg[0][5][0], operation Mode is: (A*B)'.
DSP Report: register mac/out_lane[5].mult_lane[0].operand_pipe.sums_q_reg[0][5][0] is absorbed into DSP mac/out_lane[5].mult_lane[0].operand_pipe.sums_q_reg[0][5][0].
DSP Report: operator mac/out_lane[5].mult_lane[0].operand_pipe.product_q is absorbed into DSP mac/out_lane[5].mult_lane[0].operand_pipe.sums_q_reg[0][5][0].
DSP Report: Generating DSP mac/out_lane[6].mult_lane[0].operand_pipe.sums_q_reg[0][6][0], operation Mode is: (A*B)'.
DSP Report: register mac/out_lane[6].mult_lane[0].operand_pipe.sums_q_reg[0][6][0] is absorbed into DSP mac/out_lane[6].mult_lane[0].operand_pipe.sums_q_reg[0][6][0].
DSP Report: operator mac/out_lane[6].mult_lane[0].operand_pipe.product_q is absorbed into DSP mac/out_lane[6].mult_lane[0].operand_pipe.sums_q_reg[0][6][0].
DSP Report: Generating DSP mac/out_lane[7].mult_lane[0].operand_pipe.sums_q_reg[0][7][0], operation Mode is: (A*B)'.
DSP Report: register mac/out_lane[7].mult_lane[0].operand_pipe.sums_q_reg[0][7][0] is absorbed into DSP mac/out_lane[7].mult_lane[0].operand_pipe.sums_q_reg[0][7][0].
DSP Report: operator mac/out_lane[7].mult_lane[0].operand_pipe.product_q is absorbed into DSP mac/out_lane[7].mult_lane[0].operand_pipe.sums_q_reg[0][7][0].
DSP Report: Generating DSP mac/out_lane[8].mult_lane[0].operand_pipe.sums_q_reg[0][8][0], operation Mode is: (A*B)'.
DSP Report: register mac/out_lane[8].mult_lane[0].operand_pipe.sums_q_reg[0][8][0] is absorbed into DSP mac/out_lane[8].mult_lane[0].operand_pipe.sums_q_reg[0][8][0].
DSP Report: operator mac/out_lane[8].mult_lane[0].operand_pipe.product_q is absorbed into DSP mac/out_lane[8].mult_lane[0].operand_pipe.sums_q_reg[0][8][0].
DSP Report: Generating DSP mac/out_lane[9].mult_lane[0].operand_pipe.sums_q_reg[0][9][0], operation Mode is: (A*B)'.
DSP Report: register mac/out_lane[9].mult_lane[0].operand_pipe.sums_q_reg[0][9][0] is absorbed into DSP mac/out_lane[9].mult_lane[0].operand_pipe.sums_q_reg[0][9][0].
DSP Report: operator mac/out_lane[9].mult_lane[0].operand_pipe.product_q is absorbed into DSP mac/out_lane[9].mult_lane[0].operand_pipe.sums_q_reg[0][9][0].
DSP Report: Generating DSP mac/out_lane[10].mult_lane[0].operand_pipe.sums_q_reg[0][10][0], operation Mode is: (A*B)'.
DSP Report: register mac/out_lane[10].mult_lane[0].operand_pipe.sums_q_reg[0][10][0] is absorbed into DSP mac/out_lane[10].mult_lane[0].operand_pipe.sums_q_reg[0][10][0].
DSP Report: operator mac/out_lane[10].mult_lane[0].operand_pipe.product_q is absorbed into DSP mac/out_lane[10].mult_lane[0].operand_pipe.sums_q_reg[0][10][0].
DSP Report: Generating DSP mac/out_lane[11].mult_lane[0].operand_pipe.sums_q_reg[0][11][0], operation Mode is: (A*B)'.
DSP Report: register mac/out_lane[11].mult_lane[0].operand_pipe.sums_q_reg[0][11][0] is absorbed into DSP mac/out_lane[11].mult_lane[0].operand_pipe.sums_q_reg[0][11][0].
DSP Report: operator mac/out_lane[11].mult_lane[0].operand_pipe.product_q is absorbed into DSP mac/out_lane[11].mult_lane[0].operand_pipe.sums_q_reg[0][11][0].
DSP Report: Generating DSP mac/out_lane[12].mult_lane[0].operand_pipe.sums_q_reg[0][12][0], operation Mode is: (A*B)'.
DSP Report: register mac/out_lane[12].mult_lane[0].operand_pipe.sums_q_reg[0][12][0] is absorbed into DSP mac/out_lane[12].mult_lane[0].operand_pipe.sums_q_reg[0][12][0].
DSP Report: operator mac/out_lane[12].mult_lane[0].operand_pipe.product_q is absorbed into DSP mac/out_lane[12].mult_lane[0].operand_pipe.sums_q_reg[0][12][0].
DSP Report: Generating DSP mac/out_lane[13].mult_lane[0].operand_pipe.sums_q_reg[0][13][0], operation Mode is: (A*B)'.
DSP Report: register mac/out_lane[13].mult_lane[0].operand_pipe.sums_q_reg[0][13][0] is absorbed into DSP mac/out_lane[13].mult_lane[0].operand_pipe.sums_q_reg[0][13][0].
DSP Report: operator mac/out_lane[13].mult_lane[0].operand_pipe.product_q is absorbed into DSP mac/out_lane[13].mult_lane[0].operand_pipe.sums_q_reg[0][13][0].
DSP Report: Generating DSP mac/out_lane[14].mult_lane[0].operand_pipe.sums_q_reg[0][14][0], operation Mode is: (A*B)'.
DSP Report: register mac/out_lane[14].mult_lane[0].operand_pipe.sums_q_reg[0][14][0] is absorbed into DSP mac/out_lane[14].mult_lane[0].operand_pipe.sums_q_reg[0][14][0].
DSP Report: operator mac/out_lane[14].mult_lane[0].operand_pipe.product_q is absorbed into DSP mac/out_lane[14].mult_lane[0].operand_pipe.sums_q_reg[0][14][0].
DSP Report: Generating DSP mac/out_lane[15].mult_lane[0].operand_pipe.sums_q_reg[0][15][0], operation Mode is: (A*B)'.
DSP Report: register mac/out_lane[15].mult_lane[0].operand_pipe.sums_q_reg[0][15][0] is absorbed into DSP mac/out_lane[15].mult_lane[0].operand_pipe.sums_q_reg[0][15][0].
DSP Report: operator mac/out_lane[15].mult_lane[0].operand_pipe.product_q is absorbed into DSP mac/out_lane[15].mult_lane[0].operand_pipe.sums_q_reg[0][15][0].
DSP Report: Generating DSP out_lane[1].mult_lane[47].operand_pipe.sums_q_reg[0][1][47], operation Mode is: (A*B)'.
DSP Report: register out_lane[1].mult_lane[47].operand_pipe.sums_q_reg[0][1][47] is absorbed into DSP out_lane[1].mult_lane[47].operand_pipe.sums_q_reg[0][1][47].
DSP Report: operator out_lane[1].mult_lane[47].operand_pipe.product_q is absorbed into DSP out_lane[1].mult_lane[47].operand_pipe.sums_q_reg[0][1][47].
DSP Report: Generating DSP out_lane[1].mult_lane[46].operand_pipe.sums_q_reg[0][1][46], operation Mode is: (A*B)'.
DSP Report: register out_lane[1].mult_lane[46].operand_pipe.sums_q_reg[0][1][46] is absorbed into DSP out_lane[1].mult_lane[46].operand_pipe.sums_q_reg[0][1][46].
DSP Report: operator out_lane[1].mult_lane[46].operand_pipe.product_q is absorbed into DSP out_lane[1].mult_lane[46].operand_pipe.sums_q_reg[0][1][46].
DSP Report: Generating DSP out_lane[1].mult_lane[45].operand_pipe.sums_q_reg[0][1][45], operation Mode is: (A*B)'.
DSP Report: register out_lane[1].mult_lane[45].operand_pipe.sums_q_reg[0][1][45] is absorbed into DSP out_lane[1].mult_lane[45].operand_pipe.sums_q_reg[0][1][45].
DSP Report: operator out_lane[1].mult_lane[45].operand_pipe.product_q is absorbed into DSP out_lane[1].mult_lane[45].operand_pipe.sums_q_reg[0][1][45].
DSP Report: Generating DSP out_lane[1].mult_lane[44].operand_pipe.sums_q_reg[0][1][44], operation Mode is: (A*B)'.
DSP Report: register out_lane[1].mult_lane[44].operand_pipe.sums_q_reg[0][1][44] is absorbed into DSP out_lane[1].mult_lane[44].operand_pipe.sums_q_reg[0][1][44].
DSP Report: operator out_lane[1].mult_lane[44].operand_pipe.product_q is absorbed into DSP out_lane[1].mult_lane[44].operand_pipe.sums_q_reg[0][1][44].
DSP Report: Generating DSP out_lane[0].mult_lane[47].operand_pipe.sums_q_reg[0][0][47], operation Mode is: (A*B)'.
DSP Report: register out_lane[0].mult_lane[47].operand_pipe.sums_q_reg[0][0][47] is absorbed into DSP out_lane[0].mult_lane[47].operand_pipe.sums_q_reg[0][0][47].
DSP Report: operator out_lane[0].mult_lane[47].operand_pipe.product_q is absorbed into DSP out_lane[0].mult_lane[47].operand_pipe.sums_q_reg[0][0][47].
DSP Report: Generating DSP out_lane[0].mult_lane[46].operand_pipe.sums_q_reg[0][0][46], operation Mode is: (A*B)'.
DSP Report: register out_lane[0].mult_lane[46].operand_pipe.sums_q_reg[0][0][46] is absorbed into DSP out_lane[0].mult_lane[46].operand_pipe.sums_q_reg[0][0][46].
DSP Report: operator out_lane[0].mult_lane[46].operand_pipe.product_q is absorbed into DSP out_lane[0].mult_lane[46].operand_pipe.sums_q_reg[0][0][46].
DSP Report: Generating DSP out_lane[0].mult_lane[45].operand_pipe.sums_q_reg[0][0][45], operation Mode is: (A*B)'.
DSP Report: register out_lane[0].mult_lane[45].operand_pipe.sums_q_reg[0][0][45] is absorbed into DSP out_lane[0].mult_lane[45].operand_pipe.sums_q_reg[0][0][45].
DSP Report: operator out_lane[0].mult_lane[45].operand_pipe.product_q is absorbed into DSP out_lane[0].mult_lane[45].operand_pipe.sums_q_reg[0][0][45].
DSP Report: Generating DSP out_lane[0].mult_lane[44].operand_pipe.sums_q_reg[0][0][44], operation Mode is: (A*B)'.
DSP Report: register out_lane[0].mult_lane[44].operand_pipe.sums_q_reg[0][0][44] is absorbed into DSP out_lane[0].mult_lane[44].operand_pipe.sums_q_reg[0][0][44].
DSP Report: operator out_lane[0].mult_lane[44].operand_pipe.product_q is absorbed into DSP out_lane[0].mult_lane[44].operand_pipe.sums_q_reg[0][0][44].
DSP Report: Generating DSP out_lane[2].mult_lane[47].operand_pipe.sums_q_reg[0][2][47], operation Mode is: (A*B)'.
DSP Report: register out_lane[2].mult_lane[47].operand_pipe.sums_q_reg[0][2][47] is absorbed into DSP out_lane[2].mult_lane[47].operand_pipe.sums_q_reg[0][2][47].
DSP Report: operator out_lane[2].mult_lane[47].operand_pipe.product_q is absorbed into DSP out_lane[2].mult_lane[47].operand_pipe.sums_q_reg[0][2][47].
DSP Report: Generating DSP out_lane[2].mult_lane[46].operand_pipe.sums_q_reg[0][2][46], operation Mode is: (A*B)'.
DSP Report: register out_lane[2].mult_lane[46].operand_pipe.sums_q_reg[0][2][46] is absorbed into DSP out_lane[2].mult_lane[46].operand_pipe.sums_q_reg[0][2][46].
DSP Report: operator out_lane[2].mult_lane[46].operand_pipe.product_q is absorbed into DSP out_lane[2].mult_lane[46].operand_pipe.sums_q_reg[0][2][46].
DSP Report: Generating DSP out_lane[2].mult_lane[45].operand_pipe.sums_q_reg[0][2][45], operation Mode is: (A*B)'.
DSP Report: register out_lane[2].mult_lane[45].operand_pipe.sums_q_reg[0][2][45] is absorbed into DSP out_lane[2].mult_lane[45].operand_pipe.sums_q_reg[0][2][45].
DSP Report: operator out_lane[2].mult_lane[45].operand_pipe.product_q is absorbed into DSP out_lane[2].mult_lane[45].operand_pipe.sums_q_reg[0][2][45].
DSP Report: Generating DSP out_lane[2].mult_lane[44].operand_pipe.sums_q_reg[0][2][44], operation Mode is: (A*B)'.
DSP Report: register out_lane[2].mult_lane[44].operand_pipe.sums_q_reg[0][2][44] is absorbed into DSP out_lane[2].mult_lane[44].operand_pipe.sums_q_reg[0][2][44].
DSP Report: operator out_lane[2].mult_lane[44].operand_pipe.product_q is absorbed into DSP out_lane[2].mult_lane[44].operand_pipe.sums_q_reg[0][2][44].
DSP Report: Generating DSP out_lane[3].mult_lane[47].operand_pipe.sums_q_reg[0][3][47], operation Mode is: (A*B)'.
DSP Report: register out_lane[3].mult_lane[47].operand_pipe.sums_q_reg[0][3][47] is absorbed into DSP out_lane[3].mult_lane[47].operand_pipe.sums_q_reg[0][3][47].
DSP Report: operator out_lane[3].mult_lane[47].operand_pipe.product_q is absorbed into DSP out_lane[3].mult_lane[47].operand_pipe.sums_q_reg[0][3][47].
DSP Report: Generating DSP out_lane[3].mult_lane[46].operand_pipe.sums_q_reg[0][3][46], operation Mode is: (A*B)'.
DSP Report: register out_lane[3].mult_lane[46].operand_pipe.sums_q_reg[0][3][46] is absorbed into DSP out_lane[3].mult_lane[46].operand_pipe.sums_q_reg[0][3][46].
DSP Report: operator out_lane[3].mult_lane[46].operand_pipe.product_q is absorbed into DSP out_lane[3].mult_lane[46].operand_pipe.sums_q_reg[0][3][46].
DSP Report: Generating DSP out_lane[3].mult_lane[45].operand_pipe.sums_q_reg[0][3][45], operation Mode is: (A*B)'.
DSP Report: register out_lane[3].mult_lane[45].operand_pipe.sums_q_reg[0][3][45] is absorbed into DSP out_lane[3].mult_lane[45].operand_pipe.sums_q_reg[0][3][45].
DSP Report: operator out_lane[3].mult_lane[45].operand_pipe.product_q is absorbed into DSP out_lane[3].mult_lane[45].operand_pipe.sums_q_reg[0][3][45].
DSP Report: Generating DSP out_lane[3].mult_lane[44].operand_pipe.sums_q_reg[0][3][44], operation Mode is: (A*B)'.
DSP Report: register out_lane[3].mult_lane[44].operand_pipe.sums_q_reg[0][3][44] is absorbed into DSP out_lane[3].mult_lane[44].operand_pipe.sums_q_reg[0][3][44].
DSP Report: operator out_lane[3].mult_lane[44].operand_pipe.product_q is absorbed into DSP out_lane[3].mult_lane[44].operand_pipe.sums_q_reg[0][3][44].
DSP Report: Generating DSP out_lane[1].mult_lane[7].operand_pipe.sums_q_reg[0][1][7], operation Mode is: (A*B)'.
DSP Report: register out_lane[1].mult_lane[7].operand_pipe.sums_q_reg[0][1][7] is absorbed into DSP out_lane[1].mult_lane[7].operand_pipe.sums_q_reg[0][1][7].
DSP Report: operator out_lane[1].mult_lane[7].operand_pipe.product_q is absorbed into DSP out_lane[1].mult_lane[7].operand_pipe.sums_q_reg[0][1][7].
DSP Report: Generating DSP out_lane[1].mult_lane[6].operand_pipe.sums_q_reg[0][1][6], operation Mode is: (A*B)'.
DSP Report: register out_lane[1].mult_lane[6].operand_pipe.sums_q_reg[0][1][6] is absorbed into DSP out_lane[1].mult_lane[6].operand_pipe.sums_q_reg[0][1][6].
DSP Report: operator out_lane[1].mult_lane[6].operand_pipe.product_q is absorbed into DSP out_lane[1].mult_lane[6].operand_pipe.sums_q_reg[0][1][6].
DSP Report: Generating DSP out_lane[1].mult_lane[5].operand_pipe.sums_q_reg[0][1][5], operation Mode is: (A*B)'.
DSP Report: register out_lane[1].mult_lane[5].operand_pipe.sums_q_reg[0][1][5] is absorbed into DSP out_lane[1].mult_lane[5].operand_pipe.sums_q_reg[0][1][5].
DSP Report: operator out_lane[1].mult_lane[5].operand_pipe.product_q is absorbed into DSP out_lane[1].mult_lane[5].operand_pipe.sums_q_reg[0][1][5].
DSP Report: Generating DSP out_lane[1].mult_lane[4].operand_pipe.sums_q_reg[0][1][4], operation Mode is: (A*B)'.
DSP Report: register out_lane[1].mult_lane[4].operand_pipe.sums_q_reg[0][1][4] is absorbed into DSP out_lane[1].mult_lane[4].operand_pipe.sums_q_reg[0][1][4].
DSP Report: operator out_lane[1].mult_lane[4].operand_pipe.product_q is absorbed into DSP out_lane[1].mult_lane[4].operand_pipe.sums_q_reg[0][1][4].
DSP Report: Generating DSP out_lane[1].mult_lane[3].operand_pipe.sums_q_reg[0][1][3], operation Mode is: (A*B)'.
DSP Report: register out_lane[1].mult_lane[3].operand_pipe.sums_q_reg[0][1][3] is absorbed into DSP out_lane[1].mult_lane[3].operand_pipe.sums_q_reg[0][1][3].
DSP Report: operator out_lane[1].mult_lane[3].operand_pipe.product_q is absorbed into DSP out_lane[1].mult_lane[3].operand_pipe.sums_q_reg[0][1][3].
DSP Report: Generating DSP out_lane[1].mult_lane[2].operand_pipe.sums_q_reg[0][1][2], operation Mode is: (A*B)'.
DSP Report: register out_lane[1].mult_lane[2].operand_pipe.sums_q_reg[0][1][2] is absorbed into DSP out_lane[1].mult_lane[2].operand_pipe.sums_q_reg[0][1][2].
DSP Report: operator out_lane[1].mult_lane[2].operand_pipe.product_q is absorbed into DSP out_lane[1].mult_lane[2].operand_pipe.sums_q_reg[0][1][2].
DSP Report: Generating DSP out_lane[1].mult_lane[1].operand_pipe.sums_q_reg[0][1][1], operation Mode is: (A*B)'.
DSP Report: register out_lane[1].mult_lane[1].operand_pipe.sums_q_reg[0][1][1] is absorbed into DSP out_lane[1].mult_lane[1].operand_pipe.sums_q_reg[0][1][1].
DSP Report: operator out_lane[1].mult_lane[1].operand_pipe.product_q is absorbed into DSP out_lane[1].mult_lane[1].operand_pipe.sums_q_reg[0][1][1].
DSP Report: Generating DSP out_lane[1].mult_lane[0].operand_pipe.sums_q_reg[0][1][0], operation Mode is: (A*B)'.
DSP Report: register out_lane[1].mult_lane[0].operand_pipe.sums_q_reg[0][1][0] is absorbed into DSP out_lane[1].mult_lane[0].operand_pipe.sums_q_reg[0][1][0].
DSP Report: operator out_lane[1].mult_lane[0].operand_pipe.product_q is absorbed into DSP out_lane[1].mult_lane[0].operand_pipe.sums_q_reg[0][1][0].
DSP Report: Generating DSP out_lane[0].mult_lane[7].operand_pipe.sums_q_reg[0][0][7], operation Mode is: (A*B)'.
DSP Report: register out_lane[0].mult_lane[7].operand_pipe.sums_q_reg[0][0][7] is absorbed into DSP out_lane[0].mult_lane[7].operand_pipe.sums_q_reg[0][0][7].
DSP Report: operator out_lane[0].mult_lane[7].operand_pipe.product_q is absorbed into DSP out_lane[0].mult_lane[7].operand_pipe.sums_q_reg[0][0][7].
DSP Report: Generating DSP out_lane[0].mult_lane[6].operand_pipe.sums_q_reg[0][0][6], operation Mode is: (A*B)'.
DSP Report: register out_lane[0].mult_lane[6].operand_pipe.sums_q_reg[0][0][6] is absorbed into DSP out_lane[0].mult_lane[6].operand_pipe.sums_q_reg[0][0][6].
DSP Report: operator out_lane[0].mult_lane[6].operand_pipe.product_q is absorbed into DSP out_lane[0].mult_lane[6].operand_pipe.sums_q_reg[0][0][6].
DSP Report: Generating DSP out_lane[0].mult_lane[5].operand_pipe.sums_q_reg[0][0][5], operation Mode is: (A*B)'.
DSP Report: register out_lane[0].mult_lane[5].operand_pipe.sums_q_reg[0][0][5] is absorbed into DSP out_lane[0].mult_lane[5].operand_pipe.sums_q_reg[0][0][5].
DSP Report: operator out_lane[0].mult_lane[5].operand_pipe.product_q is absorbed into DSP out_lane[0].mult_lane[5].operand_pipe.sums_q_reg[0][0][5].
DSP Report: Generating DSP out_lane[0].mult_lane[4].operand_pipe.sums_q_reg[0][0][4], operation Mode is: (A*B)'.
DSP Report: register out_lane[0].mult_lane[4].operand_pipe.sums_q_reg[0][0][4] is absorbed into DSP out_lane[0].mult_lane[4].operand_pipe.sums_q_reg[0][0][4].
DSP Report: operator out_lane[0].mult_lane[4].operand_pipe.product_q is absorbed into DSP out_lane[0].mult_lane[4].operand_pipe.sums_q_reg[0][0][4].
DSP Report: Generating DSP out_lane[0].mult_lane[3].operand_pipe.sums_q_reg[0][0][3], operation Mode is: (A*B)'.
DSP Report: register out_lane[0].mult_lane[3].operand_pipe.sums_q_reg[0][0][3] is absorbed into DSP out_lane[0].mult_lane[3].operand_pipe.sums_q_reg[0][0][3].
DSP Report: operator out_lane[0].mult_lane[3].operand_pipe.product_q is absorbed into DSP out_lane[0].mult_lane[3].operand_pipe.sums_q_reg[0][0][3].
DSP Report: Generating DSP out_lane[0].mult_lane[2].operand_pipe.sums_q_reg[0][0][2], operation Mode is: (A*B)'.
DSP Report: register out_lane[0].mult_lane[2].operand_pipe.sums_q_reg[0][0][2] is absorbed into DSP out_lane[0].mult_lane[2].operand_pipe.sums_q_reg[0][0][2].
DSP Report: operator out_lane[0].mult_lane[2].operand_pipe.product_q is absorbed into DSP out_lane[0].mult_lane[2].operand_pipe.sums_q_reg[0][0][2].
DSP Report: Generating DSP out_lane[0].mult_lane[1].operand_pipe.sums_q_reg[0][0][1], operation Mode is: (A*B)'.
DSP Report: register out_lane[0].mult_lane[1].operand_pipe.sums_q_reg[0][0][1] is absorbed into DSP out_lane[0].mult_lane[1].operand_pipe.sums_q_reg[0][0][1].
DSP Report: operator out_lane[0].mult_lane[1].operand_pipe.product_q is absorbed into DSP out_lane[0].mult_lane[1].operand_pipe.sums_q_reg[0][0][1].
DSP Report: Generating DSP out_lane[0].mult_lane[0].operand_pipe.sums_q_reg[0][0][0], operation Mode is: (A*B)'.
DSP Report: register out_lane[0].mult_lane[0].operand_pipe.sums_q_reg[0][0][0] is absorbed into DSP out_lane[0].mult_lane[0].operand_pipe.sums_q_reg[0][0][0].
DSP Report: operator out_lane[0].mult_lane[0].operand_pipe.product_q is absorbed into DSP out_lane[0].mult_lane[0].operand_pipe.sums_q_reg[0][0][0].
DSP Report: Generating DSP out_lane[3].mult_lane[7].operand_pipe.sums_q_reg[0][3][7], operation Mode is: (A*B)'.
DSP Report: register out_lane[3].mult_lane[7].operand_pipe.sums_q_reg[0][3][7] is absorbed into DSP out_lane[3].mult_lane[7].operand_pipe.sums_q_reg[0][3][7].
DSP Report: operator out_lane[3].mult_lane[7].operand_pipe.product_q is absorbed into DSP out_lane[3].mult_lane[7].operand_pipe.sums_q_reg[0][3][7].
DSP Report: Generating DSP out_lane[3].mult_lane[6].operand_pipe.sums_q_reg[0][3][6], operation Mode is: (A*B)'.
DSP Report: register out_lane[3].mult_lane[6].operand_pipe.sums_q_reg[0][3][6] is absorbed into DSP out_lane[3].mult_lane[6].operand_pipe.sums_q_reg[0][3][6].
DSP Report: operator out_lane[3].mult_lane[6].operand_pipe.product_q is absorbed into DSP out_lane[3].mult_lane[6].operand_pipe.sums_q_reg[0][3][6].
DSP Report: Generating DSP out_lane[3].mult_lane[5].operand_pipe.sums_q_reg[0][3][5], operation Mode is: (A*B)'.
DSP Report: register out_lane[3].mult_lane[5].operand_pipe.sums_q_reg[0][3][5] is absorbed into DSP out_lane[3].mult_lane[5].operand_pipe.sums_q_reg[0][3][5].
DSP Report: operator out_lane[3].mult_lane[5].operand_pipe.product_q is absorbed into DSP out_lane[3].mult_lane[5].operand_pipe.sums_q_reg[0][3][5].
DSP Report: Generating DSP out_lane[3].mult_lane[4].operand_pipe.sums_q_reg[0][3][4], operation Mode is: (A*B)'.
DSP Report: register out_lane[3].mult_lane[4].operand_pipe.sums_q_reg[0][3][4] is absorbed into DSP out_lane[3].mult_lane[4].operand_pipe.sums_q_reg[0][3][4].
DSP Report: operator out_lane[3].mult_lane[4].operand_pipe.product_q is absorbed into DSP out_lane[3].mult_lane[4].operand_pipe.sums_q_reg[0][3][4].
DSP Report: Generating DSP out_lane[3].mult_lane[3].operand_pipe.sums_q_reg[0][3][3], operation Mode is: (A*B)'.
DSP Report: register out_lane[3].mult_lane[3].operand_pipe.sums_q_reg[0][3][3] is absorbed into DSP out_lane[3].mult_lane[3].operand_pipe.sums_q_reg[0][3][3].
DSP Report: operator out_lane[3].mult_lane[3].operand_pipe.product_q is absorbed into DSP out_lane[3].mult_lane[3].operand_pipe.sums_q_reg[0][3][3].
DSP Report: Generating DSP out_lane[3].mult_lane[2].operand_pipe.sums_q_reg[0][3][2], operation Mode is: (A*B)'.
DSP Report: register out_lane[3].mult_lane[2].operand_pipe.sums_q_reg[0][3][2] is absorbed into DSP out_lane[3].mult_lane[2].operand_pipe.sums_q_reg[0][3][2].
DSP Report: operator out_lane[3].mult_lane[2].operand_pipe.product_q is absorbed into DSP out_lane[3].mult_lane[2].operand_pipe.sums_q_reg[0][3][2].
DSP Report: Generating DSP out_lane[3].mult_lane[1].operand_pipe.sums_q_reg[0][3][1], operation Mode is: (A*B)'.
DSP Report: register out_lane[3].mult_lane[1].operand_pipe.sums_q_reg[0][3][1] is absorbed into DSP out_lane[3].mult_lane[1].operand_pipe.sums_q_reg[0][3][1].
DSP Report: operator out_lane[3].mult_lane[1].operand_pipe.product_q is absorbed into DSP out_lane[3].mult_lane[1].operand_pipe.sums_q_reg[0][3][1].
DSP Report: Generating DSP out_lane[3].mult_lane[0].operand_pipe.sums_q_reg[0][3][0], operation Mode is: (A*B)'.
DSP Report: register out_lane[3].mult_lane[0].operand_pipe.sums_q_reg[0][3][0] is absorbed into DSP out_lane[3].mult_lane[0].operand_pipe.sums_q_reg[0][3][0].
DSP Report: operator out_lane[3].mult_lane[0].operand_pipe.product_q is absorbed into DSP out_lane[3].mult_lane[0].operand_pipe.sums_q_reg[0][3][0].
DSP Report: Generating DSP out_lane[2].mult_lane[7].operand_pipe.sums_q_reg[0][2][7], operation Mode is: (A*B)'.
DSP Report: register out_lane[2].mult_lane[7].operand_pipe.sums_q_reg[0][2][7] is absorbed into DSP out_lane[2].mult_lane[7].operand_pipe.sums_q_reg[0][2][7].
DSP Report: operator out_lane[2].mult_lane[7].operand_pipe.product_q is absorbed into DSP out_lane[2].mult_lane[7].operand_pipe.sums_q_reg[0][2][7].
DSP Report: Generating DSP out_lane[2].mult_lane[6].operand_pipe.sums_q_reg[0][2][6], operation Mode is: (A*B)'.
DSP Report: register out_lane[2].mult_lane[6].operand_pipe.sums_q_reg[0][2][6] is absorbed into DSP out_lane[2].mult_lane[6].operand_pipe.sums_q_reg[0][2][6].
DSP Report: operator out_lane[2].mult_lane[6].operand_pipe.product_q is absorbed into DSP out_lane[2].mult_lane[6].operand_pipe.sums_q_reg[0][2][6].
DSP Report: Generating DSP out_lane[2].mult_lane[5].operand_pipe.sums_q_reg[0][2][5], operation Mode is: (A*B)'.
DSP Report: register out_lane[2].mult_lane[5].operand_pipe.sums_q_reg[0][2][5] is absorbed into DSP out_lane[2].mult_lane[5].operand_pipe.sums_q_reg[0][2][5].
DSP Report: operator out_lane[2].mult_lane[5].operand_pipe.product_q is absorbed into DSP out_lane[2].mult_lane[5].operand_pipe.sums_q_reg[0][2][5].
DSP Report: Generating DSP out_lane[2].mult_lane[4].operand_pipe.sums_q_reg[0][2][4], operation Mode is: (A*B)'.
DSP Report: register out_lane[2].mult_lane[4].operand_pipe.sums_q_reg[0][2][4] is absorbed into DSP out_lane[2].mult_lane[4].operand_pipe.sums_q_reg[0][2][4].
DSP Report: operator out_lane[2].mult_lane[4].operand_pipe.product_q is absorbed into DSP out_lane[2].mult_lane[4].operand_pipe.sums_q_reg[0][2][4].
DSP Report: Generating DSP out_lane[2].mult_lane[3].operand_pipe.sums_q_reg[0][2][3], operation Mode is: (A*B)'.
DSP Report: register out_lane[2].mult_lane[3].operand_pipe.sums_q_reg[0][2][3] is absorbed into DSP out_lane[2].mult_lane[3].operand_pipe.sums_q_reg[0][2][3].
DSP Report: operator out_lane[2].mult_lane[3].operand_pipe.product_q is absorbed into DSP out_lane[2].mult_lane[3].operand_pipe.sums_q_reg[0][2][3].
DSP Report: Generating DSP out_lane[2].mult_lane[2].operand_pipe.sums_q_reg[0][2][2], operation Mode is: (A*B)'.
DSP Report: register out_lane[2].mult_lane[2].operand_pipe.sums_q_reg[0][2][2] is absorbed into DSP out_lane[2].mult_lane[2].operand_pipe.sums_q_reg[0][2][2].
DSP Report: operator out_lane[2].mult_lane[2].operand_pipe.product_q is absorbed into DSP out_lane[2].mult_lane[2].operand_pipe.sums_q_reg[0][2][2].
DSP Report: Generating DSP out_lane[2].mult_lane[1].operand_pipe.sums_q_reg[0][2][1], operation Mode is: (A*B)'.
DSP Report: register out_lane[2].mult_lane[1].operand_pipe.sums_q_reg[0][2][1] is absorbed into DSP out_lane[2].mult_lane[1].operand_pipe.sums_q_reg[0][2][1].
DSP Report: operator out_lane[2].mult_lane[1].operand_pipe.product_q is absorbed into DSP out_lane[2].mult_lane[1].operand_pipe.sums_q_reg[0][2][1].
DSP Report: Generating DSP out_lane[2].mult_lane[0].operand_pipe.sums_q_reg[0][2][0], operation Mode is: (A*B)'.
DSP Report: register out_lane[2].mult_lane[0].operand_pipe.sums_q_reg[0][2][0] is absorbed into DSP out_lane[2].mult_lane[0].operand_pipe.sums_q_reg[0][2][0].
DSP Report: operator out_lane[2].mult_lane[0].operand_pipe.product_q is absorbed into DSP out_lane[2].mult_lane[0].operand_pipe.sums_q_reg[0][2][0].
INFO: [Synth 8-12192] Not enough pipeline registers after wide multiplier. Pipeline registers present is 1. Recommended levels of pipeline registers is 2. [V:/experiments/timing_200_20260926/requant_pipe/prelu_requantize.sv:107]
INFO: [Synth 8-12192] Not enough pipeline registers after wide multiplier. Pipeline registers present is 1. Recommended levels of pipeline registers is 4. [V:/experiments/timing_200_20260926/requant_pipe/prelu_requantize.sv:187]
DSP Report: Generating DSP prelu_product_s10, operation Mode is: A*B.
DSP Report: operator prelu_product_s10 is absorbed into DSP prelu_product_s10.
DSP Report: operator prelu_product_s10 is absorbed into DSP prelu_product_s10.
DSP Report: Generating DSP prelu_product_s1_reg, operation Mode is: (PCIN>>17)+A*B.
DSP Report: register prelu_product_s1_reg is absorbed into DSP prelu_product_s1_reg.
DSP Report: operator prelu_product_s10 is absorbed into DSP prelu_product_s1_reg.
DSP Report: operator prelu_product_s10 is absorbed into DSP prelu_product_s1_reg.
DSP Report: Generating DSP requant_product_s50, operation Mode is: A''*B2.
DSP Report: register prelu_value_s4_reg is absorbed into DSP requant_product_s50.
DSP Report: register requant_product_s50 is absorbed into DSP requant_product_s50.
DSP Report: register requant_product_s50 is absorbed into DSP requant_product_s50.
DSP Report: operator requant_product_s50 is absorbed into DSP requant_product_s50.
DSP Report: operator requant_product_s50 is absorbed into DSP requant_product_s50.
DSP Report: Generating DSP requant_product_s5_reg, operation Mode is: (PCIN>>17)+A2*B''.
DSP Report: register multiplier_s3_reg is absorbed into DSP requant_product_s5_reg.
DSP Report: register multiplier_s4_reg is absorbed into DSP requant_product_s5_reg.
DSP Report: register prelu_value_s4_reg is absorbed into DSP requant_product_s5_reg.
DSP Report: register requant_product_s5_reg is absorbed into DSP requant_product_s5_reg.
DSP Report: operator requant_product_s50 is absorbed into DSP requant_product_s5_reg.
DSP Report: operator requant_product_s50 is absorbed into DSP requant_product_s5_reg.
DSP Report: Generating DSP requant_product_s50, operation Mode is: A2*B''.
DSP Report: register requant_product_s50 is absorbed into DSP requant_product_s50.
DSP Report: register requant_product_s50 is absorbed into DSP requant_product_s50.
DSP Report: register requant_product_s50 is absorbed into DSP requant_product_s50.
DSP Report: operator requant_product_s50 is absorbed into DSP requant_product_s50.
DSP Report: operator requant_product_s50 is absorbed into DSP requant_product_s50.
DSP Report: Generating DSP requant_product_s5_reg, operation Mode is: (PCIN>>17)+A2*B''.
DSP Report: register multiplier_s3_reg is absorbed into DSP requant_product_s5_reg.
DSP Report: register multiplier_s4_reg is absorbed into DSP requant_product_s5_reg.
DSP Report: register requant_product_s5_reg is absorbed into DSP requant_product_s5_reg.
DSP Report: register requant_product_s5_reg is absorbed into DSP requant_product_s5_reg.
DSP Report: operator requant_product_s50 is absorbed into DSP requant_product_s5_reg.
DSP Report: operator requant_product_s50 is absorbed into DSP requant_product_s5_reg.
INFO: [Synth 8-12192] Not enough pipeline registers after wide multiplier. Pipeline registers present is 1. Recommended levels of pipeline registers is 2. [V:/experiments/timing_200_20260926/requant_pipe/prelu_requantize.sv:107]
INFO: [Synth 8-12192] Not enough pipeline registers after wide multiplier. Pipeline registers present is 1. Recommended levels of pipeline registers is 4. [V:/experiments/timing_200_20260926/requant_pipe/prelu_requantize.sv:187]
DSP Report: Generating DSP prelu_product_s10, operation Mode is: A*B.
DSP Report: operator prelu_product_s10 is absorbed into DSP prelu_product_s10.
DSP Report: operator prelu_product_s10 is absorbed into DSP prelu_product_s10.
DSP Report: Generating DSP prelu_product_s1_reg, operation Mode is: (PCIN>>17)+A*B.
DSP Report: register prelu_product_s1_reg is absorbed into DSP prelu_product_s1_reg.
DSP Report: operator prelu_product_s10 is absorbed into DSP prelu_product_s1_reg.
DSP Report: operator prelu_product_s10 is absorbed into DSP prelu_product_s1_reg.
DSP Report: Generating DSP requant_product_s50, operation Mode is: A''*B2.
DSP Report: register prelu_value_s4_reg is absorbed into DSP requant_product_s50.
DSP Report: register requant_product_s50 is absorbed into DSP requant_product_s50.
DSP Report: register requant_product_s50 is absorbed into DSP requant_product_s50.
DSP Report: operator requant_product_s50 is absorbed into DSP requant_product_s50.
DSP Report: operator requant_product_s50 is absorbed into DSP requant_product_s50.
DSP Report: Generating DSP requant_product_s5_reg, operation Mode is: (PCIN>>17)+A2*B''.
DSP Report: register multiplier_s3_reg is absorbed into DSP requant_product_s5_reg.
DSP Report: register multiplier_s4_reg is absorbed into DSP requant_product_s5_reg.
DSP Report: register prelu_value_s4_reg is absorbed into DSP requant_product_s5_reg.
DSP Report: register requant_product_s5_reg is absorbed into DSP requant_product_s5_reg.
DSP Report: operator requant_product_s50 is absorbed into DSP requant_product_s5_reg.
DSP Report: operator requant_product_s50 is absorbed into DSP requant_product_s5_reg.
DSP Report: Generating DSP requant_product_s50, operation Mode is: A2*B''.
DSP Report: register requant_product_s50 is absorbed into DSP requant_product_s50.
DSP Report: register requant_product_s50 is absorbed into DSP requant_product_s50.
DSP Report: register requant_product_s50 is absorbed into DSP requant_product_s50.
DSP Report: operator requant_product_s50 is absorbed into DSP requant_product_s50.
DSP Report: operator requant_product_s50 is absorbed into DSP requant_product_s50.
DSP Report: Generating DSP requant_product_s5_reg, operation Mode is: (PCIN>>17)+A2*B''.
DSP Report: register multiplier_s3_reg is absorbed into DSP requant_product_s5_reg.
DSP Report: register multiplier_s4_reg is absorbed into DSP requant_product_s5_reg.
DSP Report: register requant_product_s5_reg is absorbed into DSP requant_product_s5_reg.
DSP Report: register requant_product_s5_reg is absorbed into DSP requant_product_s5_reg.
DSP Report: operator requant_product_s50 is absorbed into DSP requant_product_s5_reg.
DSP Report: operator requant_product_s50 is absorbed into DSP requant_product_s5_reg.
WARNING: [Synth 8-3917] design vector_postprocess_shared__GBM0 has port P[4] driven by constant 0
WARNING: [Synth 8-3917] design vector_postprocess_shared__GBM0 has port P[3] driven by constant 0
WARNING: [Synth 8-3917] design vector_postprocess_shared__GBM0 has port P[2] driven by constant 0
WARNING: [Synth 8-3917] design vector_postprocess_shared__GBM0 has port P[1] driven by constant 0
WARNING: [Synth 8-3917] design vector_postprocess_shared__GBM0 has port P[0] driven by constant 0
WARNING: [Synth 8-3917] design vector_postprocess_shared__GBM0 has port O3[4] driven by constant 0
WARNING: [Synth 8-3917] design vector_postprocess_shared__GBM0 has port O3[3] driven by constant 0
WARNING: [Synth 8-3917] design vector_postprocess_shared__GBM0 has port O3[2] driven by constant 0
WARNING: [Synth 8-3917] design vector_postprocess_shared__GBM0 has port O3[1] driven by constant 0
WARNING: [Synth 8-3917] design vector_postprocess_shared__GBM0 has port O3[0] driven by constant 0
WARNING: [Synth 8-3332] Sequential element (prelu_product_s1_reg[47]) is unused and will be removed from module prelu_requantize__1.
WARNING: [Synth 8-3332] Sequential element (prelu_product_s1_reg[46]) is unused and will be removed from module prelu_requantize__1.
WARNING: [Synth 8-3332] Sequential element (prelu_product_s1_reg[45]) is unused and will be removed from module prelu_requantize__1.
WARNING: [Synth 8-3332] Sequential element (prelu_product_s1_reg[44]) is unused and will be removed from module prelu_requantize__1.
WARNING: [Synth 8-3332] Sequential element (prelu_product_s1_reg[43]) is unused and will be removed from module prelu_requantize__1.
WARNING: [Synth 8-3332] Sequential element (prelu_product_s1_reg[42]) is unused and will be removed from module prelu_requantize__1.
WARNING: [Synth 8-3332] Sequential element (prelu_product_s1_reg[41]) is unused and will be removed from module prelu_requantize__1.
WARNING: [Synth 8-3332] Sequential element (prelu_product_s1_reg[40]) is unused and will be removed from module prelu_requantize__1.
WARNING: [Synth 8-3332] Sequential element (prelu_product_s1_reg[39]) is unused and will be removed from module prelu_requantize__1.
WARNING: [Synth 8-3332] Sequential element (prelu_product_s1_reg[38]) is unused and will be removed from module prelu_requantize__1.
WARNING: [Synth 8-3332] Sequential element (prelu_product_s1_reg[37]) is unused and will be removed from module prelu_requantize__1.
WARNING: [Synth 8-3332] Sequential element (prelu_product_s1_reg[36]) is unused and will be removed from module prelu_requantize__1.
WARNING: [Synth 8-3332] Sequential element (prelu_product_s1_reg[35]) is unused and will be removed from module prelu_requantize__1.
WARNING: [Synth 8-3332] Sequential element (prelu_product_s1_reg[34]) is unused and will be removed from module prelu_requantize__1.
WARNING: [Synth 8-3332] Sequential element (prelu_product_s1_reg[33]) is unused and will be removed from module prelu_requantize__1.
WARNING: [Synth 8-3332] Sequential element (prelu_product_s1_reg[32]) is unused and will be removed from module prelu_requantize__1.
WARNING: [Synth 8-3332] Sequential element (prelu_product_s1_reg[31]) is unused and will be removed from module prelu_requantize__1.
WARNING: [Synth 8-3332] Sequential element (prelu_product_s1_reg[30]) is unused and will be removed from module prelu_requantize__1.
WARNING: [Synth 8-3332] Sequential element (prelu_product_s1_reg[29]) is unused and will be removed from module prelu_requantize__1.
WARNING: [Synth 8-3332] Sequential element (prelu_product_s1_reg[28]) is unused and will be removed from module prelu_requantize__1.
WARNING: [Synth 8-3332] Sequential element (prelu_product_s1_reg[27]) is unused and will be removed from module prelu_requantize__1.
WARNING: [Synth 8-3332] Sequential element (prelu_product_s1_reg[26]) is unused and will be removed from module prelu_requantize__1.
WARNING: [Synth 8-3332] Sequential element (prelu_product_s1_reg[25]) is unused and will be removed from module prelu_requantize__1.
WARNING: [Synth 8-3332] Sequential element (prelu_product_s1_reg[24]) is unused and will be removed from module prelu_requantize__1.
WARNING: [Synth 8-3332] Sequential element (prelu_product_s1_reg[23]) is unused and will be removed from module prelu_requantize__1.
WARNING: [Synth 8-3332] Sequential element (prelu_product_s1_reg[22]) is unused and will be removed from module prelu_requantize__1.
WARNING: [Synth 8-3332] Sequential element (prelu_product_s1_reg[21]) is unused and will be removed from module prelu_requantize__1.
WARNING: [Synth 8-3332] Sequential element (prelu_product_s1_reg[20]) is unused and will be removed from module prelu_requantize__1.
WARNING: [Synth 8-3332] Sequential element (prelu_product_s1_reg[19]) is unused and will be removed from module prelu_requantize__1.
WARNING: [Synth 8-3332] Sequential element (prelu_product_s1_reg[18]) is unused and will be removed from module prelu_requantize__1.
WARNING: [Synth 8-3332] Sequential element (prelu_product_s1_reg[17]) is unused and will be removed from module prelu_requantize__1.
WARNING: [Synth 8-3332] Sequential element (requant_product_s5_reg[47]) is unused and will be removed from module prelu_requantize__1.
WARNING: [Synth 8-3332] Sequential element (requant_product_s5_reg[46]) is unused and will be removed from module prelu_requantize__1.
WARNING: [Synth 8-3332] Sequential element (requant_product_s5_reg[45]) is unused and will be removed from module prelu_requantize__1.
WARNING: [Synth 8-3332] Sequential element (requant_product_s5_reg[44]) is unused and will be removed from module prelu_requantize__1.
WARNING: [Synth 8-3332] Sequential element (requant_product_s5_reg[43]) is unused and will be removed from module prelu_requantize__1.
WARNING: [Synth 8-3332] Sequential element (requant_product_s5_reg[42]) is unused and will be removed from module prelu_requantize__1.
WARNING: [Synth 8-3332] Sequential element (requant_product_s5_reg[41]) is unused and will be removed from module prelu_requantize__1.
WARNING: [Synth 8-3332] Sequential element (requant_product_s5_reg[40]) is unused and will be removed from module prelu_requantize__1.
WARNING: [Synth 8-3332] Sequential element (requant_product_s5_reg[39]) is unused and will be removed from module prelu_requantize__1.
WARNING: [Synth 8-3332] Sequential element (requant_product_s5_reg[38]) is unused and will be removed from module prelu_requantize__1.
WARNING: [Synth 8-3332] Sequential element (requant_product_s5_reg[37]) is unused and will be removed from module prelu_requantize__1.
WARNING: [Synth 8-3332] Sequential element (requant_product_s5_reg[36]) is unused and will be removed from module prelu_requantize__1.
WARNING: [Synth 8-3332] Sequential element (requant_product_s5_reg[35]) is unused and will be removed from module prelu_requantize__1.
WARNING: [Synth 8-3332] Sequential element (requant_product_s5_reg[34]) is unused and will be removed from module prelu_requantize__1.
WARNING: [Synth 8-3332] Sequential element (requant_product_s5_reg[33]) is unused and will be removed from module prelu_requantize__1.
WARNING: [Synth 8-3332] Sequential element (requant_product_s5_reg[32]) is unused and will be removed from module prelu_requantize__1.
WARNING: [Synth 8-3332] Sequential element (requant_product_s5_reg[31]) is unused and will be removed from module prelu_requantize__1.
WARNING: [Synth 8-3332] Sequential element (requant_product_s5_reg[30]) is unused and will be removed from module prelu_requantize__1.
WARNING: [Synth 8-3332] Sequential element (requant_product_s5_reg[29]) is unused and will be removed from module prelu_requantize__1.
WARNING: [Synth 8-3332] Sequential element (requant_product_s5_reg[28]) is unused and will be removed from module prelu_requantize__1.
WARNING: [Synth 8-3332] Sequential element (requant_product_s5_reg[27]) is unused and will be removed from module prelu_requantize__1.
WARNING: [Synth 8-3332] Sequential element (requant_product_s5_reg[26]) is unused and will be removed from module prelu_requantize__1.
WARNING: [Synth 8-3332] Sequential element (requant_product_s5_reg[25]) is unused and will be removed from module prelu_requantize__1.
WARNING: [Synth 8-3332] Sequential element (requant_product_s5_reg[24]) is unused and will be removed from module prelu_requantize__1.
WARNING: [Synth 8-3332] Sequential element (requant_product_s5_reg[23]) is unused and will be removed from module prelu_requantize__1.
WARNING: [Synth 8-3332] Sequential element (requant_product_s5_reg[22]) is unused and will be removed from module prelu_requantize__1.
WARNING: [Synth 8-3332] Sequential element (requant_product_s5_reg[21]) is unused and will be removed from module prelu_requantize__1.
WARNING: [Synth 8-3332] Sequential element (requant_product_s5_reg[20]) is unused and will be removed from module prelu_requantize__1.
WARNING: [Synth 8-3332] Sequential element (requant_product_s5_reg[19]) is unused and will be removed from module prelu_requantize__1.
WARNING: [Synth 8-3332] Sequential element (requant_product_s5_reg[18]) is unused and will be removed from module prelu_requantize__1.
WARNING: [Synth 8-3332] Sequential element (requant_product_s5_reg[17]) is unused and will be removed from module prelu_requantize__1.
WARNING: [Synth 8-3332] Sequential element (requant_product_s5_reg[47]__0) is unused and will be removed from module prelu_requantize__1.
WARNING: [Synth 8-3332] Sequential element (requant_product_s5_reg[46]__0) is unused and will be removed from module prelu_requantize__1.
WARNING: [Synth 8-3332] Sequential element (requant_product_s5_reg[45]__0) is unused and will be removed from module prelu_requantize__1.
WARNING: [Synth 8-3332] Sequential element (requant_product_s5_reg[44]__0) is unused and will be removed from module prelu_requantize__1.
WARNING: [Synth 8-3332] Sequential element (requant_product_s5_reg[43]__0) is unused and will be removed from module prelu_requantize__1.
WARNING: [Synth 8-3332] Sequential element (requant_product_s5_reg[42]__0) is unused and will be removed from module prelu_requantize__1.
WARNING: [Synth 8-3332] Sequential element (requant_product_s5_reg[41]__0) is unused and will be removed from module prelu_requantize__1.
WARNING: [Synth 8-3332] Sequential element (requant_product_s5_reg[40]__0) is unused and will be removed from module prelu_requantize__1.
WARNING: [Synth 8-3332] Sequential element (requant_product_s5_reg[39]__0) is unused and will be removed from module prelu_requantize__1.
WARNING: [Synth 8-3332] Sequential element (requant_product_s5_reg[38]__0) is unused and will be removed from module prelu_requantize__1.
WARNING: [Synth 8-3332] Sequential element (requant_product_s5_reg[37]__0) is unused and will be removed from module prelu_requantize__1.
WARNING: [Synth 8-3332] Sequential element (requant_product_s5_reg[36]__0) is unused and will be removed from module prelu_requantize__1.
WARNING: [Synth 8-3332] Sequential element (requant_product_s5_reg[35]__0) is unused and will be removed from module prelu_requantize__1.
WARNING: [Synth 8-3332] Sequential element (requant_product_s5_reg[34]__0) is unused and will be removed from module prelu_requantize__1.
WARNING: [Synth 8-3332] Sequential element (requant_product_s5_reg[33]__0) is unused and will be removed from module prelu_requantize__1.
WARNING: [Synth 8-3332] Sequential element (requant_product_s5_reg[32]__0) is unused and will be removed from module prelu_requantize__1.
WARNING: [Synth 8-3332] Sequential element (requant_product_s5_reg[31]__0) is unused and will be removed from module prelu_requantize__1.
WARNING: [Synth 8-3332] Sequential element (requant_product_s5_reg[30]__0) is unused and will be removed from module prelu_requantize__1.
WARNING: [Synth 8-3332] Sequential element (requant_product_s5_reg[29]__0) is unused and will be removed from module prelu_requantize__1.
WARNING: [Synth 8-3332] Sequential element (requant_product_s5_reg[28]__0) is unused and will be removed from module prelu_requantize__1.
WARNING: [Synth 8-3332] Sequential element (requant_product_s5_reg[27]__0) is unused and will be removed from module prelu_requantize__1.
WARNING: [Synth 8-3332] Sequential element (requant_product_s5_reg[26]__0) is unused and will be removed from module prelu_requantize__1.
WARNING: [Synth 8-3332] Sequential element (requant_product_s5_reg[25]__0) is unused and will be removed from module prelu_requantize__1.
WARNING: [Synth 8-3332] Sequential element (requant_product_s5_reg[24]__0) is unused and will be removed from module prelu_requantize__1.
WARNING: [Synth 8-3332] Sequential element (requant_product_s5_reg[23]__0) is unused and will be removed from module prelu_requantize__1.
WARNING: [Synth 8-3332] Sequential element (requant_product_s5_reg[22]__0) is unused and will be removed from module prelu_requantize__1.
WARNING: [Synth 8-3332] Sequential element (requant_product_s5_reg[21]__0) is unused and will be removed from module prelu_requantize__1.
WARNING: [Synth 8-3332] Sequential element (requant_product_s5_reg[20]__0) is unused and will be removed from module prelu_requantize__1.
WARNING: [Synth 8-3332] Sequential element (requant_product_s5_reg[19]__0) is unused and will be removed from module prelu_requantize__1.
WARNING: [Synth 8-3332] Sequential element (requant_product_s5_reg[18]__0) is unused and will be removed from module prelu_requantize__1.
WARNING: [Synth 8-3332] Sequential element (requant_product_s5_reg[17]__0) is unused and will be removed from module prelu_requantize__1.
WARNING: [Synth 8-3332] Sequential element (prelu_product_s1_reg[47]) is unused and will be removed from module prelu_requantize__2.
WARNING: [Synth 8-3332] Sequential element (prelu_product_s1_reg[46]) is unused and will be removed from module prelu_requantize__2.
WARNING: [Synth 8-3332] Sequential element (prelu_product_s1_reg[45]) is unused and will be removed from module prelu_requantize__2.
WARNING: [Synth 8-3332] Sequential element (prelu_product_s1_reg[44]) is unused and will be removed from module prelu_requantize__2.
WARNING: [Synth 8-3332] Sequential element (prelu_product_s1_reg[43]) is unused and will be removed from module prelu_requantize__2.
WARNING: [Synth 8-3332] Sequential element (prelu_product_s1_reg[42]) is unused and will be removed from module prelu_requantize__2.
WARNING: [Synth 8-3332] Sequential element (prelu_product_s1_reg[41]) is unused and will be removed from module prelu_requantize__2.
INFO: [Common 17-14] Message 'Synth 8-3332' appears 100 times and further instances of the messages will be disabled. Use the Tcl command set_msg_config to change the current settings.
INFO: [Common 17-14] Message 'Synth 8-3332' appears 100 times and further instances of the messages will be disabled. Use the Tcl command set_msg_config to change the current settings.
INFO: [Synth 8-4471] merging register 'meta_group_reg[8][3:0]' into 'meta_group_reg[8][3:0]' [V:/experiments/timing_200_20260926/requant_pipe/vector_postprocess_shared.sv:91]
WARNING: [Synth 8-3917] design vector_postprocess_shared__GBM3 has port P[5] driven by constant 0
WARNING: [Synth 8-3917] design vector_postprocess_shared__GBM3 has port P[0] driven by constant 0
WARNING: [Synth 8-3917] design vector_postprocess_shared__GBM3 has port O9[0] driven by constant 1
DSP Report: Generating DSP tree_stage[1].channel[0].node[12].single.sums_q_reg[1][0][12], operation Mode is: (A*B)'.
DSP Report: register tree_stage[1].channel[0].node[12].single.sums_q_reg[1][0][12] is absorbed into DSP tree_stage[1].channel[0].node[12].single.sums_q_reg[1][0][12].
DSP Report: register out_lane[0].mult_lane[24].operand_pipe.sums_q_reg[0][0][24] is absorbed into DSP tree_stage[1].channel[0].node[12].single.sums_q_reg[1][0][12].
DSP Report: operator out_lane[0].mult_lane[24].operand_pipe.product_q is absorbed into DSP tree_stage[1].channel[0].node[12].single.sums_q_reg[1][0][12].
DSP Report: Generating DSP out_lane[0].mult_lane[23].operand_pipe.sums_q_reg[0][0][23], operation Mode is: (A*B)'.
DSP Report: register out_lane[0].mult_lane[23].operand_pipe.sums_q_reg[0][0][23] is absorbed into DSP out_lane[0].mult_lane[23].operand_pipe.sums_q_reg[0][0][23].
DSP Report: operator out_lane[0].mult_lane[23].operand_pipe.product_q is absorbed into DSP out_lane[0].mult_lane[23].operand_pipe.sums_q_reg[0][0][23].
DSP Report: Generating DSP out_lane[0].mult_lane[22].operand_pipe.sums_q_reg[0][0][22], operation Mode is: (A*B)'.
DSP Report: register out_lane[0].mult_lane[22].operand_pipe.sums_q_reg[0][0][22] is absorbed into DSP out_lane[0].mult_lane[22].operand_pipe.sums_q_reg[0][0][22].
DSP Report: operator out_lane[0].mult_lane[22].operand_pipe.product_q is absorbed into DSP out_lane[0].mult_lane[22].operand_pipe.sums_q_reg[0][0][22].
DSP Report: Generating DSP out_lane[0].mult_lane[21].operand_pipe.sums_q_reg[0][0][21], operation Mode is: (A*B)'.
DSP Report: register out_lane[0].mult_lane[21].operand_pipe.sums_q_reg[0][0][21] is absorbed into DSP out_lane[0].mult_lane[21].operand_pipe.sums_q_reg[0][0][21].
DSP Report: operator out_lane[0].mult_lane[21].operand_pipe.product_q is absorbed into DSP out_lane[0].mult_lane[21].operand_pipe.sums_q_reg[0][0][21].
DSP Report: Generating DSP out_lane[0].mult_lane[20].operand_pipe.sums_q_reg[0][0][20], operation Mode is: (A*B)'.
DSP Report: register out_lane[0].mult_lane[20].operand_pipe.sums_q_reg[0][0][20] is absorbed into DSP out_lane[0].mult_lane[20].operand_pipe.sums_q_reg[0][0][20].
DSP Report: operator out_lane[0].mult_lane[20].operand_pipe.product_q is absorbed into DSP out_lane[0].mult_lane[20].operand_pipe.sums_q_reg[0][0][20].
DSP Report: Generating DSP out_lane[0].mult_lane[19].operand_pipe.sums_q_reg[0][0][19], operation Mode is: (A*B)'.
DSP Report: register out_lane[0].mult_lane[19].operand_pipe.sums_q_reg[0][0][19] is absorbed into DSP out_lane[0].mult_lane[19].operand_pipe.sums_q_reg[0][0][19].
DSP Report: operator out_lane[0].mult_lane[19].operand_pipe.product_q is absorbed into DSP out_lane[0].mult_lane[19].operand_pipe.sums_q_reg[0][0][19].
DSP Report: Generating DSP out_lane[0].mult_lane[18].operand_pipe.sums_q_reg[0][0][18], operation Mode is: (A*B)'.
DSP Report: register out_lane[0].mult_lane[18].operand_pipe.sums_q_reg[0][0][18] is absorbed into DSP out_lane[0].mult_lane[18].operand_pipe.sums_q_reg[0][0][18].
DSP Report: operator out_lane[0].mult_lane[18].operand_pipe.product_q is absorbed into DSP out_lane[0].mult_lane[18].operand_pipe.sums_q_reg[0][0][18].
DSP Report: Generating DSP out_lane[0].mult_lane[17].operand_pipe.sums_q_reg[0][0][17], operation Mode is: (A*B)'.
DSP Report: register out_lane[0].mult_lane[17].operand_pipe.sums_q_reg[0][0][17] is absorbed into DSP out_lane[0].mult_lane[17].operand_pipe.sums_q_reg[0][0][17].
DSP Report: operator out_lane[0].mult_lane[17].operand_pipe.product_q is absorbed into DSP out_lane[0].mult_lane[17].operand_pipe.sums_q_reg[0][0][17].
DSP Report: Generating DSP out_lane[0].mult_lane[16].operand_pipe.sums_q_reg[0][0][16], operation Mode is: (A*B)'.
DSP Report: register out_lane[0].mult_lane[16].operand_pipe.sums_q_reg[0][0][16] is absorbed into DSP out_lane[0].mult_lane[16].operand_pipe.sums_q_reg[0][0][16].
DSP Report: operator out_lane[0].mult_lane[16].operand_pipe.product_q is absorbed into DSP out_lane[0].mult_lane[16].operand_pipe.sums_q_reg[0][0][16].
DSP Report: Generating DSP out_lane[0].mult_lane[15].operand_pipe.sums_q_reg[0][0][15], operation Mode is: (A*B)'.
DSP Report: register out_lane[0].mult_lane[15].operand_pipe.sums_q_reg[0][0][15] is absorbed into DSP out_lane[0].mult_lane[15].operand_pipe.sums_q_reg[0][0][15].
DSP Report: operator out_lane[0].mult_lane[15].operand_pipe.product_q is absorbed into DSP out_lane[0].mult_lane[15].operand_pipe.sums_q_reg[0][0][15].
DSP Report: Generating DSP out_lane[0].mult_lane[14].operand_pipe.sums_q_reg[0][0][14], operation Mode is: (A*B)'.
DSP Report: register out_lane[0].mult_lane[14].operand_pipe.sums_q_reg[0][0][14] is absorbed into DSP out_lane[0].mult_lane[14].operand_pipe.sums_q_reg[0][0][14].
DSP Report: operator out_lane[0].mult_lane[14].operand_pipe.product_q is absorbed into DSP out_lane[0].mult_lane[14].operand_pipe.sums_q_reg[0][0][14].
DSP Report: Generating DSP out_lane[0].mult_lane[13].operand_pipe.sums_q_reg[0][0][13], operation Mode is: (A*B)'.
DSP Report: register out_lane[0].mult_lane[13].operand_pipe.sums_q_reg[0][0][13] is absorbed into DSP out_lane[0].mult_lane[13].operand_pipe.sums_q_reg[0][0][13].
DSP Report: operator out_lane[0].mult_lane[13].operand_pipe.product_q is absorbed into DSP out_lane[0].mult_lane[13].operand_pipe.sums_q_reg[0][0][13].
DSP Report: Generating DSP out_lane[0].mult_lane[12].operand_pipe.sums_q_reg[0][0][12], operation Mode is: (A*B)'.
DSP Report: register out_lane[0].mult_lane[12].operand_pipe.sums_q_reg[0][0][12] is absorbed into DSP out_lane[0].mult_lane[12].operand_pipe.sums_q_reg[0][0][12].
DSP Report: operator out_lane[0].mult_lane[12].operand_pipe.product_q is absorbed into DSP out_lane[0].mult_lane[12].operand_pipe.sums_q_reg[0][0][12].
DSP Report: Generating DSP out_lane[0].mult_lane[11].operand_pipe.sums_q_reg[0][0][11], operation Mode is: (A*B)'.
DSP Report: register out_lane[0].mult_lane[11].operand_pipe.sums_q_reg[0][0][11] is absorbed into DSP out_lane[0].mult_lane[11].operand_pipe.sums_q_reg[0][0][11].
DSP Report: operator out_lane[0].mult_lane[11].operand_pipe.product_q is absorbed into DSP out_lane[0].mult_lane[11].operand_pipe.sums_q_reg[0][0][11].
DSP Report: Generating DSP out_lane[0].mult_lane[10].operand_pipe.sums_q_reg[0][0][10], operation Mode is: (A*B)'.
DSP Report: register out_lane[0].mult_lane[10].operand_pipe.sums_q_reg[0][0][10] is absorbed into DSP out_lane[0].mult_lane[10].operand_pipe.sums_q_reg[0][0][10].
DSP Report: operator out_lane[0].mult_lane[10].operand_pipe.product_q is absorbed into DSP out_lane[0].mult_lane[10].operand_pipe.sums_q_reg[0][0][10].
DSP Report: Generating DSP out_lane[0].mult_lane[9].operand_pipe.sums_q_reg[0][0][9], operation Mode is: (A*B)'.
DSP Report: register out_lane[0].mult_lane[9].operand_pipe.sums_q_reg[0][0][9] is absorbed into DSP out_lane[0].mult_lane[9].operand_pipe.sums_q_reg[0][0][9].
DSP Report: operator out_lane[0].mult_lane[9].operand_pipe.product_q is absorbed into DSP out_lane[0].mult_lane[9].operand_pipe.sums_q_reg[0][0][9].
DSP Report: Generating DSP out_lane[0].mult_lane[8].operand_pipe.sums_q_reg[0][0][8], operation Mode is: (A*B)'.
DSP Report: register out_lane[0].mult_lane[8].operand_pipe.sums_q_reg[0][0][8] is absorbed into DSP out_lane[0].mult_lane[8].operand_pipe.sums_q_reg[0][0][8].
DSP Report: operator out_lane[0].mult_lane[8].operand_pipe.product_q is absorbed into DSP out_lane[0].mult_lane[8].operand_pipe.sums_q_reg[0][0][8].
DSP Report: Generating DSP out_lane[0].mult_lane[7].operand_pipe.sums_q_reg[0][0][7], operation Mode is: (A*B)'.
DSP Report: register out_lane[0].mult_lane[7].operand_pipe.sums_q_reg[0][0][7] is absorbed into DSP out_lane[0].mult_lane[7].operand_pipe.sums_q_reg[0][0][7].
DSP Report: operator out_lane[0].mult_lane[7].operand_pipe.product_q is absorbed into DSP out_lane[0].mult_lane[7].operand_pipe.sums_q_reg[0][0][7].
DSP Report: Generating DSP out_lane[0].mult_lane[6].operand_pipe.sums_q_reg[0][0][6], operation Mode is: (A*B)'.
DSP Report: register out_lane[0].mult_lane[6].operand_pipe.sums_q_reg[0][0][6] is absorbed into DSP out_lane[0].mult_lane[6].operand_pipe.sums_q_reg[0][0][6].
DSP Report: operator out_lane[0].mult_lane[6].operand_pipe.product_q is absorbed into DSP out_lane[0].mult_lane[6].operand_pipe.sums_q_reg[0][0][6].
DSP Report: Generating DSP out_lane[0].mult_lane[5].operand_pipe.sums_q_reg[0][0][5], operation Mode is: (A*B)'.
DSP Report: register out_lane[0].mult_lane[5].operand_pipe.sums_q_reg[0][0][5] is absorbed into DSP out_lane[0].mult_lane[5].operand_pipe.sums_q_reg[0][0][5].
DSP Report: operator out_lane[0].mult_lane[5].operand_pipe.product_q is absorbed into DSP out_lane[0].mult_lane[5].operand_pipe.sums_q_reg[0][0][5].
DSP Report: Generating DSP out_lane[0].mult_lane[4].operand_pipe.sums_q_reg[0][0][4], operation Mode is: (A*B)'.
DSP Report: register out_lane[0].mult_lane[4].operand_pipe.sums_q_reg[0][0][4] is absorbed into DSP out_lane[0].mult_lane[4].operand_pipe.sums_q_reg[0][0][4].
DSP Report: operator out_lane[0].mult_lane[4].operand_pipe.product_q is absorbed into DSP out_lane[0].mult_lane[4].operand_pipe.sums_q_reg[0][0][4].
DSP Report: Generating DSP out_lane[0].mult_lane[3].operand_pipe.sums_q_reg[0][0][3], operation Mode is: (A*B)'.
DSP Report: register out_lane[0].mult_lane[3].operand_pipe.sums_q_reg[0][0][3] is absorbed into DSP out_lane[0].mult_lane[3].operand_pipe.sums_q_reg[0][0][3].
DSP Report: operator out_lane[0].mult_lane[3].operand_pipe.product_q is absorbed into DSP out_lane[0].mult_lane[3].operand_pipe.sums_q_reg[0][0][3].
DSP Report: Generating DSP out_lane[0].mult_lane[2].operand_pipe.sums_q_reg[0][0][2], operation Mode is: (A*B)'.
DSP Report: register out_lane[0].mult_lane[2].operand_pipe.sums_q_reg[0][0][2] is absorbed into DSP out_lane[0].mult_lane[2].operand_pipe.sums_q_reg[0][0][2].
DSP Report: operator out_lane[0].mult_lane[2].operand_pipe.product_q is absorbed into DSP out_lane[0].mult_lane[2].operand_pipe.sums_q_reg[0][0][2].
DSP Report: Generating DSP out_lane[0].mult_lane[1].operand_pipe.sums_q_reg[0][0][1], operation Mode is: (A*B)'.
DSP Report: register out_lane[0].mult_lane[1].operand_pipe.sums_q_reg[0][0][1] is absorbed into DSP out_lane[0].mult_lane[1].operand_pipe.sums_q_reg[0][0][1].
DSP Report: operator out_lane[0].mult_lane[1].operand_pipe.product_q is absorbed into DSP out_lane[0].mult_lane[1].operand_pipe.sums_q_reg[0][0][1].
DSP Report: Generating DSP out_lane[0].mult_lane[0].operand_pipe.sums_q_reg[0][0][0], operation Mode is: (A*B)'.
DSP Report: register out_lane[0].mult_lane[0].operand_pipe.sums_q_reg[0][0][0] is absorbed into DSP out_lane[0].mult_lane[0].operand_pipe.sums_q_reg[0][0][0].
DSP Report: operator out_lane[0].mult_lane[0].operand_pipe.product_q is absorbed into DSP out_lane[0].mult_lane[0].operand_pipe.sums_q_reg[0][0][0].
DSP Report: Generating DSP tree_stage[1].channel[1].node[12].single.sums_q_reg[1][1][12], operation Mode is: (A*B)'.
DSP Report: register tree_stage[1].channel[1].node[12].single.sums_q_reg[1][1][12] is absorbed into DSP tree_stage[1].channel[1].node[12].single.sums_q_reg[1][1][12].
DSP Report: register out_lane[1].mult_lane[24].operand_pipe.sums_q_reg[0][1][24] is absorbed into DSP tree_stage[1].channel[1].node[12].single.sums_q_reg[1][1][12].
DSP Report: operator out_lane[1].mult_lane[24].operand_pipe.product_q is absorbed into DSP tree_stage[1].channel[1].node[12].single.sums_q_reg[1][1][12].
DSP Report: Generating DSP out_lane[1].mult_lane[23].operand_pipe.sums_q_reg[0][1][23], operation Mode is: (A*B)'.
DSP Report: register out_lane[1].mult_lane[23].operand_pipe.sums_q_reg[0][1][23] is absorbed into DSP out_lane[1].mult_lane[23].operand_pipe.sums_q_reg[0][1][23].
DSP Report: operator out_lane[1].mult_lane[23].operand_pipe.product_q is absorbed into DSP out_lane[1].mult_lane[23].operand_pipe.sums_q_reg[0][1][23].
DSP Report: Generating DSP out_lane[1].mult_lane[22].operand_pipe.sums_q_reg[0][1][22], operation Mode is: (A*B)'.
DSP Report: register out_lane[1].mult_lane[22].operand_pipe.sums_q_reg[0][1][22] is absorbed into DSP out_lane[1].mult_lane[22].operand_pipe.sums_q_reg[0][1][22].
DSP Report: operator out_lane[1].mult_lane[22].operand_pipe.product_q is absorbed into DSP out_lane[1].mult_lane[22].operand_pipe.sums_q_reg[0][1][22].
DSP Report: Generating DSP out_lane[1].mult_lane[21].operand_pipe.sums_q_reg[0][1][21], operation Mode is: (A*B)'.
DSP Report: register out_lane[1].mult_lane[21].operand_pipe.sums_q_reg[0][1][21] is absorbed into DSP out_lane[1].mult_lane[21].operand_pipe.sums_q_reg[0][1][21].
DSP Report: operator out_lane[1].mult_lane[21].operand_pipe.product_q is absorbed into DSP out_lane[1].mult_lane[21].operand_pipe.sums_q_reg[0][1][21].
DSP Report: Generating DSP out_lane[1].mult_lane[20].operand_pipe.sums_q_reg[0][1][20], operation Mode is: (A*B)'.
DSP Report: register out_lane[1].mult_lane[20].operand_pipe.sums_q_reg[0][1][20] is absorbed into DSP out_lane[1].mult_lane[20].operand_pipe.sums_q_reg[0][1][20].
DSP Report: operator out_lane[1].mult_lane[20].operand_pipe.product_q is absorbed into DSP out_lane[1].mult_lane[20].operand_pipe.sums_q_reg[0][1][20].
DSP Report: Generating DSP out_lane[1].mult_lane[19].operand_pipe.sums_q_reg[0][1][19], operation Mode is: (A*B)'.
DSP Report: register out_lane[1].mult_lane[19].operand_pipe.sums_q_reg[0][1][19] is absorbed into DSP out_lane[1].mult_lane[19].operand_pipe.sums_q_reg[0][1][19].
DSP Report: operator out_lane[1].mult_lane[19].operand_pipe.product_q is absorbed into DSP out_lane[1].mult_lane[19].operand_pipe.sums_q_reg[0][1][19].
DSP Report: Generating DSP out_lane[1].mult_lane[18].operand_pipe.sums_q_reg[0][1][18], operation Mode is: (A*B)'.
DSP Report: register out_lane[1].mult_lane[18].operand_pipe.sums_q_reg[0][1][18] is absorbed into DSP out_lane[1].mult_lane[18].operand_pipe.sums_q_reg[0][1][18].
DSP Report: operator out_lane[1].mult_lane[18].operand_pipe.product_q is absorbed into DSP out_lane[1].mult_lane[18].operand_pipe.sums_q_reg[0][1][18].
DSP Report: Generating DSP out_lane[1].mult_lane[17].operand_pipe.sums_q_reg[0][1][17], operation Mode is: (A*B)'.
DSP Report: register out_lane[1].mult_lane[17].operand_pipe.sums_q_reg[0][1][17] is absorbed into DSP out_lane[1].mult_lane[17].operand_pipe.sums_q_reg[0][1][17].
DSP Report: operator out_lane[1].mult_lane[17].operand_pipe.product_q is absorbed into DSP out_lane[1].mult_lane[17].operand_pipe.sums_q_reg[0][1][17].
DSP Report: Generating DSP out_lane[1].mult_lane[16].operand_pipe.sums_q_reg[0][1][16], operation Mode is: (A*B)'.
DSP Report: register out_lane[1].mult_lane[16].operand_pipe.sums_q_reg[0][1][16] is absorbed into DSP out_lane[1].mult_lane[16].operand_pipe.sums_q_reg[0][1][16].
DSP Report: operator out_lane[1].mult_lane[16].operand_pipe.product_q is absorbed into DSP out_lane[1].mult_lane[16].operand_pipe.sums_q_reg[0][1][16].
DSP Report: Generating DSP out_lane[1].mult_lane[15].operand_pipe.sums_q_reg[0][1][15], operation Mode is: (A*B)'.
DSP Report: register out_lane[1].mult_lane[15].operand_pipe.sums_q_reg[0][1][15] is absorbed into DSP out_lane[1].mult_lane[15].operand_pipe.sums_q_reg[0][1][15].
DSP Report: operator out_lane[1].mult_lane[15].operand_pipe.product_q is absorbed into DSP out_lane[1].mult_lane[15].operand_pipe.sums_q_reg[0][1][15].
DSP Report: Generating DSP out_lane[1].mult_lane[14].operand_pipe.sums_q_reg[0][1][14], operation Mode is: (A*B)'.
DSP Report: register out_lane[1].mult_lane[14].operand_pipe.sums_q_reg[0][1][14] is absorbed into DSP out_lane[1].mult_lane[14].operand_pipe.sums_q_reg[0][1][14].
DSP Report: operator out_lane[1].mult_lane[14].operand_pipe.product_q is absorbed into DSP out_lane[1].mult_lane[14].operand_pipe.sums_q_reg[0][1][14].
DSP Report: Generating DSP out_lane[1].mult_lane[13].operand_pipe.sums_q_reg[0][1][13], operation Mode is: (A*B)'.
DSP Report: register out_lane[1].mult_lane[13].operand_pipe.sums_q_reg[0][1][13] is absorbed into DSP out_lane[1].mult_lane[13].operand_pipe.sums_q_reg[0][1][13].
DSP Report: operator out_lane[1].mult_lane[13].operand_pipe.product_q is absorbed into DSP out_lane[1].mult_lane[13].operand_pipe.sums_q_reg[0][1][13].
DSP Report: Generating DSP out_lane[1].mult_lane[12].operand_pipe.sums_q_reg[0][1][12], operation Mode is: (A*B)'.
DSP Report: register out_lane[1].mult_lane[12].operand_pipe.sums_q_reg[0][1][12] is absorbed into DSP out_lane[1].mult_lane[12].operand_pipe.sums_q_reg[0][1][12].
DSP Report: operator out_lane[1].mult_lane[12].operand_pipe.product_q is absorbed into DSP out_lane[1].mult_lane[12].operand_pipe.sums_q_reg[0][1][12].
DSP Report: Generating DSP out_lane[1].mult_lane[11].operand_pipe.sums_q_reg[0][1][11], operation Mode is: (A*B)'.
DSP Report: register out_lane[1].mult_lane[11].operand_pipe.sums_q_reg[0][1][11] is absorbed into DSP out_lane[1].mult_lane[11].operand_pipe.sums_q_reg[0][1][11].
DSP Report: operator out_lane[1].mult_lane[11].operand_pipe.product_q is absorbed into DSP out_lane[1].mult_lane[11].operand_pipe.sums_q_reg[0][1][11].
DSP Report: Generating DSP out_lane[1].mult_lane[10].operand_pipe.sums_q_reg[0][1][10], operation Mode is: (A*B)'.
DSP Report: register out_lane[1].mult_lane[10].operand_pipe.sums_q_reg[0][1][10] is absorbed into DSP out_lane[1].mult_lane[10].operand_pipe.sums_q_reg[0][1][10].
DSP Report: operator out_lane[1].mult_lane[10].operand_pipe.product_q is absorbed into DSP out_lane[1].mult_lane[10].operand_pipe.sums_q_reg[0][1][10].
DSP Report: Generating DSP out_lane[1].mult_lane[9].operand_pipe.sums_q_reg[0][1][9], operation Mode is: (A*B)'.
DSP Report: register out_lane[1].mult_lane[9].operand_pipe.sums_q_reg[0][1][9] is absorbed into DSP out_lane[1].mult_lane[9].operand_pipe.sums_q_reg[0][1][9].
DSP Report: operator out_lane[1].mult_lane[9].operand_pipe.product_q is absorbed into DSP out_lane[1].mult_lane[9].operand_pipe.sums_q_reg[0][1][9].
DSP Report: Generating DSP out_lane[1].mult_lane[8].operand_pipe.sums_q_reg[0][1][8], operation Mode is: (A*B)'.
DSP Report: register out_lane[1].mult_lane[8].operand_pipe.sums_q_reg[0][1][8] is absorbed into DSP out_lane[1].mult_lane[8].operand_pipe.sums_q_reg[0][1][8].
DSP Report: operator out_lane[1].mult_lane[8].operand_pipe.product_q is absorbed into DSP out_lane[1].mult_lane[8].operand_pipe.sums_q_reg[0][1][8].
DSP Report: Generating DSP out_lane[1].mult_lane[7].operand_pipe.sums_q_reg[0][1][7], operation Mode is: (A*B)'.
DSP Report: register out_lane[1].mult_lane[7].operand_pipe.sums_q_reg[0][1][7] is absorbed into DSP out_lane[1].mult_lane[7].operand_pipe.sums_q_reg[0][1][7].
DSP Report: operator out_lane[1].mult_lane[7].operand_pipe.product_q is absorbed into DSP out_lane[1].mult_lane[7].operand_pipe.sums_q_reg[0][1][7].
DSP Report: Generating DSP out_lane[1].mult_lane[6].operand_pipe.sums_q_reg[0][1][6], operation Mode is: (A*B)'.
DSP Report: register out_lane[1].mult_lane[6].operand_pipe.sums_q_reg[0][1][6] is absorbed into DSP out_lane[1].mult_lane[6].operand_pipe.sums_q_reg[0][1][6].
DSP Report: operator out_lane[1].mult_lane[6].operand_pipe.product_q is absorbed into DSP out_lane[1].mult_lane[6].operand_pipe.sums_q_reg[0][1][6].
DSP Report: Generating DSP out_lane[1].mult_lane[5].operand_pipe.sums_q_reg[0][1][5], operation Mode is: (A*B)'.
DSP Report: register out_lane[1].mult_lane[5].operand_pipe.sums_q_reg[0][1][5] is absorbed into DSP out_lane[1].mult_lane[5].operand_pipe.sums_q_reg[0][1][5].
DSP Report: operator out_lane[1].mult_lane[5].operand_pipe.product_q is absorbed into DSP out_lane[1].mult_lane[5].operand_pipe.sums_q_reg[0][1][5].
DSP Report: Generating DSP out_lane[1].mult_lane[4].operand_pipe.sums_q_reg[0][1][4], operation Mode is: (A*B)'.
DSP Report: register out_lane[1].mult_lane[4].operand_pipe.sums_q_reg[0][1][4] is absorbed into DSP out_lane[1].mult_lane[4].operand_pipe.sums_q_reg[0][1][4].
DSP Report: operator out_lane[1].mult_lane[4].operand_pipe.product_q is absorbed into DSP out_lane[1].mult_lane[4].operand_pipe.sums_q_reg[0][1][4].
DSP Report: Generating DSP out_lane[1].mult_lane[3].operand_pipe.sums_q_reg[0][1][3], operation Mode is: (A*B)'.
DSP Report: register out_lane[1].mult_lane[3].operand_pipe.sums_q_reg[0][1][3] is absorbed into DSP out_lane[1].mult_lane[3].operand_pipe.sums_q_reg[0][1][3].
DSP Report: operator out_lane[1].mult_lane[3].operand_pipe.product_q is absorbed into DSP out_lane[1].mult_lane[3].operand_pipe.sums_q_reg[0][1][3].
DSP Report: Generating DSP out_lane[1].mult_lane[2].operand_pipe.sums_q_reg[0][1][2], operation Mode is: (A*B)'.
DSP Report: register out_lane[1].mult_lane[2].operand_pipe.sums_q_reg[0][1][2] is absorbed into DSP out_lane[1].mult_lane[2].operand_pipe.sums_q_reg[0][1][2].
DSP Report: operator out_lane[1].mult_lane[2].operand_pipe.product_q is absorbed into DSP out_lane[1].mult_lane[2].operand_pipe.sums_q_reg[0][1][2].
DSP Report: Generating DSP out_lane[1].mult_lane[1].operand_pipe.sums_q_reg[0][1][1], operation Mode is: (A*B)'.
DSP Report: register out_lane[1].mult_lane[1].operand_pipe.sums_q_reg[0][1][1] is absorbed into DSP out_lane[1].mult_lane[1].operand_pipe.sums_q_reg[0][1][1].
DSP Report: operator out_lane[1].mult_lane[1].operand_pipe.product_q is absorbed into DSP out_lane[1].mult_lane[1].operand_pipe.sums_q_reg[0][1][1].
DSP Report: Generating DSP out_lane[1].mult_lane[0].operand_pipe.sums_q_reg[0][1][0], operation Mode is: (A*B)'.
DSP Report: register out_lane[1].mult_lane[0].operand_pipe.sums_q_reg[0][1][0] is absorbed into DSP out_lane[1].mult_lane[0].operand_pipe.sums_q_reg[0][1][0].
DSP Report: operator out_lane[1].mult_lane[0].operand_pipe.product_q is absorbed into DSP out_lane[1].mult_lane[0].operand_pipe.sums_q_reg[0][1][0].
INFO: [Synth 8-4471] merging register 'gk.frontend/pending1_reg' into 'gk.frontend/win/read_valid_d_reg' [V:/rtl/b_real_ae29515/stream/window_stream_frontend.sv:37]
INFO: [Synth 8-12192] Not enough pipeline registers after wide multiplier. Pipeline registers present is 1. Recommended levels of pipeline registers is 2. [V:/experiments/timing_200_20260926/requant_pipe/prelu_requantize.sv:107]
INFO: [Synth 8-12192] Not enough pipeline registers after wide multiplier. Pipeline registers present is 1. Recommended levels of pipeline registers is 4. [V:/experiments/timing_200_20260926/requant_pipe/prelu_requantize.sv:187]
DSP Report: Generating DSP prelu_product_s10, operation Mode is: A*B.
DSP Report: operator prelu_product_s10 is absorbed into DSP prelu_product_s10.
DSP Report: operator prelu_product_s10 is absorbed into DSP prelu_product_s10.
DSP Report: Generating DSP prelu_product_s1_reg, operation Mode is: (PCIN>>17)+A*B.
DSP Report: register prelu_product_s1_reg is absorbed into DSP prelu_product_s1_reg.
DSP Report: operator prelu_product_s10 is absorbed into DSP prelu_product_s1_reg.
DSP Report: operator prelu_product_s10 is absorbed into DSP prelu_product_s1_reg.
DSP Report: Generating DSP requant_product_s50, operation Mode is: A''*B2.
DSP Report: register prelu_value_s4_reg is absorbed into DSP requant_product_s50.
DSP Report: register requant_product_s50 is absorbed into DSP requant_product_s50.
DSP Report: register requant_product_s50 is absorbed into DSP requant_product_s50.
DSP Report: operator requant_product_s50 is absorbed into DSP requant_product_s50.
DSP Report: operator requant_product_s50 is absorbed into DSP requant_product_s50.
DSP Report: Generating DSP requant_product_s5_reg, operation Mode is: (PCIN>>17)+A2*B''.
DSP Report: register multiplier_s3_reg is absorbed into DSP requant_product_s5_reg.
DSP Report: register multiplier_s4_reg is absorbed into DSP requant_product_s5_reg.
DSP Report: register prelu_value_s4_reg is absorbed into DSP requant_product_s5_reg.
DSP Report: register requant_product_s5_reg is absorbed into DSP requant_product_s5_reg.
DSP Report: operator requant_product_s50 is absorbed into DSP requant_product_s5_reg.
DSP Report: operator requant_product_s50 is absorbed into DSP requant_product_s5_reg.
DSP Report: Generating DSP requant_product_s50, operation Mode is: A2*B''.
DSP Report: register requant_product_s50 is absorbed into DSP requant_product_s50.
DSP Report: register requant_product_s50 is absorbed into DSP requant_product_s50.
DSP Report: register requant_product_s50 is absorbed into DSP requant_product_s50.
DSP Report: operator requant_product_s50 is absorbed into DSP requant_product_s50.
DSP Report: operator requant_product_s50 is absorbed into DSP requant_product_s50.
DSP Report: Generating DSP requant_product_s5_reg, operation Mode is: (PCIN>>17)+A2*B''.
DSP Report: register multiplier_s3_reg is absorbed into DSP requant_product_s5_reg.
DSP Report: register multiplier_s4_reg is absorbed into DSP requant_product_s5_reg.
DSP Report: register requant_product_s5_reg is absorbed into DSP requant_product_s5_reg.
DSP Report: register requant_product_s5_reg is absorbed into DSP requant_product_s5_reg.
DSP Report: operator requant_product_s50 is absorbed into DSP requant_product_s5_reg.
DSP Report: operator requant_product_s50 is absorbed into DSP requant_product_s5_reg.
WARNING: [Synth 8-3917] design vector_postprocess_shared__parameterized0__GBM0 has port P[4] driven by constant 0
WARNING: [Synth 8-3917] design vector_postprocess_shared__parameterized0__GBM0 has port P[3] driven by constant 0
WARNING: [Synth 8-3917] design vector_postprocess_shared__parameterized0__GBM0 has port P[2] driven by constant 0
WARNING: [Synth 8-3917] design vector_postprocess_shared__parameterized0__GBM0 has port P[1] driven by constant 0
WARNING: [Synth 8-3917] design vector_postprocess_shared__parameterized0__GBM0 has port P[0] driven by constant 0
INFO: [Synth 8-4471] merging register 'pending1_reg' into 'win/read_valid_d_reg' [V:/rtl/b_real_ae29515/stream/window_stream_frontend.sv:37]
DSP Report: Generating DSP tree_stage[1].channel[0].node[4].single.sums_q_reg[1][0][4], operation Mode is: (A*B)'.
DSP Report: register tree_stage[1].channel[0].node[4].single.sums_q_reg[1][0][4] is absorbed into DSP tree_stage[1].channel[0].node[4].single.sums_q_reg[1][0][4].
DSP Report: register out_lane[0].mult_lane[8].operand_pipe.sums_q_reg[0][0][8] is absorbed into DSP tree_stage[1].channel[0].node[4].single.sums_q_reg[1][0][4].
DSP Report: operator out_lane[0].mult_lane[8].operand_pipe.product_q is absorbed into DSP tree_stage[1].channel[0].node[4].single.sums_q_reg[1][0][4].
DSP Report: Generating DSP out_lane[0].mult_lane[7].operand_pipe.sums_q_reg[0][0][7], operation Mode is: (A*B)'.
DSP Report: register out_lane[0].mult_lane[7].operand_pipe.sums_q_reg[0][0][7] is absorbed into DSP out_lane[0].mult_lane[7].operand_pipe.sums_q_reg[0][0][7].
DSP Report: operator out_lane[0].mult_lane[7].operand_pipe.product_q is absorbed into DSP out_lane[0].mult_lane[7].operand_pipe.sums_q_reg[0][0][7].
DSP Report: Generating DSP out_lane[0].mult_lane[6].operand_pipe.sums_q_reg[0][0][6], operation Mode is: (A*B)'.
DSP Report: register out_lane[0].mult_lane[6].operand_pipe.sums_q_reg[0][0][6] is absorbed into DSP out_lane[0].mult_lane[6].operand_pipe.sums_q_reg[0][0][6].
DSP Report: operator out_lane[0].mult_lane[6].operand_pipe.product_q is absorbed into DSP out_lane[0].mult_lane[6].operand_pipe.sums_q_reg[0][0][6].
DSP Report: Generating DSP out_lane[0].mult_lane[5].operand_pipe.sums_q_reg[0][0][5], operation Mode is: (A*B)'.
DSP Report: register out_lane[0].mult_lane[5].operand_pipe.sums_q_reg[0][0][5] is absorbed into DSP out_lane[0].mult_lane[5].operand_pipe.sums_q_reg[0][0][5].
DSP Report: operator out_lane[0].mult_lane[5].operand_pipe.product_q is absorbed into DSP out_lane[0].mult_lane[5].operand_pipe.sums_q_reg[0][0][5].
DSP Report: Generating DSP out_lane[0].mult_lane[4].operand_pipe.sums_q_reg[0][0][4], operation Mode is: (A*B)'.
DSP Report: register out_lane[0].mult_lane[4].operand_pipe.sums_q_reg[0][0][4] is absorbed into DSP out_lane[0].mult_lane[4].operand_pipe.sums_q_reg[0][0][4].
DSP Report: operator out_lane[0].mult_lane[4].operand_pipe.product_q is absorbed into DSP out_lane[0].mult_lane[4].operand_pipe.sums_q_reg[0][0][4].
DSP Report: Generating DSP out_lane[0].mult_lane[3].operand_pipe.sums_q_reg[0][0][3], operation Mode is: (A*B)'.
DSP Report: register out_lane[0].mult_lane[3].operand_pipe.sums_q_reg[0][0][3] is absorbed into DSP out_lane[0].mult_lane[3].operand_pipe.sums_q_reg[0][0][3].
DSP Report: operator out_lane[0].mult_lane[3].operand_pipe.product_q is absorbed into DSP out_lane[0].mult_lane[3].operand_pipe.sums_q_reg[0][0][3].
DSP Report: Generating DSP out_lane[0].mult_lane[2].operand_pipe.sums_q_reg[0][0][2], operation Mode is: (A*B)'.
DSP Report: register out_lane[0].mult_lane[2].operand_pipe.sums_q_reg[0][0][2] is absorbed into DSP out_lane[0].mult_lane[2].operand_pipe.sums_q_reg[0][0][2].
DSP Report: operator out_lane[0].mult_lane[2].operand_pipe.product_q is absorbed into DSP out_lane[0].mult_lane[2].operand_pipe.sums_q_reg[0][0][2].
DSP Report: Generating DSP out_lane[0].mult_lane[1].operand_pipe.sums_q_reg[0][0][1], operation Mode is: (A*B)'.
DSP Report: register out_lane[0].mult_lane[1].operand_pipe.sums_q_reg[0][0][1] is absorbed into DSP out_lane[0].mult_lane[1].operand_pipe.sums_q_reg[0][0][1].
DSP Report: operator out_lane[0].mult_lane[1].operand_pipe.product_q is absorbed into DSP out_lane[0].mult_lane[1].operand_pipe.sums_q_reg[0][0][1].
DSP Report: Generating DSP out_lane[0].mult_lane[0].operand_pipe.sums_q_reg[0][0][0], operation Mode is: (A*B)'.
DSP Report: register out_lane[0].mult_lane[0].operand_pipe.sums_q_reg[0][0][0] is absorbed into DSP out_lane[0].mult_lane[0].operand_pipe.sums_q_reg[0][0][0].
DSP Report: operator out_lane[0].mult_lane[0].operand_pipe.product_q is absorbed into DSP out_lane[0].mult_lane[0].operand_pipe.sums_q_reg[0][0][0].
DSP Report: Generating DSP tree_stage[1].channel[1].node[4].single.sums_q_reg[1][1][4], operation Mode is: (A*B)'.
DSP Report: register tree_stage[1].channel[1].node[4].single.sums_q_reg[1][1][4] is absorbed into DSP tree_stage[1].channel[1].node[4].single.sums_q_reg[1][1][4].
DSP Report: register out_lane[1].mult_lane[8].operand_pipe.sums_q_reg[0][1][8] is absorbed into DSP tree_stage[1].channel[1].node[4].single.sums_q_reg[1][1][4].
DSP Report: operator out_lane[1].mult_lane[8].operand_pipe.product_q is absorbed into DSP tree_stage[1].channel[1].node[4].single.sums_q_reg[1][1][4].
DSP Report: Generating DSP out_lane[1].mult_lane[7].operand_pipe.sums_q_reg[0][1][7], operation Mode is: (A*B)'.
DSP Report: register out_lane[1].mult_lane[7].operand_pipe.sums_q_reg[0][1][7] is absorbed into DSP out_lane[1].mult_lane[7].operand_pipe.sums_q_reg[0][1][7].
DSP Report: operator out_lane[1].mult_lane[7].operand_pipe.product_q is absorbed into DSP out_lane[1].mult_lane[7].operand_pipe.sums_q_reg[0][1][7].
DSP Report: Generating DSP out_lane[1].mult_lane[6].operand_pipe.sums_q_reg[0][1][6], operation Mode is: (A*B)'.
DSP Report: register out_lane[1].mult_lane[6].operand_pipe.sums_q_reg[0][1][6] is absorbed into DSP out_lane[1].mult_lane[6].operand_pipe.sums_q_reg[0][1][6].
DSP Report: operator out_lane[1].mult_lane[6].operand_pipe.product_q is absorbed into DSP out_lane[1].mult_lane[6].operand_pipe.sums_q_reg[0][1][6].
DSP Report: Generating DSP out_lane[1].mult_lane[5].operand_pipe.sums_q_reg[0][1][5], operation Mode is: (A*B)'.
DSP Report: register out_lane[1].mult_lane[5].operand_pipe.sums_q_reg[0][1][5] is absorbed into DSP out_lane[1].mult_lane[5].operand_pipe.sums_q_reg[0][1][5].
DSP Report: operator out_lane[1].mult_lane[5].operand_pipe.product_q is absorbed into DSP out_lane[1].mult_lane[5].operand_pipe.sums_q_reg[0][1][5].
DSP Report: Generating DSP out_lane[1].mult_lane[4].operand_pipe.sums_q_reg[0][1][4], operation Mode is: (A*B)'.
DSP Report: register out_lane[1].mult_lane[4].operand_pipe.sums_q_reg[0][1][4] is absorbed into DSP out_lane[1].mult_lane[4].operand_pipe.sums_q_reg[0][1][4].
DSP Report: operator out_lane[1].mult_lane[4].operand_pipe.product_q is absorbed into DSP out_lane[1].mult_lane[4].operand_pipe.sums_q_reg[0][1][4].
DSP Report: Generating DSP out_lane[1].mult_lane[3].operand_pipe.sums_q_reg[0][1][3], operation Mode is: (A*B)'.
DSP Report: register out_lane[1].mult_lane[3].operand_pipe.sums_q_reg[0][1][3] is absorbed into DSP out_lane[1].mult_lane[3].operand_pipe.sums_q_reg[0][1][3].
DSP Report: operator out_lane[1].mult_lane[3].operand_pipe.product_q is absorbed into DSP out_lane[1].mult_lane[3].operand_pipe.sums_q_reg[0][1][3].
DSP Report: Generating DSP out_lane[1].mult_lane[2].operand_pipe.sums_q_reg[0][1][2], operation Mode is: (A*B)'.
DSP Report: register out_lane[1].mult_lane[2].operand_pipe.sums_q_reg[0][1][2] is absorbed into DSP out_lane[1].mult_lane[2].operand_pipe.sums_q_reg[0][1][2].
DSP Report: operator out_lane[1].mult_lane[2].operand_pipe.product_q is absorbed into DSP out_lane[1].mult_lane[2].operand_pipe.sums_q_reg[0][1][2].
DSP Report: Generating DSP out_lane[1].mult_lane[1].operand_pipe.sums_q_reg[0][1][1], operation Mode is: (A*B)'.
DSP Report: register out_lane[1].mult_lane[1].operand_pipe.sums_q_reg[0][1][1] is absorbed into DSP out_lane[1].mult_lane[1].operand_pipe.sums_q_reg[0][1][1].
DSP Report: operator out_lane[1].mult_lane[1].operand_pipe.product_q is absorbed into DSP out_lane[1].mult_lane[1].operand_pipe.sums_q_reg[0][1][1].
DSP Report: Generating DSP out_lane[1].mult_lane[0].operand_pipe.sums_q_reg[0][1][0], operation Mode is: (A*B)'.
DSP Report: register out_lane[1].mult_lane[0].operand_pipe.sums_q_reg[0][1][0] is absorbed into DSP out_lane[1].mult_lane[0].operand_pipe.sums_q_reg[0][1][0].
DSP Report: operator out_lane[1].mult_lane[0].operand_pipe.product_q is absorbed into DSP out_lane[1].mult_lane[0].operand_pipe.sums_q_reg[0][1][0].
DSP Report: Generating DSP tree_stage[1].channel[2].node[4].single.sums_q_reg[1][2][4], operation Mode is: (A*B)'.
DSP Report: register tree_stage[1].channel[2].node[4].single.sums_q_reg[1][2][4] is absorbed into DSP tree_stage[1].channel[2].node[4].single.sums_q_reg[1][2][4].
DSP Report: register out_lane[2].mult_lane[8].operand_pipe.sums_q_reg[0][2][8] is absorbed into DSP tree_stage[1].channel[2].node[4].single.sums_q_reg[1][2][4].
DSP Report: operator out_lane[2].mult_lane[8].operand_pipe.product_q is absorbed into DSP tree_stage[1].channel[2].node[4].single.sums_q_reg[1][2][4].
DSP Report: Generating DSP out_lane[2].mult_lane[7].operand_pipe.sums_q_reg[0][2][7], operation Mode is: (A*B)'.
DSP Report: register out_lane[2].mult_lane[7].operand_pipe.sums_q_reg[0][2][7] is absorbed into DSP out_lane[2].mult_lane[7].operand_pipe.sums_q_reg[0][2][7].
DSP Report: operator out_lane[2].mult_lane[7].operand_pipe.product_q is absorbed into DSP out_lane[2].mult_lane[7].operand_pipe.sums_q_reg[0][2][7].
DSP Report: Generating DSP out_lane[2].mult_lane[6].operand_pipe.sums_q_reg[0][2][6], operation Mode is: (A*B)'.
DSP Report: register out_lane[2].mult_lane[6].operand_pipe.sums_q_reg[0][2][6] is absorbed into DSP out_lane[2].mult_lane[6].operand_pipe.sums_q_reg[0][2][6].
DSP Report: operator out_lane[2].mult_lane[6].operand_pipe.product_q is absorbed into DSP out_lane[2].mult_lane[6].operand_pipe.sums_q_reg[0][2][6].
DSP Report: Generating DSP out_lane[2].mult_lane[5].operand_pipe.sums_q_reg[0][2][5], operation Mode is: (A*B)'.
DSP Report: register out_lane[2].mult_lane[5].operand_pipe.sums_q_reg[0][2][5] is absorbed into DSP out_lane[2].mult_lane[5].operand_pipe.sums_q_reg[0][2][5].
DSP Report: operator out_lane[2].mult_lane[5].operand_pipe.product_q is absorbed into DSP out_lane[2].mult_lane[5].operand_pipe.sums_q_reg[0][2][5].
DSP Report: Generating DSP out_lane[2].mult_lane[4].operand_pipe.sums_q_reg[0][2][4], operation Mode is: (A*B)'.
DSP Report: register out_lane[2].mult_lane[4].operand_pipe.sums_q_reg[0][2][4] is absorbed into DSP out_lane[2].mult_lane[4].operand_pipe.sums_q_reg[0][2][4].
DSP Report: operator out_lane[2].mult_lane[4].operand_pipe.product_q is absorbed into DSP out_lane[2].mult_lane[4].operand_pipe.sums_q_reg[0][2][4].
DSP Report: Generating DSP out_lane[2].mult_lane[3].operand_pipe.sums_q_reg[0][2][3], operation Mode is: (A*B)'.
DSP Report: register out_lane[2].mult_lane[3].operand_pipe.sums_q_reg[0][2][3] is absorbed into DSP out_lane[2].mult_lane[3].operand_pipe.sums_q_reg[0][2][3].
DSP Report: operator out_lane[2].mult_lane[3].operand_pipe.product_q is absorbed into DSP out_lane[2].mult_lane[3].operand_pipe.sums_q_reg[0][2][3].
DSP Report: Generating DSP out_lane[2].mult_lane[2].operand_pipe.sums_q_reg[0][2][2], operation Mode is: (A*B)'.
DSP Report: register out_lane[2].mult_lane[2].operand_pipe.sums_q_reg[0][2][2] is absorbed into DSP out_lane[2].mult_lane[2].operand_pipe.sums_q_reg[0][2][2].
DSP Report: operator out_lane[2].mult_lane[2].operand_pipe.product_q is absorbed into DSP out_lane[2].mult_lane[2].operand_pipe.sums_q_reg[0][2][2].
DSP Report: Generating DSP out_lane[2].mult_lane[1].operand_pipe.sums_q_reg[0][2][1], operation Mode is: (A*B)'.
DSP Report: register out_lane[2].mult_lane[1].operand_pipe.sums_q_reg[0][2][1] is absorbed into DSP out_lane[2].mult_lane[1].operand_pipe.sums_q_reg[0][2][1].
DSP Report: operator out_lane[2].mult_lane[1].operand_pipe.product_q is absorbed into DSP out_lane[2].mult_lane[1].operand_pipe.sums_q_reg[0][2][1].
DSP Report: Generating DSP out_lane[2].mult_lane[0].operand_pipe.sums_q_reg[0][2][0], operation Mode is: (A*B)'.
DSP Report: register out_lane[2].mult_lane[0].operand_pipe.sums_q_reg[0][2][0] is absorbed into DSP out_lane[2].mult_lane[0].operand_pipe.sums_q_reg[0][2][0].
DSP Report: operator out_lane[2].mult_lane[0].operand_pipe.product_q is absorbed into DSP out_lane[2].mult_lane[0].operand_pipe.sums_q_reg[0][2][0].
DSP Report: Generating DSP tree_stage[1].channel[3].node[4].single.sums_q_reg[1][3][4], operation Mode is: (A*B)'.
DSP Report: register tree_stage[1].channel[3].node[4].single.sums_q_reg[1][3][4] is absorbed into DSP tree_stage[1].channel[3].node[4].single.sums_q_reg[1][3][4].
DSP Report: register out_lane[3].mult_lane[8].operand_pipe.sums_q_reg[0][3][8] is absorbed into DSP tree_stage[1].channel[3].node[4].single.sums_q_reg[1][3][4].
DSP Report: operator out_lane[3].mult_lane[8].operand_pipe.product_q is absorbed into DSP tree_stage[1].channel[3].node[4].single.sums_q_reg[1][3][4].
DSP Report: Generating DSP out_lane[3].mult_lane[7].operand_pipe.sums_q_reg[0][3][7], operation Mode is: (A*B)'.
DSP Report: register out_lane[3].mult_lane[7].operand_pipe.sums_q_reg[0][3][7] is absorbed into DSP out_lane[3].mult_lane[7].operand_pipe.sums_q_reg[0][3][7].
DSP Report: operator out_lane[3].mult_lane[7].operand_pipe.product_q is absorbed into DSP out_lane[3].mult_lane[7].operand_pipe.sums_q_reg[0][3][7].
DSP Report: Generating DSP out_lane[3].mult_lane[6].operand_pipe.sums_q_reg[0][3][6], operation Mode is: (A*B)'.
DSP Report: register out_lane[3].mult_lane[6].operand_pipe.sums_q_reg[0][3][6] is absorbed into DSP out_lane[3].mult_lane[6].operand_pipe.sums_q_reg[0][3][6].
DSP Report: operator out_lane[3].mult_lane[6].operand_pipe.product_q is absorbed into DSP out_lane[3].mult_lane[6].operand_pipe.sums_q_reg[0][3][6].
DSP Report: Generating DSP out_lane[3].mult_lane[5].operand_pipe.sums_q_reg[0][3][5], operation Mode is: (A*B)'.
DSP Report: register out_lane[3].mult_lane[5].operand_pipe.sums_q_reg[0][3][5] is absorbed into DSP out_lane[3].mult_lane[5].operand_pipe.sums_q_reg[0][3][5].
DSP Report: operator out_lane[3].mult_lane[5].operand_pipe.product_q is absorbed into DSP out_lane[3].mult_lane[5].operand_pipe.sums_q_reg[0][3][5].
DSP Report: Generating DSP out_lane[3].mult_lane[4].operand_pipe.sums_q_reg[0][3][4], operation Mode is: (A*B)'.
DSP Report: register out_lane[3].mult_lane[4].operand_pipe.sums_q_reg[0][3][4] is absorbed into DSP out_lane[3].mult_lane[4].operand_pipe.sums_q_reg[0][3][4].
DSP Report: operator out_lane[3].mult_lane[4].operand_pipe.product_q is absorbed into DSP out_lane[3].mult_lane[4].operand_pipe.sums_q_reg[0][3][4].
DSP Report: Generating DSP out_lane[3].mult_lane[3].operand_pipe.sums_q_reg[0][3][3], operation Mode is: (A*B)'.
DSP Report: register out_lane[3].mult_lane[3].operand_pipe.sums_q_reg[0][3][3] is absorbed into DSP out_lane[3].mult_lane[3].operand_pipe.sums_q_reg[0][3][3].
DSP Report: operator out_lane[3].mult_lane[3].operand_pipe.product_q is absorbed into DSP out_lane[3].mult_lane[3].operand_pipe.sums_q_reg[0][3][3].
DSP Report: Generating DSP out_lane[3].mult_lane[2].operand_pipe.sums_q_reg[0][3][2], operation Mode is: (A*B)'.
DSP Report: register out_lane[3].mult_lane[2].operand_pipe.sums_q_reg[0][3][2] is absorbed into DSP out_lane[3].mult_lane[2].operand_pipe.sums_q_reg[0][3][2].
DSP Report: operator out_lane[3].mult_lane[2].operand_pipe.product_q is absorbed into DSP out_lane[3].mult_lane[2].operand_pipe.sums_q_reg[0][3][2].
DSP Report: Generating DSP out_lane[3].mult_lane[1].operand_pipe.sums_q_reg[0][3][1], operation Mode is: (A*B)'.
DSP Report: register out_lane[3].mult_lane[1].operand_pipe.sums_q_reg[0][3][1] is absorbed into DSP out_lane[3].mult_lane[1].operand_pipe.sums_q_reg[0][3][1].
DSP Report: operator out_lane[3].mult_lane[1].operand_pipe.product_q is absorbed into DSP out_lane[3].mult_lane[1].operand_pipe.sums_q_reg[0][3][1].
DSP Report: Generating DSP out_lane[3].mult_lane[0].operand_pipe.sums_q_reg[0][3][0], operation Mode is: (A*B)'.
DSP Report: register out_lane[3].mult_lane[0].operand_pipe.sums_q_reg[0][3][0] is absorbed into DSP out_lane[3].mult_lane[0].operand_pipe.sums_q_reg[0][3][0].
DSP Report: operator out_lane[3].mult_lane[0].operand_pipe.product_q is absorbed into DSP out_lane[3].mult_lane[0].operand_pipe.sums_q_reg[0][3][0].
DSP Report: Generating DSP tree_stage[1].channel[4].node[4].single.sums_q_reg[1][4][4], operation Mode is: (A*B)'.
DSP Report: register tree_stage[1].channel[4].node[4].single.sums_q_reg[1][4][4] is absorbed into DSP tree_stage[1].channel[4].node[4].single.sums_q_reg[1][4][4].
DSP Report: register out_lane[4].mult_lane[8].operand_pipe.sums_q_reg[0][4][8] is absorbed into DSP tree_stage[1].channel[4].node[4].single.sums_q_reg[1][4][4].
DSP Report: operator out_lane[4].mult_lane[8].operand_pipe.product_q is absorbed into DSP tree_stage[1].channel[4].node[4].single.sums_q_reg[1][4][4].
DSP Report: Generating DSP out_lane[4].mult_lane[7].operand_pipe.sums_q_reg[0][4][7], operation Mode is: (A*B)'.
DSP Report: register out_lane[4].mult_lane[7].operand_pipe.sums_q_reg[0][4][7] is absorbed into DSP out_lane[4].mult_lane[7].operand_pipe.sums_q_reg[0][4][7].
DSP Report: operator out_lane[4].mult_lane[7].operand_pipe.product_q is absorbed into DSP out_lane[4].mult_lane[7].operand_pipe.sums_q_reg[0][4][7].
DSP Report: Generating DSP out_lane[4].mult_lane[6].operand_pipe.sums_q_reg[0][4][6], operation Mode is: (A*B)'.
DSP Report: register out_lane[4].mult_lane[6].operand_pipe.sums_q_reg[0][4][6] is absorbed into DSP out_lane[4].mult_lane[6].operand_pipe.sums_q_reg[0][4][6].
DSP Report: operator out_lane[4].mult_lane[6].operand_pipe.product_q is absorbed into DSP out_lane[4].mult_lane[6].operand_pipe.sums_q_reg[0][4][6].
DSP Report: Generating DSP out_lane[4].mult_lane[5].operand_pipe.sums_q_reg[0][4][5], operation Mode is: (A*B)'.
DSP Report: register out_lane[4].mult_lane[5].operand_pipe.sums_q_reg[0][4][5] is absorbed into DSP out_lane[4].mult_lane[5].operand_pipe.sums_q_reg[0][4][5].
DSP Report: operator out_lane[4].mult_lane[5].operand_pipe.product_q is absorbed into DSP out_lane[4].mult_lane[5].operand_pipe.sums_q_reg[0][4][5].
DSP Report: Generating DSP out_lane[4].mult_lane[4].operand_pipe.sums_q_reg[0][4][4], operation Mode is: (A*B)'.
DSP Report: register out_lane[4].mult_lane[4].operand_pipe.sums_q_reg[0][4][4] is absorbed into DSP out_lane[4].mult_lane[4].operand_pipe.sums_q_reg[0][4][4].
DSP Report: operator out_lane[4].mult_lane[4].operand_pipe.product_q is absorbed into DSP out_lane[4].mult_lane[4].operand_pipe.sums_q_reg[0][4][4].
DSP Report: Generating DSP out_lane[4].mult_lane[3].operand_pipe.sums_q_reg[0][4][3], operation Mode is: (A*B)'.
DSP Report: register out_lane[4].mult_lane[3].operand_pipe.sums_q_reg[0][4][3] is absorbed into DSP out_lane[4].mult_lane[3].operand_pipe.sums_q_reg[0][4][3].
DSP Report: operator out_lane[4].mult_lane[3].operand_pipe.product_q is absorbed into DSP out_lane[4].mult_lane[3].operand_pipe.sums_q_reg[0][4][3].
DSP Report: Generating DSP out_lane[4].mult_lane[2].operand_pipe.sums_q_reg[0][4][2], operation Mode is: (A*B)'.
DSP Report: register out_lane[4].mult_lane[2].operand_pipe.sums_q_reg[0][4][2] is absorbed into DSP out_lane[4].mult_lane[2].operand_pipe.sums_q_reg[0][4][2].
DSP Report: operator out_lane[4].mult_lane[2].operand_pipe.product_q is absorbed into DSP out_lane[4].mult_lane[2].operand_pipe.sums_q_reg[0][4][2].
DSP Report: Generating DSP out_lane[4].mult_lane[1].operand_pipe.sums_q_reg[0][4][1], operation Mode is: (A*B)'.
DSP Report: register out_lane[4].mult_lane[1].operand_pipe.sums_q_reg[0][4][1] is absorbed into DSP out_lane[4].mult_lane[1].operand_pipe.sums_q_reg[0][4][1].
DSP Report: operator out_lane[4].mult_lane[1].operand_pipe.product_q is absorbed into DSP out_lane[4].mult_lane[1].operand_pipe.sums_q_reg[0][4][1].
DSP Report: Generating DSP out_lane[4].mult_lane[0].operand_pipe.sums_q_reg[0][4][0], operation Mode is: (A*B)'.
DSP Report: register out_lane[4].mult_lane[0].operand_pipe.sums_q_reg[0][4][0] is absorbed into DSP out_lane[4].mult_lane[0].operand_pipe.sums_q_reg[0][4][0].
DSP Report: operator out_lane[4].mult_lane[0].operand_pipe.product_q is absorbed into DSP out_lane[4].mult_lane[0].operand_pipe.sums_q_reg[0][4][0].
DSP Report: Generating DSP tree_stage[1].channel[5].node[4].single.sums_q_reg[1][5][4], operation Mode is: (A*B)'.
DSP Report: register tree_stage[1].channel[5].node[4].single.sums_q_reg[1][5][4] is absorbed into DSP tree_stage[1].channel[5].node[4].single.sums_q_reg[1][5][4].
DSP Report: register out_lane[5].mult_lane[8].operand_pipe.sums_q_reg[0][5][8] is absorbed into DSP tree_stage[1].channel[5].node[4].single.sums_q_reg[1][5][4].
DSP Report: operator out_lane[5].mult_lane[8].operand_pipe.product_q is absorbed into DSP tree_stage[1].channel[5].node[4].single.sums_q_reg[1][5][4].
DSP Report: Generating DSP out_lane[5].mult_lane[7].operand_pipe.sums_q_reg[0][5][7], operation Mode is: (A*B)'.
DSP Report: register out_lane[5].mult_lane[7].operand_pipe.sums_q_reg[0][5][7] is absorbed into DSP out_lane[5].mult_lane[7].operand_pipe.sums_q_reg[0][5][7].
DSP Report: operator out_lane[5].mult_lane[7].operand_pipe.product_q is absorbed into DSP out_lane[5].mult_lane[7].operand_pipe.sums_q_reg[0][5][7].
DSP Report: Generating DSP out_lane[5].mult_lane[6].operand_pipe.sums_q_reg[0][5][6], operation Mode is: (A*B)'.
DSP Report: register out_lane[5].mult_lane[6].operand_pipe.sums_q_reg[0][5][6] is absorbed into DSP out_lane[5].mult_lane[6].operand_pipe.sums_q_reg[0][5][6].
DSP Report: operator out_lane[5].mult_lane[6].operand_pipe.product_q is absorbed into DSP out_lane[5].mult_lane[6].operand_pipe.sums_q_reg[0][5][6].
DSP Report: Generating DSP out_lane[5].mult_lane[5].operand_pipe.sums_q_reg[0][5][5], operation Mode is: (A*B)'.
DSP Report: register out_lane[5].mult_lane[5].operand_pipe.sums_q_reg[0][5][5] is absorbed into DSP out_lane[5].mult_lane[5].operand_pipe.sums_q_reg[0][5][5].
DSP Report: operator out_lane[5].mult_lane[5].operand_pipe.product_q is absorbed into DSP out_lane[5].mult_lane[5].operand_pipe.sums_q_reg[0][5][5].
DSP Report: Generating DSP out_lane[5].mult_lane[4].operand_pipe.sums_q_reg[0][5][4], operation Mode is: (A*B)'.
DSP Report: register out_lane[5].mult_lane[4].operand_pipe.sums_q_reg[0][5][4] is absorbed into DSP out_lane[5].mult_lane[4].operand_pipe.sums_q_reg[0][5][4].
DSP Report: operator out_lane[5].mult_lane[4].operand_pipe.product_q is absorbed into DSP out_lane[5].mult_lane[4].operand_pipe.sums_q_reg[0][5][4].
DSP Report: Generating DSP out_lane[5].mult_lane[3].operand_pipe.sums_q_reg[0][5][3], operation Mode is: (A*B)'.
DSP Report: register out_lane[5].mult_lane[3].operand_pipe.sums_q_reg[0][5][3] is absorbed into DSP out_lane[5].mult_lane[3].operand_pipe.sums_q_reg[0][5][3].
DSP Report: operator out_lane[5].mult_lane[3].operand_pipe.product_q is absorbed into DSP out_lane[5].mult_lane[3].operand_pipe.sums_q_reg[0][5][3].
DSP Report: Generating DSP out_lane[5].mult_lane[2].operand_pipe.sums_q_reg[0][5][2], operation Mode is: (A*B)'.
DSP Report: register out_lane[5].mult_lane[2].operand_pipe.sums_q_reg[0][5][2] is absorbed into DSP out_lane[5].mult_lane[2].operand_pipe.sums_q_reg[0][5][2].
DSP Report: operator out_lane[5].mult_lane[2].operand_pipe.product_q is absorbed into DSP out_lane[5].mult_lane[2].operand_pipe.sums_q_reg[0][5][2].
DSP Report: Generating DSP out_lane[5].mult_lane[1].operand_pipe.sums_q_reg[0][5][1], operation Mode is: (A*B)'.
DSP Report: register out_lane[5].mult_lane[1].operand_pipe.sums_q_reg[0][5][1] is absorbed into DSP out_lane[5].mult_lane[1].operand_pipe.sums_q_reg[0][5][1].
DSP Report: operator out_lane[5].mult_lane[1].operand_pipe.product_q is absorbed into DSP out_lane[5].mult_lane[1].operand_pipe.sums_q_reg[0][5][1].
DSP Report: Generating DSP out_lane[5].mult_lane[0].operand_pipe.sums_q_reg[0][5][0], operation Mode is: (A*B)'.
DSP Report: register out_lane[5].mult_lane[0].operand_pipe.sums_q_reg[0][5][0] is absorbed into DSP out_lane[5].mult_lane[0].operand_pipe.sums_q_reg[0][5][0].
DSP Report: operator out_lane[5].mult_lane[0].operand_pipe.product_q is absorbed into DSP out_lane[5].mult_lane[0].operand_pipe.sums_q_reg[0][5][0].
DSP Report: Generating DSP tree_stage[1].channel[6].node[4].single.sums_q_reg[1][6][4], operation Mode is: (A*B)'.
DSP Report: register tree_stage[1].channel[6].node[4].single.sums_q_reg[1][6][4] is absorbed into DSP tree_stage[1].channel[6].node[4].single.sums_q_reg[1][6][4].
DSP Report: register out_lane[6].mult_lane[8].operand_pipe.sums_q_reg[0][6][8] is absorbed into DSP tree_stage[1].channel[6].node[4].single.sums_q_reg[1][6][4].
DSP Report: operator out_lane[6].mult_lane[8].operand_pipe.product_q is absorbed into DSP tree_stage[1].channel[6].node[4].single.sums_q_reg[1][6][4].
DSP Report: Generating DSP out_lane[6].mult_lane[7].operand_pipe.sums_q_reg[0][6][7], operation Mode is: (A*B)'.
DSP Report: register out_lane[6].mult_lane[7].operand_pipe.sums_q_reg[0][6][7] is absorbed into DSP out_lane[6].mult_lane[7].operand_pipe.sums_q_reg[0][6][7].
DSP Report: operator out_lane[6].mult_lane[7].operand_pipe.product_q is absorbed into DSP out_lane[6].mult_lane[7].operand_pipe.sums_q_reg[0][6][7].
DSP Report: Generating DSP out_lane[6].mult_lane[6].operand_pipe.sums_q_reg[0][6][6], operation Mode is: (A*B)'.
DSP Report: register out_lane[6].mult_lane[6].operand_pipe.sums_q_reg[0][6][6] is absorbed into DSP out_lane[6].mult_lane[6].operand_pipe.sums_q_reg[0][6][6].
DSP Report: operator out_lane[6].mult_lane[6].operand_pipe.product_q is absorbed into DSP out_lane[6].mult_lane[6].operand_pipe.sums_q_reg[0][6][6].
DSP Report: Generating DSP out_lane[6].mult_lane[5].operand_pipe.sums_q_reg[0][6][5], operation Mode is: (A*B)'.
DSP Report: register out_lane[6].mult_lane[5].operand_pipe.sums_q_reg[0][6][5] is absorbed into DSP out_lane[6].mult_lane[5].operand_pipe.sums_q_reg[0][6][5].
DSP Report: operator out_lane[6].mult_lane[5].operand_pipe.product_q is absorbed into DSP out_lane[6].mult_lane[5].operand_pipe.sums_q_reg[0][6][5].
DSP Report: Generating DSP out_lane[6].mult_lane[4].operand_pipe.sums_q_reg[0][6][4], operation Mode is: (A*B)'.
DSP Report: register out_lane[6].mult_lane[4].operand_pipe.sums_q_reg[0][6][4] is absorbed into DSP out_lane[6].mult_lane[4].operand_pipe.sums_q_reg[0][6][4].
DSP Report: operator out_lane[6].mult_lane[4].operand_pipe.product_q is absorbed into DSP out_lane[6].mult_lane[4].operand_pipe.sums_q_reg[0][6][4].
DSP Report: Generating DSP out_lane[6].mult_lane[3].operand_pipe.sums_q_reg[0][6][3], operation Mode is: (A*B)'.
DSP Report: register out_lane[6].mult_lane[3].operand_pipe.sums_q_reg[0][6][3] is absorbed into DSP out_lane[6].mult_lane[3].operand_pipe.sums_q_reg[0][6][3].
DSP Report: operator out_lane[6].mult_lane[3].operand_pipe.product_q is absorbed into DSP out_lane[6].mult_lane[3].operand_pipe.sums_q_reg[0][6][3].
DSP Report: Generating DSP out_lane[6].mult_lane[2].operand_pipe.sums_q_reg[0][6][2], operation Mode is: (A*B)'.
DSP Report: register out_lane[6].mult_lane[2].operand_pipe.sums_q_reg[0][6][2] is absorbed into DSP out_lane[6].mult_lane[2].operand_pipe.sums_q_reg[0][6][2].
DSP Report: operator out_lane[6].mult_lane[2].operand_pipe.product_q is absorbed into DSP out_lane[6].mult_lane[2].operand_pipe.sums_q_reg[0][6][2].
DSP Report: Generating DSP out_lane[6].mult_lane[1].operand_pipe.sums_q_reg[0][6][1], operation Mode is: (A*B)'.
DSP Report: register out_lane[6].mult_lane[1].operand_pipe.sums_q_reg[0][6][1] is absorbed into DSP out_lane[6].mult_lane[1].operand_pipe.sums_q_reg[0][6][1].
DSP Report: operator out_lane[6].mult_lane[1].operand_pipe.product_q is absorbed into DSP out_lane[6].mult_lane[1].operand_pipe.sums_q_reg[0][6][1].
DSP Report: Generating DSP out_lane[6].mult_lane[0].operand_pipe.sums_q_reg[0][6][0], operation Mode is: (A*B)'.
DSP Report: register out_lane[6].mult_lane[0].operand_pipe.sums_q_reg[0][6][0] is absorbed into DSP out_lane[6].mult_lane[0].operand_pipe.sums_q_reg[0][6][0].
DSP Report: operator out_lane[6].mult_lane[0].operand_pipe.product_q is absorbed into DSP out_lane[6].mult_lane[0].operand_pipe.sums_q_reg[0][6][0].
DSP Report: Generating DSP tree_stage[1].channel[7].node[4].single.sums_q_reg[1][7][4], operation Mode is: (A*B)'.
DSP Report: register tree_stage[1].channel[7].node[4].single.sums_q_reg[1][7][4] is absorbed into DSP tree_stage[1].channel[7].node[4].single.sums_q_reg[1][7][4].
DSP Report: register out_lane[7].mult_lane[8].operand_pipe.sums_q_reg[0][7][8] is absorbed into DSP tree_stage[1].channel[7].node[4].single.sums_q_reg[1][7][4].
DSP Report: operator out_lane[7].mult_lane[8].operand_pipe.product_q is absorbed into DSP tree_stage[1].channel[7].node[4].single.sums_q_reg[1][7][4].
DSP Report: Generating DSP out_lane[7].mult_lane[7].operand_pipe.sums_q_reg[0][7][7], operation Mode is: (A*B)'.
DSP Report: register out_lane[7].mult_lane[7].operand_pipe.sums_q_reg[0][7][7] is absorbed into DSP out_lane[7].mult_lane[7].operand_pipe.sums_q_reg[0][7][7].
DSP Report: operator out_lane[7].mult_lane[7].operand_pipe.product_q is absorbed into DSP out_lane[7].mult_lane[7].operand_pipe.sums_q_reg[0][7][7].
DSP Report: Generating DSP out_lane[7].mult_lane[6].operand_pipe.sums_q_reg[0][7][6], operation Mode is: (A*B)'.
DSP Report: register out_lane[7].mult_lane[6].operand_pipe.sums_q_reg[0][7][6] is absorbed into DSP out_lane[7].mult_lane[6].operand_pipe.sums_q_reg[0][7][6].
DSP Report: operator out_lane[7].mult_lane[6].operand_pipe.product_q is absorbed into DSP out_lane[7].mult_lane[6].operand_pipe.sums_q_reg[0][7][6].
DSP Report: Generating DSP out_lane[7].mult_lane[5].operand_pipe.sums_q_reg[0][7][5], operation Mode is: (A*B)'.
DSP Report: register out_lane[7].mult_lane[5].operand_pipe.sums_q_reg[0][7][5] is absorbed into DSP out_lane[7].mult_lane[5].operand_pipe.sums_q_reg[0][7][5].
DSP Report: operator out_lane[7].mult_lane[5].operand_pipe.product_q is absorbed into DSP out_lane[7].mult_lane[5].operand_pipe.sums_q_reg[0][7][5].
DSP Report: Generating DSP out_lane[7].mult_lane[4].operand_pipe.sums_q_reg[0][7][4], operation Mode is: (A*B)'.
DSP Report: register out_lane[7].mult_lane[4].operand_pipe.sums_q_reg[0][7][4] is absorbed into DSP out_lane[7].mult_lane[4].operand_pipe.sums_q_reg[0][7][4].
DSP Report: operator out_lane[7].mult_lane[4].operand_pipe.product_q is absorbed into DSP out_lane[7].mult_lane[4].operand_pipe.sums_q_reg[0][7][4].
DSP Report: Generating DSP out_lane[7].mult_lane[3].operand_pipe.sums_q_reg[0][7][3], operation Mode is: (A*B)'.
DSP Report: register out_lane[7].mult_lane[3].operand_pipe.sums_q_reg[0][7][3] is absorbed into DSP out_lane[7].mult_lane[3].operand_pipe.sums_q_reg[0][7][3].
DSP Report: operator out_lane[7].mult_lane[3].operand_pipe.product_q is absorbed into DSP out_lane[7].mult_lane[3].operand_pipe.sums_q_reg[0][7][3].
DSP Report: Generating DSP out_lane[7].mult_lane[2].operand_pipe.sums_q_reg[0][7][2], operation Mode is: (A*B)'.
DSP Report: register out_lane[7].mult_lane[2].operand_pipe.sums_q_reg[0][7][2] is absorbed into DSP out_lane[7].mult_lane[2].operand_pipe.sums_q_reg[0][7][2].
DSP Report: operator out_lane[7].mult_lane[2].operand_pipe.product_q is absorbed into DSP out_lane[7].mult_lane[2].operand_pipe.sums_q_reg[0][7][2].
DSP Report: Generating DSP out_lane[7].mult_lane[1].operand_pipe.sums_q_reg[0][7][1], operation Mode is: (A*B)'.
DSP Report: register out_lane[7].mult_lane[1].operand_pipe.sums_q_reg[0][7][1] is absorbed into DSP out_lane[7].mult_lane[1].operand_pipe.sums_q_reg[0][7][1].
DSP Report: operator out_lane[7].mult_lane[1].operand_pipe.product_q is absorbed into DSP out_lane[7].mult_lane[1].operand_pipe.sums_q_reg[0][7][1].
DSP Report: Generating DSP out_lane[7].mult_lane[0].operand_pipe.sums_q_reg[0][7][0], operation Mode is: (A*B)'.
DSP Report: register out_lane[7].mult_lane[0].operand_pipe.sums_q_reg[0][7][0] is absorbed into DSP out_lane[7].mult_lane[0].operand_pipe.sums_q_reg[0][7][0].
DSP Report: operator out_lane[7].mult_lane[0].operand_pipe.product_q is absorbed into DSP out_lane[7].mult_lane[0].operand_pipe.sums_q_reg[0][7][0].
INFO: [Synth 8-3886] merging instance 'mac/mac/tree_stage[1].channel[0].node[0].pair.sums_q_reg[1][0][0][31]' (FDE) to 'mac/mac/tree_stage[1].channel[0].node[0].pair.sums_q_reg[1][0][0][30]'
INFO: [Synth 8-3886] merging instance 'mac/mac/tree_stage[1].channel[0].node[1].pair.sums_q_reg[1][0][1][31]' (FDE) to 'mac/mac/tree_stage[1].channel[0].node[1].pair.sums_q_reg[1][0][1][30]'
INFO: [Synth 8-3886] merging instance 'mac/mac/tree_stage[1].channel[0].node[2].pair.sums_q_reg[1][0][2][31]' (FDE) to 'mac/mac/tree_stage[1].channel[0].node[2].pair.sums_q_reg[1][0][2][30]'
INFO: [Synth 8-3886] merging instance 'mac/mac/tree_stage[1].channel[0].node[3].pair.sums_q_reg[1][0][3][31]' (FDE) to 'mac/mac/tree_stage[1].channel[0].node[3].pair.sums_q_reg[1][0][3][30]'
INFO: [Synth 8-3886] merging instance 'mac/mac/tree_stage[1].channel[0].node[0].pair.sums_q_reg[1][0][0][30]' (FDE) to 'mac/mac/tree_stage[1].channel[0].node[0].pair.sums_q_reg[1][0][0][29]'
INFO: [Synth 8-3886] merging instance 'mac/mac/tree_stage[1].channel[0].node[1].pair.sums_q_reg[1][0][1][30]' (FDE) to 'mac/mac/tree_stage[1].channel[0].node[1].pair.sums_q_reg[1][0][1][29]'
INFO: [Synth 8-3886] merging instance 'mac/mac/tree_stage[1].channel[0].node[2].pair.sums_q_reg[1][0][2][30]' (FDE) to 'mac/mac/tree_stage[1].channel[0].node[2].pair.sums_q_reg[1][0][2][29]'
INFO: [Synth 8-3886] merging instance 'mac/mac/tree_stage[1].channel[0].node[3].pair.sums_q_reg[1][0][3][30]' (FDE) to 'mac/mac/tree_stage[1].channel[0].node[3].pair.sums_q_reg[1][0][3][29]'
INFO: [Synth 8-3886] merging instance 'mac/mac/tree_stage[1].channel[0].node[0].pair.sums_q_reg[1][0][0][29]' (FDE) to 'mac/mac/tree_stage[1].channel[0].node[0].pair.sums_q_reg[1][0][0][24]'
INFO: [Synth 8-3886] merging instance 'mac/mac/tree_stage[1].channel[0].node[1].pair.sums_q_reg[1][0][1][29]' (FDE) to 'mac/mac/tree_stage[1].channel[0].node[1].pair.sums_q_reg[1][0][1][24]'
INFO: [Synth 8-3886] merging instance 'mac/mac/tree_stage[1].channel[0].node[0].pair.sums_q_reg[1][0][0][24]' (FDE) to 'mac/mac/tree_stage[1].channel[0].node[0].pair.sums_q_reg[1][0][0][25]'
INFO: [Synth 8-3886] merging instance 'mac/mac/tree_stage[1].channel[0].node[1].pair.sums_q_reg[1][0][1][24]' (FDE) to 'mac/mac/tree_stage[1].channel[0].node[1].pair.sums_q_reg[1][0][1][25]'
INFO: [Synth 8-3886] merging instance 'mac/mac/tree_stage[1].channel[0].node[0].pair.sums_q_reg[1][0][0][25]' (FDE) to 'mac/mac/tree_stage[1].channel[0].node[0].pair.sums_q_reg[1][0][0][26]'
INFO: [Synth 8-3886] merging instance 'mac/mac/tree_stage[1].channel[0].node[1].pair.sums_q_reg[1][0][1][25]' (FDE) to 'mac/mac/tree_stage[1].channel[0].node[1].pair.sums_q_reg[1][0][1][26]'
INFO: [Synth 8-3886] merging instance 'mac/mac/tree_stage[1].channel[0].node[0].pair.sums_q_reg[1][0][0][26]' (FDE) to 'mac/mac/tree_stage[1].channel[0].node[0].pair.sums_q_reg[1][0][0][27]'
INFO: [Synth 8-3886] merging instance 'mac/mac/tree_stage[1].channel[0].node[1].pair.sums_q_reg[1][0][1][26]' (FDE) to 'mac/mac/tree_stage[1].channel[0].node[1].pair.sums_q_reg[1][0][1][27]'
INFO: [Synth 8-3886] merging instance 'mac/mac/tree_stage[1].channel[0].node[0].pair.sums_q_reg[1][0][0][27]' (FDE) to 'mac/mac/tree_stage[1].channel[0].node[0].pair.sums_q_reg[1][0][0][28]'
INFO: [Synth 8-3886] merging instance 'mac/mac/tree_stage[1].channel[0].node[1].pair.sums_q_reg[1][0][1][27]' (FDE) to 'mac/mac/tree_stage[1].channel[0].node[1].pair.sums_q_reg[1][0][1][28]'
INFO: [Synth 8-3886] merging instance 'mac/mac/tree_stage[1].channel[0].node[2].pair.sums_q_reg[1][0][2][29]' (FDE) to 'mac/mac/tree_stage[1].channel[0].node[2].pair.sums_q_reg[1][0][2][24]'
INFO: [Synth 8-3886] merging instance 'mac/mac/tree_stage[1].channel[0].node[3].pair.sums_q_reg[1][0][3][29]' (FDE) to 'mac/mac/tree_stage[1].channel[0].node[3].pair.sums_q_reg[1][0][3][24]'
INFO: [Synth 8-3886] merging instance 'mac/mac/tree_stage[1].channel[0].node[2].pair.sums_q_reg[1][0][2][24]' (FDE) to 'mac/mac/tree_stage[1].channel[0].node[2].pair.sums_q_reg[1][0][2][25]'
INFO: [Synth 8-3886] merging instance 'mac/mac/tree_stage[1].channel[0].node[3].pair.sums_q_reg[1][0][3][24]' (FDE) to 'mac/mac/tree_stage[1].channel[0].node[3].pair.sums_q_reg[1][0][3][25]'
INFO: [Synth 8-3886] merging instance 'mac/mac/tree_stage[1].channel[0].node[2].pair.sums_q_reg[1][0][2][25]' (FDE) to 'mac/mac/tree_stage[1].channel[0].node[2].pair.sums_q_reg[1][0][2][26]'
INFO: [Synth 8-3886] merging instance 'mac/mac/tree_stage[1].channel[0].node[3].pair.sums_q_reg[1][0][3][25]' (FDE) to 'mac/mac/tree_stage[1].channel[0].node[3].pair.sums_q_reg[1][0][3][26]'
INFO: [Synth 8-3886] merging instance 'mac/mac/tree_stage[1].channel[0].node[2].pair.sums_q_reg[1][0][2][26]' (FDE) to 'mac/mac/tree_stage[1].channel[0].node[2].pair.sums_q_reg[1][0][2][27]'
INFO: [Synth 8-3886] merging instance 'mac/mac/tree_stage[1].channel[0].node[3].pair.sums_q_reg[1][0][3][26]' (FDE) to 'mac/mac/tree_stage[1].channel[0].node[3].pair.sums_q_reg[1][0][3][27]'
INFO: [Synth 8-3886] merging instance 'mac/mac/tree_stage[1].channel[0].node[2].pair.sums_q_reg[1][0][2][27]' (FDE) to 'mac/mac/tree_stage[1].channel[0].node[2].pair.sums_q_reg[1][0][2][28]'
INFO: [Synth 8-3886] merging instance 'mac/mac/tree_stage[1].channel[0].node[3].pair.sums_q_reg[1][0][3][27]' (FDE) to 'mac/mac/tree_stage[1].channel[0].node[3].pair.sums_q_reg[1][0][3][28]'
INFO: [Synth 8-3886] merging instance 'mac/mac/tree_stage[1].channel[1].node[0].pair.sums_q_reg[1][1][0][31]' (FDE) to 'mac/mac/tree_stage[1].channel[1].node[0].pair.sums_q_reg[1][1][0][30]'
INFO: [Synth 8-3886] merging instance 'mac/mac/tree_stage[1].channel[1].node[1].pair.sums_q_reg[1][1][1][31]' (FDE) to 'mac/mac/tree_stage[1].channel[1].node[1].pair.sums_q_reg[1][1][1][30]'
INFO: [Synth 8-3886] merging instance 'mac/mac/tree_stage[1].channel[1].node[2].pair.sums_q_reg[1][1][2][31]' (FDE) to 'mac/mac/tree_stage[1].channel[1].node[2].pair.sums_q_reg[1][1][2][30]'
INFO: [Synth 8-3886] merging instance 'mac/mac/tree_stage[1].channel[1].node[3].pair.sums_q_reg[1][1][3][31]' (FDE) to 'mac/mac/tree_stage[1].channel[1].node[3].pair.sums_q_reg[1][1][3][30]'
INFO: [Synth 8-3886] merging instance 'mac/mac/tree_stage[1].channel[1].node[0].pair.sums_q_reg[1][1][0][30]' (FDE) to 'mac/mac/tree_stage[1].channel[1].node[0].pair.sums_q_reg[1][1][0][29]'
INFO: [Synth 8-3886] merging instance 'mac/mac/tree_stage[1].channel[1].node[1].pair.sums_q_reg[1][1][1][30]' (FDE) to 'mac/mac/tree_stage[1].channel[1].node[1].pair.sums_q_reg[1][1][1][29]'
INFO: [Synth 8-3886] merging instance 'mac/mac/tree_stage[1].channel[1].node[2].pair.sums_q_reg[1][1][2][30]' (FDE) to 'mac/mac/tree_stage[1].channel[1].node[2].pair.sums_q_reg[1][1][2][29]'
INFO: [Synth 8-3886] merging instance 'mac/mac/tree_stage[1].channel[1].node[3].pair.sums_q_reg[1][1][3][30]' (FDE) to 'mac/mac/tree_stage[1].channel[1].node[3].pair.sums_q_reg[1][1][3][29]'
INFO: [Synth 8-3886] merging instance 'mac/mac/tree_stage[1].channel[1].node[0].pair.sums_q_reg[1][1][0][29]' (FDE) to 'mac/mac/tree_stage[1].channel[1].node[0].pair.sums_q_reg[1][1][0][24]'
INFO: [Synth 8-3886] merging instance 'mac/mac/tree_stage[1].channel[1].node[1].pair.sums_q_reg[1][1][1][29]' (FDE) to 'mac/mac/tree_stage[1].channel[1].node[1].pair.sums_q_reg[1][1][1][24]'
INFO: [Synth 8-3886] merging instance 'mac/mac/tree_stage[1].channel[1].node[0].pair.sums_q_reg[1][1][0][24]' (FDE) to 'mac/mac/tree_stage[1].channel[1].node[0].pair.sums_q_reg[1][1][0][25]'
INFO: [Synth 8-3886] merging instance 'mac/mac/tree_stage[1].channel[1].node[1].pair.sums_q_reg[1][1][1][24]' (FDE) to 'mac/mac/tree_stage[1].channel[1].node[1].pair.sums_q_reg[1][1][1][25]'
INFO: [Synth 8-3886] merging instance 'mac/mac/tree_stage[1].channel[1].node[0].pair.sums_q_reg[1][1][0][25]' (FDE) to 'mac/mac/tree_stage[1].channel[1].node[0].pair.sums_q_reg[1][1][0][26]'
INFO: [Synth 8-3886] merging instance 'mac/mac/tree_stage[1].channel[1].node[1].pair.sums_q_reg[1][1][1][25]' (FDE) to 'mac/mac/tree_stage[1].channel[1].node[1].pair.sums_q_reg[1][1][1][26]'
INFO: [Synth 8-3886] merging instance 'mac/mac/tree_stage[1].channel[1].node[0].pair.sums_q_reg[1][1][0][26]' (FDE) to 'mac/mac/tree_stage[1].channel[1].node[0].pair.sums_q_reg[1][1][0][27]'
INFO: [Synth 8-3886] merging instance 'mac/mac/tree_stage[1].channel[1].node[1].pair.sums_q_reg[1][1][1][26]' (FDE) to 'mac/mac/tree_stage[1].channel[1].node[1].pair.sums_q_reg[1][1][1][27]'
INFO: [Synth 8-3886] merging instance 'mac/mac/tree_stage[1].channel[1].node[0].pair.sums_q_reg[1][1][0][27]' (FDE) to 'mac/mac/tree_stage[1].channel[1].node[0].pair.sums_q_reg[1][1][0][28]'
INFO: [Synth 8-3886] merging instance 'mac/mac/tree_stage[1].channel[1].node[1].pair.sums_q_reg[1][1][1][27]' (FDE) to 'mac/mac/tree_stage[1].channel[1].node[1].pair.sums_q_reg[1][1][1][28]'
INFO: [Synth 8-3886] merging instance 'mac/mac/tree_stage[1].channel[1].node[2].pair.sums_q_reg[1][1][2][29]' (FDE) to 'mac/mac/tree_stage[1].channel[1].node[2].pair.sums_q_reg[1][1][2][24]'
INFO: [Synth 8-3886] merging instance 'mac/mac/tree_stage[1].channel[1].node[3].pair.sums_q_reg[1][1][3][29]' (FDE) to 'mac/mac/tree_stage[1].channel[1].node[3].pair.sums_q_reg[1][1][3][24]'
INFO: [Synth 8-3886] merging instance 'mac/mac/tree_stage[1].channel[1].node[2].pair.sums_q_reg[1][1][2][24]' (FDE) to 'mac/mac/tree_stage[1].channel[1].node[2].pair.sums_q_reg[1][1][2][25]'
INFO: [Synth 8-3886] merging instance 'mac/mac/tree_stage[1].channel[1].node[3].pair.sums_q_reg[1][1][3][24]' (FDE) to 'mac/mac/tree_stage[1].channel[1].node[3].pair.sums_q_reg[1][1][3][25]'
INFO: [Synth 8-3886] merging instance 'mac/mac/tree_stage[1].channel[1].node[2].pair.sums_q_reg[1][1][2][25]' (FDE) to 'mac/mac/tree_stage[1].channel[1].node[2].pair.sums_q_reg[1][1][2][26]'
INFO: [Synth 8-3886] merging instance 'mac/mac/tree_stage[1].channel[1].node[3].pair.sums_q_reg[1][1][3][25]' (FDE) to 'mac/mac/tree_stage[1].channel[1].node[3].pair.sums_q_reg[1][1][3][26]'
INFO: [Synth 8-3886] merging instance 'mac/mac/tree_stage[1].channel[1].node[2].pair.sums_q_reg[1][1][2][26]' (FDE) to 'mac/mac/tree_stage[1].channel[1].node[2].pair.sums_q_reg[1][1][2][27]'
INFO: [Synth 8-3886] merging instance 'mac/mac/tree_stage[1].channel[1].node[3].pair.sums_q_reg[1][1][3][26]' (FDE) to 'mac/mac/tree_stage[1].channel[1].node[3].pair.sums_q_reg[1][1][3][27]'
INFO: [Synth 8-3886] merging instance 'mac/mac/tree_stage[1].channel[1].node[2].pair.sums_q_reg[1][1][2][27]' (FDE) to 'mac/mac/tree_stage[1].channel[1].node[2].pair.sums_q_reg[1][1][2][28]'
INFO: [Synth 8-3886] merging instance 'mac/mac/tree_stage[1].channel[1].node[3].pair.sums_q_reg[1][1][3][27]' (FDE) to 'mac/mac/tree_stage[1].channel[1].node[3].pair.sums_q_reg[1][1][3][28]'
INFO: [Synth 8-3886] merging instance 'mac/mac/tree_stage[1].channel[2].node[0].pair.sums_q_reg[1][2][0][31]' (FDE) to 'mac/mac/tree_stage[1].channel[2].node[0].pair.sums_q_reg[1][2][0][30]'
INFO: [Synth 8-3886] merging instance 'mac/mac/tree_stage[1].channel[2].node[1].pair.sums_q_reg[1][2][1][31]' (FDE) to 'mac/mac/tree_stage[1].channel[2].node[1].pair.sums_q_reg[1][2][1][30]'
INFO: [Synth 8-3886] merging instance 'mac/mac/tree_stage[1].channel[2].node[2].pair.sums_q_reg[1][2][2][31]' (FDE) to 'mac/mac/tree_stage[1].channel[2].node[2].pair.sums_q_reg[1][2][2][30]'
INFO: [Synth 8-3886] merging instance 'mac/mac/tree_stage[1].channel[2].node[3].pair.sums_q_reg[1][2][3][31]' (FDE) to 'mac/mac/tree_stage[1].channel[2].node[3].pair.sums_q_reg[1][2][3][30]'
INFO: [Synth 8-3886] merging instance 'mac/mac/tree_stage[1].channel[2].node[0].pair.sums_q_reg[1][2][0][30]' (FDE) to 'mac/mac/tree_stage[1].channel[2].node[0].pair.sums_q_reg[1][2][0][29]'
INFO: [Synth 8-3886] merging instance 'mac/mac/tree_stage[1].channel[2].node[1].pair.sums_q_reg[1][2][1][30]' (FDE) to 'mac/mac/tree_stage[1].channel[2].node[1].pair.sums_q_reg[1][2][1][29]'
INFO: [Synth 8-3886] merging instance 'mac/mac/tree_stage[1].channel[2].node[2].pair.sums_q_reg[1][2][2][30]' (FDE) to 'mac/mac/tree_stage[1].channel[2].node[2].pair.sums_q_reg[1][2][2][29]'
INFO: [Synth 8-3886] merging instance 'mac/mac/tree_stage[1].channel[2].node[3].pair.sums_q_reg[1][2][3][30]' (FDE) to 'mac/mac/tree_stage[1].channel[2].node[3].pair.sums_q_reg[1][2][3][29]'
INFO: [Synth 8-3886] merging instance 'mac/mac/tree_stage[1].channel[2].node[0].pair.sums_q_reg[1][2][0][29]' (FDE) to 'mac/mac/tree_stage[1].channel[2].node[0].pair.sums_q_reg[1][2][0][24]'
INFO: [Synth 8-3886] merging instance 'mac/mac/tree_stage[1].channel[2].node[1].pair.sums_q_reg[1][2][1][29]' (FDE) to 'mac/mac/tree_stage[1].channel[2].node[1].pair.sums_q_reg[1][2][1][24]'
INFO: [Synth 8-3886] merging instance 'mac/mac/tree_stage[1].channel[2].node[0].pair.sums_q_reg[1][2][0][24]' (FDE) to 'mac/mac/tree_stage[1].channel[2].node[0].pair.sums_q_reg[1][2][0][25]'
INFO: [Synth 8-3886] merging instance 'mac/mac/tree_stage[1].channel[2].node[1].pair.sums_q_reg[1][2][1][24]' (FDE) to 'mac/mac/tree_stage[1].channel[2].node[1].pair.sums_q_reg[1][2][1][25]'
INFO: [Synth 8-3886] merging instance 'mac/mac/tree_stage[1].channel[2].node[0].pair.sums_q_reg[1][2][0][25]' (FDE) to 'mac/mac/tree_stage[1].channel[2].node[0].pair.sums_q_reg[1][2][0][26]'
INFO: [Synth 8-3886] merging instance 'mac/mac/tree_stage[1].channel[2].node[1].pair.sums_q_reg[1][2][1][25]' (FDE) to 'mac/mac/tree_stage[1].channel[2].node[1].pair.sums_q_reg[1][2][1][26]'
INFO: [Synth 8-3886] merging instance 'mac/mac/tree_stage[1].channel[2].node[0].pair.sums_q_reg[1][2][0][26]' (FDE) to 'mac/mac/tree_stage[1].channel[2].node[0].pair.sums_q_reg[1][2][0][27]'
INFO: [Synth 8-3886] merging instance 'mac/mac/tree_stage[1].channel[2].node[1].pair.sums_q_reg[1][2][1][26]' (FDE) to 'mac/mac/tree_stage[1].channel[2].node[1].pair.sums_q_reg[1][2][1][27]'
INFO: [Synth 8-3886] merging instance 'mac/mac/tree_stage[1].channel[2].node[0].pair.sums_q_reg[1][2][0][27]' (FDE) to 'mac/mac/tree_stage[1].channel[2].node[0].pair.sums_q_reg[1][2][0][28]'
INFO: [Synth 8-3886] merging instance 'mac/mac/tree_stage[1].channel[2].node[1].pair.sums_q_reg[1][2][1][27]' (FDE) to 'mac/mac/tree_stage[1].channel[2].node[1].pair.sums_q_reg[1][2][1][28]'
INFO: [Synth 8-3886] merging instance 'mac/mac/tree_stage[1].channel[2].node[2].pair.sums_q_reg[1][2][2][29]' (FDE) to 'mac/mac/tree_stage[1].channel[2].node[2].pair.sums_q_reg[1][2][2][24]'
INFO: [Synth 8-3886] merging instance 'mac/mac/tree_stage[1].channel[2].node[3].pair.sums_q_reg[1][2][3][29]' (FDE) to 'mac/mac/tree_stage[1].channel[2].node[3].pair.sums_q_reg[1][2][3][24]'
INFO: [Synth 8-3886] merging instance 'mac/mac/tree_stage[1].channel[2].node[2].pair.sums_q_reg[1][2][2][24]' (FDE) to 'mac/mac/tree_stage[1].channel[2].node[2].pair.sums_q_reg[1][2][2][25]'
INFO: [Synth 8-3886] merging instance 'mac/mac/tree_stage[1].channel[2].node[3].pair.sums_q_reg[1][2][3][24]' (FDE) to 'mac/mac/tree_stage[1].channel[2].node[3].pair.sums_q_reg[1][2][3][25]'
INFO: [Synth 8-3886] merging instance 'mac/mac/tree_stage[1].channel[2].node[2].pair.sums_q_reg[1][2][2][25]' (FDE) to 'mac/mac/tree_stage[1].channel[2].node[2].pair.sums_q_reg[1][2][2][26]'
INFO: [Synth 8-3886] merging instance 'mac/mac/tree_stage[1].channel[2].node[3].pair.sums_q_reg[1][2][3][25]' (FDE) to 'mac/mac/tree_stage[1].channel[2].node[3].pair.sums_q_reg[1][2][3][26]'
INFO: [Synth 8-3886] merging instance 'mac/mac/tree_stage[1].channel[2].node[2].pair.sums_q_reg[1][2][2][26]' (FDE) to 'mac/mac/tree_stage[1].channel[2].node[2].pair.sums_q_reg[1][2][2][27]'
INFO: [Synth 8-3886] merging instance 'mac/mac/tree_stage[1].channel[2].node[3].pair.sums_q_reg[1][2][3][26]' (FDE) to 'mac/mac/tree_stage[1].channel[2].node[3].pair.sums_q_reg[1][2][3][27]'
INFO: [Synth 8-3886] merging instance 'mac/mac/tree_stage[1].channel[2].node[2].pair.sums_q_reg[1][2][2][27]' (FDE) to 'mac/mac/tree_stage[1].channel[2].node[2].pair.sums_q_reg[1][2][2][28]'
INFO: [Synth 8-3886] merging instance 'mac/mac/tree_stage[1].channel[2].node[3].pair.sums_q_reg[1][2][3][27]' (FDE) to 'mac/mac/tree_stage[1].channel[2].node[3].pair.sums_q_reg[1][2][3][28]'
INFO: [Synth 8-3886] merging instance 'mac/mac/tree_stage[1].channel[3].node[0].pair.sums_q_reg[1][3][0][31]' (FDE) to 'mac/mac/tree_stage[1].channel[3].node[0].pair.sums_q_reg[1][3][0][30]'
INFO: [Synth 8-3886] merging instance 'mac/mac/tree_stage[1].channel[3].node[1].pair.sums_q_reg[1][3][1][31]' (FDE) to 'mac/mac/tree_stage[1].channel[3].node[1].pair.sums_q_reg[1][3][1][30]'
INFO: [Synth 8-3886] merging instance 'mac/mac/tree_stage[1].channel[3].node[2].pair.sums_q_reg[1][3][2][31]' (FDE) to 'mac/mac/tree_stage[1].channel[3].node[2].pair.sums_q_reg[1][3][2][30]'
INFO: [Synth 8-3886] merging instance 'mac/mac/tree_stage[1].channel[3].node[3].pair.sums_q_reg[1][3][3][31]' (FDE) to 'mac/mac/tree_stage[1].channel[3].node[3].pair.sums_q_reg[1][3][3][30]'
INFO: [Synth 8-3886] merging instance 'mac/mac/tree_stage[1].channel[3].node[0].pair.sums_q_reg[1][3][0][30]' (FDE) to 'mac/mac/tree_stage[1].channel[3].node[0].pair.sums_q_reg[1][3][0][29]'
INFO: [Synth 8-3886] merging instance 'mac/mac/tree_stage[1].channel[3].node[1].pair.sums_q_reg[1][3][1][30]' (FDE) to 'mac/mac/tree_stage[1].channel[3].node[1].pair.sums_q_reg[1][3][1][29]'
INFO: [Synth 8-3886] merging instance 'mac/mac/tree_stage[1].channel[3].node[2].pair.sums_q_reg[1][3][2][30]' (FDE) to 'mac/mac/tree_stage[1].channel[3].node[2].pair.sums_q_reg[1][3][2][29]'
INFO: [Synth 8-3886] merging instance 'mac/mac/tree_stage[1].channel[3].node[3].pair.sums_q_reg[1][3][3][30]' (FDE) to 'mac/mac/tree_stage[1].channel[3].node[3].pair.sums_q_reg[1][3][3][29]'
INFO: [Synth 8-3886] merging instance 'mac/mac/tree_stage[1].channel[3].node[0].pair.sums_q_reg[1][3][0][29]' (FDE) to 'mac/mac/tree_stage[1].channel[3].node[0].pair.sums_q_reg[1][3][0][24]'
INFO: [Synth 8-3886] merging instance 'mac/mac/tree_stage[1].channel[3].node[1].pair.sums_q_reg[1][3][1][29]' (FDE) to 'mac/mac/tree_stage[1].channel[3].node[1].pair.sums_q_reg[1][3][1][24]'
INFO: [Synth 8-3886] merging instance 'mac/mac/tree_stage[1].channel[3].node[0].pair.sums_q_reg[1][3][0][24]' (FDE) to 'mac/mac/tree_stage[1].channel[3].node[0].pair.sums_q_reg[1][3][0][25]'
INFO: [Synth 8-3886] merging instance 'mac/mac/tree_stage[1].channel[3].node[1].pair.sums_q_reg[1][3][1][24]' (FDE) to 'mac/mac/tree_stage[1].channel[3].node[1].pair.sums_q_reg[1][3][1][25]'
INFO: [Synth 8-3886] merging instance 'mac/mac/tree_stage[1].channel[3].node[0].pair.sums_q_reg[1][3][0][25]' (FDE) to 'mac/mac/tree_stage[1].channel[3].node[0].pair.sums_q_reg[1][3][0][26]'
INFO: [Synth 8-3886] merging instance 'mac/mac/tree_stage[1].channel[3].node[1].pair.sums_q_reg[1][3][1][25]' (FDE) to 'mac/mac/tree_stage[1].channel[3].node[1].pair.sums_q_reg[1][3][1][26]'
INFO: [Synth 8-3886] merging instance 'mac/mac/tree_stage[1].channel[3].node[0].pair.sums_q_reg[1][3][0][26]' (FDE) to 'mac/mac/tree_stage[1].channel[3].node[0].pair.sums_q_reg[1][3][0][27]'
INFO: [Synth 8-3886] merging instance 'mac/mac/tree_stage[1].channel[3].node[1].pair.sums_q_reg[1][3][1][26]' (FDE) to 'mac/mac/tree_stage[1].channel[3].node[1].pair.sums_q_reg[1][3][1][27]'
INFO: [Common 17-14] Message 'Synth 8-3886' appears 100 times and further instances of the messages will be disabled. Use the Tcl command set_msg_config to change the current settings.
INFO: [Common 17-14] Message 'Synth 8-3886' appears 100 times and further instances of the messages will be disabled. Use the Tcl command set_msg_config to change the current settings.
DSP Report: Generating DSP out_lane[2].mult_lane[15].operand_pipe.sums_q_reg[0][2][15], operation Mode is: (A*B)'.
DSP Report: register out_lane[2].mult_lane[15].operand_pipe.sums_q_reg[0][2][15] is absorbed into DSP out_lane[2].mult_lane[15].operand_pipe.sums_q_reg[0][2][15].
DSP Report: operator out_lane[2].mult_lane[15].operand_pipe.product_q is absorbed into DSP out_lane[2].mult_lane[15].operand_pipe.sums_q_reg[0][2][15].
DSP Report: Generating DSP out_lane[2].mult_lane[14].operand_pipe.sums_q_reg[0][2][14], operation Mode is: (A*B)'.
DSP Report: register out_lane[2].mult_lane[14].operand_pipe.sums_q_reg[0][2][14] is absorbed into DSP out_lane[2].mult_lane[14].operand_pipe.sums_q_reg[0][2][14].
DSP Report: operator out_lane[2].mult_lane[14].operand_pipe.product_q is absorbed into DSP out_lane[2].mult_lane[14].operand_pipe.sums_q_reg[0][2][14].
DSP Report: Generating DSP out_lane[2].mult_lane[13].operand_pipe.sums_q_reg[0][2][13], operation Mode is: (A*B)'.
DSP Report: register out_lane[2].mult_lane[13].operand_pipe.sums_q_reg[0][2][13] is absorbed into DSP out_lane[2].mult_lane[13].operand_pipe.sums_q_reg[0][2][13].
DSP Report: operator out_lane[2].mult_lane[13].operand_pipe.product_q is absorbed into DSP out_lane[2].mult_lane[13].operand_pipe.sums_q_reg[0][2][13].
DSP Report: Generating DSP out_lane[2].mult_lane[12].operand_pipe.sums_q_reg[0][2][12], operation Mode is: (A*B)'.
DSP Report: register out_lane[2].mult_lane[12].operand_pipe.sums_q_reg[0][2][12] is absorbed into DSP out_lane[2].mult_lane[12].operand_pipe.sums_q_reg[0][2][12].
DSP Report: operator out_lane[2].mult_lane[12].operand_pipe.product_q is absorbed into DSP out_lane[2].mult_lane[12].operand_pipe.sums_q_reg[0][2][12].
DSP Report: Generating DSP out_lane[2].mult_lane[11].operand_pipe.sums_q_reg[0][2][11], operation Mode is: (A*B)'.
DSP Report: register out_lane[2].mult_lane[11].operand_pipe.sums_q_reg[0][2][11] is absorbed into DSP out_lane[2].mult_lane[11].operand_pipe.sums_q_reg[0][2][11].
DSP Report: operator out_lane[2].mult_lane[11].operand_pipe.product_q is absorbed into DSP out_lane[2].mult_lane[11].operand_pipe.sums_q_reg[0][2][11].
DSP Report: Generating DSP out_lane[2].mult_lane[10].operand_pipe.sums_q_reg[0][2][10], operation Mode is: (A*B)'.
DSP Report: register out_lane[2].mult_lane[10].operand_pipe.sums_q_reg[0][2][10] is absorbed into DSP out_lane[2].mult_lane[10].operand_pipe.sums_q_reg[0][2][10].
DSP Report: operator out_lane[2].mult_lane[10].operand_pipe.product_q is absorbed into DSP out_lane[2].mult_lane[10].operand_pipe.sums_q_reg[0][2][10].
DSP Report: Generating DSP out_lane[2].mult_lane[9].operand_pipe.sums_q_reg[0][2][9], operation Mode is: (A*B)'.
DSP Report: register out_lane[2].mult_lane[9].operand_pipe.sums_q_reg[0][2][9] is absorbed into DSP out_lane[2].mult_lane[9].operand_pipe.sums_q_reg[0][2][9].
DSP Report: operator out_lane[2].mult_lane[9].operand_pipe.product_q is absorbed into DSP out_lane[2].mult_lane[9].operand_pipe.sums_q_reg[0][2][9].
DSP Report: Generating DSP out_lane[2].mult_lane[8].operand_pipe.sums_q_reg[0][2][8], operation Mode is: (A*B)'.
DSP Report: register out_lane[2].mult_lane[8].operand_pipe.sums_q_reg[0][2][8] is absorbed into DSP out_lane[2].mult_lane[8].operand_pipe.sums_q_reg[0][2][8].
DSP Report: operator out_lane[2].mult_lane[8].operand_pipe.product_q is absorbed into DSP out_lane[2].mult_lane[8].operand_pipe.sums_q_reg[0][2][8].
DSP Report: Generating DSP out_lane[0].mult_lane[49].operand_pipe.sums_q_reg[0][0][49], operation Mode is: (A*B)'.
DSP Report: register out_lane[0].mult_lane[49].operand_pipe.sums_q_reg[0][0][49] is absorbed into DSP out_lane[0].mult_lane[49].operand_pipe.sums_q_reg[0][0][49].
DSP Report: operator out_lane[0].mult_lane[49].operand_pipe.product_q is absorbed into DSP out_lane[0].mult_lane[49].operand_pipe.sums_q_reg[0][0][49].
DSP Report: Generating DSP out_lane[0].mult_lane[48].operand_pipe.sums_q_reg[0][0][48], operation Mode is: (A*B)'.
DSP Report: register out_lane[0].mult_lane[48].operand_pipe.sums_q_reg[0][0][48] is absorbed into DSP out_lane[0].mult_lane[48].operand_pipe.sums_q_reg[0][0][48].
DSP Report: operator out_lane[0].mult_lane[48].operand_pipe.product_q is absorbed into DSP out_lane[0].mult_lane[48].operand_pipe.sums_q_reg[0][0][48].
DSP Report: Generating DSP out_lane[2].mult_lane[31].operand_pipe.sums_q_reg[0][2][31], operation Mode is: (A*B)'.
DSP Report: register out_lane[2].mult_lane[31].operand_pipe.sums_q_reg[0][2][31] is absorbed into DSP out_lane[2].mult_lane[31].operand_pipe.sums_q_reg[0][2][31].
DSP Report: operator out_lane[2].mult_lane[31].operand_pipe.product_q is absorbed into DSP out_lane[2].mult_lane[31].operand_pipe.sums_q_reg[0][2][31].
DSP Report: Generating DSP out_lane[2].mult_lane[30].operand_pipe.sums_q_reg[0][2][30], operation Mode is: (A*B)'.
DSP Report: register out_lane[2].mult_lane[30].operand_pipe.sums_q_reg[0][2][30] is absorbed into DSP out_lane[2].mult_lane[30].operand_pipe.sums_q_reg[0][2][30].
DSP Report: operator out_lane[2].mult_lane[30].operand_pipe.product_q is absorbed into DSP out_lane[2].mult_lane[30].operand_pipe.sums_q_reg[0][2][30].
DSP Report: Generating DSP out_lane[2].mult_lane[29].operand_pipe.sums_q_reg[0][2][29], operation Mode is: (A*B)'.
DSP Report: register out_lane[2].mult_lane[29].operand_pipe.sums_q_reg[0][2][29] is absorbed into DSP out_lane[2].mult_lane[29].operand_pipe.sums_q_reg[0][2][29].
DSP Report: operator out_lane[2].mult_lane[29].operand_pipe.product_q is absorbed into DSP out_lane[2].mult_lane[29].operand_pipe.sums_q_reg[0][2][29].
DSP Report: Generating DSP out_lane[2].mult_lane[28].operand_pipe.sums_q_reg[0][2][28], operation Mode is: (A*B)'.
DSP Report: register out_lane[2].mult_lane[28].operand_pipe.sums_q_reg[0][2][28] is absorbed into DSP out_lane[2].mult_lane[28].operand_pipe.sums_q_reg[0][2][28].
DSP Report: operator out_lane[2].mult_lane[28].operand_pipe.product_q is absorbed into DSP out_lane[2].mult_lane[28].operand_pipe.sums_q_reg[0][2][28].
DSP Report: Generating DSP out_lane[2].mult_lane[27].operand_pipe.sums_q_reg[0][2][27], operation Mode is: (A*B)'.
DSP Report: register out_lane[2].mult_lane[27].operand_pipe.sums_q_reg[0][2][27] is absorbed into DSP out_lane[2].mult_lane[27].operand_pipe.sums_q_reg[0][2][27].
DSP Report: operator out_lane[2].mult_lane[27].operand_pipe.product_q is absorbed into DSP out_lane[2].mult_lane[27].operand_pipe.sums_q_reg[0][2][27].
DSP Report: Generating DSP out_lane[2].mult_lane[26].operand_pipe.sums_q_reg[0][2][26], operation Mode is: (A*B)'.
DSP Report: register out_lane[2].mult_lane[26].operand_pipe.sums_q_reg[0][2][26] is absorbed into DSP out_lane[2].mult_lane[26].operand_pipe.sums_q_reg[0][2][26].
DSP Report: operator out_lane[2].mult_lane[26].operand_pipe.product_q is absorbed into DSP out_lane[2].mult_lane[26].operand_pipe.sums_q_reg[0][2][26].
DSP Report: Generating DSP out_lane[2].mult_lane[25].operand_pipe.sums_q_reg[0][2][25], operation Mode is: (A*B)'.
DSP Report: register out_lane[2].mult_lane[25].operand_pipe.sums_q_reg[0][2][25] is absorbed into DSP out_lane[2].mult_lane[25].operand_pipe.sums_q_reg[0][2][25].
DSP Report: operator out_lane[2].mult_lane[25].operand_pipe.product_q is absorbed into DSP out_lane[2].mult_lane[25].operand_pipe.sums_q_reg[0][2][25].
DSP Report: Generating DSP out_lane[2].mult_lane[24].operand_pipe.sums_q_reg[0][2][24], operation Mode is: (A*B)'.
DSP Report: register out_lane[2].mult_lane[24].operand_pipe.sums_q_reg[0][2][24] is absorbed into DSP out_lane[2].mult_lane[24].operand_pipe.sums_q_reg[0][2][24].
DSP Report: operator out_lane[2].mult_lane[24].operand_pipe.product_q is absorbed into DSP out_lane[2].mult_lane[24].operand_pipe.sums_q_reg[0][2][24].
DSP Report: Generating DSP out_lane[2].mult_lane[23].operand_pipe.sums_q_reg[0][2][23], operation Mode is: (A*B)'.
DSP Report: register out_lane[2].mult_lane[23].operand_pipe.sums_q_reg[0][2][23] is absorbed into DSP out_lane[2].mult_lane[23].operand_pipe.sums_q_reg[0][2][23].
DSP Report: operator out_lane[2].mult_lane[23].operand_pipe.product_q is absorbed into DSP out_lane[2].mult_lane[23].operand_pipe.sums_q_reg[0][2][23].
DSP Report: Generating DSP out_lane[2].mult_lane[22].operand_pipe.sums_q_reg[0][2][22], operation Mode is: (A*B)'.
DSP Report: register out_lane[2].mult_lane[22].operand_pipe.sums_q_reg[0][2][22] is absorbed into DSP out_lane[2].mult_lane[22].operand_pipe.sums_q_reg[0][2][22].
DSP Report: operator out_lane[2].mult_lane[22].operand_pipe.product_q is absorbed into DSP out_lane[2].mult_lane[22].operand_pipe.sums_q_reg[0][2][22].
DSP Report: Generating DSP out_lane[2].mult_lane[21].operand_pipe.sums_q_reg[0][2][21], operation Mode is: (A*B)'.
DSP Report: register out_lane[2].mult_lane[21].operand_pipe.sums_q_reg[0][2][21] is absorbed into DSP out_lane[2].mult_lane[21].operand_pipe.sums_q_reg[0][2][21].
DSP Report: operator out_lane[2].mult_lane[21].operand_pipe.product_q is absorbed into DSP out_lane[2].mult_lane[21].operand_pipe.sums_q_reg[0][2][21].
DSP Report: Generating DSP out_lane[2].mult_lane[20].operand_pipe.sums_q_reg[0][2][20], operation Mode is: (A*B)'.
DSP Report: register out_lane[2].mult_lane[20].operand_pipe.sums_q_reg[0][2][20] is absorbed into DSP out_lane[2].mult_lane[20].operand_pipe.sums_q_reg[0][2][20].
DSP Report: operator out_lane[2].mult_lane[20].operand_pipe.product_q is absorbed into DSP out_lane[2].mult_lane[20].operand_pipe.sums_q_reg[0][2][20].
DSP Report: Generating DSP out_lane[2].mult_lane[19].operand_pipe.sums_q_reg[0][2][19], operation Mode is: (A*B)'.
DSP Report: register out_lane[2].mult_lane[19].operand_pipe.sums_q_reg[0][2][19] is absorbed into DSP out_lane[2].mult_lane[19].operand_pipe.sums_q_reg[0][2][19].
DSP Report: operator out_lane[2].mult_lane[19].operand_pipe.product_q is absorbed into DSP out_lane[2].mult_lane[19].operand_pipe.sums_q_reg[0][2][19].
DSP Report: Generating DSP out_lane[2].mult_lane[18].operand_pipe.sums_q_reg[0][2][18], operation Mode is: (A*B)'.
DSP Report: register out_lane[2].mult_lane[18].operand_pipe.sums_q_reg[0][2][18] is absorbed into DSP out_lane[2].mult_lane[18].operand_pipe.sums_q_reg[0][2][18].
DSP Report: operator out_lane[2].mult_lane[18].operand_pipe.product_q is absorbed into DSP out_lane[2].mult_lane[18].operand_pipe.sums_q_reg[0][2][18].
DSP Report: Generating DSP out_lane[2].mult_lane[17].operand_pipe.sums_q_reg[0][2][17], operation Mode is: (A*B)'.
DSP Report: register out_lane[2].mult_lane[17].operand_pipe.sums_q_reg[0][2][17] is absorbed into DSP out_lane[2].mult_lane[17].operand_pipe.sums_q_reg[0][2][17].
DSP Report: operator out_lane[2].mult_lane[17].operand_pipe.product_q is absorbed into DSP out_lane[2].mult_lane[17].operand_pipe.sums_q_reg[0][2][17].
DSP Report: Generating DSP out_lane[2].mult_lane[16].operand_pipe.sums_q_reg[0][2][16], operation Mode is: (A*B)'.
DSP Report: register out_lane[2].mult_lane[16].operand_pipe.sums_q_reg[0][2][16] is absorbed into DSP out_lane[2].mult_lane[16].operand_pipe.sums_q_reg[0][2][16].
DSP Report: operator out_lane[2].mult_lane[16].operand_pipe.product_q is absorbed into DSP out_lane[2].mult_lane[16].operand_pipe.sums_q_reg[0][2][16].
DSP Report: Generating DSP out_lane[3].mult_lane[15].operand_pipe.sums_q_reg[0][3][15], operation Mode is: (A*B)'.
DSP Report: register out_lane[3].mult_lane[15].operand_pipe.sums_q_reg[0][3][15] is absorbed into DSP out_lane[3].mult_lane[15].operand_pipe.sums_q_reg[0][3][15].
DSP Report: operator out_lane[3].mult_lane[15].operand_pipe.product_q is absorbed into DSP out_lane[3].mult_lane[15].operand_pipe.sums_q_reg[0][3][15].
DSP Report: Generating DSP out_lane[3].mult_lane[14].operand_pipe.sums_q_reg[0][3][14], operation Mode is: (A*B)'.
DSP Report: register out_lane[3].mult_lane[14].operand_pipe.sums_q_reg[0][3][14] is absorbed into DSP out_lane[3].mult_lane[14].operand_pipe.sums_q_reg[0][3][14].
DSP Report: operator out_lane[3].mult_lane[14].operand_pipe.product_q is absorbed into DSP out_lane[3].mult_lane[14].operand_pipe.sums_q_reg[0][3][14].
DSP Report: Generating DSP out_lane[3].mult_lane[13].operand_pipe.sums_q_reg[0][3][13], operation Mode is: (A*B)'.
DSP Report: register out_lane[3].mult_lane[13].operand_pipe.sums_q_reg[0][3][13] is absorbed into DSP out_lane[3].mult_lane[13].operand_pipe.sums_q_reg[0][3][13].
DSP Report: operator out_lane[3].mult_lane[13].operand_pipe.product_q is absorbed into DSP out_lane[3].mult_lane[13].operand_pipe.sums_q_reg[0][3][13].
DSP Report: Generating DSP out_lane[3].mult_lane[12].operand_pipe.sums_q_reg[0][3][12], operation Mode is: (A*B)'.
DSP Report: register out_lane[3].mult_lane[12].operand_pipe.sums_q_reg[0][3][12] is absorbed into DSP out_lane[3].mult_lane[12].operand_pipe.sums_q_reg[0][3][12].
DSP Report: operator out_lane[3].mult_lane[12].operand_pipe.product_q is absorbed into DSP out_lane[3].mult_lane[12].operand_pipe.sums_q_reg[0][3][12].
DSP Report: Generating DSP out_lane[3].mult_lane[11].operand_pipe.sums_q_reg[0][3][11], operation Mode is: (A*B)'.
DSP Report: register out_lane[3].mult_lane[11].operand_pipe.sums_q_reg[0][3][11] is absorbed into DSP out_lane[3].mult_lane[11].operand_pipe.sums_q_reg[0][3][11].
DSP Report: operator out_lane[3].mult_lane[11].operand_pipe.product_q is absorbed into DSP out_lane[3].mult_lane[11].operand_pipe.sums_q_reg[0][3][11].
DSP Report: Generating DSP out_lane[3].mult_lane[10].operand_pipe.sums_q_reg[0][3][10], operation Mode is: (A*B)'.
DSP Report: register out_lane[3].mult_lane[10].operand_pipe.sums_q_reg[0][3][10] is absorbed into DSP out_lane[3].mult_lane[10].operand_pipe.sums_q_reg[0][3][10].
DSP Report: operator out_lane[3].mult_lane[10].operand_pipe.product_q is absorbed into DSP out_lane[3].mult_lane[10].operand_pipe.sums_q_reg[0][3][10].
DSP Report: Generating DSP out_lane[3].mult_lane[9].operand_pipe.sums_q_reg[0][3][9], operation Mode is: (A*B)'.
DSP Report: register out_lane[3].mult_lane[9].operand_pipe.sums_q_reg[0][3][9] is absorbed into DSP out_lane[3].mult_lane[9].operand_pipe.sums_q_reg[0][3][9].
DSP Report: operator out_lane[3].mult_lane[9].operand_pipe.product_q is absorbed into DSP out_lane[3].mult_lane[9].operand_pipe.sums_q_reg[0][3][9].
DSP Report: Generating DSP out_lane[3].mult_lane[8].operand_pipe.sums_q_reg[0][3][8], operation Mode is: (A*B)'.
DSP Report: register out_lane[3].mult_lane[8].operand_pipe.sums_q_reg[0][3][8] is absorbed into DSP out_lane[3].mult_lane[8].operand_pipe.sums_q_reg[0][3][8].
DSP Report: operator out_lane[3].mult_lane[8].operand_pipe.product_q is absorbed into DSP out_lane[3].mult_lane[8].operand_pipe.sums_q_reg[0][3][8].
DSP Report: Generating DSP out_lane[2].mult_lane[49].operand_pipe.sums_q_reg[0][2][49], operation Mode is: (A*B)'.
DSP Report: register out_lane[2].mult_lane[49].operand_pipe.sums_q_reg[0][2][49] is absorbed into DSP out_lane[2].mult_lane[49].operand_pipe.sums_q_reg[0][2][49].
DSP Report: operator out_lane[2].mult_lane[49].operand_pipe.product_q is absorbed into DSP out_lane[2].mult_lane[49].operand_pipe.sums_q_reg[0][2][49].
DSP Report: Generating DSP out_lane[2].mult_lane[48].operand_pipe.sums_q_reg[0][2][48], operation Mode is: (A*B)'.
DSP Report: register out_lane[2].mult_lane[48].operand_pipe.sums_q_reg[0][2][48] is absorbed into DSP out_lane[2].mult_lane[48].operand_pipe.sums_q_reg[0][2][48].
DSP Report: operator out_lane[2].mult_lane[48].operand_pipe.product_q is absorbed into DSP out_lane[2].mult_lane[48].operand_pipe.sums_q_reg[0][2][48].
DSP Report: Generating DSP out_lane[0].mult_lane[31].operand_pipe.sums_q_reg[0][0][31], operation Mode is: (A*B)'.
DSP Report: register out_lane[0].mult_lane[31].operand_pipe.sums_q_reg[0][0][31] is absorbed into DSP out_lane[0].mult_lane[31].operand_pipe.sums_q_reg[0][0][31].
DSP Report: operator out_lane[0].mult_lane[31].operand_pipe.product_q is absorbed into DSP out_lane[0].mult_lane[31].operand_pipe.sums_q_reg[0][0][31].
DSP Report: Generating DSP out_lane[0].mult_lane[30].operand_pipe.sums_q_reg[0][0][30], operation Mode is: (A*B)'.
DSP Report: register out_lane[0].mult_lane[30].operand_pipe.sums_q_reg[0][0][30] is absorbed into DSP out_lane[0].mult_lane[30].operand_pipe.sums_q_reg[0][0][30].
DSP Report: operator out_lane[0].mult_lane[30].operand_pipe.product_q is absorbed into DSP out_lane[0].mult_lane[30].operand_pipe.sums_q_reg[0][0][30].
DSP Report: Generating DSP out_lane[0].mult_lane[29].operand_pipe.sums_q_reg[0][0][29], operation Mode is: (A*B)'.
DSP Report: register out_lane[0].mult_lane[29].operand_pipe.sums_q_reg[0][0][29] is absorbed into DSP out_lane[0].mult_lane[29].operand_pipe.sums_q_reg[0][0][29].
DSP Report: operator out_lane[0].mult_lane[29].operand_pipe.product_q is absorbed into DSP out_lane[0].mult_lane[29].operand_pipe.sums_q_reg[0][0][29].
DSP Report: Generating DSP out_lane[0].mult_lane[28].operand_pipe.sums_q_reg[0][0][28], operation Mode is: (A*B)'.
DSP Report: register out_lane[0].mult_lane[28].operand_pipe.sums_q_reg[0][0][28] is absorbed into DSP out_lane[0].mult_lane[28].operand_pipe.sums_q_reg[0][0][28].
DSP Report: operator out_lane[0].mult_lane[28].operand_pipe.product_q is absorbed into DSP out_lane[0].mult_lane[28].operand_pipe.sums_q_reg[0][0][28].
DSP Report: Generating DSP out_lane[0].mult_lane[27].operand_pipe.sums_q_reg[0][0][27], operation Mode is: (A*B)'.
DSP Report: register out_lane[0].mult_lane[27].operand_pipe.sums_q_reg[0][0][27] is absorbed into DSP out_lane[0].mult_lane[27].operand_pipe.sums_q_reg[0][0][27].
DSP Report: operator out_lane[0].mult_lane[27].operand_pipe.product_q is absorbed into DSP out_lane[0].mult_lane[27].operand_pipe.sums_q_reg[0][0][27].
DSP Report: Generating DSP out_lane[0].mult_lane[26].operand_pipe.sums_q_reg[0][0][26], operation Mode is: (A*B)'.
DSP Report: register out_lane[0].mult_lane[26].operand_pipe.sums_q_reg[0][0][26] is absorbed into DSP out_lane[0].mult_lane[26].operand_pipe.sums_q_reg[0][0][26].
DSP Report: operator out_lane[0].mult_lane[26].operand_pipe.product_q is absorbed into DSP out_lane[0].mult_lane[26].operand_pipe.sums_q_reg[0][0][26].
DSP Report: Generating DSP out_lane[0].mult_lane[25].operand_pipe.sums_q_reg[0][0][25], operation Mode is: (A*B)'.
DSP Report: register out_lane[0].mult_lane[25].operand_pipe.sums_q_reg[0][0][25] is absorbed into DSP out_lane[0].mult_lane[25].operand_pipe.sums_q_reg[0][0][25].
DSP Report: operator out_lane[0].mult_lane[25].operand_pipe.product_q is absorbed into DSP out_lane[0].mult_lane[25].operand_pipe.sums_q_reg[0][0][25].
DSP Report: Generating DSP out_lane[0].mult_lane[24].operand_pipe.sums_q_reg[0][0][24], operation Mode is: (A*B)'.
DSP Report: register out_lane[0].mult_lane[24].operand_pipe.sums_q_reg[0][0][24] is absorbed into DSP out_lane[0].mult_lane[24].operand_pipe.sums_q_reg[0][0][24].
DSP Report: operator out_lane[0].mult_lane[24].operand_pipe.product_q is absorbed into DSP out_lane[0].mult_lane[24].operand_pipe.sums_q_reg[0][0][24].
DSP Report: Generating DSP out_lane[0].mult_lane[23].operand_pipe.sums_q_reg[0][0][23], operation Mode is: (A*B)'.
DSP Report: register out_lane[0].mult_lane[23].operand_pipe.sums_q_reg[0][0][23] is absorbed into DSP out_lane[0].mult_lane[23].operand_pipe.sums_q_reg[0][0][23].
DSP Report: operator out_lane[0].mult_lane[23].operand_pipe.product_q is absorbed into DSP out_lane[0].mult_lane[23].operand_pipe.sums_q_reg[0][0][23].
DSP Report: Generating DSP out_lane[0].mult_lane[22].operand_pipe.sums_q_reg[0][0][22], operation Mode is: (A*B)'.
DSP Report: register out_lane[0].mult_lane[22].operand_pipe.sums_q_reg[0][0][22] is absorbed into DSP out_lane[0].mult_lane[22].operand_pipe.sums_q_reg[0][0][22].
DSP Report: operator out_lane[0].mult_lane[22].operand_pipe.product_q is absorbed into DSP out_lane[0].mult_lane[22].operand_pipe.sums_q_reg[0][0][22].
DSP Report: Generating DSP out_lane[0].mult_lane[21].operand_pipe.sums_q_reg[0][0][21], operation Mode is: (A*B)'.
DSP Report: register out_lane[0].mult_lane[21].operand_pipe.sums_q_reg[0][0][21] is absorbed into DSP out_lane[0].mult_lane[21].operand_pipe.sums_q_reg[0][0][21].
DSP Report: operator out_lane[0].mult_lane[21].operand_pipe.product_q is absorbed into DSP out_lane[0].mult_lane[21].operand_pipe.sums_q_reg[0][0][21].
DSP Report: Generating DSP out_lane[0].mult_lane[20].operand_pipe.sums_q_reg[0][0][20], operation Mode is: (A*B)'.
DSP Report: register out_lane[0].mult_lane[20].operand_pipe.sums_q_reg[0][0][20] is absorbed into DSP out_lane[0].mult_lane[20].operand_pipe.sums_q_reg[0][0][20].
DSP Report: operator out_lane[0].mult_lane[20].operand_pipe.product_q is absorbed into DSP out_lane[0].mult_lane[20].operand_pipe.sums_q_reg[0][0][20].
DSP Report: Generating DSP out_lane[0].mult_lane[19].operand_pipe.sums_q_reg[0][0][19], operation Mode is: (A*B)'.
DSP Report: register out_lane[0].mult_lane[19].operand_pipe.sums_q_reg[0][0][19] is absorbed into DSP out_lane[0].mult_lane[19].operand_pipe.sums_q_reg[0][0][19].
DSP Report: operator out_lane[0].mult_lane[19].operand_pipe.product_q is absorbed into DSP out_lane[0].mult_lane[19].operand_pipe.sums_q_reg[0][0][19].
DSP Report: Generating DSP out_lane[0].mult_lane[18].operand_pipe.sums_q_reg[0][0][18], operation Mode is: (A*B)'.
DSP Report: register out_lane[0].mult_lane[18].operand_pipe.sums_q_reg[0][0][18] is absorbed into DSP out_lane[0].mult_lane[18].operand_pipe.sums_q_reg[0][0][18].
DSP Report: operator out_lane[0].mult_lane[18].operand_pipe.product_q is absorbed into DSP out_lane[0].mult_lane[18].operand_pipe.sums_q_reg[0][0][18].
DSP Report: Generating DSP out_lane[0].mult_lane[17].operand_pipe.sums_q_reg[0][0][17], operation Mode is: (A*B)'.
DSP Report: register out_lane[0].mult_lane[17].operand_pipe.sums_q_reg[0][0][17] is absorbed into DSP out_lane[0].mult_lane[17].operand_pipe.sums_q_reg[0][0][17].
DSP Report: operator out_lane[0].mult_lane[17].operand_pipe.product_q is absorbed into DSP out_lane[0].mult_lane[17].operand_pipe.sums_q_reg[0][0][17].
DSP Report: Generating DSP out_lane[0].mult_lane[16].operand_pipe.sums_q_reg[0][0][16], operation Mode is: (A*B)'.
DSP Report: register out_lane[0].mult_lane[16].operand_pipe.sums_q_reg[0][0][16] is absorbed into DSP out_lane[0].mult_lane[16].operand_pipe.sums_q_reg[0][0][16].
DSP Report: operator out_lane[0].mult_lane[16].operand_pipe.product_q is absorbed into DSP out_lane[0].mult_lane[16].operand_pipe.sums_q_reg[0][0][16].
DSP Report: Generating DSP out_lane[0].mult_lane[15].operand_pipe.sums_q_reg[0][0][15], operation Mode is: (A*B)'.
DSP Report: register out_lane[0].mult_lane[15].operand_pipe.sums_q_reg[0][0][15] is absorbed into DSP out_lane[0].mult_lane[15].operand_pipe.sums_q_reg[0][0][15].
DSP Report: operator out_lane[0].mult_lane[15].operand_pipe.product_q is absorbed into DSP out_lane[0].mult_lane[15].operand_pipe.sums_q_reg[0][0][15].
DSP Report: Generating DSP out_lane[0].mult_lane[14].operand_pipe.sums_q_reg[0][0][14], operation Mode is: (A*B)'.
DSP Report: register out_lane[0].mult_lane[14].operand_pipe.sums_q_reg[0][0][14] is absorbed into DSP out_lane[0].mult_lane[14].operand_pipe.sums_q_reg[0][0][14].
DSP Report: operator out_lane[0].mult_lane[14].operand_pipe.product_q is absorbed into DSP out_lane[0].mult_lane[14].operand_pipe.sums_q_reg[0][0][14].
DSP Report: Generating DSP out_lane[0].mult_lane[13].operand_pipe.sums_q_reg[0][0][13], operation Mode is: (A*B)'.
DSP Report: register out_lane[0].mult_lane[13].operand_pipe.sums_q_reg[0][0][13] is absorbed into DSP out_lane[0].mult_lane[13].operand_pipe.sums_q_reg[0][0][13].
DSP Report: operator out_lane[0].mult_lane[13].operand_pipe.product_q is absorbed into DSP out_lane[0].mult_lane[13].operand_pipe.sums_q_reg[0][0][13].
DSP Report: Generating DSP out_lane[0].mult_lane[12].operand_pipe.sums_q_reg[0][0][12], operation Mode is: (A*B)'.
DSP Report: register out_lane[0].mult_lane[12].operand_pipe.sums_q_reg[0][0][12] is absorbed into DSP out_lane[0].mult_lane[12].operand_pipe.sums_q_reg[0][0][12].
DSP Report: operator out_lane[0].mult_lane[12].operand_pipe.product_q is absorbed into DSP out_lane[0].mult_lane[12].operand_pipe.sums_q_reg[0][0][12].
DSP Report: Generating DSP out_lane[0].mult_lane[11].operand_pipe.sums_q_reg[0][0][11], operation Mode is: (A*B)'.
DSP Report: register out_lane[0].mult_lane[11].operand_pipe.sums_q_reg[0][0][11] is absorbed into DSP out_lane[0].mult_lane[11].operand_pipe.sums_q_reg[0][0][11].
DSP Report: operator out_lane[0].mult_lane[11].operand_pipe.product_q is absorbed into DSP out_lane[0].mult_lane[11].operand_pipe.sums_q_reg[0][0][11].
DSP Report: Generating DSP out_lane[0].mult_lane[10].operand_pipe.sums_q_reg[0][0][10], operation Mode is: (A*B)'.
DSP Report: register out_lane[0].mult_lane[10].operand_pipe.sums_q_reg[0][0][10] is absorbed into DSP out_lane[0].mult_lane[10].operand_pipe.sums_q_reg[0][0][10].
DSP Report: operator out_lane[0].mult_lane[10].operand_pipe.product_q is absorbed into DSP out_lane[0].mult_lane[10].operand_pipe.sums_q_reg[0][0][10].
DSP Report: Generating DSP out_lane[0].mult_lane[9].operand_pipe.sums_q_reg[0][0][9], operation Mode is: (A*B)'.
DSP Report: register out_lane[0].mult_lane[9].operand_pipe.sums_q_reg[0][0][9] is absorbed into DSP out_lane[0].mult_lane[9].operand_pipe.sums_q_reg[0][0][9].
DSP Report: operator out_lane[0].mult_lane[9].operand_pipe.product_q is absorbed into DSP out_lane[0].mult_lane[9].operand_pipe.sums_q_reg[0][0][9].
DSP Report: Generating DSP out_lane[0].mult_lane[8].operand_pipe.sums_q_reg[0][0][8], operation Mode is: (A*B)'.
DSP Report: register out_lane[0].mult_lane[8].operand_pipe.sums_q_reg[0][0][8] is absorbed into DSP out_lane[0].mult_lane[8].operand_pipe.sums_q_reg[0][0][8].
DSP Report: operator out_lane[0].mult_lane[8].operand_pipe.product_q is absorbed into DSP out_lane[0].mult_lane[8].operand_pipe.sums_q_reg[0][0][8].
DSP Report: Generating DSP out_lane[1].mult_lane[49].operand_pipe.sums_q_reg[0][1][49], operation Mode is: (A*B)'.
DSP Report: register out_lane[1].mult_lane[49].operand_pipe.sums_q_reg[0][1][49] is absorbed into DSP out_lane[1].mult_lane[49].operand_pipe.sums_q_reg[0][1][49].
DSP Report: operator out_lane[1].mult_lane[49].operand_pipe.product_q is absorbed into DSP out_lane[1].mult_lane[49].operand_pipe.sums_q_reg[0][1][49].
DSP Report: Generating DSP out_lane[1].mult_lane[48].operand_pipe.sums_q_reg[0][1][48], operation Mode is: (A*B)'.
DSP Report: register out_lane[1].mult_lane[48].operand_pipe.sums_q_reg[0][1][48] is absorbed into DSP out_lane[1].mult_lane[48].operand_pipe.sums_q_reg[0][1][48].
DSP Report: operator out_lane[1].mult_lane[48].operand_pipe.product_q is absorbed into DSP out_lane[1].mult_lane[48].operand_pipe.sums_q_reg[0][1][48].
DSP Report: Generating DSP out_lane[3].mult_lane[49].operand_pipe.sums_q_reg[0][3][49], operation Mode is: (A*B)'.
DSP Report: register out_lane[3].mult_lane[49].operand_pipe.sums_q_reg[0][3][49] is absorbed into DSP out_lane[3].mult_lane[49].operand_pipe.sums_q_reg[0][3][49].
DSP Report: operator out_lane[3].mult_lane[49].operand_pipe.product_q is absorbed into DSP out_lane[3].mult_lane[49].operand_pipe.sums_q_reg[0][3][49].
DSP Report: Generating DSP out_lane[3].mult_lane[48].operand_pipe.sums_q_reg[0][3][48], operation Mode is: (A*B)'.
DSP Report: register out_lane[3].mult_lane[48].operand_pipe.sums_q_reg[0][3][48] is absorbed into DSP out_lane[3].mult_lane[48].operand_pipe.sums_q_reg[0][3][48].
DSP Report: operator out_lane[3].mult_lane[48].operand_pipe.product_q is absorbed into DSP out_lane[3].mult_lane[48].operand_pipe.sums_q_reg[0][3][48].
DSP Report: Generating DSP out_lane[3].mult_lane[31].operand_pipe.sums_q_reg[0][3][31], operation Mode is: (A*B)'.
DSP Report: register out_lane[3].mult_lane[31].operand_pipe.sums_q_reg[0][3][31] is absorbed into DSP out_lane[3].mult_lane[31].operand_pipe.sums_q_reg[0][3][31].
DSP Report: operator out_lane[3].mult_lane[31].operand_pipe.product_q is absorbed into DSP out_lane[3].mult_lane[31].operand_pipe.sums_q_reg[0][3][31].
DSP Report: Generating DSP out_lane[3].mult_lane[30].operand_pipe.sums_q_reg[0][3][30], operation Mode is: (A*B)'.
DSP Report: register out_lane[3].mult_lane[30].operand_pipe.sums_q_reg[0][3][30] is absorbed into DSP out_lane[3].mult_lane[30].operand_pipe.sums_q_reg[0][3][30].
DSP Report: operator out_lane[3].mult_lane[30].operand_pipe.product_q is absorbed into DSP out_lane[3].mult_lane[30].operand_pipe.sums_q_reg[0][3][30].
DSP Report: Generating DSP out_lane[3].mult_lane[29].operand_pipe.sums_q_reg[0][3][29], operation Mode is: (A*B)'.
DSP Report: register out_lane[3].mult_lane[29].operand_pipe.sums_q_reg[0][3][29] is absorbed into DSP out_lane[3].mult_lane[29].operand_pipe.sums_q_reg[0][3][29].
DSP Report: operator out_lane[3].mult_lane[29].operand_pipe.product_q is absorbed into DSP out_lane[3].mult_lane[29].operand_pipe.sums_q_reg[0][3][29].
DSP Report: Generating DSP out_lane[3].mult_lane[28].operand_pipe.sums_q_reg[0][3][28], operation Mode is: (A*B)'.
DSP Report: register out_lane[3].mult_lane[28].operand_pipe.sums_q_reg[0][3][28] is absorbed into DSP out_lane[3].mult_lane[28].operand_pipe.sums_q_reg[0][3][28].
DSP Report: operator out_lane[3].mult_lane[28].operand_pipe.product_q is absorbed into DSP out_lane[3].mult_lane[28].operand_pipe.sums_q_reg[0][3][28].
DSP Report: Generating DSP out_lane[3].mult_lane[27].operand_pipe.sums_q_reg[0][3][27], operation Mode is: (A*B)'.
DSP Report: register out_lane[3].mult_lane[27].operand_pipe.sums_q_reg[0][3][27] is absorbed into DSP out_lane[3].mult_lane[27].operand_pipe.sums_q_reg[0][3][27].
DSP Report: operator out_lane[3].mult_lane[27].operand_pipe.product_q is absorbed into DSP out_lane[3].mult_lane[27].operand_pipe.sums_q_reg[0][3][27].
DSP Report: Generating DSP out_lane[3].mult_lane[26].operand_pipe.sums_q_reg[0][3][26], operation Mode is: (A*B)'.
DSP Report: register out_lane[3].mult_lane[26].operand_pipe.sums_q_reg[0][3][26] is absorbed into DSP out_lane[3].mult_lane[26].operand_pipe.sums_q_reg[0][3][26].
DSP Report: operator out_lane[3].mult_lane[26].operand_pipe.product_q is absorbed into DSP out_lane[3].mult_lane[26].operand_pipe.sums_q_reg[0][3][26].
DSP Report: Generating DSP out_lane[3].mult_lane[25].operand_pipe.sums_q_reg[0][3][25], operation Mode is: (A*B)'.
DSP Report: register out_lane[3].mult_lane[25].operand_pipe.sums_q_reg[0][3][25] is absorbed into DSP out_lane[3].mult_lane[25].operand_pipe.sums_q_reg[0][3][25].
DSP Report: operator out_lane[3].mult_lane[25].operand_pipe.product_q is absorbed into DSP out_lane[3].mult_lane[25].operand_pipe.sums_q_reg[0][3][25].
DSP Report: Generating DSP out_lane[3].mult_lane[24].operand_pipe.sums_q_reg[0][3][24], operation Mode is: (A*B)'.
DSP Report: register out_lane[3].mult_lane[24].operand_pipe.sums_q_reg[0][3][24] is absorbed into DSP out_lane[3].mult_lane[24].operand_pipe.sums_q_reg[0][3][24].
DSP Report: operator out_lane[3].mult_lane[24].operand_pipe.product_q is absorbed into DSP out_lane[3].mult_lane[24].operand_pipe.sums_q_reg[0][3][24].
DSP Report: Generating DSP out_lane[3].mult_lane[23].operand_pipe.sums_q_reg[0][3][23], operation Mode is: (A*B)'.
DSP Report: register out_lane[3].mult_lane[23].operand_pipe.sums_q_reg[0][3][23] is absorbed into DSP out_lane[3].mult_lane[23].operand_pipe.sums_q_reg[0][3][23].
DSP Report: operator out_lane[3].mult_lane[23].operand_pipe.product_q is absorbed into DSP out_lane[3].mult_lane[23].operand_pipe.sums_q_reg[0][3][23].
DSP Report: Generating DSP out_lane[3].mult_lane[22].operand_pipe.sums_q_reg[0][3][22], operation Mode is: (A*B)'.
DSP Report: register out_lane[3].mult_lane[22].operand_pipe.sums_q_reg[0][3][22] is absorbed into DSP out_lane[3].mult_lane[22].operand_pipe.sums_q_reg[0][3][22].
DSP Report: operator out_lane[3].mult_lane[22].operand_pipe.product_q is absorbed into DSP out_lane[3].mult_lane[22].operand_pipe.sums_q_reg[0][3][22].
DSP Report: Generating DSP out_lane[3].mult_lane[21].operand_pipe.sums_q_reg[0][3][21], operation Mode is: (A*B)'.
DSP Report: register out_lane[3].mult_lane[21].operand_pipe.sums_q_reg[0][3][21] is absorbed into DSP out_lane[3].mult_lane[21].operand_pipe.sums_q_reg[0][3][21].
DSP Report: operator out_lane[3].mult_lane[21].operand_pipe.product_q is absorbed into DSP out_lane[3].mult_lane[21].operand_pipe.sums_q_reg[0][3][21].
DSP Report: Generating DSP out_lane[3].mult_lane[20].operand_pipe.sums_q_reg[0][3][20], operation Mode is: (A*B)'.
DSP Report: register out_lane[3].mult_lane[20].operand_pipe.sums_q_reg[0][3][20] is absorbed into DSP out_lane[3].mult_lane[20].operand_pipe.sums_q_reg[0][3][20].
DSP Report: operator out_lane[3].mult_lane[20].operand_pipe.product_q is absorbed into DSP out_lane[3].mult_lane[20].operand_pipe.sums_q_reg[0][3][20].
DSP Report: Generating DSP out_lane[3].mult_lane[19].operand_pipe.sums_q_reg[0][3][19], operation Mode is: (A*B)'.
DSP Report: register out_lane[3].mult_lane[19].operand_pipe.sums_q_reg[0][3][19] is absorbed into DSP out_lane[3].mult_lane[19].operand_pipe.sums_q_reg[0][3][19].
DSP Report: operator out_lane[3].mult_lane[19].operand_pipe.product_q is absorbed into DSP out_lane[3].mult_lane[19].operand_pipe.sums_q_reg[0][3][19].
DSP Report: Generating DSP out_lane[3].mult_lane[18].operand_pipe.sums_q_reg[0][3][18], operation Mode is: (A*B)'.
DSP Report: register out_lane[3].mult_lane[18].operand_pipe.sums_q_reg[0][3][18] is absorbed into DSP out_lane[3].mult_lane[18].operand_pipe.sums_q_reg[0][3][18].
DSP Report: operator out_lane[3].mult_lane[18].operand_pipe.product_q is absorbed into DSP out_lane[3].mult_lane[18].operand_pipe.sums_q_reg[0][3][18].
DSP Report: Generating DSP out_lane[3].mult_lane[17].operand_pipe.sums_q_reg[0][3][17], operation Mode is: (A*B)'.
DSP Report: register out_lane[3].mult_lane[17].operand_pipe.sums_q_reg[0][3][17] is absorbed into DSP out_lane[3].mult_lane[17].operand_pipe.sums_q_reg[0][3][17].
DSP Report: operator out_lane[3].mult_lane[17].operand_pipe.product_q is absorbed into DSP out_lane[3].mult_lane[17].operand_pipe.sums_q_reg[0][3][17].
DSP Report: Generating DSP out_lane[3].mult_lane[16].operand_pipe.sums_q_reg[0][3][16], operation Mode is: (A*B)'.
DSP Report: register out_lane[3].mult_lane[16].operand_pipe.sums_q_reg[0][3][16] is absorbed into DSP out_lane[3].mult_lane[16].operand_pipe.sums_q_reg[0][3][16].
DSP Report: operator out_lane[3].mult_lane[16].operand_pipe.product_q is absorbed into DSP out_lane[3].mult_lane[16].operand_pipe.sums_q_reg[0][3][16].
DSP Report: Generating DSP out_lane[1].mult_lane[15].operand_pipe.sums_q_reg[0][1][15], operation Mode is: (A*B)'.
DSP Report: register out_lane[1].mult_lane[15].operand_pipe.sums_q_reg[0][1][15] is absorbed into DSP out_lane[1].mult_lane[15].operand_pipe.sums_q_reg[0][1][15].
DSP Report: operator out_lane[1].mult_lane[15].operand_pipe.product_q is absorbed into DSP out_lane[1].mult_lane[15].operand_pipe.sums_q_reg[0][1][15].
DSP Report: Generating DSP out_lane[1].mult_lane[14].operand_pipe.sums_q_reg[0][1][14], operation Mode is: (A*B)'.
DSP Report: register out_lane[1].mult_lane[14].operand_pipe.sums_q_reg[0][1][14] is absorbed into DSP out_lane[1].mult_lane[14].operand_pipe.sums_q_reg[0][1][14].
DSP Report: operator out_lane[1].mult_lane[14].operand_pipe.product_q is absorbed into DSP out_lane[1].mult_lane[14].operand_pipe.sums_q_reg[0][1][14].
DSP Report: Generating DSP out_lane[1].mult_lane[13].operand_pipe.sums_q_reg[0][1][13], operation Mode is: (A*B)'.
DSP Report: register out_lane[1].mult_lane[13].operand_pipe.sums_q_reg[0][1][13] is absorbed into DSP out_lane[1].mult_lane[13].operand_pipe.sums_q_reg[0][1][13].
DSP Report: operator out_lane[1].mult_lane[13].operand_pipe.product_q is absorbed into DSP out_lane[1].mult_lane[13].operand_pipe.sums_q_reg[0][1][13].
DSP Report: Generating DSP out_lane[1].mult_lane[12].operand_pipe.sums_q_reg[0][1][12], operation Mode is: (A*B)'.
DSP Report: register out_lane[1].mult_lane[12].operand_pipe.sums_q_reg[0][1][12] is absorbed into DSP out_lane[1].mult_lane[12].operand_pipe.sums_q_reg[0][1][12].
DSP Report: operator out_lane[1].mult_lane[12].operand_pipe.product_q is absorbed into DSP out_lane[1].mult_lane[12].operand_pipe.sums_q_reg[0][1][12].
DSP Report: Generating DSP out_lane[1].mult_lane[11].operand_pipe.sums_q_reg[0][1][11], operation Mode is: (A*B)'.
DSP Report: register out_lane[1].mult_lane[11].operand_pipe.sums_q_reg[0][1][11] is absorbed into DSP out_lane[1].mult_lane[11].operand_pipe.sums_q_reg[0][1][11].
DSP Report: operator out_lane[1].mult_lane[11].operand_pipe.product_q is absorbed into DSP out_lane[1].mult_lane[11].operand_pipe.sums_q_reg[0][1][11].
DSP Report: Generating DSP out_lane[1].mult_lane[10].operand_pipe.sums_q_reg[0][1][10], operation Mode is: (A*B)'.
DSP Report: register out_lane[1].mult_lane[10].operand_pipe.sums_q_reg[0][1][10] is absorbed into DSP out_lane[1].mult_lane[10].operand_pipe.sums_q_reg[0][1][10].
DSP Report: operator out_lane[1].mult_lane[10].operand_pipe.product_q is absorbed into DSP out_lane[1].mult_lane[10].operand_pipe.sums_q_reg[0][1][10].
DSP Report: Generating DSP out_lane[1].mult_lane[9].operand_pipe.sums_q_reg[0][1][9], operation Mode is: (A*B)'.
DSP Report: register out_lane[1].mult_lane[9].operand_pipe.sums_q_reg[0][1][9] is absorbed into DSP out_lane[1].mult_lane[9].operand_pipe.sums_q_reg[0][1][9].
DSP Report: operator out_lane[1].mult_lane[9].operand_pipe.product_q is absorbed into DSP out_lane[1].mult_lane[9].operand_pipe.sums_q_reg[0][1][9].
DSP Report: Generating DSP out_lane[1].mult_lane[8].operand_pipe.sums_q_reg[0][1][8], operation Mode is: (A*B)'.
DSP Report: register out_lane[1].mult_lane[8].operand_pipe.sums_q_reg[0][1][8] is absorbed into DSP out_lane[1].mult_lane[8].operand_pipe.sums_q_reg[0][1][8].
DSP Report: operator out_lane[1].mult_lane[8].operand_pipe.product_q is absorbed into DSP out_lane[1].mult_lane[8].operand_pipe.sums_q_reg[0][1][8].
DSP Report: Generating DSP out_lane[1].mult_lane[31].operand_pipe.sums_q_reg[0][1][31], operation Mode is: (A*B)'.
DSP Report: register out_lane[1].mult_lane[31].operand_pipe.sums_q_reg[0][1][31] is absorbed into DSP out_lane[1].mult_lane[31].operand_pipe.sums_q_reg[0][1][31].
DSP Report: operator out_lane[1].mult_lane[31].operand_pipe.product_q is absorbed into DSP out_lane[1].mult_lane[31].operand_pipe.sums_q_reg[0][1][31].
DSP Report: Generating DSP out_lane[1].mult_lane[30].operand_pipe.sums_q_reg[0][1][30], operation Mode is: (A*B)'.
DSP Report: register out_lane[1].mult_lane[30].operand_pipe.sums_q_reg[0][1][30] is absorbed into DSP out_lane[1].mult_lane[30].operand_pipe.sums_q_reg[0][1][30].
DSP Report: operator out_lane[1].mult_lane[30].operand_pipe.product_q is absorbed into DSP out_lane[1].mult_lane[30].operand_pipe.sums_q_reg[0][1][30].
DSP Report: Generating DSP out_lane[1].mult_lane[29].operand_pipe.sums_q_reg[0][1][29], operation Mode is: (A*B)'.
DSP Report: register out_lane[1].mult_lane[29].operand_pipe.sums_q_reg[0][1][29] is absorbed into DSP out_lane[1].mult_lane[29].operand_pipe.sums_q_reg[0][1][29].
DSP Report: operator out_lane[1].mult_lane[29].operand_pipe.product_q is absorbed into DSP out_lane[1].mult_lane[29].operand_pipe.sums_q_reg[0][1][29].
DSP Report: Generating DSP out_lane[1].mult_lane[28].operand_pipe.sums_q_reg[0][1][28], operation Mode is: (A*B)'.
DSP Report: register out_lane[1].mult_lane[28].operand_pipe.sums_q_reg[0][1][28] is absorbed into DSP out_lane[1].mult_lane[28].operand_pipe.sums_q_reg[0][1][28].
DSP Report: operator out_lane[1].mult_lane[28].operand_pipe.product_q is absorbed into DSP out_lane[1].mult_lane[28].operand_pipe.sums_q_reg[0][1][28].
DSP Report: Generating DSP out_lane[1].mult_lane[27].operand_pipe.sums_q_reg[0][1][27], operation Mode is: (A*B)'.
DSP Report: register out_lane[1].mult_lane[27].operand_pipe.sums_q_reg[0][1][27] is absorbed into DSP out_lane[1].mult_lane[27].operand_pipe.sums_q_reg[0][1][27].
DSP Report: operator out_lane[1].mult_lane[27].operand_pipe.product_q is absorbed into DSP out_lane[1].mult_lane[27].operand_pipe.sums_q_reg[0][1][27].
DSP Report: Generating DSP out_lane[1].mult_lane[26].operand_pipe.sums_q_reg[0][1][26], operation Mode is: (A*B)'.
DSP Report: register out_lane[1].mult_lane[26].operand_pipe.sums_q_reg[0][1][26] is absorbed into DSP out_lane[1].mult_lane[26].operand_pipe.sums_q_reg[0][1][26].
DSP Report: operator out_lane[1].mult_lane[26].operand_pipe.product_q is absorbed into DSP out_lane[1].mult_lane[26].operand_pipe.sums_q_reg[0][1][26].
DSP Report: Generating DSP out_lane[1].mult_lane[25].operand_pipe.sums_q_reg[0][1][25], operation Mode is: (A*B)'.
DSP Report: register out_lane[1].mult_lane[25].operand_pipe.sums_q_reg[0][1][25] is absorbed into DSP out_lane[1].mult_lane[25].operand_pipe.sums_q_reg[0][1][25].
DSP Report: operator out_lane[1].mult_lane[25].operand_pipe.product_q is absorbed into DSP out_lane[1].mult_lane[25].operand_pipe.sums_q_reg[0][1][25].
DSP Report: Generating DSP out_lane[1].mult_lane[24].operand_pipe.sums_q_reg[0][1][24], operation Mode is: (A*B)'.
DSP Report: register out_lane[1].mult_lane[24].operand_pipe.sums_q_reg[0][1][24] is absorbed into DSP out_lane[1].mult_lane[24].operand_pipe.sums_q_reg[0][1][24].
DSP Report: operator out_lane[1].mult_lane[24].operand_pipe.product_q is absorbed into DSP out_lane[1].mult_lane[24].operand_pipe.sums_q_reg[0][1][24].
DSP Report: Generating DSP out_lane[1].mult_lane[23].operand_pipe.sums_q_reg[0][1][23], operation Mode is: (A*B)'.
DSP Report: register out_lane[1].mult_lane[23].operand_pipe.sums_q_reg[0][1][23] is absorbed into DSP out_lane[1].mult_lane[23].operand_pipe.sums_q_reg[0][1][23].
DSP Report: operator out_lane[1].mult_lane[23].operand_pipe.product_q is absorbed into DSP out_lane[1].mult_lane[23].operand_pipe.sums_q_reg[0][1][23].
DSP Report: Generating DSP out_lane[1].mult_lane[22].operand_pipe.sums_q_reg[0][1][22], operation Mode is: (A*B)'.
DSP Report: register out_lane[1].mult_lane[22].operand_pipe.sums_q_reg[0][1][22] is absorbed into DSP out_lane[1].mult_lane[22].operand_pipe.sums_q_reg[0][1][22].
DSP Report: operator out_lane[1].mult_lane[22].operand_pipe.product_q is absorbed into DSP out_lane[1].mult_lane[22].operand_pipe.sums_q_reg[0][1][22].
DSP Report: Generating DSP out_lane[1].mult_lane[21].operand_pipe.sums_q_reg[0][1][21], operation Mode is: (A*B)'.
DSP Report: register out_lane[1].mult_lane[21].operand_pipe.sums_q_reg[0][1][21] is absorbed into DSP out_lane[1].mult_lane[21].operand_pipe.sums_q_reg[0][1][21].
DSP Report: operator out_lane[1].mult_lane[21].operand_pipe.product_q is absorbed into DSP out_lane[1].mult_lane[21].operand_pipe.sums_q_reg[0][1][21].
DSP Report: Generating DSP out_lane[1].mult_lane[20].operand_pipe.sums_q_reg[0][1][20], operation Mode is: (A*B)'.
DSP Report: register out_lane[1].mult_lane[20].operand_pipe.sums_q_reg[0][1][20] is absorbed into DSP out_lane[1].mult_lane[20].operand_pipe.sums_q_reg[0][1][20].
DSP Report: operator out_lane[1].mult_lane[20].operand_pipe.product_q is absorbed into DSP out_lane[1].mult_lane[20].operand_pipe.sums_q_reg[0][1][20].
DSP Report: Generating DSP out_lane[1].mult_lane[19].operand_pipe.sums_q_reg[0][1][19], operation Mode is: (A*B)'.
DSP Report: register out_lane[1].mult_lane[19].operand_pipe.sums_q_reg[0][1][19] is absorbed into DSP out_lane[1].mult_lane[19].operand_pipe.sums_q_reg[0][1][19].
DSP Report: operator out_lane[1].mult_lane[19].operand_pipe.product_q is absorbed into DSP out_lane[1].mult_lane[19].operand_pipe.sums_q_reg[0][1][19].
DSP Report: Generating DSP out_lane[1].mult_lane[18].operand_pipe.sums_q_reg[0][1][18], operation Mode is: (A*B)'.
DSP Report: register out_lane[1].mult_lane[18].operand_pipe.sums_q_reg[0][1][18] is absorbed into DSP out_lane[1].mult_lane[18].operand_pipe.sums_q_reg[0][1][18].
DSP Report: operator out_lane[1].mult_lane[18].operand_pipe.product_q is absorbed into DSP out_lane[1].mult_lane[18].operand_pipe.sums_q_reg[0][1][18].
DSP Report: Generating DSP out_lane[1].mult_lane[17].operand_pipe.sums_q_reg[0][1][17], operation Mode is: (A*B)'.
DSP Report: register out_lane[1].mult_lane[17].operand_pipe.sums_q_reg[0][1][17] is absorbed into DSP out_lane[1].mult_lane[17].operand_pipe.sums_q_reg[0][1][17].
DSP Report: operator out_lane[1].mult_lane[17].operand_pipe.product_q is absorbed into DSP out_lane[1].mult_lane[17].operand_pipe.sums_q_reg[0][1][17].
DSP Report: Generating DSP out_lane[1].mult_lane[16].operand_pipe.sums_q_reg[0][1][16], operation Mode is: (A*B)'.
DSP Report: register out_lane[1].mult_lane[16].operand_pipe.sums_q_reg[0][1][16] is absorbed into DSP out_lane[1].mult_lane[16].operand_pipe.sums_q_reg[0][1][16].
DSP Report: operator out_lane[1].mult_lane[16].operand_pipe.product_q is absorbed into DSP out_lane[1].mult_lane[16].operand_pipe.sums_q_reg[0][1][16].
INFO: [Common 17-14] Message 'Synth 8-3886' appears 100 times and further instances of the messages will be disabled. Use the Tcl command set_msg_config to change the current settings.
DSP Report: Generating DSP out_lane[2].mult_lane[39].operand_pipe.sums_q_reg[0][2][39], operation Mode is: (A*B)'.
DSP Report: register out_lane[2].mult_lane[39].operand_pipe.sums_q_reg[0][2][39] is absorbed into DSP out_lane[2].mult_lane[39].operand_pipe.sums_q_reg[0][2][39].
DSP Report: operator out_lane[2].mult_lane[39].operand_pipe.product_q is absorbed into DSP out_lane[2].mult_lane[39].operand_pipe.sums_q_reg[0][2][39].
DSP Report: Generating DSP out_lane[2].mult_lane[38].operand_pipe.sums_q_reg[0][2][38], operation Mode is: (A*B)'.
DSP Report: register out_lane[2].mult_lane[38].operand_pipe.sums_q_reg[0][2][38] is absorbed into DSP out_lane[2].mult_lane[38].operand_pipe.sums_q_reg[0][2][38].
DSP Report: operator out_lane[2].mult_lane[38].operand_pipe.product_q is absorbed into DSP out_lane[2].mult_lane[38].operand_pipe.sums_q_reg[0][2][38].
DSP Report: Generating DSP out_lane[2].mult_lane[37].operand_pipe.sums_q_reg[0][2][37], operation Mode is: (A*B)'.
DSP Report: register out_lane[2].mult_lane[37].operand_pipe.sums_q_reg[0][2][37] is absorbed into DSP out_lane[2].mult_lane[37].operand_pipe.sums_q_reg[0][2][37].
DSP Report: operator out_lane[2].mult_lane[37].operand_pipe.product_q is absorbed into DSP out_lane[2].mult_lane[37].operand_pipe.sums_q_reg[0][2][37].
DSP Report: Generating DSP out_lane[2].mult_lane[36].operand_pipe.sums_q_reg[0][2][36], operation Mode is: (A*B)'.
DSP Report: register out_lane[2].mult_lane[36].operand_pipe.sums_q_reg[0][2][36] is absorbed into DSP out_lane[2].mult_lane[36].operand_pipe.sums_q_reg[0][2][36].
DSP Report: operator out_lane[2].mult_lane[36].operand_pipe.product_q is absorbed into DSP out_lane[2].mult_lane[36].operand_pipe.sums_q_reg[0][2][36].
DSP Report: Generating DSP out_lane[2].mult_lane[35].operand_pipe.sums_q_reg[0][2][35], operation Mode is: (A*B)'.
DSP Report: register out_lane[2].mult_lane[35].operand_pipe.sums_q_reg[0][2][35] is absorbed into DSP out_lane[2].mult_lane[35].operand_pipe.sums_q_reg[0][2][35].
DSP Report: operator out_lane[2].mult_lane[35].operand_pipe.product_q is absorbed into DSP out_lane[2].mult_lane[35].operand_pipe.sums_q_reg[0][2][35].
DSP Report: Generating DSP out_lane[2].mult_lane[34].operand_pipe.sums_q_reg[0][2][34], operation Mode is: (A*B)'.
DSP Report: register out_lane[2].mult_lane[34].operand_pipe.sums_q_reg[0][2][34] is absorbed into DSP out_lane[2].mult_lane[34].operand_pipe.sums_q_reg[0][2][34].
DSP Report: operator out_lane[2].mult_lane[34].operand_pipe.product_q is absorbed into DSP out_lane[2].mult_lane[34].operand_pipe.sums_q_reg[0][2][34].
DSP Report: Generating DSP out_lane[2].mult_lane[33].operand_pipe.sums_q_reg[0][2][33], operation Mode is: (A*B)'.
DSP Report: register out_lane[2].mult_lane[33].operand_pipe.sums_q_reg[0][2][33] is absorbed into DSP out_lane[2].mult_lane[33].operand_pipe.sums_q_reg[0][2][33].
DSP Report: operator out_lane[2].mult_lane[33].operand_pipe.product_q is absorbed into DSP out_lane[2].mult_lane[33].operand_pipe.sums_q_reg[0][2][33].
DSP Report: Generating DSP out_lane[2].mult_lane[32].operand_pipe.sums_q_reg[0][2][32], operation Mode is: (A*B)'.
DSP Report: register out_lane[2].mult_lane[32].operand_pipe.sums_q_reg[0][2][32] is absorbed into DSP out_lane[2].mult_lane[32].operand_pipe.sums_q_reg[0][2][32].
DSP Report: operator out_lane[2].mult_lane[32].operand_pipe.product_q is absorbed into DSP out_lane[2].mult_lane[32].operand_pipe.sums_q_reg[0][2][32].
DSP Report: Generating DSP out_lane[3].mult_lane[43].operand_pipe.sums_q_reg[0][3][43], operation Mode is: (A*B)'.
DSP Report: register out_lane[3].mult_lane[43].operand_pipe.sums_q_reg[0][3][43] is absorbed into DSP out_lane[3].mult_lane[43].operand_pipe.sums_q_reg[0][3][43].
DSP Report: operator out_lane[3].mult_lane[43].operand_pipe.product_q is absorbed into DSP out_lane[3].mult_lane[43].operand_pipe.sums_q_reg[0][3][43].
DSP Report: Generating DSP out_lane[3].mult_lane[42].operand_pipe.sums_q_reg[0][3][42], operation Mode is: (A*B)'.
DSP Report: register out_lane[3].mult_lane[42].operand_pipe.sums_q_reg[0][3][42] is absorbed into DSP out_lane[3].mult_lane[42].operand_pipe.sums_q_reg[0][3][42].
DSP Report: operator out_lane[3].mult_lane[42].operand_pipe.product_q is absorbed into DSP out_lane[3].mult_lane[42].operand_pipe.sums_q_reg[0][3][42].
DSP Report: Generating DSP out_lane[3].mult_lane[41].operand_pipe.sums_q_reg[0][3][41], operation Mode is: (A*B)'.
DSP Report: register out_lane[3].mult_lane[41].operand_pipe.sums_q_reg[0][3][41] is absorbed into DSP out_lane[3].mult_lane[41].operand_pipe.sums_q_reg[0][3][41].
DSP Report: operator out_lane[3].mult_lane[41].operand_pipe.product_q is absorbed into DSP out_lane[3].mult_lane[41].operand_pipe.sums_q_reg[0][3][41].
DSP Report: Generating DSP out_lane[3].mult_lane[40].operand_pipe.sums_q_reg[0][3][40], operation Mode is: (A*B)'.
DSP Report: register out_lane[3].mult_lane[40].operand_pipe.sums_q_reg[0][3][40] is absorbed into DSP out_lane[3].mult_lane[40].operand_pipe.sums_q_reg[0][3][40].
DSP Report: operator out_lane[3].mult_lane[40].operand_pipe.product_q is absorbed into DSP out_lane[3].mult_lane[40].operand_pipe.sums_q_reg[0][3][40].
DSP Report: Generating DSP out_lane[3].mult_lane[39].operand_pipe.sums_q_reg[0][3][39], operation Mode is: (A*B)'.
DSP Report: register out_lane[3].mult_lane[39].operand_pipe.sums_q_reg[0][3][39] is absorbed into DSP out_lane[3].mult_lane[39].operand_pipe.sums_q_reg[0][3][39].
DSP Report: operator out_lane[3].mult_lane[39].operand_pipe.product_q is absorbed into DSP out_lane[3].mult_lane[39].operand_pipe.sums_q_reg[0][3][39].
DSP Report: Generating DSP out_lane[3].mult_lane[38].operand_pipe.sums_q_reg[0][3][38], operation Mode is: (A*B)'.
DSP Report: register out_lane[3].mult_lane[38].operand_pipe.sums_q_reg[0][3][38] is absorbed into DSP out_lane[3].mult_lane[38].operand_pipe.sums_q_reg[0][3][38].
DSP Report: operator out_lane[3].mult_lane[38].operand_pipe.product_q is absorbed into DSP out_lane[3].mult_lane[38].operand_pipe.sums_q_reg[0][3][38].
DSP Report: Generating DSP out_lane[3].mult_lane[37].operand_pipe.sums_q_reg[0][3][37], operation Mode is: (A*B)'.
DSP Report: register out_lane[3].mult_lane[37].operand_pipe.sums_q_reg[0][3][37] is absorbed into DSP out_lane[3].mult_lane[37].operand_pipe.sums_q_reg[0][3][37].
DSP Report: operator out_lane[3].mult_lane[37].operand_pipe.product_q is absorbed into DSP out_lane[3].mult_lane[37].operand_pipe.sums_q_reg[0][3][37].
DSP Report: Generating DSP out_lane[3].mult_lane[36].operand_pipe.sums_q_reg[0][3][36], operation Mode is: (A*B)'.
DSP Report: register out_lane[3].mult_lane[36].operand_pipe.sums_q_reg[0][3][36] is absorbed into DSP out_lane[3].mult_lane[36].operand_pipe.sums_q_reg[0][3][36].
DSP Report: operator out_lane[3].mult_lane[36].operand_pipe.product_q is absorbed into DSP out_lane[3].mult_lane[36].operand_pipe.sums_q_reg[0][3][36].
DSP Report: Generating DSP out_lane[3].mult_lane[35].operand_pipe.sums_q_reg[0][3][35], operation Mode is: (A*B)'.
DSP Report: register out_lane[3].mult_lane[35].operand_pipe.sums_q_reg[0][3][35] is absorbed into DSP out_lane[3].mult_lane[35].operand_pipe.sums_q_reg[0][3][35].
DSP Report: operator out_lane[3].mult_lane[35].operand_pipe.product_q is absorbed into DSP out_lane[3].mult_lane[35].operand_pipe.sums_q_reg[0][3][35].
DSP Report: Generating DSP out_lane[3].mult_lane[34].operand_pipe.sums_q_reg[0][3][34], operation Mode is: (A*B)'.
DSP Report: register out_lane[3].mult_lane[34].operand_pipe.sums_q_reg[0][3][34] is absorbed into DSP out_lane[3].mult_lane[34].operand_pipe.sums_q_reg[0][3][34].
DSP Report: operator out_lane[3].mult_lane[34].operand_pipe.product_q is absorbed into DSP out_lane[3].mult_lane[34].operand_pipe.sums_q_reg[0][3][34].
DSP Report: Generating DSP out_lane[3].mult_lane[33].operand_pipe.sums_q_reg[0][3][33], operation Mode is: (A*B)'.
DSP Report: register out_lane[3].mult_lane[33].operand_pipe.sums_q_reg[0][3][33] is absorbed into DSP out_lane[3].mult_lane[33].operand_pipe.sums_q_reg[0][3][33].
DSP Report: operator out_lane[3].mult_lane[33].operand_pipe.product_q is absorbed into DSP out_lane[3].mult_lane[33].operand_pipe.sums_q_reg[0][3][33].
DSP Report: Generating DSP out_lane[3].mult_lane[32].operand_pipe.sums_q_reg[0][3][32], operation Mode is: (A*B)'.
DSP Report: register out_lane[3].mult_lane[32].operand_pipe.sums_q_reg[0][3][32] is absorbed into DSP out_lane[3].mult_lane[32].operand_pipe.sums_q_reg[0][3][32].
DSP Report: operator out_lane[3].mult_lane[32].operand_pipe.product_q is absorbed into DSP out_lane[3].mult_lane[32].operand_pipe.sums_q_reg[0][3][32].
DSP Report: Generating DSP out_lane[2].mult_lane[43].operand_pipe.sums_q_reg[0][2][43], operation Mode is: (A*B)'.
DSP Report: register out_lane[2].mult_lane[43].operand_pipe.sums_q_reg[0][2][43] is absorbed into DSP out_lane[2].mult_lane[43].operand_pipe.sums_q_reg[0][2][43].
DSP Report: operator out_lane[2].mult_lane[43].operand_pipe.product_q is absorbed into DSP out_lane[2].mult_lane[43].operand_pipe.sums_q_reg[0][2][43].
DSP Report: Generating DSP out_lane[2].mult_lane[42].operand_pipe.sums_q_reg[0][2][42], operation Mode is: (A*B)'.
DSP Report: register out_lane[2].mult_lane[42].operand_pipe.sums_q_reg[0][2][42] is absorbed into DSP out_lane[2].mult_lane[42].operand_pipe.sums_q_reg[0][2][42].
DSP Report: operator out_lane[2].mult_lane[42].operand_pipe.product_q is absorbed into DSP out_lane[2].mult_lane[42].operand_pipe.sums_q_reg[0][2][42].
DSP Report: Generating DSP out_lane[2].mult_lane[41].operand_pipe.sums_q_reg[0][2][41], operation Mode is: (A*B)'.
DSP Report: register out_lane[2].mult_lane[41].operand_pipe.sums_q_reg[0][2][41] is absorbed into DSP out_lane[2].mult_lane[41].operand_pipe.sums_q_reg[0][2][41].
DSP Report: operator out_lane[2].mult_lane[41].operand_pipe.product_q is absorbed into DSP out_lane[2].mult_lane[41].operand_pipe.sums_q_reg[0][2][41].
DSP Report: Generating DSP out_lane[2].mult_lane[40].operand_pipe.sums_q_reg[0][2][40], operation Mode is: (A*B)'.
DSP Report: register out_lane[2].mult_lane[40].operand_pipe.sums_q_reg[0][2][40] is absorbed into DSP out_lane[2].mult_lane[40].operand_pipe.sums_q_reg[0][2][40].
DSP Report: operator out_lane[2].mult_lane[40].operand_pipe.product_q is absorbed into DSP out_lane[2].mult_lane[40].operand_pipe.sums_q_reg[0][2][40].
DSP Report: Generating DSP out_lane[1].mult_lane[43].operand_pipe.sums_q_reg[0][1][43], operation Mode is: (A*B)'.
DSP Report: register out_lane[1].mult_lane[43].operand_pipe.sums_q_reg[0][1][43] is absorbed into DSP out_lane[1].mult_lane[43].operand_pipe.sums_q_reg[0][1][43].
DSP Report: operator out_lane[1].mult_lane[43].operand_pipe.product_q is absorbed into DSP out_lane[1].mult_lane[43].operand_pipe.sums_q_reg[0][1][43].
DSP Report: Generating DSP out_lane[1].mult_lane[42].operand_pipe.sums_q_reg[0][1][42], operation Mode is: (A*B)'.
DSP Report: register out_lane[1].mult_lane[42].operand_pipe.sums_q_reg[0][1][42] is absorbed into DSP out_lane[1].mult_lane[42].operand_pipe.sums_q_reg[0][1][42].
DSP Report: operator out_lane[1].mult_lane[42].operand_pipe.product_q is absorbed into DSP out_lane[1].mult_lane[42].operand_pipe.sums_q_reg[0][1][42].
DSP Report: Generating DSP out_lane[1].mult_lane[41].operand_pipe.sums_q_reg[0][1][41], operation Mode is: (A*B)'.
DSP Report: register out_lane[1].mult_lane[41].operand_pipe.sums_q_reg[0][1][41] is absorbed into DSP out_lane[1].mult_lane[41].operand_pipe.sums_q_reg[0][1][41].
DSP Report: operator out_lane[1].mult_lane[41].operand_pipe.product_q is absorbed into DSP out_lane[1].mult_lane[41].operand_pipe.sums_q_reg[0][1][41].
DSP Report: Generating DSP out_lane[1].mult_lane[40].operand_pipe.sums_q_reg[0][1][40], operation Mode is: (A*B)'.
DSP Report: register out_lane[1].mult_lane[40].operand_pipe.sums_q_reg[0][1][40] is absorbed into DSP out_lane[1].mult_lane[40].operand_pipe.sums_q_reg[0][1][40].
DSP Report: operator out_lane[1].mult_lane[40].operand_pipe.product_q is absorbed into DSP out_lane[1].mult_lane[40].operand_pipe.sums_q_reg[0][1][40].
DSP Report: Generating DSP out_lane[1].mult_lane[39].operand_pipe.sums_q_reg[0][1][39], operation Mode is: (A*B)'.
DSP Report: register out_lane[1].mult_lane[39].operand_pipe.sums_q_reg[0][1][39] is absorbed into DSP out_lane[1].mult_lane[39].operand_pipe.sums_q_reg[0][1][39].
DSP Report: operator out_lane[1].mult_lane[39].operand_pipe.product_q is absorbed into DSP out_lane[1].mult_lane[39].operand_pipe.sums_q_reg[0][1][39].
DSP Report: Generating DSP out_lane[1].mult_lane[38].operand_pipe.sums_q_reg[0][1][38], operation Mode is: (A*B)'.
DSP Report: register out_lane[1].mult_lane[38].operand_pipe.sums_q_reg[0][1][38] is absorbed into DSP out_lane[1].mult_lane[38].operand_pipe.sums_q_reg[0][1][38].
DSP Report: operator out_lane[1].mult_lane[38].operand_pipe.product_q is absorbed into DSP out_lane[1].mult_lane[38].operand_pipe.sums_q_reg[0][1][38].
DSP Report: Generating DSP out_lane[1].mult_lane[37].operand_pipe.sums_q_reg[0][1][37], operation Mode is: (A*B)'.
DSP Report: register out_lane[1].mult_lane[37].operand_pipe.sums_q_reg[0][1][37] is absorbed into DSP out_lane[1].mult_lane[37].operand_pipe.sums_q_reg[0][1][37].
DSP Report: operator out_lane[1].mult_lane[37].operand_pipe.product_q is absorbed into DSP out_lane[1].mult_lane[37].operand_pipe.sums_q_reg[0][1][37].
DSP Report: Generating DSP out_lane[1].mult_lane[36].operand_pipe.sums_q_reg[0][1][36], operation Mode is: (A*B)'.
DSP Report: register out_lane[1].mult_lane[36].operand_pipe.sums_q_reg[0][1][36] is absorbed into DSP out_lane[1].mult_lane[36].operand_pipe.sums_q_reg[0][1][36].
DSP Report: operator out_lane[1].mult_lane[36].operand_pipe.product_q is absorbed into DSP out_lane[1].mult_lane[36].operand_pipe.sums_q_reg[0][1][36].
DSP Report: Generating DSP out_lane[1].mult_lane[35].operand_pipe.sums_q_reg[0][1][35], operation Mode is: (A*B)'.
DSP Report: register out_lane[1].mult_lane[35].operand_pipe.sums_q_reg[0][1][35] is absorbed into DSP out_lane[1].mult_lane[35].operand_pipe.sums_q_reg[0][1][35].
DSP Report: operator out_lane[1].mult_lane[35].operand_pipe.product_q is absorbed into DSP out_lane[1].mult_lane[35].operand_pipe.sums_q_reg[0][1][35].
DSP Report: Generating DSP out_lane[1].mult_lane[34].operand_pipe.sums_q_reg[0][1][34], operation Mode is: (A*B)'.
DSP Report: register out_lane[1].mult_lane[34].operand_pipe.sums_q_reg[0][1][34] is absorbed into DSP out_lane[1].mult_lane[34].operand_pipe.sums_q_reg[0][1][34].
DSP Report: operator out_lane[1].mult_lane[34].operand_pipe.product_q is absorbed into DSP out_lane[1].mult_lane[34].operand_pipe.sums_q_reg[0][1][34].
DSP Report: Generating DSP out_lane[1].mult_lane[33].operand_pipe.sums_q_reg[0][1][33], operation Mode is: (A*B)'.
DSP Report: register out_lane[1].mult_lane[33].operand_pipe.sums_q_reg[0][1][33] is absorbed into DSP out_lane[1].mult_lane[33].operand_pipe.sums_q_reg[0][1][33].
DSP Report: operator out_lane[1].mult_lane[33].operand_pipe.product_q is absorbed into DSP out_lane[1].mult_lane[33].operand_pipe.sums_q_reg[0][1][33].
DSP Report: Generating DSP out_lane[1].mult_lane[32].operand_pipe.sums_q_reg[0][1][32], operation Mode is: (A*B)'.
DSP Report: register out_lane[1].mult_lane[32].operand_pipe.sums_q_reg[0][1][32] is absorbed into DSP out_lane[1].mult_lane[32].operand_pipe.sums_q_reg[0][1][32].
DSP Report: operator out_lane[1].mult_lane[32].operand_pipe.product_q is absorbed into DSP out_lane[1].mult_lane[32].operand_pipe.sums_q_reg[0][1][32].
DSP Report: Generating DSP out_lane[0].mult_lane[39].operand_pipe.sums_q_reg[0][0][39], operation Mode is: (A*B)'.
DSP Report: register out_lane[0].mult_lane[39].operand_pipe.sums_q_reg[0][0][39] is absorbed into DSP out_lane[0].mult_lane[39].operand_pipe.sums_q_reg[0][0][39].
DSP Report: operator out_lane[0].mult_lane[39].operand_pipe.product_q is absorbed into DSP out_lane[0].mult_lane[39].operand_pipe.sums_q_reg[0][0][39].
DSP Report: Generating DSP out_lane[0].mult_lane[38].operand_pipe.sums_q_reg[0][0][38], operation Mode is: (A*B)'.
DSP Report: register out_lane[0].mult_lane[38].operand_pipe.sums_q_reg[0][0][38] is absorbed into DSP out_lane[0].mult_lane[38].operand_pipe.sums_q_reg[0][0][38].
DSP Report: operator out_lane[0].mult_lane[38].operand_pipe.product_q is absorbed into DSP out_lane[0].mult_lane[38].operand_pipe.sums_q_reg[0][0][38].
DSP Report: Generating DSP out_lane[0].mult_lane[37].operand_pipe.sums_q_reg[0][0][37], operation Mode is: (A*B)'.
DSP Report: register out_lane[0].mult_lane[37].operand_pipe.sums_q_reg[0][0][37] is absorbed into DSP out_lane[0].mult_lane[37].operand_pipe.sums_q_reg[0][0][37].
DSP Report: operator out_lane[0].mult_lane[37].operand_pipe.product_q is absorbed into DSP out_lane[0].mult_lane[37].operand_pipe.sums_q_reg[0][0][37].
DSP Report: Generating DSP out_lane[0].mult_lane[36].operand_pipe.sums_q_reg[0][0][36], operation Mode is: (A*B)'.
DSP Report: register out_lane[0].mult_lane[36].operand_pipe.sums_q_reg[0][0][36] is absorbed into DSP out_lane[0].mult_lane[36].operand_pipe.sums_q_reg[0][0][36].
DSP Report: operator out_lane[0].mult_lane[36].operand_pipe.product_q is absorbed into DSP out_lane[0].mult_lane[36].operand_pipe.sums_q_reg[0][0][36].
DSP Report: Generating DSP out_lane[0].mult_lane[35].operand_pipe.sums_q_reg[0][0][35], operation Mode is: (A*B)'.
DSP Report: register out_lane[0].mult_lane[35].operand_pipe.sums_q_reg[0][0][35] is absorbed into DSP out_lane[0].mult_lane[35].operand_pipe.sums_q_reg[0][0][35].
DSP Report: operator out_lane[0].mult_lane[35].operand_pipe.product_q is absorbed into DSP out_lane[0].mult_lane[35].operand_pipe.sums_q_reg[0][0][35].
DSP Report: Generating DSP out_lane[0].mult_lane[34].operand_pipe.sums_q_reg[0][0][34], operation Mode is: (A*B)'.
DSP Report: register out_lane[0].mult_lane[34].operand_pipe.sums_q_reg[0][0][34] is absorbed into DSP out_lane[0].mult_lane[34].operand_pipe.sums_q_reg[0][0][34].
DSP Report: operator out_lane[0].mult_lane[34].operand_pipe.product_q is absorbed into DSP out_lane[0].mult_lane[34].operand_pipe.sums_q_reg[0][0][34].
DSP Report: Generating DSP out_lane[0].mult_lane[33].operand_pipe.sums_q_reg[0][0][33], operation Mode is: (A*B)'.
DSP Report: register out_lane[0].mult_lane[33].operand_pipe.sums_q_reg[0][0][33] is absorbed into DSP out_lane[0].mult_lane[33].operand_pipe.sums_q_reg[0][0][33].
DSP Report: operator out_lane[0].mult_lane[33].operand_pipe.product_q is absorbed into DSP out_lane[0].mult_lane[33].operand_pipe.sums_q_reg[0][0][33].
DSP Report: Generating DSP out_lane[0].mult_lane[32].operand_pipe.sums_q_reg[0][0][32], operation Mode is: (A*B)'.
DSP Report: register out_lane[0].mult_lane[32].operand_pipe.sums_q_reg[0][0][32] is absorbed into DSP out_lane[0].mult_lane[32].operand_pipe.sums_q_reg[0][0][32].
DSP Report: operator out_lane[0].mult_lane[32].operand_pipe.product_q is absorbed into DSP out_lane[0].mult_lane[32].operand_pipe.sums_q_reg[0][0][32].
DSP Report: Generating DSP out_lane[0].mult_lane[43].operand_pipe.sums_q_reg[0][0][43], operation Mode is: (A*B)'.
DSP Report: register out_lane[0].mult_lane[43].operand_pipe.sums_q_reg[0][0][43] is absorbed into DSP out_lane[0].mult_lane[43].operand_pipe.sums_q_reg[0][0][43].
DSP Report: operator out_lane[0].mult_lane[43].operand_pipe.product_q is absorbed into DSP out_lane[0].mult_lane[43].operand_pipe.sums_q_reg[0][0][43].
DSP Report: Generating DSP out_lane[0].mult_lane[42].operand_pipe.sums_q_reg[0][0][42], operation Mode is: (A*B)'.
DSP Report: register out_lane[0].mult_lane[42].operand_pipe.sums_q_reg[0][0][42] is absorbed into DSP out_lane[0].mult_lane[42].operand_pipe.sums_q_reg[0][0][42].
DSP Report: operator out_lane[0].mult_lane[42].operand_pipe.product_q is absorbed into DSP out_lane[0].mult_lane[42].operand_pipe.sums_q_reg[0][0][42].
DSP Report: Generating DSP out_lane[0].mult_lane[41].operand_pipe.sums_q_reg[0][0][41], operation Mode is: (A*B)'.
DSP Report: register out_lane[0].mult_lane[41].operand_pipe.sums_q_reg[0][0][41] is absorbed into DSP out_lane[0].mult_lane[41].operand_pipe.sums_q_reg[0][0][41].
DSP Report: operator out_lane[0].mult_lane[41].operand_pipe.product_q is absorbed into DSP out_lane[0].mult_lane[41].operand_pipe.sums_q_reg[0][0][41].
DSP Report: Generating DSP out_lane[0].mult_lane[40].operand_pipe.sums_q_reg[0][0][40], operation Mode is: (A*B)'.
DSP Report: register out_lane[0].mult_lane[40].operand_pipe.sums_q_reg[0][0][40] is absorbed into DSP out_lane[0].mult_lane[40].operand_pipe.sums_q_reg[0][0][40].
DSP Report: operator out_lane[0].mult_lane[40].operand_pipe.product_q is absorbed into DSP out_lane[0].mult_lane[40].operand_pipe.sums_q_reg[0][0][40].
INFO: [Synth 8-12192] Not enough pipeline registers after wide multiplier. Pipeline registers present is 1. Recommended levels of pipeline registers is 4. [V:/experiments/timing_200_20260926/requant_pipe/prelu_requantize.sv:187]
DSP Report: Generating DSP requant_product_s50, operation Mode is: A''*B''.
DSP Report: register accumulator_s3_reg is absorbed into DSP requant_product_s50.
DSP Report: register prelu_value_s4_reg is absorbed into DSP requant_product_s50.
DSP Report: register requant_product_s50 is absorbed into DSP requant_product_s50.
DSP Report: register requant_product_s50 is absorbed into DSP requant_product_s50.
DSP Report: operator requant_product_s50 is absorbed into DSP requant_product_s50.
DSP Report: operator requant_product_s50 is absorbed into DSP requant_product_s50.
DSP Report: Generating DSP requant_product_s5_reg, operation Mode is: (PCIN>>17)+A''*B''.
DSP Report: register multiplier_s3_reg is absorbed into DSP requant_product_s5_reg.
DSP Report: register multiplier_s4_reg is absorbed into DSP requant_product_s5_reg.
DSP Report: register accumulator_s3_reg is absorbed into DSP requant_product_s5_reg.
DSP Report: register prelu_value_s4_reg is absorbed into DSP requant_product_s5_reg.
DSP Report: register requant_product_s5_reg is absorbed into DSP requant_product_s5_reg.
DSP Report: operator requant_product_s50 is absorbed into DSP requant_product_s5_reg.
DSP Report: operator requant_product_s50 is absorbed into DSP requant_product_s5_reg.
DSP Report: Generating DSP requant_product_s50, operation Mode is: A''*B''.
DSP Report: register requant_product_s50 is absorbed into DSP requant_product_s50.
DSP Report: register requant_product_s50 is absorbed into DSP requant_product_s50.
DSP Report: register requant_product_s50 is absorbed into DSP requant_product_s50.
DSP Report: register requant_product_s50 is absorbed into DSP requant_product_s50.
DSP Report: operator requant_product_s50 is absorbed into DSP requant_product_s50.
DSP Report: operator requant_product_s50 is absorbed into DSP requant_product_s50.
DSP Report: Generating DSP requant_product_s5_reg, operation Mode is: (PCIN>>17)+A''*B''.
DSP Report: register multiplier_s3_reg is absorbed into DSP requant_product_s5_reg.
DSP Report: register multiplier_s4_reg is absorbed into DSP requant_product_s5_reg.
DSP Report: register requant_product_s5_reg is absorbed into DSP requant_product_s5_reg.
DSP Report: register requant_product_s5_reg is absorbed into DSP requant_product_s5_reg.
DSP Report: register requant_product_s5_reg is absorbed into DSP requant_product_s5_reg.
DSP Report: operator requant_product_s50 is absorbed into DSP requant_product_s5_reg.
DSP Report: operator requant_product_s50 is absorbed into DSP requant_product_s5_reg.
WARNING: [Synth 8-7129] Port prelu_q15[15] in module prelu_requantize__parameterized0 is either unconnected or has no load
WARNING: [Synth 8-7129] Port prelu_q15[14] in module prelu_requantize__parameterized0 is either unconnected or has no load
WARNING: [Synth 8-7129] Port prelu_q15[13] in module prelu_requantize__parameterized0 is either unconnected or has no load
WARNING: [Synth 8-7129] Port prelu_q15[12] in module prelu_requantize__parameterized0 is either unconnected or has no load
WARNING: [Synth 8-7129] Port prelu_q15[11] in module prelu_requantize__parameterized0 is either unconnected or has no load
WARNING: [Synth 8-7129] Port prelu_q15[10] in module prelu_requantize__parameterized0 is either unconnected or has no load
WARNING: [Synth 8-7129] Port prelu_q15[9] in module prelu_requantize__parameterized0 is either unconnected or has no load
WARNING: [Synth 8-7129] Port prelu_q15[8] in module prelu_requantize__parameterized0 is either unconnected or has no load
WARNING: [Synth 8-7129] Port prelu_q15[7] in module prelu_requantize__parameterized0 is either unconnected or has no load
WARNING: [Synth 8-7129] Port prelu_q15[6] in module prelu_requantize__parameterized0 is either unconnected or has no load
WARNING: [Synth 8-7129] Port prelu_q15[5] in module prelu_requantize__parameterized0 is either unconnected or has no load
WARNING: [Synth 8-7129] Port prelu_q15[4] in module prelu_requantize__parameterized0 is either unconnected or has no load
WARNING: [Synth 8-7129] Port prelu_q15[3] in module prelu_requantize__parameterized0 is either unconnected or has no load
WARNING: [Synth 8-7129] Port prelu_q15[2] in module prelu_requantize__parameterized0 is either unconnected or has no load
WARNING: [Synth 8-7129] Port prelu_q15[1] in module prelu_requantize__parameterized0 is either unconnected or has no load
WARNING: [Synth 8-7129] Port prelu_q15[0] in module prelu_requantize__parameterized0 is either unconnected or has no load
INFO: [Synth 8-3333] propagating constant 0 across sequential element (\post/issued_reg[1][3] )
---------------------------------------------------------------------------------
Finished Cross Boundary and Area Optimization : Time (s): cpu = 00:01:09 ; elapsed = 00:01:10 . Memory (MB): peak = 2424.410 ; gain = 1657.125
---------------------------------------------------------------------------------
 Sort Area is fsrcnn_stream_layer__parameterized1__GC0 tree_stage[1].channel[0].node[4].single.sums_q_reg[1][0][4]_9 : 0 0 : 865 865 : Used 1 time 100
 Sort Area is fsrcnn_stream_layer__parameterized1__GC0 tree_stage[1].channel[1].node[4].single.sums_q_reg[1][1][4]_13 : 0 0 : 865 865 : Used 1 time 100
 Sort Area is fsrcnn_stream_layer__parameterized1__GC0 tree_stage[1].channel[2].node[4].single.sums_q_reg[1][2][4]_1c : 0 0 : 865 865 : Used 1 time 100
 Sort Area is fsrcnn_stream_layer__parameterized1__GC0 tree_stage[1].channel[3].node[4].single.sums_q_reg[1][3][4]_25 : 0 0 : 865 865 : Used 1 time 100
 Sort Area is fsrcnn_stream_layer__parameterized1__GC0 tree_stage[1].channel[4].node[4].single.sums_q_reg[1][4][4]_2e : 0 0 : 865 865 : Used 1 time 100
 Sort Area is fsrcnn_stream_layer__parameterized1__GC0 tree_stage[1].channel[5].node[4].single.sums_q_reg[1][5][4]_37 : 0 0 : 865 865 : Used 1 time 100
 Sort Area is fsrcnn_stream_layer__parameterized1__GC0 tree_stage[1].channel[6].node[4].single.sums_q_reg[1][6][4]_40 : 0 0 : 865 865 : Used 1 time 100
 Sort Area is fsrcnn_stream_layer__parameterized1__GC0 tree_stage[1].channel[7].node[4].single.sums_q_reg[1][7][4]_49 : 0 0 : 865 865 : Used 1 time 100
 Sort Area is mac_issue_stage__parameterized2 mac/out_lane[0].mult_lane[0].operand_pipe.sums_q_reg[0][0][0]_11 : 0 0 : 841 841 : Used 1 time 100
 Sort Area is mac_issue_stage__parameterized2 mac/out_lane[10].mult_lane[0].operand_pipe.sums_q_reg[0][10][0]_1b : 0 0 : 841 841 : Used 1 time 100
 Sort Area is mac_issue_stage__parameterized2 mac/out_lane[11].mult_lane[0].operand_pipe.sums_q_reg[0][11][0]_1c : 0 0 : 841 841 : Used 1 time 100
 Sort Area is mac_issue_stage__parameterized2 mac/out_lane[12].mult_lane[0].operand_pipe.sums_q_reg[0][12][0]_1d : 0 0 : 841 841 : Used 1 time 100
 Sort Area is mac_issue_stage__parameterized2 mac/out_lane[13].mult_lane[0].operand_pipe.sums_q_reg[0][13][0]_1e : 0 0 : 841 841 : Used 1 time 100
 Sort Area is mac_issue_stage__parameterized2 mac/out_lane[14].mult_lane[0].operand_pipe.sums_q_reg[0][14][0]_1f : 0 0 : 841 841 : Used 1 time 100
 Sort Area is mac_issue_stage__parameterized2 mac/out_lane[15].mult_lane[0].operand_pipe.sums_q_reg[0][15][0]_20 : 0 0 : 841 841 : Used 1 time 100
 Sort Area is mac_issue_stage__parameterized2 mac/out_lane[1].mult_lane[0].operand_pipe.sums_q_reg[0][1][0]_12 : 0 0 : 841 841 : Used 1 time 100
 Sort Area is mac_issue_stage__parameterized2 mac/out_lane[2].mult_lane[0].operand_pipe.sums_q_reg[0][2][0]_13 : 0 0 : 841 841 : Used 1 time 100
 Sort Area is mac_issue_stage__parameterized2 mac/out_lane[3].mult_lane[0].operand_pipe.sums_q_reg[0][3][0]_14 : 0 0 : 841 841 : Used 1 time 100
 Sort Area is mac_issue_stage__parameterized2 mac/out_lane[4].mult_lane[0].operand_pipe.sums_q_reg[0][4][0]_15 : 0 0 : 841 841 : Used 1 time 100
 Sort Area is mac_issue_stage__parameterized2 mac/out_lane[5].mult_lane[0].operand_pipe.sums_q_reg[0][5][0]_16 : 0 0 : 841 841 : Used 1 time 100
 Sort Area is mac_issue_stage__parameterized2 mac/out_lane[6].mult_lane[0].operand_pipe.sums_q_reg[0][6][0]_17 : 0 0 : 841 841 : Used 1 time 100
 Sort Area is mac_issue_stage__parameterized2 mac/out_lane[7].mult_lane[0].operand_pipe.sums_q_reg[0][7][0]_18 : 0 0 : 841 841 : Used 1 time 100
 Sort Area is mac_issue_stage__parameterized2 mac/out_lane[8].mult_lane[0].operand_pipe.sums_q_reg[0][8][0]_19 : 0 0 : 841 841 : Used 1 time 100
 Sort Area is mac_issue_stage__parameterized2 mac/out_lane[9].mult_lane[0].operand_pipe.sums_q_reg[0][9][0]_1a : 0 0 : 841 841 : Used 1 time 100
 Sort Area is mac_issue_stage__parameterized0 out_lane[0].mult_lane[0].operand_pipe.sums_q_reg[0][0][0]_0 : 0 0 : 841 841 : Used 1 time 100
 Sort Area is fsrcnn_stream_layer__parameterized1__GC0 out_lane[0].mult_lane[0].operand_pipe.sums_q_reg[0][0][0]_0 : 0 0 : 841 841 : Used 1 time 100
 Sort Area is phase_mac_pipeline__parameterized3__GB2 out_lane[0].mult_lane[0].operand_pipe.sums_q_reg[0][0][0]_39 : 0 0 : 841 841 : Used 1 time 100
 Sort Area is phase_mac_pipeline__parameterized3__GB0 out_lane[0].mult_lane[10].operand_pipe.sums_q_reg[0][0][10]_37 : 0 0 : 841 841 : Used 1 time 100
 Sort Area is phase_mac_pipeline__parameterized3__GB0 out_lane[0].mult_lane[11].operand_pipe.sums_q_reg[0][0][11]_38 : 0 0 : 841 841 : Used 1 time 100
 Sort Area is phase_mac_pipeline__parameterized3__GB0 out_lane[0].mult_lane[12].operand_pipe.sums_q_reg[0][0][12]_39 : 0 0 : 841 841 : Used 1 time 100
 Sort Area is phase_mac_pipeline__parameterized3__GB0 out_lane[0].mult_lane[13].operand_pipe.sums_q_reg[0][0][13]_3a : 0 0 : 841 841 : Used 1 time 100
 Sort Area is phase_mac_pipeline__parameterized3__GB0 out_lane[0].mult_lane[14].operand_pipe.sums_q_reg[0][0][14]_3b : 0 0 : 841 841 : Used 1 time 100
 Sort Area is phase_mac_pipeline__parameterized3__GB0 out_lane[0].mult_lane[15].operand_pipe.sums_q_reg[0][0][15]_3c : 0 0 : 841 841 : Used 1 time 100
 Sort Area is phase_mac_pipeline__parameterized3__GB0 out_lane[0].mult_lane[16].operand_pipe.sums_q_reg[0][0][16]_25 : 0 0 : 841 841 : Used 1 time 100
 Sort Area is phase_mac_pipeline__parameterized3__GB0 out_lane[0].mult_lane[17].operand_pipe.sums_q_reg[0][0][17]_26 : 0 0 : 841 841 : Used 1 time 100
 Sort Area is phase_mac_pipeline__parameterized3__GB0 out_lane[0].mult_lane[18].operand_pipe.sums_q_reg[0][0][18]_27 : 0 0 : 841 841 : Used 1 time 100
 Sort Area is phase_mac_pipeline__parameterized3__GB0 out_lane[0].mult_lane[19].operand_pipe.sums_q_reg[0][0][19]_28 : 0 0 : 841 841 : Used 1 time 100
 Sort Area is mac_issue_stage__parameterized0 out_lane[0].mult_lane[1].operand_pipe.sums_q_reg[0][0][1]_2 : 0 0 : 841 841 : Used 1 time 100
 Sort Area is fsrcnn_stream_layer__parameterized1__GC0 out_lane[0].mult_lane[1].operand_pipe.sums_q_reg[0][0][1]_2 : 0 0 : 841 841 : Used 1 time 100
 Sort Area is phase_mac_pipeline__parameterized3__GB2 out_lane[0].mult_lane[1].operand_pipe.sums_q_reg[0][0][1]_3a : 0 0 : 841 841 : Used 1 time 100
 Sort Area is phase_mac_pipeline__parameterized3__GB0 out_lane[0].mult_lane[20].operand_pipe.sums_q_reg[0][0][20]_29 : 0 0 : 841 841 : Used 1 time 100
 Sort Area is phase_mac_pipeline__parameterized3__GB0 out_lane[0].mult_lane[21].operand_pipe.sums_q_reg[0][0][21]_2a : 0 0 : 841 841 : Used 1 time 100
 Sort Area is phase_mac_pipeline__parameterized3__GB0 out_lane[0].mult_lane[22].operand_pipe.sums_q_reg[0][0][22]_2b : 0 0 : 841 841 : Used 1 time 100
 Sort Area is phase_mac_pipeline__parameterized3__GB0 out_lane[0].mult_lane[23].operand_pipe.sums_q_reg[0][0][23]_2c : 0 0 : 841 841 : Used 1 time 100
 Sort Area is phase_mac_pipeline__parameterized3__GB0 out_lane[0].mult_lane[24].operand_pipe.sums_q_reg[0][0][24]_2d : 0 0 : 841 841 : Used 1 time 100
 Sort Area is phase_mac_pipeline__parameterized3__GB0 out_lane[0].mult_lane[25].operand_pipe.sums_q_reg[0][0][25]_2e : 0 0 : 841 841 : Used 1 time 100
 Sort Area is phase_mac_pipeline__parameterized3__GB0 out_lane[0].mult_lane[26].operand_pipe.sums_q_reg[0][0][26]_2f : 0 0 : 841 841 : Used 1 time 100
 Sort Area is phase_mac_pipeline__parameterized3__GB0 out_lane[0].mult_lane[27].operand_pipe.sums_q_reg[0][0][27]_30 : 0 0 : 841 841 : Used 1 time 100
 Sort Area is phase_mac_pipeline__parameterized3__GB0 out_lane[0].mult_lane[28].operand_pipe.sums_q_reg[0][0][28]_31 : 0 0 : 841 841 : Used 1 time 100
 Sort Area is phase_mac_pipeline__parameterized3__GB0 out_lane[0].mult_lane[29].operand_pipe.sums_q_reg[0][0][29]_32 : 0 0 : 841 841 : Used 1 time 100
 Sort Area is fsrcnn_stream_layer__parameterized1__GC0 out_lane[0].mult_lane[2].operand_pipe.sums_q_reg[0][0][2]_3 : 0 0 : 841 841 : Used 1 time 100
 Sort Area is phase_mac_pipeline__parameterized3__GB2 out_lane[0].mult_lane[2].operand_pipe.sums_q_reg[0][0][2]_3b : 0 0 : 841 841 : Used 1 time 100
 Sort Area is phase_mac_pipeline__parameterized3__GB0 out_lane[0].mult_lane[30].operand_pipe.sums_q_reg[0][0][30]_33 : 0 0 : 841 841 : Used 1 time 100
 Sort Area is phase_mac_pipeline__parameterized3__GB0 out_lane[0].mult_lane[31].operand_pipe.sums_q_reg[0][0][31]_34 : 0 0 : 841 841 : Used 1 time 100
 Sort Area is phase_mac_pipeline__parameterized3__GB3 out_lane[0].mult_lane[32].operand_pipe.sums_q_reg[0][0][32]_25 : 0 0 : 841 841 : Used 1 time 100
 Sort Area is phase_mac_pipeline__parameterized3__GB3 out_lane[0].mult_lane[33].operand_pipe.sums_q_reg[0][0][33]_26 : 0 0 : 841 841 : Used 1 time 100
 Sort Area is phase_mac_pipeline__parameterized3__GB3 out_lane[0].mult_lane[34].operand_pipe.sums_q_reg[0][0][34]_27 : 0 0 : 841 841 : Used 1 time 100
 Sort Area is phase_mac_pipeline__parameterized3__GB3 out_lane[0].mult_lane[35].operand_pipe.sums_q_reg[0][0][35]_28 : 0 0 : 841 841 : Used 1 time 100
 Sort Area is phase_mac_pipeline__parameterized3__GB3 out_lane[0].mult_lane[36].operand_pipe.sums_q_reg[0][0][36]_29 : 0 0 : 841 841 : Used 1 time 100
 Sort Area is phase_mac_pipeline__parameterized3__GB3 out_lane[0].mult_lane[37].operand_pipe.sums_q_reg[0][0][37]_2a : 0 0 : 841 841 : Used 1 time 100
 Sort Area is phase_mac_pipeline__parameterized3__GB3 out_lane[0].mult_lane[38].operand_pipe.sums_q_reg[0][0][38]_2b : 0 0 : 841 841 : Used 1 time 100
 Sort Area is phase_mac_pipeline__parameterized3__GB3 out_lane[0].mult_lane[39].operand_pipe.sums_q_reg[0][0][39]_2c : 0 0 : 841 841 : Used 1 time 100
 Sort Area is phase_mac_pipeline__parameterized3__GB2 out_lane[0].mult_lane[3].operand_pipe.sums_q_reg[0][0][3]_3c : 0 0 : 841 841 : Used 1 time 100
 Sort Area is fsrcnn_stream_layer__parameterized1__GC0 out_lane[0].mult_lane[3].operand_pipe.sums_q_reg[0][0][3]_4 : 0 0 : 841 841 : Used 1 time 100
 Sort Area is phase_mac_pipeline__parameterized3__GB3 out_lane[0].mult_lane[40].operand_pipe.sums_q_reg[0][0][40]_2d : 0 0 : 841 841 : Used 1 time 100
 Sort Area is phase_mac_pipeline__parameterized3__GB3 out_lane[0].mult_lane[41].operand_pipe.sums_q_reg[0][0][41]_2e : 0 0 : 841 841 : Used 1 time 100
 Sort Area is phase_mac_pipeline__parameterized3__GB3 out_lane[0].mult_lane[42].operand_pipe.sums_q_reg[0][0][42]_2f : 0 0 : 841 841 : Used 1 time 100
 Sort Area is phase_mac_pipeline__parameterized3__GB3 out_lane[0].mult_lane[43].operand_pipe.sums_q_reg[0][0][43]_30 : 0 0 : 841 841 : Used 1 time 100
 Sort Area is phase_mac_pipeline__parameterized3__GB1 out_lane[0].mult_lane[44].operand_pipe.sums_q_reg[0][0][44]_25 : 0 0 : 841 841 : Used 1 time 100
 Sort Area is phase_mac_pipeline__parameterized3__GB1 out_lane[0].mult_lane[45].operand_pipe.sums_q_reg[0][0][45]_26 : 0 0 : 841 841 : Used 1 time 100
 Sort Area is phase_mac_pipeline__parameterized3__GB1 out_lane[0].mult_lane[46].operand_pipe.sums_q_reg[0][0][46]_27 : 0 0 : 841 841 : Used 1 time 100
 Sort Area is phase_mac_pipeline__parameterized3__GB1 out_lane[0].mult_lane[47].operand_pipe.sums_q_reg[0][0][47]_28 : 0 0 : 841 841 : Used 1 time 100
 Sort Area is phase_mac_pipeline__parameterized3__GB0 out_lane[0].mult_lane[48].operand_pipe.sums_q_reg[0][0][48]_9 : 0 0 : 841 841 : Used 1 time 100
 Sort Area is phase_mac_pipeline__parameterized3__GB0 out_lane[0].mult_lane[49].operand_pipe.sums_q_reg[0][0][49]_a : 0 0 : 841 841 : Used 1 time 100
 Sort Area is phase_mac_pipeline__parameterized3__GB2 out_lane[0].mult_lane[4].operand_pipe.sums_q_reg[0][0][4]_3d : 0 0 : 841 841 : Used 1 time 100
 Sort Area is fsrcnn_stream_layer__parameterized1__GC0 out_lane[0].mult_lane[4].operand_pipe.sums_q_reg[0][0][4]_5 : 0 0 : 841 841 : Used 1 time 100
 Sort Area is phase_mac_pipeline__parameterized3__GB2 out_lane[0].mult_lane[5].operand_pipe.sums_q_reg[0][0][5]_3e : 0 0 : 841 841 : Used 1 time 100
 Sort Area is fsrcnn_stream_layer__parameterized1__GC0 out_lane[0].mult_lane[5].operand_pipe.sums_q_reg[0][0][5]_6 : 0 0 : 841 841 : Used 1 time 100
 Sort Area is phase_mac_pipeline__parameterized3__GB2 out_lane[0].mult_lane[6].operand_pipe.sums_q_reg[0][0][6]_3f : 0 0 : 841 841 : Used 1 time 100
 Sort Area is fsrcnn_stream_layer__parameterized1__GC0 out_lane[0].mult_lane[6].operand_pipe.sums_q_reg[0][0][6]_7 : 0 0 : 841 841 : Used 1 time 100
 Sort Area is phase_mac_pipeline__parameterized3__GB2 out_lane[0].mult_lane[7].operand_pipe.sums_q_reg[0][0][7]_40 : 0 0 : 841 841 : Used 1 time 100
 Sort Area is fsrcnn_stream_layer__parameterized1__GC0 out_lane[0].mult_lane[7].operand_pipe.sums_q_reg[0][0][7]_8 : 0 0 : 841 841 : Used 1 time 100
 Sort Area is phase_mac_pipeline__parameterized3__GB0 out_lane[0].mult_lane[8].operand_pipe.sums_q_reg[0][0][8]_35 : 0 0 : 841 841 : Used 1 time 100
 Sort Area is phase_mac_pipeline__parameterized3__GB0 out_lane[0].mult_lane[9].operand_pipe.sums_q_reg[0][0][9]_36 : 0 0 : 841 841 : Used 1 time 100
 Sort Area is mac_issue_stage__parameterized0 out_lane[1].mult_lane[0].operand_pipe.sums_q_reg[0][1][0]_3 : 0 0 : 841 841 : Used 1 time 100
 Sort Area is phase_mac_pipeline__parameterized3__GB2 out_lane[1].mult_lane[0].operand_pipe.sums_q_reg[0][1][0]_31 : 0 0 : 841 841 : Used 1 time 100
 Sort Area is fsrcnn_stream_layer__parameterized1__GC0 out_lane[1].mult_lane[0].operand_pipe.sums_q_reg[0][1][0]_b : 0 0 : 841 841 : Used 1 time 100
 Sort Area is phase_mac_pipeline__parameterized3__GB0 out_lane[1].mult_lane[10].operand_pipe.sums_q_reg[0][1][10]_53 : 0 0 : 841 841 : Used 1 time 100
 Sort Area is phase_mac_pipeline__parameterized3__GB0 out_lane[1].mult_lane[11].operand_pipe.sums_q_reg[0][1][11]_54 : 0 0 : 841 841 : Used 1 time 100
 Sort Area is phase_mac_pipeline__parameterized3__GB0 out_lane[1].mult_lane[12].operand_pipe.sums_q_reg[0][1][12]_55 : 0 0 : 841 841 : Used 1 time 100
 Sort Area is phase_mac_pipeline__parameterized3__GB0 out_lane[1].mult_lane[13].operand_pipe.sums_q_reg[0][1][13]_56 : 0 0 : 841 841 : Used 1 time 100
 Sort Area is phase_mac_pipeline__parameterized3__GB0 out_lane[1].mult_lane[14].operand_pipe.sums_q_reg[0][1][14]_57 : 0 0 : 841 841 : Used 1 time 100
 Sort Area is phase_mac_pipeline__parameterized3__GB0 out_lane[1].mult_lane[15].operand_pipe.sums_q_reg[0][1][15]_58 : 0 0 : 841 841 : Used 1 time 100
 Sort Area is phase_mac_pipeline__parameterized3__GB0 out_lane[1].mult_lane[16].operand_pipe.sums_q_reg[0][1][16]_59 : 0 0 : 841 841 : Used 1 time 100
 Sort Area is phase_mac_pipeline__parameterized3__GB0 out_lane[1].mult_lane[17].operand_pipe.sums_q_reg[0][1][17]_5a : 0 0 : 841 841 : Used 1 time 100
 Sort Area is phase_mac_pipeline__parameterized3__GB0 out_lane[1].mult_lane[18].operand_pipe.sums_q_reg[0][1][18]_5b : 0 0 : 841 841 : Used 1 time 100
 Sort Area is phase_mac_pipeline__parameterized3__GB0 out_lane[1].mult_lane[19].operand_pipe.sums_q_reg[0][1][19]_5c : 0 0 : 841 841 : Used 1 time 100
 Sort Area is phase_mac_pipeline__parameterized3__GB2 out_lane[1].mult_lane[1].operand_pipe.sums_q_reg[0][1][1]_32 : 0 0 : 841 841 : Used 1 time 100
 Sort Area is mac_issue_stage__parameterized0 out_lane[1].mult_lane[1].operand_pipe.sums_q_reg[0][1][1]_4 : 0 0 : 841 841 : Used 1 time 100
 Sort Area is fsrcnn_stream_layer__parameterized1__GC0 out_lane[1].mult_lane[1].operand_pipe.sums_q_reg[0][1][1]_c : 0 0 : 841 841 : Used 1 time 100
 Sort Area is phase_mac_pipeline__parameterized3__GB0 out_lane[1].mult_lane[20].operand_pipe.sums_q_reg[0][1][20]_5d : 0 0 : 841 841 : Used 1 time 100
 Sort Area is phase_mac_pipeline__parameterized3__GB0 out_lane[1].mult_lane[21].operand_pipe.sums_q_reg[0][1][21]_5e : 0 0 : 841 841 : Used 1 time 100
 Sort Area is phase_mac_pipeline__parameterized3__GB0 out_lane[1].mult_lane[22].operand_pipe.sums_q_reg[0][1][22]_5f : 0 0 : 841 841 : Used 1 time 100
 Sort Area is phase_mac_pipeline__parameterized3__GB0 out_lane[1].mult_lane[23].operand_pipe.sums_q_reg[0][1][23]_60 : 0 0 : 841 841 : Used 1 time 100
 Sort Area is phase_mac_pipeline__parameterized3__GB0 out_lane[1].mult_lane[24].operand_pipe.sums_q_reg[0][1][24]_61 : 0 0 : 841 841 : Used 1 time 100
 Sort Area is phase_mac_pipeline__parameterized3__GB0 out_lane[1].mult_lane[25].operand_pipe.sums_q_reg[0][1][25]_62 : 0 0 : 841 841 : Used 1 time 100
 Sort Area is phase_mac_pipeline__parameterized3__GB0 out_lane[1].mult_lane[26].operand_pipe.sums_q_reg[0][1][26]_63 : 0 0 : 841 841 : Used 1 time 100
 Sort Area is phase_mac_pipeline__parameterized3__GB0 out_lane[1].mult_lane[27].operand_pipe.sums_q_reg[0][1][27]_64 : 0 0 : 841 841 : Used 1 time 100
 Sort Area is phase_mac_pipeline__parameterized3__GB0 out_lane[1].mult_lane[28].operand_pipe.sums_q_reg[0][1][28]_65 : 0 0 : 841 841 : Used 1 time 100
 Sort Area is phase_mac_pipeline__parameterized3__GB0 out_lane[1].mult_lane[29].operand_pipe.sums_q_reg[0][1][29]_66 : 0 0 : 841 841 : Used 1 time 100
 Sort Area is phase_mac_pipeline__parameterized3__GB2 out_lane[1].mult_lane[2].operand_pipe.sums_q_reg[0][1][2]_33 : 0 0 : 841 841 : Used 1 time 100
 Sort Area is fsrcnn_stream_layer__parameterized1__GC0 out_lane[1].mult_lane[2].operand_pipe.sums_q_reg[0][1][2]_d : 0 0 : 841 841 : Used 1 time 100
 Sort Area is phase_mac_pipeline__parameterized3__GB0 out_lane[1].mult_lane[30].operand_pipe.sums_q_reg[0][1][30]_67 : 0 0 : 841 841 : Used 1 time 100
 Sort Area is phase_mac_pipeline__parameterized3__GB0 out_lane[1].mult_lane[31].operand_pipe.sums_q_reg[0][1][31]_68 : 0 0 : 841 841 : Used 1 time 100
 Sort Area is phase_mac_pipeline__parameterized3__GB3 out_lane[1].mult_lane[32].operand_pipe.sums_q_reg[0][1][32]_19 : 0 0 : 841 841 : Used 1 time 100
 Sort Area is phase_mac_pipeline__parameterized3__GB3 out_lane[1].mult_lane[33].operand_pipe.sums_q_reg[0][1][33]_1a : 0 0 : 841 841 : Used 1 time 100
 Sort Area is phase_mac_pipeline__parameterized3__GB3 out_lane[1].mult_lane[34].operand_pipe.sums_q_reg[0][1][34]_1b : 0 0 : 841 841 : Used 1 time 100
 Sort Area is phase_mac_pipeline__parameterized3__GB3 out_lane[1].mult_lane[35].operand_pipe.sums_q_reg[0][1][35]_1c : 0 0 : 841 841 : Used 1 time 100
 Sort Area is phase_mac_pipeline__parameterized3__GB3 out_lane[1].mult_lane[36].operand_pipe.sums_q_reg[0][1][36]_1d : 0 0 : 841 841 : Used 1 time 100
 Sort Area is phase_mac_pipeline__parameterized3__GB3 out_lane[1].mult_lane[37].operand_pipe.sums_q_reg[0][1][37]_1e : 0 0 : 841 841 : Used 1 time 100
 Sort Area is phase_mac_pipeline__parameterized3__GB3 out_lane[1].mult_lane[38].operand_pipe.sums_q_reg[0][1][38]_1f : 0 0 : 841 841 : Used 1 time 100
 Sort Area is phase_mac_pipeline__parameterized3__GB3 out_lane[1].mult_lane[39].operand_pipe.sums_q_reg[0][1][39]_20 : 0 0 : 841 841 : Used 1 time 100
 Sort Area is phase_mac_pipeline__parameterized3__GB2 out_lane[1].mult_lane[3].operand_pipe.sums_q_reg[0][1][3]_34 : 0 0 : 841 841 : Used 1 time 100
 Sort Area is fsrcnn_stream_layer__parameterized1__GC0 out_lane[1].mult_lane[3].operand_pipe.sums_q_reg[0][1][3]_e : 0 0 : 841 841 : Used 1 time 100
 Sort Area is phase_mac_pipeline__parameterized3__GB3 out_lane[1].mult_lane[40].operand_pipe.sums_q_reg[0][1][40]_21 : 0 0 : 841 841 : Used 1 time 100
 Sort Area is phase_mac_pipeline__parameterized3__GB3 out_lane[1].mult_lane[41].operand_pipe.sums_q_reg[0][1][41]_22 : 0 0 : 841 841 : Used 1 time 100
 Sort Area is phase_mac_pipeline__parameterized3__GB3 out_lane[1].mult_lane[42].operand_pipe.sums_q_reg[0][1][42]_23 : 0 0 : 841 841 : Used 1 time 100
 Sort Area is phase_mac_pipeline__parameterized3__GB3 out_lane[1].mult_lane[43].operand_pipe.sums_q_reg[0][1][43]_24 : 0 0 : 841 841 : Used 1 time 100
 Sort Area is phase_mac_pipeline__parameterized3__GB1 out_lane[1].mult_lane[44].operand_pipe.sums_q_reg[0][1][44]_21 : 0 0 : 841 841 : Used 1 time 100
 Sort Area is phase_mac_pipeline__parameterized3__GB1 out_lane[1].mult_lane[45].operand_pipe.sums_q_reg[0][1][45]_22 : 0 0 : 841 841 : Used 1 time 100
 Sort Area is phase_mac_pipeline__parameterized3__GB1 out_lane[1].mult_lane[46].operand_pipe.sums_q_reg[0][1][46]_23 : 0 0 : 841 841 : Used 1 time 100
 Sort Area is phase_mac_pipeline__parameterized3__GB1 out_lane[1].mult_lane[47].operand_pipe.sums_q_reg[0][1][47]_24 : 0 0 : 841 841 : Used 1 time 100
 Sort Area is phase_mac_pipeline__parameterized3__GB0 out_lane[1].mult_lane[48].operand_pipe.sums_q_reg[0][1][48]_3d : 0 0 : 841 841 : Used 1 time 100
 Sort Area is phase_mac_pipeline__parameterized3__GB0 out_lane[1].mult_lane[49].operand_pipe.sums_q_reg[0][1][49]_3e : 0 0 : 841 841 : Used 1 time 100
 Sort Area is phase_mac_pipeline__parameterized3__GB2 out_lane[1].mult_lane[4].operand_pipe.sums_q_reg[0][1][4]_35 : 0 0 : 841 841 : Used 1 time 100
 Sort Area is fsrcnn_stream_layer__parameterized1__GC0 out_lane[1].mult_lane[4].operand_pipe.sums_q_reg[0][1][4]_f : 0 0 : 841 841 : Used 1 time 100
 Sort Area is fsrcnn_stream_layer__parameterized1__GC0 out_lane[1].mult_lane[5].operand_pipe.sums_q_reg[0][1][5]_10 : 0 0 : 841 841 : Used 1 time 100
 Sort Area is phase_mac_pipeline__parameterized3__GB2 out_lane[1].mult_lane[5].operand_pipe.sums_q_reg[0][1][5]_36 : 0 0 : 841 841 : Used 1 time 100
 Sort Area is fsrcnn_stream_layer__parameterized1__GC0 out_lane[1].mult_lane[6].operand_pipe.sums_q_reg[0][1][6]_11 : 0 0 : 841 841 : Used 1 time 100
 Sort Area is phase_mac_pipeline__parameterized3__GB2 out_lane[1].mult_lane[6].operand_pipe.sums_q_reg[0][1][6]_37 : 0 0 : 841 841 : Used 1 time 100
 Sort Area is fsrcnn_stream_layer__parameterized1__GC0 out_lane[1].mult_lane[7].operand_pipe.sums_q_reg[0][1][7]_12 : 0 0 : 841 841 : Used 1 time 100
 Sort Area is phase_mac_pipeline__parameterized3__GB2 out_lane[1].mult_lane[7].operand_pipe.sums_q_reg[0][1][7]_38 : 0 0 : 841 841 : Used 1 time 100
 Sort Area is phase_mac_pipeline__parameterized3__GB0 out_lane[1].mult_lane[8].operand_pipe.sums_q_reg[0][1][8]_51 : 0 0 : 841 841 : Used 1 time 100
 Sort Area is phase_mac_pipeline__parameterized3__GB0 out_lane[1].mult_lane[9].operand_pipe.sums_q_reg[0][1][9]_52 : 0 0 : 841 841 : Used 1 time 100
 Sort Area is fsrcnn_stream_layer__parameterized1__GC0 out_lane[2].mult_lane[0].operand_pipe.sums_q_reg[0][2][0]_14 : 0 0 : 841 841 : Used 1 time 100
 Sort Area is phase_mac_pipeline__parameterized3__GB2 out_lane[2].mult_lane[0].operand_pipe.sums_q_reg[0][2][0]_49 : 0 0 : 841 841 : Used 1 time 100
 Sort Area is mac_issue_stage__parameterized0 out_lane[2].mult_lane[0].operand_pipe.sums_q_reg[0][2][0]_5 : 0 0 : 841 841 : Used 1 time 100
 Sort Area is phase_mac_pipeline__parameterized3__GB0 out_lane[2].mult_lane[10].operand_pipe.sums_q_reg[0][2][10]_3 : 0 0 : 841 841 : Used 1 time 100
 Sort Area is phase_mac_pipeline__parameterized3__GB0 out_lane[2].mult_lane[11].operand_pipe.sums_q_reg[0][2][11]_4 : 0 0 : 841 841 : Used 1 time 100
 Sort Area is phase_mac_pipeline__parameterized3__GB0 out_lane[2].mult_lane[12].operand_pipe.sums_q_reg[0][2][12]_5 : 0 0 : 841 841 : Used 1 time 100
 Sort Area is phase_mac_pipeline__parameterized3__GB0 out_lane[2].mult_lane[13].operand_pipe.sums_q_reg[0][2][13]_6 : 0 0 : 841 841 : Used 1 time 100
 Sort Area is phase_mac_pipeline__parameterized3__GB0 out_lane[2].mult_lane[14].operand_pipe.sums_q_reg[0][2][14]_7 : 0 0 : 841 841 : Used 1 time 100
 Sort Area is phase_mac_pipeline__parameterized3__GB0 out_lane[2].mult_lane[15].operand_pipe.sums_q_reg[0][2][15]_8 : 0 0 : 841 841 : Used 1 time 100
 Sort Area is phase_mac_pipeline__parameterized3__GB0 out_lane[2].mult_lane[16].operand_pipe.sums_q_reg[0][2][16]_b : 0 0 : 841 841 : Used 1 time 100
 Sort Area is phase_mac_pipeline__parameterized3__GB0 out_lane[2].mult_lane[17].operand_pipe.sums_q_reg[0][2][17]_c : 0 0 : 841 841 : Used 1 time 100
 Sort Area is phase_mac_pipeline__parameterized3__GB0 out_lane[2].mult_lane[18].operand_pipe.sums_q_reg[0][2][18]_d : 0 0 : 841 841 : Used 1 time 100
 Sort Area is phase_mac_pipeline__parameterized3__GB0 out_lane[2].mult_lane[19].operand_pipe.sums_q_reg[0][2][19]_e : 0 0 : 841 841 : Used 1 time 100
 Sort Area is fsrcnn_stream_layer__parameterized1__GC0 out_lane[2].mult_lane[1].operand_pipe.sums_q_reg[0][2][1]_15 : 0 0 : 841 841 : Used 1 time 100
 Sort Area is phase_mac_pipeline__parameterized3__GB2 out_lane[2].mult_lane[1].operand_pipe.sums_q_reg[0][2][1]_4a : 0 0 : 841 841 : Used 1 time 100
 Sort Area is mac_issue_stage__parameterized0 out_lane[2].mult_lane[1].operand_pipe.sums_q_reg[0][2][1]_6 : 0 0 : 841 841 : Used 1 time 100
 Sort Area is phase_mac_pipeline__parameterized3__GB0 out_lane[2].mult_lane[20].operand_pipe.sums_q_reg[0][2][20]_f : 0 0 : 841 841 : Used 1 time 100
 Sort Area is phase_mac_pipeline__parameterized3__GB0 out_lane[2].mult_lane[21].operand_pipe.sums_q_reg[0][2][21]_10 : 0 0 : 841 841 : Used 1 time 100
 Sort Area is phase_mac_pipeline__parameterized3__GB0 out_lane[2].mult_lane[22].operand_pipe.sums_q_reg[0][2][22]_11 : 0 0 : 841 841 : Used 1 time 100
 Sort Area is phase_mac_pipeline__parameterized3__GB0 out_lane[2].mult_lane[23].operand_pipe.sums_q_reg[0][2][23]_12 : 0 0 : 841 841 : Used 1 time 100
 Sort Area is phase_mac_pipeline__parameterized3__GB0 out_lane[2].mult_lane[24].operand_pipe.sums_q_reg[0][2][24]_13 : 0 0 : 841 841 : Used 1 time 100
 Sort Area is phase_mac_pipeline__parameterized3__GB0 out_lane[2].mult_lane[25].operand_pipe.sums_q_reg[0][2][25]_14 : 0 0 : 841 841 : Used 1 time 100
 Sort Area is phase_mac_pipeline__parameterized3__GB0 out_lane[2].mult_lane[26].operand_pipe.sums_q_reg[0][2][26]_15 : 0 0 : 841 841 : Used 1 time 100
 Sort Area is phase_mac_pipeline__parameterized3__GB0 out_lane[2].mult_lane[27].operand_pipe.sums_q_reg[0][2][27]_16 : 0 0 : 841 841 : Used 1 time 100
 Sort Area is phase_mac_pipeline__parameterized3__GB0 out_lane[2].mult_lane[28].operand_pipe.sums_q_reg[0][2][28]_17 : 0 0 : 841 841 : Used 1 time 100
 Sort Area is phase_mac_pipeline__parameterized3__GB0 out_lane[2].mult_lane[29].operand_pipe.sums_q_reg[0][2][29]_18 : 0 0 : 841 841 : Used 1 time 100
 Sort Area is fsrcnn_stream_layer__parameterized1__GC0 out_lane[2].mult_lane[2].operand_pipe.sums_q_reg[0][2][2]_16 : 0 0 : 841 841 : Used 1 time 100
 Sort Area is phase_mac_pipeline__parameterized3__GB2 out_lane[2].mult_lane[2].operand_pipe.sums_q_reg[0][2][2]_4b : 0 0 : 841 841 : Used 1 time 100
 Sort Area is phase_mac_pipeline__parameterized3__GB0 out_lane[2].mult_lane[30].operand_pipe.sums_q_reg[0][2][30]_19 : 0 0 : 841 841 : Used 1 time 100
 Sort Area is phase_mac_pipeline__parameterized3__GB0 out_lane[2].mult_lane[31].operand_pipe.sums_q_reg[0][2][31]_1a : 0 0 : 841 841 : Used 1 time 100
 Sort Area is phase_mac_pipeline__parameterized3__GB3 out_lane[2].mult_lane[32].operand_pipe.sums_q_reg[0][2][32]_0 : 0 0 : 841 841 : Used 1 time 100
 Sort Area is phase_mac_pipeline__parameterized3__GB3 out_lane[2].mult_lane[33].operand_pipe.sums_q_reg[0][2][33]_2 : 0 0 : 841 841 : Used 1 time 100
 Sort Area is phase_mac_pipeline__parameterized3__GB3 out_lane[2].mult_lane[34].operand_pipe.sums_q_reg[0][2][34]_3 : 0 0 : 841 841 : Used 1 time 100
 Sort Area is phase_mac_pipeline__parameterized3__GB3 out_lane[2].mult_lane[35].operand_pipe.sums_q_reg[0][2][35]_4 : 0 0 : 841 841 : Used 1 time 100
 Sort Area is phase_mac_pipeline__parameterized3__GB3 out_lane[2].mult_lane[36].operand_pipe.sums_q_reg[0][2][36]_5 : 0 0 : 841 841 : Used 1 time 100
 Sort Area is phase_mac_pipeline__parameterized3__GB3 out_lane[2].mult_lane[37].operand_pipe.sums_q_reg[0][2][37]_6 : 0 0 : 841 841 : Used 1 time 100
 Sort Area is phase_mac_pipeline__parameterized3__GB3 out_lane[2].mult_lane[38].operand_pipe.sums_q_reg[0][2][38]_7 : 0 0 : 841 841 : Used 1 time 100
 Sort Area is phase_mac_pipeline__parameterized3__GB3 out_lane[2].mult_lane[39].operand_pipe.sums_q_reg[0][2][39]_8 : 0 0 : 841 841 : Used 1 time 100
 Sort Area is fsrcnn_stream_layer__parameterized1__GC0 out_lane[2].mult_lane[3].operand_pipe.sums_q_reg[0][2][3]_17 : 0 0 : 841 841 : Used 1 time 100
 Sort Area is phase_mac_pipeline__parameterized3__GB2 out_lane[2].mult_lane[3].operand_pipe.sums_q_reg[0][2][3]_4c : 0 0 : 841 841 : Used 1 time 100
 Sort Area is phase_mac_pipeline__parameterized3__GB3 out_lane[2].mult_lane[40].operand_pipe.sums_q_reg[0][2][40]_15 : 0 0 : 841 841 : Used 1 time 100
 Sort Area is phase_mac_pipeline__parameterized3__GB3 out_lane[2].mult_lane[41].operand_pipe.sums_q_reg[0][2][41]_16 : 0 0 : 841 841 : Used 1 time 100
 Sort Area is phase_mac_pipeline__parameterized3__GB3 out_lane[2].mult_lane[42].operand_pipe.sums_q_reg[0][2][42]_17 : 0 0 : 841 841 : Used 1 time 100
 Sort Area is phase_mac_pipeline__parameterized3__GB3 out_lane[2].mult_lane[43].operand_pipe.sums_q_reg[0][2][43]_18 : 0 0 : 841 841 : Used 1 time 100
 Sort Area is phase_mac_pipeline__parameterized3__GB1 out_lane[2].mult_lane[44].operand_pipe.sums_q_reg[0][2][44]_29 : 0 0 : 841 841 : Used 1 time 100
 Sort Area is phase_mac_pipeline__parameterized3__GB1 out_lane[2].mult_lane[45].operand_pipe.sums_q_reg[0][2][45]_2a : 0 0 : 841 841 : Used 1 time 100
 Sort Area is phase_mac_pipeline__parameterized3__GB1 out_lane[2].mult_lane[46].operand_pipe.sums_q_reg[0][2][46]_2b : 0 0 : 841 841 : Used 1 time 100
 Sort Area is phase_mac_pipeline__parameterized3__GB1 out_lane[2].mult_lane[47].operand_pipe.sums_q_reg[0][2][47]_2c : 0 0 : 841 841 : Used 1 time 100
 Sort Area is phase_mac_pipeline__parameterized3__GB0 out_lane[2].mult_lane[48].operand_pipe.sums_q_reg[0][2][48]_23 : 0 0 : 841 841 : Used 1 time 100
 Sort Area is phase_mac_pipeline__parameterized3__GB0 out_lane[2].mult_lane[49].operand_pipe.sums_q_reg[0][2][49]_24 : 0 0 : 841 841 : Used 1 time 100
 Sort Area is fsrcnn_stream_layer__parameterized1__GC0 out_lane[2].mult_lane[4].operand_pipe.sums_q_reg[0][2][4]_18 : 0 0 : 841 841 : Used 1 time 100
 Sort Area is phase_mac_pipeline__parameterized3__GB2 out_lane[2].mult_lane[4].operand_pipe.sums_q_reg[0][2][4]_4d : 0 0 : 841 841 : Used 1 time 100
 Sort Area is fsrcnn_stream_layer__parameterized1__GC0 out_lane[2].mult_lane[5].operand_pipe.sums_q_reg[0][2][5]_19 : 0 0 : 841 841 : Used 1 time 100
 Sort Area is phase_mac_pipeline__parameterized3__GB2 out_lane[2].mult_lane[5].operand_pipe.sums_q_reg[0][2][5]_4e : 0 0 : 841 841 : Used 1 time 100
 Sort Area is fsrcnn_stream_layer__parameterized1__GC0 out_lane[2].mult_lane[6].operand_pipe.sums_q_reg[0][2][6]_1a : 0 0 : 841 841 : Used 1 time 100
 Sort Area is phase_mac_pipeline__parameterized3__GB2 out_lane[2].mult_lane[6].operand_pipe.sums_q_reg[0][2][6]_4f : 0 0 : 841 841 : Used 1 time 100
 Sort Area is fsrcnn_stream_layer__parameterized1__GC0 out_lane[2].mult_lane[7].operand_pipe.sums_q_reg[0][2][7]_1b : 0 0 : 841 841 : Used 1 time 100
 Sort Area is phase_mac_pipeline__parameterized3__GB2 out_lane[2].mult_lane[7].operand_pipe.sums_q_reg[0][2][7]_50 : 0 0 : 841 841 : Used 1 time 100
 Sort Area is phase_mac_pipeline__parameterized3__GB0 out_lane[2].mult_lane[8].operand_pipe.sums_q_reg[0][2][8]_0 : 0 0 : 841 841 : Used 1 time 100
 Sort Area is phase_mac_pipeline__parameterized3__GB0 out_lane[2].mult_lane[9].operand_pipe.sums_q_reg[0][2][9]_2 : 0 0 : 841 841 : Used 1 time 100
 Sort Area is fsrcnn_stream_layer__parameterized1__GC0 out_lane[3].mult_lane[0].operand_pipe.sums_q_reg[0][3][0]_1d : 0 0 : 841 841 : Used 1 time 100
 Sort Area is phase_mac_pipeline__parameterized3__GB2 out_lane[3].mult_lane[0].operand_pipe.sums_q_reg[0][3][0]_41 : 0 0 : 841 841 : Used 1 time 100
 Sort Area is mac_issue_stage__parameterized0 out_lane[3].mult_lane[0].operand_pipe.sums_q_reg[0][3][0]_7 : 0 0 : 841 841 : Used 1 time 100
 Sort Area is phase_mac_pipeline__parameterized3__GB0 out_lane[3].mult_lane[10].operand_pipe.sums_q_reg[0][3][10]_1d : 0 0 : 841 841 : Used 1 time 100
 Sort Area is phase_mac_pipeline__parameterized3__GB0 out_lane[3].mult_lane[11].operand_pipe.sums_q_reg[0][3][11]_1e : 0 0 : 841 841 : Used 1 time 100
 Sort Area is phase_mac_pipeline__parameterized3__GB0 out_lane[3].mult_lane[12].operand_pipe.sums_q_reg[0][3][12]_1f : 0 0 : 841 841 : Used 1 time 100
 Sort Area is phase_mac_pipeline__parameterized3__GB0 out_lane[3].mult_lane[13].operand_pipe.sums_q_reg[0][3][13]_20 : 0 0 : 841 841 : Used 1 time 100
 Sort Area is phase_mac_pipeline__parameterized3__GB0 out_lane[3].mult_lane[14].operand_pipe.sums_q_reg[0][3][14]_21 : 0 0 : 841 841 : Used 1 time 100
 Sort Area is phase_mac_pipeline__parameterized3__GB0 out_lane[3].mult_lane[15].operand_pipe.sums_q_reg[0][3][15]_22 : 0 0 : 841 841 : Used 1 time 100
 Sort Area is phase_mac_pipeline__parameterized3__GB0 out_lane[3].mult_lane[16].operand_pipe.sums_q_reg[0][3][16]_41 : 0 0 : 841 841 : Used 1 time 100
 Sort Area is phase_mac_pipeline__parameterized3__GB0 out_lane[3].mult_lane[17].operand_pipe.sums_q_reg[0][3][17]_42 : 0 0 : 841 841 : Used 1 time 100
 Sort Area is phase_mac_pipeline__parameterized3__GB0 out_lane[3].mult_lane[18].operand_pipe.sums_q_reg[0][3][18]_43 : 0 0 : 841 841 : Used 1 time 100
 Sort Area is phase_mac_pipeline__parameterized3__GB0 out_lane[3].mult_lane[19].operand_pipe.sums_q_reg[0][3][19]_44 : 0 0 : 841 841 : Used 1 time 100
 Sort Area is fsrcnn_stream_layer__parameterized1__GC0 out_lane[3].mult_lane[1].operand_pipe.sums_q_reg[0][3][1]_1e : 0 0 : 841 841 : Used 1 time 100
 Sort Area is phase_mac_pipeline__parameterized3__GB2 out_lane[3].mult_lane[1].operand_pipe.sums_q_reg[0][3][1]_42 : 0 0 : 841 841 : Used 1 time 100
 Sort Area is mac_issue_stage__parameterized0 out_lane[3].mult_lane[1].operand_pipe.sums_q_reg[0][3][1]_8 : 0 0 : 841 841 : Used 1 time 100
 Sort Area is phase_mac_pipeline__parameterized3__GB0 out_lane[3].mult_lane[20].operand_pipe.sums_q_reg[0][3][20]_45 : 0 0 : 841 841 : Used 1 time 100
 Sort Area is phase_mac_pipeline__parameterized3__GB0 out_lane[3].mult_lane[21].operand_pipe.sums_q_reg[0][3][21]_46 : 0 0 : 841 841 : Used 1 time 100
 Sort Area is phase_mac_pipeline__parameterized3__GB0 out_lane[3].mult_lane[22].operand_pipe.sums_q_reg[0][3][22]_47 : 0 0 : 841 841 : Used 1 time 100
 Sort Area is phase_mac_pipeline__parameterized3__GB0 out_lane[3].mult_lane[23].operand_pipe.sums_q_reg[0][3][23]_48 : 0 0 : 841 841 : Used 1 time 100
 Sort Area is phase_mac_pipeline__parameterized3__GB0 out_lane[3].mult_lane[24].operand_pipe.sums_q_reg[0][3][24]_49 : 0 0 : 841 841 : Used 1 time 100
 Sort Area is phase_mac_pipeline__parameterized3__GB0 out_lane[3].mult_lane[25].operand_pipe.sums_q_reg[0][3][25]_4a : 0 0 : 841 841 : Used 1 time 100
 Sort Area is phase_mac_pipeline__parameterized3__GB0 out_lane[3].mult_lane[26].operand_pipe.sums_q_reg[0][3][26]_4b : 0 0 : 841 841 : Used 1 time 100
 Sort Area is phase_mac_pipeline__parameterized3__GB0 out_lane[3].mult_lane[27].operand_pipe.sums_q_reg[0][3][27]_4c : 0 0 : 841 841 : Used 1 time 100
 Sort Area is phase_mac_pipeline__parameterized3__GB0 out_lane[3].mult_lane[28].operand_pipe.sums_q_reg[0][3][28]_4d : 0 0 : 841 841 : Used 1 time 100
 Sort Area is phase_mac_pipeline__parameterized3__GB0 out_lane[3].mult_lane[29].operand_pipe.sums_q_reg[0][3][29]_4e : 0 0 : 841 841 : Used 1 time 100
 Sort Area is fsrcnn_stream_layer__parameterized1__GC0 out_lane[3].mult_lane[2].operand_pipe.sums_q_reg[0][3][2]_1f : 0 0 : 841 841 : Used 1 time 100
 Sort Area is phase_mac_pipeline__parameterized3__GB2 out_lane[3].mult_lane[2].operand_pipe.sums_q_reg[0][3][2]_43 : 0 0 : 841 841 : Used 1 time 100
 Sort Area is phase_mac_pipeline__parameterized3__GB0 out_lane[3].mult_lane[30].operand_pipe.sums_q_reg[0][3][30]_4f : 0 0 : 841 841 : Used 1 time 100
 Sort Area is phase_mac_pipeline__parameterized3__GB0 out_lane[3].mult_lane[31].operand_pipe.sums_q_reg[0][3][31]_50 : 0 0 : 841 841 : Used 1 time 100
 Sort Area is phase_mac_pipeline__parameterized3__GB3 out_lane[3].mult_lane[32].operand_pipe.sums_q_reg[0][3][32]_d : 0 0 : 841 841 : Used 1 time 100
 Sort Area is phase_mac_pipeline__parameterized3__GB3 out_lane[3].mult_lane[33].operand_pipe.sums_q_reg[0][3][33]_e : 0 0 : 841 841 : Used 1 time 100
 Sort Area is phase_mac_pipeline__parameterized3__GB3 out_lane[3].mult_lane[34].operand_pipe.sums_q_reg[0][3][34]_f : 0 0 : 841 841 : Used 1 time 100
 Sort Area is phase_mac_pipeline__parameterized3__GB3 out_lane[3].mult_lane[35].operand_pipe.sums_q_reg[0][3][35]_10 : 0 0 : 841 841 : Used 1 time 100
 Sort Area is phase_mac_pipeline__parameterized3__GB3 out_lane[3].mult_lane[36].operand_pipe.sums_q_reg[0][3][36]_11 : 0 0 : 841 841 : Used 1 time 100
 Sort Area is phase_mac_pipeline__parameterized3__GB3 out_lane[3].mult_lane[37].operand_pipe.sums_q_reg[0][3][37]_12 : 0 0 : 841 841 : Used 1 time 100
 Sort Area is phase_mac_pipeline__parameterized3__GB3 out_lane[3].mult_lane[38].operand_pipe.sums_q_reg[0][3][38]_13 : 0 0 : 841 841 : Used 1 time 100
 Sort Area is phase_mac_pipeline__parameterized3__GB3 out_lane[3].mult_lane[39].operand_pipe.sums_q_reg[0][3][39]_14 : 0 0 : 841 841 : Used 1 time 100
 Sort Area is fsrcnn_stream_layer__parameterized1__GC0 out_lane[3].mult_lane[3].operand_pipe.sums_q_reg[0][3][3]_20 : 0 0 : 841 841 : Used 1 time 100
 Sort Area is phase_mac_pipeline__parameterized3__GB2 out_lane[3].mult_lane[3].operand_pipe.sums_q_reg[0][3][3]_44 : 0 0 : 841 841 : Used 1 time 100
 Sort Area is phase_mac_pipeline__parameterized3__GB3 out_lane[3].mult_lane[40].operand_pipe.sums_q_reg[0][3][40]_9 : 0 0 : 841 841 : Used 1 time 100
 Sort Area is phase_mac_pipeline__parameterized3__GB3 out_lane[3].mult_lane[41].operand_pipe.sums_q_reg[0][3][41]_a : 0 0 : 841 841 : Used 1 time 100
 Sort Area is phase_mac_pipeline__parameterized3__GB3 out_lane[3].mult_lane[42].operand_pipe.sums_q_reg[0][3][42]_b : 0 0 : 841 841 : Used 1 time 100
 Sort Area is phase_mac_pipeline__parameterized3__GB3 out_lane[3].mult_lane[43].operand_pipe.sums_q_reg[0][3][43]_c : 0 0 : 841 841 : Used 1 time 100
 Sort Area is phase_mac_pipeline__parameterized3__GB1 out_lane[3].mult_lane[44].operand_pipe.sums_q_reg[0][3][44]_2d : 0 0 : 841 841 : Used 1 time 100
 Sort Area is phase_mac_pipeline__parameterized3__GB1 out_lane[3].mult_lane[45].operand_pipe.sums_q_reg[0][3][45]_2e : 0 0 : 841 841 : Used 1 time 100
 Sort Area is phase_mac_pipeline__parameterized3__GB1 out_lane[3].mult_lane[46].operand_pipe.sums_q_reg[0][3][46]_2f : 0 0 : 841 841 : Used 1 time 100
 Sort Area is phase_mac_pipeline__parameterized3__GB1 out_lane[3].mult_lane[47].operand_pipe.sums_q_reg[0][3][47]_30 : 0 0 : 841 841 : Used 1 time 100
 Sort Area is phase_mac_pipeline__parameterized3__GB0 out_lane[3].mult_lane[48].operand_pipe.sums_q_reg[0][3][48]_3f : 0 0 : 841 841 : Used 1 time 100
 Sort Area is phase_mac_pipeline__parameterized3__GB0 out_lane[3].mult_lane[49].operand_pipe.sums_q_reg[0][3][49]_40 : 0 0 : 841 841 : Used 1 time 100
 Sort Area is fsrcnn_stream_layer__parameterized1__GC0 out_lane[3].mult_lane[4].operand_pipe.sums_q_reg[0][3][4]_21 : 0 0 : 841 841 : Used 1 time 100
 Sort Area is phase_mac_pipeline__parameterized3__GB2 out_lane[3].mult_lane[4].operand_pipe.sums_q_reg[0][3][4]_45 : 0 0 : 841 841 : Used 1 time 100
 Sort Area is fsrcnn_stream_layer__parameterized1__GC0 out_lane[3].mult_lane[5].operand_pipe.sums_q_reg[0][3][5]_22 : 0 0 : 841 841 : Used 1 time 100
 Sort Area is phase_mac_pipeline__parameterized3__GB2 out_lane[3].mult_lane[5].operand_pipe.sums_q_reg[0][3][5]_46 : 0 0 : 841 841 : Used 1 time 100
 Sort Area is fsrcnn_stream_layer__parameterized1__GC0 out_lane[3].mult_lane[6].operand_pipe.sums_q_reg[0][3][6]_23 : 0 0 : 841 841 : Used 1 time 100
 Sort Area is phase_mac_pipeline__parameterized3__GB2 out_lane[3].mult_lane[6].operand_pipe.sums_q_reg[0][3][6]_47 : 0 0 : 841 841 : Used 1 time 100
 Sort Area is fsrcnn_stream_layer__parameterized1__GC0 out_lane[3].mult_lane[7].operand_pipe.sums_q_reg[0][3][7]_24 : 0 0 : 841 841 : Used 1 time 100
 Sort Area is phase_mac_pipeline__parameterized3__GB2 out_lane[3].mult_lane[7].operand_pipe.sums_q_reg[0][3][7]_48 : 0 0 : 841 841 : Used 1 time 100
 Sort Area is phase_mac_pipeline__parameterized3__GB0 out_lane[3].mult_lane[8].operand_pipe.sums_q_reg[0][3][8]_1b : 0 0 : 841 841 : Used 1 time 100
 Sort Area is phase_mac_pipeline__parameterized3__GB0 out_lane[3].mult_lane[9].operand_pipe.sums_q_reg[0][3][9]_1c : 0 0 : 841 841 : Used 1 time 100
 Sort Area is fsrcnn_stream_layer__parameterized1__GC0 out_lane[4].mult_lane[0].operand_pipe.sums_q_reg[0][4][0]_26 : 0 0 : 841 841 : Used 1 time 100
 Sort Area is mac_issue_stage__parameterized0 out_lane[4].mult_lane[0].operand_pipe.sums_q_reg[0][4][0]_9 : 0 0 : 841 841 : Used 1 time 100
 Sort Area is fsrcnn_stream_layer__parameterized1__GC0 out_lane[4].mult_lane[1].operand_pipe.sums_q_reg[0][4][1]_27 : 0 0 : 841 841 : Used 1 time 100
 Sort Area is mac_issue_stage__parameterized0 out_lane[4].mult_lane[1].operand_pipe.sums_q_reg[0][4][1]_a : 0 0 : 841 841 : Used 1 time 100
 Sort Area is fsrcnn_stream_layer__parameterized1__GC0 out_lane[4].mult_lane[2].operand_pipe.sums_q_reg[0][4][2]_28 : 0 0 : 841 841 : Used 1 time 100
 Sort Area is fsrcnn_stream_layer__parameterized1__GC0 out_lane[4].mult_lane[3].operand_pipe.sums_q_reg[0][4][3]_29 : 0 0 : 841 841 : Used 1 time 100
 Sort Area is fsrcnn_stream_layer__parameterized1__GC0 out_lane[4].mult_lane[4].operand_pipe.sums_q_reg[0][4][4]_2a : 0 0 : 841 841 : Used 1 time 100
 Sort Area is fsrcnn_stream_layer__parameterized1__GC0 out_lane[4].mult_lane[5].operand_pipe.sums_q_reg[0][4][5]_2b : 0 0 : 841 841 : Used 1 time 100
 Sort Area is fsrcnn_stream_layer__parameterized1__GC0 out_lane[4].mult_lane[6].operand_pipe.sums_q_reg[0][4][6]_2c : 0 0 : 841 841 : Used 1 time 100
 Sort Area is fsrcnn_stream_layer__parameterized1__GC0 out_lane[4].mult_lane[7].operand_pipe.sums_q_reg[0][4][7]_2d : 0 0 : 841 841 : Used 1 time 100
 Sort Area is fsrcnn_stream_layer__parameterized1__GC0 out_lane[5].mult_lane[0].operand_pipe.sums_q_reg[0][5][0]_2f : 0 0 : 841 841 : Used 1 time 100
 Sort Area is mac_issue_stage__parameterized0 out_lane[5].mult_lane[0].operand_pipe.sums_q_reg[0][5][0]_b : 0 0 : 841 841 : Used 1 time 100
 Sort Area is fsrcnn_stream_layer__parameterized1__GC0 out_lane[5].mult_lane[1].operand_pipe.sums_q_reg[0][5][1]_30 : 0 0 : 841 841 : Used 1 time 100
 Sort Area is mac_issue_stage__parameterized0 out_lane[5].mult_lane[1].operand_pipe.sums_q_reg[0][5][1]_c : 0 0 : 841 841 : Used 1 time 100
 Sort Area is fsrcnn_stream_layer__parameterized1__GC0 out_lane[5].mult_lane[2].operand_pipe.sums_q_reg[0][5][2]_31 : 0 0 : 841 841 : Used 1 time 100
 Sort Area is fsrcnn_stream_layer__parameterized1__GC0 out_lane[5].mult_lane[3].operand_pipe.sums_q_reg[0][5][3]_32 : 0 0 : 841 841 : Used 1 time 100
 Sort Area is fsrcnn_stream_layer__parameterized1__GC0 out_lane[5].mult_lane[4].operand_pipe.sums_q_reg[0][5][4]_33 : 0 0 : 841 841 : Used 1 time 100
 Sort Area is fsrcnn_stream_layer__parameterized1__GC0 out_lane[5].mult_lane[5].operand_pipe.sums_q_reg[0][5][5]_34 : 0 0 : 841 841 : Used 1 time 100
 Sort Area is fsrcnn_stream_layer__parameterized1__GC0 out_lane[5].mult_lane[6].operand_pipe.sums_q_reg[0][5][6]_35 : 0 0 : 841 841 : Used 1 time 100
 Sort Area is fsrcnn_stream_layer__parameterized1__GC0 out_lane[5].mult_lane[7].operand_pipe.sums_q_reg[0][5][7]_36 : 0 0 : 841 841 : Used 1 time 100
 Sort Area is fsrcnn_stream_layer__parameterized1__GC0 out_lane[6].mult_lane[0].operand_pipe.sums_q_reg[0][6][0]_38 : 0 0 : 841 841 : Used 1 time 100
 Sort Area is mac_issue_stage__parameterized0 out_lane[6].mult_lane[0].operand_pipe.sums_q_reg[0][6][0]_d : 0 0 : 841 841 : Used 1 time 100
 Sort Area is fsrcnn_stream_layer__parameterized1__GC0 out_lane[6].mult_lane[1].operand_pipe.sums_q_reg[0][6][1]_39 : 0 0 : 841 841 : Used 1 time 100
 Sort Area is mac_issue_stage__parameterized0 out_lane[6].mult_lane[1].operand_pipe.sums_q_reg[0][6][1]_e : 0 0 : 841 841 : Used 1 time 100
 Sort Area is fsrcnn_stream_layer__parameterized1__GC0 out_lane[6].mult_lane[2].operand_pipe.sums_q_reg[0][6][2]_3a : 0 0 : 841 841 : Used 1 time 100
 Sort Area is fsrcnn_stream_layer__parameterized1__GC0 out_lane[6].mult_lane[3].operand_pipe.sums_q_reg[0][6][3]_3b : 0 0 : 841 841 : Used 1 time 100
 Sort Area is fsrcnn_stream_layer__parameterized1__GC0 out_lane[6].mult_lane[4].operand_pipe.sums_q_reg[0][6][4]_3c : 0 0 : 841 841 : Used 1 time 100
 Sort Area is fsrcnn_stream_layer__parameterized1__GC0 out_lane[6].mult_lane[5].operand_pipe.sums_q_reg[0][6][5]_3d : 0 0 : 841 841 : Used 1 time 100
 Sort Area is fsrcnn_stream_layer__parameterized1__GC0 out_lane[6].mult_lane[6].operand_pipe.sums_q_reg[0][6][6]_3e : 0 0 : 841 841 : Used 1 time 100
 Sort Area is fsrcnn_stream_layer__parameterized1__GC0 out_lane[6].mult_lane[7].operand_pipe.sums_q_reg[0][6][7]_3f : 0 0 : 841 841 : Used 1 time 100
 Sort Area is fsrcnn_stream_layer__parameterized1__GC0 out_lane[7].mult_lane[0].operand_pipe.sums_q_reg[0][7][0]_41 : 0 0 : 841 841 : Used 1 time 100
 Sort Area is mac_issue_stage__parameterized0 out_lane[7].mult_lane[0].operand_pipe.sums_q_reg[0][7][0]_f : 0 0 : 841 841 : Used 1 time 100
 Sort Area is mac_issue_stage__parameterized0 out_lane[7].mult_lane[1].operand_pipe.sums_q_reg[0][7][1]_10 : 0 0 : 841 841 : Used 1 time 100
 Sort Area is fsrcnn_stream_layer__parameterized1__GC0 out_lane[7].mult_lane[1].operand_pipe.sums_q_reg[0][7][1]_42 : 0 0 : 841 841 : Used 1 time 100
 Sort Area is fsrcnn_stream_layer__parameterized1__GC0 out_lane[7].mult_lane[2].operand_pipe.sums_q_reg[0][7][2]_43 : 0 0 : 841 841 : Used 1 time 100
 Sort Area is fsrcnn_stream_layer__parameterized1__GC0 out_lane[7].mult_lane[3].operand_pipe.sums_q_reg[0][7][3]_44 : 0 0 : 841 841 : Used 1 time 100
 Sort Area is fsrcnn_stream_layer__parameterized1__GC0 out_lane[7].mult_lane[4].operand_pipe.sums_q_reg[0][7][4]_45 : 0 0 : 841 841 : Used 1 time 100
 Sort Area is fsrcnn_stream_layer__parameterized1__GC0 out_lane[7].mult_lane[5].operand_pipe.sums_q_reg[0][7][5]_46 : 0 0 : 841 841 : Used 1 time 100
 Sort Area is fsrcnn_stream_layer__parameterized1__GC0 out_lane[7].mult_lane[6].operand_pipe.sums_q_reg[0][7][6]_47 : 0 0 : 841 841 : Used 1 time 100
 Sort Area is fsrcnn_stream_layer__parameterized1__GC0 out_lane[7].mult_lane[7].operand_pipe.sums_q_reg[0][7][7]_48 : 0 0 : 841 841 : Used 1 time 100
 Sort Area is fsrcnn_stream_layer__GC0 tree_stage[1].channel[0].node[12].single.sums_q_reg[1][0][12]_19 : 0 0 : 536 536 : Used 1 time 100
 Sort Area is fsrcnn_stream_layer__GC0 tree_stage[1].channel[1].node[12].single.sums_q_reg[1][1][12]_33 : 0 0 : 536 536 : Used 1 time 100
 Sort Area is fsrcnn_stream_layer__GC0 out_lane[0].mult_lane[0].operand_pipe.sums_q_reg[0][0][0]_0 : 0 0 : 519 519 : Used 1 time 100
 Sort Area is fsrcnn_stream_layer__GC0 out_lane[0].mult_lane[10].operand_pipe.sums_q_reg[0][0][10]_b : 0 0 : 519 519 : Used 1 time 100
 Sort Area is fsrcnn_stream_layer__GC0 out_lane[0].mult_lane[11].operand_pipe.sums_q_reg[0][0][11]_c : 0 0 : 519 519 : Used 1 time 100
 Sort Area is fsrcnn_stream_layer__GC0 out_lane[0].mult_lane[12].operand_pipe.sums_q_reg[0][0][12]_d : 0 0 : 519 519 : Used 1 time 100
 Sort Area is fsrcnn_stream_layer__GC0 out_lane[0].mult_lane[13].operand_pipe.sums_q_reg[0][0][13]_e : 0 0 : 519 519 : Used 1 time 100
 Sort Area is fsrcnn_stream_layer__GC0 out_lane[0].mult_lane[14].operand_pipe.sums_q_reg[0][0][14]_f : 0 0 : 519 519 : Used 1 time 100
 Sort Area is fsrcnn_stream_layer__GC0 out_lane[0].mult_lane[15].operand_pipe.sums_q_reg[0][0][15]_10 : 0 0 : 519 519 : Used 1 time 100
 Sort Area is fsrcnn_stream_layer__GC0 out_lane[0].mult_lane[16].operand_pipe.sums_q_reg[0][0][16]_11 : 0 0 : 519 519 : Used 1 time 100
 Sort Area is fsrcnn_stream_layer__GC0 out_lane[0].mult_lane[17].operand_pipe.sums_q_reg[0][0][17]_12 : 0 0 : 519 519 : Used 1 time 100
 Sort Area is fsrcnn_stream_layer__GC0 out_lane[0].mult_lane[18].operand_pipe.sums_q_reg[0][0][18]_13 : 0 0 : 519 519 : Used 1 time 100
 Sort Area is fsrcnn_stream_layer__GC0 out_lane[0].mult_lane[19].operand_pipe.sums_q_reg[0][0][19]_14 : 0 0 : 519 519 : Used 1 time 100
 Sort Area is fsrcnn_stream_layer__GC0 out_lane[0].mult_lane[1].operand_pipe.sums_q_reg[0][0][1]_2 : 0 0 : 519 519 : Used 1 time 100
 Sort Area is fsrcnn_stream_layer__GC0 out_lane[0].mult_lane[20].operand_pipe.sums_q_reg[0][0][20]_15 : 0 0 : 519 519 : Used 1 time 100
 Sort Area is fsrcnn_stream_layer__GC0 out_lane[0].mult_lane[21].operand_pipe.sums_q_reg[0][0][21]_16 : 0 0 : 519 519 : Used 1 time 100
 Sort Area is fsrcnn_stream_layer__GC0 out_lane[0].mult_lane[22].operand_pipe.sums_q_reg[0][0][22]_17 : 0 0 : 519 519 : Used 1 time 100
 Sort Area is fsrcnn_stream_layer__GC0 out_lane[0].mult_lane[23].operand_pipe.sums_q_reg[0][0][23]_18 : 0 0 : 519 519 : Used 1 time 100
 Sort Area is fsrcnn_stream_layer__GC0 out_lane[0].mult_lane[2].operand_pipe.sums_q_reg[0][0][2]_3 : 0 0 : 519 519 : Used 1 time 100
 Sort Area is fsrcnn_stream_layer__GC0 out_lane[0].mult_lane[3].operand_pipe.sums_q_reg[0][0][3]_4 : 0 0 : 519 519 : Used 1 time 100
 Sort Area is fsrcnn_stream_layer__GC0 out_lane[0].mult_lane[4].operand_pipe.sums_q_reg[0][0][4]_5 : 0 0 : 519 519 : Used 1 time 100
 Sort Area is fsrcnn_stream_layer__GC0 out_lane[0].mult_lane[5].operand_pipe.sums_q_reg[0][0][5]_6 : 0 0 : 519 519 : Used 1 time 100
 Sort Area is fsrcnn_stream_layer__GC0 out_lane[0].mult_lane[6].operand_pipe.sums_q_reg[0][0][6]_7 : 0 0 : 519 519 : Used 1 time 100
 Sort Area is fsrcnn_stream_layer__GC0 out_lane[0].mult_lane[7].operand_pipe.sums_q_reg[0][0][7]_8 : 0 0 : 519 519 : Used 1 time 100
 Sort Area is fsrcnn_stream_layer__GC0 out_lane[0].mult_lane[8].operand_pipe.sums_q_reg[0][0][8]_9 : 0 0 : 519 519 : Used 1 time 100
 Sort Area is fsrcnn_stream_layer__GC0 out_lane[0].mult_lane[9].operand_pipe.sums_q_reg[0][0][9]_a : 0 0 : 519 519 : Used 1 time 100
 Sort Area is fsrcnn_stream_layer__GC0 out_lane[1].mult_lane[0].operand_pipe.sums_q_reg[0][1][0]_1b : 0 0 : 519 519 : Used 1 time 100
 Sort Area is fsrcnn_stream_layer__GC0 out_lane[1].mult_lane[10].operand_pipe.sums_q_reg[0][1][10]_25 : 0 0 : 519 519 : Used 1 time 100
 Sort Area is fsrcnn_stream_layer__GC0 out_lane[1].mult_lane[11].operand_pipe.sums_q_reg[0][1][11]_26 : 0 0 : 519 519 : Used 1 time 100
 Sort Area is fsrcnn_stream_layer__GC0 out_lane[1].mult_lane[12].operand_pipe.sums_q_reg[0][1][12]_27 : 0 0 : 519 519 : Used 1 time 100
 Sort Area is fsrcnn_stream_layer__GC0 out_lane[1].mult_lane[13].operand_pipe.sums_q_reg[0][1][13]_28 : 0 0 : 519 519 : Used 1 time 100
 Sort Area is fsrcnn_stream_layer__GC0 out_lane[1].mult_lane[14].operand_pipe.sums_q_reg[0][1][14]_29 : 0 0 : 519 519 : Used 1 time 100
 Sort Area is fsrcnn_stream_layer__GC0 out_lane[1].mult_lane[15].operand_pipe.sums_q_reg[0][1][15]_2a : 0 0 : 519 519 : Used 1 time 100
 Sort Area is fsrcnn_stream_layer__GC0 out_lane[1].mult_lane[16].operand_pipe.sums_q_reg[0][1][16]_2b : 0 0 : 519 519 : Used 1 time 100
 Sort Area is fsrcnn_stream_layer__GC0 out_lane[1].mult_lane[17].operand_pipe.sums_q_reg[0][1][17]_2c : 0 0 : 519 519 : Used 1 time 100
 Sort Area is fsrcnn_stream_layer__GC0 out_lane[1].mult_lane[18].operand_pipe.sums_q_reg[0][1][18]_2d : 0 0 : 519 519 : Used 1 time 100
 Sort Area is fsrcnn_stream_layer__GC0 out_lane[1].mult_lane[19].operand_pipe.sums_q_reg[0][1][19]_2e : 0 0 : 519 519 : Used 1 time 100
 Sort Area is fsrcnn_stream_layer__GC0 out_lane[1].mult_lane[1].operand_pipe.sums_q_reg[0][1][1]_1c : 0 0 : 519 519 : Used 1 time 100
 Sort Area is fsrcnn_stream_layer__GC0 out_lane[1].mult_lane[20].operand_pipe.sums_q_reg[0][1][20]_2f : 0 0 : 519 519 : Used 1 time 100
 Sort Area is fsrcnn_stream_layer__GC0 out_lane[1].mult_lane[21].operand_pipe.sums_q_reg[0][1][21]_30 : 0 0 : 519 519 : Used 1 time 100
 Sort Area is fsrcnn_stream_layer__GC0 out_lane[1].mult_lane[22].operand_pipe.sums_q_reg[0][1][22]_31 : 0 0 : 519 519 : Used 1 time 100
 Sort Area is fsrcnn_stream_layer__GC0 out_lane[1].mult_lane[23].operand_pipe.sums_q_reg[0][1][23]_32 : 0 0 : 519 519 : Used 1 time 100
 Sort Area is fsrcnn_stream_layer__GC0 out_lane[1].mult_lane[2].operand_pipe.sums_q_reg[0][1][2]_1d : 0 0 : 519 519 : Used 1 time 100
 Sort Area is fsrcnn_stream_layer__GC0 out_lane[1].mult_lane[3].operand_pipe.sums_q_reg[0][1][3]_1e : 0 0 : 519 519 : Used 1 time 100
 Sort Area is fsrcnn_stream_layer__GC0 out_lane[1].mult_lane[4].operand_pipe.sums_q_reg[0][1][4]_1f : 0 0 : 519 519 : Used 1 time 100
 Sort Area is fsrcnn_stream_layer__GC0 out_lane[1].mult_lane[5].operand_pipe.sums_q_reg[0][1][5]_20 : 0 0 : 519 519 : Used 1 time 100
 Sort Area is fsrcnn_stream_layer__GC0 out_lane[1].mult_lane[6].operand_pipe.sums_q_reg[0][1][6]_21 : 0 0 : 519 519 : Used 1 time 100
 Sort Area is fsrcnn_stream_layer__GC0 out_lane[1].mult_lane[7].operand_pipe.sums_q_reg[0][1][7]_22 : 0 0 : 519 519 : Used 1 time 100
 Sort Area is fsrcnn_stream_layer__GC0 out_lane[1].mult_lane[8].operand_pipe.sums_q_reg[0][1][8]_23 : 0 0 : 519 519 : Used 1 time 100
 Sort Area is fsrcnn_stream_layer__GC0 out_lane[1].mult_lane[9].operand_pipe.sums_q_reg[0][1][9]_24 : 0 0 : 519 519 : Used 1 time 100
 Sort Area is fsrcnn_stream_layer__parameterized3__GC0 requant_product_s50_0 : 0 0 : 3173 5940 : Used 1 time 0
 Sort Area is fsrcnn_stream_layer__parameterized3__GC0 requant_product_s50_0 : 0 1 : 2767 5940 : Used 1 time 0
 Sort Area is vector_postprocess_shared__parameterized0__GBM0 requant_product_s50_3 : 0 0 : 3155 5904 : Used 2 time 0
 Sort Area is vector_postprocess_shared__GBM0 requant_product_s50_3 : 0 0 : 3155 5904 : Used 2 time 0
 Sort Area is vector_postprocess_shared__parameterized0__GBM0 requant_product_s50_3 : 0 1 : 2749 5904 : Used 2 time 0
 Sort Area is vector_postprocess_shared__GBM0 requant_product_s50_3 : 0 1 : 2749 5904 : Used 2 time 0
 Sort Area is vector_postprocess_shared__GBM0 requant_product_s50_a : 0 0 : 3155 5904 : Used 2 time 0
 Sort Area is vector_postprocess_shared__GBM0 requant_product_s50_a : 0 1 : 2749 5904 : Used 2 time 0
 Sort Area is fsrcnn_stream_layer__parameterized3__GC0 requant_product_s50_3 : 0 0 : 2700 5293 : Used 1 time 0
 Sort Area is fsrcnn_stream_layer__parameterized3__GC0 requant_product_s50_3 : 0 1 : 2593 5293 : Used 1 time 0
 Sort Area is vector_postprocess_shared__parameterized0__GBM0 requant_product_s50_6 : 0 0 : 2685 5263 : Used 2 time 0
 Sort Area is vector_postprocess_shared__GBM0 requant_product_s50_6 : 0 0 : 2685 5263 : Used 2 time 0
 Sort Area is vector_postprocess_shared__parameterized0__GBM0 requant_product_s50_6 : 0 1 : 2578 5263 : Used 2 time 0
 Sort Area is vector_postprocess_shared__GBM0 requant_product_s50_6 : 0 1 : 2578 5263 : Used 2 time 0
 Sort Area is vector_postprocess_shared__GBM0 requant_product_s50_b : 0 0 : 2685 5263 : Used 2 time 0
 Sort Area is vector_postprocess_shared__GBM0 requant_product_s50_b : 0 1 : 2578 5263 : Used 2 time 0
 Sort Area is vector_postprocess_shared__parameterized0__GBM0 prelu_product_s10_0 : 0 0 : 2304 4300 : Used 2 time 0
 Sort Area is vector_postprocess_shared__GBM0 prelu_product_s10_0 : 0 0 : 2304 4300 : Used 2 time 0
 Sort Area is vector_postprocess_shared__parameterized0__GBM0 prelu_product_s10_0 : 0 1 : 1996 4300 : Used 2 time 0
 Sort Area is vector_postprocess_shared__GBM0 prelu_product_s10_0 : 0 1 : 1996 4300 : Used 2 time 0
 Sort Area is vector_postprocess_shared__GBM0 prelu_product_s10_9 : 0 0 : 2304 4300 : Used 2 time 0
 Sort Area is vector_postprocess_shared__GBM0 prelu_product_s10_9 : 0 1 : 1996 4300 : Used 2 time 0
---------------------------------------------------------------------------------
Start ROM, RAM, DSP, Shift Register and Retiming Reporting
---------------------------------------------------------------------------------

Block RAM: Preliminary Mapping Report (see note below)
+-----------------------------------------+-------------------------------------+------------------------+---+---+------------------------+---+---+------------------+--------+--------+
|Module Name                              | RTL Object                          | PORT A (Depth x Width) | W | R | PORT B (Depth x Width) | W | R | Ports driving FF | RAMB18 | RAMB36 | 
+-----------------------------------------+-------------------------------------+------------------------+---+---+------------------------+---+---+------------------+--------+--------+
|fsrcnn_stream_layer__GC0                 | gk.frontend/win/bank_gen[3].mem_reg | 964 x 8(READ_FIRST)    | W | R |                        |   |   | Port A           | 1      | 0      | 
|fsrcnn_stream_layer__GC0                 | gk.frontend/win/bank_gen[2].mem_reg | 964 x 8(READ_FIRST)    | W | R |                        |   |   | Port A           | 1      | 0      | 
|fsrcnn_stream_layer__GC0                 | gk.frontend/win/bank_gen[1].mem_reg | 964 x 8(READ_FIRST)    | W | R |                        |   |   | Port A           | 1      | 0      | 
|fsrcnn_stream_layer__GC0                 | gk.frontend/win/bank_gen[0].mem_reg | 964 x 8(READ_FIRST)    | W | R |                        |   |   | Port A           | 1      | 0      | 
|fsrcnn_stream_layer__parameterized1__GC0 | gk.frontend/win/bank_gen[1].mem_reg | 962 x 128(READ_FIRST)  | W | R |                        |   |   | Port A           | 0      | 4      | 
|fsrcnn_stream_layer__parameterized1__GC0 | gk.frontend/win/bank_gen[0].mem_reg | 962 x 128(READ_FIRST)  | W | R |                        |   |   | Port A           | 0      | 4      | 
|\gk.frontend/win                         | bank_gen[3].mem_reg                 | 964 x 256(READ_FIRST)  | W | R |                        |   |   | Port A           | 1      | 7      | 
|\gk.frontend/win                         | bank_gen[2].mem_reg                 | 964 x 256(READ_FIRST)  | W | R |                        |   |   | Port A           | 1      | 7      | 
|\gk.frontend/win                         | bank_gen[1].mem_reg                 | 964 x 256(READ_FIRST)  | W | R |                        |   |   | Port A           | 1      | 7      | 
|\gk.frontend/win                         | bank_gen[0].mem_reg                 | 964 x 256(READ_FIRST)  | W | R |                        |   |   | Port A           | 1      | 7      | 
|c_synth_top                              | shuffle/bank0_reg                   | 960 x 32(READ_FIRST)   | W |   | 960 x 32(WRITE_FIRST)  |   | R | Port A and B     | 0      | 1      | 
|c_synth_top                              | shuffle/bank1_reg                   | 960 x 32(READ_FIRST)   | W |   | 960 x 32(WRITE_FIRST)  |   | R | Port A and B     | 0      | 1      | 
|c_synth_top                              | u_pp/u_bank0/mem_reg                | 120 K x 8(READ_FIRST)  | W |   | 120 K x 8(WRITE_FIRST) |   | R | Port A and B     | 0      | 30     | 
|c_synth_top                              | u_pp/u_bank1/mem_reg                | 120 K x 8(READ_FIRST)  | W |   | 120 K x 8(WRITE_FIRST) |   | R | Port A and B     | 0      | 30     | 
+-----------------------------------------+-------------------------------------+------------------------+---+---+------------------------+---+---+------------------+--------+--------+

Note: The table above is a preliminary report that shows the Block RAMs at the current stage of the synthesis flow. Some Block RAMs may be reimplemented as non Block RAM primitives later in the synthesis flow. Multiple instantiated Block RAMs are reported only once. 

Distributed RAM: Preliminary Mapping Report (see note below)
+-----------------------------------------+-------------------------------------------------------------+----------------+----------------------+--------------+
|Module Name                              | RTL Object                                                  | Inference      | Size (Depth x Width) | Primitives   | 
+-----------------------------------------+-------------------------------------------------------------+----------------+----------------------+--------------+
|fsrcnn_stream_layer__GC0                 | gk.frontend/fifo/g_narrow_read.mem_reg                      | User Attribute | 4 x 200              | RAM32M x 34  | 
|fsrcnn_stream_layer__parameterized1__GC0 | gk.frontend/fifo/g_wide_read.g_read_slice[0].mem_slice_reg  | User Attribute | 4 x 64               | RAM32M x 11  | 
|fsrcnn_stream_layer__parameterized1__GC0 | gk.frontend/fifo/g_wide_read.g_read_slice[1].mem_slice_reg  | User Attribute | 4 x 64               | RAM32M x 11  | 
|fsrcnn_stream_layer__parameterized1__GC0 | gk.frontend/fifo/g_wide_read.g_read_slice[2].mem_slice_reg  | User Attribute | 4 x 64               | RAM32M x 11  | 
|fsrcnn_stream_layer__parameterized1__GC0 | gk.frontend/fifo/g_wide_read.g_read_slice[3].mem_slice_reg  | User Attribute | 4 x 64               | RAM32M x 11  | 
|fsrcnn_stream_layer__parameterized1__GC0 | gk.frontend/fifo/g_wide_read.g_read_slice[4].mem_slice_reg  | User Attribute | 4 x 64               | RAM32M x 11  | 
|fsrcnn_stream_layer__parameterized1__GC0 | gk.frontend/fifo/g_wide_read.g_read_slice[5].mem_slice_reg  | User Attribute | 4 x 64               | RAM32M x 11  | 
|fsrcnn_stream_layer__parameterized1__GC0 | gk.frontend/fifo/g_wide_read.g_read_slice[6].mem_slice_reg  | User Attribute | 4 x 64               | RAM32M x 11  | 
|fsrcnn_stream_layer__parameterized1__GC0 | gk.frontend/fifo/g_wide_read.g_read_slice[7].mem_slice_reg  | User Attribute | 4 x 64               | RAM32M x 11  | 
|fsrcnn_stream_layer__parameterized1__GC0 | gk.frontend/fifo/g_wide_read.g_read_slice[8].mem_slice_reg  | User Attribute | 4 x 64               | RAM32M x 11  | 
|fsrcnn_stream_layer__parameterized1__GC0 | gk.frontend/fifo/g_wide_read.g_read_slice[9].mem_slice_reg  | User Attribute | 4 x 64               | RAM32M x 11  | 
|fsrcnn_stream_layer__parameterized1__GC0 | gk.frontend/fifo/g_wide_read.g_read_slice[10].mem_slice_reg | User Attribute | 4 x 64               | RAM32M x 11  | 
|fsrcnn_stream_layer__parameterized1__GC0 | gk.frontend/fifo/g_wide_read.g_read_slice[11].mem_slice_reg | User Attribute | 4 x 64               | RAM32M x 11  | 
|fsrcnn_stream_layer__parameterized1__GC0 | gk.frontend/fifo/g_wide_read.g_read_slice[12].mem_slice_reg | User Attribute | 4 x 64               | RAM32M x 11  | 
|fsrcnn_stream_layer__parameterized1__GC0 | gk.frontend/fifo/g_wide_read.g_read_slice[13].mem_slice_reg | User Attribute | 4 x 64               | RAM32M x 11  | 
|fsrcnn_stream_layer__parameterized1__GC0 | gk.frontend/fifo/g_wide_read.g_read_slice[14].mem_slice_reg | User Attribute | 4 x 64               | RAM32M x 11  | 
|fsrcnn_stream_layer__parameterized1__GC0 | gk.frontend/fifo/g_wide_read.g_read_slice[15].mem_slice_reg | User Attribute | 4 x 64               | RAM32M x 11  | 
|fsrcnn_stream_layer__parameterized1__GC0 | gk.frontend/fifo/g_wide_read.g_read_slice[16].mem_slice_reg | User Attribute | 4 x 64               | RAM32M x 11  | 
|fsrcnn_stream_layer__parameterized1__GC0 | gk.frontend/fifo/g_wide_read.g_read_slice[17].mem_slice_reg | User Attribute | 4 x 64               | RAM32M x 11  | 
|c_synth_top                              | g_l5_partial_buffer.partial_fifo/data_q_reg                 | Implied        | 2 x 131              | RAM32M x 22  | 
|fsrcnn_stream_layer__parameterized3__GC0 | gk.frontend/fifo/g_wide_read.g_read_slice[0].mem_slice_reg  | User Attribute | 4 x 64               | RAM32M x 11  | 
|fsrcnn_stream_layer__parameterized3__GC0 | gk.frontend/fifo/g_wide_read.g_read_slice[1].mem_slice_reg  | User Attribute | 4 x 64               | RAM32M x 11  | 
|fsrcnn_stream_layer__parameterized3__GC0 | gk.frontend/fifo/g_wide_read.g_read_slice[2].mem_slice_reg  | User Attribute | 4 x 64               | RAM32M x 11  | 
|fsrcnn_stream_layer__parameterized3__GC0 | gk.frontend/fifo/g_wide_read.g_read_slice[3].mem_slice_reg  | User Attribute | 4 x 64               | RAM32M x 11  | 
|fsrcnn_stream_layer__parameterized3__GC0 | gk.frontend/fifo/g_wide_read.g_read_slice[4].mem_slice_reg  | User Attribute | 4 x 64               | RAM32M x 11  | 
|fsrcnn_stream_layer__parameterized3__GC0 | gk.frontend/fifo/g_wide_read.g_read_slice[5].mem_slice_reg  | User Attribute | 4 x 64               | RAM32M x 11  | 
|fsrcnn_stream_layer__parameterized3__GC0 | gk.frontend/fifo/g_wide_read.g_read_slice[6].mem_slice_reg  | User Attribute | 4 x 64               | RAM32M x 11  | 
|fsrcnn_stream_layer__parameterized3__GC0 | gk.frontend/fifo/g_wide_read.g_read_slice[7].mem_slice_reg  | User Attribute | 4 x 64               | RAM32M x 11  | 
|fsrcnn_stream_layer__parameterized3__GC0 | gk.frontend/fifo/g_wide_read.g_read_slice[8].mem_slice_reg  | User Attribute | 4 x 64               | RAM32M x 11  | 
|fsrcnn_stream_layer__parameterized3__GC0 | gk.frontend/fifo/g_wide_read.g_read_slice[9].mem_slice_reg  | User Attribute | 4 x 64               | RAM32M x 11  | 
|fsrcnn_stream_layer__parameterized3__GC0 | gk.frontend/fifo/g_wide_read.g_read_slice[10].mem_slice_reg | User Attribute | 4 x 64               | RAM32M x 11  | 
|fsrcnn_stream_layer__parameterized3__GC0 | gk.frontend/fifo/g_wide_read.g_read_slice[11].mem_slice_reg | User Attribute | 4 x 64               | RAM32M x 11  | 
|fsrcnn_stream_layer__parameterized3__GC0 | gk.frontend/fifo/g_wide_read.g_read_slice[12].mem_slice_reg | User Attribute | 4 x 64               | RAM32M x 11  | 
|fsrcnn_stream_layer__parameterized3__GC0 | gk.frontend/fifo/g_wide_read.g_read_slice[13].mem_slice_reg | User Attribute | 4 x 64               | RAM32M x 11  | 
|fsrcnn_stream_layer__parameterized3__GC0 | gk.frontend/fifo/g_wide_read.g_read_slice[14].mem_slice_reg | User Attribute | 4 x 64               | RAM32M x 11  | 
|fsrcnn_stream_layer__parameterized3__GC0 | gk.frontend/fifo/g_wide_read.g_read_slice[15].mem_slice_reg | User Attribute | 4 x 64               | RAM32M x 11  | 
|fsrcnn_stream_layer__parameterized3__GC0 | gk.frontend/fifo/g_wide_read.g_read_slice[16].mem_slice_reg | User Attribute | 4 x 64               | RAM32M x 11  | 
|fsrcnn_stream_layer__parameterized3__GC0 | gk.frontend/fifo/g_wide_read.g_read_slice[17].mem_slice_reg | User Attribute | 4 x 64               | RAM32M x 11  | 
|fsrcnn_stream_layer__parameterized3__GC0 | gk.frontend/fifo/g_wide_read.g_read_slice[18].mem_slice_reg | User Attribute | 4 x 64               | RAM32M x 11  | 
|fsrcnn_stream_layer__parameterized3__GC0 | gk.frontend/fifo/g_wide_read.g_read_slice[19].mem_slice_reg | User Attribute | 4 x 64               | RAM32M x 11  | 
|fsrcnn_stream_layer__parameterized3__GC0 | gk.frontend/fifo/g_wide_read.g_read_slice[20].mem_slice_reg | User Attribute | 4 x 64               | RAM32M x 11  | 
|fsrcnn_stream_layer__parameterized3__GC0 | gk.frontend/fifo/g_wide_read.g_read_slice[21].mem_slice_reg | User Attribute | 4 x 64               | RAM32M x 11  | 
|fsrcnn_stream_layer__parameterized3__GC0 | gk.frontend/fifo/g_wide_read.g_read_slice[22].mem_slice_reg | User Attribute | 4 x 64               | RAM32M x 11  | 
|fsrcnn_stream_layer__parameterized3__GC0 | gk.frontend/fifo/g_wide_read.g_read_slice[23].mem_slice_reg | User Attribute | 4 x 64               | RAM32M x 11  | 
|fsrcnn_stream_layer__parameterized3__GC0 | gk.frontend/fifo/g_wide_read.g_read_slice[24].mem_slice_reg | User Attribute | 4 x 64               | RAM32M x 11  | 
|fsrcnn_stream_layer__parameterized3__GC0 | gk.frontend/fifo/g_wide_read.g_read_slice[25].mem_slice_reg | User Attribute | 4 x 64               | RAM32M x 11  | 
|fsrcnn_stream_layer__parameterized3__GC0 | gk.frontend/fifo/g_wide_read.g_read_slice[26].mem_slice_reg | User Attribute | 4 x 64               | RAM32M x 11  | 
|fsrcnn_stream_layer__parameterized3__GC0 | gk.frontend/fifo/g_wide_read.g_read_slice[27].mem_slice_reg | User Attribute | 4 x 64               | RAM32M x 11  | 
|fsrcnn_stream_layer__parameterized3__GC0 | gk.frontend/fifo/g_wide_read.g_read_slice[28].mem_slice_reg | User Attribute | 4 x 64               | RAM32M x 11  | 
|fsrcnn_stream_layer__parameterized3__GC0 | gk.frontend/fifo/g_wide_read.g_read_slice[29].mem_slice_reg | User Attribute | 4 x 64               | RAM32M x 11  | 
|fsrcnn_stream_layer__parameterized3__GC0 | gk.frontend/fifo/g_wide_read.g_read_slice[30].mem_slice_reg | User Attribute | 4 x 64               | RAM32M x 11  | 
|fsrcnn_stream_layer__parameterized3__GC0 | gk.frontend/fifo/g_wide_read.g_read_slice[31].mem_slice_reg | User Attribute | 4 x 64               | RAM32M x 11  | 
|fsrcnn_stream_layer__parameterized3__GC0 | gk.frontend/fifo/g_wide_read.g_read_slice[32].mem_slice_reg | User Attribute | 4 x 64               | RAM32M x 11  | 
|fsrcnn_stream_layer__parameterized3__GC0 | gk.frontend/fifo/g_wide_read.g_read_slice[33].mem_slice_reg | User Attribute | 4 x 64               | RAM32M x 11  | 
|fsrcnn_stream_layer__parameterized3__GC0 | gk.frontend/fifo/g_wide_read.g_read_slice[34].mem_slice_reg | User Attribute | 4 x 64               | RAM32M x 11  | 
|fsrcnn_stream_layer__parameterized3__GC0 | gk.frontend/fifo/g_wide_read.g_read_slice[35].mem_slice_reg | User Attribute | 4 x 64               | RAM32M x 11  | 
|fsrcnn_stream_layer__parameterized3__GC0 | gk.frontend/fifo/g_wide_read.g_read_slice[36].mem_slice_reg | User Attribute | 4 x 64               | RAM32M x 11  | 
|fsrcnn_stream_layer__parameterized3__GC0 | gk.frontend/fifo/g_wide_read.g_read_slice[37].mem_slice_reg | User Attribute | 4 x 64               | RAM32M x 11  | 
|fsrcnn_stream_layer__parameterized3__GC0 | gk.frontend/fifo/g_wide_read.g_read_slice[38].mem_slice_reg | User Attribute | 4 x 64               | RAM32M x 11  | 
|fsrcnn_stream_layer__parameterized3__GC0 | gk.frontend/fifo/g_wide_read.g_read_slice[39].mem_slice_reg | User Attribute | 4 x 64               | RAM32M x 11  | 
|fsrcnn_stream_layer__parameterized3__GC0 | gk.frontend/fifo/g_wide_read.g_read_slice[40].mem_slice_reg | User Attribute | 4 x 64               | RAM32M x 11  | 
|fsrcnn_stream_layer__parameterized3__GC0 | gk.frontend/fifo/g_wide_read.g_read_slice[41].mem_slice_reg | User Attribute | 4 x 64               | RAM32M x 11  | 
|fsrcnn_stream_layer__parameterized3__GC0 | gk.frontend/fifo/g_wide_read.g_read_slice[42].mem_slice_reg | User Attribute | 4 x 64               | RAM32M x 11  | 
|fsrcnn_stream_layer__parameterized3__GC0 | gk.frontend/fifo/g_wide_read.g_read_slice[43].mem_slice_reg | User Attribute | 4 x 64               | RAM32M x 11  | 
|fsrcnn_stream_layer__parameterized3__GC0 | gk.frontend/fifo/g_wide_read.g_read_slice[44].mem_slice_reg | User Attribute | 4 x 64               | RAM32M x 11  | 
|fsrcnn_stream_layer__parameterized3__GC0 | gk.frontend/fifo/g_wide_read.g_read_slice[45].mem_slice_reg | User Attribute | 4 x 64               | RAM32M x 11  | 
|fsrcnn_stream_layer__parameterized3__GC0 | gk.frontend/fifo/g_wide_read.g_read_slice[46].mem_slice_reg | User Attribute | 4 x 64               | RAM32M x 11  | 
|fsrcnn_stream_layer__parameterized3__GC0 | gk.frontend/fifo/g_wide_read.g_read_slice[47].mem_slice_reg | User Attribute | 4 x 64               | RAM32M x 11  | 
|fsrcnn_stream_layer__parameterized3__GC0 | gk.frontend/fifo/g_wide_read.g_read_slice[48].mem_slice_reg | User Attribute | 4 x 64               | RAM32M x 11  | 
|fsrcnn_stream_layer__parameterized3__GC0 | gk.frontend/fifo/g_wide_read.g_read_slice[49].mem_slice_reg | User Attribute | 4 x 64               | RAM32M x 11  | 
|fsrcnn_stream_layer__parameterized3__GC0 | gk.frontend/fifo/g_wide_read.g_read_slice[50].mem_slice_reg | User Attribute | 4 x 64               | RAM32M x 11  | 
|fsrcnn_stream_layer__parameterized3__GC0 | gk.frontend/fifo/g_wide_read.g_read_slice[51].mem_slice_reg | User Attribute | 4 x 64               | RAM32M x 11  | 
|fsrcnn_stream_layer__parameterized3__GC0 | gk.frontend/fifo/g_wide_read.g_read_slice[52].mem_slice_reg | User Attribute | 4 x 64               | RAM32M x 11  | 
|fsrcnn_stream_layer__parameterized3__GC0 | gk.frontend/fifo/g_wide_read.g_read_slice[53].mem_slice_reg | User Attribute | 4 x 64               | RAM32M x 11  | 
|fsrcnn_stream_layer__parameterized3__GC0 | gk.frontend/fifo/g_wide_read.g_read_slice[54].mem_slice_reg | User Attribute | 4 x 64               | RAM32M x 11  | 
|fsrcnn_stream_layer__parameterized3__GC0 | gk.frontend/fifo/g_wide_read.g_read_slice[55].mem_slice_reg | User Attribute | 4 x 64               | RAM32M x 11  | 
|fsrcnn_stream_layer__parameterized3__GC0 | gk.frontend/fifo/g_wide_read.g_read_slice[56].mem_slice_reg | User Attribute | 4 x 64               | RAM32M x 11  | 
|fsrcnn_stream_layer__parameterized3__GC0 | gk.frontend/fifo/g_wide_read.g_read_slice[57].mem_slice_reg | User Attribute | 4 x 64               | RAM32M x 11  | 
|fsrcnn_stream_layer__parameterized3__GC0 | gk.frontend/fifo/g_wide_read.g_read_slice[58].mem_slice_reg | User Attribute | 4 x 64               | RAM32M x 11  | 
|fsrcnn_stream_layer__parameterized3__GC0 | gk.frontend/fifo/g_wide_read.g_read_slice[59].mem_slice_reg | User Attribute | 4 x 64               | RAM32M x 11  | 
|fsrcnn_stream_layer__parameterized3__GC0 | gk.frontend/fifo/g_wide_read.g_read_slice[60].mem_slice_reg | User Attribute | 4 x 64               | RAM32M x 11  | 
|fsrcnn_stream_layer__parameterized3__GC0 | gk.frontend/fifo/g_wide_read.g_read_slice[61].mem_slice_reg | User Attribute | 4 x 64               | RAM32M x 11  | 
|fsrcnn_stream_layer__parameterized3__GC0 | gk.frontend/fifo/g_wide_read.g_read_slice[62].mem_slice_reg | User Attribute | 4 x 64               | RAM32M x 11  | 
|fsrcnn_stream_layer__parameterized3__GC0 | gk.frontend/fifo/g_wide_read.g_read_slice[63].mem_slice_reg | User Attribute | 4 x 64               | RAM32M x 11  | 
|fsrcnn_stream_layer__parameterized3__GC0 | gk.frontend/fifo/g_wide_read.g_read_slice[64].mem_slice_reg | User Attribute | 4 x 64               | RAM32M x 11  | 
|fsrcnn_stream_layer__parameterized3__GC0 | gk.frontend/fifo/g_wide_read.g_read_slice[65].mem_slice_reg | User Attribute | 4 x 64               | RAM32M x 11  | 
|fsrcnn_stream_layer__parameterized3__GC0 | gk.frontend/fifo/g_wide_read.g_read_slice[66].mem_slice_reg | User Attribute | 4 x 64               | RAM32M x 11  | 
|fsrcnn_stream_layer__parameterized3__GC0 | gk.frontend/fifo/g_wide_read.g_read_slice[67].mem_slice_reg | User Attribute | 4 x 64               | RAM32M x 11  | 
|fsrcnn_stream_layer__parameterized3__GC0 | gk.frontend/fifo/g_wide_read.g_read_slice[68].mem_slice_reg | User Attribute | 4 x 64               | RAM32M x 11  | 
|fsrcnn_stream_layer__parameterized3__GC0 | gk.frontend/fifo/g_wide_read.g_read_slice[69].mem_slice_reg | User Attribute | 4 x 64               | RAM32M x 11  | 
|fsrcnn_stream_layer__parameterized3__GC0 | gk.frontend/fifo/g_wide_read.g_read_slice[70].mem_slice_reg | User Attribute | 4 x 64               | RAM32M x 11  | 
|fsrcnn_stream_layer__parameterized3__GC0 | gk.frontend/fifo/g_wide_read.g_read_slice[71].mem_slice_reg | User Attribute | 4 x 64               | RAM32M x 11  | 
|fsrcnn_stream_layer__parameterized3__GC0 | gk.frontend/fifo/g_wide_read.g_read_slice[72].mem_slice_reg | User Attribute | 4 x 64               | RAM32M x 11  | 
|fsrcnn_stream_layer__parameterized3__GC0 | gk.frontend/fifo/g_wide_read.g_read_slice[73].mem_slice_reg | User Attribute | 4 x 64               | RAM32M x 11  | 
|fsrcnn_stream_layer__parameterized3__GC0 | gk.frontend/fifo/g_wide_read.g_read_slice[74].mem_slice_reg | User Attribute | 4 x 64               | RAM32M x 11  | 
|fsrcnn_stream_layer__parameterized3__GC0 | gk.frontend/fifo/g_wide_read.g_read_slice[75].mem_slice_reg | User Attribute | 4 x 64               | RAM32M x 11  | 
|fsrcnn_stream_layer__parameterized3__GC0 | gk.frontend/fifo/g_wide_read.g_read_slice[76].mem_slice_reg | User Attribute | 4 x 64               | RAM32M x 11  | 
|fsrcnn_stream_layer__parameterized3__GC0 | gk.frontend/fifo/g_wide_read.g_read_slice[77].mem_slice_reg | User Attribute | 4 x 64               | RAM32M x 11  | 
|fsrcnn_stream_layer__parameterized3__GC0 | gk.frontend/fifo/g_wide_read.g_read_slice[78].mem_slice_reg | User Attribute | 4 x 64               | RAM32M x 11  | 
|fsrcnn_stream_layer__parameterized3__GC0 | gk.frontend/fifo/g_wide_read.g_read_slice[79].mem_slice_reg | User Attribute | 4 x 64               | RAM32M x 11  | 
|fsrcnn_stream_layer__parameterized3__GC0 | gk.frontend/fifo/g_wide_read.g_read_slice[80].mem_slice_reg | User Attribute | 4 x 64               | RAM32M x 11  | 
|fsrcnn_stream_layer__parameterized3__GC0 | gk.frontend/fifo/g_wide_read.g_read_slice[81].mem_slice_reg | User Attribute | 4 x 64               | RAM32M x 11  | 
|fsrcnn_stream_layer__parameterized3__GC0 | gk.frontend/fifo/g_wide_read.g_read_slice[82].mem_slice_reg | User Attribute | 4 x 64               | RAM32M x 11  | 
|fsrcnn_stream_layer__parameterized3__GC0 | gk.frontend/fifo/g_wide_read.g_read_slice[83].mem_slice_reg | User Attribute | 4 x 64               | RAM32M x 11  | 
|fsrcnn_stream_layer__parameterized3__GC0 | gk.frontend/fifo/g_wide_read.g_read_slice[84].mem_slice_reg | User Attribute | 4 x 64               | RAM32M x 11  | 
|fsrcnn_stream_layer__parameterized3__GC0 | gk.frontend/fifo/g_wide_read.g_read_slice[85].mem_slice_reg | User Attribute | 4 x 64               | RAM32M x 11  | 
|fsrcnn_stream_layer__parameterized3__GC0 | gk.frontend/fifo/g_wide_read.g_read_slice[86].mem_slice_reg | User Attribute | 4 x 64               | RAM32M x 11  | 
|fsrcnn_stream_layer__parameterized3__GC0 | gk.frontend/fifo/g_wide_read.g_read_slice[87].mem_slice_reg | User Attribute | 4 x 64               | RAM32M x 11  | 
|fsrcnn_stream_layer__parameterized3__GC0 | gk.frontend/fifo/g_wide_read.g_read_slice[88].mem_slice_reg | User Attribute | 4 x 64               | RAM32M x 11  | 
|fsrcnn_stream_layer__parameterized3__GC0 | gk.frontend/fifo/g_wide_read.g_read_slice[89].mem_slice_reg | User Attribute | 4 x 64               | RAM32M x 11  | 
|fsrcnn_stream_layer__parameterized3__GC0 | gk.frontend/fifo/g_wide_read.g_read_slice[90].mem_slice_reg | User Attribute | 4 x 64               | RAM32M x 11  | 
|fsrcnn_stream_layer__parameterized3__GC0 | gk.frontend/fifo/g_wide_read.g_read_slice[91].mem_slice_reg | User Attribute | 4 x 64               | RAM32M x 11  | 
|fsrcnn_stream_layer__parameterized3__GC0 | gk.frontend/fifo/g_wide_read.g_read_slice[92].mem_slice_reg | User Attribute | 4 x 64               | RAM32M x 11  | 
|fsrcnn_stream_layer__parameterized3__GC0 | gk.frontend/fifo/g_wide_read.g_read_slice[93].mem_slice_reg | User Attribute | 4 x 64               | RAM32M x 11  | 
|fsrcnn_stream_layer__parameterized3__GC0 | gk.frontend/fifo/g_wide_read.g_read_slice[94].mem_slice_reg | User Attribute | 4 x 64               | RAM32M x 11  | 
|fsrcnn_stream_layer__parameterized3__GC0 | gk.frontend/fifo/g_wide_read.g_read_slice[95].mem_slice_reg | User Attribute | 4 x 64               | RAM32M x 11  | 
|fsrcnn_stream_layer__parameterized3__GC0 | gk.frontend/fifo/g_wide_read.g_read_slice[96].mem_slice_reg | User Attribute | 4 x 64               | RAM32M x 11  | 
|fsrcnn_stream_layer__parameterized3__GC0 | gk.frontend/fifo/g_wide_read.g_read_slice[97].mem_slice_reg | User Attribute | 4 x 64               | RAM32M x 11  | 
|fsrcnn_stream_layer__parameterized3__GC0 | gk.frontend/fifo/g_wide_read.g_read_slice[98].mem_slice_reg | User Attribute | 4 x 64               | RAM32M x 11  | 
|fsrcnn_stream_layer__parameterized3__GC0 | gk.frontend/fifo/g_wide_read.g_read_slice[99].mem_slice_reg | User Attribute | 4 x 64               | RAM32M x 11  | 
|c_synth_top                              | f12/g_narrow_read.mem_reg                                   | User Attribute | 32 x 256             | RAM32M x 43  | 
|c_synth_top                              | f23/g_narrow_read.mem_reg                                   | User Attribute | 32 x 128             | RAM32M x 22  | 
|c_synth_top                              | f34/g_narrow_read.mem_reg                                   | User Attribute | 32 x 128             | RAM32M x 22  | 
|c_synth_top                              | f45/g_narrow_read.mem_reg                                   | User Attribute | 32 x 256             | RAM32M x 43  | 
+-----------------------------------------+-------------------------------------------------------------+----------------+----------------------+--------------+

Note: The table above is a preliminary report that shows the Distributed RAMs at the current stage of the synthesis flow. Some Distributed RAMs may be reimplemented as non Distributed RAM primitives later in the synthesis flow. Multiple instantiated RAMs are reported only once.

DSP: Preliminary Mapping Report (see note below. The ' indicates corresponding REG is set)
+-------------------+--------------------+--------+--------+--------+--------+--------+------+------+------+------+-------+------+------+
|Module Name        | DSP Mapping        | A Size | B Size | C Size | D Size | P Size | AREG | BREG | CREG | DREG | ADREG | MREG | PREG | 
+-------------------+--------------------+--------+--------+--------+--------+--------+------+------+------+------+-------+------+------+
|phase_mac_pipeline | (A*B)'             | 16     | 8      | -      | -      | 24     | 0    | 0    | -    | -    | -     | 1    | 0    | 
|phase_mac_pipeline | (A*B)'             | 16     | 8      | -      | -      | 24     | 0    | 0    | -    | -    | -     | 1    | 0    | 
|phase_mac_pipeline | (A*B)'             | 16     | 8      | -      | -      | 24     | 0    | 0    | -    | -    | -     | 1    | 0    | 
|phase_mac_pipeline | (A*B)'             | 16     | 8      | -      | -      | 24     | 0    | 0    | -    | -    | -     | 1    | 0    | 
|phase_mac_pipeline | (A*B)'             | 16     | 8      | -      | -      | 24     | 0    | 0    | -    | -    | -     | 1    | 0    | 
|phase_mac_pipeline | (A*B)'             | 16     | 8      | -      | -      | 24     | 0    | 0    | -    | -    | -     | 1    | 0    | 
|phase_mac_pipeline | (A*B)'             | 16     | 8      | -      | -      | 24     | 0    | 0    | -    | -    | -     | 1    | 0    | 
|phase_mac_pipeline | (A*B)'             | 16     | 8      | -      | -      | 24     | 0    | 0    | -    | -    | -     | 1    | 0    | 
|phase_mac_pipeline | (A*B)'             | 16     | 8      | -      | -      | 24     | 0    | 0    | -    | -    | -     | 1    | 0    | 
|phase_mac_pipeline | (A*B)'             | 16     | 8      | -      | -      | 24     | 0    | 0    | -    | -    | -     | 1    | 0    | 
|phase_mac_pipeline | (A*B)'             | 16     | 8      | -      | -      | 24     | 0    | 0    | -    | -    | -     | 1    | 0    | 
|phase_mac_pipeline | (A*B)'             | 16     | 8      | -      | -      | 24     | 0    | 0    | -    | -    | -     | 1    | 0    | 
|phase_mac_pipeline | (A*B)'             | 16     | 8      | -      | -      | 24     | 0    | 0    | -    | -    | -     | 1    | 0    | 
|phase_mac_pipeline | (A*B)'             | 16     | 8      | -      | -      | 24     | 0    | 0    | -    | -    | -     | 1    | 0    | 
|phase_mac_pipeline | (A*B)'             | 16     | 8      | -      | -      | 24     | 0    | 0    | -    | -    | -     | 1    | 0    | 
|phase_mac_pipeline | (A*B)'             | 16     | 8      | -      | -      | 24     | 0    | 0    | -    | -    | -     | 1    | 0    | 
|phase_mac_pipeline | (A*B)'             | 16     | 8      | -      | -      | 24     | 0    | 0    | -    | -    | -     | 1    | 0    | 
|phase_mac_pipeline | (A*B)'             | 16     | 8      | -      | -      | 24     | 0    | 0    | -    | -    | -     | 1    | 0    | 
|phase_mac_pipeline | (A*B)'             | 16     | 8      | -      | -      | 24     | 0    | 0    | -    | -    | -     | 1    | 0    | 
|phase_mac_pipeline | (A*B)'             | 16     | 8      | -      | -      | 24     | 0    | 0    | -    | -    | -     | 1    | 0    | 
|phase_mac_pipeline | (A*B)'             | 16     | 8      | -      | -      | 24     | 0    | 0    | -    | -    | -     | 1    | 0    | 
|phase_mac_pipeline | (A*B)'             | 16     | 8      | -      | -      | 24     | 0    | 0    | -    | -    | -     | 1    | 0    | 
|phase_mac_pipeline | (A*B)'             | 16     | 8      | -      | -      | 24     | 0    | 0    | -    | -    | -     | 1    | 0    | 
|phase_mac_pipeline | (A*B)'             | 16     | 8      | -      | -      | 24     | 0    | 0    | -    | -    | -     | 1    | 0    | 
|phase_mac_pipeline | (A*B)'             | 16     | 8      | -      | -      | 24     | 0    | 0    | -    | -    | -     | 1    | 0    | 
|phase_mac_pipeline | (A*B)'             | 16     | 8      | -      | -      | 24     | 0    | 0    | -    | -    | -     | 1    | 0    | 
|phase_mac_pipeline | (A*B)'             | 16     | 8      | -      | -      | 24     | 0    | 0    | -    | -    | -     | 1    | 0    | 
|phase_mac_pipeline | (A*B)'             | 16     | 8      | -      | -      | 24     | 0    | 0    | -    | -    | -     | 1    | 0    | 
|phase_mac_pipeline | (A*B)'             | 16     | 8      | -      | -      | 24     | 0    | 0    | -    | -    | -     | 1    | 0    | 
|phase_mac_pipeline | (A*B)'             | 16     | 8      | -      | -      | 24     | 0    | 0    | -    | -    | -     | 1    | 0    | 
|phase_mac_pipeline | (A*B)'             | 16     | 8      | -      | -      | 24     | 0    | 0    | -    | -    | -     | 1    | 0    | 
|phase_mac_pipeline | (A*B)'             | 16     | 8      | -      | -      | 24     | 0    | 0    | -    | -    | -     | 1    | 0    | 
|phase_mac_pipeline | (A*B)'             | 16     | 8      | -      | -      | 24     | 0    | 0    | -    | -    | -     | 1    | 0    | 
|phase_mac_pipeline | (A*B)'             | 16     | 8      | -      | -      | 24     | 0    | 0    | -    | -    | -     | 1    | 0    | 
|phase_mac_pipeline | (A*B)'             | 16     | 8      | -      | -      | 24     | 0    | 0    | -    | -    | -     | 1    | 0    | 
|phase_mac_pipeline | (A*B)'             | 16     | 8      | -      | -      | 24     | 0    | 0    | -    | -    | -     | 1    | 0    | 
|phase_mac_pipeline | (A*B)'             | 16     | 8      | -      | -      | 24     | 0    | 0    | -    | -    | -     | 1    | 0    | 
|phase_mac_pipeline | (A*B)'             | 16     | 8      | -      | -      | 24     | 0    | 0    | -    | -    | -     | 1    | 0    | 
|phase_mac_pipeline | (A*B)'             | 16     | 8      | -      | -      | 24     | 0    | 0    | -    | -    | -     | 1    | 0    | 
|phase_mac_pipeline | (A*B)'             | 16     | 8      | -      | -      | 24     | 0    | 0    | -    | -    | -     | 1    | 0    | 
|phase_mac_pipeline | (A*B)'             | 16     | 8      | -      | -      | 24     | 0    | 0    | -    | -    | -     | 1    | 0    | 
|phase_mac_pipeline | (A*B)'             | 16     | 8      | -      | -      | 24     | 0    | 0    | -    | -    | -     | 1    | 0    | 
|phase_mac_pipeline | (A*B)'             | 16     | 8      | -      | -      | 24     | 0    | 0    | -    | -    | -     | 1    | 0    | 
|phase_mac_pipeline | (A*B)'             | 16     | 8      | -      | -      | 24     | 0    | 0    | -    | -    | -     | 1    | 0    | 
|phase_mac_pipeline | (A*B)'             | 16     | 8      | -      | -      | 24     | 0    | 0    | -    | -    | -     | 1    | 0    | 
|phase_mac_pipeline | (A*B)'             | 16     | 8      | -      | -      | 24     | 0    | 0    | -    | -    | -     | 1    | 0    | 
|phase_mac_pipeline | (A*B)'             | 16     | 8      | -      | -      | 24     | 0    | 0    | -    | -    | -     | 1    | 0    | 
|phase_mac_pipeline | (A*B)'             | 16     | 8      | -      | -      | 24     | 0    | 0    | -    | -    | -     | 1    | 0    | 
|phase_mac_pipeline | (A*B)'             | 16     | 8      | -      | -      | 24     | 0    | 0    | -    | -    | -     | 1    | 0    | 
|phase_mac_pipeline | (A*B)'             | 16     | 8      | -      | -      | 24     | 0    | 0    | -    | -    | -     | 1    | 0    | 
|phase_mac_pipeline | (A*B)'             | 16     | 8      | -      | -      | 24     | 0    | 0    | -    | -    | -     | 1    | 0    | 
|phase_mac_pipeline | (A*B)'             | 16     | 8      | -      | -      | 24     | 0    | 0    | -    | -    | -     | 1    | 0    | 
|phase_mac_pipeline | (A*B)'             | 16     | 8      | -      | -      | 24     | 0    | 0    | -    | -    | -     | 1    | 0    | 
|phase_mac_pipeline | (A*B)'             | 16     | 8      | -      | -      | 24     | 0    | 0    | -    | -    | -     | 1    | 0    | 
|phase_mac_pipeline | (A*B)'             | 16     | 8      | -      | -      | 24     | 0    | 0    | -    | -    | -     | 1    | 0    | 
|phase_mac_pipeline | (A*B)'             | 16     | 8      | -      | -      | 24     | 0    | 0    | -    | -    | -     | 1    | 0    | 
|phase_mac_pipeline | (A*B)'             | 16     | 8      | -      | -      | 24     | 0    | 0    | -    | -    | -     | 1    | 0    | 
|phase_mac_pipeline | (A*B)'             | 16     | 8      | -      | -      | 24     | 0    | 0    | -    | -    | -     | 1    | 0    | 
|phase_mac_pipeline | (A*B)'             | 16     | 8      | -      | -      | 24     | 0    | 0    | -    | -    | -     | 1    | 0    | 
|phase_mac_pipeline | (A*B)'             | 16     | 8      | -      | -      | 24     | 0    | 0    | -    | -    | -     | 1    | 0    | 
|phase_mac_pipeline | (A*B)'             | 16     | 8      | -      | -      | 24     | 0    | 0    | -    | -    | -     | 1    | 0    | 
|phase_mac_pipeline | (A*B)'             | 16     | 8      | -      | -      | 24     | 0    | 0    | -    | -    | -     | 1    | 0    | 
|phase_mac_pipeline | (A*B)'             | 16     | 8      | -      | -      | 24     | 0    | 0    | -    | -    | -     | 1    | 0    | 
|phase_mac_pipeline | (A*B)'             | 16     | 8      | -      | -      | 24     | 0    | 0    | -    | -    | -     | 1    | 0    | 
|phase_mac_pipeline | (A*B)'             | 16     | 8      | -      | -      | 24     | 0    | 0    | -    | -    | -     | 1    | 0    | 
|phase_mac_pipeline | (A*B)'             | 16     | 8      | -      | -      | 24     | 0    | 0    | -    | -    | -     | 1    | 0    | 
|phase_mac_pipeline | (A*B)'             | 16     | 8      | -      | -      | 24     | 0    | 0    | -    | -    | -     | 1    | 0    | 
|phase_mac_pipeline | (A*B)'             | 16     | 8      | -      | -      | 24     | 0    | 0    | -    | -    | -     | 1    | 0    | 
|phase_mac_pipeline | (A*B)'             | 16     | 8      | -      | -      | 24     | 0    | 0    | -    | -    | -     | 1    | 0    | 
|phase_mac_pipeline | (A*B)'             | 16     | 8      | -      | -      | 24     | 0    | 0    | -    | -    | -     | 1    | 0    | 
|phase_mac_pipeline | (A*B)'             | 16     | 8      | -      | -      | 24     | 0    | 0    | -    | -    | -     | 1    | 0    | 
|phase_mac_pipeline | (A*B)'             | 16     | 8      | -      | -      | 24     | 0    | 0    | -    | -    | -     | 1    | 0    | 
|phase_mac_pipeline | (A*B)'             | 16     | 8      | -      | -      | 24     | 0    | 0    | -    | -    | -     | 1    | 0    | 
|phase_mac_pipeline | (A*B)'             | 16     | 8      | -      | -      | 24     | 0    | 0    | -    | -    | -     | 1    | 0    | 
|phase_mac_pipeline | (A*B)'             | 16     | 8      | -      | -      | 24     | 0    | 0    | -    | -    | -     | 1    | 0    | 
|phase_mac_pipeline | (A*B)'             | 16     | 8      | -      | -      | 24     | 0    | 0    | -    | -    | -     | 1    | 0    | 
|phase_mac_pipeline | (A*B)'             | 16     | 8      | -      | -      | 24     | 0    | 0    | -    | -    | -     | 1    | 0    | 
|phase_mac_pipeline | (A*B)'             | 16     | 8      | -      | -      | 24     | 0    | 0    | -    | -    | -     | 1    | 0    | 
|phase_mac_pipeline | (A*B)'             | 16     | 8      | -      | -      | 24     | 0    | 0    | -    | -    | -     | 1    | 0    | 
|phase_mac_pipeline | (A*B)'             | 16     | 8      | -      | -      | 24     | 0    | 0    | -    | -    | -     | 1    | 0    | 
|prelu_requantize   | A*B                | 18     | 16     | -      | -      | 48     | 0    | 0    | -    | -    | -     | 0    | 0    | 
|prelu_requantize   | (PCIN>>17)+A*B     | 16     | 15     | -      | -      | 48     | 0    | 0    | -    | -    | -     | 0    | 1    | 
|prelu_requantize   | A''*B2             | 18     | 15     | -      | -      | 48     | 2    | 1    | -    | -    | -     | 0    | 0    | 
|prelu_requantize   | (PCIN>>17)+A2*B''  | 15     | 15     | -      | -      | 48     | 1    | 2    | -    | -    | -     | 0    | 1    | 
|prelu_requantize   | A2*B''             | 18     | 18     | -      | -      | 48     | 1    | 2    | -    | -    | -     | 0    | 0    | 
|prelu_requantize   | (PCIN>>17)+A2*B''  | 18     | 15     | -      | -      | 48     | 1    | 2    | -    | -    | -     | 0    | 1    | 
|prelu_requantize   | A*B                | 18     | 16     | -      | -      | 48     | 0    | 0    | -    | -    | -     | 0    | 0    | 
|prelu_requantize   | (PCIN>>17)+A*B     | 16     | 15     | -      | -      | 48     | 0    | 0    | -    | -    | -     | 0    | 1    | 
|prelu_requantize   | A''*B2             | 18     | 15     | -      | -      | 48     | 2    | 1    | -    | -    | -     | 0    | 0    | 
|prelu_requantize   | (PCIN>>17)+A2*B''  | 15     | 15     | -      | -      | 48     | 1    | 2    | -    | -    | -     | 0    | 1    | 
|prelu_requantize   | A2*B''             | 18     | 18     | -      | -      | 48     | 1    | 2    | -    | -    | -     | 0    | 0    | 
|prelu_requantize   | (PCIN>>17)+A2*B''  | 18     | 15     | -      | -      | 48     | 1    | 2    | -    | -    | -     | 0    | 1    | 
|phase_mac_pipeline | (A*B)'             | 9      | 8      | -      | -      | 17     | 0    | 0    | -    | -    | -     | 1    | 1    | 
|phase_mac_pipeline | (A*B)'             | 9      | 8      | -      | -      | 17     | 0    | 0    | -    | -    | -     | 1    | 0    | 
|phase_mac_pipeline | (A*B)'             | 9      | 8      | -      | -      | 17     | 0    | 0    | -    | -    | -     | 1    | 0    | 
|phase_mac_pipeline | (A*B)'             | 9      | 8      | -      | -      | 17     | 0    | 0    | -    | -    | -     | 1    | 0    | 
|phase_mac_pipeline | (A*B)'             | 9      | 8      | -      | -      | 17     | 0    | 0    | -    | -    | -     | 1    | 0    | 
|phase_mac_pipeline | (A*B)'             | 9      | 8      | -      | -      | 17     | 0    | 0    | -    | -    | -     | 1    | 0    | 
|phase_mac_pipeline | (A*B)'             | 9      | 8      | -      | -      | 17     | 0    | 0    | -    | -    | -     | 1    | 0    | 
|phase_mac_pipeline | (A*B)'             | 9      | 8      | -      | -      | 17     | 0    | 0    | -    | -    | -     | 1    | 0    | 
|phase_mac_pipeline | (A*B)'             | 9      | 8      | -      | -      | 17     | 0    | 0    | -    | -    | -     | 1    | 0    | 
|phase_mac_pipeline | (A*B)'             | 9      | 8      | -      | -      | 17     | 0    | 0    | -    | -    | -     | 1    | 0    | 
|phase_mac_pipeline | (A*B)'             | 9      | 8      | -      | -      | 17     | 0    | 0    | -    | -    | -     | 1    | 0    | 
|phase_mac_pipeline | (A*B)'             | 9      | 8      | -      | -      | 17     | 0    | 0    | -    | -    | -     | 1    | 0    | 
|phase_mac_pipeline | (A*B)'             | 9      | 8      | -      | -      | 17     | 0    | 0    | -    | -    | -     | 1    | 0    | 
|phase_mac_pipeline | (A*B)'             | 9      | 8      | -      | -      | 17     | 0    | 0    | -    | -    | -     | 1    | 0    | 
|phase_mac_pipeline | (A*B)'             | 9      | 8      | -      | -      | 17     | 0    | 0    | -    | -    | -     | 1    | 0    | 
|phase_mac_pipeline | (A*B)'             | 9      | 8      | -      | -      | 17     | 0    | 0    | -    | -    | -     | 1    | 0    | 
|phase_mac_pipeline | (A*B)'             | 9      | 8      | -      | -      | 17     | 0    | 0    | -    | -    | -     | 1    | 0    | 
|phase_mac_pipeline | (A*B)'             | 9      | 8      | -      | -      | 17     | 0    | 0    | -    | -    | -     | 1    | 0    | 
|phase_mac_pipeline | (A*B)'             | 9      | 8      | -      | -      | 17     | 0    | 0    | -    | -    | -     | 1    | 0    | 
|phase_mac_pipeline | (A*B)'             | 9      | 8      | -      | -      | 17     | 0    | 0    | -    | -    | -     | 1    | 0    | 
|phase_mac_pipeline | (A*B)'             | 9      | 8      | -      | -      | 17     | 0    | 0    | -    | -    | -     | 1    | 0    | 
|phase_mac_pipeline | (A*B)'             | 9      | 8      | -      | -      | 17     | 0    | 0    | -    | -    | -     | 1    | 0    | 
|phase_mac_pipeline | (A*B)'             | 9      | 8      | -      | -      | 17     | 0    | 0    | -    | -    | -     | 1    | 0    | 
|phase_mac_pipeline | (A*B)'             | 9      | 8      | -      | -      | 17     | 0    | 0    | -    | -    | -     | 1    | 0    | 
|phase_mac_pipeline | (A*B)'             | 9      | 8      | -      | -      | 17     | 0    | 0    | -    | -    | -     | 1    | 0    | 
|phase_mac_pipeline | (A*B)'             | 9      | 8      | -      | -      | 17     | 0    | 0    | -    | -    | -     | 1    | 1    | 
|phase_mac_pipeline | (A*B)'             | 9      | 8      | -      | -      | 17     | 0    | 0    | -    | -    | -     | 1    | 0    | 
|phase_mac_pipeline | (A*B)'             | 9      | 8      | -      | -      | 17     | 0    | 0    | -    | -    | -     | 1    | 0    | 
|phase_mac_pipeline | (A*B)'             | 9      | 8      | -      | -      | 17     | 0    | 0    | -    | -    | -     | 1    | 0    | 
|phase_mac_pipeline | (A*B)'             | 9      | 8      | -      | -      | 17     | 0    | 0    | -    | -    | -     | 1    | 0    | 
|phase_mac_pipeline | (A*B)'             | 9      | 8      | -      | -      | 17     | 0    | 0    | -    | -    | -     | 1    | 0    | 
|phase_mac_pipeline | (A*B)'             | 9      | 8      | -      | -      | 17     | 0    | 0    | -    | -    | -     | 1    | 0    | 
|phase_mac_pipeline | (A*B)'             | 9      | 8      | -      | -      | 17     | 0    | 0    | -    | -    | -     | 1    | 0    | 
|phase_mac_pipeline | (A*B)'             | 9      | 8      | -      | -      | 17     | 0    | 0    | -    | -    | -     | 1    | 0    | 
|phase_mac_pipeline | (A*B)'             | 9      | 8      | -      | -      | 17     | 0    | 0    | -    | -    | -     | 1    | 0    | 
|phase_mac_pipeline | (A*B)'             | 9      | 8      | -      | -      | 17     | 0    | 0    | -    | -    | -     | 1    | 0    | 
|phase_mac_pipeline | (A*B)'             | 9      | 8      | -      | -      | 17     | 0    | 0    | -    | -    | -     | 1    | 0    | 
|phase_mac_pipeline | (A*B)'             | 9      | 8      | -      | -      | 17     | 0    | 0    | -    | -    | -     | 1    | 0    | 
|phase_mac_pipeline | (A*B)'             | 9      | 8      | -      | -      | 17     | 0    | 0    | -    | -    | -     | 1    | 0    | 
|phase_mac_pipeline | (A*B)'             | 9      | 8      | -      | -      | 17     | 0    | 0    | -    | -    | -     | 1    | 0    | 
|phase_mac_pipeline | (A*B)'             | 9      | 8      | -      | -      | 17     | 0    | 0    | -    | -    | -     | 1    | 0    | 
|phase_mac_pipeline | (A*B)'             | 9      | 8      | -      | -      | 17     | 0    | 0    | -    | -    | -     | 1    | 0    | 
|phase_mac_pipeline | (A*B)'             | 9      | 8      | -      | -      | 17     | 0    | 0    | -    | -    | -     | 1    | 0    | 
|phase_mac_pipeline | (A*B)'             | 9      | 8      | -      | -      | 17     | 0    | 0    | -    | -    | -     | 1    | 0    | 
|phase_mac_pipeline | (A*B)'             | 9      | 8      | -      | -      | 17     | 0    | 0    | -    | -    | -     | 1    | 0    | 
|phase_mac_pipeline | (A*B)'             | 9      | 8      | -      | -      | 17     | 0    | 0    | -    | -    | -     | 1    | 0    | 
|phase_mac_pipeline | (A*B)'             | 9      | 8      | -      | -      | 17     | 0    | 0    | -    | -    | -     | 1    | 0    | 
|phase_mac_pipeline | (A*B)'             | 9      | 8      | -      | -      | 17     | 0    | 0    | -    | -    | -     | 1    | 0    | 
|phase_mac_pipeline | (A*B)'             | 9      | 8      | -      | -      | 17     | 0    | 0    | -    | -    | -     | 1    | 0    | 
|phase_mac_pipeline | (A*B)'             | 9      | 8      | -      | -      | 17     | 0    | 0    | -    | -    | -     | 1    | 0    | 
|prelu_requantize   | A*B                | 18     | 16     | -      | -      | 48     | 0    | 0    | -    | -    | -     | 0    | 0    | 
|prelu_requantize   | (PCIN>>17)+A*B     | 16     | 15     | -      | -      | 48     | 0    | 0    | -    | -    | -     | 0    | 1    | 
|prelu_requantize   | A''*B2             | 18     | 15     | -      | -      | 48     | 2    | 1    | -    | -    | -     | 0    | 0    | 
|prelu_requantize   | (PCIN>>17)+A2*B''  | 15     | 15     | -      | -      | 48     | 1    | 2    | -    | -    | -     | 0    | 1    | 
|prelu_requantize   | A2*B''             | 18     | 18     | -      | -      | 48     | 1    | 2    | -    | -    | -     | 0    | 0    | 
|prelu_requantize   | (PCIN>>17)+A2*B''  | 18     | 15     | -      | -      | 48     | 1    | 2    | -    | -    | -     | 0    | 1    | 
|phase_mac_pipeline | (A*B)'             | 16     | 8      | -      | -      | 24     | 0    | 0    | -    | -    | -     | 1    | 1    | 
|phase_mac_pipeline | (A*B)'             | 16     | 8      | -      | -      | 24     | 0    | 0    | -    | -    | -     | 1    | 0    | 
|phase_mac_pipeline | (A*B)'             | 16     | 8      | -      | -      | 24     | 0    | 0    | -    | -    | -     | 1    | 0    | 
|phase_mac_pipeline | (A*B)'             | 16     | 8      | -      | -      | 24     | 0    | 0    | -    | -    | -     | 1    | 0    | 
|phase_mac_pipeline | (A*B)'             | 16     | 8      | -      | -      | 24     | 0    | 0    | -    | -    | -     | 1    | 0    | 
|phase_mac_pipeline | (A*B)'             | 16     | 8      | -      | -      | 24     | 0    | 0    | -    | -    | -     | 1    | 0    | 
|phase_mac_pipeline | (A*B)'             | 16     | 8      | -      | -      | 24     | 0    | 0    | -    | -    | -     | 1    | 0    | 
|phase_mac_pipeline | (A*B)'             | 16     | 8      | -      | -      | 24     | 0    | 0    | -    | -    | -     | 1    | 0    | 
|phase_mac_pipeline | (A*B)'             | 16     | 8      | -      | -      | 24     | 0    | 0    | -    | -    | -     | 1    | 0    | 
|phase_mac_pipeline | (A*B)'             | 16     | 8      | -      | -      | 24     | 0    | 0    | -    | -    | -     | 1    | 1    | 
|phase_mac_pipeline | (A*B)'             | 16     | 8      | -      | -      | 24     | 0    | 0    | -    | -    | -     | 1    | 0    | 
|phase_mac_pipeline | (A*B)'             | 16     | 8      | -      | -      | 24     | 0    | 0    | -    | -    | -     | 1    | 0    | 
|phase_mac_pipeline | (A*B)'             | 16     | 8      | -      | -      | 24     | 0    | 0    | -    | -    | -     | 1    | 0    | 
|phase_mac_pipeline | (A*B)'             | 16     | 8      | -      | -      | 24     | 0    | 0    | -    | -    | -     | 1    | 0    | 
|phase_mac_pipeline | (A*B)'             | 16     | 8      | -      | -      | 24     | 0    | 0    | -    | -    | -     | 1    | 0    | 
|phase_mac_pipeline | (A*B)'             | 16     | 8      | -      | -      | 24     | 0    | 0    | -    | -    | -     | 1    | 0    | 
|phase_mac_pipeline | (A*B)'             | 16     | 8      | -      | -      | 24     | 0    | 0    | -    | -    | -     | 1    | 0    | 
|phase_mac_pipeline | (A*B)'             | 16     | 8      | -      | -      | 24     | 0    | 0    | -    | -    | -     | 1    | 0    | 
|phase_mac_pipeline | (A*B)'             | 16     | 8      | -      | -      | 24     | 0    | 0    | -    | -    | -     | 1    | 1    | 
|phase_mac_pipeline | (A*B)'             | 16     | 8      | -      | -      | 24     | 0    | 0    | -    | -    | -     | 1    | 0    | 
|phase_mac_pipeline | (A*B)'             | 16     | 8      | -      | -      | 24     | 0    | 0    | -    | -    | -     | 1    | 0    | 
|phase_mac_pipeline | (A*B)'             | 16     | 8      | -      | -      | 24     | 0    | 0    | -    | -    | -     | 1    | 0    | 
|phase_mac_pipeline | (A*B)'             | 16     | 8      | -      | -      | 24     | 0    | 0    | -    | -    | -     | 1    | 0    | 
|phase_mac_pipeline | (A*B)'             | 16     | 8      | -      | -      | 24     | 0    | 0    | -    | -    | -     | 1    | 0    | 
|phase_mac_pipeline | (A*B)'             | 16     | 8      | -      | -      | 24     | 0    | 0    | -    | -    | -     | 1    | 0    | 
|phase_mac_pipeline | (A*B)'             | 16     | 8      | -      | -      | 24     | 0    | 0    | -    | -    | -     | 1    | 0    | 
|phase_mac_pipeline | (A*B)'             | 16     | 8      | -      | -      | 24     | 0    | 0    | -    | -    | -     | 1    | 0    | 
|phase_mac_pipeline | (A*B)'             | 16     | 8      | -      | -      | 24     | 0    | 0    | -    | -    | -     | 1    | 1    | 
|phase_mac_pipeline | (A*B)'             | 16     | 8      | -      | -      | 24     | 0    | 0    | -    | -    | -     | 1    | 0    | 
|phase_mac_pipeline | (A*B)'             | 16     | 8      | -      | -      | 24     | 0    | 0    | -    | -    | -     | 1    | 0    | 
|phase_mac_pipeline | (A*B)'             | 16     | 8      | -      | -      | 24     | 0    | 0    | -    | -    | -     | 1    | 0    | 
|phase_mac_pipeline | (A*B)'             | 16     | 8      | -      | -      | 24     | 0    | 0    | -    | -    | -     | 1    | 0    | 
|phase_mac_pipeline | (A*B)'             | 16     | 8      | -      | -      | 24     | 0    | 0    | -    | -    | -     | 1    | 0    | 
|phase_mac_pipeline | (A*B)'             | 16     | 8      | -      | -      | 24     | 0    | 0    | -    | -    | -     | 1    | 0    | 
|phase_mac_pipeline | (A*B)'             | 16     | 8      | -      | -      | 24     | 0    | 0    | -    | -    | -     | 1    | 0    | 
|phase_mac_pipeline | (A*B)'             | 16     | 8      | -      | -      | 24     | 0    | 0    | -    | -    | -     | 1    | 0    | 
|phase_mac_pipeline | (A*B)'             | 16     | 8      | -      | -      | 24     | 0    | 0    | -    | -    | -     | 1    | 1    | 
|phase_mac_pipeline | (A*B)'             | 16     | 8      | -      | -      | 24     | 0    | 0    | -    | -    | -     | 1    | 0    | 
|phase_mac_pipeline | (A*B)'             | 16     | 8      | -      | -      | 24     | 0    | 0    | -    | -    | -     | 1    | 0    | 
|phase_mac_pipeline | (A*B)'             | 16     | 8      | -      | -      | 24     | 0    | 0    | -    | -    | -     | 1    | 0    | 
|phase_mac_pipeline | (A*B)'             | 16     | 8      | -      | -      | 24     | 0    | 0    | -    | -    | -     | 1    | 0    | 
|phase_mac_pipeline | (A*B)'             | 16     | 8      | -      | -      | 24     | 0    | 0    | -    | -    | -     | 1    | 0    | 
|phase_mac_pipeline | (A*B)'             | 16     | 8      | -      | -      | 24     | 0    | 0    | -    | -    | -     | 1    | 0    | 
|phase_mac_pipeline | (A*B)'             | 16     | 8      | -      | -      | 24     | 0    | 0    | -    | -    | -     | 1    | 0    | 
|phase_mac_pipeline | (A*B)'             | 16     | 8      | -      | -      | 24     | 0    | 0    | -    | -    | -     | 1    | 0    | 
|phase_mac_pipeline | (A*B)'             | 16     | 8      | -      | -      | 24     | 0    | 0    | -    | -    | -     | 1    | 1    | 
|phase_mac_pipeline | (A*B)'             | 16     | 8      | -      | -      | 24     | 0    | 0    | -    | -    | -     | 1    | 0    | 
|phase_mac_pipeline | (A*B)'             | 16     | 8      | -      | -      | 24     | 0    | 0    | -    | -    | -     | 1    | 0    | 
|phase_mac_pipeline | (A*B)'             | 16     | 8      | -      | -      | 24     | 0    | 0    | -    | -    | -     | 1    | 0    | 
|phase_mac_pipeline | (A*B)'             | 16     | 8      | -      | -      | 24     | 0    | 0    | -    | -    | -     | 1    | 0    | 
|phase_mac_pipeline | (A*B)'             | 16     | 8      | -      | -      | 24     | 0    | 0    | -    | -    | -     | 1    | 0    | 
|phase_mac_pipeline | (A*B)'             | 16     | 8      | -      | -      | 24     | 0    | 0    | -    | -    | -     | 1    | 0    | 
|phase_mac_pipeline | (A*B)'             | 16     | 8      | -      | -      | 24     | 0    | 0    | -    | -    | -     | 1    | 0    | 
|phase_mac_pipeline | (A*B)'             | 16     | 8      | -      | -      | 24     | 0    | 0    | -    | -    | -     | 1    | 0    | 
|phase_mac_pipeline | (A*B)'             | 16     | 8      | -      | -      | 24     | 0    | 0    | -    | -    | -     | 1    | 1    | 
|phase_mac_pipeline | (A*B)'             | 16     | 8      | -      | -      | 24     | 0    | 0    | -    | -    | -     | 1    | 0    | 
|phase_mac_pipeline | (A*B)'             | 16     | 8      | -      | -      | 24     | 0    | 0    | -    | -    | -     | 1    | 0    | 
|phase_mac_pipeline | (A*B)'             | 16     | 8      | -      | -      | 24     | 0    | 0    | -    | -    | -     | 1    | 0    | 
|phase_mac_pipeline | (A*B)'             | 16     | 8      | -      | -      | 24     | 0    | 0    | -    | -    | -     | 1    | 0    | 
|phase_mac_pipeline | (A*B)'             | 16     | 8      | -      | -      | 24     | 0    | 0    | -    | -    | -     | 1    | 0    | 
|phase_mac_pipeline | (A*B)'             | 16     | 8      | -      | -      | 24     | 0    | 0    | -    | -    | -     | 1    | 0    | 
|phase_mac_pipeline | (A*B)'             | 16     | 8      | -      | -      | 24     | 0    | 0    | -    | -    | -     | 1    | 0    | 
|phase_mac_pipeline | (A*B)'             | 16     | 8      | -      | -      | 24     | 0    | 0    | -    | -    | -     | 1    | 0    | 
|phase_mac_pipeline | (A*B)'             | 16     | 8      | -      | -      | 24     | 0    | 0    | -    | -    | -     | 1    | 1    | 
|phase_mac_pipeline | (A*B)'             | 16     | 8      | -      | -      | 24     | 0    | 0    | -    | -    | -     | 1    | 0    | 
|phase_mac_pipeline | (A*B)'             | 16     | 8      | -      | -      | 24     | 0    | 0    | -    | -    | -     | 1    | 0    | 
|phase_mac_pipeline | (A*B)'             | 16     | 8      | -      | -      | 24     | 0    | 0    | -    | -    | -     | 1    | 0    | 
|phase_mac_pipeline | (A*B)'             | 16     | 8      | -      | -      | 24     | 0    | 0    | -    | -    | -     | 1    | 0    | 
|phase_mac_pipeline | (A*B)'             | 16     | 8      | -      | -      | 24     | 0    | 0    | -    | -    | -     | 1    | 0    | 
|phase_mac_pipeline | (A*B)'             | 16     | 8      | -      | -      | 24     | 0    | 0    | -    | -    | -     | 1    | 0    | 
|phase_mac_pipeline | (A*B)'             | 16     | 8      | -      | -      | 24     | 0    | 0    | -    | -    | -     | 1    | 0    | 
|phase_mac_pipeline | (A*B)'             | 16     | 8      | -      | -      | 24     | 0    | 0    | -    | -    | -     | 1    | 0    | 
|phase_mac_pipeline | (A*B)'             | 16     | 8      | -      | -      | 24     | 0    | 0    | -    | -    | -     | 1    | 0    | 
|phase_mac_pipeline | (A*B)'             | 16     | 8      | -      | -      | 24     | 0    | 0    | -    | -    | -     | 1    | 0    | 
|phase_mac_pipeline | (A*B)'             | 16     | 8      | -      | -      | 24     | 0    | 0    | -    | -    | -     | 1    | 0    | 
|phase_mac_pipeline | (A*B)'             | 16     | 8      | -      | -      | 24     | 0    | 0    | -    | -    | -     | 1    | 0    | 
|phase_mac_pipeline | (A*B)'             | 16     | 8      | -      | -      | 24     | 0    | 0    | -    | -    | -     | 1    | 0    | 
|phase_mac_pipeline | (A*B)'             | 16     | 8      | -      | -      | 24     | 0    | 0    | -    | -    | -     | 1    | 0    | 
|phase_mac_pipeline | (A*B)'             | 16     | 8      | -      | -      | 24     | 0    | 0    | -    | -    | -     | 1    | 0    | 
|phase_mac_pipeline | (A*B)'             | 16     | 8      | -      | -      | 24     | 0    | 0    | -    | -    | -     | 1    | 0    | 
|phase_mac_pipeline | (A*B)'             | 16     | 8      | -      | -      | 24     | 0    | 0    | -    | -    | -     | 1    | 0    | 
|phase_mac_pipeline | (A*B)'             | 16     | 8      | -      | -      | 24     | 0    | 0    | -    | -    | -     | 1    | 0    | 
|phase_mac_pipeline | (A*B)'             | 16     | 8      | -      | -      | 24     | 0    | 0    | -    | -    | -     | 1    | 0    | 
|phase_mac_pipeline | (A*B)'             | 16     | 8      | -      | -      | 24     | 0    | 0    | -    | -    | -     | 1    | 0    | 
|phase_mac_pipeline | (A*B)'             | 16     | 8      | -      | -      | 24     | 0    | 0    | -    | -    | -     | 1    | 0    | 
|phase_mac_pipeline | (A*B)'             | 16     | 8      | -      | -      | 24     | 0    | 0    | -    | -    | -     | 1    | 0    | 
|phase_mac_pipeline | (A*B)'             | 16     | 8      | -      | -      | 24     | 0    | 0    | -    | -    | -     | 1    | 0    | 
|phase_mac_pipeline | (A*B)'             | 16     | 8      | -      | -      | 24     | 0    | 0    | -    | -    | -     | 1    | 0    | 
|phase_mac_pipeline | (A*B)'             | 16     | 8      | -      | -      | 24     | 0    | 0    | -    | -    | -     | 1    | 0    | 
|phase_mac_pipeline | (A*B)'             | 16     | 8      | -      | -      | 24     | 0    | 0    | -    | -    | -     | 1    | 0    | 
|phase_mac_pipeline | (A*B)'             | 16     | 8      | -      | -      | 24     | 0    | 0    | -    | -    | -     | 1    | 0    | 
|phase_mac_pipeline | (A*B)'             | 16     | 8      | -      | -      | 24     | 0    | 0    | -    | -    | -     | 1    | 0    | 
|phase_mac_pipeline | (A*B)'             | 16     | 8      | -      | -      | 24     | 0    | 0    | -    | -    | -     | 1    | 0    | 
|phase_mac_pipeline | (A*B)'             | 16     | 8      | -      | -      | 24     | 0    | 0    | -    | -    | -     | 1    | 0    | 
|phase_mac_pipeline | (A*B)'             | 16     | 8      | -      | -      | 24     | 0    | 0    | -    | -    | -     | 1    | 0    | 
|phase_mac_pipeline | (A*B)'             | 16     | 8      | -      | -      | 24     | 0    | 0    | -    | -    | -     | 1    | 0    | 
|phase_mac_pipeline | (A*B)'             | 16     | 8      | -      | -      | 24     | 0    | 0    | -    | -    | -     | 1    | 0    | 
|phase_mac_pipeline | (A*B)'             | 16     | 8      | -      | -      | 24     | 0    | 0    | -    | -    | -     | 1    | 0    | 
|phase_mac_pipeline | (A*B)'             | 16     | 8      | -      | -      | 24     | 0    | 0    | -    | -    | -     | 1    | 0    | 
|phase_mac_pipeline | (A*B)'             | 16     | 8      | -      | -      | 24     | 0    | 0    | -    | -    | -     | 1    | 0    | 
|phase_mac_pipeline | (A*B)'             | 16     | 8      | -      | -      | 24     | 0    | 0    | -    | -    | -     | 1    | 0    | 
|phase_mac_pipeline | (A*B)'             | 16     | 8      | -      | -      | 24     | 0    | 0    | -    | -    | -     | 1    | 0    | 
|phase_mac_pipeline | (A*B)'             | 16     | 8      | -      | -      | 24     | 0    | 0    | -    | -    | -     | 1    | 0    | 
|phase_mac_pipeline | (A*B)'             | 16     | 8      | -      | -      | 24     | 0    | 0    | -    | -    | -     | 1    | 0    | 
|phase_mac_pipeline | (A*B)'             | 16     | 8      | -      | -      | 24     | 0    | 0    | -    | -    | -     | 1    | 0    | 
|phase_mac_pipeline | (A*B)'             | 16     | 8      | -      | -      | 24     | 0    | 0    | -    | -    | -     | 1    | 0    | 
|phase_mac_pipeline | (A*B)'             | 16     | 8      | -      | -      | 24     | 0    | 0    | -    | -    | -     | 1    | 0    | 
|phase_mac_pipeline | (A*B)'             | 16     | 8      | -      | -      | 24     | 0    | 0    | -    | -    | -     | 1    | 0    | 
|phase_mac_pipeline | (A*B)'             | 16     | 8      | -      | -      | 24     | 0    | 0    | -    | -    | -     | 1    | 0    | 
|phase_mac_pipeline | (A*B)'             | 16     | 8      | -      | -      | 24     | 0    | 0    | -    | -    | -     | 1    | 0    | 
|phase_mac_pipeline | (A*B)'             | 16     | 8      | -      | -      | 24     | 0    | 0    | -    | -    | -     | 1    | 0    | 
|phase_mac_pipeline | (A*B)'             | 16     | 8      | -      | -      | 24     | 0    | 0    | -    | -    | -     | 1    | 0    | 
|phase_mac_pipeline | (A*B)'             | 16     | 8      | -      | -      | 24     | 0    | 0    | -    | -    | -     | 1    | 0    | 
|phase_mac_pipeline | (A*B)'             | 16     | 8      | -      | -      | 24     | 0    | 0    | -    | -    | -     | 1    | 0    | 
|phase_mac_pipeline | (A*B)'             | 16     | 8      | -      | -      | 24     | 0    | 0    | -    | -    | -     | 1    | 0    | 
|phase_mac_pipeline | (A*B)'             | 16     | 8      | -      | -      | 24     | 0    | 0    | -    | -    | -     | 1    | 0    | 
|phase_mac_pipeline | (A*B)'             | 16     | 8      | -      | -      | 24     | 0    | 0    | -    | -    | -     | 1    | 0    | 
|phase_mac_pipeline | (A*B)'             | 16     | 8      | -      | -      | 24     | 0    | 0    | -    | -    | -     | 1    | 0    | 
|phase_mac_pipeline | (A*B)'             | 16     | 8      | -      | -      | 24     | 0    | 0    | -    | -    | -     | 1    | 0    | 
|phase_mac_pipeline | (A*B)'             | 16     | 8      | -      | -      | 24     | 0    | 0    | -    | -    | -     | 1    | 0    | 
|phase_mac_pipeline | (A*B)'             | 16     | 8      | -      | -      | 24     | 0    | 0    | -    | -    | -     | 1    | 0    | 
|phase_mac_pipeline | (A*B)'             | 16     | 8      | -      | -      | 24     | 0    | 0    | -    | -    | -     | 1    | 0    | 
|phase_mac_pipeline | (A*B)'             | 16     | 8      | -      | -      | 24     | 0    | 0    | -    | -    | -     | 1    | 0    | 
|phase_mac_pipeline | (A*B)'             | 16     | 8      | -      | -      | 24     | 0    | 0    | -    | -    | -     | 1    | 0    | 
|phase_mac_pipeline | (A*B)'             | 16     | 8      | -      | -      | 24     | 0    | 0    | -    | -    | -     | 1    | 0    | 
|phase_mac_pipeline | (A*B)'             | 16     | 8      | -      | -      | 24     | 0    | 0    | -    | -    | -     | 1    | 0    | 
|phase_mac_pipeline | (A*B)'             | 16     | 8      | -      | -      | 24     | 0    | 0    | -    | -    | -     | 1    | 0    | 
|phase_mac_pipeline | (A*B)'             | 16     | 8      | -      | -      | 24     | 0    | 0    | -    | -    | -     | 1    | 0    | 
|phase_mac_pipeline | (A*B)'             | 16     | 8      | -      | -      | 24     | 0    | 0    | -    | -    | -     | 1    | 0    | 
|phase_mac_pipeline | (A*B)'             | 16     | 8      | -      | -      | 24     | 0    | 0    | -    | -    | -     | 1    | 0    | 
|phase_mac_pipeline | (A*B)'             | 16     | 8      | -      | -      | 24     | 0    | 0    | -    | -    | -     | 1    | 0    | 
|phase_mac_pipeline | (A*B)'             | 16     | 8      | -      | -      | 24     | 0    | 0    | -    | -    | -     | 1    | 0    | 
|phase_mac_pipeline | (A*B)'             | 16     | 8      | -      | -      | 24     | 0    | 0    | -    | -    | -     | 1    | 0    | 
|phase_mac_pipeline | (A*B)'             | 16     | 8      | -      | -      | 24     | 0    | 0    | -    | -    | -     | 1    | 0    | 
|phase_mac_pipeline | (A*B)'             | 16     | 8      | -      | -      | 24     | 0    | 0    | -    | -    | -     | 1    | 0    | 
|phase_mac_pipeline | (A*B)'             | 16     | 8      | -      | -      | 24     | 0    | 0    | -    | -    | -     | 1    | 0    | 
|phase_mac_pipeline | (A*B)'             | 16     | 8      | -      | -      | 24     | 0    | 0    | -    | -    | -     | 1    | 0    | 
|phase_mac_pipeline | (A*B)'             | 16     | 8      | -      | -      | 24     | 0    | 0    | -    | -    | -     | 1    | 0    | 
|phase_mac_pipeline | (A*B)'             | 16     | 8      | -      | -      | 24     | 0    | 0    | -    | -    | -     | 1    | 0    | 
|phase_mac_pipeline | (A*B)'             | 16     | 8      | -      | -      | 24     | 0    | 0    | -    | -    | -     | 1    | 0    | 
|phase_mac_pipeline | (A*B)'             | 16     | 8      | -      | -      | 24     | 0    | 0    | -    | -    | -     | 1    | 0    | 
|phase_mac_pipeline | (A*B)'             | 16     | 8      | -      | -      | 24     | 0    | 0    | -    | -    | -     | 1    | 0    | 
|phase_mac_pipeline | (A*B)'             | 16     | 8      | -      | -      | 24     | 0    | 0    | -    | -    | -     | 1    | 0    | 
|phase_mac_pipeline | (A*B)'             | 16     | 8      | -      | -      | 24     | 0    | 0    | -    | -    | -     | 1    | 0    | 
|phase_mac_pipeline | (A*B)'             | 16     | 8      | -      | -      | 24     | 0    | 0    | -    | -    | -     | 1    | 0    | 
|phase_mac_pipeline | (A*B)'             | 16     | 8      | -      | -      | 24     | 0    | 0    | -    | -    | -     | 1    | 0    | 
|phase_mac_pipeline | (A*B)'             | 16     | 8      | -      | -      | 24     | 0    | 0    | -    | -    | -     | 1    | 0    | 
|phase_mac_pipeline | (A*B)'             | 16     | 8      | -      | -      | 24     | 0    | 0    | -    | -    | -     | 1    | 0    | 
|phase_mac_pipeline | (A*B)'             | 16     | 8      | -      | -      | 24     | 0    | 0    | -    | -    | -     | 1    | 0    | 
|phase_mac_pipeline | (A*B)'             | 16     | 8      | -      | -      | 24     | 0    | 0    | -    | -    | -     | 1    | 0    | 
|phase_mac_pipeline | (A*B)'             | 16     | 8      | -      | -      | 24     | 0    | 0    | -    | -    | -     | 1    | 0    | 
|phase_mac_pipeline | (A*B)'             | 16     | 8      | -      | -      | 24     | 0    | 0    | -    | -    | -     | 1    | 0    | 
|phase_mac_pipeline | (A*B)'             | 16     | 8      | -      | -      | 24     | 0    | 0    | -    | -    | -     | 1    | 0    | 
|phase_mac_pipeline | (A*B)'             | 16     | 8      | -      | -      | 24     | 0    | 0    | -    | -    | -     | 1    | 0    | 
|phase_mac_pipeline | (A*B)'             | 16     | 8      | -      | -      | 24     | 0    | 0    | -    | -    | -     | 1    | 0    | 
|phase_mac_pipeline | (A*B)'             | 16     | 8      | -      | -      | 24     | 0    | 0    | -    | -    | -     | 1    | 0    | 
|phase_mac_pipeline | (A*B)'             | 16     | 8      | -      | -      | 24     | 0    | 0    | -    | -    | -     | 1    | 0    | 
|phase_mac_pipeline | (A*B)'             | 16     | 8      | -      | -      | 24     | 0    | 0    | -    | -    | -     | 1    | 0    | 
|phase_mac_pipeline | (A*B)'             | 16     | 8      | -      | -      | 24     | 0    | 0    | -    | -    | -     | 1    | 0    | 
|phase_mac_pipeline | (A*B)'             | 16     | 8      | -      | -      | 24     | 0    | 0    | -    | -    | -     | 1    | 0    | 
|phase_mac_pipeline | (A*B)'             | 16     | 8      | -      | -      | 24     | 0    | 0    | -    | -    | -     | 1    | 0    | 
|phase_mac_pipeline | (A*B)'             | 16     | 8      | -      | -      | 24     | 0    | 0    | -    | -    | -     | 1    | 0    | 
|phase_mac_pipeline | (A*B)'             | 16     | 8      | -      | -      | 24     | 0    | 0    | -    | -    | -     | 1    | 0    | 
|phase_mac_pipeline | (A*B)'             | 16     | 8      | -      | -      | 24     | 0    | 0    | -    | -    | -     | 1    | 0    | 
|phase_mac_pipeline | (A*B)'             | 16     | 8      | -      | -      | 24     | 0    | 0    | -    | -    | -     | 1    | 0    | 
|phase_mac_pipeline | (A*B)'             | 16     | 8      | -      | -      | 24     | 0    | 0    | -    | -    | -     | 1    | 0    | 
|phase_mac_pipeline | (A*B)'             | 16     | 8      | -      | -      | 24     | 0    | 0    | -    | -    | -     | 1    | 0    | 
|phase_mac_pipeline | (A*B)'             | 16     | 8      | -      | -      | 24     | 0    | 0    | -    | -    | -     | 1    | 0    | 
|phase_mac_pipeline | (A*B)'             | 16     | 8      | -      | -      | 24     | 0    | 0    | -    | -    | -     | 1    | 0    | 
|phase_mac_pipeline | (A*B)'             | 16     | 8      | -      | -      | 24     | 0    | 0    | -    | -    | -     | 1    | 0    | 
|phase_mac_pipeline | (A*B)'             | 16     | 8      | -      | -      | 24     | 0    | 0    | -    | -    | -     | 1    | 0    | 
|phase_mac_pipeline | (A*B)'             | 16     | 8      | -      | -      | 24     | 0    | 0    | -    | -    | -     | 1    | 0    | 
|phase_mac_pipeline | (A*B)'             | 16     | 8      | -      | -      | 24     | 0    | 0    | -    | -    | -     | 1    | 0    | 
|phase_mac_pipeline | (A*B)'             | 16     | 8      | -      | -      | 24     | 0    | 0    | -    | -    | -     | 1    | 0    | 
|phase_mac_pipeline | (A*B)'             | 16     | 8      | -      | -      | 24     | 0    | 0    | -    | -    | -     | 1    | 0    | 
|phase_mac_pipeline | (A*B)'             | 16     | 8      | -      | -      | 24     | 0    | 0    | -    | -    | -     | 1    | 0    | 
|phase_mac_pipeline | (A*B)'             | 16     | 8      | -      | -      | 24     | 0    | 0    | -    | -    | -     | 1    | 0    | 
|phase_mac_pipeline | (A*B)'             | 16     | 8      | -      | -      | 24     | 0    | 0    | -    | -    | -     | 1    | 0    | 
|phase_mac_pipeline | (A*B)'             | 16     | 8      | -      | -      | 24     | 0    | 0    | -    | -    | -     | 1    | 0    | 
|phase_mac_pipeline | (A*B)'             | 16     | 8      | -      | -      | 24     | 0    | 0    | -    | -    | -     | 1    | 0    | 
|phase_mac_pipeline | (A*B)'             | 16     | 8      | -      | -      | 24     | 0    | 0    | -    | -    | -     | 1    | 0    | 
|phase_mac_pipeline | (A*B)'             | 16     | 8      | -      | -      | 24     | 0    | 0    | -    | -    | -     | 1    | 0    | 
|phase_mac_pipeline | (A*B)'             | 16     | 8      | -      | -      | 24     | 0    | 0    | -    | -    | -     | 1    | 0    | 
|phase_mac_pipeline | (A*B)'             | 16     | 8      | -      | -      | 24     | 0    | 0    | -    | -    | -     | 1    | 0    | 
|phase_mac_pipeline | (A*B)'             | 16     | 8      | -      | -      | 24     | 0    | 0    | -    | -    | -     | 1    | 0    | 
|phase_mac_pipeline | (A*B)'             | 16     | 8      | -      | -      | 24     | 0    | 0    | -    | -    | -     | 1    | 0    | 
|phase_mac_pipeline | (A*B)'             | 16     | 8      | -      | -      | 24     | 0    | 0    | -    | -    | -     | 1    | 0    | 
|phase_mac_pipeline | (A*B)'             | 16     | 8      | -      | -      | 24     | 0    | 0    | -    | -    | -     | 1    | 0    | 
|phase_mac_pipeline | (A*B)'             | 16     | 8      | -      | -      | 24     | 0    | 0    | -    | -    | -     | 1    | 0    | 
|phase_mac_pipeline | (A*B)'             | 16     | 8      | -      | -      | 24     | 0    | 0    | -    | -    | -     | 1    | 0    | 
|phase_mac_pipeline | (A*B)'             | 16     | 8      | -      | -      | 24     | 0    | 0    | -    | -    | -     | 1    | 0    | 
|phase_mac_pipeline | (A*B)'             | 16     | 8      | -      | -      | 24     | 0    | 0    | -    | -    | -     | 1    | 0    | 
|phase_mac_pipeline | (A*B)'             | 16     | 8      | -      | -      | 24     | 0    | 0    | -    | -    | -     | 1    | 0    | 
|phase_mac_pipeline | (A*B)'             | 16     | 8      | -      | -      | 24     | 0    | 0    | -    | -    | -     | 1    | 0    | 
|phase_mac_pipeline | (A*B)'             | 16     | 8      | -      | -      | 24     | 0    | 0    | -    | -    | -     | 1    | 0    | 
|phase_mac_pipeline | (A*B)'             | 16     | 8      | -      | -      | 24     | 0    | 0    | -    | -    | -     | 1    | 0    | 
|phase_mac_pipeline | (A*B)'             | 16     | 8      | -      | -      | 24     | 0    | 0    | -    | -    | -     | 1    | 0    | 
|phase_mac_pipeline | (A*B)'             | 16     | 8      | -      | -      | 24     | 0    | 0    | -    | -    | -     | 1    | 0    | 
|phase_mac_pipeline | (A*B)'             | 16     | 8      | -      | -      | 24     | 0    | 0    | -    | -    | -     | 1    | 0    | 
|phase_mac_pipeline | (A*B)'             | 16     | 8      | -      | -      | 24     | 0    | 0    | -    | -    | -     | 1    | 0    | 
|phase_mac_pipeline | (A*B)'             | 16     | 8      | -      | -      | 24     | 0    | 0    | -    | -    | -     | 1    | 0    | 
|phase_mac_pipeline | (A*B)'             | 16     | 8      | -      | -      | 24     | 0    | 0    | -    | -    | -     | 1    | 0    | 
|phase_mac_pipeline | (A*B)'             | 16     | 8      | -      | -      | 24     | 0    | 0    | -    | -    | -     | 1    | 0    | 
|phase_mac_pipeline | (A*B)'             | 16     | 8      | -      | -      | 24     | 0    | 0    | -    | -    | -     | 1    | 0    | 
|phase_mac_pipeline | (A*B)'             | 16     | 8      | -      | -      | 24     | 0    | 0    | -    | -    | -     | 1    | 0    | 
|phase_mac_pipeline | (A*B)'             | 16     | 8      | -      | -      | 24     | 0    | 0    | -    | -    | -     | 1    | 0    | 
|phase_mac_pipeline | (A*B)'             | 16     | 8      | -      | -      | 24     | 0    | 0    | -    | -    | -     | 1    | 0    | 
|phase_mac_pipeline | (A*B)'             | 16     | 8      | -      | -      | 24     | 0    | 0    | -    | -    | -     | 1    | 0    | 
|phase_mac_pipeline | (A*B)'             | 16     | 8      | -      | -      | 24     | 0    | 0    | -    | -    | -     | 1    | 0    | 
|phase_mac_pipeline | (A*B)'             | 16     | 8      | -      | -      | 24     | 0    | 0    | -    | -    | -     | 1    | 0    | 
|phase_mac_pipeline | (A*B)'             | 16     | 8      | -      | -      | 24     | 0    | 0    | -    | -    | -     | 1    | 0    | 
|phase_mac_pipeline | (A*B)'             | 16     | 8      | -      | -      | 24     | 0    | 0    | -    | -    | -     | 1    | 0    | 
|phase_mac_pipeline | (A*B)'             | 16     | 8      | -      | -      | 24     | 0    | 0    | -    | -    | -     | 1    | 0    | 
|phase_mac_pipeline | (A*B)'             | 16     | 8      | -      | -      | 24     | 0    | 0    | -    | -    | -     | 1    | 0    | 
|phase_mac_pipeline | (A*B)'             | 16     | 8      | -      | -      | 24     | 0    | 0    | -    | -    | -     | 1    | 0    | 
|phase_mac_pipeline | (A*B)'             | 16     | 8      | -      | -      | 24     | 0    | 0    | -    | -    | -     | 1    | 0    | 
|phase_mac_pipeline | (A*B)'             | 16     | 8      | -      | -      | 24     | 0    | 0    | -    | -    | -     | 1    | 0    | 
|phase_mac_pipeline | (A*B)'             | 16     | 8      | -      | -      | 24     | 0    | 0    | -    | -    | -     | 1    | 0    | 
|phase_mac_pipeline | (A*B)'             | 16     | 8      | -      | -      | 24     | 0    | 0    | -    | -    | -     | 1    | 0    | 
|phase_mac_pipeline | (A*B)'             | 16     | 8      | -      | -      | 24     | 0    | 0    | -    | -    | -     | 1    | 0    | 
|phase_mac_pipeline | (A*B)'             | 16     | 8      | -      | -      | 24     | 0    | 0    | -    | -    | -     | 1    | 0    | 
|phase_mac_pipeline | (A*B)'             | 16     | 8      | -      | -      | 24     | 0    | 0    | -    | -    | -     | 1    | 0    | 
|phase_mac_pipeline | (A*B)'             | 16     | 8      | -      | -      | 24     | 0    | 0    | -    | -    | -     | 1    | 0    | 
|phase_mac_pipeline | (A*B)'             | 16     | 8      | -      | -      | 24     | 0    | 0    | -    | -    | -     | 1    | 0    | 
|prelu_requantize   | A''*B''            | 18     | 15     | -      | -      | 48     | 2    | 2    | -    | -    | -     | 0    | 0    | 
|prelu_requantize   | (PCIN>>17)+A''*B'' | 15     | 15     | -      | -      | 48     | 2    | 2    | -    | -    | -     | 0    | 1    | 
|prelu_requantize   | A''*B''            | 18     | 18     | -      | -      | 48     | 2    | 2    | -    | -    | -     | 0    | 0    | 
|prelu_requantize   | (PCIN>>17)+A''*B'' | 18     | 15     | -      | -      | 48     | 2    | 2    | -    | -    | -     | 0    | 1    | 
+-------------------+--------------------+--------+--------+--------+--------+--------+------+------+------+------+-------+------+------+

Note: The table above is a preliminary report that shows the DSPs inferred at the current stage of the synthesis flow. Some DSP may be reimplemented as non DSP primitives later in the synthesis flow. Multiple instantiated DSPs are reported only once.
---------------------------------------------------------------------------------
Finished ROM, RAM, DSP, Shift Register and Retiming Reporting
---------------------------------------------------------------------------------
---------------------------------------------------------------------------------
Start Applying XDC Timing Constraints
---------------------------------------------------------------------------------
---------------------------------------------------------------------------------
Finished Applying XDC Timing Constraints : Time (s): cpu = 00:01:16 ; elapsed = 00:01:18 . Memory (MB): peak = 2668.867 ; gain = 1901.582
---------------------------------------------------------------------------------
---------------------------------------------------------------------------------
Start Timing Optimization
---------------------------------------------------------------------------------
---------------------------------------------------------------------------------
Finished Timing Optimization : Time (s): cpu = 00:01:42 ; elapsed = 00:01:45 . Memory (MB): peak = 2964.809 ; gain = 2197.523
---------------------------------------------------------------------------------
---------------------------------------------------------------------------------
Start ROM, RAM, DSP, Shift Register and Retiming Reporting
---------------------------------------------------------------------------------

Block RAM: Final Mapping Report
+-----------------------------------------+-------------------------------------+------------------------+---+---+------------------------+---+---+------------------+--------+--------+
|Module Name                              | RTL Object                          | PORT A (Depth x Width) | W | R | PORT B (Depth x Width) | W | R | Ports driving FF | RAMB18 | RAMB36 | 
+-----------------------------------------+-------------------------------------+------------------------+---+---+------------------------+---+---+------------------+--------+--------+
|fsrcnn_stream_layer__GC0                 | gk.frontend/win/bank_gen[3].mem_reg | 964 x 8(READ_FIRST)    | W | R |                        |   |   | Port A           | 1      | 0      | 
|fsrcnn_stream_layer__GC0                 | gk.frontend/win/bank_gen[2].mem_reg | 964 x 8(READ_FIRST)    | W | R |                        |   |   | Port A           | 1      | 0      | 
|fsrcnn_stream_layer__GC0                 | gk.frontend/win/bank_gen[1].mem_reg | 964 x 8(READ_FIRST)    | W | R |                        |   |   | Port A           | 1      | 0      | 
|fsrcnn_stream_layer__GC0                 | gk.frontend/win/bank_gen[0].mem_reg | 964 x 8(READ_FIRST)    | W | R |                        |   |   | Port A           | 1      | 0      | 
|fsrcnn_stream_layer__parameterized1__GC0 | gk.frontend/win/bank_gen[1].mem_reg | 962 x 128(READ_FIRST)  | W | R |                        |   |   | Port A           | 0      | 4      | 
|fsrcnn_stream_layer__parameterized1__GC0 | gk.frontend/win/bank_gen[0].mem_reg | 962 x 128(READ_FIRST)  | W | R |                        |   |   | Port A           | 0      | 4      | 
|\gk.frontend/win                         | bank_gen[3].mem_reg                 | 964 x 256(READ_FIRST)  | W | R |                        |   |   | Port A           | 1      | 7      | 
|\gk.frontend/win                         | bank_gen[2].mem_reg                 | 964 x 256(READ_FIRST)  | W | R |                        |   |   | Port A           | 1      | 7      | 
|\gk.frontend/win                         | bank_gen[1].mem_reg                 | 964 x 256(READ_FIRST)  | W | R |                        |   |   | Port A           | 1      | 7      | 
|\gk.frontend/win                         | bank_gen[0].mem_reg                 | 964 x 256(READ_FIRST)  | W | R |                        |   |   | Port A           | 1      | 7      | 
|c_synth_top                              | shuffle/bank0_reg                   | 960 x 32(READ_FIRST)   | W |   | 960 x 32(WRITE_FIRST)  |   | R | Port A and B     | 0      | 1      | 
|c_synth_top                              | shuffle/bank1_reg                   | 960 x 32(READ_FIRST)   | W |   | 960 x 32(WRITE_FIRST)  |   | R | Port A and B     | 0      | 1      | 
|c_synth_top                              | u_pp/u_bank0/mem_reg                | 120 K x 8(READ_FIRST)  | W |   | 120 K x 8(WRITE_FIRST) |   | R | Port A and B     | 0      | 30     | 
|c_synth_top                              | u_pp/u_bank1/mem_reg                | 120 K x 8(READ_FIRST)  | W |   | 120 K x 8(WRITE_FIRST) |   | R | Port A and B     | 0      | 30     | 
+-----------------------------------------+-------------------------------------+------------------------+---+---+------------------------+---+---+------------------+--------+--------+


Distributed RAM: Final Mapping Report
+-----------------------------------------+-------------------------------------------------------------+----------------+----------------------+--------------+
|Module Name                              | RTL Object                                                  | Inference      | Size (Depth x Width) | Primitives   | 
+-----------------------------------------+-------------------------------------------------------------+----------------+----------------------+--------------+
|fsrcnn_stream_layer__GC0                 | gk.frontend/fifo/g_narrow_read.mem_reg                      | User Attribute | 4 x 200              | RAM32M x 34  | 
|fsrcnn_stream_layer__parameterized1__GC0 | gk.frontend/fifo/g_wide_read.g_read_slice[0].mem_slice_reg  | User Attribute | 4 x 64               | RAM32M x 11  | 
|fsrcnn_stream_layer__parameterized1__GC0 | gk.frontend/fifo/g_wide_read.g_read_slice[1].mem_slice_reg  | User Attribute | 4 x 64               | RAM32M x 11  | 
|fsrcnn_stream_layer__parameterized1__GC0 | gk.frontend/fifo/g_wide_read.g_read_slice[2].mem_slice_reg  | User Attribute | 4 x 64               | RAM32M x 11  | 
|fsrcnn_stream_layer__parameterized1__GC0 | gk.frontend/fifo/g_wide_read.g_read_slice[3].mem_slice_reg  | User Attribute | 4 x 64               | RAM32M x 11  | 
|fsrcnn_stream_layer__parameterized1__GC0 | gk.frontend/fifo/g_wide_read.g_read_slice[4].mem_slice_reg  | User Attribute | 4 x 64               | RAM32M x 11  | 
|fsrcnn_stream_layer__parameterized1__GC0 | gk.frontend/fifo/g_wide_read.g_read_slice[5].mem_slice_reg  | User Attribute | 4 x 64               | RAM32M x 11  | 
|fsrcnn_stream_layer__parameterized1__GC0 | gk.frontend/fifo/g_wide_read.g_read_slice[6].mem_slice_reg  | User Attribute | 4 x 64               | RAM32M x 11  | 
|fsrcnn_stream_layer__parameterized1__GC0 | gk.frontend/fifo/g_wide_read.g_read_slice[7].mem_slice_reg  | User Attribute | 4 x 64               | RAM32M x 11  | 
|fsrcnn_stream_layer__parameterized1__GC0 | gk.frontend/fifo/g_wide_read.g_read_slice[8].mem_slice_reg  | User Attribute | 4 x 64               | RAM32M x 11  | 
|fsrcnn_stream_layer__parameterized1__GC0 | gk.frontend/fifo/g_wide_read.g_read_slice[9].mem_slice_reg  | User Attribute | 4 x 64               | RAM32M x 11  | 
|fsrcnn_stream_layer__parameterized1__GC0 | gk.frontend/fifo/g_wide_read.g_read_slice[10].mem_slice_reg | User Attribute | 4 x 64               | RAM32M x 11  | 
|fsrcnn_stream_layer__parameterized1__GC0 | gk.frontend/fifo/g_wide_read.g_read_slice[11].mem_slice_reg | User Attribute | 4 x 64               | RAM32M x 11  | 
|fsrcnn_stream_layer__parameterized1__GC0 | gk.frontend/fifo/g_wide_read.g_read_slice[12].mem_slice_reg | User Attribute | 4 x 64               | RAM32M x 11  | 
|fsrcnn_stream_layer__parameterized1__GC0 | gk.frontend/fifo/g_wide_read.g_read_slice[13].mem_slice_reg | User Attribute | 4 x 64               | RAM32M x 11  | 
|fsrcnn_stream_layer__parameterized1__GC0 | gk.frontend/fifo/g_wide_read.g_read_slice[14].mem_slice_reg | User Attribute | 4 x 64               | RAM32M x 11  | 
|fsrcnn_stream_layer__parameterized1__GC0 | gk.frontend/fifo/g_wide_read.g_read_slice[15].mem_slice_reg | User Attribute | 4 x 64               | RAM32M x 11  | 
|fsrcnn_stream_layer__parameterized1__GC0 | gk.frontend/fifo/g_wide_read.g_read_slice[16].mem_slice_reg | User Attribute | 4 x 64               | RAM32M x 11  | 
|fsrcnn_stream_layer__parameterized1__GC0 | gk.frontend/fifo/g_wide_read.g_read_slice[17].mem_slice_reg | User Attribute | 4 x 64               | RAM32M x 11  | 
|c_synth_top                              | g_l5_partial_buffer.partial_fifo/data_q_reg                 | Implied        | 2 x 131              | RAM32M x 22  | 
|fsrcnn_stream_layer__parameterized3__GC0 | gk.frontend/fifo/g_wide_read.g_read_slice[0].mem_slice_reg  | User Attribute | 4 x 64               | RAM32M x 11  | 
|fsrcnn_stream_layer__parameterized3__GC0 | gk.frontend/fifo/g_wide_read.g_read_slice[1].mem_slice_reg  | User Attribute | 4 x 64               | RAM32M x 11  | 
|fsrcnn_stream_layer__parameterized3__GC0 | gk.frontend/fifo/g_wide_read.g_read_slice[2].mem_slice_reg  | User Attribute | 4 x 64               | RAM32M x 11  | 
|fsrcnn_stream_layer__parameterized3__GC0 | gk.frontend/fifo/g_wide_read.g_read_slice[3].mem_slice_reg  | User Attribute | 4 x 64               | RAM32M x 11  | 
|fsrcnn_stream_layer__parameterized3__GC0 | gk.frontend/fifo/g_wide_read.g_read_slice[4].mem_slice_reg  | User Attribute | 4 x 64               | RAM32M x 11  | 
|fsrcnn_stream_layer__parameterized3__GC0 | gk.frontend/fifo/g_wide_read.g_read_slice[5].mem_slice_reg  | User Attribute | 4 x 64               | RAM32M x 11  | 
|fsrcnn_stream_layer__parameterized3__GC0 | gk.frontend/fifo/g_wide_read.g_read_slice[6].mem_slice_reg  | User Attribute | 4 x 64               | RAM32M x 11  | 
|fsrcnn_stream_layer__parameterized3__GC0 | gk.frontend/fifo/g_wide_read.g_read_slice[7].mem_slice_reg  | User Attribute | 4 x 64               | RAM32M x 11  | 
|fsrcnn_stream_layer__parameterized3__GC0 | gk.frontend/fifo/g_wide_read.g_read_slice[8].mem_slice_reg  | User Attribute | 4 x 64               | RAM32M x 11  | 
|fsrcnn_stream_layer__parameterized3__GC0 | gk.frontend/fifo/g_wide_read.g_read_slice[9].mem_slice_reg  | User Attribute | 4 x 64               | RAM32M x 11  | 
|fsrcnn_stream_layer__parameterized3__GC0 | gk.frontend/fifo/g_wide_read.g_read_slice[10].mem_slice_reg | User Attribute | 4 x 64               | RAM32M x 11  | 
|fsrcnn_stream_layer__parameterized3__GC0 | gk.frontend/fifo/g_wide_read.g_read_slice[11].mem_slice_reg | User Attribute | 4 x 64               | RAM32M x 11  | 
|fsrcnn_stream_layer__parameterized3__GC0 | gk.frontend/fifo/g_wide_read.g_read_slice[12].mem_slice_reg | User Attribute | 4 x 64               | RAM32M x 11  | 
|fsrcnn_stream_layer__parameterized3__GC0 | gk.frontend/fifo/g_wide_read.g_read_slice[13].mem_slice_reg | User Attribute | 4 x 64               | RAM32M x 11  | 
|fsrcnn_stream_layer__parameterized3__GC0 | gk.frontend/fifo/g_wide_read.g_read_slice[14].mem_slice_reg | User Attribute | 4 x 64               | RAM32M x 11  | 
|fsrcnn_stream_layer__parameterized3__GC0 | gk.frontend/fifo/g_wide_read.g_read_slice[15].mem_slice_reg | User Attribute | 4 x 64               | RAM32M x 11  | 
|fsrcnn_stream_layer__parameterized3__GC0 | gk.frontend/fifo/g_wide_read.g_read_slice[16].mem_slice_reg | User Attribute | 4 x 64               | RAM32M x 11  | 
|fsrcnn_stream_layer__parameterized3__GC0 | gk.frontend/fifo/g_wide_read.g_read_slice[17].mem_slice_reg | User Attribute | 4 x 64               | RAM32M x 11  | 
|fsrcnn_stream_layer__parameterized3__GC0 | gk.frontend/fifo/g_wide_read.g_read_slice[18].mem_slice_reg | User Attribute | 4 x 64               | RAM32M x 11  | 
|fsrcnn_stream_layer__parameterized3__GC0 | gk.frontend/fifo/g_wide_read.g_read_slice[19].mem_slice_reg | User Attribute | 4 x 64               | RAM32M x 11  | 
|fsrcnn_stream_layer__parameterized3__GC0 | gk.frontend/fifo/g_wide_read.g_read_slice[20].mem_slice_reg | User Attribute | 4 x 64               | RAM32M x 11  | 
|fsrcnn_stream_layer__parameterized3__GC0 | gk.frontend/fifo/g_wide_read.g_read_slice[21].mem_slice_reg | User Attribute | 4 x 64               | RAM32M x 11  | 
|fsrcnn_stream_layer__parameterized3__GC0 | gk.frontend/fifo/g_wide_read.g_read_slice[22].mem_slice_reg | User Attribute | 4 x 64               | RAM32M x 11  | 
|fsrcnn_stream_layer__parameterized3__GC0 | gk.frontend/fifo/g_wide_read.g_read_slice[23].mem_slice_reg | User Attribute | 4 x 64               | RAM32M x 11  | 
|fsrcnn_stream_layer__parameterized3__GC0 | gk.frontend/fifo/g_wide_read.g_read_slice[24].mem_slice_reg | User Attribute | 4 x 64               | RAM32M x 11  | 
|fsrcnn_stream_layer__parameterized3__GC0 | gk.frontend/fifo/g_wide_read.g_read_slice[25].mem_slice_reg | User Attribute | 4 x 64               | RAM32M x 11  | 
|fsrcnn_stream_layer__parameterized3__GC0 | gk.frontend/fifo/g_wide_read.g_read_slice[26].mem_slice_reg | User Attribute | 4 x 64               | RAM32M x 11  | 
|fsrcnn_stream_layer__parameterized3__GC0 | gk.frontend/fifo/g_wide_read.g_read_slice[27].mem_slice_reg | User Attribute | 4 x 64               | RAM32M x 11  | 
|fsrcnn_stream_layer__parameterized3__GC0 | gk.frontend/fifo/g_wide_read.g_read_slice[28].mem_slice_reg | User Attribute | 4 x 64               | RAM32M x 11  | 
|fsrcnn_stream_layer__parameterized3__GC0 | gk.frontend/fifo/g_wide_read.g_read_slice[29].mem_slice_reg | User Attribute | 4 x 64               | RAM32M x 11  | 
|fsrcnn_stream_layer__parameterized3__GC0 | gk.frontend/fifo/g_wide_read.g_read_slice[30].mem_slice_reg | User Attribute | 4 x 64               | RAM32M x 11  | 
|fsrcnn_stream_layer__parameterized3__GC0 | gk.frontend/fifo/g_wide_read.g_read_slice[31].mem_slice_reg | User Attribute | 4 x 64               | RAM32M x 11  | 
|fsrcnn_stream_layer__parameterized3__GC0 | gk.frontend/fifo/g_wide_read.g_read_slice[32].mem_slice_reg | User Attribute | 4 x 64               | RAM32M x 11  | 
|fsrcnn_stream_layer__parameterized3__GC0 | gk.frontend/fifo/g_wide_read.g_read_slice[33].mem_slice_reg | User Attribute | 4 x 64               | RAM32M x 11  | 
|fsrcnn_stream_layer__parameterized3__GC0 | gk.frontend/fifo/g_wide_read.g_read_slice[34].mem_slice_reg | User Attribute | 4 x 64               | RAM32M x 11  | 
|fsrcnn_stream_layer__parameterized3__GC0 | gk.frontend/fifo/g_wide_read.g_read_slice[35].mem_slice_reg | User Attribute | 4 x 64               | RAM32M x 11  | 
|fsrcnn_stream_layer__parameterized3__GC0 | gk.frontend/fifo/g_wide_read.g_read_slice[36].mem_slice_reg | User Attribute | 4 x 64               | RAM32M x 11  | 
|fsrcnn_stream_layer__parameterized3__GC0 | gk.frontend/fifo/g_wide_read.g_read_slice[37].mem_slice_reg | User Attribute | 4 x 64               | RAM32M x 11  | 
|fsrcnn_stream_layer__parameterized3__GC0 | gk.frontend/fifo/g_wide_read.g_read_slice[38].mem_slice_reg | User Attribute | 4 x 64               | RAM32M x 11  | 
|fsrcnn_stream_layer__parameterized3__GC0 | gk.frontend/fifo/g_wide_read.g_read_slice[39].mem_slice_reg | User Attribute | 4 x 64               | RAM32M x 11  | 
|fsrcnn_stream_layer__parameterized3__GC0 | gk.frontend/fifo/g_wide_read.g_read_slice[40].mem_slice_reg | User Attribute | 4 x 64               | RAM32M x 11  | 
|fsrcnn_stream_layer__parameterized3__GC0 | gk.frontend/fifo/g_wide_read.g_read_slice[41].mem_slice_reg | User Attribute | 4 x 64               | RAM32M x 11  | 
|fsrcnn_stream_layer__parameterized3__GC0 | gk.frontend/fifo/g_wide_read.g_read_slice[42].mem_slice_reg | User Attribute | 4 x 64               | RAM32M x 11  | 
|fsrcnn_stream_layer__parameterized3__GC0 | gk.frontend/fifo/g_wide_read.g_read_slice[43].mem_slice_reg | User Attribute | 4 x 64               | RAM32M x 11  | 
|fsrcnn_stream_layer__parameterized3__GC0 | gk.frontend/fifo/g_wide_read.g_read_slice[44].mem_slice_reg | User Attribute | 4 x 64               | RAM32M x 11  | 
|fsrcnn_stream_layer__parameterized3__GC0 | gk.frontend/fifo/g_wide_read.g_read_slice[45].mem_slice_reg | User Attribute | 4 x 64               | RAM32M x 11  | 
|fsrcnn_stream_layer__parameterized3__GC0 | gk.frontend/fifo/g_wide_read.g_read_slice[46].mem_slice_reg | User Attribute | 4 x 64               | RAM32M x 11  | 
|fsrcnn_stream_layer__parameterized3__GC0 | gk.frontend/fifo/g_wide_read.g_read_slice[47].mem_slice_reg | User Attribute | 4 x 64               | RAM32M x 11  | 
|fsrcnn_stream_layer__parameterized3__GC0 | gk.frontend/fifo/g_wide_read.g_read_slice[48].mem_slice_reg | User Attribute | 4 x 64               | RAM32M x 11  | 
|fsrcnn_stream_layer__parameterized3__GC0 | gk.frontend/fifo/g_wide_read.g_read_slice[49].mem_slice_reg | User Attribute | 4 x 64               | RAM32M x 11  | 
|fsrcnn_stream_layer__parameterized3__GC0 | gk.frontend/fifo/g_wide_read.g_read_slice[50].mem_slice_reg | User Attribute | 4 x 64               | RAM32M x 11  | 
|fsrcnn_stream_layer__parameterized3__GC0 | gk.frontend/fifo/g_wide_read.g_read_slice[51].mem_slice_reg | User Attribute | 4 x 64               | RAM32M x 11  | 
|fsrcnn_stream_layer__parameterized3__GC0 | gk.frontend/fifo/g_wide_read.g_read_slice[52].mem_slice_reg | User Attribute | 4 x 64               | RAM32M x 11  | 
|fsrcnn_stream_layer__parameterized3__GC0 | gk.frontend/fifo/g_wide_read.g_read_slice[53].mem_slice_reg | User Attribute | 4 x 64               | RAM32M x 11  | 
|fsrcnn_stream_layer__parameterized3__GC0 | gk.frontend/fifo/g_wide_read.g_read_slice[54].mem_slice_reg | User Attribute | 4 x 64               | RAM32M x 11  | 
|fsrcnn_stream_layer__parameterized3__GC0 | gk.frontend/fifo/g_wide_read.g_read_slice[55].mem_slice_reg | User Attribute | 4 x 64               | RAM32M x 11  | 
|fsrcnn_stream_layer__parameterized3__GC0 | gk.frontend/fifo/g_wide_read.g_read_slice[56].mem_slice_reg | User Attribute | 4 x 64               | RAM32M x 11  | 
|fsrcnn_stream_layer__parameterized3__GC0 | gk.frontend/fifo/g_wide_read.g_read_slice[57].mem_slice_reg | User Attribute | 4 x 64               | RAM32M x 11  | 
|fsrcnn_stream_layer__parameterized3__GC0 | gk.frontend/fifo/g_wide_read.g_read_slice[58].mem_slice_reg | User Attribute | 4 x 64               | RAM32M x 11  | 
|fsrcnn_stream_layer__parameterized3__GC0 | gk.frontend/fifo/g_wide_read.g_read_slice[59].mem_slice_reg | User Attribute | 4 x 64               | RAM32M x 11  | 
|fsrcnn_stream_layer__parameterized3__GC0 | gk.frontend/fifo/g_wide_read.g_read_slice[60].mem_slice_reg | User Attribute | 4 x 64               | RAM32M x 11  | 
|fsrcnn_stream_layer__parameterized3__GC0 | gk.frontend/fifo/g_wide_read.g_read_slice[61].mem_slice_reg | User Attribute | 4 x 64               | RAM32M x 11  | 
|fsrcnn_stream_layer__parameterized3__GC0 | gk.frontend/fifo/g_wide_read.g_read_slice[62].mem_slice_reg | User Attribute | 4 x 64               | RAM32M x 11  | 
|fsrcnn_stream_layer__parameterized3__GC0 | gk.frontend/fifo/g_wide_read.g_read_slice[63].mem_slice_reg | User Attribute | 4 x 64               | RAM32M x 11  | 
|fsrcnn_stream_layer__parameterized3__GC0 | gk.frontend/fifo/g_wide_read.g_read_slice[64].mem_slice_reg | User Attribute | 4 x 64               | RAM32M x 11  | 
|fsrcnn_stream_layer__parameterized3__GC0 | gk.frontend/fifo/g_wide_read.g_read_slice[65].mem_slice_reg | User Attribute | 4 x 64               | RAM32M x 11  | 
|fsrcnn_stream_layer__parameterized3__GC0 | gk.frontend/fifo/g_wide_read.g_read_slice[66].mem_slice_reg | User Attribute | 4 x 64               | RAM32M x 11  | 
|fsrcnn_stream_layer__parameterized3__GC0 | gk.frontend/fifo/g_wide_read.g_read_slice[67].mem_slice_reg | User Attribute | 4 x 64               | RAM32M x 11  | 
|fsrcnn_stream_layer__parameterized3__GC0 | gk.frontend/fifo/g_wide_read.g_read_slice[68].mem_slice_reg | User Attribute | 4 x 64               | RAM32M x 11  | 
|fsrcnn_stream_layer__parameterized3__GC0 | gk.frontend/fifo/g_wide_read.g_read_slice[69].mem_slice_reg | User Attribute | 4 x 64               | RAM32M x 11  | 
|fsrcnn_stream_layer__parameterized3__GC0 | gk.frontend/fifo/g_wide_read.g_read_slice[70].mem_slice_reg | User Attribute | 4 x 64               | RAM32M x 11  | 
|fsrcnn_stream_layer__parameterized3__GC0 | gk.frontend/fifo/g_wide_read.g_read_slice[71].mem_slice_reg | User Attribute | 4 x 64               | RAM32M x 11  | 
|fsrcnn_stream_layer__parameterized3__GC0 | gk.frontend/fifo/g_wide_read.g_read_slice[72].mem_slice_reg | User Attribute | 4 x 64               | RAM32M x 11  | 
|fsrcnn_stream_layer__parameterized3__GC0 | gk.frontend/fifo/g_wide_read.g_read_slice[73].mem_slice_reg | User Attribute | 4 x 64               | RAM32M x 11  | 
|fsrcnn_stream_layer__parameterized3__GC0 | gk.frontend/fifo/g_wide_read.g_read_slice[74].mem_slice_reg | User Attribute | 4 x 64               | RAM32M x 11  | 
|fsrcnn_stream_layer__parameterized3__GC0 | gk.frontend/fifo/g_wide_read.g_read_slice[75].mem_slice_reg | User Attribute | 4 x 64               | RAM32M x 11  | 
|fsrcnn_stream_layer__parameterized3__GC0 | gk.frontend/fifo/g_wide_read.g_read_slice[76].mem_slice_reg | User Attribute | 4 x 64               | RAM32M x 11  | 
|fsrcnn_stream_layer__parameterized3__GC0 | gk.frontend/fifo/g_wide_read.g_read_slice[77].mem_slice_reg | User Attribute | 4 x 64               | RAM32M x 11  | 
|fsrcnn_stream_layer__parameterized3__GC0 | gk.frontend/fifo/g_wide_read.g_read_slice[78].mem_slice_reg | User Attribute | 4 x 64               | RAM32M x 11  | 
|fsrcnn_stream_layer__parameterized3__GC0 | gk.frontend/fifo/g_wide_read.g_read_slice[79].mem_slice_reg | User Attribute | 4 x 64               | RAM32M x 11  | 
|fsrcnn_stream_layer__parameterized3__GC0 | gk.frontend/fifo/g_wide_read.g_read_slice[80].mem_slice_reg | User Attribute | 4 x 64               | RAM32M x 11  | 
|fsrcnn_stream_layer__parameterized3__GC0 | gk.frontend/fifo/g_wide_read.g_read_slice[81].mem_slice_reg | User Attribute | 4 x 64               | RAM32M x 11  | 
|fsrcnn_stream_layer__parameterized3__GC0 | gk.frontend/fifo/g_wide_read.g_read_slice[82].mem_slice_reg | User Attribute | 4 x 64               | RAM32M x 11  | 
|fsrcnn_stream_layer__parameterized3__GC0 | gk.frontend/fifo/g_wide_read.g_read_slice[83].mem_slice_reg | User Attribute | 4 x 64               | RAM32M x 11  | 
|fsrcnn_stream_layer__parameterized3__GC0 | gk.frontend/fifo/g_wide_read.g_read_slice[84].mem_slice_reg | User Attribute | 4 x 64               | RAM32M x 11  | 
|fsrcnn_stream_layer__parameterized3__GC0 | gk.frontend/fifo/g_wide_read.g_read_slice[85].mem_slice_reg | User Attribute | 4 x 64               | RAM32M x 11  | 
|fsrcnn_stream_layer__parameterized3__GC0 | gk.frontend/fifo/g_wide_read.g_read_slice[86].mem_slice_reg | User Attribute | 4 x 64               | RAM32M x 11  | 
|fsrcnn_stream_layer__parameterized3__GC0 | gk.frontend/fifo/g_wide_read.g_read_slice[87].mem_slice_reg | User Attribute | 4 x 64               | RAM32M x 11  | 
|fsrcnn_stream_layer__parameterized3__GC0 | gk.frontend/fifo/g_wide_read.g_read_slice[88].mem_slice_reg | User Attribute | 4 x 64               | RAM32M x 11  | 
|fsrcnn_stream_layer__parameterized3__GC0 | gk.frontend/fifo/g_wide_read.g_read_slice[89].mem_slice_reg | User Attribute | 4 x 64               | RAM32M x 11  | 
|fsrcnn_stream_layer__parameterized3__GC0 | gk.frontend/fifo/g_wide_read.g_read_slice[90].mem_slice_reg | User Attribute | 4 x 64               | RAM32M x 11  | 
|fsrcnn_stream_layer__parameterized3__GC0 | gk.frontend/fifo/g_wide_read.g_read_slice[91].mem_slice_reg | User Attribute | 4 x 64               | RAM32M x 11  | 
|fsrcnn_stream_layer__parameterized3__GC0 | gk.frontend/fifo/g_wide_read.g_read_slice[92].mem_slice_reg | User Attribute | 4 x 64               | RAM32M x 11  | 
|fsrcnn_stream_layer__parameterized3__GC0 | gk.frontend/fifo/g_wide_read.g_read_slice[93].mem_slice_reg | User Attribute | 4 x 64               | RAM32M x 11  | 
|fsrcnn_stream_layer__parameterized3__GC0 | gk.frontend/fifo/g_wide_read.g_read_slice[94].mem_slice_reg | User Attribute | 4 x 64               | RAM32M x 11  | 
|fsrcnn_stream_layer__parameterized3__GC0 | gk.frontend/fifo/g_wide_read.g_read_slice[95].mem_slice_reg | User Attribute | 4 x 64               | RAM32M x 11  | 
|fsrcnn_stream_layer__parameterized3__GC0 | gk.frontend/fifo/g_wide_read.g_read_slice[96].mem_slice_reg | User Attribute | 4 x 64               | RAM32M x 11  | 
|fsrcnn_stream_layer__parameterized3__GC0 | gk.frontend/fifo/g_wide_read.g_read_slice[97].mem_slice_reg | User Attribute | 4 x 64               | RAM32M x 11  | 
|fsrcnn_stream_layer__parameterized3__GC0 | gk.frontend/fifo/g_wide_read.g_read_slice[98].mem_slice_reg | User Attribute | 4 x 64               | RAM32M x 11  | 
|fsrcnn_stream_layer__parameterized3__GC0 | gk.frontend/fifo/g_wide_read.g_read_slice[99].mem_slice_reg | User Attribute | 4 x 64               | RAM32M x 11  | 
|c_synth_top                              | f12/g_narrow_read.mem_reg                                   | User Attribute | 32 x 256             | RAM32M x 43  | 
|c_synth_top                              | f23/g_narrow_read.mem_reg                                   | User Attribute | 32 x 128             | RAM32M x 22  | 
|c_synth_top                              | f34/g_narrow_read.mem_reg                                   | User Attribute | 32 x 128             | RAM32M x 22  | 
|c_synth_top                              | f45/g_narrow_read.mem_reg                                   | User Attribute | 32 x 256             | RAM32M x 43  | 
+-----------------------------------------+-------------------------------------------------------------+----------------+----------------------+--------------+

---------------------------------------------------------------------------------
Finished ROM, RAM, DSP, Shift Register and Retiming Reporting
---------------------------------------------------------------------------------
---------------------------------------------------------------------------------
Start Technology Mapping
---------------------------------------------------------------------------------
INFO: [Synth 8-7052] The timing for the instance u_corei_27/u_rom/g_multi_bank.g_bank[0].u_bank/dout_reg_0_0 (implemented as a Block RAM) might be sub-optimal as no optional output register could be merged into the ram block. Providing additional output register may help in improving timing.
INFO: [Synth 8-7052] The timing for the instance u_corei_27/u_rom/g_multi_bank.g_bank[0].u_bank/dout_reg_0_1 (implemented as a Block RAM) might be sub-optimal as no optional output register could be merged into the ram block. Providing additional output register may help in improving timing.
INFO: [Synth 8-7052] The timing for the instance u_corei_27/u_rom/g_multi_bank.g_bank[0].u_bank/dout_reg_0_2 (implemented as a Block RAM) might be sub-optimal as no optional output register could be merged into the ram block. Providing additional output register may help in improving timing.
INFO: [Synth 8-7052] The timing for the instance u_corei_27/u_rom/g_multi_bank.g_bank[0].u_bank/dout_reg_0_3 (implemented as a Block RAM) might be sub-optimal as no optional output register could be merged into the ram block. Providing additional output register may help in improving timing.
INFO: [Synth 8-7052] The timing for the instance u_corei_27/u_rom/g_multi_bank.g_bank[0].u_bank/dout_reg_0_4 (implemented as a Block RAM) might be sub-optimal as no optional output register could be merged into the ram block. Providing additional output register may help in improving timing.
INFO: [Synth 8-7052] The timing for the instance u_corei_27/u_rom/g_multi_bank.g_bank[0].u_bank/dout_reg_0_5 (implemented as a Block RAM) might be sub-optimal as no optional output register could be merged into the ram block. Providing additional output register may help in improving timing.
INFO: [Synth 8-7052] The timing for the instance u_corei_27/u_rom/g_multi_bank.g_bank[0].u_bank/dout_reg_0_6 (implemented as a Block RAM) might be sub-optimal as no optional output register could be merged into the ram block. Providing additional output register may help in improving timing.
INFO: [Synth 8-7052] The timing for the instance u_corei_27/u_rom/g_multi_bank.g_bank[0].u_bank/dout_reg_0_7 (implemented as a Block RAM) might be sub-optimal as no optional output register could be merged into the ram block. Providing additional output register may help in improving timing.
INFO: [Synth 8-7052] The timing for the instance u_corei_27/u_rom/g_multi_bank.g_bank[1].u_bank/dout_reg_0_0 (implemented as a Block RAM) might be sub-optimal as no optional output register could be merged into the ram block. Providing additional output register may help in improving timing.
INFO: [Synth 8-7052] The timing for the instance u_corei_27/u_rom/g_multi_bank.g_bank[1].u_bank/dout_reg_0_1 (implemented as a Block RAM) might be sub-optimal as no optional output register could be merged into the ram block. Providing additional output register may help in improving timing.
INFO: [Synth 8-7052] The timing for the instance u_corei_27/u_rom/g_multi_bank.g_bank[1].u_bank/dout_reg_0_2 (implemented as a Block RAM) might be sub-optimal as no optional output register could be merged into the ram block. Providing additional output register may help in improving timing.
INFO: [Synth 8-7052] The timing for the instance u_corei_27/u_rom/g_multi_bank.g_bank[1].u_bank/dout_reg_0_3 (implemented as a Block RAM) might be sub-optimal as no optional output register could be merged into the ram block. Providing additional output register may help in improving timing.
INFO: [Synth 8-7052] The timing for the instance u_corei_27/u_rom/g_multi_bank.g_bank[1].u_bank/dout_reg_0_4 (implemented as a Block RAM) might be sub-optimal as no optional output register could be merged into the ram block. Providing additional output register may help in improving timing.
INFO: [Synth 8-7052] The timing for the instance u_corei_27/u_rom/g_multi_bank.g_bank[1].u_bank/dout_reg_0_5 (implemented as a Block RAM) might be sub-optimal as no optional output register could be merged into the ram block. Providing additional output register may help in improving timing.
INFO: [Synth 8-7052] The timing for the instance u_corei_27/u_rom/g_multi_bank.g_bank[1].u_bank/dout_reg_0_6 (implemented as a Block RAM) might be sub-optimal as no optional output register could be merged into the ram block. Providing additional output register may help in improving timing.
INFO: [Synth 8-7052] The timing for the instance u_corei_27/u_rom/g_multi_bank.g_bank[1].u_bank/dout_reg_0_7 (implemented as a Block RAM) might be sub-optimal as no optional output register could be merged into the ram block. Providing additional output register may help in improving timing.
INFO: [Synth 8-7052] The timing for the instance u_corei_27/u_rom/g_multi_bank.g_bank[2].u_bank/dout_reg_0_0 (implemented as a Block RAM) might be sub-optimal as no optional output register could be merged into the ram block. Providing additional output register may help in improving timing.
INFO: [Synth 8-7052] The timing for the instance u_corei_27/u_rom/g_multi_bank.g_bank[2].u_bank/dout_reg_0_1 (implemented as a Block RAM) might be sub-optimal as no optional output register could be merged into the ram block. Providing additional output register may help in improving timing.
INFO: [Synth 8-7052] The timing for the instance u_corei_27/u_rom/g_multi_bank.g_bank[2].u_bank/dout_reg_0_2 (implemented as a Block RAM) might be sub-optimal as no optional output register could be merged into the ram block. Providing additional output register may help in improving timing.
INFO: [Synth 8-7052] The timing for the instance u_corei_27/u_rom/g_multi_bank.g_bank[2].u_bank/dout_reg_0_3 (implemented as a Block RAM) might be sub-optimal as no optional output register could be merged into the ram block. Providing additional output register may help in improving timing.
INFO: [Synth 8-7052] The timing for the instance u_corei_27/u_rom/g_multi_bank.g_bank[2].u_bank/dout_reg_0_4 (implemented as a Block RAM) might be sub-optimal as no optional output register could be merged into the ram block. Providing additional output register may help in improving timing.
INFO: [Synth 8-7052] The timing for the instance u_corei_27/u_rom/g_multi_bank.g_bank[2].u_bank/dout_reg_0_5 (implemented as a Block RAM) might be sub-optimal as no optional output register could be merged into the ram block. Providing additional output register may help in improving timing.
INFO: [Synth 8-7052] The timing for the instance u_corei_27/u_rom/g_multi_bank.g_bank[2].u_bank/dout_reg_0_6 (implemented as a Block RAM) might be sub-optimal as no optional output register could be merged into the ram block. Providing additional output register may help in improving timing.
INFO: [Synth 8-7052] The timing for the instance u_corei_27/u_rom/g_multi_bank.g_bank[2].u_bank/dout_reg_0_7 (implemented as a Block RAM) might be sub-optimal as no optional output register could be merged into the ram block. Providing additional output register may help in improving timing.
INFO: [Synth 8-7052] The timing for the instance u_corei_27/u_rom/g_multi_bank.g_bank[3].u_bank/dout_reg_0_0 (implemented as a Block RAM) might be sub-optimal as no optional output register could be merged into the ram block. Providing additional output register may help in improving timing.
INFO: [Synth 8-7052] The timing for the instance u_corei_27/u_rom/g_multi_bank.g_bank[3].u_bank/dout_reg_0_1 (implemented as a Block RAM) might be sub-optimal as no optional output register could be merged into the ram block. Providing additional output register may help in improving timing.
INFO: [Synth 8-7052] The timing for the instance u_corei_27/u_rom/g_multi_bank.g_bank[3].u_bank/dout_reg_0_2 (implemented as a Block RAM) might be sub-optimal as no optional output register could be merged into the ram block. Providing additional output register may help in improving timing.
INFO: [Synth 8-7052] The timing for the instance u_corei_27/u_rom/g_multi_bank.g_bank[3].u_bank/dout_reg_0_3 (implemented as a Block RAM) might be sub-optimal as no optional output register could be merged into the ram block. Providing additional output register may help in improving timing.
INFO: [Synth 8-7052] The timing for the instance u_corei_27/u_rom/g_multi_bank.g_bank[3].u_bank/dout_reg_0_4 (implemented as a Block RAM) might be sub-optimal as no optional output register could be merged into the ram block. Providing additional output register may help in improving timing.
INFO: [Synth 8-7052] The timing for the instance u_corei_27/u_rom/g_multi_bank.g_bank[3].u_bank/dout_reg_0_5 (implemented as a Block RAM) might be sub-optimal as no optional output register could be merged into the ram block. Providing additional output register may help in improving timing.
INFO: [Synth 8-7052] The timing for the instance u_corei_27/u_rom/g_multi_bank.g_bank[3].u_bank/dout_reg_0_6 (implemented as a Block RAM) might be sub-optimal as no optional output register could be merged into the ram block. Providing additional output register may help in improving timing.
INFO: [Synth 8-7052] The timing for the instance u_corei_27/u_rom/g_multi_bank.g_bank[3].u_bank/dout_reg_0_7 (implemented as a Block RAM) might be sub-optimal as no optional output register could be merged into the ram block. Providing additional output register may help in improving timing.
INFO: [Synth 8-7052] The timing for the instance u_corei_27/u_rom/g_multi_bank.g_bank[4].u_bank/dout_reg_0_0 (implemented as a Block RAM) might be sub-optimal as no optional output register could be merged into the ram block. Providing additional output register may help in improving timing.
INFO: [Synth 8-7052] The timing for the instance u_corei_27/u_rom/g_multi_bank.g_bank[4].u_bank/dout_reg_0_1 (implemented as a Block RAM) might be sub-optimal as no optional output register could be merged into the ram block. Providing additional output register may help in improving timing.
INFO: [Synth 8-7052] The timing for the instance u_corei_27/u_rom/g_multi_bank.g_bank[4].u_bank/dout_reg_0_2 (implemented as a Block RAM) might be sub-optimal as no optional output register could be merged into the ram block. Providing additional output register may help in improving timing.
INFO: [Synth 8-7052] The timing for the instance u_corei_27/u_rom/g_multi_bank.g_bank[4].u_bank/dout_reg_0_3 (implemented as a Block RAM) might be sub-optimal as no optional output register could be merged into the ram block. Providing additional output register may help in improving timing.
INFO: [Synth 8-7052] The timing for the instance u_corei_27/u_rom/g_multi_bank.g_bank[4].u_bank/dout_reg_0_4 (implemented as a Block RAM) might be sub-optimal as no optional output register could be merged into the ram block. Providing additional output register may help in improving timing.
INFO: [Synth 8-7052] The timing for the instance u_corei_27/u_rom/g_multi_bank.g_bank[4].u_bank/dout_reg_0_5 (implemented as a Block RAM) might be sub-optimal as no optional output register could be merged into the ram block. Providing additional output register may help in improving timing.
INFO: [Synth 8-7052] The timing for the instance u_corei_27/u_rom/g_multi_bank.g_bank[4].u_bank/dout_reg_0_6 (implemented as a Block RAM) might be sub-optimal as no optional output register could be merged into the ram block. Providing additional output register may help in improving timing.
INFO: [Synth 8-7052] The timing for the instance u_corei_27/u_rom/g_multi_bank.g_bank[4].u_bank/dout_reg_0_7 (implemented as a Block RAM) might be sub-optimal as no optional output register could be merged into the ram block. Providing additional output register may help in improving timing.
INFO: [Synth 8-7052] The timing for the instance u_corei_27/u_rom/g_multi_bank.g_bank[5].u_bank/dout_reg_0_0 (implemented as a Block RAM) might be sub-optimal as no optional output register could be merged into the ram block. Providing additional output register may help in improving timing.
INFO: [Synth 8-7052] The timing for the instance u_corei_27/u_rom/g_multi_bank.g_bank[5].u_bank/dout_reg_0_1 (implemented as a Block RAM) might be sub-optimal as no optional output register could be merged into the ram block. Providing additional output register may help in improving timing.
INFO: [Synth 8-7052] The timing for the instance u_corei_27/u_rom/g_multi_bank.g_bank[5].u_bank/dout_reg_0_2 (implemented as a Block RAM) might be sub-optimal as no optional output register could be merged into the ram block. Providing additional output register may help in improving timing.
INFO: [Synth 8-7052] The timing for the instance u_corei_27/u_rom/g_multi_bank.g_bank[5].u_bank/dout_reg_0_3 (implemented as a Block RAM) might be sub-optimal as no optional output register could be merged into the ram block. Providing additional output register may help in improving timing.
INFO: [Synth 8-7052] The timing for the instance u_corei_27/u_rom/g_multi_bank.g_bank[5].u_bank/dout_reg_0_4 (implemented as a Block RAM) might be sub-optimal as no optional output register could be merged into the ram block. Providing additional output register may help in improving timing.
INFO: [Synth 8-7052] The timing for the instance u_corei_27/u_rom/g_multi_bank.g_bank[5].u_bank/dout_reg_0_5 (implemented as a Block RAM) might be sub-optimal as no optional output register could be merged into the ram block. Providing additional output register may help in improving timing.
INFO: [Synth 8-7052] The timing for the instance u_corei_27/u_rom/g_multi_bank.g_bank[5].u_bank/dout_reg_0_6 (implemented as a Block RAM) might be sub-optimal as no optional output register could be merged into the ram block. Providing additional output register may help in improving timing.
INFO: [Synth 8-7052] The timing for the instance u_corei_27/u_rom/g_multi_bank.g_bank[5].u_bank/dout_reg_0_7 (implemented as a Block RAM) might be sub-optimal as no optional output register could be merged into the ram block. Providing additional output register may help in improving timing.
INFO: [Synth 8-7052] The timing for the instance u_corei_27/u_rom/g_multi_bank.g_bank[6].u_bank/dout_reg_0_0 (implemented as a Block RAM) might be sub-optimal as no optional output register could be merged into the ram block. Providing additional output register may help in improving timing.
INFO: [Synth 8-7052] The timing for the instance u_corei_27/u_rom/g_multi_bank.g_bank[6].u_bank/dout_reg_0_1 (implemented as a Block RAM) might be sub-optimal as no optional output register could be merged into the ram block. Providing additional output register may help in improving timing.
INFO: [Synth 8-7052] The timing for the instance u_corei_27/u_rom/g_multi_bank.g_bank[6].u_bank/dout_reg_0_2 (implemented as a Block RAM) might be sub-optimal as no optional output register could be merged into the ram block. Providing additional output register may help in improving timing.
INFO: [Synth 8-7052] The timing for the instance u_corei_27/u_rom/g_multi_bank.g_bank[6].u_bank/dout_reg_0_3 (implemented as a Block RAM) might be sub-optimal as no optional output register could be merged into the ram block. Providing additional output register may help in improving timing.
INFO: [Synth 8-7052] The timing for the instance u_corei_27/u_rom/g_multi_bank.g_bank[6].u_bank/dout_reg_0_4 (implemented as a Block RAM) might be sub-optimal as no optional output register could be merged into the ram block. Providing additional output register may help in improving timing.
INFO: [Synth 8-7052] The timing for the instance u_corei_27/u_rom/g_multi_bank.g_bank[6].u_bank/dout_reg_0_5 (implemented as a Block RAM) might be sub-optimal as no optional output register could be merged into the ram block. Providing additional output register may help in improving timing.
INFO: [Synth 8-7052] The timing for the instance u_corei_27/u_rom/g_multi_bank.g_bank[6].u_bank/dout_reg_0_6 (implemented as a Block RAM) might be sub-optimal as no optional output register could be merged into the ram block. Providing additional output register may help in improving timing.
INFO: [Synth 8-7052] The timing for the instance u_corei_27/u_rom/g_multi_bank.g_bank[6].u_bank/dout_reg_0_7 (implemented as a Block RAM) might be sub-optimal as no optional output register could be merged into the ram block. Providing additional output register may help in improving timing.
INFO: [Synth 8-7052] The timing for the instance u_corei_27/u_rom/g_multi_bank.g_bank[7].u_bank/dout_reg_0_0 (implemented as a Block RAM) might be sub-optimal as no optional output register could be merged into the ram block. Providing additional output register may help in improving timing.
INFO: [Synth 8-7052] The timing for the instance u_corei_27/u_rom/g_multi_bank.g_bank[7].u_bank/dout_reg_0_1 (implemented as a Block RAM) might be sub-optimal as no optional output register could be merged into the ram block. Providing additional output register may help in improving timing.
INFO: [Synth 8-7052] The timing for the instance u_corei_27/u_rom/g_multi_bank.g_bank[7].u_bank/dout_reg_0_2 (implemented as a Block RAM) might be sub-optimal as no optional output register could be merged into the ram block. Providing additional output register may help in improving timing.
INFO: [Synth 8-7052] The timing for the instance u_corei_27/u_rom/g_multi_bank.g_bank[7].u_bank/dout_reg_0_3 (implemented as a Block RAM) might be sub-optimal as no optional output register could be merged into the ram block. Providing additional output register may help in improving timing.
INFO: [Synth 8-7052] The timing for the instance u_corei_27/u_rom/g_multi_bank.g_bank[7].u_bank/dout_reg_0_4 (implemented as a Block RAM) might be sub-optimal as no optional output register could be merged into the ram block. Providing additional output register may help in improving timing.
INFO: [Synth 8-7052] The timing for the instance u_corei_27/u_rom/g_multi_bank.g_bank[7].u_bank/dout_reg_0_5 (implemented as a Block RAM) might be sub-optimal as no optional output register could be merged into the ram block. Providing additional output register may help in improving timing.
INFO: [Synth 8-7052] The timing for the instance u_corei_27/u_rom/g_multi_bank.g_bank[7].u_bank/dout_reg_0_6 (implemented as a Block RAM) might be sub-optimal as no optional output register could be merged into the ram block. Providing additional output register may help in improving timing.
INFO: [Synth 8-7052] The timing for the instance u_corei_27/u_rom/g_multi_bank.g_bank[7].u_bank/dout_reg_0_7 (implemented as a Block RAM) might be sub-optimal as no optional output register could be merged into the ram block. Providing additional output register may help in improving timing.
INFO: [Synth 8-7052] The timing for the instance u_corei_27/u_rom/g_multi_bank.g_bank[8].u_bank/dout_reg_0_0 (implemented as a Block RAM) might be sub-optimal as no optional output register could be merged into the ram block. Providing additional output register may help in improving timing.
INFO: [Synth 8-7052] The timing for the instance u_corei_27/u_rom/g_multi_bank.g_bank[8].u_bank/dout_reg_0_1 (implemented as a Block RAM) might be sub-optimal as no optional output register could be merged into the ram block. Providing additional output register may help in improving timing.
INFO: [Synth 8-7052] The timing for the instance u_corei_27/u_rom/g_multi_bank.g_bank[8].u_bank/dout_reg_0_2 (implemented as a Block RAM) might be sub-optimal as no optional output register could be merged into the ram block. Providing additional output register may help in improving timing.
INFO: [Synth 8-7052] The timing for the instance u_corei_27/u_rom/g_multi_bank.g_bank[8].u_bank/dout_reg_0_3 (implemented as a Block RAM) might be sub-optimal as no optional output register could be merged into the ram block. Providing additional output register may help in improving timing.
INFO: [Synth 8-7052] The timing for the instance u_corei_27/u_rom/g_multi_bank.g_bank[8].u_bank/dout_reg_0_4 (implemented as a Block RAM) might be sub-optimal as no optional output register could be merged into the ram block. Providing additional output register may help in improving timing.
INFO: [Synth 8-7052] The timing for the instance u_corei_27/u_rom/g_multi_bank.g_bank[8].u_bank/dout_reg_0_5 (implemented as a Block RAM) might be sub-optimal as no optional output register could be merged into the ram block. Providing additional output register may help in improving timing.
INFO: [Synth 8-7052] The timing for the instance u_corei_27/u_rom/g_multi_bank.g_bank[8].u_bank/dout_reg_0_6 (implemented as a Block RAM) might be sub-optimal as no optional output register could be merged into the ram block. Providing additional output register may help in improving timing.
INFO: [Synth 8-7052] The timing for the instance u_corei_27/u_rom/g_multi_bank.g_bank[8].u_bank/dout_reg_0_7 (implemented as a Block RAM) might be sub-optimal as no optional output register could be merged into the ram block. Providing additional output register may help in improving timing.
INFO: [Synth 8-7052] The timing for the instance u_corei_27/u_rom/g_multi_bank.g_bank[9].u_bank/dout_reg_0_0 (implemented as a Block RAM) might be sub-optimal as no optional output register could be merged into the ram block. Providing additional output register may help in improving timing.
INFO: [Synth 8-7052] The timing for the instance u_corei_27/u_rom/g_multi_bank.g_bank[9].u_bank/dout_reg_0_1 (implemented as a Block RAM) might be sub-optimal as no optional output register could be merged into the ram block. Providing additional output register may help in improving timing.
INFO: [Synth 8-7052] The timing for the instance u_corei_27/u_rom/g_multi_bank.g_bank[9].u_bank/dout_reg_0_2 (implemented as a Block RAM) might be sub-optimal as no optional output register could be merged into the ram block. Providing additional output register may help in improving timing.
INFO: [Synth 8-7052] The timing for the instance u_corei_27/u_rom/g_multi_bank.g_bank[9].u_bank/dout_reg_0_3 (implemented as a Block RAM) might be sub-optimal as no optional output register could be merged into the ram block. Providing additional output register may help in improving timing.
INFO: [Synth 8-7052] The timing for the instance u_corei_27/u_rom/g_multi_bank.g_bank[9].u_bank/dout_reg_0_4 (implemented as a Block RAM) might be sub-optimal as no optional output register could be merged into the ram block. Providing additional output register may help in improving timing.
INFO: [Synth 8-7052] The timing for the instance u_corei_27/u_rom/g_multi_bank.g_bank[9].u_bank/dout_reg_0_5 (implemented as a Block RAM) might be sub-optimal as no optional output register could be merged into the ram block. Providing additional output register may help in improving timing.
INFO: [Synth 8-7052] The timing for the instance u_corei_27/u_rom/g_multi_bank.g_bank[9].u_bank/dout_reg_0_6 (implemented as a Block RAM) might be sub-optimal as no optional output register could be merged into the ram block. Providing additional output register may help in improving timing.
INFO: [Synth 8-7052] The timing for the instance u_corei_27/u_rom/g_multi_bank.g_bank[9].u_bank/dout_reg_0_7 (implemented as a Block RAM) might be sub-optimal as no optional output register could be merged into the ram block. Providing additional output register may help in improving timing.
INFO: [Synth 8-7052] The timing for the instance u_corei_27/u_rom/g_multi_bank.g_bank[10].u_bank/dout_reg_0_0 (implemented as a Block RAM) might be sub-optimal as no optional output register could be merged into the ram block. Providing additional output register may help in improving timing.
INFO: [Synth 8-7052] The timing for the instance u_corei_27/u_rom/g_multi_bank.g_bank[10].u_bank/dout_reg_0_1 (implemented as a Block RAM) might be sub-optimal as no optional output register could be merged into the ram block. Providing additional output register may help in improving timing.
INFO: [Synth 8-7052] The timing for the instance u_corei_27/u_rom/g_multi_bank.g_bank[10].u_bank/dout_reg_0_2 (implemented as a Block RAM) might be sub-optimal as no optional output register could be merged into the ram block. Providing additional output register may help in improving timing.
INFO: [Synth 8-7052] The timing for the instance u_corei_27/u_rom/g_multi_bank.g_bank[10].u_bank/dout_reg_0_3 (implemented as a Block RAM) might be sub-optimal as no optional output register could be merged into the ram block. Providing additional output register may help in improving timing.
INFO: [Synth 8-7052] The timing for the instance u_corei_27/u_rom/g_multi_bank.g_bank[10].u_bank/dout_reg_0_4 (implemented as a Block RAM) might be sub-optimal as no optional output register could be merged into the ram block. Providing additional output register may help in improving timing.
INFO: [Synth 8-7052] The timing for the instance u_corei_27/u_rom/g_multi_bank.g_bank[10].u_bank/dout_reg_0_5 (implemented as a Block RAM) might be sub-optimal as no optional output register could be merged into the ram block. Providing additional output register may help in improving timing.
INFO: [Synth 8-7052] The timing for the instance u_corei_27/u_rom/g_multi_bank.g_bank[10].u_bank/dout_reg_0_6 (implemented as a Block RAM) might be sub-optimal as no optional output register could be merged into the ram block. Providing additional output register may help in improving timing.
INFO: [Synth 8-7052] The timing for the instance u_corei_27/u_rom/g_multi_bank.g_bank[10].u_bank/dout_reg_0_7 (implemented as a Block RAM) might be sub-optimal as no optional output register could be merged into the ram block. Providing additional output register may help in improving timing.
INFO: [Synth 8-7052] The timing for the instance u_corei_27/u_rom/g_multi_bank.g_bank[11].u_bank/dout_reg_0_0 (implemented as a Block RAM) might be sub-optimal as no optional output register could be merged into the ram block. Providing additional output register may help in improving timing.
INFO: [Synth 8-7052] The timing for the instance u_corei_27/u_rom/g_multi_bank.g_bank[11].u_bank/dout_reg_0_1 (implemented as a Block RAM) might be sub-optimal as no optional output register could be merged into the ram block. Providing additional output register may help in improving timing.
INFO: [Synth 8-7052] The timing for the instance u_corei_27/u_rom/g_multi_bank.g_bank[11].u_bank/dout_reg_0_2 (implemented as a Block RAM) might be sub-optimal as no optional output register could be merged into the ram block. Providing additional output register may help in improving timing.
INFO: [Synth 8-7052] The timing for the instance u_corei_27/u_rom/g_multi_bank.g_bank[11].u_bank/dout_reg_0_3 (implemented as a Block RAM) might be sub-optimal as no optional output register could be merged into the ram block. Providing additional output register may help in improving timing.
INFO: [Synth 8-7052] The timing for the instance u_corei_27/u_rom/g_multi_bank.g_bank[11].u_bank/dout_reg_0_4 (implemented as a Block RAM) might be sub-optimal as no optional output register could be merged into the ram block. Providing additional output register may help in improving timing.
INFO: [Synth 8-7052] The timing for the instance u_corei_27/u_rom/g_multi_bank.g_bank[11].u_bank/dout_reg_0_5 (implemented as a Block RAM) might be sub-optimal as no optional output register could be merged into the ram block. Providing additional output register may help in improving timing.
INFO: [Synth 8-7052] The timing for the instance u_corei_27/u_rom/g_multi_bank.g_bank[11].u_bank/dout_reg_0_6 (implemented as a Block RAM) might be sub-optimal as no optional output register could be merged into the ram block. Providing additional output register may help in improving timing.
INFO: [Synth 8-7052] The timing for the instance u_corei_27/u_rom/g_multi_bank.g_bank[11].u_bank/dout_reg_0_7 (implemented as a Block RAM) might be sub-optimal as no optional output register could be merged into the ram block. Providing additional output register may help in improving timing.
INFO: [Synth 8-7052] The timing for the instance u_corei_27/u_rom/g_multi_bank.g_bank[12].u_bank/dout_reg_0_0 (implemented as a Block RAM) might be sub-optimal as no optional output register could be merged into the ram block. Providing additional output register may help in improving timing.
INFO: [Synth 8-7052] The timing for the instance u_corei_27/u_rom/g_multi_bank.g_bank[12].u_bank/dout_reg_0_1 (implemented as a Block RAM) might be sub-optimal as no optional output register could be merged into the ram block. Providing additional output register may help in improving timing.
INFO: [Synth 8-7052] The timing for the instance u_corei_27/u_rom/g_multi_bank.g_bank[12].u_bank/dout_reg_0_2 (implemented as a Block RAM) might be sub-optimal as no optional output register could be merged into the ram block. Providing additional output register may help in improving timing.
INFO: [Synth 8-7052] The timing for the instance u_corei_27/u_rom/g_multi_bank.g_bank[12].u_bank/dout_reg_0_3 (implemented as a Block RAM) might be sub-optimal as no optional output register could be merged into the ram block. Providing additional output register may help in improving timing.
INFO: [Common 17-14] Message 'Synth 8-7052' appears 100 times and further instances of the messages will be disabled. Use the Tcl command set_msg_config to change the current settings.
---------------------------------------------------------------------------------
Finished Technology Mapping : Time (s): cpu = 00:01:54 ; elapsed = 00:02:02 . Memory (MB): peak = 2965.637 ; gain = 2198.352
---------------------------------------------------------------------------------
---------------------------------------------------------------------------------
Start IO Insertion
---------------------------------------------------------------------------------
---------------------------------------------------------------------------------
Start Flattening Before IO Insertion
---------------------------------------------------------------------------------
---------------------------------------------------------------------------------
Finished Flattening Before IO Insertion
---------------------------------------------------------------------------------
---------------------------------------------------------------------------------
Start Final Netlist Cleanup
---------------------------------------------------------------------------------
---------------------------------------------------------------------------------
Finished Final Netlist Cleanup
---------------------------------------------------------------------------------
---------------------------------------------------------------------------------
Finished IO Insertion : Time (s): cpu = 00:02:03 ; elapsed = 00:02:11 . Memory (MB): peak = 2992.395 ; gain = 2225.109
---------------------------------------------------------------------------------
---------------------------------------------------------------------------------
Start Renaming Generated Instances
---------------------------------------------------------------------------------
---------------------------------------------------------------------------------
Finished Renaming Generated Instances : Time (s): cpu = 00:02:03 ; elapsed = 00:02:11 . Memory (MB): peak = 2992.395 ; gain = 2225.109
---------------------------------------------------------------------------------
---------------------------------------------------------------------------------
Start Rebuilding User Hierarchy
---------------------------------------------------------------------------------
---------------------------------------------------------------------------------
Finished Rebuilding User Hierarchy : Time (s): cpu = 00:02:16 ; elapsed = 00:02:25 . Memory (MB): peak = 2996.922 ; gain = 2229.637
---------------------------------------------------------------------------------
---------------------------------------------------------------------------------
Start Renaming Generated Ports
---------------------------------------------------------------------------------
---------------------------------------------------------------------------------
Finished Renaming Generated Ports : Time (s): cpu = 00:02:16 ; elapsed = 00:02:25 . Memory (MB): peak = 2996.922 ; gain = 2229.637
---------------------------------------------------------------------------------
---------------------------------------------------------------------------------
Start Handling Custom Attributes
---------------------------------------------------------------------------------
---------------------------------------------------------------------------------
Finished Handling Custom Attributes : Time (s): cpu = 00:02:17 ; elapsed = 00:02:26 . Memory (MB): peak = 3021.793 ; gain = 2254.508
---------------------------------------------------------------------------------
---------------------------------------------------------------------------------
Start Renaming Generated Nets
---------------------------------------------------------------------------------
---------------------------------------------------------------------------------
Finished Renaming Generated Nets : Time (s): cpu = 00:02:17 ; elapsed = 00:02:26 . Memory (MB): peak = 3021.793 ; gain = 2254.508
---------------------------------------------------------------------------------
---------------------------------------------------------------------------------
Start ROM, RAM, DSP, Shift Register and Retiming Reporting
---------------------------------------------------------------------------------

Static Shift Register Report:
+------------+------------------------------------------------------------------+--------+-------+--------------+--------------------+-------------------+--------+---------+
|Module Name | RTL Name                                                         | Length | Width | Reset Signal | Pull out first Reg | Pull out last Reg | SRL16E | SRLC32E | 
+------------+------------------------------------------------------------------+--------+-------+--------------+--------------------+-------------------+--------+---------+
|c_synth_top | u_top/u_core/u_b/u_b_core/core/core/l1/post/meta_slot_reg[8]     | 9      | 1     | YES          | NO                 | YES               | 1      | 0       | 
|c_synth_top | u_top/u_core/u_b/u_b_core/core/core/l2/post/meta_slot_reg[8]     | 9      | 1     | YES          | NO                 | YES               | 1      | 0       | 
|c_synth_top | u_top/u_core/u_b/u_b_core/core/core/l2/post/meta_group_reg[8][3] | 9      | 4     | YES          | NO                 | YES               | 4      | 0       | 
|c_synth_top | u_top/u_core/u_b/u_b_core/core/core/l4/post/meta_slot_reg[8]     | 9      | 1     | YES          | NO                 | YES               | 1      | 0       | 
|c_synth_top | u_top/u_core/u_b/u_b_core/core/core/l4/post/meta_group_reg[8][3] | 9      | 4     | YES          | NO                 | YES               | 4      | 0       | 
|c_synth_top | u_top/u_core/u_b/u_b_core/core/core/l5/post/meta_slot_reg[8]     | 9      | 1     | YES          | NO                 | YES               | 1      | 0       | 
|c_synth_top | u_top/u_core/u_b/u_b_core/core/core/l5/post/meta_group_reg[8][3] | 9      | 4     | YES          | NO                 | YES               | 4      | 0       | 
|c_synth_top | u_top/u_core/u_b/u_b_core/core/core/l1/post/meta_group_reg[8][3] | 9      | 4     | YES          | NO                 | YES               | 4      | 0       | 
|c_synth_top | u_top/u_core/u_b/u_b_core/core/core/l3/post/meta_slot_reg[8]     | 9      | 1     | YES          | NO                 | YES               | 1      | 0       | 
|c_synth_top | u_top/u_core/u_b/u_b_core/core/core/l3/post/meta_group_reg[8][3] | 9      | 4     | YES          | NO                 | YES               | 4      | 0       | 
+------------+------------------------------------------------------------------+--------+-------+--------------+--------------------+-------------------+--------+---------+

---------------------------------------------------------------------------------
Finished ROM, RAM, DSP, Shift Register and Retiming Reporting
---------------------------------------------------------------------------------
---------------------------------------------------------------------------------
Start Writing Synthesis Report
---------------------------------------------------------------------------------

DSP Final Report (the ' indicates corresponding REG is set)
+-------------------+---------------------+--------+--------+--------+--------+--------+------+------+------+------+-------+------+------+
|Module Name        | DSP Mapping         | A Size | B Size | C Size | D Size | P Size | AREG | BREG | CREG | DREG | ADREG | MREG | PREG | 
+-------------------+---------------------+--------+--------+--------+--------+--------+------+------+------+------+-------+------+------+
|phase_mac_pipeline | ((A*B)')'           | 8      | 18     | -      | -      | 17     | 0    | 0    | -    | -    | -     | 1    | 1    | 
|phase_mac_pipeline | (A*B)'              | 8      | 18     | -      | -      | 17     | 0    | 0    | -    | -    | -     | 0    | 1    | 
|phase_mac_pipeline | (A*B)'              | 8      | 18     | -      | -      | 17     | 0    | 0    | -    | -    | -     | 0    | 1    | 
|phase_mac_pipeline | (A*B)'              | 8      | 18     | -      | -      | 17     | 0    | 0    | -    | -    | -     | 0    | 1    | 
|phase_mac_pipeline | (A*B)'              | 8      | 18     | -      | -      | 17     | 0    | 0    | -    | -    | -     | 0    | 1    | 
|phase_mac_pipeline | (A*B)'              | 8      | 18     | -      | -      | 17     | 0    | 0    | -    | -    | -     | 0    | 1    | 
|phase_mac_pipeline | (A*B)'              | 8      | 18     | -      | -      | 17     | 0    | 0    | -    | -    | -     | 0    | 1    | 
|phase_mac_pipeline | (A*B)'              | 8      | 18     | -      | -      | 17     | 0    | 0    | -    | -    | -     | 0    | 1    | 
|phase_mac_pipeline | (A*B)'              | 8      | 18     | -      | -      | 17     | 0    | 0    | -    | -    | -     | 0    | 1    | 
|phase_mac_pipeline | (A*B)'              | 8      | 18     | -      | -      | 17     | 0    | 0    | -    | -    | -     | 0    | 1    | 
|phase_mac_pipeline | (A*B)'              | 8      | 18     | -      | -      | 17     | 0    | 0    | -    | -    | -     | 0    | 1    | 
|phase_mac_pipeline | (A*B)'              | 8      | 18     | -      | -      | 17     | 0    | 0    | -    | -    | -     | 0    | 1    | 
|phase_mac_pipeline | (A*B)'              | 8      | 18     | -      | -      | 17     | 0    | 0    | -    | -    | -     | 0    | 1    | 
|phase_mac_pipeline | (A*B)'              | 8      | 18     | -      | -      | 17     | 0    | 0    | -    | -    | -     | 0    | 1    | 
|phase_mac_pipeline | (A*B)'              | 8      | 18     | -      | -      | 17     | 0    | 0    | -    | -    | -     | 0    | 1    | 
|phase_mac_pipeline | (A*B)'              | 8      | 18     | -      | -      | 17     | 0    | 0    | -    | -    | -     | 0    | 1    | 
|phase_mac_pipeline | (A*B)'              | 8      | 18     | -      | -      | 17     | 0    | 0    | -    | -    | -     | 0    | 1    | 
|phase_mac_pipeline | (A*B)'              | 8      | 18     | -      | -      | 17     | 0    | 0    | -    | -    | -     | 0    | 1    | 
|phase_mac_pipeline | (A*B)'              | 8      | 18     | -      | -      | 17     | 0    | 0    | -    | -    | -     | 0    | 1    | 
|phase_mac_pipeline | (A*B)'              | 8      | 18     | -      | -      | 17     | 0    | 0    | -    | -    | -     | 0    | 1    | 
|phase_mac_pipeline | (A*B)'              | 8      | 18     | -      | -      | 17     | 0    | 0    | -    | -    | -     | 0    | 1    | 
|phase_mac_pipeline | (A*B)'              | 8      | 18     | -      | -      | 17     | 0    | 0    | -    | -    | -     | 0    | 1    | 
|phase_mac_pipeline | (A*B)'              | 8      | 18     | -      | -      | 17     | 0    | 0    | -    | -    | -     | 0    | 1    | 
|phase_mac_pipeline | (A*B)'              | 8      | 18     | -      | -      | 17     | 0    | 0    | -    | -    | -     | 0    | 1    | 
|phase_mac_pipeline | (A*B)'              | 8      | 18     | -      | -      | 17     | 0    | 0    | -    | -    | -     | 0    | 1    | 
|phase_mac_pipeline | ((A*B)')'           | 8      | 18     | -      | -      | 17     | 0    | 0    | -    | -    | -     | 1    | 1    | 
|phase_mac_pipeline | (A*B)'              | 8      | 18     | -      | -      | 17     | 0    | 0    | -    | -    | -     | 0    | 1    | 
|phase_mac_pipeline | (A*B)'              | 8      | 18     | -      | -      | 17     | 0    | 0    | -    | -    | -     | 0    | 1    | 
|phase_mac_pipeline | (A*B)'              | 8      | 18     | -      | -      | 17     | 0    | 0    | -    | -    | -     | 0    | 1    | 
|phase_mac_pipeline | (A*B)'              | 8      | 18     | -      | -      | 17     | 0    | 0    | -    | -    | -     | 0    | 1    | 
|phase_mac_pipeline | (A*B)'              | 8      | 18     | -      | -      | 17     | 0    | 0    | -    | -    | -     | 0    | 1    | 
|phase_mac_pipeline | (A*B)'              | 8      | 18     | -      | -      | 17     | 0    | 0    | -    | -    | -     | 0    | 1    | 
|phase_mac_pipeline | (A*B)'              | 8      | 18     | -      | -      | 17     | 0    | 0    | -    | -    | -     | 0    | 1    | 
|phase_mac_pipeline | (A*B)'              | 8      | 18     | -      | -      | 17     | 0    | 0    | -    | -    | -     | 0    | 1    | 
|phase_mac_pipeline | (A*B)'              | 8      | 18     | -      | -      | 17     | 0    | 0    | -    | -    | -     | 0    | 1    | 
|phase_mac_pipeline | (A*B)'              | 8      | 18     | -      | -      | 17     | 0    | 0    | -    | -    | -     | 0    | 1    | 
|phase_mac_pipeline | (A*B)'              | 8      | 18     | -      | -      | 17     | 0    | 0    | -    | -    | -     | 0    | 1    | 
|phase_mac_pipeline | (A*B)'              | 8      | 18     | -      | -      | 17     | 0    | 0    | -    | -    | -     | 0    | 1    | 
|phase_mac_pipeline | (A*B)'              | 8      | 18     | -      | -      | 17     | 0    | 0    | -    | -    | -     | 0    | 1    | 
|phase_mac_pipeline | (A*B)'              | 8      | 18     | -      | -      | 17     | 0    | 0    | -    | -    | -     | 0    | 1    | 
|phase_mac_pipeline | (A*B)'              | 8      | 18     | -      | -      | 17     | 0    | 0    | -    | -    | -     | 0    | 1    | 
|phase_mac_pipeline | (A*B)'              | 8      | 18     | -      | -      | 17     | 0    | 0    | -    | -    | -     | 0    | 1    | 
|phase_mac_pipeline | (A*B)'              | 8      | 18     | -      | -      | 17     | 0    | 0    | -    | -    | -     | 0    | 1    | 
|phase_mac_pipeline | (A*B)'              | 8      | 18     | -      | -      | 17     | 0    | 0    | -    | -    | -     | 0    | 1    | 
|phase_mac_pipeline | (A*B)'              | 8      | 18     | -      | -      | 17     | 0    | 0    | -    | -    | -     | 0    | 1    | 
|phase_mac_pipeline | (A*B)'              | 8      | 18     | -      | -      | 17     | 0    | 0    | -    | -    | -     | 0    | 1    | 
|phase_mac_pipeline | (A*B)'              | 8      | 18     | -      | -      | 17     | 0    | 0    | -    | -    | -     | 0    | 1    | 
|phase_mac_pipeline | (A*B)'              | 8      | 18     | -      | -      | 17     | 0    | 0    | -    | -    | -     | 0    | 1    | 
|phase_mac_pipeline | (A*B)'              | 8      | 18     | -      | -      | 17     | 0    | 0    | -    | -    | -     | 0    | 1    | 
|phase_mac_pipeline | (A*B)'              | 8      | 18     | -      | -      | 17     | 0    | 0    | -    | -    | -     | 0    | 1    | 
|prelu_requantize   | A'*B'               | 17     | 18     | -      | -      | 48     | 1    | 1    | -    | -    | -     | 0    | 0    | 
|prelu_requantize   | (PCIN>>17+A'*B')'   | 30     | 18     | -      | -      | 48     | 1    | 1    | -    | -    | -     | 0    | 1    | 
|prelu_requantize   | A''*B'              | 17     | 18     | -      | -      | 48     | 2    | 1    | -    | -    | -     | 0    | 0    | 
|prelu_requantize   | (PCIN>>17+A'*B'')'  | 30     | 12     | -      | -      | 48     | 1    | 2    | -    | -    | -     | 0    | 1    | 
|prelu_requantize   | A'*B''              | 17     | 17     | -      | -      | 48     | 1    | 2    | -    | -    | -     | 0    | 0    | 
|prelu_requantize   | (PCIN>>17+A*B'')'   | 0      | 12     | -      | -      | 48     | 0    | 2    | -    | -    | -     | 0    | 1    | 
|prelu_requantize   | A'*B'               | 17     | 15     | -      | -      | 48     | 1    | 1    | -    | -    | -     | 0    | 0    | 
|prelu_requantize   | (PCIN>>17+A'*B')'   | 15     | 18     | -      | -      | 48     | 1    | 1    | -    | -    | -     | 0    | 1    | 
|prelu_requantize   | A''*B'              | 17     | 18     | -      | -      | 48     | 2    | 1    | -    | -    | -     | 0    | 0    | 
|prelu_requantize   | (PCIN>>17+A'*B'')'  | 30     | 13     | -      | -      | 48     | 1    | 2    | -    | -    | -     | 0    | 1    | 
|prelu_requantize   | A'*B''              | 17     | 17     | -      | -      | 48     | 1    | 2    | -    | -    | -     | 0    | 0    | 
|prelu_requantize   | (PCIN>>17+A*B'')'   | 0      | 13     | -      | -      | 48     | 0    | 2    | -    | -    | -     | 0    | 1    | 
|phase_mac_pipeline | (A*B)'              | 30     | 18     | -      | -      | 24     | 0    | 0    | -    | -    | -     | 0    | 1    | 
|phase_mac_pipeline | (A*B)'              | 30     | 18     | -      | -      | 24     | 0    | 0    | -    | -    | -     | 0    | 1    | 
|phase_mac_pipeline | (A*B)'              | 30     | 18     | -      | -      | 24     | 0    | 0    | -    | -    | -     | 0    | 1    | 
|phase_mac_pipeline | (A*B)'              | 30     | 18     | -      | -      | 24     | 0    | 0    | -    | -    | -     | 0    | 1    | 
|phase_mac_pipeline | (A*B)'              | 30     | 18     | -      | -      | 24     | 0    | 0    | -    | -    | -     | 0    | 1    | 
|phase_mac_pipeline | (A*B)'              | 30     | 18     | -      | -      | 24     | 0    | 0    | -    | -    | -     | 0    | 1    | 
|phase_mac_pipeline | (A*B)'              | 30     | 18     | -      | -      | 24     | 0    | 0    | -    | -    | -     | 0    | 1    | 
|phase_mac_pipeline | (A*B)'              | 30     | 18     | -      | -      | 24     | 0    | 0    | -    | -    | -     | 0    | 1    | 
|phase_mac_pipeline | (A*B)'              | 30     | 18     | -      | -      | 24     | 0    | 0    | -    | -    | -     | 0    | 1    | 
|phase_mac_pipeline | (A*B)'              | 30     | 18     | -      | -      | 24     | 0    | 0    | -    | -    | -     | 0    | 1    | 
|phase_mac_pipeline | (A*B)'              | 30     | 18     | -      | -      | 24     | 0    | 0    | -    | -    | -     | 0    | 1    | 
|phase_mac_pipeline | (A*B)'              | 30     | 18     | -      | -      | 24     | 0    | 0    | -    | -    | -     | 0    | 1    | 
|phase_mac_pipeline | (A*B)'              | 30     | 18     | -      | -      | 24     | 0    | 0    | -    | -    | -     | 0    | 1    | 
|phase_mac_pipeline | (A*B)'              | 30     | 18     | -      | -      | 24     | 0    | 0    | -    | -    | -     | 0    | 1    | 
|phase_mac_pipeline | (A*B)'              | 30     | 18     | -      | -      | 24     | 0    | 0    | -    | -    | -     | 0    | 1    | 
|phase_mac_pipeline | (A*B)'              | 30     | 18     | -      | -      | 24     | 0    | 0    | -    | -    | -     | 0    | 1    | 
|prelu_requantize   | A'*B'               | 17     | 15     | -      | -      | 48     | 1    | 1    | -    | -    | -     | 0    | 0    | 
|prelu_requantize   | (PCIN>>17+A'*B')'   | 15     | 18     | -      | -      | 48     | 1    | 1    | -    | -    | -     | 0    | 1    | 
|prelu_requantize   | A''*B'              | 17     | 18     | -      | -      | 48     | 2    | 1    | -    | -    | -     | 0    | 0    | 
|prelu_requantize   | (PCIN>>17+A'*B'')'  | 30     | 8      | -      | -      | 48     | 1    | 2    | -    | -    | -     | 0    | 1    | 
|prelu_requantize   | A'*B''              | 17     | 17     | -      | -      | 48     | 1    | 2    | -    | -    | -     | 0    | 0    | 
|prelu_requantize   | (PCIN>>17+A*B'')'   | 0      | 8      | -      | -      | 48     | 0    | 2    | -    | -    | -     | 0    | 1    | 
|phase_mac_pipeline | ((A*B)')'           | 30     | 18     | -      | -      | 24     | 0    | 0    | -    | -    | -     | 1    | 1    | 
|phase_mac_pipeline | (A*B)'              | 30     | 18     | -      | -      | 24     | 0    | 0    | -    | -    | -     | 0    | 1    | 
|phase_mac_pipeline | (A*B)'              | 30     | 18     | -      | -      | 24     | 0    | 0    | -    | -    | -     | 0    | 1    | 
|phase_mac_pipeline | (A*B)'              | 30     | 18     | -      | -      | 24     | 0    | 0    | -    | -    | -     | 0    | 1    | 
|phase_mac_pipeline | (A*B)'              | 30     | 18     | -      | -      | 24     | 0    | 0    | -    | -    | -     | 0    | 1    | 
|phase_mac_pipeline | (A*B)'              | 30     | 18     | -      | -      | 24     | 0    | 0    | -    | -    | -     | 0    | 1    | 
|phase_mac_pipeline | (A*B)'              | 30     | 18     | -      | -      | 24     | 0    | 0    | -    | -    | -     | 0    | 1    | 
|phase_mac_pipeline | (A*B)'              | 30     | 18     | -      | -      | 24     | 0    | 0    | -    | -    | -     | 0    | 1    | 
|phase_mac_pipeline | (A*B)'              | 30     | 18     | -      | -      | 24     | 0    | 0    | -    | -    | -     | 0    | 1    | 
|phase_mac_pipeline | ((A*B)')'           | 30     | 18     | -      | -      | 24     | 0    | 0    | -    | -    | -     | 1    | 1    | 
|phase_mac_pipeline | (A*B)'              | 30     | 18     | -      | -      | 24     | 0    | 0    | -    | -    | -     | 0    | 1    | 
|phase_mac_pipeline | (A*B)'              | 30     | 18     | -      | -      | 24     | 0    | 0    | -    | -    | -     | 0    | 1    | 
|phase_mac_pipeline | (A*B)'              | 30     | 18     | -      | -      | 24     | 0    | 0    | -    | -    | -     | 0    | 1    | 
|phase_mac_pipeline | (A*B)'              | 30     | 18     | -      | -      | 24     | 0    | 0    | -    | -    | -     | 0    | 1    | 
|phase_mac_pipeline | (A*B)'              | 30     | 18     | -      | -      | 24     | 0    | 0    | -    | -    | -     | 0    | 1    | 
|phase_mac_pipeline | (A*B)'              | 30     | 18     | -      | -      | 24     | 0    | 0    | -    | -    | -     | 0    | 1    | 
|phase_mac_pipeline | (A*B)'              | 30     | 18     | -      | -      | 24     | 0    | 0    | -    | -    | -     | 0    | 1    | 
|phase_mac_pipeline | (A*B)'              | 30     | 18     | -      | -      | 24     | 0    | 0    | -    | -    | -     | 0    | 1    | 
|phase_mac_pipeline | ((A*B)')'           | 30     | 18     | -      | -      | 24     | 0    | 0    | -    | -    | -     | 1    | 1    | 
|phase_mac_pipeline | (A*B)'              | 30     | 18     | -      | -      | 24     | 0    | 0    | -    | -    | -     | 0    | 1    | 
|phase_mac_pipeline | (A*B)'              | 30     | 18     | -      | -      | 24     | 0    | 0    | -    | -    | -     | 0    | 1    | 
|phase_mac_pipeline | (A*B)'              | 30     | 18     | -      | -      | 24     | 0    | 0    | -    | -    | -     | 0    | 1    | 
|phase_mac_pipeline | (A*B)'              | 30     | 18     | -      | -      | 24     | 0    | 0    | -    | -    | -     | 0    | 1    | 
|phase_mac_pipeline | (A*B)'              | 30     | 18     | -      | -      | 24     | 0    | 0    | -    | -    | -     | 0    | 1    | 
|phase_mac_pipeline | (A*B)'              | 30     | 18     | -      | -      | 24     | 0    | 0    | -    | -    | -     | 0    | 1    | 
|phase_mac_pipeline | (A*B)'              | 30     | 18     | -      | -      | 24     | 0    | 0    | -    | -    | -     | 0    | 1    | 
|phase_mac_pipeline | (A*B)'              | 30     | 18     | -      | -      | 24     | 0    | 0    | -    | -    | -     | 0    | 1    | 
|phase_mac_pipeline | ((A*B)')'           | 30     | 18     | -      | -      | 24     | 0    | 0    | -    | -    | -     | 1    | 1    | 
|phase_mac_pipeline | (A*B)'              | 30     | 18     | -      | -      | 24     | 0    | 0    | -    | -    | -     | 0    | 1    | 
|phase_mac_pipeline | (A*B)'              | 30     | 18     | -      | -      | 24     | 0    | 0    | -    | -    | -     | 0    | 1    | 
|phase_mac_pipeline | (A*B)'              | 30     | 18     | -      | -      | 24     | 0    | 0    | -    | -    | -     | 0    | 1    | 
|phase_mac_pipeline | (A*B)'              | 30     | 18     | -      | -      | 24     | 0    | 0    | -    | -    | -     | 0    | 1    | 
|phase_mac_pipeline | (A*B)'              | 30     | 18     | -      | -      | 24     | 0    | 0    | -    | -    | -     | 0    | 1    | 
|phase_mac_pipeline | (A*B)'              | 30     | 18     | -      | -      | 24     | 0    | 0    | -    | -    | -     | 0    | 1    | 
|phase_mac_pipeline | (A*B)'              | 30     | 18     | -      | -      | 24     | 0    | 0    | -    | -    | -     | 0    | 1    | 
|phase_mac_pipeline | (A*B)'              | 30     | 18     | -      | -      | 24     | 0    | 0    | -    | -    | -     | 0    | 1    | 
|phase_mac_pipeline | ((A*B)')'           | 30     | 18     | -      | -      | 24     | 0    | 0    | -    | -    | -     | 1    | 1    | 
|phase_mac_pipeline | (A*B)'              | 30     | 18     | -      | -      | 24     | 0    | 0    | -    | -    | -     | 0    | 1    | 
|phase_mac_pipeline | (A*B)'              | 30     | 18     | -      | -      | 24     | 0    | 0    | -    | -    | -     | 0    | 1    | 
|phase_mac_pipeline | (A*B)'              | 30     | 18     | -      | -      | 24     | 0    | 0    | -    | -    | -     | 0    | 1    | 
|phase_mac_pipeline | (A*B)'              | 30     | 18     | -      | -      | 24     | 0    | 0    | -    | -    | -     | 0    | 1    | 
|phase_mac_pipeline | (A*B)'              | 30     | 18     | -      | -      | 24     | 0    | 0    | -    | -    | -     | 0    | 1    | 
|phase_mac_pipeline | (A*B)'              | 30     | 18     | -      | -      | 24     | 0    | 0    | -    | -    | -     | 0    | 1    | 
|phase_mac_pipeline | (A*B)'              | 30     | 18     | -      | -      | 24     | 0    | 0    | -    | -    | -     | 0    | 1    | 
|phase_mac_pipeline | (A*B)'              | 30     | 18     | -      | -      | 24     | 0    | 0    | -    | -    | -     | 0    | 1    | 
|phase_mac_pipeline | ((A*B)')'           | 30     | 18     | -      | -      | 24     | 0    | 0    | -    | -    | -     | 1    | 1    | 
|phase_mac_pipeline | (A*B)'              | 30     | 18     | -      | -      | 24     | 0    | 0    | -    | -    | -     | 0    | 1    | 
|phase_mac_pipeline | (A*B)'              | 30     | 18     | -      | -      | 24     | 0    | 0    | -    | -    | -     | 0    | 1    | 
|phase_mac_pipeline | (A*B)'              | 30     | 18     | -      | -      | 24     | 0    | 0    | -    | -    | -     | 0    | 1    | 
|phase_mac_pipeline | (A*B)'              | 30     | 18     | -      | -      | 24     | 0    | 0    | -    | -    | -     | 0    | 1    | 
|phase_mac_pipeline | (A*B)'              | 30     | 18     | -      | -      | 24     | 0    | 0    | -    | -    | -     | 0    | 1    | 
|phase_mac_pipeline | (A*B)'              | 30     | 18     | -      | -      | 24     | 0    | 0    | -    | -    | -     | 0    | 1    | 
|phase_mac_pipeline | (A*B)'              | 30     | 18     | -      | -      | 24     | 0    | 0    | -    | -    | -     | 0    | 1    | 
|phase_mac_pipeline | (A*B)'              | 30     | 18     | -      | -      | 24     | 0    | 0    | -    | -    | -     | 0    | 1    | 
|phase_mac_pipeline | ((A*B)')'           | 30     | 18     | -      | -      | 24     | 0    | 0    | -    | -    | -     | 1    | 1    | 
|phase_mac_pipeline | (A*B)'              | 30     | 18     | -      | -      | 24     | 0    | 0    | -    | -    | -     | 0    | 1    | 
|phase_mac_pipeline | (A*B)'              | 30     | 18     | -      | -      | 24     | 0    | 0    | -    | -    | -     | 0    | 1    | 
|phase_mac_pipeline | (A*B)'              | 30     | 18     | -      | -      | 24     | 0    | 0    | -    | -    | -     | 0    | 1    | 
|phase_mac_pipeline | (A*B)'              | 30     | 18     | -      | -      | 24     | 0    | 0    | -    | -    | -     | 0    | 1    | 
|phase_mac_pipeline | (A*B)'              | 30     | 18     | -      | -      | 24     | 0    | 0    | -    | -    | -     | 0    | 1    | 
|phase_mac_pipeline | (A*B)'              | 30     | 18     | -      | -      | 24     | 0    | 0    | -    | -    | -     | 0    | 1    | 
|phase_mac_pipeline | (A*B)'              | 30     | 18     | -      | -      | 24     | 0    | 0    | -    | -    | -     | 0    | 1    | 
|phase_mac_pipeline | (A*B)'              | 30     | 18     | -      | -      | 24     | 0    | 0    | -    | -    | -     | 0    | 1    | 
|phase_mac_pipeline | ((A*B)')'           | 30     | 18     | -      | -      | 24     | 0    | 0    | -    | -    | -     | 1    | 1    | 
|phase_mac_pipeline | (A*B)'              | 30     | 18     | -      | -      | 24     | 0    | 0    | -    | -    | -     | 0    | 1    | 
|phase_mac_pipeline | (A*B)'              | 30     | 18     | -      | -      | 24     | 0    | 0    | -    | -    | -     | 0    | 1    | 
|phase_mac_pipeline | (A*B)'              | 30     | 18     | -      | -      | 24     | 0    | 0    | -    | -    | -     | 0    | 1    | 
|phase_mac_pipeline | (A*B)'              | 30     | 18     | -      | -      | 24     | 0    | 0    | -    | -    | -     | 0    | 1    | 
|phase_mac_pipeline | (A*B)'              | 30     | 18     | -      | -      | 24     | 0    | 0    | -    | -    | -     | 0    | 1    | 
|phase_mac_pipeline | (A*B)'              | 30     | 18     | -      | -      | 24     | 0    | 0    | -    | -    | -     | 0    | 1    | 
|phase_mac_pipeline | (A*B)'              | 30     | 18     | -      | -      | 24     | 0    | 0    | -    | -    | -     | 0    | 1    | 
|phase_mac_pipeline | (A*B)'              | 30     | 18     | -      | -      | 24     | 0    | 0    | -    | -    | -     | 0    | 1    | 
|prelu_requantize   | A'*B'               | 17     | 18     | -      | -      | 48     | 1    | 1    | -    | -    | -     | 0    | 0    | 
|prelu_requantize   | (PCIN>>17+A'*B')'   | 30     | 18     | -      | -      | 48     | 1    | 1    | -    | -    | -     | 0    | 1    | 
|prelu_requantize   | A''*B'              | 17     | 18     | -      | -      | 48     | 2    | 1    | -    | -    | -     | 0    | 0    | 
|prelu_requantize   | (PCIN>>17+A'*B'')'  | 30     | 7      | -      | -      | 48     | 1    | 2    | -    | -    | -     | 0    | 1    | 
|prelu_requantize   | A'*B''              | 17     | 17     | -      | -      | 48     | 1    | 2    | -    | -    | -     | 0    | 0    | 
|prelu_requantize   | (PCIN>>17+A*B'')'   | 0      | 7      | -      | -      | 48     | 0    | 2    | -    | -    | -     | 0    | 1    | 
|phase_mac_pipeline | (A*B)'              | 30     | 18     | -      | -      | 24     | 0    | 0    | -    | -    | -     | 0    | 1    | 
|phase_mac_pipeline | (A*B)'              | 30     | 18     | -      | -      | 24     | 0    | 0    | -    | -    | -     | 0    | 1    | 
|phase_mac_pipeline | (A*B)'              | 30     | 18     | -      | -      | 24     | 0    | 0    | -    | -    | -     | 0    | 1    | 
|phase_mac_pipeline | (A*B)'              | 30     | 18     | -      | -      | 24     | 0    | 0    | -    | -    | -     | 0    | 1    | 
|phase_mac_pipeline | (A*B)'              | 30     | 18     | -      | -      | 24     | 0    | 0    | -    | -    | -     | 0    | 1    | 
|phase_mac_pipeline | (A*B)'              | 30     | 18     | -      | -      | 24     | 0    | 0    | -    | -    | -     | 0    | 1    | 
|phase_mac_pipeline | (A*B)'              | 30     | 18     | -      | -      | 24     | 0    | 0    | -    | -    | -     | 0    | 1    | 
|phase_mac_pipeline | (A*B)'              | 30     | 18     | -      | -      | 24     | 0    | 0    | -    | -    | -     | 0    | 1    | 
|phase_mac_pipeline | (A*B)'              | 30     | 18     | -      | -      | 24     | 0    | 0    | -    | -    | -     | 0    | 1    | 
|phase_mac_pipeline | (A*B)'              | 30     | 18     | -      | -      | 24     | 0    | 0    | -    | -    | -     | 0    | 1    | 
|phase_mac_pipeline | (A*B)'              | 30     | 18     | -      | -      | 24     | 0    | 0    | -    | -    | -     | 0    | 1    | 
|phase_mac_pipeline | (A*B)'              | 30     | 18     | -      | -      | 24     | 0    | 0    | -    | -    | -     | 0    | 1    | 
|phase_mac_pipeline | (A*B)'              | 30     | 18     | -      | -      | 24     | 0    | 0    | -    | -    | -     | 0    | 1    | 
|phase_mac_pipeline | (A*B)'              | 30     | 18     | -      | -      | 24     | 0    | 0    | -    | -    | -     | 0    | 1    | 
|phase_mac_pipeline | (A*B)'              | 30     | 18     | -      | -      | 24     | 0    | 0    | -    | -    | -     | 0    | 1    | 
|phase_mac_pipeline | (A*B)'              | 30     | 18     | -      | -      | 24     | 0    | 0    | -    | -    | -     | 0    | 1    | 
|prelu_requantize   | A'*B'               | 17     | 18     | -      | -      | 48     | 1    | 1    | -    | -    | -     | 0    | 0    | 
|prelu_requantize   | (PCIN>>17+A'*B')'   | 30     | 18     | -      | -      | 48     | 1    | 1    | -    | -    | -     | 0    | 1    | 
|prelu_requantize   | A''*B'              | 17     | 18     | -      | -      | 48     | 2    | 1    | -    | -    | -     | 0    | 0    | 
|prelu_requantize   | (PCIN>>17+A'*B'')'  | 30     | 7      | -      | -      | 48     | 1    | 2    | -    | -    | -     | 0    | 1    | 
|prelu_requantize   | A'*B''              | 17     | 17     | -      | -      | 48     | 1    | 2    | -    | -    | -     | 0    | 0    | 
|prelu_requantize   | (PCIN>>17+A*B'')'   | 0      | 7      | -      | -      | 48     | 0    | 2    | -    | -    | -     | 0    | 1    | 
|prelu_requantize   | A'*B'               | 17     | 18     | -      | -      | 48     | 1    | 1    | -    | -    | -     | 0    | 0    | 
|prelu_requantize   | (PCIN>>17+A'*B')'   | 30     | 18     | -      | -      | 48     | 1    | 1    | -    | -    | -     | 0    | 1    | 
|prelu_requantize   | A''*B'              | 17     | 18     | -      | -      | 48     | 2    | 1    | -    | -    | -     | 0    | 0    | 
|prelu_requantize   | (PCIN>>17+A'*B'')'  | 30     | 7      | -      | -      | 48     | 1    | 2    | -    | -    | -     | 0    | 1    | 
|prelu_requantize   | A'*B''              | 17     | 17     | -      | -      | 48     | 1    | 2    | -    | -    | -     | 0    | 0    | 
|prelu_requantize   | (PCIN>>17+A*B'')'   | 0      | 7      | -      | -      | 48     | 0    | 2    | -    | -    | -     | 0    | 1    | 
|phase_mac_pipeline | (A*B)'              | 30     | 18     | -      | -      | 24     | 0    | 0    | -    | -    | -     | 0    | 1    | 
|phase_mac_pipeline | (A*B)'              | 30     | 18     | -      | -      | 24     | 0    | 0    | -    | -    | -     | 0    | 1    | 
|phase_mac_pipeline | (A*B)'              | 30     | 18     | -      | -      | 24     | 0    | 0    | -    | -    | -     | 0    | 1    | 
|phase_mac_pipeline | (A*B)'              | 30     | 18     | -      | -      | 24     | 0    | 0    | -    | -    | -     | 0    | 1    | 
|phase_mac_pipeline | (A*B)'              | 30     | 18     | -      | -      | 24     | 0    | 0    | -    | -    | -     | 0    | 1    | 
|phase_mac_pipeline | (A*B)'              | 30     | 18     | -      | -      | 24     | 0    | 0    | -    | -    | -     | 0    | 1    | 
|phase_mac_pipeline | (A*B)'              | 30     | 18     | -      | -      | 24     | 0    | 0    | -    | -    | -     | 0    | 1    | 
|phase_mac_pipeline | (A*B)'              | 30     | 18     | -      | -      | 24     | 0    | 0    | -    | -    | -     | 0    | 1    | 
|phase_mac_pipeline | (A*B)'              | 30     | 18     | -      | -      | 24     | 0    | 0    | -    | -    | -     | 0    | 1    | 
|phase_mac_pipeline | (A*B)'              | 30     | 18     | -      | -      | 24     | 0    | 0    | -    | -    | -     | 0    | 1    | 
|phase_mac_pipeline | (A*B)'              | 30     | 18     | -      | -      | 24     | 0    | 0    | -    | -    | -     | 0    | 1    | 
|phase_mac_pipeline | (A*B)'              | 30     | 18     | -      | -      | 24     | 0    | 0    | -    | -    | -     | 0    | 1    | 
|phase_mac_pipeline | (A*B)'              | 30     | 18     | -      | -      | 24     | 0    | 0    | -    | -    | -     | 0    | 1    | 
|phase_mac_pipeline | (A*B)'              | 30     | 18     | -      | -      | 24     | 0    | 0    | -    | -    | -     | 0    | 1    | 
|phase_mac_pipeline | (A*B)'              | 30     | 18     | -      | -      | 24     | 0    | 0    | -    | -    | -     | 0    | 1    | 
|phase_mac_pipeline | (A*B)'              | 30     | 18     | -      | -      | 24     | 0    | 0    | -    | -    | -     | 0    | 1    | 
|phase_mac_pipeline | (A*B)'              | 30     | 18     | -      | -      | 24     | 0    | 0    | -    | -    | -     | 0    | 1    | 
|phase_mac_pipeline | (A*B)'              | 30     | 18     | -      | -      | 24     | 0    | 0    | -    | -    | -     | 0    | 1    | 
|phase_mac_pipeline | (A*B)'              | 30     | 18     | -      | -      | 24     | 0    | 0    | -    | -    | -     | 0    | 1    | 
|phase_mac_pipeline | (A*B)'              | 30     | 18     | -      | -      | 24     | 0    | 0    | -    | -    | -     | 0    | 1    | 
|phase_mac_pipeline | (A*B)'              | 30     | 18     | -      | -      | 24     | 0    | 0    | -    | -    | -     | 0    | 1    | 
|phase_mac_pipeline | (A*B)'              | 30     | 18     | -      | -      | 24     | 0    | 0    | -    | -    | -     | 0    | 1    | 
|phase_mac_pipeline | (A*B)'              | 30     | 18     | -      | -      | 24     | 0    | 0    | -    | -    | -     | 0    | 1    | 
|phase_mac_pipeline | (A*B)'              | 30     | 18     | -      | -      | 24     | 0    | 0    | -    | -    | -     | 0    | 1    | 
|phase_mac_pipeline | (A*B)'              | 30     | 18     | -      | -      | 24     | 0    | 0    | -    | -    | -     | 0    | 1    | 
|phase_mac_pipeline | (A*B)'              | 30     | 18     | -      | -      | 24     | 0    | 0    | -    | -    | -     | 0    | 1    | 
|phase_mac_pipeline | (A*B)'              | 30     | 18     | -      | -      | 24     | 0    | 0    | -    | -    | -     | 0    | 1    | 
|phase_mac_pipeline | (A*B)'              | 30     | 18     | -      | -      | 24     | 0    | 0    | -    | -    | -     | 0    | 1    | 
|phase_mac_pipeline | (A*B)'              | 30     | 18     | -      | -      | 24     | 0    | 0    | -    | -    | -     | 0    | 1    | 
|phase_mac_pipeline | (A*B)'              | 30     | 18     | -      | -      | 24     | 0    | 0    | -    | -    | -     | 0    | 1    | 
|phase_mac_pipeline | (A*B)'              | 30     | 18     | -      | -      | 24     | 0    | 0    | -    | -    | -     | 0    | 1    | 
|phase_mac_pipeline | (A*B)'              | 30     | 18     | -      | -      | 24     | 0    | 0    | -    | -    | -     | 0    | 1    | 
|phase_mac_pipeline | (A*B)'              | 30     | 18     | -      | -      | 24     | 0    | 0    | -    | -    | -     | 0    | 1    | 
|phase_mac_pipeline | (A*B)'              | 30     | 18     | -      | -      | 24     | 0    | 0    | -    | -    | -     | 0    | 1    | 
|phase_mac_pipeline | (A*B)'              | 30     | 18     | -      | -      | 24     | 0    | 0    | -    | -    | -     | 0    | 1    | 
|phase_mac_pipeline | (A*B)'              | 30     | 18     | -      | -      | 24     | 0    | 0    | -    | -    | -     | 0    | 1    | 
|phase_mac_pipeline | (A*B)'              | 30     | 18     | -      | -      | 24     | 0    | 0    | -    | -    | -     | 0    | 1    | 
|phase_mac_pipeline | (A*B)'              | 30     | 18     | -      | -      | 24     | 0    | 0    | -    | -    | -     | 0    | 1    | 
|phase_mac_pipeline | (A*B)'              | 30     | 18     | -      | -      | 24     | 0    | 0    | -    | -    | -     | 0    | 1    | 
|phase_mac_pipeline | (A*B)'              | 30     | 18     | -      | -      | 24     | 0    | 0    | -    | -    | -     | 0    | 1    | 
|phase_mac_pipeline | (A*B)'              | 30     | 18     | -      | -      | 24     | 0    | 0    | -    | -    | -     | 0    | 1    | 
|phase_mac_pipeline | (A*B)'              | 30     | 18     | -      | -      | 24     | 0    | 0    | -    | -    | -     | 0    | 1    | 
|phase_mac_pipeline | (A*B)'              | 30     | 18     | -      | -      | 24     | 0    | 0    | -    | -    | -     | 0    | 1    | 
|phase_mac_pipeline | (A*B)'              | 30     | 18     | -      | -      | 24     | 0    | 0    | -    | -    | -     | 0    | 1    | 
|phase_mac_pipeline | (A*B)'              | 30     | 18     | -      | -      | 24     | 0    | 0    | -    | -    | -     | 0    | 1    | 
|phase_mac_pipeline | (A*B)'              | 30     | 18     | -      | -      | 24     | 0    | 0    | -    | -    | -     | 0    | 1    | 
|phase_mac_pipeline | (A*B)'              | 30     | 18     | -      | -      | 24     | 0    | 0    | -    | -    | -     | 0    | 1    | 
|phase_mac_pipeline | (A*B)'              | 30     | 18     | -      | -      | 24     | 0    | 0    | -    | -    | -     | 0    | 1    | 
|phase_mac_pipeline | (A*B)'              | 30     | 18     | -      | -      | 24     | 0    | 0    | -    | -    | -     | 0    | 1    | 
|phase_mac_pipeline | (A*B)'              | 30     | 18     | -      | -      | 24     | 0    | 0    | -    | -    | -     | 0    | 1    | 
|phase_mac_pipeline | (A*B)'              | 30     | 18     | -      | -      | 24     | 0    | 0    | -    | -    | -     | 0    | 1    | 
|phase_mac_pipeline | (A*B)'              | 30     | 18     | -      | -      | 24     | 0    | 0    | -    | -    | -     | 0    | 1    | 
|phase_mac_pipeline | (A*B)'              | 30     | 18     | -      | -      | 24     | 0    | 0    | -    | -    | -     | 0    | 1    | 
|phase_mac_pipeline | (A*B)'              | 30     | 18     | -      | -      | 24     | 0    | 0    | -    | -    | -     | 0    | 1    | 
|phase_mac_pipeline | (A*B)'              | 30     | 18     | -      | -      | 24     | 0    | 0    | -    | -    | -     | 0    | 1    | 
|phase_mac_pipeline | (A*B)'              | 30     | 18     | -      | -      | 24     | 0    | 0    | -    | -    | -     | 0    | 1    | 
|phase_mac_pipeline | (A*B)'              | 30     | 18     | -      | -      | 24     | 0    | 0    | -    | -    | -     | 0    | 1    | 
|phase_mac_pipeline | (A*B)'              | 30     | 18     | -      | -      | 24     | 0    | 0    | -    | -    | -     | 0    | 1    | 
|phase_mac_pipeline | (A*B)'              | 30     | 18     | -      | -      | 24     | 0    | 0    | -    | -    | -     | 0    | 1    | 
|phase_mac_pipeline | (A*B)'              | 30     | 18     | -      | -      | 24     | 0    | 0    | -    | -    | -     | 0    | 1    | 
|phase_mac_pipeline | (A*B)'              | 30     | 18     | -      | -      | 24     | 0    | 0    | -    | -    | -     | 0    | 1    | 
|phase_mac_pipeline | (A*B)'              | 30     | 18     | -      | -      | 24     | 0    | 0    | -    | -    | -     | 0    | 1    | 
|phase_mac_pipeline | (A*B)'              | 30     | 18     | -      | -      | 24     | 0    | 0    | -    | -    | -     | 0    | 1    | 
|phase_mac_pipeline | (A*B)'              | 30     | 18     | -      | -      | 24     | 0    | 0    | -    | -    | -     | 0    | 1    | 
|phase_mac_pipeline | (A*B)'              | 30     | 18     | -      | -      | 24     | 0    | 0    | -    | -    | -     | 0    | 1    | 
|phase_mac_pipeline | (A*B)'              | 30     | 18     | -      | -      | 24     | 0    | 0    | -    | -    | -     | 0    | 1    | 
|phase_mac_pipeline | (A*B)'              | 30     | 18     | -      | -      | 24     | 0    | 0    | -    | -    | -     | 0    | 1    | 
|phase_mac_pipeline | (A*B)'              | 30     | 18     | -      | -      | 24     | 0    | 0    | -    | -    | -     | 0    | 1    | 
|phase_mac_pipeline | (A*B)'              | 30     | 18     | -      | -      | 24     | 0    | 0    | -    | -    | -     | 0    | 1    | 
|phase_mac_pipeline | (A*B)'              | 30     | 18     | -      | -      | 24     | 0    | 0    | -    | -    | -     | 0    | 1    | 
|phase_mac_pipeline | (A*B)'              | 30     | 18     | -      | -      | 24     | 0    | 0    | -    | -    | -     | 0    | 1    | 
|phase_mac_pipeline | (A*B)'              | 30     | 18     | -      | -      | 24     | 0    | 0    | -    | -    | -     | 0    | 1    | 
|phase_mac_pipeline | (A*B)'              | 30     | 18     | -      | -      | 24     | 0    | 0    | -    | -    | -     | 0    | 1    | 
|phase_mac_pipeline | (A*B)'              | 30     | 18     | -      | -      | 24     | 0    | 0    | -    | -    | -     | 0    | 1    | 
|phase_mac_pipeline | (A*B)'              | 30     | 18     | -      | -      | 24     | 0    | 0    | -    | -    | -     | 0    | 1    | 
|phase_mac_pipeline | (A*B)'              | 30     | 18     | -      | -      | 24     | 0    | 0    | -    | -    | -     | 0    | 1    | 
|phase_mac_pipeline | (A*B)'              | 30     | 18     | -      | -      | 24     | 0    | 0    | -    | -    | -     | 0    | 1    | 
|phase_mac_pipeline | (A*B)'              | 30     | 18     | -      | -      | 24     | 0    | 0    | -    | -    | -     | 0    | 1    | 
|phase_mac_pipeline | (A*B)'              | 30     | 18     | -      | -      | 24     | 0    | 0    | -    | -    | -     | 0    | 1    | 
|phase_mac_pipeline | (A*B)'              | 30     | 18     | -      | -      | 24     | 0    | 0    | -    | -    | -     | 0    | 1    | 
|phase_mac_pipeline | (A*B)'              | 30     | 18     | -      | -      | 24     | 0    | 0    | -    | -    | -     | 0    | 1    | 
|phase_mac_pipeline | (A*B)'              | 30     | 18     | -      | -      | 24     | 0    | 0    | -    | -    | -     | 0    | 1    | 
|phase_mac_pipeline | (A*B)'              | 30     | 18     | -      | -      | 24     | 0    | 0    | -    | -    | -     | 0    | 1    | 
|phase_mac_pipeline | (A*B)'              | 30     | 18     | -      | -      | 24     | 0    | 0    | -    | -    | -     | 0    | 1    | 
|phase_mac_pipeline | (A*B)'              | 30     | 18     | -      | -      | 24     | 0    | 0    | -    | -    | -     | 0    | 1    | 
|phase_mac_pipeline | (A*B)'              | 30     | 18     | -      | -      | 24     | 0    | 0    | -    | -    | -     | 0    | 1    | 
|phase_mac_pipeline | (A*B)'              | 30     | 18     | -      | -      | 24     | 0    | 0    | -    | -    | -     | 0    | 1    | 
|phase_mac_pipeline | (A*B)'              | 30     | 18     | -      | -      | 24     | 0    | 0    | -    | -    | -     | 0    | 1    | 
|phase_mac_pipeline | (A*B)'              | 30     | 18     | -      | -      | 24     | 0    | 0    | -    | -    | -     | 0    | 1    | 
|phase_mac_pipeline | (A*B)'              | 30     | 18     | -      | -      | 24     | 0    | 0    | -    | -    | -     | 0    | 1    | 
|phase_mac_pipeline | (A*B)'              | 30     | 18     | -      | -      | 24     | 0    | 0    | -    | -    | -     | 0    | 1    | 
|phase_mac_pipeline | (A*B)'              | 30     | 18     | -      | -      | 24     | 0    | 0    | -    | -    | -     | 0    | 1    | 
|phase_mac_pipeline | (A*B)'              | 30     | 18     | -      | -      | 24     | 0    | 0    | -    | -    | -     | 0    | 1    | 
|phase_mac_pipeline | (A*B)'              | 30     | 18     | -      | -      | 24     | 0    | 0    | -    | -    | -     | 0    | 1    | 
|phase_mac_pipeline | (A*B)'              | 30     | 18     | -      | -      | 24     | 0    | 0    | -    | -    | -     | 0    | 1    | 
|phase_mac_pipeline | (A*B)'              | 30     | 18     | -      | -      | 24     | 0    | 0    | -    | -    | -     | 0    | 1    | 
|phase_mac_pipeline | (A*B)'              | 30     | 18     | -      | -      | 24     | 0    | 0    | -    | -    | -     | 0    | 1    | 
|phase_mac_pipeline | (A*B)'              | 30     | 18     | -      | -      | 24     | 0    | 0    | -    | -    | -     | 0    | 1    | 
|phase_mac_pipeline | (A*B)'              | 30     | 18     | -      | -      | 24     | 0    | 0    | -    | -    | -     | 0    | 1    | 
|phase_mac_pipeline | (A*B)'              | 30     | 18     | -      | -      | 24     | 0    | 0    | -    | -    | -     | 0    | 1    | 
|phase_mac_pipeline | (A*B)'              | 30     | 18     | -      | -      | 24     | 0    | 0    | -    | -    | -     | 0    | 1    | 
|phase_mac_pipeline | (A*B)'              | 30     | 18     | -      | -      | 24     | 0    | 0    | -    | -    | -     | 0    | 1    | 
|phase_mac_pipeline | (A*B)'              | 30     | 18     | -      | -      | 24     | 0    | 0    | -    | -    | -     | 0    | 1    | 
|phase_mac_pipeline | (A*B)'              | 30     | 18     | -      | -      | 24     | 0    | 0    | -    | -    | -     | 0    | 1    | 
|phase_mac_pipeline | (A*B)'              | 30     | 18     | -      | -      | 24     | 0    | 0    | -    | -    | -     | 0    | 1    | 
|phase_mac_pipeline | (A*B)'              | 30     | 18     | -      | -      | 24     | 0    | 0    | -    | -    | -     | 0    | 1    | 
|phase_mac_pipeline | (A*B)'              | 30     | 18     | -      | -      | 24     | 0    | 0    | -    | -    | -     | 0    | 1    | 
|phase_mac_pipeline | (A*B)'              | 30     | 18     | -      | -      | 24     | 0    | 0    | -    | -    | -     | 0    | 1    | 
|phase_mac_pipeline | (A*B)'              | 30     | 18     | -      | -      | 24     | 0    | 0    | -    | -    | -     | 0    | 1    | 
|phase_mac_pipeline | (A*B)'              | 30     | 18     | -      | -      | 24     | 0    | 0    | -    | -    | -     | 0    | 1    | 
|phase_mac_pipeline | (A*B)'              | 30     | 18     | -      | -      | 24     | 0    | 0    | -    | -    | -     | 0    | 1    | 
|phase_mac_pipeline | (A*B)'              | 30     | 18     | -      | -      | 24     | 0    | 0    | -    | -    | -     | 0    | 1    | 
|phase_mac_pipeline | (A*B)'              | 30     | 18     | -      | -      | 24     | 0    | 0    | -    | -    | -     | 0    | 1    | 
|phase_mac_pipeline | (A*B)'              | 30     | 18     | -      | -      | 24     | 0    | 0    | -    | -    | -     | 0    | 1    | 
|phase_mac_pipeline | (A*B)'              | 30     | 18     | -      | -      | 24     | 0    | 0    | -    | -    | -     | 0    | 1    | 
|phase_mac_pipeline | (A*B)'              | 30     | 18     | -      | -      | 24     | 0    | 0    | -    | -    | -     | 0    | 1    | 
|phase_mac_pipeline | (A*B)'              | 30     | 18     | -      | -      | 24     | 0    | 0    | -    | -    | -     | 0    | 1    | 
|phase_mac_pipeline | (A*B)'              | 30     | 18     | -      | -      | 24     | 0    | 0    | -    | -    | -     | 0    | 1    | 
|phase_mac_pipeline | (A*B)'              | 30     | 18     | -      | -      | 24     | 0    | 0    | -    | -    | -     | 0    | 1    | 
|phase_mac_pipeline | (A*B)'              | 30     | 18     | -      | -      | 24     | 0    | 0    | -    | -    | -     | 0    | 1    | 
|phase_mac_pipeline | (A*B)'              | 30     | 18     | -      | -      | 24     | 0    | 0    | -    | -    | -     | 0    | 1    | 
|phase_mac_pipeline | (A*B)'              | 30     | 18     | -      | -      | 24     | 0    | 0    | -    | -    | -     | 0    | 1    | 
|phase_mac_pipeline | (A*B)'              | 30     | 18     | -      | -      | 24     | 0    | 0    | -    | -    | -     | 0    | 1    | 
|phase_mac_pipeline | (A*B)'              | 30     | 18     | -      | -      | 24     | 0    | 0    | -    | -    | -     | 0    | 1    | 
|phase_mac_pipeline | (A*B)'              | 30     | 18     | -      | -      | 24     | 0    | 0    | -    | -    | -     | 0    | 1    | 
|phase_mac_pipeline | (A*B)'              | 30     | 18     | -      | -      | 24     | 0    | 0    | -    | -    | -     | 0    | 1    | 
|phase_mac_pipeline | (A*B)'              | 30     | 18     | -      | -      | 24     | 0    | 0    | -    | -    | -     | 0    | 1    | 
|phase_mac_pipeline | (A*B)'              | 30     | 18     | -      | -      | 24     | 0    | 0    | -    | -    | -     | 0    | 1    | 
|phase_mac_pipeline | (A*B)'              | 30     | 18     | -      | -      | 24     | 0    | 0    | -    | -    | -     | 0    | 1    | 
|phase_mac_pipeline | (A*B)'              | 30     | 18     | -      | -      | 24     | 0    | 0    | -    | -    | -     | 0    | 1    | 
|phase_mac_pipeline | (A*B)'              | 30     | 18     | -      | -      | 24     | 0    | 0    | -    | -    | -     | 0    | 1    | 
|phase_mac_pipeline | (A*B)'              | 30     | 18     | -      | -      | 24     | 0    | 0    | -    | -    | -     | 0    | 1    | 
|phase_mac_pipeline | (A*B)'              | 30     | 18     | -      | -      | 24     | 0    | 0    | -    | -    | -     | 0    | 1    | 
|phase_mac_pipeline | (A*B)'              | 30     | 18     | -      | -      | 24     | 0    | 0    | -    | -    | -     | 0    | 1    | 
|phase_mac_pipeline | (A*B)'              | 30     | 18     | -      | -      | 24     | 0    | 0    | -    | -    | -     | 0    | 1    | 
|phase_mac_pipeline | (A*B)'              | 30     | 18     | -      | -      | 24     | 0    | 0    | -    | -    | -     | 0    | 1    | 
|phase_mac_pipeline | (A*B)'              | 30     | 18     | -      | -      | 24     | 0    | 0    | -    | -    | -     | 0    | 1    | 
|phase_mac_pipeline | (A*B)'              | 30     | 18     | -      | -      | 24     | 0    | 0    | -    | -    | -     | 0    | 1    | 
|phase_mac_pipeline | (A*B)'              | 30     | 18     | -      | -      | 24     | 0    | 0    | -    | -    | -     | 0    | 1    | 
|phase_mac_pipeline | (A*B)'              | 30     | 18     | -      | -      | 24     | 0    | 0    | -    | -    | -     | 0    | 1    | 
|phase_mac_pipeline | (A*B)'              | 30     | 18     | -      | -      | 24     | 0    | 0    | -    | -    | -     | 0    | 1    | 
|phase_mac_pipeline | (A*B)'              | 30     | 18     | -      | -      | 24     | 0    | 0    | -    | -    | -     | 0    | 1    | 
|phase_mac_pipeline | (A*B)'              | 30     | 18     | -      | -      | 24     | 0    | 0    | -    | -    | -     | 0    | 1    | 
|phase_mac_pipeline | (A*B)'              | 30     | 18     | -      | -      | 24     | 0    | 0    | -    | -    | -     | 0    | 1    | 
|phase_mac_pipeline | (A*B)'              | 30     | 18     | -      | -      | 24     | 0    | 0    | -    | -    | -     | 0    | 1    | 
|phase_mac_pipeline | (A*B)'              | 30     | 18     | -      | -      | 24     | 0    | 0    | -    | -    | -     | 0    | 1    | 
|phase_mac_pipeline | (A*B)'              | 30     | 18     | -      | -      | 24     | 0    | 0    | -    | -    | -     | 0    | 1    | 
|phase_mac_pipeline | (A*B)'              | 30     | 18     | -      | -      | 24     | 0    | 0    | -    | -    | -     | 0    | 1    | 
|phase_mac_pipeline | (A*B)'              | 30     | 18     | -      | -      | 24     | 0    | 0    | -    | -    | -     | 0    | 1    | 
|phase_mac_pipeline | (A*B)'              | 30     | 18     | -      | -      | 24     | 0    | 0    | -    | -    | -     | 0    | 1    | 
|phase_mac_pipeline | (A*B)'              | 30     | 18     | -      | -      | 24     | 0    | 0    | -    | -    | -     | 0    | 1    | 
|phase_mac_pipeline | (A*B)'              | 30     | 18     | -      | -      | 24     | 0    | 0    | -    | -    | -     | 0    | 1    | 
|phase_mac_pipeline | (A*B)'              | 30     | 18     | -      | -      | 24     | 0    | 0    | -    | -    | -     | 0    | 1    | 
|phase_mac_pipeline | (A*B)'              | 30     | 18     | -      | -      | 24     | 0    | 0    | -    | -    | -     | 0    | 1    | 
|phase_mac_pipeline | (A*B)'              | 30     | 18     | -      | -      | 24     | 0    | 0    | -    | -    | -     | 0    | 1    | 
|phase_mac_pipeline | (A*B)'              | 30     | 18     | -      | -      | 24     | 0    | 0    | -    | -    | -     | 0    | 1    | 
|phase_mac_pipeline | (A*B)'              | 30     | 18     | -      | -      | 24     | 0    | 0    | -    | -    | -     | 0    | 1    | 
|phase_mac_pipeline | (A*B)'              | 30     | 18     | -      | -      | 24     | 0    | 0    | -    | -    | -     | 0    | 1    | 
|phase_mac_pipeline | (A*B)'              | 30     | 18     | -      | -      | 24     | 0    | 0    | -    | -    | -     | 0    | 1    | 
|phase_mac_pipeline | (A*B)'              | 30     | 18     | -      | -      | 24     | 0    | 0    | -    | -    | -     | 0    | 1    | 
|phase_mac_pipeline | (A*B)'              | 30     | 18     | -      | -      | 24     | 0    | 0    | -    | -    | -     | 0    | 1    | 
|phase_mac_pipeline | (A*B)'              | 30     | 18     | -      | -      | 24     | 0    | 0    | -    | -    | -     | 0    | 1    | 
|phase_mac_pipeline | (A*B)'              | 30     | 18     | -      | -      | 24     | 0    | 0    | -    | -    | -     | 0    | 1    | 
|phase_mac_pipeline | (A*B)'              | 30     | 18     | -      | -      | 24     | 0    | 0    | -    | -    | -     | 0    | 1    | 
|phase_mac_pipeline | (A*B)'              | 30     | 18     | -      | -      | 24     | 0    | 0    | -    | -    | -     | 0    | 1    | 
|phase_mac_pipeline | (A*B)'              | 30     | 18     | -      | -      | 24     | 0    | 0    | -    | -    | -     | 0    | 1    | 
|phase_mac_pipeline | (A*B)'              | 30     | 18     | -      | -      | 24     | 0    | 0    | -    | -    | -     | 0    | 1    | 
|phase_mac_pipeline | (A*B)'              | 30     | 18     | -      | -      | 24     | 0    | 0    | -    | -    | -     | 0    | 1    | 
|phase_mac_pipeline | (A*B)'              | 30     | 18     | -      | -      | 24     | 0    | 0    | -    | -    | -     | 0    | 1    | 
|phase_mac_pipeline | (A*B)'              | 30     | 18     | -      | -      | 24     | 0    | 0    | -    | -    | -     | 0    | 1    | 
|phase_mac_pipeline | (A*B)'              | 30     | 18     | -      | -      | 24     | 0    | 0    | -    | -    | -     | 0    | 1    | 
|phase_mac_pipeline | (A*B)'              | 30     | 18     | -      | -      | 24     | 0    | 0    | -    | -    | -     | 0    | 1    | 
|phase_mac_pipeline | (A*B)'              | 30     | 18     | -      | -      | 24     | 0    | 0    | -    | -    | -     | 0    | 1    | 
|phase_mac_pipeline | (A*B)'              | 30     | 18     | -      | -      | 24     | 0    | 0    | -    | -    | -     | 0    | 1    | 
|phase_mac_pipeline | (A*B)'              | 30     | 18     | -      | -      | 24     | 0    | 0    | -    | -    | -     | 0    | 1    | 
|phase_mac_pipeline | (A*B)'              | 30     | 18     | -      | -      | 24     | 0    | 0    | -    | -    | -     | 0    | 1    | 
|phase_mac_pipeline | (A*B)'              | 30     | 18     | -      | -      | 24     | 0    | 0    | -    | -    | -     | 0    | 1    | 
|phase_mac_pipeline | (A*B)'              | 30     | 18     | -      | -      | 24     | 0    | 0    | -    | -    | -     | 0    | 1    | 
|phase_mac_pipeline | (A*B)'              | 30     | 18     | -      | -      | 24     | 0    | 0    | -    | -    | -     | 0    | 1    | 
|phase_mac_pipeline | (A*B)'              | 30     | 18     | -      | -      | 24     | 0    | 0    | -    | -    | -     | 0    | 1    | 
|phase_mac_pipeline | (A*B)'              | 30     | 18     | -      | -      | 24     | 0    | 0    | -    | -    | -     | 0    | 1    | 
|phase_mac_pipeline | (A*B)'              | 30     | 18     | -      | -      | 24     | 0    | 0    | -    | -    | -     | 0    | 1    | 
|phase_mac_pipeline | (A*B)'              | 30     | 18     | -      | -      | 24     | 0    | 0    | -    | -    | -     | 0    | 1    | 
|phase_mac_pipeline | (A*B)'              | 30     | 18     | -      | -      | 24     | 0    | 0    | -    | -    | -     | 0    | 1    | 
|phase_mac_pipeline | (A*B)'              | 30     | 18     | -      | -      | 24     | 0    | 0    | -    | -    | -     | 0    | 1    | 
|phase_mac_pipeline | (A*B)'              | 30     | 18     | -      | -      | 24     | 0    | 0    | -    | -    | -     | 0    | 1    | 
|phase_mac_pipeline | (A*B)'              | 30     | 18     | -      | -      | 24     | 0    | 0    | -    | -    | -     | 0    | 1    | 
|phase_mac_pipeline | (A*B)'              | 30     | 18     | -      | -      | 24     | 0    | 0    | -    | -    | -     | 0    | 1    | 
|phase_mac_pipeline | (A*B)'              | 30     | 18     | -      | -      | 24     | 0    | 0    | -    | -    | -     | 0    | 1    | 
|phase_mac_pipeline | (A*B)'              | 30     | 18     | -      | -      | 24     | 0    | 0    | -    | -    | -     | 0    | 1    | 
|phase_mac_pipeline | (A*B)'              | 30     | 18     | -      | -      | 24     | 0    | 0    | -    | -    | -     | 0    | 1    | 
|phase_mac_pipeline | (A*B)'              | 30     | 18     | -      | -      | 24     | 0    | 0    | -    | -    | -     | 0    | 1    | 
|phase_mac_pipeline | (A*B)'              | 30     | 18     | -      | -      | 24     | 0    | 0    | -    | -    | -     | 0    | 1    | 
|phase_mac_pipeline | (A*B)'              | 30     | 18     | -      | -      | 24     | 0    | 0    | -    | -    | -     | 0    | 1    | 
|phase_mac_pipeline | (A*B)'              | 30     | 18     | -      | -      | 24     | 0    | 0    | -    | -    | -     | 0    | 1    | 
|phase_mac_pipeline | (A*B)'              | 30     | 18     | -      | -      | 24     | 0    | 0    | -    | -    | -     | 0    | 1    | 
|phase_mac_pipeline | (A*B)'              | 30     | 18     | -      | -      | 24     | 0    | 0    | -    | -    | -     | 0    | 1    | 
|phase_mac_pipeline | (A*B)'              | 30     | 18     | -      | -      | 24     | 0    | 0    | -    | -    | -     | 0    | 1    | 
|phase_mac_pipeline | (A*B)'              | 30     | 18     | -      | -      | 24     | 0    | 0    | -    | -    | -     | 0    | 1    | 
|phase_mac_pipeline | (A*B)'              | 30     | 18     | -      | -      | 24     | 0    | 0    | -    | -    | -     | 0    | 1    | 
|prelu_requantize   | A''*B''             | 17     | 18     | -      | -      | 48     | 2    | 2    | -    | -    | -     | 0    | 0    | 
|prelu_requantize   | (PCIN>>17+A''*B'')' | 30     | 0      | -      | -      | 48     | 2    | 2    | -    | -    | -     | 0    | 1    | 
|prelu_requantize   | A''*B''             | 17     | 17     | -      | -      | 48     | 2    | 2    | -    | -    | -     | 0    | 0    | 
|prelu_requantize   | (PCIN>>17+A''*B'')' | 17     | 0      | -      | -      | 48     | 2    | 2    | -    | -    | -     | 0    | 1    | 
+-------------------+---------------------+--------+--------+--------+--------+--------+------+------+------+------+-------+------+------+


Report BlackBoxes: 
+-+--------------+----------+
| |BlackBox name |Instances |
+-+--------------+----------+
+-+--------------+----------+

Report Cell Usage: 
+------+------------+------+
|      |Cell        |Count |
+------+------------+------+
|1     |BUFG        |     1|
|2     |CARRY4      |  3202|
|3     |DSP48E1     |   394|
|13    |LUT1        |   591|
|14    |LUT2        |  9917|
|15    |LUT3        |  3340|
|16    |LUT4        |  1420|
|17    |LUT5        |  3176|
|18    |LUT6        |  6385|
|19    |MMCME2_BASE |     1|
|20    |MUXF7       |  1072|
|21    |MUXF8       |     8|
|22    |RAM32M      |  1481|
|23    |RAM32X1D    |     6|
|24    |RAMB18E1    |     8|
|25    |RAMB36E1    |   226|
|156   |SRL16E      |    25|
|157   |FDCE        |   590|
|158   |FDPE        |     5|
|159   |FDRE        | 47976|
|160   |FDSE        |   353|
|161   |IBUF        |     2|
|162   |OBUF        |     9|
+------+------------+------+
---------------------------------------------------------------------------------
Finished Writing Synthesis Report : Time (s): cpu = 00:02:18 ; elapsed = 00:02:26 . Memory (MB): peak = 3021.793 ; gain = 2254.508
---------------------------------------------------------------------------------
Synthesis finished with 0 errors, 0 critical warnings and 229 warnings.
Synthesis Optimization Runtime : Time (s): cpu = 00:01:55 ; elapsed = 00:02:16 . Memory (MB): peak = 3021.793 ; gain = 2094.812
Synthesis Optimization Complete : Time (s): cpu = 00:02:18 ; elapsed = 00:02:27 . Memory (MB): peak = 3021.793 ; gain = 2254.508
INFO: [Project 1-571] Translating synthesized netlist
Netlist sorting complete. Time (s): cpu = 00:00:01 ; elapsed = 00:00:00.925 . Memory (MB): peak = 3033.125 ; gain = 0.000
INFO: [Netlist 29-17] Analyzing 6398 Unisim elements for replacement
INFO: [Netlist 29-28] Unisim Transformation completed in 2 CPU seconds
INFO: [Project 1-570] Preparing netlist for logic optimization
Parsing XDC File [V:/constr/c_top.xdc]
Finished Parsing XDC File [V:/constr/c_top.xdc]
INFO: [Opt 31-138] Pushed 0 inverter(s) to 0 load pin(s).
Netlist sorting complete. Time (s): cpu = 00:00:00 ; elapsed = 00:00:00.034 . Memory (MB): peak = 3095.809 ; gain = 0.000
INFO: [Project 1-111] Unisim Transformation Summary:
  A total of 1488 instances were transformed.
  MMCME2_BASE => MMCME2_ADV: 1 instance 
  RAM32M => RAM32M (RAMD32(x6), RAMS32(x2)): 1481 instances
  RAM32X1D => RAM32X1D (RAMD32(x2)): 6 instances

Synth Design complete | Checksum: 25aee872
INFO: [Common 17-83] Releasing license: Synthesis
531 Infos, 186 Warnings, 0 Critical Warnings and 0 Errors encountered.
synth_design completed successfully
synth_design: Time (s): cpu = 00:02:36 ; elapsed = 00:02:47 . Memory (MB): peak = 3095.809 ; gain = 2563.949
# set bram_file [open "$out_dir/stripe_bram_registers.txt" w]
# set stripe_brams [get_cells -quiet -hier -filter {REF_NAME =~ RAMB* && NAME =~ */u_pp/u_bank*}]
# puts $bram_file "stripe_bram_count=[llength $stripe_brams]"
# foreach b $stripe_brams {
#     set row [list [get_property NAME $b] [get_property REF_NAME $b]]
#     foreach prop {DOA_REG DOB_REG READ_WIDTH_A READ_WIDTH_B WRITE_WIDTH_A WRITE_WIDTH_B} {
#         set value "not_available"
#         catch {set value [get_property $prop $b]}
#         lappend row "$prop=$value"
#     }
#     puts $bram_file $row
# }
# close $bram_file
# set full_regs [get_cells -quiet -hier -filter {NAME =~ *requant_product_full_s6_reg*}]
# set full_file [open "$out_dir/requant_full_registers.txt" w]
# puts $full_file "complete_product_cells=[llength $full_regs]"
# foreach cell $full_regs {
#     puts $full_file [list [get_property NAME $cell] [get_property REF_NAME $cell] \
#         "DONT_TOUCH=[get_property DONT_TOUCH $cell]"]
# }
# close $full_file
# if {[llength $full_regs] == 0} {error "Complete Q31 product register boundary is missing"}
# set srl_report [open "$out_dir/l5_fifo_storage.txt" w]
# set l5_storage [get_cells -quiet -hier -filter {NAME =~ *l5/gk.frontend/fifo/* && (REF_NAME =~ SRL* || REF_NAME =~ RAM*)}]
# puts $srl_report "use_srl=$use_srl storage_cells=[llength $l5_storage]"
# foreach cell $l5_storage {puts $srl_report [list [get_property NAME $cell] [get_property REF_NAME $cell]]}
# close $srl_report
# set l5_phase_regs [get_cells -quiet -hier -filter {NAME =~ *l5/mac/issue/out_phase_reg*}]
# set l5_phase_q [get_pins -quiet -of_objects $l5_phase_regs -filter {REF_PIN_NAME == Q}]
# set l5_phase_nets [get_nets -quiet -of_objects $l5_phase_q]
# puts "L5 phase fanout cap: regs=[llength $l5_phase_regs], Q pins=[llength $l5_phase_q], direct nets=[llength $l5_phase_nets]"
L5 phase fanout cap: regs=50, Q pins=50, direct nets=50
# if {[llength $l5_phase_regs] == 0 || [llength $l5_phase_regs] > 64 || [llength $l5_phase_nets] == 0} {
#     error "Unexpected L5 phase register collection; refusing broad fanout constraint"
# }
# foreach n $l5_phase_nets {
#     set loads [get_pins -quiet -of_objects $n -filter {DIRECTION == IN}]
#     if {[llength $loads] > 48} {
#         puts "L5 phase MAX_FANOUT 48: [get_property NAME $n] loads=[llength $loads]"
#         set_property MAX_FANOUT 48 $n
#     }
# }
L5 phase MAX_FANOUT 48: u_top/u_core/u_b/u_b_core/core/core/l5/mac/issue/out_phase_reg[1]_0[0] loads=55
L5 phase MAX_FANOUT 48: u_top/u_core/u_b/u_b_core/core/core/l5/mac/issue/out_phase_reg[0]_rep_1 loads=71
L5 phase MAX_FANOUT 48: u_top/u_core/u_b/u_b_core/core/core/l5/mac/issue/out_phase_reg[0]_rep__0_n_0 loads=123
L5 phase MAX_FANOUT 48: u_top/u_core/u_b/u_b_core/core/core/l5/mac/issue/out_phase_reg[0]_rep__1_n_0 loads=123
L5 phase MAX_FANOUT 48: u_top/u_core/u_b/u_b_core/core/core/l5/mac/issue/out_phase_reg[0]_rep__10_n_0 loads=123
L5 phase MAX_FANOUT 48: u_top/u_core/u_b/u_b_core/core/core/l5/mac/issue/out_phase_reg[0]_rep__11_n_0 loads=123
L5 phase MAX_FANOUT 48: u_top/u_core/u_b/u_b_core/core/core/l5/mac/issue/out_phase_reg[0]_rep__12_n_0 loads=123
L5 phase MAX_FANOUT 48: u_top/u_core/u_b/u_b_core/core/core/l5/mac/issue/out_phase_reg[0]_rep__13_n_0 loads=114
L5 phase MAX_FANOUT 48: u_top/u_core/u_b/u_b_core/core/core/l5/mac/issue/out_phase_reg[0]_rep__14_1 loads=109
L5 phase MAX_FANOUT 48: u_top/u_core/u_b/u_b_core/core/core/l5/mac/issue/out_phase_reg[0]_rep__15_1 loads=101
L5 phase MAX_FANOUT 48: u_top/u_core/u_b/u_b_core/core/core/l5/mac/issue/out_phase_reg[0]_rep__16_1 loads=109
L5 phase MAX_FANOUT 48: u_top/u_core/u_b/u_b_core/core/core/l5/mac/issue/out_phase_reg[0]_rep__2_n_0 loads=123
L5 phase MAX_FANOUT 48: u_top/u_core/u_b/u_b_core/core/core/l5/mac/issue/out_phase_reg[0]_rep__3_n_0 loads=123
L5 phase MAX_FANOUT 48: u_top/u_core/u_b/u_b_core/core/core/l5/mac/issue/out_phase_reg[0]_rep__4_n_0 loads=123
L5 phase MAX_FANOUT 48: u_top/u_core/u_b/u_b_core/core/core/l5/mac/issue/out_phase_reg[0]_rep__5_n_0 loads=123
L5 phase MAX_FANOUT 48: u_top/u_core/u_b/u_b_core/core/core/l5/mac/issue/out_phase_reg[0]_rep__6_n_0 loads=123
L5 phase MAX_FANOUT 48: u_top/u_core/u_b/u_b_core/core/core/l5/mac/issue/out_phase_reg[0]_rep__7_n_0 loads=123
L5 phase MAX_FANOUT 48: u_top/u_core/u_b/u_b_core/core/core/l5/mac/issue/out_phase_reg[0]_rep__8_n_0 loads=123
L5 phase MAX_FANOUT 48: u_top/u_core/u_b/u_b_core/core/core/l5/mac/issue/out_phase_reg[0]_rep__9_n_0 loads=123
L5 phase MAX_FANOUT 48: u_top/u_core/u_b/u_b_core/core/core/l5/mac/issue/out_phase_reg[1]_rep_n_0 loads=123
L5 phase MAX_FANOUT 48: u_top/u_core/u_b/u_b_core/core/core/l5/mac/issue/out_phase_reg[1]_rep__0_n_0 loads=123
L5 phase MAX_FANOUT 48: u_top/u_core/u_b/u_b_core/core/core/l5/mac/issue/out_phase_reg[1]_rep__1_n_0 loads=123
L5 phase MAX_FANOUT 48: u_top/u_core/u_b/u_b_core/core/core/l5/mac/issue/out_phase_reg[1]_rep__10_n_0 loads=123
L5 phase MAX_FANOUT 48: u_top/u_core/u_b/u_b_core/core/core/l5/mac/issue/out_phase_reg[1]_rep__11_n_0 loads=123
L5 phase MAX_FANOUT 48: u_top/u_core/u_b/u_b_core/core/core/l5/mac/issue/out_phase_reg[1]_rep__12_0 loads=105
L5 phase MAX_FANOUT 48: u_top/u_core/u_b/u_b_core/core/core/l5/mac/issue/out_phase_reg[1]_rep__13_1 loads=104
L5 phase MAX_FANOUT 48: u_top/u_core/u_b/u_b_core/core/core/l5/mac/issue/out_phase_reg[1]_rep__14_1 loads=98
L5 phase MAX_FANOUT 48: u_top/u_core/u_b/u_b_core/core/core/l5/mac/issue/out_phase_reg[1]_rep__15_1 loads=94
L5 phase MAX_FANOUT 48: u_top/u_core/u_b/u_b_core/core/core/l5/mac/issue/out_phase_reg[1]_rep__16_0 loads=96
L5 phase MAX_FANOUT 48: u_top/u_core/u_b/u_b_core/core/core/l5/mac/issue/out_phase_reg[1]_rep__2_n_0 loads=123
L5 phase MAX_FANOUT 48: u_top/u_core/u_b/u_b_core/core/core/l5/mac/issue/out_phase_reg[1]_rep__3_n_0 loads=123
L5 phase MAX_FANOUT 48: u_top/u_core/u_b/u_b_core/core/core/l5/mac/issue/out_phase_reg[1]_rep__4_n_0 loads=123
L5 phase MAX_FANOUT 48: u_top/u_core/u_b/u_b_core/core/core/l5/mac/issue/out_phase_reg[1]_rep__5_n_0 loads=123
L5 phase MAX_FANOUT 48: u_top/u_core/u_b/u_b_core/core/core/l5/mac/issue/out_phase_reg[1]_rep__6_n_0 loads=123
L5 phase MAX_FANOUT 48: u_top/u_core/u_b/u_b_core/core/core/l5/mac/issue/out_phase_reg[1]_rep__7_n_0 loads=123
L5 phase MAX_FANOUT 48: u_top/u_core/u_b/u_b_core/core/core/l5/mac/issue/out_phase_reg[1]_rep__8_n_0 loads=123
L5 phase MAX_FANOUT 48: u_top/u_core/u_b/u_b_core/core/core/l5/mac/issue/out_phase_reg[1]_rep__9_n_0 loads=123
L5 phase MAX_FANOUT 48: u_top/u_core/u_b/u_b_core/core/core/l5/mac/issue/issue_phase[2] loads=118
L5 phase MAX_FANOUT 48: u_top/u_core/u_b/u_b_core/core/core/l5/mac/issue/out_phase_reg[2]_rep_1 loads=111
L5 phase MAX_FANOUT 48: u_top/u_core/u_b/u_b_core/core/core/l5/mac/issue/out_phase_reg[2]_rep__0_0 loads=117
L5 phase MAX_FANOUT 48: u_top/u_core/u_b/u_b_core/core/core/l5/mac/issue/out_phase_reg[2]_rep__1_0 loads=117
L5 phase MAX_FANOUT 48: u_top/u_core/u_b/u_b_core/core/core/l5/mac/issue/out_phase_reg[2]_rep__2_2 loads=116
L5 phase MAX_FANOUT 48: u_top/u_core/u_b/u_b_core/core/core/l5/mac/issue/out_phase_reg[2]_rep__3_n_0 loads=118
L5 phase MAX_FANOUT 48: u_top/u_core/u_b/u_b_core/core/core/l5/mac/issue/out_phase_reg[2]_rep__4_0 loads=116
L5 phase MAX_FANOUT 48: u_top/u_core/u_b/u_b_core/core/core/l5/mac/issue/out_phase_reg[2]_rep__5_2 loads=117
L5 phase MAX_FANOUT 48: u_top/u_core/u_b/u_b_core/core/core/l5/mac/issue/out_phase_reg[2]_rep__6_0 loads=104
L5 phase MAX_FANOUT 48: u_top/u_core/u_b/u_b_core/core/core/l5/mac/issue/out_phase_reg[2]_rep__7_n_0 loads=118
L5 phase MAX_FANOUT 48: u_top/u_core/u_b/u_b_core/core/core/l5/mac/issue/out_phase_reg[2]_rep__8_n_0 loads=118
# set n_real  [llength [get_cells -quiet -hier -filter {REF_NAME =~ b_core_real*}]]
# set n_stub  [llength [get_cells -quiet -hier -filter {REF_NAME =~ b_core_stub*}]]
# set n_top   [llength [get_cells -quiet -hier -filter {REF_NAME =~ fsrcnn_network_mem_top*}]]
# set n_layer [llength [get_cells -quiet -hier -filter {REF_NAME =~ fsrcnn_stream_layer*}]]
# set n_pshuf [llength [get_cells -quiet -hier -filter {REF_NAME =~ pixel_shuffle2x_row_banks*}]]
# set n_fifo  [llength [get_cells -quiet -hier -filter {REF_NAME =~ elastic_fifo*}]]
# puts "SELF-CHECK: b_core_real cells=$n_real  b_core_stub cells=$n_stub"
SELF-CHECK: b_core_real cells=1  b_core_stub cells=0
# puts "SELF-CHECK: fsrcnn_network_mem_top=$n_top  fsrcnn_stream_layer=$n_layer"
SELF-CHECK: fsrcnn_network_mem_top=1  fsrcnn_stream_layer=5
# puts "SELF-CHECK: pixel_shuffle2x_row_banks=$n_pshuf  elastic_fifo=$n_fifo"
SELF-CHECK: pixel_shuffle2x_row_banks=1  elastic_fifo=7
# set use_real "OK"
# if {$n_real != 1 || $n_stub != 0 || $n_top != 1 || $n_layer != 5 || $n_pshuf != 1 || $n_fifo < 4} {
#     error "Member B hierarchy check failed: real=$n_real stub=$n_stub top=$n_top layers=$n_layer pixelshuffle=$n_pshuf fifo=$n_fifo"
# }
# report_utilization      -file "$out_dir/utilization_synth.rpt"
# report_utilization      -hierarchical -file "$out_dir/utilization_synth_hier.rpt"
# report_timing_summary   -file "$out_dir/timing_summary_synth.rpt" -max_paths 20
INFO: [Timing 38-35] Done setting XDC timing constraints.
INFO: [Timing 38-2] Deriving generated clocks
INFO: [Timing 38-91] UpdateTimingParams: Speed grade: -2, Delay Type: min_max.
INFO: [Timing 38-191] Multithreading enabled for timing update using a maximum of 2 CPUs
report_timing_summary: Time (s): cpu = 00:00:39 ; elapsed = 00:00:26 . Memory (MB): peak = 3095.809 ; gain = 0.000
# report_clocks           -file "$out_dir/clocks_synth.rpt"
# report_drc              -file "$out_dir/drc_synth.rpt"
Command: report_drc -file V://_synth_bc/acc36_realrom_200_member_b_pad_flags_20261003_setup030_ascii_ramdecomp/reports/drc_synth.rpt
INFO: [IP_Flow 19-234] Refreshing IP repositories
INFO: [IP_Flow 19-1704] No user IP repositories specified
INFO: [IP_Flow 19-2313] Loaded Vivado IP repository 'F:/Xilinx/2025.2/Vivado/data/ip'.
INFO: [DRC 23-27] Running DRC with 2 threads
INFO: [Vivado_Tcl 2-168] The results of DRC are in file V:/_synth_bc/acc36_realrom_200_member_b_pad_flags_20261003_setup030_ascii_ramdecomp/reports/drc_synth.rpt.
report_drc completed successfully
report_drc: Time (s): cpu = 00:00:09 ; elapsed = 00:00:06 . Memory (MB): peak = 3095.809 ; gain = 0.000
# catch {report_ram_utilization -file "$out_dir/ram_utilization_synth.rpt"}
report_ram_utilization: Time (s): cpu = 00:00:00 ; elapsed = 00:00:00 . Memory (MB): peak = 3095.809 ; gain = 0.000
# set impl_status "NOT RUN"
# set r_wns "n/a"
# set r_tns "n/a"
# set r_whs "n/a"
# set r_ths "n/a"
# set r_wns_s "n/a"
# set r_tns_s "n/a"
# set r_whs_s "n/a"
# set r_ths_s "n/a"
# if {$do_impl} {
#     puts "== implementation: opt_design / place_design / phys_opt_design / route_design =="
#     set ok 1
#     update_timing
#     set cp [get_pins -quiet {u_top/g_mmcm.u_mmcm/CLKOUT0}]
#     set cc [get_clocks -quiet -of_objects $cp]
#     if {[llength $cc] != 1} {error "Expected exactly one MMCM output clock"}
#     set period [get_property PERIOD $cc]
#     if {abs($period - 5.000000) > 0.001} {error "Not the 200 MHz clock"}
#     report_clocks -file "$out_dir/clocks_original.rpt"
#     write_xdc -force "$out_dir/constraints_original.xdc"
#     set_clock_uncertainty -setup -from $cc -to $cc $setup_extra_ns
#     update_timing
#     report_clocks -file "$out_dir/clocks_${setup_tag}.rpt"
#     write_checkpoint -force "$stage/synth_${setup_tag}.dcp"
#     if {[catch {opt_design} e]}                 { set ok 0; puts "opt_design FAILED: $e" }
#     # AMD Vivado 2025.2 UG904 Performance_NetDelay_high strategy. Same RTL,
#     # part, clock and ROM as the baseline; only physical directives differ.
#     if {$ok && [catch {place_design -directive ExtraNetDelay_high} e]} { set ok 0; puts "place_design FAILED: $e" }
#     if {$ok && [catch {phys_opt_design -directive AggressiveExplore} e]} { set ok 0; puts "phys_opt_design FAILED: $e" }
#     if {$ok} {
#         write_checkpoint -force "$stage/placed_${setup_tag}.dcp"
#         report_timing_summary -file "$out_dir/timing_placed_${setup_tag}.rpt" -max_paths 10
#         # Keep setup pressure through route; both constraint conditions are reported.
# 
#     }
#     if {$ok && [catch {route_design -directive NoTimingRelaxation} e]} { set ok 0; puts "route_design FAILED: $e" }
#     if {$ok} {
#         report_timing_summary -file "$out_dir/timing_summary_route_${setup_tag}.rpt" -max_paths 20
#         set_clock_uncertainty -setup -from $cc -to $cc 0.000
#         update_timing
#         write_xdc -force "$out_dir/constraints_restored.xdc"
#         report_timing -max_paths 100 -nworst 1 -file "$out_dir/setup_paths.rpt"
#         set full_regs_routed [get_cells -quiet -hier -filter {NAME =~ *requant_product_full_s6_reg*}]
#         report_timing -to [get_pins -of_objects $full_regs_routed -filter {REF_PIN_NAME == D}] \
#             -max_paths 14 -nworst 1 -file "$out_dir/requant_full_input_timing_postroute.rpt"
#         set prelu_abs_regs [get_cells -quiet -hier -filter {NAME =~ *prelu_magnitude_s2_reg* && REF_NAME =~ FD*}]
#         if {[llength $prelu_abs_regs]} {
#             report_timing -to [get_pins -of_objects $prelu_abs_regs -filter {REF_PIN_NAME == D}] \
#                 -max_paths 14 -nworst 1 -file "$out_dir/prelu_abs_input_timing_postroute.rpt"
#         }
#         write_checkpoint -force "$stage/postroute.dcp"
#         set impl_status "COMPLETED"
#     } else { set impl_status "FAILED" }
#     catch {report_utilization      -file "$out_dir/utilization_postroute.rpt"}
#     catch {report_utilization      -hierarchical -file "$out_dir/utilization_postroute_hier.rpt"}
#     catch {report_timing_summary   -file "$out_dir/timing_summary_postroute.rpt" -max_paths 20}
#     catch {report_clocks           -file "$out_dir/clocks_postroute.rpt"}
#     catch {report_drc              -file "$out_dir/drc_postroute.rpt"}
#     catch {report_route_status     -file "$out_dir/route_status.rpt"}
#     catch {report_ram_utilization  -file "$out_dir/ram_utilization_postroute.rpt"}
# }
== implementation: opt_design / place_design / phys_opt_design / route_design ==
INFO: [Timing 38-480] Writing timing data to binary archive.
Wrote PlaceDB: Time (s): cpu = 00:00:00 ; elapsed = 00:00:00.001 . Memory (MB): peak = 3095.809 ; gain = 0.000
Wrote PulsedLatchDB: Time (s): cpu = 00:00:00 ; elapsed = 00:00:00 . Memory (MB): peak = 3095.809 ; gain = 0.000
Writing XDEF routing.
Writing XDEF routing logical nets.
Write ShapeDB Complete: Time (s): cpu = 00:00:01 ; elapsed = 00:00:00.123 . Memory (MB): peak = 3095.809 ; gain = 0.000
Writing XDEF routing special nets.
Wrote RouteStorage: Time (s): cpu = 00:00:01 ; elapsed = 00:00:00.127 . Memory (MB): peak = 3095.809 ; gain = 0.000
Wrote PlaceStorage: Time (s): cpu = 00:00:00 ; elapsed = 00:00:00.001 . Memory (MB): peak = 3095.809 ; gain = 0.000
Wrote Netlist Cache: Time (s): cpu = 00:00:00 ; elapsed = 00:00:00 . Memory (MB): peak = 3095.809 ; gain = 0.000
Wrote Device Cache: Time (s): cpu = 00:00:00 ; elapsed = 00:00:00.003 . Memory (MB): peak = 3095.809 ; gain = 0.000
Write Physdb Complete: Time (s): cpu = 00:00:01 ; elapsed = 00:00:00.137 . Memory (MB): peak = 3095.809 ; gain = 0.000
INFO: [Common 17-1381] The checkpoint 'V:/_synth_bc/acc36_realrom_200_member_b_pad_flags_20261003_setup030_ascii_ramdecomp/synth_setup030.dcp' has been generated.
write_checkpoint: Time (s): cpu = 00:00:14 ; elapsed = 00:00:12 . Memory (MB): peak = 3095.809 ; gain = 0.000
Command: opt_design
Attempting to get a license for feature 'Implementation' and/or device 'xc7a200t'
INFO: [Common 17-349] Got license for feature 'Implementation' and/or device 'xc7a200t'
Running DRC as a precondition to command opt_design

Starting DRC Task
INFO: [DRC 23-27] Running DRC with 2 threads
INFO: [Project 1-461] DRC finished with 0 Errors
INFO: [Project 1-462] Please refer to the DRC report (report_drc) for more information.

Time (s): cpu = 00:00:01 ; elapsed = 00:00:00.577 . Memory (MB): peak = 3095.809 ; gain = 0.000

Starting Cache Timing Information Task
Ending Cache Timing Information Task | Checksum: 16f2d0157

Time (s): cpu = 00:00:00 ; elapsed = 00:00:00.033 . Memory (MB): peak = 3095.809 ; gain = 0.000

Starting Logic Optimization Task

Phase 1 Initialization

Phase 1.1 Core Generation And Design Setup
Phase 1.1 Core Generation And Design Setup | Checksum: 16f2d0157

Time (s): cpu = 00:00:00 ; elapsed = 00:00:00.118 . Memory (MB): peak = 3112.418 ; gain = 0.000

Phase 1.2 Setup Constraints And Sort Netlist
Phase 1.2 Setup Constraints And Sort Netlist | Checksum: 16f2d0157

Time (s): cpu = 00:00:00 ; elapsed = 00:00:00.194 . Memory (MB): peak = 3112.418 ; gain = 0.000
Phase 1 Initialization | Checksum: 16f2d0157

Time (s): cpu = 00:00:00 ; elapsed = 00:00:00.208 . Memory (MB): peak = 3112.418 ; gain = 0.000

Phase 2 Timer Update And Timing Data Collection

Phase 2.1 Detect if minReqCache needed
Phase 2.1 Detect if minReqCache needed | Checksum: 16f2d0157

Time (s): cpu = 00:00:01 ; elapsed = 00:00:00.309 . Memory (MB): peak = 3124.742 ; gain = 12.324

Phase 2.2 Timer Update
Phase 2.2 Timer Update | Checksum: 16f2d0157

Time (s): cpu = 00:00:03 ; elapsed = 00:00:02 . Memory (MB): peak = 3124.742 ; gain = 12.324

Phase 2.3 Timing Data Collection
Phase 2.3 Timing Data Collection | Checksum: 16f2d0157

Time (s): cpu = 00:00:03 ; elapsed = 00:00:02 . Memory (MB): peak = 3124.742 ; gain = 12.324
Phase 2 Timer Update And Timing Data Collection | Checksum: 16f2d0157

Time (s): cpu = 00:00:03 ; elapsed = 00:00:02 . Memory (MB): peak = 3124.742 ; gain = 12.324

Phase 3 Retarget
INFO: [Opt 31-1851] Number of loadless carry chains removed were: 0
INFO: [Opt 31-1834] Total Chains To Be Transformed Were: 0 AND Number of Transformed insts Created are: 0
INFO: [Opt 31-1566] Pulled 2 inverters resulting in an inversion of 522 pins
INFO: [Opt 31-138] Pushed 2 inverter(s) to 2 load pin(s).
INFO: [Opt 31-49] Retargeted 0 cell(s).
Phase 3 Retarget | Checksum: 21dca91fa

Time (s): cpu = 00:00:05 ; elapsed = 00:00:04 . Memory (MB): peak = 3124.742 ; gain = 12.324
Retarget | Checksum: 21dca91fa
INFO: [Opt 31-389] Phase Retarget created 0 cells and removed 3 cells
INFO: [Opt 31-1021] In phase Retarget, 8374 netlist objects are constrained preventing optimization. Please run opt_design with -debug_log to get more detail. 

Phase 4 Constant propagation
INFO: [Opt 31-138] Pushed 0 inverter(s) to 0 load pin(s).
Phase 4 Constant propagation | Checksum: 21bebb101

Time (s): cpu = 00:00:06 ; elapsed = 00:00:05 . Memory (MB): peak = 3124.742 ; gain = 12.324
Constant propagation | Checksum: 21bebb101
INFO: [Opt 31-389] Phase Constant propagation created 0 cells and removed 0 cells
INFO: [Opt 31-1021] In phase Constant propagation, 8387 netlist objects are constrained preventing optimization. Please run opt_design with -debug_log to get more detail. 

Phase 5 Sweep
INFO: [Constraints 18-11670] Building netlist checker database with flags, 0x8
Done building netlist checker database: Time (s): cpu = 00:00:00 ; elapsed = 00:00:00.065 . Memory (MB): peak = 3124.742 ; gain = 0.000
Phase 5 Sweep | Checksum: 28f4beeec

Time (s): cpu = 00:00:08 ; elapsed = 00:00:07 . Memory (MB): peak = 3124.742 ; gain = 12.324
Sweep | Checksum: 28f4beeec
INFO: [Opt 31-389] Phase Sweep created 0 cells and removed 0 cells
INFO: [Opt 31-1021] In phase Sweep, 17560 netlist objects are constrained preventing optimization. Please run opt_design with -debug_log to get more detail. 

Phase 6 BUFG optimization
Phase 6 BUFG optimization | Checksum: 28f4beeec

Time (s): cpu = 00:00:10 ; elapsed = 00:00:08 . Memory (MB): peak = 3124.742 ; gain = 12.324
BUFG optimization | Checksum: 28f4beeec
INFO: [Opt 31-662] Phase BUFG optimization created 0 cells of which 0 are BUFGs and removed 0 cells.

Phase 7 Shift Register Optimization
INFO: [Opt 31-1064] SRL Remap converted 0 SRLs to 0 registers and converted 0 registers of register chains to 0 SRLs
Phase 7 Shift Register Optimization | Checksum: 28f4beeec

Time (s): cpu = 00:00:11 ; elapsed = 00:00:09 . Memory (MB): peak = 3124.742 ; gain = 12.324
Shift Register Optimization | Checksum: 28f4beeec
INFO: [Opt 31-389] Phase Shift Register Optimization created 0 cells and removed 0 cells

Phase 8 Post Processing Netlist
Phase 8 Post Processing Netlist | Checksum: 28f4beeec

Time (s): cpu = 00:00:11 ; elapsed = 00:00:09 . Memory (MB): peak = 3124.742 ; gain = 12.324
Post Processing Netlist | Checksum: 28f4beeec
INFO: [Opt 31-389] Phase Post Processing Netlist created 0 cells and removed 0 cells
INFO: [Opt 31-1021] In phase Post Processing Netlist, 277 netlist objects are constrained preventing optimization. Please run opt_design with -debug_log to get more detail. 

Phase 9 Finalization

Phase 9.1 Finalizing Design Cores and Updating Shapes
Phase 9.1 Finalizing Design Cores and Updating Shapes | Checksum: 206191201

Time (s): cpu = 00:00:13 ; elapsed = 00:00:11 . Memory (MB): peak = 3124.742 ; gain = 12.324

Phase 9.2 Verifying Netlist Connectivity

Starting Connectivity Check Task

Time (s): cpu = 00:00:00 ; elapsed = 00:00:00.127 . Memory (MB): peak = 3124.742 ; gain = 0.000
Phase 9.2 Verifying Netlist Connectivity | Checksum: 206191201

Time (s): cpu = 00:00:13 ; elapsed = 00:00:12 . Memory (MB): peak = 3124.742 ; gain = 12.324
Phase 9 Finalization | Checksum: 206191201

Time (s): cpu = 00:00:13 ; elapsed = 00:00:12 . Memory (MB): peak = 3124.742 ; gain = 12.324
Opt_design Change Summary
=========================


-------------------------------------------------------------------------------------------------------------------------
|  Phase                        |  #Cells created  |  #Cells Removed  |  #Constrained objects preventing optimizations  |
-------------------------------------------------------------------------------------------------------------------------
|  Retarget                     |               0  |               3  |                                           8374  |
|  Constant propagation         |               0  |               0  |                                           8387  |
|  Sweep                        |               0  |               0  |                                          17560  |
|  BUFG optimization            |               0  |               0  |                                              0  |
|  Shift Register Optimization  |               0  |               0  |                                              0  |
|  Post Processing Netlist      |               0  |               0  |                                            277  |
-------------------------------------------------------------------------------------------------------------------------


Ending Logic Optimization Task | Checksum: 206191201

Time (s): cpu = 00:00:13 ; elapsed = 00:00:12 . Memory (MB): peak = 3124.742 ; gain = 12.324

Starting Power Optimization Task
INFO: [Pwropt 34-132] Skipping clock gating for clocks with a period < 2.00 ns.
INFO: [Pwropt 34-9] Applying IDT optimizations ...
INFO: [Pwropt 34-10] Applying ODC optimizations ...
INFO: [Timing 38-35] Done setting XDC timing constraints.
Running Vector-less Activity Propagation...

Finished Running Vector-less Activity Propagation


Starting PowerOpt Patch Enables Task
INFO: [Pwropt 34-162] WRITE_MODE attribute of 0 BRAM(s) out of a total of 234 has been updated to save power. Run report_power_opt to get a complete listing of the BRAMs updated.
INFO: [Pwropt 34-201] Structural ODC has moved 0 WE to EN ports
Number of BRAM Ports augmented: 188 newly gated: 0 Total Ports: 468
Number of Flops added for Enable Generation: 17

Ending PowerOpt Patch Enables Task | Checksum: 1fd99d05c

Time (s): cpu = 00:00:01 ; elapsed = 00:00:01 . Memory (MB): peak = 3524.992 ; gain = 0.000
Ending Power Optimization Task | Checksum: 1fd99d05c

Time (s): cpu = 00:00:35 ; elapsed = 00:00:22 . Memory (MB): peak = 3524.992 ; gain = 400.250

Starting Final Cleanup Task

Starting Logic Optimization Task
INFO: [Timing 38-35] Done setting XDC timing constraints.
Ending Logic Optimization Task | Checksum: 226e82347

Time (s): cpu = 00:00:13 ; elapsed = 00:00:09 . Memory (MB): peak = 3524.992 ; gain = 0.000
Ending Final Cleanup Task | Checksum: 226e82347

Time (s): cpu = 00:00:17 ; elapsed = 00:00:12 . Memory (MB): peak = 3524.992 ; gain = 0.000
Netlist sorting complete. Time (s): cpu = 00:00:00 ; elapsed = 00:00:00.042 . Memory (MB): peak = 3524.992 ; gain = 0.000
INFO: [Common 17-83] Releasing license: Implementation
32 Infos, 0 Warnings, 0 Critical Warnings and 0 Errors encountered.
opt_design completed successfully
opt_design: Time (s): cpu = 00:01:10 ; elapsed = 00:00:51 . Memory (MB): peak = 3524.992 ; gain = 429.184
Command: place_design -directive ExtraNetDelay_high
Attempting to get a license for feature 'Implementation' and/or device 'xc7a200t'
INFO: [Common 17-349] Got license for feature 'Implementation' and/or device 'xc7a200t'
INFO: [Common 17-83] Releasing license: Implementation
INFO: [DRC 23-27] Running DRC with 2 threads
INFO: [Vivado_Tcl 4-198] DRC finished with 0 Errors
INFO: [Vivado_Tcl 4-199] Please refer to the DRC report (report_drc) for more information.
INFO: [Timing 38-35] Done setting XDC timing constraints.
INFO: [Vivado_Tcl 4-2302] The placer was invoked with the 'ExtraNetDelay_high' directive.
Running DRC as a precondition to command place_design
INFO: [DRC 23-27] Running DRC with 2 threads
INFO: [Vivado_Tcl 4-198] DRC finished with 0 Errors, 29 Warnings
INFO: [Vivado_Tcl 4-199] Please refer to the DRC report (report_drc) for more information.
INFO: [Place 30-611] Multithreading enabled for place_design using a maximum of 2 CPUs

Starting Placer Task

Phase 1 Placer Initialization

Phase 1.1 Placer Initialization Netlist Sorting
Netlist sorting complete. Time (s): cpu = 00:00:00 ; elapsed = 00:00:00.043 . Memory (MB): peak = 3524.992 ; gain = 0.000
Phase 1.1 Placer Initialization Netlist Sorting | Checksum: 187a70e76

Time (s): cpu = 00:00:00 ; elapsed = 00:00:00.066 . Memory (MB): peak = 3524.992 ; gain = 0.000
Netlist sorting complete. Time (s): cpu = 00:00:00 ; elapsed = 00:00:00.032 . Memory (MB): peak = 3524.992 ; gain = 0.000

Phase 1.2 IO Placement/ Clock Placement/ Build Placer Device
Phase 1.2 IO Placement/ Clock Placement/ Build Placer Device | Checksum: 190e5c820

Time (s): cpu = 00:00:09 ; elapsed = 00:00:08 . Memory (MB): peak = 3524.992 ; gain = 0.000

Phase 1.3 Build Placer Netlist Model
Phase 1.3 Build Placer Netlist Model | Checksum: 1d54567f7

Time (s): cpu = 00:00:42 ; elapsed = 00:00:32 . Memory (MB): peak = 3524.992 ; gain = 0.000

Phase 1.4 Constrain Clocks/Macros
Phase 1.4 Constrain Clocks/Macros | Checksum: 1d54567f7

Time (s): cpu = 00:00:42 ; elapsed = 00:00:32 . Memory (MB): peak = 3524.992 ; gain = 0.000
Phase 1 Placer Initialization | Checksum: 1d54567f7

Time (s): cpu = 00:00:42 ; elapsed = 00:00:33 . Memory (MB): peak = 3524.992 ; gain = 0.000

Phase 2 Global Placement

Phase 2.1 Floorplanning
Phase 2.1 Floorplanning | Checksum: 2099822f6

Time (s): cpu = 00:01:00 ; elapsed = 00:00:43 . Memory (MB): peak = 3524.992 ; gain = 0.000

Phase 2.2 Update Timing before SLR Path Opt
Phase 2.2 Update Timing before SLR Path Opt | Checksum: 27192427f

Time (s): cpu = 00:01:21 ; elapsed = 00:00:54 . Memory (MB): peak = 3524.992 ; gain = 0.000

Phase 2.3 Post-Processing in Floorplanning
Phase 2.3 Post-Processing in Floorplanning | Checksum: 22a23738c

Time (s): cpu = 00:01:21 ; elapsed = 00:00:55 . Memory (MB): peak = 3524.992 ; gain = 0.000

Phase 2.4 Global Place Phase1
Phase 2.4 Global Place Phase1 | Checksum: 186b4b066

Time (s): cpu = 00:03:21 ; elapsed = 00:02:08 . Memory (MB): peak = 3524.992 ; gain = 0.000

Phase 2.5 Global Place Phase2

Phase 2.5.1 UpdateTiming Before Physical Synthesis
Phase 2.5.1 UpdateTiming Before Physical Synthesis | Checksum: 14c41678e

Time (s): cpu = 00:03:41 ; elapsed = 00:02:20 . Memory (MB): peak = 3524.992 ; gain = 0.000

Phase 2.5.2 Physical Synthesis In Placer
INFO: [Physopt 32-1035] Found 99 LUTNM shape to break, 1427 LUT instances to create LUTNM shape
INFO: [Physopt 32-1044] Break lutnm for timing: one critical 61, two critical 38, total 99, new lutff created 1
INFO: [Physopt 32-1138] End 1 Pass. Optimized 777 nets or LUTs. Breaked 99 LUTs, combined 678 existing LUTs and moved 0 existing LUT
INFO: [Physopt 32-1132] Very high fanout net 'u_top/u_core/u_b/u_b_core/core/core/l3/gk.frontend/fifo/wr_ptr_reg[0]_rep_n_0' is not considered as a candidate in VHFN optimization. The fanout considered for this optimization is changed from 1057 to 134 due to a timing constraint or macro primitives that prevent optimization on all of the loads. To force replication, set the FORCE_MAX_FANOUT property on the net to a number less than 134.
INFO: [Physopt 32-1132] Very high fanout net 'u_top/u_core/u_b/u_b_core/core/core/l3/gk.frontend/fifo/wr_ptr[1]' is not considered as a candidate in VHFN optimization. The fanout considered for this optimization is changed from 1058 to 135 due to a timing constraint or macro primitives that prevent optimization on all of the loads. To force replication, set the FORCE_MAX_FANOUT property on the net to a number less than 135.
INFO: [Physopt 32-1132] Very high fanout net 'u_top/u_core/u_b/u_b_core/core/core/l3/gk.frontend/win/window_valid_reg_0' is not considered as a candidate in VHFN optimization. The fanout considered for this optimization is changed from 1056 to 133 due to a timing constraint or macro primitives that prevent optimization on all of the loads. To force replication, set the FORCE_MAX_FANOUT property on the net to a number less than 133.
INFO: [Physopt 32-1132] Very high fanout net 'u_top/u_core/u_b/u_b_core/core/core/l5/gk.frontend/fifo/Q[0]' is not considered as a candidate in VHFN optimization. The fanout considered for this optimization is changed from 1067 to 144 due to a timing constraint or macro primitives that prevent optimization on all of the loads. To force replication, set the FORCE_MAX_FANOUT property on the net to a number less than 144.
INFO: [Physopt 32-1132] Very high fanout net 'u_top/u_core/u_b/u_b_core/core/core/l5/gk.frontend/fifo/wr_ptr_reg[0]_rep_n_0' is not considered as a candidate in VHFN optimization. The fanout considered for this optimization is changed from 1057 to 134 due to a timing constraint or macro primitives that prevent optimization on all of the loads. To force replication, set the FORCE_MAX_FANOUT property on the net to a number less than 134.
INFO: [Physopt 32-1132] Very high fanout net 'u_top/u_core/u_b/u_b_core/core/core/l5/gk.frontend/fifo/wr_ptr_reg[0]_rep__0_n_0' is not considered as a candidate in VHFN optimization. The fanout considered for this optimization is changed from 1057 to 134 due to a timing constraint or macro primitives that prevent optimization on all of the loads. To force replication, set the FORCE_MAX_FANOUT property on the net to a number less than 134.
INFO: [Physopt 32-1132] Very high fanout net 'u_top/u_core/u_b/u_b_core/core/core/l5/gk.frontend/fifo/wr_ptr_reg[0]_rep__1_n_0' is not considered as a candidate in VHFN optimization. The fanout considered for this optimization is changed from 1057 to 134 due to a timing constraint or macro primitives that prevent optimization on all of the loads. To force replication, set the FORCE_MAX_FANOUT property on the net to a number less than 134.
INFO: [Physopt 32-1132] Very high fanout net 'u_top/u_core/u_b/u_b_core/core/core/l5/gk.frontend/fifo/wr_ptr_reg[0]_rep__2_n_0' is not considered as a candidate in VHFN optimization. The fanout considered for this optimization is changed from 1057 to 134 due to a timing constraint or macro primitives that prevent optimization on all of the loads. To force replication, set the FORCE_MAX_FANOUT property on the net to a number less than 134.
INFO: [Physopt 32-1132] Very high fanout net 'u_top/u_core/u_b/u_b_core/core/core/l5/gk.frontend/fifo/wr_ptr_reg[0]_rep__3_n_0' is not considered as a candidate in VHFN optimization. The fanout considered for this optimization is changed from 1057 to 134 due to a timing constraint or macro primitives that prevent optimization on all of the loads. To force replication, set the FORCE_MAX_FANOUT property on the net to a number less than 134.
INFO: [Physopt 32-1132] Very high fanout net 'u_top/u_core/u_b/u_b_core/core/core/l5/gk.frontend/fifo/wr_ptr_reg[0]_rep__4_n_0' is not considered as a candidate in VHFN optimization. The fanout considered for this optimization is changed from 1057 to 134 due to a timing constraint or macro primitives that prevent optimization on all of the loads. To force replication, set the FORCE_MAX_FANOUT property on the net to a number less than 134.
INFO: [Physopt 32-1132] Very high fanout net 'u_top/u_core/u_b/u_b_core/core/core/l5/gk.frontend/fifo/wr_ptr_reg[0]_rep__5_n_0' is not considered as a candidate in VHFN optimization. The fanout considered for this optimization is changed from 1057 to 134 due to a timing constraint or macro primitives that prevent optimization on all of the loads. To force replication, set the FORCE_MAX_FANOUT property on the net to a number less than 134.
INFO: [Physopt 32-1132] Very high fanout net 'u_top/u_core/u_b/u_b_core/core/core/l5/gk.frontend/fifo/wr_ptr[1]' is not considered as a candidate in VHFN optimization. The fanout considered for this optimization is changed from 1065 to 142 due to a timing constraint or macro primitives that prevent optimization on all of the loads. To force replication, set the FORCE_MAX_FANOUT property on the net to a number less than 142.
INFO: [Physopt 32-1132] Very high fanout net 'u_top/u_core/u_b/u_b_core/core/core/l5/gk.frontend/fifo/wr_ptr_reg[1]_rep_n_0' is not considered as a candidate in VHFN optimization. The fanout considered for this optimization is changed from 1056 to 133 due to a timing constraint or macro primitives that prevent optimization on all of the loads. To force replication, set the FORCE_MAX_FANOUT property on the net to a number less than 133.
INFO: [Physopt 32-1132] Very high fanout net 'u_top/u_core/u_b/u_b_core/core/core/l5/gk.frontend/fifo/wr_ptr_reg[1]_rep__0_n_0' is not considered as a candidate in VHFN optimization. The fanout considered for this optimization is changed from 1056 to 133 due to a timing constraint or macro primitives that prevent optimization on all of the loads. To force replication, set the FORCE_MAX_FANOUT property on the net to a number less than 133.
INFO: [Physopt 32-1132] Very high fanout net 'u_top/u_core/u_b/u_b_core/core/core/l5/gk.frontend/fifo/wr_ptr_reg[1]_rep__1_n_0' is not considered as a candidate in VHFN optimization. The fanout considered for this optimization is changed from 1056 to 133 due to a timing constraint or macro primitives that prevent optimization on all of the loads. To force replication, set the FORCE_MAX_FANOUT property on the net to a number less than 133.
INFO: [Physopt 32-1132] Very high fanout net 'u_top/u_core/u_b/u_b_core/core/core/l5/gk.frontend/fifo/wr_ptr_reg[1]_rep__2_n_0' is not considered as a candidate in VHFN optimization. The fanout considered for this optimization is changed from 1056 to 133 due to a timing constraint or macro primitives that prevent optimization on all of the loads. To force replication, set the FORCE_MAX_FANOUT property on the net to a number less than 133.
INFO: [Physopt 32-1132] Very high fanout net 'u_top/u_core/u_b/u_b_core/core/core/l5/gk.frontend/fifo/wr_ptr_reg[1]_rep__3_n_0' is not considered as a candidate in VHFN optimization. The fanout considered for this optimization is changed from 1056 to 133 due to a timing constraint or macro primitives that prevent optimization on all of the loads. To force replication, set the FORCE_MAX_FANOUT property on the net to a number less than 133.
INFO: [Physopt 32-1132] Very high fanout net 'u_top/u_core/u_b/u_b_core/core/core/l5/gk.frontend/fifo/wr_ptr_reg[1]_rep__4_n_0' is not considered as a candidate in VHFN optimization. The fanout considered for this optimization is changed from 1056 to 133 due to a timing constraint or macro primitives that prevent optimization on all of the loads. To force replication, set the FORCE_MAX_FANOUT property on the net to a number less than 133.
INFO: [Physopt 32-1132] Very high fanout net 'u_top/u_core/u_b/u_b_core/core/core/l5/gk.frontend/fifo/wr_ptr_reg[1]_rep__5_n_0' is not considered as a candidate in VHFN optimization. The fanout considered for this optimization is changed from 1056 to 133 due to a timing constraint or macro primitives that prevent optimization on all of the loads. To force replication, set the FORCE_MAX_FANOUT property on the net to a number less than 133.
INFO: [Physopt 32-1132] Very high fanout net 'u_top/u_core/u_b/u_b_core/core/core/l5/gk.frontend/win/window_valid_reg_0' is not considered as a candidate in VHFN optimization. The fanout considered for this optimization is changed from 1056 to 133 due to a timing constraint or macro primitives that prevent optimization on all of the loads. To force replication, set the FORCE_MAX_FANOUT property on the net to a number less than 133.
INFO: [Physopt 32-1132] Very high fanout net 'u_top/u_core/u_b/u_b_core/core/core/l5/gk.frontend/win/window_valid_reg_2' is not considered as a candidate in VHFN optimization. The fanout considered for this optimization is changed from 1056 to 133 due to a timing constraint or macro primitives that prevent optimization on all of the loads. To force replication, set the FORCE_MAX_FANOUT property on the net to a number less than 133.
INFO: [Physopt 32-1132] Very high fanout net 'u_top/u_core/u_b/u_b_core/core/core/l5/gk.frontend/win/window_valid_reg_3' is not considered as a candidate in VHFN optimization. The fanout considered for this optimization is changed from 1056 to 133 due to a timing constraint or macro primitives that prevent optimization on all of the loads. To force replication, set the FORCE_MAX_FANOUT property on the net to a number less than 133.
INFO: [Physopt 32-1132] Very high fanout net 'u_top/u_core/u_b/u_b_core/core/core/l5/gk.frontend/win/window_valid_reg_4' is not considered as a candidate in VHFN optimization. The fanout considered for this optimization is changed from 1056 to 133 due to a timing constraint or macro primitives that prevent optimization on all of the loads. To force replication, set the FORCE_MAX_FANOUT property on the net to a number less than 133.
INFO: [Physopt 32-1132] Very high fanout net 'u_top/u_core/u_b/u_b_core/core/core/l5/gk.frontend/win/window_valid_reg_5' is not considered as a candidate in VHFN optimization. The fanout considered for this optimization is changed from 1056 to 133 due to a timing constraint or macro primitives that prevent optimization on all of the loads. To force replication, set the FORCE_MAX_FANOUT property on the net to a number less than 133.
INFO: [Physopt 32-1132] Very high fanout net 'u_top/u_core/u_b/u_b_core/core/core/l5/gk.frontend/win/window_valid_reg_6' is not considered as a candidate in VHFN optimization. The fanout considered for this optimization is changed from 1056 to 133 due to a timing constraint or macro primitives that prevent optimization on all of the loads. To force replication, set the FORCE_MAX_FANOUT property on the net to a number less than 133.
INFO: [Physopt 32-1132] Very high fanout net 'u_top/u_core/u_b/u_b_core/core/core/l5/gk.frontend/win/window_valid_reg_7' is not considered as a candidate in VHFN optimization. The fanout considered for this optimization is changed from 1056 to 133 due to a timing constraint or macro primitives that prevent optimization on all of the loads. To force replication, set the FORCE_MAX_FANOUT property on the net to a number less than 133.
INFO: [Physopt 32-1132] Very high fanout net 'u_top/u_core/u_b/u_b_core/core/core/l5/gk.frontend/win/window_valid_reg_8' is not considered as a candidate in VHFN optimization. The fanout considered for this optimization is changed from 1056 to 133 due to a timing constraint or macro primitives that prevent optimization on all of the loads. To force replication, set the FORCE_MAX_FANOUT property on the net to a number less than 133.
INFO: [Physopt 32-1408] Pass 1. Identified 2 candidate nets for high-fanout optimization.
INFO: [Physopt 32-81] Processed net u_top/u_core/u_b/u_b_core/core/core/l5/gk.frontend/pending1. Replicated 37 times.
INFO: [Physopt 32-81] Processed net u_top/u_core/u_b/u_b_core/core/core/l3/gk.frontend/win/pending1. Replicated 6 times.
INFO: [Physopt 32-232] Optimized 2 nets. Created 43 new instances.
INFO: [Physopt 32-775] End 1 Pass. Optimized 2 nets or cells. Created 43 new cells, deleted 0 existing cell and moved 0 existing cell
Netlist sorting complete. Time (s): cpu = 00:00:00 ; elapsed = 00:00:00.148 . Memory (MB): peak = 3524.992 ; gain = 0.000
INFO: [Physopt 32-76] Pass 1. Identified 42 candidate nets for fanout optimization.
INFO: [Physopt 32-81] Processed net u_top/u_core/u_b/u_b_core/core/core/l5/mac/issue/out_phase_reg[1]_rep__9_n_0. Replicated 6 times.
INFO: [Physopt 32-81] Processed net u_top/u_core/u_b/u_b_core/core/core/l5/mac/issue/out_phase_reg[2]_rep__7_n_0. Replicated 9 times.
INFO: [Physopt 32-232] Optimized 2 nets. Created 15 new instances.
INFO: [Physopt 32-775] End 1 Pass. Optimized 2 nets or cells. Created 15 new cells, deleted 0 existing cell and moved 0 existing cell
Netlist sorting complete. Time (s): cpu = 00:00:00 ; elapsed = 00:00:00.168 . Memory (MB): peak = 3524.992 ; gain = 0.000
INFO: [Physopt 32-46] Identified 3 candidate nets for critical-cell optimization.
INFO: [Physopt 32-232] Optimized 0 net. Created 0 new instance.
INFO: [Physopt 32-775] End 1 Pass. Optimized 0 net or cell. Created 0 new cell, deleted 0 existing cell and moved 0 existing cell
INFO: [Physopt 32-457] Pass 1. Identified 2 candidate cells for DSP register optimization.
INFO: [Physopt 32-665] Processed cell u_top/u_core/u_b/u_b_core/core/core/l4/post/units[1].post/prelu_product_s1_reg. 15 registers were pushed out.
INFO: [Physopt 32-666] Processed cell u_top/u_core/u_b/u_b_core/core/core/l4/post/units[1].post/prelu_product_s10. No change.
INFO: [Physopt 32-457] Pass 2. Identified 1 candidate cell for DSP register optimization.
INFO: [Physopt 32-666] Processed cell u_top/u_core/u_b/u_b_core/core/core/l4/post/units[1].post/prelu_product_s10. No change.
INFO: [Physopt 32-775] End 2 Pass. Optimized 1 net or cell. Created 15 new cells, deleted 0 existing cell and moved 0 existing cell
Netlist sorting complete. Time (s): cpu = 00:00:00 ; elapsed = 00:00:00.078 . Memory (MB): peak = 3524.992 ; gain = 0.000
INFO: [Physopt 32-1123] No candidate cells found for Shift Register to Pipeline optimization
INFO: [Physopt 32-775] End 2 Pass. Optimized 0 net or cell. Created 0 new cell, deleted 0 existing cell and moved 0 existing cell
INFO: [Physopt 32-1401] No candidate cells found for Shift Register optimization.
INFO: [Physopt 32-677] No candidate cells for Shift Register optimization found in the design
INFO: [Physopt 32-775] End 1 Pass. Optimized 0 net or cell. Created 0 new cell, deleted 0 existing cell and moved 0 existing cell
INFO: [Physopt 32-526] No candidate cells for BRAM register optimization found in the design
INFO: [Physopt 32-775] End 1 Pass. Optimized 0 net or cell. Created 0 new cell, deleted 0 existing cell and moved 0 existing cell
INFO: [Physopt 32-846] No candidate cells for URAM register optimization found in the design
INFO: [Physopt 32-775] End 1 Pass. Optimized 0 net or cell. Created 0 new cell, deleted 0 existing cell and moved 0 existing cell
INFO: [Physopt 32-846] No candidate cells for URAM register optimization found in the design
INFO: [Physopt 32-775] End 1 Pass. Optimized 0 net or cell. Created 0 new cell, deleted 0 existing cell and moved 0 existing cell
INFO: [Physopt 32-949] No candidate nets found for dynamic/static region interface net replication
INFO: [Physopt 32-775] End 1 Pass. Optimized 0 net or cell. Created 0 new cell, deleted 0 existing cell and moved 0 existing cell
Netlist sorting complete. Time (s): cpu = 00:00:00 ; elapsed = 00:00:00.042 . Memory (MB): peak = 3524.992 ; gain = 0.000

Summary of Physical Synthesis Optimizations
============================================


-----------------------------------------------------------------------------------------------------------------------------------------------------------
|  Optimization                                     |  Added Cells  |  Removed Cells  |  Optimized Cells/Nets  |  Dont Touch  |  Iterations  |  Elapsed   |
-----------------------------------------------------------------------------------------------------------------------------------------------------------
|  LUT Combining                                    |           99  |            678  |                   777  |           0  |           1  |  00:00:01  |
|  Retime                                           |            0  |              0  |                     0  |           0  |           1  |  00:00:00  |
|  Very High Fanout                                 |           43  |              0  |                     2  |           0  |           1  |  00:00:02  |
|  Fanout                                           |           15  |              0  |                     2  |           0  |           1  |  00:00:06  |
|  Critical Cell                                    |            0  |              0  |                     0  |           0  |           1  |  00:00:00  |
|  DSP Register                                     |           15  |              0  |                     1  |        1416  |           1  |  00:00:03  |
|  Shift Register to Pipeline                       |            0  |              0  |                     0  |           0  |           1  |  00:00:00  |
|  Shift Register                                   |            0  |              0  |                     0  |           0  |           1  |  00:00:00  |
|  BRAM Register                                    |            0  |              0  |                     0  |           0  |           1  |  00:00:00  |
|  URAM Register                                    |            0  |              0  |                     0  |           0  |           1  |  00:00:00  |
|  Dynamic/Static Region Interface Net Replication  |            0  |              0  |                     0  |           0  |           1  |  00:00:00  |
|  Total                                            |          172  |            678  |                   782  |        1416  |          11  |  00:00:12  |
-----------------------------------------------------------------------------------------------------------------------------------------------------------


Phase 2.5.2 Physical Synthesis In Placer | Checksum: 1b8926890

Time (s): cpu = 00:04:09 ; elapsed = 00:02:42 . Memory (MB): peak = 3524.992 ; gain = 0.000
Phase 2.5 Global Place Phase2 | Checksum: 2575ba911

Time (s): cpu = 00:04:25 ; elapsed = 00:02:54 . Memory (MB): peak = 3524.992 ; gain = 0.000
Phase 2 Global Placement | Checksum: 2575ba911

Time (s): cpu = 00:04:25 ; elapsed = 00:02:54 . Memory (MB): peak = 3524.992 ; gain = 0.000

Phase 3 Detail Placement

Phase 3.1 Commit Multi Column Macros
Phase 3.1 Commit Multi Column Macros | Checksum: 1d100fa86

Time (s): cpu = 00:04:42 ; elapsed = 00:03:03 . Memory (MB): peak = 3524.992 ; gain = 0.000

Phase 3.2 Commit Most Macros & LUTRAMs
Phase 3.2 Commit Most Macros & LUTRAMs | Checksum: 164a8cf93

Time (s): cpu = 00:05:09 ; elapsed = 00:03:21 . Memory (MB): peak = 3524.992 ; gain = 0.000

Phase 3.3 Area Swap Optimization
Phase 3.3 Area Swap Optimization | Checksum: 1b3dcb076

Time (s): cpu = 00:05:10 ; elapsed = 00:03:22 . Memory (MB): peak = 3524.992 ; gain = 0.000

Phase 3.4 Pipeline Register Optimization
Phase 3.4 Pipeline Register Optimization | Checksum: 16ed67ef8

Time (s): cpu = 00:05:11 ; elapsed = 00:03:23 . Memory (MB): peak = 3524.992 ; gain = 0.000

Phase 3.5 Fast Optimization
Phase 3.5 Fast Optimization | Checksum: 1a825b96e

Time (s): cpu = 00:05:46 ; elapsed = 00:03:45 . Memory (MB): peak = 3524.992 ; gain = 0.000

Phase 3.6 Small Shape Detail Placement
Phase 3.6 Small Shape Detail Placement | Checksum: 2637e5db5

Time (s): cpu = 00:06:48 ; elapsed = 00:05:19 . Memory (MB): peak = 3524.992 ; gain = 0.000

Phase 3.7 Re-assign LUT pins
Phase 3.7 Re-assign LUT pins | Checksum: 263221880

Time (s): cpu = 00:06:52 ; elapsed = 00:05:23 . Memory (MB): peak = 3524.992 ; gain = 0.000

Phase 3.8 Pipeline Register Optimization
Phase 3.8 Pipeline Register Optimization | Checksum: 239dbeb5e

Time (s): cpu = 00:06:53 ; elapsed = 00:05:23 . Memory (MB): peak = 3524.992 ; gain = 0.000

Phase 3.9 Fast Optimization
Phase 3.9 Fast Optimization | Checksum: 1ca9b7366

Time (s): cpu = 00:07:51 ; elapsed = 00:06:04 . Memory (MB): peak = 3524.992 ; gain = 0.000
Phase 3 Detail Placement | Checksum: 1ca9b7366

Time (s): cpu = 00:07:52 ; elapsed = 00:06:04 . Memory (MB): peak = 3524.992 ; gain = 0.000

Phase 4 Post Placement Optimization and Clean-Up

Phase 4.1 Post Commit Optimization
INFO: [Place 46-20] Placer is running with the ExtraNetDelay_high directive. Post Placement Optimization may take longer to complete with ExtraNetDelay_high compared to other directives.
INFO: [Timing 38-35] Done setting XDC timing constraints.

Phase 4.1.1 Post Placement Optimization
Post Placement Optimization Initialization | Checksum: 2326c0030

Phase 4.1.1.1 BUFG Insertion

Starting Physical Synthesis Task

Phase 1 Physical Synthesis Initialization
INFO: [Physopt 32-721] Multithreading enabled for phys_opt_design using a maximum of 2 CPUs
INFO: [Physopt 32-619] Estimated Timing Summary | WNS=-1.618 | TNS=-1129.496 |
Phase 1 Physical Synthesis Initialization | Checksum: 20feb5cc9

Time (s): cpu = 00:00:02 ; elapsed = 00:00:02 . Memory (MB): peak = 3524.992 ; gain = 0.000
INFO: [Place 46-33] Processed net u_top/u_core/u_b/u_b_core/core/core/l1/post/units[0].post/g_mmcm.u_mmcm, BUFG insertion was skipped due to placement/routing conflicts.
INFO: [Place 46-33] Processed net u_top/u_core/u_b/u_b_core/core/core/l5/mac/mac/p_8_out, BUFG insertion was skipped due to placement/routing conflicts.
INFO: [Place 46-56] BUFG insertion identified 2 candidate nets. Inserted BUFG: 0, Replicated BUFG Driver: 0, Skipped due to Placement/Routing Conflicts: 2, Skipped due to Timing Degradation: 0, Skipped due to netlist editing failed: 0.
Ending Physical Synthesis Task | Checksum: 269cb8fb0

Time (s): cpu = 00:00:05 ; elapsed = 00:00:04 . Memory (MB): peak = 3524.992 ; gain = 0.000
Phase 4.1.1.1 BUFG Insertion | Checksum: 2326c0030

Time (s): cpu = 00:08:29 ; elapsed = 00:06:30 . Memory (MB): peak = 3524.992 ; gain = 0.000

Phase 4.1.1.2 Post Placement Timing Optimization
INFO: [Place 30-746] Post Placement Timing Summary WNS=-0.798. For the most accurate timing information please run report_timing.
Phase 4.1.1.2 Post Placement Timing Optimization | Checksum: 1f651162c

Time (s): cpu = 00:42:23 ; elapsed = 00:41:01 . Memory (MB): peak = 3564.547 ; gain = 39.555

Time (s): cpu = 00:42:23 ; elapsed = 00:41:01 . Memory (MB): peak = 3564.547 ; gain = 39.555
Phase 4.1 Post Commit Optimization | Checksum: 1f651162c

Time (s): cpu = 00:42:23 ; elapsed = 00:41:01 . Memory (MB): peak = 3564.547 ; gain = 39.555

Phase 4.2 Post Placement Cleanup
Phase 4.2 Post Placement Cleanup | Checksum: 1f651162c

Time (s): cpu = 00:42:24 ; elapsed = 00:41:02 . Memory (MB): peak = 3568.723 ; gain = 43.730

Phase 4.3 Placer Reporting

Phase 4.3.1 Print Estimated Congestion
INFO: [Place 30-612] Post-Placement Estimated Congestion 
 ____________________________________________________
|           | Global Congestion | Short Congestion  |
| Direction | Region Size       | Region Size       |
|___________|___________________|___________________|
|      North|              32x32|              32x32|
|___________|___________________|___________________|
|      South|                4x4|                8x8|
|___________|___________________|___________________|
|       East|              32x32|              16x16|
|___________|___________________|___________________|
|       West|              16x16|                2x2|
|___________|___________________|___________________|

Phase 4.3.1 Print Estimated Congestion | Checksum: 1f651162c

Time (s): cpu = 00:42:24 ; elapsed = 00:41:02 . Memory (MB): peak = 3568.723 ; gain = 43.730
Phase 4.3 Placer Reporting | Checksum: 1f651162c

Time (s): cpu = 00:42:24 ; elapsed = 00:41:02 . Memory (MB): peak = 3568.723 ; gain = 43.730

Phase 4.4 Final Placement Cleanup
Netlist sorting complete. Time (s): cpu = 00:00:00 ; elapsed = 00:00:00.081 . Memory (MB): peak = 3568.723 ; gain = 0.000

Time (s): cpu = 00:42:24 ; elapsed = 00:41:02 . Memory (MB): peak = 3568.723 ; gain = 43.730
Phase 4 Post Placement Optimization and Clean-Up | Checksum: 278938ec8

Time (s): cpu = 00:42:25 ; elapsed = 00:41:02 . Memory (MB): peak = 3568.723 ; gain = 43.730
Ending Placer Task | Checksum: 21dfc330a

Time (s): cpu = 00:42:25 ; elapsed = 00:41:03 . Memory (MB): peak = 3568.723 ; gain = 43.730
114 Infos, 0 Warnings, 0 Critical Warnings and 0 Errors encountered.
place_design completed successfully
place_design: Time (s): cpu = 00:42:37 ; elapsed = 00:41:10 . Memory (MB): peak = 3568.723 ; gain = 43.730
Command: phys_opt_design -directive AggressiveExplore
Attempting to get a license for feature 'Implementation' and/or device 'xc7a200t'
INFO: [Common 17-349] Got license for feature 'Implementation' and/or device 'xc7a200t'
INFO: [Vivado_Tcl 4-137] Directive used for phys_opt_design is: AggressiveExplore

Starting Initial Update Timing Task

Time (s): cpu = 00:00:17 ; elapsed = 00:00:09 . Memory (MB): peak = 3975.609 ; gain = 406.887
INFO: [Vivado_Tcl 4-1435] PhysOpt_Tcl_Interface Runtime Before Starting Physical Synthesis Task | CPU: 17.00s |  WALL: 9.93s
Netlist sorting complete. Time (s): cpu = 00:00:00 ; elapsed = 00:00:00.036 . Memory (MB): peak = 3975.609 ; gain = 0.000

Starting Physical Synthesis Task

Phase 1 Physical Synthesis Initialization
INFO: [Physopt 32-721] Multithreading enabled for phys_opt_design using a maximum of 2 CPUs
INFO: [Physopt 32-619] Estimated Timing Summary | WNS=-0.798 | TNS=-484.922 |
Phase 1 Physical Synthesis Initialization | Checksum: 1c2de540b

Time (s): cpu = 00:00:07 ; elapsed = 00:00:06 . Memory (MB): peak = 3975.609 ; gain = 0.000

Phase 2 SLR Crossing Optimization
Phase 2 SLR Crossing Optimization | Checksum: 1c2de540b

Time (s): cpu = 00:00:07 ; elapsed = 00:00:06 . Memory (MB): peak = 3975.609 ; gain = 0.000
INFO: [Physopt 32-619] Estimated Timing Summary | WNS=-0.798 | TNS=-484.922 |

Phase 3 Fanout Optimization
INFO: [Physopt 32-76] Pass 1. Identified 10 candidate nets for fanout optimization.
INFO: [Physopt 32-81] Processed net u_top/u_core/u_b/u_b_core/core/core/f45/g_narrow_read.rd_ptr_local[1]. Replicated 6 times.
INFO: [Physopt 32-572] Net u_top/u_core/u_b/u_b_core/core/core/l5/gk.frontend/win/shift[3][255]_i_1_n_0 was not replicated.
Resolution: phys_opt_design can be forced to replicate a net driver using the option -force_replication_on_nets <list of net objects>.
INFO: [Physopt 32-572] Net u_top/u_core/u_b/u_b_core/core/core/l5/gk.frontend/pad/local_rst was not replicated.
Resolution: phys_opt_design can be forced to replicate a net driver using the option -force_replication_on_nets <list of net objects>.
INFO: [Physopt 32-81] Processed net u_top/u_core/u_ctrl/start_b. Replicated 2 times.
INFO: [Physopt 32-81] Processed net u_top/u_core/u_b/u_b_core/core/core/f45/g_narrow_read.rd_ptr_local[0]. Replicated 6 times.
INFO: [Physopt 32-81] Processed net u_top/u_core/u_b/u_b_core/core/core/l5/gk.frontend/win/window_valid_reg_5. Replicated 8 times.
INFO: [Physopt 32-81] Processed net u_top/u_core/u_b/u_b_core/core/core/l5/gk.frontend/win/window_valid_reg_7. Replicated 8 times.
INFO: [Physopt 32-81] Processed net u_top/u_core/u_b/u_b_core/core/core/f45/g_narrow_read.rd_ptr_local[2]. Replicated 6 times.
INFO: [Physopt 32-572] Net u_top/u_core/u_b/u_b_core/core/core/l5/gk.frontend/pad/pad_fire was not replicated.
Resolution: phys_opt_design can be forced to replicate a net driver using the option -force_replication_on_nets <list of net objects>.
INFO: [Physopt 32-571] Net u_top/u_core/u_b/u_b_core/core/core/l1/gk.frontend/fifo/local_rst was not replicated.
INFO: [Physopt 32-232] Optimized 6 nets. Created 36 new instances.
INFO: [Physopt 32-775] End 1 Pass. Optimized 6 nets or cells. Created 36 new cells, deleted 0 existing cell and moved 0 existing cell
INFO: [Physopt 32-619] Estimated Timing Summary | WNS=-0.798 | TNS=-384.267 |
Netlist sorting complete. Time (s): cpu = 00:00:00 ; elapsed = 00:00:00.255 . Memory (MB): peak = 3975.609 ; gain = 0.000
Phase 3 Fanout Optimization | Checksum: 24740d1bd

Time (s): cpu = 00:00:27 ; elapsed = 00:00:20 . Memory (MB): peak = 3975.609 ; gain = 0.000

Phase 4 Single Cell Placement Optimization
INFO: [Physopt 32-660] Identified 80 candidate nets for placement-based optimization.
INFO: [Physopt 32-662] Processed net u_top/u_core/u_in/dout_reg_0_0_i_2_n_0.  Did not re-place instance u_top/u_core/u_in/dout_reg_0_0_i_2
INFO: [Physopt 32-663] Processed net u_top/u_core/u_in/req_addr_q_reg[16]_0.  Re-placed instance u_top/u_core/u_in/dout_reg_0_0_i_1__13
INFO: [Physopt 32-662] Processed net u_top/u_core/u_in/src_valid.  Did not re-place instance u_top/u_core/u_in/resp_valid_q_reg
INFO: [Physopt 32-662] Processed net u_top/u_core/u_rom/g_multi_bank.g_bank[11].u_bank/dout_reg_0_5_ENARDEN_cooolgate_en_sig_26.  Did not re-place instance u_top/u_core/u_rom/g_multi_bank.g_bank[11].u_bank/dout_reg_0_5_ENARDEN_cooolgate_en_gate_47
INFO: [Physopt 32-663] Processed net u_top/u_core/u_in/run_q_reg_n_0.  Re-placed instance u_top/u_core/u_in/run_q_reg
INFO: [Physopt 32-663] Processed net u_top/u_core/u_in/en09_out.  Re-placed instance u_top/u_core/u_in/dout_reg_0_0_i_1__2
INFO: [Physopt 32-663] Processed net u_top/u_core/u_rom/g_multi_bank.g_bank[10].u_bank/dout_reg_0_5_ENARDEN_cooolgate_en_sig_17.  Re-placed instance u_top/u_core/u_rom/g_multi_bank.g_bank[10].u_bank/dout_reg_0_5_ENARDEN_cooolgate_en_gate_30
INFO: [Physopt 32-662] Processed net u_top/u_core/u_rom/g_multi_bank.g_bank[10].u_bank/dout_reg_0_0_ENARDEN_cooolgate_en_sig_12.  Did not re-place instance u_top/u_core/u_rom/g_multi_bank.g_bank[10].u_bank/dout_reg_0_0_ENARDEN_cooolgate_en_gate_20
INFO: [Physopt 32-663] Processed net u_top/u_core/u_in/en021_out.  Re-placed instance u_top/u_core/u_in/dout_reg_0_0_i_1__7
INFO: [Physopt 32-663] Processed net u_top/u_core/u_rom/g_multi_bank.g_bank[4].u_bank/dout_reg_0_5_ENARDEN_cooolgate_en_sig_98.  Re-placed instance u_top/u_core/u_rom/g_multi_bank.g_bank[4].u_bank/dout_reg_0_5_ENARDEN_cooolgate_en_gate_183
INFO: [Physopt 32-663] Processed net u_top/u_core/u_in/en027_out.  Re-placed instance u_top/u_core/u_in/dout_reg_0_0_i_1__10
INFO: [Physopt 32-663] Processed net u_top/u_core/u_rom/g_multi_bank.g_bank[1].u_bank/dout_reg_0_5_ENARDEN_cooolgate_en_sig_71.  Re-placed instance u_top/u_core/u_rom/g_multi_bank.g_bank[1].u_bank/dout_reg_0_5_ENARDEN_cooolgate_en_gate_132
INFO: [Physopt 32-662] Processed net u_top/u_core/u_rom/c2b_data_q[0][2]_i_6_n_0.  Did not re-place instance u_top/u_core/u_rom/c2b_data_q[0][2]_i_6
INFO: [Physopt 32-662] Processed net u_top/u_core/c2b_data_q_reg[0]_165[2].  Did not re-place instance u_top/u_core/c2b_data_q_reg[0][2]
INFO: [Physopt 32-662] Processed net u_top/u_core/u_in/req_exhausted_q_reg_n_0.  Did not re-place instance u_top/u_core/u_in/req_exhausted_q_reg
INFO: [Physopt 32-662] Processed net u_top/u_core/u_rom/c2b_data_q[0][2]_i_4_n_0.  Did not re-place instance u_top/u_core/u_rom/c2b_data_q[0][2]_i_4
INFO: [Physopt 32-663] Processed net u_top/u_core/u_in/en05_out.  Re-placed instance u_top/u_core/u_in/dout_reg_0_0_i_1__1
INFO: [Physopt 32-663] Processed net u_top/u_core/u_rom/g_multi_bank.g_bank[12].u_bank/dout_reg_0_0_ENARDEN_cooolgate_en_sig_30.  Re-placed instance u_top/u_core/u_rom/g_multi_bank.g_bank[12].u_bank/dout_reg_0_0_ENARDEN_cooolgate_en_gate_54
INFO: [Physopt 32-662] Processed net u_top/u_core/u_rom/c2b_data_q[0][5]_i_5_n_0.  Did not re-place instance u_top/u_core/u_rom/c2b_data_q[0][5]_i_5
INFO: [Physopt 32-662] Processed net u_top/u_core/c2b_data_q_reg[0]_165[5].  Did not re-place instance u_top/u_core/c2b_data_q_reg[0][5]
INFO: [Physopt 32-663] Processed net u_top/u_core/c2b_count_q[0].  Re-placed instance u_top/u_core/c2b_count_q_reg[0]
INFO: [Physopt 32-662] Processed net u_top/u_core/u_rom/c2b_data_q[0][4]_i_6_n_0.  Did not re-place instance u_top/u_core/u_rom/c2b_data_q[0][4]_i_6
INFO: [Physopt 32-663] Processed net u_top/u_core/c2b_data_q_reg[0]_165[4].  Re-placed instance u_top/u_core/c2b_data_q_reg[0][4]
INFO: [Physopt 32-663] Processed net u_top/u_core/u_in/en01_out.  Re-placed instance u_top/u_core/u_in/dout_reg_0_0_i_1
INFO: [Physopt 32-663] Processed net u_top/u_core/u_rom/g_multi_bank.g_bank[14].u_bank/dout_reg_0_0_ENARDEN_cooolgate_en_sig_48.  Re-placed instance u_top/u_core/u_rom/g_multi_bank.g_bank[14].u_bank/dout_reg_0_0_ENARDEN_cooolgate_en_gate_88
INFO: [Physopt 32-662] Processed net u_top/u_core/u_rom/c2b_data_q[0][4]_i_7_n_0.  Did not re-place instance u_top/u_core/u_rom/c2b_data_q[0][4]_i_7
INFO: [Physopt 32-662] Processed net u_top/u_core/c2b_data_q_reg[0]_165[0].  Did not re-place instance u_top/u_core/c2b_data_q_reg[0][0]
INFO: [Physopt 32-662] Processed net u_top/u_core/u_rom/c2b_data_q[0][0]_i_6_n_0.  Did not re-place instance u_top/u_core/u_rom/c2b_data_q[0][0]_i_6
INFO: [Physopt 32-662] Processed net u_top/u_core/u_rom/c2b_data_q[0][5]_i_4_n_0.  Did not re-place instance u_top/u_core/u_rom/c2b_data_q[0][5]_i_4
INFO: [Physopt 32-663] Processed net u_top/u_core/u_in/en019_out.  Re-placed instance u_top/u_core/u_in/dout_reg_0_0_i_1__6
INFO: [Physopt 32-662] Processed net u_top/u_core/u_rom/g_multi_bank.g_bank[5].u_bank/dout_reg_0_2_ENARDEN_cooolgate_en_sig_104.  Did not re-place instance u_top/u_core/u_rom/g_multi_bank.g_bank[5].u_bank/dout_reg_0_2_ENARDEN_cooolgate_en_gate_194
INFO: [Physopt 32-662] Processed net u_top/u_core/u_rom/c2b_data_q[0][2]_i_5_n_0.  Did not re-place instance u_top/u_core/u_rom/c2b_data_q[0][2]_i_5
INFO: [Physopt 32-662] Processed net u_top/u_core/u_b/u_b_core/core/core/l5/mac/mac/out_lane[3].mult_lane[1].operand_pipe.weight_q[2].  Did not re-place instance u_top/u_core/u_b/u_b_core/core/core/l5/mac/mac/out_lane[3].mult_lane[1].operand_pipe.weight_q_reg[2]
INFO: [Physopt 32-663] Processed net u_top/u_core/u_in/en011_out.  Re-placed instance u_top/u_core/u_in/dout_reg_0_0_i_1__3
INFO: [Physopt 32-662] Processed net u_top/u_core/u_rom/g_multi_bank.g_bank[9].u_bank/dout_reg_0_1_ENARDEN_cooolgate_en_sig_139.  Did not re-place instance u_top/u_core/u_rom/g_multi_bank.g_bank[9].u_bank/dout_reg_0_1_ENARDEN_cooolgate_en_gate_260
INFO: [Physopt 32-662] Processed net u_top/u_core/c2b_count_q[1].  Did not re-place instance u_top/u_core/c2b_count_q_reg[1]
INFO: [Physopt 32-662] Processed net u_top/u_core/u_rom/c2b_data_q[0][4]_i_5_n_0.  Did not re-place instance u_top/u_core/u_rom/c2b_data_q[0][4]_i_5
INFO: [Physopt 32-662] Processed net u_top/u_core/u_b/u_b_core/core/core/l5/mac/mac/out_lane[0].mult_lane[1].operand_pipe.weight_q[7].  Did not re-place instance u_top/u_core/u_b/u_b_core/core/core/l5/mac/mac/out_lane[0].mult_lane[1].operand_pipe.weight_q_reg[7]
INFO: [Physopt 32-662] Processed net u_top/u_core/u_rom/c2b_data_q[0][2]_i_7_n_0.  Did not re-place instance u_top/u_core/u_rom/c2b_data_q[0][2]_i_7
INFO: [Physopt 32-662] Processed net u_top/u_core/u_rom/c2b_data_q[0][1]_i_7_n_0.  Did not re-place instance u_top/u_core/u_rom/c2b_data_q[0][1]_i_7
INFO: [Physopt 32-662] Processed net u_top/u_core/c2b_data_q_reg[1]_166[1].  Did not re-place instance u_top/u_core/c2b_data_q_reg[1][1]
INFO: [Physopt 32-662] Processed net u_top/u_core/u_b/u_b_core/core/core/l5/mac/mac/out_lane[0].mult_lane[1].operand_pipe.weight_q[5].  Did not re-place instance u_top/u_core/u_b/u_b_core/core/core/l5/mac/mac/out_lane[0].mult_lane[1].operand_pipe.weight_q_reg[5]
INFO: [Physopt 32-662] Processed net u_top/u_core/c2b_data_q_reg[1]_166[3].  Did not re-place instance u_top/u_core/c2b_data_q_reg[1][3]
INFO: [Physopt 32-662] Processed net u_top/u_core/u_rom/c2b_data_q[0][3]_i_6_n_0.  Did not re-place instance u_top/u_core/u_rom/c2b_data_q[0][3]_i_6
INFO: [Physopt 32-662] Processed net u_top/u_core/u_b/u_b_core/core/core/l5/mac/mac/out_lane[0].mult_lane[1].operand_pipe.weight_q[6].  Did not re-place instance u_top/u_core/u_b/u_b_core/core/core/l5/mac/mac/out_lane[0].mult_lane[1].operand_pipe.weight_q_reg[6]
INFO: [Physopt 32-662] Processed net u_top/u_core/u_rom/g_multi_bank.g_bank[10].u_bank/dout_reg_0_4_ENARDEN_cooolgate_en_sig_16.  Did not re-place instance u_top/u_core/u_rom/g_multi_bank.g_bank[10].u_bank/dout_reg_0_4_ENARDEN_cooolgate_en_gate_28
INFO: [Physopt 32-663] Processed net u_top/u_core/u_in/en017_out.  Re-placed instance u_top/u_core/u_in/dout_reg_0_0_i_1__5
INFO: [Physopt 32-662] Processed net u_top/u_core/u_rom/g_multi_bank.g_bank[6].u_bank/dout_reg_0_5_ENARDEN_cooolgate_en_sig_116.  Did not re-place instance u_top/u_core/u_rom/g_multi_bank.g_bank[6].u_bank/dout_reg_0_5_ENARDEN_cooolgate_en_gate_217
INFO: [Physopt 32-662] Processed net u_top/u_core/u_rom/c2b_data_q[0][1]_i_4_n_0.  Did not re-place instance u_top/u_core/u_rom/c2b_data_q[0][1]_i_4
INFO: [Physopt 32-663] Processed net u_top/u_core/u_in/en013_out.  Re-placed instance u_top/u_core/u_in/dout_reg_0_0_i_1__4
INFO: [Physopt 32-662] Processed net u_top/u_core/u_rom/g_multi_bank.g_bank[8].u_bank/dout_reg_0_5_ENARDEN_cooolgate_en_sig_134.  Did not re-place instance u_top/u_core/u_rom/g_multi_bank.g_bank[8].u_bank/dout_reg_0_5_ENARDEN_cooolgate_en_gate_251
INFO: [Physopt 32-662] Processed net u_top/u_core/u_b/u_b_core/core/core/l5/mac/mac/out_lane[3].mult_lane[1].operand_pipe.weight_q[0].  Did not re-place instance u_top/u_core/u_b/u_b_core/core/core/l5/mac/mac/out_lane[3].mult_lane[1].operand_pipe.weight_q_reg[0]
INFO: [Physopt 32-662] Processed net u_top/u_core/u_rom/c2b_data_q[0][5]_i_7_n_0.  Did not re-place instance u_top/u_core/u_rom/c2b_data_q[0][5]_i_7
INFO: [Physopt 32-662] Processed net u_top/u_core/u_b/u_b_core/core/core/l5/gk.frontend/win/prev[2]_424[47].  Did not re-place instance u_top/u_core/u_b/u_b_core/core/core/l5/gk.frontend/win/shift[14][47]_i_1
INFO: [Physopt 32-662] Processed net u_top/u_core/u_b/u_b_core/core/core/l5/gk.frontend/win/window_flat[3631].  Did not re-place instance u_top/u_core/u_b/u_b_core/core/core/l5/gk.frontend/win/shift_reg[14][47]
INFO: [Physopt 32-662] Processed net u_top/u_core/u_b/u_b_core/core/core/l5/gk.frontend/win/shift[3][255]_i_1_n_0.  Did not re-place instance u_top/u_core/u_b/u_b_core/core/core/l5/gk.frontend/win/shift[3][255]_i_1
INFO: [Physopt 32-662] Processed net u_top/u_core/u_b/u_b_core/core/core/l5/gk.frontend/pad/local_rst.  Did not re-place instance u_top/u_core/u_b/u_b_core/core/core/l5/gk.frontend/pad/col[9]_i_1
INFO: [Physopt 32-662] Processed net u_top/u_core/u_b/u_b_core/core/core/l5/gk.frontend/fifo/count_reg[0]_0.  Did not re-place instance u_top/u_core/u_b/u_b_core/core/core/l5/gk.frontend/fifo/count_reg[0]
INFO: [Physopt 32-662] Processed net u_top/u_core/u_b/u_b_core/core/core/l5/gk.frontend/fifo/count_reg[2]_1.  Did not re-place instance u_top/u_core/u_b/u_b_core/core/core/l5/gk.frontend/fifo/out_window[6399]_i_2
INFO: [Physopt 32-663] Processed net u_top/u_core/u_b/u_b_core/core/core/l5/gk.frontend/win/window_flat[5525].  Re-placed instance u_top/u_core/u_b/u_b_core/core/core/l5/gk.frontend/win/shift_reg[21][149]
INFO: [Physopt 32-663] Processed net u_top/u_core/u_b/u_b_core/core/core/l5/gk.frontend/win/window_flat[5565].  Re-placed instance u_top/u_core/u_b/u_b_core/core/core/l5/gk.frontend/win/shift_reg[21][189]
INFO: [Physopt 32-663] Processed net u_top/u_core/u_b/u_b_core/core/core/l5/gk.frontend/win/window_flat[5594].  Re-placed instance u_top/u_core/u_b/u_b_core/core/core/l5/gk.frontend/win/shift_reg[21][218]
INFO: [Physopt 32-663] Processed net u_top/u_core/u_b/u_b_core/core/core/l5/gk.frontend/win/window_flat[5595].  Re-placed instance u_top/u_core/u_b/u_b_core/core/core/l5/gk.frontend/win/shift_reg[21][219]
INFO: [Physopt 32-662] Processed net u_top/u_core/u_b/u_b_core/core/core/l5/mac/mac/out_lane[0].mult_lane[1].operand_pipe.weight_q[3].  Did not re-place instance u_top/u_core/u_b/u_b_core/core/core/l5/mac/mac/out_lane[0].mult_lane[1].operand_pipe.weight_q_reg[3]
INFO: [Physopt 32-663] Processed net u_top/u_core/u_b/u_b_core/core/core/l5/gk.frontend/win/window_flat[5460].  Re-placed instance u_top/u_core/u_b/u_b_core/core/core/l5/gk.frontend/win/shift_reg[21][84]
INFO: [Physopt 32-663] Processed net u_top/u_core/u_b/u_b_core/core/core/l5/gk.frontend/win/window_flat[5489].  Re-placed instance u_top/u_core/u_b/u_b_core/core/core/l5/gk.frontend/win/shift_reg[21][113]
INFO: [Physopt 32-663] Processed net u_top/u_core/u_b/u_b_core/core/core/l5/gk.frontend/win/window_flat[5749].  Re-placed instance u_top/u_core/u_b/u_b_core/core/core/l5/gk.frontend/win/shift_reg[22][117]
INFO: [Physopt 32-663] Processed net u_top/u_core/u_b/u_b_core/core/core/l5/gk.frontend/win/window_flat[4022].  Re-placed instance u_top/u_core/u_b/u_b_core/core/core/l5/gk.frontend/win/shift_reg[15][182]
INFO: [Physopt 32-663] Processed net u_top/u_core/u_b/u_b_core/core/core/l5/gk.frontend/win/window_flat[4024].  Re-placed instance u_top/u_core/u_b/u_b_core/core/core/l5/gk.frontend/win/shift_reg[15][184]
INFO: [Physopt 32-663] Processed net u_top/u_core/u_b/u_b_core/core/core/l5/gk.frontend/win/window_flat[5308].  Re-placed instance u_top/u_core/u_b/u_b_core/core/core/l5/gk.frontend/win/shift_reg[20][188]
INFO: [Physopt 32-663] Processed net u_top/u_core/u_b/u_b_core/core/core/l5/gk.frontend/win/window_flat[5365].  Re-placed instance u_top/u_core/u_b/u_b_core/core/core/l5/gk.frontend/win/shift_reg[20][245]
INFO: [Physopt 32-663] Processed net u_top/u_core/u_in/en029_out.  Re-placed instance u_top/u_core/u_in/dout_reg_0_0_i_1__11
INFO: [Physopt 32-662] Processed net u_top/u_core/u_b/u_b_core/core/core/l5/mac/mac/out_lane[0].mult_lane[15].operand_pipe.weight_q[0].  Did not re-place instance u_top/u_core/u_b/u_b_core/core/core/l5/mac/mac/out_lane[0].mult_lane[15].operand_pipe.weight_q_reg[0]
INFO: [Physopt 32-662] Processed net u_top/u_core/u_rom/g_multi_bank.g_bank[0].u_bank/dout_reg_0_0_ENARDEN_cooolgate_en_sig_3.  Did not re-place instance u_top/u_core/u_rom/g_multi_bank.g_bank[0].u_bank/dout_reg_0_0_ENARDEN_cooolgate_en_gate_3
INFO: [Physopt 32-662] Processed net u_top/u_core/u_rom/c2b_data_q[0][0]_i_5_n_0.  Did not re-place instance u_top/u_core/u_rom/c2b_data_q[0][0]_i_5
INFO: [Physopt 32-663] Processed net u_top/u_core/c2b_data_q_reg[1]_166[6].  Re-placed instance u_top/u_core/c2b_data_q_reg[1][6]
INFO: [Physopt 32-662] Processed net u_top/u_core/u_rom/c2b_data_q[0][6]_i_5_n_0.  Did not re-place instance u_top/u_core/u_rom/c2b_data_q[0][6]_i_5
INFO: [Physopt 32-662] Processed net u_top/u_core/u_rom/g_multi_bank.g_bank[0].u_bank/dout_reg_0_5_ENARDEN_cooolgate_en_sig_8.  Did not re-place instance u_top/u_core/u_rom/g_multi_bank.g_bank[0].u_bank/dout_reg_0_5_ENARDEN_cooolgate_en_gate_13
INFO: [Physopt 32-662] Processed net u_top/u_core/u_rom/c2b_data_q[0][5]_i_6_n_0.  Did not re-place instance u_top/u_core/u_rom/c2b_data_q[0][5]_i_6
INFO: [Physopt 32-662] Processed net u_top/u_core/u_rom/c2b_data_q[0][1]_i_5_n_0.  Did not re-place instance u_top/u_core/u_rom/c2b_data_q[0][1]_i_5
INFO: [Physopt 32-661] Optimized 31 nets.  Re-placed 31 instances.
INFO: [Physopt 32-775] End 1 Pass. Optimized 31 nets or cells. Created 0 new cell, deleted 0 existing cell and moved 31 existing cells
INFO: [Physopt 32-619] Estimated Timing Summary | WNS=-0.700 | TNS=-372.322 |
Netlist sorting complete. Time (s): cpu = 00:00:00 ; elapsed = 00:00:00.036 . Memory (MB): peak = 3975.609 ; gain = 0.000
Phase 4 Single Cell Placement Optimization | Checksum: 195b3f176

Time (s): cpu = 00:00:38 ; elapsed = 00:00:26 . Memory (MB): peak = 3975.609 ; gain = 0.000

Phase 5 Multi Cell Placement Optimization
INFO: [Physopt 32-660] Identified 78 candidate nets for placement-based optimization.
INFO: [Physopt 32-662] Processed net u_top/u_core/c2b_data_q_reg[0]_165[2].  Did not re-place instance u_top/u_core/c2b_data_q_reg[0][2]/Q
INFO: [Physopt 32-662] Processed net u_top/u_core/c2b_data_q_reg[0]_165[5].  Did not re-place instance u_top/u_core/c2b_data_q_reg[0][5]/Q
INFO: [Physopt 32-662] Processed net u_top/u_core/c2b_data_q_reg[0]_165[4].  Did not re-place instance u_top/u_core/c2b_data_q_reg[0][4]/Q
INFO: [Physopt 32-662] Processed net u_top/u_core/c2b_data_q_reg[0]_165[0].  Did not re-place instance u_top/u_core/c2b_data_q_reg[0][0]/Q
INFO: [Physopt 32-662] Processed net u_top/u_core/u_in/en027_out.  Did not re-place instance u_top/u_core/u_in/dout_reg_0_0_i_1__10/O
INFO: [Physopt 32-663] Processed net u_top/u_core/u_in/src_valid.  Re-placed instance u_top/u_core/u_in/resp_valid_q_reg/Q
INFO: [Physopt 32-662] Processed net u_top/u_core/c2b_data_q_reg[1]_166[1].  Did not re-place instance u_top/u_core/c2b_data_q_reg[1][1]/Q
INFO: [Physopt 32-663] Processed net u_top/u_core/u_in/req_exhausted_q_reg_n_0.  Re-placed instance u_top/u_core/u_in/req_exhausted_q_reg/Q
INFO: [Physopt 32-662] Processed net u_top/u_core/c2b_data_q_reg[1]_166[3].  Did not re-place instance u_top/u_core/c2b_data_q_reg[1][3]/Q
INFO: [Physopt 32-663] Processed net u_top/u_core/u_b/u_b_core/core/core/l5/gk.frontend/win/prev[2]_424[47].  Re-placed instance u_top/u_core/u_b/u_b_core/core/core/l5/gk.frontend/win/shift[14][47]_i_1/O
INFO: [Physopt 32-662] Processed net u_top/u_core/u_in/req_addr_q_reg[16]_0.  Did not re-place instance u_top/u_core/u_in/dout_reg_0_0_i_1__13/O
INFO: [Physopt 32-663] Processed net u_top/u_core/u_in/run_q_reg_n_0.  Re-placed instance u_top/u_core/u_in/run_q_reg/Q
INFO: [Physopt 32-662] Processed net u_top/u_core/c2b_data_q_reg[1]_166[6].  Did not re-place instance u_top/u_core/c2b_data_q_reg[1][6]/Q
INFO: [Physopt 32-662] Processed net u_top/u_core/u_in/en09_out.  Did not re-place instance u_top/u_core/u_in/dout_reg_0_0_i_1__2/O
INFO: [Physopt 32-662] Processed net u_top/u_core/u_b/u_b_core/core/core/l5/gk.frontend/pad/local_rst.  Did not re-place instance u_top/u_core/u_b/u_b_core/core/core/l5/gk.frontend/pad/col[9]_i_1/O
INFO: [Physopt 32-663] Processed net u_top/u_core/u_b/u_b_core/core/core/l5/gk.frontend/fifo/count_reg[0]_0.  Re-placed instance u_top/u_core/u_b/u_b_core/core/core/l5/gk.frontend/fifo/count_reg[0]/Q
INFO: [Physopt 32-662] Processed net u_top/u_core/u_b/u_b_core/core/core/l5/gk.frontend/fifo/count_reg[2]_1.  Did not re-place instance u_top/u_core/u_b/u_b_core/core/core/l5/gk.frontend/fifo/out_window[6399]_i_2/O
INFO: [Physopt 32-663] Processed net u_top/u_core/u_in/en03_out.  Re-placed instance u_top/u_core/u_in/dout_reg_0_0_i_1__0/O
INFO: [Physopt 32-662] Processed net u_top/u_core/c2b_count_q[0].  Did not re-place instance u_top/u_core/c2b_count_q_reg[0]/Q
INFO: [Physopt 32-662] Processed net u_top/u_core/u_ctrl/start_accept.  Did not re-place instance u_top/u_core/u_ctrl/col[9]_i_4__1/O
INFO: [Physopt 32-662] Processed net u_top/u_core/u_ctrl/start_b_repN.  Did not re-place instance u_top/u_core/u_ctrl/start_b_reg_replica/Q
INFO: [Physopt 32-662] Processed net u_top/u_core/u_pp/u_bank1/rd_data[5]_i_1__0_n_0.  Did not re-place instance u_top/u_core/u_pp/u_bank1/rd_data[5]_i_1__0/O
INFO: [Physopt 32-662] Processed net u_top/u_core/u_b/u_b_core/core/core/l5/gk.frontend/pad/pad_fire.  Did not re-place instance u_top/u_core/u_b/u_b_core/core/core/l5/gk.frontend/pad/bank_gen[3].mem_reg_0_i_1/O
INFO: [Physopt 32-662] Processed net u_top/u_core/u_b/u_b_core/core/core/f45/v45.  Did not re-place instance u_top/u_core/u_b/u_b_core/core/core/f45/bank_gen[3].mem_reg_0_i_39/O
INFO: [Physopt 32-662] Processed net u_top/u_core/u_b/u_b_core/core/core/f45/count_reg_n_0_[0].  Did not re-place instance u_top/u_core/u_b/u_b_core/core/core/f45/count_reg[0]/Q
INFO: [Physopt 32-663] Processed net u_top/u_core/u_b/u_b_core/core/core/f45/Q[0].  Re-placed instance u_top/u_core/u_b/u_b_core/core/core/f45/count_reg[5]/Q
INFO: [Physopt 32-661] Optimized 7 nets.  Re-placed 15 instances.
INFO: [Physopt 32-775] End 1 Pass. Optimized 7 nets or cells. Created 0 new cell, deleted 0 existing cell and moved 15 existing cells
INFO: [Physopt 32-619] Estimated Timing Summary | WNS=-0.700 | TNS=-399.493 |
Netlist sorting complete. Time (s): cpu = 00:00:00 ; elapsed = 00:00:00.035 . Memory (MB): peak = 3975.609 ; gain = 0.000
Phase 5 Multi Cell Placement Optimization | Checksum: 1bd7077b2

Time (s): cpu = 00:00:57 ; elapsed = 00:00:38 . Memory (MB): peak = 3975.609 ; gain = 0.000

Phase 6 Rewire
INFO: [Physopt 32-246] Starting Signal Push optimization...
INFO: [Physopt 32-77] Pass 1. Identified 2 candidate nets for rewire optimization.
INFO: [Physopt 32-242] Processed net u_top/u_core/u_in/en027_out. Rewired (signal push) u_top/u_core/u_in/dout_reg_0_0_i_2_n_0 to 8 loads. Replicated 1 times.
INFO: [Physopt 32-134] Processed net u_top/u_core/u_in/req_addr_q_reg[16]_0. Rewiring did not optimize the net.
INFO: [Physopt 32-232] Optimized 1 net. Created 1 new instance.
INFO: [Physopt 32-775] End 1 Pass. Optimized 1 net or cell. Created 1 new cell, deleted 0 existing cell and moved 0 existing cell
Netlist sorting complete. Time (s): cpu = 00:00:00 ; elapsed = 00:00:00.062 . Memory (MB): peak = 3975.609 ; gain = 0.000
INFO: [Physopt 32-619] Estimated Timing Summary | WNS=-0.700 | TNS=-398.333 |
Netlist sorting complete. Time (s): cpu = 00:00:00 ; elapsed = 00:00:00.037 . Memory (MB): peak = 3975.609 ; gain = 0.000
Phase 6 Rewire | Checksum: 18a8186d8

Time (s): cpu = 00:01:00 ; elapsed = 00:00:41 . Memory (MB): peak = 3975.609 ; gain = 0.000

Phase 7 Critical Cell Optimization
INFO: [Physopt 32-46] Identified 5 candidate nets for critical-cell optimization.
INFO: [Physopt 32-81] Processed net u_top/u_core/u_in/dout_reg_0_0_i_2_n_0. Replicated 4 times.
INFO: [Physopt 32-81] Processed net u_top/u_core/u_in/req_addr_q_reg[16]_0. Replicated 1 times.
INFO: [Physopt 32-81] Processed net u_top/u_core/c2b_count_q[0]. Replicated 3 times.
INFO: [Physopt 32-81] Processed net u_top/u_core/u_in/en09_out. Replicated 2 times.
INFO: [Physopt 32-81] Processed net u_top/u_core/c2b_count_q[1]. Replicated 3 times.
INFO: [Physopt 32-232] Optimized 5 nets. Created 13 new instances.
INFO: [Physopt 32-775] End 1 Pass. Optimized 5 nets or cells. Created 13 new cells, deleted 0 existing cell and moved 0 existing cell
INFO: [Physopt 32-619] Estimated Timing Summary | WNS=-0.700 | TNS=-397.479 |
Netlist sorting complete. Time (s): cpu = 00:00:00 ; elapsed = 00:00:00.196 . Memory (MB): peak = 3975.609 ; gain = 0.000
Phase 7 Critical Cell Optimization | Checksum: 1823bcb86

Time (s): cpu = 00:01:09 ; elapsed = 00:00:48 . Memory (MB): peak = 3975.609 ; gain = 0.000

Phase 8 Fanout Optimization
INFO: [Physopt 32-76] Pass 1. Identified 45 candidate nets for fanout optimization.
INFO: [Physopt 32-81] Processed net u_top/u_core/u_b/u_b_core/core/core/l4/post/E[0]. Replicated 4 times.
INFO: [Physopt 32-81] Processed net u_top/u_core/u_b/u_b_core/core/core/l5/gk.frontend/pad/pad_fire. Replicated 8 times.
INFO: [Physopt 32-601] Processed net u_top/u_core/u_b/u_b_core/core/core/f45/g_narrow_read.rd_ptr_local[1]_repN_1. Net driver u_top/u_core/u_b/u_b_core/core/core/f45/g_narrow_read.rd_ptr_local_reg[1]_replica_1 was replaced.
INFO: [Physopt 32-601] Processed net u_top/u_core/u_b/u_b_core/core/core/f45/g_narrow_read.rd_ptr_local[0]_repN. Net driver u_top/u_core/u_b/u_b_core/core/core/f45/g_narrow_read.rd_ptr_local_reg[0]_replica was replaced.
INFO: [Physopt 32-572] Net u_top/u_core/u_b/u_b_core/core/core/l5/gk.frontend/win/shift[3][255]_i_1_n_0 was not replicated.
Resolution: phys_opt_design can be forced to replicate a net driver using the option -force_replication_on_nets <list of net objects>.
INFO: [Physopt 32-572] Net u_top/u_core/u_b/u_b_core/core/core/l5/gk.frontend/pad/local_rst was not replicated.
Resolution: phys_opt_design can be forced to replicate a net driver using the option -force_replication_on_nets <list of net objects>.
INFO: [Physopt 32-572] Net u_top/u_core/u_b/u_b_core/core/core/l5/mac/issue/pop was not replicated.
Resolution: phys_opt_design can be forced to replicate a net driver using the option -force_replication_on_nets <list of net objects>.
INFO: [Physopt 32-81] Processed net u_top/u_core/u_b/u_b_core/core/core/f45/g_narrow_read.rd_ptr_local[3]. Replicated 6 times.
INFO: [Physopt 32-81] Processed net u_top/u_core/u_b/u_b_core/core/core/l5/mac/issue/out_phase_reg[0]_rep__8_n_0. Replicated 5 times.
INFO: [Physopt 32-572] Net u_top/u_core/u_b/u_b_core/core/core/l5/mac/issue/out_phase_reg[1]_rep__5_n_0 was not replicated.
Resolution: phys_opt_design can be forced to replicate a net driver using the option -force_replication_on_nets <list of net objects>.
INFO: [Physopt 32-81] Processed net u_top/u_core/u_b/u_b_core/core/core/l5/gk.frontend/fifo/count_reg[2]_2. Replicated 4 times.
INFO: [Physopt 32-572] Net u_top/u_core/u_b/u_b_core/core/core/f23/g_narrow_read.rd_ptr_local[0] was not replicated.
Resolution: phys_opt_design can be forced to replicate a net driver using the option -force_replication_on_nets <list of net objects>.
INFO: [Physopt 32-572] Net u_top/u_core/u_b/u_b_core/core/core/f45/g_narrow_read.rd_ptr_local[1]_repN was not replicated.
Resolution: phys_opt_design can be forced to replicate a net driver using the option -force_replication_on_nets <list of net objects>.
INFO: [Physopt 32-81] Processed net u_top/u_core/u_b/u_b_core/core/core/l5/mac/issue/out_phase_reg[1]_rep__8_n_0. Replicated 5 times.
INFO: [Physopt 32-81] Processed net u_top/u_core/u_b/u_b_core/core/core/f23/g_narrow_read.rd_ptr_local[1]. Replicated 2 times.
INFO: [Physopt 32-81] Processed net u_top/u_core/u_b/u_b_core/core/core/l1/post/units[0].post/issued_reg[1][1]. Replicated 5 times.
INFO: [Physopt 32-572] Net u_top/u_core/u_b/u_b_core/core/core/l5/mac/mac/out_lane[0].mult_lane[0].operand_pipe.act_q_reg0 was not replicated.
Resolution: phys_opt_design can be forced to replicate a net driver using the option -force_replication_on_nets <list of net objects>.
INFO: [Physopt 32-81] Processed net u_top/u_core/u_b/u_b_core/core/core/l5/mac/mac/out_lane[2].mult_lane[32].operand_pipe.weight_q[7]_i_1_n_0. Replicated 4 times.
INFO: [Physopt 32-571] Net u_top/u_core/u_b/u_b_core/core/core/l5/mac/issue/out_window[6399]_i_1_n_0 was not replicated.
INFO: [Physopt 32-81] Processed net u_top/u_core/u_b/u_b_core/core/core/l4/mac/mac/operand_valid_stage.phase_q_reg[1][1]_rep_0. Replicated 2 times.
INFO: [Physopt 32-572] Net u_top/u_core/u_b/u_b_core/core/core/l5/mac/g_l5_partial_buffer.partial_fifo/rd_ptr was not replicated.
Resolution: phys_opt_design can be forced to replicate a net driver using the option -force_replication_on_nets <list of net objects>.
INFO: [Physopt 32-81] Processed net u_top/u_core/u_b/u_b_core/core/core/l1/post/units[1].post/issued_reg[1][1]. Replicated 7 times.
INFO: [Physopt 32-81] Processed net u_top/u_core/u_b/u_b_core/core/core/l5/mac/issue/out_phase_reg[0]_rep__13_n_0. Replicated 3 times.
INFO: [Physopt 32-572] Net u_top/u_core/u_b/u_b_core/core/core/f45/g_narrow_read.rd_ptr_local[0]_repN_1 was not replicated.
Resolution: phys_opt_design can be forced to replicate a net driver using the option -force_replication_on_nets <list of net objects>.
INFO: [Physopt 32-572] Net u_top/u_core/u_b/u_b_core/core/core/l5/mac/issue/out_phase_reg[0]_rep__3_n_0 was not replicated.
Resolution: phys_opt_design can be forced to replicate a net driver using the option -force_replication_on_nets <list of net objects>.
INFO: [Physopt 32-232] Optimized 14 nets. Created 55 new instances.
INFO: [Physopt 32-775] End 1 Pass. Optimized 14 nets or cells. Created 55 new cells, deleted 0 existing cell and moved 0 existing cell
INFO: [Physopt 32-619] Estimated Timing Summary | WNS=-0.700 | TNS=-298.431 |
Netlist sorting complete. Time (s): cpu = 00:00:01 ; elapsed = 00:00:00.304 . Memory (MB): peak = 3975.609 ; gain = 0.000
Phase 8 Fanout Optimization | Checksum: 1d7678b55

Time (s): cpu = 00:01:39 ; elapsed = 00:01:09 . Memory (MB): peak = 3975.609 ; gain = 0.000

Phase 9 Single Cell Placement Optimization
INFO: [Physopt 32-660] Identified 113 candidate nets for placement-based optimization.
INFO: [Physopt 32-662] Processed net u_top/u_core/u_rom/c2b_data_q[0][2]_i_6_n_0.  Did not re-place instance u_top/u_core/u_rom/c2b_data_q[0][2]_i_6
INFO: [Physopt 32-662] Processed net u_top/u_core/c2b_data_q_reg[0]_165[2].  Did not re-place instance u_top/u_core/c2b_data_q_reg[0][2]
INFO: [Physopt 32-662] Processed net u_top/u_core/u_rom/c2b_data_q[0][2]_i_4_n_0.  Did not re-place instance u_top/u_core/u_rom/c2b_data_q[0][2]_i_4
INFO: [Physopt 32-662] Processed net u_top/u_core/u_rom/c2b_data_q[0][5]_i_5_n_0.  Did not re-place instance u_top/u_core/u_rom/c2b_data_q[0][5]_i_5
INFO: [Physopt 32-662] Processed net u_top/u_core/c2b_data_q_reg[0]_165[5].  Did not re-place instance u_top/u_core/c2b_data_q_reg[0][5]
INFO: [Physopt 32-662] Processed net u_top/u_core/u_rom/c2b_data_q[0][4]_i_6_n_0.  Did not re-place instance u_top/u_core/u_rom/c2b_data_q[0][4]_i_6
INFO: [Physopt 32-662] Processed net u_top/u_core/c2b_data_q_reg[0]_165[4].  Did not re-place instance u_top/u_core/c2b_data_q_reg[0][4]
INFO: [Physopt 32-662] Processed net u_top/u_core/c2b_data_q_reg[0]_165[0].  Did not re-place instance u_top/u_core/c2b_data_q_reg[0][0]
INFO: [Physopt 32-662] Processed net u_top/u_core/u_rom/c2b_data_q[0][0]_i_6_n_0.  Did not re-place instance u_top/u_core/u_rom/c2b_data_q[0][0]_i_6
INFO: [Physopt 32-662] Processed net u_top/u_core/u_rom/c2b_data_q[0][4]_i_7_n_0.  Did not re-place instance u_top/u_core/u_rom/c2b_data_q[0][4]_i_7
INFO: [Physopt 32-662] Processed net u_top/u_core/u_rom/c2b_data_q[0][5]_i_4_n_0.  Did not re-place instance u_top/u_core/u_rom/c2b_data_q[0][5]_i_4
INFO: [Physopt 32-662] Processed net u_top/u_core/u_rom/c2b_data_q[0][2]_i_5_n_0.  Did not re-place instance u_top/u_core/u_rom/c2b_data_q[0][2]_i_5
INFO: [Physopt 32-662] Processed net u_top/u_core/u_b/u_b_core/core/core/l5/mac/mac/out_lane[3].mult_lane[1].operand_pipe.weight_q[2].  Did not re-place instance u_top/u_core/u_b/u_b_core/core/core/l5/mac/mac/out_lane[3].mult_lane[1].operand_pipe.weight_q_reg[2]
INFO: [Physopt 32-662] Processed net u_top/u_core/u_in/dout_reg_0_0_i_2_n_0_repN.  Did not re-place instance u_top/u_core/u_in/dout_reg_0_0_i_2_replica
INFO: [Physopt 32-662] Processed net u_top/u_core/c2b_count_q[0]_repN.  Did not re-place instance u_top/u_core/c2b_count_q_reg[0]_replica
INFO: [Physopt 32-663] Processed net u_top/u_core/u_rom/g_multi_bank.g_bank[1].u_bank/dout_reg_0_5_ENARDEN_cooolgate_en_sig_71.  Re-placed instance u_top/u_core/u_rom/g_multi_bank.g_bank[1].u_bank/dout_reg_0_5_ENARDEN_cooolgate_en_gate_132_rewire
INFO: [Physopt 32-662] Processed net u_top/u_core/u_b/u_b_core/core/core/l5/mac/mac/out_lane[0].mult_lane[1].operand_pipe.weight_q[7].  Did not re-place instance u_top/u_core/u_b/u_b_core/core/core/l5/mac/mac/out_lane[0].mult_lane[1].operand_pipe.weight_q_reg[7]
INFO: [Physopt 32-662] Processed net u_top/u_core/u_rom/c2b_data_q[0][2]_i_7_n_0.  Did not re-place instance u_top/u_core/u_rom/c2b_data_q[0][2]_i_7
INFO: [Physopt 32-662] Processed net u_top/u_core/u_rom/c2b_data_q[0][1]_i_7_n_0.  Did not re-place instance u_top/u_core/u_rom/c2b_data_q[0][1]_i_7
INFO: [Physopt 32-662] Processed net u_top/u_core/c2b_data_q_reg[1]_166[1].  Did not re-place instance u_top/u_core/c2b_data_q_reg[1][1]
INFO: [Physopt 32-662] Processed net u_top/u_core/u_rom/c2b_data_q[0][4]_i_5_n_0.  Did not re-place instance u_top/u_core/u_rom/c2b_data_q[0][4]_i_5
INFO: [Physopt 32-663] Processed net u_top/u_core/u_in/en09_out_repN.  Re-placed instance u_top/u_core/u_in/dout_reg_0_0_i_1__2_replica
INFO: [Physopt 32-662] Processed net u_top/u_core/u_rom/g_multi_bank.g_bank[10].u_bank/dout_reg_0_0_ENARDEN_cooolgate_en_sig_12.  Did not re-place instance u_top/u_core/u_rom/g_multi_bank.g_bank[10].u_bank/dout_reg_0_0_ENARDEN_cooolgate_en_gate_20
INFO: [Physopt 32-662] Processed net u_top/u_core/u_b/u_b_core/core/core/l5/mac/mac/out_lane[0].mult_lane[1].operand_pipe.weight_q[5].  Did not re-place instance u_top/u_core/u_b/u_b_core/core/core/l5/mac/mac/out_lane[0].mult_lane[1].operand_pipe.weight_q_reg[5]
INFO: [Physopt 32-663] Processed net u_top/u_core/u_in/en023_out.  Re-placed instance u_top/u_core/u_in/dout_reg_0_0_i_1__8
INFO: [Physopt 32-662] Processed net u_top/u_core/u_rom/g_multi_bank.g_bank[3].u_bank/dout_reg_0_0_ENARDEN_cooolgate_en_sig_84.  Did not re-place instance u_top/u_core/u_rom/g_multi_bank.g_bank[3].u_bank/dout_reg_0_0_ENARDEN_cooolgate_en_gate_156
INFO: [Physopt 32-663] Processed net u_top/u_core/u_in/req_addr_q_reg[16]_0_repN.  Re-placed instance u_top/u_core/u_in/dout_reg_0_0_i_1__13_replica
INFO: [Physopt 32-663] Processed net u_top/u_core/u_rom/g_multi_bank.g_bank[11].u_bank/dout_reg_0_5_ENARDEN_cooolgate_en_sig_26.  Re-placed instance u_top/u_core/u_rom/g_multi_bank.g_bank[11].u_bank/dout_reg_0_5_ENARDEN_cooolgate_en_gate_47
INFO: [Physopt 32-662] Processed net u_top/u_core/u_b/u_b_core/core/core/l5/mac/mac/ready_3.  Did not re-place instance u_top/u_core/u_b/u_b_core/core/core/l5/mac/mac/out_lane[3].mult_lane[48].operand_pipe.act_q[15]_i_3
INFO: [Physopt 32-662] Processed net u_top/u_core/u_b/u_b_core/core/core/l5/mac/mac/p_6_in.  Did not re-place instance u_top/u_core/u_b/u_b_core/core/core/l5/mac/mac/out_phase[2]_i_2__2
INFO: [Physopt 32-662] Processed net u_top/u_core/u_b/u_b_core/core/core/l5/gk.frontend/fifo/count_reg[2]_2_repN.  Did not re-place instance u_top/u_core/u_b/u_b_core/core/core/l5/gk.frontend/fifo/out_phase[2]_i_3__0_replica
INFO: [Physopt 32-663] Processed net u_top/u_core/u_b/u_b_core/core/core/l5/mac/issue/out_phase[1]_rep__8_i_1_n_0.  Re-placed instance u_top/u_core/u_b/u_b_core/core/core/l5/mac/issue/out_phase[1]_rep__8_i_1
INFO: [Physopt 32-662] Processed net u_top/u_core/u_b/u_b_core/core/core/l5/mac/mac/partial_valid.  Did not re-place instance u_top/u_core/u_b/u_b_core/core/core/l5/mac/mac/tree_stage[6].valid_q_reg[7]
INFO: [Physopt 32-662] Processed net u_top/u_core/u_b/u_b_core/core/core/l5/mac/issue/out_phase_reg[1]_rep__8_n_0_repN_1.  Did not re-place instance u_top/u_core/u_b/u_b_core/core/core/l5/mac/issue/out_phase_reg[1]_rep__8_replica_1
INFO: [Physopt 32-662] Processed net u_top/u_core/c2b_data_q_reg[1]_166[3].  Did not re-place instance u_top/u_core/c2b_data_q_reg[1][3]
INFO: [Physopt 32-662] Processed net u_top/u_core/u_rom/c2b_data_q[0][3]_i_6_n_0.  Did not re-place instance u_top/u_core/u_rom/c2b_data_q[0][3]_i_6
INFO: [Physopt 32-663] Processed net u_top/u_core/u_in/RDEN.  Re-placed instance u_top/u_core/u_in/dout_reg_0_0_i_1__12
INFO: [Physopt 32-662] Processed net u_top/u_core/u_rom/g_multi_bank.g_bank[15].u_bank/dout_reg_0_5_ENARDEN_cooolgate_en_sig_62.  Did not re-place instance u_top/u_core/u_rom/g_multi_bank.g_bank[15].u_bank/dout_reg_0_5_ENARDEN_cooolgate_en_gate_115
INFO: [Physopt 32-662] Processed net u_top/u_core/u_b/u_b_core/core/core/l5/mac/mac/out_lane[0].mult_lane[1].operand_pipe.weight_q[6].  Did not re-place instance u_top/u_core/u_b/u_b_core/core/core/l5/mac/mac/out_lane[0].mult_lane[1].operand_pipe.weight_q_reg[6]
INFO: [Physopt 32-663] Processed net u_top/u_core/u_rom/g_multi_bank.g_bank[15].u_bank/dout_reg_0_0_ENARDEN_cooolgate_en_sig_57.  Re-placed instance u_top/u_core/u_rom/g_multi_bank.g_bank[15].u_bank/dout_reg_0_0_ENARDEN_cooolgate_en_gate_105
INFO: [Physopt 32-663] Processed net u_top/u_core/u_rom/g_multi_bank.g_bank[15].u_bank/dout_reg_0_7_ENARDEN_cooolgate_en_sig_64.  Re-placed instance u_top/u_core/u_rom/g_multi_bank.g_bank[15].u_bank/dout_reg_0_7_ENARDEN_cooolgate_en_gate_119
INFO: [Physopt 32-663] Processed net u_top/u_core/u_rom/g_multi_bank.g_bank[3].u_bank/dout_reg_0_5_ENARDEN_cooolgate_en_sig_89.  Re-placed instance u_top/u_core/u_rom/g_multi_bank.g_bank[3].u_bank/dout_reg_0_5_ENARDEN_cooolgate_en_gate_166
INFO: [Physopt 32-662] Processed net u_top/u_core/u_b/u_b_core/core/core/l5/mac/mac/p_0_in1_in.  Did not re-place instance u_top/u_core/u_b/u_b_core/core/core/l5/mac/mac/tree_stage[4].valid_q_reg[5]
INFO: [Physopt 32-662] Processed net u_top/u_core/u_rom/c2b_data_q[0][1]_i_4_n_0.  Did not re-place instance u_top/u_core/u_rom/c2b_data_q[0][1]_i_4
INFO: [Physopt 32-662] Processed net u_top/u_core/u_b/u_b_core/core/core/l5/mac/mac/out_lane[3].mult_lane[1].operand_pipe.weight_q[0].  Did not re-place instance u_top/u_core/u_b/u_b_core/core/core/l5/mac/mac/out_lane[3].mult_lane[1].operand_pipe.weight_q_reg[0]
INFO: [Physopt 32-662] Processed net u_top/u_core/u_rom/c2b_data_q[0][5]_i_7_n_0.  Did not re-place instance u_top/u_core/u_rom/c2b_data_q[0][5]_i_7
INFO: [Physopt 32-662] Processed net u_top/u_core/u_b/u_b_core/core/core/l5/mac/mac/out_lane[0].mult_lane[1].operand_pipe.weight_q[3].  Did not re-place instance u_top/u_core/u_b/u_b_core/core/core/l5/mac/mac/out_lane[0].mult_lane[1].operand_pipe.weight_q_reg[3]
INFO: [Physopt 32-662] Processed net u_top/u_core/u_b/u_b_core/core/core/l5/mac/mac/out_lane[0].mult_lane[15].operand_pipe.weight_q[0].  Did not re-place instance u_top/u_core/u_b/u_b_core/core/core/l5/mac/mac/out_lane[0].mult_lane[15].operand_pipe.weight_q_reg[0]
INFO: [Physopt 32-662] Processed net u_top/u_core/u_rom/c2b_data_q[0][0]_i_5_n_0.  Did not re-place instance u_top/u_core/u_rom/c2b_data_q[0][0]_i_5
INFO: [Physopt 32-663] Processed net u_top/u_core/u_in/en019_out.  Re-placed instance u_top/u_core/u_in/dout_reg_0_0_i_1__6
INFO: [Physopt 32-662] Processed net u_top/u_core/u_rom/g_multi_bank.g_bank[5].u_bank/dout_reg_0_2_ENARDEN_cooolgate_en_sig_104.  Did not re-place instance u_top/u_core/u_rom/g_multi_bank.g_bank[5].u_bank/dout_reg_0_2_ENARDEN_cooolgate_en_gate_194
INFO: [Physopt 32-662] Processed net u_top/u_core/u_rom/c2b_data_q[0][5]_i_6_n_0.  Did not re-place instance u_top/u_core/u_rom/c2b_data_q[0][5]_i_6
INFO: [Physopt 32-662] Processed net u_top/u_core/c2b_count_q[1]_repN.  Did not re-place instance u_top/u_core/c2b_count_q_reg[1]_replica
INFO: [Physopt 32-662] Processed net u_top/u_core/c2b_data_q_reg[1]_166[6].  Did not re-place instance u_top/u_core/c2b_data_q_reg[1][6]
INFO: [Physopt 32-662] Processed net u_top/u_core/u_rom/c2b_data_q[0][6]_i_5_n_0.  Did not re-place instance u_top/u_core/u_rom/c2b_data_q[0][6]_i_5
INFO: [Physopt 32-662] Processed net u_top/u_core/u_rom/c2b_data_q[0][1]_i_5_n_0.  Did not re-place instance u_top/u_core/u_rom/c2b_data_q[0][1]_i_5
INFO: [Physopt 32-663] Processed net u_top/u_core/u_b/u_b_core/core/core/l5/mac/mac/p_0_in.  Re-placed instance u_top/u_core/u_b/u_b_core/core/core/l5/mac/mac/tree_stage[5].valid_q_reg[6]
INFO: [Physopt 32-662] Processed net u_top/u_core/c2b_data_q_reg[1]_166[2].  Did not re-place instance u_top/u_core/c2b_data_q_reg[1][2]
INFO: [Physopt 32-662] Processed net u_top/u_core/u_in/src_valid.  Did not re-place instance u_top/u_core/u_in/resp_valid_q_reg
INFO: [Physopt 32-663] Processed net u_top/u_core/u_rom/g_multi_bank.g_bank[15].u_bank/dout_reg_0_4_ENARDEN_cooolgate_en_sig_61.  Re-placed instance u_top/u_core/u_rom/g_multi_bank.g_bank[15].u_bank/dout_reg_0_4_ENARDEN_cooolgate_en_gate_113
INFO: [Physopt 32-663] Processed net u_top/u_core/u_in/req_addr_q_reg[16]_1.  Re-placed instance u_top/u_core/u_in/dout_reg_0_0_i_1__14
INFO: [Physopt 32-663] Processed net u_top/u_core/u_rom/g_multi_bank.g_bank[7].u_bank/dout_reg_0_2_ENARDEN_cooolgate_en_sig_122.  Re-placed instance u_top/u_core/u_rom/g_multi_bank.g_bank[7].u_bank/dout_reg_0_2_ENARDEN_cooolgate_en_gate_228
INFO: [Physopt 32-662] Processed net u_top/u_core/u_rom/c2b_data_q[0][3]_i_7_n_0.  Did not re-place instance u_top/u_core/u_rom/c2b_data_q[0][3]_i_7
INFO: [Physopt 32-663] Processed net u_top/u_core/u_b/u_b_core/core/core/l5/gk.frontend/win/prev[2]_424[47].  Re-placed instance u_top/u_core/u_b/u_b_core/core/core/l5/gk.frontend/win/shift[14][47]_i_1
INFO: [Physopt 32-663] Processed net u_top/u_core/u_b/u_b_core/core/core/l5/gk.frontend/win/window_flat[3631].  Re-placed instance u_top/u_core/u_b/u_b_core/core/core/l5/gk.frontend/win/shift_reg[14][47]
INFO: [Physopt 32-663] Processed net u_top/u_core/u_rom/g_multi_bank.g_bank[7].u_bank/dout_reg_0_0_ENARDEN_cooolgate_en_sig_120.  Re-placed instance u_top/u_core/u_rom/g_multi_bank.g_bank[7].u_bank/dout_reg_0_0_ENARDEN_cooolgate_en_gate_224
INFO: [Physopt 32-663] Processed net u_top/u_core/u_b/u_b_core/core/core/l5/mac/issue/out_phase[2]_rep__7_i_1_n_0.  Re-placed instance u_top/u_core/u_b/u_b_core/core/core/l5/mac/issue/out_phase[2]_rep__7_i_1
INFO: [Physopt 32-663] Processed net u_top/u_core/u_b/u_b_core/core/core/l5/gk.frontend/fifo/count_reg[2]_2_repN_2.  Re-placed instance u_top/u_core/u_b/u_b_core/core/core/l5/gk.frontend/fifo/out_phase[2]_i_3__0_replica_2
INFO: [Physopt 32-663] Processed net u_top/u_core/u_b/u_b_core/core/core/l5/mac/issue/out_phase_reg[2]_rep__7_n_0_repN_6.  Re-placed instance u_top/u_core/u_b/u_b_core/core/core/l5/mac/issue/out_phase_reg[2]_rep__7_replica_6
INFO: [Physopt 32-663] Processed net u_top/u_core/u_in/en01_out.  Re-placed instance u_top/u_core/u_in/dout_reg_0_0_i_1
INFO: [Physopt 32-663] Processed net u_top/u_core/u_rom/g_multi_bank.g_bank[14].u_bank/dout_reg_0_0_ENARDEN_cooolgate_en_sig_48.  Re-placed instance u_top/u_core/u_rom/g_multi_bank.g_bank[14].u_bank/dout_reg_0_0_ENARDEN_cooolgate_en_gate_88
INFO: [Physopt 32-662] Processed net u_top/u_core/u_rom/c2b_data_q[0][4]_i_4_n_0.  Did not re-place instance u_top/u_core/u_rom/c2b_data_q[0][4]_i_4
INFO: [Physopt 32-663] Processed net u_top/u_core/u_b/u_b_core/core/core/l5/mac/g_l5_partial_buffer.partial_fifo/count_reg[1]_0.  Re-placed instance u_top/u_core/u_b/u_b_core/core/core/l5/mac/g_l5_partial_buffer.partial_fifo/count_reg[1]
INFO: [Physopt 32-663] Processed net u_top/u_core/u_b/u_b_core/core/core/l5/mac/mac/out_lane[1].mult_lane[12].operand_pipe.act_q[15].  Re-placed instance u_top/u_core/u_b/u_b_core/core/core/l5/mac/mac/out_lane[1].mult_lane[12].operand_pipe.act_q_reg[15]
INFO: [Physopt 32-662] Processed net u_top/u_core/u_b/u_b_core/core/core/l5/gk.frontend/win/shift[3][255]_i_1_n_0.  Did not re-place instance u_top/u_core/u_b/u_b_core/core/core/l5/gk.frontend/win/shift[3][255]_i_1
INFO: [Physopt 32-662] Processed net u_top/u_core/u_b/u_b_core/core/core/l5/gk.frontend/pad/local_rst.  Did not re-place instance u_top/u_core/u_b/u_b_core/core/core/l5/gk.frontend/pad/col[9]_i_1
INFO: [Physopt 32-662] Processed net u_top/u_core/u_ctrl/start_accept.  Did not re-place instance u_top/u_core/u_ctrl/col[9]_i_4__1
INFO: [Physopt 32-662] Processed net u_top/u_core/u_ctrl/start_b_repN.  Did not re-place instance u_top/u_core/u_ctrl/start_b_reg_replica
INFO: [Physopt 32-663] Processed net u_top/u_core/u_b/u_b_core/core/core/l5/gk.frontend/win/window_flat[5630].  Re-placed instance u_top/u_core/u_b/u_b_core/core/core/l5/gk.frontend/win/shift_reg[21][254]
INFO: [Physopt 32-663] Processed net u_top/u_core/u_b/u_b_core/core/core/l5/mac/mac/out_lane[0].mult_lane[0].operand_pipe.weight_q[0].  Re-placed instance u_top/u_core/u_b/u_b_core/core/core/l5/mac/mac/out_lane[0].mult_lane[0].operand_pipe.weight_q_reg[0]
INFO: [Physopt 32-662] Processed net u_top/u_core/u_in/en09_out_repN_1.  Did not re-place instance u_top/u_core/u_in/dout_reg_0_0_i_1__2_replica_1
INFO: [Physopt 32-662] Processed net u_top/u_core/u_rom/g_multi_bank.g_bank[10].u_bank/dout_reg_0_5_ENARDEN_cooolgate_en_sig_17.  Did not re-place instance u_top/u_core/u_rom/g_multi_bank.g_bank[10].u_bank/dout_reg_0_5_ENARDEN_cooolgate_en_gate_30
INFO: [Physopt 32-662] Processed net u_top/u_core/u_pp/u_bank1/rd_data[5]_i_11__0_n_0.  Did not re-place instance u_top/u_core/u_pp/u_bank1/rd_data[5]_i_11__0
INFO: [Physopt 32-662] Processed net u_top/u_core/u_pp/u_bank1/rd_data[5]_i_1__0_n_0.  Did not re-place instance u_top/u_core/u_pp/u_bank1/rd_data[5]_i_1__0
INFO: [Physopt 32-662] Processed net u_top/u_core/u_pp/u_bank1/Q[5].  Did not re-place instance u_top/u_core/u_pp/u_bank1/rd_data_reg[5]
INFO: [Physopt 32-662] Processed net u_top/u_core/u_rom/c2b_data_q[0][0]_i_7_n_0.  Did not re-place instance u_top/u_core/u_rom/c2b_data_q[0][0]_i_7
INFO: [Physopt 32-662] Processed net u_top/u_core/u_b/u_b_core/core/core/f45/g_narrow_read.rd_ptr_local[0]_repN.  Did not re-place instance u_top/u_core/u_b/u_b_core/core/core/f45/g_narrow_read.rd_ptr_local_reg[0]_replica
INFO: [Physopt 32-663] Processed net u_top/u_core/u_b/u_b_core/core/core/l5/gk.frontend/pad/pixel_in[3].  Re-placed instance u_top/u_core/u_b/u_b_core/core/core/l5/gk.frontend/pad/bank_gen[3].mem_reg_0_i_30
INFO: [Physopt 32-662] Processed net u_top/u_core/u_b/u_b_core/core/core/l5/mac/issue/out_phase_reg[2]_rep__7_n_0_repN_2.  Did not re-place instance u_top/u_core/u_b/u_b_core/core/core/l5/mac/issue/out_phase_reg[2]_rep__7_replica_2
INFO: [Physopt 32-663] Processed net u_top/u_core/u_b/u_b_core/core/core/l5/mac/mac/out_lane[1].mult_lane[13].operand_pipe.weight_q[4].  Re-placed instance u_top/u_core/u_b/u_b_core/core/core/l5/mac/mac/out_lane[1].mult_lane[13].operand_pipe.weight_q_reg[4]
INFO: [Physopt 32-663] Processed net u_top/u_core/u_b/u_b_core/core/core/l5/mac/mac/p_0_in3_in.  Re-placed instance u_top/u_core/u_b/u_b_core/core/core/l5/mac/mac/tree_stage[3].valid_q_reg[4]
INFO: [Physopt 32-662] Processed net u_top/u_core/u_in/req_addr_q_reg[18]_0[8].  Did not re-place instance u_top/u_core/u_in/req_addr_q_reg[18]
INFO: [Physopt 32-663] Processed net u_top/u_core/u_in/en027_out.  Re-placed instance u_top/u_core/u_in/dout_reg_0_0_i_1__10_rewire
INFO: [Physopt 32-662] Processed net u_top/u_core/u_rom/c2b_data_q[0][0]_i_4_n_0.  Did not re-place instance u_top/u_core/u_rom/c2b_data_q[0][0]_i_4
INFO: [Physopt 32-663] Processed net u_top/u_core/u_rom/g_multi_bank.g_bank[3].u_bank/dout_reg_0_2_ENARDEN_cooolgate_en_sig_86.  Re-placed instance u_top/u_core/u_rom/g_multi_bank.g_bank[3].u_bank/dout_reg_0_2_ENARDEN_cooolgate_en_gate_160
INFO: [Physopt 32-662] Processed net u_top/u_core/u_rom/c2b_data_q[0][1]_i_6_n_0.  Did not re-place instance u_top/u_core/u_rom/c2b_data_q[0][1]_i_6
INFO: [Physopt 32-663] Processed net u_top/u_core/u_rom/g_multi_bank.g_bank[7].u_bank/dout_reg_0_4_ENARDEN_cooolgate_en_sig_124.  Re-placed instance u_top/u_core/u_rom/g_multi_bank.g_bank[7].u_bank/dout_reg_0_4_ENARDEN_cooolgate_en_gate_232
INFO: [Physopt 32-663] Processed net u_top/u_core/u_b/u_b_core/core/core/l5/gk.frontend/win/window_flat[5439].  Re-placed instance u_top/u_core/u_b/u_b_core/core/core/l5/gk.frontend/win/shift_reg[21][63]
INFO: [Physopt 32-663] Processed net u_top/u_core/u_b/u_b_core/core/core/l5/gk.frontend/win/window_flat[5524].  Re-placed instance u_top/u_core/u_b/u_b_core/core/core/l5/gk.frontend/win/shift_reg[21][148]
INFO: [Physopt 32-663] Processed net u_top/u_core/u_b/u_b_core/core/core/l5/gk.frontend/win/window_flat[5555].  Re-placed instance u_top/u_core/u_b/u_b_core/core/core/l5/gk.frontend/win/shift_reg[21][179]
INFO: [Physopt 32-663] Processed net u_top/u_core/u_b/u_b_core/core/core/l5/gk.frontend/win/window_flat[5628].  Re-placed instance u_top/u_core/u_b/u_b_core/core/core/l5/gk.frontend/win/shift_reg[21][252]
INFO: [Physopt 32-663] Processed net u_top/u_core/u_b/u_b_core/core/core/l5/gk.frontend/win/window_flat[5170].  Re-placed instance u_top/u_core/u_b/u_b_core/core/core/l5/gk.frontend/win/shift_reg[20][50]
INFO: [Physopt 32-663] Processed net u_top/u_core/u_b/u_b_core/core/core/l5/gk.frontend/win/window_flat[5269].  Re-placed instance u_top/u_core/u_b/u_b_core/core/core/l5/gk.frontend/win/shift_reg[20][149]
INFO: [Physopt 32-663] Processed net u_top/u_core/u_b/u_b_core/core/core/l5/gk.frontend/win/window_flat[5299].  Re-placed instance u_top/u_core/u_b/u_b_core/core/core/l5/gk.frontend/win/shift_reg[20][179]
INFO: [Physopt 32-663] Processed net u_top/u_core/u_b/u_b_core/core/core/l5/gk.frontend/win/window_flat[5362].  Re-placed instance u_top/u_core/u_b/u_b_core/core/core/l5/gk.frontend/win/shift_reg[20][242]
INFO: [Physopt 32-662] Processed net u_top/u_core/u_pp/u_bank1/rd_data[5]_i_10__0_n_0.  Did not re-place instance u_top/u_core/u_pp/u_bank1/rd_data[5]_i_10__0
INFO: [Physopt 32-663] Processed net u_top/u_core/u_b/u_b_core/core/core/l5/mac/mac/out_lane[0].mult_lane[0].operand_pipe.weight_q[1].  Re-placed instance u_top/u_core/u_b/u_b_core/core/core/l5/mac/mac/out_lane[0].mult_lane[0].operand_pipe.weight_q_reg[1]
INFO: [Physopt 32-663] Processed net u_top/u_core/u_b/u_b_core/core/core/l5/mac/mac/out_lane[3].mult_lane[7].operand_pipe.act_q[10].  Re-placed instance u_top/u_core/u_b/u_b_core/core/core/l5/mac/mac/out_lane[3].mult_lane[7].operand_pipe.act_q_reg[10]
INFO: [Physopt 32-663] Processed net u_top/u_core/u_b/u_b_core/core/core/l5/gk.frontend/win/window_flat[4155].  Re-placed instance u_top/u_core/u_b/u_b_core/core/core/l5/gk.frontend/win/shift_reg[16][59]
INFO: [Physopt 32-663] Processed net u_top/u_core/u_b/u_b_core/core/core/l5/gk.frontend/win/window_flat[5397].  Re-placed instance u_top/u_core/u_b/u_b_core/core/core/l5/gk.frontend/win/shift_reg[21][21]
INFO: [Physopt 32-663] Processed net u_top/u_core/u_in/req_exhausted_q_reg_n_0.  Re-placed instance u_top/u_core/u_in/req_exhausted_q_reg
INFO: [Physopt 32-663] Processed net u_top/u_core/u_b/u_b_core/core/core/l5/gk.frontend/pad/pixel_in[1].  Re-placed instance u_top/u_core/u_b/u_b_core/core/core/l5/gk.frontend/pad/bank_gen[3].mem_reg_0_i_32
INFO: [Physopt 32-663] Processed net u_top/u_core/u_b/u_b_core/core/core/l5/gk.frontend/pad/pixel_in[32].  Re-placed instance u_top/u_core/u_b/u_b_core/core/core/l5/gk.frontend/pad/bank_gen[3].mem_reg_0_i_37
INFO: [Physopt 32-661] Optimized 48 nets.  Re-placed 48 instances.
INFO: [Physopt 32-775] End 1 Pass. Optimized 48 nets or cells. Created 0 new cell, deleted 0 existing cell and moved 48 existing cells
INFO: [Physopt 32-619] Estimated Timing Summary | WNS=-0.700 | TNS=-285.347 |
Netlist sorting complete. Time (s): cpu = 00:00:00 ; elapsed = 00:00:00.046 . Memory (MB): peak = 3975.609 ; gain = 0.000
Phase 9 Single Cell Placement Optimization | Checksum: 10f7d6aa7

Time (s): cpu = 00:01:51 ; elapsed = 00:01:16 . Memory (MB): peak = 3975.609 ; gain = 0.000

Phase 10 Multi Cell Placement Optimization
INFO: [Physopt 32-660] Identified 38 candidate nets for placement-based optimization.
INFO: [Physopt 32-662] Processed net u_top/u_core/c2b_data_q_reg[0]_165[2].  Did not re-place instance u_top/u_core/c2b_data_q_reg[0][2]/Q
INFO: [Physopt 32-662] Processed net u_top/u_core/c2b_data_q_reg[0]_165[5].  Did not re-place instance u_top/u_core/c2b_data_q_reg[0][5]/Q
INFO: [Physopt 32-662] Processed net u_top/u_core/c2b_data_q_reg[0]_165[4].  Did not re-place instance u_top/u_core/c2b_data_q_reg[0][4]/Q
INFO: [Physopt 32-662] Processed net u_top/u_core/c2b_data_q_reg[0]_165[0].  Did not re-place instance u_top/u_core/c2b_data_q_reg[0][0]/Q
INFO: [Physopt 32-662] Processed net u_top/u_core/c2b_data_q_reg[1]_166[1].  Did not re-place instance u_top/u_core/c2b_data_q_reg[1][1]/Q
INFO: [Physopt 32-663] Processed net u_top/u_core/c2b_count_q[0]_repN.  Re-placed instance u_top/u_core/c2b_count_q_reg[0]_replica/Q
INFO: [Physopt 32-662] Processed net u_top/u_core/c2b_data_q_reg[1]_166[3].  Did not re-place instance u_top/u_core/c2b_data_q_reg[1][3]/Q
INFO: [Physopt 32-662] Processed net u_top/u_core/u_b/u_b_core/core/core/l5/mac/mac/ready_3.  Did not re-place instance u_top/u_core/u_b/u_b_core/core/core/l5/mac/mac/out_lane[3].mult_lane[48].operand_pipe.act_q[15]_i_3/O
INFO: [Physopt 32-663] Processed net u_top/u_core/u_b/u_b_core/core/core/l5/mac/mac/p_6_in.  Re-placed instance u_top/u_core/u_b/u_b_core/core/core/l5/mac/mac/out_phase[2]_i_2__2/O
INFO: [Physopt 32-663] Processed net u_top/u_core/u_b/u_b_core/core/core/l5/gk.frontend/fifo/count_reg[2]_2_repN.  Re-placed instance u_top/u_core/u_b/u_b_core/core/core/l5/gk.frontend/fifo/out_phase[2]_i_3__0_replica/O
INFO: [Physopt 32-663] Processed net u_top/u_core/u_b/u_b_core/core/core/l5/mac/mac/partial_valid.  Re-placed instance u_top/u_core/u_b/u_b_core/core/core/l5/mac/mac/tree_stage[6].valid_q_reg[7]/Q
INFO: [Physopt 32-662] Processed net u_top/u_core/u_in/req_addr_q_reg[16]_0_repN.  Did not re-place instance u_top/u_core/u_in/dout_reg_0_0_i_1__13_replica/O
INFO: [Physopt 32-662] Processed net u_top/u_core/c2b_data_q_reg[1]_166[6].  Did not re-place instance u_top/u_core/c2b_data_q_reg[1][6]/Q
INFO: [Physopt 32-662] Processed net u_top/u_core/u_in/en09_out_repN.  Did not re-place instance u_top/u_core/u_in/dout_reg_0_0_i_1__2_replica/O
INFO: [Physopt 32-663] Processed net u_top/u_core/u_b/u_b_core/core/core/l5/mac/mac/p_0_in.  Re-placed instance u_top/u_core/u_b/u_b_core/core/core/l5/mac/mac/tree_stage[5].valid_q_reg[6]/Q
INFO: [Physopt 32-662] Processed net u_top/u_core/u_in/en09_out_repN_1.  Did not re-place instance u_top/u_core/u_in/dout_reg_0_0_i_1__2_replica_1/O
INFO: [Physopt 32-662] Processed net u_top/u_core/c2b_count_q[1]_repN.  Did not re-place instance u_top/u_core/c2b_count_q_reg[1]_replica/Q
INFO: [Physopt 32-662] Processed net u_top/u_core/u_pp/u_bank1/rd_data[5]_i_1__0_n_0.  Did not re-place instance u_top/u_core/u_pp/u_bank1/rd_data[5]_i_1__0/O
INFO: [Physopt 32-663] Processed net u_top/u_core/u_in/en019_out.  Re-placed instance u_top/u_core/u_in/dout_reg_0_0_i_1__6/O
INFO: [Physopt 32-662] Processed net u_top/u_core/u_in/src_valid.  Did not re-place instance u_top/u_core/u_in/resp_valid_q_reg/Q
INFO: [Physopt 32-661] Optimized 6 nets.  Re-placed 12 instances.
INFO: [Physopt 32-775] End 1 Pass. Optimized 6 nets or cells. Created 0 new cell, deleted 0 existing cell and moved 12 existing cells
INFO: [Physopt 32-619] Estimated Timing Summary | WNS=-0.700 | TNS=-310.367 |
Netlist sorting complete. Time (s): cpu = 00:00:00 ; elapsed = 00:00:00.036 . Memory (MB): peak = 3975.609 ; gain = 0.000
Phase 10 Multi Cell Placement Optimization | Checksum: 19e9ac3b1

Time (s): cpu = 00:02:07 ; elapsed = 00:01:26 . Memory (MB): peak = 3975.609 ; gain = 0.000

Phase 11 Rewire
INFO: [Physopt 32-246] Starting Signal Push optimization...
INFO: [Physopt 32-241] No nets found for rewiring () optimization.
INFO: [Physopt 32-232] Optimized 0 net. Created 0 new instance.
INFO: [Physopt 32-775] End 1 Pass. Optimized 0 net or cell. Created 0 new cell, deleted 0 existing cell and moved 0 existing cell
Netlist sorting complete. Time (s): cpu = 00:00:00 ; elapsed = 00:00:00.035 . Memory (MB): peak = 3975.609 ; gain = 0.000
Phase 11 Rewire | Checksum: 19e9ac3b1

Time (s): cpu = 00:02:08 ; elapsed = 00:01:27 . Memory (MB): peak = 3975.609 ; gain = 0.000

Phase 12 Critical Cell Optimization
INFO: [Physopt 32-68] No nets found for critical-cell optimization.
INFO: [Physopt 32-232] Optimized 0 net. Created 0 new instance.
INFO: [Physopt 32-775] End 1 Pass. Optimized 0 net or cell. Created 0 new cell, deleted 0 existing cell and moved 0 existing cell
Phase 12 Critical Cell Optimization | Checksum: 19e9ac3b1

Time (s): cpu = 00:02:08 ; elapsed = 00:01:27 . Memory (MB): peak = 3975.609 ; gain = 0.000

Phase 13 SLR Crossing Optimization
Phase 13 SLR Crossing Optimization | Checksum: 19e9ac3b1

Time (s): cpu = 00:02:08 ; elapsed = 00:01:27 . Memory (MB): peak = 3975.609 ; gain = 0.000

Phase 14 Fanout Optimization
INFO: [Physopt 32-76] Pass 1. Identified 3 candidate nets for fanout optimization.
INFO: [Physopt 32-572] Net u_top/u_core/u_b/u_b_core/core/core/f45/g_narrow_read.rd_ptr_local[0]_repN was not replicated.
Resolution: phys_opt_design can be forced to replicate a net driver using the option -force_replication_on_nets <list of net objects>.
INFO: [Physopt 32-572] Net u_top/u_core/u_b/u_b_core/core/core/f45/g_narrow_read.rd_ptr_local[1]_repN_1 was not replicated.
Resolution: phys_opt_design can be forced to replicate a net driver using the option -force_replication_on_nets <list of net objects>.
INFO: [Physopt 32-572] Net u_top/u_core/u_b/u_b_core/core/core/l1/post/issue_slot_reg_rep__3_n_0 was not replicated.
Resolution: phys_opt_design can be forced to replicate a net driver using the option -force_replication_on_nets <list of net objects>.
INFO: [Physopt 32-232] Optimized 0 net. Created 0 new instance.
INFO: [Physopt 32-775] End 1 Pass. Optimized 0 net or cell. Created 0 new cell, deleted 0 existing cell and moved 0 existing cell
Netlist sorting complete. Time (s): cpu = 00:00:00 ; elapsed = 00:00:00.040 . Memory (MB): peak = 3975.609 ; gain = 0.000
Phase 14 Fanout Optimization | Checksum: 1ea527387

Time (s): cpu = 00:02:10 ; elapsed = 00:01:29 . Memory (MB): peak = 3975.609 ; gain = 0.000

Phase 15 Single Cell Placement Optimization
INFO: [Physopt 32-660] Identified 101 candidate nets for placement-based optimization.
INFO: [Physopt 32-662] Processed net u_top/u_core/u_rom/c2b_data_q[0][2]_i_6_n_0.  Did not re-place instance u_top/u_core/u_rom/c2b_data_q[0][2]_i_6
INFO: [Physopt 32-662] Processed net u_top/u_core/c2b_data_q_reg[0]_165[2].  Did not re-place instance u_top/u_core/c2b_data_q_reg[0][2]
INFO: [Physopt 32-662] Processed net u_top/u_core/u_rom/c2b_data_q[0][2]_i_4_n_0.  Did not re-place instance u_top/u_core/u_rom/c2b_data_q[0][2]_i_4
INFO: [Physopt 32-662] Processed net u_top/u_core/u_rom/c2b_data_q[0][5]_i_5_n_0.  Did not re-place instance u_top/u_core/u_rom/c2b_data_q[0][5]_i_5
INFO: [Physopt 32-662] Processed net u_top/u_core/c2b_data_q_reg[0]_165[5].  Did not re-place instance u_top/u_core/c2b_data_q_reg[0][5]
INFO: [Physopt 32-662] Processed net u_top/u_core/u_rom/c2b_data_q[0][4]_i_6_n_0.  Did not re-place instance u_top/u_core/u_rom/c2b_data_q[0][4]_i_6
INFO: [Physopt 32-662] Processed net u_top/u_core/c2b_data_q_reg[0]_165[4].  Did not re-place instance u_top/u_core/c2b_data_q_reg[0][4]
INFO: [Physopt 32-662] Processed net u_top/u_core/c2b_data_q_reg[0]_165[0].  Did not re-place instance u_top/u_core/c2b_data_q_reg[0][0]
INFO: [Physopt 32-662] Processed net u_top/u_core/u_rom/c2b_data_q[0][0]_i_6_n_0.  Did not re-place instance u_top/u_core/u_rom/c2b_data_q[0][0]_i_6
INFO: [Physopt 32-662] Processed net u_top/u_core/u_rom/c2b_data_q[0][4]_i_7_n_0.  Did not re-place instance u_top/u_core/u_rom/c2b_data_q[0][4]_i_7
INFO: [Physopt 32-662] Processed net u_top/u_core/u_rom/c2b_data_q[0][5]_i_4_n_0.  Did not re-place instance u_top/u_core/u_rom/c2b_data_q[0][5]_i_4
INFO: [Physopt 32-662] Processed net u_top/u_core/u_rom/c2b_data_q[0][2]_i_5_n_0.  Did not re-place instance u_top/u_core/u_rom/c2b_data_q[0][2]_i_5
INFO: [Physopt 32-662] Processed net u_top/u_core/u_b/u_b_core/core/core/l5/mac/mac/out_lane[3].mult_lane[1].operand_pipe.weight_q[2].  Did not re-place instance u_top/u_core/u_b/u_b_core/core/core/l5/mac/mac/out_lane[3].mult_lane[1].operand_pipe.weight_q_reg[2]
INFO: [Physopt 32-662] Processed net u_top/u_core/u_b/u_b_core/core/core/l5/mac/mac/out_lane[0].mult_lane[1].operand_pipe.weight_q[7].  Did not re-place instance u_top/u_core/u_b/u_b_core/core/core/l5/mac/mac/out_lane[0].mult_lane[1].operand_pipe.weight_q_reg[7]
INFO: [Physopt 32-662] Processed net u_top/u_core/u_rom/c2b_data_q[0][2]_i_7_n_0.  Did not re-place instance u_top/u_core/u_rom/c2b_data_q[0][2]_i_7
INFO: [Physopt 32-662] Processed net u_top/u_core/u_rom/c2b_data_q[0][1]_i_7_n_0.  Did not re-place instance u_top/u_core/u_rom/c2b_data_q[0][1]_i_7
INFO: [Physopt 32-662] Processed net u_top/u_core/c2b_data_q_reg[1]_166[1].  Did not re-place instance u_top/u_core/c2b_data_q_reg[1][1]
INFO: [Physopt 32-662] Processed net u_top/u_core/u_rom/c2b_data_q[0][4]_i_5_n_0.  Did not re-place instance u_top/u_core/u_rom/c2b_data_q[0][4]_i_5
INFO: [Physopt 32-662] Processed net u_top/u_core/u_b/u_b_core/core/core/l5/mac/mac/out_lane[0].mult_lane[1].operand_pipe.weight_q[5].  Did not re-place instance u_top/u_core/u_b/u_b_core/core/core/l5/mac/mac/out_lane[0].mult_lane[1].operand_pipe.weight_q_reg[5]
INFO: [Physopt 32-662] Processed net u_top/u_core/c2b_data_q_reg[1]_166[3].  Did not re-place instance u_top/u_core/c2b_data_q_reg[1][3]
INFO: [Physopt 32-662] Processed net u_top/u_core/u_rom/c2b_data_q[0][3]_i_6_n_0.  Did not re-place instance u_top/u_core/u_rom/c2b_data_q[0][3]_i_6
INFO: [Physopt 32-662] Processed net u_top/u_core/u_b/u_b_core/core/core/l5/mac/mac/out_lane[0].mult_lane[1].operand_pipe.weight_q[6].  Did not re-place instance u_top/u_core/u_b/u_b_core/core/core/l5/mac/mac/out_lane[0].mult_lane[1].operand_pipe.weight_q_reg[6]
INFO: [Physopt 32-662] Processed net u_top/u_core/u_rom/c2b_data_q[0][1]_i_4_n_0.  Did not re-place instance u_top/u_core/u_rom/c2b_data_q[0][1]_i_4
INFO: [Physopt 32-662] Processed net u_top/u_core/u_b/u_b_core/core/core/l5/mac/mac/out_lane[3].mult_lane[1].operand_pipe.weight_q[0].  Did not re-place instance u_top/u_core/u_b/u_b_core/core/core/l5/mac/mac/out_lane[3].mult_lane[1].operand_pipe.weight_q_reg[0]
INFO: [Physopt 32-662] Processed net u_top/u_core/u_rom/c2b_data_q[0][5]_i_7_n_0.  Did not re-place instance u_top/u_core/u_rom/c2b_data_q[0][5]_i_7
INFO: [Physopt 32-662] Processed net u_top/u_core/u_b/u_b_core/core/core/l5/mac/mac/out_lane[0].mult_lane[1].operand_pipe.weight_q[3].  Did not re-place instance u_top/u_core/u_b/u_b_core/core/core/l5/mac/mac/out_lane[0].mult_lane[1].operand_pipe.weight_q_reg[3]
INFO: [Physopt 32-663] Processed net u_top/u_core/u_b/u_b_core/core/core/l5/mac/mac/out_lane[0].mult_lane[15].operand_pipe.weight_q[0].  Re-placed instance u_top/u_core/u_b/u_b_core/core/core/l5/mac/mac/out_lane[0].mult_lane[15].operand_pipe.weight_q_reg[0]
INFO: [Physopt 32-662] Processed net u_top/u_core/u_rom/c2b_data_q[0][0]_i_5_n_0.  Did not re-place instance u_top/u_core/u_rom/c2b_data_q[0][0]_i_5
INFO: [Physopt 32-662] Processed net u_top/u_core/u_in/dout_reg_0_0_i_2_n_0_repN.  Did not re-place instance u_top/u_core/u_in/dout_reg_0_0_i_2_replica
INFO: [Physopt 32-663] Processed net u_top/u_core/u_in/en019_out.  Re-placed instance u_top/u_core/u_in/dout_reg_0_0_i_1__6
INFO: [Physopt 32-662] Processed net u_top/u_core/c2b_count_q[0]_repN.  Did not re-place instance u_top/u_core/c2b_count_q_reg[0]_replica
INFO: [Physopt 32-662] Processed net u_top/u_core/u_rom/g_multi_bank.g_bank[5].u_bank/dout_reg_0_2_ENARDEN_cooolgate_en_sig_104.  Did not re-place instance u_top/u_core/u_rom/g_multi_bank.g_bank[5].u_bank/dout_reg_0_2_ENARDEN_cooolgate_en_gate_194
INFO: [Physopt 32-662] Processed net u_top/u_core/u_rom/c2b_data_q[0][5]_i_6_n_0.  Did not re-place instance u_top/u_core/u_rom/c2b_data_q[0][5]_i_6
INFO: [Physopt 32-662] Processed net u_top/u_core/c2b_data_q_reg[1]_166[6].  Did not re-place instance u_top/u_core/c2b_data_q_reg[1][6]
INFO: [Physopt 32-662] Processed net u_top/u_core/u_rom/c2b_data_q[0][6]_i_5_n_0.  Did not re-place instance u_top/u_core/u_rom/c2b_data_q[0][6]_i_5
INFO: [Physopt 32-662] Processed net u_top/u_core/u_rom/c2b_data_q[0][1]_i_5_n_0.  Did not re-place instance u_top/u_core/u_rom/c2b_data_q[0][1]_i_5
INFO: [Physopt 32-662] Processed net u_top/u_core/u_in/en09_out_repN.  Did not re-place instance u_top/u_core/u_in/dout_reg_0_0_i_1__2_replica
INFO: [Physopt 32-662] Processed net u_top/u_core/u_rom/g_multi_bank.g_bank[10].u_bank/dout_reg_0_0_ENARDEN_cooolgate_en_sig_12.  Did not re-place instance u_top/u_core/u_rom/g_multi_bank.g_bank[10].u_bank/dout_reg_0_0_ENARDEN_cooolgate_en_gate_20
INFO: [Physopt 32-662] Processed net u_top/u_core/c2b_data_q_reg[1]_166[2].  Did not re-place instance u_top/u_core/c2b_data_q_reg[1][2]
INFO: [Physopt 32-662] Processed net u_top/u_core/u_in/req_addr_q_reg[16]_0_repN.  Did not re-place instance u_top/u_core/u_in/dout_reg_0_0_i_1__13_replica
INFO: [Physopt 32-662] Processed net u_top/u_core/u_rom/g_multi_bank.g_bank[11].u_bank/dout_reg_0_5_ENARDEN_cooolgate_en_sig_26.  Did not re-place instance u_top/u_core/u_rom/g_multi_bank.g_bank[11].u_bank/dout_reg_0_5_ENARDEN_cooolgate_en_gate_47
INFO: [Physopt 32-662] Processed net u_top/u_core/u_rom/c2b_data_q[0][3]_i_7_n_0.  Did not re-place instance u_top/u_core/u_rom/c2b_data_q[0][3]_i_7
INFO: [Physopt 32-662] Processed net u_top/u_core/u_rom/g_multi_bank.g_bank[1].u_bank/dout_reg_0_5_ENARDEN_cooolgate_en_sig_71.  Did not re-place instance u_top/u_core/u_rom/g_multi_bank.g_bank[1].u_bank/dout_reg_0_5_ENARDEN_cooolgate_en_gate_132_rewire
INFO: [Physopt 32-663] Processed net u_top/u_core/u_in/src_valid.  Re-placed instance u_top/u_core/u_in/resp_valid_q_reg
INFO: [Physopt 32-662] Processed net u_top/u_core/u_rom/c2b_data_q[0][4]_i_4_n_0.  Did not re-place instance u_top/u_core/u_rom/c2b_data_q[0][4]_i_4
INFO: [Physopt 32-662] Processed net u_top/u_core/u_b/u_b_core/core/core/l5/mac/mac/out_lane[0].mult_lane[0].operand_pipe.act_q_reg0.  Did not re-place instance u_top/u_core/u_b/u_b_core/core/core/l5/mac/mac/out_lane[3].mult_lane[48].operand_pipe.act_q[15]_i_1
INFO: [Physopt 32-663] Processed net u_top/u_core/u_b/u_b_core/core/core/l5/mac/mac/out_lane[1].mult_lane[22].operand_pipe.weight_q[0]_i_1__0_n_0.  Re-placed instance u_top/u_core/u_b/u_b_core/core/core/l5/mac/mac/out_lane[1].mult_lane[22].operand_pipe.weight_q[0]_i_1__0
INFO: [Physopt 32-662] Processed net u_top/u_core/u_b/u_b_core/core/core/l5/mac/mac/ready_3.  Did not re-place instance u_top/u_core/u_b/u_b_core/core/core/l5/mac/mac/out_lane[3].mult_lane[48].operand_pipe.act_q[15]_i_3
INFO: [Physopt 32-662] Processed net u_top/u_core/u_b/u_b_core/core/core/l5/mac/mac/p_0_in3_in.  Did not re-place instance u_top/u_core/u_b/u_b_core/core/core/l5/mac/mac/tree_stage[3].valid_q_reg[4]
INFO: [Physopt 32-663] Processed net u_top/u_core/u_b/u_b_core/core/core/l5/mac/mac/out_lane[3].mult_lane[47].operand_pipe.weight_q[6].  Re-placed instance u_top/u_core/u_b/u_b_core/core/core/l5/mac/mac/out_lane[3].mult_lane[47].operand_pipe.weight_q_reg[6]
INFO: [Physopt 32-663] Processed net u_top/u_core/u_b/u_b_core/core/core/l5/mac/mac/out_lane[2].mult_lane[10].operand_pipe.weight_q[0]_i_1_n_0.  Re-placed instance u_top/u_core/u_b/u_b_core/core/core/l5/mac/mac/out_lane[2].mult_lane[10].operand_pipe.weight_q[0]_i_1
INFO: [Physopt 32-663] Processed net u_top/u_core/u_b/u_b_core/core/core/l5/mac/mac/out_lane[0].mult_lane[16].operand_pipe.weight_q[0].  Re-placed instance u_top/u_core/u_b/u_b_core/core/core/l5/mac/mac/out_lane[0].mult_lane[16].operand_pipe.weight_q_reg[0]
INFO: [Physopt 32-663] Processed net u_top/u_core/u_b/u_b_core/core/core/l5/mac/mac/out_lane[1].mult_lane[16].operand_pipe.weight_q[1].  Re-placed instance u_top/u_core/u_b/u_b_core/core/core/l5/mac/mac/out_lane[1].mult_lane[16].operand_pipe.weight_q_reg[1]
INFO: [Common 17-14] Message 'Physopt 32-663' appears 100 times and further instances of the messages will be disabled. Use the Tcl command set_msg_config to change the current settings.
INFO: [Physopt 32-662] Processed net u_top/u_core/u_b/u_b_core/core/core/l5/mac/mac/out_lane[3].mult_lane[43].operand_pipe.weight_q[2]_i_1_n_0.  Did not re-place instance u_top/u_core/u_b/u_b_core/core/core/l5/mac/mac/out_lane[3].mult_lane[43].operand_pipe.weight_q[2]_i_1
INFO: [Physopt 32-662] Processed net u_top/u_core/u_in/en09_out_repN_1.  Did not re-place instance u_top/u_core/u_in/dout_reg_0_0_i_1__2_replica_1
INFO: [Physopt 32-662] Processed net u_top/u_core/u_rom/g_multi_bank.g_bank[10].u_bank/dout_reg_0_5_ENARDEN_cooolgate_en_sig_17.  Did not re-place instance u_top/u_core/u_rom/g_multi_bank.g_bank[10].u_bank/dout_reg_0_5_ENARDEN_cooolgate_en_gate_30
INFO: [Physopt 32-662] Processed net u_top/u_core/u_b/u_b_core/core/core/l5/mac/mac/out_lane[3].mult_lane[31].operand_pipe.weight_q[0]_i_1_n_0.  Did not re-place instance u_top/u_core/u_b/u_b_core/core/core/l5/mac/mac/out_lane[3].mult_lane[31].operand_pipe.weight_q[0]_i_1
INFO: [Physopt 32-662] Processed net u_top/u_core/u_pp/u_bank1/rd_data[5]_i_11__0_n_0.  Did not re-place instance u_top/u_core/u_pp/u_bank1/rd_data[5]_i_11__0
INFO: [Physopt 32-662] Processed net u_top/u_core/u_pp/u_bank1/rd_data[5]_i_1__0_n_0.  Did not re-place instance u_top/u_core/u_pp/u_bank1/rd_data[5]_i_1__0
INFO: [Physopt 32-662] Processed net u_top/u_core/u_pp/u_bank1/Q[5].  Did not re-place instance u_top/u_core/u_pp/u_bank1/rd_data_reg[5]
INFO: [Physopt 32-662] Processed net u_top/u_core/u_rom/c2b_data_q[0][0]_i_7_n_0.  Did not re-place instance u_top/u_core/u_rom/c2b_data_q[0][0]_i_7
INFO: [Physopt 32-662] Processed net u_top/u_core/u_b/u_b_core/core/core/l5/mac/issue/out_phase_reg[2]_rep_17.  Did not re-place instance u_top/u_core/u_b/u_b_core/core/core/l5/mac/issue/out_lane[1].mult_lane[0].operand_pipe.weight_q[7]_i_1__2
INFO: [Physopt 32-662] Processed net u_top/u_core/u_b/u_b_core/core/core/l5/mac/mac/out_lane[2].mult_lane[5].operand_pipe.weight_q[7].  Did not re-place instance u_top/u_core/u_b/u_b_core/core/core/l5/mac/mac/out_lane[2].mult_lane[5].operand_pipe.weight_q_reg[7]
INFO: [Physopt 32-662] Processed net u_top/u_core/u_b/u_b_core/core/core/l5/mac/mac/out_lane[2].mult_lane[4].operand_pipe.weight_q[1].  Did not re-place instance u_top/u_core/u_b/u_b_core/core/core/l5/mac/mac/out_lane[2].mult_lane[4].operand_pipe.weight_q_reg[1]
INFO: [Physopt 32-662] Processed net u_top/u_core/u_rom/c2b_data_q[0][0]_i_4_n_0.  Did not re-place instance u_top/u_core/u_rom/c2b_data_q[0][0]_i_4
INFO: [Physopt 32-662] Processed net u_top/u_core/u_rom/c2b_data_q[0][1]_i_6_n_0.  Did not re-place instance u_top/u_core/u_rom/c2b_data_q[0][1]_i_6
INFO: [Physopt 32-662] Processed net u_top/u_core/u_b/u_b_core/core/core/l5/mac/mac/out_lane[2].mult_lane[45].operand_pipe.weight_q[1].  Did not re-place instance u_top/u_core/u_b/u_b_core/core/core/l5/mac/mac/out_lane[2].mult_lane[45].operand_pipe.weight_q_reg[1]
INFO: [Physopt 32-662] Processed net u_top/u_core/u_b/u_b_core/core/core/l5/mac/mac/out_lane[1].mult_lane[36].operand_pipe.weight_q[7].  Did not re-place instance u_top/u_core/u_b/u_b_core/core/core/l5/mac/mac/out_lane[1].mult_lane[36].operand_pipe.weight_q_reg[7]
INFO: [Physopt 32-662] Processed net u_top/u_core/u_pp/u_bank1/rd_data[5]_i_10__0_n_0.  Did not re-place instance u_top/u_core/u_pp/u_bank1/rd_data[5]_i_10__0
INFO: [Physopt 32-662] Processed net u_top/u_core/u_b/u_b_core/core/core/l5/mac/mac/out_lane[2].mult_lane[32].operand_pipe.weight_q[7]_i_1_n_0_repN.  Did not re-place instance u_top/u_core/u_b/u_b_core/core/core/l5/mac/mac/out_lane[2].mult_lane[32].operand_pipe.weight_q[7]_i_1_replica
INFO: [Physopt 32-661] Optimized 39 nets.  Re-placed 39 instances.
INFO: [Physopt 32-775] End 1 Pass. Optimized 39 nets or cells. Created 0 new cell, deleted 0 existing cell and moved 39 existing cells
INFO: [Physopt 32-619] Estimated Timing Summary | WNS=-0.700 | TNS=-302.160 |
Netlist sorting complete. Time (s): cpu = 00:00:00 ; elapsed = 00:00:00.038 . Memory (MB): peak = 3975.609 ; gain = 0.000
Phase 15 Single Cell Placement Optimization | Checksum: 18e3dd293

Time (s): cpu = 00:02:21 ; elapsed = 00:01:35 . Memory (MB): peak = 3975.609 ; gain = 0.000

Phase 16 Multi Cell Placement Optimization
INFO: [Physopt 32-660] Identified 40 candidate nets for placement-based optimization.
INFO: [Physopt 32-662] Processed net u_top/u_core/c2b_data_q_reg[0]_165[2].  Did not re-place instance u_top/u_core/c2b_data_q_reg[0][2]/Q
INFO: [Physopt 32-662] Processed net u_top/u_core/c2b_data_q_reg[0]_165[5].  Did not re-place instance u_top/u_core/c2b_data_q_reg[0][5]/Q
INFO: [Physopt 32-662] Processed net u_top/u_core/c2b_data_q_reg[0]_165[4].  Did not re-place instance u_top/u_core/c2b_data_q_reg[0][4]/Q
INFO: [Physopt 32-662] Processed net u_top/u_core/c2b_data_q_reg[0]_165[0].  Did not re-place instance u_top/u_core/c2b_data_q_reg[0][0]/Q
INFO: [Physopt 32-662] Processed net u_top/u_core/c2b_data_q_reg[1]_166[1].  Did not re-place instance u_top/u_core/c2b_data_q_reg[1][1]/Q
INFO: [Physopt 32-662] Processed net u_top/u_core/c2b_data_q_reg[1]_166[3].  Did not re-place instance u_top/u_core/c2b_data_q_reg[1][3]/Q
INFO: [Physopt 32-662] Processed net u_top/u_core/c2b_data_q_reg[1]_166[6].  Did not re-place instance u_top/u_core/c2b_data_q_reg[1][6]/Q
INFO: [Physopt 32-662] Processed net u_top/u_core/c2b_count_q[0]_repN.  Did not re-place instance u_top/u_core/c2b_count_q_reg[0]_replica/Q
INFO: [Physopt 32-662] Processed net u_top/u_core/u_in/en09_out_repN.  Did not re-place instance u_top/u_core/u_in/dout_reg_0_0_i_1__2_replica/O
INFO: [Physopt 32-662] Processed net u_top/u_core/u_in/req_addr_q_reg[16]_0_repN.  Did not re-place instance u_top/u_core/u_in/dout_reg_0_0_i_1__13_replica/O
INFO: [Physopt 32-662] Processed net u_top/u_core/u_b/u_b_core/core/core/l5/mac/mac/ready_3.  Did not re-place instance u_top/u_core/u_b/u_b_core/core/core/l5/mac/mac/out_lane[3].mult_lane[48].operand_pipe.act_q[15]_i_3/O
INFO: [Physopt 32-662] Processed net u_top/u_core/u_b/u_b_core/core/core/l5/mac/mac/p_0_in3_in.  Did not re-place instance u_top/u_core/u_b/u_b_core/core/core/l5/mac/mac/tree_stage[3].valid_q_reg[4]/Q
INFO: [Physopt 32-662] Processed net u_top/u_core/u_in/en09_out_repN_1.  Did not re-place instance u_top/u_core/u_in/dout_reg_0_0_i_1__2_replica_1/O
INFO: [Physopt 32-662] Processed net u_top/u_core/u_pp/u_bank1/rd_data[5]_i_1__0_n_0.  Did not re-place instance u_top/u_core/u_pp/u_bank1/rd_data[5]_i_1__0/O
INFO: [Physopt 32-662] Processed net u_top/u_core/u_b/u_b_core/core/core/l5/mac/mac/out_lane[3].mult_lane[43].operand_pipe.weight_q[2]_i_1_n_0.  Did not re-place instance u_top/u_core/u_b/u_b_core/core/core/l5/mac/mac/out_lane[3].mult_lane[43].operand_pipe.weight_q[2]_i_1/O
INFO: [Physopt 32-661] Optimized 0 net.  Re-placed 0 instance.
INFO: [Physopt 32-775] End 1 Pass. Optimized 0 net or cell. Created 0 new cell, deleted 0 existing cell and moved 0 existing cell
Netlist sorting complete. Time (s): cpu = 00:00:00 ; elapsed = 00:00:00.034 . Memory (MB): peak = 3975.609 ; gain = 0.000
Phase 16 Multi Cell Placement Optimization | Checksum: 14c2a4ddf

Time (s): cpu = 00:03:08 ; elapsed = 00:02:04 . Memory (MB): peak = 3975.609 ; gain = 0.000

Phase 17 Rewire
INFO: [Physopt 32-246] Starting Signal Push optimization...
INFO: [Physopt 32-241] No nets found for rewiring () optimization.
INFO: [Physopt 32-232] Optimized 0 net. Created 0 new instance.
INFO: [Physopt 32-775] End 1 Pass. Optimized 0 net or cell. Created 0 new cell, deleted 0 existing cell and moved 0 existing cell
Netlist sorting complete. Time (s): cpu = 00:00:00 ; elapsed = 00:00:00.035 . Memory (MB): peak = 3975.609 ; gain = 0.000
Phase 17 Rewire | Checksum: 14c2a4ddf

Time (s): cpu = 00:03:08 ; elapsed = 00:02:04 . Memory (MB): peak = 3975.609 ; gain = 0.000

Phase 18 Critical Cell Optimization
INFO: [Physopt 32-68] No nets found for critical-cell optimization.
INFO: [Physopt 32-232] Optimized 0 net. Created 0 new instance.
INFO: [Physopt 32-775] End 1 Pass. Optimized 0 net or cell. Created 0 new cell, deleted 0 existing cell and moved 0 existing cell
Phase 18 Critical Cell Optimization | Checksum: 14c2a4ddf

Time (s): cpu = 00:03:08 ; elapsed = 00:02:04 . Memory (MB): peak = 3975.609 ; gain = 0.000

Phase 19 DSP Register Optimization
INFO: [Physopt 32-457] Pass 1. Identified 20 candidate cells for DSP register optimization.
INFO: [Physopt 32-666] Processed cell u_top/u_core/u_b/u_b_core/core/core/l1/post/units[0].post/prelu_product_s10. No change.
INFO: [Physopt 32-666] Processed cell u_top/u_core/u_b/u_b_core/core/core/l1/post/units[1].post/prelu_product_s10. No change.
INFO: [Physopt 32-665] Processed cell u_top/u_core/u_b/u_b_core/core/core/l4/post/units[0].post/prelu_product_s1_reg. 15 registers were pushed out.
INFO: [Physopt 32-666] Processed cell u_top/u_core/u_b/u_b_core/core/core/l3/post/units[0].post/prelu_product_s10. No change.
INFO: [Physopt 32-665] Processed cell u_top/u_core/u_b/u_b_core/core/core/l1/post/units[1].post/prelu_product_s1_reg. 15 registers were pushed out.
INFO: [Physopt 32-666] Processed cell u_top/u_core/u_b/u_b_core/core/core/l4/post/units[0].post/prelu_product_s10. No change.
INFO: [Physopt 32-666] Processed cell u_top/u_core/u_b/u_b_core/core/core/l4/post/units[1].post/prelu_product_s10. No change.
INFO: [Physopt 32-665] Processed cell u_top/u_core/u_b/u_b_core/core/core/l3/post/units[0].post/prelu_product_s1_reg. 15 registers were pushed out.
INFO: [Physopt 32-665] Processed cell u_top/u_core/u_b/u_b_core/core/core/l1/post/units[0].post/prelu_product_s1_reg. 15 registers were pushed out.
INFO: [Physopt 32-666] Processed cell u_top/u_core/u_b/u_b_core/core/core/l4/mac/mac/out_lane[0].mult_lane[0].operand_pipe.sums_q_reg[0][0][0]. No change.
INFO: [Physopt 32-666] Processed cell u_top/u_core/u_b/u_b_core/core/core/l2/post/units[0].post/requant_product_s50. No change.
INFO: [Physopt 32-666] Processed cell u_top/u_core/u_b/u_b_core/core/core/l2/post/units[0].post/requant_product_s5_reg. No change.
INFO: [Physopt 32-666] Processed cell u_top/u_core/u_b/u_b_core/core/core/l2/post/units[0].post/prelu_product_s1_reg. No change.
INFO: [Physopt 32-666] Processed cell u_top/u_core/u_b/u_b_core/core/core/l4/post/units[0].post/requant_product_s50. No change.
INFO: [Physopt 32-665] Processed cell u_top/u_core/u_b/u_b_core/core/core/l4/post/units[1].post/requant_product_s5_reg. 15 registers were pushed out.
INFO: [Physopt 32-665] Processed cell u_top/u_core/u_b/u_b_core/core/core/l4/post/units[0].post/requant_product_s5_reg. 15 registers were pushed out.
INFO: [Physopt 32-665] Processed cell u_top/u_core/u_b/u_b_core/core/core/l1/post/units[0].post/requant_product_s5_reg. 15 registers were pushed out.
INFO: [Physopt 32-666] Processed cell u_top/u_core/u_b/u_b_core/core/core/l1/post/units[0].post/requant_product_s50. No change.
INFO: [Physopt 32-666] Processed cell u_top/u_core/u_b/u_b_core/core/core/l4/post/units[1].post/requant_product_s50. No change.
INFO: [Physopt 32-666] Processed cell u_top/u_core/u_b/u_b_core/core/core/l2/post/units[0].post/prelu_product_s10. No change.
INFO: [Physopt 32-775] End 1 Pass. Optimized 7 nets or cells. Created 105 new cells, deleted 0 existing cell and moved 0 existing cell
INFO: [Physopt 32-619] Estimated Timing Summary | WNS=-0.700 | TNS=-300.606 |
Netlist sorting complete. Time (s): cpu = 00:00:00 ; elapsed = 00:00:00.069 . Memory (MB): peak = 3975.609 ; gain = 0.000
Phase 19 DSP Register Optimization | Checksum: e11be160

Time (s): cpu = 00:03:42 ; elapsed = 00:02:29 . Memory (MB): peak = 3975.609 ; gain = 0.000

Phase 20 BRAM Register Optimization
INFO: [Physopt 32-614] Property 'READ_WIDTH_B' on BRAM cell 'u_top/u_core/u_b/u_b_core/core/core/l1/gk.frontend/win/bank_gen[0].mem_reg' Port 'B' is 0. Skip BRAM Register Optimization on the port
INFO: [Physopt 32-614] Property 'READ_WIDTH_B' on BRAM cell 'u_top/u_core/u_b/u_b_core/core/core/l1/gk.frontend/win/bank_gen[1].mem_reg' Port 'B' is 0. Skip BRAM Register Optimization on the port
INFO: [Physopt 32-614] Property 'READ_WIDTH_B' on BRAM cell 'u_top/u_core/u_b/u_b_core/core/core/l1/gk.frontend/win/bank_gen[2].mem_reg' Port 'B' is 0. Skip BRAM Register Optimization on the port
INFO: [Physopt 32-614] Property 'READ_WIDTH_B' on BRAM cell 'u_top/u_core/u_b/u_b_core/core/core/l1/gk.frontend/win/bank_gen[3].mem_reg' Port 'B' is 0. Skip BRAM Register Optimization on the port
INFO: [Physopt 32-614] Property 'READ_WIDTH_B' on BRAM cell 'u_top/u_core/u_b/u_b_core/core/core/l3/gk.frontend/win/bank_gen[0].mem_reg_0' Port 'B' is 0. Skip BRAM Register Optimization on the port
INFO: [Physopt 32-614] Property 'READ_WIDTH_B' on BRAM cell 'u_top/u_core/u_b/u_b_core/core/core/l3/gk.frontend/win/bank_gen[0].mem_reg_1' Port 'B' is 0. Skip BRAM Register Optimization on the port
INFO: [Physopt 32-614] Property 'READ_WIDTH_B' on BRAM cell 'u_top/u_core/u_b/u_b_core/core/core/l3/gk.frontend/win/bank_gen[0].mem_reg_2' Port 'B' is 0. Skip BRAM Register Optimization on the port
INFO: [Physopt 32-614] Property 'READ_WIDTH_B' on BRAM cell 'u_top/u_core/u_b/u_b_core/core/core/l3/gk.frontend/win/bank_gen[0].mem_reg_3' Port 'B' is 0. Skip BRAM Register Optimization on the port
INFO: [Physopt 32-614] Property 'READ_WIDTH_B' on BRAM cell 'u_top/u_core/u_b/u_b_core/core/core/l3/gk.frontend/win/bank_gen[1].mem_reg_0' Port 'B' is 0. Skip BRAM Register Optimization on the port
INFO: [Physopt 32-614] Property 'READ_WIDTH_B' on BRAM cell 'u_top/u_core/u_b/u_b_core/core/core/l3/gk.frontend/win/bank_gen[1].mem_reg_1' Port 'B' is 0. Skip BRAM Register Optimization on the port
INFO: [Physopt 32-614] Property 'READ_WIDTH_B' on BRAM cell 'u_top/u_core/u_b/u_b_core/core/core/l3/gk.frontend/win/bank_gen[1].mem_reg_2' Port 'B' is 0. Skip BRAM Register Optimization on the port
INFO: [Physopt 32-614] Property 'READ_WIDTH_B' on BRAM cell 'u_top/u_core/u_b/u_b_core/core/core/l3/gk.frontend/win/bank_gen[1].mem_reg_3' Port 'B' is 0. Skip BRAM Register Optimization on the port
INFO: [Physopt 32-614] Property 'READ_WIDTH_B' on BRAM cell 'u_top/u_core/u_b/u_b_core/core/core/l5/gk.frontend/win/bank_gen[0].mem_reg_0' Port 'B' is 0. Skip BRAM Register Optimization on the port
INFO: [Physopt 32-614] Property 'READ_WIDTH_B' on BRAM cell 'u_top/u_core/u_b/u_b_core/core/core/l5/gk.frontend/win/bank_gen[0].mem_reg_1' Port 'B' is 0. Skip BRAM Register Optimization on the port
INFO: [Physopt 32-614] Property 'READ_WIDTH_B' on BRAM cell 'u_top/u_core/u_b/u_b_core/core/core/l5/gk.frontend/win/bank_gen[0].mem_reg_2' Port 'B' is 0. Skip BRAM Register Optimization on the port
INFO: [Physopt 32-614] Property 'READ_WIDTH_B' on BRAM cell 'u_top/u_core/u_b/u_b_core/core/core/l5/gk.frontend/win/bank_gen[0].mem_reg_3' Port 'B' is 0. Skip BRAM Register Optimization on the port
INFO: [Physopt 32-614] Property 'READ_WIDTH_B' on BRAM cell 'u_top/u_core/u_b/u_b_core/core/core/l5/gk.frontend/win/bank_gen[0].mem_reg_4' Port 'B' is 0. Skip BRAM Register Optimization on the port
INFO: [Physopt 32-614] Property 'READ_WIDTH_B' on BRAM cell 'u_top/u_core/u_b/u_b_core/core/core/l5/gk.frontend/win/bank_gen[0].mem_reg_5' Port 'B' is 0. Skip BRAM Register Optimization on the port
INFO: [Physopt 32-614] Property 'READ_WIDTH_B' on BRAM cell 'u_top/u_core/u_b/u_b_core/core/core/l5/gk.frontend/win/bank_gen[0].mem_reg_6' Port 'B' is 0. Skip BRAM Register Optimization on the port
INFO: [Physopt 32-614] Property 'READ_WIDTH_B' on BRAM cell 'u_top/u_core/u_b/u_b_core/core/core/l5/gk.frontend/win/bank_gen[0].mem_reg_7' Port 'B' is 0. Skip BRAM Register Optimization on the port
INFO: [Physopt 32-614] Property 'READ_WIDTH_B' on BRAM cell 'u_top/u_core/u_b/u_b_core/core/core/l5/gk.frontend/win/bank_gen[1].mem_reg_0' Port 'B' is 0. Skip BRAM Register Optimization on the port
INFO: [Physopt 32-614] Property 'READ_WIDTH_B' on BRAM cell 'u_top/u_core/u_b/u_b_core/core/core/l5/gk.frontend/win/bank_gen[1].mem_reg_1' Port 'B' is 0. Skip BRAM Register Optimization on the port
INFO: [Physopt 32-614] Property 'READ_WIDTH_B' on BRAM cell 'u_top/u_core/u_b/u_b_core/core/core/l5/gk.frontend/win/bank_gen[1].mem_reg_2' Port 'B' is 0. Skip BRAM Register Optimization on the port
INFO: [Physopt 32-614] Property 'READ_WIDTH_B' on BRAM cell 'u_top/u_core/u_b/u_b_core/core/core/l5/gk.frontend/win/bank_gen[1].mem_reg_3' Port 'B' is 0. Skip BRAM Register Optimization on the port
INFO: [Physopt 32-614] Property 'READ_WIDTH_B' on BRAM cell 'u_top/u_core/u_b/u_b_core/core/core/l5/gk.frontend/win/bank_gen[1].mem_reg_4' Port 'B' is 0. Skip BRAM Register Optimization on the port
INFO: [Physopt 32-614] Property 'READ_WIDTH_B' on BRAM cell 'u_top/u_core/u_b/u_b_core/core/core/l5/gk.frontend/win/bank_gen[1].mem_reg_5' Port 'B' is 0. Skip BRAM Register Optimization on the port
INFO: [Physopt 32-614] Property 'READ_WIDTH_B' on BRAM cell 'u_top/u_core/u_b/u_b_core/core/core/l5/gk.frontend/win/bank_gen[1].mem_reg_6' Port 'B' is 0. Skip BRAM Register Optimization on the port
INFO: [Physopt 32-614] Property 'READ_WIDTH_B' on BRAM cell 'u_top/u_core/u_b/u_b_core/core/core/l5/gk.frontend/win/bank_gen[1].mem_reg_7' Port 'B' is 0. Skip BRAM Register Optimization on the port
INFO: [Physopt 32-614] Property 'READ_WIDTH_B' on BRAM cell 'u_top/u_core/u_b/u_b_core/core/core/l5/gk.frontend/win/bank_gen[2].mem_reg_0' Port 'B' is 0. Skip BRAM Register Optimization on the port
INFO: [Physopt 32-614] Property 'READ_WIDTH_B' on BRAM cell 'u_top/u_core/u_b/u_b_core/core/core/l5/gk.frontend/win/bank_gen[2].mem_reg_1' Port 'B' is 0. Skip BRAM Register Optimization on the port
INFO: [Physopt 32-614] Property 'READ_WIDTH_B' on BRAM cell 'u_top/u_core/u_b/u_b_core/core/core/l5/gk.frontend/win/bank_gen[2].mem_reg_2' Port 'B' is 0. Skip BRAM Register Optimization on the port
INFO: [Physopt 32-614] Property 'READ_WIDTH_B' on BRAM cell 'u_top/u_core/u_b/u_b_core/core/core/l5/gk.frontend/win/bank_gen[2].mem_reg_3' Port 'B' is 0. Skip BRAM Register Optimization on the port
INFO: [Physopt 32-614] Property 'READ_WIDTH_B' on BRAM cell 'u_top/u_core/u_b/u_b_core/core/core/l5/gk.frontend/win/bank_gen[2].mem_reg_4' Port 'B' is 0. Skip BRAM Register Optimization on the port
INFO: [Physopt 32-614] Property 'READ_WIDTH_B' on BRAM cell 'u_top/u_core/u_b/u_b_core/core/core/l5/gk.frontend/win/bank_gen[2].mem_reg_5' Port 'B' is 0. Skip BRAM Register Optimization on the port
INFO: [Physopt 32-614] Property 'READ_WIDTH_B' on BRAM cell 'u_top/u_core/u_b/u_b_core/core/core/l5/gk.frontend/win/bank_gen[2].mem_reg_6' Port 'B' is 0. Skip BRAM Register Optimization on the port
INFO: [Physopt 32-614] Property 'READ_WIDTH_B' on BRAM cell 'u_top/u_core/u_b/u_b_core/core/core/l5/gk.frontend/win/bank_gen[2].mem_reg_7' Port 'B' is 0. Skip BRAM Register Optimization on the port
INFO: [Physopt 32-614] Property 'READ_WIDTH_B' on BRAM cell 'u_top/u_core/u_b/u_b_core/core/core/l5/gk.frontend/win/bank_gen[3].mem_reg_0' Port 'B' is 0. Skip BRAM Register Optimization on the port
INFO: [Physopt 32-614] Property 'READ_WIDTH_B' on BRAM cell 'u_top/u_core/u_b/u_b_core/core/core/l5/gk.frontend/win/bank_gen[3].mem_reg_1' Port 'B' is 0. Skip BRAM Register Optimization on the port
INFO: [Physopt 32-614] Property 'READ_WIDTH_B' on BRAM cell 'u_top/u_core/u_b/u_b_core/core/core/l5/gk.frontend/win/bank_gen[3].mem_reg_2' Port 'B' is 0. Skip BRAM Register Optimization on the port
INFO: [Physopt 32-614] Property 'READ_WIDTH_B' on BRAM cell 'u_top/u_core/u_b/u_b_core/core/core/l5/gk.frontend/win/bank_gen[3].mem_reg_3' Port 'B' is 0. Skip BRAM Register Optimization on the port
INFO: [Physopt 32-614] Property 'READ_WIDTH_B' on BRAM cell 'u_top/u_core/u_b/u_b_core/core/core/l5/gk.frontend/win/bank_gen[3].mem_reg_4' Port 'B' is 0. Skip BRAM Register Optimization on the port
INFO: [Physopt 32-614] Property 'READ_WIDTH_B' on BRAM cell 'u_top/u_core/u_b/u_b_core/core/core/l5/gk.frontend/win/bank_gen[3].mem_reg_5' Port 'B' is 0. Skip BRAM Register Optimization on the port
INFO: [Physopt 32-614] Property 'READ_WIDTH_B' on BRAM cell 'u_top/u_core/u_b/u_b_core/core/core/l5/gk.frontend/win/bank_gen[3].mem_reg_6' Port 'B' is 0. Skip BRAM Register Optimization on the port
INFO: [Physopt 32-614] Property 'READ_WIDTH_B' on BRAM cell 'u_top/u_core/u_b/u_b_core/core/core/l5/gk.frontend/win/bank_gen[3].mem_reg_7' Port 'B' is 0. Skip BRAM Register Optimization on the port
INFO: [Physopt 32-614] Property 'READ_WIDTH_B' on BRAM cell 'u_top/u_core/u_rom/g_multi_bank.g_bank[0].u_bank/dout_reg_0_0' Port 'B' is 0. Skip BRAM Register Optimization on the port
INFO: [Physopt 32-614] Property 'READ_WIDTH_B' on BRAM cell 'u_top/u_core/u_rom/g_multi_bank.g_bank[0].u_bank/dout_reg_0_1' Port 'B' is 0. Skip BRAM Register Optimization on the port
INFO: [Physopt 32-614] Property 'READ_WIDTH_B' on BRAM cell 'u_top/u_core/u_rom/g_multi_bank.g_bank[0].u_bank/dout_reg_0_2' Port 'B' is 0. Skip BRAM Register Optimization on the port
INFO: [Physopt 32-614] Property 'READ_WIDTH_B' on BRAM cell 'u_top/u_core/u_rom/g_multi_bank.g_bank[0].u_bank/dout_reg_0_3' Port 'B' is 0. Skip BRAM Register Optimization on the port
INFO: [Physopt 32-614] Property 'READ_WIDTH_B' on BRAM cell 'u_top/u_core/u_rom/g_multi_bank.g_bank[0].u_bank/dout_reg_0_4' Port 'B' is 0. Skip BRAM Register Optimization on the port
INFO: [Physopt 32-614] Property 'READ_WIDTH_B' on BRAM cell 'u_top/u_core/u_rom/g_multi_bank.g_bank[0].u_bank/dout_reg_0_5' Port 'B' is 0. Skip BRAM Register Optimization on the port
INFO: [Physopt 32-614] Property 'READ_WIDTH_B' on BRAM cell 'u_top/u_core/u_rom/g_multi_bank.g_bank[0].u_bank/dout_reg_0_6' Port 'B' is 0. Skip BRAM Register Optimization on the port
INFO: [Physopt 32-614] Property 'READ_WIDTH_B' on BRAM cell 'u_top/u_core/u_rom/g_multi_bank.g_bank[0].u_bank/dout_reg_0_7' Port 'B' is 0. Skip BRAM Register Optimization on the port
INFO: [Physopt 32-614] Property 'READ_WIDTH_B' on BRAM cell 'u_top/u_core/u_rom/g_multi_bank.g_bank[10].u_bank/dout_reg_0_0' Port 'B' is 0. Skip BRAM Register Optimization on the port
INFO: [Physopt 32-614] Property 'READ_WIDTH_B' on BRAM cell 'u_top/u_core/u_rom/g_multi_bank.g_bank[10].u_bank/dout_reg_0_1' Port 'B' is 0. Skip BRAM Register Optimization on the port
INFO: [Physopt 32-614] Property 'READ_WIDTH_B' on BRAM cell 'u_top/u_core/u_rom/g_multi_bank.g_bank[10].u_bank/dout_reg_0_2' Port 'B' is 0. Skip BRAM Register Optimization on the port
INFO: [Physopt 32-614] Property 'READ_WIDTH_B' on BRAM cell 'u_top/u_core/u_rom/g_multi_bank.g_bank[10].u_bank/dout_reg_0_3' Port 'B' is 0. Skip BRAM Register Optimization on the port
INFO: [Physopt 32-614] Property 'READ_WIDTH_B' on BRAM cell 'u_top/u_core/u_rom/g_multi_bank.g_bank[10].u_bank/dout_reg_0_4' Port 'B' is 0. Skip BRAM Register Optimization on the port
INFO: [Physopt 32-614] Property 'READ_WIDTH_B' on BRAM cell 'u_top/u_core/u_rom/g_multi_bank.g_bank[10].u_bank/dout_reg_0_5' Port 'B' is 0. Skip BRAM Register Optimization on the port
INFO: [Physopt 32-614] Property 'READ_WIDTH_B' on BRAM cell 'u_top/u_core/u_rom/g_multi_bank.g_bank[10].u_bank/dout_reg_0_6' Port 'B' is 0. Skip BRAM Register Optimization on the port
INFO: [Physopt 32-614] Property 'READ_WIDTH_B' on BRAM cell 'u_top/u_core/u_rom/g_multi_bank.g_bank[10].u_bank/dout_reg_0_7' Port 'B' is 0. Skip BRAM Register Optimization on the port
INFO: [Physopt 32-614] Property 'READ_WIDTH_B' on BRAM cell 'u_top/u_core/u_rom/g_multi_bank.g_bank[11].u_bank/dout_reg_0_0' Port 'B' is 0. Skip BRAM Register Optimization on the port
INFO: [Physopt 32-614] Property 'READ_WIDTH_B' on BRAM cell 'u_top/u_core/u_rom/g_multi_bank.g_bank[11].u_bank/dout_reg_0_1' Port 'B' is 0. Skip BRAM Register Optimization on the port
INFO: [Physopt 32-614] Property 'READ_WIDTH_B' on BRAM cell 'u_top/u_core/u_rom/g_multi_bank.g_bank[11].u_bank/dout_reg_0_2' Port 'B' is 0. Skip BRAM Register Optimization on the port
INFO: [Physopt 32-614] Property 'READ_WIDTH_B' on BRAM cell 'u_top/u_core/u_rom/g_multi_bank.g_bank[11].u_bank/dout_reg_0_3' Port 'B' is 0. Skip BRAM Register Optimization on the port
INFO: [Physopt 32-614] Property 'READ_WIDTH_B' on BRAM cell 'u_top/u_core/u_rom/g_multi_bank.g_bank[11].u_bank/dout_reg_0_4' Port 'B' is 0. Skip BRAM Register Optimization on the port
INFO: [Physopt 32-614] Property 'READ_WIDTH_B' on BRAM cell 'u_top/u_core/u_rom/g_multi_bank.g_bank[11].u_bank/dout_reg_0_5' Port 'B' is 0. Skip BRAM Register Optimization on the port
INFO: [Physopt 32-614] Property 'READ_WIDTH_B' on BRAM cell 'u_top/u_core/u_rom/g_multi_bank.g_bank[11].u_bank/dout_reg_0_6' Port 'B' is 0. Skip BRAM Register Optimization on the port
INFO: [Physopt 32-614] Property 'READ_WIDTH_B' on BRAM cell 'u_top/u_core/u_rom/g_multi_bank.g_bank[11].u_bank/dout_reg_0_7' Port 'B' is 0. Skip BRAM Register Optimization on the port
INFO: [Physopt 32-614] Property 'READ_WIDTH_B' on BRAM cell 'u_top/u_core/u_rom/g_multi_bank.g_bank[12].u_bank/dout_reg_0_0' Port 'B' is 0. Skip BRAM Register Optimization on the port
INFO: [Physopt 32-614] Property 'READ_WIDTH_B' on BRAM cell 'u_top/u_core/u_rom/g_multi_bank.g_bank[12].u_bank/dout_reg_0_1' Port 'B' is 0. Skip BRAM Register Optimization on the port
INFO: [Physopt 32-614] Property 'READ_WIDTH_B' on BRAM cell 'u_top/u_core/u_rom/g_multi_bank.g_bank[12].u_bank/dout_reg_0_2' Port 'B' is 0. Skip BRAM Register Optimization on the port
INFO: [Physopt 32-614] Property 'READ_WIDTH_B' on BRAM cell 'u_top/u_core/u_rom/g_multi_bank.g_bank[12].u_bank/dout_reg_0_3' Port 'B' is 0. Skip BRAM Register Optimization on the port
INFO: [Physopt 32-614] Property 'READ_WIDTH_B' on BRAM cell 'u_top/u_core/u_rom/g_multi_bank.g_bank[12].u_bank/dout_reg_0_4' Port 'B' is 0. Skip BRAM Register Optimization on the port
INFO: [Physopt 32-614] Property 'READ_WIDTH_B' on BRAM cell 'u_top/u_core/u_rom/g_multi_bank.g_bank[12].u_bank/dout_reg_0_5' Port 'B' is 0. Skip BRAM Register Optimization on the port
INFO: [Physopt 32-614] Property 'READ_WIDTH_B' on BRAM cell 'u_top/u_core/u_rom/g_multi_bank.g_bank[12].u_bank/dout_reg_0_6' Port 'B' is 0. Skip BRAM Register Optimization on the port
INFO: [Physopt 32-614] Property 'READ_WIDTH_B' on BRAM cell 'u_top/u_core/u_rom/g_multi_bank.g_bank[12].u_bank/dout_reg_0_7' Port 'B' is 0. Skip BRAM Register Optimization on the port
INFO: [Physopt 32-614] Property 'READ_WIDTH_B' on BRAM cell 'u_top/u_core/u_rom/g_multi_bank.g_bank[13].u_bank/dout_reg_0_0' Port 'B' is 0. Skip BRAM Register Optimization on the port
INFO: [Physopt 32-614] Property 'READ_WIDTH_B' on BRAM cell 'u_top/u_core/u_rom/g_multi_bank.g_bank[13].u_bank/dout_reg_0_1' Port 'B' is 0. Skip BRAM Register Optimization on the port
INFO: [Physopt 32-614] Property 'READ_WIDTH_B' on BRAM cell 'u_top/u_core/u_rom/g_multi_bank.g_bank[13].u_bank/dout_reg_0_2' Port 'B' is 0. Skip BRAM Register Optimization on the port
INFO: [Physopt 32-614] Property 'READ_WIDTH_B' on BRAM cell 'u_top/u_core/u_rom/g_multi_bank.g_bank[13].u_bank/dout_reg_0_3' Port 'B' is 0. Skip BRAM Register Optimization on the port
INFO: [Physopt 32-614] Property 'READ_WIDTH_B' on BRAM cell 'u_top/u_core/u_rom/g_multi_bank.g_bank[13].u_bank/dout_reg_0_4' Port 'B' is 0. Skip BRAM Register Optimization on the port
INFO: [Physopt 32-614] Property 'READ_WIDTH_B' on BRAM cell 'u_top/u_core/u_rom/g_multi_bank.g_bank[13].u_bank/dout_reg_0_5' Port 'B' is 0. Skip BRAM Register Optimization on the port
INFO: [Physopt 32-614] Property 'READ_WIDTH_B' on BRAM cell 'u_top/u_core/u_rom/g_multi_bank.g_bank[13].u_bank/dout_reg_0_6' Port 'B' is 0. Skip BRAM Register Optimization on the port
INFO: [Physopt 32-614] Property 'READ_WIDTH_B' on BRAM cell 'u_top/u_core/u_rom/g_multi_bank.g_bank[13].u_bank/dout_reg_0_7' Port 'B' is 0. Skip BRAM Register Optimization on the port
INFO: [Physopt 32-614] Property 'READ_WIDTH_B' on BRAM cell 'u_top/u_core/u_rom/g_multi_bank.g_bank[14].u_bank/dout_reg_0_0' Port 'B' is 0. Skip BRAM Register Optimization on the port
INFO: [Physopt 32-614] Property 'READ_WIDTH_B' on BRAM cell 'u_top/u_core/u_rom/g_multi_bank.g_bank[14].u_bank/dout_reg_0_1' Port 'B' is 0. Skip BRAM Register Optimization on the port
INFO: [Physopt 32-614] Property 'READ_WIDTH_B' on BRAM cell 'u_top/u_core/u_rom/g_multi_bank.g_bank[14].u_bank/dout_reg_0_2' Port 'B' is 0. Skip BRAM Register Optimization on the port
INFO: [Physopt 32-614] Property 'READ_WIDTH_B' on BRAM cell 'u_top/u_core/u_rom/g_multi_bank.g_bank[14].u_bank/dout_reg_0_3' Port 'B' is 0. Skip BRAM Register Optimization on the port
INFO: [Physopt 32-614] Property 'READ_WIDTH_B' on BRAM cell 'u_top/u_core/u_rom/g_multi_bank.g_bank[14].u_bank/dout_reg_0_4' Port 'B' is 0. Skip BRAM Register Optimization on the port
INFO: [Physopt 32-614] Property 'READ_WIDTH_B' on BRAM cell 'u_top/u_core/u_rom/g_multi_bank.g_bank[14].u_bank/dout_reg_0_5' Port 'B' is 0. Skip BRAM Register Optimization on the port
INFO: [Physopt 32-614] Property 'READ_WIDTH_B' on BRAM cell 'u_top/u_core/u_rom/g_multi_bank.g_bank[14].u_bank/dout_reg_0_6' Port 'B' is 0. Skip BRAM Register Optimization on the port
INFO: [Physopt 32-614] Property 'READ_WIDTH_B' on BRAM cell 'u_top/u_core/u_rom/g_multi_bank.g_bank[14].u_bank/dout_reg_0_7' Port 'B' is 0. Skip BRAM Register Optimization on the port
INFO: [Physopt 32-614] Property 'READ_WIDTH_B' on BRAM cell 'u_top/u_core/u_rom/g_multi_bank.g_bank[15].u_bank/dout_reg_0_0' Port 'B' is 0. Skip BRAM Register Optimization on the port
INFO: [Physopt 32-614] Property 'READ_WIDTH_B' on BRAM cell 'u_top/u_core/u_rom/g_multi_bank.g_bank[15].u_bank/dout_reg_0_1' Port 'B' is 0. Skip BRAM Register Optimization on the port
INFO: [Physopt 32-614] Property 'READ_WIDTH_B' on BRAM cell 'u_top/u_core/u_rom/g_multi_bank.g_bank[15].u_bank/dout_reg_0_2' Port 'B' is 0. Skip BRAM Register Optimization on the port
INFO: [Physopt 32-614] Property 'READ_WIDTH_B' on BRAM cell 'u_top/u_core/u_rom/g_multi_bank.g_bank[15].u_bank/dout_reg_0_3' Port 'B' is 0. Skip BRAM Register Optimization on the port
INFO: [Physopt 32-614] Property 'READ_WIDTH_B' on BRAM cell 'u_top/u_core/u_rom/g_multi_bank.g_bank[15].u_bank/dout_reg_0_4' Port 'B' is 0. Skip BRAM Register Optimization on the port
INFO: [Physopt 32-614] Property 'READ_WIDTH_B' on BRAM cell 'u_top/u_core/u_rom/g_multi_bank.g_bank[15].u_bank/dout_reg_0_5' Port 'B' is 0. Skip BRAM Register Optimization on the port
INFO: [Physopt 32-614] Property 'READ_WIDTH_B' on BRAM cell 'u_top/u_core/u_rom/g_multi_bank.g_bank[15].u_bank/dout_reg_0_6' Port 'B' is 0. Skip BRAM Register Optimization on the port
INFO: [Physopt 32-614] Property 'READ_WIDTH_B' on BRAM cell 'u_top/u_core/u_rom/g_multi_bank.g_bank[15].u_bank/dout_reg_0_7' Port 'B' is 0. Skip BRAM Register Optimization on the port
INFO: [Common 17-14] Message 'Physopt 32-614' appears 100 times and further instances of the messages will be disabled. Use the Tcl command set_msg_config to change the current settings.
INFO: [Physopt 32-526] No candidate cells for BRAM register optimization found in the design
INFO: [Physopt 32-775] End 1 Pass. Optimized 0 net or cell. Created 0 new cell, deleted 0 existing cell and moved 0 existing cell
Phase 20 BRAM Register Optimization | Checksum: e11be160

Time (s): cpu = 00:03:42 ; elapsed = 00:02:29 . Memory (MB): peak = 3975.609 ; gain = 0.000

Phase 21 URAM Register Optimization
INFO: [Physopt 32-846] No candidate cells for URAM register optimization found in the design
INFO: [Physopt 32-775] End 1 Pass. Optimized 0 net or cell. Created 0 new cell, deleted 0 existing cell and moved 0 existing cell
INFO: [Physopt 32-846] No candidate cells for URAM register optimization found in the design
INFO: [Physopt 32-775] End 1 Pass. Optimized 0 net or cell. Created 0 new cell, deleted 0 existing cell and moved 0 existing cell
Phase 21 URAM Register Optimization | Checksum: e11be160

Time (s): cpu = 00:03:42 ; elapsed = 00:02:30 . Memory (MB): peak = 3975.609 ; gain = 0.000

Phase 22 Shift Register Optimization
INFO: [Physopt 32-1401] No candidate cells found for Shift Register optimization.
INFO: [Physopt 32-677] No candidate cells for Shift Register optimization found in the design
INFO: [Physopt 32-775] End 1 Pass. Optimized 0 net or cell. Created 0 new cell, deleted 0 existing cell and moved 0 existing cell
Phase 22 Shift Register Optimization | Checksum: e11be160

Time (s): cpu = 00:03:42 ; elapsed = 00:02:30 . Memory (MB): peak = 3975.609 ; gain = 0.000

Phase 23 DSP Register Optimization
INFO: [Physopt 32-457] Pass 1. Identified 3 candidate cells for DSP register optimization.
INFO: [Physopt 32-666] Processed cell u_top/u_core/u_b/u_b_core/core/core/l4/post/units[0].post/prelu_product_s1_reg. No change.
INFO: [Physopt 32-666] Processed cell u_top/u_core/u_b/u_b_core/core/core/l4/post/units[0].post/requant_product_s5_reg. No change.
INFO: [Physopt 32-666] Processed cell u_top/u_core/u_b/u_b_core/core/core/l1/post/units[0].post/requant_product_s5_reg. No change.
INFO: [Physopt 32-775] End 1 Pass. Optimized 0 net or cell. Created 0 new cell, deleted 0 existing cell and moved 0 existing cell
Netlist sorting complete. Time (s): cpu = 00:00:00 ; elapsed = 00:00:00.039 . Memory (MB): peak = 3975.609 ; gain = 0.000
Phase 23 DSP Register Optimization | Checksum: e8a7340a

Time (s): cpu = 00:03:44 ; elapsed = 00:02:31 . Memory (MB): peak = 3975.609 ; gain = 0.000

Phase 24 BRAM Register Optimization
INFO: [Physopt 32-526] No candidate cells for BRAM register optimization found in the design
INFO: [Physopt 32-775] End 1 Pass. Optimized 0 net or cell. Created 0 new cell, deleted 0 existing cell and moved 0 existing cell
Phase 24 BRAM Register Optimization | Checksum: e8a7340a

Time (s): cpu = 00:03:44 ; elapsed = 00:02:31 . Memory (MB): peak = 3975.609 ; gain = 0.000

Phase 25 URAM Register Optimization
INFO: [Physopt 32-846] No candidate cells for URAM register optimization found in the design
INFO: [Physopt 32-775] End 1 Pass. Optimized 0 net or cell. Created 0 new cell, deleted 0 existing cell and moved 0 existing cell
INFO: [Physopt 32-846] No candidate cells for URAM register optimization found in the design
INFO: [Physopt 32-775] End 1 Pass. Optimized 0 net or cell. Created 0 new cell, deleted 0 existing cell and moved 0 existing cell
Phase 25 URAM Register Optimization | Checksum: e8a7340a

Time (s): cpu = 00:03:44 ; elapsed = 00:02:31 . Memory (MB): peak = 3975.609 ; gain = 0.000

Phase 26 Shift Register Optimization
INFO: [Physopt 32-1401] No candidate cells found for Shift Register optimization.
INFO: [Physopt 32-677] No candidate cells for Shift Register optimization found in the design
INFO: [Physopt 32-775] End 1 Pass. Optimized 0 net or cell. Created 0 new cell, deleted 0 existing cell and moved 0 existing cell
Phase 26 Shift Register Optimization | Checksum: e8a7340a

Time (s): cpu = 00:03:44 ; elapsed = 00:02:31 . Memory (MB): peak = 3975.609 ; gain = 0.000

Phase 27 Critical Pin Optimization
INFO: [Physopt 32-606] Identified 8 candidate nets for critical-pin optimization.
INFO: [Physopt 32-608] Optimized 5 nets.  Swapped 120 pins.
INFO: [Physopt 32-775] End 1 Pass. Optimized 5 nets or cells. Created 0 new cell, deleted 0 existing cell and moved 120 existing cells
INFO: [Physopt 32-619] Estimated Timing Summary | WNS=-0.593 | TNS=-300.106 |
Netlist sorting complete. Time (s): cpu = 00:00:00 ; elapsed = 00:00:00.034 . Memory (MB): peak = 3975.609 ; gain = 0.000
Phase 27 Critical Pin Optimization | Checksum: e8a7340a

Time (s): cpu = 00:03:44 ; elapsed = 00:02:32 . Memory (MB): peak = 3975.609 ; gain = 0.000

Phase 28 Very High Fanout Optimization
INFO: [Physopt 32-1132] Very high fanout net 'u_top/u_core/u_b/u_b_core/core/core/f12/g_narrow_read.rd_ptr_local[0]' is not considered as a candidate in VHFN optimization. The fanout considered for this optimization is changed from 263 to 135 due to a timing constraint or macro primitives that prevent optimization on all of the loads. To force replication, set the FORCE_MAX_FANOUT property on the net to a number less than 135.
INFO: [Physopt 32-1132] Very high fanout net 'u_top/u_core/u_b/u_b_core/core/core/f12/g_narrow_read.rd_ptr_local[1]' is not considered as a candidate in VHFN optimization. The fanout considered for this optimization is changed from 262 to 134 due to a timing constraint or macro primitives that prevent optimization on all of the loads. To force replication, set the FORCE_MAX_FANOUT property on the net to a number less than 134.
INFO: [Physopt 32-1132] Very high fanout net 'u_top/u_core/u_b/u_b_core/core/core/f12/g_narrow_read.rd_ptr_local[2]' is not considered as a candidate in VHFN optimization. The fanout considered for this optimization is changed from 261 to 133 due to a timing constraint or macro primitives that prevent optimization on all of the loads. To force replication, set the FORCE_MAX_FANOUT property on the net to a number less than 133.
INFO: [Physopt 32-1132] Very high fanout net 'u_top/u_core/u_b/u_b_core/core/core/f12/g_narrow_read.rd_ptr_local[3]' is not considered as a candidate in VHFN optimization. The fanout considered for this optimization is changed from 260 to 132 due to a timing constraint or macro primitives that prevent optimization on all of the loads. To force replication, set the FORCE_MAX_FANOUT property on the net to a number less than 132.
INFO: [Physopt 32-1132] Very high fanout net 'u_top/u_core/u_b/u_b_core/core/core/f12/g_narrow_read.rd_ptr_local[4]' is not considered as a candidate in VHFN optimization. The fanout considered for this optimization is changed from 259 to 131 due to a timing constraint or macro primitives that prevent optimization on all of the loads. To force replication, set the FORCE_MAX_FANOUT property on the net to a number less than 131.
INFO: [Physopt 32-1132] Very high fanout net 'u_top/u_core/u_b/u_b_core/core/core/f12/wr_ptr[0]' is not considered as a candidate in VHFN optimization. The fanout considered for this optimization is changed from 349 to 49 due to a timing constraint or macro primitives that prevent optimization on all of the loads. To force replication, set the FORCE_MAX_FANOUT property on the net to a number less than 49.
INFO: [Physopt 32-1132] Very high fanout net 'u_top/u_core/u_b/u_b_core/core/core/f12/wr_ptr[1]' is not considered as a candidate in VHFN optimization. The fanout considered for this optimization is changed from 348 to 48 due to a timing constraint or macro primitives that prevent optimization on all of the loads. To force replication, set the FORCE_MAX_FANOUT property on the net to a number less than 48.
INFO: [Physopt 32-1132] Very high fanout net 'u_top/u_core/u_b/u_b_core/core/core/f12/wr_ptr[2]' is not considered as a candidate in VHFN optimization. The fanout considered for this optimization is changed from 347 to 47 due to a timing constraint or macro primitives that prevent optimization on all of the loads. To force replication, set the FORCE_MAX_FANOUT property on the net to a number less than 47.
INFO: [Physopt 32-1132] Very high fanout net 'u_top/u_core/u_b/u_b_core/core/core/f12/wr_ptr[3]' is not considered as a candidate in VHFN optimization. The fanout considered for this optimization is changed from 346 to 46 due to a timing constraint or macro primitives that prevent optimization on all of the loads. To force replication, set the FORCE_MAX_FANOUT property on the net to a number less than 46.
INFO: [Physopt 32-1132] Very high fanout net 'u_top/u_core/u_b/u_b_core/core/core/f12/wr_ptr[4]' is not considered as a candidate in VHFN optimization. The fanout considered for this optimization is changed from 345 to 45 due to a timing constraint or macro primitives that prevent optimization on all of the loads. To force replication, set the FORCE_MAX_FANOUT property on the net to a number less than 45.
INFO: [Physopt 32-1132] Very high fanout net 'u_top/u_core/u_b/u_b_core/core/core/f45/g_narrow_read.rd_ptr_local[4]' is not considered as a candidate in VHFN optimization. The fanout considered for this optimization is changed from 259 to 131 due to a timing constraint or macro primitives that prevent optimization on all of the loads. To force replication, set the FORCE_MAX_FANOUT property on the net to a number less than 131.
INFO: [Physopt 32-1132] Very high fanout net 'u_top/u_core/u_b/u_b_core/core/core/f45/wr_ptr[0]' is not considered as a candidate in VHFN optimization. The fanout considered for this optimization is changed from 349 to 49 due to a timing constraint or macro primitives that prevent optimization on all of the loads. To force replication, set the FORCE_MAX_FANOUT property on the net to a number less than 49.
INFO: [Physopt 32-1132] Very high fanout net 'u_top/u_core/u_b/u_b_core/core/core/f45/wr_ptr[1]' is not considered as a candidate in VHFN optimization. The fanout considered for this optimization is changed from 348 to 48 due to a timing constraint or macro primitives that prevent optimization on all of the loads. To force replication, set the FORCE_MAX_FANOUT property on the net to a number less than 48.
INFO: [Physopt 32-1132] Very high fanout net 'u_top/u_core/u_b/u_b_core/core/core/f45/wr_ptr[2]' is not considered as a candidate in VHFN optimization. The fanout considered for this optimization is changed from 347 to 47 due to a timing constraint or macro primitives that prevent optimization on all of the loads. To force replication, set the FORCE_MAX_FANOUT property on the net to a number less than 47.
INFO: [Physopt 32-1132] Very high fanout net 'u_top/u_core/u_b/u_b_core/core/core/f45/wr_ptr[3]' is not considered as a candidate in VHFN optimization. The fanout considered for this optimization is changed from 346 to 46 due to a timing constraint or macro primitives that prevent optimization on all of the loads. To force replication, set the FORCE_MAX_FANOUT property on the net to a number less than 46.
INFO: [Physopt 32-1132] Very high fanout net 'u_top/u_core/u_b/u_b_core/core/core/f45/wr_ptr[4]' is not considered as a candidate in VHFN optimization. The fanout considered for this optimization is changed from 345 to 45 due to a timing constraint or macro primitives that prevent optimization on all of the loads. To force replication, set the FORCE_MAX_FANOUT property on the net to a number less than 45.
INFO: [Physopt 32-1132] Very high fanout net 'u_top/u_core/u_b/u_b_core/core/core/l1/gk.frontend/fifo/ADDRD[0]' is not considered as a candidate in VHFN optimization. The fanout considered for this optimization is changed from 272 to 38 due to a timing constraint or macro primitives that prevent optimization on all of the loads. To force replication, set the FORCE_MAX_FANOUT property on the net to a number less than 38.
INFO: [Physopt 32-1132] Very high fanout net 'u_top/u_core/u_b/u_b_core/core/core/l1/gk.frontend/fifo/wr_ptr[1]' is not considered as a candidate in VHFN optimization. The fanout considered for this optimization is changed from 271 to 37 due to a timing constraint or macro primitives that prevent optimization on all of the loads. To force replication, set the FORCE_MAX_FANOUT property on the net to a number less than 37.
INFO: [Physopt 32-1132] Very high fanout net 'u_top/u_core/u_b/u_b_core/core/core/l1/mac/issue/window_valid_reg' is not considered as a candidate in VHFN optimization. The fanout considered for this optimization is changed from 273 to 41 due to a timing constraint or macro primitives that prevent optimization on all of the loads. To force replication, set the FORCE_MAX_FANOUT property on the net to a number less than 41.
INFO: [Physopt 32-1132] Very high fanout net 'u_top/u_core/u_b/u_b_core/core/core/l1/post/E[0]' is not considered as a candidate in VHFN optimization. The fanout considered for this optimization is changed from 349 to 49 due to a timing constraint or macro primitives that prevent optimization on all of the loads. To force replication, set the FORCE_MAX_FANOUT property on the net to a number less than 49.
INFO: [Physopt 32-1132] Very high fanout net 'u_top/u_core/u_b/u_b_core/core/core/l3/gk.frontend/fifo/wr_ptr[0]' is not considered as a candidate in VHFN optimization. The fanout considered for this optimization is changed from 531 to 70 due to a timing constraint or macro primitives that prevent optimization on all of the loads. To force replication, set the FORCE_MAX_FANOUT property on the net to a number less than 70.
INFO: [Physopt 32-1132] Very high fanout net 'u_top/u_core/u_b/u_b_core/core/core/l3/gk.frontend/fifo/wr_ptr_reg[0]_rep_n_0' is not considered as a candidate in VHFN optimization. The fanout considered for this optimization is changed from 1057 to 134 due to a timing constraint or macro primitives that prevent optimization on all of the loads. To force replication, set the FORCE_MAX_FANOUT property on the net to a number less than 134.
INFO: [Physopt 32-1132] Very high fanout net 'u_top/u_core/u_b/u_b_core/core/core/l3/gk.frontend/fifo/wr_ptr[1]' is not considered as a candidate in VHFN optimization. The fanout considered for this optimization is changed from 1058 to 135 due to a timing constraint or macro primitives that prevent optimization on all of the loads. To force replication, set the FORCE_MAX_FANOUT property on the net to a number less than 135.
INFO: [Physopt 32-1132] Very high fanout net 'u_top/u_core/u_b/u_b_core/core/core/l3/gk.frontend/fifo/wr_ptr_reg[1]_rep_n_0' is not considered as a candidate in VHFN optimization. The fanout considered for this optimization is changed from 528 to 67 due to a timing constraint or macro primitives that prevent optimization on all of the loads. To force replication, set the FORCE_MAX_FANOUT property on the net to a number less than 67.
INFO: [Physopt 32-1132] Very high fanout net 'u_top/u_core/u_b/u_b_core/core/core/l3/gk.frontend/win/window_valid_reg_0' is not considered as a candidate in VHFN optimization. The fanout considered for this optimization is changed from 1056 to 133 due to a timing constraint or macro primitives that prevent optimization on all of the loads. To force replication, set the FORCE_MAX_FANOUT property on the net to a number less than 133.
INFO: [Physopt 32-1132] Very high fanout net 'u_top/u_core/u_b/u_b_core/core/core/l3/gk.frontend/win/window_valid_reg_1' is not considered as a candidate in VHFN optimization. The fanout considered for this optimization is changed from 528 to 67 due to a timing constraint or macro primitives that prevent optimization on all of the loads. To force replication, set the FORCE_MAX_FANOUT property on the net to a number less than 67.
INFO: [Physopt 32-1132] Very high fanout net 'u_top/u_core/u_b/u_b_core/core/core/l5/gk.frontend/fifo/Q[0]' is not considered as a candidate in VHFN optimization. The fanout considered for this optimization is changed from 1067 to 144 due to a timing constraint or macro primitives that prevent optimization on all of the loads. To force replication, set the FORCE_MAX_FANOUT property on the net to a number less than 144.
INFO: [Physopt 32-1132] Very high fanout net 'u_top/u_core/u_b/u_b_core/core/core/l5/gk.frontend/fifo/wr_ptr_reg[0]_rep_n_0' is not considered as a candidate in VHFN optimization. The fanout considered for this optimization is changed from 1057 to 134 due to a timing constraint or macro primitives that prevent optimization on all of the loads. To force replication, set the FORCE_MAX_FANOUT property on the net to a number less than 134.
INFO: [Physopt 32-1132] Very high fanout net 'u_top/u_core/u_b/u_b_core/core/core/l5/gk.frontend/fifo/wr_ptr_reg[0]_rep__0_n_0' is not considered as a candidate in VHFN optimization. The fanout considered for this optimization is changed from 1057 to 134 due to a timing constraint or macro primitives that prevent optimization on all of the loads. To force replication, set the FORCE_MAX_FANOUT property on the net to a number less than 134.
INFO: [Physopt 32-1132] Very high fanout net 'u_top/u_core/u_b/u_b_core/core/core/l5/gk.frontend/fifo/wr_ptr_reg[0]_rep__1_n_0' is not considered as a candidate in VHFN optimization. The fanout considered for this optimization is changed from 1057 to 134 due to a timing constraint or macro primitives that prevent optimization on all of the loads. To force replication, set the FORCE_MAX_FANOUT property on the net to a number less than 134.
INFO: [Physopt 32-1132] Very high fanout net 'u_top/u_core/u_b/u_b_core/core/core/l5/gk.frontend/fifo/wr_ptr_reg[0]_rep__2_n_0' is not considered as a candidate in VHFN optimization. The fanout considered for this optimization is changed from 1057 to 134 due to a timing constraint or macro primitives that prevent optimization on all of the loads. To force replication, set the FORCE_MAX_FANOUT property on the net to a number less than 134.
INFO: [Physopt 32-1132] Very high fanout net 'u_top/u_core/u_b/u_b_core/core/core/l5/gk.frontend/fifo/wr_ptr_reg[0]_rep__3_n_0' is not considered as a candidate in VHFN optimization. The fanout considered for this optimization is changed from 1057 to 134 due to a timing constraint or macro primitives that prevent optimization on all of the loads. To force replication, set the FORCE_MAX_FANOUT property on the net to a number less than 134.
INFO: [Physopt 32-1132] Very high fanout net 'u_top/u_core/u_b/u_b_core/core/core/l5/gk.frontend/fifo/wr_ptr_reg[0]_rep__4_n_0' is not considered as a candidate in VHFN optimization. The fanout considered for this optimization is changed from 1057 to 134 due to a timing constraint or macro primitives that prevent optimization on all of the loads. To force replication, set the FORCE_MAX_FANOUT property on the net to a number less than 134.
INFO: [Physopt 32-1132] Very high fanout net 'u_top/u_core/u_b/u_b_core/core/core/l5/gk.frontend/fifo/wr_ptr_reg[0]_rep__5_n_0' is not considered as a candidate in VHFN optimization. The fanout considered for this optimization is changed from 1057 to 134 due to a timing constraint or macro primitives that prevent optimization on all of the loads. To force replication, set the FORCE_MAX_FANOUT property on the net to a number less than 134.
INFO: [Physopt 32-1132] Very high fanout net 'u_top/u_core/u_b/u_b_core/core/core/l5/gk.frontend/fifo/wr_ptr_reg[0]_rep__6_n_0' is not considered as a candidate in VHFN optimization. The fanout considered for this optimization is changed from 352 to 45 due to a timing constraint or macro primitives that prevent optimization on all of the loads. To force replication, set the FORCE_MAX_FANOUT property on the net to a number less than 45.
INFO: [Physopt 32-1132] Very high fanout net 'u_top/u_core/u_b/u_b_core/core/core/l5/gk.frontend/fifo/wr_ptr[1]' is not considered as a candidate in VHFN optimization. The fanout considered for this optimization is changed from 1065 to 142 due to a timing constraint or macro primitives that prevent optimization on all of the loads. To force replication, set the FORCE_MAX_FANOUT property on the net to a number less than 142.
INFO: [Physopt 32-1132] Very high fanout net 'u_top/u_core/u_b/u_b_core/core/core/l5/gk.frontend/fifo/wr_ptr_reg[1]_rep_n_0' is not considered as a candidate in VHFN optimization. The fanout considered for this optimization is changed from 1056 to 133 due to a timing constraint or macro primitives that prevent optimization on all of the loads. To force replication, set the FORCE_MAX_FANOUT property on the net to a number less than 133.
INFO: [Physopt 32-1132] Very high fanout net 'u_top/u_core/u_b/u_b_core/core/core/l5/gk.frontend/fifo/wr_ptr_reg[1]_rep__0_n_0' is not considered as a candidate in VHFN optimization. The fanout considered for this optimization is changed from 1056 to 133 due to a timing constraint or macro primitives that prevent optimization on all of the loads. To force replication, set the FORCE_MAX_FANOUT property on the net to a number less than 133.
INFO: [Physopt 32-1132] Very high fanout net 'u_top/u_core/u_b/u_b_core/core/core/l5/gk.frontend/fifo/wr_ptr_reg[1]_rep__1_n_0' is not considered as a candidate in VHFN optimization. The fanout considered for this optimization is changed from 1056 to 133 due to a timing constraint or macro primitives that prevent optimization on all of the loads. To force replication, set the FORCE_MAX_FANOUT property on the net to a number less than 133.
INFO: [Physopt 32-1132] Very high fanout net 'u_top/u_core/u_b/u_b_core/core/core/l5/gk.frontend/fifo/wr_ptr_reg[1]_rep__2_n_0' is not considered as a candidate in VHFN optimization. The fanout considered for this optimization is changed from 1056 to 133 due to a timing constraint or macro primitives that prevent optimization on all of the loads. To force replication, set the FORCE_MAX_FANOUT property on the net to a number less than 133.
INFO: [Physopt 32-1132] Very high fanout net 'u_top/u_core/u_b/u_b_core/core/core/l5/gk.frontend/fifo/wr_ptr_reg[1]_rep__3_n_0' is not considered as a candidate in VHFN optimization. The fanout considered for this optimization is changed from 1056 to 133 due to a timing constraint or macro primitives that prevent optimization on all of the loads. To force replication, set the FORCE_MAX_FANOUT property on the net to a number less than 133.
INFO: [Physopt 32-1132] Very high fanout net 'u_top/u_core/u_b/u_b_core/core/core/l5/gk.frontend/fifo/wr_ptr_reg[1]_rep__4_n_0' is not considered as a candidate in VHFN optimization. The fanout considered for this optimization is changed from 1056 to 133 due to a timing constraint or macro primitives that prevent optimization on all of the loads. To force replication, set the FORCE_MAX_FANOUT property on the net to a number less than 133.
INFO: [Physopt 32-1132] Very high fanout net 'u_top/u_core/u_b/u_b_core/core/core/l5/gk.frontend/fifo/wr_ptr_reg[1]_rep__5_n_0' is not considered as a candidate in VHFN optimization. The fanout considered for this optimization is changed from 1056 to 133 due to a timing constraint or macro primitives that prevent optimization on all of the loads. To force replication, set the FORCE_MAX_FANOUT property on the net to a number less than 133.
INFO: [Physopt 32-1132] Very high fanout net 'u_top/u_core/u_b/u_b_core/core/core/l5/gk.frontend/fifo/wr_ptr_reg[1]_rep__6_n_0' is not considered as a candidate in VHFN optimization. The fanout considered for this optimization is changed from 352 to 45 due to a timing constraint or macro primitives that prevent optimization on all of the loads. To force replication, set the FORCE_MAX_FANOUT property on the net to a number less than 45.
INFO: [Physopt 32-1132] Very high fanout net 'u_top/u_core/u_b/u_b_core/core/core/l5/gk.frontend/win/window_valid_reg_0' is not considered as a candidate in VHFN optimization. The fanout considered for this optimization is changed from 1056 to 133 due to a timing constraint or macro primitives that prevent optimization on all of the loads. To force replication, set the FORCE_MAX_FANOUT property on the net to a number less than 133.
INFO: [Physopt 32-1132] Very high fanout net 'u_top/u_core/u_b/u_b_core/core/core/l5/gk.frontend/win/window_valid_reg_2' is not considered as a candidate in VHFN optimization. The fanout considered for this optimization is changed from 1056 to 133 due to a timing constraint or macro primitives that prevent optimization on all of the loads. To force replication, set the FORCE_MAX_FANOUT property on the net to a number less than 133.
INFO: [Physopt 32-1132] Very high fanout net 'u_top/u_core/u_b/u_b_core/core/core/l5/gk.frontend/win/window_valid_reg_3' is not considered as a candidate in VHFN optimization. The fanout considered for this optimization is changed from 1056 to 133 due to a timing constraint or macro primitives that prevent optimization on all of the loads. To force replication, set the FORCE_MAX_FANOUT property on the net to a number less than 133.
INFO: [Physopt 32-1132] Very high fanout net 'u_top/u_core/u_b/u_b_core/core/core/l5/gk.frontend/win/window_valid_reg_4' is not considered as a candidate in VHFN optimization. The fanout considered for this optimization is changed from 1056 to 133 due to a timing constraint or macro primitives that prevent optimization on all of the loads. To force replication, set the FORCE_MAX_FANOUT property on the net to a number less than 133.
INFO: [Physopt 32-1132] Very high fanout net 'u_top/u_core/u_b/u_b_core/core/core/l5/gk.frontend/win/window_valid_reg_5' is not considered as a candidate in VHFN optimization. The fanout considered for this optimization is changed from 496 to 63 due to a timing constraint or macro primitives that prevent optimization on all of the loads. To force replication, set the FORCE_MAX_FANOUT property on the net to a number less than 63.
INFO: [Physopt 32-1132] Very high fanout net 'u_top/u_core/u_b/u_b_core/core/core/l5/gk.frontend/win/window_valid_reg_6' is not considered as a candidate in VHFN optimization. The fanout considered for this optimization is changed from 1056 to 133 due to a timing constraint or macro primitives that prevent optimization on all of the loads. To force replication, set the FORCE_MAX_FANOUT property on the net to a number less than 133.
INFO: [Physopt 32-1132] Very high fanout net 'u_top/u_core/u_b/u_b_core/core/core/l5/gk.frontend/win/window_valid_reg_7' is not considered as a candidate in VHFN optimization. The fanout considered for this optimization is changed from 624 to 79 due to a timing constraint or macro primitives that prevent optimization on all of the loads. To force replication, set the FORCE_MAX_FANOUT property on the net to a number less than 79.
INFO: [Physopt 32-1132] Very high fanout net 'u_top/u_core/u_b/u_b_core/core/core/l5/gk.frontend/win/window_valid_reg_8' is not considered as a candidate in VHFN optimization. The fanout considered for this optimization is changed from 1056 to 133 due to a timing constraint or macro primitives that prevent optimization on all of the loads. To force replication, set the FORCE_MAX_FANOUT property on the net to a number less than 133.
INFO: [Physopt 32-1132] Very high fanout net 'u_top/u_core/u_b/u_b_core/core/core/l5/gk.frontend/win/window_valid_reg_9' is not considered as a candidate in VHFN optimization. The fanout considered for this optimization is changed from 352 to 45 due to a timing constraint or macro primitives that prevent optimization on all of the loads. To force replication, set the FORCE_MAX_FANOUT property on the net to a number less than 45.
INFO: [Physopt 32-1408] Pass 1. Identified 47 candidate nets for high-fanout optimization.
INFO: [Physopt 32-572] Net u_top/u_core/u_b/u_b_core/core/core/l5/mac/mac/out_lane[0].mult_lane[0].operand_pipe.act_q_reg0 was not replicated.
Resolution: phys_opt_design can be forced to replicate a net driver using the option -force_replication_on_nets <list of net objects>.
INFO: [Physopt 32-572] Net u_top/u_core/u_b/u_b_core/core/core/l5/gk.frontend/win/shift[3][255]_i_1_n_0 was not replicated.
Resolution: phys_opt_design can be forced to replicate a net driver using the option -force_replication_on_nets <list of net objects>.
INFO: [Physopt 32-572] Net u_top/u_core/u_b/u_b_core/core/core/l5/gk.frontend/pad/local_rst was not replicated.
Resolution: phys_opt_design can be forced to replicate a net driver using the option -force_replication_on_nets <list of net objects>.
INFO: [Physopt 32-81] Processed net u_top/u_core/u_b/u_b_core/core/core/l5/mac/mac/p_10_out. Replicated 6 times.
INFO: [Physopt 32-572] Net u_top/u_core/u_b/u_b_core/core/core/l3/gk.frontend/win/shift[1][127]_i_1_n_0 was not replicated.
Resolution: phys_opt_design can be forced to replicate a net driver using the option -force_replication_on_nets <list of net objects>.
INFO: [Physopt 32-81] Processed net u_top/u_core/u_b/u_b_core/core/core/l3/gk.frontend/win/local_rst. Replicated 1 times.
INFO: [Physopt 32-572] Net u_top/u_core/u_b/u_b_core/core/core/l5/mac/issue/out_window[6399]_i_1_n_0 was not replicated.
Resolution: phys_opt_design can be forced to replicate a net driver using the option -force_replication_on_nets <list of net objects>.
INFO: [Physopt 32-572] Net u_top/u_core/u_b/u_b_core/core/core/l4/mac/acc/E[0] was not replicated.
Resolution: phys_opt_design can be forced to replicate a net driver using the option -force_replication_on_nets <list of net objects>.
INFO: [Physopt 32-81] Processed net u_top/u_core/u_b/u_b_core/core/core/l4/mac/mac/operand_valid_stage.phase_q_reg[1][2]_rep__3_1[0]. Replicated 1 times.
INFO: [Physopt 32-572] Net u_top/u_core/u_b/u_b_core/core/core/l1/mac/mac/issue/p_6_in was not replicated.
Resolution: phys_opt_design can be forced to replicate a net driver using the option -force_replication_on_nets <list of net objects>.
INFO: [Physopt 32-81] Processed net u_top/u_core/u_b/u_b_core/core/core/l3/mac/issue/E[0]. Replicated 3 times.
INFO: [Physopt 32-572] Net u_top/u_core/u_b/u_b_core/core/core/l3/mac/mac/out_lane[0].mult_lane[0].operand_pipe.act_q_reg0 was not replicated.
Resolution: phys_opt_design can be forced to replicate a net driver using the option -force_replication_on_nets <list of net objects>.
INFO: [Physopt 32-81] Processed net u_top/u_core/u_b/u_b_core/core/core/l1/mac/acc/E[0]. Replicated 1 times.
INFO: [Physopt 32-81] Processed net u_top/u_core/u_b/u_b_core/core/core/l1/mac/mac/tree_stage[5].phase_q_reg[6][2]_0[0]. Replicated 2 times.
INFO: [Physopt 32-572] Net u_top/u_core/u_b/u_b_core/core/core/l5/mac/mac/p_8_out was not replicated.
Resolution: phys_opt_design can be forced to replicate a net driver using the option -force_replication_on_nets <list of net objects>.
INFO: [Physopt 32-81] Processed net u_top/u_core/u_b/u_b_core/core/core/l3/mac/mac/p_6_out. Replicated 1 times.
INFO: [Physopt 32-81] Processed net u_top/u_core/u_b/u_b_core/core/core/l3/mac/mac/p_4_out. Replicated 1 times.
INFO: [Physopt 32-81] Processed net u_top/u_core/u_b/u_b_core/core/core/l1/mac/acc/out_data[511]_i_1__0_n_0. Replicated 1 times.
INFO: [Physopt 32-572] Net u_top/u_core/u_b/u_b_core/core/core/l4/mac/acc/out_data[511]_i_1_n_0 was not replicated.
Resolution: phys_opt_design can be forced to replicate a net driver using the option -force_replication_on_nets <list of net objects>.
INFO: [Physopt 32-81] Processed net u_top/u_core/u_b/u_b_core/core/core/l5/mac/mac/p_6_out. Replicated 2 times.
INFO: [Physopt 32-81] Processed net u_top/u_core/u_b/u_b_core/core/core/l4/post/input_slot[0][511]_i_1_n_0. Replicated 1 times.
INFO: [Physopt 32-81] Processed net u_top/u_core/u_b/u_b_core/core/core/l4/post/input_slot[1][511]_i_1_n_0. Replicated 1 times.
INFO: [Physopt 32-81] Processed net u_top/u_core/u_b/u_b_core/core/core/l1/post/input_slot[0][511]_i_1__0_n_0. Replicated 1 times.
INFO: [Physopt 32-81] Processed net u_top/u_core/u_b/u_b_core/core/core/l1/post/input_slot[1][511]_i_2_n_0. Replicated 1 times.
INFO: [Physopt 32-232] Optimized 14 nets. Created 23 new instances.
INFO: [Physopt 32-775] End 1 Pass. Optimized 14 nets or cells. Created 23 new cells, deleted 0 existing cell and moved 0 existing cell
INFO: [Physopt 32-619] Estimated Timing Summary | WNS=-0.593 | TNS=-297.380 |
Netlist sorting complete. Time (s): cpu = 00:00:00 ; elapsed = 00:00:00.395 . Memory (MB): peak = 3975.609 ; gain = 0.000
Phase 28 Very High Fanout Optimization | Checksum: 1cb131482

Time (s): cpu = 00:05:02 ; elapsed = 00:03:22 . Memory (MB): peak = 3975.609 ; gain = 0.000

Phase 29 Single Cell Placement Optimization
INFO: [Physopt 32-660] Identified 250 candidate nets for placement-based optimization.
INFO: [Physopt 32-662] Processed net u_top/u_core/u_rom/c2b_data_q[0][4]_i_6_n_0.  Did not re-place instance u_top/u_core/u_rom/c2b_data_q[0][4]_i_6
INFO: [Physopt 32-662] Processed net u_top/u_core/c2b_data_q_reg[0]_165[4].  Did not re-place instance u_top/u_core/c2b_data_q_reg[0][4]
INFO: [Physopt 32-662] Processed net u_top/u_core/u_rom/c2b_data_q[0][2]_i_6_n_0.  Did not re-place instance u_top/u_core/u_rom/c2b_data_q[0][2]_i_6
INFO: [Physopt 32-662] Processed net u_top/u_core/c2b_data_q_reg[0]_165[2].  Did not re-place instance u_top/u_core/c2b_data_q_reg[0][2]
INFO: [Physopt 32-662] Processed net u_top/u_core/c2b_data_q_reg[0]_165[0].  Did not re-place instance u_top/u_core/c2b_data_q_reg[0][0]
INFO: [Physopt 32-662] Processed net u_top/u_core/u_rom/c2b_data_q[0][0]_i_6_n_0.  Did not re-place instance u_top/u_core/u_rom/c2b_data_q[0][0]_i_6
INFO: [Physopt 32-662] Processed net u_top/u_core/u_rom/c2b_data_q[0][2]_i_5_n_0.  Did not re-place instance u_top/u_core/u_rom/c2b_data_q[0][2]_i_5
INFO: [Physopt 32-662] Processed net u_top/u_core/u_b/u_b_core/core/core/l5/mac/mac/out_lane[3].mult_lane[1].operand_pipe.weight_q[2].  Did not re-place instance u_top/u_core/u_b/u_b_core/core/core/l5/mac/mac/out_lane[3].mult_lane[1].operand_pipe.weight_q_reg[2]
INFO: [Physopt 32-662] Processed net u_top/u_core/u_rom/c2b_data_q[0][4]_i_7_n_0.  Did not re-place instance u_top/u_core/u_rom/c2b_data_q[0][4]_i_7
INFO: [Physopt 32-662] Processed net u_top/u_core/u_b/u_b_core/core/core/l5/mac/mac/out_lane[0].mult_lane[1].operand_pipe.weight_q[7].  Did not re-place instance u_top/u_core/u_b/u_b_core/core/core/l5/mac/mac/out_lane[0].mult_lane[1].operand_pipe.weight_q_reg[7]
INFO: [Physopt 32-662] Processed net u_top/u_core/u_rom/c2b_data_q[0][2]_i_7_n_0.  Did not re-place instance u_top/u_core/u_rom/c2b_data_q[0][2]_i_7
INFO: [Physopt 32-662] Processed net u_top/u_core/u_rom/c2b_data_q[0][1]_i_7_n_0.  Did not re-place instance u_top/u_core/u_rom/c2b_data_q[0][1]_i_7
INFO: [Physopt 32-662] Processed net u_top/u_core/c2b_data_q_reg[1]_166[1].  Did not re-place instance u_top/u_core/c2b_data_q_reg[1][1]
INFO: [Physopt 32-662] Processed net u_top/u_core/u_rom/c2b_data_q[0][4]_i_5_n_0.  Did not re-place instance u_top/u_core/u_rom/c2b_data_q[0][4]_i_5
INFO: [Physopt 32-662] Processed net u_top/u_core/u_b/u_b_core/core/core/l5/mac/mac/out_lane[0].mult_lane[1].operand_pipe.weight_q[5].  Did not re-place instance u_top/u_core/u_b/u_b_core/core/core/l5/mac/mac/out_lane[0].mult_lane[1].operand_pipe.weight_q_reg[5]
INFO: [Physopt 32-662] Processed net u_top/u_core/u_rom/c2b_data_q[0][2]_i_4_n_0.  Did not re-place instance u_top/u_core/u_rom/c2b_data_q[0][2]_i_4
INFO: [Physopt 32-662] Processed net u_top/u_core/u_rom/c2b_data_q[0][5]_i_5_n_0.  Did not re-place instance u_top/u_core/u_rom/c2b_data_q[0][5]_i_5
INFO: [Physopt 32-662] Processed net u_top/u_core/c2b_data_q_reg[0]_165[5].  Did not re-place instance u_top/u_core/c2b_data_q_reg[0][5]
INFO: [Physopt 32-662] Processed net u_top/u_core/c2b_data_q_reg[1]_166[3].  Did not re-place instance u_top/u_core/c2b_data_q_reg[1][3]
INFO: [Physopt 32-662] Processed net u_top/u_core/u_rom/c2b_data_q[0][3]_i_6_n_0.  Did not re-place instance u_top/u_core/u_rom/c2b_data_q[0][3]_i_6
INFO: [Physopt 32-662] Processed net u_top/u_core/u_b/u_b_core/core/core/l5/mac/mac/out_lane[0].mult_lane[1].operand_pipe.weight_q[6].  Did not re-place instance u_top/u_core/u_b/u_b_core/core/core/l5/mac/mac/out_lane[0].mult_lane[1].operand_pipe.weight_q_reg[6]
INFO: [Physopt 32-662] Processed net u_top/u_core/u_rom/c2b_data_q[0][1]_i_4_n_0.  Did not re-place instance u_top/u_core/u_rom/c2b_data_q[0][1]_i_4
INFO: [Physopt 32-662] Processed net u_top/u_core/u_b/u_b_core/core/core/l5/mac/mac/out_lane[3].mult_lane[1].operand_pipe.weight_q[0].  Did not re-place instance u_top/u_core/u_b/u_b_core/core/core/l5/mac/mac/out_lane[3].mult_lane[1].operand_pipe.weight_q_reg[0]
INFO: [Physopt 32-662] Processed net u_top/u_core/u_b/u_b_core/core/core/l5/mac/mac/out_lane[0].mult_lane[1].operand_pipe.weight_q[3].  Did not re-place instance u_top/u_core/u_b/u_b_core/core/core/l5/mac/mac/out_lane[0].mult_lane[1].operand_pipe.weight_q_reg[3]
INFO: [Physopt 32-662] Processed net u_top/u_core/u_rom/c2b_data_q[0][5]_i_4_n_0.  Did not re-place instance u_top/u_core/u_rom/c2b_data_q[0][5]_i_4
INFO: [Physopt 32-662] Processed net u_top/u_core/u_rom/c2b_data_q[0][0]_i_5_n_0.  Did not re-place instance u_top/u_core/u_rom/c2b_data_q[0][0]_i_5
INFO: [Physopt 32-662] Processed net u_top/u_core/u_rom/c2b_data_q[0][5]_i_6_n_0.  Did not re-place instance u_top/u_core/u_rom/c2b_data_q[0][5]_i_6
INFO: [Physopt 32-662] Processed net u_top/u_core/c2b_data_q_reg[1]_166[6].  Did not re-place instance u_top/u_core/c2b_data_q_reg[1][6]
INFO: [Physopt 32-662] Processed net u_top/u_core/u_rom/c2b_data_q[0][6]_i_5_n_0.  Did not re-place instance u_top/u_core/u_rom/c2b_data_q[0][6]_i_5
INFO: [Physopt 32-662] Processed net u_top/u_core/u_rom/c2b_data_q[0][1]_i_5_n_0.  Did not re-place instance u_top/u_core/u_rom/c2b_data_q[0][1]_i_5
INFO: [Physopt 32-662] Processed net u_top/u_core/u_in/dout_reg_0_0_i_2_n_0_repN.  Did not re-place instance u_top/u_core/u_in/dout_reg_0_0_i_2_replica
INFO: [Physopt 32-662] Processed net u_top/u_core/c2b_count_q[0]_repN.  Did not re-place instance u_top/u_core/c2b_count_q_reg[0]_replica
INFO: [Physopt 32-662] Processed net u_top/u_core/u_in/en09_out_repN.  Did not re-place instance u_top/u_core/u_in/dout_reg_0_0_i_1__2_replica
INFO: [Physopt 32-662] Processed net u_top/u_core/u_rom/g_multi_bank.g_bank[10].u_bank/dout_reg_0_0_ENARDEN_cooolgate_en_sig_12.  Did not re-place instance u_top/u_core/u_rom/g_multi_bank.g_bank[10].u_bank/dout_reg_0_0_ENARDEN_cooolgate_en_gate_20
INFO: [Physopt 32-662] Processed net u_top/u_core/u_in/req_addr_q_reg[16]_0_repN.  Did not re-place instance u_top/u_core/u_in/dout_reg_0_0_i_1__13_replica
INFO: [Physopt 32-662] Processed net u_top/u_core/u_rom/g_multi_bank.g_bank[11].u_bank/dout_reg_0_5_ENARDEN_cooolgate_en_sig_26.  Did not re-place instance u_top/u_core/u_rom/g_multi_bank.g_bank[11].u_bank/dout_reg_0_5_ENARDEN_cooolgate_en_gate_47
INFO: [Physopt 32-662] Processed net u_top/u_core/u_rom/c2b_data_q[0][3]_i_7_n_0.  Did not re-place instance u_top/u_core/u_rom/c2b_data_q[0][3]_i_7
INFO: [Physopt 32-662] Processed net u_top/u_core/u_rom/c2b_data_q[0][5]_i_7_n_0.  Did not re-place instance u_top/u_core/u_rom/c2b_data_q[0][5]_i_7
INFO: [Physopt 32-662] Processed net u_top/u_core/u_rom/g_multi_bank.g_bank[1].u_bank/dout_reg_0_5_ENARDEN_cooolgate_en_sig_71.  Did not re-place instance u_top/u_core/u_rom/g_multi_bank.g_bank[1].u_bank/dout_reg_0_5_ENARDEN_cooolgate_en_gate_132_rewire
INFO: [Physopt 32-662] Processed net u_top/u_core/u_rom/c2b_data_q[0][4]_i_4_n_0.  Did not re-place instance u_top/u_core/u_rom/c2b_data_q[0][4]_i_4
INFO: [Physopt 32-662] Processed net u_top/u_core/u_b/u_b_core/core/core/l5/mac/mac/out_lane[0].mult_lane[0].operand_pipe.act_q_reg0.  Did not re-place instance u_top/u_core/u_b/u_b_core/core/core/l5/mac/mac/out_lane[3].mult_lane[48].operand_pipe.act_q[15]_i_1
INFO: [Physopt 32-662] Processed net u_top/u_core/u_b/u_b_core/core/core/l5/mac/mac/ready_3.  Did not re-place instance u_top/u_core/u_b/u_b_core/core/core/l5/mac/mac/out_lane[3].mult_lane[48].operand_pipe.act_q[15]_i_3
INFO: [Physopt 32-662] Processed net u_top/u_core/u_b/u_b_core/core/core/l5/mac/mac/out_lane[2].mult_lane[46].operand_pipe.weight_q[7].  Did not re-place instance u_top/u_core/u_b/u_b_core/core/core/l5/mac/mac/out_lane[2].mult_lane[46].operand_pipe.weight_q_reg[7]
INFO: [Physopt 32-662] Processed net u_top/u_core/u_b/u_b_core/core/core/l5/mac/mac/p_0_in3_in.  Did not re-place instance u_top/u_core/u_b/u_b_core/core/core/l5/mac/mac/tree_stage[3].valid_q_reg[4]
INFO: [Physopt 32-662] Processed net u_top/u_core/u_b/u_b_core/core/core/l5/mac/issue/out_phase_reg[2]_rep_17.  Did not re-place instance u_top/u_core/u_b/u_b_core/core/core/l5/mac/issue/out_lane[1].mult_lane[0].operand_pipe.weight_q[7]_i_1__2
INFO: [Physopt 32-662] Processed net u_top/u_core/u_b/u_b_core/core/core/l5/mac/mac/out_lane[2].mult_lane[5].operand_pipe.weight_q[7].  Did not re-place instance u_top/u_core/u_b/u_b_core/core/core/l5/mac/mac/out_lane[2].mult_lane[5].operand_pipe.weight_q_reg[7]
INFO: [Physopt 32-662] Processed net u_top/u_core/u_b/u_b_core/core/core/l5/mac/mac/out_lane[2].mult_lane[4].operand_pipe.weight_q[1].  Did not re-place instance u_top/u_core/u_b/u_b_core/core/core/l5/mac/mac/out_lane[2].mult_lane[4].operand_pipe.weight_q_reg[1]
INFO: [Physopt 32-662] Processed net u_top/u_core/u_in/en09_out_repN_1.  Did not re-place instance u_top/u_core/u_in/dout_reg_0_0_i_1__2_replica_1
INFO: [Physopt 32-662] Processed net u_top/u_core/u_rom/g_multi_bank.g_bank[10].u_bank/dout_reg_0_5_ENARDEN_cooolgate_en_sig_17.  Did not re-place instance u_top/u_core/u_rom/g_multi_bank.g_bank[10].u_bank/dout_reg_0_5_ENARDEN_cooolgate_en_gate_30
INFO: [Physopt 32-662] Processed net u_top/u_core/u_pp/u_bank1/rd_data[5]_i_11__0_n_0.  Did not re-place instance u_top/u_core/u_pp/u_bank1/rd_data[5]_i_11__0
INFO: [Physopt 32-662] Processed net u_top/u_core/u_pp/u_bank1/rd_data[5]_i_1__0_n_0.  Did not re-place instance u_top/u_core/u_pp/u_bank1/rd_data[5]_i_1__0
INFO: [Physopt 32-662] Processed net u_top/u_core/u_pp/u_bank1/Q[5].  Did not re-place instance u_top/u_core/u_pp/u_bank1/rd_data_reg[5]
INFO: [Physopt 32-662] Processed net u_top/u_core/u_rom/c2b_data_q[0][0]_i_7_n_0.  Did not re-place instance u_top/u_core/u_rom/c2b_data_q[0][0]_i_7
INFO: [Physopt 32-662] Processed net u_top/u_core/u_b/u_b_core/core/core/l5/mac/mac/out_lane[1].mult_lane[36].operand_pipe.weight_q[7].  Did not re-place instance u_top/u_core/u_b/u_b_core/core/core/l5/mac/mac/out_lane[1].mult_lane[36].operand_pipe.weight_q_reg[7]
INFO: [Physopt 32-662] Processed net u_top/u_core/u_b/u_b_core/core/core/l5/mac/mac/out_lane[3].mult_lane[43].operand_pipe.weight_q[2]_i_1_n_0.  Did not re-place instance u_top/u_core/u_b/u_b_core/core/core/l5/mac/mac/out_lane[3].mult_lane[43].operand_pipe.weight_q[2]_i_1
INFO: [Physopt 32-662] Processed net u_top/u_core/u_rom/c2b_data_q[0][0]_i_4_n_0.  Did not re-place instance u_top/u_core/u_rom/c2b_data_q[0][0]_i_4
INFO: [Physopt 32-662] Processed net u_top/u_core/u_rom/c2b_data_q[0][1]_i_6_n_0.  Did not re-place instance u_top/u_core/u_rom/c2b_data_q[0][1]_i_6
INFO: [Physopt 32-662] Processed net u_top/u_core/u_pp/u_bank1/rd_data[5]_i_10__0_n_0.  Did not re-place instance u_top/u_core/u_pp/u_bank1/rd_data[5]_i_10__0
INFO: [Physopt 32-662] Processed net u_top/u_core/u_in/en011_out.  Did not re-place instance u_top/u_core/u_in/dout_reg_0_0_i_1__3
INFO: [Physopt 32-662] Processed net u_top/u_core/u_rom/g_multi_bank.g_bank[4].u_bank/dout_reg_0_5_ENARDEN_cooolgate_en_sig_98.  Did not re-place instance u_top/u_core/u_rom/g_multi_bank.g_bank[4].u_bank/dout_reg_0_5_ENARDEN_cooolgate_en_gate_183
INFO: [Physopt 32-662] Processed net u_top/u_core/u_rom/g_multi_bank.g_bank[9].u_bank/dout_reg_0_1_ENARDEN_cooolgate_en_sig_139.  Did not re-place instance u_top/u_core/u_rom/g_multi_bank.g_bank[9].u_bank/dout_reg_0_1_ENARDEN_cooolgate_en_gate_260
INFO: [Physopt 32-662] Processed net u_top/u_core/u_b/u_b_core/core/core/f45/g_narrow_read.rd_ptr_local[0]_repN.  Did not re-place instance u_top/u_core/u_b/u_b_core/core/core/f45/g_narrow_read.rd_ptr_local_reg[0]_replica
INFO: [Physopt 32-662] Processed net u_top/u_core/u_b/u_b_core/core/core/l5/gk.frontend/win/shift[3][255]_i_1_n_0.  Did not re-place instance u_top/u_core/u_b/u_b_core/core/core/l5/gk.frontend/win/shift[3][255]_i_1
INFO: [Physopt 32-662] Processed net u_top/u_core/u_b/u_b_core/core/core/l5/gk.frontend/pad/local_rst.  Did not re-place instance u_top/u_core/u_b/u_b_core/core/core/l5/gk.frontend/pad/col[9]_i_1
INFO: [Physopt 32-662] Processed net u_top/u_core/u_ctrl/start_accept.  Did not re-place instance u_top/u_core/u_ctrl/col[9]_i_4__1
INFO: [Physopt 32-662] Processed net u_top/u_core/u_ctrl/start_b_repN.  Did not re-place instance u_top/u_core/u_ctrl/start_b_reg_replica
INFO: [Physopt 32-662] Processed net u_top/u_core/u_b/u_b_core/core/core/l5/mac/mac/out_lane[1].mult_lane[0].operand_pipe.weight_q[3]_i_1__1_n_0.  Did not re-place instance u_top/u_core/u_b/u_b_core/core/core/l5/mac/mac/out_lane[1].mult_lane[0].operand_pipe.weight_q[3]_i_1__1
INFO: [Physopt 32-662] Processed net u_top/u_core/u_pp/u_bank1/rd_data[3]_i_10__0_n_0.  Did not re-place instance u_top/u_core/u_pp/u_bank1/rd_data[3]_i_10__0
INFO: [Physopt 32-662] Processed net u_top/u_core/u_pp/u_bank1/rd_data[3]_i_1__0_n_0.  Did not re-place instance u_top/u_core/u_pp/u_bank1/rd_data[3]_i_1__0
INFO: [Physopt 32-662] Processed net u_top/u_core/u_pp/u_bank1/Q[3].  Did not re-place instance u_top/u_core/u_pp/u_bank1/rd_data_reg[3]
INFO: [Physopt 32-662] Processed net u_top/u_core/u_b/u_b_core/core/core/l5/mac/mac/out_lane[2].mult_lane[32].operand_pipe.weight_q[7]_i_1_n_0_repN.  Did not re-place instance u_top/u_core/u_b/u_b_core/core/core/l5/mac/mac/out_lane[2].mult_lane[32].operand_pipe.weight_q[7]_i_1_replica
INFO: [Physopt 32-662] Processed net u_top/u_core/u_b/u_b_core/core/core/l5/mac/mac/out_lane[1].mult_lane[36].operand_pipe.weight_q[2].  Did not re-place instance u_top/u_core/u_b/u_b_core/core/core/l5/mac/mac/out_lane[1].mult_lane[36].operand_pipe.weight_q_reg[2]
INFO: [Physopt 32-662] Processed net u_top/u_core/u_b/u_b_core/core/core/l5/mac/issue/out_phase_reg[2]_rep__8_0.  Did not re-place instance u_top/u_core/u_b/u_b_core/core/core/l5/mac/issue/out_lane[2].mult_lane[34].operand_pipe.weight_q[2]_i_1
INFO: [Physopt 32-662] Processed net u_top/u_core/u_b/u_b_core/core/core/l5/mac/mac/out_lane[2].mult_lane[43].operand_pipe.weight_q[7].  Did not re-place instance u_top/u_core/u_b/u_b_core/core/core/l5/mac/mac/out_lane[2].mult_lane[43].operand_pipe.weight_q_reg[7]
INFO: [Physopt 32-662] Processed net u_top/u_core/u_b/u_b_core/core/core/l5/mac/mac/out_lane[2].mult_lane[43].operand_pipe.weight_q[5].  Did not re-place instance u_top/u_core/u_b/u_b_core/core/core/l5/mac/mac/out_lane[2].mult_lane[43].operand_pipe.weight_q_reg[5]
INFO: [Physopt 32-662] Processed net u_top/u_core/u_b/u_b_core/core/core/l5/mac/mac/out_lane[2].mult_lane[43].operand_pipe.weight_q[6].  Did not re-place instance u_top/u_core/u_b/u_b_core/core/core/l5/mac/mac/out_lane[2].mult_lane[43].operand_pipe.weight_q_reg[6]
INFO: [Physopt 32-662] Processed net u_top/u_core/u_b/u_b_core/core/core/l5/mac/mac/out_lane[3].mult_lane[31].operand_pipe.weight_q[0]_i_1_n_0.  Did not re-place instance u_top/u_core/u_b/u_b_core/core/core/l5/mac/mac/out_lane[3].mult_lane[31].operand_pipe.weight_q[0]_i_1
INFO: [Physopt 32-662] Processed net u_top/u_core/u_b/u_b_core/core/core/l5/mac/g_l5_partial_buffer.partial_fifo/count_reg[1]_0.  Did not re-place instance u_top/u_core/u_b/u_b_core/core/core/l5/mac/g_l5_partial_buffer.partial_fifo/count_reg[1]
INFO: [Physopt 32-662] Processed net u_top/u_core/u_b/u_b_core/core/core/l5/gk.frontend/win/prev[2]_424[46].  Did not re-place instance u_top/u_core/u_b/u_b_core/core/core/l5/gk.frontend/win/shift[14][46]_i_1
INFO: [Physopt 32-662] Processed net u_top/u_core/u_b/u_b_core/core/core/l5/gk.frontend/win/window_flat[3630].  Did not re-place instance u_top/u_core/u_b/u_b_core/core/core/l5/gk.frontend/win/shift_reg[14][46]
INFO: [Physopt 32-662] Processed net u_top/u_core/u_b/u_b_core/core/core/l5/gk.frontend/win/window_flat[4907].  Did not re-place instance u_top/u_core/u_b/u_b_core/core/core/l5/gk.frontend/win/shift_reg[19][43]
INFO: [Physopt 32-662] Processed net u_top/u_core/u_b/u_b_core/core/core/f23/g_narrow_read.rd_ptr_local[0].  Did not re-place instance u_top/u_core/u_b/u_b_core/core/core/f23/g_narrow_read.rd_ptr_local_reg[0]
INFO: [Physopt 32-662] Processed net u_top/u_core/u_b/u_b_core/core/core/f45/g_narrow_read.rd_ptr_local[1]_repN.  Did not re-place instance u_top/u_core/u_b/u_b_core/core/core/f45/g_narrow_read.rd_ptr_local_reg[1]_replica
INFO: [Physopt 32-662] Processed net u_top/u_core/u_pp/u_bank0/ram_read_q[4].  Did not re-place instance u_top/u_core/u_pp/u_bank0/rd_data[4]_i_1
INFO: [Physopt 32-662] Processed net u_top/u_core/u_pp/u_bank0/rd_data[4]_i_11_n_0.  Did not re-place instance u_top/u_core/u_pp/u_bank0/rd_data[4]_i_11
INFO: [Physopt 32-662] Processed net u_top/u_core/u_pp/u_bank0/rd_data_reg[7]_0[4].  Did not re-place instance u_top/u_core/u_pp/u_bank0/rd_data_reg[4]
INFO: [Physopt 32-662] Processed net u_top/u_core/u_rom/g_multi_bank.g_bank[3].u_bank/dout_reg_0_0_ENARDEN_cooolgate_en_sig_84.  Did not re-place instance u_top/u_core/u_rom/g_multi_bank.g_bank[3].u_bank/dout_reg_0_0_ENARDEN_cooolgate_en_gate_156
INFO: [Physopt 32-662] Processed net u_top/u_core/u_pp/u_bank0/ram_read_q[5].  Did not re-place instance u_top/u_core/u_pp/u_bank0/rd_data[5]_i_1
INFO: [Physopt 32-662] Processed net u_top/u_core/u_pp/u_bank0/rd_data[5]_i_7_n_0.  Did not re-place instance u_top/u_core/u_pp/u_bank0/rd_data[5]_i_7
INFO: [Physopt 32-662] Processed net u_top/u_core/u_pp/u_bank1/rd_data[5]_i_13__0_n_0.  Did not re-place instance u_top/u_core/u_pp/u_bank1/rd_data[5]_i_13__0
INFO: [Physopt 32-662] Processed net u_top/u_core/u_pp/u_bank0/rd_data_reg[7]_0[5].  Did not re-place instance u_top/u_core/u_pp/u_bank0/rd_data_reg[5]
INFO: [Physopt 32-662] Processed net u_top/u_core/c2b_data_q_reg[1]_166[2].  Did not re-place instance u_top/u_core/c2b_data_q_reg[1][2]
INFO: [Physopt 32-662] Processed net u_top/u_core/c2b_data_q_reg[0]_165[7].  Did not re-place instance u_top/u_core/c2b_data_q_reg[0][7]
INFO: [Physopt 32-662] Processed net u_top/u_core/u_b/u_b_core/core/core/l5/mac/mac/out_lane[2].mult_lane[38].operand_pipe.weight_q[0].  Did not re-place instance u_top/u_core/u_b/u_b_core/core/core/l5/mac/mac/out_lane[2].mult_lane[38].operand_pipe.weight_q_reg[0]
INFO: [Physopt 32-662] Processed net u_top/u_core/u_pp/u_bank0/ram_read_q[1].  Did not re-place instance u_top/u_core/u_pp/u_bank0/rd_data[1]_i_1
INFO: [Physopt 32-662] Processed net u_top/u_core/u_pp/u_bank0/rd_data[1]_i_10_n_0.  Did not re-place instance u_top/u_core/u_pp/u_bank0/rd_data[1]_i_10
INFO: [Physopt 32-662] Processed net u_top/u_core/u_pp/u_bank0/rd_data_reg[7]_0[1].  Did not re-place instance u_top/u_core/u_pp/u_bank0/rd_data_reg[1]
INFO: [Physopt 32-662] Processed net u_top/u_core/u_b/u_b_core/core/core/f45/g_narrow_read.rd_ptr_local[1]_repN_1.  Did not re-place instance u_top/u_core/u_b/u_b_core/core/core/f45/g_narrow_read.rd_ptr_local_reg[1]_replica_1
INFO: [Physopt 32-662] Processed net u_top/u_core/u_out/wr_stripe_len_q[0].  Did not re-place instance u_top/u_core/u_out/stripe_last_row_q[14]_i_1
INFO: [Physopt 32-662] Processed net u_top/u_core/u_b/u_b_core/core/core/l1/post/issue_slot_reg_rep__3_n_0.  Did not re-place instance u_top/u_core/u_b/u_b_core/core/core/l1/post/issue_slot_reg_rep__3
INFO: [Physopt 32-662] Processed net u_top/u_core/u_pp/u_bank1/rd_data[5]_i_7__0_n_0.  Did not re-place instance u_top/u_core/u_pp/u_bank1/rd_data[5]_i_7__0
INFO: [Physopt 32-662] Processed net u_top/u_core/u_b/u_b_core/core/core/l5/mac/mac/out_lane[0].mult_lane[0].operand_pipe.weight_q[2].  Did not re-place instance u_top/u_core/u_b/u_b_core/core/core/l5/mac/mac/out_lane[0].mult_lane[0].operand_pipe.weight_q_reg[2]
INFO: [Physopt 32-662] Processed net u_top/u_core/u_pp/u_bank1/rd_data[1]_i_1__0_n_0.  Did not re-place instance u_top/u_core/u_pp/u_bank1/rd_data[1]_i_1__0
INFO: [Physopt 32-662] Processed net u_top/u_core/u_pp/u_bank1/rd_data[1]_i_7__0_n_0.  Did not re-place instance u_top/u_core/u_pp/u_bank1/rd_data[1]_i_7__0
INFO: [Physopt 32-662] Processed net u_top/u_core/u_pp/u_bank1/Q[1].  Did not re-place instance u_top/u_core/u_pp/u_bank1/rd_data_reg[1]
INFO: [Physopt 32-662] Processed net u_top/u_core/u_b/u_b_core/core/core/l5/mac/issue/out_phase_reg[1]_rep__5_n_0.  Did not re-place instance u_top/u_core/u_b/u_b_core/core/core/l5/mac/issue/out_phase_reg[1]_rep__5
INFO: [Physopt 32-662] Processed net u_top/u_core/u_b/u_b_core/core/core/l5/mac/issue/out_phase_reg[1]_rep__4_n_0.  Did not re-place instance u_top/u_core/u_b/u_b_core/core/core/l5/mac/issue/out_phase_reg[1]_rep__4
INFO: [Physopt 32-662] Processed net u_top/u_core/u_b/u_b_core/core/core/l5/mac/issue/out_lane[2].mult_lane[11].operand_pipe.act_q[11]_i_3_n_0.  Did not re-place instance u_top/u_core/u_b/u_b_core/core/core/l5/mac/issue/out_lane[2].mult_lane[11].operand_pipe.act_q[11]_i_3
INFO: [Physopt 32-662] Processed net u_top/u_core/u_b/u_b_core/core/core/l5/mac/issue/out_lane[2].mult_lane[36].operand_pipe.act_q[2]_i_2_n_0.  Did not re-place instance u_top/u_core/u_b/u_b_core/core/core/l5/mac/issue/out_lane[2].mult_lane[36].operand_pipe.act_q[2]_i_2
INFO: [Physopt 32-662] Processed net u_top/u_core/u_pp/u_bank1/rd_data[5]_i_6__0_n_0.  Did not re-place instance u_top/u_core/u_pp/u_bank1/rd_data[5]_i_6__0
INFO: [Physopt 32-662] Processed net u_top/u_core/u_b/u_b_core/core/core/l5/mac/issue/out_lane[2].mult_lane[11].operand_pipe.act_q[11]_i_2_n_0.  Did not re-place instance u_top/u_core/u_b/u_b_core/core/core/l5/mac/issue/out_lane[2].mult_lane[11].operand_pipe.act_q[11]_i_2
INFO: [Physopt 32-662] Processed net u_top/u_core/u_pp/u_bank0/rd_data[5]_i_8_n_0.  Did not re-place instance u_top/u_core/u_pp/u_bank0/rd_data[5]_i_8
INFO: [Physopt 32-662] Processed net u_top/u_core/u_b/u_b_core/core/core/l5/mac/g_l5_partial_buffer.partial_fifo/rd_ptr.  Did not re-place instance u_top/u_core/u_b/u_b_core/core/core/l5/mac/g_l5_partial_buffer.partial_fifo/rd_ptr_reg
INFO: [Physopt 32-662] Processed net u_top/u_core/u_b/u_b_core/core/core/l5/mac/g_l5_partial_buffer.partial_fifo/accum_reg[3][3][0].  Did not re-place instance u_top/u_core/u_b/u_b_core/core/core/l5/mac/g_l5_partial_buffer.partial_fifo/i__carry_i_4__7
INFO: [Physopt 32-662] Processed net u_top/u_core/u_b/u_b_core/core/core/l5/gk.frontend/win/prev[4]_425[63].  Did not re-place instance u_top/u_core/u_b/u_b_core/core/core/l5/gk.frontend/win/shift[4][63]_i_1
INFO: [Physopt 32-662] Processed net u_top/u_core/u_b/u_b_core/core/core/l5/gk.frontend/win/window_flat[1087].  Did not re-place instance u_top/u_core/u_b/u_b_core/core/core/l5/gk.frontend/win/shift_reg[4][63]
INFO: [Physopt 32-662] Processed net u_top/u_core/c2b_count_q[1]_repN.  Did not re-place instance u_top/u_core/c2b_count_q_reg[1]_replica
INFO: [Physopt 32-662] Processed net u_top/u_core/u_b/u_b_core/core/core/l5/gk.frontend/win/window_flat[3645].  Did not re-place instance u_top/u_core/u_b/u_b_core/core/core/l5/gk.frontend/win/shift_reg[14][61]
INFO: [Physopt 32-662] Processed net u_top/u_core/u_b/u_b_core/core/core/f23/v23.  Did not re-place instance u_top/u_core/u_b/u_b_core/core/core/f23/bank_gen[1].mem_reg_0_i_38
INFO: [Physopt 32-662] Processed net u_top/u_core/u_pp/u_bank0/ram_read_q[6].  Did not re-place instance u_top/u_core/u_pp/u_bank0/rd_data[6]_i_1
INFO: [Physopt 32-662] Processed net u_top/u_core/u_pp/u_bank0/rd_data[6]_i_11_n_0.  Did not re-place instance u_top/u_core/u_pp/u_bank0/rd_data[6]_i_11
INFO: [Physopt 32-662] Processed net u_top/u_core/u_pp/u_bank0/rd_data_reg[7]_0[6].  Did not re-place instance u_top/u_core/u_pp/u_bank0/rd_data_reg[6]
INFO: [Physopt 32-662] Processed net u_top/u_core/u_b/u_b_core/core/core/l5/mac/issue/out_lane[0].mult_lane[24].operand_pipe.act_q[15]_i_3_n_0.  Did not re-place instance u_top/u_core/u_b/u_b_core/core/core/l5/mac/issue/out_lane[0].mult_lane[24].operand_pipe.act_q[15]_i_3
INFO: [Physopt 32-662] Processed net u_top/u_core/u_b/u_b_core/core/core/l5/gk.frontend/win/pixel_d[31].  Did not re-place instance u_top/u_core/u_b/u_b_core/core/core/l5/gk.frontend/win/pixel_d_reg[31]
INFO: [Physopt 32-662] Processed net u_top/u_core/u_b/u_b_core/core/core/l5/mac/issue/out_lane[3].mult_lane[29].operand_pipe.act_q[1]_i_2_n_0.  Did not re-place instance u_top/u_core/u_b/u_b_core/core/core/l5/mac/issue/out_lane[3].mult_lane[29].operand_pipe.act_q[1]_i_2
INFO: [Physopt 32-662] Processed net u_top/u_core/u_b/u_b_core/core/core/l1/post/units[1].post/D[11].  Did not re-place instance u_top/u_core/u_b/u_b_core/core/core/l1/post/units[1].post/prelu_product_s10_i_21__2
INFO: [Physopt 32-662] Processed net u_top/u_core/u_b/u_b_core/core/core/l5/mac/mac/p_10_out_repN.  Did not re-place instance u_top/u_core/u_b/u_b_core/core/core/l5/mac/mac/tree_stage[1].channel[2].node[7].pair.sums_q[1][2][7][29]_i_1_replica
INFO: [Physopt 32-662] Processed net u_top/u_core/u_b/u_b_core/core/core/l5/mac/mac/p_0_in.  Did not re-place instance u_top/u_core/u_b/u_b_core/core/core/l5/mac/mac/tree_stage[5].valid_q_reg[6]
INFO: [Physopt 32-662] Processed net u_top/u_core/u_b/u_b_core/core/core/f45/g_narrow_read.rd_ptr_local[0]_repN_1.  Did not re-place instance u_top/u_core/u_b/u_b_core/core/core/f45/g_narrow_read.rd_ptr_local_reg[0]_replica_1
INFO: [Physopt 32-662] Processed net u_top/u_core/u_b/u_b_core/core/core/l5/mac/mac/out_lane[1].mult_lane[12].operand_pipe.act_q[8].  Did not re-place instance u_top/u_core/u_b/u_b_core/core/core/l5/mac/mac/out_lane[1].mult_lane[12].operand_pipe.act_q_reg[8]
INFO: [Physopt 32-662] Processed net u_top/u_core/u_b/u_b_core/core/core/l5/mac/issue/out_lane[2].mult_lane[32].operand_pipe.act_q[2]_i_2_n_0.  Did not re-place instance u_top/u_core/u_b/u_b_core/core/core/l5/mac/issue/out_lane[2].mult_lane[32].operand_pipe.act_q[2]_i_2
INFO: [Physopt 32-662] Processed net u_top/u_core/u_in/src_valid.  Did not re-place instance u_top/u_core/u_in/resp_valid_q_reg
INFO: [Physopt 32-662] Processed net u_top/u_core/u_pp/u_bank0/ram_read_q[2].  Did not re-place instance u_top/u_core/u_pp/u_bank0/rd_data[2]_i_1
INFO: [Physopt 32-661] Optimized 117 nets.  Re-placed 117 instances.
INFO: [Physopt 32-775] End 1 Pass. Optimized 117 nets or cells. Created 0 new cell, deleted 0 existing cell and moved 117 existing cells
INFO: [Physopt 32-619] Estimated Timing Summary | WNS=-0.593 | TNS=-274.267 |
Netlist sorting complete. Time (s): cpu = 00:00:00 ; elapsed = 00:00:00.036 . Memory (MB): peak = 3975.609 ; gain = 0.000
Phase 29 Single Cell Placement Optimization | Checksum: 1707e4a01

Time (s): cpu = 00:05:32 ; elapsed = 00:03:41 . Memory (MB): peak = 3975.609 ; gain = 0.000

Phase 30 Multi Cell Placement Optimization
INFO: [Physopt 32-660] Identified 100 candidate nets for placement-based optimization.
INFO: [Physopt 32-662] Processed net u_top/u_core/c2b_data_q_reg[0]_165[4].  Did not re-place instance u_top/u_core/c2b_data_q_reg[0][4]/Q
INFO: [Physopt 32-662] Processed net u_top/u_core/c2b_data_q_reg[0]_165[2].  Did not re-place instance u_top/u_core/c2b_data_q_reg[0][2]/Q
INFO: [Physopt 32-662] Processed net u_top/u_core/c2b_data_q_reg[0]_165[0].  Did not re-place instance u_top/u_core/c2b_data_q_reg[0][0]/Q
INFO: [Physopt 32-662] Processed net u_top/u_core/c2b_data_q_reg[1]_166[1].  Did not re-place instance u_top/u_core/c2b_data_q_reg[1][1]/Q
INFO: [Physopt 32-662] Processed net u_top/u_core/c2b_data_q_reg[0]_165[5].  Did not re-place instance u_top/u_core/c2b_data_q_reg[0][5]/Q
INFO: [Physopt 32-662] Processed net u_top/u_core/c2b_data_q_reg[1]_166[3].  Did not re-place instance u_top/u_core/c2b_data_q_reg[1][3]/Q
INFO: [Physopt 32-662] Processed net u_top/u_core/c2b_data_q_reg[1]_166[6].  Did not re-place instance u_top/u_core/c2b_data_q_reg[1][6]/Q
INFO: [Physopt 32-662] Processed net u_top/u_core/c2b_count_q[0]_repN.  Did not re-place instance u_top/u_core/c2b_count_q_reg[0]_replica/Q
INFO: [Physopt 32-662] Processed net u_top/u_core/u_in/en09_out_repN.  Did not re-place instance u_top/u_core/u_in/dout_reg_0_0_i_1__2_replica/O
INFO: [Physopt 32-662] Processed net u_top/u_core/u_in/req_addr_q_reg[16]_0_repN.  Did not re-place instance u_top/u_core/u_in/dout_reg_0_0_i_1__13_replica/O
INFO: [Physopt 32-662] Processed net u_top/u_core/u_b/u_b_core/core/core/l5/mac/mac/ready_3.  Did not re-place instance u_top/u_core/u_b/u_b_core/core/core/l5/mac/mac/out_lane[3].mult_lane[48].operand_pipe.act_q[15]_i_3/O
INFO: [Physopt 32-662] Processed net u_top/u_core/u_b/u_b_core/core/core/l5/mac/mac/p_0_in3_in.  Did not re-place instance u_top/u_core/u_b/u_b_core/core/core/l5/mac/mac/tree_stage[3].valid_q_reg[4]/Q
INFO: [Physopt 32-662] Processed net u_top/u_core/u_in/en09_out_repN_1.  Did not re-place instance u_top/u_core/u_in/dout_reg_0_0_i_1__2_replica_1/O
INFO: [Physopt 32-662] Processed net u_top/u_core/u_pp/u_bank1/rd_data[5]_i_1__0_n_0.  Did not re-place instance u_top/u_core/u_pp/u_bank1/rd_data[5]_i_1__0/O
INFO: [Physopt 32-662] Processed net u_top/u_core/u_b/u_b_core/core/core/l5/mac/mac/out_lane[3].mult_lane[43].operand_pipe.weight_q[2]_i_1_n_0.  Did not re-place instance u_top/u_core/u_b/u_b_core/core/core/l5/mac/mac/out_lane[3].mult_lane[43].operand_pipe.weight_q[2]_i_1/O
INFO: [Physopt 32-662] Processed net u_top/u_core/u_pp/u_bank1/rd_data[3]_i_1__0_n_0.  Did not re-place instance u_top/u_core/u_pp/u_bank1/rd_data[3]_i_1__0/O
INFO: [Physopt 32-662] Processed net u_top/u_core/u_b/u_b_core/core/core/l5/gk.frontend/win/prev[2]_424[46].  Did not re-place instance u_top/u_core/u_b/u_b_core/core/core/l5/gk.frontend/win/shift[14][46]_i_1/O
INFO: [Physopt 32-662] Processed net u_top/u_core/u_pp/u_bank0/ram_read_q[4].  Did not re-place instance u_top/u_core/u_pp/u_bank0/rd_data[4]_i_1/O
INFO: [Physopt 32-662] Processed net u_top/u_core/u_pp/u_bank0/ram_read_q[5].  Did not re-place instance u_top/u_core/u_pp/u_bank0/rd_data[5]_i_1/O
INFO: [Physopt 32-662] Processed net u_top/u_core/u_pp/u_bank0/ram_read_q[1].  Did not re-place instance u_top/u_core/u_pp/u_bank0/rd_data[1]_i_1/O
INFO: [Physopt 32-662] Processed net u_top/u_core/u_b/u_b_core/core/core/l5/mac/g_l5_partial_buffer.partial_fifo/count_reg[1]_0.  Did not re-place instance u_top/u_core/u_b/u_b_core/core/core/l5/mac/g_l5_partial_buffer.partial_fifo/count_reg[1]/Q
INFO: [Physopt 32-662] Processed net u_top/u_core/u_b/u_b_core/core/core/l5/mac/mac/out_lane[1].mult_lane[0].operand_pipe.weight_q[3]_i_1__1_n_0.  Did not re-place instance u_top/u_core/u_b/u_b_core/core/core/l5/mac/mac/out_lane[1].mult_lane[0].operand_pipe.weight_q[3]_i_1__1/O
INFO: [Physopt 32-662] Processed net u_top/u_core/u_pp/u_bank1/rd_data[1]_i_1__0_n_0.  Did not re-place instance u_top/u_core/u_pp/u_bank1/rd_data[1]_i_1__0/O
INFO: [Physopt 32-662] Processed net u_top/u_core/c2b_count_q[1]_repN.  Did not re-place instance u_top/u_core/c2b_count_q_reg[1]_replica/Q
INFO: [Physopt 32-662] Processed net u_top/u_core/u_pp/u_bank0/ram_read_q[6].  Did not re-place instance u_top/u_core/u_pp/u_bank0/rd_data[6]_i_1/O
INFO: [Physopt 32-662] Processed net u_top/u_core/u_in/src_valid.  Did not re-place instance u_top/u_core/u_in/resp_valid_q_reg/Q
INFO: [Physopt 32-662] Processed net u_top/u_core/u_pp/u_bank0/ram_read_q[2].  Did not re-place instance u_top/u_core/u_pp/u_bank0/rd_data[2]_i_1/O
INFO: [Physopt 32-662] Processed net u_top/u_core/u_pp/u_bank0/ram_read_q[3].  Did not re-place instance u_top/u_core/u_pp/u_bank0/rd_data[3]_i_1/O
INFO: [Physopt 32-662] Processed net u_top/u_core/u_b/u_b_core/core/core/l5/gk.frontend/pad/local_rst.  Did not re-place instance u_top/u_core/u_b/u_b_core/core/core/l5/gk.frontend/pad/col[9]_i_1/O
INFO: [Physopt 32-662] Processed net u_top/u_core/u_ctrl/start_accept.  Did not re-place instance u_top/u_core/u_ctrl/col[9]_i_4__1/O
INFO: [Physopt 32-662] Processed net u_top/u_core/u_ctrl/start_b_repN.  Did not re-place instance u_top/u_core/u_ctrl/start_b_reg_replica/Q
INFO: [Physopt 32-662] Processed net u_top/u_core/u_in/en023_out.  Did not re-place instance u_top/u_core/u_in/dout_reg_0_0_i_1__8/O
INFO: [Physopt 32-661] Optimized 4 nets.  Re-placed 8 instances.
INFO: [Physopt 32-775] End 1 Pass. Optimized 4 nets or cells. Created 0 new cell, deleted 0 existing cell and moved 8 existing cells
INFO: [Physopt 32-619] Estimated Timing Summary | WNS=-0.593 | TNS=-273.403 |
Netlist sorting complete. Time (s): cpu = 00:00:00 ; elapsed = 00:00:00.033 . Memory (MB): peak = 3975.609 ; gain = 0.000
Phase 30 Multi Cell Placement Optimization | Checksum: 17803a1e0

Time (s): cpu = 00:06:41 ; elapsed = 00:04:22 . Memory (MB): peak = 3975.609 ; gain = 0.000

Phase 31 SLR Crossing Optimization
Phase 31 SLR Crossing Optimization | Checksum: 17803a1e0

Time (s): cpu = 00:06:41 ; elapsed = 00:04:22 . Memory (MB): peak = 3975.609 ; gain = 0.000

Phase 32 Critical Path Optimization
INFO: [Physopt 32-619] Estimated Timing Summary | WNS=-0.593 | TNS=-273.403 |
INFO: [Physopt 32-702] Processed net u_top/u_core/c2b_data_q_reg[0]_165[4]. Optimizations did not improve timing on the net.
INFO: [Physopt 32-702] Processed net u_top/g_mmcm.u_mmcm_0. Optimizations did not improve timing on the net.
INFO: [Physopt 32-702] Processed net u_top/u_core/u_rom/c2b_data_q_reg[0][4]_i_3_n_0. Optimizations did not improve timing on the net.
INFO: [Physopt 32-702] Processed net u_top/u_core/u_rom/c2b_data_q[0][4]_i_6_n_0. Optimizations did not improve timing on the net.
INFO: [Physopt 32-702] Processed net u_top/u_core/u_rom/g_multi_bank.bank_sel_q_reg[3]_0[4]. Optimizations did not improve timing on the net.
INFO: [Physopt 32-702] Processed net u_top/u_core/u_rom/g_multi_bank.g_bank[10].u_bank/out[4]. Optimizations did not improve timing on the net.
INFO: [Physopt 32-702] Processed net u_top/u_core/c2b_data_q_reg[0]_165[4]. Optimizations did not improve timing on the net.
INFO: [Physopt 32-702] Processed net u_top/g_mmcm.u_mmcm_0. Optimizations did not improve timing on the net.
INFO: [Physopt 32-702] Processed net u_top/u_core/u_rom/c2b_data_q_reg[0][4]_i_3_n_0. Optimizations did not improve timing on the net.
INFO: [Physopt 32-702] Processed net u_top/u_core/u_rom/c2b_data_q[0][4]_i_6_n_0. Optimizations did not improve timing on the net.
INFO: [Physopt 32-702] Processed net u_top/u_core/u_rom/g_multi_bank.bank_sel_q_reg[3]_0[4]. Optimizations did not improve timing on the net.
INFO: [Physopt 32-702] Processed net u_top/u_core/u_rom/g_multi_bank.g_bank[10].u_bank/out[4]. Optimizations did not improve timing on the net.
INFO: [Physopt 32-619] Estimated Timing Summary | WNS=-0.593 | TNS=-273.403 |
Netlist sorting complete. Time (s): cpu = 00:00:00 ; elapsed = 00:00:00.036 . Memory (MB): peak = 3975.609 ; gain = 0.000
Phase 32 Critical Path Optimization | Checksum: 17803a1e0

Time (s): cpu = 00:06:42 ; elapsed = 00:04:22 . Memory (MB): peak = 3975.609 ; gain = 0.000

Phase 33 BRAM Enable Optimization
Phase 33 BRAM Enable Optimization | Checksum: 17803a1e0

Time (s): cpu = 00:06:42 ; elapsed = 00:04:22 . Memory (MB): peak = 3975.609 ; gain = 0.000
INFO: [Physopt 32-960] Skip hold-fix as initial WHS does not violate hold threshold 250 ps
Netlist sorting complete. Time (s): cpu = 00:00:00 ; elapsed = 00:00:00.038 . Memory (MB): peak = 3975.609 ; gain = 0.000
INFO: [Physopt 32-603] Post Physical Optimization Timing Summary | WNS=-0.593 | TNS=-273.403 |

Summary of Physical Synthesis Optimizations
============================================


----------------------------------------------------------------------------------------------------------------------------------------------------------------------
|  Optimization            |  WNS Gain (ns)  |  TNS Gain (ns)  |  Added Cells  |  Removed Cells  |  Optimized Cells/Nets  |  Dont Touch  |  Iterations  |  Elapsed   |
----------------------------------------------------------------------------------------------------------------------------------------------------------------------
|  Fanout                  |          0.000  |        298.750  |           91  |              0  |                    20  |           0  |           3  |  00:00:37  |
|  Single Cell Placement   |          0.099  |         56.350  |            0  |              0  |                   235  |           0  |           4  |  00:00:38  |
|  Multi Cell Placement    |          0.000  |        -76.347  |            0  |              0  |                    17  |           0  |           4  |  00:01:32  |
|  Rewire                  |          0.000  |          3.479  |            1  |              0  |                     1  |           9  |           3  |  00:00:03  |
|  Critical Cell           |          0.000  |          2.564  |           13  |              0  |                     5  |           9  |           3  |  00:00:07  |
|  SLR Crossing            |          0.000  |          0.000  |            0  |              0  |                     0  |           0  |           3  |  00:00:00  |
|  DSP Register            |          0.000  |          3.107  |          105  |              0  |                     7  |        1416  |           2  |  00:00:27  |
|  BRAM Register           |          0.000  |          0.000  |            0  |              0  |                     0  |           0  |           2  |  00:00:00  |
|  URAM Register           |          0.000  |          0.000  |            0  |              0  |                     0  |           0  |           2  |  00:00:00  |
|  Shift Register          |          0.000  |          0.000  |            0  |              0  |                     0  |           0  |           2  |  00:00:00  |
|  Critical Pin            |          0.107  |          0.500  |            0  |              0  |                     5  |           0  |           1  |  00:00:00  |
|  Very High Fanout        |          0.000  |          2.726  |           23  |              0  |                    14  |           0  |           1  |  00:00:50  |
|  BRAM Enable             |          0.000  |          0.000  |            0  |              0  |                     0  |           0  |           1  |  00:00:00  |
|  Critical Path           |          0.000  |          0.000  |            0  |              0  |                     0  |           0  |           1  |  00:00:01  |
|  Total                   |          0.206  |        291.129  |          233  |              0  |                   304  |        1434  |          32  |  00:04:14  |
----------------------------------------------------------------------------------------------------------------------------------------------------------------------


Netlist sorting complete. Time (s): cpu = 00:00:00 ; elapsed = 00:00:00.032 . Memory (MB): peak = 3975.609 ; gain = 0.000
Ending Physical Synthesis Task | Checksum: 1da8a36ce

Time (s): cpu = 00:06:42 ; elapsed = 00:04:23 . Memory (MB): peak = 3975.609 ; gain = 0.000
INFO: [Common 17-83] Releasing license: Implementation
969 Infos, 0 Warnings, 0 Critical Warnings and 0 Errors encountered.
phys_opt_design completed successfully
phys_opt_design: Time (s): cpu = 00:07:00 ; elapsed = 00:04:33 . Memory (MB): peak = 3975.609 ; gain = 406.887
INFO: [Timing 38-480] Writing timing data to binary archive.
Wrote PlaceDB: Time (s): cpu = 00:00:00 ; elapsed = 00:00:00 . Memory (MB): peak = 3975.609 ; gain = 0.000
Wrote PulsedLatchDB: Time (s): cpu = 00:00:00 ; elapsed = 00:00:00 . Memory (MB): peak = 3975.609 ; gain = 0.000
Writing XDEF routing.
Writing XDEF routing logical nets.
Write ShapeDB Complete: Time (s): cpu = 00:00:00 ; elapsed = 00:00:00.087 . Memory (MB): peak = 3975.609 ; gain = 0.000
Writing XDEF routing special nets.
Wrote RouteStorage: Time (s): cpu = 00:00:00 ; elapsed = 00:00:00.088 . Memory (MB): peak = 3975.609 ; gain = 0.000
Wrote PlaceStorage: Time (s): cpu = 00:00:06 ; elapsed = 00:00:02 . Memory (MB): peak = 3975.609 ; gain = 0.000
Wrote Netlist Cache: Time (s): cpu = 00:00:01 ; elapsed = 00:00:00.103 . Memory (MB): peak = 3975.609 ; gain = 0.000
Wrote Device Cache: Time (s): cpu = 00:00:00 ; elapsed = 00:00:00.010 . Memory (MB): peak = 3975.609 ; gain = 0.000
Write Physdb Complete: Time (s): cpu = 00:00:07 ; elapsed = 00:00:02 . Memory (MB): peak = 3975.609 ; gain = 0.000
INFO: [Common 17-1381] The checkpoint 'V:/_synth_bc/acc36_realrom_200_member_b_pad_flags_20261003_setup030_ascii_ramdecomp/placed_setup030.dcp' has been generated.
write_checkpoint: Time (s): cpu = 00:00:13 ; elapsed = 00:00:10 . Memory (MB): peak = 3975.609 ; gain = 0.000
INFO: [Timing 38-91] UpdateTimingParams: Speed grade: -2, Delay Type: min_max.
INFO: [Timing 38-191] Multithreading enabled for timing update using a maximum of 2 CPUs
report_timing_summary: Time (s): cpu = 00:00:28 ; elapsed = 00:00:16 . Memory (MB): peak = 4034.766 ; gain = 59.156
Command: route_design -directive NoTimingRelaxation
Attempting to get a license for feature 'Implementation' and/or device 'xc7a200t'
INFO: [Common 17-349] Got license for feature 'Implementation' and/or device 'xc7a200t'
INFO: [DRC 23-27] Running DRC with 2 threads
INFO: [Vivado_Tcl 4-198] DRC finished with 0 Errors
INFO: [Vivado_Tcl 4-199] Please refer to the DRC report (report_drc) for more information.


Starting Routing Task
INFO: [Route 35-270] Using Router directive 'NoTimingRelaxation'.
INFO: [Route 35-254] Multithreading enabled for route_design using a maximum of 2 CPUs

Phase 1 Build RT Design
Checksum: PlaceDB: c5a05322 ConstDB: 0 ShapeSum: 3ab966b6 RouteDB: 981aeb64
Post Restoration Checksum: NetGraph: 10086845 | NumContArr: fd3389f0 | Constraints: c2a8fa9d | Timing: c2a8fa9d
Phase 1 Build RT Design | Checksum: 2928de76f

Time (s): cpu = 00:01:00 ; elapsed = 00:00:43 . Memory (MB): peak = 4073.879 ; gain = 32.430

Phase 2 Router Initialization

Phase 2.1 Fix Topology Constraints
Phase 2.1 Fix Topology Constraints | Checksum: 2928de76f

Time (s): cpu = 00:01:00 ; elapsed = 00:00:43 . Memory (MB): peak = 4073.879 ; gain = 32.430

Phase 2.2 Pre Route Cleanup
Phase 2.2 Pre Route Cleanup | Checksum: 2928de76f

Time (s): cpu = 00:01:01 ; elapsed = 00:00:44 . Memory (MB): peak = 4073.879 ; gain = 32.430
 Number of Nodes with overlaps = 0

Phase 2.3 Update Timing
Phase 2.3 Update Timing | Checksum: 2192d9e1f

Time (s): cpu = 00:01:29 ; elapsed = 00:01:00 . Memory (MB): peak = 4204.086 ; gain = 162.637
INFO: [Route 35-416] Intermediate Timing Summary | WNS=-0.588 | TNS=-260.832| WHS=-0.232 | THS=-1285.282|


Phase 2.4 Soft Constraint Pins - Fast Budgeting
Phase 2.4 Soft Constraint Pins - Fast Budgeting | Checksum: 25ea4ba04

Time (s): cpu = 00:01:38 ; elapsed = 00:01:06 . Memory (MB): peak = 4495.703 ; gain = 454.254

Router Utilization Summary
  Global Vertical Routing Utilization    = 0 %
  Global Horizontal Routing Utilization  = 0 %
  Routable Net Status*
  *Does not include unroutable nets such as driverless and loadless.
  Run report_route_status for detailed report.
  Number of Failed Nets               = 74029
    (Failed Nets is the sum of unrouted and partially routed nets)
  Number of Unrouted Nets             = 74029
  Number of Partially Routed Nets     = 0
  Number of Node Overlaps             = 0

Phase 2 Router Initialization | Checksum: 2abd43e64

Time (s): cpu = 00:01:39 ; elapsed = 00:01:07 . Memory (MB): peak = 4495.703 ; gain = 454.254

Phase 3 Global Routing
Phase 3 Global Routing | Checksum: 2abd43e64

Time (s): cpu = 00:01:39 ; elapsed = 00:01:07 . Memory (MB): peak = 4495.703 ; gain = 454.254

Phase 4 Initial Routing

Phase 4.1 Initial Net Routing Pass
Phase 4.1 Initial Net Routing Pass | Checksum: 34c0d7616

Time (s): cpu = 00:02:07 ; elapsed = 00:01:22 . Memory (MB): peak = 4495.703 ; gain = 454.254
Phase 4 Initial Routing | Checksum: 34c0d7616

Time (s): cpu = 00:02:07 ; elapsed = 00:01:22 . Memory (MB): peak = 4495.703 ; gain = 454.254
INFO: [Route 35-580] Design has 121 pins with tight setup and hold constraints.

The top 5 pins with tight setup and hold constraints:

+====================+===================+============================================+
| Launch Setup Clock | Launch Hold Clock | Pin                                        |
+====================+===================+============================================+
| u_top_n_1388       | u_top_n_1388      | u_top/u_core/u_pp/u_bank0/rd_data_reg[4]/D |
| u_top_n_1388       | u_top_n_1388      | u_top/u_core/u_pp/u_bank0/rd_data_reg[6]/D |
| u_top_n_1388       | u_top_n_1388      | u_top/u_core/u_pp/u_bank0/rd_data_reg[5]/D |
| u_top_n_1388       | u_top_n_1388      | u_top/u_core/u_pp/u_bank0/rd_data_reg[7]/D |
| u_top_n_1388       | u_top_n_1388      | u_top/u_core/u_pp/u_bank0/rd_data_reg[0]/D |
+--------------------+-------------------+--------------------------------------------+

File with complete list of pins: tight_setup_hold_pins.txt


Phase 5 Rip-up And Reroute

Phase 5.1 Global Iteration 0
 Number of Nodes with overlaps = 17332
 Number of Nodes with overlaps = 6756
 Number of Nodes with overlaps = 3304
INFO: [Route 35-416] Intermediate Timing Summary | WNS=-0.516 | TNS=-1132.014| WHS=N/A    | THS=N/A    |

WARNING: [Route 35-447] Congestion is preventing the router from routing all nets. The router will prioritize the successful completion of routing all nets over timing optimizations.
Phase 5.1 Global Iteration 0 | Checksum: 197b51b81

Time (s): cpu = 00:11:18 ; elapsed = 00:06:36 . Memory (MB): peak = 4512.066 ; gain = 470.617

Phase 5.2 Global Iteration 1
 Number of Nodes with overlaps = 11221
 Number of Nodes with overlaps = 4450
 Number of Nodes with overlaps = 2012
 Number of Nodes with overlaps = 947
 Number of Nodes with overlaps = 439
 Number of Nodes with overlaps = 184
 Number of Nodes with overlaps = 87
 Number of Nodes with overlaps = 53
 Number of Nodes with overlaps = 20
 Number of Nodes with overlaps = 15
 Number of Nodes with overlaps = 6
 Number of Nodes with overlaps = 0
INFO: [Route 35-416] Intermediate Timing Summary | WNS=-0.550 | TNS=-1335.348| WHS=N/A    | THS=N/A    |

Phase 5.2 Global Iteration 1 | Checksum: 2904e1733

Time (s): cpu = 00:19:50 ; elapsed = 00:11:28 . Memory (MB): peak = 4512.066 ; gain = 470.617

Phase 5.3 Global Iteration 2
 Number of Nodes with overlaps = 302
 Number of Nodes with overlaps = 277
 Number of Nodes with overlaps = 169
 Number of Nodes with overlaps = 119
 Number of Nodes with overlaps = 69
 Number of Nodes with overlaps = 48
 Number of Nodes with overlaps = 24
 Number of Nodes with overlaps = 10
 Number of Nodes with overlaps = 5
 Number of Nodes with overlaps = 1
 Number of Nodes with overlaps = 1
 Number of Nodes with overlaps = 0
INFO: [Route 35-416] Intermediate Timing Summary | WNS=-0.516 | TNS=-802.186| WHS=N/A    | THS=N/A    |

Phase 5.3 Global Iteration 2 | Checksum: 2ac70a654

Time (s): cpu = 00:21:34 ; elapsed = 00:12:40 . Memory (MB): peak = 4512.066 ; gain = 470.617

Phase 5.4 Global Iteration 3
 Number of Nodes with overlaps = 50
 Number of Nodes with overlaps = 31
 Number of Nodes with overlaps = 20
 Number of Nodes with overlaps = 11
 Number of Nodes with overlaps = 5
 Number of Nodes with overlaps = 2
 Number of Nodes with overlaps = 1
 Number of Nodes with overlaps = 0
INFO: [Route 35-416] Intermediate Timing Summary | WNS=-0.510 | TNS=-780.661| WHS=N/A    | THS=N/A    |

Phase 5.4 Global Iteration 3 | Checksum: 188771746

Time (s): cpu = 00:21:51 ; elapsed = 00:12:54 . Memory (MB): peak = 4512.066 ; gain = 470.617

Phase 5.5 Global Iteration 4
 Number of Nodes with overlaps = 37
 Number of Nodes with overlaps = 27
 Number of Nodes with overlaps = 20
 Number of Nodes with overlaps = 15
 Number of Nodes with overlaps = 14
 Number of Nodes with overlaps = 5
 Number of Nodes with overlaps = 9
 Number of Nodes with overlaps = 2
 Number of Nodes with overlaps = 0
INFO: [Route 35-416] Intermediate Timing Summary | WNS=-0.558 | TNS=-1104.541| WHS=N/A    | THS=N/A    |

Phase 5.5 Global Iteration 4 | Checksum: 305cba605

Time (s): cpu = 00:22:07 ; elapsed = 00:13:08 . Memory (MB): peak = 4512.066 ; gain = 470.617
Phase 5 Rip-up And Reroute | Checksum: 305cba605

Time (s): cpu = 00:22:08 ; elapsed = 00:13:09 . Memory (MB): peak = 4512.066 ; gain = 470.617

Phase 6 Delay and Skew Optimization

Phase 6.1 Delay CleanUp

Phase 6.1.1 Update Timing
Phase 6.1.1 Update Timing | Checksum: 28ea43cae

Time (s): cpu = 00:22:10 ; elapsed = 00:13:10 . Memory (MB): peak = 4512.066 ; gain = 470.617
INFO: [Route 35-416] Intermediate Timing Summary | WNS=-0.503 | TNS=-521.007| WHS=N/A    | THS=N/A    |

 Number of Nodes with overlaps = 0
Phase 6.1 Delay CleanUp | Checksum: 1b1d24d83

Time (s): cpu = 00:22:12 ; elapsed = 00:13:11 . Memory (MB): peak = 4512.066 ; gain = 470.617

Phase 6.2 Clock Skew Optimization
Phase 6.2 Clock Skew Optimization | Checksum: 1b1d24d83

Time (s): cpu = 00:22:12 ; elapsed = 00:13:11 . Memory (MB): peak = 4512.066 ; gain = 470.617
Phase 6 Delay and Skew Optimization | Checksum: 1b1d24d83

Time (s): cpu = 00:22:12 ; elapsed = 00:13:11 . Memory (MB): peak = 4512.066 ; gain = 470.617

Phase 7 Post Hold Fix

Phase 7.1 Hold Fix Iter
INFO: [Route 35-416] Intermediate Timing Summary | WNS=-0.503 | TNS=-501.545| WHS=0.026  | THS=0.000  |

Phase 7.1 Hold Fix Iter | Checksum: fd3afc92

Time (s): cpu = 00:22:15 ; elapsed = 00:13:13 . Memory (MB): peak = 4512.066 ; gain = 470.617
Phase 7 Post Hold Fix | Checksum: fd3afc92

Time (s): cpu = 00:22:15 ; elapsed = 00:13:13 . Memory (MB): peak = 4512.066 ; gain = 470.617

Phase 8 Timing Verification

Phase 8.1 Update Timing
Phase 8.1 Update Timing | Checksum: fd3afc92

Time (s): cpu = 00:22:22 ; elapsed = 00:13:17 . Memory (MB): peak = 4512.066 ; gain = 470.617
INFO: [Route 35-416] Intermediate Timing Summary | WNS=-0.503 | TNS=-501.545| WHS=0.026  | THS=0.000  |

Phase 8 Timing Verification | Checksum: fd3afc92

Time (s): cpu = 00:22:22 ; elapsed = 00:13:17 . Memory (MB): peak = 4512.066 ; gain = 470.617

Phase 9 Route finalize

Router Utilization Summary
  Global Vertical Routing Utilization    = 15.8452 %
  Global Horizontal Routing Utilization  = 19.2006 %
  Routable Net Status*
  *Does not include unroutable nets such as driverless and loadless.
  Run report_route_status for detailed report.
  Number of Failed Nets               = 0
    (Failed Nets is the sum of unrouted and partially routed nets)
  Number of Unrouted Nets             = 0
  Number of Partially Routed Nets     = 0
  Number of Node Overlaps             = 0


--GLOBAL Congestion:
Utilization threshold used for congestion level computation: 0.85
Congestion Report
North Dir 16x16 Area, Max Cong = 86.6519%, Congestion bounded by tiles (Lower Left Tile -> Upper Right Tile):
   INT_L_X64Y106 -> INT_R_X79Y121
South Dir 16x16 Area, Max Cong = 95.6504%, Congestion bounded by tiles (Lower Left Tile -> Upper Right Tile):
   INT_L_X64Y122 -> INT_R_X79Y137
   INT_L_X48Y106 -> INT_R_X63Y121
   INT_L_X64Y106 -> INT_R_X79Y121
   INT_L_X64Y90 -> INT_R_X79Y105
East Dir 16x16 Area, Max Cong = 91.567%, Congestion bounded by tiles (Lower Left Tile -> Upper Right Tile):
   INT_L_X48Y122 -> INT_R_X63Y137
   INT_L_X48Y106 -> INT_R_X63Y121
   INT_L_X64Y106 -> INT_R_X79Y121
   INT_L_X48Y90 -> INT_R_X63Y105
West Dir 16x16 Area, Max Cong = 94.4163%, Congestion bounded by tiles (Lower Left Tile -> Upper Right Tile):
   INT_L_X64Y122 -> INT_R_X79Y137
   INT_L_X64Y106 -> INT_R_X79Y121

------------------------------
Reporting congestion hotspots
------------------------------
Direction: North
----------------
Congested clusters found at Level 4
Effective congestion level: 5 Aspect Ratio: 1 Sparse Ratio: 0.75
Direction: South
----------------
Congested clusters found at Level 4
Effective congestion level: 5 Aspect Ratio: 0.666667 Sparse Ratio: 1.5
Direction: East
----------------
Congested clusters found at Level 4
Effective congestion level: 5 Aspect Ratio: 0.666667 Sparse Ratio: 1.5
Direction: West
----------------
Congested clusters found at Level 4
Effective congestion level: 5 Aspect Ratio: 0.666667 Sparse Ratio: 1

Phase 9 Route finalize | Checksum: fd3afc92

Time (s): cpu = 00:22:23 ; elapsed = 00:13:17 . Memory (MB): peak = 4512.066 ; gain = 470.617

Phase 10 Verifying routed nets

 Verification completed successfully
Phase 10 Verifying routed nets | Checksum: fd3afc92

Time (s): cpu = 00:22:23 ; elapsed = 00:13:17 . Memory (MB): peak = 4512.066 ; gain = 470.617

Phase 11 Depositing Routes
Phase 11 Depositing Routes | Checksum: 1ba76dc70

Time (s): cpu = 00:22:28 ; elapsed = 00:13:21 . Memory (MB): peak = 4512.066 ; gain = 470.617

Phase 12 Incr Placement Change
Netlist sorting complete. Time (s): cpu = 00:00:00 ; elapsed = 00:00:00.035 . Memory (MB): peak = 4512.066 ; gain = 0.000
INFO: [Place 30-746] Post Placement Timing Summary WNS=-0.502. For the most accurate timing information please run report_timing.
Ending IncrPlace Task | Checksum: 219746bf1

Time (s): cpu = 00:01:10 ; elapsed = 00:00:52 . Memory (MB): peak = 4512.066 ; gain = 0.000
Phase 12 Incr Placement Change | Checksum: 219746bf1

Time (s): cpu = 00:23:38 ; elapsed = 00:14:13 . Memory (MB): peak = 4512.066 ; gain = 470.617

Phase 13 Build RT Design
Checksum: PlaceDB: eac8eaae ConstDB: 0 ShapeSum: ef22723d RouteDB: 3f890f06
Post Restoration Checksum: NetGraph: 2f3c22b4 | NumContArr: bfcdb73c | Constraints: c2a8fa9d | Timing: c2a8fa9d
Phase 13 Build RT Design | Checksum: 2745bcf2a

Time (s): cpu = 00:24:03 ; elapsed = 00:14:27 . Memory (MB): peak = 4512.066 ; gain = 470.617

Phase 14 Router Initialization

Phase 14.1 Fix Topology Constraints
Phase 14.1 Fix Topology Constraints | Checksum: 2745bcf2a

Time (s): cpu = 00:24:04 ; elapsed = 00:14:28 . Memory (MB): peak = 4512.066 ; gain = 470.617

Phase 14.2 Pre Route Cleanup
Phase 14.2 Pre Route Cleanup | Checksum: 2745bcf2a

Time (s): cpu = 00:24:04 ; elapsed = 00:14:28 . Memory (MB): peak = 4512.066 ; gain = 470.617

Phase 14.3 Timing Verification

Phase 14.3.1 Update Timing
Phase 14.3.1 Update Timing | Checksum: 2c1b1f3bc

Time (s): cpu = 00:24:31 ; elapsed = 00:14:42 . Memory (MB): peak = 4512.066 ; gain = 470.617
INFO: [Route 35-416] Intermediate Timing Summary | WNS=-0.502 | TNS=-500.627| WHS=0.027  | THS=0.000  |

Phase 14.3 Timing Verification | Checksum: 2c1b1f3bc

Time (s): cpu = 00:24:32 ; elapsed = 00:14:42 . Memory (MB): peak = 4512.066 ; gain = 470.617
 Number of Nodes with overlaps = 0

Phase 14.4 Update Timing
Phase 14.4 Update Timing | Checksum: 3080204c5

Time (s): cpu = 00:25:01 ; elapsed = 00:14:59 . Memory (MB): peak = 4512.066 ; gain = 470.617
INFO: [Route 35-416] Intermediate Timing Summary | WNS=-0.513 | TNS=-769.754| WHS=-0.232 | THS=-1276.461|


Phase 14.5 Soft Constraint Pins - Fast Budgeting
Phase 14.5 Soft Constraint Pins - Fast Budgeting | Checksum: 2fcd40199

Time (s): cpu = 00:25:09 ; elapsed = 00:15:04 . Memory (MB): peak = 4605.492 ; gain = 564.043

Router Utilization Summary
  Global Vertical Routing Utilization    = 15.8452 %
  Global Horizontal Routing Utilization  = 19.2006 %
  Routable Net Status*
  *Does not include unroutable nets such as driverless and loadless.
  Run report_route_status for detailed report.
  Number of Failed Nets               = 0
    (Failed Nets is the sum of unrouted and partially routed nets)
  Number of Unrouted Nets             = 0
  Number of Partially Routed Nets     = 0
  Number of Node Overlaps             = 0

Phase 14 Router Initialization | Checksum: 2fcd40199

Time (s): cpu = 00:25:10 ; elapsed = 00:15:05 . Memory (MB): peak = 4605.492 ; gain = 564.043

Phase 15 Global Routing
Phase 15 Global Routing | Checksum: 2fcd40199

Time (s): cpu = 00:25:10 ; elapsed = 00:15:05 . Memory (MB): peak = 4605.492 ; gain = 564.043

Phase 16 Initial Routing

Phase 16.1 Initial Net Routing Pass
 Number of Nodes with overlaps = 0
Phase 16.1 Initial Net Routing Pass | Checksum: 2fcd40199

Time (s): cpu = 00:25:11 ; elapsed = 00:15:05 . Memory (MB): peak = 4605.492 ; gain = 564.043
Phase 16 Initial Routing | Checksum: 2fcd40199

Time (s): cpu = 00:25:11 ; elapsed = 00:15:06 . Memory (MB): peak = 4605.492 ; gain = 564.043
INFO: [Route 35-580] Design has 832 pins with tight setup and hold constraints.

The top 5 pins with tight setup and hold constraints:

+====================+===================+============================================+
| Launch Setup Clock | Launch Hold Clock | Pin                                        |
+====================+===================+============================================+
| u_top_n_1388       | u_top_n_1388      | u_top/u_core/u_pp/u_bank0/rd_data_reg[5]/D |
| u_top_n_1388       | u_top_n_1388      | u_top/u_core/u_pp/u_bank0/rd_data_reg[6]/D |
| u_top_n_1388       | u_top_n_1388      | u_top/u_core/u_pp/u_bank0/rd_data_reg[7]/D |
| u_top_n_1388       | u_top_n_1388      | u_top/u_core/u_pp/u_bank0/rd_data_reg[0]/D |
| u_top_n_1388       | u_top_n_1388      | u_top/u_core/u_pp/u_bank0/rd_data_reg[4]/D |
+--------------------+-------------------+--------------------------------------------+

File with complete list of pins: tight_setup_hold_pins.txt


Phase 17 Rip-up And Reroute

Phase 17.1 Global Iteration 0
INFO: [Route 35-416] Intermediate Timing Summary | WNS=-0.510 | TNS=-760.829| WHS=N/A    | THS=N/A    |

Phase 17.1 Global Iteration 0 | Checksum: 2baf2f7c6

Time (s): cpu = 00:25:26 ; elapsed = 00:15:15 . Memory (MB): peak = 4605.492 ; gain = 564.043

Phase 17.2 Global Iteration 1
 Number of Nodes with overlaps = 1227
 Number of Nodes with overlaps = 1002
 Number of Nodes with overlaps = 711
 Number of Nodes with overlaps = 470
 Number of Nodes with overlaps = 315
 Number of Nodes with overlaps = 217
 Number of Nodes with overlaps = 150
 Number of Nodes with overlaps = 91
 Number of Nodes with overlaps = 63
 Number of Nodes with overlaps = 40
 Number of Nodes with overlaps = 29
 Number of Nodes with overlaps = 14
 Number of Nodes with overlaps = 8
 Number of Nodes with overlaps = 3
 Number of Nodes with overlaps = 1
 Number of Nodes with overlaps = 0
INFO: [Route 35-416] Intermediate Timing Summary | WNS=-0.510 | TNS=-1051.947| WHS=N/A    | THS=N/A    |

Phase 17.2 Global Iteration 1 | Checksum: 1f19a1938

Time (s): cpu = 00:30:33 ; elapsed = 00:18:50 . Memory (MB): peak = 4605.492 ; gain = 564.043
Phase 17 Rip-up And Reroute | Checksum: 1f19a1938

Time (s): cpu = 00:30:33 ; elapsed = 00:18:50 . Memory (MB): peak = 4605.492 ; gain = 564.043

Phase 18 Delay and Skew Optimization

Phase 18.1 Delay CleanUp

Phase 18.1.1 Update Timing
Phase 18.1.1 Update Timing | Checksum: 1b06fce3c

Time (s): cpu = 00:30:36 ; elapsed = 00:18:51 . Memory (MB): peak = 4605.492 ; gain = 564.043
INFO: [Route 35-416] Intermediate Timing Summary | WNS=-0.504 | TNS=-745.973| WHS=N/A    | THS=N/A    |

 Number of Nodes with overlaps = 0
Phase 18.1 Delay CleanUp | Checksum: 2177d2108

Time (s): cpu = 00:30:37 ; elapsed = 00:18:52 . Memory (MB): peak = 4605.492 ; gain = 564.043

Phase 18.2 Clock Skew Optimization
Phase 18.2 Clock Skew Optimization | Checksum: 2177d2108

Time (s): cpu = 00:30:37 ; elapsed = 00:18:52 . Memory (MB): peak = 4605.492 ; gain = 564.043
Phase 18 Delay and Skew Optimization | Checksum: 2177d2108

Time (s): cpu = 00:30:37 ; elapsed = 00:18:52 . Memory (MB): peak = 4605.492 ; gain = 564.043

Phase 19 Post Hold Fix

Phase 19.1 Hold Fix Iter
INFO: [Route 35-416] Intermediate Timing Summary | WNS=-0.481 | TNS=-744.565| WHS=0.026  | THS=0.000  |

Phase 19.1 Hold Fix Iter | Checksum: 26ff1862f

Time (s): cpu = 00:30:40 ; elapsed = 00:18:53 . Memory (MB): peak = 4605.492 ; gain = 564.043
Phase 19 Post Hold Fix | Checksum: 26ff1862f

Time (s): cpu = 00:30:40 ; elapsed = 00:18:53 . Memory (MB): peak = 4605.492 ; gain = 564.043

Phase 20 Timing Verification

Phase 20.1 Update Timing
Phase 20.1 Update Timing | Checksum: 26ff1862f

Time (s): cpu = 00:30:47 ; elapsed = 00:18:57 . Memory (MB): peak = 4605.492 ; gain = 564.043
INFO: [Route 35-416] Intermediate Timing Summary | WNS=-0.481 | TNS=-744.565| WHS=0.026  | THS=0.000  |

Phase 20 Timing Verification | Checksum: 26ff1862f

Time (s): cpu = 00:30:47 ; elapsed = 00:18:57 . Memory (MB): peak = 4605.492 ; gain = 564.043

Phase 21 Route finalize

Router Utilization Summary
  Global Vertical Routing Utilization    = 16.1674 %
  Global Horizontal Routing Utilization  = 19.4239 %
  Routable Net Status*
  *Does not include unroutable nets such as driverless and loadless.
  Run report_route_status for detailed report.
  Number of Failed Nets               = 0
    (Failed Nets is the sum of unrouted and partially routed nets)
  Number of Unrouted Nets             = 0
  Number of Partially Routed Nets     = 0
  Number of Node Overlaps             = 0


--GLOBAL Congestion:
Utilization threshold used for congestion level computation: 0.85
Congestion Report
North Dir 16x16 Area, Max Cong = 88.598%, Congestion bounded by tiles (Lower Left Tile -> Upper Right Tile):
   INT_L_X64Y122 -> INT_R_X79Y137
   INT_L_X64Y106 -> INT_R_X79Y121
South Dir 16x16 Area, Max Cong = 96.5442%, Congestion bounded by tiles (Lower Left Tile -> Upper Right Tile):
   INT_L_X48Y122 -> INT_R_X63Y137
   INT_L_X64Y122 -> INT_R_X79Y137
   INT_L_X48Y106 -> INT_R_X63Y121
   INT_L_X64Y106 -> INT_R_X79Y121
   INT_L_X64Y90 -> INT_R_X79Y105
East Dir 16x16 Area, Max Cong = 92.9572%, Congestion bounded by tiles (Lower Left Tile -> Upper Right Tile):
   INT_L_X48Y122 -> INT_R_X63Y137
   INT_L_X64Y122 -> INT_R_X79Y137
   INT_L_X48Y106 -> INT_R_X63Y121
   INT_L_X64Y106 -> INT_R_X79Y121
   INT_L_X48Y90 -> INT_R_X63Y105
West Dir 16x16 Area, Max Cong = 95.1228%, Congestion bounded by tiles (Lower Left Tile -> Upper Right Tile):
   INT_L_X64Y122 -> INT_R_X79Y137
   INT_L_X64Y106 -> INT_R_X79Y121
   INT_L_X64Y90 -> INT_R_X79Y105

------------------------------
Reporting congestion hotspots
------------------------------
Direction: North
----------------
Congested clusters found at Level 4
Effective congestion level: 5 Aspect Ratio: 1 Sparse Ratio: 0.75
Direction: South
----------------
Congested clusters found at Level 4
Effective congestion level: 5 Aspect Ratio: 0.666667 Sparse Ratio: 1.5
Direction: East
----------------
Congested clusters found at Level 4
Effective congestion level: 5 Aspect Ratio: 0.666667 Sparse Ratio: 1.5
Direction: West
----------------
Congested clusters found at Level 4
Effective congestion level: 5 Aspect Ratio: 0.5 Sparse Ratio: 1.25

Phase 21 Route finalize | Checksum: 26ff1862f

Time (s): cpu = 00:30:47 ; elapsed = 00:18:57 . Memory (MB): peak = 4605.492 ; gain = 564.043

Phase 22 Verifying routed nets

 Verification completed successfully
Phase 22 Verifying routed nets | Checksum: 26ff1862f

Time (s): cpu = 00:30:47 ; elapsed = 00:18:57 . Memory (MB): peak = 4605.492 ; gain = 564.043

Phase 23 Depositing Routes
Phase 23 Depositing Routes | Checksum: 2b36dd51c

Time (s): cpu = 00:30:52 ; elapsed = 00:19:01 . Memory (MB): peak = 4605.492 ; gain = 564.043

Phase 24 Post Process Routing
Phase 24 Post Process Routing | Checksum: 2b36dd51c

Time (s): cpu = 00:30:52 ; elapsed = 00:19:02 . Memory (MB): peak = 4605.492 ; gain = 564.043

Phase 25 Post Router Timing
INFO: [Route 35-20] Post Routing Timing Summary | WNS=-0.479 | TNS=-736.144| WHS=0.027  | THS=0.000  |

Phase 25 Post Router Timing | Checksum: 212a63fbd

Time (s): cpu = 00:31:18 ; elapsed = 00:19:15 . Memory (MB): peak = 4605.492 ; gain = 564.043
CRITICAL WARNING: [Route 35-39] The design did not meet timing requirements. Please run report_timing_summary for detailed reports.
Resolution: Verify that the timing was met or had small violations at all previous steps (synthesis, placement, power_opt, and phys_opt). Run report_timing_summary and analyze individual timing paths.
INFO: [Route 35-253] TNS is the sum of the worst slack violation on every endpoint in the design. Review the paths with the biggest WNS violations in the timing reports and modify your constraints or your design to improve both WNS and TNS.
Total Elapsed time in route_design: 1155.17 secs

Phase 26 Post-Route Event Processing
Phase 26 Post-Route Event Processing | Checksum: 28fb604ae

Time (s): cpu = 00:31:19 ; elapsed = 00:19:15 . Memory (MB): peak = 4605.492 ; gain = 564.043
INFO: [Route 35-16] Router Completed Successfully
Ending Routing Task | Checksum: 28fb604ae

Time (s): cpu = 00:31:19 ; elapsed = 00:19:16 . Memory (MB): peak = 4605.492 ; gain = 564.043

Routing Is Done.
INFO: [Common 17-83] Releasing license: Implementation
1002 Infos, 1 Warnings, 1 Critical Warnings and 0 Errors encountered.
route_design completed successfully
route_design: Time (s): cpu = 00:31:20 ; elapsed = 00:19:16 . Memory (MB): peak = 4605.492 ; gain = 570.727
INFO: [Timing 38-91] UpdateTimingParams: Speed grade: -2, Delay Type: min_max.
INFO: [Timing 38-191] Multithreading enabled for timing update using a maximum of 2 CPUs
report_timing_summary: Time (s): cpu = 00:00:29 ; elapsed = 00:00:16 . Memory (MB): peak = 4605.492 ; gain = 0.000
INFO: [Timing 38-91] UpdateTimingParams: Speed grade: -2, Delay Type: max.
INFO: [Timing 38-191] Multithreading enabled for timing update using a maximum of 2 CPUs
INFO: [Timing 38-78] ReportTimingParams: -max_paths 100 -nworst 1 -delay_type max -sort_by slack.
INFO: [Timing 38-91] UpdateTimingParams: Speed grade: -2, Delay Type: max.
INFO: [Timing 38-191] Multithreading enabled for timing update using a maximum of 2 CPUs
INFO: [Timing 38-78] ReportTimingParams: -to_pins  -max_paths 14 -nworst 1 -delay_type max -sort_by slack.
INFO: [Timing 38-91] UpdateTimingParams: Speed grade: -2, Delay Type: max.
INFO: [Timing 38-191] Multithreading enabled for timing update using a maximum of 2 CPUs
INFO: [Timing 38-78] ReportTimingParams: -to_pins  -max_paths 14 -nworst 1 -delay_type max -sort_by slack.
INFO: [Timing 38-480] Writing timing data to binary archive.
Wrote PlaceDB: Time (s): cpu = 00:00:00 ; elapsed = 00:00:00 . Memory (MB): peak = 4605.492 ; gain = 0.000
Wrote PulsedLatchDB: Time (s): cpu = 00:00:00 ; elapsed = 00:00:00 . Memory (MB): peak = 4605.492 ; gain = 0.000
Writing XDEF routing.
Writing XDEF routing logical nets.
Write ShapeDB Complete: Time (s): cpu = 00:00:00 ; elapsed = 00:00:00.145 . Memory (MB): peak = 4605.492 ; gain = 0.000
Writing XDEF routing special nets.
Wrote RouteStorage: Time (s): cpu = 00:00:02 ; elapsed = 00:00:00.565 . Memory (MB): peak = 4605.492 ; gain = 0.000
Wrote PlaceStorage: Time (s): cpu = 00:00:04 ; elapsed = 00:00:02 . Memory (MB): peak = 4605.492 ; gain = 0.000
Wrote Netlist Cache: Time (s): cpu = 00:00:00 ; elapsed = 00:00:00.085 . Memory (MB): peak = 4605.492 ; gain = 0.000
Wrote Device Cache: Time (s): cpu = 00:00:00 ; elapsed = 00:00:00.006 . Memory (MB): peak = 4605.492 ; gain = 0.000
Write Physdb Complete: Time (s): cpu = 00:00:06 ; elapsed = 00:00:02 . Memory (MB): peak = 4605.492 ; gain = 0.000
INFO: [Common 17-1381] The checkpoint 'V:/_synth_bc/acc36_realrom_200_member_b_pad_flags_20261003_setup030_ascii_ramdecomp/postroute.dcp' has been generated.
write_checkpoint: Time (s): cpu = 00:00:13 ; elapsed = 00:00:09 . Memory (MB): peak = 4605.492 ; gain = 0.000
INFO: [Timing 38-91] UpdateTimingParams: Speed grade: -2, Delay Type: min_max.
INFO: [Timing 38-191] Multithreading enabled for timing update using a maximum of 2 CPUs
Command: report_drc -file V://_synth_bc/acc36_realrom_200_member_b_pad_flags_20261003_setup030_ascii_ramdecomp/reports/drc_postroute.rpt
INFO: [IP_Flow 19-1839] IP Catalog is up to date.
INFO: [DRC 23-27] Running DRC with 2 threads
INFO: [Vivado_Tcl 2-168] The results of DRC are in file V:/_synth_bc/acc36_realrom_200_member_b_pad_flags_20261003_setup030_ascii_ramdecomp/reports/drc_postroute.rpt.
report_drc completed successfully
report_drc: Time (s): cpu = 00:00:11 ; elapsed = 00:00:06 . Memory (MB): peak = 4605.492 ; gain = 0.000
report_ram_utilization: Time (s): cpu = 00:00:00 ; elapsed = 00:00:00 . Memory (MB): peak = 4605.492 ; gain = 0.000
# proc grab {file pattern {dflt n/a}} {
#     if {![file exists $file]} { return $dflt }
#     set fh [open $file r]; set c [read $fh]; close $fh
#     if {[regexp $pattern $c -> v]} { return $v }
#     return $dflt
# }
# proc bram_of {util} {
#     set b36 [grab $util {\|\s*RAMB36/FIFO\*?\s*\|\s*(\d+)\s*\|}]
#     set b18 [grab $util {\|\s*RAMB18\s*\|\s*(\d+)\s*\|}]
#     return [list $b36 $b18]
# }
# proc timing_of {tsum} {
#     # è·¨è?Œæ?£åˆ™å¿…é¡»æ˜¾å¼ [^\n]*ï¼ˆTcl ARE çš? . åŒ¹é…æ¢è?Œï¼Œè§? impl_check.tclã€Œç¼ºé™¡¤ 5ã€ï¼‰
#     set res [list n/a n/a n/a n/a]
#     if {![file exists $tsum]} { return $res }
#     set fh [open $tsum r]; set tc [read $fh]; close $fh
#     if {[regexp {WNS\(ns\)[^\n]*\n[^\n]*\n\s*(-?[0-9]+\.[0-9]+)\s+(-?[0-9]+\.[0-9]+)\s+([0-9]+)\s+([0-9]+)\s+(-?[0-9]+\.[0-9]+)\s+(-?[0-9]+\.[0-9]+)} \
#             $tc -> w t fe te wh th]} {
#         set res [list $w $t $wh $th]
#     }
#     return $res
# }
# set us "$out_dir/utilization_synth.rpt"
# lassign [bram_of $us] bram36 bram18
# set dsp [grab $us {\|\s*DSPs\*?\s*\|\s*(\d+)\s*\|}]
# if {$dsp eq "n/a"} { set dsp [grab $us {\|\s*DSP48E1\s*\|\s*(\d+)\s*\|}] }
# set lut    [grab $us {\|\s*Slice LUTs\*?\s*\|\s*(\d+)\s*\|}]
# set ff     [grab $us {\|\s*Slice Registers\s*\|\s*(\d+)\s*\|}]
# set bram_lut [grab $us {\|\s*LUT as Memory\s*\|\s*(\d+)\s*\|}]
# set mmcm   [grab $us {\|\s*MMCME2_ADV\s*\|\s*(\d+)\s*\|}]
# set pll    [grab $us {\|\s*PLLE2_ADV\s*\|\s*(\d+)\s*\|}]
# set bufg   [grab $us {\|\s*BUFGCTRL\*?\s*\|\s*(\d+)\s*\|}]
# lassign [timing_of "$out_dir/timing_summary_synth.rpt"] r_wns_s r_tns_s r_whs_s r_ths_s
# set up "$out_dir/utilization_postroute.rpt"
# set has_impl 0
# if {[file exists $up]} { set has_impl 1 }
# if {$has_impl} {
#     lassign [bram_of $up] pb36 pb18
#     set pdsp    [grab $up {\|\s*DSPs\*?\s*\|\s*(\d+)\s*\|}]
#     if {$pdsp eq "n/a"} { set pdsp [grab $up {\|\s*DSP48E1\s*\|\s*(\d+)\s*\|}] }
#     set plut    [grab $up {\|\s*Slice LUTs\*?\s*\|\s*(\d+)\s*\|}]
#     set pff     [grab $up {\|\s*Slice Registers\s*\|\s*(\d+)\s*\|}]
#     set pmmcm   [grab $up {\|\s*MMCME2_ADV\s*\|\s*(\d+)\s*\|}]
#     set ppll    [grab $up {\|\s*PLLE2_ADV\s*\|\s*(\d+)\s*\|}]
#     set pbufg   [grab $up {\|\s*BUFGCTRL\*?\s*\|\s*(\d+)\s*\|}]
#     lassign [timing_of "$out_dir/timing_summary_postroute.rpt"] r_wns r_tns r_whs r_ths
# } else {
#     set pb36 "n/a"; set pb18 "n/a"; set pdsp "n/a"; set plut "n/a"; set pff "n/a"
#     set pmmcm "n/a"; set ppll "n/a"; set pbufg "n/a"
# }
# set rf [open "$out_dir/bc_real_synth_result.txt" w]
# fconfigure $rf -encoding utf-8
# puts $rf "=========================================================="
# puts $rf " REAL B five-layer + C shell : resource / timing evidence"
# puts $rf "=========================================================="
# puts $rf " 1  Vivado version     : [version -short]"
# puts $rf " 2  FPGA part          : $target_part"
# puts $rf " 3  top module         : $top_module"
# puts $rf " 4  B RTL              : ae29515 closure + rtl/b_real_c_patch local RTL overrides"
# puts $rf " 5  B param ROMs       : rom/member_a_d16_s8_m1_c16 (19 x *_packed.mem, \$readmemh, CWD)"
# puts $rf " 6  C_USE_B_REAL       : via 'synth_design -verilog_define C_USE_B_REAL'"
# puts $rf " 7  flatten_hierarchy  : rebuilt"
# puts $rf " 8  clock              : sys_clk 50MHz (W19) -> MMCME2_BASE -> [expr {$target_clk_mhz}] MHz"
# puts $rf " 9  Git commit SHA     : $git_sha"
# puts $rf "10  uncommitted change : $local_mod"
# puts $rf "11  generated at       : [clock format [clock seconds] -format {%Y-%m-%d %H:%M:%S}] (local)"
# puts $rf "12  implementation     : $impl_status"
# puts $rf "----------------------------------------------------------"
# puts $rf " SELF-CHECK (must be OK, else everything below is void):"
# puts $rf "   b_core_real cells            : $n_real"
# puts $rf "   b_core_stub cells            : $n_stub   (must be 0)"
# puts $rf "   fsrcnn_network_mem_top cells : $n_top"
# puts $rf "   fsrcnn_stream_layer cells    : $n_layer  (must be 5)"
# puts $rf "   pixel_shuffle2x_row_banks    : $n_pshuf"
# puts $rf "   elastic_fifo cells           : $n_fifo"
# puts $rf "   VERDICT                      : $use_real"
# puts $rf "----------------------------------------------------------"
# puts $rf " (A) SYNTHESIS-level (MEASURED)"
# puts $rf "   RAMB36/FIFO   : $bram36 / 365"
# puts $rf "   RAMB18        : $bram18 / 730"
# puts $rf "   DSP48E1       : $dsp / 740"
# puts $rf "   Slice LUTs    : $lut"
# puts $rf "   Slice Regs    : $ff"
# puts $rf "   LUT as Memory : $bram_lut"
# puts $rf "   MMCME2_ADV    : $mmcm"
# puts $rf "   PLLE2_ADV     : $pll"
# puts $rf "   BUFGCTRL      : $bufg"
# puts $rf "   WNS / TNS     : $r_wns_s / $r_tns_s ns"
# puts $rf "   WHS / THS     : $r_whs_s / $r_ths_s ns"
# puts $rf "----------------------------------------------------------"
# puts $rf " (B) POST-ROUTE (MEASURED)"
# puts $rf "   RAMB36/FIFO   : $pb36 / 365"
# puts $rf "   RAMB18        : $pb18 / 730"
# puts $rf "   DSP48E1       : $pdsp / 740"
# puts $rf "   Slice LUTs    : $plut"
# puts $rf "   Slice Regs    : $pff"
# puts $rf "   MMCME2_ADV    : $pmmcm"
# puts $rf "   PLLE2_ADV     : $ppll"
# puts $rf "   BUFGCTRL      : $pbufg"
# puts $rf "   WNS / TNS     : $r_wns / $r_tns ns"
# puts $rf "   WHS / THS     : $r_whs / $r_ths ns"
# puts $rf "----------------------------------------------------------"
# puts $rf " reports : _synth_bc/$variant/reports/"
# puts $rf "=========================================================="
# puts $rf " NOTE 1: this DOES instantiate b_core_real (see SELF-CHECK)."
# puts $rf "         Do NOT quote synth_check.tcl numbers as 'B network cost'."
# puts $rf " NOTE 2: functional correctness of B is NOT implied by this file."
# puts $rf "         Synthesis success != the five-layer net reproduces A Golden."
# puts $rf " NOTE 3: Fmax / 30fps MUST NOT be claimed from synthesis-only data."
# puts $rf "=========================================================="
# close $rf
# puts ""

# puts " SELF-CHECK use_real = $use_real (real=$n_real stub=$n_stub top=$n_top layer=$n_layer)"
 SELF-CHECK use_real = OK (real=1 stub=0 top=1 layer=5)
# puts " synth: RAMB36=$bram36 RAMB18=$bram18 DSP=$dsp LUT=$lut FF=$ff MMCM=$mmcm BUFG=$bufg"
 synth: RAMB36=226 RAMB18=8 DSP=394 LUT=28235 FF=48924 MMCM=1 BUFG=1
# puts " synth: WNS=$r_wns_s TNS=$r_tns_s WHS=$r_whs_s THS=$r_ths_s"
 synth: WNS=0.016 TNS=0.000 WHS=0.029 THS=0.000
# puts " impl : $impl_status  WNS=$r_wns TNS=$r_tns WHS=$r_whs THS=$r_ths"
 impl : COMPLETED  WNS=-0.179 TNS=-6.939 WHS=0.027 THS=0.000
# puts " -> $out_dir/bc_real_synth_result.txt"
 -> V://_synth_bc/acc36_realrom_200_member_b_pad_flags_20261003_setup030_ascii_ramdecomp/reports/bc_real_synth_result.txt
# puts ""

# if {$do_impl && $impl_status ne "COMPLETED"} { error "Member B implementation did not complete" }
# puts "MARGIN200_PIPELINE030_COMPLETE"
MARGIN200_PIPELINE030_COMPLETE
INFO: [Common 17-206] Exiting Vivado at Sat Oct  3 20:30:32 2026...
