Copyright 1986-2022 Xilinx, Inc. All Rights Reserved. Copyright 2022-2025 Advanced Micro Devices, Inc. All Rights Reserved.
-----------------------------------------------------------------------------------------------------------------------------------------------------------------------------------
| Tool Version : Vivado v.2025.2 (win64) Build 6299465 Fri Nov 14 19:35:11 GMT 2025
| Date         : Sat Oct  3 18:56:15 2026
| Host         : OMENMAX running 64-bit major release  (build 9200)
| Command      : report_timing_summary -delay_type min_max -max_paths 20 -file V:/_synth_bc/postroute200_v1_credit_eco030_20261003_try1/reports/before_pressure/timing_summary.rpt
| Design       : c_synth_top
| Device       : 7a200t-fbg484
| Speed File   : -2  PRODUCTION 1.23 2018-06-13
| Design State : Physopt postRoute
-----------------------------------------------------------------------------------------------------------------------------------------------------------------------------------

Timing Summary Report

------------------------------------------------------------------------------------------------
| Timer Settings
| --------------
------------------------------------------------------------------------------------------------

  Enable Multi Corner Analysis               :  Yes
  Enable Pessimism Removal                   :  Yes
  Pessimism Removal Resolution               :  Nearest Common Node
  Enable Input Delay Default Clock           :  No
  Enable Preset / Clear Arcs                 :  No
  Disable Flight Delays                      :  No
  Ignore I/O Paths                           :  No
  Timing Early Launch at Borrowing Latches   :  No
  Borrow Time for Max Delay Exceptions       :  Yes
  Merge Timing Exceptions                    :  Yes
  Inter-SLR Compensation                     :  Conservative

  Corner  Analyze    Analyze    
  Name    Max Paths  Min Paths  
  ------  ---------  ---------  
  Slow    Yes        Yes        
  Fast    Yes        Yes        


------------------------------------------------------------------------------------------------
| Report Methodology
| ------------------
------------------------------------------------------------------------------------------------

No report available as report_methodology has not been run prior. Run report_methodology on the current design for the summary of methodology violations.



check_timing report

Table of Contents
-----------------
1. checking no_clock (0)
2. checking constant_clock (0)
3. checking pulse_width_clock (0)
4. checking unconstrained_internal_endpoints (0)
5. checking no_input_delay (1)
6. checking no_output_delay (9)
7. checking multiple_clock (0)
8. checking generated_clocks (0)
9. checking loops (0)
10. checking partial_input_delay (0)
11. checking partial_output_delay (0)
12. checking latch_loops (0)

1. checking no_clock (0)
------------------------
 There are 0 register/latch pins with no clock.


2. checking constant_clock (0)
------------------------------
 There are 0 register/latch pins with constant_clock.


3. checking pulse_width_clock (0)
---------------------------------
 There are 0 register/latch pins which need pulse_width check


4. checking unconstrained_internal_endpoints (0)
------------------------------------------------
 There are 0 pins that are not constrained for maximum delay.

 There are 0 pins that are not constrained for maximum delay due to constant clock.


5. checking no_input_delay (1)
------------------------------
 There are 0 input ports with no input delay specified.

 There is 1 input port with no input delay but user has a false path constraint. (MEDIUM)


6. checking no_output_delay (9)
-------------------------------
 There are 9 ports with no output delay specified. (HIGH)

 There are 0 ports with no output delay but user has a false path constraint

 There are 0 ports with no output delay but with a timing clock defined on it or propagating through it


7. checking multiple_clock (0)
------------------------------
 There are 0 register/latch pins with multiple clocks.


8. checking generated_clocks (0)
--------------------------------
 There are 0 generated clocks that are not connected to a clock source.


9. checking loops (0)
---------------------
 There are 0 combinational loops in the design.


10. checking partial_input_delay (0)
------------------------------------
 There are 0 input ports with partial input delay specified.


11. checking partial_output_delay (0)
-------------------------------------
 There are 0 ports with partial output delay specified.


12. checking latch_loops (0)
----------------------------
 There are 0 combinational latch loops in the design through latch input



------------------------------------------------------------------------------------------------
| Design Timing Summary
| ---------------------
------------------------------------------------------------------------------------------------

    WNS(ns)      TNS(ns)  TNS Failing Endpoints  TNS Total Endpoints      WHS(ns)      THS(ns)  THS Failing Endpoints  THS Total Endpoints     WPWS(ns)     TPWS(ns)  TPWS Failing Endpoints  TPWS Total Endpoints  
    -------      -------  ---------------------  -------------------      -------      -------  ---------------------  -------------------     --------     --------  ----------------------  --------------------  
     -0.372     -455.318                   5140               179185        0.036        0.000                      0               179185        1.370        0.000                       0                 61745  


Timing constraints are not met.


------------------------------------------------------------------------------------------------
| Clock Summary
| -------------
------------------------------------------------------------------------------------------------

Clock           Waveform(ns)         Period(ns)      Frequency(MHz)
-----           ------------         ----------      --------------
sys_clk         {0.000 10.000}       20.000          50.000          
  g_mmcm.clkfb  {0.000 10.000}       20.000          50.000          
  u_top_n_1388  {0.000 2.500}        5.000           200.000         


------------------------------------------------------------------------------------------------
| Intra Clock Table
| -----------------
------------------------------------------------------------------------------------------------

Clock               WNS(ns)      TNS(ns)  TNS Failing Endpoints  TNS Total Endpoints      WHS(ns)      THS(ns)  THS Failing Endpoints  THS Total Endpoints     WPWS(ns)     TPWS(ns)  TPWS Failing Endpoints  TPWS Total Endpoints  
-----               -------      -------  ---------------------  -------------------      -------      -------  ---------------------  -------------------     --------     --------  ----------------------  --------------------  
sys_clk                                                                                                                                                           7.000        0.000                       0                     1  
  g_mmcm.clkfb                                                                                                                                                   18.751        0.000                       0                     2  
  u_top_n_1388       -0.372     -455.318                   5140               179185        0.036        0.000                      0               179185        1.370        0.000                       0                 61742  


------------------------------------------------------------------------------------------------
| Inter Clock Table
| -----------------
------------------------------------------------------------------------------------------------

From Clock    To Clock          WNS(ns)      TNS(ns)  TNS Failing Endpoints  TNS Total Endpoints      WHS(ns)      THS(ns)  THS Failing Endpoints  THS Total Endpoints  
----------    --------          -------      -------  ---------------------  -------------------      -------      -------  ---------------------  -------------------  


------------------------------------------------------------------------------------------------
| Other Path Groups Table
| -----------------------
------------------------------------------------------------------------------------------------

Path Group    From Clock    To Clock          WNS(ns)      TNS(ns)  TNS Failing Endpoints  TNS Total Endpoints      WHS(ns)      THS(ns)  THS Failing Endpoints  THS Total Endpoints  
----------    ----------    --------          -------      -------  ---------------------  -------------------      -------      -------  ---------------------  -------------------  


------------------------------------------------------------------------------------------------
| Timing Details
| --------------
------------------------------------------------------------------------------------------------


---------------------------------------------------------------------------------------------------
From Clock:  sys_clk
  To Clock:  sys_clk

Setup :           NA  Failing Endpoints,  Worst Slack           NA  ,  Total Violation           NA
Hold  :           NA  Failing Endpoints,  Worst Slack           NA  ,  Total Violation           NA
PW    :            0  Failing Endpoints,  Worst Slack        7.000ns,  Total Violation        0.000ns
---------------------------------------------------------------------------------------------------


Pulse Width Checks
--------------------------------------------------------------------------------------
Clock Name:         sys_clk
Waveform(ns):       { 0.000 10.000 }
Period(ns):         20.000
Sources:            { sys_clk }

Check Type        Corner  Lib Pin            Reference Pin  Required(ns)  Actual(ns)  Slack(ns)  Location         Pin
Min Period        n/a     MMCME2_ADV/CLKIN1  n/a            1.249         20.000      18.751     MMCME2_ADV_X0Y2  u_top/g_mmcm.u_mmcm/CLKIN1
Max Period        n/a     MMCME2_ADV/CLKIN1  n/a            100.000       20.000      80.000     MMCME2_ADV_X0Y2  u_top/g_mmcm.u_mmcm/CLKIN1
Low Pulse Width   Slow    MMCME2_ADV/CLKIN1  n/a            3.000         10.000      7.000      MMCME2_ADV_X0Y2  u_top/g_mmcm.u_mmcm/CLKIN1
Low Pulse Width   Fast    MMCME2_ADV/CLKIN1  n/a            3.000         10.000      7.000      MMCME2_ADV_X0Y2  u_top/g_mmcm.u_mmcm/CLKIN1
High Pulse Width  Slow    MMCME2_ADV/CLKIN1  n/a            3.000         10.000      7.000      MMCME2_ADV_X0Y2  u_top/g_mmcm.u_mmcm/CLKIN1
High Pulse Width  Fast    MMCME2_ADV/CLKIN1  n/a            3.000         10.000      7.000      MMCME2_ADV_X0Y2  u_top/g_mmcm.u_mmcm/CLKIN1



---------------------------------------------------------------------------------------------------
From Clock:  g_mmcm.clkfb
  To Clock:  g_mmcm.clkfb

Setup :           NA  Failing Endpoints,  Worst Slack           NA  ,  Total Violation           NA
Hold  :           NA  Failing Endpoints,  Worst Slack           NA  ,  Total Violation           NA
PW    :            0  Failing Endpoints,  Worst Slack       18.751ns,  Total Violation        0.000ns
---------------------------------------------------------------------------------------------------


Pulse Width Checks
--------------------------------------------------------------------------------------
Clock Name:         g_mmcm.clkfb
Waveform(ns):       { 0.000 10.000 }
Period(ns):         20.000
Sources:            { u_top/g_mmcm.u_mmcm/CLKFBOUT }

Check Type  Corner  Lib Pin              Reference Pin  Required(ns)  Actual(ns)  Slack(ns)  Location         Pin
Min Period  n/a     MMCME2_ADV/CLKFBOUT  n/a            1.249         20.000      18.751     MMCME2_ADV_X0Y2  u_top/g_mmcm.u_mmcm/CLKFBOUT
Min Period  n/a     MMCME2_ADV/CLKFBIN   n/a            1.249         20.000      18.751     MMCME2_ADV_X0Y2  u_top/g_mmcm.u_mmcm/CLKFBIN
Max Period  n/a     MMCME2_ADV/CLKFBIN   n/a            100.000       20.000      80.000     MMCME2_ADV_X0Y2  u_top/g_mmcm.u_mmcm/CLKFBIN
Max Period  n/a     MMCME2_ADV/CLKFBOUT  n/a            213.360       20.000      193.360    MMCME2_ADV_X0Y2  u_top/g_mmcm.u_mmcm/CLKFBOUT



---------------------------------------------------------------------------------------------------
From Clock:  u_top_n_1388
  To Clock:  u_top_n_1388

Setup :         5140  Failing Endpoints,  Worst Slack       -0.372ns,  Total Violation     -455.318ns
Hold  :            0  Failing Endpoints,  Worst Slack        0.036ns,  Total Violation        0.000ns
PW    :            0  Failing Endpoints,  Worst Slack        1.370ns,  Total Violation        0.000ns
---------------------------------------------------------------------------------------------------


Max Delay Paths
--------------------------------------------------------------------------------------
Slack (VIOLATED) :        -0.372ns  (required time - arrival time)
  Source:                 u_top/u_core/u_b/u_b_core/core/core/l5/gk.frontend/pad/x_reg[6]/C
                            (rising edge-triggered cell FDRE clocked by u_top_n_1388  {rise@0.000ns fall@2.500ns period=5.000ns})
  Destination:            u_top/u_core/u_b/u_b_core/core/core/l5/gk.frontend/win/bank_gen[0].mem_reg_3/DIADI[30]
                            (rising edge-triggered cell RAMB36E1 clocked by u_top_n_1388  {rise@0.000ns fall@2.500ns period=5.000ns})
  Path Group:             u_top_n_1388
  Path Type:              Setup (Max at Slow Process Corner)
  Requirement:            5.000ns  (u_top_n_1388 rise@5.000ns - u_top_n_1388 rise@0.000ns)
  Data Path Delay:        4.732ns  (logic 0.694ns (14.666%)  route 4.038ns (85.334%))
  Logic Levels:           3  (LUT2=1 LUT4=1 LUT5=1)
  Clock Path Skew:        -0.057ns (DCD - SCD + CPR)
    Destination Clock Delay (DCD):    5.535ns = ( 10.535 - 5.000 ) 
    Source Clock Delay      (SCD):    5.809ns
    Clock Pessimism Removal (CPR):    0.217ns
  Clock Uncertainty:      0.369ns  ((TSJ^2 + DJ^2)^1/2) / 2 + PE + UU
    Total System Jitter     (TSJ):    0.071ns
    Discrete Jitter          (DJ):    0.118ns
    Phase Error              (PE):    0.000ns
    User Uncertainty         (UU):    0.300ns

    Location             Delay type                Incr(ns)  Path(ns)    Netlist Resource(s)
  -------------------------------------------------------------------    -------------------
                         (clock u_top_n_1388 rise edge)
                                                      0.000     0.000 r  
    W19                                               0.000     0.000 r  sys_clk (IN)
                         net (fo=0)                   0.000     0.000    sys_clk
    W19                  IBUF (Prop_ibuf_I_O)         1.440     1.440 r  sys_clk_IBUF_inst/O
                         net (fo=1, routed)           1.065     2.505    u_top/sys_clk_IBUF
    MMCME2_ADV_X0Y2      MMCME2_ADV (Prop_mmcme2_adv_CLKIN1_CLKOUT0)
                                                      0.077     2.582 r  u_top/g_mmcm.u_mmcm/CLKOUT0
                         net (fo=1, routed)           1.559     4.141    u_top_n_1388
    BUFGCTRL_X0Y1        BUFG (Prop_bufg_I_O)         0.081     4.222 r  input_slot_reg[1][511]_i_3_replica/O
                         net (fo=8, routed)           0.118     4.340    clk_200_repN
    BUFGCTRL_X0Y0        BUFG (Prop_bufg_I_O)         0.081     4.421 r  input_slot_reg[1][511]_i_3/O
                         net (fo=61738, routed)       1.388     5.809    u_top/u_core/u_b/u_b_core/core/core/l5/gk.frontend/pad/clk_200
    SLICE_X85Y104        FDRE                                         r  u_top/u_core/u_b/u_b_core/core/core/l5/gk.frontend/pad/x_reg[6]/C
  -------------------------------------------------------------------    -------------------
    SLICE_X85Y104        FDRE (Prop_fdre_C_Q)         0.379     6.188 f  u_top/u_core/u_b/u_b_core/core/core/l5/gk.frontend/pad/x_reg[6]/Q
                         net (fo=6, routed)           0.669     6.856    u_top/u_core/u_b/u_b_core/core/core/l5/gk.frontend/pad/x_reg_n_0_[6]
    SLICE_X87Y102        LUT4 (Prop_lut4_I1_O)        0.105     6.961 f  u_top/u_core/u_b/u_b_core/core/core/l5/gk.frontend/pad/x[2]_i_3/O
                         net (fo=7, routed)           0.707     7.669    u_top/u_core/u_b/u_b_core/core/core/l5/gk.frontend/pad/x[2]_i_3_n_0
    SLICE_X87Y101        LUT5 (Prop_lut5_I3_O)        0.105     7.774 f  u_top/u_core/u_b/u_b_core/core/core/l5/gk.frontend/pad/bank_gen[3].mem_reg_1_i_37/O
                         net (fo=181, routed)         1.025     8.799    u_top/u_core/u_b/u_b_core/core/core/f45/pixel_d_reg[36]
    SLICE_X85Y115        LUT2 (Prop_lut2_I1_O)        0.105     8.904 r  u_top/u_core/u_b/u_b_core/core/core/f45/bank_gen[3].mem_reg_3_i_2/O
                         net (fo=5, routed)           1.637    10.541    u_top/u_core/u_b/u_b_core/core/core/l5/gk.frontend/win/pixel_in[138]
    RAMB36_X6Y30         RAMB36E1                                     r  u_top/u_core/u_b/u_b_core/core/core/l5/gk.frontend/win/bank_gen[0].mem_reg_3/DIADI[30]
  -------------------------------------------------------------------    -------------------

                         (clock u_top_n_1388 rise edge)
                                                      5.000     5.000 r  
    W19                                               0.000     5.000 r  sys_clk (IN)
                         net (fo=0)                   0.000     5.000    sys_clk
    W19                  IBUF (Prop_ibuf_I_O)         1.374     6.374 r  sys_clk_IBUF_inst/O
                         net (fo=1, routed)           1.004     7.378    u_top/sys_clk_IBUF
    MMCME2_ADV_X0Y2      MMCME2_ADV (Prop_mmcme2_adv_CLKIN1_CLKOUT0)
                                                      0.073     7.451 r  u_top/g_mmcm.u_mmcm/CLKOUT0
                         net (fo=1, routed)           1.488     8.938    u_top_n_1388
    BUFGCTRL_X0Y1        BUFG (Prop_bufg_I_O)         0.077     9.015 r  input_slot_reg[1][511]_i_3_replica/O
                         net (fo=8, routed)           0.112     9.127    clk_200_repN
    BUFGCTRL_X0Y0        BUFG (Prop_bufg_I_O)         0.077     9.204 r  input_slot_reg[1][511]_i_3/O
                         net (fo=61738, routed)       1.331    10.535    u_top/u_core/u_b/u_b_core/core/core/l5/gk.frontend/win/clk_200
    RAMB36_X6Y30         RAMB36E1                                     r  u_top/u_core/u_b/u_b_core/core/core/l5/gk.frontend/win/bank_gen[0].mem_reg_3/CLKARDCLK
                         clock pessimism              0.217    10.752    
                         clock uncertainty           -0.369    10.383    
    RAMB36_X6Y30         RAMB36E1 (Setup_ramb36e1_CLKARDCLK_DIADI[30])
                                                     -0.214    10.169    u_top/u_core/u_b/u_b_core/core/core/l5/gk.frontend/win/bank_gen[0].mem_reg_3
  -------------------------------------------------------------------
                         required time                         10.169    
                         arrival time                         -10.541    
  -------------------------------------------------------------------
                         slack                                 -0.372    

Slack (VIOLATED) :        -0.368ns  (required time - arrival time)
  Source:                 u_top/u_core/u_b/u_b_core/core/core/l5/gk.frontend/pad/x_reg[6]/C
                            (rising edge-triggered cell FDRE clocked by u_top_n_1388  {rise@0.000ns fall@2.500ns period=5.000ns})
  Destination:            u_top/u_core/u_b/u_b_core/core/core/l5/gk.frontend/win/bank_gen[0].mem_reg_3/DIPADIP[0]
                            (rising edge-triggered cell RAMB36E1 clocked by u_top_n_1388  {rise@0.000ns fall@2.500ns period=5.000ns})
  Path Group:             u_top_n_1388
  Path Type:              Setup (Max at Slow Process Corner)
  Requirement:            5.000ns  (u_top_n_1388 rise@5.000ns - u_top_n_1388 rise@0.000ns)
  Data Path Delay:        4.728ns  (logic 0.694ns (14.678%)  route 4.034ns (85.322%))
  Logic Levels:           3  (LUT2=1 LUT4=1 LUT5=1)
  Clock Path Skew:        -0.057ns (DCD - SCD + CPR)
    Destination Clock Delay (DCD):    5.535ns = ( 10.535 - 5.000 ) 
    Source Clock Delay      (SCD):    5.809ns
    Clock Pessimism Removal (CPR):    0.217ns
  Clock Uncertainty:      0.369ns  ((TSJ^2 + DJ^2)^1/2) / 2 + PE + UU
    Total System Jitter     (TSJ):    0.071ns
    Discrete Jitter          (DJ):    0.118ns
    Phase Error              (PE):    0.000ns
    User Uncertainty         (UU):    0.300ns

    Location             Delay type                Incr(ns)  Path(ns)    Netlist Resource(s)
  -------------------------------------------------------------------    -------------------
                         (clock u_top_n_1388 rise edge)
                                                      0.000     0.000 r  
    W19                                               0.000     0.000 r  sys_clk (IN)
                         net (fo=0)                   0.000     0.000    sys_clk
    W19                  IBUF (Prop_ibuf_I_O)         1.440     1.440 r  sys_clk_IBUF_inst/O
                         net (fo=1, routed)           1.065     2.505    u_top/sys_clk_IBUF
    MMCME2_ADV_X0Y2      MMCME2_ADV (Prop_mmcme2_adv_CLKIN1_CLKOUT0)
                                                      0.077     2.582 r  u_top/g_mmcm.u_mmcm/CLKOUT0
                         net (fo=1, routed)           1.559     4.141    u_top_n_1388
    BUFGCTRL_X0Y1        BUFG (Prop_bufg_I_O)         0.081     4.222 r  input_slot_reg[1][511]_i_3_replica/O
                         net (fo=8, routed)           0.118     4.340    clk_200_repN
    BUFGCTRL_X0Y0        BUFG (Prop_bufg_I_O)         0.081     4.421 r  input_slot_reg[1][511]_i_3/O
                         net (fo=61738, routed)       1.388     5.809    u_top/u_core/u_b/u_b_core/core/core/l5/gk.frontend/pad/clk_200
    SLICE_X85Y104        FDRE                                         r  u_top/u_core/u_b/u_b_core/core/core/l5/gk.frontend/pad/x_reg[6]/C
  -------------------------------------------------------------------    -------------------
    SLICE_X85Y104        FDRE (Prop_fdre_C_Q)         0.379     6.188 f  u_top/u_core/u_b/u_b_core/core/core/l5/gk.frontend/pad/x_reg[6]/Q
                         net (fo=6, routed)           0.669     6.856    u_top/u_core/u_b/u_b_core/core/core/l5/gk.frontend/pad/x_reg_n_0_[6]
    SLICE_X87Y102        LUT4 (Prop_lut4_I1_O)        0.105     6.961 f  u_top/u_core/u_b/u_b_core/core/core/l5/gk.frontend/pad/x[2]_i_3/O
                         net (fo=7, routed)           0.707     7.669    u_top/u_core/u_b/u_b_core/core/core/l5/gk.frontend/pad/x[2]_i_3_n_0
    SLICE_X87Y101        LUT5 (Prop_lut5_I3_O)        0.105     7.774 f  u_top/u_core/u_b/u_b_core/core/core/l5/gk.frontend/pad/bank_gen[3].mem_reg_1_i_37/O
                         net (fo=181, routed)         1.222     8.995    u_top/u_core/u_b/u_b_core/core/core/f45/pixel_d_reg[36]
    SLICE_X89Y126        LUT2 (Prop_lut2_I1_O)        0.105     9.100 r  u_top/u_core/u_b/u_b_core/core/core/f45/bank_gen[3].mem_reg_3_i_36/O
                         net (fo=5, routed)           1.437    10.537    u_top/u_core/u_b/u_b_core/core/core/l5/gk.frontend/win/pixel_in[140]
    RAMB36_X6Y30         RAMB36E1                                     r  u_top/u_core/u_b/u_b_core/core/core/l5/gk.frontend/win/bank_gen[0].mem_reg_3/DIPADIP[0]
  -------------------------------------------------------------------    -------------------

                         (clock u_top_n_1388 rise edge)
                                                      5.000     5.000 r  
    W19                                               0.000     5.000 r  sys_clk (IN)
                         net (fo=0)                   0.000     5.000    sys_clk
    W19                  IBUF (Prop_ibuf_I_O)         1.374     6.374 r  sys_clk_IBUF_inst/O
                         net (fo=1, routed)           1.004     7.378    u_top/sys_clk_IBUF
    MMCME2_ADV_X0Y2      MMCME2_ADV (Prop_mmcme2_adv_CLKIN1_CLKOUT0)
                                                      0.073     7.451 r  u_top/g_mmcm.u_mmcm/CLKOUT0
                         net (fo=1, routed)           1.488     8.938    u_top_n_1388
    BUFGCTRL_X0Y1        BUFG (Prop_bufg_I_O)         0.077     9.015 r  input_slot_reg[1][511]_i_3_replica/O
                         net (fo=8, routed)           0.112     9.127    clk_200_repN
    BUFGCTRL_X0Y0        BUFG (Prop_bufg_I_O)         0.077     9.204 r  input_slot_reg[1][511]_i_3/O
                         net (fo=61738, routed)       1.331    10.535    u_top/u_core/u_b/u_b_core/core/core/l5/gk.frontend/win/clk_200
    RAMB36_X6Y30         RAMB36E1                                     r  u_top/u_core/u_b/u_b_core/core/core/l5/gk.frontend/win/bank_gen[0].mem_reg_3/CLKARDCLK
                         clock pessimism              0.217    10.752    
                         clock uncertainty           -0.369    10.383    
    RAMB36_X6Y30         RAMB36E1 (Setup_ramb36e1_CLKARDCLK_DIPADIP[0])
                                                     -0.214    10.169    u_top/u_core/u_b/u_b_core/core/core/l5/gk.frontend/win/bank_gen[0].mem_reg_3
  -------------------------------------------------------------------
                         required time                         10.169    
                         arrival time                         -10.537    
  -------------------------------------------------------------------
                         slack                                 -0.368    

Slack (VIOLATED) :        -0.365ns  (required time - arrival time)
  Source:                 u_top/u_core/u_b/u_b_core/core/core/f45/g_narrow_read.rd_ptr_local_reg[2]_replica_3/C
                            (rising edge-triggered cell FDRE clocked by u_top_n_1388  {rise@0.000ns fall@2.500ns period=5.000ns})
  Destination:            u_top/u_core/u_b/u_b_core/core/core/l5/gk.frontend/win/bank_gen[1].mem_reg_0/DIADI[23]
                            (rising edge-triggered cell RAMB36E1 clocked by u_top_n_1388  {rise@0.000ns fall@2.500ns period=5.000ns})
  Path Group:             u_top_n_1388
  Path Type:              Setup (Max at Slow Process Corner)
  Requirement:            5.000ns  (u_top_n_1388 rise@5.000ns - u_top_n_1388 rise@0.000ns)
  Data Path Delay:        4.669ns  (logic 0.589ns (12.616%)  route 4.080ns (87.384%))
  Logic Levels:           2  (LUT2=1 RAMD32=1)
  Clock Path Skew:        -0.114ns (DCD - SCD + CPR)
    Destination Clock Delay (DCD):    5.610ns = ( 10.610 - 5.000 ) 
    Source Clock Delay      (SCD):    5.946ns
    Clock Pessimism Removal (CPR):    0.223ns
  Clock Uncertainty:      0.369ns  ((TSJ^2 + DJ^2)^1/2) / 2 + PE + UU
    Total System Jitter     (TSJ):    0.071ns
    Discrete Jitter          (DJ):    0.118ns
    Phase Error              (PE):    0.000ns
    User Uncertainty         (UU):    0.300ns

    Location             Delay type                Incr(ns)  Path(ns)    Netlist Resource(s)
  -------------------------------------------------------------------    -------------------
                         (clock u_top_n_1388 rise edge)
                                                      0.000     0.000 r  
    W19                                               0.000     0.000 r  sys_clk (IN)
                         net (fo=0)                   0.000     0.000    sys_clk
    W19                  IBUF (Prop_ibuf_I_O)         1.440     1.440 r  sys_clk_IBUF_inst/O
                         net (fo=1, routed)           1.065     2.505    u_top/sys_clk_IBUF
    MMCME2_ADV_X0Y2      MMCME2_ADV (Prop_mmcme2_adv_CLKIN1_CLKOUT0)
                                                      0.077     2.582 r  u_top/g_mmcm.u_mmcm/CLKOUT0
                         net (fo=1, routed)           1.559     4.141    u_top_n_1388
    BUFGCTRL_X0Y1        BUFG (Prop_bufg_I_O)         0.081     4.222 r  input_slot_reg[1][511]_i_3_replica/O
                         net (fo=8, routed)           0.118     4.340    clk_200_repN
    BUFGCTRL_X0Y0        BUFG (Prop_bufg_I_O)         0.081     4.421 r  input_slot_reg[1][511]_i_3/O
                         net (fo=61738, routed)       1.525     5.946    u_top/u_core/u_b/u_b_core/core/core/f45/clk_200
    SLICE_X82Y99         FDRE                                         r  u_top/u_core/u_b/u_b_core/core/core/f45/g_narrow_read.rd_ptr_local_reg[2]_replica_3/C
  -------------------------------------------------------------------    -------------------
    SLICE_X82Y99         FDRE (Prop_fdre_C_Q)         0.379     6.325 r  u_top/u_core/u_b/u_b_core/core/core/f45/g_narrow_read.rd_ptr_local_reg[2]_replica_3/Q
                         net (fo=24, routed)          1.210     7.535    u_top/u_core/u_b/u_b_core/core/core/f45/g_narrow_read.mem_reg_0_31_18_23/ADDRC2
    SLICE_X96Y95         RAMD32 (Prop_ramd32_RADR2_O)
                                                      0.105     7.640 r  u_top/u_core/u_b/u_b_core/core/core/f45/g_narrow_read.mem_reg_0_31_18_23/RAMC_D1/O
                         net (fo=1, routed)           0.931     8.571    u_top/u_core/u_b/u_b_core/core/core/f45/d45[23]
    SLICE_X89Y105        LUT2 (Prop_lut2_I0_O)        0.105     8.676 r  u_top/u_core/u_b/u_b_core/core/core/f45/bank_gen[3].mem_reg_0_i_10/O
                         net (fo=5, routed)           1.938    10.615    u_top/u_core/u_b/u_b_core/core/core/l5/gk.frontend/win/pixel_in[23]
    RAMB36_X7Y23         RAMB36E1                                     r  u_top/u_core/u_b/u_b_core/core/core/l5/gk.frontend/win/bank_gen[1].mem_reg_0/DIADI[23]
  -------------------------------------------------------------------    -------------------

                         (clock u_top_n_1388 rise edge)
                                                      5.000     5.000 r  
    W19                                               0.000     5.000 r  sys_clk (IN)
                         net (fo=0)                   0.000     5.000    sys_clk
    W19                  IBUF (Prop_ibuf_I_O)         1.374     6.374 r  sys_clk_IBUF_inst/O
                         net (fo=1, routed)           1.004     7.378    u_top/sys_clk_IBUF
    MMCME2_ADV_X0Y2      MMCME2_ADV (Prop_mmcme2_adv_CLKIN1_CLKOUT0)
                                                      0.073     7.451 r  u_top/g_mmcm.u_mmcm/CLKOUT0
                         net (fo=1, routed)           1.488     8.938    u_top_n_1388
    BUFGCTRL_X0Y1        BUFG (Prop_bufg_I_O)         0.077     9.015 r  input_slot_reg[1][511]_i_3_replica/O
                         net (fo=8, routed)           0.112     9.127    clk_200_repN
    BUFGCTRL_X0Y0        BUFG (Prop_bufg_I_O)         0.077     9.204 r  input_slot_reg[1][511]_i_3/O
                         net (fo=61738, routed)       1.405    10.610    u_top/u_core/u_b/u_b_core/core/core/l5/gk.frontend/win/clk_200
    RAMB36_X7Y23         RAMB36E1                                     r  u_top/u_core/u_b/u_b_core/core/core/l5/gk.frontend/win/bank_gen[1].mem_reg_0/CLKARDCLK
                         clock pessimism              0.223    10.833    
                         clock uncertainty           -0.369    10.464    
    RAMB36_X7Y23         RAMB36E1 (Setup_ramb36e1_CLKARDCLK_DIADI[23])
                                                     -0.214    10.250    u_top/u_core/u_b/u_b_core/core/core/l5/gk.frontend/win/bank_gen[1].mem_reg_0
  -------------------------------------------------------------------
                         required time                         10.250    
                         arrival time                         -10.615    
  -------------------------------------------------------------------
                         slack                                 -0.365    

Slack (VIOLATED) :        -0.354ns  (required time - arrival time)
  Source:                 u_top/u_core/u_b/u_b_core/core/core/l3/gk.frontend/pad/x_reg[3]/C
                            (rising edge-triggered cell FDRE clocked by u_top_n_1388  {rise@0.000ns fall@2.500ns period=5.000ns})
  Destination:            u_top/u_core/u_b/u_b_core/core/core/l3/gk.frontend/win/bank_gen[0].mem_reg_2/DIADI[11]
                            (rising edge-triggered cell RAMB36E1 clocked by u_top_n_1388  {rise@0.000ns fall@2.500ns period=5.000ns})
  Path Group:             u_top_n_1388
  Path Type:              Setup (Max at Slow Process Corner)
  Requirement:            5.000ns  (u_top_n_1388 rise@5.000ns - u_top_n_1388 rise@0.000ns)
  Data Path Delay:        4.398ns  (logic 0.802ns (18.236%)  route 3.596ns (81.764%))
  Logic Levels:           4  (LUT2=1 LUT5=1 LUT6=2)
  Clock Path Skew:        -0.212ns (DCD - SCD + CPR)
    Destination Clock Delay (DCD):    5.623ns = ( 10.623 - 5.000 ) 
    Source Clock Delay      (SCD):    6.057ns
    Clock Pessimism Removal (CPR):    0.223ns
  Clock Uncertainty:      0.369ns  ((TSJ^2 + DJ^2)^1/2) / 2 + PE + UU
    Total System Jitter     (TSJ):    0.071ns
    Discrete Jitter          (DJ):    0.118ns
    Phase Error              (PE):    0.000ns
    User Uncertainty         (UU):    0.300ns

    Location             Delay type                Incr(ns)  Path(ns)    Netlist Resource(s)
  -------------------------------------------------------------------    -------------------
                         (clock u_top_n_1388 rise edge)
                                                      0.000     0.000 r  
    W19                                               0.000     0.000 r  sys_clk (IN)
                         net (fo=0)                   0.000     0.000    sys_clk
    W19                  IBUF (Prop_ibuf_I_O)         1.440     1.440 r  sys_clk_IBUF_inst/O
                         net (fo=1, routed)           1.065     2.505    u_top/sys_clk_IBUF
    MMCME2_ADV_X0Y2      MMCME2_ADV (Prop_mmcme2_adv_CLKIN1_CLKOUT0)
                                                      0.077     2.582 r  u_top/g_mmcm.u_mmcm/CLKOUT0
                         net (fo=1, routed)           1.559     4.141    u_top_n_1388
    BUFGCTRL_X0Y1        BUFG (Prop_bufg_I_O)         0.081     4.222 r  input_slot_reg[1][511]_i_3_replica/O
                         net (fo=8, routed)           0.118     4.340    clk_200_repN
    BUFGCTRL_X0Y0        BUFG (Prop_bufg_I_O)         0.081     4.421 r  input_slot_reg[1][511]_i_3/O
                         net (fo=61738, routed)       1.636     6.057    u_top/u_core/u_b/u_b_core/core/core/l3/gk.frontend/pad/clk_200
    SLICE_X30Y97         FDRE                                         r  u_top/u_core/u_b/u_b_core/core/core/l3/gk.frontend/pad/x_reg[3]/C
  -------------------------------------------------------------------    -------------------
    SLICE_X30Y97         FDRE (Prop_fdre_C_Q)         0.379     6.436 r  u_top/u_core/u_b/u_b_core/core/core/l3/gk.frontend/pad/x_reg[3]/Q
                         net (fo=7, routed)           0.725     7.161    u_top/u_core/u_b/u_b_core/core/core/l3/gk.frontend/pad/x_reg_n_0_[3]
    SLICE_X32Y96         LUT5 (Prop_lut5_I0_O)        0.105     7.266 r  u_top/u_core/u_b/u_b_core/core/core/l3/gk.frontend/pad/x[9]_i_7__0/O
                         net (fo=3, routed)           0.243     7.508    u_top/u_core/u_b/u_b_core/core/core/l3/gk.frontend/pad/x[9]_i_7__0_n_0
    SLICE_X34Y96         LUT6 (Prop_lut6_I5_O)        0.105     7.613 f  u_top/u_core/u_b/u_b_core/core/core/l3/gk.frontend/pad/bank_gen[1].mem_reg_0_i_45/O
                         net (fo=1, routed)           0.429     8.042    u_top/u_core/u_b/u_b_core/core/core/l3/gk.frontend/pad/bank_gen[1].mem_reg_0_i_45_n_0
    SLICE_X33Y97         LUT6 (Prop_lut6_I5_O)        0.105     8.147 f  u_top/u_core/u_b/u_b_core/core/core/l3/gk.frontend/pad/bank_gen[1].mem_reg_0_i_38/O
                         net (fo=130, routed)         1.132     9.279    u_top/u_core/u_b/u_b_core/core/core/f23/pixel_d_reg[0]
    SLICE_X38Y104        LUT2 (Prop_lut2_I1_O)        0.108     9.387 r  u_top/u_core/u_b/u_b_core/core/core/f23/bank_gen[1].mem_reg_2_i_21/O
                         net (fo=3, routed)           1.068    10.455    u_top/u_core/u_b/u_b_core/core/core/l3/gk.frontend/win/pixel_in[83]
    RAMB36_X1Y23         RAMB36E1                                     r  u_top/u_core/u_b/u_b_core/core/core/l3/gk.frontend/win/bank_gen[0].mem_reg_2/DIADI[11]
  -------------------------------------------------------------------    -------------------

                         (clock u_top_n_1388 rise edge)
                                                      5.000     5.000 r  
    W19                                               0.000     5.000 r  sys_clk (IN)
                         net (fo=0)                   0.000     5.000    sys_clk
    W19                  IBUF (Prop_ibuf_I_O)         1.374     6.374 r  sys_clk_IBUF_inst/O
                         net (fo=1, routed)           1.004     7.378    u_top/sys_clk_IBUF
    MMCME2_ADV_X0Y2      MMCME2_ADV (Prop_mmcme2_adv_CLKIN1_CLKOUT0)
                                                      0.073     7.451 r  u_top/g_mmcm.u_mmcm/CLKOUT0
                         net (fo=1, routed)           1.488     8.938    u_top_n_1388
    BUFGCTRL_X0Y1        BUFG (Prop_bufg_I_O)         0.077     9.015 r  input_slot_reg[1][511]_i_3_replica/O
                         net (fo=8, routed)           0.112     9.127    clk_200_repN
    BUFGCTRL_X0Y0        BUFG (Prop_bufg_I_O)         0.077     9.204 r  input_slot_reg[1][511]_i_3/O
                         net (fo=61738, routed)       1.418    10.623    u_top/u_core/u_b/u_b_core/core/core/l3/gk.frontend/win/clk_200
    RAMB36_X1Y23         RAMB36E1                                     r  u_top/u_core/u_b/u_b_core/core/core/l3/gk.frontend/win/bank_gen[0].mem_reg_2/CLKARDCLK
                         clock pessimism              0.223    10.846    
                         clock uncertainty           -0.369    10.477    
    RAMB36_X1Y23         RAMB36E1 (Setup_ramb36e1_CLKARDCLK_DIADI[11])
                                                     -0.376    10.101    u_top/u_core/u_b/u_b_core/core/core/l3/gk.frontend/win/bank_gen[0].mem_reg_2
  -------------------------------------------------------------------
                         required time                         10.101    
                         arrival time                         -10.455    
  -------------------------------------------------------------------
                         slack                                 -0.354    

Slack (VIOLATED) :        -0.347ns  (required time - arrival time)
  Source:                 u_top/u_core/u_b/u_b_core/core/core/l5/mac/issue/out_phase_reg[1]_rep__5/C
                            (rising edge-triggered cell FDRE clocked by u_top_n_1388  {rise@0.000ns fall@2.500ns period=5.000ns})
  Destination:            u_top/u_core/u_b/u_b_core/core/core/l5/mac/mac/out_lane[0].mult_lane[29].operand_pipe.act_q_reg[3]/D
                            (rising edge-triggered cell FDRE clocked by u_top_n_1388  {rise@0.000ns fall@2.500ns period=5.000ns})
  Path Group:             u_top_n_1388
  Path Type:              Setup (Max at Slow Process Corner)
  Requirement:            5.000ns  (u_top_n_1388 rise@5.000ns - u_top_n_1388 rise@0.000ns)
  Data Path Delay:        4.677ns  (logic 0.690ns (14.752%)  route 3.987ns (85.248%))
  Logic Levels:           2  (LUT6=1 MUXF7=1)
  Clock Path Skew:        -0.123ns (DCD - SCD + CPR)
    Destination Clock Delay (DCD):    5.482ns = ( 10.482 - 5.000 ) 
    Source Clock Delay      (SCD):    5.822ns
    Clock Pessimism Removal (CPR):    0.217ns
  Clock Uncertainty:      0.369ns  ((TSJ^2 + DJ^2)^1/2) / 2 + PE + UU
    Total System Jitter     (TSJ):    0.071ns
    Discrete Jitter          (DJ):    0.118ns
    Phase Error              (PE):    0.000ns
    User Uncertainty         (UU):    0.300ns

    Location             Delay type                Incr(ns)  Path(ns)    Netlist Resource(s)
  -------------------------------------------------------------------    -------------------
                         (clock u_top_n_1388 rise edge)
                                                      0.000     0.000 r  
    W19                                               0.000     0.000 r  sys_clk (IN)
                         net (fo=0)                   0.000     0.000    sys_clk
    W19                  IBUF (Prop_ibuf_I_O)         1.440     1.440 r  sys_clk_IBUF_inst/O
                         net (fo=1, routed)           1.065     2.505    u_top/sys_clk_IBUF
    MMCME2_ADV_X0Y2      MMCME2_ADV (Prop_mmcme2_adv_CLKIN1_CLKOUT0)
                                                      0.077     2.582 r  u_top/g_mmcm.u_mmcm/CLKOUT0
                         net (fo=1, routed)           1.559     4.141    u_top_n_1388
    BUFGCTRL_X0Y1        BUFG (Prop_bufg_I_O)         0.081     4.222 r  input_slot_reg[1][511]_i_3_replica/O
                         net (fo=8, routed)           0.118     4.340    clk_200_repN
    BUFGCTRL_X0Y0        BUFG (Prop_bufg_I_O)         0.081     4.421 r  input_slot_reg[1][511]_i_3/O
                         net (fo=61738, routed)       1.401     5.822    u_top/u_core/u_b/u_b_core/core/core/l5/mac/issue/clk_200
    SLICE_X103Y121       FDRE                                         r  u_top/u_core/u_b/u_b_core/core/core/l5/mac/issue/out_phase_reg[1]_rep__5/C
  -------------------------------------------------------------------    -------------------
    SLICE_X103Y121       FDRE (Prop_fdre_C_Q)         0.379     6.201 r  u_top/u_core/u_b/u_b_core/core/core/l5/mac/issue/out_phase_reg[1]_rep__5/Q
                         net (fo=121, routed)         1.467     7.668    u_top/u_core/u_b/u_b_core/core/core/l5/mac/issue/out_phase_reg[1]_rep__5_n_0
    SLICE_X97Y109        LUT6 (Prop_lut6_I2_O)        0.105     7.773 r  u_top/u_core/u_b/u_b_core/core/core/l5/mac/issue/out_lane[3].mult_lane[29].operand_pipe.act_q[3]_i_3/O
                         net (fo=1, routed)           0.000     7.773    u_top/u_core/u_b/u_b_core/core/core/l5/mac/issue/out_lane[3].mult_lane[29].operand_pipe.act_q[3]_i_3_n_0
    SLICE_X97Y109        MUXF7 (Prop_muxf7_I1_O)      0.206     7.979 r  u_top/u_core/u_b/u_b_core/core/core/l5/mac/issue/out_lane[3].mult_lane[29].operand_pipe.act_q_reg[3]_i_1/O
                         net (fo=4, routed)           2.520    10.499    u_top/u_core/u_b/u_b_core/core/core/l5/mac/mac/out_lane[3].mult_lane[29].operand_pipe.act_q_reg[15]_0[3]
    SLICE_X98Y180        FDRE                                         r  u_top/u_core/u_b/u_b_core/core/core/l5/mac/mac/out_lane[0].mult_lane[29].operand_pipe.act_q_reg[3]/D
  -------------------------------------------------------------------    -------------------

                         (clock u_top_n_1388 rise edge)
                                                      5.000     5.000 r  
    W19                                               0.000     5.000 r  sys_clk (IN)
                         net (fo=0)                   0.000     5.000    sys_clk
    W19                  IBUF (Prop_ibuf_I_O)         1.374     6.374 r  sys_clk_IBUF_inst/O
                         net (fo=1, routed)           1.004     7.378    u_top/sys_clk_IBUF
    MMCME2_ADV_X0Y2      MMCME2_ADV (Prop_mmcme2_adv_CLKIN1_CLKOUT0)
                                                      0.073     7.451 r  u_top/g_mmcm.u_mmcm/CLKOUT0
                         net (fo=1, routed)           1.488     8.938    u_top_n_1388
    BUFGCTRL_X0Y1        BUFG (Prop_bufg_I_O)         0.077     9.015 r  input_slot_reg[1][511]_i_3_replica/O
                         net (fo=8, routed)           0.112     9.127    clk_200_repN
    BUFGCTRL_X0Y0        BUFG (Prop_bufg_I_O)         0.077     9.204 r  input_slot_reg[1][511]_i_3/O
                         net (fo=61738, routed)       1.278    10.482    u_top/u_core/u_b/u_b_core/core/core/l5/mac/mac/clk_200
    SLICE_X98Y180        FDRE                                         r  u_top/u_core/u_b/u_b_core/core/core/l5/mac/mac/out_lane[0].mult_lane[29].operand_pipe.act_q_reg[3]/C
                         clock pessimism              0.217    10.699    
                         clock uncertainty           -0.369    10.330    
    SLICE_X98Y180        FDRE (Setup_fdre_C_D)       -0.178    10.152    u_top/u_core/u_b/u_b_core/core/core/l5/mac/mac/out_lane[0].mult_lane[29].operand_pipe.act_q_reg[3]
  -------------------------------------------------------------------
                         required time                         10.152    
                         arrival time                         -10.499    
  -------------------------------------------------------------------
                         slack                                 -0.347    

Slack (VIOLATED) :        -0.345ns  (required time - arrival time)
  Source:                 u_top/u_core/u_b/u_b_core/core/core/l3/gk.frontend/pad/x_reg[3]/C
                            (rising edge-triggered cell FDRE clocked by u_top_n_1388  {rise@0.000ns fall@2.500ns period=5.000ns})
  Destination:            u_top/u_core/u_b/u_b_core/core/core/l3/gk.frontend/win/bank_gen[0].mem_reg_0/DIADI[11]
                            (rising edge-triggered cell RAMB36E1 clocked by u_top_n_1388  {rise@0.000ns fall@2.500ns period=5.000ns})
  Path Group:             u_top_n_1388
  Path Type:              Setup (Max at Slow Process Corner)
  Requirement:            5.000ns  (u_top_n_1388 rise@5.000ns - u_top_n_1388 rise@0.000ns)
  Data Path Delay:        4.393ns  (logic 0.820ns (18.666%)  route 3.573ns (81.334%))
  Logic Levels:           4  (LUT2=1 LUT5=1 LUT6=2)
  Clock Path Skew:        -0.208ns (DCD - SCD + CPR)
    Destination Clock Delay (DCD):    5.627ns = ( 10.627 - 5.000 ) 
    Source Clock Delay      (SCD):    6.057ns
    Clock Pessimism Removal (CPR):    0.223ns
  Clock Uncertainty:      0.369ns  ((TSJ^2 + DJ^2)^1/2) / 2 + PE + UU
    Total System Jitter     (TSJ):    0.071ns
    Discrete Jitter          (DJ):    0.118ns
    Phase Error              (PE):    0.000ns
    User Uncertainty         (UU):    0.300ns

    Location             Delay type                Incr(ns)  Path(ns)    Netlist Resource(s)
  -------------------------------------------------------------------    -------------------
                         (clock u_top_n_1388 rise edge)
                                                      0.000     0.000 r  
    W19                                               0.000     0.000 r  sys_clk (IN)
                         net (fo=0)                   0.000     0.000    sys_clk
    W19                  IBUF (Prop_ibuf_I_O)         1.440     1.440 r  sys_clk_IBUF_inst/O
                         net (fo=1, routed)           1.065     2.505    u_top/sys_clk_IBUF
    MMCME2_ADV_X0Y2      MMCME2_ADV (Prop_mmcme2_adv_CLKIN1_CLKOUT0)
                                                      0.077     2.582 r  u_top/g_mmcm.u_mmcm/CLKOUT0
                         net (fo=1, routed)           1.559     4.141    u_top_n_1388
    BUFGCTRL_X0Y1        BUFG (Prop_bufg_I_O)         0.081     4.222 r  input_slot_reg[1][511]_i_3_replica/O
                         net (fo=8, routed)           0.118     4.340    clk_200_repN
    BUFGCTRL_X0Y0        BUFG (Prop_bufg_I_O)         0.081     4.421 r  input_slot_reg[1][511]_i_3/O
                         net (fo=61738, routed)       1.636     6.057    u_top/u_core/u_b/u_b_core/core/core/l3/gk.frontend/pad/clk_200
    SLICE_X30Y97         FDRE                                         r  u_top/u_core/u_b/u_b_core/core/core/l3/gk.frontend/pad/x_reg[3]/C
  -------------------------------------------------------------------    -------------------
    SLICE_X30Y97         FDRE (Prop_fdre_C_Q)         0.379     6.436 r  u_top/u_core/u_b/u_b_core/core/core/l3/gk.frontend/pad/x_reg[3]/Q
                         net (fo=7, routed)           0.725     7.161    u_top/u_core/u_b/u_b_core/core/core/l3/gk.frontend/pad/x_reg_n_0_[3]
    SLICE_X32Y96         LUT5 (Prop_lut5_I0_O)        0.105     7.266 r  u_top/u_core/u_b/u_b_core/core/core/l3/gk.frontend/pad/x[9]_i_7__0/O
                         net (fo=3, routed)           0.243     7.508    u_top/u_core/u_b/u_b_core/core/core/l3/gk.frontend/pad/x[9]_i_7__0_n_0
    SLICE_X34Y96         LUT6 (Prop_lut6_I5_O)        0.105     7.613 f  u_top/u_core/u_b/u_b_core/core/core/l3/gk.frontend/pad/bank_gen[1].mem_reg_0_i_45/O
                         net (fo=1, routed)           0.429     8.042    u_top/u_core/u_b/u_b_core/core/core/l3/gk.frontend/pad/bank_gen[1].mem_reg_0_i_45_n_0
    SLICE_X33Y97         LUT6 (Prop_lut6_I5_O)        0.105     8.147 f  u_top/u_core/u_b/u_b_core/core/core/l3/gk.frontend/pad/bank_gen[1].mem_reg_0_i_38/O
                         net (fo=130, routed)         1.031     9.179    u_top/u_core/u_b/u_b_core/core/core/f23/pixel_d_reg[0]
    SLICE_X35Y96         LUT2 (Prop_lut2_I1_O)        0.126     9.305 r  u_top/u_core/u_b/u_b_core/core/core/f23/bank_gen[1].mem_reg_0_i_22/O
                         net (fo=3, routed)           1.145    10.450    u_top/u_core/u_b/u_b_core/core/core/l3/gk.frontend/win/pixel_in[11]
    RAMB36_X1Y22         RAMB36E1                                     r  u_top/u_core/u_b/u_b_core/core/core/l3/gk.frontend/win/bank_gen[0].mem_reg_0/DIADI[11]
  -------------------------------------------------------------------    -------------------

                         (clock u_top_n_1388 rise edge)
                                                      5.000     5.000 r  
    W19                                               0.000     5.000 r  sys_clk (IN)
                         net (fo=0)                   0.000     5.000    sys_clk
    W19                  IBUF (Prop_ibuf_I_O)         1.374     6.374 r  sys_clk_IBUF_inst/O
                         net (fo=1, routed)           1.004     7.378    u_top/sys_clk_IBUF
    MMCME2_ADV_X0Y2      MMCME2_ADV (Prop_mmcme2_adv_CLKIN1_CLKOUT0)
                                                      0.073     7.451 r  u_top/g_mmcm.u_mmcm/CLKOUT0
                         net (fo=1, routed)           1.488     8.938    u_top_n_1388
    BUFGCTRL_X0Y1        BUFG (Prop_bufg_I_O)         0.077     9.015 r  input_slot_reg[1][511]_i_3_replica/O
                         net (fo=8, routed)           0.112     9.127    clk_200_repN
    BUFGCTRL_X0Y0        BUFG (Prop_bufg_I_O)         0.077     9.204 r  input_slot_reg[1][511]_i_3/O
                         net (fo=61738, routed)       1.422    10.627    u_top/u_core/u_b/u_b_core/core/core/l3/gk.frontend/win/clk_200
    RAMB36_X1Y22         RAMB36E1                                     r  u_top/u_core/u_b/u_b_core/core/core/l3/gk.frontend/win/bank_gen[0].mem_reg_0/CLKARDCLK
                         clock pessimism              0.223    10.850    
                         clock uncertainty           -0.369    10.481    
    RAMB36_X1Y22         RAMB36E1 (Setup_ramb36e1_CLKARDCLK_DIADI[11])
                                                     -0.376    10.105    u_top/u_core/u_b/u_b_core/core/core/l3/gk.frontend/win/bank_gen[0].mem_reg_0
  -------------------------------------------------------------------
                         required time                         10.105    
                         arrival time                         -10.450    
  -------------------------------------------------------------------
                         slack                                 -0.345    

Slack (VIOLATED) :        -0.345ns  (required time - arrival time)
  Source:                 u_top/u_core/u_pp/u_bank0/mem_reg_bram_8/CLKBWRCLK
                            (rising edge-triggered cell RAMB36E1 clocked by u_top_n_1388  {rise@0.000ns fall@2.500ns period=5.000ns})
  Destination:            u_top/u_core/u_pp/u_bank0/rd_data_reg[5]/D
                            (rising edge-triggered cell FDRE clocked by u_top_n_1388  {rise@0.000ns fall@2.500ns period=5.000ns})
  Path Group:             u_top_n_1388
  Path Type:              Setup (Max at Slow Process Corner)
  Requirement:            5.000ns  (u_top_n_1388 rise@5.000ns - u_top_n_1388 rise@0.000ns)
  Data Path Delay:        4.834ns  (logic 2.673ns (55.300%)  route 2.161ns (44.700%))
  Logic Levels:           3  (LUT6=2 MUXF7=1)
  Clock Path Skew:        -0.175ns (DCD - SCD + CPR)
    Destination Clock Delay (DCD):    5.568ns = ( 10.568 - 5.000 ) 
    Source Clock Delay      (SCD):    5.961ns
    Clock Pessimism Removal (CPR):    0.217ns
  Clock Uncertainty:      0.369ns  ((TSJ^2 + DJ^2)^1/2) / 2 + PE + UU
    Total System Jitter     (TSJ):    0.071ns
    Discrete Jitter          (DJ):    0.118ns
    Phase Error              (PE):    0.000ns
    User Uncertainty         (UU):    0.300ns

    Location             Delay type                Incr(ns)  Path(ns)    Netlist Resource(s)
  -------------------------------------------------------------------    -------------------
                         (clock u_top_n_1388 rise edge)
                                                      0.000     0.000 r  
    W19                                               0.000     0.000 r  sys_clk (IN)
                         net (fo=0)                   0.000     0.000    sys_clk
    W19                  IBUF (Prop_ibuf_I_O)         1.440     1.440 r  sys_clk_IBUF_inst/O
                         net (fo=1, routed)           1.065     2.505    u_top/sys_clk_IBUF
    MMCME2_ADV_X0Y2      MMCME2_ADV (Prop_mmcme2_adv_CLKIN1_CLKOUT0)
                                                      0.077     2.582 r  u_top/g_mmcm.u_mmcm/CLKOUT0
                         net (fo=1, routed)           1.559     4.141    u_top_n_1388
    BUFGCTRL_X0Y1        BUFG (Prop_bufg_I_O)         0.081     4.222 r  input_slot_reg[1][511]_i_3_replica/O
                         net (fo=8, routed)           0.118     4.340    clk_200_repN
    BUFGCTRL_X0Y0        BUFG (Prop_bufg_I_O)         0.081     4.421 r  input_slot_reg[1][511]_i_3/O
                         net (fo=61738, routed)       1.539     5.961    u_top/u_core/u_pp/u_bank0/clk_200
    RAMB36_X0Y29         RAMB36E1                                     r  u_top/u_core/u_pp/u_bank0/mem_reg_bram_8/CLKBWRCLK
  -------------------------------------------------------------------    -------------------
    RAMB36_X0Y29         RAMB36E1 (Prop_ramb36e1_CLKBWRCLK_DOBDO[5])
                                                      2.125     8.086 r  u_top/u_core/u_pp/u_bank0/mem_reg_bram_8/DOBDO[5]
                         net (fo=1, routed)           1.456     9.542    u_top/u_core/u_pp/u_bank0/mem_reg_bram_8_n_62
    SLICE_X12Y173        LUT6 (Prop_lut6_I5_O)        0.105     9.647 r  u_top/u_core/u_pp/u_bank0/rd_data[5]_i_10/O
                         net (fo=1, routed)           0.000     9.647    u_top/u_core/u_pp/u_bank0/rd_data[5]_i_10_n_0
    SLICE_X12Y173        MUXF7 (Prop_muxf7_I0_O)      0.201     9.848 r  u_top/u_core/u_pp/u_bank0/rd_data_reg[5]_i_4/O
                         net (fo=1, routed)           0.705    10.552    u_top/u_core/u_pp/u_bank0/rd_data_reg[5]_i_4_n_0
    SLICE_X19Y177        LUT6 (Prop_lut6_I3_O)        0.242    10.794 r  u_top/u_core/u_pp/u_bank0/rd_data[5]_i_1/O
                         net (fo=1, routed)           0.000    10.794    u_top/u_core/u_pp/u_bank0/ram_read_q[5]
    SLICE_X19Y177        FDRE                                         r  u_top/u_core/u_pp/u_bank0/rd_data_reg[5]/D
  -------------------------------------------------------------------    -------------------

                         (clock u_top_n_1388 rise edge)
                                                      5.000     5.000 r  
    W19                                               0.000     5.000 r  sys_clk (IN)
                         net (fo=0)                   0.000     5.000    sys_clk
    W19                  IBUF (Prop_ibuf_I_O)         1.374     6.374 r  sys_clk_IBUF_inst/O
                         net (fo=1, routed)           1.004     7.378    u_top/sys_clk_IBUF
    MMCME2_ADV_X0Y2      MMCME2_ADV (Prop_mmcme2_adv_CLKIN1_CLKOUT0)
                                                      0.073     7.451 r  u_top/g_mmcm.u_mmcm/CLKOUT0
                         net (fo=1, routed)           1.488     8.938    u_top_n_1388
    BUFGCTRL_X0Y1        BUFG (Prop_bufg_I_O)         0.077     9.015 r  input_slot_reg[1][511]_i_3_replica/O
                         net (fo=8, routed)           0.112     9.127    clk_200_repN
    BUFGCTRL_X0Y0        BUFG (Prop_bufg_I_O)         0.077     9.204 r  input_slot_reg[1][511]_i_3/O
                         net (fo=61738, routed)       1.364    10.568    u_top/u_core/u_pp/u_bank0/clk_200
    SLICE_X19Y177        FDRE                                         r  u_top/u_core/u_pp/u_bank0/rd_data_reg[5]/C
                         clock pessimism              0.217    10.785    
                         clock uncertainty           -0.369    10.416    
    SLICE_X19Y177        FDRE (Setup_fdre_C_D)        0.033    10.449    u_top/u_core/u_pp/u_bank0/rd_data_reg[5]
  -------------------------------------------------------------------
                         required time                         10.449    
                         arrival time                         -10.794    
  -------------------------------------------------------------------
                         slack                                 -0.345    

Slack (VIOLATED) :        -0.342ns  (required time - arrival time)
  Source:                 u_top/u_core/u_b/u_b_core/core/core/l5/gk.frontend/pad/x_reg[3]/C
                            (rising edge-triggered cell FDRE clocked by u_top_n_1388  {rise@0.000ns fall@2.500ns period=5.000ns})
  Destination:            u_top/u_core/u_b/u_b_core/core/core/l5/gk.frontend/win/bank_gen[2].mem_reg_3/ENARDEN
                            (rising edge-triggered cell RAMB36E1 clocked by u_top_n_1388  {rise@0.000ns fall@2.500ns period=5.000ns})
  Path Group:             u_top_n_1388
  Path Type:              Setup (Max at Slow Process Corner)
  Requirement:            5.000ns  (u_top_n_1388 rise@5.000ns - u_top_n_1388 rise@0.000ns)
  Data Path Delay:        4.602ns  (logic 0.694ns (15.079%)  route 3.908ns (84.921%))
  Logic Levels:           3  (LUT3=1 LUT5=2)
  Clock Path Skew:        0.017ns (DCD - SCD + CPR)
    Destination Clock Delay (DCD):    5.543ns = ( 10.543 - 5.000 ) 
    Source Clock Delay      (SCD):    5.809ns
    Clock Pessimism Removal (CPR):    0.283ns
  Clock Uncertainty:      0.369ns  ((TSJ^2 + DJ^2)^1/2) / 2 + PE + UU
    Total System Jitter     (TSJ):    0.071ns
    Discrete Jitter          (DJ):    0.118ns
    Phase Error              (PE):    0.000ns
    User Uncertainty         (UU):    0.300ns

    Location             Delay type                Incr(ns)  Path(ns)    Netlist Resource(s)
  -------------------------------------------------------------------    -------------------
                         (clock u_top_n_1388 rise edge)
                                                      0.000     0.000 r  
    W19                                               0.000     0.000 r  sys_clk (IN)
                         net (fo=0)                   0.000     0.000    sys_clk
    W19                  IBUF (Prop_ibuf_I_O)         1.440     1.440 r  sys_clk_IBUF_inst/O
                         net (fo=1, routed)           1.065     2.505    u_top/sys_clk_IBUF
    MMCME2_ADV_X0Y2      MMCME2_ADV (Prop_mmcme2_adv_CLKIN1_CLKOUT0)
                                                      0.077     2.582 r  u_top/g_mmcm.u_mmcm/CLKOUT0
                         net (fo=1, routed)           1.559     4.141    u_top_n_1388
    BUFGCTRL_X0Y1        BUFG (Prop_bufg_I_O)         0.081     4.222 r  input_slot_reg[1][511]_i_3_replica/O
                         net (fo=8, routed)           0.118     4.340    clk_200_repN
    BUFGCTRL_X0Y0        BUFG (Prop_bufg_I_O)         0.081     4.421 r  input_slot_reg[1][511]_i_3/O
                         net (fo=61738, routed)       1.388     5.809    u_top/u_core/u_b/u_b_core/core/core/l5/gk.frontend/pad/clk_200
    SLICE_X86Y101        FDRE                                         r  u_top/u_core/u_b/u_b_core/core/core/l5/gk.frontend/pad/x_reg[3]/C
  -------------------------------------------------------------------    -------------------
    SLICE_X86Y101        FDRE (Prop_fdre_C_Q)         0.379     6.188 r  u_top/u_core/u_b/u_b_core/core/core/l5/gk.frontend/pad/x_reg[3]/Q
                         net (fo=8, routed)           0.691     6.879    u_top/u_core/u_b/u_b_core/core/core/l5/gk.frontend/pad/x_reg_n_0_[3]
    SLICE_X85Y102        LUT5 (Prop_lut5_I4_O)        0.105     6.984 r  u_top/u_core/u_b/u_b_core/core/core/l5/gk.frontend/pad/bank_gen[3].mem_reg_0_i_44/O
                         net (fo=6, routed)           0.587     7.571    u_top/u_core/u_b/u_b_core/core/core/l5/gk.frontend/pad/bank_gen[3].mem_reg_0_i_44_n_0
    SLICE_X84Y102        LUT5 (Prop_lut5_I2_O)        0.105     7.676 r  u_top/u_core/u_b/u_b_core/core/core/l5/gk.frontend/pad/bank_gen[3].mem_reg_0_i_39/O
                         net (fo=80, routed)          0.929     8.605    u_top/u_core/u_b/u_b_core/core/core/l5/gk.frontend/pad/y_reg[9]_0
    SLICE_X87Y115        LUT3 (Prop_lut3_I0_O)        0.105     8.710 r  u_top/u_core/u_b/u_b_core/core/core/l5/gk.frontend/pad/bank_gen[3].mem_reg_0_i_1/O
                         net (fo=265, routed)         1.701    10.411    u_top/u_core/u_b/u_b_core/core/core/l5/gk.frontend/win/pad_fire
    RAMB36_X6Y26         RAMB36E1                                     r  u_top/u_core/u_b/u_b_core/core/core/l5/gk.frontend/win/bank_gen[2].mem_reg_3/ENARDEN
  -------------------------------------------------------------------    -------------------

                         (clock u_top_n_1388 rise edge)
                                                      5.000     5.000 r  
    W19                                               0.000     5.000 r  sys_clk (IN)
                         net (fo=0)                   0.000     5.000    sys_clk
    W19                  IBUF (Prop_ibuf_I_O)         1.374     6.374 r  sys_clk_IBUF_inst/O
                         net (fo=1, routed)           1.004     7.378    u_top/sys_clk_IBUF
    MMCME2_ADV_X0Y2      MMCME2_ADV (Prop_mmcme2_adv_CLKIN1_CLKOUT0)
                                                      0.073     7.451 r  u_top/g_mmcm.u_mmcm/CLKOUT0
                         net (fo=1, routed)           1.488     8.938    u_top_n_1388
    BUFGCTRL_X0Y1        BUFG (Prop_bufg_I_O)         0.077     9.015 r  input_slot_reg[1][511]_i_3_replica/O
                         net (fo=8, routed)           0.112     9.127    clk_200_repN
    BUFGCTRL_X0Y0        BUFG (Prop_bufg_I_O)         0.077     9.204 r  input_slot_reg[1][511]_i_3/O
                         net (fo=61738, routed)       1.338    10.543    u_top/u_core/u_b/u_b_core/core/core/l5/gk.frontend/win/clk_200
    RAMB36_X6Y26         RAMB36E1                                     r  u_top/u_core/u_b/u_b_core/core/core/l5/gk.frontend/win/bank_gen[2].mem_reg_3/CLKARDCLK
                         clock pessimism              0.283    10.826    
                         clock uncertainty           -0.369    10.457    
    RAMB36_X6Y26         RAMB36E1 (Setup_ramb36e1_CLKARDCLK_ENARDEN)
                                                     -0.387    10.070    u_top/u_core/u_b/u_b_core/core/core/l5/gk.frontend/win/bank_gen[2].mem_reg_3
  -------------------------------------------------------------------
                         required time                         10.070    
                         arrival time                         -10.411    
  -------------------------------------------------------------------
                         slack                                 -0.342    

Slack (VIOLATED) :        -0.341ns  (required time - arrival time)
  Source:                 u_top/u_core/u_b/u_b_core/core/core/l1/gk.frontend/pad/y_reg[7]/C
                            (rising edge-triggered cell FDRE clocked by u_top_n_1388  {rise@0.000ns fall@2.500ns period=5.000ns})
  Destination:            u_top/u_core/u_b/u_b_core/core/core/l1/gk.frontend/win/bank_gen[3].mem_reg/DIADI[4]
                            (rising edge-triggered cell RAMB18E1 clocked by u_top_n_1388  {rise@0.000ns fall@2.500ns period=5.000ns})
  Path Group:             u_top_n_1388
  Path Type:              Setup (Max at Slow Process Corner)
  Requirement:            5.000ns  (u_top_n_1388 rise@5.000ns - u_top_n_1388 rise@0.000ns)
  Data Path Delay:        4.551ns  (logic 0.902ns (19.822%)  route 3.649ns (80.178%))
  Logic Levels:           4  (LUT4=2 LUT6=2)
  Clock Path Skew:        -0.208ns (DCD - SCD + CPR)
    Destination Clock Delay (DCD):    5.521ns = ( 10.521 - 5.000 ) 
    Source Clock Delay      (SCD):    5.951ns
    Clock Pessimism Removal (CPR):    0.223ns
  Clock Uncertainty:      0.369ns  ((TSJ^2 + DJ^2)^1/2) / 2 + PE + UU
    Total System Jitter     (TSJ):    0.071ns
    Discrete Jitter          (DJ):    0.118ns
    Phase Error              (PE):    0.000ns
    User Uncertainty         (UU):    0.300ns

    Location             Delay type                Incr(ns)  Path(ns)    Netlist Resource(s)
  -------------------------------------------------------------------    -------------------
                         (clock u_top_n_1388 rise edge)
                                                      0.000     0.000 r  
    W19                                               0.000     0.000 r  sys_clk (IN)
                         net (fo=0)                   0.000     0.000    sys_clk
    W19                  IBUF (Prop_ibuf_I_O)         1.440     1.440 r  sys_clk_IBUF_inst/O
                         net (fo=1, routed)           1.065     2.505    u_top/sys_clk_IBUF
    MMCME2_ADV_X0Y2      MMCME2_ADV (Prop_mmcme2_adv_CLKIN1_CLKOUT0)
                                                      0.077     2.582 r  u_top/g_mmcm.u_mmcm/CLKOUT0
                         net (fo=1, routed)           1.559     4.141    u_top_n_1388
    BUFGCTRL_X0Y1        BUFG (Prop_bufg_I_O)         0.081     4.222 r  input_slot_reg[1][511]_i_3_replica/O
                         net (fo=8, routed)           0.118     4.340    clk_200_repN
    BUFGCTRL_X0Y0        BUFG (Prop_bufg_I_O)         0.081     4.421 r  input_slot_reg[1][511]_i_3/O
                         net (fo=61738, routed)       1.530     5.951    u_top/u_core/u_b/u_b_core/core/core/l1/gk.frontend/pad/clk_200
    SLICE_X77Y83         FDRE                                         r  u_top/u_core/u_b/u_b_core/core/core/l1/gk.frontend/pad/y_reg[7]/C
  -------------------------------------------------------------------    -------------------
    SLICE_X77Y83         FDRE (Prop_fdre_C_Q)         0.348     6.299 r  u_top/u_core/u_b/u_b_core/core/core/l1/gk.frontend/pad/y_reg[7]/Q
                         net (fo=5, routed)           0.641     6.940    u_top/u_core/u_b/u_b_core/core/core/l1/gk.frontend/pad/y_reg[7]
    SLICE_X77Y84         LUT4 (Prop_lut4_I3_O)        0.239     7.179 r  u_top/u_core/u_b/u_b_core/core/core/l1/gk.frontend/pad/bank_gen[3].mem_reg_i_15/O
                         net (fo=1, routed)           0.454     7.633    u_top/u_core/u_b/u_b_core/core/core/l1/gk.frontend/pad/bank_gen[3].mem_reg_i_15_n_0
    SLICE_X77Y84         LUT6 (Prop_lut6_I4_O)        0.105     7.738 f  u_top/u_core/u_b/u_b_core/core/core/l1/gk.frontend/pad/bank_gen[3].mem_reg_i_11/O
                         net (fo=2, routed)           0.444     8.183    u_top/u_core/u_b/u_b_core/core/core/l1/gk.frontend/pad/bank_gen[3].mem_reg_i_11_n_0
    SLICE_X79Y85         LUT6 (Prop_lut6_I0_O)        0.105     8.288 f  u_top/u_core/u_b/u_b_core/core/core/l1/gk.frontend/pad/bank_gen[3].mem_reg_i_14/O
                         net (fo=11, routed)          1.149     9.437    u_top/u_core/u_b/u_b_core/core/core/l1/gk.frontend/pad/bank_gen[3].mem_reg_i_14_n_0
    SLICE_X89Y104        LUT4 (Prop_lut4_I3_O)        0.105     9.542 r  u_top/u_core/u_b/u_b_core/core/core/l1/gk.frontend/pad/bank_gen[3].mem_reg_i_5/O
                         net (fo=5, routed)           0.960    10.502    u_top/u_core/u_b/u_b_core/core/core/l1/gk.frontend/win/DIADI[4]
    RAMB18_X5Y51         RAMB18E1                                     r  u_top/u_core/u_b/u_b_core/core/core/l1/gk.frontend/win/bank_gen[3].mem_reg/DIADI[4]
  -------------------------------------------------------------------    -------------------

                         (clock u_top_n_1388 rise edge)
                                                      5.000     5.000 r  
    W19                                               0.000     5.000 r  sys_clk (IN)
                         net (fo=0)                   0.000     5.000    sys_clk
    W19                  IBUF (Prop_ibuf_I_O)         1.374     6.374 r  sys_clk_IBUF_inst/O
                         net (fo=1, routed)           1.004     7.378    u_top/sys_clk_IBUF
    MMCME2_ADV_X0Y2      MMCME2_ADV (Prop_mmcme2_adv_CLKIN1_CLKOUT0)
                                                      0.073     7.451 r  u_top/g_mmcm.u_mmcm/CLKOUT0
                         net (fo=1, routed)           1.488     8.938    u_top_n_1388
    BUFGCTRL_X0Y1        BUFG (Prop_bufg_I_O)         0.077     9.015 r  input_slot_reg[1][511]_i_3_replica/O
                         net (fo=8, routed)           0.112     9.127    clk_200_repN
    BUFGCTRL_X0Y0        BUFG (Prop_bufg_I_O)         0.077     9.204 r  input_slot_reg[1][511]_i_3/O
                         net (fo=61738, routed)       1.316    10.521    u_top/u_core/u_b/u_b_core/core/core/l1/gk.frontend/win/clk_200
    RAMB18_X5Y51         RAMB18E1                                     r  u_top/u_core/u_b/u_b_core/core/core/l1/gk.frontend/win/bank_gen[3].mem_reg/CLKARDCLK
                         clock pessimism              0.223    10.744    
                         clock uncertainty           -0.369    10.375    
    RAMB18_X5Y51         RAMB18E1 (Setup_ramb18e1_CLKARDCLK_DIADI[4])
                                                     -0.214    10.161    u_top/u_core/u_b/u_b_core/core/core/l1/gk.frontend/win/bank_gen[3].mem_reg
  -------------------------------------------------------------------
                         required time                         10.161    
                         arrival time                         -10.502    
  -------------------------------------------------------------------
                         slack                                 -0.341    

Slack (VIOLATED) :        -0.338ns  (required time - arrival time)
  Source:                 u_top/u_core/u_pp/u_bank0/mem_reg_bram_0/CLKBWRCLK
                            (rising edge-triggered cell RAMB36E1 clocked by u_top_n_1388  {rise@0.000ns fall@2.500ns period=5.000ns})
  Destination:            u_top/u_core/u_pp/u_bank0/rd_data_reg[1]/D
                            (rising edge-triggered cell FDRE clocked by u_top_n_1388  {rise@0.000ns fall@2.500ns period=5.000ns})
  Path Group:             u_top_n_1388
  Path Type:              Setup (Max at Slow Process Corner)
  Requirement:            5.000ns  (u_top_n_1388 rise@5.000ns - u_top_n_1388 rise@0.000ns)
  Data Path Delay:        4.830ns  (logic 2.644ns (54.743%)  route 2.186ns (45.257%))
  Logic Levels:           3  (LUT6=2 MUXF7=1)
  Clock Path Skew:        -0.171ns (DCD - SCD + CPR)
    Destination Clock Delay (DCD):    5.570ns = ( 10.570 - 5.000 ) 
    Source Clock Delay      (SCD):    5.959ns
    Clock Pessimism Removal (CPR):    0.217ns
  Clock Uncertainty:      0.369ns  ((TSJ^2 + DJ^2)^1/2) / 2 + PE + UU
    Total System Jitter     (TSJ):    0.071ns
    Discrete Jitter          (DJ):    0.118ns
    Phase Error              (PE):    0.000ns
    User Uncertainty         (UU):    0.300ns

    Location             Delay type                Incr(ns)  Path(ns)    Netlist Resource(s)
  -------------------------------------------------------------------    -------------------
                         (clock u_top_n_1388 rise edge)
                                                      0.000     0.000 r  
    W19                                               0.000     0.000 r  sys_clk (IN)
                         net (fo=0)                   0.000     0.000    sys_clk
    W19                  IBUF (Prop_ibuf_I_O)         1.440     1.440 r  sys_clk_IBUF_inst/O
                         net (fo=1, routed)           1.065     2.505    u_top/sys_clk_IBUF
    MMCME2_ADV_X0Y2      MMCME2_ADV (Prop_mmcme2_adv_CLKIN1_CLKOUT0)
                                                      0.077     2.582 r  u_top/g_mmcm.u_mmcm/CLKOUT0
                         net (fo=1, routed)           1.559     4.141    u_top_n_1388
    BUFGCTRL_X0Y1        BUFG (Prop_bufg_I_O)         0.081     4.222 r  input_slot_reg[1][511]_i_3_replica/O
                         net (fo=8, routed)           0.118     4.340    clk_200_repN
    BUFGCTRL_X0Y0        BUFG (Prop_bufg_I_O)         0.081     4.421 r  input_slot_reg[1][511]_i_3/O
                         net (fo=61738, routed)       1.537     5.959    u_top/u_core/u_pp/u_bank0/clk_200
    RAMB36_X0Y28         RAMB36E1                                     r  u_top/u_core/u_pp/u_bank0/mem_reg_bram_0/CLKBWRCLK
  -------------------------------------------------------------------    -------------------
    RAMB36_X0Y28         RAMB36E1 (Prop_ramb36e1_CLKBWRCLK_DOBDO[1])
                                                      2.125     8.084 r  u_top/u_core/u_pp/u_bank0/mem_reg_bram_0/DOBDO[1]
                         net (fo=1, routed)           1.261     9.345    u_top/u_core/u_pp/u_bank0/mem_reg_bram_0_n_66
    SLICE_X14Y157        LUT6 (Prop_lut6_I5_O)        0.105     9.450 r  u_top/u_core/u_pp/u_bank0/rd_data[1]_i_12/O
                         net (fo=1, routed)           0.000     9.450    u_top/u_core/u_pp/u_bank0/rd_data[1]_i_12_n_0
    SLICE_X14Y157        MUXF7 (Prop_muxf7_I0_O)      0.173     9.623 r  u_top/u_core/u_pp/u_bank0/rd_data_reg[1]_i_5/O
                         net (fo=1, routed)           0.925    10.547    u_top/u_core/u_pp/u_bank0/rd_data_reg[1]_i_5_n_0
    SLICE_X17Y179        LUT6 (Prop_lut6_I5_O)        0.241    10.788 r  u_top/u_core/u_pp/u_bank0/rd_data[1]_i_1/O
                         net (fo=1, routed)           0.000    10.788    u_top/u_core/u_pp/u_bank0/ram_read_q[1]
    SLICE_X17Y179        FDRE                                         r  u_top/u_core/u_pp/u_bank0/rd_data_reg[1]/D
  -------------------------------------------------------------------    -------------------

                         (clock u_top_n_1388 rise edge)
                                                      5.000     5.000 r  
    W19                                               0.000     5.000 r  sys_clk (IN)
                         net (fo=0)                   0.000     5.000    sys_clk
    W19                  IBUF (Prop_ibuf_I_O)         1.374     6.374 r  sys_clk_IBUF_inst/O
                         net (fo=1, routed)           1.004     7.378    u_top/sys_clk_IBUF
    MMCME2_ADV_X0Y2      MMCME2_ADV (Prop_mmcme2_adv_CLKIN1_CLKOUT0)
                                                      0.073     7.451 r  u_top/g_mmcm.u_mmcm/CLKOUT0
                         net (fo=1, routed)           1.488     8.938    u_top_n_1388
    BUFGCTRL_X0Y1        BUFG (Prop_bufg_I_O)         0.077     9.015 r  input_slot_reg[1][511]_i_3_replica/O
                         net (fo=8, routed)           0.112     9.127    clk_200_repN
    BUFGCTRL_X0Y0        BUFG (Prop_bufg_I_O)         0.077     9.204 r  input_slot_reg[1][511]_i_3/O
                         net (fo=61738, routed)       1.366    10.570    u_top/u_core/u_pp/u_bank0/clk_200
    SLICE_X17Y179        FDRE                                         r  u_top/u_core/u_pp/u_bank0/rd_data_reg[1]/C
                         clock pessimism              0.217    10.787    
                         clock uncertainty           -0.369    10.418    
    SLICE_X17Y179        FDRE (Setup_fdre_C_D)        0.032    10.450    u_top/u_core/u_pp/u_bank0/rd_data_reg[1]
  -------------------------------------------------------------------
                         required time                         10.450    
                         arrival time                         -10.788    
  -------------------------------------------------------------------
                         slack                                 -0.338    

Slack (VIOLATED) :        -0.334ns  (required time - arrival time)
  Source:                 u_top/u_core/u_b/u_b_core/core/core/l5/gk.frontend/pad/x_reg[6]/C
                            (rising edge-triggered cell FDRE clocked by u_top_n_1388  {rise@0.000ns fall@2.500ns period=5.000ns})
  Destination:            u_top/u_core/u_b/u_b_core/core/core/l5/gk.frontend/win/bank_gen[0].mem_reg_3/DIADI[28]
                            (rising edge-triggered cell RAMB36E1 clocked by u_top_n_1388  {rise@0.000ns fall@2.500ns period=5.000ns})
  Path Group:             u_top_n_1388
  Path Type:              Setup (Max at Slow Process Corner)
  Requirement:            5.000ns  (u_top_n_1388 rise@5.000ns - u_top_n_1388 rise@0.000ns)
  Data Path Delay:        4.695ns  (logic 0.694ns (14.783%)  route 4.001ns (85.217%))
  Logic Levels:           3  (LUT2=1 LUT4=1 LUT5=1)
  Clock Path Skew:        -0.057ns (DCD - SCD + CPR)
    Destination Clock Delay (DCD):    5.535ns = ( 10.535 - 5.000 ) 
    Source Clock Delay      (SCD):    5.809ns
    Clock Pessimism Removal (CPR):    0.217ns
  Clock Uncertainty:      0.369ns  ((TSJ^2 + DJ^2)^1/2) / 2 + PE + UU
    Total System Jitter     (TSJ):    0.071ns
    Discrete Jitter          (DJ):    0.118ns
    Phase Error              (PE):    0.000ns
    User Uncertainty         (UU):    0.300ns

    Location             Delay type                Incr(ns)  Path(ns)    Netlist Resource(s)
  -------------------------------------------------------------------    -------------------
                         (clock u_top_n_1388 rise edge)
                                                      0.000     0.000 r  
    W19                                               0.000     0.000 r  sys_clk (IN)
                         net (fo=0)                   0.000     0.000    sys_clk
    W19                  IBUF (Prop_ibuf_I_O)         1.440     1.440 r  sys_clk_IBUF_inst/O
                         net (fo=1, routed)           1.065     2.505    u_top/sys_clk_IBUF
    MMCME2_ADV_X0Y2      MMCME2_ADV (Prop_mmcme2_adv_CLKIN1_CLKOUT0)
                                                      0.077     2.582 r  u_top/g_mmcm.u_mmcm/CLKOUT0
                         net (fo=1, routed)           1.559     4.141    u_top_n_1388
    BUFGCTRL_X0Y1        BUFG (Prop_bufg_I_O)         0.081     4.222 r  input_slot_reg[1][511]_i_3_replica/O
                         net (fo=8, routed)           0.118     4.340    clk_200_repN
    BUFGCTRL_X0Y0        BUFG (Prop_bufg_I_O)         0.081     4.421 r  input_slot_reg[1][511]_i_3/O
                         net (fo=61738, routed)       1.388     5.809    u_top/u_core/u_b/u_b_core/core/core/l5/gk.frontend/pad/clk_200
    SLICE_X85Y104        FDRE                                         r  u_top/u_core/u_b/u_b_core/core/core/l5/gk.frontend/pad/x_reg[6]/C
  -------------------------------------------------------------------    -------------------
    SLICE_X85Y104        FDRE (Prop_fdre_C_Q)         0.379     6.188 f  u_top/u_core/u_b/u_b_core/core/core/l5/gk.frontend/pad/x_reg[6]/Q
                         net (fo=6, routed)           0.669     6.856    u_top/u_core/u_b/u_b_core/core/core/l5/gk.frontend/pad/x_reg_n_0_[6]
    SLICE_X87Y102        LUT4 (Prop_lut4_I1_O)        0.105     6.961 f  u_top/u_core/u_b/u_b_core/core/core/l5/gk.frontend/pad/x[2]_i_3/O
                         net (fo=7, routed)           0.707     7.669    u_top/u_core/u_b/u_b_core/core/core/l5/gk.frontend/pad/x[2]_i_3_n_0
    SLICE_X87Y101        LUT5 (Prop_lut5_I3_O)        0.105     7.774 f  u_top/u_core/u_b/u_b_core/core/core/l5/gk.frontend/pad/bank_gen[3].mem_reg_1_i_37/O
                         net (fo=181, routed)         1.255     9.028    u_top/u_core/u_b/u_b_core/core/core/f45/pixel_d_reg[36]
    SLICE_X87Y126        LUT2 (Prop_lut2_I1_O)        0.105     9.133 r  u_top/u_core/u_b/u_b_core/core/core/f45/bank_gen[3].mem_reg_3_i_4/O
                         net (fo=5, routed)           1.370    10.504    u_top/u_core/u_b/u_b_core/core/core/l5/gk.frontend/win/pixel_in[136]
    RAMB36_X6Y30         RAMB36E1                                     r  u_top/u_core/u_b/u_b_core/core/core/l5/gk.frontend/win/bank_gen[0].mem_reg_3/DIADI[28]
  -------------------------------------------------------------------    -------------------

                         (clock u_top_n_1388 rise edge)
                                                      5.000     5.000 r  
    W19                                               0.000     5.000 r  sys_clk (IN)
                         net (fo=0)                   0.000     5.000    sys_clk
    W19                  IBUF (Prop_ibuf_I_O)         1.374     6.374 r  sys_clk_IBUF_inst/O
                         net (fo=1, routed)           1.004     7.378    u_top/sys_clk_IBUF
    MMCME2_ADV_X0Y2      MMCME2_ADV (Prop_mmcme2_adv_CLKIN1_CLKOUT0)
                                                      0.073     7.451 r  u_top/g_mmcm.u_mmcm/CLKOUT0
                         net (fo=1, routed)           1.488     8.938    u_top_n_1388
    BUFGCTRL_X0Y1        BUFG (Prop_bufg_I_O)         0.077     9.015 r  input_slot_reg[1][511]_i_3_replica/O
                         net (fo=8, routed)           0.112     9.127    clk_200_repN
    BUFGCTRL_X0Y0        BUFG (Prop_bufg_I_O)         0.077     9.204 r  input_slot_reg[1][511]_i_3/O
                         net (fo=61738, routed)       1.331    10.535    u_top/u_core/u_b/u_b_core/core/core/l5/gk.frontend/win/clk_200
    RAMB36_X6Y30         RAMB36E1                                     r  u_top/u_core/u_b/u_b_core/core/core/l5/gk.frontend/win/bank_gen[0].mem_reg_3/CLKARDCLK
                         clock pessimism              0.217    10.752    
                         clock uncertainty           -0.369    10.383    
    RAMB36_X6Y30         RAMB36E1 (Setup_ramb36e1_CLKARDCLK_DIADI[28])
                                                     -0.214    10.169    u_top/u_core/u_b/u_b_core/core/core/l5/gk.frontend/win/bank_gen[0].mem_reg_3
  -------------------------------------------------------------------
                         required time                         10.169    
                         arrival time                         -10.504    
  -------------------------------------------------------------------
                         slack                                 -0.334    

Slack (VIOLATED) :        -0.334ns  (required time - arrival time)
  Source:                 u_top/u_core/u_b/u_b_core/core/core/l5/gk.frontend/pad/x_reg[6]/C
                            (rising edge-triggered cell FDRE clocked by u_top_n_1388  {rise@0.000ns fall@2.500ns period=5.000ns})
  Destination:            u_top/u_core/u_b/u_b_core/core/core/l5/gk.frontend/win/bank_gen[3].mem_reg_3/DIADI[13]
                            (rising edge-triggered cell RAMB36E1 clocked by u_top_n_1388  {rise@0.000ns fall@2.500ns period=5.000ns})
  Path Group:             u_top_n_1388
  Path Type:              Setup (Max at Slow Process Corner)
  Requirement:            5.000ns  (u_top_n_1388 rise@5.000ns - u_top_n_1388 rise@0.000ns)
  Data Path Delay:        4.678ns  (logic 0.694ns (14.834%)  route 3.984ns (85.166%))
  Logic Levels:           3  (LUT2=1 LUT4=1 LUT5=1)
  Clock Path Skew:        -0.073ns (DCD - SCD + CPR)
    Destination Clock Delay (DCD):    5.519ns = ( 10.519 - 5.000 ) 
    Source Clock Delay      (SCD):    5.809ns
    Clock Pessimism Removal (CPR):    0.217ns
  Clock Uncertainty:      0.369ns  ((TSJ^2 + DJ^2)^1/2) / 2 + PE + UU
    Total System Jitter     (TSJ):    0.071ns
    Discrete Jitter          (DJ):    0.118ns
    Phase Error              (PE):    0.000ns
    User Uncertainty         (UU):    0.300ns

    Location             Delay type                Incr(ns)  Path(ns)    Netlist Resource(s)
  -------------------------------------------------------------------    -------------------
                         (clock u_top_n_1388 rise edge)
                                                      0.000     0.000 r  
    W19                                               0.000     0.000 r  sys_clk (IN)
                         net (fo=0)                   0.000     0.000    sys_clk
    W19                  IBUF (Prop_ibuf_I_O)         1.440     1.440 r  sys_clk_IBUF_inst/O
                         net (fo=1, routed)           1.065     2.505    u_top/sys_clk_IBUF
    MMCME2_ADV_X0Y2      MMCME2_ADV (Prop_mmcme2_adv_CLKIN1_CLKOUT0)
                                                      0.077     2.582 r  u_top/g_mmcm.u_mmcm/CLKOUT0
                         net (fo=1, routed)           1.559     4.141    u_top_n_1388
    BUFGCTRL_X0Y1        BUFG (Prop_bufg_I_O)         0.081     4.222 r  input_slot_reg[1][511]_i_3_replica/O
                         net (fo=8, routed)           0.118     4.340    clk_200_repN
    BUFGCTRL_X0Y0        BUFG (Prop_bufg_I_O)         0.081     4.421 r  input_slot_reg[1][511]_i_3/O
                         net (fo=61738, routed)       1.388     5.809    u_top/u_core/u_b/u_b_core/core/core/l5/gk.frontend/pad/clk_200
    SLICE_X85Y104        FDRE                                         r  u_top/u_core/u_b/u_b_core/core/core/l5/gk.frontend/pad/x_reg[6]/C
  -------------------------------------------------------------------    -------------------
    SLICE_X85Y104        FDRE (Prop_fdre_C_Q)         0.379     6.188 f  u_top/u_core/u_b/u_b_core/core/core/l5/gk.frontend/pad/x_reg[6]/Q
                         net (fo=6, routed)           0.669     6.856    u_top/u_core/u_b/u_b_core/core/core/l5/gk.frontend/pad/x_reg_n_0_[6]
    SLICE_X87Y102        LUT4 (Prop_lut4_I1_O)        0.105     6.961 f  u_top/u_core/u_b/u_b_core/core/core/l5/gk.frontend/pad/x[2]_i_3/O
                         net (fo=7, routed)           0.707     7.669    u_top/u_core/u_b/u_b_core/core/core/l5/gk.frontend/pad/x[2]_i_3_n_0
    SLICE_X87Y101        LUT5 (Prop_lut5_I3_O)        0.105     7.774 f  u_top/u_core/u_b/u_b_core/core/core/l5/gk.frontend/pad/bank_gen[3].mem_reg_1_i_37/O
                         net (fo=181, routed)         1.161     8.934    u_top/u_core/u_b/u_b_core/core/core/f45/pixel_d_reg[36]
    SLICE_X91Y118        LUT2 (Prop_lut2_I1_O)        0.105     9.039 r  u_top/u_core/u_b/u_b_core/core/core/f45/bank_gen[3].mem_reg_3_i_19/O
                         net (fo=5, routed)           1.448    10.487    u_top/u_core/u_b/u_b_core/core/core/l5/gk.frontend/win/pixel_in[121]
    RAMB36_X5Y30         RAMB36E1                                     r  u_top/u_core/u_b/u_b_core/core/core/l5/gk.frontend/win/bank_gen[3].mem_reg_3/DIADI[13]
  -------------------------------------------------------------------    -------------------

                         (clock u_top_n_1388 rise edge)
                                                      5.000     5.000 r  
    W19                                               0.000     5.000 r  sys_clk (IN)
                         net (fo=0)                   0.000     5.000    sys_clk
    W19                  IBUF (Prop_ibuf_I_O)         1.374     6.374 r  sys_clk_IBUF_inst/O
                         net (fo=1, routed)           1.004     7.378    u_top/sys_clk_IBUF
    MMCME2_ADV_X0Y2      MMCME2_ADV (Prop_mmcme2_adv_CLKIN1_CLKOUT0)
                                                      0.073     7.451 r  u_top/g_mmcm.u_mmcm/CLKOUT0
                         net (fo=1, routed)           1.488     8.938    u_top_n_1388
    BUFGCTRL_X0Y1        BUFG (Prop_bufg_I_O)         0.077     9.015 r  input_slot_reg[1][511]_i_3_replica/O
                         net (fo=8, routed)           0.112     9.127    clk_200_repN
    BUFGCTRL_X0Y0        BUFG (Prop_bufg_I_O)         0.077     9.204 r  input_slot_reg[1][511]_i_3/O
                         net (fo=61738, routed)       1.315    10.519    u_top/u_core/u_b/u_b_core/core/core/l5/gk.frontend/win/clk_200
    RAMB36_X5Y30         RAMB36E1                                     r  u_top/u_core/u_b/u_b_core/core/core/l5/gk.frontend/win/bank_gen[3].mem_reg_3/CLKARDCLK
                         clock pessimism              0.217    10.736    
                         clock uncertainty           -0.369    10.367    
    RAMB36_X5Y30         RAMB36E1 (Setup_ramb36e1_CLKARDCLK_DIADI[13])
                                                     -0.214    10.153    u_top/u_core/u_b/u_b_core/core/core/l5/gk.frontend/win/bank_gen[3].mem_reg_3
  -------------------------------------------------------------------
                         required time                         10.153    
                         arrival time                         -10.487    
  -------------------------------------------------------------------
                         slack                                 -0.334    

Slack (VIOLATED) :        -0.333ns  (required time - arrival time)
  Source:                 u_top/u_core/u_b/u_b_core/core/core/l5/gk.frontend/pad/x_reg[6]/C
                            (rising edge-triggered cell FDRE clocked by u_top_n_1388  {rise@0.000ns fall@2.500ns period=5.000ns})
  Destination:            u_top/u_core/u_b/u_b_core/core/core/l5/gk.frontend/win/bank_gen[0].mem_reg_3/DIADI[15]
                            (rising edge-triggered cell RAMB36E1 clocked by u_top_n_1388  {rise@0.000ns fall@2.500ns period=5.000ns})
  Path Group:             u_top_n_1388
  Path Type:              Setup (Max at Slow Process Corner)
  Requirement:            5.000ns  (u_top_n_1388 rise@5.000ns - u_top_n_1388 rise@0.000ns)
  Data Path Delay:        4.693ns  (logic 0.694ns (14.788%)  route 3.999ns (85.212%))
  Logic Levels:           3  (LUT2=1 LUT4=1 LUT5=1)
  Clock Path Skew:        -0.057ns (DCD - SCD + CPR)
    Destination Clock Delay (DCD):    5.535ns = ( 10.535 - 5.000 ) 
    Source Clock Delay      (SCD):    5.809ns
    Clock Pessimism Removal (CPR):    0.217ns
  Clock Uncertainty:      0.369ns  ((TSJ^2 + DJ^2)^1/2) / 2 + PE + UU
    Total System Jitter     (TSJ):    0.071ns
    Discrete Jitter          (DJ):    0.118ns
    Phase Error              (PE):    0.000ns
    User Uncertainty         (UU):    0.300ns

    Location             Delay type                Incr(ns)  Path(ns)    Netlist Resource(s)
  -------------------------------------------------------------------    -------------------
                         (clock u_top_n_1388 rise edge)
                                                      0.000     0.000 r  
    W19                                               0.000     0.000 r  sys_clk (IN)
                         net (fo=0)                   0.000     0.000    sys_clk
    W19                  IBUF (Prop_ibuf_I_O)         1.440     1.440 r  sys_clk_IBUF_inst/O
                         net (fo=1, routed)           1.065     2.505    u_top/sys_clk_IBUF
    MMCME2_ADV_X0Y2      MMCME2_ADV (Prop_mmcme2_adv_CLKIN1_CLKOUT0)
                                                      0.077     2.582 r  u_top/g_mmcm.u_mmcm/CLKOUT0
                         net (fo=1, routed)           1.559     4.141    u_top_n_1388
    BUFGCTRL_X0Y1        BUFG (Prop_bufg_I_O)         0.081     4.222 r  input_slot_reg[1][511]_i_3_replica/O
                         net (fo=8, routed)           0.118     4.340    clk_200_repN
    BUFGCTRL_X0Y0        BUFG (Prop_bufg_I_O)         0.081     4.421 r  input_slot_reg[1][511]_i_3/O
                         net (fo=61738, routed)       1.388     5.809    u_top/u_core/u_b/u_b_core/core/core/l5/gk.frontend/pad/clk_200
    SLICE_X85Y104        FDRE                                         r  u_top/u_core/u_b/u_b_core/core/core/l5/gk.frontend/pad/x_reg[6]/C
  -------------------------------------------------------------------    -------------------
    SLICE_X85Y104        FDRE (Prop_fdre_C_Q)         0.379     6.188 f  u_top/u_core/u_b/u_b_core/core/core/l5/gk.frontend/pad/x_reg[6]/Q
                         net (fo=6, routed)           0.669     6.856    u_top/u_core/u_b/u_b_core/core/core/l5/gk.frontend/pad/x_reg_n_0_[6]
    SLICE_X87Y102        LUT4 (Prop_lut4_I1_O)        0.105     6.961 f  u_top/u_core/u_b/u_b_core/core/core/l5/gk.frontend/pad/x[2]_i_3/O
                         net (fo=7, routed)           0.707     7.669    u_top/u_core/u_b/u_b_core/core/core/l5/gk.frontend/pad/x[2]_i_3_n_0
    SLICE_X87Y101        LUT5 (Prop_lut5_I3_O)        0.105     7.774 f  u_top/u_core/u_b/u_b_core/core/core/l5/gk.frontend/pad/bank_gen[3].mem_reg_1_i_37/O
                         net (fo=181, routed)         1.061     8.835    u_top/u_core/u_b/u_b_core/core/core/f45/pixel_d_reg[36]
    SLICE_X89Y118        LUT2 (Prop_lut2_I1_O)        0.105     8.940 r  u_top/u_core/u_b/u_b_core/core/core/f45/bank_gen[3].mem_reg_3_i_17/O
                         net (fo=5, routed)           1.562    10.502    u_top/u_core/u_b/u_b_core/core/core/l5/gk.frontend/win/pixel_in[123]
    RAMB36_X6Y30         RAMB36E1                                     r  u_top/u_core/u_b/u_b_core/core/core/l5/gk.frontend/win/bank_gen[0].mem_reg_3/DIADI[15]
  -------------------------------------------------------------------    -------------------

                         (clock u_top_n_1388 rise edge)
                                                      5.000     5.000 r  
    W19                                               0.000     5.000 r  sys_clk (IN)
                         net (fo=0)                   0.000     5.000    sys_clk
    W19                  IBUF (Prop_ibuf_I_O)         1.374     6.374 r  sys_clk_IBUF_inst/O
                         net (fo=1, routed)           1.004     7.378    u_top/sys_clk_IBUF
    MMCME2_ADV_X0Y2      MMCME2_ADV (Prop_mmcme2_adv_CLKIN1_CLKOUT0)
                                                      0.073     7.451 r  u_top/g_mmcm.u_mmcm/CLKOUT0
                         net (fo=1, routed)           1.488     8.938    u_top_n_1388
    BUFGCTRL_X0Y1        BUFG (Prop_bufg_I_O)         0.077     9.015 r  input_slot_reg[1][511]_i_3_replica/O
                         net (fo=8, routed)           0.112     9.127    clk_200_repN
    BUFGCTRL_X0Y0        BUFG (Prop_bufg_I_O)         0.077     9.204 r  input_slot_reg[1][511]_i_3/O
                         net (fo=61738, routed)       1.331    10.535    u_top/u_core/u_b/u_b_core/core/core/l5/gk.frontend/win/clk_200
    RAMB36_X6Y30         RAMB36E1                                     r  u_top/u_core/u_b/u_b_core/core/core/l5/gk.frontend/win/bank_gen[0].mem_reg_3/CLKARDCLK
                         clock pessimism              0.217    10.752    
                         clock uncertainty           -0.369    10.383    
    RAMB36_X6Y30         RAMB36E1 (Setup_ramb36e1_CLKARDCLK_DIADI[15])
                                                     -0.214    10.169    u_top/u_core/u_b/u_b_core/core/core/l5/gk.frontend/win/bank_gen[0].mem_reg_3
  -------------------------------------------------------------------
                         required time                         10.169    
                         arrival time                         -10.502    
  -------------------------------------------------------------------
                         slack                                 -0.333    

Slack (VIOLATED) :        -0.330ns  (required time - arrival time)
  Source:                 u_top/u_core/u_b/u_b_core/core/core/l5/mac/mac/out_lane[1].mult_lane[12].operand_pipe.act_q_reg[5]/C
                            (rising edge-triggered cell FDRE clocked by u_top_n_1388  {rise@0.000ns fall@2.500ns period=5.000ns})
  Destination:            u_top/u_core/u_b/u_b_core/core/core/l5/mac/mac/out_lane[1].mult_lane[12].operand_pipe.sums_q_reg[0][1][12]/A[5]
                            (rising edge-triggered cell DSP48E1 clocked by u_top_n_1388  {rise@0.000ns fall@2.500ns period=5.000ns})
  Path Group:             u_top_n_1388
  Path Type:              Setup (Max at Slow Process Corner)
  Requirement:            5.000ns  (u_top_n_1388 rise@5.000ns - u_top_n_1388 rise@0.000ns)
  Data Path Delay:        1.796ns  (logic 0.379ns (21.106%)  route 1.417ns (78.894%))
  Logic Levels:           0  
  Clock Path Skew:        -0.034ns (DCD - SCD + CPR)
    Destination Clock Delay (DCD):    5.566ns = ( 10.566 - 5.000 ) 
    Source Clock Delay      (SCD):    5.823ns
    Clock Pessimism Removal (CPR):    0.224ns
  Clock Uncertainty:      0.369ns  ((TSJ^2 + DJ^2)^1/2) / 2 + PE + UU
    Total System Jitter     (TSJ):    0.071ns
    Discrete Jitter          (DJ):    0.118ns
    Phase Error              (PE):    0.000ns
    User Uncertainty         (UU):    0.300ns

    Location             Delay type                Incr(ns)  Path(ns)    Netlist Resource(s)
  -------------------------------------------------------------------    -------------------
                         (clock u_top_n_1388 rise edge)
                                                      0.000     0.000 r  
    W19                                               0.000     0.000 r  sys_clk (IN)
                         net (fo=0)                   0.000     0.000    sys_clk
    W19                  IBUF (Prop_ibuf_I_O)         1.440     1.440 r  sys_clk_IBUF_inst/O
                         net (fo=1, routed)           1.065     2.505    u_top/sys_clk_IBUF
    MMCME2_ADV_X0Y2      MMCME2_ADV (Prop_mmcme2_adv_CLKIN1_CLKOUT0)
                                                      0.077     2.582 r  u_top/g_mmcm.u_mmcm/CLKOUT0
                         net (fo=1, routed)           1.559     4.141    u_top_n_1388
    BUFGCTRL_X0Y1        BUFG (Prop_bufg_I_O)         0.081     4.222 r  input_slot_reg[1][511]_i_3_replica/O
                         net (fo=8, routed)           0.118     4.340    clk_200_repN
    BUFGCTRL_X0Y0        BUFG (Prop_bufg_I_O)         0.081     4.421 r  input_slot_reg[1][511]_i_3/O
                         net (fo=61738, routed)       1.402     5.823    u_top/u_core/u_b/u_b_core/core/core/l5/mac/mac/clk_200
    SLICE_X103Y151       FDRE                                         r  u_top/u_core/u_b/u_b_core/core/core/l5/mac/mac/out_lane[1].mult_lane[12].operand_pipe.act_q_reg[5]/C
  -------------------------------------------------------------------    -------------------
    SLICE_X103Y151       FDRE (Prop_fdre_C_Q)         0.379     6.202 r  u_top/u_core/u_b/u_b_core/core/core/l5/mac/mac/out_lane[1].mult_lane[12].operand_pipe.act_q_reg[5]/Q
                         net (fo=1, routed)           1.417     7.619    u_top/u_core/u_b/u_b_core/core/core/l5/mac/mac/out_lane[1].mult_lane[12].operand_pipe.act_q[5]
    DSP48_X3Y60          DSP48E1                                      r  u_top/u_core/u_b/u_b_core/core/core/l5/mac/mac/out_lane[1].mult_lane[12].operand_pipe.sums_q_reg[0][1][12]/A[5]
  -------------------------------------------------------------------    -------------------

                         (clock u_top_n_1388 rise edge)
                                                      5.000     5.000 r  
    W19                                               0.000     5.000 r  sys_clk (IN)
                         net (fo=0)                   0.000     5.000    sys_clk
    W19                  IBUF (Prop_ibuf_I_O)         1.374     6.374 r  sys_clk_IBUF_inst/O
                         net (fo=1, routed)           1.004     7.378    u_top/sys_clk_IBUF
    MMCME2_ADV_X0Y2      MMCME2_ADV (Prop_mmcme2_adv_CLKIN1_CLKOUT0)
                                                      0.073     7.451 r  u_top/g_mmcm.u_mmcm/CLKOUT0
                         net (fo=1, routed)           1.488     8.938    u_top_n_1388
    BUFGCTRL_X0Y1        BUFG (Prop_bufg_I_O)         0.077     9.015 r  input_slot_reg[1][511]_i_3_replica/O
                         net (fo=8, routed)           0.112     9.127    clk_200_repN
    BUFGCTRL_X0Y0        BUFG (Prop_bufg_I_O)         0.077     9.204 r  input_slot_reg[1][511]_i_3/O
                         net (fo=61738, routed)       1.362    10.566    u_top/u_core/u_b/u_b_core/core/core/l5/mac/mac/clk_200
    DSP48_X3Y60          DSP48E1                                      r  u_top/u_core/u_b/u_b_core/core/core/l5/mac/mac/out_lane[1].mult_lane[12].operand_pipe.sums_q_reg[0][1][12]/CLK
                         clock pessimism              0.224    10.790    
                         clock uncertainty           -0.369    10.421    
    DSP48_X3Y60          DSP48E1 (Setup_dsp48e1_CLK_A[5])
                                                     -3.132     7.289    u_top/u_core/u_b/u_b_core/core/core/l5/mac/mac/out_lane[1].mult_lane[12].operand_pipe.sums_q_reg[0][1][12]
  -------------------------------------------------------------------
                         required time                          7.289    
                         arrival time                          -7.619    
  -------------------------------------------------------------------
                         slack                                 -0.330    

Slack (VIOLATED) :        -0.329ns  (required time - arrival time)
  Source:                 u_top/u_core/u_rom/g_multi_bank.g_bank[13].u_bank/dout_reg_0_0/CLKARDCLK
                            (rising edge-triggered cell RAMB36E1 clocked by u_top_n_1388  {rise@0.000ns fall@2.500ns period=5.000ns})
  Destination:            u_top/u_core/c2b_data_q_reg[0][0]/D
                            (rising edge-triggered cell FDRE clocked by u_top_n_1388  {rise@0.000ns fall@2.500ns period=5.000ns})
  Path Group:             u_top_n_1388
  Path Type:              Setup (Max at Slow Process Corner)
  Requirement:            5.000ns  (u_top_n_1388 rise@5.000ns - u_top_n_1388 rise@0.000ns)
  Data Path Delay:        4.825ns  (logic 2.491ns (51.628%)  route 2.334ns (48.372%))
  Logic Levels:           3  (LUT6=1 MUXF7=1 MUXF8=1)
  Clock Path Skew:        0.026ns (DCD - SCD + CPR)
    Destination Clock Delay (DCD):    5.642ns = ( 10.642 - 5.000 ) 
    Source Clock Delay      (SCD):    5.840ns
    Clock Pessimism Removal (CPR):    0.223ns
  Clock Uncertainty:      0.369ns  ((TSJ^2 + DJ^2)^1/2) / 2 + PE + UU
    Total System Jitter     (TSJ):    0.071ns
    Discrete Jitter          (DJ):    0.118ns
    Phase Error              (PE):    0.000ns
    User Uncertainty         (UU):    0.300ns

    Location             Delay type                Incr(ns)  Path(ns)    Netlist Resource(s)
  -------------------------------------------------------------------    -------------------
                         (clock u_top_n_1388 rise edge)
                                                      0.000     0.000 r  
    W19                                               0.000     0.000 r  sys_clk (IN)
                         net (fo=0)                   0.000     0.000    sys_clk
    W19                  IBUF (Prop_ibuf_I_O)         1.440     1.440 r  sys_clk_IBUF_inst/O
                         net (fo=1, routed)           1.065     2.505    u_top/sys_clk_IBUF
    MMCME2_ADV_X0Y2      MMCME2_ADV (Prop_mmcme2_adv_CLKIN1_CLKOUT0)
                                                      0.077     2.582 r  u_top/g_mmcm.u_mmcm/CLKOUT0
                         net (fo=1, routed)           1.559     4.141    u_top_n_1388
    BUFGCTRL_X0Y1        BUFG (Prop_bufg_I_O)         0.081     4.222 r  input_slot_reg[1][511]_i_3_replica/O
                         net (fo=8, routed)           0.118     4.340    clk_200_repN
    BUFGCTRL_X0Y0        BUFG (Prop_bufg_I_O)         0.081     4.421 r  input_slot_reg[1][511]_i_3/O
                         net (fo=61738, routed)       1.418     5.840    u_top/u_core/u_rom/g_multi_bank.g_bank[13].u_bank/clk_200
    RAMB36_X4Y25         RAMB36E1                                     r  u_top/u_core/u_rom/g_multi_bank.g_bank[13].u_bank/dout_reg_0_0/CLKARDCLK
  -------------------------------------------------------------------    -------------------
    RAMB36_X4Y25         RAMB36E1 (Prop_ramb36e1_CLKARDCLK_DOADO[0])
                                                      2.125     7.965 r  u_top/u_core/u_rom/g_multi_bank.g_bank[13].u_bank/dout_reg_0_0/DOADO[0]
                         net (fo=1, routed)           2.188    10.152    u_top/u_core/u_rom/bank_dout[13]_160[0]
    SLICE_X109Y71        LUT6 (Prop_lut6_I3_O)        0.105    10.257 r  u_top/u_core/u_rom/c2b_data_q[0][0]_i_7/O
                         net (fo=1, routed)           0.000    10.257    u_top/u_core/u_rom/c2b_data_q[0][0]_i_7_n_0
    SLICE_X109Y71        MUXF7 (Prop_muxf7_I1_O)      0.182    10.439 r  u_top/u_core/u_rom/c2b_data_q_reg[0][0]_i_3/O
                         net (fo=1, routed)           0.000    10.439    u_top/u_core/u_rom/c2b_data_q_reg[0][0]_i_3_n_0
    SLICE_X109Y71        MUXF8 (Prop_muxf8_I1_O)      0.079    10.518 r  u_top/u_core/u_rom/c2b_data_q_reg[0][0]_i_1/O
                         net (fo=2, routed)           0.146    10.664    u_top/u_core/bank_dout[0]
    SLICE_X108Y71        FDRE                                         r  u_top/u_core/c2b_data_q_reg[0][0]/D
  -------------------------------------------------------------------    -------------------

                         (clock u_top_n_1388 rise edge)
                                                      5.000     5.000 r  
    W19                                               0.000     5.000 r  sys_clk (IN)
                         net (fo=0)                   0.000     5.000    sys_clk
    W19                  IBUF (Prop_ibuf_I_O)         1.374     6.374 r  sys_clk_IBUF_inst/O
                         net (fo=1, routed)           1.004     7.378    u_top/sys_clk_IBUF
    MMCME2_ADV_X0Y2      MMCME2_ADV (Prop_mmcme2_adv_CLKIN1_CLKOUT0)
                                                      0.073     7.451 r  u_top/g_mmcm.u_mmcm/CLKOUT0
                         net (fo=1, routed)           1.488     8.938    u_top_n_1388
    BUFGCTRL_X0Y1        BUFG (Prop_bufg_I_O)         0.077     9.015 r  input_slot_reg[1][511]_i_3_replica/O
                         net (fo=8, routed)           0.112     9.127    clk_200_repN
    BUFGCTRL_X0Y0        BUFG (Prop_bufg_I_O)         0.077     9.204 r  input_slot_reg[1][511]_i_3/O
                         net (fo=61738, routed)       1.438    10.642    u_top/u_core/clk_200
    SLICE_X108Y71        FDRE                                         r  u_top/u_core/c2b_data_q_reg[0][0]/C
                         clock pessimism              0.223    10.865    
                         clock uncertainty           -0.369    10.496    
    SLICE_X108Y71        FDRE (Setup_fdre_C_D)       -0.161    10.335    u_top/u_core/c2b_data_q_reg[0][0]
  -------------------------------------------------------------------
                         required time                         10.335    
                         arrival time                         -10.664    
  -------------------------------------------------------------------
                         slack                                 -0.329    

Slack (VIOLATED) :        -0.317ns  (required time - arrival time)
  Source:                 u_top/u_core/u_pp/u_bank0/mem_reg_bram_3/CLKBWRCLK
                            (rising edge-triggered cell RAMB36E1 clocked by u_top_n_1388  {rise@0.000ns fall@2.500ns period=5.000ns})
  Destination:            u_top/u_core/u_pp/u_bank0/rd_data_reg[0]/D
                            (rising edge-triggered cell FDRE clocked by u_top_n_1388  {rise@0.000ns fall@2.500ns period=5.000ns})
  Path Group:             u_top_n_1388
  Path Type:              Setup (Max at Slow Process Corner)
  Requirement:            5.000ns  (u_top_n_1388 rise@5.000ns - u_top_n_1388 rise@0.000ns)
  Data Path Delay:        4.814ns  (logic 2.644ns (54.921%)  route 2.170ns (45.079%))
  Logic Levels:           3  (LUT6=2 MUXF7=1)
  Clock Path Skew:        -0.166ns (DCD - SCD + CPR)
    Destination Clock Delay (DCD):    5.566ns = ( 10.566 - 5.000 ) 
    Source Clock Delay      (SCD):    5.950ns
    Clock Pessimism Removal (CPR):    0.217ns
  Clock Uncertainty:      0.369ns  ((TSJ^2 + DJ^2)^1/2) / 2 + PE + UU
    Total System Jitter     (TSJ):    0.071ns
    Discrete Jitter          (DJ):    0.118ns
    Phase Error              (PE):    0.000ns
    User Uncertainty         (UU):    0.300ns

    Location             Delay type                Incr(ns)  Path(ns)    Netlist Resource(s)
  -------------------------------------------------------------------    -------------------
                         (clock u_top_n_1388 rise edge)
                                                      0.000     0.000 r  
    W19                                               0.000     0.000 r  sys_clk (IN)
                         net (fo=0)                   0.000     0.000    sys_clk
    W19                  IBUF (Prop_ibuf_I_O)         1.440     1.440 r  sys_clk_IBUF_inst/O
                         net (fo=1, routed)           1.065     2.505    u_top/sys_clk_IBUF
    MMCME2_ADV_X0Y2      MMCME2_ADV (Prop_mmcme2_adv_CLKIN1_CLKOUT0)
                                                      0.077     2.582 r  u_top/g_mmcm.u_mmcm/CLKOUT0
                         net (fo=1, routed)           1.559     4.141    u_top_n_1388
    BUFGCTRL_X0Y1        BUFG (Prop_bufg_I_O)         0.081     4.222 r  input_slot_reg[1][511]_i_3_replica/O
                         net (fo=8, routed)           0.118     4.340    clk_200_repN
    BUFGCTRL_X0Y0        BUFG (Prop_bufg_I_O)         0.081     4.421 r  input_slot_reg[1][511]_i_3/O
                         net (fo=61738, routed)       1.528     5.950    u_top/u_core/u_pp/u_bank0/clk_200
    RAMB36_X0Y26         RAMB36E1                                     r  u_top/u_core/u_pp/u_bank0/mem_reg_bram_3/CLKBWRCLK
  -------------------------------------------------------------------    -------------------
    RAMB36_X0Y26         RAMB36E1 (Prop_ramb36e1_CLKBWRCLK_DOBDO[0])
                                                      2.125     8.075 r  u_top/u_core/u_pp/u_bank0/mem_reg_bram_3/DOBDO[0]
                         net (fo=1, routed)           1.247     9.322    u_top/u_core/u_pp/u_bank0/mem_reg_bram_3_n_67
    SLICE_X14Y150        LUT6 (Prop_lut6_I0_O)        0.105     9.427 r  u_top/u_core/u_pp/u_bank0/rd_data[0]_i_12/O
                         net (fo=1, routed)           0.000     9.427    u_top/u_core/u_pp/u_bank0/rd_data[0]_i_12_n_0
    SLICE_X14Y150        MUXF7 (Prop_muxf7_I0_O)      0.173     9.600 r  u_top/u_core/u_pp/u_bank0/rd_data_reg[0]_i_5/O
                         net (fo=1, routed)           0.923    10.523    u_top/u_core/u_pp/u_bank0/rd_data_reg[0]_i_5_n_0
    SLICE_X15Y175        LUT6 (Prop_lut6_I5_O)        0.241    10.764 r  u_top/u_core/u_pp/u_bank0/rd_data[0]_i_1/O
                         net (fo=1, routed)           0.000    10.764    u_top/u_core/u_pp/u_bank0/ram_read_q[0]
    SLICE_X15Y175        FDRE                                         r  u_top/u_core/u_pp/u_bank0/rd_data_reg[0]/D
  -------------------------------------------------------------------    -------------------

                         (clock u_top_n_1388 rise edge)
                                                      5.000     5.000 r  
    W19                                               0.000     5.000 r  sys_clk (IN)
                         net (fo=0)                   0.000     5.000    sys_clk
    W19                  IBUF (Prop_ibuf_I_O)         1.374     6.374 r  sys_clk_IBUF_inst/O
                         net (fo=1, routed)           1.004     7.378    u_top/sys_clk_IBUF
    MMCME2_ADV_X0Y2      MMCME2_ADV (Prop_mmcme2_adv_CLKIN1_CLKOUT0)
                                                      0.073     7.451 r  u_top/g_mmcm.u_mmcm/CLKOUT0
                         net (fo=1, routed)           1.488     8.938    u_top_n_1388
    BUFGCTRL_X0Y1        BUFG (Prop_bufg_I_O)         0.077     9.015 r  input_slot_reg[1][511]_i_3_replica/O
                         net (fo=8, routed)           0.112     9.127    clk_200_repN
    BUFGCTRL_X0Y0        BUFG (Prop_bufg_I_O)         0.077     9.204 r  input_slot_reg[1][511]_i_3/O
                         net (fo=61738, routed)       1.362    10.566    u_top/u_core/u_pp/u_bank0/clk_200
    SLICE_X15Y175        FDRE                                         r  u_top/u_core/u_pp/u_bank0/rd_data_reg[0]/C
                         clock pessimism              0.217    10.783    
                         clock uncertainty           -0.369    10.414    
    SLICE_X15Y175        FDRE (Setup_fdre_C_D)        0.032    10.446    u_top/u_core/u_pp/u_bank0/rd_data_reg[0]
  -------------------------------------------------------------------
                         required time                         10.446    
                         arrival time                         -10.764    
  -------------------------------------------------------------------
                         slack                                 -0.317    

Slack (VIOLATED) :        -0.311ns  (required time - arrival time)
  Source:                 u_top/u_core/u_b/u_b_core/core/core/f45/g_narrow_read.rd_ptr_local_reg[1]_replica_1/C
                            (rising edge-triggered cell FDRE clocked by u_top_n_1388  {rise@0.000ns fall@2.500ns period=5.000ns})
  Destination:            u_top/u_core/u_b/u_b_core/core/core/l5/gk.frontend/win/bank_gen[3].mem_reg_1/DIADI[20]
                            (rising edge-triggered cell RAMB36E1 clocked by u_top_n_1388  {rise@0.000ns fall@2.500ns period=5.000ns})
  Path Group:             u_top_n_1388
  Path Type:              Setup (Max at Slow Process Corner)
  Requirement:            5.000ns  (u_top_n_1388 rise@5.000ns - u_top_n_1388 rise@0.000ns)
  Data Path Delay:        4.729ns  (logic 0.924ns (19.540%)  route 3.805ns (80.460%))
  Logic Levels:           2  (LUT2=1 RAMD32=1)
  Clock Path Skew:        0.001ns (DCD - SCD + CPR)
    Destination Clock Delay (DCD):    5.546ns = ( 10.546 - 5.000 ) 
    Source Clock Delay      (SCD):    5.828ns
    Clock Pessimism Removal (CPR):    0.283ns
  Clock Uncertainty:      0.369ns  ((TSJ^2 + DJ^2)^1/2) / 2 + PE + UU
    Total System Jitter     (TSJ):    0.071ns
    Discrete Jitter          (DJ):    0.118ns
    Phase Error              (PE):    0.000ns
    User Uncertainty         (UU):    0.300ns

    Location             Delay type                Incr(ns)  Path(ns)    Netlist Resource(s)
  -------------------------------------------------------------------    -------------------
                         (clock u_top_n_1388 rise edge)
                                                      0.000     0.000 r  
    W19                                               0.000     0.000 r  sys_clk (IN)
                         net (fo=0)                   0.000     0.000    sys_clk
    W19                  IBUF (Prop_ibuf_I_O)         1.440     1.440 r  sys_clk_IBUF_inst/O
                         net (fo=1, routed)           1.065     2.505    u_top/sys_clk_IBUF
    MMCME2_ADV_X0Y2      MMCME2_ADV (Prop_mmcme2_adv_CLKIN1_CLKOUT0)
                                                      0.077     2.582 r  u_top/g_mmcm.u_mmcm/CLKOUT0
                         net (fo=1, routed)           1.559     4.141    u_top_n_1388
    BUFGCTRL_X0Y1        BUFG (Prop_bufg_I_O)         0.081     4.222 r  input_slot_reg[1][511]_i_3_replica/O
                         net (fo=8, routed)           0.118     4.340    clk_200_repN
    BUFGCTRL_X0Y0        BUFG (Prop_bufg_I_O)         0.081     4.421 r  input_slot_reg[1][511]_i_3/O
                         net (fo=61738, routed)       1.407     5.828    u_top/u_core/u_b/u_b_core/core/core/f45/clk_200
    SLICE_X92Y104        FDRE                                         r  u_top/u_core/u_b/u_b_core/core/core/f45/g_narrow_read.rd_ptr_local_reg[1]_replica_1/C
  -------------------------------------------------------------------    -------------------
    SLICE_X92Y104        FDRE (Prop_fdre_C_Q)         0.398     6.226 r  u_top/u_core/u_b/u_b_core/core/core/f45/g_narrow_read.rd_ptr_local_reg[1]_replica_1/Q
                         net (fo=30, routed)          1.338     7.564    u_top/u_core/u_b/u_b_core/core/core/f45/g_narrow_read.mem_reg_0_31_54_59/ADDRB1
    SLICE_X104Y99        RAMD32 (Prop_ramd32_RADR1_O)
                                                      0.243     7.807 r  u_top/u_core/u_b/u_b_core/core/core/f45/g_narrow_read.mem_reg_0_31_54_59/RAMB/O
                         net (fo=1, routed)           1.123     8.930    u_top/u_core/u_b/u_b_core/core/core/f45/d45[56]
    SLICE_X85Y115        LUT2 (Prop_lut2_I0_O)        0.283     9.213 r  u_top/u_core/u_b/u_b_core/core/core/f45/bank_gen[3].mem_reg_1_i_12/O
                         net (fo=5, routed)           1.344    10.557    u_top/u_core/u_b/u_b_core/core/core/l5/gk.frontend/win/pixel_in[56]
    RAMB36_X6Y27         RAMB36E1                                     r  u_top/u_core/u_b/u_b_core/core/core/l5/gk.frontend/win/bank_gen[3].mem_reg_1/DIADI[20]
  -------------------------------------------------------------------    -------------------

                         (clock u_top_n_1388 rise edge)
                                                      5.000     5.000 r  
    W19                                               0.000     5.000 r  sys_clk (IN)
                         net (fo=0)                   0.000     5.000    sys_clk
    W19                  IBUF (Prop_ibuf_I_O)         1.374     6.374 r  sys_clk_IBUF_inst/O
                         net (fo=1, routed)           1.004     7.378    u_top/sys_clk_IBUF
    MMCME2_ADV_X0Y2      MMCME2_ADV (Prop_mmcme2_adv_CLKIN1_CLKOUT0)
                                                      0.073     7.451 r  u_top/g_mmcm.u_mmcm/CLKOUT0
                         net (fo=1, routed)           1.488     8.938    u_top_n_1388
    BUFGCTRL_X0Y1        BUFG (Prop_bufg_I_O)         0.077     9.015 r  input_slot_reg[1][511]_i_3_replica/O
                         net (fo=8, routed)           0.112     9.127    clk_200_repN
    BUFGCTRL_X0Y0        BUFG (Prop_bufg_I_O)         0.077     9.204 r  input_slot_reg[1][511]_i_3/O
                         net (fo=61738, routed)       1.341    10.546    u_top/u_core/u_b/u_b_core/core/core/l5/gk.frontend/win/clk_200
    RAMB36_X6Y27         RAMB36E1                                     r  u_top/u_core/u_b/u_b_core/core/core/l5/gk.frontend/win/bank_gen[3].mem_reg_1/CLKARDCLK
                         clock pessimism              0.283    10.829    
                         clock uncertainty           -0.369    10.460    
    RAMB36_X6Y27         RAMB36E1 (Setup_ramb36e1_CLKARDCLK_DIADI[20])
                                                     -0.214    10.246    u_top/u_core/u_b/u_b_core/core/core/l5/gk.frontend/win/bank_gen[3].mem_reg_1
  -------------------------------------------------------------------
                         required time                         10.246    
                         arrival time                         -10.557    
  -------------------------------------------------------------------
                         slack                                 -0.311    

Slack (VIOLATED) :        -0.309ns  (required time - arrival time)
  Source:                 u_top/u_core/u_b/u_b_core/core/core/l5/gk.frontend/pad/x_reg[6]/C
                            (rising edge-triggered cell FDRE clocked by u_top_n_1388  {rise@0.000ns fall@2.500ns period=5.000ns})
  Destination:            u_top/u_core/u_b/u_b_core/core/core/l5/gk.frontend/win/bank_gen[2].mem_reg_1/DIADI[22]
                            (rising edge-triggered cell RAMB36E1 clocked by u_top_n_1388  {rise@0.000ns fall@2.500ns period=5.000ns})
  Path Group:             u_top_n_1388
  Path Type:              Setup (Max at Slow Process Corner)
  Requirement:            5.000ns  (u_top_n_1388 rise@5.000ns - u_top_n_1388 rise@0.000ns)
  Data Path Delay:        4.659ns  (logic 0.694ns (14.896%)  route 3.965ns (85.104%))
  Logic Levels:           3  (LUT2=1 LUT4=1 LUT5=1)
  Clock Path Skew:        -0.067ns (DCD - SCD + CPR)
    Destination Clock Delay (DCD):    5.519ns = ( 10.519 - 5.000 ) 
    Source Clock Delay      (SCD):    5.809ns
    Clock Pessimism Removal (CPR):    0.223ns
  Clock Uncertainty:      0.369ns  ((TSJ^2 + DJ^2)^1/2) / 2 + PE + UU
    Total System Jitter     (TSJ):    0.071ns
    Discrete Jitter          (DJ):    0.118ns
    Phase Error              (PE):    0.000ns
    User Uncertainty         (UU):    0.300ns

    Location             Delay type                Incr(ns)  Path(ns)    Netlist Resource(s)
  -------------------------------------------------------------------    -------------------
                         (clock u_top_n_1388 rise edge)
                                                      0.000     0.000 r  
    W19                                               0.000     0.000 r  sys_clk (IN)
                         net (fo=0)                   0.000     0.000    sys_clk
    W19                  IBUF (Prop_ibuf_I_O)         1.440     1.440 r  sys_clk_IBUF_inst/O
                         net (fo=1, routed)           1.065     2.505    u_top/sys_clk_IBUF
    MMCME2_ADV_X0Y2      MMCME2_ADV (Prop_mmcme2_adv_CLKIN1_CLKOUT0)
                                                      0.077     2.582 r  u_top/g_mmcm.u_mmcm/CLKOUT0
                         net (fo=1, routed)           1.559     4.141    u_top_n_1388
    BUFGCTRL_X0Y1        BUFG (Prop_bufg_I_O)         0.081     4.222 r  input_slot_reg[1][511]_i_3_replica/O
                         net (fo=8, routed)           0.118     4.340    clk_200_repN
    BUFGCTRL_X0Y0        BUFG (Prop_bufg_I_O)         0.081     4.421 r  input_slot_reg[1][511]_i_3/O
                         net (fo=61738, routed)       1.388     5.809    u_top/u_core/u_b/u_b_core/core/core/l5/gk.frontend/pad/clk_200
    SLICE_X85Y104        FDRE                                         r  u_top/u_core/u_b/u_b_core/core/core/l5/gk.frontend/pad/x_reg[6]/C
  -------------------------------------------------------------------    -------------------
    SLICE_X85Y104        FDRE (Prop_fdre_C_Q)         0.379     6.188 f  u_top/u_core/u_b/u_b_core/core/core/l5/gk.frontend/pad/x_reg[6]/Q
                         net (fo=6, routed)           0.669     6.856    u_top/u_core/u_b/u_b_core/core/core/l5/gk.frontend/pad/x_reg_n_0_[6]
    SLICE_X87Y102        LUT4 (Prop_lut4_I1_O)        0.105     6.961 f  u_top/u_core/u_b/u_b_core/core/core/l5/gk.frontend/pad/x[2]_i_3/O
                         net (fo=7, routed)           0.707     7.669    u_top/u_core/u_b/u_b_core/core/core/l5/gk.frontend/pad/x[2]_i_3_n_0
    SLICE_X87Y101        LUT5 (Prop_lut5_I3_O)        0.105     7.774 f  u_top/u_core/u_b/u_b_core/core/core/l5/gk.frontend/pad/bank_gen[3].mem_reg_1_i_37/O
                         net (fo=181, routed)         1.481     9.255    u_top/u_core/u_b/u_b_core/core/core/f45/pixel_d_reg[36]
    SLICE_X93Y112        LUT2 (Prop_lut2_I1_O)        0.105     9.360 r  u_top/u_core/u_b/u_b_core/core/core/f45/bank_gen[3].mem_reg_1_i_10/O
                         net (fo=5, routed)           1.108    10.468    u_top/u_core/u_b/u_b_core/core/core/l5/gk.frontend/win/pixel_in[58]
    RAMB36_X4Y23         RAMB36E1                                     r  u_top/u_core/u_b/u_b_core/core/core/l5/gk.frontend/win/bank_gen[2].mem_reg_1/DIADI[22]
  -------------------------------------------------------------------    -------------------

                         (clock u_top_n_1388 rise edge)
                                                      5.000     5.000 r  
    W19                                               0.000     5.000 r  sys_clk (IN)
                         net (fo=0)                   0.000     5.000    sys_clk
    W19                  IBUF (Prop_ibuf_I_O)         1.374     6.374 r  sys_clk_IBUF_inst/O
                         net (fo=1, routed)           1.004     7.378    u_top/sys_clk_IBUF
    MMCME2_ADV_X0Y2      MMCME2_ADV (Prop_mmcme2_adv_CLKIN1_CLKOUT0)
                                                      0.073     7.451 r  u_top/g_mmcm.u_mmcm/CLKOUT0
                         net (fo=1, routed)           1.488     8.938    u_top_n_1388
    BUFGCTRL_X0Y1        BUFG (Prop_bufg_I_O)         0.077     9.015 r  input_slot_reg[1][511]_i_3_replica/O
                         net (fo=8, routed)           0.112     9.127    clk_200_repN
    BUFGCTRL_X0Y0        BUFG (Prop_bufg_I_O)         0.077     9.204 r  input_slot_reg[1][511]_i_3/O
                         net (fo=61738, routed)       1.314    10.519    u_top/u_core/u_b/u_b_core/core/core/l5/gk.frontend/win/clk_200
    RAMB36_X4Y23         RAMB36E1                                     r  u_top/u_core/u_b/u_b_core/core/core/l5/gk.frontend/win/bank_gen[2].mem_reg_1/CLKARDCLK
                         clock pessimism              0.223    10.742    
                         clock uncertainty           -0.369    10.373    
    RAMB36_X4Y23         RAMB36E1 (Setup_ramb36e1_CLKARDCLK_DIADI[22])
                                                     -0.214    10.159    u_top/u_core/u_b/u_b_core/core/core/l5/gk.frontend/win/bank_gen[2].mem_reg_1
  -------------------------------------------------------------------
                         required time                         10.159    
                         arrival time                         -10.468    
  -------------------------------------------------------------------
                         slack                                 -0.309    

Slack (VIOLATED) :        -0.306ns  (required time - arrival time)
  Source:                 u_top/u_core/u_b/u_b_core/core/core/l1/gk.frontend/pad/y_reg[7]/C
                            (rising edge-triggered cell FDRE clocked by u_top_n_1388  {rise@0.000ns fall@2.500ns period=5.000ns})
  Destination:            u_top/u_core/u_b/u_b_core/core/core/l1/gk.frontend/win/bank_gen[3].mem_reg/DIADI[5]
                            (rising edge-triggered cell RAMB18E1 clocked by u_top_n_1388  {rise@0.000ns fall@2.500ns period=5.000ns})
  Path Group:             u_top_n_1388
  Path Type:              Setup (Max at Slow Process Corner)
  Requirement:            5.000ns  (u_top_n_1388 rise@5.000ns - u_top_n_1388 rise@0.000ns)
  Data Path Delay:        4.515ns  (logic 0.902ns (19.977%)  route 3.613ns (80.023%))
  Logic Levels:           4  (LUT4=2 LUT6=2)
  Clock Path Skew:        -0.208ns (DCD - SCD + CPR)
    Destination Clock Delay (DCD):    5.521ns = ( 10.521 - 5.000 ) 
    Source Clock Delay      (SCD):    5.951ns
    Clock Pessimism Removal (CPR):    0.223ns
  Clock Uncertainty:      0.369ns  ((TSJ^2 + DJ^2)^1/2) / 2 + PE + UU
    Total System Jitter     (TSJ):    0.071ns
    Discrete Jitter          (DJ):    0.118ns
    Phase Error              (PE):    0.000ns
    User Uncertainty         (UU):    0.300ns

    Location             Delay type                Incr(ns)  Path(ns)    Netlist Resource(s)
  -------------------------------------------------------------------    -------------------
                         (clock u_top_n_1388 rise edge)
                                                      0.000     0.000 r  
    W19                                               0.000     0.000 r  sys_clk (IN)
                         net (fo=0)                   0.000     0.000    sys_clk
    W19                  IBUF (Prop_ibuf_I_O)         1.440     1.440 r  sys_clk_IBUF_inst/O
                         net (fo=1, routed)           1.065     2.505    u_top/sys_clk_IBUF
    MMCME2_ADV_X0Y2      MMCME2_ADV (Prop_mmcme2_adv_CLKIN1_CLKOUT0)
                                                      0.077     2.582 r  u_top/g_mmcm.u_mmcm/CLKOUT0
                         net (fo=1, routed)           1.559     4.141    u_top_n_1388
    BUFGCTRL_X0Y1        BUFG (Prop_bufg_I_O)         0.081     4.222 r  input_slot_reg[1][511]_i_3_replica/O
                         net (fo=8, routed)           0.118     4.340    clk_200_repN
    BUFGCTRL_X0Y0        BUFG (Prop_bufg_I_O)         0.081     4.421 r  input_slot_reg[1][511]_i_3/O
                         net (fo=61738, routed)       1.530     5.951    u_top/u_core/u_b/u_b_core/core/core/l1/gk.frontend/pad/clk_200
    SLICE_X77Y83         FDRE                                         r  u_top/u_core/u_b/u_b_core/core/core/l1/gk.frontend/pad/y_reg[7]/C
  -------------------------------------------------------------------    -------------------
    SLICE_X77Y83         FDRE (Prop_fdre_C_Q)         0.348     6.299 r  u_top/u_core/u_b/u_b_core/core/core/l1/gk.frontend/pad/y_reg[7]/Q
                         net (fo=5, routed)           0.641     6.940    u_top/u_core/u_b/u_b_core/core/core/l1/gk.frontend/pad/y_reg[7]
    SLICE_X77Y84         LUT4 (Prop_lut4_I3_O)        0.239     7.179 r  u_top/u_core/u_b/u_b_core/core/core/l1/gk.frontend/pad/bank_gen[3].mem_reg_i_15/O
                         net (fo=1, routed)           0.454     7.633    u_top/u_core/u_b/u_b_core/core/core/l1/gk.frontend/pad/bank_gen[3].mem_reg_i_15_n_0
    SLICE_X77Y84         LUT6 (Prop_lut6_I4_O)        0.105     7.738 f  u_top/u_core/u_b/u_b_core/core/core/l1/gk.frontend/pad/bank_gen[3].mem_reg_i_11/O
                         net (fo=2, routed)           0.444     8.183    u_top/u_core/u_b/u_b_core/core/core/l1/gk.frontend/pad/bank_gen[3].mem_reg_i_11_n_0
    SLICE_X79Y85         LUT6 (Prop_lut6_I0_O)        0.105     8.288 f  u_top/u_core/u_b/u_b_core/core/core/l1/gk.frontend/pad/bank_gen[3].mem_reg_i_14/O
                         net (fo=11, routed)          1.028     9.316    u_top/u_core/u_b/u_b_core/core/core/l1/gk.frontend/pad/bank_gen[3].mem_reg_i_14_n_0
    SLICE_X87Y104        LUT4 (Prop_lut4_I3_O)        0.105     9.421 r  u_top/u_core/u_b/u_b_core/core/core/l1/gk.frontend/pad/bank_gen[3].mem_reg_i_4/O
                         net (fo=5, routed)           1.046    10.466    u_top/u_core/u_b/u_b_core/core/core/l1/gk.frontend/win/DIADI[5]
    RAMB18_X5Y51         RAMB18E1                                     r  u_top/u_core/u_b/u_b_core/core/core/l1/gk.frontend/win/bank_gen[3].mem_reg/DIADI[5]
  -------------------------------------------------------------------    -------------------

                         (clock u_top_n_1388 rise edge)
                                                      5.000     5.000 r  
    W19                                               0.000     5.000 r  sys_clk (IN)
                         net (fo=0)                   0.000     5.000    sys_clk
    W19                  IBUF (Prop_ibuf_I_O)         1.374     6.374 r  sys_clk_IBUF_inst/O
                         net (fo=1, routed)           1.004     7.378    u_top/sys_clk_IBUF
    MMCME2_ADV_X0Y2      MMCME2_ADV (Prop_mmcme2_adv_CLKIN1_CLKOUT0)
                                                      0.073     7.451 r  u_top/g_mmcm.u_mmcm/CLKOUT0
                         net (fo=1, routed)           1.488     8.938    u_top_n_1388
    BUFGCTRL_X0Y1        BUFG (Prop_bufg_I_O)         0.077     9.015 r  input_slot_reg[1][511]_i_3_replica/O
                         net (fo=8, routed)           0.112     9.127    clk_200_repN
    BUFGCTRL_X0Y0        BUFG (Prop_bufg_I_O)         0.077     9.204 r  input_slot_reg[1][511]_i_3/O
                         net (fo=61738, routed)       1.316    10.521    u_top/u_core/u_b/u_b_core/core/core/l1/gk.frontend/win/clk_200
    RAMB18_X5Y51         RAMB18E1                                     r  u_top/u_core/u_b/u_b_core/core/core/l1/gk.frontend/win/bank_gen[3].mem_reg/CLKARDCLK
                         clock pessimism              0.223    10.744    
                         clock uncertainty           -0.369    10.375    
    RAMB18_X5Y51         RAMB18E1 (Setup_ramb18e1_CLKARDCLK_DIADI[5])
                                                     -0.214    10.161    u_top/u_core/u_b/u_b_core/core/core/l1/gk.frontend/win/bank_gen[3].mem_reg
  -------------------------------------------------------------------
                         required time                         10.161    
                         arrival time                         -10.466    
  -------------------------------------------------------------------
                         slack                                 -0.306    

Slack (VIOLATED) :        -0.303ns  (required time - arrival time)
  Source:                 u_top/u_core/u_b/u_b_core/core/core/l5/mac/issue/out_phase_reg[2]_rep__4/C
                            (rising edge-triggered cell FDRE clocked by u_top_n_1388  {rise@0.000ns fall@2.500ns period=5.000ns})
  Destination:            u_top/u_core/u_b/u_b_core/core/core/l5/mac/mac/out_lane[2].mult_lane[12].operand_pipe.act_q_reg[8]/D
                            (rising edge-triggered cell FDRE clocked by u_top_n_1388  {rise@0.000ns fall@2.500ns period=5.000ns})
  Path Group:             u_top_n_1388
  Path Type:              Setup (Max at Slow Process Corner)
  Requirement:            5.000ns  (u_top_n_1388 rise@5.000ns - u_top_n_1388 rise@0.000ns)
  Data Path Delay:        4.679ns  (logic 0.710ns (15.174%)  route 3.969ns (84.826%))
  Logic Levels:           1  (MUXF7=1)
  Clock Path Skew:        -0.049ns (DCD - SCD + CPR)
    Destination Clock Delay (DCD):    5.556ns = ( 10.556 - 5.000 ) 
    Source Clock Delay      (SCD):    5.822ns
    Clock Pessimism Removal (CPR):    0.217ns
  Clock Uncertainty:      0.369ns  ((TSJ^2 + DJ^2)^1/2) / 2 + PE + UU
    Total System Jitter     (TSJ):    0.071ns
    Discrete Jitter          (DJ):    0.118ns
    Phase Error              (PE):    0.000ns
    User Uncertainty         (UU):    0.300ns

    Location             Delay type                Incr(ns)  Path(ns)    Netlist Resource(s)
  -------------------------------------------------------------------    -------------------
                         (clock u_top_n_1388 rise edge)
                                                      0.000     0.000 r  
    W19                                               0.000     0.000 r  sys_clk (IN)
                         net (fo=0)                   0.000     0.000    sys_clk
    W19                  IBUF (Prop_ibuf_I_O)         1.440     1.440 r  sys_clk_IBUF_inst/O
                         net (fo=1, routed)           1.065     2.505    u_top/sys_clk_IBUF
    MMCME2_ADV_X0Y2      MMCME2_ADV (Prop_mmcme2_adv_CLKIN1_CLKOUT0)
                                                      0.077     2.582 r  u_top/g_mmcm.u_mmcm/CLKOUT0
                         net (fo=1, routed)           1.559     4.141    u_top_n_1388
    BUFGCTRL_X0Y1        BUFG (Prop_bufg_I_O)         0.081     4.222 r  input_slot_reg[1][511]_i_3_replica/O
                         net (fo=8, routed)           0.118     4.340    clk_200_repN
    BUFGCTRL_X0Y0        BUFG (Prop_bufg_I_O)         0.081     4.421 r  input_slot_reg[1][511]_i_3/O
                         net (fo=61738, routed)       1.401     5.822    u_top/u_core/u_b/u_b_core/core/core/l5/mac/issue/clk_200
    SLICE_X103Y121       FDRE                                         r  u_top/u_core/u_b/u_b_core/core/core/l5/mac/issue/out_phase_reg[2]_rep__4/C
  -------------------------------------------------------------------    -------------------
    SLICE_X103Y121       FDRE (Prop_fdre_C_Q)         0.348     6.170 r  u_top/u_core/u_b/u_b_core/core/core/l5/mac/issue/out_phase_reg[2]_rep__4/Q
                         net (fo=119, routed)         1.767     7.937    u_top/u_core/u_b/u_b_core/core/core/l5/mac/issue/out_phase_reg[2]_rep__4_0
    SLICE_X141Y104       MUXF7 (Prop_muxf7_S_O)       0.362     8.299 r  u_top/u_core/u_b/u_b_core/core/core/l5/mac/issue/out_lane[2].mult_lane[12].operand_pipe.act_q_reg[8]_i_1/O
                         net (fo=4, routed)           2.202    10.501    u_top/u_core/u_b/u_b_core/core/core/l5/mac/mac/out_lane[2].mult_lane[12].operand_pipe.act_q_reg[15]_0[8]
    SLICE_X153Y177       FDRE                                         r  u_top/u_core/u_b/u_b_core/core/core/l5/mac/mac/out_lane[2].mult_lane[12].operand_pipe.act_q_reg[8]/D
  -------------------------------------------------------------------    -------------------

                         (clock u_top_n_1388 rise edge)
                                                      5.000     5.000 r  
    W19                                               0.000     5.000 r  sys_clk (IN)
                         net (fo=0)                   0.000     5.000    sys_clk
    W19                  IBUF (Prop_ibuf_I_O)         1.374     6.374 r  sys_clk_IBUF_inst/O
                         net (fo=1, routed)           1.004     7.378    u_top/sys_clk_IBUF
    MMCME2_ADV_X0Y2      MMCME2_ADV (Prop_mmcme2_adv_CLKIN1_CLKOUT0)
                                                      0.073     7.451 r  u_top/g_mmcm.u_mmcm/CLKOUT0
                         net (fo=1, routed)           1.488     8.938    u_top_n_1388
    BUFGCTRL_X0Y1        BUFG (Prop_bufg_I_O)         0.077     9.015 r  input_slot_reg[1][511]_i_3_replica/O
                         net (fo=8, routed)           0.112     9.127    clk_200_repN
    BUFGCTRL_X0Y0        BUFG (Prop_bufg_I_O)         0.077     9.204 r  input_slot_reg[1][511]_i_3/O
                         net (fo=61738, routed)       1.352    10.556    u_top/u_core/u_b/u_b_core/core/core/l5/mac/mac/clk_200
    SLICE_X153Y177       FDRE                                         r  u_top/u_core/u_b/u_b_core/core/core/l5/mac/mac/out_lane[2].mult_lane[12].operand_pipe.act_q_reg[8]/C
                         clock pessimism              0.217    10.773    
                         clock uncertainty           -0.369    10.404    
    SLICE_X153Y177       FDRE (Setup_fdre_C_D)       -0.206    10.198    u_top/u_core/u_b/u_b_core/core/core/l5/mac/mac/out_lane[2].mult_lane[12].operand_pipe.act_q_reg[8]
  -------------------------------------------------------------------
                         required time                         10.198    
                         arrival time                         -10.501    
  -------------------------------------------------------------------
                         slack                                 -0.303    





Min Delay Paths
--------------------------------------------------------------------------------------
Slack (MET) :             0.036ns  (arrival time - required time)
  Source:                 u_top/u_core/u_b/u_b_core/core/core/l3/gk.frontend/win/shift_reg[3][36]/C
                            (rising edge-triggered cell FDRE clocked by u_top_n_1388  {rise@0.000ns fall@2.500ns period=5.000ns})
  Destination:            u_top/u_core/u_b/u_b_core/core/core/l3/gk.frontend/fifo/g_wide_read.g_read_slice[6].mem_slice_reg_0_3_36_41/RAMA/I
                            (rising edge-triggered cell RAMD32 clocked by u_top_n_1388  {rise@0.000ns fall@2.500ns period=5.000ns})
  Path Group:             u_top_n_1388
  Path Type:              Hold (Min at Fast Process Corner)
  Requirement:            0.000ns  (u_top_n_1388 rise@0.000ns - u_top_n_1388 rise@0.000ns)
  Data Path Delay:        0.196ns  (logic 0.141ns (71.838%)  route 0.055ns (28.162%))
  Logic Levels:           0  
  Clock Path Skew:        0.013ns (DCD - SCD - CPR)
    Destination Clock Delay (DCD):    2.606ns
    Source Clock Delay      (SCD):    2.043ns
    Clock Pessimism Removal (CPR):    0.550ns

    Location             Delay type                Incr(ns)  Path(ns)    Netlist Resource(s)
  -------------------------------------------------------------------    -------------------
                         (clock u_top_n_1388 rise edge)
                                                      0.000     0.000 r  
    W19                                               0.000     0.000 r  sys_clk (IN)
                         net (fo=0)                   0.000     0.000    sys_clk
    W19                  IBUF (Prop_ibuf_I_O)         0.277     0.277 r  sys_clk_IBUF_inst/O
                         net (fo=1, routed)           0.440     0.717    u_top/sys_clk_IBUF
    MMCME2_ADV_X0Y2      MMCME2_ADV (Prop_mmcme2_adv_CLKIN1_CLKOUT0)
                                                      0.050     0.767 r  u_top/g_mmcm.u_mmcm/CLKOUT0
                         net (fo=1, routed)           0.545     1.312    u_top_n_1388
    BUFGCTRL_X0Y1        BUFG (Prop_bufg_I_O)         0.026     1.338 r  input_slot_reg[1][511]_i_3_replica/O
                         net (fo=8, routed)           0.030     1.368    clk_200_repN
    BUFGCTRL_X0Y0        BUFG (Prop_bufg_I_O)         0.026     1.394 r  input_slot_reg[1][511]_i_3/O
                         net (fo=61738, routed)       0.649     2.043    u_top/u_core/u_b/u_b_core/core/core/l3/gk.frontend/win/clk_200
    SLICE_X45Y87         FDRE                                         r  u_top/u_core/u_b/u_b_core/core/core/l3/gk.frontend/win/shift_reg[3][36]/C
  -------------------------------------------------------------------    -------------------
    SLICE_X45Y87         FDRE (Prop_fdre_C_Q)         0.141     2.184 r  u_top/u_core/u_b/u_b_core/core/core/l3/gk.frontend/win/shift_reg[3][36]/Q
                         net (fo=1, routed)           0.055     2.239    u_top/u_core/u_b/u_b_core/core/core/l3/gk.frontend/fifo/g_wide_read.g_read_slice[6].mem_slice_reg_0_3_36_41/DIA0
    SLICE_X44Y87         RAMD32                                       r  u_top/u_core/u_b/u_b_core/core/core/l3/gk.frontend/fifo/g_wide_read.g_read_slice[6].mem_slice_reg_0_3_36_41/RAMA/I
  -------------------------------------------------------------------    -------------------

                         (clock u_top_n_1388 rise edge)
                                                      0.000     0.000 r  
    W19                                               0.000     0.000 r  sys_clk (IN)
                         net (fo=0)                   0.000     0.000    sys_clk
    W19                  IBUF (Prop_ibuf_I_O)         0.465     0.465 r  sys_clk_IBUF_inst/O
                         net (fo=1, routed)           0.480     0.945    u_top/sys_clk_IBUF
    MMCME2_ADV_X0Y2      MMCME2_ADV (Prop_mmcme2_adv_CLKIN1_CLKOUT0)
                                                      0.053     0.998 r  u_top/g_mmcm.u_mmcm/CLKOUT0
                         net (fo=1, routed)           0.595     1.593    u_top_n_1388
    BUFGCTRL_X0Y1        BUFG (Prop_bufg_I_O)         0.029     1.622 r  input_slot_reg[1][511]_i_3_replica/O
                         net (fo=8, routed)           0.033     1.655    clk_200_repN
    BUFGCTRL_X0Y0        BUFG (Prop_bufg_I_O)         0.029     1.684 r  input_slot_reg[1][511]_i_3/O
                         net (fo=61738, routed)       0.923     2.606    u_top/u_core/u_b/u_b_core/core/core/l3/gk.frontend/fifo/g_wide_read.g_read_slice[6].mem_slice_reg_0_3_36_41/WCLK
    SLICE_X44Y87         RAMD32                                       r  u_top/u_core/u_b/u_b_core/core/core/l3/gk.frontend/fifo/g_wide_read.g_read_slice[6].mem_slice_reg_0_3_36_41/RAMA/CLK
                         clock pessimism             -0.550     2.056    
    SLICE_X44Y87         RAMD32 (Hold_ramd32_CLK_I)
                                                      0.147     2.203    u_top/u_core/u_b/u_b_core/core/core/l3/gk.frontend/fifo/g_wide_read.g_read_slice[6].mem_slice_reg_0_3_36_41/RAMA
  -------------------------------------------------------------------
                         required time                         -2.203    
                         arrival time                           2.239    
  -------------------------------------------------------------------
                         slack                                  0.036    

Slack (MET) :             0.036ns  (arrival time - required time)
  Source:                 u_top/u_core/u_b/u_b_core/core/core/l3/gk.frontend/win/shift_reg[3][100]/C
                            (rising edge-triggered cell FDRE clocked by u_top_n_1388  {rise@0.000ns fall@2.500ns period=5.000ns})
  Destination:            u_top/u_core/u_b/u_b_core/core/core/l3/gk.frontend/fifo/g_wide_read.g_read_slice[7].mem_slice_reg_0_3_36_41/RAMA/I
                            (rising edge-triggered cell RAMD32 clocked by u_top_n_1388  {rise@0.000ns fall@2.500ns period=5.000ns})
  Path Group:             u_top_n_1388
  Path Type:              Hold (Min at Fast Process Corner)
  Requirement:            0.000ns  (u_top_n_1388 rise@0.000ns - u_top_n_1388 rise@0.000ns)
  Data Path Delay:        0.196ns  (logic 0.141ns (71.838%)  route 0.055ns (28.162%))
  Logic Levels:           0  
  Clock Path Skew:        0.013ns (DCD - SCD - CPR)
    Destination Clock Delay (DCD):    2.604ns
    Source Clock Delay      (SCD):    2.042ns
    Clock Pessimism Removal (CPR):    0.549ns

    Location             Delay type                Incr(ns)  Path(ns)    Netlist Resource(s)
  -------------------------------------------------------------------    -------------------
                         (clock u_top_n_1388 rise edge)
                                                      0.000     0.000 r  
    W19                                               0.000     0.000 r  sys_clk (IN)
                         net (fo=0)                   0.000     0.000    sys_clk
    W19                  IBUF (Prop_ibuf_I_O)         0.277     0.277 r  sys_clk_IBUF_inst/O
                         net (fo=1, routed)           0.440     0.717    u_top/sys_clk_IBUF
    MMCME2_ADV_X0Y2      MMCME2_ADV (Prop_mmcme2_adv_CLKIN1_CLKOUT0)
                                                      0.050     0.767 r  u_top/g_mmcm.u_mmcm/CLKOUT0
                         net (fo=1, routed)           0.545     1.312    u_top_n_1388
    BUFGCTRL_X0Y1        BUFG (Prop_bufg_I_O)         0.026     1.338 r  input_slot_reg[1][511]_i_3_replica/O
                         net (fo=8, routed)           0.030     1.368    clk_200_repN
    BUFGCTRL_X0Y0        BUFG (Prop_bufg_I_O)         0.026     1.394 r  input_slot_reg[1][511]_i_3/O
                         net (fo=61738, routed)       0.648     2.042    u_top/u_core/u_b/u_b_core/core/core/l3/gk.frontend/win/clk_200
    SLICE_X53Y86         FDRE                                         r  u_top/u_core/u_b/u_b_core/core/core/l3/gk.frontend/win/shift_reg[3][100]/C
  -------------------------------------------------------------------    -------------------
    SLICE_X53Y86         FDRE (Prop_fdre_C_Q)         0.141     2.183 r  u_top/u_core/u_b/u_b_core/core/core/l3/gk.frontend/win/shift_reg[3][100]/Q
                         net (fo=1, routed)           0.055     2.238    u_top/u_core/u_b/u_b_core/core/core/l3/gk.frontend/fifo/g_wide_read.g_read_slice[7].mem_slice_reg_0_3_36_41/DIA0
    SLICE_X52Y86         RAMD32                                       r  u_top/u_core/u_b/u_b_core/core/core/l3/gk.frontend/fifo/g_wide_read.g_read_slice[7].mem_slice_reg_0_3_36_41/RAMA/I
  -------------------------------------------------------------------    -------------------

                         (clock u_top_n_1388 rise edge)
                                                      0.000     0.000 r  
    W19                                               0.000     0.000 r  sys_clk (IN)
                         net (fo=0)                   0.000     0.000    sys_clk
    W19                  IBUF (Prop_ibuf_I_O)         0.465     0.465 r  sys_clk_IBUF_inst/O
                         net (fo=1, routed)           0.480     0.945    u_top/sys_clk_IBUF
    MMCME2_ADV_X0Y2      MMCME2_ADV (Prop_mmcme2_adv_CLKIN1_CLKOUT0)
                                                      0.053     0.998 r  u_top/g_mmcm.u_mmcm/CLKOUT0
                         net (fo=1, routed)           0.595     1.593    u_top_n_1388
    BUFGCTRL_X0Y1        BUFG (Prop_bufg_I_O)         0.029     1.622 r  input_slot_reg[1][511]_i_3_replica/O
                         net (fo=8, routed)           0.033     1.655    clk_200_repN
    BUFGCTRL_X0Y0        BUFG (Prop_bufg_I_O)         0.029     1.684 r  input_slot_reg[1][511]_i_3/O
                         net (fo=61738, routed)       0.921     2.604    u_top/u_core/u_b/u_b_core/core/core/l3/gk.frontend/fifo/g_wide_read.g_read_slice[7].mem_slice_reg_0_3_36_41/WCLK
    SLICE_X52Y86         RAMD32                                       r  u_top/u_core/u_b/u_b_core/core/core/l3/gk.frontend/fifo/g_wide_read.g_read_slice[7].mem_slice_reg_0_3_36_41/RAMA/CLK
                         clock pessimism             -0.549     2.055    
    SLICE_X52Y86         RAMD32 (Hold_ramd32_CLK_I)
                                                      0.147     2.202    u_top/u_core/u_b/u_b_core/core/core/l3/gk.frontend/fifo/g_wide_read.g_read_slice[7].mem_slice_reg_0_3_36_41/RAMA
  -------------------------------------------------------------------
                         required time                         -2.202    
                         arrival time                           2.238    
  -------------------------------------------------------------------
                         slack                                  0.036    

Slack (MET) :             0.041ns  (arrival time - required time)
  Source:                 u_top/u_core/u_b/u_b_core/core/core/l4/mac/acc/out_data_reg[407]/C
                            (rising edge-triggered cell FDRE clocked by u_top_n_1388  {rise@0.000ns fall@2.500ns period=5.000ns})
  Destination:            u_top/u_core/u_b/u_b_core/core/core/l4/post/input_slot_reg[0][407]/D
                            (rising edge-triggered cell FDRE clocked by u_top_n_1388  {rise@0.000ns fall@2.500ns period=5.000ns})
  Path Group:             u_top_n_1388
  Path Type:              Hold (Min at Fast Process Corner)
  Requirement:            0.000ns  (u_top_n_1388 rise@0.000ns - u_top_n_1388 rise@0.000ns)
  Data Path Delay:        0.373ns  (logic 0.164ns (43.991%)  route 0.209ns (56.009%))
  Logic Levels:           0  
  Clock Path Skew:        0.269ns (DCD - SCD - CPR)
    Destination Clock Delay (DCD):    2.539ns
    Source Clock Delay      (SCD):    1.981ns
    Clock Pessimism Removal (CPR):    0.290ns

    Location             Delay type                Incr(ns)  Path(ns)    Netlist Resource(s)
  -------------------------------------------------------------------    -------------------
                         (clock u_top_n_1388 rise edge)
                                                      0.000     0.000 r  
    W19                                               0.000     0.000 r  sys_clk (IN)
                         net (fo=0)                   0.000     0.000    sys_clk
    W19                  IBUF (Prop_ibuf_I_O)         0.277     0.277 r  sys_clk_IBUF_inst/O
                         net (fo=1, routed)           0.440     0.717    u_top/sys_clk_IBUF
    MMCME2_ADV_X0Y2      MMCME2_ADV (Prop_mmcme2_adv_CLKIN1_CLKOUT0)
                                                      0.050     0.767 r  u_top/g_mmcm.u_mmcm/CLKOUT0
                         net (fo=1, routed)           0.545     1.312    u_top_n_1388
    BUFGCTRL_X0Y1        BUFG (Prop_bufg_I_O)         0.026     1.338 r  input_slot_reg[1][511]_i_3_replica/O
                         net (fo=8, routed)           0.030     1.368    clk_200_repN
    BUFGCTRL_X0Y0        BUFG (Prop_bufg_I_O)         0.026     1.394 r  input_slot_reg[1][511]_i_3/O
                         net (fo=61738, routed)       0.587     1.981    u_top/u_core/u_b/u_b_core/core/core/l4/mac/acc/clk_200
    SLICE_X44Y149        FDRE                                         r  u_top/u_core/u_b/u_b_core/core/core/l4/mac/acc/out_data_reg[407]/C
  -------------------------------------------------------------------    -------------------
    SLICE_X44Y149        FDRE (Prop_fdre_C_Q)         0.164     2.145 r  u_top/u_core/u_b/u_b_core/core/core/l4/mac/acc/out_data_reg[407]/Q
                         net (fo=2, routed)           0.209     2.353    u_top/u_core/u_b/u_b_core/core/core/l4/post/D[407]
    SLICE_X44Y150        FDRE                                         r  u_top/u_core/u_b/u_b_core/core/core/l4/post/input_slot_reg[0][407]/D
  -------------------------------------------------------------------    -------------------

                         (clock u_top_n_1388 rise edge)
                                                      0.000     0.000 r  
    W19                                               0.000     0.000 r  sys_clk (IN)
                         net (fo=0)                   0.000     0.000    sys_clk
    W19                  IBUF (Prop_ibuf_I_O)         0.465     0.465 r  sys_clk_IBUF_inst/O
                         net (fo=1, routed)           0.480     0.945    u_top/sys_clk_IBUF
    MMCME2_ADV_X0Y2      MMCME2_ADV (Prop_mmcme2_adv_CLKIN1_CLKOUT0)
                                                      0.053     0.998 r  u_top/g_mmcm.u_mmcm/CLKOUT0
                         net (fo=1, routed)           0.595     1.593    u_top_n_1388
    BUFGCTRL_X0Y1        BUFG (Prop_bufg_I_O)         0.029     1.622 r  input_slot_reg[1][511]_i_3_replica/O
                         net (fo=8, routed)           0.033     1.655    clk_200_repN
    BUFGCTRL_X0Y0        BUFG (Prop_bufg_I_O)         0.029     1.684 r  input_slot_reg[1][511]_i_3/O
                         net (fo=61738, routed)       0.855     2.539    u_top/u_core/u_b/u_b_core/core/core/l4/post/clk_200
    SLICE_X44Y150        FDRE                                         r  u_top/u_core/u_b/u_b_core/core/core/l4/post/input_slot_reg[0][407]/C
                         clock pessimism             -0.290     2.249    
    SLICE_X44Y150        FDRE (Hold_fdre_C_D)         0.063     2.312    u_top/u_core/u_b/u_b_core/core/core/l4/post/input_slot_reg[0][407]
  -------------------------------------------------------------------
                         required time                         -2.312    
                         arrival time                           2.353    
  -------------------------------------------------------------------
                         slack                                  0.041    

Slack (MET) :             0.046ns  (arrival time - required time)
  Source:                 u_top/u_core/u_b/u_b_core/core/core/l4/post/units[0].post/prelu_magnitude_s2_reg[43]/C
                            (rising edge-triggered cell FDRE clocked by u_top_n_1388  {rise@0.000ns fall@2.500ns period=5.000ns})
  Destination:            u_top/u_core/u_b/u_b_core/core/core/l4/post/units[0].post/prelu_rounded_magnitude_s3_reg[30]/D
                            (rising edge-triggered cell FDRE clocked by u_top_n_1388  {rise@0.000ns fall@2.500ns period=5.000ns})
  Path Group:             u_top_n_1388
  Path Type:              Hold (Min at Fast Process Corner)
  Requirement:            0.000ns  (u_top_n_1388 rise@0.000ns - u_top_n_1388 rise@0.000ns)
  Data Path Delay:        0.448ns  (logic 0.350ns (78.080%)  route 0.098ns (21.920%))
  Logic Levels:           2  (CARRY4=2)
  Clock Path Skew:        0.268ns (DCD - SCD - CPR)
    Destination Clock Delay (DCD):    2.538ns
    Source Clock Delay      (SCD):    1.981ns
    Clock Pessimism Removal (CPR):    0.290ns

    Location             Delay type                Incr(ns)  Path(ns)    Netlist Resource(s)
  -------------------------------------------------------------------    -------------------
                         (clock u_top_n_1388 rise edge)
                                                      0.000     0.000 r  
    W19                                               0.000     0.000 r  sys_clk (IN)
                         net (fo=0)                   0.000     0.000    sys_clk
    W19                  IBUF (Prop_ibuf_I_O)         0.277     0.277 r  sys_clk_IBUF_inst/O
                         net (fo=1, routed)           0.440     0.717    u_top/sys_clk_IBUF
    MMCME2_ADV_X0Y2      MMCME2_ADV (Prop_mmcme2_adv_CLKIN1_CLKOUT0)
                                                      0.050     0.767 r  u_top/g_mmcm.u_mmcm/CLKOUT0
                         net (fo=1, routed)           0.545     1.312    u_top_n_1388
    BUFGCTRL_X0Y1        BUFG (Prop_bufg_I_O)         0.026     1.338 r  input_slot_reg[1][511]_i_3_replica/O
                         net (fo=8, routed)           0.030     1.368    clk_200_repN
    BUFGCTRL_X0Y0        BUFG (Prop_bufg_I_O)         0.026     1.394 r  input_slot_reg[1][511]_i_3/O
                         net (fo=61738, routed)       0.587     1.981    u_top/u_core/u_b/u_b_core/core/core/l4/post/units[0].post/clk_200
    SLICE_X47Y149        FDRE                                         r  u_top/u_core/u_b/u_b_core/core/core/l4/post/units[0].post/prelu_magnitude_s2_reg[43]/C
  -------------------------------------------------------------------    -------------------
    SLICE_X47Y149        FDRE (Prop_fdre_C_Q)         0.141     2.122 r  u_top/u_core/u_b/u_b_core/core/core/l4/post/units[0].post/prelu_magnitude_s2_reg[43]/Q
                         net (fo=1, routed)           0.098     2.219    u_top/u_core/u_b/u_b_core/core/core/l4/post/units[0].post/prelu_magnitude_s2_reg_n_0_[43]
    SLICE_X48Y149        CARRY4 (Prop_carry4_S[2]_CO[3])
                                                      0.156     2.375 r  u_top/u_core/u_b/u_b_core/core/core/l4/post/units[0].post/prelu_rounded_magnitude_s3_reg[29]_i_1/CO[3]
                         net (fo=1, routed)           0.001     2.376    u_top/u_core/u_b/u_b_core/core/core/l4/post/units[0].post/prelu_rounded_magnitude_s3_reg[29]_i_1_n_0
    SLICE_X48Y150        CARRY4 (Prop_carry4_CI_O[0])
                                                      0.053     2.429 r  u_top/u_core/u_b/u_b_core/core/core/l4/post/units[0].post/prelu_rounded_magnitude_s3_reg[32]_i_1/O[0]
                         net (fo=1, routed)           0.000     2.429    u_top/u_core/u_b/u_b_core/core/core/l4/post/units[0].post/prelu_round_sum_s2[45]
    SLICE_X48Y150        FDRE                                         r  u_top/u_core/u_b/u_b_core/core/core/l4/post/units[0].post/prelu_rounded_magnitude_s3_reg[30]/D
  -------------------------------------------------------------------    -------------------

                         (clock u_top_n_1388 rise edge)
                                                      0.000     0.000 r  
    W19                                               0.000     0.000 r  sys_clk (IN)
                         net (fo=0)                   0.000     0.000    sys_clk
    W19                  IBUF (Prop_ibuf_I_O)         0.465     0.465 r  sys_clk_IBUF_inst/O
                         net (fo=1, routed)           0.480     0.945    u_top/sys_clk_IBUF
    MMCME2_ADV_X0Y2      MMCME2_ADV (Prop_mmcme2_adv_CLKIN1_CLKOUT0)
                                                      0.053     0.998 r  u_top/g_mmcm.u_mmcm/CLKOUT0
                         net (fo=1, routed)           0.595     1.593    u_top_n_1388
    BUFGCTRL_X0Y1        BUFG (Prop_bufg_I_O)         0.029     1.622 r  input_slot_reg[1][511]_i_3_replica/O
                         net (fo=8, routed)           0.033     1.655    clk_200_repN
    BUFGCTRL_X0Y0        BUFG (Prop_bufg_I_O)         0.029     1.684 r  input_slot_reg[1][511]_i_3/O
                         net (fo=61738, routed)       0.854     2.538    u_top/u_core/u_b/u_b_core/core/core/l4/post/units[0].post/clk_200
    SLICE_X48Y150        FDRE                                         r  u_top/u_core/u_b/u_b_core/core/core/l4/post/units[0].post/prelu_rounded_magnitude_s3_reg[30]/C
                         clock pessimism             -0.290     2.248    
    SLICE_X48Y150        FDRE (Hold_fdre_C_D)         0.134     2.382    u_top/u_core/u_b/u_b_core/core/core/l4/post/units[0].post/prelu_rounded_magnitude_s3_reg[30]
  -------------------------------------------------------------------
                         required time                         -2.382    
                         arrival time                           2.429    
  -------------------------------------------------------------------
                         slack                                  0.046    

Slack (MET) :             0.053ns  (arrival time - required time)
  Source:                 u_top/u_core/u_b/u_b_core/core/core/l5/gk.frontend/win/shift_reg[12][226]/C
                            (rising edge-triggered cell FDRE clocked by u_top_n_1388  {rise@0.000ns fall@2.500ns period=5.000ns})
  Destination:            u_top/u_core/u_b/u_b_core/core/core/l5/gk.frontend/fifo/g_wide_read.g_read_slice[51].mem_slice_reg_0_3_30_35/RAMC/I
                            (rising edge-triggered cell RAMD32 clocked by u_top_n_1388  {rise@0.000ns fall@2.500ns period=5.000ns})
  Path Group:             u_top_n_1388
  Path Type:              Hold (Min at Fast Process Corner)
  Requirement:            0.000ns  (u_top_n_1388 rise@0.000ns - u_top_n_1388 rise@0.000ns)
  Data Path Delay:        0.343ns  (logic 0.128ns (37.302%)  route 0.215ns (62.698%))
  Logic Levels:           0  
  Clock Path Skew:        0.199ns (DCD - SCD - CPR)
    Destination Clock Delay (DCD):    2.549ns
    Source Clock Delay      (SCD):    2.055ns
    Clock Pessimism Removal (CPR):    0.295ns

    Location             Delay type                Incr(ns)  Path(ns)    Netlist Resource(s)
  -------------------------------------------------------------------    -------------------
                         (clock u_top_n_1388 rise edge)
                                                      0.000     0.000 r  
    W19                                               0.000     0.000 r  sys_clk (IN)
                         net (fo=0)                   0.000     0.000    sys_clk
    W19                  IBUF (Prop_ibuf_I_O)         0.277     0.277 r  sys_clk_IBUF_inst/O
                         net (fo=1, routed)           0.440     0.717    u_top/sys_clk_IBUF
    MMCME2_ADV_X0Y2      MMCME2_ADV (Prop_mmcme2_adv_CLKIN1_CLKOUT0)
                                                      0.050     0.767 r  u_top/g_mmcm.u_mmcm/CLKOUT0
                         net (fo=1, routed)           0.545     1.312    u_top_n_1388
    BUFGCTRL_X0Y1        BUFG (Prop_bufg_I_O)         0.026     1.338 r  input_slot_reg[1][511]_i_3_replica/O
                         net (fo=8, routed)           0.030     1.368    clk_200_repN
    BUFGCTRL_X0Y0        BUFG (Prop_bufg_I_O)         0.026     1.394 r  input_slot_reg[1][511]_i_3/O
                         net (fo=61738, routed)       0.661     2.055    u_top/u_core/u_b/u_b_core/core/core/l5/gk.frontend/win/clk_200
    SLICE_X129Y99        FDRE                                         r  u_top/u_core/u_b/u_b_core/core/core/l5/gk.frontend/win/shift_reg[12][226]/C
  -------------------------------------------------------------------    -------------------
    SLICE_X129Y99        FDRE (Prop_fdre_C_Q)         0.128     2.183 r  u_top/u_core/u_b/u_b_core/core/core/l5/gk.frontend/win/shift_reg[12][226]/Q
                         net (fo=2, routed)           0.215     2.398    u_top/u_core/u_b/u_b_core/core/core/l5/gk.frontend/fifo/g_wide_read.g_read_slice[51].mem_slice_reg_0_3_30_35/DIC0
    SLICE_X128Y100       RAMD32                                       r  u_top/u_core/u_b/u_b_core/core/core/l5/gk.frontend/fifo/g_wide_read.g_read_slice[51].mem_slice_reg_0_3_30_35/RAMC/I
  -------------------------------------------------------------------    -------------------

                         (clock u_top_n_1388 rise edge)
                                                      0.000     0.000 r  
    W19                                               0.000     0.000 r  sys_clk (IN)
                         net (fo=0)                   0.000     0.000    sys_clk
    W19                  IBUF (Prop_ibuf_I_O)         0.465     0.465 r  sys_clk_IBUF_inst/O
                         net (fo=1, routed)           0.480     0.945    u_top/sys_clk_IBUF
    MMCME2_ADV_X0Y2      MMCME2_ADV (Prop_mmcme2_adv_CLKIN1_CLKOUT0)
                                                      0.053     0.998 r  u_top/g_mmcm.u_mmcm/CLKOUT0
                         net (fo=1, routed)           0.595     1.593    u_top_n_1388
    BUFGCTRL_X0Y1        BUFG (Prop_bufg_I_O)         0.029     1.622 r  input_slot_reg[1][511]_i_3_replica/O
                         net (fo=8, routed)           0.033     1.655    clk_200_repN
    BUFGCTRL_X0Y0        BUFG (Prop_bufg_I_O)         0.029     1.684 r  input_slot_reg[1][511]_i_3/O
                         net (fo=61738, routed)       0.866     2.549    u_top/u_core/u_b/u_b_core/core/core/l5/gk.frontend/fifo/g_wide_read.g_read_slice[51].mem_slice_reg_0_3_30_35/WCLK
    SLICE_X128Y100       RAMD32                                       r  u_top/u_core/u_b/u_b_core/core/core/l5/gk.frontend/fifo/g_wide_read.g_read_slice[51].mem_slice_reg_0_3_30_35/RAMC/CLK
                         clock pessimism             -0.295     2.255    
    SLICE_X128Y100       RAMD32 (Hold_ramd32_CLK_I)
                                                      0.091     2.346    u_top/u_core/u_b/u_b_core/core/core/l5/gk.frontend/fifo/g_wide_read.g_read_slice[51].mem_slice_reg_0_3_30_35/RAMC
  -------------------------------------------------------------------
                         required time                         -2.346    
                         arrival time                           2.398    
  -------------------------------------------------------------------
                         slack                                  0.053    

Slack (MET) :             0.054ns  (arrival time - required time)
  Source:                 u_top/u_core/u_b/u_b_core/core/core/l5/gk.frontend/fifo/wr_ptr_reg[1]_rep__2/C
                            (rising edge-triggered cell FDRE clocked by u_top_n_1388  {rise@0.000ns fall@2.500ns period=5.000ns})
  Destination:            u_top/u_core/u_b/u_b_core/core/core/l5/gk.frontend/fifo/g_wide_read.g_read_slice[51].mem_slice_reg_0_3_42_47/RAMA/WADR1
                            (rising edge-triggered cell RAMD32 clocked by u_top_n_1388  {rise@0.000ns fall@2.500ns period=5.000ns})
  Path Group:             u_top_n_1388
  Path Type:              Hold (Min at Fast Process Corner)
  Requirement:            0.000ns  (u_top_n_1388 rise@0.000ns - u_top_n_1388 rise@0.000ns)
  Data Path Delay:        0.401ns  (logic 0.141ns (35.161%)  route 0.260ns (64.839%))
  Logic Levels:           0  
  Clock Path Skew:        0.038ns (DCD - SCD - CPR)
    Destination Clock Delay (DCD):    2.549ns
    Source Clock Delay      (SCD):    1.988ns
    Clock Pessimism Removal (CPR):    0.524ns

    Location             Delay type                Incr(ns)  Path(ns)    Netlist Resource(s)
  -------------------------------------------------------------------    -------------------
                         (clock u_top_n_1388 rise edge)
                                                      0.000     0.000 r  
    W19                                               0.000     0.000 r  sys_clk (IN)
                         net (fo=0)                   0.000     0.000    sys_clk
    W19                  IBUF (Prop_ibuf_I_O)         0.277     0.277 r  sys_clk_IBUF_inst/O
                         net (fo=1, routed)           0.440     0.717    u_top/sys_clk_IBUF
    MMCME2_ADV_X0Y2      MMCME2_ADV (Prop_mmcme2_adv_CLKIN1_CLKOUT0)
                                                      0.050     0.767 r  u_top/g_mmcm.u_mmcm/CLKOUT0
                         net (fo=1, routed)           0.545     1.312    u_top_n_1388
    BUFGCTRL_X0Y1        BUFG (Prop_bufg_I_O)         0.026     1.338 r  input_slot_reg[1][511]_i_3_replica/O
                         net (fo=8, routed)           0.030     1.368    clk_200_repN
    BUFGCTRL_X0Y0        BUFG (Prop_bufg_I_O)         0.026     1.394 r  input_slot_reg[1][511]_i_3/O
                         net (fo=61738, routed)       0.594     1.988    u_top/u_core/u_b/u_b_core/core/core/l5/gk.frontend/fifo/clk_200
    SLICE_X130Y105       FDRE                                         r  u_top/u_core/u_b/u_b_core/core/core/l5/gk.frontend/fifo/wr_ptr_reg[1]_rep__2/C
  -------------------------------------------------------------------    -------------------
    SLICE_X130Y105       FDRE (Prop_fdre_C_Q)         0.141     2.129 r  u_top/u_core/u_b/u_b_core/core/core/l5/gk.frontend/fifo/wr_ptr_reg[1]_rep__2/Q
                         net (fo=1056, routed)        0.260     2.389    u_top/u_core/u_b/u_b_core/core/core/l5/gk.frontend/fifo/g_wide_read.g_read_slice[51].mem_slice_reg_0_3_42_47/ADDRD1
    SLICE_X132Y104       RAMD32                                       r  u_top/u_core/u_b/u_b_core/core/core/l5/gk.frontend/fifo/g_wide_read.g_read_slice[51].mem_slice_reg_0_3_42_47/RAMA/WADR1
  -------------------------------------------------------------------    -------------------

                         (clock u_top_n_1388 rise edge)
                                                      0.000     0.000 r  
    W19                                               0.000     0.000 r  sys_clk (IN)
                         net (fo=0)                   0.000     0.000    sys_clk
    W19                  IBUF (Prop_ibuf_I_O)         0.465     0.465 r  sys_clk_IBUF_inst/O
                         net (fo=1, routed)           0.480     0.945    u_top/sys_clk_IBUF
    MMCME2_ADV_X0Y2      MMCME2_ADV (Prop_mmcme2_adv_CLKIN1_CLKOUT0)
                                                      0.053     0.998 r  u_top/g_mmcm.u_mmcm/CLKOUT0
                         net (fo=1, routed)           0.595     1.593    u_top_n_1388
    BUFGCTRL_X0Y1        BUFG (Prop_bufg_I_O)         0.029     1.622 r  input_slot_reg[1][511]_i_3_replica/O
                         net (fo=8, routed)           0.033     1.655    clk_200_repN
    BUFGCTRL_X0Y0        BUFG (Prop_bufg_I_O)         0.029     1.684 r  input_slot_reg[1][511]_i_3/O
                         net (fo=61738, routed)       0.866     2.549    u_top/u_core/u_b/u_b_core/core/core/l5/gk.frontend/fifo/g_wide_read.g_read_slice[51].mem_slice_reg_0_3_42_47/WCLK
    SLICE_X132Y104       RAMD32                                       r  u_top/u_core/u_b/u_b_core/core/core/l5/gk.frontend/fifo/g_wide_read.g_read_slice[51].mem_slice_reg_0_3_42_47/RAMA/CLK
                         clock pessimism             -0.524     2.026    
    SLICE_X132Y104       RAMD32 (Hold_ramd32_CLK_WADR1)
                                                      0.309     2.335    u_top/u_core/u_b/u_b_core/core/core/l5/gk.frontend/fifo/g_wide_read.g_read_slice[51].mem_slice_reg_0_3_42_47/RAMA
  -------------------------------------------------------------------
                         required time                         -2.335    
                         arrival time                           2.389    
  -------------------------------------------------------------------
                         slack                                  0.054    

Slack (MET) :             0.054ns  (arrival time - required time)
  Source:                 u_top/u_core/u_b/u_b_core/core/core/l5/gk.frontend/fifo/wr_ptr_reg[1]_rep__2/C
                            (rising edge-triggered cell FDRE clocked by u_top_n_1388  {rise@0.000ns fall@2.500ns period=5.000ns})
  Destination:            u_top/u_core/u_b/u_b_core/core/core/l5/gk.frontend/fifo/g_wide_read.g_read_slice[51].mem_slice_reg_0_3_42_47/RAMA_D1/WADR1
                            (rising edge-triggered cell RAMD32 clocked by u_top_n_1388  {rise@0.000ns fall@2.500ns period=5.000ns})
  Path Group:             u_top_n_1388
  Path Type:              Hold (Min at Fast Process Corner)
  Requirement:            0.000ns  (u_top_n_1388 rise@0.000ns - u_top_n_1388 rise@0.000ns)
  Data Path Delay:        0.401ns  (logic 0.141ns (35.161%)  route 0.260ns (64.839%))
  Logic Levels:           0  
  Clock Path Skew:        0.038ns (DCD - SCD - CPR)
    Destination Clock Delay (DCD):    2.549ns
    Source Clock Delay      (SCD):    1.988ns
    Clock Pessimism Removal (CPR):    0.524ns

    Location             Delay type                Incr(ns)  Path(ns)    Netlist Resource(s)
  -------------------------------------------------------------------    -------------------
                         (clock u_top_n_1388 rise edge)
                                                      0.000     0.000 r  
    W19                                               0.000     0.000 r  sys_clk (IN)
                         net (fo=0)                   0.000     0.000    sys_clk
    W19                  IBUF (Prop_ibuf_I_O)         0.277     0.277 r  sys_clk_IBUF_inst/O
                         net (fo=1, routed)           0.440     0.717    u_top/sys_clk_IBUF
    MMCME2_ADV_X0Y2      MMCME2_ADV (Prop_mmcme2_adv_CLKIN1_CLKOUT0)
                                                      0.050     0.767 r  u_top/g_mmcm.u_mmcm/CLKOUT0
                         net (fo=1, routed)           0.545     1.312    u_top_n_1388
    BUFGCTRL_X0Y1        BUFG (Prop_bufg_I_O)         0.026     1.338 r  input_slot_reg[1][511]_i_3_replica/O
                         net (fo=8, routed)           0.030     1.368    clk_200_repN
    BUFGCTRL_X0Y0        BUFG (Prop_bufg_I_O)         0.026     1.394 r  input_slot_reg[1][511]_i_3/O
                         net (fo=61738, routed)       0.594     1.988    u_top/u_core/u_b/u_b_core/core/core/l5/gk.frontend/fifo/clk_200
    SLICE_X130Y105       FDRE                                         r  u_top/u_core/u_b/u_b_core/core/core/l5/gk.frontend/fifo/wr_ptr_reg[1]_rep__2/C
  -------------------------------------------------------------------    -------------------
    SLICE_X130Y105       FDRE (Prop_fdre_C_Q)         0.141     2.129 r  u_top/u_core/u_b/u_b_core/core/core/l5/gk.frontend/fifo/wr_ptr_reg[1]_rep__2/Q
                         net (fo=1056, routed)        0.260     2.389    u_top/u_core/u_b/u_b_core/core/core/l5/gk.frontend/fifo/g_wide_read.g_read_slice[51].mem_slice_reg_0_3_42_47/ADDRD1
    SLICE_X132Y104       RAMD32                                       r  u_top/u_core/u_b/u_b_core/core/core/l5/gk.frontend/fifo/g_wide_read.g_read_slice[51].mem_slice_reg_0_3_42_47/RAMA_D1/WADR1
  -------------------------------------------------------------------    -------------------

                         (clock u_top_n_1388 rise edge)
                                                      0.000     0.000 r  
    W19                                               0.000     0.000 r  sys_clk (IN)
                         net (fo=0)                   0.000     0.000    sys_clk
    W19                  IBUF (Prop_ibuf_I_O)         0.465     0.465 r  sys_clk_IBUF_inst/O
                         net (fo=1, routed)           0.480     0.945    u_top/sys_clk_IBUF
    MMCME2_ADV_X0Y2      MMCME2_ADV (Prop_mmcme2_adv_CLKIN1_CLKOUT0)
                                                      0.053     0.998 r  u_top/g_mmcm.u_mmcm/CLKOUT0
                         net (fo=1, routed)           0.595     1.593    u_top_n_1388
    BUFGCTRL_X0Y1        BUFG (Prop_bufg_I_O)         0.029     1.622 r  input_slot_reg[1][511]_i_3_replica/O
                         net (fo=8, routed)           0.033     1.655    clk_200_repN
    BUFGCTRL_X0Y0        BUFG (Prop_bufg_I_O)         0.029     1.684 r  input_slot_reg[1][511]_i_3/O
                         net (fo=61738, routed)       0.866     2.549    u_top/u_core/u_b/u_b_core/core/core/l5/gk.frontend/fifo/g_wide_read.g_read_slice[51].mem_slice_reg_0_3_42_47/WCLK
    SLICE_X132Y104       RAMD32                                       r  u_top/u_core/u_b/u_b_core/core/core/l5/gk.frontend/fifo/g_wide_read.g_read_slice[51].mem_slice_reg_0_3_42_47/RAMA_D1/CLK
                         clock pessimism             -0.524     2.026    
    SLICE_X132Y104       RAMD32 (Hold_ramd32_CLK_WADR1)
                                                      0.309     2.335    u_top/u_core/u_b/u_b_core/core/core/l5/gk.frontend/fifo/g_wide_read.g_read_slice[51].mem_slice_reg_0_3_42_47/RAMA_D1
  -------------------------------------------------------------------
                         required time                         -2.335    
                         arrival time                           2.389    
  -------------------------------------------------------------------
                         slack                                  0.054    

Slack (MET) :             0.054ns  (arrival time - required time)
  Source:                 u_top/u_core/u_b/u_b_core/core/core/l5/gk.frontend/fifo/wr_ptr_reg[1]_rep__2/C
                            (rising edge-triggered cell FDRE clocked by u_top_n_1388  {rise@0.000ns fall@2.500ns period=5.000ns})
  Destination:            u_top/u_core/u_b/u_b_core/core/core/l5/gk.frontend/fifo/g_wide_read.g_read_slice[51].mem_slice_reg_0_3_42_47/RAMB/WADR1
                            (rising edge-triggered cell RAMD32 clocked by u_top_n_1388  {rise@0.000ns fall@2.500ns period=5.000ns})
  Path Group:             u_top_n_1388
  Path Type:              Hold (Min at Fast Process Corner)
  Requirement:            0.000ns  (u_top_n_1388 rise@0.000ns - u_top_n_1388 rise@0.000ns)
  Data Path Delay:        0.401ns  (logic 0.141ns (35.161%)  route 0.260ns (64.839%))
  Logic Levels:           0  
  Clock Path Skew:        0.038ns (DCD - SCD - CPR)
    Destination Clock Delay (DCD):    2.549ns
    Source Clock Delay      (SCD):    1.988ns
    Clock Pessimism Removal (CPR):    0.524ns

    Location             Delay type                Incr(ns)  Path(ns)    Netlist Resource(s)
  -------------------------------------------------------------------    -------------------
                         (clock u_top_n_1388 rise edge)
                                                      0.000     0.000 r  
    W19                                               0.000     0.000 r  sys_clk (IN)
                         net (fo=0)                   0.000     0.000    sys_clk
    W19                  IBUF (Prop_ibuf_I_O)         0.277     0.277 r  sys_clk_IBUF_inst/O
                         net (fo=1, routed)           0.440     0.717    u_top/sys_clk_IBUF
    MMCME2_ADV_X0Y2      MMCME2_ADV (Prop_mmcme2_adv_CLKIN1_CLKOUT0)
                                                      0.050     0.767 r  u_top/g_mmcm.u_mmcm/CLKOUT0
                         net (fo=1, routed)           0.545     1.312    u_top_n_1388
    BUFGCTRL_X0Y1        BUFG (Prop_bufg_I_O)         0.026     1.338 r  input_slot_reg[1][511]_i_3_replica/O
                         net (fo=8, routed)           0.030     1.368    clk_200_repN
    BUFGCTRL_X0Y0        BUFG (Prop_bufg_I_O)         0.026     1.394 r  input_slot_reg[1][511]_i_3/O
                         net (fo=61738, routed)       0.594     1.988    u_top/u_core/u_b/u_b_core/core/core/l5/gk.frontend/fifo/clk_200
    SLICE_X130Y105       FDRE                                         r  u_top/u_core/u_b/u_b_core/core/core/l5/gk.frontend/fifo/wr_ptr_reg[1]_rep__2/C
  -------------------------------------------------------------------    -------------------
    SLICE_X130Y105       FDRE (Prop_fdre_C_Q)         0.141     2.129 r  u_top/u_core/u_b/u_b_core/core/core/l5/gk.frontend/fifo/wr_ptr_reg[1]_rep__2/Q
                         net (fo=1056, routed)        0.260     2.389    u_top/u_core/u_b/u_b_core/core/core/l5/gk.frontend/fifo/g_wide_read.g_read_slice[51].mem_slice_reg_0_3_42_47/ADDRD1
    SLICE_X132Y104       RAMD32                                       r  u_top/u_core/u_b/u_b_core/core/core/l5/gk.frontend/fifo/g_wide_read.g_read_slice[51].mem_slice_reg_0_3_42_47/RAMB/WADR1
  -------------------------------------------------------------------    -------------------

                         (clock u_top_n_1388 rise edge)
                                                      0.000     0.000 r  
    W19                                               0.000     0.000 r  sys_clk (IN)
                         net (fo=0)                   0.000     0.000    sys_clk
    W19                  IBUF (Prop_ibuf_I_O)         0.465     0.465 r  sys_clk_IBUF_inst/O
                         net (fo=1, routed)           0.480     0.945    u_top/sys_clk_IBUF
    MMCME2_ADV_X0Y2      MMCME2_ADV (Prop_mmcme2_adv_CLKIN1_CLKOUT0)
                                                      0.053     0.998 r  u_top/g_mmcm.u_mmcm/CLKOUT0
                         net (fo=1, routed)           0.595     1.593    u_top_n_1388
    BUFGCTRL_X0Y1        BUFG (Prop_bufg_I_O)         0.029     1.622 r  input_slot_reg[1][511]_i_3_replica/O
                         net (fo=8, routed)           0.033     1.655    clk_200_repN
    BUFGCTRL_X0Y0        BUFG (Prop_bufg_I_O)         0.029     1.684 r  input_slot_reg[1][511]_i_3/O
                         net (fo=61738, routed)       0.866     2.549    u_top/u_core/u_b/u_b_core/core/core/l5/gk.frontend/fifo/g_wide_read.g_read_slice[51].mem_slice_reg_0_3_42_47/WCLK
    SLICE_X132Y104       RAMD32                                       r  u_top/u_core/u_b/u_b_core/core/core/l5/gk.frontend/fifo/g_wide_read.g_read_slice[51].mem_slice_reg_0_3_42_47/RAMB/CLK
                         clock pessimism             -0.524     2.026    
    SLICE_X132Y104       RAMD32 (Hold_ramd32_CLK_WADR1)
                                                      0.309     2.335    u_top/u_core/u_b/u_b_core/core/core/l5/gk.frontend/fifo/g_wide_read.g_read_slice[51].mem_slice_reg_0_3_42_47/RAMB
  -------------------------------------------------------------------
                         required time                         -2.335    
                         arrival time                           2.389    
  -------------------------------------------------------------------
                         slack                                  0.054    

Slack (MET) :             0.054ns  (arrival time - required time)
  Source:                 u_top/u_core/u_b/u_b_core/core/core/l5/gk.frontend/fifo/wr_ptr_reg[1]_rep__2/C
                            (rising edge-triggered cell FDRE clocked by u_top_n_1388  {rise@0.000ns fall@2.500ns period=5.000ns})
  Destination:            u_top/u_core/u_b/u_b_core/core/core/l5/gk.frontend/fifo/g_wide_read.g_read_slice[51].mem_slice_reg_0_3_42_47/RAMB_D1/WADR1
                            (rising edge-triggered cell RAMD32 clocked by u_top_n_1388  {rise@0.000ns fall@2.500ns period=5.000ns})
  Path Group:             u_top_n_1388
  Path Type:              Hold (Min at Fast Process Corner)
  Requirement:            0.000ns  (u_top_n_1388 rise@0.000ns - u_top_n_1388 rise@0.000ns)
  Data Path Delay:        0.401ns  (logic 0.141ns (35.161%)  route 0.260ns (64.839%))
  Logic Levels:           0  
  Clock Path Skew:        0.038ns (DCD - SCD - CPR)
    Destination Clock Delay (DCD):    2.549ns
    Source Clock Delay      (SCD):    1.988ns
    Clock Pessimism Removal (CPR):    0.524ns

    Location             Delay type                Incr(ns)  Path(ns)    Netlist Resource(s)
  -------------------------------------------------------------------    -------------------
                         (clock u_top_n_1388 rise edge)
                                                      0.000     0.000 r  
    W19                                               0.000     0.000 r  sys_clk (IN)
                         net (fo=0)                   0.000     0.000    sys_clk
    W19                  IBUF (Prop_ibuf_I_O)         0.277     0.277 r  sys_clk_IBUF_inst/O
                         net (fo=1, routed)           0.440     0.717    u_top/sys_clk_IBUF
    MMCME2_ADV_X0Y2      MMCME2_ADV (Prop_mmcme2_adv_CLKIN1_CLKOUT0)
                                                      0.050     0.767 r  u_top/g_mmcm.u_mmcm/CLKOUT0
                         net (fo=1, routed)           0.545     1.312    u_top_n_1388
    BUFGCTRL_X0Y1        BUFG (Prop_bufg_I_O)         0.026     1.338 r  input_slot_reg[1][511]_i_3_replica/O
                         net (fo=8, routed)           0.030     1.368    clk_200_repN
    BUFGCTRL_X0Y0        BUFG (Prop_bufg_I_O)         0.026     1.394 r  input_slot_reg[1][511]_i_3/O
                         net (fo=61738, routed)       0.594     1.988    u_top/u_core/u_b/u_b_core/core/core/l5/gk.frontend/fifo/clk_200
    SLICE_X130Y105       FDRE                                         r  u_top/u_core/u_b/u_b_core/core/core/l5/gk.frontend/fifo/wr_ptr_reg[1]_rep__2/C
  -------------------------------------------------------------------    -------------------
    SLICE_X130Y105       FDRE (Prop_fdre_C_Q)         0.141     2.129 r  u_top/u_core/u_b/u_b_core/core/core/l5/gk.frontend/fifo/wr_ptr_reg[1]_rep__2/Q
                         net (fo=1056, routed)        0.260     2.389    u_top/u_core/u_b/u_b_core/core/core/l5/gk.frontend/fifo/g_wide_read.g_read_slice[51].mem_slice_reg_0_3_42_47/ADDRD1
    SLICE_X132Y104       RAMD32                                       r  u_top/u_core/u_b/u_b_core/core/core/l5/gk.frontend/fifo/g_wide_read.g_read_slice[51].mem_slice_reg_0_3_42_47/RAMB_D1/WADR1
  -------------------------------------------------------------------    -------------------

                         (clock u_top_n_1388 rise edge)
                                                      0.000     0.000 r  
    W19                                               0.000     0.000 r  sys_clk (IN)
                         net (fo=0)                   0.000     0.000    sys_clk
    W19                  IBUF (Prop_ibuf_I_O)         0.465     0.465 r  sys_clk_IBUF_inst/O
                         net (fo=1, routed)           0.480     0.945    u_top/sys_clk_IBUF
    MMCME2_ADV_X0Y2      MMCME2_ADV (Prop_mmcme2_adv_CLKIN1_CLKOUT0)
                                                      0.053     0.998 r  u_top/g_mmcm.u_mmcm/CLKOUT0
                         net (fo=1, routed)           0.595     1.593    u_top_n_1388
    BUFGCTRL_X0Y1        BUFG (Prop_bufg_I_O)         0.029     1.622 r  input_slot_reg[1][511]_i_3_replica/O
                         net (fo=8, routed)           0.033     1.655    clk_200_repN
    BUFGCTRL_X0Y0        BUFG (Prop_bufg_I_O)         0.029     1.684 r  input_slot_reg[1][511]_i_3/O
                         net (fo=61738, routed)       0.866     2.549    u_top/u_core/u_b/u_b_core/core/core/l5/gk.frontend/fifo/g_wide_read.g_read_slice[51].mem_slice_reg_0_3_42_47/WCLK
    SLICE_X132Y104       RAMD32                                       r  u_top/u_core/u_b/u_b_core/core/core/l5/gk.frontend/fifo/g_wide_read.g_read_slice[51].mem_slice_reg_0_3_42_47/RAMB_D1/CLK
                         clock pessimism             -0.524     2.026    
    SLICE_X132Y104       RAMD32 (Hold_ramd32_CLK_WADR1)
                                                      0.309     2.335    u_top/u_core/u_b/u_b_core/core/core/l5/gk.frontend/fifo/g_wide_read.g_read_slice[51].mem_slice_reg_0_3_42_47/RAMB_D1
  -------------------------------------------------------------------
                         required time                         -2.335    
                         arrival time                           2.389    
  -------------------------------------------------------------------
                         slack                                  0.054    

Slack (MET) :             0.054ns  (arrival time - required time)
  Source:                 u_top/u_core/u_b/u_b_core/core/core/l5/gk.frontend/fifo/wr_ptr_reg[1]_rep__2/C
                            (rising edge-triggered cell FDRE clocked by u_top_n_1388  {rise@0.000ns fall@2.500ns period=5.000ns})
  Destination:            u_top/u_core/u_b/u_b_core/core/core/l5/gk.frontend/fifo/g_wide_read.g_read_slice[51].mem_slice_reg_0_3_42_47/RAMC/WADR1
                            (rising edge-triggered cell RAMD32 clocked by u_top_n_1388  {rise@0.000ns fall@2.500ns period=5.000ns})
  Path Group:             u_top_n_1388
  Path Type:              Hold (Min at Fast Process Corner)
  Requirement:            0.000ns  (u_top_n_1388 rise@0.000ns - u_top_n_1388 rise@0.000ns)
  Data Path Delay:        0.401ns  (logic 0.141ns (35.161%)  route 0.260ns (64.839%))
  Logic Levels:           0  
  Clock Path Skew:        0.038ns (DCD - SCD - CPR)
    Destination Clock Delay (DCD):    2.549ns
    Source Clock Delay      (SCD):    1.988ns
    Clock Pessimism Removal (CPR):    0.524ns

    Location             Delay type                Incr(ns)  Path(ns)    Netlist Resource(s)
  -------------------------------------------------------------------    -------------------
                         (clock u_top_n_1388 rise edge)
                                                      0.000     0.000 r  
    W19                                               0.000     0.000 r  sys_clk (IN)
                         net (fo=0)                   0.000     0.000    sys_clk
    W19                  IBUF (Prop_ibuf_I_O)         0.277     0.277 r  sys_clk_IBUF_inst/O
                         net (fo=1, routed)           0.440     0.717    u_top/sys_clk_IBUF
    MMCME2_ADV_X0Y2      MMCME2_ADV (Prop_mmcme2_adv_CLKIN1_CLKOUT0)
                                                      0.050     0.767 r  u_top/g_mmcm.u_mmcm/CLKOUT0
                         net (fo=1, routed)           0.545     1.312    u_top_n_1388
    BUFGCTRL_X0Y1        BUFG (Prop_bufg_I_O)         0.026     1.338 r  input_slot_reg[1][511]_i_3_replica/O
                         net (fo=8, routed)           0.030     1.368    clk_200_repN
    BUFGCTRL_X0Y0        BUFG (Prop_bufg_I_O)         0.026     1.394 r  input_slot_reg[1][511]_i_3/O
                         net (fo=61738, routed)       0.594     1.988    u_top/u_core/u_b/u_b_core/core/core/l5/gk.frontend/fifo/clk_200
    SLICE_X130Y105       FDRE                                         r  u_top/u_core/u_b/u_b_core/core/core/l5/gk.frontend/fifo/wr_ptr_reg[1]_rep__2/C
  -------------------------------------------------------------------    -------------------
    SLICE_X130Y105       FDRE (Prop_fdre_C_Q)         0.141     2.129 r  u_top/u_core/u_b/u_b_core/core/core/l5/gk.frontend/fifo/wr_ptr_reg[1]_rep__2/Q
                         net (fo=1056, routed)        0.260     2.389    u_top/u_core/u_b/u_b_core/core/core/l5/gk.frontend/fifo/g_wide_read.g_read_slice[51].mem_slice_reg_0_3_42_47/ADDRD1
    SLICE_X132Y104       RAMD32                                       r  u_top/u_core/u_b/u_b_core/core/core/l5/gk.frontend/fifo/g_wide_read.g_read_slice[51].mem_slice_reg_0_3_42_47/RAMC/WADR1
  -------------------------------------------------------------------    -------------------

                         (clock u_top_n_1388 rise edge)
                                                      0.000     0.000 r  
    W19                                               0.000     0.000 r  sys_clk (IN)
                         net (fo=0)                   0.000     0.000    sys_clk
    W19                  IBUF (Prop_ibuf_I_O)         0.465     0.465 r  sys_clk_IBUF_inst/O
                         net (fo=1, routed)           0.480     0.945    u_top/sys_clk_IBUF
    MMCME2_ADV_X0Y2      MMCME2_ADV (Prop_mmcme2_adv_CLKIN1_CLKOUT0)
                                                      0.053     0.998 r  u_top/g_mmcm.u_mmcm/CLKOUT0
                         net (fo=1, routed)           0.595     1.593    u_top_n_1388
    BUFGCTRL_X0Y1        BUFG (Prop_bufg_I_O)         0.029     1.622 r  input_slot_reg[1][511]_i_3_replica/O
                         net (fo=8, routed)           0.033     1.655    clk_200_repN
    BUFGCTRL_X0Y0        BUFG (Prop_bufg_I_O)         0.029     1.684 r  input_slot_reg[1][511]_i_3/O
                         net (fo=61738, routed)       0.866     2.549    u_top/u_core/u_b/u_b_core/core/core/l5/gk.frontend/fifo/g_wide_read.g_read_slice[51].mem_slice_reg_0_3_42_47/WCLK
    SLICE_X132Y104       RAMD32                                       r  u_top/u_core/u_b/u_b_core/core/core/l5/gk.frontend/fifo/g_wide_read.g_read_slice[51].mem_slice_reg_0_3_42_47/RAMC/CLK
                         clock pessimism             -0.524     2.026    
    SLICE_X132Y104       RAMD32 (Hold_ramd32_CLK_WADR1)
                                                      0.309     2.335    u_top/u_core/u_b/u_b_core/core/core/l5/gk.frontend/fifo/g_wide_read.g_read_slice[51].mem_slice_reg_0_3_42_47/RAMC
  -------------------------------------------------------------------
                         required time                         -2.335    
                         arrival time                           2.389    
  -------------------------------------------------------------------
                         slack                                  0.054    

Slack (MET) :             0.054ns  (arrival time - required time)
  Source:                 u_top/u_core/u_b/u_b_core/core/core/l5/gk.frontend/fifo/wr_ptr_reg[1]_rep__2/C
                            (rising edge-triggered cell FDRE clocked by u_top_n_1388  {rise@0.000ns fall@2.500ns period=5.000ns})
  Destination:            u_top/u_core/u_b/u_b_core/core/core/l5/gk.frontend/fifo/g_wide_read.g_read_slice[51].mem_slice_reg_0_3_42_47/RAMC_D1/WADR1
                            (rising edge-triggered cell RAMD32 clocked by u_top_n_1388  {rise@0.000ns fall@2.500ns period=5.000ns})
  Path Group:             u_top_n_1388
  Path Type:              Hold (Min at Fast Process Corner)
  Requirement:            0.000ns  (u_top_n_1388 rise@0.000ns - u_top_n_1388 rise@0.000ns)
  Data Path Delay:        0.401ns  (logic 0.141ns (35.161%)  route 0.260ns (64.839%))
  Logic Levels:           0  
  Clock Path Skew:        0.038ns (DCD - SCD - CPR)
    Destination Clock Delay (DCD):    2.549ns
    Source Clock Delay      (SCD):    1.988ns
    Clock Pessimism Removal (CPR):    0.524ns

    Location             Delay type                Incr(ns)  Path(ns)    Netlist Resource(s)
  -------------------------------------------------------------------    -------------------
                         (clock u_top_n_1388 rise edge)
                                                      0.000     0.000 r  
    W19                                               0.000     0.000 r  sys_clk (IN)
                         net (fo=0)                   0.000     0.000    sys_clk
    W19                  IBUF (Prop_ibuf_I_O)         0.277     0.277 r  sys_clk_IBUF_inst/O
                         net (fo=1, routed)           0.440     0.717    u_top/sys_clk_IBUF
    MMCME2_ADV_X0Y2      MMCME2_ADV (Prop_mmcme2_adv_CLKIN1_CLKOUT0)
                                                      0.050     0.767 r  u_top/g_mmcm.u_mmcm/CLKOUT0
                         net (fo=1, routed)           0.545     1.312    u_top_n_1388
    BUFGCTRL_X0Y1        BUFG (Prop_bufg_I_O)         0.026     1.338 r  input_slot_reg[1][511]_i_3_replica/O
                         net (fo=8, routed)           0.030     1.368    clk_200_repN
    BUFGCTRL_X0Y0        BUFG (Prop_bufg_I_O)         0.026     1.394 r  input_slot_reg[1][511]_i_3/O
                         net (fo=61738, routed)       0.594     1.988    u_top/u_core/u_b/u_b_core/core/core/l5/gk.frontend/fifo/clk_200
    SLICE_X130Y105       FDRE                                         r  u_top/u_core/u_b/u_b_core/core/core/l5/gk.frontend/fifo/wr_ptr_reg[1]_rep__2/C
  -------------------------------------------------------------------    -------------------
    SLICE_X130Y105       FDRE (Prop_fdre_C_Q)         0.141     2.129 r  u_top/u_core/u_b/u_b_core/core/core/l5/gk.frontend/fifo/wr_ptr_reg[1]_rep__2/Q
                         net (fo=1056, routed)        0.260     2.389    u_top/u_core/u_b/u_b_core/core/core/l5/gk.frontend/fifo/g_wide_read.g_read_slice[51].mem_slice_reg_0_3_42_47/ADDRD1
    SLICE_X132Y104       RAMD32                                       r  u_top/u_core/u_b/u_b_core/core/core/l5/gk.frontend/fifo/g_wide_read.g_read_slice[51].mem_slice_reg_0_3_42_47/RAMC_D1/WADR1
  -------------------------------------------------------------------    -------------------

                         (clock u_top_n_1388 rise edge)
                                                      0.000     0.000 r  
    W19                                               0.000     0.000 r  sys_clk (IN)
                         net (fo=0)                   0.000     0.000    sys_clk
    W19                  IBUF (Prop_ibuf_I_O)         0.465     0.465 r  sys_clk_IBUF_inst/O
                         net (fo=1, routed)           0.480     0.945    u_top/sys_clk_IBUF
    MMCME2_ADV_X0Y2      MMCME2_ADV (Prop_mmcme2_adv_CLKIN1_CLKOUT0)
                                                      0.053     0.998 r  u_top/g_mmcm.u_mmcm/CLKOUT0
                         net (fo=1, routed)           0.595     1.593    u_top_n_1388
    BUFGCTRL_X0Y1        BUFG (Prop_bufg_I_O)         0.029     1.622 r  input_slot_reg[1][511]_i_3_replica/O
                         net (fo=8, routed)           0.033     1.655    clk_200_repN
    BUFGCTRL_X0Y0        BUFG (Prop_bufg_I_O)         0.029     1.684 r  input_slot_reg[1][511]_i_3/O
                         net (fo=61738, routed)       0.866     2.549    u_top/u_core/u_b/u_b_core/core/core/l5/gk.frontend/fifo/g_wide_read.g_read_slice[51].mem_slice_reg_0_3_42_47/WCLK
    SLICE_X132Y104       RAMD32                                       r  u_top/u_core/u_b/u_b_core/core/core/l5/gk.frontend/fifo/g_wide_read.g_read_slice[51].mem_slice_reg_0_3_42_47/RAMC_D1/CLK
                         clock pessimism             -0.524     2.026    
    SLICE_X132Y104       RAMD32 (Hold_ramd32_CLK_WADR1)
                                                      0.309     2.335    u_top/u_core/u_b/u_b_core/core/core/l5/gk.frontend/fifo/g_wide_read.g_read_slice[51].mem_slice_reg_0_3_42_47/RAMC_D1
  -------------------------------------------------------------------
                         required time                         -2.335    
                         arrival time                           2.389    
  -------------------------------------------------------------------
                         slack                                  0.054    

Slack (MET) :             0.054ns  (arrival time - required time)
  Source:                 u_top/u_core/u_b/u_b_core/core/core/l5/gk.frontend/fifo/wr_ptr_reg[1]_rep__2/C
                            (rising edge-triggered cell FDRE clocked by u_top_n_1388  {rise@0.000ns fall@2.500ns period=5.000ns})
  Destination:            u_top/u_core/u_b/u_b_core/core/core/l5/gk.frontend/fifo/g_wide_read.g_read_slice[51].mem_slice_reg_0_3_42_47/RAMD/ADR1
                            (rising edge-triggered cell RAMS32 clocked by u_top_n_1388  {rise@0.000ns fall@2.500ns period=5.000ns})
  Path Group:             u_top_n_1388
  Path Type:              Hold (Min at Fast Process Corner)
  Requirement:            0.000ns  (u_top_n_1388 rise@0.000ns - u_top_n_1388 rise@0.000ns)
  Data Path Delay:        0.401ns  (logic 0.141ns (35.161%)  route 0.260ns (64.839%))
  Logic Levels:           0  
  Clock Path Skew:        0.038ns (DCD - SCD - CPR)
    Destination Clock Delay (DCD):    2.549ns
    Source Clock Delay      (SCD):    1.988ns
    Clock Pessimism Removal (CPR):    0.524ns

    Location             Delay type                Incr(ns)  Path(ns)    Netlist Resource(s)
  -------------------------------------------------------------------    -------------------
                         (clock u_top_n_1388 rise edge)
                                                      0.000     0.000 r  
    W19                                               0.000     0.000 r  sys_clk (IN)
                         net (fo=0)                   0.000     0.000    sys_clk
    W19                  IBUF (Prop_ibuf_I_O)         0.277     0.277 r  sys_clk_IBUF_inst/O
                         net (fo=1, routed)           0.440     0.717    u_top/sys_clk_IBUF
    MMCME2_ADV_X0Y2      MMCME2_ADV (Prop_mmcme2_adv_CLKIN1_CLKOUT0)
                                                      0.050     0.767 r  u_top/g_mmcm.u_mmcm/CLKOUT0
                         net (fo=1, routed)           0.545     1.312    u_top_n_1388
    BUFGCTRL_X0Y1        BUFG (Prop_bufg_I_O)         0.026     1.338 r  input_slot_reg[1][511]_i_3_replica/O
                         net (fo=8, routed)           0.030     1.368    clk_200_repN
    BUFGCTRL_X0Y0        BUFG (Prop_bufg_I_O)         0.026     1.394 r  input_slot_reg[1][511]_i_3/O
                         net (fo=61738, routed)       0.594     1.988    u_top/u_core/u_b/u_b_core/core/core/l5/gk.frontend/fifo/clk_200
    SLICE_X130Y105       FDRE                                         r  u_top/u_core/u_b/u_b_core/core/core/l5/gk.frontend/fifo/wr_ptr_reg[1]_rep__2/C
  -------------------------------------------------------------------    -------------------
    SLICE_X130Y105       FDRE (Prop_fdre_C_Q)         0.141     2.129 r  u_top/u_core/u_b/u_b_core/core/core/l5/gk.frontend/fifo/wr_ptr_reg[1]_rep__2/Q
                         net (fo=1056, routed)        0.260     2.389    u_top/u_core/u_b/u_b_core/core/core/l5/gk.frontend/fifo/g_wide_read.g_read_slice[51].mem_slice_reg_0_3_42_47/ADDRD1
    SLICE_X132Y104       RAMS32                                       r  u_top/u_core/u_b/u_b_core/core/core/l5/gk.frontend/fifo/g_wide_read.g_read_slice[51].mem_slice_reg_0_3_42_47/RAMD/ADR1
  -------------------------------------------------------------------    -------------------

                         (clock u_top_n_1388 rise edge)
                                                      0.000     0.000 r  
    W19                                               0.000     0.000 r  sys_clk (IN)
                         net (fo=0)                   0.000     0.000    sys_clk
    W19                  IBUF (Prop_ibuf_I_O)         0.465     0.465 r  sys_clk_IBUF_inst/O
                         net (fo=1, routed)           0.480     0.945    u_top/sys_clk_IBUF
    MMCME2_ADV_X0Y2      MMCME2_ADV (Prop_mmcme2_adv_CLKIN1_CLKOUT0)
                                                      0.053     0.998 r  u_top/g_mmcm.u_mmcm/CLKOUT0
                         net (fo=1, routed)           0.595     1.593    u_top_n_1388
    BUFGCTRL_X0Y1        BUFG (Prop_bufg_I_O)         0.029     1.622 r  input_slot_reg[1][511]_i_3_replica/O
                         net (fo=8, routed)           0.033     1.655    clk_200_repN
    BUFGCTRL_X0Y0        BUFG (Prop_bufg_I_O)         0.029     1.684 r  input_slot_reg[1][511]_i_3/O
                         net (fo=61738, routed)       0.866     2.549    u_top/u_core/u_b/u_b_core/core/core/l5/gk.frontend/fifo/g_wide_read.g_read_slice[51].mem_slice_reg_0_3_42_47/WCLK
    SLICE_X132Y104       RAMS32                                       r  u_top/u_core/u_b/u_b_core/core/core/l5/gk.frontend/fifo/g_wide_read.g_read_slice[51].mem_slice_reg_0_3_42_47/RAMD/CLK
                         clock pessimism             -0.524     2.026    
    SLICE_X132Y104       RAMS32 (Hold_rams32_CLK_ADR1)
                                                      0.309     2.335    u_top/u_core/u_b/u_b_core/core/core/l5/gk.frontend/fifo/g_wide_read.g_read_slice[51].mem_slice_reg_0_3_42_47/RAMD
  -------------------------------------------------------------------
                         required time                         -2.335    
                         arrival time                           2.389    
  -------------------------------------------------------------------
                         slack                                  0.054    

Slack (MET) :             0.054ns  (arrival time - required time)
  Source:                 u_top/u_core/u_b/u_b_core/core/core/l5/gk.frontend/fifo/wr_ptr_reg[1]_rep__2/C
                            (rising edge-triggered cell FDRE clocked by u_top_n_1388  {rise@0.000ns fall@2.500ns period=5.000ns})
  Destination:            u_top/u_core/u_b/u_b_core/core/core/l5/gk.frontend/fifo/g_wide_read.g_read_slice[51].mem_slice_reg_0_3_42_47/RAMD_D1/ADR1
                            (rising edge-triggered cell RAMS32 clocked by u_top_n_1388  {rise@0.000ns fall@2.500ns period=5.000ns})
  Path Group:             u_top_n_1388
  Path Type:              Hold (Min at Fast Process Corner)
  Requirement:            0.000ns  (u_top_n_1388 rise@0.000ns - u_top_n_1388 rise@0.000ns)
  Data Path Delay:        0.401ns  (logic 0.141ns (35.161%)  route 0.260ns (64.839%))
  Logic Levels:           0  
  Clock Path Skew:        0.038ns (DCD - SCD - CPR)
    Destination Clock Delay (DCD):    2.549ns
    Source Clock Delay      (SCD):    1.988ns
    Clock Pessimism Removal (CPR):    0.524ns

    Location             Delay type                Incr(ns)  Path(ns)    Netlist Resource(s)
  -------------------------------------------------------------------    -------------------
                         (clock u_top_n_1388 rise edge)
                                                      0.000     0.000 r  
    W19                                               0.000     0.000 r  sys_clk (IN)
                         net (fo=0)                   0.000     0.000    sys_clk
    W19                  IBUF (Prop_ibuf_I_O)         0.277     0.277 r  sys_clk_IBUF_inst/O
                         net (fo=1, routed)           0.440     0.717    u_top/sys_clk_IBUF
    MMCME2_ADV_X0Y2      MMCME2_ADV (Prop_mmcme2_adv_CLKIN1_CLKOUT0)
                                                      0.050     0.767 r  u_top/g_mmcm.u_mmcm/CLKOUT0
                         net (fo=1, routed)           0.545     1.312    u_top_n_1388
    BUFGCTRL_X0Y1        BUFG (Prop_bufg_I_O)         0.026     1.338 r  input_slot_reg[1][511]_i_3_replica/O
                         net (fo=8, routed)           0.030     1.368    clk_200_repN
    BUFGCTRL_X0Y0        BUFG (Prop_bufg_I_O)         0.026     1.394 r  input_slot_reg[1][511]_i_3/O
                         net (fo=61738, routed)       0.594     1.988    u_top/u_core/u_b/u_b_core/core/core/l5/gk.frontend/fifo/clk_200
    SLICE_X130Y105       FDRE                                         r  u_top/u_core/u_b/u_b_core/core/core/l5/gk.frontend/fifo/wr_ptr_reg[1]_rep__2/C
  -------------------------------------------------------------------    -------------------
    SLICE_X130Y105       FDRE (Prop_fdre_C_Q)         0.141     2.129 r  u_top/u_core/u_b/u_b_core/core/core/l5/gk.frontend/fifo/wr_ptr_reg[1]_rep__2/Q
                         net (fo=1056, routed)        0.260     2.389    u_top/u_core/u_b/u_b_core/core/core/l5/gk.frontend/fifo/g_wide_read.g_read_slice[51].mem_slice_reg_0_3_42_47/ADDRD1
    SLICE_X132Y104       RAMS32                                       r  u_top/u_core/u_b/u_b_core/core/core/l5/gk.frontend/fifo/g_wide_read.g_read_slice[51].mem_slice_reg_0_3_42_47/RAMD_D1/ADR1
  -------------------------------------------------------------------    -------------------

                         (clock u_top_n_1388 rise edge)
                                                      0.000     0.000 r  
    W19                                               0.000     0.000 r  sys_clk (IN)
                         net (fo=0)                   0.000     0.000    sys_clk
    W19                  IBUF (Prop_ibuf_I_O)         0.465     0.465 r  sys_clk_IBUF_inst/O
                         net (fo=1, routed)           0.480     0.945    u_top/sys_clk_IBUF
    MMCME2_ADV_X0Y2      MMCME2_ADV (Prop_mmcme2_adv_CLKIN1_CLKOUT0)
                                                      0.053     0.998 r  u_top/g_mmcm.u_mmcm/CLKOUT0
                         net (fo=1, routed)           0.595     1.593    u_top_n_1388
    BUFGCTRL_X0Y1        BUFG (Prop_bufg_I_O)         0.029     1.622 r  input_slot_reg[1][511]_i_3_replica/O
                         net (fo=8, routed)           0.033     1.655    clk_200_repN
    BUFGCTRL_X0Y0        BUFG (Prop_bufg_I_O)         0.029     1.684 r  input_slot_reg[1][511]_i_3/O
                         net (fo=61738, routed)       0.866     2.549    u_top/u_core/u_b/u_b_core/core/core/l5/gk.frontend/fifo/g_wide_read.g_read_slice[51].mem_slice_reg_0_3_42_47/WCLK
    SLICE_X132Y104       RAMS32                                       r  u_top/u_core/u_b/u_b_core/core/core/l5/gk.frontend/fifo/g_wide_read.g_read_slice[51].mem_slice_reg_0_3_42_47/RAMD_D1/CLK
                         clock pessimism             -0.524     2.026    
    SLICE_X132Y104       RAMS32 (Hold_rams32_CLK_ADR1)
                                                      0.309     2.335    u_top/u_core/u_b/u_b_core/core/core/l5/gk.frontend/fifo/g_wide_read.g_read_slice[51].mem_slice_reg_0_3_42_47/RAMD_D1
  -------------------------------------------------------------------
                         required time                         -2.335    
                         arrival time                           2.389    
  -------------------------------------------------------------------
                         slack                                  0.054    

Slack (MET) :             0.057ns  (arrival time - required time)
  Source:                 u_top/u_core/u_b/u_b_core/core/core/l5/mac/mac/tree_stage[1].channel[0].node[2].pair.sums_q_reg[1][0][2][21]/C
                            (rising edge-triggered cell FDRE clocked by u_top_n_1388  {rise@0.000ns fall@2.500ns period=5.000ns})
  Destination:            u_top/u_core/u_b/u_b_core/core/core/l5/mac/mac/tree_stage[2].channel[0].node[1].pair.sums_q_reg[2][0][1][21]/D
                            (rising edge-triggered cell FDRE clocked by u_top_n_1388  {rise@0.000ns fall@2.500ns period=5.000ns})
  Path Group:             u_top_n_1388
  Path Type:              Hold (Min at Fast Process Corner)
  Requirement:            0.000ns  (u_top_n_1388 rise@0.000ns - u_top_n_1388 rise@0.000ns)
  Data Path Delay:        0.433ns  (logic 0.251ns (57.921%)  route 0.182ns (42.079%))
  Logic Levels:           2  (CARRY4=1 LUT2=1)
  Clock Path Skew:        0.271ns (DCD - SCD - CPR)
    Destination Clock Delay (DCD):    2.528ns
    Source Clock Delay      (SCD):    1.968ns
    Clock Pessimism Removal (CPR):    0.290ns

    Location             Delay type                Incr(ns)  Path(ns)    Netlist Resource(s)
  -------------------------------------------------------------------    -------------------
                         (clock u_top_n_1388 rise edge)
                                                      0.000     0.000 r  
    W19                                               0.000     0.000 r  sys_clk (IN)
                         net (fo=0)                   0.000     0.000    sys_clk
    W19                  IBUF (Prop_ibuf_I_O)         0.277     0.277 r  sys_clk_IBUF_inst/O
                         net (fo=1, routed)           0.440     0.717    u_top/sys_clk_IBUF
    MMCME2_ADV_X0Y2      MMCME2_ADV (Prop_mmcme2_adv_CLKIN1_CLKOUT0)
                                                      0.050     0.767 r  u_top/g_mmcm.u_mmcm/CLKOUT0
                         net (fo=1, routed)           0.545     1.312    u_top_n_1388
    BUFGCTRL_X0Y1        BUFG (Prop_bufg_I_O)         0.026     1.338 r  input_slot_reg[1][511]_i_3_replica/O
                         net (fo=8, routed)           0.030     1.368    clk_200_repN
    BUFGCTRL_X0Y0        BUFG (Prop_bufg_I_O)         0.026     1.394 r  input_slot_reg[1][511]_i_3/O
                         net (fo=61738, routed)       0.574     1.968    u_top/u_core/u_b/u_b_core/core/core/l5/mac/mac/clk_200
    SLICE_X75Y150        FDRE                                         r  u_top/u_core/u_b/u_b_core/core/core/l5/mac/mac/tree_stage[1].channel[0].node[2].pair.sums_q_reg[1][0][2][21]/C
  -------------------------------------------------------------------    -------------------
    SLICE_X75Y150        FDRE (Prop_fdre_C_Q)         0.141     2.109 r  u_top/u_core/u_b/u_b_core/core/core/l5/mac/mac/tree_stage[1].channel[0].node[2].pair.sums_q_reg[1][0][2][21]/Q
                         net (fo=2, routed)           0.182     2.291    u_top/u_core/u_b/u_b_core/core/core/l5/mac/mac/tree_stage[1].channel[0].node[2].pair.sums_q_reg[1][0][2]_387[21]
    SLICE_X77Y148        LUT2 (Prop_lut2_I0_O)        0.045     2.336 r  u_top/u_core/u_b/u_b_core/core/core/l5/mac/mac/tree_stage[2].channel[0].node[1].pair.sums_q[2][0][1][23]_i_4/O
                         net (fo=1, routed)           0.000     2.336    u_top/u_core/u_b/u_b_core/core/core/l5/mac/mac/tree_stage[2].channel[0].node[1].pair.sums_q[2][0][1][23]_i_4_n_0
    SLICE_X77Y148        CARRY4 (Prop_carry4_S[1]_O[1])
                                                      0.065     2.401 r  u_top/u_core/u_b/u_b_core/core/core/l5/mac/mac/tree_stage[2].channel[0].node[1].pair.sums_q_reg[2][0][1][23]_i_1/O[1]
                         net (fo=1, routed)           0.000     2.401    u_top/u_core/u_b/u_b_core/core/core/l5/mac/mac/tree_stage[2].channel[0].node[1].pair.added[21]
    SLICE_X77Y148        FDRE                                         r  u_top/u_core/u_b/u_b_core/core/core/l5/mac/mac/tree_stage[2].channel[0].node[1].pair.sums_q_reg[2][0][1][21]/D
  -------------------------------------------------------------------    -------------------

                         (clock u_top_n_1388 rise edge)
                                                      0.000     0.000 r  
    W19                                               0.000     0.000 r  sys_clk (IN)
                         net (fo=0)                   0.000     0.000    sys_clk
    W19                  IBUF (Prop_ibuf_I_O)         0.465     0.465 r  sys_clk_IBUF_inst/O
                         net (fo=1, routed)           0.480     0.945    u_top/sys_clk_IBUF
    MMCME2_ADV_X0Y2      MMCME2_ADV (Prop_mmcme2_adv_CLKIN1_CLKOUT0)
                                                      0.053     0.998 r  u_top/g_mmcm.u_mmcm/CLKOUT0
                         net (fo=1, routed)           0.595     1.593    u_top_n_1388
    BUFGCTRL_X0Y1        BUFG (Prop_bufg_I_O)         0.029     1.622 r  input_slot_reg[1][511]_i_3_replica/O
                         net (fo=8, routed)           0.033     1.655    clk_200_repN
    BUFGCTRL_X0Y0        BUFG (Prop_bufg_I_O)         0.029     1.684 r  input_slot_reg[1][511]_i_3/O
                         net (fo=61738, routed)       0.845     2.528    u_top/u_core/u_b/u_b_core/core/core/l5/mac/mac/clk_200
    SLICE_X77Y148        FDRE                                         r  u_top/u_core/u_b/u_b_core/core/core/l5/mac/mac/tree_stage[2].channel[0].node[1].pair.sums_q_reg[2][0][1][21]/C
                         clock pessimism             -0.290     2.239    
    SLICE_X77Y148        FDRE (Hold_fdre_C_D)         0.105     2.344    u_top/u_core/u_b/u_b_core/core/core/l5/mac/mac/tree_stage[2].channel[0].node[1].pair.sums_q_reg[2][0][1][21]
  -------------------------------------------------------------------
                         required time                         -2.344    
                         arrival time                           2.401    
  -------------------------------------------------------------------
                         slack                                  0.057    

Slack (MET) :             0.059ns  (arrival time - required time)
  Source:                 u_top/u_core/u_b/u_b_core/core/core/l4/post/units[0].post/prelu_magnitude_s2_reg[43]/C
                            (rising edge-triggered cell FDRE clocked by u_top_n_1388  {rise@0.000ns fall@2.500ns period=5.000ns})
  Destination:            u_top/u_core/u_b/u_b_core/core/core/l4/post/units[0].post/prelu_rounded_magnitude_s3_reg[32]/D
                            (rising edge-triggered cell FDRE clocked by u_top_n_1388  {rise@0.000ns fall@2.500ns period=5.000ns})
  Path Group:             u_top_n_1388
  Path Type:              Hold (Min at Fast Process Corner)
  Requirement:            0.000ns  (u_top_n_1388 rise@0.000ns - u_top_n_1388 rise@0.000ns)
  Data Path Delay:        0.461ns  (logic 0.363ns (78.697%)  route 0.098ns (21.303%))
  Logic Levels:           2  (CARRY4=2)
  Clock Path Skew:        0.268ns (DCD - SCD - CPR)
    Destination Clock Delay (DCD):    2.538ns
    Source Clock Delay      (SCD):    1.981ns
    Clock Pessimism Removal (CPR):    0.290ns

    Location             Delay type                Incr(ns)  Path(ns)    Netlist Resource(s)
  -------------------------------------------------------------------    -------------------
                         (clock u_top_n_1388 rise edge)
                                                      0.000     0.000 r  
    W19                                               0.000     0.000 r  sys_clk (IN)
                         net (fo=0)                   0.000     0.000    sys_clk
    W19                  IBUF (Prop_ibuf_I_O)         0.277     0.277 r  sys_clk_IBUF_inst/O
                         net (fo=1, routed)           0.440     0.717    u_top/sys_clk_IBUF
    MMCME2_ADV_X0Y2      MMCME2_ADV (Prop_mmcme2_adv_CLKIN1_CLKOUT0)
                                                      0.050     0.767 r  u_top/g_mmcm.u_mmcm/CLKOUT0
                         net (fo=1, routed)           0.545     1.312    u_top_n_1388
    BUFGCTRL_X0Y1        BUFG (Prop_bufg_I_O)         0.026     1.338 r  input_slot_reg[1][511]_i_3_replica/O
                         net (fo=8, routed)           0.030     1.368    clk_200_repN
    BUFGCTRL_X0Y0        BUFG (Prop_bufg_I_O)         0.026     1.394 r  input_slot_reg[1][511]_i_3/O
                         net (fo=61738, routed)       0.587     1.981    u_top/u_core/u_b/u_b_core/core/core/l4/post/units[0].post/clk_200
    SLICE_X47Y149        FDRE                                         r  u_top/u_core/u_b/u_b_core/core/core/l4/post/units[0].post/prelu_magnitude_s2_reg[43]/C
  -------------------------------------------------------------------    -------------------
    SLICE_X47Y149        FDRE (Prop_fdre_C_Q)         0.141     2.122 r  u_top/u_core/u_b/u_b_core/core/core/l4/post/units[0].post/prelu_magnitude_s2_reg[43]/Q
                         net (fo=1, routed)           0.098     2.219    u_top/u_core/u_b/u_b_core/core/core/l4/post/units[0].post/prelu_magnitude_s2_reg_n_0_[43]
    SLICE_X48Y149        CARRY4 (Prop_carry4_S[2]_CO[3])
                                                      0.156     2.375 r  u_top/u_core/u_b/u_b_core/core/core/l4/post/units[0].post/prelu_rounded_magnitude_s3_reg[29]_i_1/CO[3]
                         net (fo=1, routed)           0.001     2.376    u_top/u_core/u_b/u_b_core/core/core/l4/post/units[0].post/prelu_rounded_magnitude_s3_reg[29]_i_1_n_0
    SLICE_X48Y150        CARRY4 (Prop_carry4_CI_O[2])
                                                      0.066     2.442 r  u_top/u_core/u_b/u_b_core/core/core/l4/post/units[0].post/prelu_rounded_magnitude_s3_reg[32]_i_1/O[2]
                         net (fo=1, routed)           0.000     2.442    u_top/u_core/u_b/u_b_core/core/core/l4/post/units[0].post/prelu_round_sum_s2[47]
    SLICE_X48Y150        FDRE                                         r  u_top/u_core/u_b/u_b_core/core/core/l4/post/units[0].post/prelu_rounded_magnitude_s3_reg[32]/D
  -------------------------------------------------------------------    -------------------

                         (clock u_top_n_1388 rise edge)
                                                      0.000     0.000 r  
    W19                                               0.000     0.000 r  sys_clk (IN)
                         net (fo=0)                   0.000     0.000    sys_clk
    W19                  IBUF (Prop_ibuf_I_O)         0.465     0.465 r  sys_clk_IBUF_inst/O
                         net (fo=1, routed)           0.480     0.945    u_top/sys_clk_IBUF
    MMCME2_ADV_X0Y2      MMCME2_ADV (Prop_mmcme2_adv_CLKIN1_CLKOUT0)
                                                      0.053     0.998 r  u_top/g_mmcm.u_mmcm/CLKOUT0
                         net (fo=1, routed)           0.595     1.593    u_top_n_1388
    BUFGCTRL_X0Y1        BUFG (Prop_bufg_I_O)         0.029     1.622 r  input_slot_reg[1][511]_i_3_replica/O
                         net (fo=8, routed)           0.033     1.655    clk_200_repN
    BUFGCTRL_X0Y0        BUFG (Prop_bufg_I_O)         0.029     1.684 r  input_slot_reg[1][511]_i_3/O
                         net (fo=61738, routed)       0.854     2.538    u_top/u_core/u_b/u_b_core/core/core/l4/post/units[0].post/clk_200
    SLICE_X48Y150        FDRE                                         r  u_top/u_core/u_b/u_b_core/core/core/l4/post/units[0].post/prelu_rounded_magnitude_s3_reg[32]/C
                         clock pessimism             -0.290     2.248    
    SLICE_X48Y150        FDRE (Hold_fdre_C_D)         0.134     2.382    u_top/u_core/u_b/u_b_core/core/core/l4/post/units[0].post/prelu_rounded_magnitude_s3_reg[32]
  -------------------------------------------------------------------
                         required time                         -2.382    
                         arrival time                           2.442    
  -------------------------------------------------------------------
                         slack                                  0.059    

Slack (MET) :             0.060ns  (arrival time - required time)
  Source:                 u_top/u_core/u_b/u_b_core/core/core/l5/mac/mac/tree_stage[1].channel[3].node[19].pair.sums_q_reg[1][3][19][11]/C
                            (rising edge-triggered cell FDRE clocked by u_top_n_1388  {rise@0.000ns fall@2.500ns period=5.000ns})
  Destination:            u_top/u_core/u_b/u_b_core/core/core/l5/mac/mac/tree_stage[2].channel[3].node[9].pair.sums_q_reg[2][3][9][11]/D
                            (rising edge-triggered cell FDRE clocked by u_top_n_1388  {rise@0.000ns fall@2.500ns period=5.000ns})
  Path Group:             u_top_n_1388
  Path Type:              Hold (Min at Fast Process Corner)
  Requirement:            0.000ns  (u_top_n_1388 rise@0.000ns - u_top_n_1388 rise@0.000ns)
  Data Path Delay:        0.434ns  (logic 0.249ns (57.355%)  route 0.185ns (42.645%))
  Logic Levels:           2  (CARRY4=1 LUT2=1)
  Clock Path Skew:        0.269ns (DCD - SCD - CPR)
    Destination Clock Delay (DCD):    2.542ns
    Source Clock Delay      (SCD):    1.984ns
    Clock Pessimism Removal (CPR):    0.290ns

    Location             Delay type                Incr(ns)  Path(ns)    Netlist Resource(s)
  -------------------------------------------------------------------    -------------------
                         (clock u_top_n_1388 rise edge)
                                                      0.000     0.000 r  
    W19                                               0.000     0.000 r  sys_clk (IN)
                         net (fo=0)                   0.000     0.000    sys_clk
    W19                  IBUF (Prop_ibuf_I_O)         0.277     0.277 r  sys_clk_IBUF_inst/O
                         net (fo=1, routed)           0.440     0.717    u_top/sys_clk_IBUF
    MMCME2_ADV_X0Y2      MMCME2_ADV (Prop_mmcme2_adv_CLKIN1_CLKOUT0)
                                                      0.050     0.767 r  u_top/g_mmcm.u_mmcm/CLKOUT0
                         net (fo=1, routed)           0.545     1.312    u_top_n_1388
    BUFGCTRL_X0Y1        BUFG (Prop_bufg_I_O)         0.026     1.338 r  input_slot_reg[1][511]_i_3_replica/O
                         net (fo=8, routed)           0.030     1.368    clk_200_repN
    BUFGCTRL_X0Y0        BUFG (Prop_bufg_I_O)         0.026     1.394 r  input_slot_reg[1][511]_i_3/O
                         net (fo=61738, routed)       0.590     1.984    u_top/u_core/u_b/u_b_core/core/core/l5/mac/mac/clk_200
    SLICE_X105Y147       FDRE                                         r  u_top/u_core/u_b/u_b_core/core/core/l5/mac/mac/tree_stage[1].channel[3].node[19].pair.sums_q_reg[1][3][19][11]/C
  -------------------------------------------------------------------    -------------------
    SLICE_X105Y147       FDRE (Prop_fdre_C_Q)         0.141     2.125 r  u_top/u_core/u_b/u_b_core/core/core/l5/mac/mac/tree_stage[1].channel[3].node[19].pair.sums_q_reg[1][3][19][11]/Q
                         net (fo=1, routed)           0.185     2.310    u_top/u_core/u_b/u_b_core/core/core/l5/mac/mac/tree_stage[1].channel[3].node[19].pair.sums_q_reg[1][3][19]_338[11]
    SLICE_X107Y150       LUT2 (Prop_lut2_I1_O)        0.045     2.355 r  u_top/u_core/u_b/u_b_core/core/core/l5/mac/mac/tree_stage[2].channel[3].node[9].pair.sums_q[2][3][9][11]_i_2/O
                         net (fo=1, routed)           0.000     2.355    u_top/u_core/u_b/u_b_core/core/core/l5/mac/mac/tree_stage[2].channel[3].node[9].pair.sums_q[2][3][9][11]_i_2_n_0
    SLICE_X107Y150       CARRY4 (Prop_carry4_S[3]_O[3])
                                                      0.063     2.418 r  u_top/u_core/u_b/u_b_core/core/core/l5/mac/mac/tree_stage[2].channel[3].node[9].pair.sums_q_reg[2][3][9][11]_i_1/O[3]
                         net (fo=1, routed)           0.000     2.418    u_top/u_core/u_b/u_b_core/core/core/l5/mac/mac/tree_stage[2].channel[3].node[9].pair.added[11]
    SLICE_X107Y150       FDRE                                         r  u_top/u_core/u_b/u_b_core/core/core/l5/mac/mac/tree_stage[2].channel[3].node[9].pair.sums_q_reg[2][3][9][11]/D
  -------------------------------------------------------------------    -------------------

                         (clock u_top_n_1388 rise edge)
                                                      0.000     0.000 r  
    W19                                               0.000     0.000 r  sys_clk (IN)
                         net (fo=0)                   0.000     0.000    sys_clk
    W19                  IBUF (Prop_ibuf_I_O)         0.465     0.465 r  sys_clk_IBUF_inst/O
                         net (fo=1, routed)           0.480     0.945    u_top/sys_clk_IBUF
    MMCME2_ADV_X0Y2      MMCME2_ADV (Prop_mmcme2_adv_CLKIN1_CLKOUT0)
                                                      0.053     0.998 r  u_top/g_mmcm.u_mmcm/CLKOUT0
                         net (fo=1, routed)           0.595     1.593    u_top_n_1388
    BUFGCTRL_X0Y1        BUFG (Prop_bufg_I_O)         0.029     1.622 r  input_slot_reg[1][511]_i_3_replica/O
                         net (fo=8, routed)           0.033     1.655    clk_200_repN
    BUFGCTRL_X0Y0        BUFG (Prop_bufg_I_O)         0.029     1.684 r  input_slot_reg[1][511]_i_3/O
                         net (fo=61738, routed)       0.859     2.542    u_top/u_core/u_b/u_b_core/core/core/l5/mac/mac/clk_200
    SLICE_X107Y150       FDRE                                         r  u_top/u_core/u_b/u_b_core/core/core/l5/mac/mac/tree_stage[2].channel[3].node[9].pair.sums_q_reg[2][3][9][11]/C
                         clock pessimism             -0.290     2.252    
    SLICE_X107Y150       FDRE (Hold_fdre_C_D)         0.105     2.357    u_top/u_core/u_b/u_b_core/core/core/l5/mac/mac/tree_stage[2].channel[3].node[9].pair.sums_q_reg[2][3][9][11]
  -------------------------------------------------------------------
                         required time                         -2.357    
                         arrival time                           2.418    
  -------------------------------------------------------------------
                         slack                                  0.060    

Slack (MET) :             0.060ns  (arrival time - required time)
  Source:                 u_top/u_core/u_b/u_b_core/core/core/l5/mac/mac/tree_stage[1].channel[3].node[19].pair.sums_q_reg[1][3][19][19]/C
                            (rising edge-triggered cell FDRE clocked by u_top_n_1388  {rise@0.000ns fall@2.500ns period=5.000ns})
  Destination:            u_top/u_core/u_b/u_b_core/core/core/l5/mac/mac/tree_stage[2].channel[3].node[9].pair.sums_q_reg[2][3][9][19]/D
                            (rising edge-triggered cell FDRE clocked by u_top_n_1388  {rise@0.000ns fall@2.500ns period=5.000ns})
  Path Group:             u_top_n_1388
  Path Type:              Hold (Min at Fast Process Corner)
  Requirement:            0.000ns  (u_top_n_1388 rise@0.000ns - u_top_n_1388 rise@0.000ns)
  Data Path Delay:        0.434ns  (logic 0.249ns (57.354%)  route 0.185ns (42.646%))
  Logic Levels:           2  (CARRY4=1 LUT2=1)
  Clock Path Skew:        0.269ns (DCD - SCD - CPR)
    Destination Clock Delay (DCD):    2.542ns
    Source Clock Delay      (SCD):    1.984ns
    Clock Pessimism Removal (CPR):    0.290ns

    Location             Delay type                Incr(ns)  Path(ns)    Netlist Resource(s)
  -------------------------------------------------------------------    -------------------
                         (clock u_top_n_1388 rise edge)
                                                      0.000     0.000 r  
    W19                                               0.000     0.000 r  sys_clk (IN)
                         net (fo=0)                   0.000     0.000    sys_clk
    W19                  IBUF (Prop_ibuf_I_O)         0.277     0.277 r  sys_clk_IBUF_inst/O
                         net (fo=1, routed)           0.440     0.717    u_top/sys_clk_IBUF
    MMCME2_ADV_X0Y2      MMCME2_ADV (Prop_mmcme2_adv_CLKIN1_CLKOUT0)
                                                      0.050     0.767 r  u_top/g_mmcm.u_mmcm/CLKOUT0
                         net (fo=1, routed)           0.545     1.312    u_top_n_1388
    BUFGCTRL_X0Y1        BUFG (Prop_bufg_I_O)         0.026     1.338 r  input_slot_reg[1][511]_i_3_replica/O
                         net (fo=8, routed)           0.030     1.368    clk_200_repN
    BUFGCTRL_X0Y0        BUFG (Prop_bufg_I_O)         0.026     1.394 r  input_slot_reg[1][511]_i_3/O
                         net (fo=61738, routed)       0.590     1.984    u_top/u_core/u_b/u_b_core/core/core/l5/mac/mac/clk_200
    SLICE_X105Y149       FDRE                                         r  u_top/u_core/u_b/u_b_core/core/core/l5/mac/mac/tree_stage[1].channel[3].node[19].pair.sums_q_reg[1][3][19][19]/C
  -------------------------------------------------------------------    -------------------
    SLICE_X105Y149       FDRE (Prop_fdre_C_Q)         0.141     2.125 r  u_top/u_core/u_b/u_b_core/core/core/l5/mac/mac/tree_stage[1].channel[3].node[19].pair.sums_q_reg[1][3][19][19]/Q
                         net (fo=1, routed)           0.185     2.310    u_top/u_core/u_b/u_b_core/core/core/l5/mac/mac/tree_stage[1].channel[3].node[19].pair.sums_q_reg[1][3][19]_338[19]
    SLICE_X107Y152       LUT2 (Prop_lut2_I1_O)        0.045     2.355 r  u_top/u_core/u_b/u_b_core/core/core/l5/mac/mac/tree_stage[2].channel[3].node[9].pair.sums_q[2][3][9][19]_i_2/O
                         net (fo=1, routed)           0.000     2.355    u_top/u_core/u_b/u_b_core/core/core/l5/mac/mac/tree_stage[2].channel[3].node[9].pair.sums_q[2][3][9][19]_i_2_n_0
    SLICE_X107Y152       CARRY4 (Prop_carry4_S[3]_O[3])
                                                      0.063     2.418 r  u_top/u_core/u_b/u_b_core/core/core/l5/mac/mac/tree_stage[2].channel[3].node[9].pair.sums_q_reg[2][3][9][19]_i_1/O[3]
                         net (fo=1, routed)           0.000     2.418    u_top/u_core/u_b/u_b_core/core/core/l5/mac/mac/tree_stage[2].channel[3].node[9].pair.added[19]
    SLICE_X107Y152       FDRE                                         r  u_top/u_core/u_b/u_b_core/core/core/l5/mac/mac/tree_stage[2].channel[3].node[9].pair.sums_q_reg[2][3][9][19]/D
  -------------------------------------------------------------------    -------------------

                         (clock u_top_n_1388 rise edge)
                                                      0.000     0.000 r  
    W19                                               0.000     0.000 r  sys_clk (IN)
                         net (fo=0)                   0.000     0.000    sys_clk
    W19                  IBUF (Prop_ibuf_I_O)         0.465     0.465 r  sys_clk_IBUF_inst/O
                         net (fo=1, routed)           0.480     0.945    u_top/sys_clk_IBUF
    MMCME2_ADV_X0Y2      MMCME2_ADV (Prop_mmcme2_adv_CLKIN1_CLKOUT0)
                                                      0.053     0.998 r  u_top/g_mmcm.u_mmcm/CLKOUT0
                         net (fo=1, routed)           0.595     1.593    u_top_n_1388
    BUFGCTRL_X0Y1        BUFG (Prop_bufg_I_O)         0.029     1.622 r  input_slot_reg[1][511]_i_3_replica/O
                         net (fo=8, routed)           0.033     1.655    clk_200_repN
    BUFGCTRL_X0Y0        BUFG (Prop_bufg_I_O)         0.029     1.684 r  input_slot_reg[1][511]_i_3/O
                         net (fo=61738, routed)       0.859     2.542    u_top/u_core/u_b/u_b_core/core/core/l5/mac/mac/clk_200
    SLICE_X107Y152       FDRE                                         r  u_top/u_core/u_b/u_b_core/core/core/l5/mac/mac/tree_stage[2].channel[3].node[9].pair.sums_q_reg[2][3][9][19]/C
                         clock pessimism             -0.290     2.252    
    SLICE_X107Y152       FDRE (Hold_fdre_C_D)         0.105     2.357    u_top/u_core/u_b/u_b_core/core/core/l5/mac/mac/tree_stage[2].channel[3].node[9].pair.sums_q_reg[2][3][9][19]
  -------------------------------------------------------------------
                         required time                         -2.357    
                         arrival time                           2.418    
  -------------------------------------------------------------------
                         slack                                  0.060    

Slack (MET) :             0.062ns  (arrival time - required time)
  Source:                 u_top/u_core/u_b/u_b_core/core/core/l5/mac/mac/tree_stage[1].channel[3].node[19].pair.sums_q_reg[1][3][19][13]/C
                            (rising edge-triggered cell FDRE clocked by u_top_n_1388  {rise@0.000ns fall@2.500ns period=5.000ns})
  Destination:            u_top/u_core/u_b/u_b_core/core/core/l5/mac/mac/tree_stage[2].channel[3].node[9].pair.sums_q_reg[2][3][9][13]/D
                            (rising edge-triggered cell FDRE clocked by u_top_n_1388  {rise@0.000ns fall@2.500ns period=5.000ns})
  Path Group:             u_top_n_1388
  Path Type:              Hold (Min at Fast Process Corner)
  Requirement:            0.000ns  (u_top_n_1388 rise@0.000ns - u_top_n_1388 rise@0.000ns)
  Data Path Delay:        0.436ns  (logic 0.251ns (57.550%)  route 0.185ns (42.450%))
  Logic Levels:           2  (CARRY4=1 LUT2=1)
  Clock Path Skew:        0.269ns (DCD - SCD - CPR)
    Destination Clock Delay (DCD):    2.542ns
    Source Clock Delay      (SCD):    1.984ns
    Clock Pessimism Removal (CPR):    0.290ns

    Location             Delay type                Incr(ns)  Path(ns)    Netlist Resource(s)
  -------------------------------------------------------------------    -------------------
                         (clock u_top_n_1388 rise edge)
                                                      0.000     0.000 r  
    W19                                               0.000     0.000 r  sys_clk (IN)
                         net (fo=0)                   0.000     0.000    sys_clk
    W19                  IBUF (Prop_ibuf_I_O)         0.277     0.277 r  sys_clk_IBUF_inst/O
                         net (fo=1, routed)           0.440     0.717    u_top/sys_clk_IBUF
    MMCME2_ADV_X0Y2      MMCME2_ADV (Prop_mmcme2_adv_CLKIN1_CLKOUT0)
                                                      0.050     0.767 r  u_top/g_mmcm.u_mmcm/CLKOUT0
                         net (fo=1, routed)           0.545     1.312    u_top_n_1388
    BUFGCTRL_X0Y1        BUFG (Prop_bufg_I_O)         0.026     1.338 r  input_slot_reg[1][511]_i_3_replica/O
                         net (fo=8, routed)           0.030     1.368    clk_200_repN
    BUFGCTRL_X0Y0        BUFG (Prop_bufg_I_O)         0.026     1.394 r  input_slot_reg[1][511]_i_3/O
                         net (fo=61738, routed)       0.590     1.984    u_top/u_core/u_b/u_b_core/core/core/l5/mac/mac/clk_200
    SLICE_X105Y148       FDRE                                         r  u_top/u_core/u_b/u_b_core/core/core/l5/mac/mac/tree_stage[1].channel[3].node[19].pair.sums_q_reg[1][3][19][13]/C
  -------------------------------------------------------------------    -------------------
    SLICE_X105Y148       FDRE (Prop_fdre_C_Q)         0.141     2.125 r  u_top/u_core/u_b/u_b_core/core/core/l5/mac/mac/tree_stage[1].channel[3].node[19].pair.sums_q_reg[1][3][19][13]/Q
                         net (fo=1, routed)           0.185     2.310    u_top/u_core/u_b/u_b_core/core/core/l5/mac/mac/tree_stage[1].channel[3].node[19].pair.sums_q_reg[1][3][19]_338[13]
    SLICE_X107Y151       LUT2 (Prop_lut2_I1_O)        0.045     2.355 r  u_top/u_core/u_b/u_b_core/core/core/l5/mac/mac/tree_stage[2].channel[3].node[9].pair.sums_q[2][3][9][15]_i_4/O
                         net (fo=1, routed)           0.000     2.355    u_top/u_core/u_b/u_b_core/core/core/l5/mac/mac/tree_stage[2].channel[3].node[9].pair.sums_q[2][3][9][15]_i_4_n_0
    SLICE_X107Y151       CARRY4 (Prop_carry4_S[1]_O[1])
                                                      0.065     2.420 r  u_top/u_core/u_b/u_b_core/core/core/l5/mac/mac/tree_stage[2].channel[3].node[9].pair.sums_q_reg[2][3][9][15]_i_1/O[1]
                         net (fo=1, routed)           0.000     2.420    u_top/u_core/u_b/u_b_core/core/core/l5/mac/mac/tree_stage[2].channel[3].node[9].pair.added[13]
    SLICE_X107Y151       FDRE                                         r  u_top/u_core/u_b/u_b_core/core/core/l5/mac/mac/tree_stage[2].channel[3].node[9].pair.sums_q_reg[2][3][9][13]/D
  -------------------------------------------------------------------    -------------------

                         (clock u_top_n_1388 rise edge)
                                                      0.000     0.000 r  
    W19                                               0.000     0.000 r  sys_clk (IN)
                         net (fo=0)                   0.000     0.000    sys_clk
    W19                  IBUF (Prop_ibuf_I_O)         0.465     0.465 r  sys_clk_IBUF_inst/O
                         net (fo=1, routed)           0.480     0.945    u_top/sys_clk_IBUF
    MMCME2_ADV_X0Y2      MMCME2_ADV (Prop_mmcme2_adv_CLKIN1_CLKOUT0)
                                                      0.053     0.998 r  u_top/g_mmcm.u_mmcm/CLKOUT0
                         net (fo=1, routed)           0.595     1.593    u_top_n_1388
    BUFGCTRL_X0Y1        BUFG (Prop_bufg_I_O)         0.029     1.622 r  input_slot_reg[1][511]_i_3_replica/O
                         net (fo=8, routed)           0.033     1.655    clk_200_repN
    BUFGCTRL_X0Y0        BUFG (Prop_bufg_I_O)         0.029     1.684 r  input_slot_reg[1][511]_i_3/O
                         net (fo=61738, routed)       0.859     2.542    u_top/u_core/u_b/u_b_core/core/core/l5/mac/mac/clk_200
    SLICE_X107Y151       FDRE                                         r  u_top/u_core/u_b/u_b_core/core/core/l5/mac/mac/tree_stage[2].channel[3].node[9].pair.sums_q_reg[2][3][9][13]/C
                         clock pessimism             -0.290     2.252    
    SLICE_X107Y151       FDRE (Hold_fdre_C_D)         0.105     2.357    u_top/u_core/u_b/u_b_core/core/core/l5/mac/mac/tree_stage[2].channel[3].node[9].pair.sums_q_reg[2][3][9][13]
  -------------------------------------------------------------------
                         required time                         -2.357    
                         arrival time                           2.420    
  -------------------------------------------------------------------
                         slack                                  0.062    

Slack (MET) :             0.062ns  (arrival time - required time)
  Source:                 u_top/u_core/u_b/u_b_core/core/core/l5/mac/mac/tree_stage[1].channel[3].node[19].pair.sums_q_reg[1][3][19][9]/C
                            (rising edge-triggered cell FDRE clocked by u_top_n_1388  {rise@0.000ns fall@2.500ns period=5.000ns})
  Destination:            u_top/u_core/u_b/u_b_core/core/core/l5/mac/mac/tree_stage[2].channel[3].node[9].pair.sums_q_reg[2][3][9][9]/D
                            (rising edge-triggered cell FDRE clocked by u_top_n_1388  {rise@0.000ns fall@2.500ns period=5.000ns})
  Path Group:             u_top_n_1388
  Path Type:              Hold (Min at Fast Process Corner)
  Requirement:            0.000ns  (u_top_n_1388 rise@0.000ns - u_top_n_1388 rise@0.000ns)
  Data Path Delay:        0.436ns  (logic 0.251ns (57.550%)  route 0.185ns (42.450%))
  Logic Levels:           2  (CARRY4=1 LUT2=1)
  Clock Path Skew:        0.269ns (DCD - SCD - CPR)
    Destination Clock Delay (DCD):    2.542ns
    Source Clock Delay      (SCD):    1.984ns
    Clock Pessimism Removal (CPR):    0.290ns

    Location             Delay type                Incr(ns)  Path(ns)    Netlist Resource(s)
  -------------------------------------------------------------------    -------------------
                         (clock u_top_n_1388 rise edge)
                                                      0.000     0.000 r  
    W19                                               0.000     0.000 r  sys_clk (IN)
                         net (fo=0)                   0.000     0.000    sys_clk
    W19                  IBUF (Prop_ibuf_I_O)         0.277     0.277 r  sys_clk_IBUF_inst/O
                         net (fo=1, routed)           0.440     0.717    u_top/sys_clk_IBUF
    MMCME2_ADV_X0Y2      MMCME2_ADV (Prop_mmcme2_adv_CLKIN1_CLKOUT0)
                                                      0.050     0.767 r  u_top/g_mmcm.u_mmcm/CLKOUT0
                         net (fo=1, routed)           0.545     1.312    u_top_n_1388
    BUFGCTRL_X0Y1        BUFG (Prop_bufg_I_O)         0.026     1.338 r  input_slot_reg[1][511]_i_3_replica/O
                         net (fo=8, routed)           0.030     1.368    clk_200_repN
    BUFGCTRL_X0Y0        BUFG (Prop_bufg_I_O)         0.026     1.394 r  input_slot_reg[1][511]_i_3/O
                         net (fo=61738, routed)       0.590     1.984    u_top/u_core/u_b/u_b_core/core/core/l5/mac/mac/clk_200
    SLICE_X105Y147       FDRE                                         r  u_top/u_core/u_b/u_b_core/core/core/l5/mac/mac/tree_stage[1].channel[3].node[19].pair.sums_q_reg[1][3][19][9]/C
  -------------------------------------------------------------------    -------------------
    SLICE_X105Y147       FDRE (Prop_fdre_C_Q)         0.141     2.125 r  u_top/u_core/u_b/u_b_core/core/core/l5/mac/mac/tree_stage[1].channel[3].node[19].pair.sums_q_reg[1][3][19][9]/Q
                         net (fo=1, routed)           0.185     2.310    u_top/u_core/u_b/u_b_core/core/core/l5/mac/mac/tree_stage[1].channel[3].node[19].pair.sums_q_reg[1][3][19]_338[9]
    SLICE_X107Y150       LUT2 (Prop_lut2_I1_O)        0.045     2.355 r  u_top/u_core/u_b/u_b_core/core/core/l5/mac/mac/tree_stage[2].channel[3].node[9].pair.sums_q[2][3][9][11]_i_4/O
                         net (fo=1, routed)           0.000     2.355    u_top/u_core/u_b/u_b_core/core/core/l5/mac/mac/tree_stage[2].channel[3].node[9].pair.sums_q[2][3][9][11]_i_4_n_0
    SLICE_X107Y150       CARRY4 (Prop_carry4_S[1]_O[1])
                                                      0.065     2.420 r  u_top/u_core/u_b/u_b_core/core/core/l5/mac/mac/tree_stage[2].channel[3].node[9].pair.sums_q_reg[2][3][9][11]_i_1/O[1]
                         net (fo=1, routed)           0.000     2.420    u_top/u_core/u_b/u_b_core/core/core/l5/mac/mac/tree_stage[2].channel[3].node[9].pair.added[9]
    SLICE_X107Y150       FDRE                                         r  u_top/u_core/u_b/u_b_core/core/core/l5/mac/mac/tree_stage[2].channel[3].node[9].pair.sums_q_reg[2][3][9][9]/D
  -------------------------------------------------------------------    -------------------

                         (clock u_top_n_1388 rise edge)
                                                      0.000     0.000 r  
    W19                                               0.000     0.000 r  sys_clk (IN)
                         net (fo=0)                   0.000     0.000    sys_clk
    W19                  IBUF (Prop_ibuf_I_O)         0.465     0.465 r  sys_clk_IBUF_inst/O
                         net (fo=1, routed)           0.480     0.945    u_top/sys_clk_IBUF
    MMCME2_ADV_X0Y2      MMCME2_ADV (Prop_mmcme2_adv_CLKIN1_CLKOUT0)
                                                      0.053     0.998 r  u_top/g_mmcm.u_mmcm/CLKOUT0
                         net (fo=1, routed)           0.595     1.593    u_top_n_1388
    BUFGCTRL_X0Y1        BUFG (Prop_bufg_I_O)         0.029     1.622 r  input_slot_reg[1][511]_i_3_replica/O
                         net (fo=8, routed)           0.033     1.655    clk_200_repN
    BUFGCTRL_X0Y0        BUFG (Prop_bufg_I_O)         0.029     1.684 r  input_slot_reg[1][511]_i_3/O
                         net (fo=61738, routed)       0.859     2.542    u_top/u_core/u_b/u_b_core/core/core/l5/mac/mac/clk_200
    SLICE_X107Y150       FDRE                                         r  u_top/u_core/u_b/u_b_core/core/core/l5/mac/mac/tree_stage[2].channel[3].node[9].pair.sums_q_reg[2][3][9][9]/C
                         clock pessimism             -0.290     2.252    
    SLICE_X107Y150       FDRE (Hold_fdre_C_D)         0.105     2.357    u_top/u_core/u_b/u_b_core/core/core/l5/mac/mac/tree_stage[2].channel[3].node[9].pair.sums_q_reg[2][3][9][9]
  -------------------------------------------------------------------
                         required time                         -2.357    
                         arrival time                           2.420    
  -------------------------------------------------------------------
                         slack                                  0.062    

Slack (MET) :             0.062ns  (arrival time - required time)
  Source:                 u_top/u_core/u_b/u_b_core/core/core/l5/mac/mac/tree_stage[1].channel[3].node[19].pair.sums_q_reg[1][3][19][17]/C
                            (rising edge-triggered cell FDRE clocked by u_top_n_1388  {rise@0.000ns fall@2.500ns period=5.000ns})
  Destination:            u_top/u_core/u_b/u_b_core/core/core/l5/mac/mac/tree_stage[2].channel[3].node[9].pair.sums_q_reg[2][3][9][17]/D
                            (rising edge-triggered cell FDRE clocked by u_top_n_1388  {rise@0.000ns fall@2.500ns period=5.000ns})
  Path Group:             u_top_n_1388
  Path Type:              Hold (Min at Fast Process Corner)
  Requirement:            0.000ns  (u_top_n_1388 rise@0.000ns - u_top_n_1388 rise@0.000ns)
  Data Path Delay:        0.436ns  (logic 0.251ns (57.550%)  route 0.185ns (42.450%))
  Logic Levels:           2  (CARRY4=1 LUT2=1)
  Clock Path Skew:        0.269ns (DCD - SCD - CPR)
    Destination Clock Delay (DCD):    2.542ns
    Source Clock Delay      (SCD):    1.984ns
    Clock Pessimism Removal (CPR):    0.290ns

    Location             Delay type                Incr(ns)  Path(ns)    Netlist Resource(s)
  -------------------------------------------------------------------    -------------------
                         (clock u_top_n_1388 rise edge)
                                                      0.000     0.000 r  
    W19                                               0.000     0.000 r  sys_clk (IN)
                         net (fo=0)                   0.000     0.000    sys_clk
    W19                  IBUF (Prop_ibuf_I_O)         0.277     0.277 r  sys_clk_IBUF_inst/O
                         net (fo=1, routed)           0.440     0.717    u_top/sys_clk_IBUF
    MMCME2_ADV_X0Y2      MMCME2_ADV (Prop_mmcme2_adv_CLKIN1_CLKOUT0)
                                                      0.050     0.767 r  u_top/g_mmcm.u_mmcm/CLKOUT0
                         net (fo=1, routed)           0.545     1.312    u_top_n_1388
    BUFGCTRL_X0Y1        BUFG (Prop_bufg_I_O)         0.026     1.338 r  input_slot_reg[1][511]_i_3_replica/O
                         net (fo=8, routed)           0.030     1.368    clk_200_repN
    BUFGCTRL_X0Y0        BUFG (Prop_bufg_I_O)         0.026     1.394 r  input_slot_reg[1][511]_i_3/O
                         net (fo=61738, routed)       0.590     1.984    u_top/u_core/u_b/u_b_core/core/core/l5/mac/mac/clk_200
    SLICE_X105Y149       FDRE                                         r  u_top/u_core/u_b/u_b_core/core/core/l5/mac/mac/tree_stage[1].channel[3].node[19].pair.sums_q_reg[1][3][19][17]/C
  -------------------------------------------------------------------    -------------------
    SLICE_X105Y149       FDRE (Prop_fdre_C_Q)         0.141     2.125 r  u_top/u_core/u_b/u_b_core/core/core/l5/mac/mac/tree_stage[1].channel[3].node[19].pair.sums_q_reg[1][3][19][17]/Q
                         net (fo=1, routed)           0.185     2.310    u_top/u_core/u_b/u_b_core/core/core/l5/mac/mac/tree_stage[1].channel[3].node[19].pair.sums_q_reg[1][3][19]_338[17]
    SLICE_X107Y152       LUT2 (Prop_lut2_I1_O)        0.045     2.355 r  u_top/u_core/u_b/u_b_core/core/core/l5/mac/mac/tree_stage[2].channel[3].node[9].pair.sums_q[2][3][9][19]_i_4/O
                         net (fo=1, routed)           0.000     2.355    u_top/u_core/u_b/u_b_core/core/core/l5/mac/mac/tree_stage[2].channel[3].node[9].pair.sums_q[2][3][9][19]_i_4_n_0
    SLICE_X107Y152       CARRY4 (Prop_carry4_S[1]_O[1])
                                                      0.065     2.420 r  u_top/u_core/u_b/u_b_core/core/core/l5/mac/mac/tree_stage[2].channel[3].node[9].pair.sums_q_reg[2][3][9][19]_i_1/O[1]
                         net (fo=1, routed)           0.000     2.420    u_top/u_core/u_b/u_b_core/core/core/l5/mac/mac/tree_stage[2].channel[3].node[9].pair.added[17]
    SLICE_X107Y152       FDRE                                         r  u_top/u_core/u_b/u_b_core/core/core/l5/mac/mac/tree_stage[2].channel[3].node[9].pair.sums_q_reg[2][3][9][17]/D
  -------------------------------------------------------------------    -------------------

                         (clock u_top_n_1388 rise edge)
                                                      0.000     0.000 r  
    W19                                               0.000     0.000 r  sys_clk (IN)
                         net (fo=0)                   0.000     0.000    sys_clk
    W19                  IBUF (Prop_ibuf_I_O)         0.465     0.465 r  sys_clk_IBUF_inst/O
                         net (fo=1, routed)           0.480     0.945    u_top/sys_clk_IBUF
    MMCME2_ADV_X0Y2      MMCME2_ADV (Prop_mmcme2_adv_CLKIN1_CLKOUT0)
                                                      0.053     0.998 r  u_top/g_mmcm.u_mmcm/CLKOUT0
                         net (fo=1, routed)           0.595     1.593    u_top_n_1388
    BUFGCTRL_X0Y1        BUFG (Prop_bufg_I_O)         0.029     1.622 r  input_slot_reg[1][511]_i_3_replica/O
                         net (fo=8, routed)           0.033     1.655    clk_200_repN
    BUFGCTRL_X0Y0        BUFG (Prop_bufg_I_O)         0.029     1.684 r  input_slot_reg[1][511]_i_3/O
                         net (fo=61738, routed)       0.859     2.542    u_top/u_core/u_b/u_b_core/core/core/l5/mac/mac/clk_200
    SLICE_X107Y152       FDRE                                         r  u_top/u_core/u_b/u_b_core/core/core/l5/mac/mac/tree_stage[2].channel[3].node[9].pair.sums_q_reg[2][3][9][17]/C
                         clock pessimism             -0.290     2.252    
    SLICE_X107Y152       FDRE (Hold_fdre_C_D)         0.105     2.357    u_top/u_core/u_b/u_b_core/core/core/l5/mac/mac/tree_stage[2].channel[3].node[9].pair.sums_q_reg[2][3][9][17]
  -------------------------------------------------------------------
                         required time                         -2.357    
                         arrival time                           2.420    
  -------------------------------------------------------------------
                         slack                                  0.062    





Pulse Width Checks
--------------------------------------------------------------------------------------
Clock Name:         u_top_n_1388
Waveform(ns):       { 0.000 2.500 }
Period(ns):         5.000
Sources:            { u_top/g_mmcm.u_mmcm/CLKOUT0 }

Check Type        Corner  Lib Pin             Reference Pin  Required(ns)  Actual(ns)  Slack(ns)  Location         Pin
Min Period        n/a     DSP48E1/CLK         n/a            3.272         5.000       1.728      DSP48_X2Y31      u_top/u_core/u_b/u_b_core/core/core/l1/post/units[0].post/prelu_product_s1_reg/CLK
Min Period        n/a     DSP48E1/CLK         n/a            3.272         5.000       1.728      DSP48_X2Y26      u_top/u_core/u_b/u_b_core/core/core/l1/post/units[1].post/prelu_product_s1_reg/CLK
Min Period        n/a     DSP48E1/CLK         n/a            3.272         5.000       1.728      DSP48_X1Y29      u_top/u_core/u_b/u_b_core/core/core/l1/post/units[1].post/requant_product_s5_reg/CLK
Min Period        n/a     DSP48E1/CLK         n/a            3.272         5.000       1.728      DSP48_X0Y38      u_top/u_core/u_b/u_b_core/core/core/l2/post/units[0].post/prelu_product_s1_reg/CLK
Min Period        n/a     DSP48E1/CLK         n/a            3.272         5.000       1.728      DSP48_X0Y43      u_top/u_core/u_b/u_b_core/core/core/l2/post/units[0].post/requant_product_s5_reg/CLK
Min Period        n/a     DSP48E1/CLK         n/a            3.272         5.000       1.728      DSP48_X2Y49      u_top/u_core/u_b/u_b_core/core/core/l3/post/units[0].post/prelu_product_s1_reg/CLK
Min Period        n/a     DSP48E1/CLK         n/a            3.272         5.000       1.728      DSP48_X2Y59      u_top/u_core/u_b/u_b_core/core/core/l4/post/units[0].post/prelu_product_s1_reg/CLK
Min Period        n/a     DSP48E1/CLK         n/a            3.272         5.000       1.728      DSP48_X4Y51      u_top/u_core/u_b/u_b_core/core/core/l4/post/units[1].post/prelu_product_s1_reg/CLK
Min Period        n/a     DSP48E1/CLK         n/a            3.272         5.000       1.728      DSP48_X2Y83      u_top/u_core/u_b/u_b_core/core/core/l5/post/units[0].post/requant_product_s5_reg/CLK
Min Period        n/a     DSP48E1/CLK         n/a            3.272         5.000       1.728      DSP48_X2Y85      u_top/u_core/u_b/u_b_core/core/core/l5/post/units[0].post/requant_product_s5_reg__0/CLK
Min Period        n/a     DSP48E1/CLK         n/a            3.109         5.000       1.891      DSP48_X1Y34      u_top/u_core/u_b/u_b_core/core/core/l1/post/units[0].post/requant_product_s5_reg/CLK
Min Period        n/a     DSP48E1/CLK         n/a            3.109         5.000       1.891      DSP48_X1Y32      u_top/u_core/u_b/u_b_core/core/core/l1/post/units[0].post/requant_product_s5_reg__0/CLK
Min Period        n/a     DSP48E1/CLK         n/a            3.109         5.000       1.891      DSP48_X1Y27      u_top/u_core/u_b/u_b_core/core/core/l1/post/units[1].post/requant_product_s5_reg__0/CLK
Min Period        n/a     DSP48E1/CLK         n/a            3.109         5.000       1.891      DSP48_X0Y41      u_top/u_core/u_b/u_b_core/core/core/l2/post/units[0].post/requant_product_s5_reg__0/CLK
Min Period        n/a     DSP48E1/CLK         n/a            3.109         5.000       1.891      DSP48_X0Y49      u_top/u_core/u_b/u_b_core/core/core/l3/post/units[0].post/requant_product_s5_reg/CLK
Min Period        n/a     DSP48E1/CLK         n/a            3.109         5.000       1.891      DSP48_X0Y51      u_top/u_core/u_b/u_b_core/core/core/l3/post/units[0].post/requant_product_s5_reg__0/CLK
Min Period        n/a     DSP48E1/CLK         n/a            3.109         5.000       1.891      DSP48_X2Y57      u_top/u_core/u_b/u_b_core/core/core/l4/post/units[0].post/requant_product_s5_reg/CLK
Min Period        n/a     DSP48E1/CLK         n/a            3.109         5.000       1.891      DSP48_X3Y57      u_top/u_core/u_b/u_b_core/core/core/l4/post/units[0].post/requant_product_s5_reg__0/CLK
Min Period        n/a     DSP48E1/CLK         n/a            3.109         5.000       1.891      DSP48_X3Y55      u_top/u_core/u_b/u_b_core/core/core/l4/post/units[1].post/requant_product_s5_reg/CLK
Min Period        n/a     DSP48E1/CLK         n/a            3.109         5.000       1.891      DSP48_X3Y53      u_top/u_core/u_b/u_b_core/core/core/l4/post/units[1].post/requant_product_s5_reg__0/CLK
Max Period        n/a     MMCME2_ADV/CLKOUT0  n/a            213.360       5.000       208.360    MMCME2_ADV_X0Y2  u_top/g_mmcm.u_mmcm/CLKOUT0
Low Pulse Width   Slow    RAMD32/CLK          n/a            1.130         2.500       1.370      SLICE_X36Y72     u_top/u_core/u_b/u_b_core/core/core/f12/g_narrow_read.mem_reg_0_31_0_5/RAMA/CLK
Low Pulse Width   Fast    RAMD32/CLK          n/a            1.130         2.500       1.370      SLICE_X36Y72     u_top/u_core/u_b/u_b_core/core/core/f12/g_narrow_read.mem_reg_0_31_0_5/RAMA/CLK
Low Pulse Width   Slow    RAMD32/CLK          n/a            1.130         2.500       1.370      SLICE_X36Y72     u_top/u_core/u_b/u_b_core/core/core/f12/g_narrow_read.mem_reg_0_31_0_5/RAMA_D1/CLK
Low Pulse Width   Fast    RAMD32/CLK          n/a            1.130         2.500       1.370      SLICE_X36Y72     u_top/u_core/u_b/u_b_core/core/core/f12/g_narrow_read.mem_reg_0_31_0_5/RAMA_D1/CLK
Low Pulse Width   Slow    RAMD32/CLK          n/a            1.130         2.500       1.370      SLICE_X36Y72     u_top/u_core/u_b/u_b_core/core/core/f12/g_narrow_read.mem_reg_0_31_0_5/RAMB/CLK
Low Pulse Width   Fast    RAMD32/CLK          n/a            1.130         2.500       1.370      SLICE_X36Y72     u_top/u_core/u_b/u_b_core/core/core/f12/g_narrow_read.mem_reg_0_31_0_5/RAMB/CLK
Low Pulse Width   Slow    RAMD32/CLK          n/a            1.130         2.500       1.370      SLICE_X36Y72     u_top/u_core/u_b/u_b_core/core/core/f12/g_narrow_read.mem_reg_0_31_0_5/RAMB_D1/CLK
Low Pulse Width   Fast    RAMD32/CLK          n/a            1.130         2.500       1.370      SLICE_X36Y72     u_top/u_core/u_b/u_b_core/core/core/f12/g_narrow_read.mem_reg_0_31_0_5/RAMB_D1/CLK
Low Pulse Width   Slow    RAMD32/CLK          n/a            1.130         2.500       1.370      SLICE_X36Y72     u_top/u_core/u_b/u_b_core/core/core/f12/g_narrow_read.mem_reg_0_31_0_5/RAMC/CLK
Low Pulse Width   Fast    RAMD32/CLK          n/a            1.130         2.500       1.370      SLICE_X36Y72     u_top/u_core/u_b/u_b_core/core/core/f12/g_narrow_read.mem_reg_0_31_0_5/RAMC/CLK
Low Pulse Width   Slow    RAMD32/CLK          n/a            1.130         2.500       1.370      SLICE_X36Y72     u_top/u_core/u_b/u_b_core/core/core/f12/g_narrow_read.mem_reg_0_31_0_5/RAMC_D1/CLK
Low Pulse Width   Fast    RAMD32/CLK          n/a            1.130         2.500       1.370      SLICE_X36Y72     u_top/u_core/u_b/u_b_core/core/core/f12/g_narrow_read.mem_reg_0_31_0_5/RAMC_D1/CLK
Low Pulse Width   Slow    RAMS32/CLK          n/a            1.130         2.500       1.370      SLICE_X36Y72     u_top/u_core/u_b/u_b_core/core/core/f12/g_narrow_read.mem_reg_0_31_0_5/RAMD/CLK
Low Pulse Width   Fast    RAMS32/CLK          n/a            1.130         2.500       1.370      SLICE_X36Y72     u_top/u_core/u_b/u_b_core/core/core/f12/g_narrow_read.mem_reg_0_31_0_5/RAMD/CLK
Low Pulse Width   Slow    RAMS32/CLK          n/a            1.130         2.500       1.370      SLICE_X36Y72     u_top/u_core/u_b/u_b_core/core/core/f12/g_narrow_read.mem_reg_0_31_0_5/RAMD_D1/CLK
Low Pulse Width   Fast    RAMS32/CLK          n/a            1.130         2.500       1.370      SLICE_X36Y72     u_top/u_core/u_b/u_b_core/core/core/f12/g_narrow_read.mem_reg_0_31_0_5/RAMD_D1/CLK
Low Pulse Width   Slow    RAMD32/CLK          n/a            1.130         2.500       1.370      SLICE_X36Y76     u_top/u_core/u_b/u_b_core/core/core/f12/g_narrow_read.mem_reg_0_31_102_107/RAMA/CLK
Low Pulse Width   Fast    RAMD32/CLK          n/a            1.130         2.500       1.370      SLICE_X36Y76     u_top/u_core/u_b/u_b_core/core/core/f12/g_narrow_read.mem_reg_0_31_102_107/RAMA/CLK
Low Pulse Width   Slow    RAMD32/CLK          n/a            1.130         2.500       1.370      SLICE_X36Y76     u_top/u_core/u_b/u_b_core/core/core/f12/g_narrow_read.mem_reg_0_31_102_107/RAMA_D1/CLK
Low Pulse Width   Fast    RAMD32/CLK          n/a            1.130         2.500       1.370      SLICE_X36Y76     u_top/u_core/u_b/u_b_core/core/core/f12/g_narrow_read.mem_reg_0_31_102_107/RAMA_D1/CLK
High Pulse Width  Slow    RAMD32/CLK          n/a            1.130         2.500       1.370      SLICE_X36Y72     u_top/u_core/u_b/u_b_core/core/core/f12/g_narrow_read.mem_reg_0_31_0_5/RAMA/CLK
High Pulse Width  Fast    RAMD32/CLK          n/a            1.130         2.500       1.370      SLICE_X36Y72     u_top/u_core/u_b/u_b_core/core/core/f12/g_narrow_read.mem_reg_0_31_0_5/RAMA/CLK
High Pulse Width  Slow    RAMD32/CLK          n/a            1.130         2.500       1.370      SLICE_X36Y72     u_top/u_core/u_b/u_b_core/core/core/f12/g_narrow_read.mem_reg_0_31_0_5/RAMA_D1/CLK
High Pulse Width  Fast    RAMD32/CLK          n/a            1.130         2.500       1.370      SLICE_X36Y72     u_top/u_core/u_b/u_b_core/core/core/f12/g_narrow_read.mem_reg_0_31_0_5/RAMA_D1/CLK
High Pulse Width  Slow    RAMD32/CLK          n/a            1.130         2.500       1.370      SLICE_X36Y72     u_top/u_core/u_b/u_b_core/core/core/f12/g_narrow_read.mem_reg_0_31_0_5/RAMB/CLK
High Pulse Width  Fast    RAMD32/CLK          n/a            1.130         2.500       1.370      SLICE_X36Y72     u_top/u_core/u_b/u_b_core/core/core/f12/g_narrow_read.mem_reg_0_31_0_5/RAMB/CLK
High Pulse Width  Slow    RAMD32/CLK          n/a            1.130         2.500       1.370      SLICE_X36Y72     u_top/u_core/u_b/u_b_core/core/core/f12/g_narrow_read.mem_reg_0_31_0_5/RAMB_D1/CLK
High Pulse Width  Fast    RAMD32/CLK          n/a            1.130         2.500       1.370      SLICE_X36Y72     u_top/u_core/u_b/u_b_core/core/core/f12/g_narrow_read.mem_reg_0_31_0_5/RAMB_D1/CLK
High Pulse Width  Slow    RAMD32/CLK          n/a            1.130         2.500       1.370      SLICE_X36Y72     u_top/u_core/u_b/u_b_core/core/core/f12/g_narrow_read.mem_reg_0_31_0_5/RAMC/CLK
High Pulse Width  Fast    RAMD32/CLK          n/a            1.130         2.500       1.370      SLICE_X36Y72     u_top/u_core/u_b/u_b_core/core/core/f12/g_narrow_read.mem_reg_0_31_0_5/RAMC/CLK
High Pulse Width  Slow    RAMD32/CLK          n/a            1.130         2.500       1.370      SLICE_X36Y72     u_top/u_core/u_b/u_b_core/core/core/f12/g_narrow_read.mem_reg_0_31_0_5/RAMC_D1/CLK
High Pulse Width  Fast    RAMD32/CLK          n/a            1.130         2.500       1.370      SLICE_X36Y72     u_top/u_core/u_b/u_b_core/core/core/f12/g_narrow_read.mem_reg_0_31_0_5/RAMC_D1/CLK
High Pulse Width  Slow    RAMS32/CLK          n/a            1.130         2.500       1.370      SLICE_X36Y72     u_top/u_core/u_b/u_b_core/core/core/f12/g_narrow_read.mem_reg_0_31_0_5/RAMD/CLK
High Pulse Width  Fast    RAMS32/CLK          n/a            1.130         2.500       1.370      SLICE_X36Y72     u_top/u_core/u_b/u_b_core/core/core/f12/g_narrow_read.mem_reg_0_31_0_5/RAMD/CLK
High Pulse Width  Slow    RAMS32/CLK          n/a            1.130         2.500       1.370      SLICE_X36Y72     u_top/u_core/u_b/u_b_core/core/core/f12/g_narrow_read.mem_reg_0_31_0_5/RAMD_D1/CLK
High Pulse Width  Fast    RAMS32/CLK          n/a            1.130         2.500       1.370      SLICE_X36Y72     u_top/u_core/u_b/u_b_core/core/core/f12/g_narrow_read.mem_reg_0_31_0_5/RAMD_D1/CLK
High Pulse Width  Slow    RAMD32/CLK          n/a            1.130         2.500       1.370      SLICE_X36Y76     u_top/u_core/u_b/u_b_core/core/core/f12/g_narrow_read.mem_reg_0_31_102_107/RAMA/CLK
High Pulse Width  Fast    RAMD32/CLK          n/a            1.130         2.500       1.370      SLICE_X36Y76     u_top/u_core/u_b/u_b_core/core/core/f12/g_narrow_read.mem_reg_0_31_102_107/RAMA/CLK
High Pulse Width  Slow    RAMD32/CLK          n/a            1.130         2.500       1.370      SLICE_X36Y76     u_top/u_core/u_b/u_b_core/core/core/f12/g_narrow_read.mem_reg_0_31_102_107/RAMA_D1/CLK
High Pulse Width  Fast    RAMD32/CLK          n/a            1.130         2.500       1.370      SLICE_X36Y76     u_top/u_core/u_b/u_b_core/core/core/f12/g_narrow_read.mem_reg_0_31_102_107/RAMA_D1/CLK



