sequence,sample_ordinal,decoded_frame_index,timestamp_seconds,source_y_sha256,source_cbcr_sha256,lr_y_sha256,r0_y_sha256,lr_cbcr_sha256,reference_rgb_sha256,bicubic_cb_chroma_psnr_db_full,bicubic_cb_chroma_psnr_db_shave4,bicubic_cb_chroma_ssim_full,bicubic_cb_chroma_ssim_shave4,bicubic_cr_chroma_psnr_db_full,bicubic_cr_chroma_psnr_db_shave4,bicubic_cr_chroma_ssim_full,bicubic_cr_chroma_ssim_shave4,bicubic_cbcr_output_sha256,bicubic_y_bicubic_cbcr_rgb_psnr_db_full,bicubic_y_bicubic_cbcr_rgb_psnr_db_shave8,bicubic_y_bicubic_cbcr_rgb_ssim_full,bicubic_y_bicubic_cbcr_rgb_ssim_shave8,bicubic_y_bicubic_cbcr_rgb_sha256,r0_y_bicubic_cbcr_rgb_psnr_db_full,r0_y_bicubic_cbcr_rgb_psnr_db_shave8,r0_y_bicubic_cbcr_rgb_ssim_full,r0_y_bicubic_cbcr_rgb_ssim_shave8,r0_y_bicubic_cbcr_rgb_sha256,bilinear_cb_chroma_psnr_db_full,bilinear_cb_chroma_psnr_db_shave4,bilinear_cb_chroma_ssim_full,bilinear_cb_chroma_ssim_shave4,bilinear_cr_chroma_psnr_db_full,bilinear_cr_chroma_psnr_db_shave4,bilinear_cr_chroma_ssim_full,bilinear_cr_chroma_ssim_shave4,bilinear_cbcr_output_sha256,bicubic_y_bilinear_cbcr_rgb_psnr_db_full,bicubic_y_bilinear_cbcr_rgb_psnr_db_shave8,bicubic_y_bilinear_cbcr_rgb_ssim_full,bicubic_y_bilinear_cbcr_rgb_ssim_shave8,bicubic_y_bilinear_cbcr_rgb_sha256,r0_y_bilinear_cbcr_rgb_psnr_db_full,r0_y_bilinear_cbcr_rgb_psnr_db_shave8,r0_y_bilinear_cbcr_rgb_ssim_full,r0_y_bilinear_cbcr_rgb_ssim_shave8,r0_y_bilinear_cbcr_rgb_sha256,r0_gain_psnr_db_bicubic_cbcr_full,r0_delta_ssim_bicubic_cbcr_full,r0_gain_psnr_db_bicubic_cbcr_shave8,r0_delta_ssim_bicubic_cbcr_shave8,r0_gain_psnr_db_bilinear_cbcr_full,r0_delta_ssim_bilinear_cbcr_full,r0_gain_psnr_db_bilinear_cbcr_shave8,r0_delta_ssim_bilinear_cbcr_shave8
Beauty,0,0,0.0,d95c2ccac78bdd26c78cc2156a80e63892b0478a763b23c092c0f1b8047458aa,712071a282a69f959637e73193c7d9abfd6b806e6b8a41057f793d38b1929d3a,4de7402ded8e4bfedc1af243ab561230cd1f9eded1907917ef51a080446d1dec,1ab4cdb441eaaa577d8dfedcf745ca3bfbf1bfbbb911a6763038fd2bdf9eae56,38335dd72a31e4b624efb6fa2a173ea232aadcc7d863b8c8f456592123436599,284f54bdb7a481feb45678c5207c57ca5811eec9b1ae0490453bb2c3c29883c6,41.415382304450915,41.43161945701912,0.9396406959639957,0.9397696351571998,45.03429865931882,45.062646558427915,0.9730342713290324,0.9731490728439229,7bb99d1c08d70926e7e4d7be2ca937c7f46441afda7a9f999017efaacff9f6ec,34.86993754660054,34.88391966703706,0.8126076075515751,0.8130309319889907,c73d567d5066d73baef920aca3310c95191eded25165c2dc0e8db5d8543a09a3,35.00415814698424,35.019658253393146,0.8186322414081255,0.8190953029095263,ed370ba648062522a328212e962cb79b42cffb986b7d81511584047c9b7be4c7,41.13280595020407,41.14699968330224,0.9366576871179897,0.9367921223731895,44.72554772959945,44.75168358125124,0.9716718574248157,0.9717930932275355,3dcfc048e91e7af367812ad30abef9c6f3dbd6f3ae12539476ae5e4d1d0f50d4,34.7772412537918,34.79073085617048,0.8109728268872676,0.8113942367595328,7bf4112258b24bef0d073714f90ce8bc6d597c98a8517401056314b5b0d669f7,34.91068287317012,34.92570395508901,0.81706222852576,0.8175238527176867,5e9cfd31aac592ec8dc9f74f39d8ec5e268f16043919a200f88548268fed2ef4,0.1342206003836992,0.006024633856550388,0.1357385863560836,0.006064370920535578,0.133441619378317,0.006089401638492475,0.13497309891853604,0.006129615958153867
Beauty,2,24,0.2,08e2edb3a8535b421dc46b2decab329a4bff0592095ab575e1e6d36e6a92fe05,31cb22adef5f0914d84ca6f1a7b1d126fc448fb5866b56747f9c950d95e5e30b,17f2bf6e410f8652041bc9009a2e8a83dc0575301256ace804ac319fa22d4084,628c5b28db02a67c59fe4bcc67504ecf783b0f6db21acd813127f183a527fe39,df1592a1f81386b7aee57affa0b4db38f5b039f19b3abc908b489175632db94b,189ada9e730b24a1ceb2d5b352eadcd4d329c8a3b5a00e0edf9bfa6baf1695c9,44.29831457578047,44.30344753681453,0.9683651027372145,0.9683648234344174,49.82979896376855,49.83866436865247,0.9910278059779399,0.9910323015542308,9e1a109689a1f83e2bee029459f78afd441e42918ad16aa8933888fc3b4e4269,38.604286490260684,38.61263726756781,0.9096247119618052,0.9097298567695663,94edb58cbcf2b1c497778706d424c367acb2bdcb2e1a19dec1f5f5818fb4a2f4,38.73548995412079,38.74716563706704,0.9125184220798359,0.9126885444170267,2db0e256f20a36412c22f4c37d8f54f02224c67dae0158a4c4a78596f80a2d82,43.92117761513718,43.924775397562726,0.9662912406895698,0.9662879612073195,49.407641561254955,49.413898264576076,0.9904393127692447,0.9904437770382525,949da6f03634caf809161f2146bcf43813bb54a0158e4d091274c688197ec83b,38.46182851638757,38.4694667985994,0.9084545975184345,0.9085561460867781,d51dc292c2320d10d3d4cb6656b258b17e78dba4a00903a4e760cce2fd3621e9,38.59114826976176,38.602088654346645,0.9113762693021958,0.9115435060900797,0980124ef41ebd10a506579088da051fceecc0c53ca67619942c761a61406433,0.1312034638601034,0.0028937101180307456,0.13452836949922897,0.002958687647460434,0.12931975337419033,0.002921671783761348,0.13262185574724583,0.0029873600033015757
Beauty,3,36,0.3,c73f30aedc527abb8a8a3837c79f5101385374cf117eb74cae645aa01078ece2,4560211d29aef596f4cbeec6fc3435d25649e465ff24c111395194bb007e15a6,5efa819fe22544fd77482e1c308efc012800e2507fa76bbe4cb322d589481e3d,2429d21110184da30daa642f09394a484b61e581e5814a3efc95aa8562412742,0f55ad284d3835bc519602cd52044921d42996390d6341eb2da5fe7c85d55943,60726c0054606507f3a287851d81de07500845a3a3354f282e1e52b51ea8b448,49.86768049557642,49.8854774703991,0.991119225472885,0.9911303339369673,54.0150189540767,54.0153893812013,0.996595432991869,0.9965958335061872,9a862c502349f3437b2dd0459ba7b9d96f695212bbee7fb2a09efee83c1bc719,44.736724551991074,44.75005601268781,0.9793798037905805,0.9794312146075321,236e1e228683aa0ddfec8ee1eeb5664c27c480627bd43bdd48f0bbdbd9fa27fa,44.86863264622418,44.89817881608687,0.9792108320869213,0.9793527325382834,1191fb16dca603eedb068b41d4b4b971ddc0ead465f3a5c17f8196bd2a67bf9c,49.43378505104829,49.449441995434114,0.9905137147945899,0.9905230537907014,53.54346362275074,53.542166083301936,0.996404688892707,0.9964050325000472,5c353bdbf05a7d71654e3e7eb2588619269121b8f02f0727eb14f5e2238aed59,44.528960284651845,44.54129466441847,0.9790352837809895,0.9790862042042522,1d6f82e66c3195ec29a9f906bad0c00184d7355d100f4c0c51a836e0f3139641,44.657384617667624,44.68521073795535,0.9788736128874117,0.9790150348333594,85e6b6fd0e813e65a923c3bc77a88bb4cb733f6e6334d0a33d4b4c97040154ab,0.13190809423310412,-0.00016897170365925973,0.1481228033990618,-7.848206924876422e-05,0.12842433301577927,-0.00016167089357776998,0.14391607353687874,-7.116937089279851e-05
Beauty,5,60,0.5,fb042a424a92433d673568954e5d54bb61699820c128083f1ad73537851404b9,459a72022ca4ca3f4af8d858778a85404b4e811125662e5b5c2de73c2dbcc25c,b8992536f119a2828257e84700bc7826fe806deb156d91fcb349088cc325ac1b,b43fea33c778fec3d0b7ea40e12eb873ee80d0c5286b01106607a047efcb80bb,2e1f6818854a15ec13dcf3423bb6688aa56295ed16f5bc491526c345ad6aaed8,c9cbb83109f9f804f489dce116d2d99e9b3ead05d3a0c950bc88aabf9bee99b2,49.067288448259504,49.08294155479362,0.9893694979824132,0.9893890720119568,53.47301189104148,53.47080350678499,0.9960849223537429,0.9960851540706127,0ab35496b1bc5737963e8de12f57ea9695f9b584c3224918f5b349a33c0171e9,44.788248551960294,44.80262677839171,0.9811532544500307,0.9811705279161513,8b21aba449e69e9ca74eba443bbc8a6df1e18c060a61a3393c7c9ce048405be0,44.88628814982288,44.91634075351069,0.9804978164496471,0.9806024665538492,207770fcd15bf2e29f43372bc1754d4c38fa1ad392e873a867418e8c13e44ec5,48.63797205224651,48.652628086306215,0.9886437827725874,0.9886662036538512,53.02036859724644,53.01796430537572,0.9958723707252618,0.9958738032167058,5d9d095e35418e139274bcb7bc88cbdefdfb01d7b6ff6fb8b2b99850613d9116,44.54502292043438,44.55882628019667,0.9807734981860653,0.9807903708408469,b71e6efcb7c250a8d6e4dc408be37d2ad6d04dc7bc1e737b6645fc087c8fd518,44.6400855798981,44.66885581534325,0.9801280746622302,0.9802325846357215,e83e8f94a3a01f489caf4e1eb6925fb3d90cd6b9ae1d87f505a37329b90c269b,0.09803959786258787,-0.0006554380003835902,0.11371397511897641,-0.0005680613623021413,0.09506265946372139,-0.0006454235238351202,0.11002953514658032,-0.0005577862051253657
Beauty,7,84,0.7,bb131b738de0118d998092369025ecd675b70250407732478b3488495a2e8796,1f36e2d60c02967536f3865ae8a7151ed53d3be151d19fd90c426f8856fea979,991145130282f839dc707fe0f531576fcd2ca44e01d07dfca907ab5a9088de40,738350d244ec24578315ae7e07420a742cf48f0fa4e873cb797f5d7f0af8ffca,a5b80ed896b6eecabd9273b1563e1ce470b56bc5d4906bb84ceec2627a32f940,45bade241db56c5394f4a0ca5f59a8eb5b17eb7cbc1bf4984a0e1b8a6318ce25,49.52184303003512,49.5355746122147,0.9903629127436525,0.9903838617655233,53.84441640678937,53.84115383074092,0.9963759417301072,0.9963754451713779,818f8984927b0bcc18a6a5272d9541d821ebab456f78f72d80866fec81c9bde7,45.40470768967292,45.41336173756768,0.9824843588219426,0.982496283535082,25741a0389968ebc92f79cbfb3be0231d993ea1acbc1e332d154b1b7491aa2d9,45.35019612056527,45.3767028443373,0.9816113125699196,0.9817102348016111,f949061453d628222bcff2665e35bf580b51caccdbe5ddd8e629853a9557ae20,49.07332094903046,49.08599243954314,0.9896739428124431,0.9896979136659467,53.41251655498847,53.41025918721874,0.9961932435306741,0.9961937145967809,2807d95fb38d80dbec47d4a5ab34ba2f3c116dc554b7c7d9775c63322bdb21a1,45.147527893643314,45.156178504637275,0.9821235684471198,0.982136701013388,7e90afd1703dd532df84d7ba9b79ef683c4c18cd446351f820684404b45bbf0b,45.09783546085334,45.12338210175764,0.9812557085634883,0.9813556472050302,069597559f6e2569af3899f170da1938c5542c66bf32314b262eecffc3f028e6,-0.054511569107646096,-0.000873046252023002,-0.036658893230381295,-0.0007860487334708788,-0.049692432789974816,-0.0008678598836314722,-0.032796402879633035,-0.0007810538083578011
Beauty,8,96,0.8,07093af879220cd10cafb224947554e60cbe6fd4fc5adf2ce9e7240f2296435a,0f7b970af83309b8a9f404b96918a01f7eaf8a945cdd7dbffb2e6c212625f415,1a6a663c5f0f9f7eb51f008cd789c78fdee51a2204bb0b102ccfd934b22e39d1,79401ca9043087c84bc042271c9e8a69d5c3ac661e37c5175b4fb2c1ef367b0c,bdedc110472c0957cab6a573d5f6315e527b3093fa645bce5c963dc428e5f839,75207987e91713e7ad655ccf313fe548ee9770ccd8fff5c7c78afc249bd23b98,42.040546416928194,42.05145077929477,0.9472360896901134,0.9472851954806331,46.82752022328998,46.86026601492402,0.9820230749311477,0.982123693079517,82b01408ada6325bd654f4a8a5dcababa77ef1f0756de9b9153c471e497b7173,35.884423006597984,35.89702752212126,0.8382760047788881,0.8385495226995987,e8953c387da1004fdca518171323bc5e9bac7ccd64eb40308530ad49a9abbb29,35.93070780660521,35.944808780151924,0.8415101230202117,0.8418258910763142,1f6641c1ca79f424658c58d6c1a52b86668a7f28bc45798b80a283b50bda17ab,41.739036263723754,41.748535512678885,0.9444794085111203,0.9445300937969665,46.49350245929317,46.5240640749417,0.981056779578401,0.9811611561837764,343f432dab88b06b19e506230a7f36392fe7c3b09133d1c73b3c1c4a3d022905,35.78151751164508,35.79369039653447,0.8367704074740564,0.8370439939405495,3aa925783566929a552f1a65a537e1d053a128b085d8819e38de982a2dc6aa65,35.82884854527431,35.84254838708051,0.8400544143913562,0.840370758174488,728a525304913c80c055717f46f866da3bd8d7617a81088a95b33a93dbaf05ad,0.046284800007228455,0.0032341182413235803,0.04778125803066047,0.0032763683767155216,0.0473310336292343,0.0032840069172997977,0.04885799054603979,0.0033267642339385173
Beauty,10,120,1.0,036f16b645f398c0c170da6602a8f49883314cdd8c419c12c14eea5af92a3126,748c268a75554394e0cd3e730f4b5b3dc104d51ceac43e3b63f68ec9f374d1d6,3b37374f29e805ad51b2e7ffbd12164141b98d41e243ab2bfa139a0764390f61,68290f7a0d439f6bd139540890911f1aea3037329b97b33dec40cbced7d88f83,7b22b36b7714d64b0d5029ae906da67ef1e5b7eb2854cfb543db4d1d0fa012bb,5cf1fdb0ec1a1029a2ba1e315cf66ad5d785ba1f5d17c579c57e0904abeff7e9,43.76016140963423,43.79381298629252,0.96454970262932,0.9646213178561058,48.650588088413386,48.71731712164329,0.9882849861337091,0.9883240309834586,1046598c6db687abe44cf7b6f2aa799d302e4619ec913ec887905281e2ba8e67,38.08937967160173,38.11884311325824,0.899856341291685,0.9001135405154587,1b6c1a38a97ed852bd4ec5d9bbc0089238d533b95949b15e42e0868ad770b9fe,38.16200233376233,38.19591846509652,0.9018697972352488,0.9021762792646397,881ee2b86b29729655907a2c2fd2d8abb423b9cfe0a362ebca11fff474557853,43.411887644000615,43.441976760425646,0.9624207995138061,0.9624985501977811,48.266862142692155,48.32655445995806,0.9875668876094429,0.9876093973898599,6850a79bf61c14788d0356381daefb74992292779b93e6332761dab0fdc55966,37.9568106385787,37.98489616092228,0.8986679285174026,0.898924010787597,c524796757162c8b479ee3916ab2f3363a409116b55a378ad4468fd0a76bfda9,38.02985899221869,38.062281055240035,0.9007168604215451,0.9010220998624537,0fde5916d35e21c349770b5fd2b6ca972677918e94882d830bfa85211acb6231,0.07262266216059743,0.0020134559435638355,0.07707535183828185,0.002062738749181059,0.07304835363999018,0.002048931904142459,0.07738489431775264,0.002098089074856757
Beauty,12,144,1.2,064e918a4a01cb24279ebe3acad1378fd7452c6a0bfed5a75ffdcfc51ca013fc,61fe2d946be436313f6adc5de3e08f77126b5f63d46f5c748bf42e2feedae3e9,96db583c58784648057c9e84333cbebec0350c737fea094a4aa3036913809c16,6ce430fd796ffb30e061fcb91b3febfca1289d42d777c59bd064a0bad4288cdb,01df19f6473b21b622608c9182011d8180d7315c9b98de8481b50a9a41759dee,337e9fccfa6d75fae5005981a0caf1c2b64b3e41d626c9af9ccd9df1e8552ceb,44.11817224391514,44.12740566466688,0.9670919581040877,0.9671219831000326,49.142592494962855,49.159450583625535,0.9893097315594573,0.9893361773321406,73ce1c91e9e9fd288cbefb0ba81b0027f3e8194c5d4c450530ec3a2746917349,38.32294075999204,38.33756054073804,0.902011484890333,0.9022535819672415,cb66ac5d6656a103f2f73c86642a2993efa12a03eeb3b915b1b027e30f61c5c9,38.35117497881462,38.36892052098855,0.903461000555193,0.9037554700291429,c86c80ef4f4e1f5e1d71ac33fe627d1f9cef2c4c22670bf3403273e38cbcf003,43.76362631148532,43.77146557882902,0.9650556167018085,0.9650858322213764,48.77670342391576,48.79214834619261,0.9886750897174461,0.9887027070266481,ff12779508131b9f70e42ef4ec0a56e1e3cfc99b6878a5e58825504e31173c87,38.194662917510485,38.20869861897192,0.900823022835405,0.9010651268303516,849c472a60b9e913a50f0a91c9630188691b4cc46ba5956f333ef4c67e6f64e9,38.22551588376747,38.24267948098929,0.9023134890044305,0.9026080212232261,450cfd5a82dc0449aeafa05b5cc31ff6426069007c6cfa93328cf26349f586d8,0.028234218822575485,0.0014495156648599572,0.031359980250513786,0.0015018880619014352,0.030852966256986747,0.001490466169025484,0.03398086201736561,0.001542894392874583
Beauty,14,168,1.4,cc4aa7f07265ae7fc8cbaade1421f4e1ccc3da76453c7f3d017a3c4adbbba5ba,3b5e13f67e76c464dc0c588ae5e6ac6cfeb566b397fb6e997d6132acbf38ee9d,3bfc3b3308e367d334874fcf9f291441c000431a57561d62489f3549f3187d76,163b501adb4c2d7c1cdfe889960e0e6950565251d1a193b3bfb8047ca913b814,fc6aba61e4c2849de9ce008ff0668f723c562df6bc981373e957fe95e4a951b1,cdc4114dbe07f0d72e021657f58ad36316e45d67bf013fe54b93f1e1d39130e9,44.25844895096539,44.270874172120386,0.9683895881406464,0.9684142994385819,49.52924677456415,49.54103593296307,0.990370093035633,0.9903808614295969,b4b65d25e3f590a20a744ab5e40add6305355ce8cb22d3edcd4c4938eada3716,38.28096464567863,38.29324073641395,0.9008519200734492,0.9010608373221157,dc454a05bf6641b19a9293f9bcd9d8c711cdd6e7a186a76c2fb0a0ad9a934cd5,38.31137969236046,38.3264962390768,0.9025283617925597,0.9027891790960377,11c2d7cd8a4209235d2a7e3685a75be45281371617f4443a84a9352cb0abb356,43.8786445777264,43.889357907357464,0.9663013057670539,0.9663273573037544,49.107691407509975,49.1177551968583,0.9897257369651019,0.989738135664526,a2ea276fd00b3bcfce4f5ee7ed4248a93f8ecafcb7f394a893dba1c68d1544b5,38.14571970489357,38.15740324356452,0.8996312426600439,0.899840221763716,709852e69a9c41d7386b4446032ddb63297dabb9ae868cf1a80c077b835560c1,38.178186410100956,38.19270685227678,0.9013454924268832,0.9016065992248747,fb2357339c755d60bbff13889b65c5742d39e624178207ab34b9b0c43d47073b,0.03041504668183137,0.0016764417191105219,0.03325550266285404,0.0017283417739220042,0.032466705207383484,0.0017142497668393153,0.03530360871226179,0.001766377461158708
Beauty,15,180,1.5,f09581fbc5288e2f6aa157b47a054cf4c38085ee9f3b84f042c82cf4ccb44aba,eb734e82622e87a611141d9ed4a0066df4383c2c7c3f8264f011e6c2973664a1,6d026cea8094048d11fb44723310a91be78353fa9832f50e90a6f9ac55dfd4aa,6040a47c48c98e0c4f123d824015db309bf9f6d45423b79c64c703d6c4286a70,c8cd49440c5cb044905fb2e8ed8d40d93f32b42605af3544d17acbae35f77987,72cc1a4a3fa2a1f0bfeffd6e8d62cfc1f1408ceeb4663c57744e0e63aa255ac9,49.864594824229854,49.90276737374708,0.9911430319447413,0.9911871776908879,54.22993717472718,54.2558548666524,0.9966816478860088,0.9966935398583497,3ed1e042395b727917b655f6ec13bd00286a29492b5e79e68e3a607da320bb35,45.76602629003007,45.79632950430436,0.9834333422923347,0.9835153940880993,c922a2f7ceb70044a195921722873c5aa3afdc863e50650fa2449ca4a1b88a20,45.57769605586802,45.624533039418424,0.9821829378667782,0.9823466739658556,51d1070f02a35e54454943ae38cd4b877021c761e061856d4bc6a0046b3eafc1,49.42680746022185,49.46202461315521,0.9905182377567774,0.9905674082221918,53.839696428931404,53.865463148497724,0.9965277315382106,0.9965418075895527,ebc7b0aea5a05767f9d24c234ff8fba02d45f8a08930ad75ce19a77b7dcd0824,45.518152829209285,45.54755947571629,0.9830943511341229,0.9831770353465533,fd962360ba29570aeeba3c7c9b6d5ffbcaadd0abb7dd1676f5810c859f6cfac6,45.34218893414801,45.38745871302897,0.9818492478074803,0.9820136916004115,cc50592d23cf20da482d2b2c509b04f569e0c410b3922c11d39f63b2636ac9c6,-0.18833023416205208,-0.0012504044255564617,-0.17179646488593647,-0.0011687201222436716,-0.17596389506127252,-0.001245103326642627,-0.1601007626873212,-0.0011633437461417984
Beauty,17,204,1.7,f02b3b1fd08d74951a4a0e3fc627167b04c63a6fce6e0b7ff6e69d90d6240849,b2bcce8bf312bb7d17d7a9f248e093d07798b958ed158f7c80c9f4d3f78c4078,3815e52d6d8f829228739009d1b18b79687c9c907a8188f5781214a538cc698d,035e64907d917dda73238be0f0ac95baa9bf0ce6ef1c1c2c4f2b5ba90b9fa951,22c011a14864835c5b91c6b4e5c9839d32357d08687393d19239b4bec2e4ff37,37c8738def41a1473d74b2ca1058c0774275968023d7caa6964a297a5928d5fe,50.60875139475063,50.62819235872098,0.9924595551153268,0.9924736452202716,54.49697465225199,54.501636507874245,0.9968700080010974,0.9968732583061014,a306e66408cd6261c261e671f41983fb079b070d625530077ff522df545b1aa8,46.44105905882909,46.45298974916934,0.9857834991908252,0.9858102287329217,7b90874c98136481b99e71979e83e9e4af09c0431a85fbb5e48ff121c5857e21,46.17457415056204,46.20631289342299,0.9843250026860172,0.984432482526519,f56b9685d84c33e1f6adb7fd5e4d7b173791ca53c4aee844a6e1f93522bd4074,50.16405200429525,50.18303889028712,0.991939374259631,0.9919556007741541,54.088559312401884,54.094333692128544,0.9967291532134186,0.996733106031919,a51a61ae5d078de81938c53dfa36541fd1c7022b06d0234fd0c1d05694f1f456,46.18615080644686,46.198275869621895,0.9855033213621821,0.9855315093345066,d68c687e9cccbfc8e486a39b180416a127c1d4f4aa39913f6dc255cdaeac2346,45.9370075003124,45.968010100065385,0.9840462266126453,0.9841552039109565,f55bc5688ed3e8ce629c973d99053504d600d9f799323ce7b0fccb533d9a02ab,-0.26648490826705284,-0.0014584965048080045,-0.246676855746351,-0.0013777462064026302,-0.24914330613446367,-0.0014570947495368136,-0.23026576955651024,-0.0013763054235501615
Beauty,19,228,1.9,8ca180bb4fed6b792b8acbbc48dbf22a40662b1dd15ad9d1f89c7ab45e038e5a,ec5034d9ec65cc797d7dfe0ae890ee05b19ae2ed581e56877a04e03402abcb3b,634870572b3bb454f86d271ec2ec520c8189d0620a18cd54b3e15b32ac37669f,958097070c36c84aacbde79d13418200e9f987ce5f33f6e48f19d565cc64a615,0b650d6c2c3fc84d1eb76c28d285e579b88c064eac4c3905f53e0ab3622f10c0,3ee51e9645232133459723ac6dd4f8e76aab9e02ee2ce68e9924c143c9db4fee,49.3903257171322,49.39807133264409,0.9899132661291413,0.9899127926527254,52.814874988539906,52.8162497623925,0.9954111492880525,0.9954050640648002,45051a641ac9fd61faf6685bffb96d5c84515451eed88424d63b0f981f0df2e8,44.23959393901177,44.239194482748175,0.9767880238093488,0.9767831630704756,73cfda0004e2a29d74bab178e814187db04150efffe30ca4776dd00f5b8a1211,44.2695266102978,44.28299148278165,0.975768216271914,0.9758388440491377,fdcd1457d2b0d480d5db4524a742b9b7bf4073c68db3baf686a91fc1e0cceef7,48.99880447751072,49.004861694983944,0.9893114161716292,0.9893116116996137,52.422808766506805,52.423170519883875,0.9951958069562498,0.99519023860155,c6e4a00a367cea8413b82899ee69dd3158b8345630c21905c2f772843f76ab69,44.05281923056248,44.05204582458691,0.9764763692678956,0.9764714495826662,57d9a5cda836765850980b907a761bb6963a33060cfb1467d51d6b76f26a8e48,44.081577238702245,44.0941056183847,0.9754639752031758,0.9755344116638991,6fc9d7e36ff2ebaa634b6259b36aeaafc644e3f3933d259ff0766dd6fde9cbcb,0.029932671286033496,-0.0010198075374348026,0.043797000033471534,-0.0009443190213379582,0.02875800813976781,-0.0010123940647197571,0.042059793797790235,-0.0009370379187670919
Beauty,20,240,2.0,4f92d044b0d62082a51c49fae7d3e44c5cd648a6ec2962c7cd8ef2d85e363621,97b03736676c416fa70f1538016f49f590f9b8438a4d210d0ef36ee74df70696,59ab5b51b51e4e6e01acbc0ffad3b1e4edc7c7f1639fb4699ac0330244e92666,53ce0f41c3e43435255328f57e9750bce382ecac2a266d7dd7ca692d5b521073,82d28f3b5a5f0bf318e9bfdf2fbecb1b3f0cdbdd5e5b89ccdf2651823946aac0,d7cff29d4872bc161c0a56f02e45f0658bb4f85b51270ea60f20857fcf95a055,43.909602811989984,43.92369435191612,0.9656563810606531,0.9657137083018855,48.60918142072347,48.628940041330246,0.9879778242256367,0.9880160575321026,c8f1b6c20df58a70941e420081e2b52d7c11f81b72c2b6535d3f9a1af94d3d0a,37.95071287984187,37.96443785880954,0.8962405320720502,0.8965102828551584,c88e139afe644ad26460ffadd0a26546b8268567ee3cd90371643277d6f6b84e,37.99930776457404,38.01690457127429,0.8979734322886693,0.8983100251825841,cb7fd785114b493c80f6aa4d8f4eb66febb5d1a864d8ed191101be1f0735b9b4,43.53842798964327,43.550606997458836,0.9634436692208174,0.9635084073580253,48.22787508190105,48.24589877617206,0.9872465101643834,0.9872887238070623,bf825016c5c2054b800a9e58d73db6abcf4a0328cfcdb8cb3e43d9eb6b7daa1e,37.81879140520725,37.83189743838608,0.8949813758166849,0.8952500037072153,12bf89ee17643dc7da5047f3cb9c929404cac3bb7415ad1f8464e39480f2ea90,37.868590382829986,37.88553361803879,0.8967547845073792,0.8970906736788941,a0df5bbb82f4f5fcbfa4e867bb85b7e0c2165b0bf80f8cb540381e887c17caea,0.048594884732168,0.0017329002166190932,0.05246671246474932,0.0017997423274256352,0.04979897762273566,0.0017734086906943114,0.05363617965271317,0.0018406699716787545
Beauty,22,264,2.2,eec347307002b5db23850c23120435470fe7dfcf5be5816115cf67c4c57c65aa,77d4137b22e3e1bb0b7c3647dfe0f73105bc8bd562ea5b98d4581a4b63afd2f8,7950b983a9eb7788af7ae1c025df8a79b1c86ca688dcac167fa32f5e65e851d4,9f6bac01ca93b204399127154138d231f19d9e418db6d77aa2cba4faccb75be3,547544a98ccb43e8ca508c64ea2af2ec27a8ca15c9f2019b84c860199424b563,b09d898ef0b4bda69443164e660832aba12b8f127efa9ad6142d6846cc563a7f,44.1398118485652,44.15660800923338,0.9675430006875841,0.9675999601720876,49.2790020223999,49.3025840504703,0.989849144095493,0.989870972065833,739e094d977a34c561dee45676fd9d00021d50c00f111bc3b8c5afb680c25b0e,38.06547292720479,38.07928388895294,0.8982762636982896,0.8985207224680622,a56c28d16a8a93745ad840415e86801f09b358baeca7331bc0e0749700578c18,38.13422028801512,38.15161265346126,0.9003439132441501,0.9006409476434221,e0487a6df213ddfd9cb00dab467ded27d5efeb859e1ec9ee709b04ed5b1246e4,43.76944259030186,43.78446577917785,0.9654728237133046,0.9655320090552219,48.86003609931074,48.8818496501903,0.9891764764081282,0.9892009458141487,656ee1ba89a60a99811d42d00eee13fd146d9298c6fe5e7d248e0b94300703e2,37.93552752690745,37.948782433593216,0.8970775491802384,0.8973211624074318,8393f4d3ed9e9fbbe1d79f290ce4be7079613d8931484d35e0b0a91d7cb5e9e5,38.00495335309206,38.02179631056077,0.8991839123058663,0.899481140867644,1c15561b12d6c095fbbecaacf59c3f51753d24154f3bad8785b92c26243817a0,0.06874736081033461,0.0020676495458604727,0.07232876450831327,0.0021202251753598134,0.06942582618461302,0.0021063631256278414,0.07301387696755057,0.0021599784602122085
Beauty,24,288,2.4,908f3df98f8ff9eb7eb5970542a5b8d2e20938250cd68913d95b421a0482f588,c4c08159b10d87d31b4a6848ceafed619d6a4dc24c479123d743aa5c2fc076ef,ebe58be28304c3d3d594bbd0d45c6ae1b7c1eac2c665669fec784b0764ed12a8,7cdb1fb22e02e245f83966f9d809ee125a95b867d90c6b23f020abdb0c9a7e0e,84d9eb2ec3a388daa1db447da55f9590f2dd4dc0df55f5b16b3913541e4582da,6327f6c8646361dd4ab6057e87609a83e29d622052a1a0b0450efd41fe46f62c,42.04578109166687,42.06086090686674,0.9478649759173374,0.94793913787706,46.076359908581765,46.09164286598314,0.9786530128862547,0.9786897208725092,7d5cbd4a305ada4c7a573d9f3839a2bcfb0141f167b7e84cc77840bd4297a725,35.78537583642599,35.79604260989388,0.8405729501191902,0.8408572976333283,861e849dbffcbd0c7f28aee849eb90101cc47748c24c137e66ba9f5d6074204f,35.82358137705671,35.83630970327735,0.8434427836055102,0.8437789974043302,225f5e4c2c2d478dc42af9a72bfce557df2356733ad378d973895286184216f4,41.73598675292274,41.74977804240885,0.9450452735078638,0.9451236449365218,45.74264129669375,45.756241069756626,0.9774868249582251,0.9775250685781951,9c80f3c8e4f36372e4bea04c59ca0f2f8f4dca9aad0dde0f8ba160fde788af41,35.67946781959125,35.68977905217652,0.8389956007056766,0.8392783715169824,67c5ce8f128495937f2ab4468cd7f7e69f479b818c5196743a2d116e4efa7c8e,35.71926899886763,35.73165220270061,0.8419218336722825,0.8422568184140293,b623479f84b5331ec3975d7f79673b3be2e929470f202472e19f0d63db17521f,0.038205540630720236,0.0028698334863199726,0.0402670933834699,0.0029216997710018733,0.03980117927638105,0.0029262329666058795,0.04187315052408991,0.00297844689704696
Beauty,25,300,2.5,fac45c531ee237cc849fd95f44a82a06104a2c69aeae4730113bb8c2eba49969,e52adb4227b827d20e0fecaeac551197275026470d994a3f588602e6bd4d25ab,7b26e8ac8edebb8a55915758fa7772f26378f84ba0cd7b0430d621903502e81c,e1efa0caa5a467ee510c4c746539c31292948cb51f6c1d4a49b2e665ced501f2,1b43edcaa74a87839d98042d85edc32ba4cb50269ac16ac5e8136da6dcf1a6cb,69c3e8011b715f2dc3f8a8ec0eca5c9eb6c1b796607aff854432714cfc9fb796,50.05865874465049,50.099943049360206,0.9915323979383396,0.9915844010682405,54.16582013059566,54.1913534127183,0.9966425299542987,0.9966560787568302,bbde6f965ee5483b75410deeb0ceb3afed6ec618a8da64ef4c66c9235c876c12,45.563575625408966,45.58476933042546,0.9840990022459142,0.9841565348384447,a789bdea5de5dee61e0968bed663d8e7730df6f7b50584628a42e61e672c76ed,45.586089744208266,45.62662501625429,0.9832573249073833,0.9834030967469065,39fe36e7d79ae2fa7f11d320f7704528ba96e1dbd537c3b5ddb0272723447a07,49.59733528289448,49.63729117877435,0.9909155553703755,0.9909722872163254,53.70392865057031,53.728944906975656,0.9964564332043314,0.9964719772973405,ebf3238a57ed4a1d876e149bfeeb009a1b9e0177b337d1c48adcce79e5d666f4,45.317978755179816,45.339381347470045,0.9837925554887902,0.9838525537726698,87635cb9d61ee16b5795acb0f53c8d95d8b9e62abe0c575b5b02aaadb8c38627,45.33859959999005,45.37836545974568,0.9829519955210996,0.9831004433708429,e2335b50ab73e3835ad8307e8a7f1008f254d1b0c377d23df8159ee041157e5d,0.02251411879930032,-0.0008416773385309106,0.04185568582882837,-0.0007534380915381611,0.02062084481023163,-0.0008405599676906128,0.03898411227563514,-0.0007521104018268776
Beauty,27,324,2.7,8211c79d6544dd260a01941f1a923309587e95be198ebedcee0146895686e5b5,e1946488c0be24b46ae72afa1cdf2d906507c0fd3ea5ef6595f86618e13b9874,47c012f25678871b84a963198190287cd1d6576b71c843139b8609fcfd464959,2fbab1f515b4b14838a6e20de134d94e99b230c19e49a7c2985b031eeb02e542,ecf50fe8dde5da2b75a95c7527c0df3cd0cc287fed6c890e8bf82649e4c39a4f,6e90f6658722d0f52fa536e941c9e9ade319ed5faebd470c9ba197d64776b2d0,49.28041819873616,49.303613737103724,0.9896596502203084,0.9896784560161977,52.64182659890457,52.65769525830347,0.9951707803575939,0.9951780937116489,5e8dd57ea4b707031d0b91200337259b47752d2633bb33258c52f5835a4f1c08,44.26959519254362,44.28067097874539,0.9758913993600622,0.9759137688644275,86b625b6d9ec7cb7b175bf770d43fa923a8142f3d2e68d38690815762206e99a,44.19350143359533,44.2172379201984,0.9746722390771679,0.9747732136279802,ebbecf400fca4c0e5105a092475b75e548a210282a8c62d9e43bf9cc689012e5,48.91088486510273,48.93277642226999,0.9890786683352999,0.989098600632307,52.27372725730055,52.28942843218657,0.9949496211615351,0.9949591852490306,d935339ba8b2c4e0eed11f507f0c0bd2da05ba8179178a6a5001624db9b84a87,44.08642864155261,44.09748368683614,0.9755731441174039,0.9755963841795109,3ef850aa613aef2bdb493266f1422dab61ad19b1538463b1ac65c93edadb044c,44.01464707070637,44.03792688748041,0.9743595594982079,0.9744616845020541,978cf26fd86ada48cd409c528f050ed5e486ee00652da8a74581a97f5e8e4997,-0.07609375894828929,-0.0012191602828942605,-0.0634330585469911,-0.0011405552364472937,-0.07178157084624104,-0.001213584619196073,-0.05955679935573244,-0.0011346996774568296
Beauty,29,348,2.9,c02991abca0d7c2b4274c4ef9618e9852af29b2ebb9fe8d6e67db84e14948be2,fe96404ed9d53bc74e839e979d8f5649dc06b81cc86c39a1292c383eb5122090,e9fb8a144fc64c5f86c201b139f96197216526298bc8aab2b3ac73495106d852,fe507983a584f1beed59237070ec1d557e21b435253f8f0c1f81c61488ca181b,13aaf3317b109c36e77b6a2be8fb658151ced319adff01bc79b86d3343567e8d,1179bd2893f9229152af8e31ca30b1fddb0cd5b82d35257a704d65de119a8c9a,49.684577102146534,49.7124450544962,0.9908034107922916,0.9908269258612551,53.860831885829406,53.87196709035614,0.9963690246830305,0.9963739623588728,acbaebdd9bc5ee725070d0a57203e80f3a1134c5edb709980005721586deced6,45.1114916489461,45.12657082063734,0.9828583796851499,0.9829046214776299,42363e028073e9edb676394030007260c3606a9b0216b0ffb946939616c454d1,45.23392036111845,45.267518750597375,0.9821005404388338,0.982230345249438,8cb5e4c5294b73e933842c645bdcf9d3939504b5ed9ced2e606e5ba85f339979,49.229778505408234,49.255746738613226,0.9901554773354795,0.99018265078591,53.4219328359013,53.43547812553655,0.9961835691949388,0.9961898095274438,629f8b49d087190cd7e3dca802cf06748c9e423753cfdb7c026189c943d803a8,44.87477169176707,44.89016017490404,0.9825429064703629,0.982591662498486,4569fb3b2ea782bd5a2fff9ce353acd4dc065e261e6a3e91bc2331a0562e931b,44.99022839327539,45.02329699498732,0.9817895419959172,0.9819221067366107,83b8246c746bdfdce4bc95e5e1ceeef1d48595708365025cf5832c6cab24e862,0.12242871217235063,-0.0007578392463161165,0.1409479299600349,-0.000674276228191939,0.11545670150831455,-0.0007533644744457391,0.13313682008327987,-0.0006695557618752179
Beauty,30,360,3.0,6cba024a398c475681bc7f1936b5e4f3bac5c5943184a01c9d01d8d444e52ef2,e8e52251bb577faeb8db644090887e9039c08ed6b7927b62f835cdbab2351110,85f05d78c09f31783cc5f1ec4a61e427b9e73a5c7c2e247deb5ccfd105778daa,dba92c6fcf63a81281721a876d87b30b41b86169e00675442df566ecc20f87db,c2dbb505532d1238a6b588f782a836adfc8a7de770ba35e19c4408e0a41a4324,2f4de8809552795ca34ad0fb5cc21bb71ad088f52807ed88d8e998c96d14fd91,44.34898525893061,44.358791744396456,0.96912226362572,0.969143131255275,49.51396803742128,49.53990149928095,0.990361676700163,0.9903821628598035,98f5e1c9f89d0ae95e816b4bc4ee8f9991571f3f0d95a4fcd0744faf2332c7e8,38.25414947061219,38.266646031686115,0.9042045714111749,0.9044352693552017,c026935f0ce210e18dee3c95faed902c3ee5ba6ba5cb679e5a8627a9d87a4fdf,38.340426092666135,38.356975624324974,0.9062185899028375,0.9065136735687678,51e664c782ceae6546d5b237cfb73d5213fe35493bbdff9b5b84dce05b0e6f3c,43.95853737376379,43.96629458734223,0.967054735370179,0.9670743133719202,49.076941871489915,49.100486993299754,0.9896980615678338,0.9897208372932298,878dc179d8b43eb2a3565ee5ba10fa7c01f6af6175343adb4a5b04a548c734ee,38.116319749282354,38.12807479571754,0.9030470780488251,0.9032749188437738,781bc3e5e2f6bec9479b967ccd15995e25cac0a2bd6c789fd24d0569432a83d4,38.20262632553876,38.21837066921195,0.9050960869837429,0.905388898341414,0ed5c83c83432f55346901aa90a295299ef1602c8fee1856d28f811879bb9474,0.08627662205394415,0.002014018491662606,0.09032959263885942,0.0020784042135660874,0.08630657625640481,0.002049008934917773,0.09029587349441215,0.0021139794976402504
Beauty,32,384,3.2,22e900f18ba13eb0188c75ad2780137c097915da726862eac1dec86f590bda5d,c89dbc9f6d739d91a5ac07f5e3bc32a26d0ed97ac75317f61b3f096e56253e7f,46eca2cea4481b314ef181890d96350c61f2d36f64c303e41a84f1111411f869,a6bc7ea459d771b47f36cd86688267ef3d622b0ed1f5b924f982204e2361caf8,24ddaa0dc6b7691904410c8678cb05277012f13ac7b3ee6de05fd67670b39ab4,5573c7057c0ce435bd51f2c7ba3e2ed128fd57e098d4a54de5c38ab3a9127e4c,41.814294034843876,41.826172199676456,0.945289102878709,0.9453606253030206,46.56252834318593,46.59234153440683,0.981020794770739,0.9810933986221649,422bdf032fd3c9fb29e1c405cf3bda5c0263850bcad1582eb753a5027096e888,35.72250957796092,35.73430228150591,0.8416308257628472,0.8420075885907942,4ac196560e652efe40ae4520c40151c67170316550edf86f5095601387789ac2,35.84815612534786,35.8628055136907,0.8457916185221656,0.8462235078639057,279b04287e1090252bb690befb9e02e85d781738b94a35de81f1648f614a5867,41.5050833297149,41.515153503019214,0.9423550038132698,0.9424289015530285,46.205267270176165,46.23205920270405,0.9799356013211505,0.980009464279937,67f67d0752365517444e61b09f9cd6d253f05148a47dff337bff6f3e959111a1,35.612755063742185,35.62389549132194,0.8401367142864569,0.8405132604139891,d2ed0310e75d89fa170498e6c5d6ec8804afbf18f715ee14b9dbfe654afa245a,35.73660320673029,35.75056387293835,0.8443430263356689,0.8447754713591715,631e0169b2a9263cf8e494ce578865fa77aeb34e547abf61d802359f2a467bbc,0.1256465473869426,0.004160792759318355,0.12850323218479076,0.00421591927311149,0.12384814298810198,0.004206312049212069,0.1266683816164118,0.004262210945182421
Beauty,34,408,3.4,80ce314f6a00de9d7b5a3bf97b883e30a3e7e7fe5d006032fcbb1d1c07df7cd6,4d818f36de4fddd4513f9bbd2e9ab917e77d593e7c25cf42a7fccea07ae2176c,536a001b3245d5114d27f2602a1e4d9611a27c0a2e0bf672bed0bb06b3eef2e9,097a6811408c6160dab46c0fda1ebb2b7c0d636053948cd6e2e6bf431f6b844b,b785c2630f5401cd974f5487d2ce6930ad109cb4abd83c70629792d5d81d4295,78e15325367d9810a3b300446fb495b33d3dedc7d813d9e7bd6463ec4609ee90,43.713465960860105,43.72772624264533,0.9639415378468466,0.9639894488012182,48.527625724840846,48.54467431091506,0.9876703267327421,0.9877051856965413,29bac0db8880553614bbc8af13707109eb26a42a8cdea2404380fd087c94c221,37.92324043466085,37.93585425812351,0.8965166831377237,0.896729993776832,b87eee67e089cb4e6363d2032ebc1173c34bdc973874e5fe24a0cea4d2863967,37.97732745457765,37.992782986231276,0.8982309453502463,0.898498380324615,7823f714e8ca1f55a1f1d6118424b2d7a33ed17d5df5c611a1c69ac1ee001ba5,43.36489522193694,43.377711135410195,0.9617659364196528,0.9618178162509023,48.15928637777493,48.17564900332197,0.9869709520297603,0.9870099318860381,bbfc5814fd7abb7eed5f6706dd05ce5e614a25701eb9164280d071fa24b92b16,37.794844188723474,37.807030507930804,0.8953321903650974,0.8955458098915425,d346f870313781d138f7ee1bc73a739bf349589d8f387b6f0a30fcfc09430243,37.84965122681839,37.86469431534819,0.8970769794177927,0.8973454111329824,d271d4f93b53f161671519e28b5ae74076dd5dff608e14a1b63cb2b9d0eab41b,0.05408701991679976,0.001714262212522577,0.056928728107763504,0.0017683865477829963,0.05480703809491416,0.0017447890526953724,0.057663807417384305,0.0017996012414398521
Beauty,35,420,3.5,e61ed7e5ddfe43682e4e5ac1a26fbdd99e10f7d3752c3cab49cb9243a49c0d05,c56d17b00a4864f527b5cf6f24d363c195cea9555928c9537c1b78aff67a26e6,a8e46514ae957789007f2e2e06ef2734e7c7344cf163af97c6fa5f1c6b4814d0,ab5c7bdee50fa3a3706de565bad04467e10e64932d326c3a4b8986cf383682c3,b9f5821ed714b860c853108201627ce60777ed5f3115c0c3e4d6199912282a2c,2c97717c64d995f90acf922f268b9aaea23b2126883f44abe048f53ea1101fbf,48.59281858099479,48.601931129850115,0.9878100353628254,0.9878187292261343,52.154955151036205,52.1576145855823,0.994618297246056,0.9946195624621736,f34b97bbeb5cdf52f546a271dd43436dce09e65676b38664fbc2a7c613da4790,43.6337679471654,43.64032827184066,0.9720409012444545,0.9720453927257365,f7955612eb5d6b0e51ac2b71f554ca61e118a3aeb4f47d683d7df547f5dd1a2a,43.62548037901086,43.64187066830465,0.9711180499825051,0.9711964446835669,f3baf6556aa7ca4830b14c167e3e9a0464f6f5ac35972c092443ef725a5458a1,48.24598262744643,48.254843831550495,0.9871719481603154,0.9871826493558863,51.77640346520682,51.77902704456949,0.9943706618345192,0.9943721827904832,23ec2ecf5fa4c6f8555e7040710a2149ee31c2a2d36e95cd88945870f1d70542,43.459929676784064,43.46643995149694,0.9716962859482544,0.9717009155866857,8d51c04ee20218b93e2a769ede6b861f96f0710a05de56fdb1308de6961f4a98,43.4526302639654,43.46878619059343,0.9707799214545232,0.9708588865870377,5a3e0086b4ec9d5d48a603f4eeb3f79d01c56c97ce54871ee01b1a34d1345fb7,-0.008287568154543123,-0.0009228512619494644,0.0015423964639893484,-0.0008489480421696172,-0.007299412818660755,-0.0009163644937312254,0.0023462390964894553,-0.0008420289996480257
Beauty,37,444,3.7,a1e2ae920557a0f797144766eb4628b0608f2761641daaab9d0c49aff4901f55,57f5589823c72ec04dcbf1e96c253c38d5e4bafd2c742bc1dceab02968a0751c,d5ca250a15ae22e42e3fb2dd9068181bc5396bad13b85c46b963eedd159f73b9,d49fa9f0a97a5613045216f38a5d200512a429aae633e917626357682562425b,9d8151223db6da98eb07f1e7a553fcda51a821090d8645a895f46b91499c8ed3,2054f7d7e40a77f855622faf23b7672ca16056afe7c16e2478d25d4ea9428748,49.93443456675578,49.94533830632038,0.9912955704437837,0.9913057320022464,53.59292067959907,53.59531973894696,0.9961963902730974,0.9961950906196807,c9bdc46ce4555a9bacf1e80933861eab0024a84b92be1175c6d8bca862d14cef,45.06516427097016,45.06959458256368,0.9829279919191104,0.9829207164683651,47f3c708d5eac7f7c0ea393e613a7f8c61130719050f7d24a5530a84bc653fe8,45.27905004389083,45.30184815626395,0.9824240212156238,0.9825044429648191,2fc4dbf2eef5e5a19531e259d95263a46752af4f87d6d02940631ca546d2ffa1,49.51647714553233,49.52662984784623,0.9907411728176498,0.9907515101154529,53.10657060872464,53.11078654456459,0.9959764841973553,0.9959760719931854,ecd6c7ff417f9ec2882246ffc1456b75719b1256e648046e57d3e607e22cd918,44.84425672064706,44.8490843881187,0.9826660993201198,0.9826580603067332,0e303937b32eb4cdcd80143d8bea3b2e4e792985dc5fca0d06f7e3b51cf5fc35,45.04627602878206,45.068595606628854,0.9821645788018717,0.9822440861805442,b5066fa6f1d3c64c56a0217e092e2007bf2ef91692232c3ab6d3772a2ae8568f,0.21388577292066913,-0.0005039707034866225,0.23225357370026956,-0.00041627350354600523,0.20201930813500013,-0.0005015205182481441,0.21951121851015643,-0.00041397412618904283
Beauty,39,468,3.9,f377a005d0fa653ef13581f6b0378d044039f4b8b6f95a1c588a37f41cc215fd,0021dc8f7038736e5ef3a4f3d70e20a89dc653c3b6a02fc0270f6996817974dd,e490a9d8a07e0366db269a5dfad13ce7676af387cdf1be77f0e027da528d5332,7d96f0f9ef7cf1a430ff9636d9eeaee45f1bb424c8f19ee29cc311dbd22496c9,41c2b88005b53e8ecec87554496e9f0991aa4d2fe6216ac23905d0a1da1ca959,ba3f9189c59e895a9a2f46263eb08e95a89fbd6ddb5014d7572609e18b3248f8,49.76782685457812,49.785670677341386,0.9909595517134145,0.9909755300168485,53.65493937178529,53.65799695293557,0.9962719620401098,0.9962778965905997,01364b61be7c9177d8879c377141d28a1eaf7433988b7a5f10a1f926f1e1ab72,45.0601337065671,45.065660644982685,0.9828402514260309,0.9828532567403224,7e97d45329f11bedccc0d6f74e77c8115bb190a9f1573405f580a640da40baf5,45.20977540678931,45.23387940231882,0.982260806085086,0.9823595119424238,7d945e21d33aadda587f5fd426635876fe698860c0bc14f93d7109a5cb1bb95e,49.333779445393645,49.35033882076442,0.9903446088259206,0.9903625437474275,53.16872612632434,53.170650071395144,0.9960522174978503,0.996059079910025,06ece78b8e218918126fab3902ab3ccae008315dee545688006d812809b2e7df,44.827236000061355,44.83264697711138,0.9825354752175898,0.9825494494056272,8af18ae533b91d5f0b5b3066e406eec728041c23139855793898f0dfa7e4880a,44.96906938279299,44.99215866907071,0.9819591455226014,0.9820591517409429,eee49cc193d59ef3b24fadef7f841ce7dace05f97e1c3629062b80ef74629fe1,0.14964170022221168,-0.0005794453409448952,0.16821875733613467,-0.0004937447978986542,0.14183338273163315,-0.0005763296949883312,0.1595116919593309,-0.000490297664684225
Beauty,41,492,4.1,b0ad0ee4b6df5233c4abc8788aa00dda011294f8ffa961a69920b180e712b5ab,7dcc7d42eb23847d6181d491a7a4ace572d22d1f9fc4ea5cae0813d6d7281c2c,47cf63cefca53e07d70d03cf19bd19e0baf4494a7708d2687ae709e61f746a29,51d68725b67403e87d9a597d2004fd006ec198e492abae6c049dda93d2d8292c,ce940cccb14cf032ff14fbc2495b7cca1debfcc3eab85342af6033d1940d2022,694e22d8b79928cd76bb6438fdaada5561d9a280e8f37c9dfba1ea113e48a5fb,49.82400810364328,49.83354653979876,0.9910699709118923,0.9910661003186783,53.55048306395092,53.56088681568802,0.9962115771994144,0.9962127198334852,f89d024bb7287552b38163471324a6e1867db2a7f809a9941afb0576a9bc4baa,44.54530650859855,44.54997513696999,0.9830610456524251,0.983060518109892,f8b287de93771c071ec25915bdfde441f49770796266290b95829df6ec098f99,44.93262638784059,44.951591504354305,0.982628390471413,0.9827095106351619,fec0dfef5284054c17d5d08b21fac3242d3b9cd2b9005a1f6d305611621c9813,49.37118045212618,49.37896786026478,0.9904390154570113,0.9904352501403351,53.07070567338734,53.08057188161563,0.9959936043963437,0.9959952398555165,4d8739e88a0a7dc44a5ae3992950d380475efa46b16f21d50da2a6f6ebcbc957,44.335233403580794,44.339629221438095,0.9827634645827094,0.9827622824254422,5db7677b9ab4b6f91227767b8c24e2c2721bc3f8b1c9faab3a6acc66be166e2f,44.70102590924044,44.7190078337411,0.9823304779257684,0.9824108448777044,727453ee4a5c8bdb5930f1b8472290b23dfc0ea1c720c8d675df45c69de3b0d1,0.3873198792420425,-0.0004326551810120982,0.40161636738431383,-0.00035100747473015836,0.36579250565964827,-0.00043298665694091465,0.3793786123030074,-0.00035143754773780955
Beauty,42,504,4.2,aa33a9876b3917535c223cf5497d2c6b9e13697cf0627d4afb429bbbbb96942f,580661413e989c12dee27bbab597cba507014627f2af976298de110f1f8b6704,d7c8f71e876a85f4eccc2bca8a4f7290bc679e26da484c7aa66cdc5490a29dac,cde0355a311465b51f1595d429cd7be750240f5b0a9cb3fd73481e088defcd1c,c6c49c25a466b9ea12215d28bbe05599c07a7f7a8796d1f4b405a816979a6e99,795c30fba345c891b9f97e10df6bd51e0da4d8f24ae09699cd1fc4fdf8c0ad7c,43.5964360020474,43.609361222166676,0.9630175612100202,0.9630707300593794,48.309094960221685,48.336024996293155,0.9871815753867658,0.9872297307645242,835beae96d5681d29c4bd1895a52b1ba4a3c96f3d266e30f5402aed63818975f,37.73306805833084,37.7515939337057,0.8932031332511686,0.8934213547623967,4c1194d1cf01fd80650bd06cf2cea835b585354042fd2a18d435081631cea6fa,37.81192054214654,37.83089469396012,0.8952285008204917,0.8954789220021816,2030b1fc3cbb8f2753dee3bd6fd3becc92069239802af243ba6b12327b14e0ce,43.24749203704984,43.259124107436065,0.960800917227126,0.9608578107239477,47.91644989828083,47.94106002281008,0.9864056449787397,0.9864575777959974,1d66d2d086ebd956a756fd43b58df17150d24af9bafd5ced13476543fc7e1ebe,37.60392737122091,37.621836943357565,0.8919843440823171,0.8922018667887514,e07077c9439f05920c007476357d3bd70099752993d203a9582ece04dfab1eee,37.68266077836779,37.70112454574952,0.8940441234303456,0.8942947838039187,8626cdd063581cb57a01eb35dabd5ac16d62c8a7d1927749f360a2ba6ba20a8a,0.07885248381569454,0.0020253675693230333,0.07930076025441934,0.0020575672397848965,0.07873340714687771,0.0020597793480284787,0.07928760239195753,0.0020929170151673393
Beauty,44,528,4.4,1469eeb5afc55c9f29b5590b506e9652605c5217de014cc14656a49fdd80e9a9,8c5c57d6d6bab6c48e4df8bcdf3001947d58f263125f5cd73a709ee5ceebf8fb,ccf905b642bbc1528f256c518624f59540cb689d1836d35a60e18226b48216af,eaf99a23d7e4558733214fff3c962fcd526939759994e8a90320d3e1ab47074a,2c18935b94cfe183257983b7752f4a98a2605e0e4ee5d2f40d9f2e5b677e5ffd,518f03968a4282d7fbf73b382c9d8e18a465f0a798bcaee1e1c2abb994c3ad76,43.840967587618934,43.85310394288748,0.9650870048259103,0.9651378916183763,48.323483991952536,48.32983840566668,0.9872097490330266,0.987220314025719,8fd8388de4ae136b4ec65b308862386dd2976f3e522fc25f22152e22bf76349f,37.86413719599465,37.87791598047249,0.8946621232724494,0.8948917987079442,9008c7970b829924a3ce05e7afa4787c8d2c9543fcf7aeb8cd421000a97d0a87,37.94208844971258,37.9581369284504,0.8968200661138003,0.8970951141039629,45261a893ac5471bd7f1fbb2947c394ff53581a6e91c6d564c0900df9428b7e7,43.48255680884317,43.49259917117728,0.9629448981427149,0.9629968956400965,47.92758609793354,47.93281681974822,0.9864390334046785,0.9864520484349332,2f6da540512760893436113cb58d8c78e21ca051213bd7db2ea3bf3654dee5a3,37.73357004048287,37.74657071775327,0.8934358250087874,0.8936635306140001,0a0687d513f49081d44265557aed4476c89d24b2c621eb72841e9ec5b37ac55d,37.81132501967947,37.82655726134924,0.8956261264627199,0.8958995921111716,843c9bcd6aebbddf951305a30ba5a1801ace171b4cd14df4d5a9263524332fe8,0.07795125371792722,0.002157942841350846,0.08022094797791368,0.0022033153960187013,0.07775497919660523,0.0021903014539325083,0.07998654359596458,0.002236061497171593
Beauty,46,552,4.6,56aa4a382dcdfce1691a5603a83957e13e3382bcc07169611528f4e58d3eae5d,c288fc9d5d55be9ae883dc86237b52b6dcd2dad40fb2127105e4147c49e96ad7,07b69b84ecbeb5b5862976a8048a18d10447eade75b640d5ca23986c59b4763f,dfad54aea6690ebec6455cc42ad46238c5f836e405ce9daa069087679065c626,331fcd565da6afaa92851dca9a6f5dea09f7bacf366737cd31e746354267d8e1,c5646bef385ae4675a4e0d0dbb8e961dc54400873490fb5e0213517829cb5ca7,44.199260182276845,44.21120320661827,0.9680473007688787,0.9680888838967296,48.92389048819717,48.94181290081501,0.9890920609532439,0.9891148178001664,670cd04d806843a47050657bead3659040b5ec41fb1f9c00be6e6e73517f88f2,38.01284501643248,38.026289625736524,0.8974490158808849,0.8976566157908428,f565cada06ca19f2a5a31c83350d8499d827d6b6db44864d398a03c1613b3eab,38.088273023379145,38.104329729414374,0.8997749727809895,0.900039716527759,9291f48f858595b5c153644ff159c7e88ccb7b06015d2b4eb117d11d0149f128,43.820023821935585,43.83025729940121,0.9659700683603847,0.9660137691906411,48.47697122738666,48.491430600711325,0.9883379738749494,0.988364052266711,14981dcc84f6d31c5e73ffc7682aac6ab2a4ae3a93c5c1600df56a596215a131,37.878802657291615,37.89157257812431,0.8962217468961945,0.896426598761065,f21c615ec521df30d406dbc068d53ef4e0e1b2e7ab9ecc2a3ae141c4914b3be4,37.95493488291371,37.97027826589019,0.8985877151430474,0.8988499390065229,922713660b68101c5901c58ffd4e1faef96523abb86e3e8c1f26f88de335b6d0,0.07542800694666596,0.00232595690010462,0.07804010367784997,0.002383100736916277,0.07613222562209643,0.0023659682468528676,0.07870568776587561,0.0024233402454578723
Beauty,47,564,4.7,9c967c2538b0f0d27da28d6fe27698f501004fed23ba6eef26f614175f14df98,670563ce55d5ffe87b65bddbbb3c7946f155f33c2ab45e77e752e9480b7e667b,c23bbc65586241bffa38bf06b403561095b8dad09e90cde7fdc569e4c3f9a003,2e4da54383c82b50899d5effb0ae21f3db18ce1497a00eef133eefcdd9703968,59e8a92fc277ac77134278dfbba2596b61ed6b89850d779c04871c95beb38629,1abf45c5f46a7c36138d082e8f611e2444dd0031a6044a248231e878fa9f7216,49.57887668465211,49.60129167748666,0.9904572440724908,0.9904957018455472,53.7347053327216,53.7616029888888,0.9963890635867525,0.9964075691839019,ca75e44292a77503ec8258c559fcc823bcc13ef14e38de53381f1ff519082ba9,45.38025372657785,45.40480114549881,0.983111368741365,0.9831475760330498,04bbb61200e75e677e22dbd6ccf3450558e14e434e4383a7df2555820661c298,45.408455047007806,45.445923641794785,0.9823795386021402,0.982485652649765,b95dfcb2cd2773512dcfcaf36bc57a45f0b7907e3f181f665846226e26d86059,49.1613780222075,49.18229393652882,0.9898369929998437,0.989879256056249,53.251841608691976,53.275758487098734,0.9961985653995693,0.9962181302504985,c0f927e17cba40427e5dfa52fcaa6c92f7e8c366d6cb18fbbe7c90ebf788582c,45.132973259432354,45.15647484205593,0.9827897188288501,0.9828266523706355,02c51f523cfc25c22b039fcf522af2f74c90acf92c48241a94697899872051fc,45.16097609846457,45.196764025382016,0.9820604349856484,0.9821675552274659,a4c36ac037088d32694f8a5ce53005fb51cfd6a7d6ba9a26d9b2a397714c9b3d,0.028201320429957377,-0.0007318301392247317,0.04112249629597642,-0.000661923383284857,0.028002839032218674,-0.0007292838432017001,0.04028918332608811,-0.0006590971431695847
Beauty,49,588,4.9,afe2346911ea237b7b2beb55b664fb62b680be1dd10565d7324d28976ef3d7e6,64d4c0ee75fde5c6fc57cf091dcc6027bd7ce808ed74405a698e83521b09fc3e,9477e5d44c9d6238d7c98b2fd77bd471bc2c2e70cafb5ef495e35f6d06a6e614,030c8c238b6afd3ee2533e70a4ac1deb876c722c155beb707642825691595691,51ff55ca20bbe6a73ece5cbe1c98406f434fb85851c98a4129d7e9e877a83e32,5341769bc079b0333a709a731448ebbc8fea592d6e2c58b627ec0e2815c535ce,46.34173463678437,46.37416614981058,0.9804403155833697,0.9805260896879472,51.891559026972224,51.9309874467017,0.9944646838307081,0.9944976039945512,113d9b39b77aa3871279a00a8abd9f5df2812f2ef1a42dfd2592d1c55f233f97,42.45927105371918,42.50328016294932,0.9662225055606298,0.9664702146493068,3070948b542899afc3d697f2241e8c37002d7483b55bbeebe6a59182f08ba784,42.49021011496704,42.538657601944514,0.9659267060955236,0.9662232562290095,8b607d3f1010a147b9f2178e580fdebbed5584f3e9ce229626e97bfd5c929682,45.92792141447227,45.95811643109893,0.9790738948892411,0.9791642280875552,51.40970471447646,51.445059813760366,0.9941065817876832,0.994142052032302,5d46b0b81772a68f79d8b6d14b344da5d971455eb23adf8261b49624bd4b8139,42.21532091892635,42.25724610035832,0.9654809266472992,0.9657297423134942,11a67442eb9ca22af02bb30d9cfef04c73389077089b42093dd382170daec337,42.24756121580072,42.29379310224931,0.9651961976203456,0.9654940224433569,7569fa1ca2b41c462711ddc7efbdcea19f56557ff874383045bfc19b1f9e8b07,0.03093906124786372,-0.0002957994651062723,0.03537743899519086,-0.0002469584202973163,0.032240296874370244,-0.0002847290269536451,0.036547001890987474,-0.00023571987013726314
Jockey,0,0,0.0,a44fec1ae821f56673b49e178f9e62bae18b2f6a8ac668b5d256866f7b191dcf,ed7571bef1f3b39ee979667731d23b1a24380676d943fc9850fc7b6cae5ee8a7,876efaa3348f2ef169ee67c55e4777c5f11a805c3479ff90e0390f66c3db7dd7,d013cf274e3ccdb3d1dca8bb89f85618fa60e103c9b8d7f7b9e935cf93a21169,30c5b32e7db6b511fb82cee3f063606d4c2b2db998881f77ad86e38f5b3fe147,41c5b27f7d2fcd4babfa205de49fd7c96c57dbdc043ceefa72bdbe0e8504d44a,47.70402096441512,47.678455889361345,0.9886006550738302,0.988540954896509,47.428380934212164,47.398994490230336,0.9878984103951997,0.9878351906209293,22a45fbc35bcdfb57225265f4b879209c61754306049bcfb3cd92ec26fe29ea4,39.901884145530964,39.87956858146338,0.952462422668452,0.9522981386460391,fed6803f484e0a1897202bda44ac2592d7aa82a87387cf0d51bf744f6c06f715,40.492776978297336,40.478525873235604,0.9535023720091292,0.9534040454720362,bddbaa6a0ab3c5e89107613583279f93070a437f066f43d4165dfaa9d72be193,46.58915836020496,46.560486289660794,0.9871029623227935,0.9870305982831317,46.54873958599764,46.5167273050953,0.9866798098507753,0.9866055805702141,5237cb477a4c4c76c77686c9539d056b3823aa8b1cffb5e71a406507df36d21c,39.518774759521314,39.494966002935676,0.9519330838985658,0.9517636256941668,2df9ce00c1ce3c871a875e533c352f96f28cdf19e804c452f0ce192ee2ee5c57,40.064001247761816,40.04727188143299,0.9529682223380816,0.9528653115348457,0cce9ea8b6fa8b3340c81ed1e3e9e80a8bf52c282f18863c0c1f11651f4edda9,0.5908928327663716,0.0010399493406771931,0.5989572917722228,0.0011059068259970939,0.5452264882405018,0.0010351384395158592,0.5523058784973145,0.0011016858406788232
Jockey,2,24,0.2,ee31d36c72e851b9f57f063e855dc0cd12a00ee00dbc82781756873874aa0f3c,27a6ce2d3fb11a42a27e3347baec33952e6a1114561de50093b1ff9652f56375,57112426aa042297636a5797041fd4c9cea390b8ed330872b835722850068f16,7b595a8554e6c3ca2bde4856c51d04e4758cc9a5d421a5192e159b553c4a320c,3b0baae82e9f475adf024b653dff4bd9151b8f52ba5bcf8918b6370201088ab2,7bb287673ec24e332b0cfc3cda592c9fdb338ad905b4295f1d0965276e72d862,48.316557841481085,48.289389518944155,0.9904226152258895,0.9903751900873362,48.583438544323734,48.55363114614782,0.9906203241106701,0.9905672412330907,7ca442b6cc5d5f84555196c089fad400e6b1a740d725668064f18ac61b8c5181,41.14131817665884,41.116545198919496,0.968852086121505,0.9687188137906687,2645249853a23f34b93bc1d98f9fcfd93b38cf3bdf779292598a88d52cf4f8fd,41.848588507004095,41.8336932172315,0.9690007422945035,0.9689256395043064,f9deb357421d7fcfca25b4aa4f11058b4d7bac654742fe32b1510712c1644ad8,47.13696466532112,47.1068542296132,0.9891557130704968,0.9890980500438072,47.61508044653343,47.58266113080531,0.9895873703063481,0.9895254426572365,8e36eed5c9662b96914a5332f7e438aff55a4e8ed61df844151529c5ac69072b,40.68543511690747,40.65910975537758,0.9684344745288748,0.9682973934301872,e30ad64c13f211234e6e475cb195a73a13c9275aa95c76c813644ca6b5f369a6,41.331546691117715,41.31378249667097,0.9685692636929413,0.9684904903000162,2960e4d9c57dd61a9dcf12ee72b7695e684a5121700bd6a3221350df33100dcd,0.7072703303452528,0.00014865617299852918,0.7171480183120025,0.00020682571363772606,0.646111574210245,0.00013478916406650665,0.654672741293389,0.00019309686982904584
Jockey,3,36,0.3,bdab4c900f182bc77f56924e362994ad5a3d0cc67001abdb6a931c3ff8498ea4,b58f041039ea479e27ac6b6c759fd89d660d22a0d5c24406a623ef0df85844fc,6ad83cbbfe8250f81196b868712a1c455be0804b82b204549502231dcfd2b95f,2933c10398b32541d3e7c5b9ee4ad9b8f23d492ea6e4e94ea897a8904476e21a,57e38010ad9e7318724de318facb221c0a37b14b465090636426a6745571a536,2364ac4dd9f3df2ece02aff97363a57f8d12379f6aab30bd0692f5c29a2665dd,48.54931039179363,48.52160337747064,0.9907931224246712,0.9907453515400007,48.391864996549984,48.36320633007433,0.990869073315343,0.9908242979263975,8d204fdd93c1ab3b132b3ec1234bea17984569d51919698b65ff9574cf071748,41.884799767354096,41.85749309061286,0.9771813045485161,0.9770755327701316,fc5619a9c7fafb49df15d4d845fa6e95a5eeb37a02589729bbb53ecb36b57a1a,42.63471028881792,42.62049421563912,0.9767194599660717,0.9766753806550431,7c5e5a5f338d7756b88238409b3ff1fa0be9d73ebc29d2381cc82187ceffa3c3,47.39555940328961,47.36525204146722,0.9896201398605855,0.9895630475691749,47.460009263082625,47.42854668909445,0.9899283807188065,0.9898747433562546,1b250f90638b0125d58e39e46165ae8bedcd0bee33412e7606ae2650ca6d1a43,41.376193989566836,41.34742504791013,0.9768119821538329,0.9767032423598722,8b476489509a2997c26c4dc2525104433fc61b6d86828cfe47849818f5b26751,42.05159566593351,42.03408079612116,0.9763404770628951,0.9762934849885844,e829cec7736f5177440b7b6fe7ea0ef591fe4cd73a928963e9541411aad5c40f,0.7499105214638249,-0.0004618445824444706,0.7630011250262569,-0.00040015211508848125,0.6754016763666755,-0.00047150509093785153,0.6866557482110309,-0.0004097573712877889
Jockey,5,60,0.5,161cb89cd6185e5f2fa44c2876fe1da18cc1793e6c508d6e324babf1a39e6495,91996a7314549a3a928e8a4ddc1d603a8ba8d5965642fb0df1a9ab574152e928,30af50db4f1b49fe42d255cf10dea214f60a034bb2089a3d773b67b1e33aacc5,ced7ae3f1d6797394a7f8a0f288becf49cedb6a5212802e7038bab77b2765b89,88cee91f9d639ac21f754d563fa32a8704964bd441aac7747ef3b9e9b5aa7d8c,6e54c88f495815403edf04faa3389c55b614b4f67acd836413d29f76341d4764,48.90252121857205,48.87927109005353,0.9911606085901121,0.991119694831724,48.18254908565602,48.155207115608135,0.9904609558894422,0.99041530426699,5bc7683fda185725a73926e09c84fcbd36e7f0cd3d502ef051bec3464e12ef29,42.01671761906768,41.991402693452606,0.9770050386609362,0.9768946208873887,8ede6e0b44c6c5449ff251d21cb16cc0b2245e681a4e0f7c648b10b6e138f97e,42.72931764289042,42.71694275415237,0.9765161509257293,0.9764682112863946,7d2659723cf56a69cd3e978f68d14bf97c8e8f7f719e65b592153ba428dcc135,47.81775947109722,47.79228164174542,0.9901090891063561,0.9900612272867619,47.315971989066824,47.286399133117825,0.9895695099089994,0.9895160779647595,015772d1911d269b0c19a0e62f68d4d41bb9d414e44f307e2249e3d958923aa4,41.54179173905936,41.51553965850823,0.976677060420292,0.9765645234321502,b442cb9888f00b9454d851c5f3a0b9eaf39b8d296314e2c4175a9a4a20d7b902,42.18786866055095,42.17295294016249,0.9761760164174138,0.9761255951142664,c95f892294f5cb6d7b24876647653be1c0b8002784af41dd6233cf74e14b7091,0.7126000238227448,-0.0004888877352069443,0.725540060699764,-0.0004264096009940488,0.6460769214915842,-0.0005010440028782037,0.6574132816542573,-0.00043892831788372444
Jockey,7,84,0.7,daa00e83cc0afff14268b489f789d89a816df5537fd7a31c8201c81248c07fdc,444f8f3996a3f4a11b9f17b6f2c07235db844f8a9c95e901114ab71334e10d64,6a587135fcd6ccfd17c04a02b4f010ab776430b1f883b96660152084b822a68e,f984ad91d3c00d93292eae50b8a7bd8c9378f58fdd2487fa7ba47af6092ce980,b171b297c96c7ffeabedeea5659e3995fbc33d70a3d555c67c7febae351b8af8,f84977c400eac7b4271eeb6b29106ba34517f2dbfe907dd1ea9c6169a347db2c,48.57408104277362,48.54504724092887,0.9912476515971621,0.99120125482334,48.13214004055516,48.10817816451304,0.9905154335979389,0.9904655219295164,ffd720d91512718a6358c5c273944bafebe9ea8675873d8b4d8ebe09eb91535b,42.316814540916056,42.29194932699657,0.9791597682428699,0.979067974687326,a5a180985683ca6639851a790e4db099051934bd8e68fe93696da8f544b408f5,42.89965682857179,42.88854630396068,0.9783654514537593,0.9783345114510862,6d64af06bd295978411853df2fa154acfa91a03d1cf901e8655b4fbccede00eb,47.27068133416178,47.23874642312522,0.9900732982004611,0.9900175576036171,47.13057192621263,47.10533467410683,0.9894691265446403,0.9894099950821942,f0d760d30a701d3e973299722c8284ff423fc0e4828002497706203db50011c4,41.68977135221331,41.66332027635669,0.9787202961202417,0.9786253355177622,0c3476f68fb2b93d21580a6d982c3d40568f9bdeb13a9cfa33eeb2c5e53577a0,42.196908507159705,42.18198256931265,0.977914720956821,0.9778807120263378,1331cff9bd92ae70c6545c05d2ac32f4abc17adfeff033f4d999d3b034bc11ab,0.5828422876557369,-0.0007943167891105718,0.5965969769641077,-0.0007334632362397953,0.5071371549463919,-0.0008055751634207242,0.518662292955959,-0.0007446234914244565
Jockey,8,96,0.8,05b6fb615dd40a80b83199591f9c94ee6538ff664c49f180381b5d009052fb69,57ea6195400e61cf92fa96ae487c4e476841662194af9d166666b9c354a4bb32,48b556029f0ba69a45235810ad0fbdc05fb3647e1662a9fbc47fc659606754af,063a5793140f6c79f7e7f93109d98c2fc874fc4cc337a47a377ad870153cde2a,b995ab2652e32b05ac626635d783876dab4c0f47a7bd0d8633fdf597a4c15670,f0d785f30da946cad7d4f6c07906fd8332bb7e07adabea5aaa10d84ed5ebd92a,47.603746207199116,47.58324573369478,0.9889329790733018,0.9888772507969152,47.17531323897076,47.14782935216142,0.9877259288802035,0.9876636026704929,eeedfac9da89a0e378900a83ac26b41932c6acd16a0f6299bf7b306fd890e151,40.06074267475728,40.03989167894226,0.9507329077574375,0.9505558983980792,20491939d8cc7ba1dd57cbe2d5e370776fb9f2aa8bc15ee6d1087beef7692242,40.480981379283676,40.4676065645553,0.9511970822420586,0.9510727168202561,aee386854102fef3577febd6648c9d2d6105358271705d46e248c83f57c53a65,46.462855151654814,46.44159418267368,0.987586791134945,0.9875223512636033,46.27582719387,46.245873703142706,0.9864622221793824,0.9863906448301882,7bd5f4cc0b4047104a6fb8601d027ea1b7247a9ef865ee92511f9205a9749fc2,39.64908249438282,39.62729880429043,0.9502320322298865,0.9500519242091533,bdd40dc982dc2082a2153eec7783f8fec693a4381ad349549e5c224d69018376,40.03380033112877,40.01869156263578,0.9506866148066818,0.9505593582756265,09bdf10cd02813e3fc614dedb4cf6e481f1afe4f4a8987c3f228c774bb9401fe,0.42023870452639756,0.0004641744846211049,0.4277148856130353,0.000516818422176879,0.38471783674594917,0.0004545825767953149,0.39139275834534715,0.0005074340664732446
Jockey,10,120,1.0,414d3b32df5115d6254f323bf50cfd4f57616270fcb758b1608b863c8f78a882,40d5d3103f206a272d9c1e19754e991d89913934708124da497d738e02fda543,dfc7031917e1afb17ee78eb72dfbfc0ba4b545ef7584b39d508b3fe1e5124ecc,f6b82688c4cab7dcbea5e9c4fe0cd9c99a3b02197f7607b1a267ba1112405519,bdeaafd600fd220aa03700a9a48571d6d1a956442eb90e3a61af1f3f595c6b23,28f11327d454ad7b01b8b059d2aa7b821e47457c74b1e26f2adf8ffe7b55ba27,48.655690160669835,48.634444840603635,0.9914655578099142,0.9914260206517644,48.04513043659172,48.02047066573053,0.9903577930965874,0.9903131664910099,e85704b38b7a65f4e47bc551fd0c48199f0fd7f7e6165ee104e7b525df3b3b47,41.518538635336675,41.49731608310532,0.9662540940477351,0.9661360581720152,14ef50718b9e54559f7965267015879cc84c56b64bad902124c62327878f6c69,41.91419931707401,41.903604665368455,0.9660253981625643,0.965960738500431,fd21265e1ba574237647673b72eabb3ca029a404be8d7922d8f849fc2ca010f4,47.51299338228863,47.49144040539587,0.990395403523209,0.9903485130674402,47.01090798522489,46.982999219735206,0.9892045063155896,0.9891489962868216,835eef01a97a24a9fe3d6adda40ab9dca1fdacf592a1fcc2078caf09f78339ab,41.03388490188532,41.011578244028726,0.965864261304764,0.9657427967088204,e17acd07bda36446a47c243ec28971664ea5732da9d675867631622bf426684c,41.38961916162505,41.3768854101854,0.9656295951052227,0.9655619126202079,954b471c81fc8d6bb8d01f8e56139a3f28e1df28e43acefc5ce36694a67bd8b0,0.3956606817373327,-0.0002286958851708265,0.40628858226313724,-0.00017531967158423978,0.3557342597397266,-0.00023466619954126688,0.3653071661566756,-0.0001808840886124985
Jockey,12,144,1.2,c68e6c26341c014a2b8ea2974c1cfe69ee0d3c0a3b0398a39f87400f5f0245dd,91ccde3c387d21f2e14d136db2a5d3969e2e933a3cd7d1237fcb0694576abb70,2b9cf47b6a5a3e74473af9062a668fd709ce0f1d533da9c1d593aa7284817982,791639ec74e57ab21ed02ad2b74b8a6883069b5eb16ada8da0ef40728dede317,b55757128c6b439c713bbfe20f2afd1edcabef044d35143f86b3f756b1f338dc,7c178c790caf9134108cebb60859622a199d8fb46756443a5a40f8c686820836,48.53323320237173,48.50975417006414,0.991337867877734,0.9912989670754733,47.9675687750627,47.93941337404184,0.9906284602456005,0.9905759327385238,363f98c7413e18b5ecc08e32f3d009f1f31e73b03dc62ecd7d21e8cb04a7c64c,41.766159001605786,41.74470272001894,0.9687278069866284,0.9686067850182619,fa50c79b7db43ea6f3c0e5267a1747a9f17e8ac01e31d38202b73d2405e41668,42.11271215651899,42.09807632666902,0.9683743067666827,0.9682934459135565,df097b253aaee9c6c7012824a6a84d6d27ec86bd0cc3edcae3db91c388b3bbef,47.237960094363594,47.21066810828265,0.990094773172999,0.9900456667033976,46.75582657337859,46.725072618352755,0.9893386619873593,0.9892752106165272,3c41cedb6fe1487868ebb05985d82e0b54301417a05a6856c754d6bebd628a87,41.15818867336711,41.13447286411278,0.9682281436778895,0.9681013411161591,f73caaec4f30dd9b01f288bd36c34a237a78870fada3bd0bb43a752060c4a7da,41.458279760547036,41.4402115649855,0.9678631990128541,0.9677766289565036,f24098f413da36256b39d8d946617aab1b0eb27a1376cbf0aec385e9c874025d,0.3465531549132024,-0.0003535002199457349,0.3533736066500808,-0.0003133391047054346,0.30009108717992916,-0.0003649446650353383,0.30573870087272326,-0.0003247121596554603
Jockey,14,168,1.4,a2f02c5c862954e77d4b7a6eb3b9da7d093db37df0b98b3016e32a64ee1306ca,f17e05b442407bb989512f434fcc89ca572cadc88cf7e6c3e42ffe3e06a47a83,a2ef9172c21114f55b31c059cba6649241540c35126ee589295a133cfb273df1,3e496ed4879d0ee7aeb4ac9e32e7f5de258af75648ac7cc01c6be515b006c8c5,ca697de6f437adeaf08595b6fa200128d557a029311e6a3f122ffb2386601ccd,c9f08088c2ac213cf09d74089445f50fc8bb18396164588c270ceab154d7814d,49.328693259810336,49.30841568805312,0.9922423340383811,0.9922077078972357,48.463494264981776,48.44506634477384,0.9912038918943367,0.991162646898234,014196ac0d9d2c0aaeb281cb15943f65bdc4b2b132df8c848e043ba705cc4fba,42.1411876173311,42.12362215690911,0.971075670532389,0.9709543736642986,5305cb50248b484aea23aa21760e875a0ee62c005efad3923206c2188fe774ff,42.510749305560026,42.5031250921552,0.9705398465926162,0.9704678113666186,8849614310f62a9a3da68dca371363ac8a8c0eba8cfe3a20e9f10cd1d92a452b,48.06051980888469,48.03720408799104,0.9911337875968326,0.9910917931349877,47.10527492649007,47.08723300211814,0.9898858642127458,0.9898385082411071,c6167f69a09e8d20849cd6a9c0097862e8922a224f021ec257a0442e51c15c52,41.53524543775987,41.51667018443645,0.9705726811421963,0.970448940707921,d2e7b3944d5521eabcd0c0e18cf1f742ffa9b682efd14387fc34bfc19050b415,41.85187215542516,41.84190253142468,0.9700121483537557,0.9699372315236747,ac73790090c9f73f3193b62d4f06965dc4a3722f7e74dd768de50e4cf6e222cc,0.3695616882289272,-0.000535823939772806,0.37950293524609435,-0.00048656229767995995,0.3166267176652937,-0.0005605327884405931,0.3252323469882299,-0.0005117091842462562
Jockey,15,180,1.5,382166ba01306836e3608a98330afb575a1d0ba6aad7aaa1f7814afc59a5aba2,1216857bf8ef85097cdceeff5e2380b63a15273e1e997b02c81225c2f299a307,9763ae3ff56eddbe42155aebb0a4359be62ee3643c8288b2b013928f5f4a92a0,5e10c17faf813f18c468bd852797d26f1ebc76b1f0bcaa05cd916fdee155e4ad,b2b17c466fd60162a73ca339faafc40d9e7d01724c9ad256b2efc02493490dfd,35ab71f754464d49bfd04eb0c5950cc9bf6bf32091efa3aef2a10710dab0db6a,49.95914672920996,49.93578881589635,0.9928553152230867,0.9928235636786016,49.0950212996621,49.06722759868552,0.9922477951003189,0.9922035300089092,db2b435bd459364849d63361e613bb702397ea673d0d7638ed6dcfe1f3e51e44,43.53419550600178,43.510471129274535,0.982560817402165,0.9824979353704254,35923fa9f93af7195ac81d19e897bff71e63d9262351b8eed598e953bb867451,43.90541618850978,43.89912966355203,0.980961089085798,0.9809535837569937,b3146412756c940bf6baf859030e5344c18227f72a6c3bf9b221d4684d4b6a04,48.71899365002378,48.69277294572508,0.991892781413419,0.9918539499132745,47.578581418617446,47.546703792696164,0.9909553473919137,0.9908990068805538,f993f16771928ea14164638c1603f780fd15df8ed3d3d174e85468ed38bd1462,42.78045253077718,42.75432694679714,0.9820789722042392,0.9820121561516973,651d2519020d97e62939b0b6d38924453ce93a5d7cf76dacda38b855a48dbe75,43.08922027979438,43.077228978053384,0.9804497218797237,0.9804373207574301,a8827a23c3cc27652ceab86dac912eb60fd202c8af2e3bf5dcc14c67b3eef1b3,0.3712206825080031,-0.0015997283163670106,0.3886585342774964,-0.0015443516134316937,0.30876774901719983,-0.001629250324515552,0.3229020312562412,-0.0015748353942672821
Jockey,17,204,1.7,41a12ef8195f0b67fd5bfb089fe2c87e5906d6ea33f7640f9aaf91d4865fbac8,a91ebac0ce02e5f4b7e5879533214c469d53c1c309849bb3a61a317d8cf1ae6a,0343a5cd3000222d6dd4294c45981810b94c378dfe3fa7907332a15d20902e01,29a28f06d6e5f6b45e498d498814effc3f5cfcc12d768b87e0bcfc484e32e1bf,05ff3cba61d9807e4f041c76177eba9b075cee092fbfa78140cb137bc4b8653e,88775ccedcb7f8334d2663cdd479a8c2fb10078a7c0cb0efc34cb7e7c51b9810,50.21049936431588,50.1843510239451,0.9936370693220092,0.9936077257023255,49.676153577879305,49.648167506540915,0.9934827397660202,0.9934549705464616,e17a7e820935c61af8a0927ec235f004d33b82ad1bc6aecd7dbd041e93a2635a,43.952096871934636,43.9309429310375,0.9855531154727836,0.9854986949333194,b955fe3c859d5e7a198a4acf4033d043f36bf5c80d6924e8daf66655b3af92d3,44.24265586502322,44.23621343166846,0.9835062326408002,0.983498942086784,3e2937bfdbdd7e6ffad31ad0e463ff8bdadfff734bcbca9f063ff55adf57c788,48.871953493601666,48.84341347418822,0.9926334742791055,0.9925976630687131,48.05513010188194,48.023479374455434,0.99226715800531,0.9922311693094772,dfa6632d2f4102371f0bd8a0b0dea0ce260b30103294dbea36756e2b49b5d585,43.149465482176396,43.125554279646,0.985068168289209,0.9850096030499569,5d20f2d1e9d67af6ebe6b934308bcd30eaf25007dafe50867477e49083f8bb67,43.38749646199397,43.37533772590614,0.9829959548154977,0.9829843256118784,78f477f0e578de01507c644c2ed17d4eaba9f5bede9e42792f34cf3dd1406f57,0.290558993088581,-0.0020468828319833987,0.30527050063096084,-0.0019997528465354186,0.23803097981757304,-0.0020722134737112263,0.24978344626013893,-0.0020252774380784544
Jockey,19,228,1.9,b0c44735ad6049783fea9eb1a5703e4210f846d4d5ddea28b45d06c759abd6e3,9813374a7a0fd0f4100aaae3b9afb3a849c1f42fbf7d0ccf0588e8bb5237a13f,eaffb79a2a04a7b13546f17b66a0904845f1186c32d93256298a73abb4b28391,a7c107deb5419b514984646352f951c2c76c5545ae6632ecd5f97114b9fdf02b,cd53fd960e4b013c1f624850fbc85112578a2c2084c89e2b7b7f0821d36ff2e6,0acb5033b1067a309d0dee4e11d6dd6693e1451fddf6eb4de25c705eeadcaa71,50.08354498499295,50.053500880508544,0.9938721741325608,0.99384063331995,48.24433336364466,48.206712234851366,0.9926529166116551,0.9926117717284892,34cfaa69a767734fbe68716669c511e9f1ce7c70cc44b61afa026a39e9503cf7,43.62875822695763,43.59865129128529,0.984853775487756,0.9847932099803098,6acf67835be9d17f09691f5a6da2bfcfdd206cf447f524e618ae77e876a6e87b,43.949771166315585,43.93334479866582,0.9833003413926621,0.9832797336303912,0307a2a9e2c1aed6d156cbd4c476a929acd428347b8ab7fd5f9318509bd97e53,48.72792398421396,48.69453615599275,0.992916960833715,0.9928764729367637,46.63346568925049,46.59337052871795,0.9912941278097104,0.9912402355415132,8f181ee9a62b776f807fc995ae10eb953468cf585fedb49297cece31a9cba63c,42.73387906342778,42.701009409551425,0.9843277445680508,0.9842619369879723,63b4c9025e8938bd62216a5c73b6fa7e36ecea48c74514ef1b8b984e63429637,42.987601801362096,42.96551474098389,0.9827704733600945,0.98274480556295,f732f0fdc10abe9a79d0bb8fe0e505dbfefe20bcbb9ef74b6e5720adab77293e,0.3210129393579564,-0.0015534340950938974,0.3346935073805284,-0.0015134763499186077,0.2537227379343179,-0.0015572712079563455,0.264505331432467,-0.0015171314250223
Jockey,20,240,2.0,18db4bde3d0de7616db6db47ff8fc5292fed17f29c8b1c42d655379c08156bd2,02c0dfb65d56eef9ad786cdae5c8614758f15a9c7678a047684c5ba140a65dc0,974a826b4f4522d9d5fd8564684185611551dfc1e14f7f020d8c585678ff2aa9,4e4b87eef173c02d52d8419773fb2417711b97d7f1b0b6e6926164763e852834,ef605a1e212a257f29ec98250f126738f6326f3ae0b550ba7f81236118dafa87,cc3043c777f766e76f75f471c1e63ef8ba493c385a28fde7e23a6c8fdc01579d,49.99379580217617,49.967843686965885,0.9934066516610809,0.9933796249998137,48.15627483353842,48.124701352077075,0.9919665829181527,0.9919318794726869,c25b4c53b5af5033070852cfec4a34f267bea2a661d34cde6d14b44f41db1a6f,42.53596470545798,42.511883785099215,0.9728511042808313,0.9727600151713568,6ae3320190293b178aee8eb1e94d06acdddf323b3e20d13401cde2c557f3e0d4,42.813184124023145,42.799757913330154,0.9721363192379991,0.9720857563729902,41251a57fda2cea7ee86f887bb8184c3d199a6b42097c0b9fd6de4512346044f,48.730847134128894,48.701603413732606,0.992466833559539,0.9924307341543664,46.68468470732979,46.64866424162237,0.9907219158672373,0.9906741562666613,fe0dbe588dc16ed615cc652280ef735b28a7975c02fa11b72d1e946e6dc420b8,41.87581898170325,41.848932094852636,0.9723630156987447,0.9722672627961079,376899367e64a7a6e8fd5db66af02800606c31d9730340001216b529fa72a586,42.111738593501116,42.09383225508481,0.9716461635427239,0.9715912564408679,becca6d4a2e760c12dacd7825e25fa4af32a9b23d5cec6156ad08054d07d69c7,0.2772194185651671,-0.0007147850428321778,0.28787412823093916,-0.0006742587983665782,0.23591961179786836,-0.0007168521560207974,0.2449001602321772,-0.0006760063552400108
Jockey,22,264,2.2,cc19be498825c885630ff49fe9c672c5f184b21b6f0d90326db42d6382fdafb9,355ee931b77dde4f649da595e4404c004bdc1d4fa5adde3f619bcaeafda08822,86dc033f42988cbfc70f703b02715766f595e4d3dfa614f9b4abdd04560e914b,12704fd64cf0da5b141a5dd9bde33a251337ff6cbc5c7ae7ca719f8e3051d82f,5bd48b750d56006d0dedd5a71845381d0a2006e39f4090de339051f3bee13da8,3a4c41881f34d45e92ae425f9cccf7f56a556270b474fc87408c169b3691ef48,50.1059664991828,50.074937276485656,0.9941159581135913,0.9940850225848284,47.83104292036042,47.79243452210235,0.9930619413775224,0.9930183148888329,efba0d1eb2013f48471d735c1d6d7bc6fb6a64cad11b513edbb38bae7f7df03b,41.82618692295962,41.79567807379676,0.9733974042048138,0.9733034333905826,4167eeb86888fd38be59e166e9f87838391a94469e3b14eea38afc4f7575f7cb,42.407219467313,42.38572212014838,0.9732652139151338,0.9732092623566038,caa2d7dfe7a0909427b577f9810c433e7de60c73bb74f6204905ebf6f5669b80,48.8805048299358,48.846288102321935,0.9932700154869898,0.9932303276063842,46.421732580262535,46.38033965395091,0.99198255875041,0.9919268009735337,5966f2b09db31df37ebf7c562a4e212eea9160e883d1d4c982330a0b307cc320,41.260067650078646,41.22759290591195,0.9730291370697993,0.9729305523057946,fb00ee5db9d6fa2eb2cf7ba6ff6e089ad2d73cd6d05eb2a0429306c1a5097a69,41.76341080472834,41.73842160982638,0.9729081916645582,0.9728481079648336,d8715e9af74d0c4c6cfd48242a19714f052118c7a3ac9c847a4c893d85ec5ddb,0.581032544353377,-0.0001321902896800342,0.5900440463516219,-9.4171033978796e-05,0.5033431546496914,-0.00012094540524110187,0.5108287039144344,-8.244434096105202e-05
Jockey,24,288,2.4,41e65df1215a9f0005fe92c15ba094443b923600ed64d9c191a24d7cb3754fc2,d5d74670c9ea33c0f051f22bd54fa12e0f689c007a2a067754e34e9161ae40e8,4fb20e4088c9f570c6743aa13a35254bd50bb0dfab12dd94af0b0ecccc8a089c,10ceb0ccf1a93886897453d805dd010624492596bb7d1533e518570e3d997300,b457a0ac52efd2526d2f2c0186c5c1ded5dfffdc8181efb2e26d52195804a2d4,4a192298db94f3a506a25adc0884b8e54a195d917d94f6981d8678544ea09ddf,48.4643716778272,48.4357439460874,0.991070738348613,0.9910205820641773,46.095447156386456,46.06075016573267,0.9883483563859012,0.9882802191247443,a35741acef5faee44f0651a6bd4a1d00f0ced65e281c0aa145d1006ae0118fd2,39.329176127063235,39.30239735918141,0.9461981102879163,0.9460351837825623,d84819c83e20b34dfc0cafd939c8999acf77883130fb90446da4d5c12da62ed9,39.84777764745034,39.82731541754555,0.9468590117735617,0.9467402429650927,b498d46ce2f83e0ac3aa4bb31e66f3d8c09513bed1c7fae0334c62b7037a0551,47.38060310619365,47.34972192599187,0.9900265529561862,0.9899665389947421,44.865965341568774,44.82865841418445,0.9869310501351076,0.9868477979179645,dbc761fc113de00b4762d370d76afb44af6680ca0d87252ec7bbfa70d28d69bb,38.92062579945673,38.89234288469426,0.9457317040306886,0.945564034438375,5f30a17edd6c74476a9e36c24fe008e985a04a597d33b3c2911e14cb06612e8e,39.3860248591257,39.363284370219226,0.9464010766821659,0.9462779025161923,d52d65c55bae0fbf5e79747aef3855e5f667014581fb6517285b2a4f0591d58f,0.5186015203871079,0.0006609014856453488,0.5249180583641362,0.0007050591825303876,0.4653990596689681,0.0006693726514772624,0.4709414855249676,0.000713868077817259
Jockey,25,300,2.5,5dc00c9ed644c889ecef3b1481f1c13bc9818228b8d9e3205888dbc51adf562b,3a827db3970b174b80fbfce2e22fbb05bb82445eb14e4556bec41cc54f8da8b9,f8a32384db5cd0564700df98462024ec038424617133a7eaaa7b804a50d3d966,6885973c31430b8641690563ecb68ac75038ae378f2cc2a2a1bee97a62a8ac40,91711eaf0b4689568769817c960ee9ac834c1c1a39fd5e19b3c2a9c9fd89bffe,fe04ce95f869ae5dd17922d6e239ce84b4ed130b79cfb5a1cf6ee7217a0addc0,49.59873584025271,49.567053712173745,0.9936200691226175,0.9935817433332002,47.655795826144285,47.6183593683884,0.992391597671171,0.9923444598273413,e7e7bd098266bc2b50b8353996154676aa5c44dc9aa043be3fb0feed06c273cd,42.09625456290909,42.06091550605191,0.9826849071842793,0.982597243373586,e2088e30edef1f678104fbe3fc497f6e7defb91e519aeb6c4c8f06896856c8bb,42.8843767690324,42.860177931358876,0.9817787587662545,0.9817337516872843,ea04d3860f2d8973b29732ae0ff907336ab0fbb34d6537b004c702d2f24a7a9c,48.271731560221426,48.2368657147714,0.9926740667185437,0.9926263423866284,46.05654288703037,46.016557364188635,0.9911071529344059,0.9910479343824067,175e204f01bcea144db7eeedfa036a9578b8af25256c3125a79aa9262fa1e123,41.38138805770833,41.34457311507461,0.982200079443521,0.9821069304143873,fc873e761a68ba3eb93595a3b356d7436272b2b720783e34dbf956ef39581d85,42.032431824886345,42.00446959575931,0.9812993834588787,0.9812487592866855,ef34e8c1135d46a357f28f90d4cbc04d0d3eda99b449b8ae12b00ff6a04ef5cc,0.7881222061233117,-0.0009061484180247215,0.7992624253069636,-0.0008634916863017317,0.6510437671780167,-0.0009006959846422635,0.6598964806847007,-0.0008581711277018123
Jockey,27,324,2.7,9598d6fe92d657d848cb4411bba627d40508dea5666af43469a9cf92d0a3f31f,f68ba611aadc5b036611b059e42ad7709abe306ba11dca344881569800beb7a8,a0dce72ea71865d8649d23591229e451df65e0c8544e16f6fa44df07ba3dbde6,6bdf635774795e60fab7796e58fc2cdcbd6062c4e70ac60c63fa820e2333e0cd,ff608fc12d7a41d58604bc92ca32b72ecd72cdcde6be3cf5fed521222d9c1046,2055d1f5cfd566e320e2013da3df2cd41b9c71bd9a024ab796fc7e038eec5236,50.588149240529255,50.55367289020274,0.9947146105195784,0.9946815453041328,48.84128367350394,48.821850849255185,0.993885978299565,0.9938591330246158,1d48dc8887bfeac61b690c4b51a68872b5b45f99ef835c2e2e90169527b0b4ad,43.31593191239587,43.2855311309233,0.9850455403216012,0.9849821935674442,8bb364a62b7260bf53ee41872c2cd142b508780129f6cf44f912147dc6edf369,43.775730335900185,43.7567227743779,0.983860559502255,0.9838313275629927,b0733451d60ca963a2bc753a663fbef66365f372b0d613d386b3add42dbc66f7,49.17259528866815,49.13518579073384,0.9938819531399133,0.9938406889390526,47.12221397503518,47.09788516941124,0.9927885863696111,0.9927523164592453,ee62893eafc7af28ef41bc1fcfa77b767d2bf3acf1cc0ef47ceeac0baea29bcd,42.517323991979616,42.48566307227858,0.9845782874001178,0.9845105884004819,f8efb6f92fa31fe0239f2d90e6c2ecdc60f91bb4b925bc9fca66f16156af1fea,42.89355627642915,42.87113648532534,0.983399589216961,0.9833660277807709,731f5020e9703a68dfeb64b358c67bf9b1ad0bf6e1e47711aa517200a7016603,0.4597984235043171,-0.0011849808193461486,0.4711916434545955,-0.0011508660044514674,0.3762322844495358,-0.0011786981831567456,0.3854734130467605,-0.0011445606197110214
Jockey,29,348,2.9,49bd17bf65ba6e419f2d39da0e34272fac6aa8a34dfe7e53c9e80486d890b107,84ee0d28a4a40412bd66bba13a008ceb30558a3234ca2d5af5d486710f8d5d12,eb90991745a571d0b8ec475b9b20626854a6597826db52610ad2ec39351e4ac2,567ff6df7dbf9f17a509be3f526f395dfe35beacbf192e42511220bafa78c630,80331d25ebff7c3c5c75d812a7ffe746dd3f5b1c03c98efb4e2debbd10c47751,2fae80b91281b89df2874b8f5e5305510ec4f75b9d37617c252a61a4e28075f8,53.221634476970124,53.23093888747738,0.9963618498553547,0.9963581535200426,52.114446924676,52.1611719525763,0.9961958283666201,0.9961975406716906,1da59cabc57efa00d97852aa90b6ece63734fa01f6331b2764b1d87af8d993f6,46.175412858615616,46.17992207398225,0.9881465814503012,0.9881330939326204,d06a38ac0ca4041985611dbd36e66532c16c5baf1bfb15b77e8bff853df52d9e,46.22553218224348,46.241995889806724,0.9869078215122228,0.9869210870942086,74d4f317329d3e3989a47e3db51910d15aca344a24bd092b83409eda7f2b60b6,52.092281259908944,52.10263326498951,0.9959388016664088,0.9959356233756651,50.616328464249705,50.65678474955223,0.9956803872619855,0.995682877774616,e5f0740de890571ad89a7b4d4691f4a13bfd5dfbea50eca659656806cbc1360a,45.523418767751735,45.52987462360642,0.9879118258639398,0.9878987917299593,1c8d11fbc5d714b3ab70f8a24de3a89337d25d5f4a7982cf4efc280b6331d7df,45.57332948848387,45.59023133768391,0.9866696483346722,0.9866833130221805,33545ec80a1fb4f064d0cd8674841dccd979ac8c2bc63a3e8dc3f862b5102660,0.05011932362786098,-0.0012387599380784264,0.06207381582447624,-0.0012120068384118277,0.04991072073213587,-0.0012421775292675852,0.06035671407749277,-0.0012154787077788276
Jockey,30,360,3.0,061e8af50b12b3d6db68e1058c2dd7a62e7afde1148371d1e4544e9ce93c6378,be0c9477c62e47194bf782f58ede0f7d9af6fb1a2e88dc16bf66f1db3804157f,1a6e85ca6f9da15e19696c8212391dfde1a61e522c763f4cb3f03c132442092f,c37af6da015b41401befd9e122aeae928042debc346cc64091904714362b29af,670db743ecda26d288a45267ee1413aa4e8ff4c0f65915955057ad7b2ecacb6c,b40d8982dab66177df7441c125d5e49c1c37e802a86b89a9474c42335193b502,52.81905237843354,52.81570758875464,0.9957828957581422,0.9957779584640608,51.69950532127493,51.686258317383256,0.9951127029054041,0.995099143464857,f8ccc1961091dc84ed616600d3f6664ca1e0de025f918f7e38940995d302763d,44.05329616247826,44.04290069737552,0.9736895209888848,0.9736271053154079,4f34693d460a7a07f8907ad4f6f768f6b5a8fb42f52d041a66682f937699d003,44.192475947603846,44.19017878512405,0.9733287624835888,0.9732899257691736,00dd302abefdd87d894ace40e83e0151dc7255c4b553a693e87b4b6090aa8e4a,51.987865676229745,51.98169551448728,0.9954572673824396,0.9954502298486424,50.60669899833941,50.59236349171134,0.9946668561308125,0.9946523250918209,06680b5b1c1cb5ea7961e77ec19bc9cf7cf62b3e462b8fdd5d28195ad9b36f80,43.73225891472142,43.72120125238585,0.9735065282694916,0.9734431433797922,68d983df72437eb2314647e4e335400c67494f0e2105d5d5d23dca8527af8e15,43.8646373213992,43.86101896663463,0.9731404363144671,0.9731001324265205,85170c8c9f26a130f3f5a94d9931aff934d760754c828c8e9de7981683319e20,0.1391797851255845,-0.0003607585052960438,0.1472780877485249,-0.0003371795462342453,0.13237840667778045,-0.00036609195502446124,0.1398177142487782,-0.00034301095327171627
Jockey,32,384,3.2,0f6a31250c058d5a4cb17a151baf8b83ef7c54b3ba41da7f2d08d4f97bdce7dc,7fd0132376842d6f8caa94776554b9d1fb0ca7843133d05ed2a6f55a87b49f07,fcf1c0f73154e588add2ff66728d800fafa9321d5830e1fdd30a1bd2a2fdfeb0,f4185b523bd3838b7f5dc6ea4bf51a8d139646b4ee69d179ee0c53143b966da1,dbac31ba679d1249b466d1dff8e1001ed5517b5df93709375460231bbd96d3e4,2b16d94bb62b4c8956ab98fd77184aad75eb0f3487a7204e5296ef8d16d0d6e8,52.023826234296465,52.01494140190637,0.9943464020525397,0.9943410347027566,50.737382705381286,50.730036956548346,0.992346081930923,0.9923302775333075,7ff3810a8ca682f415084eb76bd75fc904a65b3dde476778f9cd6deedbd26598,41.6654732596911,41.66179164619582,0.9452810274909821,0.9452398858643506,f3329315264b832b77752a3cced2bb31660ac6fc39ea3ca87b2b0bcc356ec35b,41.725248434636065,41.724343685394146,0.9456932549142102,0.9456690654396276,f59bb791a4e34210b48da2dc1694bd7edbdf0cdb0981b38ee00f39408bb162ab,51.77504606012086,51.76527637223835,0.9941861914391504,0.9941802428299896,50.51134332723316,50.50405257588,0.9921218852842316,0.9921055456219312,962899a7ad0616cfd63240f57121ff07025339dd403e1f516a0ce217d04adbee,41.61348209774268,41.60965250417612,0.9452044641054546,0.9451635089021156,b43b140fa69a224c37408991ac18f85c7bedf94be73553924be8be518fc07ce0,41.673706609579355,41.67259421149787,0.945617788010711,0.9455936762544743,b1e9d1f61f57c12b9ce3ea2977ab45ac63fddf028fea03f4b3193e0c380bf3bd,0.05977517494496709,0.00041222742322810646,0.06255203919832297,0.00042917957527699446,0.060224511836672434,0.00041332390525639084,0.0629417073217482,0.0004301673523586791
Jockey,34,408,3.4,658eecb9d6fbb9b5d4f249172df5c765ee38c9aa06d55e3c3730ac6c58032c88,e96038982c55b61e86cb8f7cacfb24574b139e2b8bf6aaa4afa7981d51f2df38,25c6849f88127f05be6603d5d74967765653d2f76ccc977690b1c8b915fbaaab,dd02de7536be5eb41766eed66cb83e0fb38995638ce0e70b328d89c0e570d6aa,0d4e6f40d7202eca44f7cc3645ea0a2303af444ee9f198891240091e1db04e60,993b45d62a705845bf7c8dcb4847a8d4effba01a14d1c72052b84fa34f81d4d5,54.53499573526681,54.51967170159449,0.996852868080327,0.996843176148125,53.51516589859277,53.50804806321442,0.9959247176541605,0.9959173613870771,ce5dc2cd105993ae506a7bf62e3c54c8b0565563d8aa58f169bbf980acad147d,44.822357206006764,44.81772370239276,0.9738053399865381,0.9737818823079935,7d75d5b6d59fb639877c91398ed6e229da8556a26475e4fe859164a1dd25264b,44.75726193322258,44.758666592661626,0.9730450910201417,0.9730423852365492,b17d2ed53777db7ce6ad24177aef9fc44b9dd88f27ab55562a4344cfb9f09284,54.323353756448896,54.30721467599874,0.9967865298748313,0.9967764254439244,53.33277496332877,53.32484135782076,0.9958281606098098,0.9958204565548959,b0063fcaec93db73c85ceb2a57b2e1e9b474e251cec5bbdcdcc42affaa5513ae,44.772988357861536,44.768006659498724,0.9737707586581804,0.9737466982926465,2091cfd9ab0a3e47ab3bab82e1921d21a41b5f509f5abebeebf5ba04567f927a,44.708886171415585,44.70988472882598,0.9730121586623949,0.9730091376090576,39438f3e53eab37e52740be9f4f702fd1a66a13ee0ae9b5abd84228615730cb3,-0.06509527278418403,-0.0007602489663963707,-0.059057109731135427,-0.0007394970714442728,-0.06410218644595034,-0.000758599995785536,-0.05812193067274052,-0.0007375606835888782
Jockey,35,420,3.5,02cfe8325116d9cd507686fdc9068a90fd1edcb898657b6fce316e7a17427820,bc689cccfa86ecb03a8389c812a3ce919c06375db73df5101495de081b1356da,1c8df9dfad51dd6d044bbfbc37031f6bac8dbabf71045b3a27fc99759408814a,672a969f81d4a128ea89e97bc892c8d7c3264b97db3d21bda174a2a3d5523532,1c89c4ffacd25f05b90ae2be4d2fa49a45fca3a233d7b85c42bc78a6bf28ea37,e8c50384c3c46fc83262caf86bc459c8750e098d5328bcd7906c9630c63b20a9,56.2023188125867,56.18683033561101,0.9978621873301016,0.9978538751829334,56.586721217119795,56.57344372598085,0.997963709835616,0.9979592009591448,0468a4cf51e1785cf8ed6dab9fd9862b6c1c92ce0afa6eeebb391bc610739fd8,48.8821074361379,48.86654385419501,0.9909406171012612,0.9909189730953689,9e81d3d2d5c69095fb398f4eadc6a97f6b9e27c5ddc5656da99dd774c8d6dd03,48.280070928332236,48.278951656105455,0.988948902093584,0.9889442228725778,c1b5c6de103e21b83c5d7944ebf65aa3406db7ed6eddb8f226dd14e9b59bb29c,55.960803017866986,55.944467710814585,0.9978037000246429,0.997794938135272,56.38892186747511,56.375878796047935,0.9979095768894874,0.9979052432835399,1b1713e93c7e0ec9a3f95a81d730240da5af647991e14526599927406580358d,48.7981338247957,48.782437526561296,0.9909038540326333,0.9908819660558968,fdec2744f3cfefdac9b08e8e668e51517fdce29f8ed9ac79b847d6d4f3951967,48.20728261645979,48.205830431555526,0.9889101994768249,0.9889052810693029,bfd0ad8438708241d8ebb8abb6a5b863b4bbf709caf88927ec5d696de14ab351,-0.6020365078056642,-0.0019917150076772527,-0.5875921980895527,-0.001974750222791144,-0.5908512083359057,-0.001993654555808355,-0.5766070950057696,-0.0019766849865939795
Jockey,37,444,3.7,b0cb23e4612bdcd1619d2368953fe2eed88e356a8aeacfa4801a8bb0564675f5,6b8b1456de2308292b301f9de30aae02af700434e208beee69dca248d2feb147,062cd1096e810cc9e644afcb5a08e623806dd072e64617b7eae48759133a1954,90f9e8c38686c8ac99042e0409e40f690ab8434e119d9a402fa5b281817de891,2e951e6719547c0c3e45679d276dd05e3d49e48d619186979bbc9e832e4d6ed9,4cb4d8cbd7b4aed56eee0bc215e85a8570ee9e78d977f0cc849e702be9f5f74c,56.231961485882714,56.213918724778395,0.997891386054268,0.9978850410140194,56.724973381666395,56.71207731857882,0.9980607330394918,0.9980552152054143,ab187573d9a54675163a4fe403414fb5141073a4f10525dc9af24bb78ed2804e,48.84366834422808,48.82922412877069,0.9911710513324863,0.991149622387668,a023cb4ee246c387319035504da8d0def6792aca0ae0a808f4d70fe5ce41dd3c,48.27258152895858,48.27197124022256,0.989232692394307,0.9892295254529726,be41fb7a480bd4e07197097c2ebf86ae5cd1a28d9b47d5c6181dc7e045e60573,55.904042746117824,55.88723782718495,0.9978129177847301,0.9978065147788299,56.41831721040588,56.403720737324846,0.9979825797730935,0.9979765880089276,fcef0276dacbd05ededf1db4584d3ba0025d138f8c4fe86c54e82f85b413671a,48.719980205616864,48.70544307091868,0.9911150545672288,0.991093267703794,72bff2b4b5dedaf86bd86c45f17ed19ff6e64a2d57dec0114ddaf11d565763f7,48.163856503967786,48.16293830808298,0.9891773780834234,0.9891741090596858,1d7a71567a10c91515e44578d3acf0996a228e6134441edb7b09e8a5c69706c0,-0.5710868152694957,-0.0019383589381792854,-0.5572528885481276,-0.0019200969346954144,-0.5561237016490779,-0.001937676483805384,-0.5425047628357049,-0.0019191586441081876
Jockey,39,468,3.9,078e8bc4597255e36dcb4f20445d8bf5d321bbfb8348e72a3a564f4acd872220,1d8120ad0576987dec8107881ade67b91524cbfdfb5fd96f4005e6f6c03985ca,143bf707ff158c3a803ead4fb8965297d6ba2d5133d83f893d06fa4df524b81e,4a004f81fe4491694197ba2f02bf74e7553a93279c8ef597669bd5b8814cfbc0,9d4b9fdebe327cb109ce3a9405e594ea0503b9cea2a44014e0ab1c05fa66cab7,fbb1a66077d8b8c80e1801117d5a910004dde2002a952f62aee97b53061960ff,56.5443201928646,56.52835019858984,0.9980123716094553,0.9980068153069473,56.95640586745845,56.949703940970764,0.9981458855017143,0.998143241934674,df5c5566f4565aae43990e0f592d47220456b6d2402334ac615cee06c5b3aa10,48.94430443340096,48.9261833582048,0.9912657086743902,0.9912377463839085,2cd06e7650d6161ebbe7e9f8c36712af981ddfb422c8342db8dae3ed209712de,48.39700212967452,48.39319001529172,0.989383876689704,0.9893724852669444,8d21fe6133ec16455157d17b14e3e352f07acade3b3e45f12368d1b9895d1078,56.29909411522753,56.282969730853935,0.9979620887004738,0.9979560692120636,56.709364373151715,56.70183403339176,0.9980882083805038,0.9980857170705445,a3895fdbca5e7a58fc53349b48744dd72be87f125f4886d07f9d868be4f6ef11,48.85478982260891,48.83668743194284,0.9912349376390287,0.9912070765825107,80c000dfe552107fbd36066df79fbe49302aa236e2ccdd7067739781735d11cd,48.31990614346921,48.315878300736266,0.9893526945825046,0.9893411897490892,57cc4485aaa9c5035d4b3414a1b1b3ffcaa091f507efdb4ac33a30d53d21ec74,-0.5473023037264397,-0.0018818319846862774,-0.5329933429130804,-0.0018652611169640565,-0.5348836791396963,-0.0018822430565240689,-0.5208091312065761,-0.0018658868334214818
Jockey,41,492,4.1,3e047d2276e7a4dd2c77b9f74170fe7feb1e85c4471021d58b8617943e194e94,55b2869365f2273b901dc2f1a59419e6ca76e5615edb4ca84290d62c79148f5e,bccda3f7557f8f2d2c487d80d2ce29a44c70227d922fb8804bc30071d0bb758b,b690f6564fea69d3262a614b89dafaf16723cc4c9c95802e22520659e373cdae,22ffa443eee111a5a3e081b3c4a60b5f6dec79a1e927edd665b1e3d0220c28f8,f145ec303bf5e24f3af40387b2a131e84182594453c77d29e16a6d6450993218,56.503668080781466,56.51997811310254,0.9980127977796523,0.9980165128352515,56.730113024731565,56.79669699668814,0.9981824861149469,0.9981998877709856,c671906e07397f34b8ef3e1389c0ba5d65d2895351214b7dd7c01acde29740fa,48.779107800034296,48.787399796568124,0.9911807453957499,0.9911787252699945,0c8c1c72019ab47ede62de4c485bf6bbf8790ad4686602542d2db6666adce366,48.26975909820581,48.28831719393797,0.9893230050614251,0.9893338413581589,8b050d9638b68e9fccbebdace96e33be57829e5e3bf93c30b61d85aadc110959,56.154927328724554,56.17900971785655,0.9979377291414262,0.9979422411225408,56.19304570801823,56.27391018360993,0.9980904555605561,0.9981124609240692,e702c991942e3ef6584e4b68984052c7aab771c166fe765c6481fbcdf8038f2d,48.61949750301491,48.632755801690514,0.9911216218843433,0.9911199116225906,d5b6f356f5d1b48aa2427932f08439879f0a72eb20a8d240d3712721f3e4de9e,48.12676417130979,48.14931537731099,0.9892607787089566,0.9892725074741282,b955b2437f9cc782fb503eec0529583aa67eb2580943bc89a2dae3dab322400c,-0.5093487018284861,-0.0018577403343247312,-0.49908260263015336,-0.0018448839118355709,-0.492733331705125,-0.001860843175386706,-0.4834404243795234,-0.001847404148462406
Jockey,42,504,4.2,f198300074bd45fdc0af7b31062e560bd88a4b9f13f2d1485628fc269de3dea4,3f5c4526751d85ea387c4033225525ae3721977172b297448315fcea572e50a3,eaec3d39577f27361e9a7abf09793cee7786f871a5118a2f77ac5a6f2902fd88,eacd2610c7341bdbdc6150283ad06194812e099e893485ae87a480ac871ae833,8a4568dd7cdd3848912fbc4e8ef79ab83c8d82adf83b16b064bb926145801414,4e52ab05a140d789a6ee948a70841e6707a65462b95e3103f6425fad7a7aa11b,53.5719689325115,53.82444900998577,0.9964660163927248,0.9965577057596691,51.83994186503091,52.186807757287134,0.9952323451167647,0.9952904233160459,410e2cda3064f480f7b396997600c635eace12cf2f2c2568da4c99b9d01d161f,43.790297124915575,44.024695383254446,0.971426628171905,0.9715276160823824,c043c99dcaff5e423b968316e6fabe211ffbebfff99c437d2ff62d4b6a93367b,43.89840677964634,44.10686491044131,0.9710031016146221,0.9711141540930659,90ee6d4073e92c56bd07dc5508df3ed483c183460a60b02b3e7d2d8e42ef8bb1,53.23999432524916,53.48636690200695,0.9963413180075624,0.9964454815953644,51.25264299633312,51.65125969430997,0.9950171838936556,0.9950853749934601,138308a90b5399aba57bf49e8aa0601602e295eb43503b66895349d70c5a72b5,43.657990517764354,43.9034368545875,0.971349622682633,0.9714499427633528,9da0e807a8ade2fbbaf5d01ad8388da29649f724bbf08c3397ce4adb21386e82,43.76311956424292,43.98338327350515,0.9709258070831132,0.9710380801093025,556dbd81ce74d319526630052982614c342c94fba68f76f1ff8a95e000481f2e,0.10810965473076806,-0.0004235265572828384,0.08216952718686343,-0.00041346198931646594,0.10512904647856658,-0.00042381559951987224,0.07994641891765042,-0.0004118626540503545
Jockey,44,528,4.4,adeb54d302cea163c6d67a6e9c7f3a7a7c893cb61311547787ba239351d05d1d,4abec283c1cafd208e17fee323e59618c409904793d78674c6ade0aa99b6a342,71d4725634c07214d7a3146d8d90d51671b8a4eaeababcdfbf29bb67890bcb29,87383480132bb59ab9880d504111cc31b083537cf5fb1fefa8afda8d1025b632,82e06c3d06a44403e092b5dd57f7e55526729476a1a17d12767cbc14be9a21f7,d264388a9281014af6417903cb7846ed1234b33b6b76b96d9bd9df3640a73c2e,53.15329338531589,53.19169074336884,0.9961610131110853,0.9961859354059723,51.72270366627003,51.747898055965635,0.9950158633819426,0.9950299237296883,819919dbfbbc2efe4c1a99989a378d5e2132ec2e36e9dd04791c89202157fbad,43.489069497780655,43.50795396776597,0.9722014458593572,0.9722123816392915,af7d3c00a5dd2ba5b9302ead4e86f34eaf349b8bfa1d0e49fc086f776d307be0,43.80710325367737,43.82260355769992,0.9718065314157415,0.9718265457727178,06c1916bec1dbfde7ff60ecffa59a0e843ab77731605a06c59a07d97b7c3c49a,52.63815910054881,52.699501052193646,0.9959656970456302,0.9959984914645017,50.91680553281386,50.943422476213875,0.9947058504380677,0.9947194836007341,042de4f4c77f38785cc3929e2f18bcdfc2d477ed2eff7901db4853dafc4a1396,43.29806276214984,43.32056058608576,0.9720955050592363,0.9721066364555434,1d88de4f1de06833e7b2893f2d83b31548bcb7bd938be5e64a896fb6d5bd7b95,43.608709346165654,43.628405117515925,0.9716974881555315,0.9717183790831015,eee08071cf183b7c56725d406e49184ae7dc2c2c1a9455e6ce52dbb609ec5bff,0.3180337558967139,-0.0003949144436157237,0.31464958993394987,-0.0003858358665737027,0.3106465840158137,-0.0003980169037047787,0.3078445314301632,-0.0003882573724418581
Jockey,46,552,4.6,74a0cd74aeaa8021e64b490dcd955a8afc94c8b2da4dc3156dcd67b2a7f76171,df99751865f747a989eff5bc7902d19b21d3c940745921dadc80f9df34f2be3f,f2c74da6ef5ea607c92900f71b24de642faf64883d30c7a804ad00ce99a7fe21,aa6caaa0a5d7c7ca465c5e62820dee8c6551bb3f924826a3a2f248269f8a163b,85d699c442aebd2b4caf20ba087e452edcebd01a4a7b21c2370616c6816f5588,936490d47349158355895be5f91c5e93b4dce3904f64c5a4edd3d31514fe8fb2,52.564417228950404,52.548053585863094,0.9955702271997279,0.9955570372882991,51.3698550038675,51.35908108820405,0.9944369525904057,0.9944223870985003,7cb8b1514a19030aa3dd9ce94494ad00b489c329232b792adb220ea7d6d247e0,42.93264690049988,42.922020784281244,0.9714990010441985,0.9714502583798788,9057e01d827c289d4db4fd23ab1170150ae2616bf38817083ce2c3f897d62551,43.39337873096294,43.38841289104195,0.9712042866838955,0.9711743617542018,12ca075eecdb8dc43c22b5f0c58ff10ecf6a75a3e20686190ecfcad05e55956a,51.99989604434325,51.98396403567131,0.9952950254925171,0.9952805178877085,50.66215689119342,50.6510231793786,0.9941006523659762,0.9940856919762341,3a5ee5e63201ff8e4c49946aa0ef0cf3f81367eab82a0ee5f826153d78c24199,42.74885989335541,42.73804054201677,0.9713987574940744,0.971350038741368,4fe0946ea53dad4378f2064136fcb79db8cb82ffd5f5dc6985d61285a82a3837,43.20165405574991,43.19635479635639,0.9710956265039172,0.9710653320241937,6351f3e16bae9476b4b46d693ab4f3920efa00eacb0e9094fad9795a4f479eaa,0.4607318304630539,-0.0002947143603030389,0.46639210676070775,-0.0002758966256769524,0.452794162394504,-0.0003031309901572188,0.45831425433961925,-0.0002847067171743989
Jockey,47,564,4.7,488cd7c1fb80e466ea1e4f4dc8d33e070e51cfef0afb251afcd9500369acac4f,2f04ec66d8c63974e0436e8766841387fbf8b5bf27ae2f6f6399fb2f78308f5e,3ceae9065bfcb47510af3c685e1f591efb2477b5b49fa62b448d8ab958726fea,17e0a75db5a15a9edd19edffcb2eec3758c4f5d54d62571c35f61a4592d4d75b,d710a60aaa89ea9aa930ab64b0a3bae7abd26f51539233633e815bb5b931b06f,bb16d957d87c379d16595bf97a0ae1731cd7c9ad5d30834c6e945c0b833a3a4a,53.43918404278704,53.455663932699096,0.9964420831251593,0.9964422857495548,54.25763844665322,54.30334220925769,0.9968402145121856,0.996848732344596,0449ddcc1d809fbfe0eb7643aa07abdab17b0f672cdf3cedfbec3a98ee64a564,44.80675583109389,44.85597827463771,0.987739849774362,0.9877221799966923,1f8cba3671e76656fb37d94afa4ed0c3093bce613b816e7a9af795b5e27d30a9,45.52278896873859,45.56527819850643,0.9863702438133384,0.986371226461736,41e402bf682ac408adb3054d84b71ee19d2c987bd5efb1c34407ebffe21d4de0,52.79870244105843,52.818082436374226,0.9961830580781751,0.9961865298488066,53.6104074714731,53.66356094473722,0.9966504540376858,0.9966633888524462,46ef781f7f1b814f364500add99261ecd645fb98bfc58c0f5e25857fc6e4965c,44.60887386403773,44.65873405880544,0.9876686359992338,0.9876520453809222,b46e4eddb87687a276890cdec0ad8968237658e0683b9e6ca31df78ed0070f0e,45.3175334712434,45.35983742347401,0.9862854205740881,0.986287521903403,57b29cf8cd2b0754d04131f7a29d6035da71dbe543242225f8914164fe50f53b,0.7160331376447004,-0.0013696059610236455,0.7092999238687199,-0.0013509535349562896,0.7086596072056679,-0.0013832154251457451,0.7011033646685689,-0.0013645234775192527
Jockey,49,588,4.9,dfc2447ad7fc51e3568e19ef5eaebf3c6112643079bb4623a85f1755a0689804,c7425d6b746084be7cfe727810dc3b96d1eb6cba3f1e3d7d15a74be63cdb2745,c4ca1da1984d0748dc9154bfc9ec06a78d1a7c7a0a79a908a90fbefdde3034af,ce6df75feec49989be011da6dcdfaac84a0428dbb89f12d3d7681a3237915a03,8c9ef3585064c09beac331e788fe2a69e3c334894a8a9366dca5ce56c300aa83,d348f202aa6c044722142290a402e6627e1708c0feadd8fc0ed0210f61221cfe,53.06312857645046,53.058249011339235,0.9962491742408381,0.9962520724453732,53.527549776612375,53.55331793923039,0.9966454055923959,0.9966491911381685,a4decf6de887c601e8f0269ed48baebe5ef30bf81c2138576cc4dcfa38487a4d,46.251359690471915,46.25023729400417,0.9885206755049077,0.9885123094247702,c72092457ee5095644b63f682788284c24a30773beab15b781d806f6ed5620a3,46.526458861685036,46.53664866914828,0.9873801314724787,0.9873924276129838,db159dcd417a0516a9d403168109c5afee5a53c32c416f256dfd10307f825bfb,52.15789222112,52.15274935604494,0.9958848461415889,0.9958892495848414,52.27554900228733,52.29276398503459,0.996259624980539,0.9962646974821144,a818d34e408ea210dde5462c23989e852db1debe5fc9e09dc38fcf746dbead38,45.776049874763494,45.77410474138256,0.9883657033595151,0.9883564363561003,e345e5c5b4a133f974848d18660eec9a37bcc20453d3f5565bc678ebf3f2efc7,46.04035245616422,46.04870546105853,0.9872126619177398,0.9872237845982305,c347fd9f17a913e90cc03d62e1b32bca71760e2963c95b43a3995b6f39b737ef,0.275099171213121,-0.001140544032429025,0.2864113751441053,-0.0011198818117863496,0.2643025814007274,-0.0011530414417753043,0.27460071967597344,-0.001132651757869807
Bosphorus,0,0,0.0,4d54e214efd24d1df1a634661121ca66db148fe960059f3e0ead7d3bf1505a5f,62e562ade2ed3389184c27e3493b1937ac87da05604410b7efd03a1819a026f3,a46578d6fa16f322012851d3d22d0547d16e5d34fb2b2ea46ce25cec90e56644,907e00029a20f257774262935b250a413ca2f05c7566464e010813280febae37,bd99015188e70a2e53f5637bd474f5296f4ac7233e08c9a71db8cf6267da3975,99dcfd7331332aacaf730a42b75cf7677917d3be3390b64c0063576dc67cb907,47.935752275542676,47.91804540335009,0.9877834506783756,0.9877242265817345,47.76376166086341,47.742481230784634,0.9890190640871306,0.9889659255428778,8e048c2037748be7e38619a706a6b671619507d88c66e12691c339e0f5be10e7,40.16809626373722,40.147404089650045,0.9629887227521441,0.9628050854437066,77c27a7417e56c7a763845b917c4ba42848bb630c2f432069d03b6ebb0d8beda,41.04937522048006,41.03833803683977,0.9661160689072373,0.966044789536831,b0452a637541faae5265b04edfc00660ce4535d61f72b0150e54884d12ec88f6,47.16281113778925,47.143661225146616,0.9864985086274894,0.986432210157843,46.884752329676765,46.86270841772331,0.9878275158065105,0.9877683634858203,11ae385e25115706bc0aabfbd92cb34b5f26aa8ea48172ce316be6b01453b65b,39.88360243876418,39.86275229134734,0.962632276091511,0.9624469337976663,39e3147e917ee5be8c22a7b27e871ebf2c3212d698a814a2b7de2ba1bc40f5ba,40.68441182123367,40.672173540168906,0.965758574406558,0.9656855875526694,33c9fdc2bdeb55ca31ec4e3db30cc849a83a58036de1683500056207f053b0ae,0.8812789567428396,0.003127346155093247,0.8909339471897226,0.0032397040931244625,0.8008093824694882,0.0031262983150469603,0.8094212488215646,0.003238653755003096
Bosphorus,2,24,0.2,0370d5713a0505e896b46b64a80e75a3ff138404c82ddf0173cbbe3a6ba1e5ed,2b858056d0c5dc248932b23dda1bd8f5e9fa6c9e164998f1e86b9aeb394d38dc,5192f69276bab977558363010f398fd3c03fd43e6b33ef2f6f4430f66927d536,3f09626c72a5db71c32390dde2635408687ca26ab87c4402d7fe1ba3e758cad1,3d04830b6d67a25882d695b1e736b57b9e732fe8be5e04ef83095bae1af712d5,92d69d641fa208af21f547343fb74806c44eb528e0b308d7f9a995c3ea21c13e,48.55046137264605,48.52496398673257,0.9894467182430448,0.9893901633602034,48.339269840124615,48.311680338861215,0.9904482325859963,0.9903961411477712,bf334485f943ba0b9e39425b61b739157cc02eea266994336cf06b383dd0f197,40.93381583857982,40.90728549401014,0.9698845921345924,0.9697243273130879,b145274d1f3b67eb2752159e8b349fd161e9b864a518c4e3e7d9080b43b49cf6,41.863683555465194,41.8477732780142,0.9723469181045242,0.9722913062816808,17d6333a4a92cd4ecb49ccc5ba86fcac58437bc2c3d40627084158e3c083b626,47.7170519285077,47.68982325986613,0.9882392710111553,0.9881729194528189,47.38682613841523,47.35655627834881,0.9893414428038079,0.98928021174423,28220dba39350569b58fce638ddcac2ef8ccc8bcb0455ce2e4a51bc7e12f54e1,40.611853811115274,40.584394293953,0.9695427112831093,0.9693781880190239,5a3aa6c4ad4479e0515e796f542b3830c73f45b9c3a12425acf866e910bcf8b7,41.44552383897059,41.42737880557023,0.972006450780682,0.9719473522911247,b5cf08c27009493c50f383d076ce84265724996e4084684d55b0fb489fa3f7c7,0.9298677168853757,0.002462325969931789,0.9404877840040626,0.0025669789685929256,0.8336700278553124,0.0024637394975727256,0.8429845116172316,0.0025691642721008545
Bosphorus,3,36,0.3,9883ad83ab0ac66c0191bfd0ad6dc2347abacb1ce389711cabd12cb7285ed0eb,8c4af2898c021927c4b9cb77d683bcc58e084955ae85637f1d11ebef3815c9a4,fd5fac48e5b4a6680fddf15d5485e94089638efdfc2726e1aed0333d4838ce4b,34543fa603b2d387766e7fea61f1d3107e3069c05b3c8e50e3842cc88d1a2d13,624f1c5d37ea925a1e17ad93d961535797414b9b001436304d16a98986a34514,f6547847de1d22d2d48fd30b49ec57bf5f87b9ffe083a5eae74f1e463e98c124,48.3745533444381,48.348950456706355,0.9889399094502269,0.9888826419538571,48.321953863001056,48.29055663247616,0.9899726192691031,0.9899105965009728,5a72a9619e580611ebdad68ec282d48ce276ec977e502dfbaf52ca3c2c0f107f,41.04358462826064,41.01630430273901,0.9699020898991676,0.9697469817003235,cc9c31ac7a69acf599e14b6f84496787dd456b709048ff5c8fcae55a57fcb8db,41.891891631350276,41.87682268495845,0.9718421986740835,0.9717988965397532,cd8c792db91396bc9db5f7592e6e7e3489a17d81a096aa5cd82dca9fcc997980,47.575530135310274,47.54830810813076,0.9877381590398089,0.9876722061525407,47.362134722195364,47.32897134057229,0.9888623725156879,0.9887917522340158,908a190bd7dd211da229dfc637468d3edbf30f351e02fccd7673019470133034,40.71207215534558,40.68410141391864,0.9695487417721975,0.9693911383204791,b622b1b606ff021959ec15cca2d4891202da646f9580f75ea1de35c91e266b12,41.47139539496437,41.45419802789994,0.9714888308563965,0.9714431380009589,7279ce28d3cf7527badf49e5e07389d9946cb4389653a3657669292bb14f43cf,0.8483070030896371,0.0019401087749159052,0.8605183822194391,0.0020519148394296804,0.7593232396187872,0.0019400890841989593,0.7700966139813019,0.0020519996804798657
Bosphorus,5,60,0.5,2d18953dbccaa65e9665b0f08f987353b293b5af9b72d72d904ae0b08afa0131,f031c5210d900263c7f2f5dec641b5bde1e31f433268b0cfa3cebadd06a9c91d,293e16c69e548a83d313a0a9e8feee8d02c973048a20773c9e67ac09eb8ea4b8,be8a9aebb626bd9f0b840565eae8ef2eeee3240f81c35b9539a27a2df8305dec,95ec78b313b4929f530e1a16afbd40d0d6471f84fbb6c2f9b1fd518e4eb3d8ca,33f0464d2dc5831817d160e5e69f513ed942ef48832c387839c7fb272074c170,48.54952488012883,48.5228021370608,0.9892436709269525,0.9891868003261574,48.33695002234629,48.30847630931632,0.9898670480299664,0.989811652350357,e2e1953ad9dd9cfc537827d549e300981e1d929565f519d409d38a355caa6db4,40.852905207314066,40.82604797070445,0.9683504989164665,0.9681846640134945,7da0a9a2030d902249f73df69b16c51840c7cde2091dce54b1f896d27310f713,41.77293355378112,41.756975398698174,0.9708192410142927,0.9707554380656962,13503d16115ddd439a00f30052e06b840157df534e64e2a9f43e3bfc4aa5b0a9,47.753373206257244,47.724633688542966,0.9880974361002864,0.9880323584662676,47.44888054866351,47.4190524771977,0.9888023984056494,0.9887402830465878,ab6c3ac19988b93da7954cc196066936971c799df4cfdb03698f25b58c73f3a4,40.555873976276686,40.52840319792868,0.9680352051874926,0.9678662825930747,2d601d82855d5ff62a62985a7904ec8cad7104bb2e6c55379c42b9ea4d8c557f,41.388357413160264,41.37058606319595,0.9705012892076702,0.9704345515714293,a452fa25304956e4c8886fef64506a7e3a1eb903ad30499f342d722b7c81e62e,0.9200283464670562,0.0024687420978262153,0.9309274279937227,0.002570774052201741,0.8324834368835781,0.0024660840201775613,0.8421828652672687,0.002568268978354604
Bosphorus,7,84,0.7,224a57f4147e104f0a5f0b743a5d5399509a3037d5c680d19af74c108bbac31e,f50fe410af69bdd54677288cfecb30dffa253436e5b2f990d48b6906f7e13e4d,8ec5958b4dde1e8026178cbbbf17319ed077903f7e8360660d1cae0848dd6f19,2c04a8721bb1ba9873a35ec240d9fa3ed63de1e3c0ceda30116ea6969c574e4e,64c9386380aeb1109a666d3ff7f220370d33949a77aae3a00e3e3af5d16dae92,861ecff3e6a8668573e53d65fdff30f2e1e456e283b3d9c813e55a66124d21ed,48.494967854033604,48.46908438329948,0.9891605496942433,0.9891090974945673,48.32932488861334,48.302066516545395,0.9898971688343333,0.9898492565155306,6bd3527a39c4b3852a013ca8ed507666221ea6013c4577b861e89f6f0d39d9cd,40.86238868909941,40.83773475782926,0.9687372427308137,0.9685851676072296,609e6011f9ee401e7f606c361f8cfafdb4b030af6eb8e4c5864d7142a2024cbc,41.77281372835534,41.759313977922574,0.9710930874356585,0.9710392029765286,241d041d1d726e34263488a2dc7e25565fc99bdc78fb12d133983896be205511,47.693298923513545,47.66549033167574,0.987996901662586,0.9879380444046171,47.366525340084856,47.33741959386465,0.9887858133818866,0.9887318987279735,35615c639914b2f9bc6afbe7d8e5bc499cbd6a79a58bfccaaf7c831577578a22,40.54967044012227,40.524264088932625,0.9684044848601587,0.9682502965487565,fa3bc17ac5ea202275f1ca662d083e3a8bfc98b14a1957d412a64ef488d09fb1,41.369964395372996,41.35435512530726,0.9707612497048568,0.9707052058127399,3a72589a8ccc5fcbd3a1bf2a4e71aa260fe60cf211ff251817d319c41bb80775,0.9104250392559265,0.002355844704844734,0.9215792200933137,0.0024540353692990013,0.820293955250726,0.002356764844698045,0.8300910363746326,0.002454909263983396
Bosphorus,8,96,0.8,9c2b2ba162d4c3c92b116285b53d9a8dad9f3f08ccadfda8a8fcd9adb22bbe54,516fec1bbe2d80ada6f7a651faff5795ca95345eaddf3b202b1c651459d422a6,b12337869b58dfb52253078502a42726cbfb292340086589f2dbaea84e2a1bf0,0f3cf2aee1a6588decee12a331316de75eef9271e591840effc6fb7cb78f5d82,4eb7707bceb9b64fe69411581bba5a91e6139aa6e8deeb2a42a8702fea49da13,1dd1fdd87080724dce56ccb97eca7c07964c88a7e94ba20ca0fa5548112e5f74,48.1599610476448,48.13266224388759,0.9883437971557062,0.9882687355385747,47.88141763351511,47.84840187099122,0.9890857009454304,0.989017430592743,62a858309c888bf50328f0bd658a7f11fc597df4dc467eaf77d2133cf6d6d7e0,40.32878649672065,40.3033761424897,0.9641138261856192,0.9639284498980527,1ab1c17b6dee66ede3798a134bb69e8e694a6097eee56624b16d9926306efe2a,41.18326950352622,41.167962657061125,0.966866017121281,0.9667874058656332,3b64ce13e59305a44fbdc06acc83f2cc2ce21e6cb7c22be01885b71a17a66eac,47.394291778628954,47.36527335860014,0.987135190714532,0.9870517730066282,46.9997428569333,46.96503155412206,0.9879321751771983,0.9878540800494239,02fc0b1bf033f6cc1e405822cc8338bc337e5d21f864267624b15c7436cdbbf8,40.04548335674025,40.01917947735892,0.9637797622776928,0.9635914488290368,680353a472f31170e2025b489bf7162d841ced9026322db21caa8f83439aae4a,40.82442829144335,40.807123491900235,0.9665433187881257,0.9664617225623932,22e3344d167084c511231699a4e58df8cc64481f6d136427cd5480df3f387417,0.854483006805566,0.0027521909356617025,0.8645865145714282,0.0028589559675804566,0.7789449347030981,0.0027635565104329185,0.787944014541317,0.0028702737333563544
Bosphorus,10,120,1.0,07ca46768b60305cd3afe91a4357fa28a4b9f25f243e63d23ec7c6addf63bcad,8f19d1da012bdf447b4dd19945d697657babdd5661806f63034c077df7158672,4af5de055fb952c09a3592460e7c4a424a790c513e56198fe56bb2d3ae65272b,21156c6b782cecb715437ed698b8365d62317c4fea0bd4333e82f64db2d948f8,4211fd65341ef35b3d3f71d7fb91e2eaba40bd16468f0056054dc493d1bb8d2c,50d167aeced8cdd8da2ce9c822b96cf09000aae8881f8efecd2532135a848489,48.30063856341753,48.27524865591236,0.9887229971924758,0.9886579710442073,48.00594649319851,47.97580510255663,0.9894592174289332,0.9893981284313501,3ce1134b1dcdf89be5e50aa308c0ee151b2019a89dc18fd5b41d17366159f00f,40.751545530740586,40.72576986009268,0.967460856626483,0.9672819143681249,58f550f47fb4a255ab173b9213dccf02e52ae4a2e7aac7b5fc18e570f7e12fe3,41.5953400032243,41.580536349663994,0.9698725522630225,0.9698074772391937,41967f601a98891bcae1d313911c74e73e5a2d3bf0dace3eb12fac7158065ec3,47.521514696601784,47.49482682715907,0.9875292709374163,0.9874561831762305,47.09408590571941,47.0629253357389,0.9883067838200308,0.9882377630278822,309585ee2bb6f860a64601491d355d8cb5eab53c2bd58809ba8827f14cf4c919,40.44166866943545,40.415216428985374,0.9671287817681739,0.9669476655483716,3c12f18727b991b931a874a11cf7b6d27fb742fbd5a2dc612366fd6271bc103d,41.20493315376177,41.18831210177812,0.969547319852186,0.9694799746458657,b24b2423e470473b94c452765a5f366ad9d106a7ea7b717f3d28d6d2b27bc251,0.8437944724837152,0.0024116956365395348,0.8547664895713112,0.002525562871068754,0.7632644843263208,0.002418538084012156,0.7730956727927492,0.0025323090974940232
Bosphorus,12,144,1.2,ed85f0b16c8ca873fe4dfe98a72da4e503f0628364da0c05162aa553f7f4b9b8,96e088690bc69f9babeecd4f858ec944e3abe388555d2908010e7523ddd5f8ce,2a517c54f4e19d6884eb276e60daf747db1257307043cff90e12b9c689016c66,37c21dce4c12951383345afec99fc58edf7e6ff344018735cb5e9148d1191f85,e3613b10693ad4a47c3d0be4c7cb77c11e3de144d1857c7f7eba19b67cdecc71,7efd60f308c8dd3f08a169f8343008155a746f53cbeeba050954078643edf7a3,48.291222720655455,48.26566915601908,0.9886579677391972,0.9885918724406344,47.978614543602475,47.95011963791873,0.9892979052572155,0.9892347571669899,fd3f67828a5c6bf051e814549eef6a07f06e783298ac767675d2049e245234b3,40.644537975512385,40.622549583560996,0.9665660431630495,0.966375137471247,eb32f307ea88b664b657ae7eb0db9d85e9bc791e67110366418470f57656e779,41.513194870270524,41.500702964847264,0.9691479915151926,0.9690710534331366,ad8c34fc916abbcab1e520f1bb42c68ea9b6f41e1c51ee5240ee8fa4b1ea7a71,47.514734110015794,47.487791661305074,0.987444334658015,0.9873683958974961,47.09019781008785,47.059945474970455,0.9881509777747272,0.9880788726729142,09f8f1e000c3de23909e1a5a82801697747a7b72d5f2bbba2683607474d94603,40.344914737741455,40.322018676268534,0.9662180514215315,0.9660233158119027,6960b2020a28f914517bbbaf01c5735eeca930c0bea95a92ddb9e99dd7f9456d,41.13218817618439,41.117684027250554,0.9687947084871725,0.9687140313678775,b687117a104fde7121943a5cfb052c95b135f32e58e17893526e381e997bb3e2,0.8686568947581392,0.002581948352143093,0.8781533812862676,0.002695915961889561,0.7872734384429378,0.0025766570656410304,0.79566535098202,0.0026907155559747764
Bosphorus,14,168,1.4,4d03e351914f2638e53c927ea397cf04bacbb9b86d8eb1ea0ae6f0c5e959bb01,37395ff218b5a7a2a060cd97473729d692418b515535b10cad1b5aa392f758dc,2c723833ce4cdc1a8d735a3c7102059f676e31a0ac646a857504fb23b212bccd,9daf66ab8292fd1d98b6cc36a138a9da357063c6ccf4ad212c505eda0fcd79ff,4cf4a0956bbe357c903977fe07d8ba97a6bb5853c85487c3c99b099a5f763460,25a5d6160a0774b10558bfffd2fa4e6c82e080e2bcb01f731a5449241b1b5c34,48.38476906300706,48.35688494512506,0.9889926146429361,0.9889246274932967,47.991414170874116,47.95955260309402,0.9898681667105432,0.9898028352977849,f23357212a69738ed3e83f418d3df7465582b8d6df8ab410e47f4236ca6382fe,40.790611193947214,40.760640934498866,0.9681085937991561,0.9678989355583071,528867b2a34bfbe1f0b6686e81acc7fbbd9e7fe9b319422de1565551d9af3d4b,41.6581869648258,41.638905615038524,0.9703536562679389,0.9702577619613298,ee6aa1d247b4d3c8f095e0c37d33cda23a25653a735ab2bf91b3b5d381907679,47.5904510916678,47.56090012776276,0.9877976044236259,0.9877203018995625,47.05385514208733,47.02005155190439,0.9887138128963604,0.9886381467635136,8b8658d141d571064839638e350e3dd503a68f99eea5ae54e6fa29abff090749,40.47141953246148,40.44073538834731,0.9677596182247785,0.9675457040011701,085fe93d9ecf6af6fc0fdc6afbda2906ad8016d2545fdfdfe08cb7da5a1de0bb,41.25358366537093,41.23228970395858,0.9699999993330538,0.9698999487504493,19b62e4c12a247dde304e112d159a7b48ddc834e26c0153e0c25b6f37386a277,0.8675757708785881,0.0022450624687827547,0.8782646805396581,0.0023588264030227624,0.7821641329094504,0.002240381108275291,0.7915543156112648,0.002354244749279144
Bosphorus,15,180,1.5,f4b223640a9e937518c4f6e102e071198760b2635af44da055f1f83e86f47677,1c0c92706a3f35f2928cccde179096ac68e7838387b53d81afaba3ff76064c3e,7579e4bdf01e0b7203518b954fe474b1739ae3506b5ea53afefa7ae0f8f70fb5,809e2fbf2ebe19be97fa4e270fac12622aa68c300d012633924e0d33eb58d7dc,78e6e85473cdd2fb3ea07004164cf943f42103d9b2bbc5eafd36a7f9b4f95d8f,51dac0704d8ae57dc2c0e6033c33756cbaacaaf588278f100d77baac4101da7a,48.58015299537081,48.55122855633397,0.9894427481303468,0.9893805194932015,48.08111036600609,48.04713384131587,0.9900266194676457,0.9899659239630813,31dfdd8b45487a32e9967bc781e5ed33f6810a1f375425c432af358612bbcb59,41.11138560295203,41.08472280424568,0.9702540370764096,0.970080538568379,5d24d43b48356dbc9b32c02d5e8783d03ce2e6ad285eab3b30d1c7af32940a5d,41.97647603135124,41.96177198293594,0.9721627926775439,0.9720989217534336,4ab14e443e24a2db72199fa6be77ba5ce1acb2d3322abbd3baed16e92286fb8b,47.78247308625514,47.75219959012932,0.9883222161544064,0.9882511568681516,47.127588540402655,47.091924410287156,0.9889172273383883,0.9888474082079673,c6446c1e49cbb1d5bc632a1331e19256e61602364d25230844babf324fa13b36,40.77553661037328,40.74787792591189,0.9699166904233163,0.9697402770267107,b800b22b2829a4993ce890306345dc2b299498daafab7b8952aaff0000caa66f,41.55087035487022,41.53375749367178,0.9718203833746119,0.9717542555133472,0cee4742d232cee6439a1dbff7dc947d4855df6f3814858fb6873e172c2efab8,0.8650904283992062,0.0019087556011343487,0.8770491786902639,0.0020183831850546508,0.7753337444969404,0.0019036929512955547,0.785879567759892,0.002013978486636425
Bosphorus,17,204,1.7,294f244678fefccb065f730724a0314dd73bd7da1050ed5a41b9c809a0a3812f,1106ad5c627fb4bd6aac36fbd70a6a6aedc0084e74de9ecb89cb3f515b77c695,d691a077e71901f89c215b1f41f9bf0e5d90e583876217a36ef78265d909cd8a,305cb362ebbd61d70e176ddf3913434bd2917267f99fb7dcc7f986fd5222611c,69685fff57f19c91f8cc8155996036d52b0164b1f73b71b12ad119484d161a91,e60428ffa97ae687bb8784b5e6ee935ee807f624eb23451335a43c8c0888604b,48.59626060115179,48.56491703793278,0.9894775475294996,0.9894098797157385,48.007247080476276,47.970351573189085,0.9900216342537428,0.9899523869451744,b1b4c65d1937187d306511d5eb3fe1c2d9f99dd71d40b669690fc5d011e8755b,41.05144927464501,41.01793534418937,0.9703903183584787,0.9702097588135272,9eacca8edb4f3f7972b45e905e83b3d30e20fcb6f101da68371137d36c1ddec5,41.9606608260836,41.93986694416053,0.9724176247861118,0.9723536910590994,9711315aee3fc5f76d37dd970c28dc34bfaefd82d295f2dd0ad72dfd2b6922bf,47.79704313745901,47.76398970881485,0.9883489515757055,0.9882707309768127,47.054937264955406,47.016532058437306,0.9889124388282742,0.9888334491476483,88b0f8868da99630a506b08ff3124f00d20bbe16487e6b80dd64eeeec2346d2d,40.71712546707563,40.68294620380694,0.9700385800388776,0.9698543384488243,f21678b7ff5b2b3d3ec8de43c5345a7ef0821fba2bdb4e92017516c08cca0777,41.534249772053,41.51134559810962,0.9720669863483766,0.9719996468934694,8e57edd2c17380e53b98541dcd4cd6ff497724a12b90ee84cb6b6b69fdb43973,0.9092115514385881,0.0020273064276331576,0.9219315999711597,0.0021439322455721888,0.8171243049773693,0.0020284063094990756,0.8283993943026786,0.002145308444645111
Bosphorus,19,228,1.9,a7dfc3568c5d3d84ca499d1cb4d9ccba10015bc37abd7a5b72642732f418ebfb,bda8b8e51d701de1104380a4bce074685cdb1db3bd072c8b65abf80f790ba0d7,2ac94925d2966c8660a1cf2f38862fc158ec387cbbaad238d8066042638ab5d7,4e0e0eb95944876940a61a88bd229876bf2b1f1835aff4f6dfa3aeed56a721aa,84854828aa05b76fb4236fb86976461814e8841e962d5969ac48ad7ae09057ab,00fa9feca808f431f860a3bd20a0027c2bbb36ad031c9da911c535d2feeaa7fa,48.69449134221283,48.668179658439435,0.9897354884551361,0.9896803985470707,48.104652255722996,48.074258700664544,0.99013970021157,0.9900843656046326,4ec9a1733f20a9b4a4b44ee51920f96a8b62bc42142a9aea0a6c95d3290b2384,41.42529606872387,41.39703904568502,0.9718252742133225,0.9716739588249198,eab67a900f5639b0354312518008dce360ddd6070a9bf3c3b63955159e587ab3,42.23071624178563,42.21596251698215,0.9733233382351569,0.9732824082144802,abecaa64a03ee2ebad8639f3e84fc49a9ce605c33cd4715de8409e91530422ed,47.89650856425693,47.86828605252242,0.9886485199972375,0.9885851712775064,47.15050869835663,47.11746911710517,0.9890493297664675,0.9889843890475812,c56536bdcefbb542344baceadf22c5194a20dbae9b95768c8bea67d3064cd527,41.0691256566479,41.03991630870175,0.9714859498983858,0.9713310039223169,6532d135eb715808e4de3bb56e4c4934f42f7a3e9b3bffd1a9f1eee4adb203af,41.786073548457956,41.768717836163624,0.9729883446470513,0.972944149767177,5c433f3d7a91530b33473451bba01acfb6ca7998392fbe438a3e793c5b5a1a88,0.8054201730617621,0.0014980640218343888,0.8189234712971327,0.0016084493895603957,0.716947891810058,0.0015023947486655365,0.7288015274618758,0.0016131458448601643
Bosphorus,20,240,2.0,2cd14341b44852fe0e70bddce4692bfcf558f6be7c5330a1ad27a46545d0e944,849c79b0b2c4ddcd9ab0a12d9489e3de6001a02a3fa894a7647cc1ae7df4a776,f8b4dad6159406f8ea844844aa2253a080f6dabfc4ef612b40ff495a5ed47558,80fcb1c6b30e49ceeef2b723240be401578041646a6d6956bc1c1236378fce6f,c046521a5c813fb0b62b7f3e896a4f614ec0664cf3b84a7713f594404df291b6,4253d1c3e6ba71956760d8f1c5b2b5010bc5fc77d43e41da74b0f2d824932a90,48.54180766363512,48.516969123003726,0.9893942594779235,0.9893300523486049,47.77661818690856,47.74465578870851,0.9897456680187661,0.9896787679160574,048a4c34c37418b23fab25f91079973c47d9858da3aa19effb2c1926d0b6f6b9,40.97103295345726,40.94329729189546,0.9693836657266827,0.9692076475703519,cc6834ae2a34078531330888ba27c4ee745831d1ccfe3c65571a5fd81ad613d5,41.810176807605046,41.79461691171197,0.9714004030580843,0.9713415096041444,524614a3f452e9de8b93143d3e3cd172bae161f7976fff9581cffe002cdf22f8,47.74303444330296,47.71641910810868,0.9882561195444571,0.9881824870743615,46.82124458834178,46.78745280636007,0.9885504404987933,0.9884740953359361,2b738b76c26a09b5e7b5c32ffd391bbff98c2492ab030ad08ed1b35b3472488e,40.63182216085606,40.60329431008027,0.9690248850481199,0.9688449599386711,40378bef1f244e5957379753eb62a2f2ffe7adfa766bb1ce20410cac45191741,41.38512516491603,41.36729382863877,0.971047093438965,0.970983837366961,3536f5e5f9dda0cc0c4c7dd725e428563aabe52b5c78dda1f98a0a9e192f6663,0.8391438541477854,0.002016737331401619,0.8513196198165076,0.0021338620337925107,0.7533030040599726,0.002022208390845104,0.7639995185584993,0.002138877428289887
Bosphorus,22,264,2.2,2f504d6c774d43b3b2528d425f88f4d7bf920330c0f034d681341d1d17a24bf4,b22edd0c695826a3ab0a940ab536a507b3a775f72ef2dcd19de8358c5ea7b80e,bf017690625a89d6b21ac3407e9de451b62f0b1cb05d0bc98ecd365a226cb676,05cb9c6c3dcbb920b19f671ce9ecfcacb49ea1396fbe378d0589a88f4497f4ba,5f1fa2c656f7aa45ec21c7cc0e12b4f423a19f5a0dab116ee6bd29737c2148d6,3498758f55ea799ef76cd041a7c526de0e685a0938a9633b637b9b988bbd84f8,48.78718797704841,48.761211747749904,0.9898835899818365,0.9898197632718992,48.387527832402995,48.35801898985561,0.9905070505212094,0.9904438683555368,b85ae410cc960fae7541a00e9a58af865786da6d93ddf3421722de4fe4832eab,41.356099468468756,41.33711885857092,0.9709599602018134,0.9707943894098733,b798372157f13b16d7cafdb78034a7664984b81e16a80351307967281cb9d184,42.18504353998068,42.17825570834019,0.9727445613495981,0.9726909779246687,41d6b5d8e9f815580ef0c936caf2fb2a031e3cb51e720c5d8fd5310e17898728,48.00340953556325,47.975668118589056,0.9888153035530423,0.988743811895777,47.43918747117991,47.407169432418634,0.9894352524476807,0.9893641674931235,4615e021d36041cb1a5c8b9b4fc368cb00a7f9eff018b3dd1b77e7292727991a,41.02549059454945,41.00507303060919,0.9706380143823892,0.9704697877808929,9284a777be7481078f5ddb0d5695c902a5de41887ac5e82350d084afe1f1ade0,41.76918460092924,41.75943120257533,0.9724177195828569,0.9723614929176628,f5bfdce386044a99c38bf402dcabe9b341458999dbb55880fab2f704ada9af8b,0.828944071511927,0.0017846011477846702,0.8411368497692706,0.0018965885147954609,0.7436940063797906,0.0017797052004677738,0.754358171966139,0.00189170513676995
Bosphorus,24,288,2.4,706fd3008b175ca4141dc8cbc073a784e2afd3445cd5f3bdc8db5e1768c989f7,29ff79ed30a78ed868410ef8a29bb07319bd6ca07e05b683371a997877a240a0,d8234109f553c100649540ffe2d3afd039fddaee056e48e284fc9b366c90b37e,4b34fdea6651d03754ef991b675f145dd22e8f88f38d56da5b2790337c1ed954,4c8be478601de2b4ec4fa3143fb50ac61fbc902bf1c30fc0f3e7b9fd88458904,f7d74e27927d4501bede5e37966b82eb46e9bf623325bee66310b38ea784dafe,48.465728850921636,48.44251133237705,0.9890526165777761,0.988992642224124,47.942106581357685,47.91235760118158,0.9894312990297843,0.989369413399868,1fc13577e91a2fbaa64f42de01a83df056f5516fd3cc7e8ebadb1b2c5bfef888,40.991928568571836,40.96642100635363,0.96743285416055,0.9672574686803124,1ca488565661ae0a25a5f4e0750a44f5fd94fcfb280305209440db4f95414bd1,41.748261654513826,41.73451052376062,0.9692940746388771,0.9692334254526775,858f8eae6e9772e80bc6018f867c1700a97dabb81c55b2b9f7f95bbfdd725a61,47.73484000316259,47.710558301222235,0.9879919246182647,0.9879250663233864,47.07705881470156,47.04521372948976,0.9883496516606881,0.9882800943796977,cf716b5dc718bf13f0f7acc099615601c4ac4f67b38b25369287921e6f71c146,40.686595784894976,40.66035259649021,0.9671300552765526,0.9669520312600725,8fb90f18304f6f56040530172efc3d7e9ce121b804c1fcaa5defc0e131716af1,41.3712491882693,41.355573643951544,0.9689898848472224,0.968926965271708,1767b8b8929522f5d1a95385a40f4baf4ee9ade26cc7f4c75142e9ecdedd4f06,0.7563330859419892,0.0018612204783270414,0.7680895174069917,0.0019759567723651728,0.6846534033743268,0.0018598295706697687,0.695221047461331,0.0019749340116355096
Bosphorus,25,300,2.5,b91d1940911352edb4e90966609f6fb9d2c7af77eea48164bb5969436e04accc,fb87f133cac628913ab63c1ac48169b83d0def2a8ad4bd5d7aad827899de6ed6,ea6fcaf49a916d199c30a2175fbd82dc346ddbd82a4a1d77712c45ad3bc0f6cf,fffae249547f66d343535ad49a538238c8fae77c52a11314f5920276e041b6cb,ae5a9347432639ccf175073b2b15b5c7216cc8891830caf70877a5ee42592957,527392e44b292feb029f6492c44b017bf175cad048a6f7429fbc3844ba2ca46d,49.13104098997887,49.10889752813583,0.9905413710604132,0.9904917653694585,48.67068853900891,48.642427890845184,0.9907416776160392,0.9906918184648686,dc937530a3cbcf50940979cd444f7760a24a1c65c69d8766ab9781df9ff3b659,41.68475814508539,41.66043520809035,0.9726331340995896,0.9724881651667072,ff45c67f1412da81cb5a139cb51efd0ac08914be430b4944a5f2f7e1ee5825b6,42.52676586412821,42.516037820789435,0.9740920985270369,0.9740601043200908,4edf20e82e77b777369e0ff681ffea4ccd44e834aac48c808b32446940440f3e,48.352410279221836,48.328374625487385,0.9895661120104025,0.9895091890765569,47.7345971998837,47.70415414595297,0.9897352938637376,0.9896775936398042,79ef2d4b6e20f4646361079e2f98327770299da3f3b3376cc0c4b46db8a7777a,41.3534596993547,41.32820601795227,0.9723264977521106,0.9721784707441653,74d25042191b4c32138634c6b23699f74144c3ed31124ede744a259bd7ad0ab8,42.1092659424349,42.09601629440982,0.9737726721913301,0.9737373879151946,7ab6421ace7bccc5d0d002f8648a0e6e1158443f2f0228fa7998023634b34515,0.8420077190428188,0.0014589644274473068,0.8556026126990872,0.0015719391533836058,0.7558062430802011,0.001446174439219572,0.7678102764575527,0.0015589171710292948
Bosphorus,27,324,2.7,f514538b23f4e3e285b52b2a9e278deebc68964b7a3fe8a91a588950ff83a77c,d135faf1f98671c385a76e957d1a7472f0968b404ab3b92ee65ed171cabc0703,37ee59731552d53369b8a1e9655d9bbb183928802e9789607ac88b9cb7abd983,2c99f55392e3556d236ee3981dc4ee96d8a1090699739ba80b4cb0a32003c7dd,b11f3af7493741f970de262d6cf9a2a62363b1ef80f1b565fe8519ce0513093c,b823313ca03960bfe701b73a61bafad314f430849f1fe1fb93a0c0e8271f25c5,49.06851247221625,49.04724543467387,0.9903286194029524,0.9902816271404138,48.56242517051987,48.5381159788726,0.9904358591107479,0.9903922498819547,b60dc2396fc5884f6e0184a193d955c3f11607231192d78417a2053648c6d69a,41.663456716763754,41.640308350287555,0.9720973609422966,0.9719634132018927,65fbaaa8f5980e44372842870412df893b332c7c138a1e76da1b9777dd269af6,42.46834888176946,42.45980433919385,0.9734369266755611,0.973412609758455,d525f1c1c69fc9f65ea23c98f93d46d789192000b155549f1c2651232376b8e3,48.30424234535678,48.28047179169042,0.9893503443757883,0.9892963079634248,47.693096303422934,47.66588629361557,0.9894484502071726,0.9893969770259382,749f5d7dd538963546362433eccb06f46f514ee0d607eb709d28953134308722,41.343755420797486,41.319622605149846,0.9717920312910185,0.9716555229500007,49b4f47379b1b2d4b2c29e24e410ecafe9c8aea46fb1033f05ad95533967bd7e,42.066080751998214,42.05487265063806,0.973120193404462,0.9730931034480493,bd378cc5271f192b3197385d760769adc01986208fb29f7acafe98340e135b00,0.8048921650057039,0.0013395657332645472,0.8194959889062972,0.0014491965565622822,0.7223253312007287,0.001328162113443443,0.7352500454882147,0.0014375804980486517
Bosphorus,29,348,2.9,a3e4829fbeeed809388f8bee45bcceb894f190ed6a5545ae5aa1646743ea5af5,656a0971c5d4474b28b1b8d3b67380b44afa70a06f6b25c30295e8d03baa8528,7bca5a400c2fc04fd14046ee5ac1118c859671b7b775aa93b38d6ef54263ef7a,a0b99d8ec83911776cfc4374e9061ff5d062648ba7a8606b164b16f5c2099fb0,d7b4a38a52a1117ce69b71979fdf3740321b7d94f3a684b3809dbf2c6fb081ef,1803788853ffb8c1b05fbc473489626c90dd0f98533d9762303bb82168be5d29,49.06126691002912,49.036410326529925,0.9904040418567208,0.9903551040899812,48.538656973909454,48.51181700598935,0.9903779452571077,0.9903274196228672,920d0b7ac2902b3aa548b7889c9e74ac52ef295270ac2d0ddf70a546d7f152e7,41.647776123216815,41.62252173287247,0.9721352931518065,0.9719918362352559,09e6f52e21037ea0db5f6a6c15b5a8fdfdf37db90c2ef568bb2dd3e8c7e43878,42.45417977289268,42.442788019604585,0.9734253244473287,0.9733901685684083,0a0a1dbe2b173eace8624733b12eb19667d678ebfeac0e524c0a77c195b2912e,48.284985748747225,48.25753945301042,0.9894284202220679,0.9893719415338963,47.64340011461789,47.61344367734887,0.9894061586644652,0.9893470301596128,59f57d518abc7062408dae2eea9f0e8b33b920a6c60f83d9f7ad858ace0b9b4b,41.323789191576836,41.29736951436299,0.9718448494641764,0.9716987621651917,1e22e9a99f0ef6b65098bcf480a9569a3d6e393869a091c811555c48ecbbfb47,42.048598033372635,42.034456230427104,0.9731246411729852,0.9730867283942123,96ee2144f24686452020059f68b29818a6ebbc597e0ff50e85def3bb94a0a974,0.8064036496758646,0.001290031295522187,0.8202662867321138,0.0013983323331524522,0.7248088417957987,0.001279791708808875,0.7370867160641126,0.0013879662290205985
Bosphorus,30,360,3.0,3091ca868f1d0942e07bb24a253e4ba71ba65e38516fd522cdcd938e23b5bf7c,8b473687d76a489f5c8fcf1f1ab6555796c5235648421815874510bbd44c98cb,523d19730e62b39dcfc7941aa3bf2659c451bcb7ef2d0315cdda5b9aff7d4c6b,2ff5d93c0105fca7a9ee0ba9938da78121263aaae8eb77634e323fcbb5f30c3c,76a14b2e08fd19b8f6cf730ec22de88c4c31c24cfbce691d177519367c1c35e6,df338ce4a3f34ddc50a07fa4dd2e89712c0bd16a6b3b9800c6d3bec37af64267,49.056479529348074,49.03042159668,0.9906043256753165,0.9905505877516639,48.5129913383188,48.48346040464021,0.9907933634997889,0.9907390940572331,a0aca1298f27585f7a2e79a0a20466b505948526ba32a4449797638ec3fdbc0d,41.657258712619125,41.62997034477173,0.9724340722666134,0.972275459967448,a86c438d29246cd3edf1fb29b839f130080751ff2d8e982439da086180e2ecb8,42.46345099183655,42.450387430890764,0.9737476473972979,0.9737012772997456,c7271dbb65a08c1a96c9d5cc018832218670fc45efba89215dfecdd726b43318,48.22703774281473,48.19962191513686,0.9895489568614818,0.9894875709691102,47.53431349480573,47.502423401085366,0.9897243894979572,0.9896612347529936,27e378e2c4b562330eb2a9e35bdd02c4acdc5c9ad5d0f3bad66d1cdfffc971bf,41.301780825823926,41.27368282907051,0.972085038219435,0.9719236065101198,3aed468fd5f4b26b3a17de176b7600b66975f8ddc5fa1ce15845d33924dfbc9a,42.02066894659652,42.00518234522004,0.9733858839770441,0.9733364950424884,331eef8328b82709b07391ee8d2d984ace8cc6842c422754b5ff707111e4c9b9,0.8061922792174272,0.00131357513068453,0.8204170861190363,0.0014258173322976297,0.718888120772597,0.001300845757609026,0.7314995161495332,0.0014128885323686502
Bosphorus,32,384,3.2,aca6d7ececb2e40d648fdedc60c9cc639fb12696f79bfa426c0ef728b43784f7,cd0b9ecb43b874173db7e4681d16c7a40f395ab387cf22ac592636458e087886,e49b1204ca5fb8e4ef24459c17f50a65d9828279aec9f31f8201847f4d591e2e,3e0e0d4fa7abcc40f2abcb982fa97f788964a825183dc93eab11029a674f0cbe,52a1265743241793414046081ef78a1ccdf7a428be09a45e498e75d1dd88769b,a42bd1db4f2d841c651e99660390120a1c4433c733e3d581259922da30a7ba75,48.902974045561805,48.88406178382985,0.990065997577939,0.9900174887007378,48.09286432104268,48.064631983931115,0.9898711579020467,0.9898149068016366,12a18454cc825b95a2c0c9c957ed406a4d60417351757de5730b8dbf545df9a8,41.311531645700796,41.2887102009515,0.9690519745246426,0.9689001174474146,a361ab9b1fd79050f9410a7864429205e9815bc9c4136e0bf13185a4c4a52719,42.040424214130844,42.03031129173482,0.9703953231963753,0.9703530163253112,66b25b37f50e45d841cfbede8ddb73c995ad2d913f72af226830358b219acea3,48.12021886125855,48.0992753186606,0.98904574711532,0.988990163389611,47.16691243820081,47.13641200482262,0.9887781165404489,0.9887133845279296,e403e651f12076776cf00cdc29a87e805ce930d4a05e3581d4b48d18d33522dc,40.979459671710984,40.95575003692268,0.9687370506329495,0.9685817855003824,440f318d1b6a9158f0fe22392cdaee5f69c1a597ae5fb23640627ea1d51a46cf,41.633965876692315,41.62154945582439,0.9700765594099104,0.9700307986115675,bb0b3dd32c4046432ab275a782e9561272c525aaece1f4b721e69d2cc634d8ed,0.728892568430048,0.0013433486717326915,0.7416010907833197,0.00145289887789668,0.654506204981331,0.0013395087769609848,0.6657994189017131,0.0014490131111850602
Bosphorus,34,408,3.4,2f3973f89e0e7e82dafb1788932bd9ec587579fc6266c68c51b42024c25cb034,226ff3a321faad7f6cc868678de6a6933b01f63965d87b4651fc695b27427d57,c19a9cd06bf10ba13755f57ff096da1a0b5e02ad9989c129f2648c70c0dd503b,d1144a6940dbbd449008b2c7850c101787a8677d0d72d6e41486acf1e8248cec,d0dfe6ab7d199da233bcfa27f6fbbfb8baf06738870a148399856881082c62b3,11568dacaf8a2e79d5fca49b75c3eaae274379247181b7faf198a0470f1ca7f2,49.272639023745214,49.25509339712032,0.9908918043637803,0.9908491753269838,48.421901331661985,48.397841944485585,0.9906174171675491,0.9905703645902457,4aa563667b46383b2ef7bdcced7209e91cdc45744b6528c5ea665dda0432427c,41.73714200094914,41.71674198746154,0.9729236981772394,0.9727993870694446,8cf0e318ef6c6e2b820ec5751975548fb37ba141acde9609c87db195bf9b4b42,42.533219604951114,42.527128121707676,0.974077382526659,0.9740554754053261,a132e765cb927d34f33be5d40c6ac946ec68e1341fae5298946e388fff346ee1,48.464247291511526,48.44422133920661,0.9899241935128599,0.9898748475974762,47.442260593219785,47.415438862125356,0.9895462543781934,0.9894924633975902,a405822a3856b7ae90ce0f4492bd84e074634a5dba08e6f157aed90c9583ae39,41.385882618660155,41.364461576464684,0.9725979971642996,0.9724722679224369,da8ecf8c4795f95e62da6109a2ed9449e2b45ef3b8ef901a3e0b1affc6e2e939,42.094966219096065,42.086055028022294,0.9737382244636494,0.9737144328196287,e8438d6affc019193732fa8ff434ed3b7243fee593450929ad07067d297f1832,0.7960776040019724,0.001153684349419537,0.8103861342461371,0.0012560883358815333,0.7090836004359105,0.0011402272993498164,0.7215934515576095,0.0012421648971917554
Bosphorus,35,420,3.5,958c2877abcfda2591f8d06633a5d9870e72dd5f83b315109f3f95b48d4be6e6,de1ffd2449bc958bce3dd3cd6503386b5faafe3e258f5032d5aaebd74d8ba77e,645a4ea7d5e4265f374099d18efaf8ea5f1bf3f16883acc33b7ed137abe92646,eb0a3cfa4b6393f2fcf1a0bde675ed75e99e84b246c7d41b5de71e64adeeb809,3898b358847bb3ef007cd321e56810c7fa03e90f1a37fd86fc41309a7ae868e1,e4b272c92547d9b31e7521fc089b4618ad3c2bc85c548625ae7d3b6c508fe642,49.234137107825184,49.212349094161425,0.9907793322965076,0.9907407596876131,48.36232655923845,48.337638021098954,0.9904825432961478,0.9904416140123391,0b4637d09d2fb358fb1aaa7d642cb3f71b8a42c52d2759c04270a17b0f28eb0f,41.68817004848137,41.66268739985499,0.9725142311338845,0.9723802824746852,997888a37517fa3f56fa19f02f4ce44548bb21f2c61a7035860e061d85dba69c,42.48742133772908,42.476134280342194,0.9735952024765812,0.9735636892096519,d90c0a2d831cb6e65c2d75231f3d85d9bd8e55eb10d3d11d37fb1e7d246d8332,48.43853749684279,48.414862352128935,0.9898304235541596,0.9897854412360717,47.3779888842237,47.34984406339092,0.9894414043356101,0.9893940850187345,72df78e1b8f6b99fdbc52f306bb9cd21dbfbcac2bc4371771583a20238d06aa9,41.33590965735333,41.30949201481129,0.972169995059411,0.9720335637661877,c3fe3e91b927094cc8090b3d4251815a6eaed68b37254a017136a4a99131bb94,42.04931086910711,42.03544231754709,0.9732473261209962,0.9732133477596513,8348f79cf8eac017b1236e87e143dd08d8e179dbc5a438bd9d71f01d70409c37,0.7992512892477137,0.0010809713426966905,0.8134468804872057,0.001183406734966641,0.7134012117537836,0.0010773310615851406,0.7259503027357965,0.0011797839934636345
Bosphorus,37,444,3.7,6503e8dad10289b4caeb14c653bd9b4859b6ee86ef726bbd5035aad651c6969a,65293611b51a8bb901d0eeff85d949db8ecf1c838fcfa7ba8d5445b91e6bc1cf,1ef8748a87db43a88324d0fd5b1c3110f0bb08ae667baf3793a01040cccba969,cd40ec867fa22b4b5a767f07a287a49a2e20aaf488f31265912db450c0709a78,9458752e8c572fab58cc355a41eee4e07089afb4bed06bb3c93cf9df7771ecae,8a15f1b24958499b05c1d14fec7403fa5809af0faf324700787d4003b331a542,49.18399107450515,49.166943203190996,0.9906568946510594,0.9906214461043206,48.25356611522817,48.230270155727396,0.9902809546055761,0.9902357140423982,b2ec77a4b13ae3c5459a1ce221346f1eb0e92a68d2b606ab5541df3b9f6bdea8,41.59313414364041,41.57069861102976,0.9720208795244605,0.9718884996269453,27d44a7788dd99632036d1b423e7c7b81cc5b1ccfcaaedc09fa040270e5f54e8,42.408643921853184,42.400940180819255,0.9732399074562994,0.9732073922780228,f514cae410ed5b2df24129672c3a6b5095f43ec3f1f363d0894671e208597476,48.39864952410673,48.377935287914084,0.9897230217886024,0.9896814398641799,47.29333152379066,47.266564620742685,0.9892599342337612,0.989208187534411,5fa4430b52917992dda8bcb8ba9c234af6785bc44400e5484f103bb1fc03c529,41.24843243464557,41.22468680026773,0.9717105420787382,0.9715758378823441,e8ee1e7ae4fc904ba5861958668ad304c48f0448026f257427f9bd60563a575f,41.97982931076347,41.96900493031326,0.9729273299302307,0.9728923123891301,7a2b29f86d7e94d47a8a5b6791f4d09fdab078e62408365f1550460f4a30c6d4,0.8155097782127712,0.001219027931838923,0.8302415697894929,0.0013188926510774301,0.7313968761178984,0.0012167878514924846,0.7443181300455279,0.0013164745067859585
Bosphorus,39,468,3.9,7fe05e26d5ce57a2d4af322e2605305d41b452259352f534b74c5f6776c4e0f5,6238b7d0cd1d8b778cffa3eaed3824d373186cf220a63d7e507cc382c5fb4025,b8291104b3b3c096d04ca39a7dacd096d6df22b3c7ff2ac97b811aeab7eec28a,3b32f2c5bf63decd2842fa6995991f880c6befc6aebe7766d09bdb0f51e5e2b5,af76472b1d7d6266bf08698fd4e66bce7bb3457b49f263eb675776804b4c72b9,9994e625e90d853484a910797443b126582a256613f239a5e021510cccc074c5,49.284519255263525,49.263655019653605,0.9909742766646258,0.9909360953878174,48.20386841318986,48.18064862320096,0.9906232723133537,0.9905832800336544,2e84757f2a36a1ecfbad461e24e1300ee5ba9230cf7b8f38bffc53fb45004796,41.66565546447892,41.64572208330093,0.9731667673229497,0.9730489451859704,55c0bcbfc9448cb3ae281de8f6979be9cd567fc08628779cf343b43743a352d2,42.51412143121612,42.507958035711596,0.9743435513790977,0.9743277192854407,b802f46ae5a0e2561b3503f5f96db886f1d70efb9f7311ba27b89e0da6d59d41,48.49194654186296,48.46903399265919,0.9900426912535517,0.9899993730031265,47.24479479010694,47.2185198613391,0.989613343610607,0.9895664922298775,6550398f53a13ca70b1c47cf592c47a25fd101e5435306d5c0c4ebd881d29703,41.31689010878852,41.295783429374175,0.9728474197895038,0.9727274172698998,2c4719b99118716cbf8e8907558c428c38ff725c73c255da60668ac26ab008c7,42.0759056536647,42.066842003738756,0.9740184415390459,0.9740005500078853,49078574299bff057ac6fdb23fba5439e595ae6000511af7711cd1f3ed78d6ff,0.8484659667372014,0.0011767840561479614,0.8622359524106642,0.0012787740994703034,0.7590155448761777,0.0011710217495420894,0.7710585743645808,0.0012731327379855717
Bosphorus,41,492,4.1,4cac7c4d42bb90f84ddbf2d742028ab62e972a1103d6e37dd693889f18d605c5,ef568abb007b87c7acf5c0eb1b0541cdb74b4a6725a9acb8f2d15f53869ce181,b5ad37b076f0f3964736d0e184afbba641974b53cad0605e655a83db78980727,511dee89fca676639b547696882c7a437172d12cc5c66010834c8840e6c5e006,5ac134e466fef1b1d017e9f975fd8405033db9c74373e87f310fedf22ef12f09,3033373d12f612d248b9996dd16739da6597aa773ef1205fe7f8aba03084f16a,49.36657919004212,49.35333363101218,0.9911155676645955,0.9910881459944496,48.18107840016167,48.157935391999985,0.9906507881168544,0.990616989897464,89126af73be7c48829b55a37d07f838a75fba0e1b463a6c64e7bdae62857b91e,41.650044298850226,41.63361772541396,0.973242809732768,0.9731473267281024,513366fe26df8d67fcaf3daf16ba83b9a0148fd0811cf049eca9ff33d2232043,42.528156961125624,42.52470766926032,0.9744216569454935,0.9744182219733625,e099a88766f8e18cbdfaba28267d0a5a0a237f60b9972a6aafb2cf5e5a0f2474,48.56291097897402,48.54716422550899,0.9901935384280335,0.9901629538009146,47.19888275710908,47.17229541334804,0.989604029693438,0.9895663899809608,092190c1b0628601644ce68f0f86b0ac8dee410e901af1b3ae1d9946797123bc,41.29595776160371,41.27814751498211,0.9729090496055846,0.9728123388262558,c9a205aa42aad85d23bf9ea46813948c9feac1f6873a4dcf688a98c3eb118091,42.08150389575611,42.07495545916598,0.9740774626410067,0.9740730221011873,908e398a8b4a0ab5cf082878802cbc426d2f3ada7a0e8cc46256d2fc347b0ae6,0.8781126622753987,0.0011788472127255423,0.8910899438463602,0.0012708952452600286,0.7855461341523977,0.0011684130354221445,0.7968079441838682,0.0012606832749314512
Bosphorus,42,504,4.2,817f000353d36db29c3683e1c6c92ffd60270a059b10dcb47c20af8b43435cc1,2a7bd57a92aa8a71c9da28ec9652bb68065a5be5e4eb0f3560e8f1d1a0418a24,cb0edf4233ee386bfbfec65fa632b0a95b37c2ddc545fa13939e40ba78e7fd30,4822f0cbf5ab566d2a57cc5c9adbcd593c793b09c8231db07e3b67d40a47fc03,6cfd4c999a59c9ccb695f36b5c538165ee20e0dd4adeeca48200c5efd9054d3f,99b2904a9f4347e50eb1357740f44b678d840c2eee4e089287e1c1de61dc2346,49.083462454786265,49.06773759996629,0.9906080953058904,0.9905760513243419,48.00487822695657,47.980229758650694,0.99032982669967,0.9902871919135943,4993792752c92d582bc0ddf9b09f517379953826f9dccacd6c4cc89d126c6ea5,41.48109967747849,41.45751322586892,0.9723300922813052,0.9722087595287259,a6140749653f7d6387fafab07925a28b966609a9a5363fe011323f346dfdac95,42.33840003200402,42.329149589103054,0.9737256443707931,0.9737045440284448,206aed42802251e4ba8c2bc4a2943da73dfb322d6a36fc36fa01ddad81a36958,48.29377046725781,48.27670120994634,0.989640328179292,0.9896058222820511,47.055584706033144,47.028489607193585,0.9892487732942434,0.989199486125709,8be782585edda04d9de5ca77700b80c654158555440a472ce0b81af3ad28a1c3,41.13251354781405,41.10833808479345,0.9720082500594186,0.9718851850737531,83c2221be5e43724805cf900614ac58f33292911a0807cf7467a431fb1d60e90,41.90024724993664,41.8887733210028,0.9733991201349997,0.9733760840530382,9f64b05f3075af34cee3dfe34dc78e438038cfecab185ff77241c45a2e02acf5,0.8573003545255276,0.0013955520894879392,0.8716363632341313,0.0014957844997188774,0.767733702122591,0.001390870075581141,0.7804352362093496,0.0014908989792851157
Bosphorus,44,528,4.4,76aa94d24ddc66af2bfcfd7df447b7a847fa9c0b168d6b392789eed93497ed5e,b7992347fbe76742953ac34c7a4fde476cf8633bdc1383d38cf7d97955ad8ec9,e40ed235967d5820939111cb7062f7d78a055df6ef0f690cf0e68e7da67481b9,180633850bb84ebb5386889d9b267cdfcfc9a2b9a2c1afec9344c927ea165c36,d03f1bb78b26d077ef9e0a7d0f27ec379b2da68b1b12ab288c009daaafc24d63,43c7eb9561e08a1e3c3e86a7f4c3e9924ca67344677ff009ebcc110e27b63d6a,49.19985091255598,49.1828959214774,0.9907903245201721,0.9907521497089532,48.131300009502176,48.108203458751255,0.9903811392312866,0.9903360669378354,6118c4e5e225dec2360ebef658acea0248da899f798820b4d999752f38b96d2a,41.68422310778966,41.66412022529853,0.9731060723105026,0.9729944028712049,3c0f876255798aab70146e35e10f8f42cfaf318eb0636c7c5edcce7795187d24,42.501193619271085,42.49513366444261,0.9742961961715698,0.9742798964612337,98c25d99d96813d2150665c33e0355318b68378849601eef4ec675e22e5f0b2c,48.40417980470867,48.38480182174867,0.9898350349007264,0.9897923861506964,47.177085140133215,47.15049648447444,0.9893028362551969,0.9892497977689817,64f732bc3848c7e478472e350edfd40138bcfe101ee52e2607feb102e232bc5e,41.32685087603866,41.30552484465206,0.9727782454406299,0.9726648231147849,27298edfdffa2edbb60f5ebef268e3993e5c676a748eb88de2491ad2c89b8265,42.05716630272405,42.04815762446084,0.9739647886813696,0.9739475315067585,bf51738a9c5dee0988c65d132df008e0673cbaa19bec19f7db5a9f10fb64129a,0.8169705114814221,0.001190123861067205,0.8310134391440798,0.00128549359002883,0.7303154266853866,0.0011865432407397458,0.7426327798087797,0.0012827083919736415
Bosphorus,46,552,4.6,9bc7e682ec0a7fcc087f188a4ac3b55722840be671ec0644244d486abe57b4b1,582f9d7a7f7974e2077efa27103a8736390a8f651b9eee40b47fae9d1e8e39ce,f66be095421c6950b353f4e4f80d058fbfb52c11708b6f648fed034008a27db8,1039a7821d54d795eb935981c164b9cf1e2b6af5b8a4896e035d7208c03df598,714bf3507a9c56adb042450ab248d28ca9b6c967c217b04e8c0ee464624eccfb,91a30c575bae5033af7831df09d2f731b055129766e9e04fe62d6a94248a0c3b,49.30791898056428,49.293150615192296,0.9910822957548209,0.9910415436677372,48.27368778321902,48.24752002056541,0.9908614481835607,0.9908126162391392,ba31cc8ca19e01792e6880cd0ca53f33385ba379da4c792183635ca565751237,41.834503281896914,41.81347305170643,0.9739346275477091,0.9738251460712956,8cabb53a8793c10f6b7e2157a8b9f7238272d0bc0e384873c9aaddb49a0bff63,42.626821882469166,42.620782076126666,0.9749933994876727,0.9749848131372176,9ef7f056697825238ec545c5027a71e386203f7706f9837d2bb37cee8de8b005,48.50359710354279,48.48538893154117,0.9901436644317732,0.9900973407695103,47.319900836761434,47.290586112000874,0.9898267656568448,0.9897694573480789,8cc0c813340fbb04a1f59ec0567c957d19bbd245711d101bb7cff607eca9047f,41.47232762690268,41.44974429957979,0.9736246623711128,0.9735112028947039,3c3cbe4e3e80d841ea4dc1027108578471181c43dd546e0920d1b6bbcdd4d7da,42.18062503795877,42.17112133965209,0.9746785108697669,0.9746664022290261,093a40b5227f14be2c12769c17d7a2794c42a258747cd34fd79425e1ece33e50,0.7923186005722513,0.0010587719399636208,0.8073090244202348,0.0011596670659220765,0.7082974110560869,0.0010538484986540864,0.7213770400722979,0.0011551993343221767
Bosphorus,47,564,4.7,30de86c2fcf11aa3a8a6f4924f9bd4b1c5052fb853e134f6773db5d176126457,5143df834e21e52b410a9878f3f0bb61718372466118a47d258ff0db7186cc1c,79ed73d99a98889ca2fa8d08f2b33bec2f89e9bf13d26cb91703fd0090397b13,316ff5dd0efa85eb321c84cee43ea7f4610007c9f6969fd89365e4b461483c59,7918d542dc391649c031fc83065949758aa6f9143d55e2aec7c8627b8c92b6ed,24842d87101f7e0e39145f6dc79538a6d4b01e33d3a1bb671ced0ba1ebad4f38,49.45441319672564,49.43292185078458,0.9912697128249081,0.9912293744015002,48.349697949871214,48.32315782374809,0.9907624311584196,0.9907156105604559,9c0186e4ce70c243af83957e907617c5592161e24d5ed50dd9b67cda25149bba,42.01425322475337,41.990898727513,0.9747229895928681,0.9746092454354945,53307c5fa548e7e9ee20aad616f18e83010e3e7705c239aa9c7397db0ea2b570,42.79673027794094,42.78957541413365,0.9755398521556374,0.975532604064966,4f8ab33366da91192bb56fa1ee7b5ad8a2d4b57566b6a7d96f3cbe582507c129,48.64515011878153,48.621233164895415,0.9903751374975903,0.9903291175539689,47.38578158402668,47.35632049303196,0.9897497135288481,0.9896956931690618,834b78d859a9d65ad1ef83dedcf92c2d255b6cd537a980e8c16e2f60e6907250,41.6411146774363,41.61651458286442,0.9744029321529979,0.9742872036131055,3b80de29f7b1d2742ade357f3ba517295f64027422b49e634cb33cf78b4f159a,42.33666808254621,42.32633754258764,0.9752154735575491,0.9752063932838997,d1119edafbdb37b8bdb9dc96216148c73493db03445d25cd7103eebf854057d0,0.78247705318757,0.0008168625627693604,0.7986766866206523,0.0009233586294714602,0.6955534051099121,0.0008125414045512258,0.7098229597232191,0.0009191896707941849
Bosphorus,49,588,4.9,13f4037327a295066d8f4e3b5208463669780c2cfae4d61f3e3731aa736e0da6,72fadf0b683173eb1ec4f1484ed4afb615e351370026cc469336e1f6778158c5,759e883e78a6529a1986151cccfd998d385fcd546d4439a8dd593aa48066dcc1,3d01938ec8ae46ec08b8fdb87827a73eab6e91a721ba88dd9cd3309a1d6f1492,b9ca76c5b8575de2d1d96840cbf003bc448e20063601721b24560a81e8ea2c53,15f1e28ba2fd288e45c739801a5d4bea47a6ffd8120a9fffc8967cde295d33a6,49.649889934749474,49.62402979305666,0.9916111195539017,0.9915664878685376,48.66069412055708,48.63123622810889,0.9910723558926262,0.9910245038346263,057855035d90c577af2430f14c52379875f03fa5670c46a547e236b18658a0a1,42.18444433735045,42.16404770026482,0.9754217409594829,0.9753024692960093,db89f6a69a811797b614752d9b2bbada890b3b7f8ae473a1d13b52a12efe5dc8,42.9741627371347,42.967354349503275,0.9761563448338961,0.9761367299931104,608c72dbc6de5a079154cc7ce4bde968922f6da91b589fe4670c8a2e1fbe7b14,48.82322347456955,48.794838623923,0.9907089068091736,0.9906564678216567,47.655213868811856,47.62284517844854,0.9900459075176218,0.9899897502115332,61ae2a29e21a1eac2f847d25097a21b0dc4ac05f3527579b180b5cbc0076b2e3,41.807259334080655,41.785133274728466,0.9750963632458906,0.9749746687275264,dbf2e5d46832b32a4040c54139be477f1e361f0af6a3aa81c941c8fa6efab5d5,42.50706075932775,42.49674449684028,0.9758159468293276,0.9757939815727873,ab105b790c0d61a986a57b1c0cb9ea01abab451e8ed69380033686ef4bb83ea5,0.789718399784249,0.0007346038744132644,0.8033066492384577,0.0008342606971011302,0.6998014252470952,0.0007195835834370445,0.7116112221118129,0.0008193128452609333
